episode_id,episode_title,web_timestamp,web_seconds,image_id,image_url,caption,gallery_url,source_page_url,source_page,retrieved_utc,html_sha256,local_timestamp,alignment_status
EP-23,Hot Springs Planet Tenrei,00:01:43,103,854561,https://animehistory.org/uploads/screencaps/outlaw-star-E023-Hot-Springs-Planet-Tenrei/cap_00-01-43_0f8c.jpg,Outlaw Star Ep 23: Hot Springs Planet Tenrei @ 00:01:43,https://animehistory.org/gallery/screencaps/outlaw-star/episode-23/,https://animehistory.org/gallery/screencaps/outlaw-star/episode-23/,1,2026-10-07T01:50:27.888319+00:00,bdd6269356e330f8a182f195f8c50c0b00a19b50f6e7b0273903ebdcd5e78283,,UNVERIFIED
EP-23,Hot Springs Planet Tenrei,00:01:47,107,854562,https://animehistory.org/uploads/screencaps/outlaw-star-E023-Hot-Springs-Planet-Tenrei/cap_00-01-47_0a51.jpg,Outlaw Star Ep 23: Hot Springs Planet Tenrei @ 00:01:47,https://animehistory.org/gallery/screencaps/outlaw-star/episode-23/,https://animehistory.org/gallery/screencaps/outlaw-star/episode-23/,1,2026-10-07T01:50:27.888319+00:00,bdd6269356e330f8a182f195f8c50c0b00a19b50f6e7b0273903ebdcd5e78283,,UNVERIFIED
EP-23,Hot Springs Planet Tenrei,00:01:51,111,854563,https://animehistory.org/uploads/screencaps/outlaw-star-E023-Hot-Springs-Planet-Tenrei/cap_00-01-51_27fc.jpg,Outlaw Star Ep 23: Hot Springs Planet Tenrei @ 00:01:51,https://animehistory.org/gallery/screencaps/outlaw-star/episode-23/,https://animehistory.org/gallery/screencaps/outlaw-star/episode-23/,1,2026-10-07T01:50:27.888319+00:00,bdd6269356e330f8a182f195f8c50c0b00a19b50f6e7b0273903ebdcd5e78283,,UNVERIFIED
EP-23,Hot Springs Planet Tenrei,00:01:54,114,854564,https://animehistory.org/uploads/screencaps/outlaw-star-E023-Hot-Springs-Planet-Tenrei/cap_00-01-54_55f9.jpg,Outlaw Star Ep 23: Hot Springs Planet Tenrei @ 00:01:54,https://animehistory.org/gallery/screencaps/outlaw-star/episode-23/,https://animehistory.org/gallery/screencaps/outlaw-star/episode-23/,1,2026-10-07T01:50:27.888319+00:00,bdd6269356e330f8a182f195f8c50c0b00a19b50f6e7b0273903ebdcd5e78283,,UNVERIFIED
EP-23,Hot Springs Planet Tenrei,00:01:58,118,854565,https://animehistory.org/uploads/screencaps/outlaw-star-E023-Hot-Springs-Planet-Tenrei/cap_00-01-58_1350.jpg,Outlaw Star Ep 23: Hot Springs Planet Tenrei @ 00:01:58,https://animehistory.org/gallery/screencaps/outlaw-star/episode-23/,https://animehistory.org/gallery/screencaps/outlaw-star/episode-23/,1,2026-10-07T01:50:27.888319+00:00,bdd6269356e330f8a182f195f8c50c0b00a19b50f6e7b0273903ebdcd5e78283,,UNVERIFIED
EP-23,Hot Springs Planet Tenrei,00:02:02,122,854566,https://animehistory.org/uploads/screencaps/outlaw-star-E023-Hot-Springs-Planet-Tenrei/cap_00-02-02_4368.jpg,Outlaw Star Ep 23: Hot Springs Planet Tenrei @ 00:02:02,https://animehistory.org/gallery/screencaps/outlaw-star/episode-23/,https://animehistory.org/gallery/screencaps/outlaw-star/episode-23/,1,2026-10-07T01:50:27.888319+00:00,bdd6269356e330f8a182f195f8c50c0b00a19b50f6e7b0273903ebdcd5e78283,,UNVERIFIED
EP-23,Hot Springs Planet Tenrei,00:02:05,125,854567,https://animehistory.org/uploads/screencaps/outlaw-star-E023-Hot-Springs-Planet-Tenrei/cap_00-02-05_1cd0.jpg,Outlaw Star Ep 23: Hot Springs Planet Tenrei @ 00:02:05,https://animehistory.org/gallery/screencaps/outlaw-star/episode-23/,https://animehistory.org/gallery/screencaps/outlaw-star/episode-23/,1,2026-10-07T01:50:27.888319+00:00,bdd6269356e330f8a182f195f8c50c0b00a19b50f6e7b0273903ebdcd5e78283,,UNVERIFIED
EP-23,Hot Springs Planet Tenrei,00:02:09,129,854568,https://animehistory.org/uploads/screencaps/outlaw-star-E023-Hot-Springs-Planet-Tenrei/cap_00-02-09_19ba.jpg,Outlaw Star Ep 23: Hot Springs Planet Tenrei @ 00:02:09,https://animehistory.org/gallery/screencaps/outlaw-star/episode-23/,https://animehistory.org/gallery/screencaps/outlaw-star/episode-23/,1,2026-10-07T01:50:27.888319+00:00,bdd6269356e330f8a182f195f8c50c0b00a19b50f6e7b0273903ebdcd5e78283,,UNVERIFIED
EP-23,Hot Springs Planet Tenrei,00:02:13,133,854569,https://animehistory.org/uploads/screencaps/outlaw-star-E023-Hot-Springs-Planet-Tenrei/cap_00-02-13_5d44.jpg,Outlaw Star Ep 23: Hot Springs Planet Tenrei @ 00:02:13,https://animehistory.org/gallery/screencaps/outlaw-star/episode-23/,https://animehistory.org/gallery/screencaps/outlaw-star/episode-23/,1,2026-10-07T01:50:27.888319+00:00,bdd6269356e330f8a182f195f8c50c0b00a19b50f6e7b0273903ebdcd5e78283,,UNVERIFIED
EP-23,Hot Springs Planet Tenrei,00:02:17,137,854570,https://animehistory.org/uploads/screencaps/outlaw-star-E023-Hot-Springs-Planet-Tenrei/cap_00-02-17_2b8e.jpg,Outlaw Star Ep 23: Hot Springs Planet Tenrei @ 00:02:17,https://animehistory.org/gallery/screencaps/outlaw-star/episode-23/,https://animehistory.org/gallery/screencaps/outlaw-star/episode-23/,1,2026-10-07T01:50:27.888319+00:00,bdd6269356e330f8a182f195f8c50c0b00a19b50f6e7b0273903ebdcd5e78283,,UNVERIFIED
EP-23,Hot Springs Planet Tenrei,00:02:20,140,854571,https://animehistory.org/uploads/screencaps/outlaw-star-E023-Hot-Springs-Planet-Tenrei/cap_00-02-20_58e2.jpg,Outlaw Star Ep 23: Hot Springs Planet Tenrei @ 00:02:20,https://animehistory.org/gallery/screencaps/outlaw-star/episode-23/,https://animehistory.org/gallery/screencaps/outlaw-star/episode-23/,1,2026-10-07T01:50:27.888319+00:00,bdd6269356e330f8a182f195f8c50c0b00a19b50f6e7b0273903ebdcd5e78283,,UNVERIFIED
EP-23,Hot Springs Planet Tenrei,00:02:24,144,854572,https://animehistory.org/uploads/screencaps/outlaw-star-E023-Hot-Springs-Planet-Tenrei/cap_00-02-24_2495.jpg,Outlaw Star Ep 23: Hot Springs Planet Tenrei @ 00:02:24,https://animehistory.org/gallery/screencaps/outlaw-star/episode-23/,https://animehistory.org/gallery/screencaps/outlaw-star/episode-23/,1,2026-10-07T01:50:27.888319+00:00,bdd6269356e330f8a182f195f8c50c0b00a19b50f6e7b0273903ebdcd5e78283,,UNVERIFIED
EP-23,Hot Springs Planet Tenrei,00:02:28,148,854573,https://animehistory.org/uploads/screencaps/outlaw-star-E023-Hot-Springs-Planet-Tenrei/cap_00-02-28_7820.jpg,Outlaw Star Ep 23: Hot Springs Planet Tenrei @ 00:02:28,https://animehistory.org/gallery/screencaps/outlaw-star/episode-23/,https://animehistory.org/gallery/screencaps/outlaw-star/episode-23/,1,2026-10-07T01:50:27.888319+00:00,bdd6269356e330f8a182f195f8c50c0b00a19b50f6e7b0273903ebdcd5e78283,,UNVERIFIED
EP-23,Hot Springs Planet Tenrei,00:02:31,151,854574,https://animehistory.org/uploads/screencaps/outlaw-star-E023-Hot-Springs-Planet-Tenrei/cap_00-02-31_7f52.jpg,Outlaw Star Ep 23: Hot Springs Planet Tenrei @ 00:02:31,https://animehistory.org/gallery/screencaps/outlaw-star/episode-23/,https://animehistory.org/gallery/screencaps/outlaw-star/episode-23/,1,2026-10-07T01:50:27.888319+00:00,bdd6269356e330f8a182f195f8c50c0b00a19b50f6e7b0273903ebdcd5e78283,,UNVERIFIED
EP-23,Hot Springs Planet Tenrei,00:02:35,155,854575,https://animehistory.org/uploads/screencaps/outlaw-star-E023-Hot-Springs-Planet-Tenrei/cap_00-02-35_60ed.jpg,Outlaw Star Ep 23: Hot Springs Planet Tenrei @ 00:02:35,https://animehistory.org/gallery/screencaps/outlaw-star/episode-23/,https://animehistory.org/gallery/screencaps/outlaw-star/episode-23/,1,2026-10-07T01:50:27.888319+00:00,bdd6269356e330f8a182f195f8c50c0b00a19b50f6e7b0273903ebdcd5e78283,,UNVERIFIED
EP-23,Hot Springs Planet Tenrei,00:02:39,159,854576,https://animehistory.org/uploads/screencaps/outlaw-star-E023-Hot-Springs-Planet-Tenrei/cap_00-02-39_702e.jpg,Outlaw Star Ep 23: Hot Springs Planet Tenrei @ 00:02:39,https://animehistory.org/gallery/screencaps/outlaw-star/episode-23/,https://animehistory.org/gallery/screencaps/outlaw-star/episode-23/,1,2026-10-07T01:50:27.888319+00:00,bdd6269356e330f8a182f195f8c50c0b00a19b50f6e7b0273903ebdcd5e78283,,UNVERIFIED
EP-23,Hot Springs Planet Tenrei,00:02:43,163,854577,https://animehistory.org/uploads/screencaps/outlaw-star-E023-Hot-Springs-Planet-Tenrei/cap_00-02-43_515f.jpg,Outlaw Star Ep 23: Hot Springs Planet Tenrei @ 00:02:43,https://animehistory.org/gallery/screencaps/outlaw-star/episode-23/,https://animehistory.org/gallery/screencaps/outlaw-star/episode-23/,1,2026-10-07T01:50:27.888319+00:00,bdd6269356e330f8a182f195f8c50c0b00a19b50f6e7b0273903ebdcd5e78283,,UNVERIFIED
EP-23,Hot Springs Planet Tenrei,00:02:46,166,854578,https://animehistory.org/uploads/screencaps/outlaw-star-E023-Hot-Springs-Planet-Tenrei/cap_00-02-46_4e19.jpg,Outlaw Star Ep 23: Hot Springs Planet Tenrei @ 00:02:46,https://animehistory.org/gallery/screencaps/outlaw-star/episode-23/,https://animehistory.org/gallery/screencaps/outlaw-star/episode-23/,1,2026-10-07T01:50:27.888319+00:00,bdd6269356e330f8a182f195f8c50c0b00a19b50f6e7b0273903ebdcd5e78283,,UNVERIFIED
EP-23,Hot Springs Planet Tenrei,00:02:50,170,854579,https://animehistory.org/uploads/screencaps/outlaw-star-E023-Hot-Springs-Planet-Tenrei/cap_00-02-50_11a7.jpg,Outlaw Star Ep 23: Hot Springs Planet Tenrei @ 00:02:50,https://animehistory.org/gallery/screencaps/outlaw-star/episode-23/,https://animehistory.org/gallery/screencaps/outlaw-star/episode-23/,1,2026-10-07T01:50:27.888319+00:00,bdd6269356e330f8a182f195f8c50c0b00a19b50f6e7b0273903ebdcd5e78283,,UNVERIFIED
EP-23,Hot Springs Planet Tenrei,00:02:54,174,854580,https://animehistory.org/uploads/screencaps/outlaw-star-E023-Hot-Springs-Planet-Tenrei/cap_00-02-54_787b.jpg,Outlaw Star Ep 23: Hot Springs Planet Tenrei @ 00:02:54,https://animehistory.org/gallery/screencaps/outlaw-star/episode-23/,https://animehistory.org/gallery/screencaps/outlaw-star/episode-23/,1,2026-10-07T01:50:27.888319+00:00,bdd6269356e330f8a182f195f8c50c0b00a19b50f6e7b0273903ebdcd5e78283,,UNVERIFIED
EP-23,Hot Springs Planet Tenrei,00:02:57,177,854581,https://animehistory.org/uploads/screencaps/outlaw-star-E023-Hot-Springs-Planet-Tenrei/cap_00-02-57_1e62.jpg,Outlaw Star Ep 23: Hot Springs Planet Tenrei @ 00:02:57,https://animehistory.org/gallery/screencaps/outlaw-star/episode-23/,https://animehistory.org/gallery/screencaps/outlaw-star/episode-23/,1,2026-10-07T01:50:27.888319+00:00,bdd6269356e330f8a182f195f8c50c0b00a19b50f6e7b0273903ebdcd5e78283,,UNVERIFIED
EP-23,Hot Springs Planet Tenrei,00:03:01,181,854582,https://animehistory.org/uploads/screencaps/outlaw-star-E023-Hot-Springs-Planet-Tenrei/cap_00-03-01_3851.jpg,Outlaw Star Ep 23: Hot Springs Planet Tenrei @ 00:03:01,https://animehistory.org/gallery/screencaps/outlaw-star/episode-23/,https://animehistory.org/gallery/screencaps/outlaw-star/episode-23/,1,2026-10-07T01:50:27.888319+00:00,bdd6269356e330f8a182f195f8c50c0b00a19b50f6e7b0273903ebdcd5e78283,,UNVERIFIED
EP-23,Hot Springs Planet Tenrei,00:03:05,185,854583,https://animehistory.org/uploads/screencaps/outlaw-star-E023-Hot-Springs-Planet-Tenrei/cap_00-03-05_2bce.jpg,Outlaw Star Ep 23: Hot Springs Planet Tenrei @ 00:03:05,https://animehistory.org/gallery/screencaps/outlaw-star/episode-23/,https://animehistory.org/gallery/screencaps/outlaw-star/episode-23/,1,2026-10-07T01:50:27.888319+00:00,bdd6269356e330f8a182f195f8c50c0b00a19b50f6e7b0273903ebdcd5e78283,,UNVERIFIED
EP-23,Hot Springs Planet Tenrei,00:03:08,188,854584,https://animehistory.org/uploads/screencaps/outlaw-star-E023-Hot-Springs-Planet-Tenrei/cap_00-03-08_4648.jpg,Outlaw Star Ep 23: Hot Springs Planet Tenrei @ 00:03:08,https://animehistory.org/gallery/screencaps/outlaw-star/episode-23/,https://animehistory.org/gallery/screencaps/outlaw-star/episode-23/,1,2026-10-07T01:50:27.888319+00:00,bdd6269356e330f8a182f195f8c50c0b00a19b50f6e7b0273903ebdcd5e78283,,UNVERIFIED
EP-23,Hot Springs Planet Tenrei,00:03:12,192,854585,https://animehistory.org/uploads/screencaps/outlaw-star-E023-Hot-Springs-Planet-Tenrei/cap_00-03-12_16b5.jpg,Outlaw Star Ep 23: Hot Springs Planet Tenrei @ 00:03:12,https://animehistory.org/gallery/screencaps/outlaw-star/episode-23/,https://animehistory.org/gallery/screencaps/outlaw-star/episode-23/,1,2026-10-07T01:50:27.888319+00:00,bdd6269356e330f8a182f195f8c50c0b00a19b50f6e7b0273903ebdcd5e78283,,UNVERIFIED
EP-23,Hot Springs Planet Tenrei,00:03:16,196,854586,https://animehistory.org/uploads/screencaps/outlaw-star-E023-Hot-Springs-Planet-Tenrei/cap_00-03-16_4b74.jpg,Outlaw Star Ep 23: Hot Springs Planet Tenrei @ 00:03:16,https://animehistory.org/gallery/screencaps/outlaw-star/episode-23/,https://animehistory.org/gallery/screencaps/outlaw-star/episode-23/,1,2026-10-07T01:50:27.888319+00:00,bdd6269356e330f8a182f195f8c50c0b00a19b50f6e7b0273903ebdcd5e78283,,UNVERIFIED
EP-23,Hot Springs Planet Tenrei,00:03:20,200,854587,https://animehistory.org/uploads/screencaps/outlaw-star-E023-Hot-Springs-Planet-Tenrei/cap_00-03-20_29ba.jpg,Outlaw Star Ep 23: Hot Springs Planet Tenrei @ 00:03:20,https://animehistory.org/gallery/screencaps/outlaw-star/episode-23/,https://animehistory.org/gallery/screencaps/outlaw-star/episode-23/,1,2026-10-07T01:50:27.888319+00:00,bdd6269356e330f8a182f195f8c50c0b00a19b50f6e7b0273903ebdcd5e78283,,UNVERIFIED
EP-23,Hot Springs Planet Tenrei,00:03:23,203,854588,https://animehistory.org/uploads/screencaps/outlaw-star-E023-Hot-Springs-Planet-Tenrei/cap_00-03-23_788e.jpg,Outlaw Star Ep 23: Hot Springs Planet Tenrei @ 00:03:23,https://animehistory.org/gallery/screencaps/outlaw-star/episode-23/,https://animehistory.org/gallery/screencaps/outlaw-star/episode-23/,1,2026-10-07T01:50:27.888319+00:00,bdd6269356e330f8a182f195f8c50c0b00a19b50f6e7b0273903ebdcd5e78283,,UNVERIFIED
EP-23,Hot Springs Planet Tenrei,00:03:27,207,854589,https://animehistory.org/uploads/screencaps/outlaw-star-E023-Hot-Springs-Planet-Tenrei/cap_00-03-27_48ac.jpg,Outlaw Star Ep 23: Hot Springs Planet Tenrei @ 00:03:27,https://animehistory.org/gallery/screencaps/outlaw-star/episode-23/,https://animehistory.org/gallery/screencaps/outlaw-star/episode-23/,1,2026-10-07T01:50:27.888319+00:00,bdd6269356e330f8a182f195f8c50c0b00a19b50f6e7b0273903ebdcd5e78283,,UNVERIFIED
EP-23,Hot Springs Planet Tenrei,00:03:31,211,854590,https://animehistory.org/uploads/screencaps/outlaw-star-E023-Hot-Springs-Planet-Tenrei/cap_00-03-31_47d2.jpg,Outlaw Star Ep 23: Hot Springs Planet Tenrei @ 00:03:31,https://animehistory.org/gallery/screencaps/outlaw-star/episode-23/,https://animehistory.org/gallery/screencaps/outlaw-star/episode-23/,1,2026-10-07T01:50:27.888319+00:00,bdd6269356e330f8a182f195f8c50c0b00a19b50f6e7b0273903ebdcd5e78283,,UNVERIFIED
EP-23,Hot Springs Planet Tenrei,00:03:34,214,854591,https://animehistory.org/uploads/screencaps/outlaw-star-E023-Hot-Springs-Planet-Tenrei/cap_00-03-34_2633.jpg,Outlaw Star Ep 23: Hot Springs Planet Tenrei @ 00:03:34,https://animehistory.org/gallery/screencaps/outlaw-star/episode-23/,https://animehistory.org/gallery/screencaps/outlaw-star/episode-23/,1,2026-10-07T01:50:27.888319+00:00,bdd6269356e330f8a182f195f8c50c0b00a19b50f6e7b0273903ebdcd5e78283,,UNVERIFIED
EP-23,Hot Springs Planet Tenrei,00:03:38,218,854592,https://animehistory.org/uploads/screencaps/outlaw-star-E023-Hot-Springs-Planet-Tenrei/cap_00-03-38_06c1.jpg,Outlaw Star Ep 23: Hot Springs Planet Tenrei @ 00:03:38,https://animehistory.org/gallery/screencaps/outlaw-star/episode-23/,https://animehistory.org/gallery/screencaps/outlaw-star/episode-23/,1,2026-10-07T01:50:27.888319+00:00,bdd6269356e330f8a182f195f8c50c0b00a19b50f6e7b0273903ebdcd5e78283,,UNVERIFIED
EP-23,Hot Springs Planet Tenrei,00:03:42,222,854593,https://animehistory.org/uploads/screencaps/outlaw-star-E023-Hot-Springs-Planet-Tenrei/cap_00-03-42_7998.jpg,Outlaw Star Ep 23: Hot Springs Planet Tenrei @ 00:03:42,https://animehistory.org/gallery/screencaps/outlaw-star/episode-23/,https://animehistory.org/gallery/screencaps/outlaw-star/episode-23/,1,2026-10-07T01:50:27.888319+00:00,bdd6269356e330f8a182f195f8c50c0b00a19b50f6e7b0273903ebdcd5e78283,,UNVERIFIED
EP-23,Hot Springs Planet Tenrei,00:03:46,226,854594,https://animehistory.org/uploads/screencaps/outlaw-star-E023-Hot-Springs-Planet-Tenrei/cap_00-03-46_696e.jpg,Outlaw Star Ep 23: Hot Springs Planet Tenrei @ 00:03:46,https://animehistory.org/gallery/screencaps/outlaw-star/episode-23/,https://animehistory.org/gallery/screencaps/outlaw-star/episode-23/,1,2026-10-07T01:50:27.888319+00:00,bdd6269356e330f8a182f195f8c50c0b00a19b50f6e7b0273903ebdcd5e78283,,UNVERIFIED
EP-23,Hot Springs Planet Tenrei,00:03:49,229,854595,https://animehistory.org/uploads/screencaps/outlaw-star-E023-Hot-Springs-Planet-Tenrei/cap_00-03-49_4cfd.jpg,Outlaw Star Ep 23: Hot Springs Planet Tenrei @ 00:03:49,https://animehistory.org/gallery/screencaps/outlaw-star/episode-23/,https://animehistory.org/gallery/screencaps/outlaw-star/episode-23/,1,2026-10-07T01:50:27.888319+00:00,bdd6269356e330f8a182f195f8c50c0b00a19b50f6e7b0273903ebdcd5e78283,,UNVERIFIED
EP-23,Hot Springs Planet Tenrei,00:03:53,233,854596,https://animehistory.org/uploads/screencaps/outlaw-star-E023-Hot-Springs-Planet-Tenrei/cap_00-03-53_4bf0.jpg,Outlaw Star Ep 23: Hot Springs Planet Tenrei @ 00:03:53,https://animehistory.org/gallery/screencaps/outlaw-star/episode-23/,https://animehistory.org/gallery/screencaps/outlaw-star/episode-23/,1,2026-10-07T01:50:27.888319+00:00,bdd6269356e330f8a182f195f8c50c0b00a19b50f6e7b0273903ebdcd5e78283,,UNVERIFIED
EP-23,Hot Springs Planet Tenrei,00:03:57,237,854597,https://animehistory.org/uploads/screencaps/outlaw-star-E023-Hot-Springs-Planet-Tenrei/cap_00-03-57_2a03.jpg,Outlaw Star Ep 23: Hot Springs Planet Tenrei @ 00:03:57,https://animehistory.org/gallery/screencaps/outlaw-star/episode-23/,https://animehistory.org/gallery/screencaps/outlaw-star/episode-23/,1,2026-10-07T01:50:27.888319+00:00,bdd6269356e330f8a182f195f8c50c0b00a19b50f6e7b0273903ebdcd5e78283,,UNVERIFIED
EP-23,Hot Springs Planet Tenrei,00:04:00,240,854598,https://animehistory.org/uploads/screencaps/outlaw-star-E023-Hot-Springs-Planet-Tenrei/cap_00-04-00_1a1c.jpg,Outlaw Star Ep 23: Hot Springs Planet Tenrei @ 00:04:00,https://animehistory.org/gallery/screencaps/outlaw-star/episode-23/,https://animehistory.org/gallery/screencaps/outlaw-star/episode-23/,1,2026-10-07T01:50:27.888319+00:00,bdd6269356e330f8a182f195f8c50c0b00a19b50f6e7b0273903ebdcd5e78283,,UNVERIFIED
EP-23,Hot Springs Planet Tenrei,00:04:04,244,854599,https://animehistory.org/uploads/screencaps/outlaw-star-E023-Hot-Springs-Planet-Tenrei/cap_00-04-04_032e.jpg,Outlaw Star Ep 23: Hot Springs Planet Tenrei @ 00:04:04,https://animehistory.org/gallery/screencaps/outlaw-star/episode-23/,https://animehistory.org/gallery/screencaps/outlaw-star/episode-23/,1,2026-10-07T01:50:27.888319+00:00,bdd6269356e330f8a182f195f8c50c0b00a19b50f6e7b0273903ebdcd5e78283,,UNVERIFIED
EP-23,Hot Springs Planet Tenrei,00:04:08,248,854600,https://animehistory.org/uploads/screencaps/outlaw-star-E023-Hot-Springs-Planet-Tenrei/cap_00-04-08_34ee.jpg,Outlaw Star Ep 23: Hot Springs Planet Tenrei @ 00:04:08,https://animehistory.org/gallery/screencaps/outlaw-star/episode-23/,https://animehistory.org/gallery/screencaps/outlaw-star/episode-23/,1,2026-10-07T01:50:27.888319+00:00,bdd6269356e330f8a182f195f8c50c0b00a19b50f6e7b0273903ebdcd5e78283,,UNVERIFIED
EP-23,Hot Springs Planet Tenrei,00:04:11,251,854601,https://animehistory.org/uploads/screencaps/outlaw-star-E023-Hot-Springs-Planet-Tenrei/cap_00-04-11_138d.jpg,Outlaw Star Ep 23: Hot Springs Planet Tenrei @ 00:04:11,https://animehistory.org/gallery/screencaps/outlaw-star/episode-23/,https://animehistory.org/gallery/screencaps/outlaw-star/episode-23/,1,2026-10-07T01:50:27.888319+00:00,bdd6269356e330f8a182f195f8c50c0b00a19b50f6e7b0273903ebdcd5e78283,,UNVERIFIED
EP-23,Hot Springs Planet Tenrei,00:04:15,255,854602,https://animehistory.org/uploads/screencaps/outlaw-star-E023-Hot-Springs-Planet-Tenrei/cap_00-04-15_42c5.jpg,Outlaw Star Ep 23: Hot Springs Planet Tenrei @ 00:04:15,https://animehistory.org/gallery/screencaps/outlaw-star/episode-23/,https://animehistory.org/gallery/screencaps/outlaw-star/episode-23/,1,2026-10-07T01:50:27.888319+00:00,bdd6269356e330f8a182f195f8c50c0b00a19b50f6e7b0273903ebdcd5e78283,,UNVERIFIED
EP-23,Hot Springs Planet Tenrei,00:04:19,259,854603,https://animehistory.org/uploads/screencaps/outlaw-star-E023-Hot-Springs-Planet-Tenrei/cap_00-04-19_547a.jpg,Outlaw Star Ep 23: Hot Springs Planet Tenrei @ 00:04:19,https://animehistory.org/gallery/screencaps/outlaw-star/episode-23/,https://animehistory.org/gallery/screencaps/outlaw-star/episode-23/,1,2026-10-07T01:50:27.888319+00:00,bdd6269356e330f8a182f195f8c50c0b00a19b50f6e7b0273903ebdcd5e78283,,UNVERIFIED
EP-23,Hot Springs Planet Tenrei,00:04:23,263,854604,https://animehistory.org/uploads/screencaps/outlaw-star-E023-Hot-Springs-Planet-Tenrei/cap_00-04-23_59b6.jpg,Outlaw Star Ep 23: Hot Springs Planet Tenrei @ 00:04:23,https://animehistory.org/gallery/screencaps/outlaw-star/episode-23/,https://animehistory.org/gallery/screencaps/outlaw-star/episode-23/,1,2026-10-07T01:50:27.888319+00:00,bdd6269356e330f8a182f195f8c50c0b00a19b50f6e7b0273903ebdcd5e78283,,UNVERIFIED
EP-23,Hot Springs Planet Tenrei,00:04:26,266,854605,https://animehistory.org/uploads/screencaps/outlaw-star-E023-Hot-Springs-Planet-Tenrei/cap_00-04-26_5f31.jpg,Outlaw Star Ep 23: Hot Springs Planet Tenrei @ 00:04:26,https://animehistory.org/gallery/screencaps/outlaw-star/episode-23/,https://animehistory.org/gallery/screencaps/outlaw-star/episode-23/,1,2026-10-07T01:50:27.888319+00:00,bdd6269356e330f8a182f195f8c50c0b00a19b50f6e7b0273903ebdcd5e78283,,UNVERIFIED
EP-23,Hot Springs Planet Tenrei,00:04:30,270,854606,https://animehistory.org/uploads/screencaps/outlaw-star-E023-Hot-Springs-Planet-Tenrei/cap_00-04-30_7a8e.jpg,Outlaw Star Ep 23: Hot Springs Planet Tenrei @ 00:04:30,https://animehistory.org/gallery/screencaps/outlaw-star/episode-23/,https://animehistory.org/gallery/screencaps/outlaw-star/episode-23/,1,2026-10-07T01:50:27.888319+00:00,bdd6269356e330f8a182f195f8c50c0b00a19b50f6e7b0273903ebdcd5e78283,,UNVERIFIED
EP-23,Hot Springs Planet Tenrei,00:04:34,274,854607,https://animehistory.org/uploads/screencaps/outlaw-star-E023-Hot-Springs-Planet-Tenrei/cap_00-04-34_6b17.jpg,Outlaw Star Ep 23: Hot Springs Planet Tenrei @ 00:04:34,https://animehistory.org/gallery/screencaps/outlaw-star/episode-23/,https://animehistory.org/gallery/screencaps/outlaw-star/episode-23/,1,2026-10-07T01:50:27.888319+00:00,bdd6269356e330f8a182f195f8c50c0b00a19b50f6e7b0273903ebdcd5e78283,,UNVERIFIED
EP-23,Hot Springs Planet Tenrei,00:04:37,277,854608,https://animehistory.org/uploads/screencaps/outlaw-star-E023-Hot-Springs-Planet-Tenrei/cap_00-04-37_6d9d.jpg,Outlaw Star Ep 23: Hot Springs Planet Tenrei @ 00:04:37,https://animehistory.org/gallery/screencaps/outlaw-star/episode-23/,https://animehistory.org/gallery/screencaps/outlaw-star/episode-23/,1,2026-10-07T01:50:27.888319+00:00,bdd6269356e330f8a182f195f8c50c0b00a19b50f6e7b0273903ebdcd5e78283,,UNVERIFIED
EP-23,Hot Springs Planet Tenrei,00:04:41,281,854609,https://animehistory.org/uploads/screencaps/outlaw-star-E023-Hot-Springs-Planet-Tenrei/cap_00-04-41_605d.jpg,Outlaw Star Ep 23: Hot Springs Planet Tenrei @ 00:04:41,https://animehistory.org/gallery/screencaps/outlaw-star/episode-23/,https://animehistory.org/gallery/screencaps/outlaw-star/episode-23/,1,2026-10-07T01:50:27.888319+00:00,bdd6269356e330f8a182f195f8c50c0b00a19b50f6e7b0273903ebdcd5e78283,,UNVERIFIED
EP-23,Hot Springs Planet Tenrei,00:04:45,285,854610,https://animehistory.org/uploads/screencaps/outlaw-star-E023-Hot-Springs-Planet-Tenrei/cap_00-04-45_4de9.jpg,Outlaw Star Ep 23: Hot Springs Planet Tenrei @ 00:04:45,https://animehistory.org/gallery/screencaps/outlaw-star/episode-23/,https://animehistory.org/gallery/screencaps/outlaw-star/episode-23/,1,2026-10-07T01:50:27.888319+00:00,bdd6269356e330f8a182f195f8c50c0b00a19b50f6e7b0273903ebdcd5e78283,,UNVERIFIED
EP-23,Hot Springs Planet Tenrei,00:04:49,289,854611,https://animehistory.org/uploads/screencaps/outlaw-star-E023-Hot-Springs-Planet-Tenrei/cap_00-04-49_1a63.jpg,Outlaw Star Ep 23: Hot Springs Planet Tenrei @ 00:04:49,https://animehistory.org/gallery/screencaps/outlaw-star/episode-23/,https://animehistory.org/gallery/screencaps/outlaw-star/episode-23/,1,2026-10-07T01:50:27.888319+00:00,bdd6269356e330f8a182f195f8c50c0b00a19b50f6e7b0273903ebdcd5e78283,,UNVERIFIED
EP-23,Hot Springs Planet Tenrei,00:04:52,292,854612,https://animehistory.org/uploads/screencaps/outlaw-star-E023-Hot-Springs-Planet-Tenrei/cap_00-04-52_7939.jpg,Outlaw Star Ep 23: Hot Springs Planet Tenrei @ 00:04:52,https://animehistory.org/gallery/screencaps/outlaw-star/episode-23/,https://animehistory.org/gallery/screencaps/outlaw-star/episode-23/,1,2026-10-07T01:50:27.888319+00:00,bdd6269356e330f8a182f195f8c50c0b00a19b50f6e7b0273903ebdcd5e78283,,UNVERIFIED
EP-23,Hot Springs Planet Tenrei,00:04:56,296,854613,https://animehistory.org/uploads/screencaps/outlaw-star-E023-Hot-Springs-Planet-Tenrei/cap_00-04-56_4a02.jpg,Outlaw Star Ep 23: Hot Springs Planet Tenrei @ 00:04:56,https://animehistory.org/gallery/screencaps/outlaw-star/episode-23/,https://animehistory.org/gallery/screencaps/outlaw-star/episode-23/,1,2026-10-07T01:50:27.888319+00:00,bdd6269356e330f8a182f195f8c50c0b00a19b50f6e7b0273903ebdcd5e78283,,UNVERIFIED
EP-23,Hot Springs Planet Tenrei,00:05:00,300,854614,https://animehistory.org/uploads/screencaps/outlaw-star-E023-Hot-Springs-Planet-Tenrei/cap_00-05-00_114c.jpg,Outlaw Star Ep 23: Hot Springs Planet Tenrei @ 00:05:00,https://animehistory.org/gallery/screencaps/outlaw-star/episode-23/,https://animehistory.org/gallery/screencaps/outlaw-star/episode-23/,1,2026-10-07T01:50:27.888319+00:00,bdd6269356e330f8a182f195f8c50c0b00a19b50f6e7b0273903ebdcd5e78283,,UNVERIFIED
EP-23,Hot Springs Planet Tenrei,00:05:03,303,854615,https://animehistory.org/uploads/screencaps/outlaw-star-E023-Hot-Springs-Planet-Tenrei/cap_00-05-03_0f62.jpg,Outlaw Star Ep 23: Hot Springs Planet Tenrei @ 00:05:03,https://animehistory.org/gallery/screencaps/outlaw-star/episode-23/,https://animehistory.org/gallery/screencaps/outlaw-star/episode-23/,1,2026-10-07T01:50:27.888319+00:00,bdd6269356e330f8a182f195f8c50c0b00a19b50f6e7b0273903ebdcd5e78283,,UNVERIFIED
EP-23,Hot Springs Planet Tenrei,00:05:07,307,854616,https://animehistory.org/uploads/screencaps/outlaw-star-E023-Hot-Springs-Planet-Tenrei/cap_00-05-07_3fdd.jpg,Outlaw Star Ep 23: Hot Springs Planet Tenrei @ 00:05:07,https://animehistory.org/gallery/screencaps/outlaw-star/episode-23/,https://animehistory.org/gallery/screencaps/outlaw-star/episode-23/,1,2026-10-07T01:50:27.888319+00:00,bdd6269356e330f8a182f195f8c50c0b00a19b50f6e7b0273903ebdcd5e78283,,UNVERIFIED
EP-23,Hot Springs Planet Tenrei,00:05:11,311,854617,https://animehistory.org/uploads/screencaps/outlaw-star-E023-Hot-Springs-Planet-Tenrei/cap_00-05-11_6714.jpg,Outlaw Star Ep 23: Hot Springs Planet Tenrei @ 00:05:11,https://animehistory.org/gallery/screencaps/outlaw-star/episode-23/,https://animehistory.org/gallery/screencaps/outlaw-star/episode-23/,1,2026-10-07T01:50:27.888319+00:00,bdd6269356e330f8a182f195f8c50c0b00a19b50f6e7b0273903ebdcd5e78283,,UNVERIFIED
EP-23,Hot Springs Planet Tenrei,00:05:15,315,854618,https://animehistory.org/uploads/screencaps/outlaw-star-E023-Hot-Springs-Planet-Tenrei/cap_00-05-15_6148.jpg,Outlaw Star Ep 23: Hot Springs Planet Tenrei @ 00:05:15,https://animehistory.org/gallery/screencaps/outlaw-star/episode-23/,https://animehistory.org/gallery/screencaps/outlaw-star/episode-23/,1,2026-10-07T01:50:27.888319+00:00,bdd6269356e330f8a182f195f8c50c0b00a19b50f6e7b0273903ebdcd5e78283,,UNVERIFIED
EP-23,Hot Springs Planet Tenrei,00:05:18,318,854619,https://animehistory.org/uploads/screencaps/outlaw-star-E023-Hot-Springs-Planet-Tenrei/cap_00-05-18_7cf0.jpg,Outlaw Star Ep 23: Hot Springs Planet Tenrei @ 00:05:18,https://animehistory.org/gallery/screencaps/outlaw-star/episode-23/,https://animehistory.org/gallery/screencaps/outlaw-star/episode-23/,1,2026-10-07T01:50:27.888319+00:00,bdd6269356e330f8a182f195f8c50c0b00a19b50f6e7b0273903ebdcd5e78283,,UNVERIFIED
EP-23,Hot Springs Planet Tenrei,00:05:22,322,854620,https://animehistory.org/uploads/screencaps/outlaw-star-E023-Hot-Springs-Planet-Tenrei/cap_00-05-22_030e.jpg,Outlaw Star Ep 23: Hot Springs Planet Tenrei @ 00:05:22,https://animehistory.org/gallery/screencaps/outlaw-star/episode-23/,https://animehistory.org/gallery/screencaps/outlaw-star/episode-23/,1,2026-10-07T01:50:27.888319+00:00,bdd6269356e330f8a182f195f8c50c0b00a19b50f6e7b0273903ebdcd5e78283,,UNVERIFIED
EP-23,Hot Springs Planet Tenrei,00:05:26,326,854621,https://animehistory.org/uploads/screencaps/outlaw-star-E023-Hot-Springs-Planet-Tenrei/cap_00-05-26_2499.jpg,Outlaw Star Ep 23: Hot Springs Planet Tenrei @ 00:05:26,https://animehistory.org/gallery/screencaps/outlaw-star/episode-23/,https://animehistory.org/gallery/screencaps/outlaw-star/episode-23/,1,2026-10-07T01:50:27.888319+00:00,bdd6269356e330f8a182f195f8c50c0b00a19b50f6e7b0273903ebdcd5e78283,,UNVERIFIED
EP-23,Hot Springs Planet Tenrei,00:05:29,329,854622,https://animehistory.org/uploads/screencaps/outlaw-star-E023-Hot-Springs-Planet-Tenrei/cap_00-05-29_6809.jpg,Outlaw Star Ep 23: Hot Springs Planet Tenrei @ 00:05:29,https://animehistory.org/gallery/screencaps/outlaw-star/episode-23/,https://animehistory.org/gallery/screencaps/outlaw-star/episode-23/,1,2026-10-07T01:50:27.888319+00:00,bdd6269356e330f8a182f195f8c50c0b00a19b50f6e7b0273903ebdcd5e78283,,UNVERIFIED
EP-23,Hot Springs Planet Tenrei,00:05:33,333,854623,https://animehistory.org/uploads/screencaps/outlaw-star-E023-Hot-Springs-Planet-Tenrei/cap_00-05-33_4665.jpg,Outlaw Star Ep 23: Hot Springs Planet Tenrei @ 00:05:33,https://animehistory.org/gallery/screencaps/outlaw-star/episode-23/,https://animehistory.org/gallery/screencaps/outlaw-star/episode-23/,1,2026-10-07T01:50:27.888319+00:00,bdd6269356e330f8a182f195f8c50c0b00a19b50f6e7b0273903ebdcd5e78283,,UNVERIFIED
EP-23,Hot Springs Planet Tenrei,00:05:37,337,854624,https://animehistory.org/uploads/screencaps/outlaw-star-E023-Hot-Springs-Planet-Tenrei/cap_00-05-37_1d2a.jpg,Outlaw Star Ep 23: Hot Springs Planet Tenrei @ 00:05:37,https://animehistory.org/gallery/screencaps/outlaw-star/episode-23/,https://animehistory.org/gallery/screencaps/outlaw-star/episode-23/,1,2026-10-07T01:50:27.888319+00:00,bdd6269356e330f8a182f195f8c50c0b00a19b50f6e7b0273903ebdcd5e78283,,UNVERIFIED
EP-23,Hot Springs Planet Tenrei,00:05:40,340,854625,https://animehistory.org/uploads/screencaps/outlaw-star-E023-Hot-Springs-Planet-Tenrei/cap_00-05-40_3e68.jpg,Outlaw Star Ep 23: Hot Springs Planet Tenrei @ 00:05:40,https://animehistory.org/gallery/screencaps/outlaw-star/episode-23/,https://animehistory.org/gallery/screencaps/outlaw-star/episode-23/,1,2026-10-07T01:50:27.888319+00:00,bdd6269356e330f8a182f195f8c50c0b00a19b50f6e7b0273903ebdcd5e78283,,UNVERIFIED
EP-23,Hot Springs Planet Tenrei,00:05:44,344,854626,https://animehistory.org/uploads/screencaps/outlaw-star-E023-Hot-Springs-Planet-Tenrei/cap_00-05-44_4c0e.jpg,Outlaw Star Ep 23: Hot Springs Planet Tenrei @ 00:05:44,https://animehistory.org/gallery/screencaps/outlaw-star/episode-23/,https://animehistory.org/gallery/screencaps/outlaw-star/episode-23/,1,2026-10-07T01:50:27.888319+00:00,bdd6269356e330f8a182f195f8c50c0b00a19b50f6e7b0273903ebdcd5e78283,,UNVERIFIED
EP-23,Hot Springs Planet Tenrei,00:05:48,348,854627,https://animehistory.org/uploads/screencaps/outlaw-star-E023-Hot-Springs-Planet-Tenrei/cap_00-05-48_369d.jpg,Outlaw Star Ep 23: Hot Springs Planet Tenrei @ 00:05:48,https://animehistory.org/gallery/screencaps/outlaw-star/episode-23/,https://animehistory.org/gallery/screencaps/outlaw-star/episode-23/,1,2026-10-07T01:50:27.888319+00:00,bdd6269356e330f8a182f195f8c50c0b00a19b50f6e7b0273903ebdcd5e78283,,UNVERIFIED
EP-23,Hot Springs Planet Tenrei,00:05:52,352,854628,https://animehistory.org/uploads/screencaps/outlaw-star-E023-Hot-Springs-Planet-Tenrei/cap_00-05-52_455e.jpg,Outlaw Star Ep 23: Hot Springs Planet Tenrei @ 00:05:52,https://animehistory.org/gallery/screencaps/outlaw-star/episode-23/,https://animehistory.org/gallery/screencaps/outlaw-star/episode-23/,1,2026-10-07T01:50:27.888319+00:00,bdd6269356e330f8a182f195f8c50c0b00a19b50f6e7b0273903ebdcd5e78283,,UNVERIFIED
EP-23,Hot Springs Planet Tenrei,00:05:55,355,854629,https://animehistory.org/uploads/screencaps/outlaw-star-E023-Hot-Springs-Planet-Tenrei/cap_00-05-55_66ae.jpg,Outlaw Star Ep 23: Hot Springs Planet Tenrei @ 00:05:55,https://animehistory.org/gallery/screencaps/outlaw-star/episode-23/,https://animehistory.org/gallery/screencaps/outlaw-star/episode-23/,1,2026-10-07T01:50:27.888319+00:00,bdd6269356e330f8a182f195f8c50c0b00a19b50f6e7b0273903ebdcd5e78283,,UNVERIFIED
EP-23,Hot Springs Planet Tenrei,00:05:59,359,854630,https://animehistory.org/uploads/screencaps/outlaw-star-E023-Hot-Springs-Planet-Tenrei/cap_00-05-59_086f.jpg,Outlaw Star Ep 23: Hot Springs Planet Tenrei @ 00:05:59,https://animehistory.org/gallery/screencaps/outlaw-star/episode-23/,https://animehistory.org/gallery/screencaps/outlaw-star/episode-23/,1,2026-10-07T01:50:27.888319+00:00,bdd6269356e330f8a182f195f8c50c0b00a19b50f6e7b0273903ebdcd5e78283,,UNVERIFIED
EP-23,Hot Springs Planet Tenrei,00:06:03,363,854631,https://animehistory.org/uploads/screencaps/outlaw-star-E023-Hot-Springs-Planet-Tenrei/cap_00-06-03_3725.jpg,Outlaw Star Ep 23: Hot Springs Planet Tenrei @ 00:06:03,https://animehistory.org/gallery/screencaps/outlaw-star/episode-23/,https://animehistory.org/gallery/screencaps/outlaw-star/episode-23/,1,2026-10-07T01:50:27.888319+00:00,bdd6269356e330f8a182f195f8c50c0b00a19b50f6e7b0273903ebdcd5e78283,,UNVERIFIED
EP-23,Hot Springs Planet Tenrei,00:06:06,366,854632,https://animehistory.org/uploads/screencaps/outlaw-star-E023-Hot-Springs-Planet-Tenrei/cap_00-06-06_14a3.jpg,Outlaw Star Ep 23: Hot Springs Planet Tenrei @ 00:06:06,https://animehistory.org/gallery/screencaps/outlaw-star/episode-23/,https://animehistory.org/gallery/screencaps/outlaw-star/episode-23/,1,2026-10-07T01:50:27.888319+00:00,bdd6269356e330f8a182f195f8c50c0b00a19b50f6e7b0273903ebdcd5e78283,,UNVERIFIED
EP-23,Hot Springs Planet Tenrei,00:06:10,370,854633,https://animehistory.org/uploads/screencaps/outlaw-star-E023-Hot-Springs-Planet-Tenrei/cap_00-06-10_5eb4.jpg,Outlaw Star Ep 23: Hot Springs Planet Tenrei @ 00:06:10,https://animehistory.org/gallery/screencaps/outlaw-star/episode-23/,https://animehistory.org/gallery/screencaps/outlaw-star/episode-23/,1,2026-10-07T01:50:27.888319+00:00,bdd6269356e330f8a182f195f8c50c0b00a19b50f6e7b0273903ebdcd5e78283,,UNVERIFIED
EP-23,Hot Springs Planet Tenrei,00:06:14,374,854634,https://animehistory.org/uploads/screencaps/outlaw-star-E023-Hot-Springs-Planet-Tenrei/cap_00-06-14_1dc3.jpg,Outlaw Star Ep 23: Hot Springs Planet Tenrei @ 00:06:14,https://animehistory.org/gallery/screencaps/outlaw-star/episode-23/,https://animehistory.org/gallery/screencaps/outlaw-star/episode-23/,1,2026-10-07T01:50:27.888319+00:00,bdd6269356e330f8a182f195f8c50c0b00a19b50f6e7b0273903ebdcd5e78283,,UNVERIFIED
EP-23,Hot Springs Planet Tenrei,00:06:18,378,854635,https://animehistory.org/uploads/screencaps/outlaw-star-E023-Hot-Springs-Planet-Tenrei/cap_00-06-18_0e61.jpg,Outlaw Star Ep 23: Hot Springs Planet Tenrei @ 00:06:18,https://animehistory.org/gallery/screencaps/outlaw-star/episode-23/,https://animehistory.org/gallery/screencaps/outlaw-star/episode-23/,1,2026-10-07T01:50:27.888319+00:00,bdd6269356e330f8a182f195f8c50c0b00a19b50f6e7b0273903ebdcd5e78283,,UNVERIFIED
EP-23,Hot Springs Planet Tenrei,00:06:21,381,854636,https://animehistory.org/uploads/screencaps/outlaw-star-E023-Hot-Springs-Planet-Tenrei/cap_00-06-21_23a3.jpg,Outlaw Star Ep 23: Hot Springs Planet Tenrei @ 00:06:21,https://animehistory.org/gallery/screencaps/outlaw-star/episode-23/,https://animehistory.org/gallery/screencaps/outlaw-star/episode-23/,1,2026-10-07T01:50:27.888319+00:00,bdd6269356e330f8a182f195f8c50c0b00a19b50f6e7b0273903ebdcd5e78283,,UNVERIFIED
EP-23,Hot Springs Planet Tenrei,00:06:25,385,854637,https://animehistory.org/uploads/screencaps/outlaw-star-E023-Hot-Springs-Planet-Tenrei/cap_00-06-25_2ea7.jpg,Outlaw Star Ep 23: Hot Springs Planet Tenrei @ 00:06:25,https://animehistory.org/gallery/screencaps/outlaw-star/episode-23/,https://animehistory.org/gallery/screencaps/outlaw-star/episode-23/,1,2026-10-07T01:50:27.888319+00:00,bdd6269356e330f8a182f195f8c50c0b00a19b50f6e7b0273903ebdcd5e78283,,UNVERIFIED
EP-23,Hot Springs Planet Tenrei,00:06:29,389,854638,https://animehistory.org/uploads/screencaps/outlaw-star-E023-Hot-Springs-Planet-Tenrei/cap_00-06-29_49eb.jpg,Outlaw Star Ep 23: Hot Springs Planet Tenrei @ 00:06:29,https://animehistory.org/gallery/screencaps/outlaw-star/episode-23/,https://animehistory.org/gallery/screencaps/outlaw-star/episode-23/,1,2026-10-07T01:50:27.888319+00:00,bdd6269356e330f8a182f195f8c50c0b00a19b50f6e7b0273903ebdcd5e78283,,UNVERIFIED
EP-23,Hot Springs Planet Tenrei,00:06:32,392,854639,https://animehistory.org/uploads/screencaps/outlaw-star-E023-Hot-Springs-Planet-Tenrei/cap_00-06-32_79a6.jpg,Outlaw Star Ep 23: Hot Springs Planet Tenrei @ 00:06:32,https://animehistory.org/gallery/screencaps/outlaw-star/episode-23/,https://animehistory.org/gallery/screencaps/outlaw-star/episode-23/,1,2026-10-07T01:50:27.888319+00:00,bdd6269356e330f8a182f195f8c50c0b00a19b50f6e7b0273903ebdcd5e78283,,UNVERIFIED
EP-23,Hot Springs Planet Tenrei,00:06:36,396,854640,https://animehistory.org/uploads/screencaps/outlaw-star-E023-Hot-Springs-Planet-Tenrei/cap_00-06-36_24dd.jpg,Outlaw Star Ep 23: Hot Springs Planet Tenrei @ 00:06:36,https://animehistory.org/gallery/screencaps/outlaw-star/episode-23/,https://animehistory.org/gallery/screencaps/outlaw-star/episode-23/,1,2026-10-07T01:50:27.888319+00:00,bdd6269356e330f8a182f195f8c50c0b00a19b50f6e7b0273903ebdcd5e78283,,UNVERIFIED
EP-23,Hot Springs Planet Tenrei,00:06:40,400,854641,https://animehistory.org/uploads/screencaps/outlaw-star-E023-Hot-Springs-Planet-Tenrei/cap_00-06-40_4059.jpg,Outlaw Star Ep 23: Hot Springs Planet Tenrei @ 00:06:40,https://animehistory.org/gallery/screencaps/outlaw-star/episode-23/,https://animehistory.org/gallery/screencaps/outlaw-star/episode-23/,1,2026-10-07T01:50:27.888319+00:00,bdd6269356e330f8a182f195f8c50c0b00a19b50f6e7b0273903ebdcd5e78283,,UNVERIFIED
EP-23,Hot Springs Planet Tenrei,00:06:43,403,854642,https://animehistory.org/uploads/screencaps/outlaw-star-E023-Hot-Springs-Planet-Tenrei/cap_00-06-43_2e47.jpg,Outlaw Star Ep 23: Hot Springs Planet Tenrei @ 00:06:43,https://animehistory.org/gallery/screencaps/outlaw-star/episode-23/,https://animehistory.org/gallery/screencaps/outlaw-star/episode-23/,1,2026-10-07T01:50:27.888319+00:00,bdd6269356e330f8a182f195f8c50c0b00a19b50f6e7b0273903ebdcd5e78283,,UNVERIFIED
EP-23,Hot Springs Planet Tenrei,00:06:47,407,854643,https://animehistory.org/uploads/screencaps/outlaw-star-E023-Hot-Springs-Planet-Tenrei/cap_00-06-47_4e80.jpg,Outlaw Star Ep 23: Hot Springs Planet Tenrei @ 00:06:47,https://animehistory.org/gallery/screencaps/outlaw-star/episode-23/,https://animehistory.org/gallery/screencaps/outlaw-star/episode-23/,1,2026-10-07T01:50:27.888319+00:00,bdd6269356e330f8a182f195f8c50c0b00a19b50f6e7b0273903ebdcd5e78283,,UNVERIFIED
EP-23,Hot Springs Planet Tenrei,00:06:51,411,854644,https://animehistory.org/uploads/screencaps/outlaw-star-E023-Hot-Springs-Planet-Tenrei/cap_00-06-51_3e79.jpg,Outlaw Star Ep 23: Hot Springs Planet Tenrei @ 00:06:51,https://animehistory.org/gallery/screencaps/outlaw-star/episode-23/,https://animehistory.org/gallery/screencaps/outlaw-star/episode-23/,1,2026-10-07T01:50:27.888319+00:00,bdd6269356e330f8a182f195f8c50c0b00a19b50f6e7b0273903ebdcd5e78283,,UNVERIFIED
EP-23,Hot Springs Planet Tenrei,00:06:55,415,854645,https://animehistory.org/uploads/screencaps/outlaw-star-E023-Hot-Springs-Planet-Tenrei/cap_00-06-55_161b.jpg,Outlaw Star Ep 23: Hot Springs Planet Tenrei @ 00:06:55,https://animehistory.org/gallery/screencaps/outlaw-star/episode-23/,https://animehistory.org/gallery/screencaps/outlaw-star/episode-23/,1,2026-10-07T01:50:27.888319+00:00,bdd6269356e330f8a182f195f8c50c0b00a19b50f6e7b0273903ebdcd5e78283,,UNVERIFIED
EP-23,Hot Springs Planet Tenrei,00:06:58,418,854646,https://animehistory.org/uploads/screencaps/outlaw-star-E023-Hot-Springs-Planet-Tenrei/cap_00-06-58_1192.jpg,Outlaw Star Ep 23: Hot Springs Planet Tenrei @ 00:06:58,https://animehistory.org/gallery/screencaps/outlaw-star/episode-23/,https://animehistory.org/gallery/screencaps/outlaw-star/episode-23/,1,2026-10-07T01:50:27.888319+00:00,bdd6269356e330f8a182f195f8c50c0b00a19b50f6e7b0273903ebdcd5e78283,,UNVERIFIED
EP-23,Hot Springs Planet Tenrei,00:07:02,422,854647,https://animehistory.org/uploads/screencaps/outlaw-star-E023-Hot-Springs-Planet-Tenrei/cap_00-07-02_5d6b.jpg,Outlaw Star Ep 23: Hot Springs Planet Tenrei @ 00:07:02,https://animehistory.org/gallery/screencaps/outlaw-star/episode-23/,https://animehistory.org/gallery/screencaps/outlaw-star/episode-23/,1,2026-10-07T01:50:27.888319+00:00,bdd6269356e330f8a182f195f8c50c0b00a19b50f6e7b0273903ebdcd5e78283,,UNVERIFIED
EP-23,Hot Springs Planet Tenrei,00:07:06,426,854648,https://animehistory.org/uploads/screencaps/outlaw-star-E023-Hot-Springs-Planet-Tenrei/cap_00-07-06_5d13.jpg,Outlaw Star Ep 23: Hot Springs Planet Tenrei @ 00:07:06,https://animehistory.org/gallery/screencaps/outlaw-star/episode-23/,https://animehistory.org/gallery/screencaps/outlaw-star/episode-23/,1,2026-10-07T01:50:27.888319+00:00,bdd6269356e330f8a182f195f8c50c0b00a19b50f6e7b0273903ebdcd5e78283,,UNVERIFIED
EP-23,Hot Springs Planet Tenrei,00:07:09,429,854649,https://animehistory.org/uploads/screencaps/outlaw-star-E023-Hot-Springs-Planet-Tenrei/cap_00-07-09_6f7a.jpg,Outlaw Star Ep 23: Hot Springs Planet Tenrei @ 00:07:09,https://animehistory.org/gallery/screencaps/outlaw-star/episode-23/,https://animehistory.org/gallery/screencaps/outlaw-star/episode-23/,1,2026-10-07T01:50:27.888319+00:00,bdd6269356e330f8a182f195f8c50c0b00a19b50f6e7b0273903ebdcd5e78283,,UNVERIFIED
EP-23,Hot Springs Planet Tenrei,00:07:13,433,854650,https://animehistory.org/uploads/screencaps/outlaw-star-E023-Hot-Springs-Planet-Tenrei/cap_00-07-13_7c81.jpg,Outlaw Star Ep 23: Hot Springs Planet Tenrei @ 00:07:13,https://animehistory.org/gallery/screencaps/outlaw-star/episode-23/,https://animehistory.org/gallery/screencaps/outlaw-star/episode-23/,1,2026-10-07T01:50:27.888319+00:00,bdd6269356e330f8a182f195f8c50c0b00a19b50f6e7b0273903ebdcd5e78283,,UNVERIFIED
EP-23,Hot Springs Planet Tenrei,00:07:17,437,854651,https://animehistory.org/uploads/screencaps/outlaw-star-E023-Hot-Springs-Planet-Tenrei/cap_00-07-17_2ea7.jpg,Outlaw Star Ep 23: Hot Springs Planet Tenrei @ 00:07:17,https://animehistory.org/gallery/screencaps/outlaw-star/episode-23/,https://animehistory.org/gallery/screencaps/outlaw-star/episode-23/,1,2026-10-07T01:50:27.888319+00:00,bdd6269356e330f8a182f195f8c50c0b00a19b50f6e7b0273903ebdcd5e78283,,UNVERIFIED
EP-23,Hot Springs Planet Tenrei,00:07:21,441,854652,https://animehistory.org/uploads/screencaps/outlaw-star-E023-Hot-Springs-Planet-Tenrei/cap_00-07-21_7cac.jpg,Outlaw Star Ep 23: Hot Springs Planet Tenrei @ 00:07:21,https://animehistory.org/gallery/screencaps/outlaw-star/episode-23/,https://animehistory.org/gallery/screencaps/outlaw-star/episode-23/,1,2026-10-07T01:50:27.888319+00:00,bdd6269356e330f8a182f195f8c50c0b00a19b50f6e7b0273903ebdcd5e78283,,UNVERIFIED
EP-23,Hot Springs Planet Tenrei,00:07:24,444,854653,https://animehistory.org/uploads/screencaps/outlaw-star-E023-Hot-Springs-Planet-Tenrei/cap_00-07-24_4bf5.jpg,Outlaw Star Ep 23: Hot Springs Planet Tenrei @ 00:07:24,https://animehistory.org/gallery/screencaps/outlaw-star/episode-23/,https://animehistory.org/gallery/screencaps/outlaw-star/episode-23/,1,2026-10-07T01:50:27.888319+00:00,bdd6269356e330f8a182f195f8c50c0b00a19b50f6e7b0273903ebdcd5e78283,,UNVERIFIED
EP-23,Hot Springs Planet Tenrei,00:07:28,448,854654,https://animehistory.org/uploads/screencaps/outlaw-star-E023-Hot-Springs-Planet-Tenrei/cap_00-07-28_5ec3.jpg,Outlaw Star Ep 23: Hot Springs Planet Tenrei @ 00:07:28,https://animehistory.org/gallery/screencaps/outlaw-star/episode-23/,https://animehistory.org/gallery/screencaps/outlaw-star/episode-23/,1,2026-10-07T01:50:27.888319+00:00,bdd6269356e330f8a182f195f8c50c0b00a19b50f6e7b0273903ebdcd5e78283,,UNVERIFIED
EP-23,Hot Springs Planet Tenrei,00:07:32,452,854655,https://animehistory.org/uploads/screencaps/outlaw-star-E023-Hot-Springs-Planet-Tenrei/cap_00-07-32_3a98.jpg,Outlaw Star Ep 23: Hot Springs Planet Tenrei @ 00:07:32,https://animehistory.org/gallery/screencaps/outlaw-star/episode-23/,https://animehistory.org/gallery/screencaps/outlaw-star/episode-23/,1,2026-10-07T01:50:27.888319+00:00,bdd6269356e330f8a182f195f8c50c0b00a19b50f6e7b0273903ebdcd5e78283,,UNVERIFIED
EP-23,Hot Springs Planet Tenrei,00:07:35,455,854656,https://animehistory.org/uploads/screencaps/outlaw-star-E023-Hot-Springs-Planet-Tenrei/cap_00-07-35_16f3.jpg,Outlaw Star Ep 23: Hot Springs Planet Tenrei @ 00:07:35,https://animehistory.org/gallery/screencaps/outlaw-star/episode-23/,https://animehistory.org/gallery/screencaps/outlaw-star/episode-23/,1,2026-10-07T01:50:27.888319+00:00,bdd6269356e330f8a182f195f8c50c0b00a19b50f6e7b0273903ebdcd5e78283,,UNVERIFIED
EP-23,Hot Springs Planet Tenrei,00:07:39,459,854657,https://animehistory.org/uploads/screencaps/outlaw-star-E023-Hot-Springs-Planet-Tenrei/cap_00-07-39_240f.jpg,Outlaw Star Ep 23: Hot Springs Planet Tenrei @ 00:07:39,https://animehistory.org/gallery/screencaps/outlaw-star/episode-23/,https://animehistory.org/gallery/screencaps/outlaw-star/episode-23/,1,2026-10-07T01:50:27.888319+00:00,bdd6269356e330f8a182f195f8c50c0b00a19b50f6e7b0273903ebdcd5e78283,,UNVERIFIED
EP-23,Hot Springs Planet Tenrei,00:07:43,463,854658,https://animehistory.org/uploads/screencaps/outlaw-star-E023-Hot-Springs-Planet-Tenrei/cap_00-07-43_78cd.jpg,Outlaw Star Ep 23: Hot Springs Planet Tenrei @ 00:07:43,https://animehistory.org/gallery/screencaps/outlaw-star/episode-23/,https://animehistory.org/gallery/screencaps/outlaw-star/episode-23/,1,2026-10-07T01:50:27.888319+00:00,bdd6269356e330f8a182f195f8c50c0b00a19b50f6e7b0273903ebdcd5e78283,,UNVERIFIED
EP-23,Hot Springs Planet Tenrei,00:07:46,466,854659,https://animehistory.org/uploads/screencaps/outlaw-star-E023-Hot-Springs-Planet-Tenrei/cap_00-07-46_7ca0.jpg,Outlaw Star Ep 23: Hot Springs Planet Tenrei @ 00:07:46,https://animehistory.org/gallery/screencaps/outlaw-star/episode-23/,https://animehistory.org/gallery/screencaps/outlaw-star/episode-23/,1,2026-10-07T01:50:27.888319+00:00,bdd6269356e330f8a182f195f8c50c0b00a19b50f6e7b0273903ebdcd5e78283,,UNVERIFIED
EP-23,Hot Springs Planet Tenrei,00:07:50,470,854660,https://animehistory.org/uploads/screencaps/outlaw-star-E023-Hot-Springs-Planet-Tenrei/cap_00-07-50_436b.jpg,Outlaw Star Ep 23: Hot Springs Planet Tenrei @ 00:07:50,https://animehistory.org/gallery/screencaps/outlaw-star/episode-23/,https://animehistory.org/gallery/screencaps/outlaw-star/episode-23/,1,2026-10-07T01:50:27.888319+00:00,bdd6269356e330f8a182f195f8c50c0b00a19b50f6e7b0273903ebdcd5e78283,,UNVERIFIED
EP-23,Hot Springs Planet Tenrei,00:07:54,474,854661,https://animehistory.org/uploads/screencaps/outlaw-star-E023-Hot-Springs-Planet-Tenrei/cap_00-07-54_77c3.jpg,Outlaw Star Ep 23: Hot Springs Planet Tenrei @ 00:07:54,https://animehistory.org/gallery/screencaps/outlaw-star/episode-23/,https://animehistory.org/gallery/screencaps/outlaw-star/episode-23/?page=2,2,2026-10-07T01:50:29.377423+00:00,ea223a724f6ff7c09c7ccd73a6f094f9da4f27d0e4b666a307d0af6be8016655,,UNVERIFIED
EP-23,Hot Springs Planet Tenrei,00:07:58,478,854662,https://animehistory.org/uploads/screencaps/outlaw-star-E023-Hot-Springs-Planet-Tenrei/cap_00-07-58_33dc.jpg,Outlaw Star Ep 23: Hot Springs Planet Tenrei @ 00:07:58,https://animehistory.org/gallery/screencaps/outlaw-star/episode-23/,https://animehistory.org/gallery/screencaps/outlaw-star/episode-23/?page=2,2,2026-10-07T01:50:29.377423+00:00,ea223a724f6ff7c09c7ccd73a6f094f9da4f27d0e4b666a307d0af6be8016655,,UNVERIFIED
EP-23,Hot Springs Planet Tenrei,00:08:01,481,854663,https://animehistory.org/uploads/screencaps/outlaw-star-E023-Hot-Springs-Planet-Tenrei/cap_00-08-01_49b4.jpg,Outlaw Star Ep 23: Hot Springs Planet Tenrei @ 00:08:01,https://animehistory.org/gallery/screencaps/outlaw-star/episode-23/,https://animehistory.org/gallery/screencaps/outlaw-star/episode-23/?page=2,2,2026-10-07T01:50:29.377423+00:00,ea223a724f6ff7c09c7ccd73a6f094f9da4f27d0e4b666a307d0af6be8016655,,UNVERIFIED
EP-23,Hot Springs Planet Tenrei,00:08:05,485,854664,https://animehistory.org/uploads/screencaps/outlaw-star-E023-Hot-Springs-Planet-Tenrei/cap_00-08-05_62b3.jpg,Outlaw Star Ep 23: Hot Springs Planet Tenrei @ 00:08:05,https://animehistory.org/gallery/screencaps/outlaw-star/episode-23/,https://animehistory.org/gallery/screencaps/outlaw-star/episode-23/?page=2,2,2026-10-07T01:50:29.377423+00:00,ea223a724f6ff7c09c7ccd73a6f094f9da4f27d0e4b666a307d0af6be8016655,,UNVERIFIED
EP-23,Hot Springs Planet Tenrei,00:08:09,489,854665,https://animehistory.org/uploads/screencaps/outlaw-star-E023-Hot-Springs-Planet-Tenrei/cap_00-08-09_487f.jpg,Outlaw Star Ep 23: Hot Springs Planet Tenrei @ 00:08:09,https://animehistory.org/gallery/screencaps/outlaw-star/episode-23/,https://animehistory.org/gallery/screencaps/outlaw-star/episode-23/?page=2,2,2026-10-07T01:50:29.377423+00:00,ea223a724f6ff7c09c7ccd73a6f094f9da4f27d0e4b666a307d0af6be8016655,,UNVERIFIED
EP-23,Hot Springs Planet Tenrei,00:08:12,492,854666,https://animehistory.org/uploads/screencaps/outlaw-star-E023-Hot-Springs-Planet-Tenrei/cap_00-08-12_3e8f.jpg,Outlaw Star Ep 23: Hot Springs Planet Tenrei @ 00:08:12,https://animehistory.org/gallery/screencaps/outlaw-star/episode-23/,https://animehistory.org/gallery/screencaps/outlaw-star/episode-23/?page=2,2,2026-10-07T01:50:29.377423+00:00,ea223a724f6ff7c09c7ccd73a6f094f9da4f27d0e4b666a307d0af6be8016655,,UNVERIFIED
EP-23,Hot Springs Planet Tenrei,00:08:16,496,854667,https://animehistory.org/uploads/screencaps/outlaw-star-E023-Hot-Springs-Planet-Tenrei/cap_00-08-16_1deb.jpg,Outlaw Star Ep 23: Hot Springs Planet Tenrei @ 00:08:16,https://animehistory.org/gallery/screencaps/outlaw-star/episode-23/,https://animehistory.org/gallery/screencaps/outlaw-star/episode-23/?page=2,2,2026-10-07T01:50:29.377423+00:00,ea223a724f6ff7c09c7ccd73a6f094f9da4f27d0e4b666a307d0af6be8016655,,UNVERIFIED
EP-23,Hot Springs Planet Tenrei,00:08:20,500,854668,https://animehistory.org/uploads/screencaps/outlaw-star-E023-Hot-Springs-Planet-Tenrei/cap_00-08-20_0f37.jpg,Outlaw Star Ep 23: Hot Springs Planet Tenrei @ 00:08:20,https://animehistory.org/gallery/screencaps/outlaw-star/episode-23/,https://animehistory.org/gallery/screencaps/outlaw-star/episode-23/?page=2,2,2026-10-07T01:50:29.377423+00:00,ea223a724f6ff7c09c7ccd73a6f094f9da4f27d0e4b666a307d0af6be8016655,,UNVERIFIED
EP-23,Hot Springs Planet Tenrei,00:08:24,504,854669,https://animehistory.org/uploads/screencaps/outlaw-star-E023-Hot-Springs-Planet-Tenrei/cap_00-08-24_4c6a.jpg,Outlaw Star Ep 23: Hot Springs Planet Tenrei @ 00:08:24,https://animehistory.org/gallery/screencaps/outlaw-star/episode-23/,https://animehistory.org/gallery/screencaps/outlaw-star/episode-23/?page=2,2,2026-10-07T01:50:29.377423+00:00,ea223a724f6ff7c09c7ccd73a6f094f9da4f27d0e4b666a307d0af6be8016655,,UNVERIFIED
EP-23,Hot Springs Planet Tenrei,00:08:27,507,854670,https://animehistory.org/uploads/screencaps/outlaw-star-E023-Hot-Springs-Planet-Tenrei/cap_00-08-27_20d8.jpg,Outlaw Star Ep 23: Hot Springs Planet Tenrei @ 00:08:27,https://animehistory.org/gallery/screencaps/outlaw-star/episode-23/,https://animehistory.org/gallery/screencaps/outlaw-star/episode-23/?page=2,2,2026-10-07T01:50:29.377423+00:00,ea223a724f6ff7c09c7ccd73a6f094f9da4f27d0e4b666a307d0af6be8016655,,UNVERIFIED
EP-23,Hot Springs Planet Tenrei,00:08:31,511,854671,https://animehistory.org/uploads/screencaps/outlaw-star-E023-Hot-Springs-Planet-Tenrei/cap_00-08-31_1a1b.jpg,Outlaw Star Ep 23: Hot Springs Planet Tenrei @ 00:08:31,https://animehistory.org/gallery/screencaps/outlaw-star/episode-23/,https://animehistory.org/gallery/screencaps/outlaw-star/episode-23/?page=2,2,2026-10-07T01:50:29.377423+00:00,ea223a724f6ff7c09c7ccd73a6f094f9da4f27d0e4b666a307d0af6be8016655,,UNVERIFIED
EP-23,Hot Springs Planet Tenrei,00:08:35,515,854672,https://animehistory.org/uploads/screencaps/outlaw-star-E023-Hot-Springs-Planet-Tenrei/cap_00-08-35_0987.jpg,Outlaw Star Ep 23: Hot Springs Planet Tenrei @ 00:08:35,https://animehistory.org/gallery/screencaps/outlaw-star/episode-23/,https://animehistory.org/gallery/screencaps/outlaw-star/episode-23/?page=2,2,2026-10-07T01:50:29.377423+00:00,ea223a724f6ff7c09c7ccd73a6f094f9da4f27d0e4b666a307d0af6be8016655,,UNVERIFIED
EP-23,Hot Springs Planet Tenrei,00:08:38,518,854673,https://animehistory.org/uploads/screencaps/outlaw-star-E023-Hot-Springs-Planet-Tenrei/cap_00-08-38_7b12.jpg,Outlaw Star Ep 23: Hot Springs Planet Tenrei @ 00:08:38,https://animehistory.org/gallery/screencaps/outlaw-star/episode-23/,https://animehistory.org/gallery/screencaps/outlaw-star/episode-23/?page=2,2,2026-10-07T01:50:29.377423+00:00,ea223a724f6ff7c09c7ccd73a6f094f9da4f27d0e4b666a307d0af6be8016655,,UNVERIFIED
EP-23,Hot Springs Planet Tenrei,00:08:42,522,854674,https://animehistory.org/uploads/screencaps/outlaw-star-E023-Hot-Springs-Planet-Tenrei/cap_00-08-42_7690.jpg,Outlaw Star Ep 23: Hot Springs Planet Tenrei @ 00:08:42,https://animehistory.org/gallery/screencaps/outlaw-star/episode-23/,https://animehistory.org/gallery/screencaps/outlaw-star/episode-23/?page=2,2,2026-10-07T01:50:29.377423+00:00,ea223a724f6ff7c09c7ccd73a6f094f9da4f27d0e4b666a307d0af6be8016655,,UNVERIFIED
EP-23,Hot Springs Planet Tenrei,00:08:46,526,854675,https://animehistory.org/uploads/screencaps/outlaw-star-E023-Hot-Springs-Planet-Tenrei/cap_00-08-46_60e7.jpg,Outlaw Star Ep 23: Hot Springs Planet Tenrei @ 00:08:46,https://animehistory.org/gallery/screencaps/outlaw-star/episode-23/,https://animehistory.org/gallery/screencaps/outlaw-star/episode-23/?page=2,2,2026-10-07T01:50:29.377423+00:00,ea223a724f6ff7c09c7ccd73a6f094f9da4f27d0e4b666a307d0af6be8016655,,UNVERIFIED
EP-23,Hot Springs Planet Tenrei,00:08:50,530,854676,https://animehistory.org/uploads/screencaps/outlaw-star-E023-Hot-Springs-Planet-Tenrei/cap_00-08-50_1b44.jpg,Outlaw Star Ep 23: Hot Springs Planet Tenrei @ 00:08:50,https://animehistory.org/gallery/screencaps/outlaw-star/episode-23/,https://animehistory.org/gallery/screencaps/outlaw-star/episode-23/?page=2,2,2026-10-07T01:50:29.377423+00:00,ea223a724f6ff7c09c7ccd73a6f094f9da4f27d0e4b666a307d0af6be8016655,,UNVERIFIED
EP-23,Hot Springs Planet Tenrei,00:08:53,533,854677,https://animehistory.org/uploads/screencaps/outlaw-star-E023-Hot-Springs-Planet-Tenrei/cap_00-08-53_1f8c.jpg,Outlaw Star Ep 23: Hot Springs Planet Tenrei @ 00:08:53,https://animehistory.org/gallery/screencaps/outlaw-star/episode-23/,https://animehistory.org/gallery/screencaps/outlaw-star/episode-23/?page=2,2,2026-10-07T01:50:29.377423+00:00,ea223a724f6ff7c09c7ccd73a6f094f9da4f27d0e4b666a307d0af6be8016655,,UNVERIFIED
EP-23,Hot Springs Planet Tenrei,00:08:57,537,854678,https://animehistory.org/uploads/screencaps/outlaw-star-E023-Hot-Springs-Planet-Tenrei/cap_00-08-57_0968.jpg,Outlaw Star Ep 23: Hot Springs Planet Tenrei @ 00:08:57,https://animehistory.org/gallery/screencaps/outlaw-star/episode-23/,https://animehistory.org/gallery/screencaps/outlaw-star/episode-23/?page=2,2,2026-10-07T01:50:29.377423+00:00,ea223a724f6ff7c09c7ccd73a6f094f9da4f27d0e4b666a307d0af6be8016655,,UNVERIFIED
EP-23,Hot Springs Planet Tenrei,00:09:01,541,854679,https://animehistory.org/uploads/screencaps/outlaw-star-E023-Hot-Springs-Planet-Tenrei/cap_00-09-01_413e.jpg,Outlaw Star Ep 23: Hot Springs Planet Tenrei @ 00:09:01,https://animehistory.org/gallery/screencaps/outlaw-star/episode-23/,https://animehistory.org/gallery/screencaps/outlaw-star/episode-23/?page=2,2,2026-10-07T01:50:29.377423+00:00,ea223a724f6ff7c09c7ccd73a6f094f9da4f27d0e4b666a307d0af6be8016655,,UNVERIFIED
EP-23,Hot Springs Planet Tenrei,00:09:04,544,854680,https://animehistory.org/uploads/screencaps/outlaw-star-E023-Hot-Springs-Planet-Tenrei/cap_00-09-04_5433.jpg,Outlaw Star Ep 23: Hot Springs Planet Tenrei @ 00:09:04,https://animehistory.org/gallery/screencaps/outlaw-star/episode-23/,https://animehistory.org/gallery/screencaps/outlaw-star/episode-23/?page=2,2,2026-10-07T01:50:29.377423+00:00,ea223a724f6ff7c09c7ccd73a6f094f9da4f27d0e4b666a307d0af6be8016655,,UNVERIFIED
EP-23,Hot Springs Planet Tenrei,00:09:08,548,854681,https://animehistory.org/uploads/screencaps/outlaw-star-E023-Hot-Springs-Planet-Tenrei/cap_00-09-08_07c9.jpg,Outlaw Star Ep 23: Hot Springs Planet Tenrei @ 00:09:08,https://animehistory.org/gallery/screencaps/outlaw-star/episode-23/,https://animehistory.org/gallery/screencaps/outlaw-star/episode-23/?page=2,2,2026-10-07T01:50:29.377423+00:00,ea223a724f6ff7c09c7ccd73a6f094f9da4f27d0e4b666a307d0af6be8016655,,UNVERIFIED
EP-23,Hot Springs Planet Tenrei,00:09:12,552,854682,https://animehistory.org/uploads/screencaps/outlaw-star-E023-Hot-Springs-Planet-Tenrei/cap_00-09-12_19a1.jpg,Outlaw Star Ep 23: Hot Springs Planet Tenrei @ 00:09:12,https://animehistory.org/gallery/screencaps/outlaw-star/episode-23/,https://animehistory.org/gallery/screencaps/outlaw-star/episode-23/?page=2,2,2026-10-07T01:50:29.377423+00:00,ea223a724f6ff7c09c7ccd73a6f094f9da4f27d0e4b666a307d0af6be8016655,,UNVERIFIED
EP-23,Hot Springs Planet Tenrei,00:09:15,555,854683,https://animehistory.org/uploads/screencaps/outlaw-star-E023-Hot-Springs-Planet-Tenrei/cap_00-09-15_2fb6.jpg,Outlaw Star Ep 23: Hot Springs Planet Tenrei @ 00:09:15,https://animehistory.org/gallery/screencaps/outlaw-star/episode-23/,https://animehistory.org/gallery/screencaps/outlaw-star/episode-23/?page=2,2,2026-10-07T01:50:29.377423+00:00,ea223a724f6ff7c09c7ccd73a6f094f9da4f27d0e4b666a307d0af6be8016655,,UNVERIFIED
EP-23,Hot Springs Planet Tenrei,00:09:19,559,854684,https://animehistory.org/uploads/screencaps/outlaw-star-E023-Hot-Springs-Planet-Tenrei/cap_00-09-19_3ed8.jpg,Outlaw Star Ep 23: Hot Springs Planet Tenrei @ 00:09:19,https://animehistory.org/gallery/screencaps/outlaw-star/episode-23/,https://animehistory.org/gallery/screencaps/outlaw-star/episode-23/?page=2,2,2026-10-07T01:50:29.377423+00:00,ea223a724f6ff7c09c7ccd73a6f094f9da4f27d0e4b666a307d0af6be8016655,,UNVERIFIED
EP-23,Hot Springs Planet Tenrei,00:09:23,563,854685,https://animehistory.org/uploads/screencaps/outlaw-star-E023-Hot-Springs-Planet-Tenrei/cap_00-09-23_6583.jpg,Outlaw Star Ep 23: Hot Springs Planet Tenrei @ 00:09:23,https://animehistory.org/gallery/screencaps/outlaw-star/episode-23/,https://animehistory.org/gallery/screencaps/outlaw-star/episode-23/?page=2,2,2026-10-07T01:50:29.377423+00:00,ea223a724f6ff7c09c7ccd73a6f094f9da4f27d0e4b666a307d0af6be8016655,,UNVERIFIED
EP-23,Hot Springs Planet Tenrei,00:09:27,567,854686,https://animehistory.org/uploads/screencaps/outlaw-star-E023-Hot-Springs-Planet-Tenrei/cap_00-09-27_469f.jpg,Outlaw Star Ep 23: Hot Springs Planet Tenrei @ 00:09:27,https://animehistory.org/gallery/screencaps/outlaw-star/episode-23/,https://animehistory.org/gallery/screencaps/outlaw-star/episode-23/?page=2,2,2026-10-07T01:50:29.377423+00:00,ea223a724f6ff7c09c7ccd73a6f094f9da4f27d0e4b666a307d0af6be8016655,,UNVERIFIED
EP-23,Hot Springs Planet Tenrei,00:09:30,570,854687,https://animehistory.org/uploads/screencaps/outlaw-star-E023-Hot-Springs-Planet-Tenrei/cap_00-09-30_2cb4.jpg,Outlaw Star Ep 23: Hot Springs Planet Tenrei @ 00:09:30,https://animehistory.org/gallery/screencaps/outlaw-star/episode-23/,https://animehistory.org/gallery/screencaps/outlaw-star/episode-23/?page=2,2,2026-10-07T01:50:29.377423+00:00,ea223a724f6ff7c09c7ccd73a6f094f9da4f27d0e4b666a307d0af6be8016655,,UNVERIFIED
EP-23,Hot Springs Planet Tenrei,00:09:34,574,854688,https://animehistory.org/uploads/screencaps/outlaw-star-E023-Hot-Springs-Planet-Tenrei/cap_00-09-34_360d.jpg,Outlaw Star Ep 23: Hot Springs Planet Tenrei @ 00:09:34,https://animehistory.org/gallery/screencaps/outlaw-star/episode-23/,https://animehistory.org/gallery/screencaps/outlaw-star/episode-23/?page=2,2,2026-10-07T01:50:29.377423+00:00,ea223a724f6ff7c09c7ccd73a6f094f9da4f27d0e4b666a307d0af6be8016655,,UNVERIFIED
EP-23,Hot Springs Planet Tenrei,00:09:38,578,854689,https://animehistory.org/uploads/screencaps/outlaw-star-E023-Hot-Springs-Planet-Tenrei/cap_00-09-38_10c9.jpg,Outlaw Star Ep 23: Hot Springs Planet Tenrei @ 00:09:38,https://animehistory.org/gallery/screencaps/outlaw-star/episode-23/,https://animehistory.org/gallery/screencaps/outlaw-star/episode-23/?page=2,2,2026-10-07T01:50:29.377423+00:00,ea223a724f6ff7c09c7ccd73a6f094f9da4f27d0e4b666a307d0af6be8016655,,UNVERIFIED
EP-23,Hot Springs Planet Tenrei,00:09:41,581,854690,https://animehistory.org/uploads/screencaps/outlaw-star-E023-Hot-Springs-Planet-Tenrei/cap_00-09-41_383d.jpg,Outlaw Star Ep 23: Hot Springs Planet Tenrei @ 00:09:41,https://animehistory.org/gallery/screencaps/outlaw-star/episode-23/,https://animehistory.org/gallery/screencaps/outlaw-star/episode-23/?page=2,2,2026-10-07T01:50:29.377423+00:00,ea223a724f6ff7c09c7ccd73a6f094f9da4f27d0e4b666a307d0af6be8016655,,UNVERIFIED
EP-23,Hot Springs Planet Tenrei,00:09:45,585,854691,https://animehistory.org/uploads/screencaps/outlaw-star-E023-Hot-Springs-Planet-Tenrei/cap_00-09-45_55c3.jpg,Outlaw Star Ep 23: Hot Springs Planet Tenrei @ 00:09:45,https://animehistory.org/gallery/screencaps/outlaw-star/episode-23/,https://animehistory.org/gallery/screencaps/outlaw-star/episode-23/?page=2,2,2026-10-07T01:50:29.377423+00:00,ea223a724f6ff7c09c7ccd73a6f094f9da4f27d0e4b666a307d0af6be8016655,,UNVERIFIED
EP-23,Hot Springs Planet Tenrei,00:09:49,589,854692,https://animehistory.org/uploads/screencaps/outlaw-star-E023-Hot-Springs-Planet-Tenrei/cap_00-09-49_50e2.jpg,Outlaw Star Ep 23: Hot Springs Planet Tenrei @ 00:09:49,https://animehistory.org/gallery/screencaps/outlaw-star/episode-23/,https://animehistory.org/gallery/screencaps/outlaw-star/episode-23/?page=2,2,2026-10-07T01:50:29.377423+00:00,ea223a724f6ff7c09c7ccd73a6f094f9da4f27d0e4b666a307d0af6be8016655,,UNVERIFIED
EP-23,Hot Springs Planet Tenrei,00:09:53,593,854693,https://animehistory.org/uploads/screencaps/outlaw-star-E023-Hot-Springs-Planet-Tenrei/cap_00-09-53_461b.jpg,Outlaw Star Ep 23: Hot Springs Planet Tenrei @ 00:09:53,https://animehistory.org/gallery/screencaps/outlaw-star/episode-23/,https://animehistory.org/gallery/screencaps/outlaw-star/episode-23/?page=2,2,2026-10-07T01:50:29.377423+00:00,ea223a724f6ff7c09c7ccd73a6f094f9da4f27d0e4b666a307d0af6be8016655,,UNVERIFIED
EP-23,Hot Springs Planet Tenrei,00:09:56,596,854694,https://animehistory.org/uploads/screencaps/outlaw-star-E023-Hot-Springs-Planet-Tenrei/cap_00-09-56_4119.jpg,Outlaw Star Ep 23: Hot Springs Planet Tenrei @ 00:09:56,https://animehistory.org/gallery/screencaps/outlaw-star/episode-23/,https://animehistory.org/gallery/screencaps/outlaw-star/episode-23/?page=2,2,2026-10-07T01:50:29.377423+00:00,ea223a724f6ff7c09c7ccd73a6f094f9da4f27d0e4b666a307d0af6be8016655,,UNVERIFIED
EP-23,Hot Springs Planet Tenrei,00:10:00,600,854695,https://animehistory.org/uploads/screencaps/outlaw-star-E023-Hot-Springs-Planet-Tenrei/cap_00-10-00_110c.jpg,Outlaw Star Ep 23: Hot Springs Planet Tenrei @ 00:10:00,https://animehistory.org/gallery/screencaps/outlaw-star/episode-23/,https://animehistory.org/gallery/screencaps/outlaw-star/episode-23/?page=2,2,2026-10-07T01:50:29.377423+00:00,ea223a724f6ff7c09c7ccd73a6f094f9da4f27d0e4b666a307d0af6be8016655,,UNVERIFIED
EP-23,Hot Springs Planet Tenrei,00:10:04,604,854696,https://animehistory.org/uploads/screencaps/outlaw-star-E023-Hot-Springs-Planet-Tenrei/cap_00-10-04_2019.jpg,Outlaw Star Ep 23: Hot Springs Planet Tenrei @ 00:10:04,https://animehistory.org/gallery/screencaps/outlaw-star/episode-23/,https://animehistory.org/gallery/screencaps/outlaw-star/episode-23/?page=2,2,2026-10-07T01:50:29.377423+00:00,ea223a724f6ff7c09c7ccd73a6f094f9da4f27d0e4b666a307d0af6be8016655,,UNVERIFIED
EP-23,Hot Springs Planet Tenrei,00:10:07,607,854697,https://animehistory.org/uploads/screencaps/outlaw-star-E023-Hot-Springs-Planet-Tenrei/cap_00-10-07_798c.jpg,Outlaw Star Ep 23: Hot Springs Planet Tenrei @ 00:10:07,https://animehistory.org/gallery/screencaps/outlaw-star/episode-23/,https://animehistory.org/gallery/screencaps/outlaw-star/episode-23/?page=2,2,2026-10-07T01:50:29.377423+00:00,ea223a724f6ff7c09c7ccd73a6f094f9da4f27d0e4b666a307d0af6be8016655,,UNVERIFIED
EP-23,Hot Springs Planet Tenrei,00:10:11,611,854698,https://animehistory.org/uploads/screencaps/outlaw-star-E023-Hot-Springs-Planet-Tenrei/cap_00-10-11_3bad.jpg,Outlaw Star Ep 23: Hot Springs Planet Tenrei @ 00:10:11,https://animehistory.org/gallery/screencaps/outlaw-star/episode-23/,https://animehistory.org/gallery/screencaps/outlaw-star/episode-23/?page=2,2,2026-10-07T01:50:29.377423+00:00,ea223a724f6ff7c09c7ccd73a6f094f9da4f27d0e4b666a307d0af6be8016655,,UNVERIFIED
EP-23,Hot Springs Planet Tenrei,00:10:15,615,854699,https://animehistory.org/uploads/screencaps/outlaw-star-E023-Hot-Springs-Planet-Tenrei/cap_00-10-15_5d6b.jpg,Outlaw Star Ep 23: Hot Springs Planet Tenrei @ 00:10:15,https://animehistory.org/gallery/screencaps/outlaw-star/episode-23/,https://animehistory.org/gallery/screencaps/outlaw-star/episode-23/?page=2,2,2026-10-07T01:50:29.377423+00:00,ea223a724f6ff7c09c7ccd73a6f094f9da4f27d0e4b666a307d0af6be8016655,,UNVERIFIED
EP-23,Hot Springs Planet Tenrei,00:10:18,618,854700,https://animehistory.org/uploads/screencaps/outlaw-star-E023-Hot-Springs-Planet-Tenrei/cap_00-10-18_6233.jpg,Outlaw Star Ep 23: Hot Springs Planet Tenrei @ 00:10:18,https://animehistory.org/gallery/screencaps/outlaw-star/episode-23/,https://animehistory.org/gallery/screencaps/outlaw-star/episode-23/?page=2,2,2026-10-07T01:50:29.377423+00:00,ea223a724f6ff7c09c7ccd73a6f094f9da4f27d0e4b666a307d0af6be8016655,,UNVERIFIED
EP-23,Hot Springs Planet Tenrei,00:10:22,622,854701,https://animehistory.org/uploads/screencaps/outlaw-star-E023-Hot-Springs-Planet-Tenrei/cap_00-10-22_7f1c.jpg,Outlaw Star Ep 23: Hot Springs Planet Tenrei @ 00:10:22,https://animehistory.org/gallery/screencaps/outlaw-star/episode-23/,https://animehistory.org/gallery/screencaps/outlaw-star/episode-23/?page=2,2,2026-10-07T01:50:29.377423+00:00,ea223a724f6ff7c09c7ccd73a6f094f9da4f27d0e4b666a307d0af6be8016655,,UNVERIFIED
EP-23,Hot Springs Planet Tenrei,00:10:26,626,854702,https://animehistory.org/uploads/screencaps/outlaw-star-E023-Hot-Springs-Planet-Tenrei/cap_00-10-26_056d.jpg,Outlaw Star Ep 23: Hot Springs Planet Tenrei @ 00:10:26,https://animehistory.org/gallery/screencaps/outlaw-star/episode-23/,https://animehistory.org/gallery/screencaps/outlaw-star/episode-23/?page=2,2,2026-10-07T01:50:29.377423+00:00,ea223a724f6ff7c09c7ccd73a6f094f9da4f27d0e4b666a307d0af6be8016655,,UNVERIFIED
EP-23,Hot Springs Planet Tenrei,00:10:30,630,854703,https://animehistory.org/uploads/screencaps/outlaw-star-E023-Hot-Springs-Planet-Tenrei/cap_00-10-30_5fd6.jpg,Outlaw Star Ep 23: Hot Springs Planet Tenrei @ 00:10:30,https://animehistory.org/gallery/screencaps/outlaw-star/episode-23/,https://animehistory.org/gallery/screencaps/outlaw-star/episode-23/?page=2,2,2026-10-07T01:50:29.377423+00:00,ea223a724f6ff7c09c7ccd73a6f094f9da4f27d0e4b666a307d0af6be8016655,,UNVERIFIED
EP-23,Hot Springs Planet Tenrei,00:10:33,633,854704,https://animehistory.org/uploads/screencaps/outlaw-star-E023-Hot-Springs-Planet-Tenrei/cap_00-10-33_1ca7.jpg,Outlaw Star Ep 23: Hot Springs Planet Tenrei @ 00:10:33,https://animehistory.org/gallery/screencaps/outlaw-star/episode-23/,https://animehistory.org/gallery/screencaps/outlaw-star/episode-23/?page=2,2,2026-10-07T01:50:29.377423+00:00,ea223a724f6ff7c09c7ccd73a6f094f9da4f27d0e4b666a307d0af6be8016655,,UNVERIFIED
EP-23,Hot Springs Planet Tenrei,00:10:37,637,854705,https://animehistory.org/uploads/screencaps/outlaw-star-E023-Hot-Springs-Planet-Tenrei/cap_00-10-37_2dce.jpg,Outlaw Star Ep 23: Hot Springs Planet Tenrei @ 00:10:37,https://animehistory.org/gallery/screencaps/outlaw-star/episode-23/,https://animehistory.org/gallery/screencaps/outlaw-star/episode-23/?page=2,2,2026-10-07T01:50:29.377423+00:00,ea223a724f6ff7c09c7ccd73a6f094f9da4f27d0e4b666a307d0af6be8016655,,UNVERIFIED
EP-23,Hot Springs Planet Tenrei,00:10:41,641,854706,https://animehistory.org/uploads/screencaps/outlaw-star-E023-Hot-Springs-Planet-Tenrei/cap_00-10-41_60e9.jpg,Outlaw Star Ep 23: Hot Springs Planet Tenrei @ 00:10:41,https://animehistory.org/gallery/screencaps/outlaw-star/episode-23/,https://animehistory.org/gallery/screencaps/outlaw-star/episode-23/?page=2,2,2026-10-07T01:50:29.377423+00:00,ea223a724f6ff7c09c7ccd73a6f094f9da4f27d0e4b666a307d0af6be8016655,,UNVERIFIED
EP-23,Hot Springs Planet Tenrei,00:10:44,644,854707,https://animehistory.org/uploads/screencaps/outlaw-star-E023-Hot-Springs-Planet-Tenrei/cap_00-10-44_1a8d.jpg,Outlaw Star Ep 23: Hot Springs Planet Tenrei @ 00:10:44,https://animehistory.org/gallery/screencaps/outlaw-star/episode-23/,https://animehistory.org/gallery/screencaps/outlaw-star/episode-23/?page=2,2,2026-10-07T01:50:29.377423+00:00,ea223a724f6ff7c09c7ccd73a6f094f9da4f27d0e4b666a307d0af6be8016655,,UNVERIFIED
EP-23,Hot Springs Planet Tenrei,00:10:48,648,854708,https://animehistory.org/uploads/screencaps/outlaw-star-E023-Hot-Springs-Planet-Tenrei/cap_00-10-48_6d6f.jpg,Outlaw Star Ep 23: Hot Springs Planet Tenrei @ 00:10:48,https://animehistory.org/gallery/screencaps/outlaw-star/episode-23/,https://animehistory.org/gallery/screencaps/outlaw-star/episode-23/?page=2,2,2026-10-07T01:50:29.377423+00:00,ea223a724f6ff7c09c7ccd73a6f094f9da4f27d0e4b666a307d0af6be8016655,,UNVERIFIED
EP-23,Hot Springs Planet Tenrei,00:10:52,652,854709,https://animehistory.org/uploads/screencaps/outlaw-star-E023-Hot-Springs-Planet-Tenrei/cap_00-10-52_048c.jpg,Outlaw Star Ep 23: Hot Springs Planet Tenrei @ 00:10:52,https://animehistory.org/gallery/screencaps/outlaw-star/episode-23/,https://animehistory.org/gallery/screencaps/outlaw-star/episode-23/?page=2,2,2026-10-07T01:50:29.377423+00:00,ea223a724f6ff7c09c7ccd73a6f094f9da4f27d0e4b666a307d0af6be8016655,,UNVERIFIED
EP-23,Hot Springs Planet Tenrei,00:10:56,656,854710,https://animehistory.org/uploads/screencaps/outlaw-star-E023-Hot-Springs-Planet-Tenrei/cap_00-10-56_726d.jpg,Outlaw Star Ep 23: Hot Springs Planet Tenrei @ 00:10:56,https://animehistory.org/gallery/screencaps/outlaw-star/episode-23/,https://animehistory.org/gallery/screencaps/outlaw-star/episode-23/?page=2,2,2026-10-07T01:50:29.377423+00:00,ea223a724f6ff7c09c7ccd73a6f094f9da4f27d0e4b666a307d0af6be8016655,,UNVERIFIED
EP-23,Hot Springs Planet Tenrei,00:10:59,659,854711,https://animehistory.org/uploads/screencaps/outlaw-star-E023-Hot-Springs-Planet-Tenrei/cap_00-10-59_0689.jpg,Outlaw Star Ep 23: Hot Springs Planet Tenrei @ 00:10:59,https://animehistory.org/gallery/screencaps/outlaw-star/episode-23/,https://animehistory.org/gallery/screencaps/outlaw-star/episode-23/?page=2,2,2026-10-07T01:50:29.377423+00:00,ea223a724f6ff7c09c7ccd73a6f094f9da4f27d0e4b666a307d0af6be8016655,,UNVERIFIED
EP-23,Hot Springs Planet Tenrei,00:11:03,663,854712,https://animehistory.org/uploads/screencaps/outlaw-star-E023-Hot-Springs-Planet-Tenrei/cap_00-11-03_7ab2.jpg,Outlaw Star Ep 23: Hot Springs Planet Tenrei @ 00:11:03,https://animehistory.org/gallery/screencaps/outlaw-star/episode-23/,https://animehistory.org/gallery/screencaps/outlaw-star/episode-23/?page=2,2,2026-10-07T01:50:29.377423+00:00,ea223a724f6ff7c09c7ccd73a6f094f9da4f27d0e4b666a307d0af6be8016655,,UNVERIFIED
EP-23,Hot Springs Planet Tenrei,00:11:07,667,854713,https://animehistory.org/uploads/screencaps/outlaw-star-E023-Hot-Springs-Planet-Tenrei/cap_00-11-07_21dd.jpg,Outlaw Star Ep 23: Hot Springs Planet Tenrei @ 00:11:07,https://animehistory.org/gallery/screencaps/outlaw-star/episode-23/,https://animehistory.org/gallery/screencaps/outlaw-star/episode-23/?page=2,2,2026-10-07T01:50:29.377423+00:00,ea223a724f6ff7c09c7ccd73a6f094f9da4f27d0e4b666a307d0af6be8016655,,UNVERIFIED
EP-23,Hot Springs Planet Tenrei,00:11:10,670,854714,https://animehistory.org/uploads/screencaps/outlaw-star-E023-Hot-Springs-Planet-Tenrei/cap_00-11-10_3ae8.jpg,Outlaw Star Ep 23: Hot Springs Planet Tenrei @ 00:11:10,https://animehistory.org/gallery/screencaps/outlaw-star/episode-23/,https://animehistory.org/gallery/screencaps/outlaw-star/episode-23/?page=2,2,2026-10-07T01:50:29.377423+00:00,ea223a724f6ff7c09c7ccd73a6f094f9da4f27d0e4b666a307d0af6be8016655,,UNVERIFIED
EP-23,Hot Springs Planet Tenrei,00:11:14,674,854715,https://animehistory.org/uploads/screencaps/outlaw-star-E023-Hot-Springs-Planet-Tenrei/cap_00-11-14_14d9.jpg,Outlaw Star Ep 23: Hot Springs Planet Tenrei @ 00:11:14,https://animehistory.org/gallery/screencaps/outlaw-star/episode-23/,https://animehistory.org/gallery/screencaps/outlaw-star/episode-23/?page=2,2,2026-10-07T01:50:29.377423+00:00,ea223a724f6ff7c09c7ccd73a6f094f9da4f27d0e4b666a307d0af6be8016655,,UNVERIFIED
EP-23,Hot Springs Planet Tenrei,00:11:18,678,854716,https://animehistory.org/uploads/screencaps/outlaw-star-E023-Hot-Springs-Planet-Tenrei/cap_00-11-18_4e40.jpg,Outlaw Star Ep 23: Hot Springs Planet Tenrei @ 00:11:18,https://animehistory.org/gallery/screencaps/outlaw-star/episode-23/,https://animehistory.org/gallery/screencaps/outlaw-star/episode-23/?page=2,2,2026-10-07T01:50:29.377423+00:00,ea223a724f6ff7c09c7ccd73a6f094f9da4f27d0e4b666a307d0af6be8016655,,UNVERIFIED
EP-23,Hot Springs Planet Tenrei,00:11:22,682,854717,https://animehistory.org/uploads/screencaps/outlaw-star-E023-Hot-Springs-Planet-Tenrei/cap_00-11-22_7a75.jpg,Outlaw Star Ep 23: Hot Springs Planet Tenrei @ 00:11:22,https://animehistory.org/gallery/screencaps/outlaw-star/episode-23/,https://animehistory.org/gallery/screencaps/outlaw-star/episode-23/?page=2,2,2026-10-07T01:50:29.377423+00:00,ea223a724f6ff7c09c7ccd73a6f094f9da4f27d0e4b666a307d0af6be8016655,,UNVERIFIED
EP-23,Hot Springs Planet Tenrei,00:11:25,685,854718,https://animehistory.org/uploads/screencaps/outlaw-star-E023-Hot-Springs-Planet-Tenrei/cap_00-11-25_5744.jpg,Outlaw Star Ep 23: Hot Springs Planet Tenrei @ 00:11:25,https://animehistory.org/gallery/screencaps/outlaw-star/episode-23/,https://animehistory.org/gallery/screencaps/outlaw-star/episode-23/?page=2,2,2026-10-07T01:50:29.377423+00:00,ea223a724f6ff7c09c7ccd73a6f094f9da4f27d0e4b666a307d0af6be8016655,,UNVERIFIED
EP-23,Hot Springs Planet Tenrei,00:11:29,689,854719,https://animehistory.org/uploads/screencaps/outlaw-star-E023-Hot-Springs-Planet-Tenrei/cap_00-11-29_1182.jpg,Outlaw Star Ep 23: Hot Springs Planet Tenrei @ 00:11:29,https://animehistory.org/gallery/screencaps/outlaw-star/episode-23/,https://animehistory.org/gallery/screencaps/outlaw-star/episode-23/?page=2,2,2026-10-07T01:50:29.377423+00:00,ea223a724f6ff7c09c7ccd73a6f094f9da4f27d0e4b666a307d0af6be8016655,,UNVERIFIED
EP-23,Hot Springs Planet Tenrei,00:11:33,693,854720,https://animehistory.org/uploads/screencaps/outlaw-star-E023-Hot-Springs-Planet-Tenrei/cap_00-11-33_6691.jpg,Outlaw Star Ep 23: Hot Springs Planet Tenrei @ 00:11:33,https://animehistory.org/gallery/screencaps/outlaw-star/episode-23/,https://animehistory.org/gallery/screencaps/outlaw-star/episode-23/?page=2,2,2026-10-07T01:50:29.377423+00:00,ea223a724f6ff7c09c7ccd73a6f094f9da4f27d0e4b666a307d0af6be8016655,,UNVERIFIED
EP-23,Hot Springs Planet Tenrei,00:11:36,696,854721,https://animehistory.org/uploads/screencaps/outlaw-star-E023-Hot-Springs-Planet-Tenrei/cap_00-11-36_7437.jpg,Outlaw Star Ep 23: Hot Springs Planet Tenrei @ 00:11:36,https://animehistory.org/gallery/screencaps/outlaw-star/episode-23/,https://animehistory.org/gallery/screencaps/outlaw-star/episode-23/?page=2,2,2026-10-07T01:50:29.377423+00:00,ea223a724f6ff7c09c7ccd73a6f094f9da4f27d0e4b666a307d0af6be8016655,,UNVERIFIED
EP-23,Hot Springs Planet Tenrei,00:11:40,700,854722,https://animehistory.org/uploads/screencaps/outlaw-star-E023-Hot-Springs-Planet-Tenrei/cap_00-11-40_5242.jpg,Outlaw Star Ep 23: Hot Springs Planet Tenrei @ 00:11:40,https://animehistory.org/gallery/screencaps/outlaw-star/episode-23/,https://animehistory.org/gallery/screencaps/outlaw-star/episode-23/?page=2,2,2026-10-07T01:50:29.377423+00:00,ea223a724f6ff7c09c7ccd73a6f094f9da4f27d0e4b666a307d0af6be8016655,,UNVERIFIED
EP-23,Hot Springs Planet Tenrei,00:11:44,704,854723,https://animehistory.org/uploads/screencaps/outlaw-star-E023-Hot-Springs-Planet-Tenrei/cap_00-11-44_163c.jpg,Outlaw Star Ep 23: Hot Springs Planet Tenrei @ 00:11:44,https://animehistory.org/gallery/screencaps/outlaw-star/episode-23/,https://animehistory.org/gallery/screencaps/outlaw-star/episode-23/?page=2,2,2026-10-07T01:50:29.377423+00:00,ea223a724f6ff7c09c7ccd73a6f094f9da4f27d0e4b666a307d0af6be8016655,,UNVERIFIED
EP-23,Hot Springs Planet Tenrei,00:11:47,707,854724,https://animehistory.org/uploads/screencaps/outlaw-star-E023-Hot-Springs-Planet-Tenrei/cap_00-11-47_7e9f.jpg,Outlaw Star Ep 23: Hot Springs Planet Tenrei @ 00:11:47,https://animehistory.org/gallery/screencaps/outlaw-star/episode-23/,https://animehistory.org/gallery/screencaps/outlaw-star/episode-23/?page=2,2,2026-10-07T01:50:29.377423+00:00,ea223a724f6ff7c09c7ccd73a6f094f9da4f27d0e4b666a307d0af6be8016655,,UNVERIFIED
EP-23,Hot Springs Planet Tenrei,00:11:51,711,854725,https://animehistory.org/uploads/screencaps/outlaw-star-E023-Hot-Springs-Planet-Tenrei/cap_00-11-51_56bd.jpg,Outlaw Star Ep 23: Hot Springs Planet Tenrei @ 00:11:51,https://animehistory.org/gallery/screencaps/outlaw-star/episode-23/,https://animehistory.org/gallery/screencaps/outlaw-star/episode-23/?page=2,2,2026-10-07T01:50:29.377423+00:00,ea223a724f6ff7c09c7ccd73a6f094f9da4f27d0e4b666a307d0af6be8016655,,UNVERIFIED
EP-23,Hot Springs Planet Tenrei,00:11:55,715,854726,https://animehistory.org/uploads/screencaps/outlaw-star-E023-Hot-Springs-Planet-Tenrei/cap_00-11-55_46e7.jpg,Outlaw Star Ep 23: Hot Springs Planet Tenrei @ 00:11:55,https://animehistory.org/gallery/screencaps/outlaw-star/episode-23/,https://animehistory.org/gallery/screencaps/outlaw-star/episode-23/?page=2,2,2026-10-07T01:50:29.377423+00:00,ea223a724f6ff7c09c7ccd73a6f094f9da4f27d0e4b666a307d0af6be8016655,,UNVERIFIED
EP-23,Hot Springs Planet Tenrei,00:11:59,719,854727,https://animehistory.org/uploads/screencaps/outlaw-star-E023-Hot-Springs-Planet-Tenrei/cap_00-11-59_24fa.jpg,Outlaw Star Ep 23: Hot Springs Planet Tenrei @ 00:11:59,https://animehistory.org/gallery/screencaps/outlaw-star/episode-23/,https://animehistory.org/gallery/screencaps/outlaw-star/episode-23/?page=2,2,2026-10-07T01:50:29.377423+00:00,ea223a724f6ff7c09c7ccd73a6f094f9da4f27d0e4b666a307d0af6be8016655,,UNVERIFIED
EP-23,Hot Springs Planet Tenrei,00:12:02,722,854728,https://animehistory.org/uploads/screencaps/outlaw-star-E023-Hot-Springs-Planet-Tenrei/cap_00-12-02_46e6.jpg,Outlaw Star Ep 23: Hot Springs Planet Tenrei @ 00:12:02,https://animehistory.org/gallery/screencaps/outlaw-star/episode-23/,https://animehistory.org/gallery/screencaps/outlaw-star/episode-23/?page=2,2,2026-10-07T01:50:29.377423+00:00,ea223a724f6ff7c09c7ccd73a6f094f9da4f27d0e4b666a307d0af6be8016655,,UNVERIFIED
EP-23,Hot Springs Planet Tenrei,00:12:06,726,854729,https://animehistory.org/uploads/screencaps/outlaw-star-E023-Hot-Springs-Planet-Tenrei/cap_00-12-06_6587.jpg,Outlaw Star Ep 23: Hot Springs Planet Tenrei @ 00:12:06,https://animehistory.org/gallery/screencaps/outlaw-star/episode-23/,https://animehistory.org/gallery/screencaps/outlaw-star/episode-23/?page=2,2,2026-10-07T01:50:29.377423+00:00,ea223a724f6ff7c09c7ccd73a6f094f9da4f27d0e4b666a307d0af6be8016655,,UNVERIFIED
EP-23,Hot Springs Planet Tenrei,00:12:10,730,854730,https://animehistory.org/uploads/screencaps/outlaw-star-E023-Hot-Springs-Planet-Tenrei/cap_00-12-10_6a16.jpg,Outlaw Star Ep 23: Hot Springs Planet Tenrei @ 00:12:10,https://animehistory.org/gallery/screencaps/outlaw-star/episode-23/,https://animehistory.org/gallery/screencaps/outlaw-star/episode-23/?page=2,2,2026-10-07T01:50:29.377423+00:00,ea223a724f6ff7c09c7ccd73a6f094f9da4f27d0e4b666a307d0af6be8016655,,UNVERIFIED
EP-23,Hot Springs Planet Tenrei,00:12:13,733,854731,https://animehistory.org/uploads/screencaps/outlaw-star-E023-Hot-Springs-Planet-Tenrei/cap_00-12-13_44cc.jpg,Outlaw Star Ep 23: Hot Springs Planet Tenrei @ 00:12:13,https://animehistory.org/gallery/screencaps/outlaw-star/episode-23/,https://animehistory.org/gallery/screencaps/outlaw-star/episode-23/?page=2,2,2026-10-07T01:50:29.377423+00:00,ea223a724f6ff7c09c7ccd73a6f094f9da4f27d0e4b666a307d0af6be8016655,,UNVERIFIED
EP-23,Hot Springs Planet Tenrei,00:12:17,737,854732,https://animehistory.org/uploads/screencaps/outlaw-star-E023-Hot-Springs-Planet-Tenrei/cap_00-12-17_1ce4.jpg,Outlaw Star Ep 23: Hot Springs Planet Tenrei @ 00:12:17,https://animehistory.org/gallery/screencaps/outlaw-star/episode-23/,https://animehistory.org/gallery/screencaps/outlaw-star/episode-23/?page=2,2,2026-10-07T01:50:29.377423+00:00,ea223a724f6ff7c09c7ccd73a6f094f9da4f27d0e4b666a307d0af6be8016655,,UNVERIFIED
EP-23,Hot Springs Planet Tenrei,00:12:21,741,854733,https://animehistory.org/uploads/screencaps/outlaw-star-E023-Hot-Springs-Planet-Tenrei/cap_00-12-21_12a8.jpg,Outlaw Star Ep 23: Hot Springs Planet Tenrei @ 00:12:21,https://animehistory.org/gallery/screencaps/outlaw-star/episode-23/,https://animehistory.org/gallery/screencaps/outlaw-star/episode-23/?page=2,2,2026-10-07T01:50:29.377423+00:00,ea223a724f6ff7c09c7ccd73a6f094f9da4f27d0e4b666a307d0af6be8016655,,UNVERIFIED
EP-23,Hot Springs Planet Tenrei,00:12:25,745,854734,https://animehistory.org/uploads/screencaps/outlaw-star-E023-Hot-Springs-Planet-Tenrei/cap_00-12-25_44b8.jpg,Outlaw Star Ep 23: Hot Springs Planet Tenrei @ 00:12:25,https://animehistory.org/gallery/screencaps/outlaw-star/episode-23/,https://animehistory.org/gallery/screencaps/outlaw-star/episode-23/?page=2,2,2026-10-07T01:50:29.377423+00:00,ea223a724f6ff7c09c7ccd73a6f094f9da4f27d0e4b666a307d0af6be8016655,,UNVERIFIED
EP-23,Hot Springs Planet Tenrei,00:12:28,748,854735,https://animehistory.org/uploads/screencaps/outlaw-star-E023-Hot-Springs-Planet-Tenrei/cap_00-12-28_09cf.jpg,Outlaw Star Ep 23: Hot Springs Planet Tenrei @ 00:12:28,https://animehistory.org/gallery/screencaps/outlaw-star/episode-23/,https://animehistory.org/gallery/screencaps/outlaw-star/episode-23/?page=2,2,2026-10-07T01:50:29.377423+00:00,ea223a724f6ff7c09c7ccd73a6f094f9da4f27d0e4b666a307d0af6be8016655,,UNVERIFIED
EP-23,Hot Springs Planet Tenrei,00:12:32,752,854736,https://animehistory.org/uploads/screencaps/outlaw-star-E023-Hot-Springs-Planet-Tenrei/cap_00-12-32_5a14.jpg,Outlaw Star Ep 23: Hot Springs Planet Tenrei @ 00:12:32,https://animehistory.org/gallery/screencaps/outlaw-star/episode-23/,https://animehistory.org/gallery/screencaps/outlaw-star/episode-23/?page=2,2,2026-10-07T01:50:29.377423+00:00,ea223a724f6ff7c09c7ccd73a6f094f9da4f27d0e4b666a307d0af6be8016655,,UNVERIFIED
EP-23,Hot Springs Planet Tenrei,00:12:36,756,854737,https://animehistory.org/uploads/screencaps/outlaw-star-E023-Hot-Springs-Planet-Tenrei/cap_00-12-36_6d93.jpg,Outlaw Star Ep 23: Hot Springs Planet Tenrei @ 00:12:36,https://animehistory.org/gallery/screencaps/outlaw-star/episode-23/,https://animehistory.org/gallery/screencaps/outlaw-star/episode-23/?page=2,2,2026-10-07T01:50:29.377423+00:00,ea223a724f6ff7c09c7ccd73a6f094f9da4f27d0e4b666a307d0af6be8016655,,UNVERIFIED
EP-23,Hot Springs Planet Tenrei,00:12:39,759,854738,https://animehistory.org/uploads/screencaps/outlaw-star-E023-Hot-Springs-Planet-Tenrei/cap_00-12-39_1ecc.jpg,Outlaw Star Ep 23: Hot Springs Planet Tenrei @ 00:12:39,https://animehistory.org/gallery/screencaps/outlaw-star/episode-23/,https://animehistory.org/gallery/screencaps/outlaw-star/episode-23/?page=2,2,2026-10-07T01:50:29.377423+00:00,ea223a724f6ff7c09c7ccd73a6f094f9da4f27d0e4b666a307d0af6be8016655,,UNVERIFIED
EP-23,Hot Springs Planet Tenrei,00:12:43,763,854739,https://animehistory.org/uploads/screencaps/outlaw-star-E023-Hot-Springs-Planet-Tenrei/cap_00-12-43_6cc5.jpg,Outlaw Star Ep 23: Hot Springs Planet Tenrei @ 00:12:43,https://animehistory.org/gallery/screencaps/outlaw-star/episode-23/,https://animehistory.org/gallery/screencaps/outlaw-star/episode-23/?page=2,2,2026-10-07T01:50:29.377423+00:00,ea223a724f6ff7c09c7ccd73a6f094f9da4f27d0e4b666a307d0af6be8016655,,UNVERIFIED
EP-23,Hot Springs Planet Tenrei,00:12:47,767,854740,https://animehistory.org/uploads/screencaps/outlaw-star-E023-Hot-Springs-Planet-Tenrei/cap_00-12-47_45ee.jpg,Outlaw Star Ep 23: Hot Springs Planet Tenrei @ 00:12:47,https://animehistory.org/gallery/screencaps/outlaw-star/episode-23/,https://animehistory.org/gallery/screencaps/outlaw-star/episode-23/?page=2,2,2026-10-07T01:50:29.377423+00:00,ea223a724f6ff7c09c7ccd73a6f094f9da4f27d0e4b666a307d0af6be8016655,,UNVERIFIED
EP-23,Hot Springs Planet Tenrei,00:12:50,770,854741,https://animehistory.org/uploads/screencaps/outlaw-star-E023-Hot-Springs-Planet-Tenrei/cap_00-12-50_326d.jpg,Outlaw Star Ep 23: Hot Springs Planet Tenrei @ 00:12:50,https://animehistory.org/gallery/screencaps/outlaw-star/episode-23/,https://animehistory.org/gallery/screencaps/outlaw-star/episode-23/?page=2,2,2026-10-07T01:50:29.377423+00:00,ea223a724f6ff7c09c7ccd73a6f094f9da4f27d0e4b666a307d0af6be8016655,,UNVERIFIED
EP-23,Hot Springs Planet Tenrei,00:12:54,774,854742,https://animehistory.org/uploads/screencaps/outlaw-star-E023-Hot-Springs-Planet-Tenrei/cap_00-12-54_6337.jpg,Outlaw Star Ep 23: Hot Springs Planet Tenrei @ 00:12:54,https://animehistory.org/gallery/screencaps/outlaw-star/episode-23/,https://animehistory.org/gallery/screencaps/outlaw-star/episode-23/?page=2,2,2026-10-07T01:50:29.377423+00:00,ea223a724f6ff7c09c7ccd73a6f094f9da4f27d0e4b666a307d0af6be8016655,,UNVERIFIED
EP-23,Hot Springs Planet Tenrei,00:12:58,778,854743,https://animehistory.org/uploads/screencaps/outlaw-star-E023-Hot-Springs-Planet-Tenrei/cap_00-12-58_620d.jpg,Outlaw Star Ep 23: Hot Springs Planet Tenrei @ 00:12:58,https://animehistory.org/gallery/screencaps/outlaw-star/episode-23/,https://animehistory.org/gallery/screencaps/outlaw-star/episode-23/?page=2,2,2026-10-07T01:50:29.377423+00:00,ea223a724f6ff7c09c7ccd73a6f094f9da4f27d0e4b666a307d0af6be8016655,,UNVERIFIED
EP-23,Hot Springs Planet Tenrei,00:13:02,782,854744,https://animehistory.org/uploads/screencaps/outlaw-star-E023-Hot-Springs-Planet-Tenrei/cap_00-13-02_7359.jpg,Outlaw Star Ep 23: Hot Springs Planet Tenrei @ 00:13:02,https://animehistory.org/gallery/screencaps/outlaw-star/episode-23/,https://animehistory.org/gallery/screencaps/outlaw-star/episode-23/?page=2,2,2026-10-07T01:50:29.377423+00:00,ea223a724f6ff7c09c7ccd73a6f094f9da4f27d0e4b666a307d0af6be8016655,,UNVERIFIED
EP-23,Hot Springs Planet Tenrei,00:13:05,785,854745,https://animehistory.org/uploads/screencaps/outlaw-star-E023-Hot-Springs-Planet-Tenrei/cap_00-13-05_765b.jpg,Outlaw Star Ep 23: Hot Springs Planet Tenrei @ 00:13:05,https://animehistory.org/gallery/screencaps/outlaw-star/episode-23/,https://animehistory.org/gallery/screencaps/outlaw-star/episode-23/?page=2,2,2026-10-07T01:50:29.377423+00:00,ea223a724f6ff7c09c7ccd73a6f094f9da4f27d0e4b666a307d0af6be8016655,,UNVERIFIED
EP-23,Hot Springs Planet Tenrei,00:13:09,789,854746,https://animehistory.org/uploads/screencaps/outlaw-star-E023-Hot-Springs-Planet-Tenrei/cap_00-13-09_30da.jpg,Outlaw Star Ep 23: Hot Springs Planet Tenrei @ 00:13:09,https://animehistory.org/gallery/screencaps/outlaw-star/episode-23/,https://animehistory.org/gallery/screencaps/outlaw-star/episode-23/?page=2,2,2026-10-07T01:50:29.377423+00:00,ea223a724f6ff7c09c7ccd73a6f094f9da4f27d0e4b666a307d0af6be8016655,,UNVERIFIED
EP-23,Hot Springs Planet Tenrei,00:13:13,793,854747,https://animehistory.org/uploads/screencaps/outlaw-star-E023-Hot-Springs-Planet-Tenrei/cap_00-13-13_74cf.jpg,Outlaw Star Ep 23: Hot Springs Planet Tenrei @ 00:13:13,https://animehistory.org/gallery/screencaps/outlaw-star/episode-23/,https://animehistory.org/gallery/screencaps/outlaw-star/episode-23/?page=2,2,2026-10-07T01:50:29.377423+00:00,ea223a724f6ff7c09c7ccd73a6f094f9da4f27d0e4b666a307d0af6be8016655,,UNVERIFIED
EP-23,Hot Springs Planet Tenrei,00:13:16,796,854748,https://animehistory.org/uploads/screencaps/outlaw-star-E023-Hot-Springs-Planet-Tenrei/cap_00-13-16_22f9.jpg,Outlaw Star Ep 23: Hot Springs Planet Tenrei @ 00:13:16,https://animehistory.org/gallery/screencaps/outlaw-star/episode-23/,https://animehistory.org/gallery/screencaps/outlaw-star/episode-23/?page=2,2,2026-10-07T01:50:29.377423+00:00,ea223a724f6ff7c09c7ccd73a6f094f9da4f27d0e4b666a307d0af6be8016655,,UNVERIFIED
EP-23,Hot Springs Planet Tenrei,00:13:20,800,854749,https://animehistory.org/uploads/screencaps/outlaw-star-E023-Hot-Springs-Planet-Tenrei/cap_00-13-20_0287.jpg,Outlaw Star Ep 23: Hot Springs Planet Tenrei @ 00:13:20,https://animehistory.org/gallery/screencaps/outlaw-star/episode-23/,https://animehistory.org/gallery/screencaps/outlaw-star/episode-23/?page=2,2,2026-10-07T01:50:29.377423+00:00,ea223a724f6ff7c09c7ccd73a6f094f9da4f27d0e4b666a307d0af6be8016655,,UNVERIFIED
EP-23,Hot Springs Planet Tenrei,00:13:24,804,854750,https://animehistory.org/uploads/screencaps/outlaw-star-E023-Hot-Springs-Planet-Tenrei/cap_00-13-24_6759.jpg,Outlaw Star Ep 23: Hot Springs Planet Tenrei @ 00:13:24,https://animehistory.org/gallery/screencaps/outlaw-star/episode-23/,https://animehistory.org/gallery/screencaps/outlaw-star/episode-23/?page=2,2,2026-10-07T01:50:29.377423+00:00,ea223a724f6ff7c09c7ccd73a6f094f9da4f27d0e4b666a307d0af6be8016655,,UNVERIFIED
EP-23,Hot Springs Planet Tenrei,00:13:28,808,854751,https://animehistory.org/uploads/screencaps/outlaw-star-E023-Hot-Springs-Planet-Tenrei/cap_00-13-28_512b.jpg,Outlaw Star Ep 23: Hot Springs Planet Tenrei @ 00:13:28,https://animehistory.org/gallery/screencaps/outlaw-star/episode-23/,https://animehistory.org/gallery/screencaps/outlaw-star/episode-23/?page=2,2,2026-10-07T01:50:29.377423+00:00,ea223a724f6ff7c09c7ccd73a6f094f9da4f27d0e4b666a307d0af6be8016655,,UNVERIFIED
EP-23,Hot Springs Planet Tenrei,00:13:31,811,854752,https://animehistory.org/uploads/screencaps/outlaw-star-E023-Hot-Springs-Planet-Tenrei/cap_00-13-31_64af.jpg,Outlaw Star Ep 23: Hot Springs Planet Tenrei @ 00:13:31,https://animehistory.org/gallery/screencaps/outlaw-star/episode-23/,https://animehistory.org/gallery/screencaps/outlaw-star/episode-23/?page=2,2,2026-10-07T01:50:29.377423+00:00,ea223a724f6ff7c09c7ccd73a6f094f9da4f27d0e4b666a307d0af6be8016655,,UNVERIFIED
EP-23,Hot Springs Planet Tenrei,00:13:35,815,854753,https://animehistory.org/uploads/screencaps/outlaw-star-E023-Hot-Springs-Planet-Tenrei/cap_00-13-35_5ea6.jpg,Outlaw Star Ep 23: Hot Springs Planet Tenrei @ 00:13:35,https://animehistory.org/gallery/screencaps/outlaw-star/episode-23/,https://animehistory.org/gallery/screencaps/outlaw-star/episode-23/?page=2,2,2026-10-07T01:50:29.377423+00:00,ea223a724f6ff7c09c7ccd73a6f094f9da4f27d0e4b666a307d0af6be8016655,,UNVERIFIED
EP-23,Hot Springs Planet Tenrei,00:13:39,819,854754,https://animehistory.org/uploads/screencaps/outlaw-star-E023-Hot-Springs-Planet-Tenrei/cap_00-13-39_211b.jpg,Outlaw Star Ep 23: Hot Springs Planet Tenrei @ 00:13:39,https://animehistory.org/gallery/screencaps/outlaw-star/episode-23/,https://animehistory.org/gallery/screencaps/outlaw-star/episode-23/?page=2,2,2026-10-07T01:50:29.377423+00:00,ea223a724f6ff7c09c7ccd73a6f094f9da4f27d0e4b666a307d0af6be8016655,,UNVERIFIED
EP-23,Hot Springs Planet Tenrei,00:13:42,822,854755,https://animehistory.org/uploads/screencaps/outlaw-star-E023-Hot-Springs-Planet-Tenrei/cap_00-13-42_5f33.jpg,Outlaw Star Ep 23: Hot Springs Planet Tenrei @ 00:13:42,https://animehistory.org/gallery/screencaps/outlaw-star/episode-23/,https://animehistory.org/gallery/screencaps/outlaw-star/episode-23/?page=2,2,2026-10-07T01:50:29.377423+00:00,ea223a724f6ff7c09c7ccd73a6f094f9da4f27d0e4b666a307d0af6be8016655,,UNVERIFIED
EP-23,Hot Springs Planet Tenrei,00:13:46,826,854756,https://animehistory.org/uploads/screencaps/outlaw-star-E023-Hot-Springs-Planet-Tenrei/cap_00-13-46_00d3.jpg,Outlaw Star Ep 23: Hot Springs Planet Tenrei @ 00:13:46,https://animehistory.org/gallery/screencaps/outlaw-star/episode-23/,https://animehistory.org/gallery/screencaps/outlaw-star/episode-23/?page=2,2,2026-10-07T01:50:29.377423+00:00,ea223a724f6ff7c09c7ccd73a6f094f9da4f27d0e4b666a307d0af6be8016655,,UNVERIFIED
EP-23,Hot Springs Planet Tenrei,00:13:50,830,854757,https://animehistory.org/uploads/screencaps/outlaw-star-E023-Hot-Springs-Planet-Tenrei/cap_00-13-50_6c60.jpg,Outlaw Star Ep 23: Hot Springs Planet Tenrei @ 00:13:50,https://animehistory.org/gallery/screencaps/outlaw-star/episode-23/,https://animehistory.org/gallery/screencaps/outlaw-star/episode-23/?page=2,2,2026-10-07T01:50:29.377423+00:00,ea223a724f6ff7c09c7ccd73a6f094f9da4f27d0e4b666a307d0af6be8016655,,UNVERIFIED
EP-23,Hot Springs Planet Tenrei,00:13:53,833,854758,https://animehistory.org/uploads/screencaps/outlaw-star-E023-Hot-Springs-Planet-Tenrei/cap_00-13-53_4732.jpg,Outlaw Star Ep 23: Hot Springs Planet Tenrei @ 00:13:53,https://animehistory.org/gallery/screencaps/outlaw-star/episode-23/,https://animehistory.org/gallery/screencaps/outlaw-star/episode-23/?page=2,2,2026-10-07T01:50:29.377423+00:00,ea223a724f6ff7c09c7ccd73a6f094f9da4f27d0e4b666a307d0af6be8016655,,UNVERIFIED
EP-23,Hot Springs Planet Tenrei,00:13:57,837,854759,https://animehistory.org/uploads/screencaps/outlaw-star-E023-Hot-Springs-Planet-Tenrei/cap_00-13-57_02ba.jpg,Outlaw Star Ep 23: Hot Springs Planet Tenrei @ 00:13:57,https://animehistory.org/gallery/screencaps/outlaw-star/episode-23/,https://animehistory.org/gallery/screencaps/outlaw-star/episode-23/?page=2,2,2026-10-07T01:50:29.377423+00:00,ea223a724f6ff7c09c7ccd73a6f094f9da4f27d0e4b666a307d0af6be8016655,,UNVERIFIED
EP-23,Hot Springs Planet Tenrei,00:14:01,841,854760,https://animehistory.org/uploads/screencaps/outlaw-star-E023-Hot-Springs-Planet-Tenrei/cap_00-14-01_0c73.jpg,Outlaw Star Ep 23: Hot Springs Planet Tenrei @ 00:14:01,https://animehistory.org/gallery/screencaps/outlaw-star/episode-23/,https://animehistory.org/gallery/screencaps/outlaw-star/episode-23/?page=2,2,2026-10-07T01:50:29.377423+00:00,ea223a724f6ff7c09c7ccd73a6f094f9da4f27d0e4b666a307d0af6be8016655,,UNVERIFIED
EP-23,Hot Springs Planet Tenrei,00:14:05,845,854761,https://animehistory.org/uploads/screencaps/outlaw-star-E023-Hot-Springs-Planet-Tenrei/cap_00-14-05_3391.jpg,Outlaw Star Ep 23: Hot Springs Planet Tenrei @ 00:14:05,https://animehistory.org/gallery/screencaps/outlaw-star/episode-23/,https://animehistory.org/gallery/screencaps/outlaw-star/episode-23/?page=3,3,2026-10-07T01:50:30.837699+00:00,12d1cf1b13fba666fd9ed210bfdae02e1335e94a23a1346d49bc0b6b6ad5c59f,,UNVERIFIED
EP-23,Hot Springs Planet Tenrei,00:14:08,848,854762,https://animehistory.org/uploads/screencaps/outlaw-star-E023-Hot-Springs-Planet-Tenrei/cap_00-14-08_6d2f.jpg,Outlaw Star Ep 23: Hot Springs Planet Tenrei @ 00:14:08,https://animehistory.org/gallery/screencaps/outlaw-star/episode-23/,https://animehistory.org/gallery/screencaps/outlaw-star/episode-23/?page=3,3,2026-10-07T01:50:30.837699+00:00,12d1cf1b13fba666fd9ed210bfdae02e1335e94a23a1346d49bc0b6b6ad5c59f,,UNVERIFIED
EP-23,Hot Springs Planet Tenrei,00:14:12,852,854763,https://animehistory.org/uploads/screencaps/outlaw-star-E023-Hot-Springs-Planet-Tenrei/cap_00-14-12_7f02.jpg,Outlaw Star Ep 23: Hot Springs Planet Tenrei @ 00:14:12,https://animehistory.org/gallery/screencaps/outlaw-star/episode-23/,https://animehistory.org/gallery/screencaps/outlaw-star/episode-23/?page=3,3,2026-10-07T01:50:30.837699+00:00,12d1cf1b13fba666fd9ed210bfdae02e1335e94a23a1346d49bc0b6b6ad5c59f,,UNVERIFIED
EP-23,Hot Springs Planet Tenrei,00:14:16,856,854764,https://animehistory.org/uploads/screencaps/outlaw-star-E023-Hot-Springs-Planet-Tenrei/cap_00-14-16_6978.jpg,Outlaw Star Ep 23: Hot Springs Planet Tenrei @ 00:14:16,https://animehistory.org/gallery/screencaps/outlaw-star/episode-23/,https://animehistory.org/gallery/screencaps/outlaw-star/episode-23/?page=3,3,2026-10-07T01:50:30.837699+00:00,12d1cf1b13fba666fd9ed210bfdae02e1335e94a23a1346d49bc0b6b6ad5c59f,,UNVERIFIED
EP-23,Hot Springs Planet Tenrei,00:14:19,859,854765,https://animehistory.org/uploads/screencaps/outlaw-star-E023-Hot-Springs-Planet-Tenrei/cap_00-14-19_769f.jpg,Outlaw Star Ep 23: Hot Springs Planet Tenrei @ 00:14:19,https://animehistory.org/gallery/screencaps/outlaw-star/episode-23/,https://animehistory.org/gallery/screencaps/outlaw-star/episode-23/?page=3,3,2026-10-07T01:50:30.837699+00:00,12d1cf1b13fba666fd9ed210bfdae02e1335e94a23a1346d49bc0b6b6ad5c59f,,UNVERIFIED
EP-23,Hot Springs Planet Tenrei,00:14:23,863,854766,https://animehistory.org/uploads/screencaps/outlaw-star-E023-Hot-Springs-Planet-Tenrei/cap_00-14-23_35ee.jpg,Outlaw Star Ep 23: Hot Springs Planet Tenrei @ 00:14:23,https://animehistory.org/gallery/screencaps/outlaw-star/episode-23/,https://animehistory.org/gallery/screencaps/outlaw-star/episode-23/?page=3,3,2026-10-07T01:50:30.837699+00:00,12d1cf1b13fba666fd9ed210bfdae02e1335e94a23a1346d49bc0b6b6ad5c59f,,UNVERIFIED
EP-23,Hot Springs Planet Tenrei,00:14:27,867,854767,https://animehistory.org/uploads/screencaps/outlaw-star-E023-Hot-Springs-Planet-Tenrei/cap_00-14-27_2c90.jpg,Outlaw Star Ep 23: Hot Springs Planet Tenrei @ 00:14:27,https://animehistory.org/gallery/screencaps/outlaw-star/episode-23/,https://animehistory.org/gallery/screencaps/outlaw-star/episode-23/?page=3,3,2026-10-07T01:50:30.837699+00:00,12d1cf1b13fba666fd9ed210bfdae02e1335e94a23a1346d49bc0b6b6ad5c59f,,UNVERIFIED
EP-23,Hot Springs Planet Tenrei,00:14:31,871,854768,https://animehistory.org/uploads/screencaps/outlaw-star-E023-Hot-Springs-Planet-Tenrei/cap_00-14-31_218c.jpg,Outlaw Star Ep 23: Hot Springs Planet Tenrei @ 00:14:31,https://animehistory.org/gallery/screencaps/outlaw-star/episode-23/,https://animehistory.org/gallery/screencaps/outlaw-star/episode-23/?page=3,3,2026-10-07T01:50:30.837699+00:00,12d1cf1b13fba666fd9ed210bfdae02e1335e94a23a1346d49bc0b6b6ad5c59f,,UNVERIFIED
EP-23,Hot Springs Planet Tenrei,00:14:34,874,854769,https://animehistory.org/uploads/screencaps/outlaw-star-E023-Hot-Springs-Planet-Tenrei/cap_00-14-34_24b0.jpg,Outlaw Star Ep 23: Hot Springs Planet Tenrei @ 00:14:34,https://animehistory.org/gallery/screencaps/outlaw-star/episode-23/,https://animehistory.org/gallery/screencaps/outlaw-star/episode-23/?page=3,3,2026-10-07T01:50:30.837699+00:00,12d1cf1b13fba666fd9ed210bfdae02e1335e94a23a1346d49bc0b6b6ad5c59f,,UNVERIFIED
EP-23,Hot Springs Planet Tenrei,00:14:38,878,854770,https://animehistory.org/uploads/screencaps/outlaw-star-E023-Hot-Springs-Planet-Tenrei/cap_00-14-38_253f.jpg,Outlaw Star Ep 23: Hot Springs Planet Tenrei @ 00:14:38,https://animehistory.org/gallery/screencaps/outlaw-star/episode-23/,https://animehistory.org/gallery/screencaps/outlaw-star/episode-23/?page=3,3,2026-10-07T01:50:30.837699+00:00,12d1cf1b13fba666fd9ed210bfdae02e1335e94a23a1346d49bc0b6b6ad5c59f,,UNVERIFIED
EP-23,Hot Springs Planet Tenrei,00:14:42,882,854771,https://animehistory.org/uploads/screencaps/outlaw-star-E023-Hot-Springs-Planet-Tenrei/cap_00-14-42_1419.jpg,Outlaw Star Ep 23: Hot Springs Planet Tenrei @ 00:14:42,https://animehistory.org/gallery/screencaps/outlaw-star/episode-23/,https://animehistory.org/gallery/screencaps/outlaw-star/episode-23/?page=3,3,2026-10-07T01:50:30.837699+00:00,12d1cf1b13fba666fd9ed210bfdae02e1335e94a23a1346d49bc0b6b6ad5c59f,,UNVERIFIED
EP-23,Hot Springs Planet Tenrei,00:14:45,885,854772,https://animehistory.org/uploads/screencaps/outlaw-star-E023-Hot-Springs-Planet-Tenrei/cap_00-14-45_5430.jpg,Outlaw Star Ep 23: Hot Springs Planet Tenrei @ 00:14:45,https://animehistory.org/gallery/screencaps/outlaw-star/episode-23/,https://animehistory.org/gallery/screencaps/outlaw-star/episode-23/?page=3,3,2026-10-07T01:50:30.837699+00:00,12d1cf1b13fba666fd9ed210bfdae02e1335e94a23a1346d49bc0b6b6ad5c59f,,UNVERIFIED
EP-23,Hot Springs Planet Tenrei,00:14:49,889,854773,https://animehistory.org/uploads/screencaps/outlaw-star-E023-Hot-Springs-Planet-Tenrei/cap_00-14-49_766c.jpg,Outlaw Star Ep 23: Hot Springs Planet Tenrei @ 00:14:49,https://animehistory.org/gallery/screencaps/outlaw-star/episode-23/,https://animehistory.org/gallery/screencaps/outlaw-star/episode-23/?page=3,3,2026-10-07T01:50:30.837699+00:00,12d1cf1b13fba666fd9ed210bfdae02e1335e94a23a1346d49bc0b6b6ad5c59f,,UNVERIFIED
EP-23,Hot Springs Planet Tenrei,00:14:53,893,854774,https://animehistory.org/uploads/screencaps/outlaw-star-E023-Hot-Springs-Planet-Tenrei/cap_00-14-53_4e6e.jpg,Outlaw Star Ep 23: Hot Springs Planet Tenrei @ 00:14:53,https://animehistory.org/gallery/screencaps/outlaw-star/episode-23/,https://animehistory.org/gallery/screencaps/outlaw-star/episode-23/?page=3,3,2026-10-07T01:50:30.837699+00:00,12d1cf1b13fba666fd9ed210bfdae02e1335e94a23a1346d49bc0b6b6ad5c59f,,UNVERIFIED
EP-23,Hot Springs Planet Tenrei,00:14:57,897,854775,https://animehistory.org/uploads/screencaps/outlaw-star-E023-Hot-Springs-Planet-Tenrei/cap_00-14-57_3dd8.jpg,Outlaw Star Ep 23: Hot Springs Planet Tenrei @ 00:14:57,https://animehistory.org/gallery/screencaps/outlaw-star/episode-23/,https://animehistory.org/gallery/screencaps/outlaw-star/episode-23/?page=3,3,2026-10-07T01:50:30.837699+00:00,12d1cf1b13fba666fd9ed210bfdae02e1335e94a23a1346d49bc0b6b6ad5c59f,,UNVERIFIED
EP-23,Hot Springs Planet Tenrei,00:15:00,900,854776,https://animehistory.org/uploads/screencaps/outlaw-star-E023-Hot-Springs-Planet-Tenrei/cap_00-15-00_30a1.jpg,Outlaw Star Ep 23: Hot Springs Planet Tenrei @ 00:15:00,https://animehistory.org/gallery/screencaps/outlaw-star/episode-23/,https://animehistory.org/gallery/screencaps/outlaw-star/episode-23/?page=3,3,2026-10-07T01:50:30.837699+00:00,12d1cf1b13fba666fd9ed210bfdae02e1335e94a23a1346d49bc0b6b6ad5c59f,,UNVERIFIED
EP-23,Hot Springs Planet Tenrei,00:15:04,904,854777,https://animehistory.org/uploads/screencaps/outlaw-star-E023-Hot-Springs-Planet-Tenrei/cap_00-15-04_0067.jpg,Outlaw Star Ep 23: Hot Springs Planet Tenrei @ 00:15:04,https://animehistory.org/gallery/screencaps/outlaw-star/episode-23/,https://animehistory.org/gallery/screencaps/outlaw-star/episode-23/?page=3,3,2026-10-07T01:50:30.837699+00:00,12d1cf1b13fba666fd9ed210bfdae02e1335e94a23a1346d49bc0b6b6ad5c59f,,UNVERIFIED
EP-23,Hot Springs Planet Tenrei,00:15:08,908,854778,https://animehistory.org/uploads/screencaps/outlaw-star-E023-Hot-Springs-Planet-Tenrei/cap_00-15-08_6bd0.jpg,Outlaw Star Ep 23: Hot Springs Planet Tenrei @ 00:15:08,https://animehistory.org/gallery/screencaps/outlaw-star/episode-23/,https://animehistory.org/gallery/screencaps/outlaw-star/episode-23/?page=3,3,2026-10-07T01:50:30.837699+00:00,12d1cf1b13fba666fd9ed210bfdae02e1335e94a23a1346d49bc0b6b6ad5c59f,,UNVERIFIED
EP-23,Hot Springs Planet Tenrei,00:15:11,911,854779,https://animehistory.org/uploads/screencaps/outlaw-star-E023-Hot-Springs-Planet-Tenrei/cap_00-15-11_76bc.jpg,Outlaw Star Ep 23: Hot Springs Planet Tenrei @ 00:15:11,https://animehistory.org/gallery/screencaps/outlaw-star/episode-23/,https://animehistory.org/gallery/screencaps/outlaw-star/episode-23/?page=3,3,2026-10-07T01:50:30.837699+00:00,12d1cf1b13fba666fd9ed210bfdae02e1335e94a23a1346d49bc0b6b6ad5c59f,,UNVERIFIED
EP-23,Hot Springs Planet Tenrei,00:15:15,915,854780,https://animehistory.org/uploads/screencaps/outlaw-star-E023-Hot-Springs-Planet-Tenrei/cap_00-15-15_3b85.jpg,Outlaw Star Ep 23: Hot Springs Planet Tenrei @ 00:15:15,https://animehistory.org/gallery/screencaps/outlaw-star/episode-23/,https://animehistory.org/gallery/screencaps/outlaw-star/episode-23/?page=3,3,2026-10-07T01:50:30.837699+00:00,12d1cf1b13fba666fd9ed210bfdae02e1335e94a23a1346d49bc0b6b6ad5c59f,,UNVERIFIED
EP-23,Hot Springs Planet Tenrei,00:15:19,919,854781,https://animehistory.org/uploads/screencaps/outlaw-star-E023-Hot-Springs-Planet-Tenrei/cap_00-15-19_238f.jpg,Outlaw Star Ep 23: Hot Springs Planet Tenrei @ 00:15:19,https://animehistory.org/gallery/screencaps/outlaw-star/episode-23/,https://animehistory.org/gallery/screencaps/outlaw-star/episode-23/?page=3,3,2026-10-07T01:50:30.837699+00:00,12d1cf1b13fba666fd9ed210bfdae02e1335e94a23a1346d49bc0b6b6ad5c59f,,UNVERIFIED
EP-23,Hot Springs Planet Tenrei,00:15:22,922,854782,https://animehistory.org/uploads/screencaps/outlaw-star-E023-Hot-Springs-Planet-Tenrei/cap_00-15-22_46de.jpg,Outlaw Star Ep 23: Hot Springs Planet Tenrei @ 00:15:22,https://animehistory.org/gallery/screencaps/outlaw-star/episode-23/,https://animehistory.org/gallery/screencaps/outlaw-star/episode-23/?page=3,3,2026-10-07T01:50:30.837699+00:00,12d1cf1b13fba666fd9ed210bfdae02e1335e94a23a1346d49bc0b6b6ad5c59f,,UNVERIFIED
EP-23,Hot Springs Planet Tenrei,00:15:26,926,854783,https://animehistory.org/uploads/screencaps/outlaw-star-E023-Hot-Springs-Planet-Tenrei/cap_00-15-26_4f17.jpg,Outlaw Star Ep 23: Hot Springs Planet Tenrei @ 00:15:26,https://animehistory.org/gallery/screencaps/outlaw-star/episode-23/,https://animehistory.org/gallery/screencaps/outlaw-star/episode-23/?page=3,3,2026-10-07T01:50:30.837699+00:00,12d1cf1b13fba666fd9ed210bfdae02e1335e94a23a1346d49bc0b6b6ad5c59f,,UNVERIFIED
EP-23,Hot Springs Planet Tenrei,00:15:30,930,854784,https://animehistory.org/uploads/screencaps/outlaw-star-E023-Hot-Springs-Planet-Tenrei/cap_00-15-30_6686.jpg,Outlaw Star Ep 23: Hot Springs Planet Tenrei @ 00:15:30,https://animehistory.org/gallery/screencaps/outlaw-star/episode-23/,https://animehistory.org/gallery/screencaps/outlaw-star/episode-23/?page=3,3,2026-10-07T01:50:30.837699+00:00,12d1cf1b13fba666fd9ed210bfdae02e1335e94a23a1346d49bc0b6b6ad5c59f,,UNVERIFIED
EP-23,Hot Springs Planet Tenrei,00:15:34,934,854785,https://animehistory.org/uploads/screencaps/outlaw-star-E023-Hot-Springs-Planet-Tenrei/cap_00-15-34_734a.jpg,Outlaw Star Ep 23: Hot Springs Planet Tenrei @ 00:15:34,https://animehistory.org/gallery/screencaps/outlaw-star/episode-23/,https://animehistory.org/gallery/screencaps/outlaw-star/episode-23/?page=3,3,2026-10-07T01:50:30.837699+00:00,12d1cf1b13fba666fd9ed210bfdae02e1335e94a23a1346d49bc0b6b6ad5c59f,,UNVERIFIED
EP-23,Hot Springs Planet Tenrei,00:15:37,937,854786,https://animehistory.org/uploads/screencaps/outlaw-star-E023-Hot-Springs-Planet-Tenrei/cap_00-15-37_787c.jpg,Outlaw Star Ep 23: Hot Springs Planet Tenrei @ 00:15:37,https://animehistory.org/gallery/screencaps/outlaw-star/episode-23/,https://animehistory.org/gallery/screencaps/outlaw-star/episode-23/?page=3,3,2026-10-07T01:50:30.837699+00:00,12d1cf1b13fba666fd9ed210bfdae02e1335e94a23a1346d49bc0b6b6ad5c59f,,UNVERIFIED
EP-23,Hot Springs Planet Tenrei,00:15:41,941,854787,https://animehistory.org/uploads/screencaps/outlaw-star-E023-Hot-Springs-Planet-Tenrei/cap_00-15-41_3099.jpg,Outlaw Star Ep 23: Hot Springs Planet Tenrei @ 00:15:41,https://animehistory.org/gallery/screencaps/outlaw-star/episode-23/,https://animehistory.org/gallery/screencaps/outlaw-star/episode-23/?page=3,3,2026-10-07T01:50:30.837699+00:00,12d1cf1b13fba666fd9ed210bfdae02e1335e94a23a1346d49bc0b6b6ad5c59f,,UNVERIFIED
EP-23,Hot Springs Planet Tenrei,00:15:45,945,854788,https://animehistory.org/uploads/screencaps/outlaw-star-E023-Hot-Springs-Planet-Tenrei/cap_00-15-45_36cf.jpg,Outlaw Star Ep 23: Hot Springs Planet Tenrei @ 00:15:45,https://animehistory.org/gallery/screencaps/outlaw-star/episode-23/,https://animehistory.org/gallery/screencaps/outlaw-star/episode-23/?page=3,3,2026-10-07T01:50:30.837699+00:00,12d1cf1b13fba666fd9ed210bfdae02e1335e94a23a1346d49bc0b6b6ad5c59f,,UNVERIFIED
EP-23,Hot Springs Planet Tenrei,00:15:48,948,854789,https://animehistory.org/uploads/screencaps/outlaw-star-E023-Hot-Springs-Planet-Tenrei/cap_00-15-48_037a.jpg,Outlaw Star Ep 23: Hot Springs Planet Tenrei @ 00:15:48,https://animehistory.org/gallery/screencaps/outlaw-star/episode-23/,https://animehistory.org/gallery/screencaps/outlaw-star/episode-23/?page=3,3,2026-10-07T01:50:30.837699+00:00,12d1cf1b13fba666fd9ed210bfdae02e1335e94a23a1346d49bc0b6b6ad5c59f,,UNVERIFIED
EP-23,Hot Springs Planet Tenrei,00:15:52,952,854790,https://animehistory.org/uploads/screencaps/outlaw-star-E023-Hot-Springs-Planet-Tenrei/cap_00-15-52_63c7.jpg,Outlaw Star Ep 23: Hot Springs Planet Tenrei @ 00:15:52,https://animehistory.org/gallery/screencaps/outlaw-star/episode-23/,https://animehistory.org/gallery/screencaps/outlaw-star/episode-23/?page=3,3,2026-10-07T01:50:30.837699+00:00,12d1cf1b13fba666fd9ed210bfdae02e1335e94a23a1346d49bc0b6b6ad5c59f,,UNVERIFIED
EP-23,Hot Springs Planet Tenrei,00:15:56,956,854791,https://animehistory.org/uploads/screencaps/outlaw-star-E023-Hot-Springs-Planet-Tenrei/cap_00-15-56_5180.jpg,Outlaw Star Ep 23: Hot Springs Planet Tenrei @ 00:15:56,https://animehistory.org/gallery/screencaps/outlaw-star/episode-23/,https://animehistory.org/gallery/screencaps/outlaw-star/episode-23/?page=3,3,2026-10-07T01:50:30.837699+00:00,12d1cf1b13fba666fd9ed210bfdae02e1335e94a23a1346d49bc0b6b6ad5c59f,,UNVERIFIED
EP-23,Hot Springs Planet Tenrei,00:16:00,960,854792,https://animehistory.org/uploads/screencaps/outlaw-star-E023-Hot-Springs-Planet-Tenrei/cap_00-16-00_37f4.jpg,Outlaw Star Ep 23: Hot Springs Planet Tenrei @ 00:16:00,https://animehistory.org/gallery/screencaps/outlaw-star/episode-23/,https://animehistory.org/gallery/screencaps/outlaw-star/episode-23/?page=3,3,2026-10-07T01:50:30.837699+00:00,12d1cf1b13fba666fd9ed210bfdae02e1335e94a23a1346d49bc0b6b6ad5c59f,,UNVERIFIED
EP-23,Hot Springs Planet Tenrei,00:16:03,963,854793,https://animehistory.org/uploads/screencaps/outlaw-star-E023-Hot-Springs-Planet-Tenrei/cap_00-16-03_6a48.jpg,Outlaw Star Ep 23: Hot Springs Planet Tenrei @ 00:16:03,https://animehistory.org/gallery/screencaps/outlaw-star/episode-23/,https://animehistory.org/gallery/screencaps/outlaw-star/episode-23/?page=3,3,2026-10-07T01:50:30.837699+00:00,12d1cf1b13fba666fd9ed210bfdae02e1335e94a23a1346d49bc0b6b6ad5c59f,,UNVERIFIED
EP-23,Hot Springs Planet Tenrei,00:16:07,967,854794,https://animehistory.org/uploads/screencaps/outlaw-star-E023-Hot-Springs-Planet-Tenrei/cap_00-16-07_3214.jpg,Outlaw Star Ep 23: Hot Springs Planet Tenrei @ 00:16:07,https://animehistory.org/gallery/screencaps/outlaw-star/episode-23/,https://animehistory.org/gallery/screencaps/outlaw-star/episode-23/?page=3,3,2026-10-07T01:50:30.837699+00:00,12d1cf1b13fba666fd9ed210bfdae02e1335e94a23a1346d49bc0b6b6ad5c59f,,UNVERIFIED
EP-23,Hot Springs Planet Tenrei,00:16:11,971,854795,https://animehistory.org/uploads/screencaps/outlaw-star-E023-Hot-Springs-Planet-Tenrei/cap_00-16-11_31fd.jpg,Outlaw Star Ep 23: Hot Springs Planet Tenrei @ 00:16:11,https://animehistory.org/gallery/screencaps/outlaw-star/episode-23/,https://animehistory.org/gallery/screencaps/outlaw-star/episode-23/?page=3,3,2026-10-07T01:50:30.837699+00:00,12d1cf1b13fba666fd9ed210bfdae02e1335e94a23a1346d49bc0b6b6ad5c59f,,UNVERIFIED
EP-23,Hot Springs Planet Tenrei,00:16:14,974,854796,https://animehistory.org/uploads/screencaps/outlaw-star-E023-Hot-Springs-Planet-Tenrei/cap_00-16-14_7cb9.jpg,Outlaw Star Ep 23: Hot Springs Planet Tenrei @ 00:16:14,https://animehistory.org/gallery/screencaps/outlaw-star/episode-23/,https://animehistory.org/gallery/screencaps/outlaw-star/episode-23/?page=3,3,2026-10-07T01:50:30.837699+00:00,12d1cf1b13fba666fd9ed210bfdae02e1335e94a23a1346d49bc0b6b6ad5c59f,,UNVERIFIED
EP-23,Hot Springs Planet Tenrei,00:16:18,978,854797,https://animehistory.org/uploads/screencaps/outlaw-star-E023-Hot-Springs-Planet-Tenrei/cap_00-16-18_029b.jpg,Outlaw Star Ep 23: Hot Springs Planet Tenrei @ 00:16:18,https://animehistory.org/gallery/screencaps/outlaw-star/episode-23/,https://animehistory.org/gallery/screencaps/outlaw-star/episode-23/?page=3,3,2026-10-07T01:50:30.837699+00:00,12d1cf1b13fba666fd9ed210bfdae02e1335e94a23a1346d49bc0b6b6ad5c59f,,UNVERIFIED
EP-23,Hot Springs Planet Tenrei,00:16:22,982,854798,https://animehistory.org/uploads/screencaps/outlaw-star-E023-Hot-Springs-Planet-Tenrei/cap_00-16-22_2358.jpg,Outlaw Star Ep 23: Hot Springs Planet Tenrei @ 00:16:22,https://animehistory.org/gallery/screencaps/outlaw-star/episode-23/,https://animehistory.org/gallery/screencaps/outlaw-star/episode-23/?page=3,3,2026-10-07T01:50:30.837699+00:00,12d1cf1b13fba666fd9ed210bfdae02e1335e94a23a1346d49bc0b6b6ad5c59f,,UNVERIFIED
EP-23,Hot Springs Planet Tenrei,00:16:25,985,854799,https://animehistory.org/uploads/screencaps/outlaw-star-E023-Hot-Springs-Planet-Tenrei/cap_00-16-25_31ec.jpg,Outlaw Star Ep 23: Hot Springs Planet Tenrei @ 00:16:25,https://animehistory.org/gallery/screencaps/outlaw-star/episode-23/,https://animehistory.org/gallery/screencaps/outlaw-star/episode-23/?page=3,3,2026-10-07T01:50:30.837699+00:00,12d1cf1b13fba666fd9ed210bfdae02e1335e94a23a1346d49bc0b6b6ad5c59f,,UNVERIFIED
EP-23,Hot Springs Planet Tenrei,00:16:29,989,854800,https://animehistory.org/uploads/screencaps/outlaw-star-E023-Hot-Springs-Planet-Tenrei/cap_00-16-29_0d6f.jpg,Outlaw Star Ep 23: Hot Springs Planet Tenrei @ 00:16:29,https://animehistory.org/gallery/screencaps/outlaw-star/episode-23/,https://animehistory.org/gallery/screencaps/outlaw-star/episode-23/?page=3,3,2026-10-07T01:50:30.837699+00:00,12d1cf1b13fba666fd9ed210bfdae02e1335e94a23a1346d49bc0b6b6ad5c59f,,UNVERIFIED
EP-23,Hot Springs Planet Tenrei,00:16:33,993,854801,https://animehistory.org/uploads/screencaps/outlaw-star-E023-Hot-Springs-Planet-Tenrei/cap_00-16-33_324c.jpg,Outlaw Star Ep 23: Hot Springs Planet Tenrei @ 00:16:33,https://animehistory.org/gallery/screencaps/outlaw-star/episode-23/,https://animehistory.org/gallery/screencaps/outlaw-star/episode-23/?page=3,3,2026-10-07T01:50:30.837699+00:00,12d1cf1b13fba666fd9ed210bfdae02e1335e94a23a1346d49bc0b6b6ad5c59f,,UNVERIFIED
EP-23,Hot Springs Planet Tenrei,00:16:37,997,854802,https://animehistory.org/uploads/screencaps/outlaw-star-E023-Hot-Springs-Planet-Tenrei/cap_00-16-37_51ac.jpg,Outlaw Star Ep 23: Hot Springs Planet Tenrei @ 00:16:37,https://animehistory.org/gallery/screencaps/outlaw-star/episode-23/,https://animehistory.org/gallery/screencaps/outlaw-star/episode-23/?page=3,3,2026-10-07T01:50:30.837699+00:00,12d1cf1b13fba666fd9ed210bfdae02e1335e94a23a1346d49bc0b6b6ad5c59f,,UNVERIFIED
EP-23,Hot Springs Planet Tenrei,00:16:40,1000,854803,https://animehistory.org/uploads/screencaps/outlaw-star-E023-Hot-Springs-Planet-Tenrei/cap_00-16-40_2f18.jpg,Outlaw Star Ep 23: Hot Springs Planet Tenrei @ 00:16:40,https://animehistory.org/gallery/screencaps/outlaw-star/episode-23/,https://animehistory.org/gallery/screencaps/outlaw-star/episode-23/?page=3,3,2026-10-07T01:50:30.837699+00:00,12d1cf1b13fba666fd9ed210bfdae02e1335e94a23a1346d49bc0b6b6ad5c59f,,UNVERIFIED
EP-23,Hot Springs Planet Tenrei,00:16:44,1004,854804,https://animehistory.org/uploads/screencaps/outlaw-star-E023-Hot-Springs-Planet-Tenrei/cap_00-16-44_0805.jpg,Outlaw Star Ep 23: Hot Springs Planet Tenrei @ 00:16:44,https://animehistory.org/gallery/screencaps/outlaw-star/episode-23/,https://animehistory.org/gallery/screencaps/outlaw-star/episode-23/?page=3,3,2026-10-07T01:50:30.837699+00:00,12d1cf1b13fba666fd9ed210bfdae02e1335e94a23a1346d49bc0b6b6ad5c59f,,UNVERIFIED
EP-23,Hot Springs Planet Tenrei,00:16:48,1008,854805,https://animehistory.org/uploads/screencaps/outlaw-star-E023-Hot-Springs-Planet-Tenrei/cap_00-16-48_7aaa.jpg,Outlaw Star Ep 23: Hot Springs Planet Tenrei @ 00:16:48,https://animehistory.org/gallery/screencaps/outlaw-star/episode-23/,https://animehistory.org/gallery/screencaps/outlaw-star/episode-23/?page=3,3,2026-10-07T01:50:30.837699+00:00,12d1cf1b13fba666fd9ed210bfdae02e1335e94a23a1346d49bc0b6b6ad5c59f,,UNVERIFIED
EP-23,Hot Springs Planet Tenrei,00:16:51,1011,854806,https://animehistory.org/uploads/screencaps/outlaw-star-E023-Hot-Springs-Planet-Tenrei/cap_00-16-51_2cb6.jpg,Outlaw Star Ep 23: Hot Springs Planet Tenrei @ 00:16:51,https://animehistory.org/gallery/screencaps/outlaw-star/episode-23/,https://animehistory.org/gallery/screencaps/outlaw-star/episode-23/?page=3,3,2026-10-07T01:50:30.837699+00:00,12d1cf1b13fba666fd9ed210bfdae02e1335e94a23a1346d49bc0b6b6ad5c59f,,UNVERIFIED
EP-23,Hot Springs Planet Tenrei,00:16:55,1015,854807,https://animehistory.org/uploads/screencaps/outlaw-star-E023-Hot-Springs-Planet-Tenrei/cap_00-16-55_4c49.jpg,Outlaw Star Ep 23: Hot Springs Planet Tenrei @ 00:16:55,https://animehistory.org/gallery/screencaps/outlaw-star/episode-23/,https://animehistory.org/gallery/screencaps/outlaw-star/episode-23/?page=3,3,2026-10-07T01:50:30.837699+00:00,12d1cf1b13fba666fd9ed210bfdae02e1335e94a23a1346d49bc0b6b6ad5c59f,,UNVERIFIED
EP-23,Hot Springs Planet Tenrei,00:16:59,1019,854808,https://animehistory.org/uploads/screencaps/outlaw-star-E023-Hot-Springs-Planet-Tenrei/cap_00-16-59_0888.jpg,Outlaw Star Ep 23: Hot Springs Planet Tenrei @ 00:16:59,https://animehistory.org/gallery/screencaps/outlaw-star/episode-23/,https://animehistory.org/gallery/screencaps/outlaw-star/episode-23/?page=3,3,2026-10-07T01:50:30.837699+00:00,12d1cf1b13fba666fd9ed210bfdae02e1335e94a23a1346d49bc0b6b6ad5c59f,,UNVERIFIED
EP-23,Hot Springs Planet Tenrei,00:17:03,1023,854809,https://animehistory.org/uploads/screencaps/outlaw-star-E023-Hot-Springs-Planet-Tenrei/cap_00-17-03_5638.jpg,Outlaw Star Ep 23: Hot Springs Planet Tenrei @ 00:17:03,https://animehistory.org/gallery/screencaps/outlaw-star/episode-23/,https://animehistory.org/gallery/screencaps/outlaw-star/episode-23/?page=3,3,2026-10-07T01:50:30.837699+00:00,12d1cf1b13fba666fd9ed210bfdae02e1335e94a23a1346d49bc0b6b6ad5c59f,,UNVERIFIED
EP-23,Hot Springs Planet Tenrei,00:17:06,1026,854810,https://animehistory.org/uploads/screencaps/outlaw-star-E023-Hot-Springs-Planet-Tenrei/cap_00-17-06_6483.jpg,Outlaw Star Ep 23: Hot Springs Planet Tenrei @ 00:17:06,https://animehistory.org/gallery/screencaps/outlaw-star/episode-23/,https://animehistory.org/gallery/screencaps/outlaw-star/episode-23/?page=3,3,2026-10-07T01:50:30.837699+00:00,12d1cf1b13fba666fd9ed210bfdae02e1335e94a23a1346d49bc0b6b6ad5c59f,,UNVERIFIED
EP-23,Hot Springs Planet Tenrei,00:17:10,1030,854811,https://animehistory.org/uploads/screencaps/outlaw-star-E023-Hot-Springs-Planet-Tenrei/cap_00-17-10_18bf.jpg,Outlaw Star Ep 23: Hot Springs Planet Tenrei @ 00:17:10,https://animehistory.org/gallery/screencaps/outlaw-star/episode-23/,https://animehistory.org/gallery/screencaps/outlaw-star/episode-23/?page=3,3,2026-10-07T01:50:30.837699+00:00,12d1cf1b13fba666fd9ed210bfdae02e1335e94a23a1346d49bc0b6b6ad5c59f,,UNVERIFIED
EP-23,Hot Springs Planet Tenrei,00:17:14,1034,854812,https://animehistory.org/uploads/screencaps/outlaw-star-E023-Hot-Springs-Planet-Tenrei/cap_00-17-14_30ce.jpg,Outlaw Star Ep 23: Hot Springs Planet Tenrei @ 00:17:14,https://animehistory.org/gallery/screencaps/outlaw-star/episode-23/,https://animehistory.org/gallery/screencaps/outlaw-star/episode-23/?page=3,3,2026-10-07T01:50:30.837699+00:00,12d1cf1b13fba666fd9ed210bfdae02e1335e94a23a1346d49bc0b6b6ad5c59f,,UNVERIFIED
EP-23,Hot Springs Planet Tenrei,00:17:17,1037,854813,https://animehistory.org/uploads/screencaps/outlaw-star-E023-Hot-Springs-Planet-Tenrei/cap_00-17-17_02fc.jpg,Outlaw Star Ep 23: Hot Springs Planet Tenrei @ 00:17:17,https://animehistory.org/gallery/screencaps/outlaw-star/episode-23/,https://animehistory.org/gallery/screencaps/outlaw-star/episode-23/?page=3,3,2026-10-07T01:50:30.837699+00:00,12d1cf1b13fba666fd9ed210bfdae02e1335e94a23a1346d49bc0b6b6ad5c59f,,UNVERIFIED
EP-23,Hot Springs Planet Tenrei,00:17:21,1041,854814,https://animehistory.org/uploads/screencaps/outlaw-star-E023-Hot-Springs-Planet-Tenrei/cap_00-17-21_5baa.jpg,Outlaw Star Ep 23: Hot Springs Planet Tenrei @ 00:17:21,https://animehistory.org/gallery/screencaps/outlaw-star/episode-23/,https://animehistory.org/gallery/screencaps/outlaw-star/episode-23/?page=3,3,2026-10-07T01:50:30.837699+00:00,12d1cf1b13fba666fd9ed210bfdae02e1335e94a23a1346d49bc0b6b6ad5c59f,,UNVERIFIED
EP-23,Hot Springs Planet Tenrei,00:17:25,1045,854815,https://animehistory.org/uploads/screencaps/outlaw-star-E023-Hot-Springs-Planet-Tenrei/cap_00-17-25_4ab1.jpg,Outlaw Star Ep 23: Hot Springs Planet Tenrei @ 00:17:25,https://animehistory.org/gallery/screencaps/outlaw-star/episode-23/,https://animehistory.org/gallery/screencaps/outlaw-star/episode-23/?page=3,3,2026-10-07T01:50:30.837699+00:00,12d1cf1b13fba666fd9ed210bfdae02e1335e94a23a1346d49bc0b6b6ad5c59f,,UNVERIFIED
EP-23,Hot Springs Planet Tenrei,00:17:29,1049,854816,https://animehistory.org/uploads/screencaps/outlaw-star-E023-Hot-Springs-Planet-Tenrei/cap_00-17-29_7be9.jpg,Outlaw Star Ep 23: Hot Springs Planet Tenrei @ 00:17:29,https://animehistory.org/gallery/screencaps/outlaw-star/episode-23/,https://animehistory.org/gallery/screencaps/outlaw-star/episode-23/?page=3,3,2026-10-07T01:50:30.837699+00:00,12d1cf1b13fba666fd9ed210bfdae02e1335e94a23a1346d49bc0b6b6ad5c59f,,UNVERIFIED
EP-23,Hot Springs Planet Tenrei,00:17:32,1052,854817,https://animehistory.org/uploads/screencaps/outlaw-star-E023-Hot-Springs-Planet-Tenrei/cap_00-17-32_207c.jpg,Outlaw Star Ep 23: Hot Springs Planet Tenrei @ 00:17:32,https://animehistory.org/gallery/screencaps/outlaw-star/episode-23/,https://animehistory.org/gallery/screencaps/outlaw-star/episode-23/?page=3,3,2026-10-07T01:50:30.837699+00:00,12d1cf1b13fba666fd9ed210bfdae02e1335e94a23a1346d49bc0b6b6ad5c59f,,UNVERIFIED
EP-23,Hot Springs Planet Tenrei,00:17:36,1056,854818,https://animehistory.org/uploads/screencaps/outlaw-star-E023-Hot-Springs-Planet-Tenrei/cap_00-17-36_71a8.jpg,Outlaw Star Ep 23: Hot Springs Planet Tenrei @ 00:17:36,https://animehistory.org/gallery/screencaps/outlaw-star/episode-23/,https://animehistory.org/gallery/screencaps/outlaw-star/episode-23/?page=3,3,2026-10-07T01:50:30.837699+00:00,12d1cf1b13fba666fd9ed210bfdae02e1335e94a23a1346d49bc0b6b6ad5c59f,,UNVERIFIED
EP-23,Hot Springs Planet Tenrei,00:17:40,1060,854819,https://animehistory.org/uploads/screencaps/outlaw-star-E023-Hot-Springs-Planet-Tenrei/cap_00-17-40_6938.jpg,Outlaw Star Ep 23: Hot Springs Planet Tenrei @ 00:17:40,https://animehistory.org/gallery/screencaps/outlaw-star/episode-23/,https://animehistory.org/gallery/screencaps/outlaw-star/episode-23/?page=3,3,2026-10-07T01:50:30.837699+00:00,12d1cf1b13fba666fd9ed210bfdae02e1335e94a23a1346d49bc0b6b6ad5c59f,,UNVERIFIED
EP-23,Hot Springs Planet Tenrei,00:17:43,1063,854820,https://animehistory.org/uploads/screencaps/outlaw-star-E023-Hot-Springs-Planet-Tenrei/cap_00-17-43_0af3.jpg,Outlaw Star Ep 23: Hot Springs Planet Tenrei @ 00:17:43,https://animehistory.org/gallery/screencaps/outlaw-star/episode-23/,https://animehistory.org/gallery/screencaps/outlaw-star/episode-23/?page=3,3,2026-10-07T01:50:30.837699+00:00,12d1cf1b13fba666fd9ed210bfdae02e1335e94a23a1346d49bc0b6b6ad5c59f,,UNVERIFIED
EP-23,Hot Springs Planet Tenrei,00:17:47,1067,854821,https://animehistory.org/uploads/screencaps/outlaw-star-E023-Hot-Springs-Planet-Tenrei/cap_00-17-47_3921.jpg,Outlaw Star Ep 23: Hot Springs Planet Tenrei @ 00:17:47,https://animehistory.org/gallery/screencaps/outlaw-star/episode-23/,https://animehistory.org/gallery/screencaps/outlaw-star/episode-23/?page=3,3,2026-10-07T01:50:30.837699+00:00,12d1cf1b13fba666fd9ed210bfdae02e1335e94a23a1346d49bc0b6b6ad5c59f,,UNVERIFIED
EP-23,Hot Springs Planet Tenrei,00:17:51,1071,854822,https://animehistory.org/uploads/screencaps/outlaw-star-E023-Hot-Springs-Planet-Tenrei/cap_00-17-51_6d1c.jpg,Outlaw Star Ep 23: Hot Springs Planet Tenrei @ 00:17:51,https://animehistory.org/gallery/screencaps/outlaw-star/episode-23/,https://animehistory.org/gallery/screencaps/outlaw-star/episode-23/?page=3,3,2026-10-07T01:50:30.837699+00:00,12d1cf1b13fba666fd9ed210bfdae02e1335e94a23a1346d49bc0b6b6ad5c59f,,UNVERIFIED
EP-23,Hot Springs Planet Tenrei,00:17:54,1074,854823,https://animehistory.org/uploads/screencaps/outlaw-star-E023-Hot-Springs-Planet-Tenrei/cap_00-17-54_1678.jpg,Outlaw Star Ep 23: Hot Springs Planet Tenrei @ 00:17:54,https://animehistory.org/gallery/screencaps/outlaw-star/episode-23/,https://animehistory.org/gallery/screencaps/outlaw-star/episode-23/?page=3,3,2026-10-07T01:50:30.837699+00:00,12d1cf1b13fba666fd9ed210bfdae02e1335e94a23a1346d49bc0b6b6ad5c59f,,UNVERIFIED
EP-23,Hot Springs Planet Tenrei,00:17:58,1078,854824,https://animehistory.org/uploads/screencaps/outlaw-star-E023-Hot-Springs-Planet-Tenrei/cap_00-17-58_0f33.jpg,Outlaw Star Ep 23: Hot Springs Planet Tenrei @ 00:17:58,https://animehistory.org/gallery/screencaps/outlaw-star/episode-23/,https://animehistory.org/gallery/screencaps/outlaw-star/episode-23/?page=3,3,2026-10-07T01:50:30.837699+00:00,12d1cf1b13fba666fd9ed210bfdae02e1335e94a23a1346d49bc0b6b6ad5c59f,,UNVERIFIED
EP-23,Hot Springs Planet Tenrei,00:18:02,1082,854825,https://animehistory.org/uploads/screencaps/outlaw-star-E023-Hot-Springs-Planet-Tenrei/cap_00-18-02_362b.jpg,Outlaw Star Ep 23: Hot Springs Planet Tenrei @ 00:18:02,https://animehistory.org/gallery/screencaps/outlaw-star/episode-23/,https://animehistory.org/gallery/screencaps/outlaw-star/episode-23/?page=3,3,2026-10-07T01:50:30.837699+00:00,12d1cf1b13fba666fd9ed210bfdae02e1335e94a23a1346d49bc0b6b6ad5c59f,,UNVERIFIED
EP-23,Hot Springs Planet Tenrei,00:18:06,1086,854826,https://animehistory.org/uploads/screencaps/outlaw-star-E023-Hot-Springs-Planet-Tenrei/cap_00-18-06_24cb.jpg,Outlaw Star Ep 23: Hot Springs Planet Tenrei @ 00:18:06,https://animehistory.org/gallery/screencaps/outlaw-star/episode-23/,https://animehistory.org/gallery/screencaps/outlaw-star/episode-23/?page=3,3,2026-10-07T01:50:30.837699+00:00,12d1cf1b13fba666fd9ed210bfdae02e1335e94a23a1346d49bc0b6b6ad5c59f,,UNVERIFIED
EP-23,Hot Springs Planet Tenrei,00:18:09,1089,854827,https://animehistory.org/uploads/screencaps/outlaw-star-E023-Hot-Springs-Planet-Tenrei/cap_00-18-09_60b0.jpg,Outlaw Star Ep 23: Hot Springs Planet Tenrei @ 00:18:09,https://animehistory.org/gallery/screencaps/outlaw-star/episode-23/,https://animehistory.org/gallery/screencaps/outlaw-star/episode-23/?page=3,3,2026-10-07T01:50:30.837699+00:00,12d1cf1b13fba666fd9ed210bfdae02e1335e94a23a1346d49bc0b6b6ad5c59f,,UNVERIFIED
EP-23,Hot Springs Planet Tenrei,00:18:13,1093,854828,https://animehistory.org/uploads/screencaps/outlaw-star-E023-Hot-Springs-Planet-Tenrei/cap_00-18-13_0666.jpg,Outlaw Star Ep 23: Hot Springs Planet Tenrei @ 00:18:13,https://animehistory.org/gallery/screencaps/outlaw-star/episode-23/,https://animehistory.org/gallery/screencaps/outlaw-star/episode-23/?page=3,3,2026-10-07T01:50:30.837699+00:00,12d1cf1b13fba666fd9ed210bfdae02e1335e94a23a1346d49bc0b6b6ad5c59f,,UNVERIFIED
EP-23,Hot Springs Planet Tenrei,00:18:17,1097,854829,https://animehistory.org/uploads/screencaps/outlaw-star-E023-Hot-Springs-Planet-Tenrei/cap_00-18-17_7a5a.jpg,Outlaw Star Ep 23: Hot Springs Planet Tenrei @ 00:18:17,https://animehistory.org/gallery/screencaps/outlaw-star/episode-23/,https://animehistory.org/gallery/screencaps/outlaw-star/episode-23/?page=3,3,2026-10-07T01:50:30.837699+00:00,12d1cf1b13fba666fd9ed210bfdae02e1335e94a23a1346d49bc0b6b6ad5c59f,,UNVERIFIED
EP-23,Hot Springs Planet Tenrei,00:18:20,1100,854830,https://animehistory.org/uploads/screencaps/outlaw-star-E023-Hot-Springs-Planet-Tenrei/cap_00-18-20_78f4.jpg,Outlaw Star Ep 23: Hot Springs Planet Tenrei @ 00:18:20,https://animehistory.org/gallery/screencaps/outlaw-star/episode-23/,https://animehistory.org/gallery/screencaps/outlaw-star/episode-23/?page=3,3,2026-10-07T01:50:30.837699+00:00,12d1cf1b13fba666fd9ed210bfdae02e1335e94a23a1346d49bc0b6b6ad5c59f,,UNVERIFIED
EP-23,Hot Springs Planet Tenrei,00:18:24,1104,854831,https://animehistory.org/uploads/screencaps/outlaw-star-E023-Hot-Springs-Planet-Tenrei/cap_00-18-24_125e.jpg,Outlaw Star Ep 23: Hot Springs Planet Tenrei @ 00:18:24,https://animehistory.org/gallery/screencaps/outlaw-star/episode-23/,https://animehistory.org/gallery/screencaps/outlaw-star/episode-23/?page=3,3,2026-10-07T01:50:30.837699+00:00,12d1cf1b13fba666fd9ed210bfdae02e1335e94a23a1346d49bc0b6b6ad5c59f,,UNVERIFIED
EP-23,Hot Springs Planet Tenrei,00:18:28,1108,854832,https://animehistory.org/uploads/screencaps/outlaw-star-E023-Hot-Springs-Planet-Tenrei/cap_00-18-28_422d.jpg,Outlaw Star Ep 23: Hot Springs Planet Tenrei @ 00:18:28,https://animehistory.org/gallery/screencaps/outlaw-star/episode-23/,https://animehistory.org/gallery/screencaps/outlaw-star/episode-23/?page=3,3,2026-10-07T01:50:30.837699+00:00,12d1cf1b13fba666fd9ed210bfdae02e1335e94a23a1346d49bc0b6b6ad5c59f,,UNVERIFIED
EP-23,Hot Springs Planet Tenrei,00:18:32,1112,854833,https://animehistory.org/uploads/screencaps/outlaw-star-E023-Hot-Springs-Planet-Tenrei/cap_00-18-32_5f2e.jpg,Outlaw Star Ep 23: Hot Springs Planet Tenrei @ 00:18:32,https://animehistory.org/gallery/screencaps/outlaw-star/episode-23/,https://animehistory.org/gallery/screencaps/outlaw-star/episode-23/?page=3,3,2026-10-07T01:50:30.837699+00:00,12d1cf1b13fba666fd9ed210bfdae02e1335e94a23a1346d49bc0b6b6ad5c59f,,UNVERIFIED
EP-23,Hot Springs Planet Tenrei,00:18:35,1115,854834,https://animehistory.org/uploads/screencaps/outlaw-star-E023-Hot-Springs-Planet-Tenrei/cap_00-18-35_50c2.jpg,Outlaw Star Ep 23: Hot Springs Planet Tenrei @ 00:18:35,https://animehistory.org/gallery/screencaps/outlaw-star/episode-23/,https://animehistory.org/gallery/screencaps/outlaw-star/episode-23/?page=3,3,2026-10-07T01:50:30.837699+00:00,12d1cf1b13fba666fd9ed210bfdae02e1335e94a23a1346d49bc0b6b6ad5c59f,,UNVERIFIED
EP-23,Hot Springs Planet Tenrei,00:18:39,1119,854835,https://animehistory.org/uploads/screencaps/outlaw-star-E023-Hot-Springs-Planet-Tenrei/cap_00-18-39_057d.jpg,Outlaw Star Ep 23: Hot Springs Planet Tenrei @ 00:18:39,https://animehistory.org/gallery/screencaps/outlaw-star/episode-23/,https://animehistory.org/gallery/screencaps/outlaw-star/episode-23/?page=3,3,2026-10-07T01:50:30.837699+00:00,12d1cf1b13fba666fd9ed210bfdae02e1335e94a23a1346d49bc0b6b6ad5c59f,,UNVERIFIED
EP-23,Hot Springs Planet Tenrei,00:18:43,1123,854836,https://animehistory.org/uploads/screencaps/outlaw-star-E023-Hot-Springs-Planet-Tenrei/cap_00-18-43_07e7.jpg,Outlaw Star Ep 23: Hot Springs Planet Tenrei @ 00:18:43,https://animehistory.org/gallery/screencaps/outlaw-star/episode-23/,https://animehistory.org/gallery/screencaps/outlaw-star/episode-23/?page=3,3,2026-10-07T01:50:30.837699+00:00,12d1cf1b13fba666fd9ed210bfdae02e1335e94a23a1346d49bc0b6b6ad5c59f,,UNVERIFIED
EP-23,Hot Springs Planet Tenrei,00:18:46,1126,854837,https://animehistory.org/uploads/screencaps/outlaw-star-E023-Hot-Springs-Planet-Tenrei/cap_00-18-46_016f.jpg,Outlaw Star Ep 23: Hot Springs Planet Tenrei @ 00:18:46,https://animehistory.org/gallery/screencaps/outlaw-star/episode-23/,https://animehistory.org/gallery/screencaps/outlaw-star/episode-23/?page=3,3,2026-10-07T01:50:30.837699+00:00,12d1cf1b13fba666fd9ed210bfdae02e1335e94a23a1346d49bc0b6b6ad5c59f,,UNVERIFIED
EP-23,Hot Springs Planet Tenrei,00:18:50,1130,854838,https://animehistory.org/uploads/screencaps/outlaw-star-E023-Hot-Springs-Planet-Tenrei/cap_00-18-50_3d40.jpg,Outlaw Star Ep 23: Hot Springs Planet Tenrei @ 00:18:50,https://animehistory.org/gallery/screencaps/outlaw-star/episode-23/,https://animehistory.org/gallery/screencaps/outlaw-star/episode-23/?page=3,3,2026-10-07T01:50:30.837699+00:00,12d1cf1b13fba666fd9ed210bfdae02e1335e94a23a1346d49bc0b6b6ad5c59f,,UNVERIFIED
EP-23,Hot Springs Planet Tenrei,00:18:54,1134,854839,https://animehistory.org/uploads/screencaps/outlaw-star-E023-Hot-Springs-Planet-Tenrei/cap_00-18-54_5e00.jpg,Outlaw Star Ep 23: Hot Springs Planet Tenrei @ 00:18:54,https://animehistory.org/gallery/screencaps/outlaw-star/episode-23/,https://animehistory.org/gallery/screencaps/outlaw-star/episode-23/?page=3,3,2026-10-07T01:50:30.837699+00:00,12d1cf1b13fba666fd9ed210bfdae02e1335e94a23a1346d49bc0b6b6ad5c59f,,UNVERIFIED
EP-23,Hot Springs Planet Tenrei,00:18:57,1137,854840,https://animehistory.org/uploads/screencaps/outlaw-star-E023-Hot-Springs-Planet-Tenrei/cap_00-18-57_0c6c.jpg,Outlaw Star Ep 23: Hot Springs Planet Tenrei @ 00:18:57,https://animehistory.org/gallery/screencaps/outlaw-star/episode-23/,https://animehistory.org/gallery/screencaps/outlaw-star/episode-23/?page=3,3,2026-10-07T01:50:30.837699+00:00,12d1cf1b13fba666fd9ed210bfdae02e1335e94a23a1346d49bc0b6b6ad5c59f,,UNVERIFIED
EP-23,Hot Springs Planet Tenrei,00:19:01,1141,854841,https://animehistory.org/uploads/screencaps/outlaw-star-E023-Hot-Springs-Planet-Tenrei/cap_00-19-01_5f9b.jpg,Outlaw Star Ep 23: Hot Springs Planet Tenrei @ 00:19:01,https://animehistory.org/gallery/screencaps/outlaw-star/episode-23/,https://animehistory.org/gallery/screencaps/outlaw-star/episode-23/?page=3,3,2026-10-07T01:50:30.837699+00:00,12d1cf1b13fba666fd9ed210bfdae02e1335e94a23a1346d49bc0b6b6ad5c59f,,UNVERIFIED
EP-23,Hot Springs Planet Tenrei,00:19:05,1145,854842,https://animehistory.org/uploads/screencaps/outlaw-star-E023-Hot-Springs-Planet-Tenrei/cap_00-19-05_41d9.jpg,Outlaw Star Ep 23: Hot Springs Planet Tenrei @ 00:19:05,https://animehistory.org/gallery/screencaps/outlaw-star/episode-23/,https://animehistory.org/gallery/screencaps/outlaw-star/episode-23/?page=3,3,2026-10-07T01:50:30.837699+00:00,12d1cf1b13fba666fd9ed210bfdae02e1335e94a23a1346d49bc0b6b6ad5c59f,,UNVERIFIED
EP-23,Hot Springs Planet Tenrei,00:19:09,1149,854843,https://animehistory.org/uploads/screencaps/outlaw-star-E023-Hot-Springs-Planet-Tenrei/cap_00-19-09_1fce.jpg,Outlaw Star Ep 23: Hot Springs Planet Tenrei @ 00:19:09,https://animehistory.org/gallery/screencaps/outlaw-star/episode-23/,https://animehistory.org/gallery/screencaps/outlaw-star/episode-23/?page=3,3,2026-10-07T01:50:30.837699+00:00,12d1cf1b13fba666fd9ed210bfdae02e1335e94a23a1346d49bc0b6b6ad5c59f,,UNVERIFIED
EP-23,Hot Springs Planet Tenrei,00:19:12,1152,854844,https://animehistory.org/uploads/screencaps/outlaw-star-E023-Hot-Springs-Planet-Tenrei/cap_00-19-12_24cf.jpg,Outlaw Star Ep 23: Hot Springs Planet Tenrei @ 00:19:12,https://animehistory.org/gallery/screencaps/outlaw-star/episode-23/,https://animehistory.org/gallery/screencaps/outlaw-star/episode-23/?page=3,3,2026-10-07T01:50:30.837699+00:00,12d1cf1b13fba666fd9ed210bfdae02e1335e94a23a1346d49bc0b6b6ad5c59f,,UNVERIFIED
EP-23,Hot Springs Planet Tenrei,00:19:16,1156,854845,https://animehistory.org/uploads/screencaps/outlaw-star-E023-Hot-Springs-Planet-Tenrei/cap_00-19-16_35fd.jpg,Outlaw Star Ep 23: Hot Springs Planet Tenrei @ 00:19:16,https://animehistory.org/gallery/screencaps/outlaw-star/episode-23/,https://animehistory.org/gallery/screencaps/outlaw-star/episode-23/?page=3,3,2026-10-07T01:50:30.837699+00:00,12d1cf1b13fba666fd9ed210bfdae02e1335e94a23a1346d49bc0b6b6ad5c59f,,UNVERIFIED
EP-23,Hot Springs Planet Tenrei,00:19:20,1160,854846,https://animehistory.org/uploads/screencaps/outlaw-star-E023-Hot-Springs-Planet-Tenrei/cap_00-19-20_7801.jpg,Outlaw Star Ep 23: Hot Springs Planet Tenrei @ 00:19:20,https://animehistory.org/gallery/screencaps/outlaw-star/episode-23/,https://animehistory.org/gallery/screencaps/outlaw-star/episode-23/?page=3,3,2026-10-07T01:50:30.837699+00:00,12d1cf1b13fba666fd9ed210bfdae02e1335e94a23a1346d49bc0b6b6ad5c59f,,UNVERIFIED
EP-23,Hot Springs Planet Tenrei,00:19:23,1163,854847,https://animehistory.org/uploads/screencaps/outlaw-star-E023-Hot-Springs-Planet-Tenrei/cap_00-19-23_0fd7.jpg,Outlaw Star Ep 23: Hot Springs Planet Tenrei @ 00:19:23,https://animehistory.org/gallery/screencaps/outlaw-star/episode-23/,https://animehistory.org/gallery/screencaps/outlaw-star/episode-23/?page=3,3,2026-10-07T01:50:30.837699+00:00,12d1cf1b13fba666fd9ed210bfdae02e1335e94a23a1346d49bc0b6b6ad5c59f,,UNVERIFIED
EP-23,Hot Springs Planet Tenrei,00:19:27,1167,854848,https://animehistory.org/uploads/screencaps/outlaw-star-E023-Hot-Springs-Planet-Tenrei/cap_00-19-27_1ec9.jpg,Outlaw Star Ep 23: Hot Springs Planet Tenrei @ 00:19:27,https://animehistory.org/gallery/screencaps/outlaw-star/episode-23/,https://animehistory.org/gallery/screencaps/outlaw-star/episode-23/?page=3,3,2026-10-07T01:50:30.837699+00:00,12d1cf1b13fba666fd9ed210bfdae02e1335e94a23a1346d49bc0b6b6ad5c59f,,UNVERIFIED
EP-23,Hot Springs Planet Tenrei,00:19:31,1171,854849,https://animehistory.org/uploads/screencaps/outlaw-star-E023-Hot-Springs-Planet-Tenrei/cap_00-19-31_10da.jpg,Outlaw Star Ep 23: Hot Springs Planet Tenrei @ 00:19:31,https://animehistory.org/gallery/screencaps/outlaw-star/episode-23/,https://animehistory.org/gallery/screencaps/outlaw-star/episode-23/?page=3,3,2026-10-07T01:50:30.837699+00:00,12d1cf1b13fba666fd9ed210bfdae02e1335e94a23a1346d49bc0b6b6ad5c59f,,UNVERIFIED
EP-23,Hot Springs Planet Tenrei,00:19:35,1175,854850,https://animehistory.org/uploads/screencaps/outlaw-star-E023-Hot-Springs-Planet-Tenrei/cap_00-19-35_64f6.jpg,Outlaw Star Ep 23: Hot Springs Planet Tenrei @ 00:19:35,https://animehistory.org/gallery/screencaps/outlaw-star/episode-23/,https://animehistory.org/gallery/screencaps/outlaw-star/episode-23/?page=3,3,2026-10-07T01:50:30.837699+00:00,12d1cf1b13fba666fd9ed210bfdae02e1335e94a23a1346d49bc0b6b6ad5c59f,,UNVERIFIED
EP-23,Hot Springs Planet Tenrei,00:19:38,1178,854851,https://animehistory.org/uploads/screencaps/outlaw-star-E023-Hot-Springs-Planet-Tenrei/cap_00-19-38_5067.jpg,Outlaw Star Ep 23: Hot Springs Planet Tenrei @ 00:19:38,https://animehistory.org/gallery/screencaps/outlaw-star/episode-23/,https://animehistory.org/gallery/screencaps/outlaw-star/episode-23/?page=3,3,2026-10-07T01:50:30.837699+00:00,12d1cf1b13fba666fd9ed210bfdae02e1335e94a23a1346d49bc0b6b6ad5c59f,,UNVERIFIED
EP-23,Hot Springs Planet Tenrei,00:19:42,1182,854852,https://animehistory.org/uploads/screencaps/outlaw-star-E023-Hot-Springs-Planet-Tenrei/cap_00-19-42_0939.jpg,Outlaw Star Ep 23: Hot Springs Planet Tenrei @ 00:19:42,https://animehistory.org/gallery/screencaps/outlaw-star/episode-23/,https://animehistory.org/gallery/screencaps/outlaw-star/episode-23/?page=3,3,2026-10-07T01:50:30.837699+00:00,12d1cf1b13fba666fd9ed210bfdae02e1335e94a23a1346d49bc0b6b6ad5c59f,,UNVERIFIED
EP-23,Hot Springs Planet Tenrei,00:19:46,1186,854853,https://animehistory.org/uploads/screencaps/outlaw-star-E023-Hot-Springs-Planet-Tenrei/cap_00-19-46_6ff5.jpg,Outlaw Star Ep 23: Hot Springs Planet Tenrei @ 00:19:46,https://animehistory.org/gallery/screencaps/outlaw-star/episode-23/,https://animehistory.org/gallery/screencaps/outlaw-star/episode-23/?page=3,3,2026-10-07T01:50:30.837699+00:00,12d1cf1b13fba666fd9ed210bfdae02e1335e94a23a1346d49bc0b6b6ad5c59f,,UNVERIFIED
EP-23,Hot Springs Planet Tenrei,00:19:49,1189,854854,https://animehistory.org/uploads/screencaps/outlaw-star-E023-Hot-Springs-Planet-Tenrei/cap_00-19-49_702c.jpg,Outlaw Star Ep 23: Hot Springs Planet Tenrei @ 00:19:49,https://animehistory.org/gallery/screencaps/outlaw-star/episode-23/,https://animehistory.org/gallery/screencaps/outlaw-star/episode-23/?page=3,3,2026-10-07T01:50:30.837699+00:00,12d1cf1b13fba666fd9ed210bfdae02e1335e94a23a1346d49bc0b6b6ad5c59f,,UNVERIFIED
EP-23,Hot Springs Planet Tenrei,00:19:53,1193,854855,https://animehistory.org/uploads/screencaps/outlaw-star-E023-Hot-Springs-Planet-Tenrei/cap_00-19-53_47bf.jpg,Outlaw Star Ep 23: Hot Springs Planet Tenrei @ 00:19:53,https://animehistory.org/gallery/screencaps/outlaw-star/episode-23/,https://animehistory.org/gallery/screencaps/outlaw-star/episode-23/?page=3,3,2026-10-07T01:50:30.837699+00:00,12d1cf1b13fba666fd9ed210bfdae02e1335e94a23a1346d49bc0b6b6ad5c59f,,UNVERIFIED
EP-23,Hot Springs Planet Tenrei,00:19:57,1197,854856,https://animehistory.org/uploads/screencaps/outlaw-star-E023-Hot-Springs-Planet-Tenrei/cap_00-19-57_781c.jpg,Outlaw Star Ep 23: Hot Springs Planet Tenrei @ 00:19:57,https://animehistory.org/gallery/screencaps/outlaw-star/episode-23/,https://animehistory.org/gallery/screencaps/outlaw-star/episode-23/?page=3,3,2026-10-07T01:50:30.837699+00:00,12d1cf1b13fba666fd9ed210bfdae02e1335e94a23a1346d49bc0b6b6ad5c59f,,UNVERIFIED
EP-23,Hot Springs Planet Tenrei,00:20:00,1200,854857,https://animehistory.org/uploads/screencaps/outlaw-star-E023-Hot-Springs-Planet-Tenrei/cap_00-20-00_7b0a.jpg,Outlaw Star Ep 23: Hot Springs Planet Tenrei @ 00:20:00,https://animehistory.org/gallery/screencaps/outlaw-star/episode-23/,https://animehistory.org/gallery/screencaps/outlaw-star/episode-23/?page=3,3,2026-10-07T01:50:30.837699+00:00,12d1cf1b13fba666fd9ed210bfdae02e1335e94a23a1346d49bc0b6b6ad5c59f,,UNVERIFIED
EP-23,Hot Springs Planet Tenrei,00:20:04,1204,854858,https://animehistory.org/uploads/screencaps/outlaw-star-E023-Hot-Springs-Planet-Tenrei/cap_00-20-04_0c81.jpg,Outlaw Star Ep 23: Hot Springs Planet Tenrei @ 00:20:04,https://animehistory.org/gallery/screencaps/outlaw-star/episode-23/,https://animehistory.org/gallery/screencaps/outlaw-star/episode-23/?page=3,3,2026-10-07T01:50:30.837699+00:00,12d1cf1b13fba666fd9ed210bfdae02e1335e94a23a1346d49bc0b6b6ad5c59f,,UNVERIFIED
EP-23,Hot Springs Planet Tenrei,00:20:08,1208,854859,https://animehistory.org/uploads/screencaps/outlaw-star-E023-Hot-Springs-Planet-Tenrei/cap_00-20-08_40d2.jpg,Outlaw Star Ep 23: Hot Springs Planet Tenrei @ 00:20:08,https://animehistory.org/gallery/screencaps/outlaw-star/episode-23/,https://animehistory.org/gallery/screencaps/outlaw-star/episode-23/?page=3,3,2026-10-07T01:50:30.837699+00:00,12d1cf1b13fba666fd9ed210bfdae02e1335e94a23a1346d49bc0b6b6ad5c59f,,UNVERIFIED
EP-23,Hot Springs Planet Tenrei,00:20:12,1212,854860,https://animehistory.org/uploads/screencaps/outlaw-star-E023-Hot-Springs-Planet-Tenrei/cap_00-20-12_6a2d.jpg,Outlaw Star Ep 23: Hot Springs Planet Tenrei @ 00:20:12,https://animehistory.org/gallery/screencaps/outlaw-star/episode-23/,https://animehistory.org/gallery/screencaps/outlaw-star/episode-23/?page=3,3,2026-10-07T01:50:30.837699+00:00,12d1cf1b13fba666fd9ed210bfdae02e1335e94a23a1346d49bc0b6b6ad5c59f,,UNVERIFIED
EP-23,Hot Springs Planet Tenrei,00:20:15,1215,854861,https://animehistory.org/uploads/screencaps/outlaw-star-E023-Hot-Springs-Planet-Tenrei/cap_00-20-15_0232.jpg,Outlaw Star Ep 23: Hot Springs Planet Tenrei @ 00:20:15,https://animehistory.org/gallery/screencaps/outlaw-star/episode-23/,https://animehistory.org/gallery/screencaps/outlaw-star/episode-23/?page=4,4,2026-10-07T01:50:32.106784+00:00,6c1a268277947e0dc6dfb7777cd9612e04fc7d65e8da6a7d4fa4f82868326dc3,,UNVERIFIED
EP-23,Hot Springs Planet Tenrei,00:20:19,1219,854862,https://animehistory.org/uploads/screencaps/outlaw-star-E023-Hot-Springs-Planet-Tenrei/cap_00-20-19_3286.jpg,Outlaw Star Ep 23: Hot Springs Planet Tenrei @ 00:20:19,https://animehistory.org/gallery/screencaps/outlaw-star/episode-23/,https://animehistory.org/gallery/screencaps/outlaw-star/episode-23/?page=4,4,2026-10-07T01:50:32.106784+00:00,6c1a268277947e0dc6dfb7777cd9612e04fc7d65e8da6a7d4fa4f82868326dc3,,UNVERIFIED
EP-23,Hot Springs Planet Tenrei,00:20:23,1223,854863,https://animehistory.org/uploads/screencaps/outlaw-star-E023-Hot-Springs-Planet-Tenrei/cap_00-20-23_7f28.jpg,Outlaw Star Ep 23: Hot Springs Planet Tenrei @ 00:20:23,https://animehistory.org/gallery/screencaps/outlaw-star/episode-23/,https://animehistory.org/gallery/screencaps/outlaw-star/episode-23/?page=4,4,2026-10-07T01:50:32.106784+00:00,6c1a268277947e0dc6dfb7777cd9612e04fc7d65e8da6a7d4fa4f82868326dc3,,UNVERIFIED
EP-23,Hot Springs Planet Tenrei,00:20:26,1226,854864,https://animehistory.org/uploads/screencaps/outlaw-star-E023-Hot-Springs-Planet-Tenrei/cap_00-20-26_774f.jpg,Outlaw Star Ep 23: Hot Springs Planet Tenrei @ 00:20:26,https://animehistory.org/gallery/screencaps/outlaw-star/episode-23/,https://animehistory.org/gallery/screencaps/outlaw-star/episode-23/?page=4,4,2026-10-07T01:50:32.106784+00:00,6c1a268277947e0dc6dfb7777cd9612e04fc7d65e8da6a7d4fa4f82868326dc3,,UNVERIFIED
EP-23,Hot Springs Planet Tenrei,00:20:30,1230,854865,https://animehistory.org/uploads/screencaps/outlaw-star-E023-Hot-Springs-Planet-Tenrei/cap_00-20-30_0fd0.jpg,Outlaw Star Ep 23: Hot Springs Planet Tenrei @ 00:20:30,https://animehistory.org/gallery/screencaps/outlaw-star/episode-23/,https://animehistory.org/gallery/screencaps/outlaw-star/episode-23/?page=4,4,2026-10-07T01:50:32.106784+00:00,6c1a268277947e0dc6dfb7777cd9612e04fc7d65e8da6a7d4fa4f82868326dc3,,UNVERIFIED
EP-23,Hot Springs Planet Tenrei,00:20:34,1234,854866,https://animehistory.org/uploads/screencaps/outlaw-star-E023-Hot-Springs-Planet-Tenrei/cap_00-20-34_60d5.jpg,Outlaw Star Ep 23: Hot Springs Planet Tenrei @ 00:20:34,https://animehistory.org/gallery/screencaps/outlaw-star/episode-23/,https://animehistory.org/gallery/screencaps/outlaw-star/episode-23/?page=4,4,2026-10-07T01:50:32.106784+00:00,6c1a268277947e0dc6dfb7777cd9612e04fc7d65e8da6a7d4fa4f82868326dc3,,UNVERIFIED
EP-23,Hot Springs Planet Tenrei,00:20:38,1238,854867,https://animehistory.org/uploads/screencaps/outlaw-star-E023-Hot-Springs-Planet-Tenrei/cap_00-20-38_17f9.jpg,Outlaw Star Ep 23: Hot Springs Planet Tenrei @ 00:20:38,https://animehistory.org/gallery/screencaps/outlaw-star/episode-23/,https://animehistory.org/gallery/screencaps/outlaw-star/episode-23/?page=4,4,2026-10-07T01:50:32.106784+00:00,6c1a268277947e0dc6dfb7777cd9612e04fc7d65e8da6a7d4fa4f82868326dc3,,UNVERIFIED
EP-23,Hot Springs Planet Tenrei,00:20:41,1241,854868,https://animehistory.org/uploads/screencaps/outlaw-star-E023-Hot-Springs-Planet-Tenrei/cap_00-20-41_036e.jpg,Outlaw Star Ep 23: Hot Springs Planet Tenrei @ 00:20:41,https://animehistory.org/gallery/screencaps/outlaw-star/episode-23/,https://animehistory.org/gallery/screencaps/outlaw-star/episode-23/?page=4,4,2026-10-07T01:50:32.106784+00:00,6c1a268277947e0dc6dfb7777cd9612e04fc7d65e8da6a7d4fa4f82868326dc3,,UNVERIFIED
EP-23,Hot Springs Planet Tenrei,00:20:45,1245,854869,https://animehistory.org/uploads/screencaps/outlaw-star-E023-Hot-Springs-Planet-Tenrei/cap_00-20-45_09c4.jpg,Outlaw Star Ep 23: Hot Springs Planet Tenrei @ 00:20:45,https://animehistory.org/gallery/screencaps/outlaw-star/episode-23/,https://animehistory.org/gallery/screencaps/outlaw-star/episode-23/?page=4,4,2026-10-07T01:50:32.106784+00:00,6c1a268277947e0dc6dfb7777cd9612e04fc7d65e8da6a7d4fa4f82868326dc3,,UNVERIFIED
EP-23,Hot Springs Planet Tenrei,00:20:49,1249,854870,https://animehistory.org/uploads/screencaps/outlaw-star-E023-Hot-Springs-Planet-Tenrei/cap_00-20-49_14d7.jpg,Outlaw Star Ep 23: Hot Springs Planet Tenrei @ 00:20:49,https://animehistory.org/gallery/screencaps/outlaw-star/episode-23/,https://animehistory.org/gallery/screencaps/outlaw-star/episode-23/?page=4,4,2026-10-07T01:50:32.106784+00:00,6c1a268277947e0dc6dfb7777cd9612e04fc7d65e8da6a7d4fa4f82868326dc3,,UNVERIFIED
EP-23,Hot Springs Planet Tenrei,00:20:52,1252,854871,https://animehistory.org/uploads/screencaps/outlaw-star-E023-Hot-Springs-Planet-Tenrei/cap_00-20-52_6dfd.jpg,Outlaw Star Ep 23: Hot Springs Planet Tenrei @ 00:20:52,https://animehistory.org/gallery/screencaps/outlaw-star/episode-23/,https://animehistory.org/gallery/screencaps/outlaw-star/episode-23/?page=4,4,2026-10-07T01:50:32.106784+00:00,6c1a268277947e0dc6dfb7777cd9612e04fc7d65e8da6a7d4fa4f82868326dc3,,UNVERIFIED
EP-23,Hot Springs Planet Tenrei,00:20:56,1256,854872,https://animehistory.org/uploads/screencaps/outlaw-star-E023-Hot-Springs-Planet-Tenrei/cap_00-20-56_1885.jpg,Outlaw Star Ep 23: Hot Springs Planet Tenrei @ 00:20:56,https://animehistory.org/gallery/screencaps/outlaw-star/episode-23/,https://animehistory.org/gallery/screencaps/outlaw-star/episode-23/?page=4,4,2026-10-07T01:50:32.106784+00:00,6c1a268277947e0dc6dfb7777cd9612e04fc7d65e8da6a7d4fa4f82868326dc3,,UNVERIFIED
EP-23,Hot Springs Planet Tenrei,00:21:00,1260,854873,https://animehistory.org/uploads/screencaps/outlaw-star-E023-Hot-Springs-Planet-Tenrei/cap_00-21-00_68b7.jpg,Outlaw Star Ep 23: Hot Springs Planet Tenrei @ 00:21:00,https://animehistory.org/gallery/screencaps/outlaw-star/episode-23/,https://animehistory.org/gallery/screencaps/outlaw-star/episode-23/?page=4,4,2026-10-07T01:50:32.106784+00:00,6c1a268277947e0dc6dfb7777cd9612e04fc7d65e8da6a7d4fa4f82868326dc3,,UNVERIFIED
EP-23,Hot Springs Planet Tenrei,00:21:04,1264,854874,https://animehistory.org/uploads/screencaps/outlaw-star-E023-Hot-Springs-Planet-Tenrei/cap_00-21-04_49a7.jpg,Outlaw Star Ep 23: Hot Springs Planet Tenrei @ 00:21:04,https://animehistory.org/gallery/screencaps/outlaw-star/episode-23/,https://animehistory.org/gallery/screencaps/outlaw-star/episode-23/?page=4,4,2026-10-07T01:50:32.106784+00:00,6c1a268277947e0dc6dfb7777cd9612e04fc7d65e8da6a7d4fa4f82868326dc3,,UNVERIFIED
EP-23,Hot Springs Planet Tenrei,00:21:07,1267,854875,https://animehistory.org/uploads/screencaps/outlaw-star-E023-Hot-Springs-Planet-Tenrei/cap_00-21-07_5543.jpg,Outlaw Star Ep 23: Hot Springs Planet Tenrei @ 00:21:07,https://animehistory.org/gallery/screencaps/outlaw-star/episode-23/,https://animehistory.org/gallery/screencaps/outlaw-star/episode-23/?page=4,4,2026-10-07T01:50:32.106784+00:00,6c1a268277947e0dc6dfb7777cd9612e04fc7d65e8da6a7d4fa4f82868326dc3,,UNVERIFIED
EP-23,Hot Springs Planet Tenrei,00:21:11,1271,854876,https://animehistory.org/uploads/screencaps/outlaw-star-E023-Hot-Springs-Planet-Tenrei/cap_00-21-11_2399.jpg,Outlaw Star Ep 23: Hot Springs Planet Tenrei @ 00:21:11,https://animehistory.org/gallery/screencaps/outlaw-star/episode-23/,https://animehistory.org/gallery/screencaps/outlaw-star/episode-23/?page=4,4,2026-10-07T01:50:32.106784+00:00,6c1a268277947e0dc6dfb7777cd9612e04fc7d65e8da6a7d4fa4f82868326dc3,,UNVERIFIED
EP-23,Hot Springs Planet Tenrei,00:21:15,1275,854877,https://animehistory.org/uploads/screencaps/outlaw-star-E023-Hot-Springs-Planet-Tenrei/cap_00-21-15_3265.jpg,Outlaw Star Ep 23: Hot Springs Planet Tenrei @ 00:21:15,https://animehistory.org/gallery/screencaps/outlaw-star/episode-23/,https://animehistory.org/gallery/screencaps/outlaw-star/episode-23/?page=4,4,2026-10-07T01:50:32.106784+00:00,6c1a268277947e0dc6dfb7777cd9612e04fc7d65e8da6a7d4fa4f82868326dc3,,UNVERIFIED
EP-23,Hot Springs Planet Tenrei,00:21:18,1278,854878,https://animehistory.org/uploads/screencaps/outlaw-star-E023-Hot-Springs-Planet-Tenrei/cap_00-21-18_6576.jpg,Outlaw Star Ep 23: Hot Springs Planet Tenrei @ 00:21:18,https://animehistory.org/gallery/screencaps/outlaw-star/episode-23/,https://animehistory.org/gallery/screencaps/outlaw-star/episode-23/?page=4,4,2026-10-07T01:50:32.106784+00:00,6c1a268277947e0dc6dfb7777cd9612e04fc7d65e8da6a7d4fa4f82868326dc3,,UNVERIFIED
EP-23,Hot Springs Planet Tenrei,00:21:22,1282,854879,https://animehistory.org/uploads/screencaps/outlaw-star-E023-Hot-Springs-Planet-Tenrei/cap_00-21-22_03e2.jpg,Outlaw Star Ep 23: Hot Springs Planet Tenrei @ 00:21:22,https://animehistory.org/gallery/screencaps/outlaw-star/episode-23/,https://animehistory.org/gallery/screencaps/outlaw-star/episode-23/?page=4,4,2026-10-07T01:50:32.106784+00:00,6c1a268277947e0dc6dfb7777cd9612e04fc7d65e8da6a7d4fa4f82868326dc3,,UNVERIFIED
EP-23,Hot Springs Planet Tenrei,00:21:26,1286,854880,https://animehistory.org/uploads/screencaps/outlaw-star-E023-Hot-Springs-Planet-Tenrei/cap_00-21-26_6dab.jpg,Outlaw Star Ep 23: Hot Springs Planet Tenrei @ 00:21:26,https://animehistory.org/gallery/screencaps/outlaw-star/episode-23/,https://animehistory.org/gallery/screencaps/outlaw-star/episode-23/?page=4,4,2026-10-07T01:50:32.106784+00:00,6c1a268277947e0dc6dfb7777cd9612e04fc7d65e8da6a7d4fa4f82868326dc3,,UNVERIFIED
EP-23,Hot Springs Planet Tenrei,00:21:29,1289,854881,https://animehistory.org/uploads/screencaps/outlaw-star-E023-Hot-Springs-Planet-Tenrei/cap_00-21-29_4d87.jpg,Outlaw Star Ep 23: Hot Springs Planet Tenrei @ 00:21:29,https://animehistory.org/gallery/screencaps/outlaw-star/episode-23/,https://animehistory.org/gallery/screencaps/outlaw-star/episode-23/?page=4,4,2026-10-07T01:50:32.106784+00:00,6c1a268277947e0dc6dfb7777cd9612e04fc7d65e8da6a7d4fa4f82868326dc3,,UNVERIFIED
EP-23,Hot Springs Planet Tenrei,00:21:33,1293,854882,https://animehistory.org/uploads/screencaps/outlaw-star-E023-Hot-Springs-Planet-Tenrei/cap_00-21-33_29e3.jpg,Outlaw Star Ep 23: Hot Springs Planet Tenrei @ 00:21:33,https://animehistory.org/gallery/screencaps/outlaw-star/episode-23/,https://animehistory.org/gallery/screencaps/outlaw-star/episode-23/?page=4,4,2026-10-07T01:50:32.106784+00:00,6c1a268277947e0dc6dfb7777cd9612e04fc7d65e8da6a7d4fa4f82868326dc3,,UNVERIFIED
EP-23,Hot Springs Planet Tenrei,00:21:37,1297,854883,https://animehistory.org/uploads/screencaps/outlaw-star-E023-Hot-Springs-Planet-Tenrei/cap_00-21-37_7003.jpg,Outlaw Star Ep 23: Hot Springs Planet Tenrei @ 00:21:37,https://animehistory.org/gallery/screencaps/outlaw-star/episode-23/,https://animehistory.org/gallery/screencaps/outlaw-star/episode-23/?page=4,4,2026-10-07T01:50:32.106784+00:00,6c1a268277947e0dc6dfb7777cd9612e04fc7d65e8da6a7d4fa4f82868326dc3,,UNVERIFIED
EP-23,Hot Springs Planet Tenrei,00:21:41,1301,854884,https://animehistory.org/uploads/screencaps/outlaw-star-E023-Hot-Springs-Planet-Tenrei/cap_00-21-41_6310.jpg,Outlaw Star Ep 23: Hot Springs Planet Tenrei @ 00:21:41,https://animehistory.org/gallery/screencaps/outlaw-star/episode-23/,https://animehistory.org/gallery/screencaps/outlaw-star/episode-23/?page=4,4,2026-10-07T01:50:32.106784+00:00,6c1a268277947e0dc6dfb7777cd9612e04fc7d65e8da6a7d4fa4f82868326dc3,,UNVERIFIED
EP-23,Hot Springs Planet Tenrei,00:21:44,1304,854885,https://animehistory.org/uploads/screencaps/outlaw-star-E023-Hot-Springs-Planet-Tenrei/cap_00-21-44_55b7.jpg,Outlaw Star Ep 23: Hot Springs Planet Tenrei @ 00:21:44,https://animehistory.org/gallery/screencaps/outlaw-star/episode-23/,https://animehistory.org/gallery/screencaps/outlaw-star/episode-23/?page=4,4,2026-10-07T01:50:32.106784+00:00,6c1a268277947e0dc6dfb7777cd9612e04fc7d65e8da6a7d4fa4f82868326dc3,,UNVERIFIED
EP-23,Hot Springs Planet Tenrei,00:21:48,1308,854886,https://animehistory.org/uploads/screencaps/outlaw-star-E023-Hot-Springs-Planet-Tenrei/cap_00-21-48_767c.jpg,Outlaw Star Ep 23: Hot Springs Planet Tenrei @ 00:21:48,https://animehistory.org/gallery/screencaps/outlaw-star/episode-23/,https://animehistory.org/gallery/screencaps/outlaw-star/episode-23/?page=4,4,2026-10-07T01:50:32.106784+00:00,6c1a268277947e0dc6dfb7777cd9612e04fc7d65e8da6a7d4fa4f82868326dc3,,UNVERIFIED
EP-23,Hot Springs Planet Tenrei,00:21:52,1312,854887,https://animehistory.org/uploads/screencaps/outlaw-star-E023-Hot-Springs-Planet-Tenrei/cap_00-21-52_696f.jpg,Outlaw Star Ep 23: Hot Springs Planet Tenrei @ 00:21:52,https://animehistory.org/gallery/screencaps/outlaw-star/episode-23/,https://animehistory.org/gallery/screencaps/outlaw-star/episode-23/?page=4,4,2026-10-07T01:50:32.106784+00:00,6c1a268277947e0dc6dfb7777cd9612e04fc7d65e8da6a7d4fa4f82868326dc3,,UNVERIFIED
EP-23,Hot Springs Planet Tenrei,00:21:55,1315,854888,https://animehistory.org/uploads/screencaps/outlaw-star-E023-Hot-Springs-Planet-Tenrei/cap_00-21-55_2a61.jpg,Outlaw Star Ep 23: Hot Springs Planet Tenrei @ 00:21:55,https://animehistory.org/gallery/screencaps/outlaw-star/episode-23/,https://animehistory.org/gallery/screencaps/outlaw-star/episode-23/?page=4,4,2026-10-07T01:50:32.106784+00:00,6c1a268277947e0dc6dfb7777cd9612e04fc7d65e8da6a7d4fa4f82868326dc3,,UNVERIFIED
EP-23,Hot Springs Planet Tenrei,00:21:59,1319,854889,https://animehistory.org/uploads/screencaps/outlaw-star-E023-Hot-Springs-Planet-Tenrei/cap_00-21-59_2120.jpg,Outlaw Star Ep 23: Hot Springs Planet Tenrei @ 00:21:59,https://animehistory.org/gallery/screencaps/outlaw-star/episode-23/,https://animehistory.org/gallery/screencaps/outlaw-star/episode-23/?page=4,4,2026-10-07T01:50:32.106784+00:00,6c1a268277947e0dc6dfb7777cd9612e04fc7d65e8da6a7d4fa4f82868326dc3,,UNVERIFIED
EP-23,Hot Springs Planet Tenrei,00:22:03,1323,854890,https://animehistory.org/uploads/screencaps/outlaw-star-E023-Hot-Springs-Planet-Tenrei/cap_00-22-03_5133.jpg,Outlaw Star Ep 23: Hot Springs Planet Tenrei @ 00:22:03,https://animehistory.org/gallery/screencaps/outlaw-star/episode-23/,https://animehistory.org/gallery/screencaps/outlaw-star/episode-23/?page=4,4,2026-10-07T01:50:32.106784+00:00,6c1a268277947e0dc6dfb7777cd9612e04fc7d65e8da6a7d4fa4f82868326dc3,,UNVERIFIED
EP-23,Hot Springs Planet Tenrei,00:22:07,1327,854891,https://animehistory.org/uploads/screencaps/outlaw-star-E023-Hot-Springs-Planet-Tenrei/cap_00-22-07_219d.jpg,Outlaw Star Ep 23: Hot Springs Planet Tenrei @ 00:22:07,https://animehistory.org/gallery/screencaps/outlaw-star/episode-23/,https://animehistory.org/gallery/screencaps/outlaw-star/episode-23/?page=4,4,2026-10-07T01:50:32.106784+00:00,6c1a268277947e0dc6dfb7777cd9612e04fc7d65e8da6a7d4fa4f82868326dc3,,UNVERIFIED
EP-23,Hot Springs Planet Tenrei,00:22:10,1330,854892,https://animehistory.org/uploads/screencaps/outlaw-star-E023-Hot-Springs-Planet-Tenrei/cap_00-22-10_4849.jpg,Outlaw Star Ep 23: Hot Springs Planet Tenrei @ 00:22:10,https://animehistory.org/gallery/screencaps/outlaw-star/episode-23/,https://animehistory.org/gallery/screencaps/outlaw-star/episode-23/?page=4,4,2026-10-07T01:50:32.106784+00:00,6c1a268277947e0dc6dfb7777cd9612e04fc7d65e8da6a7d4fa4f82868326dc3,,UNVERIFIED
EP-23,Hot Springs Planet Tenrei,00:22:14,1334,854893,https://animehistory.org/uploads/screencaps/outlaw-star-E023-Hot-Springs-Planet-Tenrei/cap_00-22-14_4215.jpg,Outlaw Star Ep 23: Hot Springs Planet Tenrei @ 00:22:14,https://animehistory.org/gallery/screencaps/outlaw-star/episode-23/,https://animehistory.org/gallery/screencaps/outlaw-star/episode-23/?page=4,4,2026-10-07T01:50:32.106784+00:00,6c1a268277947e0dc6dfb7777cd9612e04fc7d65e8da6a7d4fa4f82868326dc3,,UNVERIFIED
EP-23,Hot Springs Planet Tenrei,00:22:18,1338,854894,https://animehistory.org/uploads/screencaps/outlaw-star-E023-Hot-Springs-Planet-Tenrei/cap_00-22-18_2594.jpg,Outlaw Star Ep 23: Hot Springs Planet Tenrei @ 00:22:18,https://animehistory.org/gallery/screencaps/outlaw-star/episode-23/,https://animehistory.org/gallery/screencaps/outlaw-star/episode-23/?page=4,4,2026-10-07T01:50:32.106784+00:00,6c1a268277947e0dc6dfb7777cd9612e04fc7d65e8da6a7d4fa4f82868326dc3,,UNVERIFIED
EP-23,Hot Springs Planet Tenrei,00:22:21,1341,854895,https://animehistory.org/uploads/screencaps/outlaw-star-E023-Hot-Springs-Planet-Tenrei/cap_00-22-21_36e9.jpg,Outlaw Star Ep 23: Hot Springs Planet Tenrei @ 00:22:21,https://animehistory.org/gallery/screencaps/outlaw-star/episode-23/,https://animehistory.org/gallery/screencaps/outlaw-star/episode-23/?page=4,4,2026-10-07T01:50:32.106784+00:00,6c1a268277947e0dc6dfb7777cd9612e04fc7d65e8da6a7d4fa4f82868326dc3,,UNVERIFIED
EP-23,Hot Springs Planet Tenrei,00:22:25,1345,854896,https://animehistory.org/uploads/screencaps/outlaw-star-E023-Hot-Springs-Planet-Tenrei/cap_00-22-25_0c13.jpg,Outlaw Star Ep 23: Hot Springs Planet Tenrei @ 00:22:25,https://animehistory.org/gallery/screencaps/outlaw-star/episode-23/,https://animehistory.org/gallery/screencaps/outlaw-star/episode-23/?page=4,4,2026-10-07T01:50:32.106784+00:00,6c1a268277947e0dc6dfb7777cd9612e04fc7d65e8da6a7d4fa4f82868326dc3,,UNVERIFIED
EP-23,Hot Springs Planet Tenrei,00:22:29,1349,854897,https://animehistory.org/uploads/screencaps/outlaw-star-E023-Hot-Springs-Planet-Tenrei/cap_00-22-29_578a.jpg,Outlaw Star Ep 23: Hot Springs Planet Tenrei @ 00:22:29,https://animehistory.org/gallery/screencaps/outlaw-star/episode-23/,https://animehistory.org/gallery/screencaps/outlaw-star/episode-23/?page=4,4,2026-10-07T01:50:32.106784+00:00,6c1a268277947e0dc6dfb7777cd9612e04fc7d65e8da6a7d4fa4f82868326dc3,,UNVERIFIED
EP-23,Hot Springs Planet Tenrei,00:22:32,1352,854898,https://animehistory.org/uploads/screencaps/outlaw-star-E023-Hot-Springs-Planet-Tenrei/cap_00-22-32_0357.jpg,Outlaw Star Ep 23: Hot Springs Planet Tenrei @ 00:22:32,https://animehistory.org/gallery/screencaps/outlaw-star/episode-23/,https://animehistory.org/gallery/screencaps/outlaw-star/episode-23/?page=4,4,2026-10-07T01:50:32.106784+00:00,6c1a268277947e0dc6dfb7777cd9612e04fc7d65e8da6a7d4fa4f82868326dc3,,UNVERIFIED
EP-23,Hot Springs Planet Tenrei,00:22:36,1356,854899,https://animehistory.org/uploads/screencaps/outlaw-star-E023-Hot-Springs-Planet-Tenrei/cap_00-22-36_2839.jpg,Outlaw Star Ep 23: Hot Springs Planet Tenrei @ 00:22:36,https://animehistory.org/gallery/screencaps/outlaw-star/episode-23/,https://animehistory.org/gallery/screencaps/outlaw-star/episode-23/?page=4,4,2026-10-07T01:50:32.106784+00:00,6c1a268277947e0dc6dfb7777cd9612e04fc7d65e8da6a7d4fa4f82868326dc3,,UNVERIFIED
EP-23,Hot Springs Planet Tenrei,00:22:40,1360,854900,https://animehistory.org/uploads/screencaps/outlaw-star-E023-Hot-Springs-Planet-Tenrei/cap_00-22-40_5c35.jpg,Outlaw Star Ep 23: Hot Springs Planet Tenrei @ 00:22:40,https://animehistory.org/gallery/screencaps/outlaw-star/episode-23/,https://animehistory.org/gallery/screencaps/outlaw-star/episode-23/?page=4,4,2026-10-07T01:50:32.106784+00:00,6c1a268277947e0dc6dfb7777cd9612e04fc7d65e8da6a7d4fa4f82868326dc3,,UNVERIFIED
EP-23,Hot Springs Planet Tenrei,00:22:44,1364,854901,https://animehistory.org/uploads/screencaps/outlaw-star-E023-Hot-Springs-Planet-Tenrei/cap_00-22-44_5ec0.jpg,Outlaw Star Ep 23: Hot Springs Planet Tenrei @ 00:22:44,https://animehistory.org/gallery/screencaps/outlaw-star/episode-23/,https://animehistory.org/gallery/screencaps/outlaw-star/episode-23/?page=4,4,2026-10-07T01:50:32.106784+00:00,6c1a268277947e0dc6dfb7777cd9612e04fc7d65e8da6a7d4fa4f82868326dc3,,UNVERIFIED
EP-23,Hot Springs Planet Tenrei,00:22:47,1367,854902,https://animehistory.org/uploads/screencaps/outlaw-star-E023-Hot-Springs-Planet-Tenrei/cap_00-22-47_2738.jpg,Outlaw Star Ep 23: Hot Springs Planet Tenrei @ 00:22:47,https://animehistory.org/gallery/screencaps/outlaw-star/episode-23/,https://animehistory.org/gallery/screencaps/outlaw-star/episode-23/?page=4,4,2026-10-07T01:50:32.106784+00:00,6c1a268277947e0dc6dfb7777cd9612e04fc7d65e8da6a7d4fa4f82868326dc3,,UNVERIFIED
EP-23,Hot Springs Planet Tenrei,00:22:51,1371,854903,https://animehistory.org/uploads/screencaps/outlaw-star-E023-Hot-Springs-Planet-Tenrei/cap_00-22-51_2230.jpg,Outlaw Star Ep 23: Hot Springs Planet Tenrei @ 00:22:51,https://animehistory.org/gallery/screencaps/outlaw-star/episode-23/,https://animehistory.org/gallery/screencaps/outlaw-star/episode-23/?page=4,4,2026-10-07T01:50:32.106784+00:00,6c1a268277947e0dc6dfb7777cd9612e04fc7d65e8da6a7d4fa4f82868326dc3,,UNVERIFIED
EP-23,Hot Springs Planet Tenrei,00:22:55,1375,854904,https://animehistory.org/uploads/screencaps/outlaw-star-E023-Hot-Springs-Planet-Tenrei/cap_00-22-55_6fe3.jpg,Outlaw Star Ep 23: Hot Springs Planet Tenrei @ 00:22:55,https://animehistory.org/gallery/screencaps/outlaw-star/episode-23/,https://animehistory.org/gallery/screencaps/outlaw-star/episode-23/?page=4,4,2026-10-07T01:50:32.106784+00:00,6c1a268277947e0dc6dfb7777cd9612e04fc7d65e8da6a7d4fa4f82868326dc3,,UNVERIFIED
EP-23,Hot Springs Planet Tenrei,00:22:58,1378,854905,https://animehistory.org/uploads/screencaps/outlaw-star-E023-Hot-Springs-Planet-Tenrei/cap_00-22-58_6bf4.jpg,Outlaw Star Ep 23: Hot Springs Planet Tenrei @ 00:22:58,https://animehistory.org/gallery/screencaps/outlaw-star/episode-23/,https://animehistory.org/gallery/screencaps/outlaw-star/episode-23/?page=4,4,2026-10-07T01:50:32.106784+00:00,6c1a268277947e0dc6dfb7777cd9612e04fc7d65e8da6a7d4fa4f82868326dc3,,UNVERIFIED
EP-23,Hot Springs Planet Tenrei,00:23:02,1382,854906,https://animehistory.org/uploads/screencaps/outlaw-star-E023-Hot-Springs-Planet-Tenrei/cap_00-23-02_7ece.jpg,Outlaw Star Ep 23: Hot Springs Planet Tenrei @ 00:23:02,https://animehistory.org/gallery/screencaps/outlaw-star/episode-23/,https://animehistory.org/gallery/screencaps/outlaw-star/episode-23/?page=4,4,2026-10-07T01:50:32.106784+00:00,6c1a268277947e0dc6dfb7777cd9612e04fc7d65e8da6a7d4fa4f82868326dc3,,UNVERIFIED
EP-23,Hot Springs Planet Tenrei,00:23:06,1386,854907,https://animehistory.org/uploads/screencaps/outlaw-star-E023-Hot-Springs-Planet-Tenrei/cap_00-23-06_229e.jpg,Outlaw Star Ep 23: Hot Springs Planet Tenrei @ 00:23:06,https://animehistory.org/gallery/screencaps/outlaw-star/episode-23/,https://animehistory.org/gallery/screencaps/outlaw-star/episode-23/?page=4,4,2026-10-07T01:50:32.106784+00:00,6c1a268277947e0dc6dfb7777cd9612e04fc7d65e8da6a7d4fa4f82868326dc3,,UNVERIFIED
EP-23,Hot Springs Planet Tenrei,00:23:10,1390,854908,https://animehistory.org/uploads/screencaps/outlaw-star-E023-Hot-Springs-Planet-Tenrei/cap_00-23-10_3bed.jpg,Outlaw Star Ep 23: Hot Springs Planet Tenrei @ 00:23:10,https://animehistory.org/gallery/screencaps/outlaw-star/episode-23/,https://animehistory.org/gallery/screencaps/outlaw-star/episode-23/?page=4,4,2026-10-07T01:50:32.106784+00:00,6c1a268277947e0dc6dfb7777cd9612e04fc7d65e8da6a7d4fa4f82868326dc3,,UNVERIFIED
EP-23,Hot Springs Planet Tenrei,00:23:13,1393,854909,https://animehistory.org/uploads/screencaps/outlaw-star-E023-Hot-Springs-Planet-Tenrei/cap_00-23-13_3e6a.jpg,Outlaw Star Ep 23: Hot Springs Planet Tenrei @ 00:23:13,https://animehistory.org/gallery/screencaps/outlaw-star/episode-23/,https://animehistory.org/gallery/screencaps/outlaw-star/episode-23/?page=4,4,2026-10-07T01:50:32.106784+00:00,6c1a268277947e0dc6dfb7777cd9612e04fc7d65e8da6a7d4fa4f82868326dc3,,UNVERIFIED
EP-23,Hot Springs Planet Tenrei,00:23:17,1397,854910,https://animehistory.org/uploads/screencaps/outlaw-star-E023-Hot-Springs-Planet-Tenrei/cap_00-23-17_5ef5.jpg,Outlaw Star Ep 23: Hot Springs Planet Tenrei @ 00:23:17,https://animehistory.org/gallery/screencaps/outlaw-star/episode-23/,https://animehistory.org/gallery/screencaps/outlaw-star/episode-23/?page=4,4,2026-10-07T01:50:32.106784+00:00,6c1a268277947e0dc6dfb7777cd9612e04fc7d65e8da6a7d4fa4f82868326dc3,,UNVERIFIED
EP-23,Hot Springs Planet Tenrei,00:23:21,1401,854911,https://animehistory.org/uploads/screencaps/outlaw-star-E023-Hot-Springs-Planet-Tenrei/cap_00-23-21_24ab.jpg,Outlaw Star Ep 23: Hot Springs Planet Tenrei @ 00:23:21,https://animehistory.org/gallery/screencaps/outlaw-star/episode-23/,https://animehistory.org/gallery/screencaps/outlaw-star/episode-23/?page=4,4,2026-10-07T01:50:32.106784+00:00,6c1a268277947e0dc6dfb7777cd9612e04fc7d65e8da6a7d4fa4f82868326dc3,,UNVERIFIED
EP-23,Hot Springs Planet Tenrei,00:23:24,1404,854912,https://animehistory.org/uploads/screencaps/outlaw-star-E023-Hot-Springs-Planet-Tenrei/cap_00-23-24_08d7.jpg,Outlaw Star Ep 23: Hot Springs Planet Tenrei @ 00:23:24,https://animehistory.org/gallery/screencaps/outlaw-star/episode-23/,https://animehistory.org/gallery/screencaps/outlaw-star/episode-23/?page=4,4,2026-10-07T01:50:32.106784+00:00,6c1a268277947e0dc6dfb7777cd9612e04fc7d65e8da6a7d4fa4f82868326dc3,,UNVERIFIED
EP-23,Hot Springs Planet Tenrei,00:23:28,1408,854913,https://animehistory.org/uploads/screencaps/outlaw-star-E023-Hot-Springs-Planet-Tenrei/cap_00-23-28_23d6.jpg,Outlaw Star Ep 23: Hot Springs Planet Tenrei @ 00:23:28,https://animehistory.org/gallery/screencaps/outlaw-star/episode-23/,https://animehistory.org/gallery/screencaps/outlaw-star/episode-23/?page=4,4,2026-10-07T01:50:32.106784+00:00,6c1a268277947e0dc6dfb7777cd9612e04fc7d65e8da6a7d4fa4f82868326dc3,,UNVERIFIED
EP-23,Hot Springs Planet Tenrei,00:23:32,1412,854914,https://animehistory.org/uploads/screencaps/outlaw-star-E023-Hot-Springs-Planet-Tenrei/cap_00-23-32_0692.jpg,Outlaw Star Ep 23: Hot Springs Planet Tenrei @ 00:23:32,https://animehistory.org/gallery/screencaps/outlaw-star/episode-23/,https://animehistory.org/gallery/screencaps/outlaw-star/episode-23/?page=4,4,2026-10-07T01:50:32.106784+00:00,6c1a268277947e0dc6dfb7777cd9612e04fc7d65e8da6a7d4fa4f82868326dc3,,UNVERIFIED
