episode_id,episode_title,web_timestamp,web_seconds,image_id,image_url,caption,gallery_url,source_page_url,source_page,retrieved_utc,html_sha256,local_timestamp,alignment_status
EP-19,Law and Lawlessness,00:01:43,103,853145,https://animehistory.org/uploads/screencaps/outlaw-star-E019-Law-and-Lawlessness/cap_00-01-43_3751.jpg,Outlaw Star Ep 19: Law and Lawlessness @ 00:01:43,https://animehistory.org/gallery/screencaps/outlaw-star/episode-19/,https://animehistory.org/gallery/screencaps/outlaw-star/episode-19/,1,2026-10-07T01:50:06.468351+00:00,12ab5016dde0391dbea51dddb488f4928d42789e33016630f19564593b05d6d2,,UNVERIFIED
EP-19,Law and Lawlessness,00:01:47,107,853146,https://animehistory.org/uploads/screencaps/outlaw-star-E019-Law-and-Lawlessness/cap_00-01-47_75be.jpg,Outlaw Star Ep 19: Law and Lawlessness @ 00:01:47,https://animehistory.org/gallery/screencaps/outlaw-star/episode-19/,https://animehistory.org/gallery/screencaps/outlaw-star/episode-19/,1,2026-10-07T01:50:06.468351+00:00,12ab5016dde0391dbea51dddb488f4928d42789e33016630f19564593b05d6d2,,UNVERIFIED
EP-19,Law and Lawlessness,00:01:50,110,853147,https://animehistory.org/uploads/screencaps/outlaw-star-E019-Law-and-Lawlessness/cap_00-01-50_32a4.jpg,Outlaw Star Ep 19: Law and Lawlessness @ 00:01:50,https://animehistory.org/gallery/screencaps/outlaw-star/episode-19/,https://animehistory.org/gallery/screencaps/outlaw-star/episode-19/,1,2026-10-07T01:50:06.468351+00:00,12ab5016dde0391dbea51dddb488f4928d42789e33016630f19564593b05d6d2,,UNVERIFIED
EP-19,Law and Lawlessness,00:01:54,114,853148,https://animehistory.org/uploads/screencaps/outlaw-star-E019-Law-and-Lawlessness/cap_00-01-54_13a0.jpg,Outlaw Star Ep 19: Law and Lawlessness @ 00:01:54,https://animehistory.org/gallery/screencaps/outlaw-star/episode-19/,https://animehistory.org/gallery/screencaps/outlaw-star/episode-19/,1,2026-10-07T01:50:06.468351+00:00,12ab5016dde0391dbea51dddb488f4928d42789e33016630f19564593b05d6d2,,UNVERIFIED
EP-19,Law and Lawlessness,00:01:58,118,853149,https://animehistory.org/uploads/screencaps/outlaw-star-E019-Law-and-Lawlessness/cap_00-01-58_5480.jpg,Outlaw Star Ep 19: Law and Lawlessness @ 00:01:58,https://animehistory.org/gallery/screencaps/outlaw-star/episode-19/,https://animehistory.org/gallery/screencaps/outlaw-star/episode-19/,1,2026-10-07T01:50:06.468351+00:00,12ab5016dde0391dbea51dddb488f4928d42789e33016630f19564593b05d6d2,,UNVERIFIED
EP-19,Law and Lawlessness,00:02:01,121,853150,https://animehistory.org/uploads/screencaps/outlaw-star-E019-Law-and-Lawlessness/cap_00-02-01_4d8b.jpg,Outlaw Star Ep 19: Law and Lawlessness @ 00:02:01,https://animehistory.org/gallery/screencaps/outlaw-star/episode-19/,https://animehistory.org/gallery/screencaps/outlaw-star/episode-19/,1,2026-10-07T01:50:06.468351+00:00,12ab5016dde0391dbea51dddb488f4928d42789e33016630f19564593b05d6d2,,UNVERIFIED
EP-19,Law and Lawlessness,00:02:05,125,853151,https://animehistory.org/uploads/screencaps/outlaw-star-E019-Law-and-Lawlessness/cap_00-02-05_4a1e.jpg,Outlaw Star Ep 19: Law and Lawlessness @ 00:02:05,https://animehistory.org/gallery/screencaps/outlaw-star/episode-19/,https://animehistory.org/gallery/screencaps/outlaw-star/episode-19/,1,2026-10-07T01:50:06.468351+00:00,12ab5016dde0391dbea51dddb488f4928d42789e33016630f19564593b05d6d2,,UNVERIFIED
EP-19,Law and Lawlessness,00:02:09,129,853152,https://animehistory.org/uploads/screencaps/outlaw-star-E019-Law-and-Lawlessness/cap_00-02-09_643a.jpg,Outlaw Star Ep 19: Law and Lawlessness @ 00:02:09,https://animehistory.org/gallery/screencaps/outlaw-star/episode-19/,https://animehistory.org/gallery/screencaps/outlaw-star/episode-19/,1,2026-10-07T01:50:06.468351+00:00,12ab5016dde0391dbea51dddb488f4928d42789e33016630f19564593b05d6d2,,UNVERIFIED
EP-19,Law and Lawlessness,00:02:12,132,853153,https://animehistory.org/uploads/screencaps/outlaw-star-E019-Law-and-Lawlessness/cap_00-02-12_3582.jpg,Outlaw Star Ep 19: Law and Lawlessness @ 00:02:12,https://animehistory.org/gallery/screencaps/outlaw-star/episode-19/,https://animehistory.org/gallery/screencaps/outlaw-star/episode-19/,1,2026-10-07T01:50:06.468351+00:00,12ab5016dde0391dbea51dddb488f4928d42789e33016630f19564593b05d6d2,,UNVERIFIED
EP-19,Law and Lawlessness,00:02:16,136,853154,https://animehistory.org/uploads/screencaps/outlaw-star-E019-Law-and-Lawlessness/cap_00-02-16_5381.jpg,Outlaw Star Ep 19: Law and Lawlessness @ 00:02:16,https://animehistory.org/gallery/screencaps/outlaw-star/episode-19/,https://animehistory.org/gallery/screencaps/outlaw-star/episode-19/,1,2026-10-07T01:50:06.468351+00:00,12ab5016dde0391dbea51dddb488f4928d42789e33016630f19564593b05d6d2,,UNVERIFIED
EP-19,Law and Lawlessness,00:02:19,139,853155,https://animehistory.org/uploads/screencaps/outlaw-star-E019-Law-and-Lawlessness/cap_00-02-19_230f.jpg,Outlaw Star Ep 19: Law and Lawlessness @ 00:02:19,https://animehistory.org/gallery/screencaps/outlaw-star/episode-19/,https://animehistory.org/gallery/screencaps/outlaw-star/episode-19/,1,2026-10-07T01:50:06.468351+00:00,12ab5016dde0391dbea51dddb488f4928d42789e33016630f19564593b05d6d2,,UNVERIFIED
EP-19,Law and Lawlessness,00:02:23,143,853156,https://animehistory.org/uploads/screencaps/outlaw-star-E019-Law-and-Lawlessness/cap_00-02-23_6939.jpg,Outlaw Star Ep 19: Law and Lawlessness @ 00:02:23,https://animehistory.org/gallery/screencaps/outlaw-star/episode-19/,https://animehistory.org/gallery/screencaps/outlaw-star/episode-19/,1,2026-10-07T01:50:06.468351+00:00,12ab5016dde0391dbea51dddb488f4928d42789e33016630f19564593b05d6d2,,UNVERIFIED
EP-19,Law and Lawlessness,00:02:27,147,853157,https://animehistory.org/uploads/screencaps/outlaw-star-E019-Law-and-Lawlessness/cap_00-02-27_2ed4.jpg,Outlaw Star Ep 19: Law and Lawlessness @ 00:02:27,https://animehistory.org/gallery/screencaps/outlaw-star/episode-19/,https://animehistory.org/gallery/screencaps/outlaw-star/episode-19/,1,2026-10-07T01:50:06.468351+00:00,12ab5016dde0391dbea51dddb488f4928d42789e33016630f19564593b05d6d2,,UNVERIFIED
EP-19,Law and Lawlessness,00:02:30,150,853158,https://animehistory.org/uploads/screencaps/outlaw-star-E019-Law-and-Lawlessness/cap_00-02-30_6331.jpg,Outlaw Star Ep 19: Law and Lawlessness @ 00:02:30,https://animehistory.org/gallery/screencaps/outlaw-star/episode-19/,https://animehistory.org/gallery/screencaps/outlaw-star/episode-19/,1,2026-10-07T01:50:06.468351+00:00,12ab5016dde0391dbea51dddb488f4928d42789e33016630f19564593b05d6d2,,UNVERIFIED
EP-19,Law and Lawlessness,00:02:34,154,853159,https://animehistory.org/uploads/screencaps/outlaw-star-E019-Law-and-Lawlessness/cap_00-02-34_701a.jpg,Outlaw Star Ep 19: Law and Lawlessness @ 00:02:34,https://animehistory.org/gallery/screencaps/outlaw-star/episode-19/,https://animehistory.org/gallery/screencaps/outlaw-star/episode-19/,1,2026-10-07T01:50:06.468351+00:00,12ab5016dde0391dbea51dddb488f4928d42789e33016630f19564593b05d6d2,,UNVERIFIED
EP-19,Law and Lawlessness,00:02:38,158,853160,https://animehistory.org/uploads/screencaps/outlaw-star-E019-Law-and-Lawlessness/cap_00-02-38_17d9.jpg,Outlaw Star Ep 19: Law and Lawlessness @ 00:02:38,https://animehistory.org/gallery/screencaps/outlaw-star/episode-19/,https://animehistory.org/gallery/screencaps/outlaw-star/episode-19/,1,2026-10-07T01:50:06.468351+00:00,12ab5016dde0391dbea51dddb488f4928d42789e33016630f19564593b05d6d2,,UNVERIFIED
EP-19,Law and Lawlessness,00:02:41,161,853161,https://animehistory.org/uploads/screencaps/outlaw-star-E019-Law-and-Lawlessness/cap_00-02-41_2367.jpg,Outlaw Star Ep 19: Law and Lawlessness @ 00:02:41,https://animehistory.org/gallery/screencaps/outlaw-star/episode-19/,https://animehistory.org/gallery/screencaps/outlaw-star/episode-19/,1,2026-10-07T01:50:06.468351+00:00,12ab5016dde0391dbea51dddb488f4928d42789e33016630f19564593b05d6d2,,UNVERIFIED
EP-19,Law and Lawlessness,00:02:45,165,853162,https://animehistory.org/uploads/screencaps/outlaw-star-E019-Law-and-Lawlessness/cap_00-02-45_2bba.jpg,Outlaw Star Ep 19: Law and Lawlessness @ 00:02:45,https://animehistory.org/gallery/screencaps/outlaw-star/episode-19/,https://animehistory.org/gallery/screencaps/outlaw-star/episode-19/,1,2026-10-07T01:50:06.468351+00:00,12ab5016dde0391dbea51dddb488f4928d42789e33016630f19564593b05d6d2,,UNVERIFIED
EP-19,Law and Lawlessness,00:02:49,169,853163,https://animehistory.org/uploads/screencaps/outlaw-star-E019-Law-and-Lawlessness/cap_00-02-49_663a.jpg,Outlaw Star Ep 19: Law and Lawlessness @ 00:02:49,https://animehistory.org/gallery/screencaps/outlaw-star/episode-19/,https://animehistory.org/gallery/screencaps/outlaw-star/episode-19/,1,2026-10-07T01:50:06.468351+00:00,12ab5016dde0391dbea51dddb488f4928d42789e33016630f19564593b05d6d2,,UNVERIFIED
EP-19,Law and Lawlessness,00:02:52,172,853164,https://animehistory.org/uploads/screencaps/outlaw-star-E019-Law-and-Lawlessness/cap_00-02-52_4bb0.jpg,Outlaw Star Ep 19: Law and Lawlessness @ 00:02:52,https://animehistory.org/gallery/screencaps/outlaw-star/episode-19/,https://animehistory.org/gallery/screencaps/outlaw-star/episode-19/,1,2026-10-07T01:50:06.468351+00:00,12ab5016dde0391dbea51dddb488f4928d42789e33016630f19564593b05d6d2,,UNVERIFIED
EP-19,Law and Lawlessness,00:02:56,176,853165,https://animehistory.org/uploads/screencaps/outlaw-star-E019-Law-and-Lawlessness/cap_00-02-56_44ab.jpg,Outlaw Star Ep 19: Law and Lawlessness @ 00:02:56,https://animehistory.org/gallery/screencaps/outlaw-star/episode-19/,https://animehistory.org/gallery/screencaps/outlaw-star/episode-19/,1,2026-10-07T01:50:06.468351+00:00,12ab5016dde0391dbea51dddb488f4928d42789e33016630f19564593b05d6d2,,UNVERIFIED
EP-19,Law and Lawlessness,00:02:59,179,853166,https://animehistory.org/uploads/screencaps/outlaw-star-E019-Law-and-Lawlessness/cap_00-02-59_18e1.jpg,Outlaw Star Ep 19: Law and Lawlessness @ 00:02:59,https://animehistory.org/gallery/screencaps/outlaw-star/episode-19/,https://animehistory.org/gallery/screencaps/outlaw-star/episode-19/,1,2026-10-07T01:50:06.468351+00:00,12ab5016dde0391dbea51dddb488f4928d42789e33016630f19564593b05d6d2,,UNVERIFIED
EP-19,Law and Lawlessness,00:03:03,183,853167,https://animehistory.org/uploads/screencaps/outlaw-star-E019-Law-and-Lawlessness/cap_00-03-03_18e4.jpg,Outlaw Star Ep 19: Law and Lawlessness @ 00:03:03,https://animehistory.org/gallery/screencaps/outlaw-star/episode-19/,https://animehistory.org/gallery/screencaps/outlaw-star/episode-19/,1,2026-10-07T01:50:06.468351+00:00,12ab5016dde0391dbea51dddb488f4928d42789e33016630f19564593b05d6d2,,UNVERIFIED
EP-19,Law and Lawlessness,00:03:07,187,853168,https://animehistory.org/uploads/screencaps/outlaw-star-E019-Law-and-Lawlessness/cap_00-03-07_1ab9.jpg,Outlaw Star Ep 19: Law and Lawlessness @ 00:03:07,https://animehistory.org/gallery/screencaps/outlaw-star/episode-19/,https://animehistory.org/gallery/screencaps/outlaw-star/episode-19/,1,2026-10-07T01:50:06.468351+00:00,12ab5016dde0391dbea51dddb488f4928d42789e33016630f19564593b05d6d2,,UNVERIFIED
EP-19,Law and Lawlessness,00:03:10,190,853169,https://animehistory.org/uploads/screencaps/outlaw-star-E019-Law-and-Lawlessness/cap_00-03-10_3456.jpg,Outlaw Star Ep 19: Law and Lawlessness @ 00:03:10,https://animehistory.org/gallery/screencaps/outlaw-star/episode-19/,https://animehistory.org/gallery/screencaps/outlaw-star/episode-19/,1,2026-10-07T01:50:06.468351+00:00,12ab5016dde0391dbea51dddb488f4928d42789e33016630f19564593b05d6d2,,UNVERIFIED
EP-19,Law and Lawlessness,00:03:14,194,853170,https://animehistory.org/uploads/screencaps/outlaw-star-E019-Law-and-Lawlessness/cap_00-03-14_391c.jpg,Outlaw Star Ep 19: Law and Lawlessness @ 00:03:14,https://animehistory.org/gallery/screencaps/outlaw-star/episode-19/,https://animehistory.org/gallery/screencaps/outlaw-star/episode-19/,1,2026-10-07T01:50:06.468351+00:00,12ab5016dde0391dbea51dddb488f4928d42789e33016630f19564593b05d6d2,,UNVERIFIED
EP-19,Law and Lawlessness,00:03:18,198,853171,https://animehistory.org/uploads/screencaps/outlaw-star-E019-Law-and-Lawlessness/cap_00-03-18_089a.jpg,Outlaw Star Ep 19: Law and Lawlessness @ 00:03:18,https://animehistory.org/gallery/screencaps/outlaw-star/episode-19/,https://animehistory.org/gallery/screencaps/outlaw-star/episode-19/,1,2026-10-07T01:50:06.468351+00:00,12ab5016dde0391dbea51dddb488f4928d42789e33016630f19564593b05d6d2,,UNVERIFIED
EP-19,Law and Lawlessness,00:03:21,201,853172,https://animehistory.org/uploads/screencaps/outlaw-star-E019-Law-and-Lawlessness/cap_00-03-21_30e5.jpg,Outlaw Star Ep 19: Law and Lawlessness @ 00:03:21,https://animehistory.org/gallery/screencaps/outlaw-star/episode-19/,https://animehistory.org/gallery/screencaps/outlaw-star/episode-19/,1,2026-10-07T01:50:06.468351+00:00,12ab5016dde0391dbea51dddb488f4928d42789e33016630f19564593b05d6d2,,UNVERIFIED
EP-19,Law and Lawlessness,00:03:25,205,853173,https://animehistory.org/uploads/screencaps/outlaw-star-E019-Law-and-Lawlessness/cap_00-03-25_687a.jpg,Outlaw Star Ep 19: Law and Lawlessness @ 00:03:25,https://animehistory.org/gallery/screencaps/outlaw-star/episode-19/,https://animehistory.org/gallery/screencaps/outlaw-star/episode-19/,1,2026-10-07T01:50:06.468351+00:00,12ab5016dde0391dbea51dddb488f4928d42789e33016630f19564593b05d6d2,,UNVERIFIED
EP-19,Law and Lawlessness,00:03:29,209,853174,https://animehistory.org/uploads/screencaps/outlaw-star-E019-Law-and-Lawlessness/cap_00-03-29_127c.jpg,Outlaw Star Ep 19: Law and Lawlessness @ 00:03:29,https://animehistory.org/gallery/screencaps/outlaw-star/episode-19/,https://animehistory.org/gallery/screencaps/outlaw-star/episode-19/,1,2026-10-07T01:50:06.468351+00:00,12ab5016dde0391dbea51dddb488f4928d42789e33016630f19564593b05d6d2,,UNVERIFIED
EP-19,Law and Lawlessness,00:03:32,212,853175,https://animehistory.org/uploads/screencaps/outlaw-star-E019-Law-and-Lawlessness/cap_00-03-32_64d2.jpg,Outlaw Star Ep 19: Law and Lawlessness @ 00:03:32,https://animehistory.org/gallery/screencaps/outlaw-star/episode-19/,https://animehistory.org/gallery/screencaps/outlaw-star/episode-19/,1,2026-10-07T01:50:06.468351+00:00,12ab5016dde0391dbea51dddb488f4928d42789e33016630f19564593b05d6d2,,UNVERIFIED
EP-19,Law and Lawlessness,00:03:36,216,853176,https://animehistory.org/uploads/screencaps/outlaw-star-E019-Law-and-Lawlessness/cap_00-03-36_1a70.jpg,Outlaw Star Ep 19: Law and Lawlessness @ 00:03:36,https://animehistory.org/gallery/screencaps/outlaw-star/episode-19/,https://animehistory.org/gallery/screencaps/outlaw-star/episode-19/,1,2026-10-07T01:50:06.468351+00:00,12ab5016dde0391dbea51dddb488f4928d42789e33016630f19564593b05d6d2,,UNVERIFIED
EP-19,Law and Lawlessness,00:03:39,219,853177,https://animehistory.org/uploads/screencaps/outlaw-star-E019-Law-and-Lawlessness/cap_00-03-39_2184.jpg,Outlaw Star Ep 19: Law and Lawlessness @ 00:03:39,https://animehistory.org/gallery/screencaps/outlaw-star/episode-19/,https://animehistory.org/gallery/screencaps/outlaw-star/episode-19/,1,2026-10-07T01:50:06.468351+00:00,12ab5016dde0391dbea51dddb488f4928d42789e33016630f19564593b05d6d2,,UNVERIFIED
EP-19,Law and Lawlessness,00:03:43,223,853178,https://animehistory.org/uploads/screencaps/outlaw-star-E019-Law-and-Lawlessness/cap_00-03-43_1074.jpg,Outlaw Star Ep 19: Law and Lawlessness @ 00:03:43,https://animehistory.org/gallery/screencaps/outlaw-star/episode-19/,https://animehistory.org/gallery/screencaps/outlaw-star/episode-19/,1,2026-10-07T01:50:06.468351+00:00,12ab5016dde0391dbea51dddb488f4928d42789e33016630f19564593b05d6d2,,UNVERIFIED
EP-19,Law and Lawlessness,00:03:47,227,853179,https://animehistory.org/uploads/screencaps/outlaw-star-E019-Law-and-Lawlessness/cap_00-03-47_6dff.jpg,Outlaw Star Ep 19: Law and Lawlessness @ 00:03:47,https://animehistory.org/gallery/screencaps/outlaw-star/episode-19/,https://animehistory.org/gallery/screencaps/outlaw-star/episode-19/,1,2026-10-07T01:50:06.468351+00:00,12ab5016dde0391dbea51dddb488f4928d42789e33016630f19564593b05d6d2,,UNVERIFIED
EP-19,Law and Lawlessness,00:03:50,230,853180,https://animehistory.org/uploads/screencaps/outlaw-star-E019-Law-and-Lawlessness/cap_00-03-50_4697.jpg,Outlaw Star Ep 19: Law and Lawlessness @ 00:03:50,https://animehistory.org/gallery/screencaps/outlaw-star/episode-19/,https://animehistory.org/gallery/screencaps/outlaw-star/episode-19/,1,2026-10-07T01:50:06.468351+00:00,12ab5016dde0391dbea51dddb488f4928d42789e33016630f19564593b05d6d2,,UNVERIFIED
EP-19,Law and Lawlessness,00:03:54,234,853181,https://animehistory.org/uploads/screencaps/outlaw-star-E019-Law-and-Lawlessness/cap_00-03-54_4b43.jpg,Outlaw Star Ep 19: Law and Lawlessness @ 00:03:54,https://animehistory.org/gallery/screencaps/outlaw-star/episode-19/,https://animehistory.org/gallery/screencaps/outlaw-star/episode-19/,1,2026-10-07T01:50:06.468351+00:00,12ab5016dde0391dbea51dddb488f4928d42789e33016630f19564593b05d6d2,,UNVERIFIED
EP-19,Law and Lawlessness,00:03:58,238,853182,https://animehistory.org/uploads/screencaps/outlaw-star-E019-Law-and-Lawlessness/cap_00-03-58_1c2f.jpg,Outlaw Star Ep 19: Law and Lawlessness @ 00:03:58,https://animehistory.org/gallery/screencaps/outlaw-star/episode-19/,https://animehistory.org/gallery/screencaps/outlaw-star/episode-19/,1,2026-10-07T01:50:06.468351+00:00,12ab5016dde0391dbea51dddb488f4928d42789e33016630f19564593b05d6d2,,UNVERIFIED
EP-19,Law and Lawlessness,00:04:01,241,853183,https://animehistory.org/uploads/screencaps/outlaw-star-E019-Law-and-Lawlessness/cap_00-04-01_5c85.jpg,Outlaw Star Ep 19: Law and Lawlessness @ 00:04:01,https://animehistory.org/gallery/screencaps/outlaw-star/episode-19/,https://animehistory.org/gallery/screencaps/outlaw-star/episode-19/,1,2026-10-07T01:50:06.468351+00:00,12ab5016dde0391dbea51dddb488f4928d42789e33016630f19564593b05d6d2,,UNVERIFIED
EP-19,Law and Lawlessness,00:04:05,245,853184,https://animehistory.org/uploads/screencaps/outlaw-star-E019-Law-and-Lawlessness/cap_00-04-05_2f91.jpg,Outlaw Star Ep 19: Law and Lawlessness @ 00:04:05,https://animehistory.org/gallery/screencaps/outlaw-star/episode-19/,https://animehistory.org/gallery/screencaps/outlaw-star/episode-19/,1,2026-10-07T01:50:06.468351+00:00,12ab5016dde0391dbea51dddb488f4928d42789e33016630f19564593b05d6d2,,UNVERIFIED
EP-19,Law and Lawlessness,00:04:08,248,853185,https://animehistory.org/uploads/screencaps/outlaw-star-E019-Law-and-Lawlessness/cap_00-04-08_69ae.jpg,Outlaw Star Ep 19: Law and Lawlessness @ 00:04:08,https://animehistory.org/gallery/screencaps/outlaw-star/episode-19/,https://animehistory.org/gallery/screencaps/outlaw-star/episode-19/,1,2026-10-07T01:50:06.468351+00:00,12ab5016dde0391dbea51dddb488f4928d42789e33016630f19564593b05d6d2,,UNVERIFIED
EP-19,Law and Lawlessness,00:04:12,252,853186,https://animehistory.org/uploads/screencaps/outlaw-star-E019-Law-and-Lawlessness/cap_00-04-12_6930.jpg,Outlaw Star Ep 19: Law and Lawlessness @ 00:04:12,https://animehistory.org/gallery/screencaps/outlaw-star/episode-19/,https://animehistory.org/gallery/screencaps/outlaw-star/episode-19/,1,2026-10-07T01:50:06.468351+00:00,12ab5016dde0391dbea51dddb488f4928d42789e33016630f19564593b05d6d2,,UNVERIFIED
EP-19,Law and Lawlessness,00:04:16,256,853187,https://animehistory.org/uploads/screencaps/outlaw-star-E019-Law-and-Lawlessness/cap_00-04-16_7415.jpg,Outlaw Star Ep 19: Law and Lawlessness @ 00:04:16,https://animehistory.org/gallery/screencaps/outlaw-star/episode-19/,https://animehistory.org/gallery/screencaps/outlaw-star/episode-19/,1,2026-10-07T01:50:06.468351+00:00,12ab5016dde0391dbea51dddb488f4928d42789e33016630f19564593b05d6d2,,UNVERIFIED
EP-19,Law and Lawlessness,00:04:19,259,853188,https://animehistory.org/uploads/screencaps/outlaw-star-E019-Law-and-Lawlessness/cap_00-04-19_3c8b.jpg,Outlaw Star Ep 19: Law and Lawlessness @ 00:04:19,https://animehistory.org/gallery/screencaps/outlaw-star/episode-19/,https://animehistory.org/gallery/screencaps/outlaw-star/episode-19/,1,2026-10-07T01:50:06.468351+00:00,12ab5016dde0391dbea51dddb488f4928d42789e33016630f19564593b05d6d2,,UNVERIFIED
EP-19,Law and Lawlessness,00:04:23,263,853189,https://animehistory.org/uploads/screencaps/outlaw-star-E019-Law-and-Lawlessness/cap_00-04-23_5c42.jpg,Outlaw Star Ep 19: Law and Lawlessness @ 00:04:23,https://animehistory.org/gallery/screencaps/outlaw-star/episode-19/,https://animehistory.org/gallery/screencaps/outlaw-star/episode-19/,1,2026-10-07T01:50:06.468351+00:00,12ab5016dde0391dbea51dddb488f4928d42789e33016630f19564593b05d6d2,,UNVERIFIED
EP-19,Law and Lawlessness,00:04:27,267,853190,https://animehistory.org/uploads/screencaps/outlaw-star-E019-Law-and-Lawlessness/cap_00-04-27_3358.jpg,Outlaw Star Ep 19: Law and Lawlessness @ 00:04:27,https://animehistory.org/gallery/screencaps/outlaw-star/episode-19/,https://animehistory.org/gallery/screencaps/outlaw-star/episode-19/,1,2026-10-07T01:50:06.468351+00:00,12ab5016dde0391dbea51dddb488f4928d42789e33016630f19564593b05d6d2,,UNVERIFIED
EP-19,Law and Lawlessness,00:04:30,270,853191,https://animehistory.org/uploads/screencaps/outlaw-star-E019-Law-and-Lawlessness/cap_00-04-30_569d.jpg,Outlaw Star Ep 19: Law and Lawlessness @ 00:04:30,https://animehistory.org/gallery/screencaps/outlaw-star/episode-19/,https://animehistory.org/gallery/screencaps/outlaw-star/episode-19/,1,2026-10-07T01:50:06.468351+00:00,12ab5016dde0391dbea51dddb488f4928d42789e33016630f19564593b05d6d2,,UNVERIFIED
EP-19,Law and Lawlessness,00:04:34,274,853192,https://animehistory.org/uploads/screencaps/outlaw-star-E019-Law-and-Lawlessness/cap_00-04-34_7294.jpg,Outlaw Star Ep 19: Law and Lawlessness @ 00:04:34,https://animehistory.org/gallery/screencaps/outlaw-star/episode-19/,https://animehistory.org/gallery/screencaps/outlaw-star/episode-19/,1,2026-10-07T01:50:06.468351+00:00,12ab5016dde0391dbea51dddb488f4928d42789e33016630f19564593b05d6d2,,UNVERIFIED
EP-19,Law and Lawlessness,00:04:38,278,853193,https://animehistory.org/uploads/screencaps/outlaw-star-E019-Law-and-Lawlessness/cap_00-04-38_508e.jpg,Outlaw Star Ep 19: Law and Lawlessness @ 00:04:38,https://animehistory.org/gallery/screencaps/outlaw-star/episode-19/,https://animehistory.org/gallery/screencaps/outlaw-star/episode-19/,1,2026-10-07T01:50:06.468351+00:00,12ab5016dde0391dbea51dddb488f4928d42789e33016630f19564593b05d6d2,,UNVERIFIED
EP-19,Law and Lawlessness,00:04:41,281,853194,https://animehistory.org/uploads/screencaps/outlaw-star-E019-Law-and-Lawlessness/cap_00-04-41_5bc1.jpg,Outlaw Star Ep 19: Law and Lawlessness @ 00:04:41,https://animehistory.org/gallery/screencaps/outlaw-star/episode-19/,https://animehistory.org/gallery/screencaps/outlaw-star/episode-19/,1,2026-10-07T01:50:06.468351+00:00,12ab5016dde0391dbea51dddb488f4928d42789e33016630f19564593b05d6d2,,UNVERIFIED
EP-19,Law and Lawlessness,00:04:45,285,853195,https://animehistory.org/uploads/screencaps/outlaw-star-E019-Law-and-Lawlessness/cap_00-04-45_15f7.jpg,Outlaw Star Ep 19: Law and Lawlessness @ 00:04:45,https://animehistory.org/gallery/screencaps/outlaw-star/episode-19/,https://animehistory.org/gallery/screencaps/outlaw-star/episode-19/,1,2026-10-07T01:50:06.468351+00:00,12ab5016dde0391dbea51dddb488f4928d42789e33016630f19564593b05d6d2,,UNVERIFIED
EP-19,Law and Lawlessness,00:04:48,288,853196,https://animehistory.org/uploads/screencaps/outlaw-star-E019-Law-and-Lawlessness/cap_00-04-48_2180.jpg,Outlaw Star Ep 19: Law and Lawlessness @ 00:04:48,https://animehistory.org/gallery/screencaps/outlaw-star/episode-19/,https://animehistory.org/gallery/screencaps/outlaw-star/episode-19/,1,2026-10-07T01:50:06.468351+00:00,12ab5016dde0391dbea51dddb488f4928d42789e33016630f19564593b05d6d2,,UNVERIFIED
EP-19,Law and Lawlessness,00:04:52,292,853197,https://animehistory.org/uploads/screencaps/outlaw-star-E019-Law-and-Lawlessness/cap_00-04-52_4574.jpg,Outlaw Star Ep 19: Law and Lawlessness @ 00:04:52,https://animehistory.org/gallery/screencaps/outlaw-star/episode-19/,https://animehistory.org/gallery/screencaps/outlaw-star/episode-19/,1,2026-10-07T01:50:06.468351+00:00,12ab5016dde0391dbea51dddb488f4928d42789e33016630f19564593b05d6d2,,UNVERIFIED
EP-19,Law and Lawlessness,00:04:56,296,853198,https://animehistory.org/uploads/screencaps/outlaw-star-E019-Law-and-Lawlessness/cap_00-04-56_5421.jpg,Outlaw Star Ep 19: Law and Lawlessness @ 00:04:56,https://animehistory.org/gallery/screencaps/outlaw-star/episode-19/,https://animehistory.org/gallery/screencaps/outlaw-star/episode-19/,1,2026-10-07T01:50:06.468351+00:00,12ab5016dde0391dbea51dddb488f4928d42789e33016630f19564593b05d6d2,,UNVERIFIED
EP-19,Law and Lawlessness,00:04:59,299,853199,https://animehistory.org/uploads/screencaps/outlaw-star-E019-Law-and-Lawlessness/cap_00-04-59_3b05.jpg,Outlaw Star Ep 19: Law and Lawlessness @ 00:04:59,https://animehistory.org/gallery/screencaps/outlaw-star/episode-19/,https://animehistory.org/gallery/screencaps/outlaw-star/episode-19/,1,2026-10-07T01:50:06.468351+00:00,12ab5016dde0391dbea51dddb488f4928d42789e33016630f19564593b05d6d2,,UNVERIFIED
EP-19,Law and Lawlessness,00:05:03,303,853200,https://animehistory.org/uploads/screencaps/outlaw-star-E019-Law-and-Lawlessness/cap_00-05-03_44f9.jpg,Outlaw Star Ep 19: Law and Lawlessness @ 00:05:03,https://animehistory.org/gallery/screencaps/outlaw-star/episode-19/,https://animehistory.org/gallery/screencaps/outlaw-star/episode-19/,1,2026-10-07T01:50:06.468351+00:00,12ab5016dde0391dbea51dddb488f4928d42789e33016630f19564593b05d6d2,,UNVERIFIED
EP-19,Law and Lawlessness,00:05:07,307,853201,https://animehistory.org/uploads/screencaps/outlaw-star-E019-Law-and-Lawlessness/cap_00-05-07_1791.jpg,Outlaw Star Ep 19: Law and Lawlessness @ 00:05:07,https://animehistory.org/gallery/screencaps/outlaw-star/episode-19/,https://animehistory.org/gallery/screencaps/outlaw-star/episode-19/,1,2026-10-07T01:50:06.468351+00:00,12ab5016dde0391dbea51dddb488f4928d42789e33016630f19564593b05d6d2,,UNVERIFIED
EP-19,Law and Lawlessness,00:05:10,310,853202,https://animehistory.org/uploads/screencaps/outlaw-star-E019-Law-and-Lawlessness/cap_00-05-10_5c41.jpg,Outlaw Star Ep 19: Law and Lawlessness @ 00:05:10,https://animehistory.org/gallery/screencaps/outlaw-star/episode-19/,https://animehistory.org/gallery/screencaps/outlaw-star/episode-19/,1,2026-10-07T01:50:06.468351+00:00,12ab5016dde0391dbea51dddb488f4928d42789e33016630f19564593b05d6d2,,UNVERIFIED
EP-19,Law and Lawlessness,00:05:14,314,853203,https://animehistory.org/uploads/screencaps/outlaw-star-E019-Law-and-Lawlessness/cap_00-05-14_5540.jpg,Outlaw Star Ep 19: Law and Lawlessness @ 00:05:14,https://animehistory.org/gallery/screencaps/outlaw-star/episode-19/,https://animehistory.org/gallery/screencaps/outlaw-star/episode-19/,1,2026-10-07T01:50:06.468351+00:00,12ab5016dde0391dbea51dddb488f4928d42789e33016630f19564593b05d6d2,,UNVERIFIED
EP-19,Law and Lawlessness,00:05:18,318,853204,https://animehistory.org/uploads/screencaps/outlaw-star-E019-Law-and-Lawlessness/cap_00-05-18_44e8.jpg,Outlaw Star Ep 19: Law and Lawlessness @ 00:05:18,https://animehistory.org/gallery/screencaps/outlaw-star/episode-19/,https://animehistory.org/gallery/screencaps/outlaw-star/episode-19/,1,2026-10-07T01:50:06.468351+00:00,12ab5016dde0391dbea51dddb488f4928d42789e33016630f19564593b05d6d2,,UNVERIFIED
EP-19,Law and Lawlessness,00:05:21,321,853205,https://animehistory.org/uploads/screencaps/outlaw-star-E019-Law-and-Lawlessness/cap_00-05-21_4879.jpg,Outlaw Star Ep 19: Law and Lawlessness @ 00:05:21,https://animehistory.org/gallery/screencaps/outlaw-star/episode-19/,https://animehistory.org/gallery/screencaps/outlaw-star/episode-19/,1,2026-10-07T01:50:06.468351+00:00,12ab5016dde0391dbea51dddb488f4928d42789e33016630f19564593b05d6d2,,UNVERIFIED
EP-19,Law and Lawlessness,00:05:25,325,853206,https://animehistory.org/uploads/screencaps/outlaw-star-E019-Law-and-Lawlessness/cap_00-05-25_447a.jpg,Outlaw Star Ep 19: Law and Lawlessness @ 00:05:25,https://animehistory.org/gallery/screencaps/outlaw-star/episode-19/,https://animehistory.org/gallery/screencaps/outlaw-star/episode-19/,1,2026-10-07T01:50:06.468351+00:00,12ab5016dde0391dbea51dddb488f4928d42789e33016630f19564593b05d6d2,,UNVERIFIED
EP-19,Law and Lawlessness,00:05:28,328,853207,https://animehistory.org/uploads/screencaps/outlaw-star-E019-Law-and-Lawlessness/cap_00-05-28_4570.jpg,Outlaw Star Ep 19: Law and Lawlessness @ 00:05:28,https://animehistory.org/gallery/screencaps/outlaw-star/episode-19/,https://animehistory.org/gallery/screencaps/outlaw-star/episode-19/,1,2026-10-07T01:50:06.468351+00:00,12ab5016dde0391dbea51dddb488f4928d42789e33016630f19564593b05d6d2,,UNVERIFIED
EP-19,Law and Lawlessness,00:05:32,332,853208,https://animehistory.org/uploads/screencaps/outlaw-star-E019-Law-and-Lawlessness/cap_00-05-32_17dc.jpg,Outlaw Star Ep 19: Law and Lawlessness @ 00:05:32,https://animehistory.org/gallery/screencaps/outlaw-star/episode-19/,https://animehistory.org/gallery/screencaps/outlaw-star/episode-19/,1,2026-10-07T01:50:06.468351+00:00,12ab5016dde0391dbea51dddb488f4928d42789e33016630f19564593b05d6d2,,UNVERIFIED
EP-19,Law and Lawlessness,00:05:36,336,853209,https://animehistory.org/uploads/screencaps/outlaw-star-E019-Law-and-Lawlessness/cap_00-05-36_77c3.jpg,Outlaw Star Ep 19: Law and Lawlessness @ 00:05:36,https://animehistory.org/gallery/screencaps/outlaw-star/episode-19/,https://animehistory.org/gallery/screencaps/outlaw-star/episode-19/,1,2026-10-07T01:50:06.468351+00:00,12ab5016dde0391dbea51dddb488f4928d42789e33016630f19564593b05d6d2,,UNVERIFIED
EP-19,Law and Lawlessness,00:05:39,339,853210,https://animehistory.org/uploads/screencaps/outlaw-star-E019-Law-and-Lawlessness/cap_00-05-39_4da9.jpg,Outlaw Star Ep 19: Law and Lawlessness @ 00:05:39,https://animehistory.org/gallery/screencaps/outlaw-star/episode-19/,https://animehistory.org/gallery/screencaps/outlaw-star/episode-19/,1,2026-10-07T01:50:06.468351+00:00,12ab5016dde0391dbea51dddb488f4928d42789e33016630f19564593b05d6d2,,UNVERIFIED
EP-19,Law and Lawlessness,00:05:43,343,853211,https://animehistory.org/uploads/screencaps/outlaw-star-E019-Law-and-Lawlessness/cap_00-05-43_2176.jpg,Outlaw Star Ep 19: Law and Lawlessness @ 00:05:43,https://animehistory.org/gallery/screencaps/outlaw-star/episode-19/,https://animehistory.org/gallery/screencaps/outlaw-star/episode-19/,1,2026-10-07T01:50:06.468351+00:00,12ab5016dde0391dbea51dddb488f4928d42789e33016630f19564593b05d6d2,,UNVERIFIED
EP-19,Law and Lawlessness,00:05:47,347,853212,https://animehistory.org/uploads/screencaps/outlaw-star-E019-Law-and-Lawlessness/cap_00-05-47_6a30.jpg,Outlaw Star Ep 19: Law and Lawlessness @ 00:05:47,https://animehistory.org/gallery/screencaps/outlaw-star/episode-19/,https://animehistory.org/gallery/screencaps/outlaw-star/episode-19/,1,2026-10-07T01:50:06.468351+00:00,12ab5016dde0391dbea51dddb488f4928d42789e33016630f19564593b05d6d2,,UNVERIFIED
EP-19,Law and Lawlessness,00:05:50,350,853213,https://animehistory.org/uploads/screencaps/outlaw-star-E019-Law-and-Lawlessness/cap_00-05-50_464e.jpg,Outlaw Star Ep 19: Law and Lawlessness @ 00:05:50,https://animehistory.org/gallery/screencaps/outlaw-star/episode-19/,https://animehistory.org/gallery/screencaps/outlaw-star/episode-19/,1,2026-10-07T01:50:06.468351+00:00,12ab5016dde0391dbea51dddb488f4928d42789e33016630f19564593b05d6d2,,UNVERIFIED
EP-19,Law and Lawlessness,00:05:54,354,853214,https://animehistory.org/uploads/screencaps/outlaw-star-E019-Law-and-Lawlessness/cap_00-05-54_4db1.jpg,Outlaw Star Ep 19: Law and Lawlessness @ 00:05:54,https://animehistory.org/gallery/screencaps/outlaw-star/episode-19/,https://animehistory.org/gallery/screencaps/outlaw-star/episode-19/,1,2026-10-07T01:50:06.468351+00:00,12ab5016dde0391dbea51dddb488f4928d42789e33016630f19564593b05d6d2,,UNVERIFIED
EP-19,Law and Lawlessness,00:05:58,358,853215,https://animehistory.org/uploads/screencaps/outlaw-star-E019-Law-and-Lawlessness/cap_00-05-58_5a14.jpg,Outlaw Star Ep 19: Law and Lawlessness @ 00:05:58,https://animehistory.org/gallery/screencaps/outlaw-star/episode-19/,https://animehistory.org/gallery/screencaps/outlaw-star/episode-19/,1,2026-10-07T01:50:06.468351+00:00,12ab5016dde0391dbea51dddb488f4928d42789e33016630f19564593b05d6d2,,UNVERIFIED
EP-19,Law and Lawlessness,00:06:01,361,853216,https://animehistory.org/uploads/screencaps/outlaw-star-E019-Law-and-Lawlessness/cap_00-06-01_4059.jpg,Outlaw Star Ep 19: Law and Lawlessness @ 00:06:01,https://animehistory.org/gallery/screencaps/outlaw-star/episode-19/,https://animehistory.org/gallery/screencaps/outlaw-star/episode-19/,1,2026-10-07T01:50:06.468351+00:00,12ab5016dde0391dbea51dddb488f4928d42789e33016630f19564593b05d6d2,,UNVERIFIED
EP-19,Law and Lawlessness,00:06:05,365,853217,https://animehistory.org/uploads/screencaps/outlaw-star-E019-Law-and-Lawlessness/cap_00-06-05_64d7.jpg,Outlaw Star Ep 19: Law and Lawlessness @ 00:06:05,https://animehistory.org/gallery/screencaps/outlaw-star/episode-19/,https://animehistory.org/gallery/screencaps/outlaw-star/episode-19/,1,2026-10-07T01:50:06.468351+00:00,12ab5016dde0391dbea51dddb488f4928d42789e33016630f19564593b05d6d2,,UNVERIFIED
EP-19,Law and Lawlessness,00:06:08,368,853218,https://animehistory.org/uploads/screencaps/outlaw-star-E019-Law-and-Lawlessness/cap_00-06-08_1bcd.jpg,Outlaw Star Ep 19: Law and Lawlessness @ 00:06:08,https://animehistory.org/gallery/screencaps/outlaw-star/episode-19/,https://animehistory.org/gallery/screencaps/outlaw-star/episode-19/,1,2026-10-07T01:50:06.468351+00:00,12ab5016dde0391dbea51dddb488f4928d42789e33016630f19564593b05d6d2,,UNVERIFIED
EP-19,Law and Lawlessness,00:06:12,372,853219,https://animehistory.org/uploads/screencaps/outlaw-star-E019-Law-and-Lawlessness/cap_00-06-12_6a92.jpg,Outlaw Star Ep 19: Law and Lawlessness @ 00:06:12,https://animehistory.org/gallery/screencaps/outlaw-star/episode-19/,https://animehistory.org/gallery/screencaps/outlaw-star/episode-19/,1,2026-10-07T01:50:06.468351+00:00,12ab5016dde0391dbea51dddb488f4928d42789e33016630f19564593b05d6d2,,UNVERIFIED
EP-19,Law and Lawlessness,00:06:16,376,853220,https://animehistory.org/uploads/screencaps/outlaw-star-E019-Law-and-Lawlessness/cap_00-06-16_4499.jpg,Outlaw Star Ep 19: Law and Lawlessness @ 00:06:16,https://animehistory.org/gallery/screencaps/outlaw-star/episode-19/,https://animehistory.org/gallery/screencaps/outlaw-star/episode-19/,1,2026-10-07T01:50:06.468351+00:00,12ab5016dde0391dbea51dddb488f4928d42789e33016630f19564593b05d6d2,,UNVERIFIED
EP-19,Law and Lawlessness,00:06:19,379,853221,https://animehistory.org/uploads/screencaps/outlaw-star-E019-Law-and-Lawlessness/cap_00-06-19_39fb.jpg,Outlaw Star Ep 19: Law and Lawlessness @ 00:06:19,https://animehistory.org/gallery/screencaps/outlaw-star/episode-19/,https://animehistory.org/gallery/screencaps/outlaw-star/episode-19/,1,2026-10-07T01:50:06.468351+00:00,12ab5016dde0391dbea51dddb488f4928d42789e33016630f19564593b05d6d2,,UNVERIFIED
EP-19,Law and Lawlessness,00:06:23,383,853222,https://animehistory.org/uploads/screencaps/outlaw-star-E019-Law-and-Lawlessness/cap_00-06-23_1281.jpg,Outlaw Star Ep 19: Law and Lawlessness @ 00:06:23,https://animehistory.org/gallery/screencaps/outlaw-star/episode-19/,https://animehistory.org/gallery/screencaps/outlaw-star/episode-19/,1,2026-10-07T01:50:06.468351+00:00,12ab5016dde0391dbea51dddb488f4928d42789e33016630f19564593b05d6d2,,UNVERIFIED
EP-19,Law and Lawlessness,00:06:27,387,853223,https://animehistory.org/uploads/screencaps/outlaw-star-E019-Law-and-Lawlessness/cap_00-06-27_3543.jpg,Outlaw Star Ep 19: Law and Lawlessness @ 00:06:27,https://animehistory.org/gallery/screencaps/outlaw-star/episode-19/,https://animehistory.org/gallery/screencaps/outlaw-star/episode-19/,1,2026-10-07T01:50:06.468351+00:00,12ab5016dde0391dbea51dddb488f4928d42789e33016630f19564593b05d6d2,,UNVERIFIED
EP-19,Law and Lawlessness,00:06:30,390,853224,https://animehistory.org/uploads/screencaps/outlaw-star-E019-Law-and-Lawlessness/cap_00-06-30_3d5c.jpg,Outlaw Star Ep 19: Law and Lawlessness @ 00:06:30,https://animehistory.org/gallery/screencaps/outlaw-star/episode-19/,https://animehistory.org/gallery/screencaps/outlaw-star/episode-19/,1,2026-10-07T01:50:06.468351+00:00,12ab5016dde0391dbea51dddb488f4928d42789e33016630f19564593b05d6d2,,UNVERIFIED
EP-19,Law and Lawlessness,00:06:34,394,853225,https://animehistory.org/uploads/screencaps/outlaw-star-E019-Law-and-Lawlessness/cap_00-06-34_38e8.jpg,Outlaw Star Ep 19: Law and Lawlessness @ 00:06:34,https://animehistory.org/gallery/screencaps/outlaw-star/episode-19/,https://animehistory.org/gallery/screencaps/outlaw-star/episode-19/,1,2026-10-07T01:50:06.468351+00:00,12ab5016dde0391dbea51dddb488f4928d42789e33016630f19564593b05d6d2,,UNVERIFIED
EP-19,Law and Lawlessness,00:06:37,397,853226,https://animehistory.org/uploads/screencaps/outlaw-star-E019-Law-and-Lawlessness/cap_00-06-37_0282.jpg,Outlaw Star Ep 19: Law and Lawlessness @ 00:06:37,https://animehistory.org/gallery/screencaps/outlaw-star/episode-19/,https://animehistory.org/gallery/screencaps/outlaw-star/episode-19/,1,2026-10-07T01:50:06.468351+00:00,12ab5016dde0391dbea51dddb488f4928d42789e33016630f19564593b05d6d2,,UNVERIFIED
EP-19,Law and Lawlessness,00:06:41,401,853227,https://animehistory.org/uploads/screencaps/outlaw-star-E019-Law-and-Lawlessness/cap_00-06-41_4ec8.jpg,Outlaw Star Ep 19: Law and Lawlessness @ 00:06:41,https://animehistory.org/gallery/screencaps/outlaw-star/episode-19/,https://animehistory.org/gallery/screencaps/outlaw-star/episode-19/,1,2026-10-07T01:50:06.468351+00:00,12ab5016dde0391dbea51dddb488f4928d42789e33016630f19564593b05d6d2,,UNVERIFIED
EP-19,Law and Lawlessness,00:06:45,405,853228,https://animehistory.org/uploads/screencaps/outlaw-star-E019-Law-and-Lawlessness/cap_00-06-45_66fb.jpg,Outlaw Star Ep 19: Law and Lawlessness @ 00:06:45,https://animehistory.org/gallery/screencaps/outlaw-star/episode-19/,https://animehistory.org/gallery/screencaps/outlaw-star/episode-19/,1,2026-10-07T01:50:06.468351+00:00,12ab5016dde0391dbea51dddb488f4928d42789e33016630f19564593b05d6d2,,UNVERIFIED
EP-19,Law and Lawlessness,00:06:48,408,853229,https://animehistory.org/uploads/screencaps/outlaw-star-E019-Law-and-Lawlessness/cap_00-06-48_0e65.jpg,Outlaw Star Ep 19: Law and Lawlessness @ 00:06:48,https://animehistory.org/gallery/screencaps/outlaw-star/episode-19/,https://animehistory.org/gallery/screencaps/outlaw-star/episode-19/,1,2026-10-07T01:50:06.468351+00:00,12ab5016dde0391dbea51dddb488f4928d42789e33016630f19564593b05d6d2,,UNVERIFIED
EP-19,Law and Lawlessness,00:06:52,412,853230,https://animehistory.org/uploads/screencaps/outlaw-star-E019-Law-and-Lawlessness/cap_00-06-52_0050.jpg,Outlaw Star Ep 19: Law and Lawlessness @ 00:06:52,https://animehistory.org/gallery/screencaps/outlaw-star/episode-19/,https://animehistory.org/gallery/screencaps/outlaw-star/episode-19/,1,2026-10-07T01:50:06.468351+00:00,12ab5016dde0391dbea51dddb488f4928d42789e33016630f19564593b05d6d2,,UNVERIFIED
EP-19,Law and Lawlessness,00:06:56,416,853231,https://animehistory.org/uploads/screencaps/outlaw-star-E019-Law-and-Lawlessness/cap_00-06-56_277e.jpg,Outlaw Star Ep 19: Law and Lawlessness @ 00:06:56,https://animehistory.org/gallery/screencaps/outlaw-star/episode-19/,https://animehistory.org/gallery/screencaps/outlaw-star/episode-19/,1,2026-10-07T01:50:06.468351+00:00,12ab5016dde0391dbea51dddb488f4928d42789e33016630f19564593b05d6d2,,UNVERIFIED
EP-19,Law and Lawlessness,00:06:59,419,853232,https://animehistory.org/uploads/screencaps/outlaw-star-E019-Law-and-Lawlessness/cap_00-06-59_27ac.jpg,Outlaw Star Ep 19: Law and Lawlessness @ 00:06:59,https://animehistory.org/gallery/screencaps/outlaw-star/episode-19/,https://animehistory.org/gallery/screencaps/outlaw-star/episode-19/,1,2026-10-07T01:50:06.468351+00:00,12ab5016dde0391dbea51dddb488f4928d42789e33016630f19564593b05d6d2,,UNVERIFIED
EP-19,Law and Lawlessness,00:07:03,423,853233,https://animehistory.org/uploads/screencaps/outlaw-star-E019-Law-and-Lawlessness/cap_00-07-03_1032.jpg,Outlaw Star Ep 19: Law and Lawlessness @ 00:07:03,https://animehistory.org/gallery/screencaps/outlaw-star/episode-19/,https://animehistory.org/gallery/screencaps/outlaw-star/episode-19/,1,2026-10-07T01:50:06.468351+00:00,12ab5016dde0391dbea51dddb488f4928d42789e33016630f19564593b05d6d2,,UNVERIFIED
EP-19,Law and Lawlessness,00:07:07,427,853234,https://animehistory.org/uploads/screencaps/outlaw-star-E019-Law-and-Lawlessness/cap_00-07-07_30eb.jpg,Outlaw Star Ep 19: Law and Lawlessness @ 00:07:07,https://animehistory.org/gallery/screencaps/outlaw-star/episode-19/,https://animehistory.org/gallery/screencaps/outlaw-star/episode-19/,1,2026-10-07T01:50:06.468351+00:00,12ab5016dde0391dbea51dddb488f4928d42789e33016630f19564593b05d6d2,,UNVERIFIED
EP-19,Law and Lawlessness,00:07:10,430,853235,https://animehistory.org/uploads/screencaps/outlaw-star-E019-Law-and-Lawlessness/cap_00-07-10_5730.jpg,Outlaw Star Ep 19: Law and Lawlessness @ 00:07:10,https://animehistory.org/gallery/screencaps/outlaw-star/episode-19/,https://animehistory.org/gallery/screencaps/outlaw-star/episode-19/,1,2026-10-07T01:50:06.468351+00:00,12ab5016dde0391dbea51dddb488f4928d42789e33016630f19564593b05d6d2,,UNVERIFIED
EP-19,Law and Lawlessness,00:07:14,434,853236,https://animehistory.org/uploads/screencaps/outlaw-star-E019-Law-and-Lawlessness/cap_00-07-14_2a4c.jpg,Outlaw Star Ep 19: Law and Lawlessness @ 00:07:14,https://animehistory.org/gallery/screencaps/outlaw-star/episode-19/,https://animehistory.org/gallery/screencaps/outlaw-star/episode-19/,1,2026-10-07T01:50:06.468351+00:00,12ab5016dde0391dbea51dddb488f4928d42789e33016630f19564593b05d6d2,,UNVERIFIED
EP-19,Law and Lawlessness,00:07:17,437,853237,https://animehistory.org/uploads/screencaps/outlaw-star-E019-Law-and-Lawlessness/cap_00-07-17_2e17.jpg,Outlaw Star Ep 19: Law and Lawlessness @ 00:07:17,https://animehistory.org/gallery/screencaps/outlaw-star/episode-19/,https://animehistory.org/gallery/screencaps/outlaw-star/episode-19/,1,2026-10-07T01:50:06.468351+00:00,12ab5016dde0391dbea51dddb488f4928d42789e33016630f19564593b05d6d2,,UNVERIFIED
EP-19,Law and Lawlessness,00:07:21,441,853238,https://animehistory.org/uploads/screencaps/outlaw-star-E019-Law-and-Lawlessness/cap_00-07-21_69ac.jpg,Outlaw Star Ep 19: Law and Lawlessness @ 00:07:21,https://animehistory.org/gallery/screencaps/outlaw-star/episode-19/,https://animehistory.org/gallery/screencaps/outlaw-star/episode-19/,1,2026-10-07T01:50:06.468351+00:00,12ab5016dde0391dbea51dddb488f4928d42789e33016630f19564593b05d6d2,,UNVERIFIED
EP-19,Law and Lawlessness,00:07:25,445,853239,https://animehistory.org/uploads/screencaps/outlaw-star-E019-Law-and-Lawlessness/cap_00-07-25_0d10.jpg,Outlaw Star Ep 19: Law and Lawlessness @ 00:07:25,https://animehistory.org/gallery/screencaps/outlaw-star/episode-19/,https://animehistory.org/gallery/screencaps/outlaw-star/episode-19/,1,2026-10-07T01:50:06.468351+00:00,12ab5016dde0391dbea51dddb488f4928d42789e33016630f19564593b05d6d2,,UNVERIFIED
EP-19,Law and Lawlessness,00:07:28,448,853240,https://animehistory.org/uploads/screencaps/outlaw-star-E019-Law-and-Lawlessness/cap_00-07-28_71db.jpg,Outlaw Star Ep 19: Law and Lawlessness @ 00:07:28,https://animehistory.org/gallery/screencaps/outlaw-star/episode-19/,https://animehistory.org/gallery/screencaps/outlaw-star/episode-19/,1,2026-10-07T01:50:06.468351+00:00,12ab5016dde0391dbea51dddb488f4928d42789e33016630f19564593b05d6d2,,UNVERIFIED
EP-19,Law and Lawlessness,00:07:32,452,853241,https://animehistory.org/uploads/screencaps/outlaw-star-E019-Law-and-Lawlessness/cap_00-07-32_59f1.jpg,Outlaw Star Ep 19: Law and Lawlessness @ 00:07:32,https://animehistory.org/gallery/screencaps/outlaw-star/episode-19/,https://animehistory.org/gallery/screencaps/outlaw-star/episode-19/,1,2026-10-07T01:50:06.468351+00:00,12ab5016dde0391dbea51dddb488f4928d42789e33016630f19564593b05d6d2,,UNVERIFIED
EP-19,Law and Lawlessness,00:07:36,456,853242,https://animehistory.org/uploads/screencaps/outlaw-star-E019-Law-and-Lawlessness/cap_00-07-36_787d.jpg,Outlaw Star Ep 19: Law and Lawlessness @ 00:07:36,https://animehistory.org/gallery/screencaps/outlaw-star/episode-19/,https://animehistory.org/gallery/screencaps/outlaw-star/episode-19/,1,2026-10-07T01:50:06.468351+00:00,12ab5016dde0391dbea51dddb488f4928d42789e33016630f19564593b05d6d2,,UNVERIFIED
EP-19,Law and Lawlessness,00:07:39,459,853243,https://animehistory.org/uploads/screencaps/outlaw-star-E019-Law-and-Lawlessness/cap_00-07-39_451d.jpg,Outlaw Star Ep 19: Law and Lawlessness @ 00:07:39,https://animehistory.org/gallery/screencaps/outlaw-star/episode-19/,https://animehistory.org/gallery/screencaps/outlaw-star/episode-19/,1,2026-10-07T01:50:06.468351+00:00,12ab5016dde0391dbea51dddb488f4928d42789e33016630f19564593b05d6d2,,UNVERIFIED
EP-19,Law and Lawlessness,00:07:43,463,853244,https://animehistory.org/uploads/screencaps/outlaw-star-E019-Law-and-Lawlessness/cap_00-07-43_115f.jpg,Outlaw Star Ep 19: Law and Lawlessness @ 00:07:43,https://animehistory.org/gallery/screencaps/outlaw-star/episode-19/,https://animehistory.org/gallery/screencaps/outlaw-star/episode-19/,1,2026-10-07T01:50:06.468351+00:00,12ab5016dde0391dbea51dddb488f4928d42789e33016630f19564593b05d6d2,,UNVERIFIED
EP-19,Law and Lawlessness,00:07:47,467,853245,https://animehistory.org/uploads/screencaps/outlaw-star-E019-Law-and-Lawlessness/cap_00-07-47_61f7.jpg,Outlaw Star Ep 19: Law and Lawlessness @ 00:07:47,https://animehistory.org/gallery/screencaps/outlaw-star/episode-19/,https://animehistory.org/gallery/screencaps/outlaw-star/episode-19/?page=2,2,2026-10-07T01:50:07.834974+00:00,70e5f08c6358f4dc36bb6db0de1741c734a8c8b8e40893ad1544fd2e3208c4a0,,UNVERIFIED
EP-19,Law and Lawlessness,00:07:50,470,853246,https://animehistory.org/uploads/screencaps/outlaw-star-E019-Law-and-Lawlessness/cap_00-07-50_1912.jpg,Outlaw Star Ep 19: Law and Lawlessness @ 00:07:50,https://animehistory.org/gallery/screencaps/outlaw-star/episode-19/,https://animehistory.org/gallery/screencaps/outlaw-star/episode-19/?page=2,2,2026-10-07T01:50:07.834974+00:00,70e5f08c6358f4dc36bb6db0de1741c734a8c8b8e40893ad1544fd2e3208c4a0,,UNVERIFIED
EP-19,Law and Lawlessness,00:07:54,474,853247,https://animehistory.org/uploads/screencaps/outlaw-star-E019-Law-and-Lawlessness/cap_00-07-54_6dbd.jpg,Outlaw Star Ep 19: Law and Lawlessness @ 00:07:54,https://animehistory.org/gallery/screencaps/outlaw-star/episode-19/,https://animehistory.org/gallery/screencaps/outlaw-star/episode-19/?page=2,2,2026-10-07T01:50:07.834974+00:00,70e5f08c6358f4dc36bb6db0de1741c734a8c8b8e40893ad1544fd2e3208c4a0,,UNVERIFIED
EP-19,Law and Lawlessness,00:07:57,477,853248,https://animehistory.org/uploads/screencaps/outlaw-star-E019-Law-and-Lawlessness/cap_00-07-57_2b9a.jpg,Outlaw Star Ep 19: Law and Lawlessness @ 00:07:57,https://animehistory.org/gallery/screencaps/outlaw-star/episode-19/,https://animehistory.org/gallery/screencaps/outlaw-star/episode-19/?page=2,2,2026-10-07T01:50:07.834974+00:00,70e5f08c6358f4dc36bb6db0de1741c734a8c8b8e40893ad1544fd2e3208c4a0,,UNVERIFIED
EP-19,Law and Lawlessness,00:08:01,481,853249,https://animehistory.org/uploads/screencaps/outlaw-star-E019-Law-and-Lawlessness/cap_00-08-01_48ba.jpg,Outlaw Star Ep 19: Law and Lawlessness @ 00:08:01,https://animehistory.org/gallery/screencaps/outlaw-star/episode-19/,https://animehistory.org/gallery/screencaps/outlaw-star/episode-19/?page=2,2,2026-10-07T01:50:07.834974+00:00,70e5f08c6358f4dc36bb6db0de1741c734a8c8b8e40893ad1544fd2e3208c4a0,,UNVERIFIED
EP-19,Law and Lawlessness,00:08:05,485,853250,https://animehistory.org/uploads/screencaps/outlaw-star-E019-Law-and-Lawlessness/cap_00-08-05_119f.jpg,Outlaw Star Ep 19: Law and Lawlessness @ 00:08:05,https://animehistory.org/gallery/screencaps/outlaw-star/episode-19/,https://animehistory.org/gallery/screencaps/outlaw-star/episode-19/?page=2,2,2026-10-07T01:50:07.834974+00:00,70e5f08c6358f4dc36bb6db0de1741c734a8c8b8e40893ad1544fd2e3208c4a0,,UNVERIFIED
EP-19,Law and Lawlessness,00:08:08,488,853251,https://animehistory.org/uploads/screencaps/outlaw-star-E019-Law-and-Lawlessness/cap_00-08-08_25af.jpg,Outlaw Star Ep 19: Law and Lawlessness @ 00:08:08,https://animehistory.org/gallery/screencaps/outlaw-star/episode-19/,https://animehistory.org/gallery/screencaps/outlaw-star/episode-19/?page=2,2,2026-10-07T01:50:07.834974+00:00,70e5f08c6358f4dc36bb6db0de1741c734a8c8b8e40893ad1544fd2e3208c4a0,,UNVERIFIED
EP-19,Law and Lawlessness,00:08:12,492,853252,https://animehistory.org/uploads/screencaps/outlaw-star-E019-Law-and-Lawlessness/cap_00-08-12_4d80.jpg,Outlaw Star Ep 19: Law and Lawlessness @ 00:08:12,https://animehistory.org/gallery/screencaps/outlaw-star/episode-19/,https://animehistory.org/gallery/screencaps/outlaw-star/episode-19/?page=2,2,2026-10-07T01:50:07.834974+00:00,70e5f08c6358f4dc36bb6db0de1741c734a8c8b8e40893ad1544fd2e3208c4a0,,UNVERIFIED
EP-19,Law and Lawlessness,00:08:16,496,853253,https://animehistory.org/uploads/screencaps/outlaw-star-E019-Law-and-Lawlessness/cap_00-08-16_4f88.jpg,Outlaw Star Ep 19: Law and Lawlessness @ 00:08:16,https://animehistory.org/gallery/screencaps/outlaw-star/episode-19/,https://animehistory.org/gallery/screencaps/outlaw-star/episode-19/?page=2,2,2026-10-07T01:50:07.834974+00:00,70e5f08c6358f4dc36bb6db0de1741c734a8c8b8e40893ad1544fd2e3208c4a0,,UNVERIFIED
EP-19,Law and Lawlessness,00:08:19,499,853254,https://animehistory.org/uploads/screencaps/outlaw-star-E019-Law-and-Lawlessness/cap_00-08-19_264e.jpg,Outlaw Star Ep 19: Law and Lawlessness @ 00:08:19,https://animehistory.org/gallery/screencaps/outlaw-star/episode-19/,https://animehistory.org/gallery/screencaps/outlaw-star/episode-19/?page=2,2,2026-10-07T01:50:07.834974+00:00,70e5f08c6358f4dc36bb6db0de1741c734a8c8b8e40893ad1544fd2e3208c4a0,,UNVERIFIED
EP-19,Law and Lawlessness,00:08:23,503,853255,https://animehistory.org/uploads/screencaps/outlaw-star-E019-Law-and-Lawlessness/cap_00-08-23_2fae.jpg,Outlaw Star Ep 19: Law and Lawlessness @ 00:08:23,https://animehistory.org/gallery/screencaps/outlaw-star/episode-19/,https://animehistory.org/gallery/screencaps/outlaw-star/episode-19/?page=2,2,2026-10-07T01:50:07.834974+00:00,70e5f08c6358f4dc36bb6db0de1741c734a8c8b8e40893ad1544fd2e3208c4a0,,UNVERIFIED
EP-19,Law and Lawlessness,00:08:26,506,853256,https://animehistory.org/uploads/screencaps/outlaw-star-E019-Law-and-Lawlessness/cap_00-08-26_4894.jpg,Outlaw Star Ep 19: Law and Lawlessness @ 00:08:26,https://animehistory.org/gallery/screencaps/outlaw-star/episode-19/,https://animehistory.org/gallery/screencaps/outlaw-star/episode-19/?page=2,2,2026-10-07T01:50:07.834974+00:00,70e5f08c6358f4dc36bb6db0de1741c734a8c8b8e40893ad1544fd2e3208c4a0,,UNVERIFIED
EP-19,Law and Lawlessness,00:08:30,510,853257,https://animehistory.org/uploads/screencaps/outlaw-star-E019-Law-and-Lawlessness/cap_00-08-30_5512.jpg,Outlaw Star Ep 19: Law and Lawlessness @ 00:08:30,https://animehistory.org/gallery/screencaps/outlaw-star/episode-19/,https://animehistory.org/gallery/screencaps/outlaw-star/episode-19/?page=2,2,2026-10-07T01:50:07.834974+00:00,70e5f08c6358f4dc36bb6db0de1741c734a8c8b8e40893ad1544fd2e3208c4a0,,UNVERIFIED
EP-19,Law and Lawlessness,00:08:34,514,853258,https://animehistory.org/uploads/screencaps/outlaw-star-E019-Law-and-Lawlessness/cap_00-08-34_74fc.jpg,Outlaw Star Ep 19: Law and Lawlessness @ 00:08:34,https://animehistory.org/gallery/screencaps/outlaw-star/episode-19/,https://animehistory.org/gallery/screencaps/outlaw-star/episode-19/?page=2,2,2026-10-07T01:50:07.834974+00:00,70e5f08c6358f4dc36bb6db0de1741c734a8c8b8e40893ad1544fd2e3208c4a0,,UNVERIFIED
EP-19,Law and Lawlessness,00:08:37,517,853259,https://animehistory.org/uploads/screencaps/outlaw-star-E019-Law-and-Lawlessness/cap_00-08-37_11f9.jpg,Outlaw Star Ep 19: Law and Lawlessness @ 00:08:37,https://animehistory.org/gallery/screencaps/outlaw-star/episode-19/,https://animehistory.org/gallery/screencaps/outlaw-star/episode-19/?page=2,2,2026-10-07T01:50:07.834974+00:00,70e5f08c6358f4dc36bb6db0de1741c734a8c8b8e40893ad1544fd2e3208c4a0,,UNVERIFIED
EP-19,Law and Lawlessness,00:08:41,521,853260,https://animehistory.org/uploads/screencaps/outlaw-star-E019-Law-and-Lawlessness/cap_00-08-41_3139.jpg,Outlaw Star Ep 19: Law and Lawlessness @ 00:08:41,https://animehistory.org/gallery/screencaps/outlaw-star/episode-19/,https://animehistory.org/gallery/screencaps/outlaw-star/episode-19/?page=2,2,2026-10-07T01:50:07.834974+00:00,70e5f08c6358f4dc36bb6db0de1741c734a8c8b8e40893ad1544fd2e3208c4a0,,UNVERIFIED
EP-19,Law and Lawlessness,00:08:45,525,853261,https://animehistory.org/uploads/screencaps/outlaw-star-E019-Law-and-Lawlessness/cap_00-08-45_332f.jpg,Outlaw Star Ep 19: Law and Lawlessness @ 00:08:45,https://animehistory.org/gallery/screencaps/outlaw-star/episode-19/,https://animehistory.org/gallery/screencaps/outlaw-star/episode-19/?page=2,2,2026-10-07T01:50:07.834974+00:00,70e5f08c6358f4dc36bb6db0de1741c734a8c8b8e40893ad1544fd2e3208c4a0,,UNVERIFIED
EP-19,Law and Lawlessness,00:08:48,528,853262,https://animehistory.org/uploads/screencaps/outlaw-star-E019-Law-and-Lawlessness/cap_00-08-48_422c.jpg,Outlaw Star Ep 19: Law and Lawlessness @ 00:08:48,https://animehistory.org/gallery/screencaps/outlaw-star/episode-19/,https://animehistory.org/gallery/screencaps/outlaw-star/episode-19/?page=2,2,2026-10-07T01:50:07.834974+00:00,70e5f08c6358f4dc36bb6db0de1741c734a8c8b8e40893ad1544fd2e3208c4a0,,UNVERIFIED
EP-19,Law and Lawlessness,00:08:52,532,853263,https://animehistory.org/uploads/screencaps/outlaw-star-E019-Law-and-Lawlessness/cap_00-08-52_352b.jpg,Outlaw Star Ep 19: Law and Lawlessness @ 00:08:52,https://animehistory.org/gallery/screencaps/outlaw-star/episode-19/,https://animehistory.org/gallery/screencaps/outlaw-star/episode-19/?page=2,2,2026-10-07T01:50:07.834974+00:00,70e5f08c6358f4dc36bb6db0de1741c734a8c8b8e40893ad1544fd2e3208c4a0,,UNVERIFIED
EP-19,Law and Lawlessness,00:08:56,536,853264,https://animehistory.org/uploads/screencaps/outlaw-star-E019-Law-and-Lawlessness/cap_00-08-56_4014.jpg,Outlaw Star Ep 19: Law and Lawlessness @ 00:08:56,https://animehistory.org/gallery/screencaps/outlaw-star/episode-19/,https://animehistory.org/gallery/screencaps/outlaw-star/episode-19/?page=2,2,2026-10-07T01:50:07.834974+00:00,70e5f08c6358f4dc36bb6db0de1741c734a8c8b8e40893ad1544fd2e3208c4a0,,UNVERIFIED
EP-19,Law and Lawlessness,00:08:59,539,853265,https://animehistory.org/uploads/screencaps/outlaw-star-E019-Law-and-Lawlessness/cap_00-08-59_126c.jpg,Outlaw Star Ep 19: Law and Lawlessness @ 00:08:59,https://animehistory.org/gallery/screencaps/outlaw-star/episode-19/,https://animehistory.org/gallery/screencaps/outlaw-star/episode-19/?page=2,2,2026-10-07T01:50:07.834974+00:00,70e5f08c6358f4dc36bb6db0de1741c734a8c8b8e40893ad1544fd2e3208c4a0,,UNVERIFIED
EP-19,Law and Lawlessness,00:09:03,543,853266,https://animehistory.org/uploads/screencaps/outlaw-star-E019-Law-and-Lawlessness/cap_00-09-03_58af.jpg,Outlaw Star Ep 19: Law and Lawlessness @ 00:09:03,https://animehistory.org/gallery/screencaps/outlaw-star/episode-19/,https://animehistory.org/gallery/screencaps/outlaw-star/episode-19/?page=2,2,2026-10-07T01:50:07.834974+00:00,70e5f08c6358f4dc36bb6db0de1741c734a8c8b8e40893ad1544fd2e3208c4a0,,UNVERIFIED
EP-19,Law and Lawlessness,00:09:06,546,853267,https://animehistory.org/uploads/screencaps/outlaw-star-E019-Law-and-Lawlessness/cap_00-09-06_3183.jpg,Outlaw Star Ep 19: Law and Lawlessness @ 00:09:06,https://animehistory.org/gallery/screencaps/outlaw-star/episode-19/,https://animehistory.org/gallery/screencaps/outlaw-star/episode-19/?page=2,2,2026-10-07T01:50:07.834974+00:00,70e5f08c6358f4dc36bb6db0de1741c734a8c8b8e40893ad1544fd2e3208c4a0,,UNVERIFIED
EP-19,Law and Lawlessness,00:09:10,550,853268,https://animehistory.org/uploads/screencaps/outlaw-star-E019-Law-and-Lawlessness/cap_00-09-10_324b.jpg,Outlaw Star Ep 19: Law and Lawlessness @ 00:09:10,https://animehistory.org/gallery/screencaps/outlaw-star/episode-19/,https://animehistory.org/gallery/screencaps/outlaw-star/episode-19/?page=2,2,2026-10-07T01:50:07.834974+00:00,70e5f08c6358f4dc36bb6db0de1741c734a8c8b8e40893ad1544fd2e3208c4a0,,UNVERIFIED
EP-19,Law and Lawlessness,00:09:14,554,853269,https://animehistory.org/uploads/screencaps/outlaw-star-E019-Law-and-Lawlessness/cap_00-09-14_03ad.jpg,Outlaw Star Ep 19: Law and Lawlessness @ 00:09:14,https://animehistory.org/gallery/screencaps/outlaw-star/episode-19/,https://animehistory.org/gallery/screencaps/outlaw-star/episode-19/?page=2,2,2026-10-07T01:50:07.834974+00:00,70e5f08c6358f4dc36bb6db0de1741c734a8c8b8e40893ad1544fd2e3208c4a0,,UNVERIFIED
EP-19,Law and Lawlessness,00:09:17,557,853270,https://animehistory.org/uploads/screencaps/outlaw-star-E019-Law-and-Lawlessness/cap_00-09-17_15d2.jpg,Outlaw Star Ep 19: Law and Lawlessness @ 00:09:17,https://animehistory.org/gallery/screencaps/outlaw-star/episode-19/,https://animehistory.org/gallery/screencaps/outlaw-star/episode-19/?page=2,2,2026-10-07T01:50:07.834974+00:00,70e5f08c6358f4dc36bb6db0de1741c734a8c8b8e40893ad1544fd2e3208c4a0,,UNVERIFIED
EP-19,Law and Lawlessness,00:09:21,561,853271,https://animehistory.org/uploads/screencaps/outlaw-star-E019-Law-and-Lawlessness/cap_00-09-21_09f1.jpg,Outlaw Star Ep 19: Law and Lawlessness @ 00:09:21,https://animehistory.org/gallery/screencaps/outlaw-star/episode-19/,https://animehistory.org/gallery/screencaps/outlaw-star/episode-19/?page=2,2,2026-10-07T01:50:07.834974+00:00,70e5f08c6358f4dc36bb6db0de1741c734a8c8b8e40893ad1544fd2e3208c4a0,,UNVERIFIED
EP-19,Law and Lawlessness,00:09:25,565,853272,https://animehistory.org/uploads/screencaps/outlaw-star-E019-Law-and-Lawlessness/cap_00-09-25_29c2.jpg,Outlaw Star Ep 19: Law and Lawlessness @ 00:09:25,https://animehistory.org/gallery/screencaps/outlaw-star/episode-19/,https://animehistory.org/gallery/screencaps/outlaw-star/episode-19/?page=2,2,2026-10-07T01:50:07.834974+00:00,70e5f08c6358f4dc36bb6db0de1741c734a8c8b8e40893ad1544fd2e3208c4a0,,UNVERIFIED
EP-19,Law and Lawlessness,00:09:28,568,853273,https://animehistory.org/uploads/screencaps/outlaw-star-E019-Law-and-Lawlessness/cap_00-09-28_7850.jpg,Outlaw Star Ep 19: Law and Lawlessness @ 00:09:28,https://animehistory.org/gallery/screencaps/outlaw-star/episode-19/,https://animehistory.org/gallery/screencaps/outlaw-star/episode-19/?page=2,2,2026-10-07T01:50:07.834974+00:00,70e5f08c6358f4dc36bb6db0de1741c734a8c8b8e40893ad1544fd2e3208c4a0,,UNVERIFIED
EP-19,Law and Lawlessness,00:09:32,572,853274,https://animehistory.org/uploads/screencaps/outlaw-star-E019-Law-and-Lawlessness/cap_00-09-32_7efe.jpg,Outlaw Star Ep 19: Law and Lawlessness @ 00:09:32,https://animehistory.org/gallery/screencaps/outlaw-star/episode-19/,https://animehistory.org/gallery/screencaps/outlaw-star/episode-19/?page=2,2,2026-10-07T01:50:07.834974+00:00,70e5f08c6358f4dc36bb6db0de1741c734a8c8b8e40893ad1544fd2e3208c4a0,,UNVERIFIED
EP-19,Law and Lawlessness,00:09:36,576,853275,https://animehistory.org/uploads/screencaps/outlaw-star-E019-Law-and-Lawlessness/cap_00-09-36_5b60.jpg,Outlaw Star Ep 19: Law and Lawlessness @ 00:09:36,https://animehistory.org/gallery/screencaps/outlaw-star/episode-19/,https://animehistory.org/gallery/screencaps/outlaw-star/episode-19/?page=2,2,2026-10-07T01:50:07.834974+00:00,70e5f08c6358f4dc36bb6db0de1741c734a8c8b8e40893ad1544fd2e3208c4a0,,UNVERIFIED
EP-19,Law and Lawlessness,00:09:39,579,853276,https://animehistory.org/uploads/screencaps/outlaw-star-E019-Law-and-Lawlessness/cap_00-09-39_6da1.jpg,Outlaw Star Ep 19: Law and Lawlessness @ 00:09:39,https://animehistory.org/gallery/screencaps/outlaw-star/episode-19/,https://animehistory.org/gallery/screencaps/outlaw-star/episode-19/?page=2,2,2026-10-07T01:50:07.834974+00:00,70e5f08c6358f4dc36bb6db0de1741c734a8c8b8e40893ad1544fd2e3208c4a0,,UNVERIFIED
EP-19,Law and Lawlessness,00:09:43,583,853277,https://animehistory.org/uploads/screencaps/outlaw-star-E019-Law-and-Lawlessness/cap_00-09-43_2201.jpg,Outlaw Star Ep 19: Law and Lawlessness @ 00:09:43,https://animehistory.org/gallery/screencaps/outlaw-star/episode-19/,https://animehistory.org/gallery/screencaps/outlaw-star/episode-19/?page=2,2,2026-10-07T01:50:07.834974+00:00,70e5f08c6358f4dc36bb6db0de1741c734a8c8b8e40893ad1544fd2e3208c4a0,,UNVERIFIED
EP-19,Law and Lawlessness,00:09:46,586,853278,https://animehistory.org/uploads/screencaps/outlaw-star-E019-Law-and-Lawlessness/cap_00-09-46_777d.jpg,Outlaw Star Ep 19: Law and Lawlessness @ 00:09:46,https://animehistory.org/gallery/screencaps/outlaw-star/episode-19/,https://animehistory.org/gallery/screencaps/outlaw-star/episode-19/?page=2,2,2026-10-07T01:50:07.834974+00:00,70e5f08c6358f4dc36bb6db0de1741c734a8c8b8e40893ad1544fd2e3208c4a0,,UNVERIFIED
EP-19,Law and Lawlessness,00:09:50,590,853279,https://animehistory.org/uploads/screencaps/outlaw-star-E019-Law-and-Lawlessness/cap_00-09-50_157f.jpg,Outlaw Star Ep 19: Law and Lawlessness @ 00:09:50,https://animehistory.org/gallery/screencaps/outlaw-star/episode-19/,https://animehistory.org/gallery/screencaps/outlaw-star/episode-19/?page=2,2,2026-10-07T01:50:07.834974+00:00,70e5f08c6358f4dc36bb6db0de1741c734a8c8b8e40893ad1544fd2e3208c4a0,,UNVERIFIED
EP-19,Law and Lawlessness,00:09:54,594,853280,https://animehistory.org/uploads/screencaps/outlaw-star-E019-Law-and-Lawlessness/cap_00-09-54_5f68.jpg,Outlaw Star Ep 19: Law and Lawlessness @ 00:09:54,https://animehistory.org/gallery/screencaps/outlaw-star/episode-19/,https://animehistory.org/gallery/screencaps/outlaw-star/episode-19/?page=2,2,2026-10-07T01:50:07.834974+00:00,70e5f08c6358f4dc36bb6db0de1741c734a8c8b8e40893ad1544fd2e3208c4a0,,UNVERIFIED
EP-19,Law and Lawlessness,00:09:57,597,853281,https://animehistory.org/uploads/screencaps/outlaw-star-E019-Law-and-Lawlessness/cap_00-09-57_58c3.jpg,Outlaw Star Ep 19: Law and Lawlessness @ 00:09:57,https://animehistory.org/gallery/screencaps/outlaw-star/episode-19/,https://animehistory.org/gallery/screencaps/outlaw-star/episode-19/?page=2,2,2026-10-07T01:50:07.834974+00:00,70e5f08c6358f4dc36bb6db0de1741c734a8c8b8e40893ad1544fd2e3208c4a0,,UNVERIFIED
EP-19,Law and Lawlessness,00:10:01,601,853282,https://animehistory.org/uploads/screencaps/outlaw-star-E019-Law-and-Lawlessness/cap_00-10-01_333e.jpg,Outlaw Star Ep 19: Law and Lawlessness @ 00:10:01,https://animehistory.org/gallery/screencaps/outlaw-star/episode-19/,https://animehistory.org/gallery/screencaps/outlaw-star/episode-19/?page=2,2,2026-10-07T01:50:07.834974+00:00,70e5f08c6358f4dc36bb6db0de1741c734a8c8b8e40893ad1544fd2e3208c4a0,,UNVERIFIED
EP-19,Law and Lawlessness,00:10:05,605,853283,https://animehistory.org/uploads/screencaps/outlaw-star-E019-Law-and-Lawlessness/cap_00-10-05_1d82.jpg,Outlaw Star Ep 19: Law and Lawlessness @ 00:10:05,https://animehistory.org/gallery/screencaps/outlaw-star/episode-19/,https://animehistory.org/gallery/screencaps/outlaw-star/episode-19/?page=2,2,2026-10-07T01:50:07.834974+00:00,70e5f08c6358f4dc36bb6db0de1741c734a8c8b8e40893ad1544fd2e3208c4a0,,UNVERIFIED
EP-19,Law and Lawlessness,00:10:08,608,853284,https://animehistory.org/uploads/screencaps/outlaw-star-E019-Law-and-Lawlessness/cap_00-10-08_65b6.jpg,Outlaw Star Ep 19: Law and Lawlessness @ 00:10:08,https://animehistory.org/gallery/screencaps/outlaw-star/episode-19/,https://animehistory.org/gallery/screencaps/outlaw-star/episode-19/?page=2,2,2026-10-07T01:50:07.834974+00:00,70e5f08c6358f4dc36bb6db0de1741c734a8c8b8e40893ad1544fd2e3208c4a0,,UNVERIFIED
EP-19,Law and Lawlessness,00:10:12,612,853285,https://animehistory.org/uploads/screencaps/outlaw-star-E019-Law-and-Lawlessness/cap_00-10-12_0f1e.jpg,Outlaw Star Ep 19: Law and Lawlessness @ 00:10:12,https://animehistory.org/gallery/screencaps/outlaw-star/episode-19/,https://animehistory.org/gallery/screencaps/outlaw-star/episode-19/?page=2,2,2026-10-07T01:50:07.834974+00:00,70e5f08c6358f4dc36bb6db0de1741c734a8c8b8e40893ad1544fd2e3208c4a0,,UNVERIFIED
EP-19,Law and Lawlessness,00:10:16,616,853286,https://animehistory.org/uploads/screencaps/outlaw-star-E019-Law-and-Lawlessness/cap_00-10-16_11b4.jpg,Outlaw Star Ep 19: Law and Lawlessness @ 00:10:16,https://animehistory.org/gallery/screencaps/outlaw-star/episode-19/,https://animehistory.org/gallery/screencaps/outlaw-star/episode-19/?page=2,2,2026-10-07T01:50:07.834974+00:00,70e5f08c6358f4dc36bb6db0de1741c734a8c8b8e40893ad1544fd2e3208c4a0,,UNVERIFIED
EP-19,Law and Lawlessness,00:10:19,619,853287,https://animehistory.org/uploads/screencaps/outlaw-star-E019-Law-and-Lawlessness/cap_00-10-19_3b46.jpg,Outlaw Star Ep 19: Law and Lawlessness @ 00:10:19,https://animehistory.org/gallery/screencaps/outlaw-star/episode-19/,https://animehistory.org/gallery/screencaps/outlaw-star/episode-19/?page=2,2,2026-10-07T01:50:07.834974+00:00,70e5f08c6358f4dc36bb6db0de1741c734a8c8b8e40893ad1544fd2e3208c4a0,,UNVERIFIED
EP-19,Law and Lawlessness,00:10:23,623,853288,https://animehistory.org/uploads/screencaps/outlaw-star-E019-Law-and-Lawlessness/cap_00-10-23_7b56.jpg,Outlaw Star Ep 19: Law and Lawlessness @ 00:10:23,https://animehistory.org/gallery/screencaps/outlaw-star/episode-19/,https://animehistory.org/gallery/screencaps/outlaw-star/episode-19/?page=2,2,2026-10-07T01:50:07.834974+00:00,70e5f08c6358f4dc36bb6db0de1741c734a8c8b8e40893ad1544fd2e3208c4a0,,UNVERIFIED
EP-19,Law and Lawlessness,00:10:26,626,853289,https://animehistory.org/uploads/screencaps/outlaw-star-E019-Law-and-Lawlessness/cap_00-10-26_28ae.jpg,Outlaw Star Ep 19: Law and Lawlessness @ 00:10:26,https://animehistory.org/gallery/screencaps/outlaw-star/episode-19/,https://animehistory.org/gallery/screencaps/outlaw-star/episode-19/?page=2,2,2026-10-07T01:50:07.834974+00:00,70e5f08c6358f4dc36bb6db0de1741c734a8c8b8e40893ad1544fd2e3208c4a0,,UNVERIFIED
EP-19,Law and Lawlessness,00:10:30,630,853290,https://animehistory.org/uploads/screencaps/outlaw-star-E019-Law-and-Lawlessness/cap_00-10-30_7d6f.jpg,Outlaw Star Ep 19: Law and Lawlessness @ 00:10:30,https://animehistory.org/gallery/screencaps/outlaw-star/episode-19/,https://animehistory.org/gallery/screencaps/outlaw-star/episode-19/?page=2,2,2026-10-07T01:50:07.834974+00:00,70e5f08c6358f4dc36bb6db0de1741c734a8c8b8e40893ad1544fd2e3208c4a0,,UNVERIFIED
EP-19,Law and Lawlessness,00:10:34,634,853291,https://animehistory.org/uploads/screencaps/outlaw-star-E019-Law-and-Lawlessness/cap_00-10-34_2554.jpg,Outlaw Star Ep 19: Law and Lawlessness @ 00:10:34,https://animehistory.org/gallery/screencaps/outlaw-star/episode-19/,https://animehistory.org/gallery/screencaps/outlaw-star/episode-19/?page=2,2,2026-10-07T01:50:07.834974+00:00,70e5f08c6358f4dc36bb6db0de1741c734a8c8b8e40893ad1544fd2e3208c4a0,,UNVERIFIED
EP-19,Law and Lawlessness,00:10:37,637,853292,https://animehistory.org/uploads/screencaps/outlaw-star-E019-Law-and-Lawlessness/cap_00-10-37_2adf.jpg,Outlaw Star Ep 19: Law and Lawlessness @ 00:10:37,https://animehistory.org/gallery/screencaps/outlaw-star/episode-19/,https://animehistory.org/gallery/screencaps/outlaw-star/episode-19/?page=2,2,2026-10-07T01:50:07.834974+00:00,70e5f08c6358f4dc36bb6db0de1741c734a8c8b8e40893ad1544fd2e3208c4a0,,UNVERIFIED
EP-19,Law and Lawlessness,00:10:41,641,853293,https://animehistory.org/uploads/screencaps/outlaw-star-E019-Law-and-Lawlessness/cap_00-10-41_70f3.jpg,Outlaw Star Ep 19: Law and Lawlessness @ 00:10:41,https://animehistory.org/gallery/screencaps/outlaw-star/episode-19/,https://animehistory.org/gallery/screencaps/outlaw-star/episode-19/?page=2,2,2026-10-07T01:50:07.834974+00:00,70e5f08c6358f4dc36bb6db0de1741c734a8c8b8e40893ad1544fd2e3208c4a0,,UNVERIFIED
EP-19,Law and Lawlessness,00:10:45,645,853294,https://animehistory.org/uploads/screencaps/outlaw-star-E019-Law-and-Lawlessness/cap_00-10-45_56a0.jpg,Outlaw Star Ep 19: Law and Lawlessness @ 00:10:45,https://animehistory.org/gallery/screencaps/outlaw-star/episode-19/,https://animehistory.org/gallery/screencaps/outlaw-star/episode-19/?page=2,2,2026-10-07T01:50:07.834974+00:00,70e5f08c6358f4dc36bb6db0de1741c734a8c8b8e40893ad1544fd2e3208c4a0,,UNVERIFIED
EP-19,Law and Lawlessness,00:10:48,648,853295,https://animehistory.org/uploads/screencaps/outlaw-star-E019-Law-and-Lawlessness/cap_00-10-48_244f.jpg,Outlaw Star Ep 19: Law and Lawlessness @ 00:10:48,https://animehistory.org/gallery/screencaps/outlaw-star/episode-19/,https://animehistory.org/gallery/screencaps/outlaw-star/episode-19/?page=2,2,2026-10-07T01:50:07.834974+00:00,70e5f08c6358f4dc36bb6db0de1741c734a8c8b8e40893ad1544fd2e3208c4a0,,UNVERIFIED
EP-19,Law and Lawlessness,00:10:52,652,853296,https://animehistory.org/uploads/screencaps/outlaw-star-E019-Law-and-Lawlessness/cap_00-10-52_1dfe.jpg,Outlaw Star Ep 19: Law and Lawlessness @ 00:10:52,https://animehistory.org/gallery/screencaps/outlaw-star/episode-19/,https://animehistory.org/gallery/screencaps/outlaw-star/episode-19/?page=2,2,2026-10-07T01:50:07.834974+00:00,70e5f08c6358f4dc36bb6db0de1741c734a8c8b8e40893ad1544fd2e3208c4a0,,UNVERIFIED
EP-19,Law and Lawlessness,00:10:55,655,853297,https://animehistory.org/uploads/screencaps/outlaw-star-E019-Law-and-Lawlessness/cap_00-10-55_1274.jpg,Outlaw Star Ep 19: Law and Lawlessness @ 00:10:55,https://animehistory.org/gallery/screencaps/outlaw-star/episode-19/,https://animehistory.org/gallery/screencaps/outlaw-star/episode-19/?page=2,2,2026-10-07T01:50:07.834974+00:00,70e5f08c6358f4dc36bb6db0de1741c734a8c8b8e40893ad1544fd2e3208c4a0,,UNVERIFIED
EP-19,Law and Lawlessness,00:10:59,659,853298,https://animehistory.org/uploads/screencaps/outlaw-star-E019-Law-and-Lawlessness/cap_00-10-59_63c2.jpg,Outlaw Star Ep 19: Law and Lawlessness @ 00:10:59,https://animehistory.org/gallery/screencaps/outlaw-star/episode-19/,https://animehistory.org/gallery/screencaps/outlaw-star/episode-19/?page=2,2,2026-10-07T01:50:07.834974+00:00,70e5f08c6358f4dc36bb6db0de1741c734a8c8b8e40893ad1544fd2e3208c4a0,,UNVERIFIED
EP-19,Law and Lawlessness,00:11:03,663,853299,https://animehistory.org/uploads/screencaps/outlaw-star-E019-Law-and-Lawlessness/cap_00-11-03_5da3.jpg,Outlaw Star Ep 19: Law and Lawlessness @ 00:11:03,https://animehistory.org/gallery/screencaps/outlaw-star/episode-19/,https://animehistory.org/gallery/screencaps/outlaw-star/episode-19/?page=2,2,2026-10-07T01:50:07.834974+00:00,70e5f08c6358f4dc36bb6db0de1741c734a8c8b8e40893ad1544fd2e3208c4a0,,UNVERIFIED
EP-19,Law and Lawlessness,00:11:06,666,853300,https://animehistory.org/uploads/screencaps/outlaw-star-E019-Law-and-Lawlessness/cap_00-11-06_1a89.jpg,Outlaw Star Ep 19: Law and Lawlessness @ 00:11:06,https://animehistory.org/gallery/screencaps/outlaw-star/episode-19/,https://animehistory.org/gallery/screencaps/outlaw-star/episode-19/?page=2,2,2026-10-07T01:50:07.834974+00:00,70e5f08c6358f4dc36bb6db0de1741c734a8c8b8e40893ad1544fd2e3208c4a0,,UNVERIFIED
EP-19,Law and Lawlessness,00:11:10,670,853301,https://animehistory.org/uploads/screencaps/outlaw-star-E019-Law-and-Lawlessness/cap_00-11-10_4e8e.jpg,Outlaw Star Ep 19: Law and Lawlessness @ 00:11:10,https://animehistory.org/gallery/screencaps/outlaw-star/episode-19/,https://animehistory.org/gallery/screencaps/outlaw-star/episode-19/?page=2,2,2026-10-07T01:50:07.834974+00:00,70e5f08c6358f4dc36bb6db0de1741c734a8c8b8e40893ad1544fd2e3208c4a0,,UNVERIFIED
EP-19,Law and Lawlessness,00:11:14,674,853302,https://animehistory.org/uploads/screencaps/outlaw-star-E019-Law-and-Lawlessness/cap_00-11-14_71c1.jpg,Outlaw Star Ep 19: Law and Lawlessness @ 00:11:14,https://animehistory.org/gallery/screencaps/outlaw-star/episode-19/,https://animehistory.org/gallery/screencaps/outlaw-star/episode-19/?page=2,2,2026-10-07T01:50:07.834974+00:00,70e5f08c6358f4dc36bb6db0de1741c734a8c8b8e40893ad1544fd2e3208c4a0,,UNVERIFIED
EP-19,Law and Lawlessness,00:11:17,677,853303,https://animehistory.org/uploads/screencaps/outlaw-star-E019-Law-and-Lawlessness/cap_00-11-17_1392.jpg,Outlaw Star Ep 19: Law and Lawlessness @ 00:11:17,https://animehistory.org/gallery/screencaps/outlaw-star/episode-19/,https://animehistory.org/gallery/screencaps/outlaw-star/episode-19/?page=2,2,2026-10-07T01:50:07.834974+00:00,70e5f08c6358f4dc36bb6db0de1741c734a8c8b8e40893ad1544fd2e3208c4a0,,UNVERIFIED
EP-19,Law and Lawlessness,00:11:21,681,853304,https://animehistory.org/uploads/screencaps/outlaw-star-E019-Law-and-Lawlessness/cap_00-11-21_4ebd.jpg,Outlaw Star Ep 19: Law and Lawlessness @ 00:11:21,https://animehistory.org/gallery/screencaps/outlaw-star/episode-19/,https://animehistory.org/gallery/screencaps/outlaw-star/episode-19/?page=2,2,2026-10-07T01:50:07.834974+00:00,70e5f08c6358f4dc36bb6db0de1741c734a8c8b8e40893ad1544fd2e3208c4a0,,UNVERIFIED
EP-19,Law and Lawlessness,00:11:25,685,853305,https://animehistory.org/uploads/screencaps/outlaw-star-E019-Law-and-Lawlessness/cap_00-11-25_2b63.jpg,Outlaw Star Ep 19: Law and Lawlessness @ 00:11:25,https://animehistory.org/gallery/screencaps/outlaw-star/episode-19/,https://animehistory.org/gallery/screencaps/outlaw-star/episode-19/?page=2,2,2026-10-07T01:50:07.834974+00:00,70e5f08c6358f4dc36bb6db0de1741c734a8c8b8e40893ad1544fd2e3208c4a0,,UNVERIFIED
EP-19,Law and Lawlessness,00:11:28,688,853306,https://animehistory.org/uploads/screencaps/outlaw-star-E019-Law-and-Lawlessness/cap_00-11-28_4ea4.jpg,Outlaw Star Ep 19: Law and Lawlessness @ 00:11:28,https://animehistory.org/gallery/screencaps/outlaw-star/episode-19/,https://animehistory.org/gallery/screencaps/outlaw-star/episode-19/?page=2,2,2026-10-07T01:50:07.834974+00:00,70e5f08c6358f4dc36bb6db0de1741c734a8c8b8e40893ad1544fd2e3208c4a0,,UNVERIFIED
EP-19,Law and Lawlessness,00:11:32,692,853307,https://animehistory.org/uploads/screencaps/outlaw-star-E019-Law-and-Lawlessness/cap_00-11-32_7067.jpg,Outlaw Star Ep 19: Law and Lawlessness @ 00:11:32,https://animehistory.org/gallery/screencaps/outlaw-star/episode-19/,https://animehistory.org/gallery/screencaps/outlaw-star/episode-19/?page=2,2,2026-10-07T01:50:07.834974+00:00,70e5f08c6358f4dc36bb6db0de1741c734a8c8b8e40893ad1544fd2e3208c4a0,,UNVERIFIED
EP-19,Law and Lawlessness,00:11:35,695,853308,https://animehistory.org/uploads/screencaps/outlaw-star-E019-Law-and-Lawlessness/cap_00-11-35_33ff.jpg,Outlaw Star Ep 19: Law and Lawlessness @ 00:11:35,https://animehistory.org/gallery/screencaps/outlaw-star/episode-19/,https://animehistory.org/gallery/screencaps/outlaw-star/episode-19/?page=2,2,2026-10-07T01:50:07.834974+00:00,70e5f08c6358f4dc36bb6db0de1741c734a8c8b8e40893ad1544fd2e3208c4a0,,UNVERIFIED
EP-19,Law and Lawlessness,00:11:39,699,853309,https://animehistory.org/uploads/screencaps/outlaw-star-E019-Law-and-Lawlessness/cap_00-11-39_3d06.jpg,Outlaw Star Ep 19: Law and Lawlessness @ 00:11:39,https://animehistory.org/gallery/screencaps/outlaw-star/episode-19/,https://animehistory.org/gallery/screencaps/outlaw-star/episode-19/?page=2,2,2026-10-07T01:50:07.834974+00:00,70e5f08c6358f4dc36bb6db0de1741c734a8c8b8e40893ad1544fd2e3208c4a0,,UNVERIFIED
EP-19,Law and Lawlessness,00:11:43,703,853310,https://animehistory.org/uploads/screencaps/outlaw-star-E019-Law-and-Lawlessness/cap_00-11-43_1944.jpg,Outlaw Star Ep 19: Law and Lawlessness @ 00:11:43,https://animehistory.org/gallery/screencaps/outlaw-star/episode-19/,https://animehistory.org/gallery/screencaps/outlaw-star/episode-19/?page=2,2,2026-10-07T01:50:07.834974+00:00,70e5f08c6358f4dc36bb6db0de1741c734a8c8b8e40893ad1544fd2e3208c4a0,,UNVERIFIED
EP-19,Law and Lawlessness,00:11:46,706,853311,https://animehistory.org/uploads/screencaps/outlaw-star-E019-Law-and-Lawlessness/cap_00-11-46_20c2.jpg,Outlaw Star Ep 19: Law and Lawlessness @ 00:11:46,https://animehistory.org/gallery/screencaps/outlaw-star/episode-19/,https://animehistory.org/gallery/screencaps/outlaw-star/episode-19/?page=2,2,2026-10-07T01:50:07.834974+00:00,70e5f08c6358f4dc36bb6db0de1741c734a8c8b8e40893ad1544fd2e3208c4a0,,UNVERIFIED
EP-19,Law and Lawlessness,00:11:50,710,853312,https://animehistory.org/uploads/screencaps/outlaw-star-E019-Law-and-Lawlessness/cap_00-11-50_69da.jpg,Outlaw Star Ep 19: Law and Lawlessness @ 00:11:50,https://animehistory.org/gallery/screencaps/outlaw-star/episode-19/,https://animehistory.org/gallery/screencaps/outlaw-star/episode-19/?page=2,2,2026-10-07T01:50:07.834974+00:00,70e5f08c6358f4dc36bb6db0de1741c734a8c8b8e40893ad1544fd2e3208c4a0,,UNVERIFIED
EP-19,Law and Lawlessness,00:11:54,714,853313,https://animehistory.org/uploads/screencaps/outlaw-star-E019-Law-and-Lawlessness/cap_00-11-54_14b9.jpg,Outlaw Star Ep 19: Law and Lawlessness @ 00:11:54,https://animehistory.org/gallery/screencaps/outlaw-star/episode-19/,https://animehistory.org/gallery/screencaps/outlaw-star/episode-19/?page=2,2,2026-10-07T01:50:07.834974+00:00,70e5f08c6358f4dc36bb6db0de1741c734a8c8b8e40893ad1544fd2e3208c4a0,,UNVERIFIED
EP-19,Law and Lawlessness,00:11:57,717,853314,https://animehistory.org/uploads/screencaps/outlaw-star-E019-Law-and-Lawlessness/cap_00-11-57_64dc.jpg,Outlaw Star Ep 19: Law and Lawlessness @ 00:11:57,https://animehistory.org/gallery/screencaps/outlaw-star/episode-19/,https://animehistory.org/gallery/screencaps/outlaw-star/episode-19/?page=2,2,2026-10-07T01:50:07.834974+00:00,70e5f08c6358f4dc36bb6db0de1741c734a8c8b8e40893ad1544fd2e3208c4a0,,UNVERIFIED
EP-19,Law and Lawlessness,00:12:01,721,853315,https://animehistory.org/uploads/screencaps/outlaw-star-E019-Law-and-Lawlessness/cap_00-12-01_7f72.jpg,Outlaw Star Ep 19: Law and Lawlessness @ 00:12:01,https://animehistory.org/gallery/screencaps/outlaw-star/episode-19/,https://animehistory.org/gallery/screencaps/outlaw-star/episode-19/?page=2,2,2026-10-07T01:50:07.834974+00:00,70e5f08c6358f4dc36bb6db0de1741c734a8c8b8e40893ad1544fd2e3208c4a0,,UNVERIFIED
EP-19,Law and Lawlessness,00:12:05,725,853316,https://animehistory.org/uploads/screencaps/outlaw-star-E019-Law-and-Lawlessness/cap_00-12-05_4003.jpg,Outlaw Star Ep 19: Law and Lawlessness @ 00:12:05,https://animehistory.org/gallery/screencaps/outlaw-star/episode-19/,https://animehistory.org/gallery/screencaps/outlaw-star/episode-19/?page=2,2,2026-10-07T01:50:07.834974+00:00,70e5f08c6358f4dc36bb6db0de1741c734a8c8b8e40893ad1544fd2e3208c4a0,,UNVERIFIED
EP-19,Law and Lawlessness,00:12:08,728,853317,https://animehistory.org/uploads/screencaps/outlaw-star-E019-Law-and-Lawlessness/cap_00-12-08_751e.jpg,Outlaw Star Ep 19: Law and Lawlessness @ 00:12:08,https://animehistory.org/gallery/screencaps/outlaw-star/episode-19/,https://animehistory.org/gallery/screencaps/outlaw-star/episode-19/?page=2,2,2026-10-07T01:50:07.834974+00:00,70e5f08c6358f4dc36bb6db0de1741c734a8c8b8e40893ad1544fd2e3208c4a0,,UNVERIFIED
EP-19,Law and Lawlessness,00:12:12,732,853318,https://animehistory.org/uploads/screencaps/outlaw-star-E019-Law-and-Lawlessness/cap_00-12-12_3252.jpg,Outlaw Star Ep 19: Law and Lawlessness @ 00:12:12,https://animehistory.org/gallery/screencaps/outlaw-star/episode-19/,https://animehistory.org/gallery/screencaps/outlaw-star/episode-19/?page=2,2,2026-10-07T01:50:07.834974+00:00,70e5f08c6358f4dc36bb6db0de1741c734a8c8b8e40893ad1544fd2e3208c4a0,,UNVERIFIED
EP-19,Law and Lawlessness,00:12:15,735,853319,https://animehistory.org/uploads/screencaps/outlaw-star-E019-Law-and-Lawlessness/cap_00-12-15_2ea7.jpg,Outlaw Star Ep 19: Law and Lawlessness @ 00:12:15,https://animehistory.org/gallery/screencaps/outlaw-star/episode-19/,https://animehistory.org/gallery/screencaps/outlaw-star/episode-19/?page=2,2,2026-10-07T01:50:07.834974+00:00,70e5f08c6358f4dc36bb6db0de1741c734a8c8b8e40893ad1544fd2e3208c4a0,,UNVERIFIED
EP-19,Law and Lawlessness,00:12:19,739,853320,https://animehistory.org/uploads/screencaps/outlaw-star-E019-Law-and-Lawlessness/cap_00-12-19_2fb8.jpg,Outlaw Star Ep 19: Law and Lawlessness @ 00:12:19,https://animehistory.org/gallery/screencaps/outlaw-star/episode-19/,https://animehistory.org/gallery/screencaps/outlaw-star/episode-19/?page=2,2,2026-10-07T01:50:07.834974+00:00,70e5f08c6358f4dc36bb6db0de1741c734a8c8b8e40893ad1544fd2e3208c4a0,,UNVERIFIED
EP-19,Law and Lawlessness,00:12:23,743,853321,https://animehistory.org/uploads/screencaps/outlaw-star-E019-Law-and-Lawlessness/cap_00-12-23_17c8.jpg,Outlaw Star Ep 19: Law and Lawlessness @ 00:12:23,https://animehistory.org/gallery/screencaps/outlaw-star/episode-19/,https://animehistory.org/gallery/screencaps/outlaw-star/episode-19/?page=2,2,2026-10-07T01:50:07.834974+00:00,70e5f08c6358f4dc36bb6db0de1741c734a8c8b8e40893ad1544fd2e3208c4a0,,UNVERIFIED
EP-19,Law and Lawlessness,00:12:26,746,853322,https://animehistory.org/uploads/screencaps/outlaw-star-E019-Law-and-Lawlessness/cap_00-12-26_710c.jpg,Outlaw Star Ep 19: Law and Lawlessness @ 00:12:26,https://animehistory.org/gallery/screencaps/outlaw-star/episode-19/,https://animehistory.org/gallery/screencaps/outlaw-star/episode-19/?page=2,2,2026-10-07T01:50:07.834974+00:00,70e5f08c6358f4dc36bb6db0de1741c734a8c8b8e40893ad1544fd2e3208c4a0,,UNVERIFIED
EP-19,Law and Lawlessness,00:12:30,750,853323,https://animehistory.org/uploads/screencaps/outlaw-star-E019-Law-and-Lawlessness/cap_00-12-30_68b6.jpg,Outlaw Star Ep 19: Law and Lawlessness @ 00:12:30,https://animehistory.org/gallery/screencaps/outlaw-star/episode-19/,https://animehistory.org/gallery/screencaps/outlaw-star/episode-19/?page=2,2,2026-10-07T01:50:07.834974+00:00,70e5f08c6358f4dc36bb6db0de1741c734a8c8b8e40893ad1544fd2e3208c4a0,,UNVERIFIED
EP-19,Law and Lawlessness,00:12:34,754,853324,https://animehistory.org/uploads/screencaps/outlaw-star-E019-Law-and-Lawlessness/cap_00-12-34_4970.jpg,Outlaw Star Ep 19: Law and Lawlessness @ 00:12:34,https://animehistory.org/gallery/screencaps/outlaw-star/episode-19/,https://animehistory.org/gallery/screencaps/outlaw-star/episode-19/?page=2,2,2026-10-07T01:50:07.834974+00:00,70e5f08c6358f4dc36bb6db0de1741c734a8c8b8e40893ad1544fd2e3208c4a0,,UNVERIFIED
EP-19,Law and Lawlessness,00:12:37,757,853325,https://animehistory.org/uploads/screencaps/outlaw-star-E019-Law-and-Lawlessness/cap_00-12-37_6a9d.jpg,Outlaw Star Ep 19: Law and Lawlessness @ 00:12:37,https://animehistory.org/gallery/screencaps/outlaw-star/episode-19/,https://animehistory.org/gallery/screencaps/outlaw-star/episode-19/?page=2,2,2026-10-07T01:50:07.834974+00:00,70e5f08c6358f4dc36bb6db0de1741c734a8c8b8e40893ad1544fd2e3208c4a0,,UNVERIFIED
EP-19,Law and Lawlessness,00:12:41,761,853326,https://animehistory.org/uploads/screencaps/outlaw-star-E019-Law-and-Lawlessness/cap_00-12-41_1d50.jpg,Outlaw Star Ep 19: Law and Lawlessness @ 00:12:41,https://animehistory.org/gallery/screencaps/outlaw-star/episode-19/,https://animehistory.org/gallery/screencaps/outlaw-star/episode-19/?page=2,2,2026-10-07T01:50:07.834974+00:00,70e5f08c6358f4dc36bb6db0de1741c734a8c8b8e40893ad1544fd2e3208c4a0,,UNVERIFIED
EP-19,Law and Lawlessness,00:12:44,764,853327,https://animehistory.org/uploads/screencaps/outlaw-star-E019-Law-and-Lawlessness/cap_00-12-44_0826.jpg,Outlaw Star Ep 19: Law and Lawlessness @ 00:12:44,https://animehistory.org/gallery/screencaps/outlaw-star/episode-19/,https://animehistory.org/gallery/screencaps/outlaw-star/episode-19/?page=2,2,2026-10-07T01:50:07.834974+00:00,70e5f08c6358f4dc36bb6db0de1741c734a8c8b8e40893ad1544fd2e3208c4a0,,UNVERIFIED
EP-19,Law and Lawlessness,00:12:48,768,853328,https://animehistory.org/uploads/screencaps/outlaw-star-E019-Law-and-Lawlessness/cap_00-12-48_67f0.jpg,Outlaw Star Ep 19: Law and Lawlessness @ 00:12:48,https://animehistory.org/gallery/screencaps/outlaw-star/episode-19/,https://animehistory.org/gallery/screencaps/outlaw-star/episode-19/?page=2,2,2026-10-07T01:50:07.834974+00:00,70e5f08c6358f4dc36bb6db0de1741c734a8c8b8e40893ad1544fd2e3208c4a0,,UNVERIFIED
EP-19,Law and Lawlessness,00:12:52,772,853329,https://animehistory.org/uploads/screencaps/outlaw-star-E019-Law-and-Lawlessness/cap_00-12-52_4aea.jpg,Outlaw Star Ep 19: Law and Lawlessness @ 00:12:52,https://animehistory.org/gallery/screencaps/outlaw-star/episode-19/,https://animehistory.org/gallery/screencaps/outlaw-star/episode-19/?page=2,2,2026-10-07T01:50:07.834974+00:00,70e5f08c6358f4dc36bb6db0de1741c734a8c8b8e40893ad1544fd2e3208c4a0,,UNVERIFIED
EP-19,Law and Lawlessness,00:12:55,775,853330,https://animehistory.org/uploads/screencaps/outlaw-star-E019-Law-and-Lawlessness/cap_00-12-55_56df.jpg,Outlaw Star Ep 19: Law and Lawlessness @ 00:12:55,https://animehistory.org/gallery/screencaps/outlaw-star/episode-19/,https://animehistory.org/gallery/screencaps/outlaw-star/episode-19/?page=2,2,2026-10-07T01:50:07.834974+00:00,70e5f08c6358f4dc36bb6db0de1741c734a8c8b8e40893ad1544fd2e3208c4a0,,UNVERIFIED
EP-19,Law and Lawlessness,00:12:59,779,853331,https://animehistory.org/uploads/screencaps/outlaw-star-E019-Law-and-Lawlessness/cap_00-12-59_3bbb.jpg,Outlaw Star Ep 19: Law and Lawlessness @ 00:12:59,https://animehistory.org/gallery/screencaps/outlaw-star/episode-19/,https://animehistory.org/gallery/screencaps/outlaw-star/episode-19/?page=2,2,2026-10-07T01:50:07.834974+00:00,70e5f08c6358f4dc36bb6db0de1741c734a8c8b8e40893ad1544fd2e3208c4a0,,UNVERIFIED
EP-19,Law and Lawlessness,00:13:03,783,853332,https://animehistory.org/uploads/screencaps/outlaw-star-E019-Law-and-Lawlessness/cap_00-13-03_66da.jpg,Outlaw Star Ep 19: Law and Lawlessness @ 00:13:03,https://animehistory.org/gallery/screencaps/outlaw-star/episode-19/,https://animehistory.org/gallery/screencaps/outlaw-star/episode-19/?page=2,2,2026-10-07T01:50:07.834974+00:00,70e5f08c6358f4dc36bb6db0de1741c734a8c8b8e40893ad1544fd2e3208c4a0,,UNVERIFIED
EP-19,Law and Lawlessness,00:13:06,786,853333,https://animehistory.org/uploads/screencaps/outlaw-star-E019-Law-and-Lawlessness/cap_00-13-06_0386.jpg,Outlaw Star Ep 19: Law and Lawlessness @ 00:13:06,https://animehistory.org/gallery/screencaps/outlaw-star/episode-19/,https://animehistory.org/gallery/screencaps/outlaw-star/episode-19/?page=2,2,2026-10-07T01:50:07.834974+00:00,70e5f08c6358f4dc36bb6db0de1741c734a8c8b8e40893ad1544fd2e3208c4a0,,UNVERIFIED
EP-19,Law and Lawlessness,00:13:10,790,853334,https://animehistory.org/uploads/screencaps/outlaw-star-E019-Law-and-Lawlessness/cap_00-13-10_6787.jpg,Outlaw Star Ep 19: Law and Lawlessness @ 00:13:10,https://animehistory.org/gallery/screencaps/outlaw-star/episode-19/,https://animehistory.org/gallery/screencaps/outlaw-star/episode-19/?page=2,2,2026-10-07T01:50:07.834974+00:00,70e5f08c6358f4dc36bb6db0de1741c734a8c8b8e40893ad1544fd2e3208c4a0,,UNVERIFIED
EP-19,Law and Lawlessness,00:13:14,794,853335,https://animehistory.org/uploads/screencaps/outlaw-star-E019-Law-and-Lawlessness/cap_00-13-14_3122.jpg,Outlaw Star Ep 19: Law and Lawlessness @ 00:13:14,https://animehistory.org/gallery/screencaps/outlaw-star/episode-19/,https://animehistory.org/gallery/screencaps/outlaw-star/episode-19/?page=2,2,2026-10-07T01:50:07.834974+00:00,70e5f08c6358f4dc36bb6db0de1741c734a8c8b8e40893ad1544fd2e3208c4a0,,UNVERIFIED
EP-19,Law and Lawlessness,00:13:17,797,853336,https://animehistory.org/uploads/screencaps/outlaw-star-E019-Law-and-Lawlessness/cap_00-13-17_1e44.jpg,Outlaw Star Ep 19: Law and Lawlessness @ 00:13:17,https://animehistory.org/gallery/screencaps/outlaw-star/episode-19/,https://animehistory.org/gallery/screencaps/outlaw-star/episode-19/?page=2,2,2026-10-07T01:50:07.834974+00:00,70e5f08c6358f4dc36bb6db0de1741c734a8c8b8e40893ad1544fd2e3208c4a0,,UNVERIFIED
EP-19,Law and Lawlessness,00:13:21,801,853337,https://animehistory.org/uploads/screencaps/outlaw-star-E019-Law-and-Lawlessness/cap_00-13-21_4c48.jpg,Outlaw Star Ep 19: Law and Lawlessness @ 00:13:21,https://animehistory.org/gallery/screencaps/outlaw-star/episode-19/,https://animehistory.org/gallery/screencaps/outlaw-star/episode-19/?page=2,2,2026-10-07T01:50:07.834974+00:00,70e5f08c6358f4dc36bb6db0de1741c734a8c8b8e40893ad1544fd2e3208c4a0,,UNVERIFIED
EP-19,Law and Lawlessness,00:13:24,804,853338,https://animehistory.org/uploads/screencaps/outlaw-star-E019-Law-and-Lawlessness/cap_00-13-24_09be.jpg,Outlaw Star Ep 19: Law and Lawlessness @ 00:13:24,https://animehistory.org/gallery/screencaps/outlaw-star/episode-19/,https://animehistory.org/gallery/screencaps/outlaw-star/episode-19/?page=2,2,2026-10-07T01:50:07.834974+00:00,70e5f08c6358f4dc36bb6db0de1741c734a8c8b8e40893ad1544fd2e3208c4a0,,UNVERIFIED
EP-19,Law and Lawlessness,00:13:28,808,853339,https://animehistory.org/uploads/screencaps/outlaw-star-E019-Law-and-Lawlessness/cap_00-13-28_1427.jpg,Outlaw Star Ep 19: Law and Lawlessness @ 00:13:28,https://animehistory.org/gallery/screencaps/outlaw-star/episode-19/,https://animehistory.org/gallery/screencaps/outlaw-star/episode-19/?page=2,2,2026-10-07T01:50:07.834974+00:00,70e5f08c6358f4dc36bb6db0de1741c734a8c8b8e40893ad1544fd2e3208c4a0,,UNVERIFIED
EP-19,Law and Lawlessness,00:13:32,812,853340,https://animehistory.org/uploads/screencaps/outlaw-star-E019-Law-and-Lawlessness/cap_00-13-32_57e3.jpg,Outlaw Star Ep 19: Law and Lawlessness @ 00:13:32,https://animehistory.org/gallery/screencaps/outlaw-star/episode-19/,https://animehistory.org/gallery/screencaps/outlaw-star/episode-19/?page=2,2,2026-10-07T01:50:07.834974+00:00,70e5f08c6358f4dc36bb6db0de1741c734a8c8b8e40893ad1544fd2e3208c4a0,,UNVERIFIED
EP-19,Law and Lawlessness,00:13:35,815,853341,https://animehistory.org/uploads/screencaps/outlaw-star-E019-Law-and-Lawlessness/cap_00-13-35_6782.jpg,Outlaw Star Ep 19: Law and Lawlessness @ 00:13:35,https://animehistory.org/gallery/screencaps/outlaw-star/episode-19/,https://animehistory.org/gallery/screencaps/outlaw-star/episode-19/?page=2,2,2026-10-07T01:50:07.834974+00:00,70e5f08c6358f4dc36bb6db0de1741c734a8c8b8e40893ad1544fd2e3208c4a0,,UNVERIFIED
EP-19,Law and Lawlessness,00:13:39,819,853342,https://animehistory.org/uploads/screencaps/outlaw-star-E019-Law-and-Lawlessness/cap_00-13-39_7f65.jpg,Outlaw Star Ep 19: Law and Lawlessness @ 00:13:39,https://animehistory.org/gallery/screencaps/outlaw-star/episode-19/,https://animehistory.org/gallery/screencaps/outlaw-star/episode-19/?page=2,2,2026-10-07T01:50:07.834974+00:00,70e5f08c6358f4dc36bb6db0de1741c734a8c8b8e40893ad1544fd2e3208c4a0,,UNVERIFIED
EP-19,Law and Lawlessness,00:13:43,823,853343,https://animehistory.org/uploads/screencaps/outlaw-star-E019-Law-and-Lawlessness/cap_00-13-43_0322.jpg,Outlaw Star Ep 19: Law and Lawlessness @ 00:13:43,https://animehistory.org/gallery/screencaps/outlaw-star/episode-19/,https://animehistory.org/gallery/screencaps/outlaw-star/episode-19/?page=2,2,2026-10-07T01:50:07.834974+00:00,70e5f08c6358f4dc36bb6db0de1741c734a8c8b8e40893ad1544fd2e3208c4a0,,UNVERIFIED
EP-19,Law and Lawlessness,00:13:46,826,853344,https://animehistory.org/uploads/screencaps/outlaw-star-E019-Law-and-Lawlessness/cap_00-13-46_3cd8.jpg,Outlaw Star Ep 19: Law and Lawlessness @ 00:13:46,https://animehistory.org/gallery/screencaps/outlaw-star/episode-19/,https://animehistory.org/gallery/screencaps/outlaw-star/episode-19/?page=2,2,2026-10-07T01:50:07.834974+00:00,70e5f08c6358f4dc36bb6db0de1741c734a8c8b8e40893ad1544fd2e3208c4a0,,UNVERIFIED
EP-19,Law and Lawlessness,00:13:50,830,853345,https://animehistory.org/uploads/screencaps/outlaw-star-E019-Law-and-Lawlessness/cap_00-13-50_6923.jpg,Outlaw Star Ep 19: Law and Lawlessness @ 00:13:50,https://animehistory.org/gallery/screencaps/outlaw-star/episode-19/,https://animehistory.org/gallery/screencaps/outlaw-star/episode-19/?page=3,3,2026-10-07T01:50:09.160075+00:00,6af105486ea5b31012b8205b865e2312e2d665d3eb424fc76b24f3d9ab2f0fe9,,UNVERIFIED
EP-19,Law and Lawlessness,00:13:54,834,853346,https://animehistory.org/uploads/screencaps/outlaw-star-E019-Law-and-Lawlessness/cap_00-13-54_77de.jpg,Outlaw Star Ep 19: Law and Lawlessness @ 00:13:54,https://animehistory.org/gallery/screencaps/outlaw-star/episode-19/,https://animehistory.org/gallery/screencaps/outlaw-star/episode-19/?page=3,3,2026-10-07T01:50:09.160075+00:00,6af105486ea5b31012b8205b865e2312e2d665d3eb424fc76b24f3d9ab2f0fe9,,UNVERIFIED
EP-19,Law and Lawlessness,00:13:57,837,853347,https://animehistory.org/uploads/screencaps/outlaw-star-E019-Law-and-Lawlessness/cap_00-13-57_3f75.jpg,Outlaw Star Ep 19: Law and Lawlessness @ 00:13:57,https://animehistory.org/gallery/screencaps/outlaw-star/episode-19/,https://animehistory.org/gallery/screencaps/outlaw-star/episode-19/?page=3,3,2026-10-07T01:50:09.160075+00:00,6af105486ea5b31012b8205b865e2312e2d665d3eb424fc76b24f3d9ab2f0fe9,,UNVERIFIED
EP-19,Law and Lawlessness,00:14:01,841,853348,https://animehistory.org/uploads/screencaps/outlaw-star-E019-Law-and-Lawlessness/cap_00-14-01_0b26.jpg,Outlaw Star Ep 19: Law and Lawlessness @ 00:14:01,https://animehistory.org/gallery/screencaps/outlaw-star/episode-19/,https://animehistory.org/gallery/screencaps/outlaw-star/episode-19/?page=3,3,2026-10-07T01:50:09.160075+00:00,6af105486ea5b31012b8205b865e2312e2d665d3eb424fc76b24f3d9ab2f0fe9,,UNVERIFIED
EP-19,Law and Lawlessness,00:14:04,844,853349,https://animehistory.org/uploads/screencaps/outlaw-star-E019-Law-and-Lawlessness/cap_00-14-04_2566.jpg,Outlaw Star Ep 19: Law and Lawlessness @ 00:14:04,https://animehistory.org/gallery/screencaps/outlaw-star/episode-19/,https://animehistory.org/gallery/screencaps/outlaw-star/episode-19/?page=3,3,2026-10-07T01:50:09.160075+00:00,6af105486ea5b31012b8205b865e2312e2d665d3eb424fc76b24f3d9ab2f0fe9,,UNVERIFIED
EP-19,Law and Lawlessness,00:14:08,848,853350,https://animehistory.org/uploads/screencaps/outlaw-star-E019-Law-and-Lawlessness/cap_00-14-08_2e65.jpg,Outlaw Star Ep 19: Law and Lawlessness @ 00:14:08,https://animehistory.org/gallery/screencaps/outlaw-star/episode-19/,https://animehistory.org/gallery/screencaps/outlaw-star/episode-19/?page=3,3,2026-10-07T01:50:09.160075+00:00,6af105486ea5b31012b8205b865e2312e2d665d3eb424fc76b24f3d9ab2f0fe9,,UNVERIFIED
EP-19,Law and Lawlessness,00:14:12,852,853351,https://animehistory.org/uploads/screencaps/outlaw-star-E019-Law-and-Lawlessness/cap_00-14-12_5674.jpg,Outlaw Star Ep 19: Law and Lawlessness @ 00:14:12,https://animehistory.org/gallery/screencaps/outlaw-star/episode-19/,https://animehistory.org/gallery/screencaps/outlaw-star/episode-19/?page=3,3,2026-10-07T01:50:09.160075+00:00,6af105486ea5b31012b8205b865e2312e2d665d3eb424fc76b24f3d9ab2f0fe9,,UNVERIFIED
EP-19,Law and Lawlessness,00:14:15,855,853352,https://animehistory.org/uploads/screencaps/outlaw-star-E019-Law-and-Lawlessness/cap_00-14-15_3b37.jpg,Outlaw Star Ep 19: Law and Lawlessness @ 00:14:15,https://animehistory.org/gallery/screencaps/outlaw-star/episode-19/,https://animehistory.org/gallery/screencaps/outlaw-star/episode-19/?page=3,3,2026-10-07T01:50:09.160075+00:00,6af105486ea5b31012b8205b865e2312e2d665d3eb424fc76b24f3d9ab2f0fe9,,UNVERIFIED
EP-19,Law and Lawlessness,00:14:19,859,853353,https://animehistory.org/uploads/screencaps/outlaw-star-E019-Law-and-Lawlessness/cap_00-14-19_5f92.jpg,Outlaw Star Ep 19: Law and Lawlessness @ 00:14:19,https://animehistory.org/gallery/screencaps/outlaw-star/episode-19/,https://animehistory.org/gallery/screencaps/outlaw-star/episode-19/?page=3,3,2026-10-07T01:50:09.160075+00:00,6af105486ea5b31012b8205b865e2312e2d665d3eb424fc76b24f3d9ab2f0fe9,,UNVERIFIED
EP-19,Law and Lawlessness,00:14:23,863,853354,https://animehistory.org/uploads/screencaps/outlaw-star-E019-Law-and-Lawlessness/cap_00-14-23_6eed.jpg,Outlaw Star Ep 19: Law and Lawlessness @ 00:14:23,https://animehistory.org/gallery/screencaps/outlaw-star/episode-19/,https://animehistory.org/gallery/screencaps/outlaw-star/episode-19/?page=3,3,2026-10-07T01:50:09.160075+00:00,6af105486ea5b31012b8205b865e2312e2d665d3eb424fc76b24f3d9ab2f0fe9,,UNVERIFIED
EP-19,Law and Lawlessness,00:14:26,866,853355,https://animehistory.org/uploads/screencaps/outlaw-star-E019-Law-and-Lawlessness/cap_00-14-26_1373.jpg,Outlaw Star Ep 19: Law and Lawlessness @ 00:14:26,https://animehistory.org/gallery/screencaps/outlaw-star/episode-19/,https://animehistory.org/gallery/screencaps/outlaw-star/episode-19/?page=3,3,2026-10-07T01:50:09.160075+00:00,6af105486ea5b31012b8205b865e2312e2d665d3eb424fc76b24f3d9ab2f0fe9,,UNVERIFIED
EP-19,Law and Lawlessness,00:14:30,870,853356,https://animehistory.org/uploads/screencaps/outlaw-star-E019-Law-and-Lawlessness/cap_00-14-30_31a5.jpg,Outlaw Star Ep 19: Law and Lawlessness @ 00:14:30,https://animehistory.org/gallery/screencaps/outlaw-star/episode-19/,https://animehistory.org/gallery/screencaps/outlaw-star/episode-19/?page=3,3,2026-10-07T01:50:09.160075+00:00,6af105486ea5b31012b8205b865e2312e2d665d3eb424fc76b24f3d9ab2f0fe9,,UNVERIFIED
EP-19,Law and Lawlessness,00:14:34,874,853357,https://animehistory.org/uploads/screencaps/outlaw-star-E019-Law-and-Lawlessness/cap_00-14-34_76ab.jpg,Outlaw Star Ep 19: Law and Lawlessness @ 00:14:34,https://animehistory.org/gallery/screencaps/outlaw-star/episode-19/,https://animehistory.org/gallery/screencaps/outlaw-star/episode-19/?page=3,3,2026-10-07T01:50:09.160075+00:00,6af105486ea5b31012b8205b865e2312e2d665d3eb424fc76b24f3d9ab2f0fe9,,UNVERIFIED
EP-19,Law and Lawlessness,00:14:37,877,853358,https://animehistory.org/uploads/screencaps/outlaw-star-E019-Law-and-Lawlessness/cap_00-14-37_42ca.jpg,Outlaw Star Ep 19: Law and Lawlessness @ 00:14:37,https://animehistory.org/gallery/screencaps/outlaw-star/episode-19/,https://animehistory.org/gallery/screencaps/outlaw-star/episode-19/?page=3,3,2026-10-07T01:50:09.160075+00:00,6af105486ea5b31012b8205b865e2312e2d665d3eb424fc76b24f3d9ab2f0fe9,,UNVERIFIED
EP-19,Law and Lawlessness,00:14:41,881,853359,https://animehistory.org/uploads/screencaps/outlaw-star-E019-Law-and-Lawlessness/cap_00-14-41_3405.jpg,Outlaw Star Ep 19: Law and Lawlessness @ 00:14:41,https://animehistory.org/gallery/screencaps/outlaw-star/episode-19/,https://animehistory.org/gallery/screencaps/outlaw-star/episode-19/?page=3,3,2026-10-07T01:50:09.160075+00:00,6af105486ea5b31012b8205b865e2312e2d665d3eb424fc76b24f3d9ab2f0fe9,,UNVERIFIED
EP-19,Law and Lawlessness,00:14:44,884,853360,https://animehistory.org/uploads/screencaps/outlaw-star-E019-Law-and-Lawlessness/cap_00-14-44_55a9.jpg,Outlaw Star Ep 19: Law and Lawlessness @ 00:14:44,https://animehistory.org/gallery/screencaps/outlaw-star/episode-19/,https://animehistory.org/gallery/screencaps/outlaw-star/episode-19/?page=3,3,2026-10-07T01:50:09.160075+00:00,6af105486ea5b31012b8205b865e2312e2d665d3eb424fc76b24f3d9ab2f0fe9,,UNVERIFIED
EP-19,Law and Lawlessness,00:14:48,888,853361,https://animehistory.org/uploads/screencaps/outlaw-star-E019-Law-and-Lawlessness/cap_00-14-48_5ab1.jpg,Outlaw Star Ep 19: Law and Lawlessness @ 00:14:48,https://animehistory.org/gallery/screencaps/outlaw-star/episode-19/,https://animehistory.org/gallery/screencaps/outlaw-star/episode-19/?page=3,3,2026-10-07T01:50:09.160075+00:00,6af105486ea5b31012b8205b865e2312e2d665d3eb424fc76b24f3d9ab2f0fe9,,UNVERIFIED
EP-19,Law and Lawlessness,00:14:52,892,853362,https://animehistory.org/uploads/screencaps/outlaw-star-E019-Law-and-Lawlessness/cap_00-14-52_1b3a.jpg,Outlaw Star Ep 19: Law and Lawlessness @ 00:14:52,https://animehistory.org/gallery/screencaps/outlaw-star/episode-19/,https://animehistory.org/gallery/screencaps/outlaw-star/episode-19/?page=3,3,2026-10-07T01:50:09.160075+00:00,6af105486ea5b31012b8205b865e2312e2d665d3eb424fc76b24f3d9ab2f0fe9,,UNVERIFIED
EP-19,Law and Lawlessness,00:14:55,895,853363,https://animehistory.org/uploads/screencaps/outlaw-star-E019-Law-and-Lawlessness/cap_00-14-55_4fa8.jpg,Outlaw Star Ep 19: Law and Lawlessness @ 00:14:55,https://animehistory.org/gallery/screencaps/outlaw-star/episode-19/,https://animehistory.org/gallery/screencaps/outlaw-star/episode-19/?page=3,3,2026-10-07T01:50:09.160075+00:00,6af105486ea5b31012b8205b865e2312e2d665d3eb424fc76b24f3d9ab2f0fe9,,UNVERIFIED
EP-19,Law and Lawlessness,00:14:59,899,853364,https://animehistory.org/uploads/screencaps/outlaw-star-E019-Law-and-Lawlessness/cap_00-14-59_2466.jpg,Outlaw Star Ep 19: Law and Lawlessness @ 00:14:59,https://animehistory.org/gallery/screencaps/outlaw-star/episode-19/,https://animehistory.org/gallery/screencaps/outlaw-star/episode-19/?page=3,3,2026-10-07T01:50:09.160075+00:00,6af105486ea5b31012b8205b865e2312e2d665d3eb424fc76b24f3d9ab2f0fe9,,UNVERIFIED
EP-19,Law and Lawlessness,00:15:03,903,853365,https://animehistory.org/uploads/screencaps/outlaw-star-E019-Law-and-Lawlessness/cap_00-15-03_64b6.jpg,Outlaw Star Ep 19: Law and Lawlessness @ 00:15:03,https://animehistory.org/gallery/screencaps/outlaw-star/episode-19/,https://animehistory.org/gallery/screencaps/outlaw-star/episode-19/?page=3,3,2026-10-07T01:50:09.160075+00:00,6af105486ea5b31012b8205b865e2312e2d665d3eb424fc76b24f3d9ab2f0fe9,,UNVERIFIED
EP-19,Law and Lawlessness,00:15:06,906,853366,https://animehistory.org/uploads/screencaps/outlaw-star-E019-Law-and-Lawlessness/cap_00-15-06_6ef4.jpg,Outlaw Star Ep 19: Law and Lawlessness @ 00:15:06,https://animehistory.org/gallery/screencaps/outlaw-star/episode-19/,https://animehistory.org/gallery/screencaps/outlaw-star/episode-19/?page=3,3,2026-10-07T01:50:09.160075+00:00,6af105486ea5b31012b8205b865e2312e2d665d3eb424fc76b24f3d9ab2f0fe9,,UNVERIFIED
EP-19,Law and Lawlessness,00:15:10,910,853367,https://animehistory.org/uploads/screencaps/outlaw-star-E019-Law-and-Lawlessness/cap_00-15-10_3a2b.jpg,Outlaw Star Ep 19: Law and Lawlessness @ 00:15:10,https://animehistory.org/gallery/screencaps/outlaw-star/episode-19/,https://animehistory.org/gallery/screencaps/outlaw-star/episode-19/?page=3,3,2026-10-07T01:50:09.160075+00:00,6af105486ea5b31012b8205b865e2312e2d665d3eb424fc76b24f3d9ab2f0fe9,,UNVERIFIED
EP-19,Law and Lawlessness,00:15:13,913,853368,https://animehistory.org/uploads/screencaps/outlaw-star-E019-Law-and-Lawlessness/cap_00-15-13_2160.jpg,Outlaw Star Ep 19: Law and Lawlessness @ 00:15:13,https://animehistory.org/gallery/screencaps/outlaw-star/episode-19/,https://animehistory.org/gallery/screencaps/outlaw-star/episode-19/?page=3,3,2026-10-07T01:50:09.160075+00:00,6af105486ea5b31012b8205b865e2312e2d665d3eb424fc76b24f3d9ab2f0fe9,,UNVERIFIED
EP-19,Law and Lawlessness,00:15:17,917,853369,https://animehistory.org/uploads/screencaps/outlaw-star-E019-Law-and-Lawlessness/cap_00-15-17_320d.jpg,Outlaw Star Ep 19: Law and Lawlessness @ 00:15:17,https://animehistory.org/gallery/screencaps/outlaw-star/episode-19/,https://animehistory.org/gallery/screencaps/outlaw-star/episode-19/?page=3,3,2026-10-07T01:50:09.160075+00:00,6af105486ea5b31012b8205b865e2312e2d665d3eb424fc76b24f3d9ab2f0fe9,,UNVERIFIED
EP-19,Law and Lawlessness,00:15:21,921,853370,https://animehistory.org/uploads/screencaps/outlaw-star-E019-Law-and-Lawlessness/cap_00-15-21_06d8.jpg,Outlaw Star Ep 19: Law and Lawlessness @ 00:15:21,https://animehistory.org/gallery/screencaps/outlaw-star/episode-19/,https://animehistory.org/gallery/screencaps/outlaw-star/episode-19/?page=3,3,2026-10-07T01:50:09.160075+00:00,6af105486ea5b31012b8205b865e2312e2d665d3eb424fc76b24f3d9ab2f0fe9,,UNVERIFIED
EP-19,Law and Lawlessness,00:15:24,924,853371,https://animehistory.org/uploads/screencaps/outlaw-star-E019-Law-and-Lawlessness/cap_00-15-24_6afb.jpg,Outlaw Star Ep 19: Law and Lawlessness @ 00:15:24,https://animehistory.org/gallery/screencaps/outlaw-star/episode-19/,https://animehistory.org/gallery/screencaps/outlaw-star/episode-19/?page=3,3,2026-10-07T01:50:09.160075+00:00,6af105486ea5b31012b8205b865e2312e2d665d3eb424fc76b24f3d9ab2f0fe9,,UNVERIFIED
EP-19,Law and Lawlessness,00:15:28,928,853372,https://animehistory.org/uploads/screencaps/outlaw-star-E019-Law-and-Lawlessness/cap_00-15-28_5584.jpg,Outlaw Star Ep 19: Law and Lawlessness @ 00:15:28,https://animehistory.org/gallery/screencaps/outlaw-star/episode-19/,https://animehistory.org/gallery/screencaps/outlaw-star/episode-19/?page=3,3,2026-10-07T01:50:09.160075+00:00,6af105486ea5b31012b8205b865e2312e2d665d3eb424fc76b24f3d9ab2f0fe9,,UNVERIFIED
EP-19,Law and Lawlessness,00:15:32,932,853373,https://animehistory.org/uploads/screencaps/outlaw-star-E019-Law-and-Lawlessness/cap_00-15-32_517c.jpg,Outlaw Star Ep 19: Law and Lawlessness @ 00:15:32,https://animehistory.org/gallery/screencaps/outlaw-star/episode-19/,https://animehistory.org/gallery/screencaps/outlaw-star/episode-19/?page=3,3,2026-10-07T01:50:09.160075+00:00,6af105486ea5b31012b8205b865e2312e2d665d3eb424fc76b24f3d9ab2f0fe9,,UNVERIFIED
EP-19,Law and Lawlessness,00:15:35,935,853374,https://animehistory.org/uploads/screencaps/outlaw-star-E019-Law-and-Lawlessness/cap_00-15-35_1a1a.jpg,Outlaw Star Ep 19: Law and Lawlessness @ 00:15:35,https://animehistory.org/gallery/screencaps/outlaw-star/episode-19/,https://animehistory.org/gallery/screencaps/outlaw-star/episode-19/?page=3,3,2026-10-07T01:50:09.160075+00:00,6af105486ea5b31012b8205b865e2312e2d665d3eb424fc76b24f3d9ab2f0fe9,,UNVERIFIED
EP-19,Law and Lawlessness,00:15:39,939,853375,https://animehistory.org/uploads/screencaps/outlaw-star-E019-Law-and-Lawlessness/cap_00-15-39_324b.jpg,Outlaw Star Ep 19: Law and Lawlessness @ 00:15:39,https://animehistory.org/gallery/screencaps/outlaw-star/episode-19/,https://animehistory.org/gallery/screencaps/outlaw-star/episode-19/?page=3,3,2026-10-07T01:50:09.160075+00:00,6af105486ea5b31012b8205b865e2312e2d665d3eb424fc76b24f3d9ab2f0fe9,,UNVERIFIED
EP-19,Law and Lawlessness,00:15:43,943,853376,https://animehistory.org/uploads/screencaps/outlaw-star-E019-Law-and-Lawlessness/cap_00-15-43_224d.jpg,Outlaw Star Ep 19: Law and Lawlessness @ 00:15:43,https://animehistory.org/gallery/screencaps/outlaw-star/episode-19/,https://animehistory.org/gallery/screencaps/outlaw-star/episode-19/?page=3,3,2026-10-07T01:50:09.160075+00:00,6af105486ea5b31012b8205b865e2312e2d665d3eb424fc76b24f3d9ab2f0fe9,,UNVERIFIED
EP-19,Law and Lawlessness,00:15:46,946,853377,https://animehistory.org/uploads/screencaps/outlaw-star-E019-Law-and-Lawlessness/cap_00-15-46_4b64.jpg,Outlaw Star Ep 19: Law and Lawlessness @ 00:15:46,https://animehistory.org/gallery/screencaps/outlaw-star/episode-19/,https://animehistory.org/gallery/screencaps/outlaw-star/episode-19/?page=3,3,2026-10-07T01:50:09.160075+00:00,6af105486ea5b31012b8205b865e2312e2d665d3eb424fc76b24f3d9ab2f0fe9,,UNVERIFIED
EP-19,Law and Lawlessness,00:15:50,950,853378,https://animehistory.org/uploads/screencaps/outlaw-star-E019-Law-and-Lawlessness/cap_00-15-50_6884.jpg,Outlaw Star Ep 19: Law and Lawlessness @ 00:15:50,https://animehistory.org/gallery/screencaps/outlaw-star/episode-19/,https://animehistory.org/gallery/screencaps/outlaw-star/episode-19/?page=3,3,2026-10-07T01:50:09.160075+00:00,6af105486ea5b31012b8205b865e2312e2d665d3eb424fc76b24f3d9ab2f0fe9,,UNVERIFIED
EP-19,Law and Lawlessness,00:15:53,953,853379,https://animehistory.org/uploads/screencaps/outlaw-star-E019-Law-and-Lawlessness/cap_00-15-53_01f7.jpg,Outlaw Star Ep 19: Law and Lawlessness @ 00:15:53,https://animehistory.org/gallery/screencaps/outlaw-star/episode-19/,https://animehistory.org/gallery/screencaps/outlaw-star/episode-19/?page=3,3,2026-10-07T01:50:09.160075+00:00,6af105486ea5b31012b8205b865e2312e2d665d3eb424fc76b24f3d9ab2f0fe9,,UNVERIFIED
EP-19,Law and Lawlessness,00:15:57,957,853380,https://animehistory.org/uploads/screencaps/outlaw-star-E019-Law-and-Lawlessness/cap_00-15-57_0848.jpg,Outlaw Star Ep 19: Law and Lawlessness @ 00:15:57,https://animehistory.org/gallery/screencaps/outlaw-star/episode-19/,https://animehistory.org/gallery/screencaps/outlaw-star/episode-19/?page=3,3,2026-10-07T01:50:09.160075+00:00,6af105486ea5b31012b8205b865e2312e2d665d3eb424fc76b24f3d9ab2f0fe9,,UNVERIFIED
EP-19,Law and Lawlessness,00:16:01,961,853381,https://animehistory.org/uploads/screencaps/outlaw-star-E019-Law-and-Lawlessness/cap_00-16-01_451f.jpg,Outlaw Star Ep 19: Law and Lawlessness @ 00:16:01,https://animehistory.org/gallery/screencaps/outlaw-star/episode-19/,https://animehistory.org/gallery/screencaps/outlaw-star/episode-19/?page=3,3,2026-10-07T01:50:09.160075+00:00,6af105486ea5b31012b8205b865e2312e2d665d3eb424fc76b24f3d9ab2f0fe9,,UNVERIFIED
EP-19,Law and Lawlessness,00:16:04,964,853382,https://animehistory.org/uploads/screencaps/outlaw-star-E019-Law-and-Lawlessness/cap_00-16-04_75bc.jpg,Outlaw Star Ep 19: Law and Lawlessness @ 00:16:04,https://animehistory.org/gallery/screencaps/outlaw-star/episode-19/,https://animehistory.org/gallery/screencaps/outlaw-star/episode-19/?page=3,3,2026-10-07T01:50:09.160075+00:00,6af105486ea5b31012b8205b865e2312e2d665d3eb424fc76b24f3d9ab2f0fe9,,UNVERIFIED
EP-19,Law and Lawlessness,00:16:08,968,853383,https://animehistory.org/uploads/screencaps/outlaw-star-E019-Law-and-Lawlessness/cap_00-16-08_1943.jpg,Outlaw Star Ep 19: Law and Lawlessness @ 00:16:08,https://animehistory.org/gallery/screencaps/outlaw-star/episode-19/,https://animehistory.org/gallery/screencaps/outlaw-star/episode-19/?page=3,3,2026-10-07T01:50:09.160075+00:00,6af105486ea5b31012b8205b865e2312e2d665d3eb424fc76b24f3d9ab2f0fe9,,UNVERIFIED
EP-19,Law and Lawlessness,00:16:12,972,853384,https://animehistory.org/uploads/screencaps/outlaw-star-E019-Law-and-Lawlessness/cap_00-16-12_127c.jpg,Outlaw Star Ep 19: Law and Lawlessness @ 00:16:12,https://animehistory.org/gallery/screencaps/outlaw-star/episode-19/,https://animehistory.org/gallery/screencaps/outlaw-star/episode-19/?page=3,3,2026-10-07T01:50:09.160075+00:00,6af105486ea5b31012b8205b865e2312e2d665d3eb424fc76b24f3d9ab2f0fe9,,UNVERIFIED
EP-19,Law and Lawlessness,00:16:15,975,853385,https://animehistory.org/uploads/screencaps/outlaw-star-E019-Law-and-Lawlessness/cap_00-16-15_14b0.jpg,Outlaw Star Ep 19: Law and Lawlessness @ 00:16:15,https://animehistory.org/gallery/screencaps/outlaw-star/episode-19/,https://animehistory.org/gallery/screencaps/outlaw-star/episode-19/?page=3,3,2026-10-07T01:50:09.160075+00:00,6af105486ea5b31012b8205b865e2312e2d665d3eb424fc76b24f3d9ab2f0fe9,,UNVERIFIED
EP-19,Law and Lawlessness,00:16:19,979,853386,https://animehistory.org/uploads/screencaps/outlaw-star-E019-Law-and-Lawlessness/cap_00-16-19_35fb.jpg,Outlaw Star Ep 19: Law and Lawlessness @ 00:16:19,https://animehistory.org/gallery/screencaps/outlaw-star/episode-19/,https://animehistory.org/gallery/screencaps/outlaw-star/episode-19/?page=3,3,2026-10-07T01:50:09.160075+00:00,6af105486ea5b31012b8205b865e2312e2d665d3eb424fc76b24f3d9ab2f0fe9,,UNVERIFIED
EP-19,Law and Lawlessness,00:16:23,983,853387,https://animehistory.org/uploads/screencaps/outlaw-star-E019-Law-and-Lawlessness/cap_00-16-23_0a49.jpg,Outlaw Star Ep 19: Law and Lawlessness @ 00:16:23,https://animehistory.org/gallery/screencaps/outlaw-star/episode-19/,https://animehistory.org/gallery/screencaps/outlaw-star/episode-19/?page=3,3,2026-10-07T01:50:09.160075+00:00,6af105486ea5b31012b8205b865e2312e2d665d3eb424fc76b24f3d9ab2f0fe9,,UNVERIFIED
EP-19,Law and Lawlessness,00:16:26,986,853388,https://animehistory.org/uploads/screencaps/outlaw-star-E019-Law-and-Lawlessness/cap_00-16-26_1b8d.jpg,Outlaw Star Ep 19: Law and Lawlessness @ 00:16:26,https://animehistory.org/gallery/screencaps/outlaw-star/episode-19/,https://animehistory.org/gallery/screencaps/outlaw-star/episode-19/?page=3,3,2026-10-07T01:50:09.160075+00:00,6af105486ea5b31012b8205b865e2312e2d665d3eb424fc76b24f3d9ab2f0fe9,,UNVERIFIED
EP-19,Law and Lawlessness,00:16:30,990,853389,https://animehistory.org/uploads/screencaps/outlaw-star-E019-Law-and-Lawlessness/cap_00-16-30_0c59.jpg,Outlaw Star Ep 19: Law and Lawlessness @ 00:16:30,https://animehistory.org/gallery/screencaps/outlaw-star/episode-19/,https://animehistory.org/gallery/screencaps/outlaw-star/episode-19/?page=3,3,2026-10-07T01:50:09.160075+00:00,6af105486ea5b31012b8205b865e2312e2d665d3eb424fc76b24f3d9ab2f0fe9,,UNVERIFIED
EP-19,Law and Lawlessness,00:16:33,993,853390,https://animehistory.org/uploads/screencaps/outlaw-star-E019-Law-and-Lawlessness/cap_00-16-33_724b.jpg,Outlaw Star Ep 19: Law and Lawlessness @ 00:16:33,https://animehistory.org/gallery/screencaps/outlaw-star/episode-19/,https://animehistory.org/gallery/screencaps/outlaw-star/episode-19/?page=3,3,2026-10-07T01:50:09.160075+00:00,6af105486ea5b31012b8205b865e2312e2d665d3eb424fc76b24f3d9ab2f0fe9,,UNVERIFIED
EP-19,Law and Lawlessness,00:16:37,997,853391,https://animehistory.org/uploads/screencaps/outlaw-star-E019-Law-and-Lawlessness/cap_00-16-37_6a21.jpg,Outlaw Star Ep 19: Law and Lawlessness @ 00:16:37,https://animehistory.org/gallery/screencaps/outlaw-star/episode-19/,https://animehistory.org/gallery/screencaps/outlaw-star/episode-19/?page=3,3,2026-10-07T01:50:09.160075+00:00,6af105486ea5b31012b8205b865e2312e2d665d3eb424fc76b24f3d9ab2f0fe9,,UNVERIFIED
EP-19,Law and Lawlessness,00:16:41,1001,853392,https://animehistory.org/uploads/screencaps/outlaw-star-E019-Law-and-Lawlessness/cap_00-16-41_796d.jpg,Outlaw Star Ep 19: Law and Lawlessness @ 00:16:41,https://animehistory.org/gallery/screencaps/outlaw-star/episode-19/,https://animehistory.org/gallery/screencaps/outlaw-star/episode-19/?page=3,3,2026-10-07T01:50:09.160075+00:00,6af105486ea5b31012b8205b865e2312e2d665d3eb424fc76b24f3d9ab2f0fe9,,UNVERIFIED
EP-19,Law and Lawlessness,00:16:44,1004,853393,https://animehistory.org/uploads/screencaps/outlaw-star-E019-Law-and-Lawlessness/cap_00-16-44_340f.jpg,Outlaw Star Ep 19: Law and Lawlessness @ 00:16:44,https://animehistory.org/gallery/screencaps/outlaw-star/episode-19/,https://animehistory.org/gallery/screencaps/outlaw-star/episode-19/?page=3,3,2026-10-07T01:50:09.160075+00:00,6af105486ea5b31012b8205b865e2312e2d665d3eb424fc76b24f3d9ab2f0fe9,,UNVERIFIED
EP-19,Law and Lawlessness,00:16:48,1008,853394,https://animehistory.org/uploads/screencaps/outlaw-star-E019-Law-and-Lawlessness/cap_00-16-48_687f.jpg,Outlaw Star Ep 19: Law and Lawlessness @ 00:16:48,https://animehistory.org/gallery/screencaps/outlaw-star/episode-19/,https://animehistory.org/gallery/screencaps/outlaw-star/episode-19/?page=3,3,2026-10-07T01:50:09.160075+00:00,6af105486ea5b31012b8205b865e2312e2d665d3eb424fc76b24f3d9ab2f0fe9,,UNVERIFIED
EP-19,Law and Lawlessness,00:16:52,1012,853395,https://animehistory.org/uploads/screencaps/outlaw-star-E019-Law-and-Lawlessness/cap_00-16-52_4a30.jpg,Outlaw Star Ep 19: Law and Lawlessness @ 00:16:52,https://animehistory.org/gallery/screencaps/outlaw-star/episode-19/,https://animehistory.org/gallery/screencaps/outlaw-star/episode-19/?page=3,3,2026-10-07T01:50:09.160075+00:00,6af105486ea5b31012b8205b865e2312e2d665d3eb424fc76b24f3d9ab2f0fe9,,UNVERIFIED
EP-19,Law and Lawlessness,00:16:55,1015,853396,https://animehistory.org/uploads/screencaps/outlaw-star-E019-Law-and-Lawlessness/cap_00-16-55_0da4.jpg,Outlaw Star Ep 19: Law and Lawlessness @ 00:16:55,https://animehistory.org/gallery/screencaps/outlaw-star/episode-19/,https://animehistory.org/gallery/screencaps/outlaw-star/episode-19/?page=3,3,2026-10-07T01:50:09.160075+00:00,6af105486ea5b31012b8205b865e2312e2d665d3eb424fc76b24f3d9ab2f0fe9,,UNVERIFIED
EP-19,Law and Lawlessness,00:16:59,1019,853397,https://animehistory.org/uploads/screencaps/outlaw-star-E019-Law-and-Lawlessness/cap_00-16-59_477d.jpg,Outlaw Star Ep 19: Law and Lawlessness @ 00:16:59,https://animehistory.org/gallery/screencaps/outlaw-star/episode-19/,https://animehistory.org/gallery/screencaps/outlaw-star/episode-19/?page=3,3,2026-10-07T01:50:09.160075+00:00,6af105486ea5b31012b8205b865e2312e2d665d3eb424fc76b24f3d9ab2f0fe9,,UNVERIFIED
EP-19,Law and Lawlessness,00:17:02,1022,853398,https://animehistory.org/uploads/screencaps/outlaw-star-E019-Law-and-Lawlessness/cap_00-17-02_3985.jpg,Outlaw Star Ep 19: Law and Lawlessness @ 00:17:02,https://animehistory.org/gallery/screencaps/outlaw-star/episode-19/,https://animehistory.org/gallery/screencaps/outlaw-star/episode-19/?page=3,3,2026-10-07T01:50:09.160075+00:00,6af105486ea5b31012b8205b865e2312e2d665d3eb424fc76b24f3d9ab2f0fe9,,UNVERIFIED
EP-19,Law and Lawlessness,00:17:06,1026,853399,https://animehistory.org/uploads/screencaps/outlaw-star-E019-Law-and-Lawlessness/cap_00-17-06_78d2.jpg,Outlaw Star Ep 19: Law and Lawlessness @ 00:17:06,https://animehistory.org/gallery/screencaps/outlaw-star/episode-19/,https://animehistory.org/gallery/screencaps/outlaw-star/episode-19/?page=3,3,2026-10-07T01:50:09.160075+00:00,6af105486ea5b31012b8205b865e2312e2d665d3eb424fc76b24f3d9ab2f0fe9,,UNVERIFIED
EP-19,Law and Lawlessness,00:17:10,1030,853400,https://animehistory.org/uploads/screencaps/outlaw-star-E019-Law-and-Lawlessness/cap_00-17-10_2f9d.jpg,Outlaw Star Ep 19: Law and Lawlessness @ 00:17:10,https://animehistory.org/gallery/screencaps/outlaw-star/episode-19/,https://animehistory.org/gallery/screencaps/outlaw-star/episode-19/?page=3,3,2026-10-07T01:50:09.160075+00:00,6af105486ea5b31012b8205b865e2312e2d665d3eb424fc76b24f3d9ab2f0fe9,,UNVERIFIED
EP-19,Law and Lawlessness,00:17:13,1033,853401,https://animehistory.org/uploads/screencaps/outlaw-star-E019-Law-and-Lawlessness/cap_00-17-13_3a83.jpg,Outlaw Star Ep 19: Law and Lawlessness @ 00:17:13,https://animehistory.org/gallery/screencaps/outlaw-star/episode-19/,https://animehistory.org/gallery/screencaps/outlaw-star/episode-19/?page=3,3,2026-10-07T01:50:09.160075+00:00,6af105486ea5b31012b8205b865e2312e2d665d3eb424fc76b24f3d9ab2f0fe9,,UNVERIFIED
EP-19,Law and Lawlessness,00:17:17,1037,853402,https://animehistory.org/uploads/screencaps/outlaw-star-E019-Law-and-Lawlessness/cap_00-17-17_6314.jpg,Outlaw Star Ep 19: Law and Lawlessness @ 00:17:17,https://animehistory.org/gallery/screencaps/outlaw-star/episode-19/,https://animehistory.org/gallery/screencaps/outlaw-star/episode-19/?page=3,3,2026-10-07T01:50:09.160075+00:00,6af105486ea5b31012b8205b865e2312e2d665d3eb424fc76b24f3d9ab2f0fe9,,UNVERIFIED
EP-19,Law and Lawlessness,00:17:21,1041,853403,https://animehistory.org/uploads/screencaps/outlaw-star-E019-Law-and-Lawlessness/cap_00-17-21_367d.jpg,Outlaw Star Ep 19: Law and Lawlessness @ 00:17:21,https://animehistory.org/gallery/screencaps/outlaw-star/episode-19/,https://animehistory.org/gallery/screencaps/outlaw-star/episode-19/?page=3,3,2026-10-07T01:50:09.160075+00:00,6af105486ea5b31012b8205b865e2312e2d665d3eb424fc76b24f3d9ab2f0fe9,,UNVERIFIED
EP-19,Law and Lawlessness,00:17:24,1044,853404,https://animehistory.org/uploads/screencaps/outlaw-star-E019-Law-and-Lawlessness/cap_00-17-24_4835.jpg,Outlaw Star Ep 19: Law and Lawlessness @ 00:17:24,https://animehistory.org/gallery/screencaps/outlaw-star/episode-19/,https://animehistory.org/gallery/screencaps/outlaw-star/episode-19/?page=3,3,2026-10-07T01:50:09.160075+00:00,6af105486ea5b31012b8205b865e2312e2d665d3eb424fc76b24f3d9ab2f0fe9,,UNVERIFIED
EP-19,Law and Lawlessness,00:17:28,1048,853405,https://animehistory.org/uploads/screencaps/outlaw-star-E019-Law-and-Lawlessness/cap_00-17-28_1ce0.jpg,Outlaw Star Ep 19: Law and Lawlessness @ 00:17:28,https://animehistory.org/gallery/screencaps/outlaw-star/episode-19/,https://animehistory.org/gallery/screencaps/outlaw-star/episode-19/?page=3,3,2026-10-07T01:50:09.160075+00:00,6af105486ea5b31012b8205b865e2312e2d665d3eb424fc76b24f3d9ab2f0fe9,,UNVERIFIED
EP-19,Law and Lawlessness,00:17:32,1052,853406,https://animehistory.org/uploads/screencaps/outlaw-star-E019-Law-and-Lawlessness/cap_00-17-32_5101.jpg,Outlaw Star Ep 19: Law and Lawlessness @ 00:17:32,https://animehistory.org/gallery/screencaps/outlaw-star/episode-19/,https://animehistory.org/gallery/screencaps/outlaw-star/episode-19/?page=3,3,2026-10-07T01:50:09.160075+00:00,6af105486ea5b31012b8205b865e2312e2d665d3eb424fc76b24f3d9ab2f0fe9,,UNVERIFIED
EP-19,Law and Lawlessness,00:17:35,1055,853407,https://animehistory.org/uploads/screencaps/outlaw-star-E019-Law-and-Lawlessness/cap_00-17-35_5cc4.jpg,Outlaw Star Ep 19: Law and Lawlessness @ 00:17:35,https://animehistory.org/gallery/screencaps/outlaw-star/episode-19/,https://animehistory.org/gallery/screencaps/outlaw-star/episode-19/?page=3,3,2026-10-07T01:50:09.160075+00:00,6af105486ea5b31012b8205b865e2312e2d665d3eb424fc76b24f3d9ab2f0fe9,,UNVERIFIED
EP-19,Law and Lawlessness,00:17:39,1059,853408,https://animehistory.org/uploads/screencaps/outlaw-star-E019-Law-and-Lawlessness/cap_00-17-39_5f8e.jpg,Outlaw Star Ep 19: Law and Lawlessness @ 00:17:39,https://animehistory.org/gallery/screencaps/outlaw-star/episode-19/,https://animehistory.org/gallery/screencaps/outlaw-star/episode-19/?page=3,3,2026-10-07T01:50:09.160075+00:00,6af105486ea5b31012b8205b865e2312e2d665d3eb424fc76b24f3d9ab2f0fe9,,UNVERIFIED
EP-19,Law and Lawlessness,00:17:42,1062,853409,https://animehistory.org/uploads/screencaps/outlaw-star-E019-Law-and-Lawlessness/cap_00-17-42_79ef.jpg,Outlaw Star Ep 19: Law and Lawlessness @ 00:17:42,https://animehistory.org/gallery/screencaps/outlaw-star/episode-19/,https://animehistory.org/gallery/screencaps/outlaw-star/episode-19/?page=3,3,2026-10-07T01:50:09.160075+00:00,6af105486ea5b31012b8205b865e2312e2d665d3eb424fc76b24f3d9ab2f0fe9,,UNVERIFIED
EP-19,Law and Lawlessness,00:17:46,1066,853410,https://animehistory.org/uploads/screencaps/outlaw-star-E019-Law-and-Lawlessness/cap_00-17-46_588a.jpg,Outlaw Star Ep 19: Law and Lawlessness @ 00:17:46,https://animehistory.org/gallery/screencaps/outlaw-star/episode-19/,https://animehistory.org/gallery/screencaps/outlaw-star/episode-19/?page=3,3,2026-10-07T01:50:09.160075+00:00,6af105486ea5b31012b8205b865e2312e2d665d3eb424fc76b24f3d9ab2f0fe9,,UNVERIFIED
EP-19,Law and Lawlessness,00:17:50,1070,853411,https://animehistory.org/uploads/screencaps/outlaw-star-E019-Law-and-Lawlessness/cap_00-17-50_7a26.jpg,Outlaw Star Ep 19: Law and Lawlessness @ 00:17:50,https://animehistory.org/gallery/screencaps/outlaw-star/episode-19/,https://animehistory.org/gallery/screencaps/outlaw-star/episode-19/?page=3,3,2026-10-07T01:50:09.160075+00:00,6af105486ea5b31012b8205b865e2312e2d665d3eb424fc76b24f3d9ab2f0fe9,,UNVERIFIED
EP-19,Law and Lawlessness,00:17:53,1073,853412,https://animehistory.org/uploads/screencaps/outlaw-star-E019-Law-and-Lawlessness/cap_00-17-53_4eeb.jpg,Outlaw Star Ep 19: Law and Lawlessness @ 00:17:53,https://animehistory.org/gallery/screencaps/outlaw-star/episode-19/,https://animehistory.org/gallery/screencaps/outlaw-star/episode-19/?page=3,3,2026-10-07T01:50:09.160075+00:00,6af105486ea5b31012b8205b865e2312e2d665d3eb424fc76b24f3d9ab2f0fe9,,UNVERIFIED
EP-19,Law and Lawlessness,00:17:57,1077,853413,https://animehistory.org/uploads/screencaps/outlaw-star-E019-Law-and-Lawlessness/cap_00-17-57_3634.jpg,Outlaw Star Ep 19: Law and Lawlessness @ 00:17:57,https://animehistory.org/gallery/screencaps/outlaw-star/episode-19/,https://animehistory.org/gallery/screencaps/outlaw-star/episode-19/?page=3,3,2026-10-07T01:50:09.160075+00:00,6af105486ea5b31012b8205b865e2312e2d665d3eb424fc76b24f3d9ab2f0fe9,,UNVERIFIED
EP-19,Law and Lawlessness,00:18:01,1081,853414,https://animehistory.org/uploads/screencaps/outlaw-star-E019-Law-and-Lawlessness/cap_00-18-01_789e.jpg,Outlaw Star Ep 19: Law and Lawlessness @ 00:18:01,https://animehistory.org/gallery/screencaps/outlaw-star/episode-19/,https://animehistory.org/gallery/screencaps/outlaw-star/episode-19/?page=3,3,2026-10-07T01:50:09.160075+00:00,6af105486ea5b31012b8205b865e2312e2d665d3eb424fc76b24f3d9ab2f0fe9,,UNVERIFIED
EP-19,Law and Lawlessness,00:18:04,1084,853415,https://animehistory.org/uploads/screencaps/outlaw-star-E019-Law-and-Lawlessness/cap_00-18-04_27b1.jpg,Outlaw Star Ep 19: Law and Lawlessness @ 00:18:04,https://animehistory.org/gallery/screencaps/outlaw-star/episode-19/,https://animehistory.org/gallery/screencaps/outlaw-star/episode-19/?page=3,3,2026-10-07T01:50:09.160075+00:00,6af105486ea5b31012b8205b865e2312e2d665d3eb424fc76b24f3d9ab2f0fe9,,UNVERIFIED
EP-19,Law and Lawlessness,00:18:08,1088,853416,https://animehistory.org/uploads/screencaps/outlaw-star-E019-Law-and-Lawlessness/cap_00-18-08_65d0.jpg,Outlaw Star Ep 19: Law and Lawlessness @ 00:18:08,https://animehistory.org/gallery/screencaps/outlaw-star/episode-19/,https://animehistory.org/gallery/screencaps/outlaw-star/episode-19/?page=3,3,2026-10-07T01:50:09.160075+00:00,6af105486ea5b31012b8205b865e2312e2d665d3eb424fc76b24f3d9ab2f0fe9,,UNVERIFIED
EP-19,Law and Lawlessness,00:18:12,1092,853417,https://animehistory.org/uploads/screencaps/outlaw-star-E019-Law-and-Lawlessness/cap_00-18-12_51e1.jpg,Outlaw Star Ep 19: Law and Lawlessness @ 00:18:12,https://animehistory.org/gallery/screencaps/outlaw-star/episode-19/,https://animehistory.org/gallery/screencaps/outlaw-star/episode-19/?page=3,3,2026-10-07T01:50:09.160075+00:00,6af105486ea5b31012b8205b865e2312e2d665d3eb424fc76b24f3d9ab2f0fe9,,UNVERIFIED
EP-19,Law and Lawlessness,00:18:15,1095,853418,https://animehistory.org/uploads/screencaps/outlaw-star-E019-Law-and-Lawlessness/cap_00-18-15_5815.jpg,Outlaw Star Ep 19: Law and Lawlessness @ 00:18:15,https://animehistory.org/gallery/screencaps/outlaw-star/episode-19/,https://animehistory.org/gallery/screencaps/outlaw-star/episode-19/?page=3,3,2026-10-07T01:50:09.160075+00:00,6af105486ea5b31012b8205b865e2312e2d665d3eb424fc76b24f3d9ab2f0fe9,,UNVERIFIED
EP-19,Law and Lawlessness,00:18:19,1099,853419,https://animehistory.org/uploads/screencaps/outlaw-star-E019-Law-and-Lawlessness/cap_00-18-19_7fb3.jpg,Outlaw Star Ep 19: Law and Lawlessness @ 00:18:19,https://animehistory.org/gallery/screencaps/outlaw-star/episode-19/,https://animehistory.org/gallery/screencaps/outlaw-star/episode-19/?page=3,3,2026-10-07T01:50:09.160075+00:00,6af105486ea5b31012b8205b865e2312e2d665d3eb424fc76b24f3d9ab2f0fe9,,UNVERIFIED
EP-19,Law and Lawlessness,00:18:22,1102,853420,https://animehistory.org/uploads/screencaps/outlaw-star-E019-Law-and-Lawlessness/cap_00-18-22_5e77.jpg,Outlaw Star Ep 19: Law and Lawlessness @ 00:18:22,https://animehistory.org/gallery/screencaps/outlaw-star/episode-19/,https://animehistory.org/gallery/screencaps/outlaw-star/episode-19/?page=3,3,2026-10-07T01:50:09.160075+00:00,6af105486ea5b31012b8205b865e2312e2d665d3eb424fc76b24f3d9ab2f0fe9,,UNVERIFIED
EP-19,Law and Lawlessness,00:18:26,1106,853421,https://animehistory.org/uploads/screencaps/outlaw-star-E019-Law-and-Lawlessness/cap_00-18-26_5641.jpg,Outlaw Star Ep 19: Law and Lawlessness @ 00:18:26,https://animehistory.org/gallery/screencaps/outlaw-star/episode-19/,https://animehistory.org/gallery/screencaps/outlaw-star/episode-19/?page=3,3,2026-10-07T01:50:09.160075+00:00,6af105486ea5b31012b8205b865e2312e2d665d3eb424fc76b24f3d9ab2f0fe9,,UNVERIFIED
EP-19,Law and Lawlessness,00:18:30,1110,853422,https://animehistory.org/uploads/screencaps/outlaw-star-E019-Law-and-Lawlessness/cap_00-18-30_7b75.jpg,Outlaw Star Ep 19: Law and Lawlessness @ 00:18:30,https://animehistory.org/gallery/screencaps/outlaw-star/episode-19/,https://animehistory.org/gallery/screencaps/outlaw-star/episode-19/?page=3,3,2026-10-07T01:50:09.160075+00:00,6af105486ea5b31012b8205b865e2312e2d665d3eb424fc76b24f3d9ab2f0fe9,,UNVERIFIED
EP-19,Law and Lawlessness,00:18:33,1113,853423,https://animehistory.org/uploads/screencaps/outlaw-star-E019-Law-and-Lawlessness/cap_00-18-33_4638.jpg,Outlaw Star Ep 19: Law and Lawlessness @ 00:18:33,https://animehistory.org/gallery/screencaps/outlaw-star/episode-19/,https://animehistory.org/gallery/screencaps/outlaw-star/episode-19/?page=3,3,2026-10-07T01:50:09.160075+00:00,6af105486ea5b31012b8205b865e2312e2d665d3eb424fc76b24f3d9ab2f0fe9,,UNVERIFIED
EP-19,Law and Lawlessness,00:18:37,1117,853424,https://animehistory.org/uploads/screencaps/outlaw-star-E019-Law-and-Lawlessness/cap_00-18-37_2d49.jpg,Outlaw Star Ep 19: Law and Lawlessness @ 00:18:37,https://animehistory.org/gallery/screencaps/outlaw-star/episode-19/,https://animehistory.org/gallery/screencaps/outlaw-star/episode-19/?page=3,3,2026-10-07T01:50:09.160075+00:00,6af105486ea5b31012b8205b865e2312e2d665d3eb424fc76b24f3d9ab2f0fe9,,UNVERIFIED
EP-19,Law and Lawlessness,00:18:41,1121,853425,https://animehistory.org/uploads/screencaps/outlaw-star-E019-Law-and-Lawlessness/cap_00-18-41_0984.jpg,Outlaw Star Ep 19: Law and Lawlessness @ 00:18:41,https://animehistory.org/gallery/screencaps/outlaw-star/episode-19/,https://animehistory.org/gallery/screencaps/outlaw-star/episode-19/?page=3,3,2026-10-07T01:50:09.160075+00:00,6af105486ea5b31012b8205b865e2312e2d665d3eb424fc76b24f3d9ab2f0fe9,,UNVERIFIED
EP-19,Law and Lawlessness,00:18:44,1124,853426,https://animehistory.org/uploads/screencaps/outlaw-star-E019-Law-and-Lawlessness/cap_00-18-44_4dee.jpg,Outlaw Star Ep 19: Law and Lawlessness @ 00:18:44,https://animehistory.org/gallery/screencaps/outlaw-star/episode-19/,https://animehistory.org/gallery/screencaps/outlaw-star/episode-19/?page=3,3,2026-10-07T01:50:09.160075+00:00,6af105486ea5b31012b8205b865e2312e2d665d3eb424fc76b24f3d9ab2f0fe9,,UNVERIFIED
EP-19,Law and Lawlessness,00:18:48,1128,853427,https://animehistory.org/uploads/screencaps/outlaw-star-E019-Law-and-Lawlessness/cap_00-18-48_62ff.jpg,Outlaw Star Ep 19: Law and Lawlessness @ 00:18:48,https://animehistory.org/gallery/screencaps/outlaw-star/episode-19/,https://animehistory.org/gallery/screencaps/outlaw-star/episode-19/?page=3,3,2026-10-07T01:50:09.160075+00:00,6af105486ea5b31012b8205b865e2312e2d665d3eb424fc76b24f3d9ab2f0fe9,,UNVERIFIED
EP-19,Law and Lawlessness,00:18:52,1132,853428,https://animehistory.org/uploads/screencaps/outlaw-star-E019-Law-and-Lawlessness/cap_00-18-52_5023.jpg,Outlaw Star Ep 19: Law and Lawlessness @ 00:18:52,https://animehistory.org/gallery/screencaps/outlaw-star/episode-19/,https://animehistory.org/gallery/screencaps/outlaw-star/episode-19/?page=3,3,2026-10-07T01:50:09.160075+00:00,6af105486ea5b31012b8205b865e2312e2d665d3eb424fc76b24f3d9ab2f0fe9,,UNVERIFIED
EP-19,Law and Lawlessness,00:18:55,1135,853429,https://animehistory.org/uploads/screencaps/outlaw-star-E019-Law-and-Lawlessness/cap_00-18-55_3e5f.jpg,Outlaw Star Ep 19: Law and Lawlessness @ 00:18:55,https://animehistory.org/gallery/screencaps/outlaw-star/episode-19/,https://animehistory.org/gallery/screencaps/outlaw-star/episode-19/?page=3,3,2026-10-07T01:50:09.160075+00:00,6af105486ea5b31012b8205b865e2312e2d665d3eb424fc76b24f3d9ab2f0fe9,,UNVERIFIED
EP-19,Law and Lawlessness,00:18:59,1139,853430,https://animehistory.org/uploads/screencaps/outlaw-star-E019-Law-and-Lawlessness/cap_00-18-59_3a6e.jpg,Outlaw Star Ep 19: Law and Lawlessness @ 00:18:59,https://animehistory.org/gallery/screencaps/outlaw-star/episode-19/,https://animehistory.org/gallery/screencaps/outlaw-star/episode-19/?page=3,3,2026-10-07T01:50:09.160075+00:00,6af105486ea5b31012b8205b865e2312e2d665d3eb424fc76b24f3d9ab2f0fe9,,UNVERIFIED
EP-19,Law and Lawlessness,00:19:02,1142,853431,https://animehistory.org/uploads/screencaps/outlaw-star-E019-Law-and-Lawlessness/cap_00-19-02_607c.jpg,Outlaw Star Ep 19: Law and Lawlessness @ 00:19:02,https://animehistory.org/gallery/screencaps/outlaw-star/episode-19/,https://animehistory.org/gallery/screencaps/outlaw-star/episode-19/?page=3,3,2026-10-07T01:50:09.160075+00:00,6af105486ea5b31012b8205b865e2312e2d665d3eb424fc76b24f3d9ab2f0fe9,,UNVERIFIED
EP-19,Law and Lawlessness,00:19:06,1146,853432,https://animehistory.org/uploads/screencaps/outlaw-star-E019-Law-and-Lawlessness/cap_00-19-06_307e.jpg,Outlaw Star Ep 19: Law and Lawlessness @ 00:19:06,https://animehistory.org/gallery/screencaps/outlaw-star/episode-19/,https://animehistory.org/gallery/screencaps/outlaw-star/episode-19/?page=3,3,2026-10-07T01:50:09.160075+00:00,6af105486ea5b31012b8205b865e2312e2d665d3eb424fc76b24f3d9ab2f0fe9,,UNVERIFIED
EP-19,Law and Lawlessness,00:19:10,1150,853433,https://animehistory.org/uploads/screencaps/outlaw-star-E019-Law-and-Lawlessness/cap_00-19-10_46df.jpg,Outlaw Star Ep 19: Law and Lawlessness @ 00:19:10,https://animehistory.org/gallery/screencaps/outlaw-star/episode-19/,https://animehistory.org/gallery/screencaps/outlaw-star/episode-19/?page=3,3,2026-10-07T01:50:09.160075+00:00,6af105486ea5b31012b8205b865e2312e2d665d3eb424fc76b24f3d9ab2f0fe9,,UNVERIFIED
EP-19,Law and Lawlessness,00:19:13,1153,853434,https://animehistory.org/uploads/screencaps/outlaw-star-E019-Law-and-Lawlessness/cap_00-19-13_6ab4.jpg,Outlaw Star Ep 19: Law and Lawlessness @ 00:19:13,https://animehistory.org/gallery/screencaps/outlaw-star/episode-19/,https://animehistory.org/gallery/screencaps/outlaw-star/episode-19/?page=3,3,2026-10-07T01:50:09.160075+00:00,6af105486ea5b31012b8205b865e2312e2d665d3eb424fc76b24f3d9ab2f0fe9,,UNVERIFIED
EP-19,Law and Lawlessness,00:19:17,1157,853435,https://animehistory.org/uploads/screencaps/outlaw-star-E019-Law-and-Lawlessness/cap_00-19-17_5302.jpg,Outlaw Star Ep 19: Law and Lawlessness @ 00:19:17,https://animehistory.org/gallery/screencaps/outlaw-star/episode-19/,https://animehistory.org/gallery/screencaps/outlaw-star/episode-19/?page=3,3,2026-10-07T01:50:09.160075+00:00,6af105486ea5b31012b8205b865e2312e2d665d3eb424fc76b24f3d9ab2f0fe9,,UNVERIFIED
EP-19,Law and Lawlessness,00:19:21,1161,853436,https://animehistory.org/uploads/screencaps/outlaw-star-E019-Law-and-Lawlessness/cap_00-19-21_3f46.jpg,Outlaw Star Ep 19: Law and Lawlessness @ 00:19:21,https://animehistory.org/gallery/screencaps/outlaw-star/episode-19/,https://animehistory.org/gallery/screencaps/outlaw-star/episode-19/?page=3,3,2026-10-07T01:50:09.160075+00:00,6af105486ea5b31012b8205b865e2312e2d665d3eb424fc76b24f3d9ab2f0fe9,,UNVERIFIED
EP-19,Law and Lawlessness,00:19:24,1164,853437,https://animehistory.org/uploads/screencaps/outlaw-star-E019-Law-and-Lawlessness/cap_00-19-24_5ee2.jpg,Outlaw Star Ep 19: Law and Lawlessness @ 00:19:24,https://animehistory.org/gallery/screencaps/outlaw-star/episode-19/,https://animehistory.org/gallery/screencaps/outlaw-star/episode-19/?page=3,3,2026-10-07T01:50:09.160075+00:00,6af105486ea5b31012b8205b865e2312e2d665d3eb424fc76b24f3d9ab2f0fe9,,UNVERIFIED
EP-19,Law and Lawlessness,00:19:28,1168,853438,https://animehistory.org/uploads/screencaps/outlaw-star-E019-Law-and-Lawlessness/cap_00-19-28_45c1.jpg,Outlaw Star Ep 19: Law and Lawlessness @ 00:19:28,https://animehistory.org/gallery/screencaps/outlaw-star/episode-19/,https://animehistory.org/gallery/screencaps/outlaw-star/episode-19/?page=3,3,2026-10-07T01:50:09.160075+00:00,6af105486ea5b31012b8205b865e2312e2d665d3eb424fc76b24f3d9ab2f0fe9,,UNVERIFIED
EP-19,Law and Lawlessness,00:19:31,1171,853439,https://animehistory.org/uploads/screencaps/outlaw-star-E019-Law-and-Lawlessness/cap_00-19-31_6245.jpg,Outlaw Star Ep 19: Law and Lawlessness @ 00:19:31,https://animehistory.org/gallery/screencaps/outlaw-star/episode-19/,https://animehistory.org/gallery/screencaps/outlaw-star/episode-19/?page=3,3,2026-10-07T01:50:09.160075+00:00,6af105486ea5b31012b8205b865e2312e2d665d3eb424fc76b24f3d9ab2f0fe9,,UNVERIFIED
EP-19,Law and Lawlessness,00:19:35,1175,853440,https://animehistory.org/uploads/screencaps/outlaw-star-E019-Law-and-Lawlessness/cap_00-19-35_679a.jpg,Outlaw Star Ep 19: Law and Lawlessness @ 00:19:35,https://animehistory.org/gallery/screencaps/outlaw-star/episode-19/,https://animehistory.org/gallery/screencaps/outlaw-star/episode-19/?page=3,3,2026-10-07T01:50:09.160075+00:00,6af105486ea5b31012b8205b865e2312e2d665d3eb424fc76b24f3d9ab2f0fe9,,UNVERIFIED
EP-19,Law and Lawlessness,00:19:39,1179,853441,https://animehistory.org/uploads/screencaps/outlaw-star-E019-Law-and-Lawlessness/cap_00-19-39_1c16.jpg,Outlaw Star Ep 19: Law and Lawlessness @ 00:19:39,https://animehistory.org/gallery/screencaps/outlaw-star/episode-19/,https://animehistory.org/gallery/screencaps/outlaw-star/episode-19/?page=3,3,2026-10-07T01:50:09.160075+00:00,6af105486ea5b31012b8205b865e2312e2d665d3eb424fc76b24f3d9ab2f0fe9,,UNVERIFIED
EP-19,Law and Lawlessness,00:19:42,1182,853442,https://animehistory.org/uploads/screencaps/outlaw-star-E019-Law-and-Lawlessness/cap_00-19-42_2102.jpg,Outlaw Star Ep 19: Law and Lawlessness @ 00:19:42,https://animehistory.org/gallery/screencaps/outlaw-star/episode-19/,https://animehistory.org/gallery/screencaps/outlaw-star/episode-19/?page=3,3,2026-10-07T01:50:09.160075+00:00,6af105486ea5b31012b8205b865e2312e2d665d3eb424fc76b24f3d9ab2f0fe9,,UNVERIFIED
EP-19,Law and Lawlessness,00:19:46,1186,853443,https://animehistory.org/uploads/screencaps/outlaw-star-E019-Law-and-Lawlessness/cap_00-19-46_16a7.jpg,Outlaw Star Ep 19: Law and Lawlessness @ 00:19:46,https://animehistory.org/gallery/screencaps/outlaw-star/episode-19/,https://animehistory.org/gallery/screencaps/outlaw-star/episode-19/?page=3,3,2026-10-07T01:50:09.160075+00:00,6af105486ea5b31012b8205b865e2312e2d665d3eb424fc76b24f3d9ab2f0fe9,,UNVERIFIED
EP-19,Law and Lawlessness,00:19:50,1190,853444,https://animehistory.org/uploads/screencaps/outlaw-star-E019-Law-and-Lawlessness/cap_00-19-50_7a99.jpg,Outlaw Star Ep 19: Law and Lawlessness @ 00:19:50,https://animehistory.org/gallery/screencaps/outlaw-star/episode-19/,https://animehistory.org/gallery/screencaps/outlaw-star/episode-19/?page=3,3,2026-10-07T01:50:09.160075+00:00,6af105486ea5b31012b8205b865e2312e2d665d3eb424fc76b24f3d9ab2f0fe9,,UNVERIFIED
EP-19,Law and Lawlessness,00:19:53,1193,853445,https://animehistory.org/uploads/screencaps/outlaw-star-E019-Law-and-Lawlessness/cap_00-19-53_76b9.jpg,Outlaw Star Ep 19: Law and Lawlessness @ 00:19:53,https://animehistory.org/gallery/screencaps/outlaw-star/episode-19/,https://animehistory.org/gallery/screencaps/outlaw-star/episode-19/?page=4,4,2026-10-07T01:50:10.356908+00:00,1329ac422d28f084ca500c3019a41ea435f9b3abe722b676c579bf5e0595fb7c,,UNVERIFIED
EP-19,Law and Lawlessness,00:19:57,1197,853446,https://animehistory.org/uploads/screencaps/outlaw-star-E019-Law-and-Lawlessness/cap_00-19-57_03d9.jpg,Outlaw Star Ep 19: Law and Lawlessness @ 00:19:57,https://animehistory.org/gallery/screencaps/outlaw-star/episode-19/,https://animehistory.org/gallery/screencaps/outlaw-star/episode-19/?page=4,4,2026-10-07T01:50:10.356908+00:00,1329ac422d28f084ca500c3019a41ea435f9b3abe722b676c579bf5e0595fb7c,,UNVERIFIED
EP-19,Law and Lawlessness,00:20:01,1201,853447,https://animehistory.org/uploads/screencaps/outlaw-star-E019-Law-and-Lawlessness/cap_00-20-01_6412.jpg,Outlaw Star Ep 19: Law and Lawlessness @ 00:20:01,https://animehistory.org/gallery/screencaps/outlaw-star/episode-19/,https://animehistory.org/gallery/screencaps/outlaw-star/episode-19/?page=4,4,2026-10-07T01:50:10.356908+00:00,1329ac422d28f084ca500c3019a41ea435f9b3abe722b676c579bf5e0595fb7c,,UNVERIFIED
EP-19,Law and Lawlessness,00:20:04,1204,853448,https://animehistory.org/uploads/screencaps/outlaw-star-E019-Law-and-Lawlessness/cap_00-20-04_49bb.jpg,Outlaw Star Ep 19: Law and Lawlessness @ 00:20:04,https://animehistory.org/gallery/screencaps/outlaw-star/episode-19/,https://animehistory.org/gallery/screencaps/outlaw-star/episode-19/?page=4,4,2026-10-07T01:50:10.356908+00:00,1329ac422d28f084ca500c3019a41ea435f9b3abe722b676c579bf5e0595fb7c,,UNVERIFIED
EP-19,Law and Lawlessness,00:20:08,1208,853449,https://animehistory.org/uploads/screencaps/outlaw-star-E019-Law-and-Lawlessness/cap_00-20-08_7af4.jpg,Outlaw Star Ep 19: Law and Lawlessness @ 00:20:08,https://animehistory.org/gallery/screencaps/outlaw-star/episode-19/,https://animehistory.org/gallery/screencaps/outlaw-star/episode-19/?page=4,4,2026-10-07T01:50:10.356908+00:00,1329ac422d28f084ca500c3019a41ea435f9b3abe722b676c579bf5e0595fb7c,,UNVERIFIED
EP-19,Law and Lawlessness,00:20:11,1211,853450,https://animehistory.org/uploads/screencaps/outlaw-star-E019-Law-and-Lawlessness/cap_00-20-11_0e89.jpg,Outlaw Star Ep 19: Law and Lawlessness @ 00:20:11,https://animehistory.org/gallery/screencaps/outlaw-star/episode-19/,https://animehistory.org/gallery/screencaps/outlaw-star/episode-19/?page=4,4,2026-10-07T01:50:10.356908+00:00,1329ac422d28f084ca500c3019a41ea435f9b3abe722b676c579bf5e0595fb7c,,UNVERIFIED
EP-19,Law and Lawlessness,00:20:15,1215,853451,https://animehistory.org/uploads/screencaps/outlaw-star-E019-Law-and-Lawlessness/cap_00-20-15_4087.jpg,Outlaw Star Ep 19: Law and Lawlessness @ 00:20:15,https://animehistory.org/gallery/screencaps/outlaw-star/episode-19/,https://animehistory.org/gallery/screencaps/outlaw-star/episode-19/?page=4,4,2026-10-07T01:50:10.356908+00:00,1329ac422d28f084ca500c3019a41ea435f9b3abe722b676c579bf5e0595fb7c,,UNVERIFIED
EP-19,Law and Lawlessness,00:20:19,1219,853452,https://animehistory.org/uploads/screencaps/outlaw-star-E019-Law-and-Lawlessness/cap_00-20-19_31e4.jpg,Outlaw Star Ep 19: Law and Lawlessness @ 00:20:19,https://animehistory.org/gallery/screencaps/outlaw-star/episode-19/,https://animehistory.org/gallery/screencaps/outlaw-star/episode-19/?page=4,4,2026-10-07T01:50:10.356908+00:00,1329ac422d28f084ca500c3019a41ea435f9b3abe722b676c579bf5e0595fb7c,,UNVERIFIED
EP-19,Law and Lawlessness,00:20:22,1222,853453,https://animehistory.org/uploads/screencaps/outlaw-star-E019-Law-and-Lawlessness/cap_00-20-22_3a51.jpg,Outlaw Star Ep 19: Law and Lawlessness @ 00:20:22,https://animehistory.org/gallery/screencaps/outlaw-star/episode-19/,https://animehistory.org/gallery/screencaps/outlaw-star/episode-19/?page=4,4,2026-10-07T01:50:10.356908+00:00,1329ac422d28f084ca500c3019a41ea435f9b3abe722b676c579bf5e0595fb7c,,UNVERIFIED
EP-19,Law and Lawlessness,00:20:26,1226,853454,https://animehistory.org/uploads/screencaps/outlaw-star-E019-Law-and-Lawlessness/cap_00-20-26_18f9.jpg,Outlaw Star Ep 19: Law and Lawlessness @ 00:20:26,https://animehistory.org/gallery/screencaps/outlaw-star/episode-19/,https://animehistory.org/gallery/screencaps/outlaw-star/episode-19/?page=4,4,2026-10-07T01:50:10.356908+00:00,1329ac422d28f084ca500c3019a41ea435f9b3abe722b676c579bf5e0595fb7c,,UNVERIFIED
EP-19,Law and Lawlessness,00:20:30,1230,853455,https://animehistory.org/uploads/screencaps/outlaw-star-E019-Law-and-Lawlessness/cap_00-20-30_79e2.jpg,Outlaw Star Ep 19: Law and Lawlessness @ 00:20:30,https://animehistory.org/gallery/screencaps/outlaw-star/episode-19/,https://animehistory.org/gallery/screencaps/outlaw-star/episode-19/?page=4,4,2026-10-07T01:50:10.356908+00:00,1329ac422d28f084ca500c3019a41ea435f9b3abe722b676c579bf5e0595fb7c,,UNVERIFIED
EP-19,Law and Lawlessness,00:20:33,1233,853456,https://animehistory.org/uploads/screencaps/outlaw-star-E019-Law-and-Lawlessness/cap_00-20-33_5d25.jpg,Outlaw Star Ep 19: Law and Lawlessness @ 00:20:33,https://animehistory.org/gallery/screencaps/outlaw-star/episode-19/,https://animehistory.org/gallery/screencaps/outlaw-star/episode-19/?page=4,4,2026-10-07T01:50:10.356908+00:00,1329ac422d28f084ca500c3019a41ea435f9b3abe722b676c579bf5e0595fb7c,,UNVERIFIED
EP-19,Law and Lawlessness,00:20:37,1237,853457,https://animehistory.org/uploads/screencaps/outlaw-star-E019-Law-and-Lawlessness/cap_00-20-37_1881.jpg,Outlaw Star Ep 19: Law and Lawlessness @ 00:20:37,https://animehistory.org/gallery/screencaps/outlaw-star/episode-19/,https://animehistory.org/gallery/screencaps/outlaw-star/episode-19/?page=4,4,2026-10-07T01:50:10.356908+00:00,1329ac422d28f084ca500c3019a41ea435f9b3abe722b676c579bf5e0595fb7c,,UNVERIFIED
EP-19,Law and Lawlessness,00:20:41,1241,853458,https://animehistory.org/uploads/screencaps/outlaw-star-E019-Law-and-Lawlessness/cap_00-20-41_36db.jpg,Outlaw Star Ep 19: Law and Lawlessness @ 00:20:41,https://animehistory.org/gallery/screencaps/outlaw-star/episode-19/,https://animehistory.org/gallery/screencaps/outlaw-star/episode-19/?page=4,4,2026-10-07T01:50:10.356908+00:00,1329ac422d28f084ca500c3019a41ea435f9b3abe722b676c579bf5e0595fb7c,,UNVERIFIED
EP-19,Law and Lawlessness,00:20:44,1244,853459,https://animehistory.org/uploads/screencaps/outlaw-star-E019-Law-and-Lawlessness/cap_00-20-44_1ae9.jpg,Outlaw Star Ep 19: Law and Lawlessness @ 00:20:44,https://animehistory.org/gallery/screencaps/outlaw-star/episode-19/,https://animehistory.org/gallery/screencaps/outlaw-star/episode-19/?page=4,4,2026-10-07T01:50:10.356908+00:00,1329ac422d28f084ca500c3019a41ea435f9b3abe722b676c579bf5e0595fb7c,,UNVERIFIED
EP-19,Law and Lawlessness,00:20:48,1248,853460,https://animehistory.org/uploads/screencaps/outlaw-star-E019-Law-and-Lawlessness/cap_00-20-48_2ce4.jpg,Outlaw Star Ep 19: Law and Lawlessness @ 00:20:48,https://animehistory.org/gallery/screencaps/outlaw-star/episode-19/,https://animehistory.org/gallery/screencaps/outlaw-star/episode-19/?page=4,4,2026-10-07T01:50:10.356908+00:00,1329ac422d28f084ca500c3019a41ea435f9b3abe722b676c579bf5e0595fb7c,,UNVERIFIED
EP-19,Law and Lawlessness,00:20:51,1251,853461,https://animehistory.org/uploads/screencaps/outlaw-star-E019-Law-and-Lawlessness/cap_00-20-51_78ba.jpg,Outlaw Star Ep 19: Law and Lawlessness @ 00:20:51,https://animehistory.org/gallery/screencaps/outlaw-star/episode-19/,https://animehistory.org/gallery/screencaps/outlaw-star/episode-19/?page=4,4,2026-10-07T01:50:10.356908+00:00,1329ac422d28f084ca500c3019a41ea435f9b3abe722b676c579bf5e0595fb7c,,UNVERIFIED
EP-19,Law and Lawlessness,00:20:55,1255,853462,https://animehistory.org/uploads/screencaps/outlaw-star-E019-Law-and-Lawlessness/cap_00-20-55_1f84.jpg,Outlaw Star Ep 19: Law and Lawlessness @ 00:20:55,https://animehistory.org/gallery/screencaps/outlaw-star/episode-19/,https://animehistory.org/gallery/screencaps/outlaw-star/episode-19/?page=4,4,2026-10-07T01:50:10.356908+00:00,1329ac422d28f084ca500c3019a41ea435f9b3abe722b676c579bf5e0595fb7c,,UNVERIFIED
EP-19,Law and Lawlessness,00:20:59,1259,853463,https://animehistory.org/uploads/screencaps/outlaw-star-E019-Law-and-Lawlessness/cap_00-20-59_1ecc.jpg,Outlaw Star Ep 19: Law and Lawlessness @ 00:20:59,https://animehistory.org/gallery/screencaps/outlaw-star/episode-19/,https://animehistory.org/gallery/screencaps/outlaw-star/episode-19/?page=4,4,2026-10-07T01:50:10.356908+00:00,1329ac422d28f084ca500c3019a41ea435f9b3abe722b676c579bf5e0595fb7c,,UNVERIFIED
EP-19,Law and Lawlessness,00:21:02,1262,853464,https://animehistory.org/uploads/screencaps/outlaw-star-E019-Law-and-Lawlessness/cap_00-21-02_1791.jpg,Outlaw Star Ep 19: Law and Lawlessness @ 00:21:02,https://animehistory.org/gallery/screencaps/outlaw-star/episode-19/,https://animehistory.org/gallery/screencaps/outlaw-star/episode-19/?page=4,4,2026-10-07T01:50:10.356908+00:00,1329ac422d28f084ca500c3019a41ea435f9b3abe722b676c579bf5e0595fb7c,,UNVERIFIED
EP-19,Law and Lawlessness,00:21:06,1266,853465,https://animehistory.org/uploads/screencaps/outlaw-star-E019-Law-and-Lawlessness/cap_00-21-06_6424.jpg,Outlaw Star Ep 19: Law and Lawlessness @ 00:21:06,https://animehistory.org/gallery/screencaps/outlaw-star/episode-19/,https://animehistory.org/gallery/screencaps/outlaw-star/episode-19/?page=4,4,2026-10-07T01:50:10.356908+00:00,1329ac422d28f084ca500c3019a41ea435f9b3abe722b676c579bf5e0595fb7c,,UNVERIFIED
EP-19,Law and Lawlessness,00:21:10,1270,853466,https://animehistory.org/uploads/screencaps/outlaw-star-E019-Law-and-Lawlessness/cap_00-21-10_7d3c.jpg,Outlaw Star Ep 19: Law and Lawlessness @ 00:21:10,https://animehistory.org/gallery/screencaps/outlaw-star/episode-19/,https://animehistory.org/gallery/screencaps/outlaw-star/episode-19/?page=4,4,2026-10-07T01:50:10.356908+00:00,1329ac422d28f084ca500c3019a41ea435f9b3abe722b676c579bf5e0595fb7c,,UNVERIFIED
EP-19,Law and Lawlessness,00:21:13,1273,853467,https://animehistory.org/uploads/screencaps/outlaw-star-E019-Law-and-Lawlessness/cap_00-21-13_5055.jpg,Outlaw Star Ep 19: Law and Lawlessness @ 00:21:13,https://animehistory.org/gallery/screencaps/outlaw-star/episode-19/,https://animehistory.org/gallery/screencaps/outlaw-star/episode-19/?page=4,4,2026-10-07T01:50:10.356908+00:00,1329ac422d28f084ca500c3019a41ea435f9b3abe722b676c579bf5e0595fb7c,,UNVERIFIED
EP-19,Law and Lawlessness,00:21:17,1277,853468,https://animehistory.org/uploads/screencaps/outlaw-star-E019-Law-and-Lawlessness/cap_00-21-17_73de.jpg,Outlaw Star Ep 19: Law and Lawlessness @ 00:21:17,https://animehistory.org/gallery/screencaps/outlaw-star/episode-19/,https://animehistory.org/gallery/screencaps/outlaw-star/episode-19/?page=4,4,2026-10-07T01:50:10.356908+00:00,1329ac422d28f084ca500c3019a41ea435f9b3abe722b676c579bf5e0595fb7c,,UNVERIFIED
EP-19,Law and Lawlessness,00:21:20,1280,853469,https://animehistory.org/uploads/screencaps/outlaw-star-E019-Law-and-Lawlessness/cap_00-21-20_01e9.jpg,Outlaw Star Ep 19: Law and Lawlessness @ 00:21:20,https://animehistory.org/gallery/screencaps/outlaw-star/episode-19/,https://animehistory.org/gallery/screencaps/outlaw-star/episode-19/?page=4,4,2026-10-07T01:50:10.356908+00:00,1329ac422d28f084ca500c3019a41ea435f9b3abe722b676c579bf5e0595fb7c,,UNVERIFIED
EP-19,Law and Lawlessness,00:21:24,1284,853470,https://animehistory.org/uploads/screencaps/outlaw-star-E019-Law-and-Lawlessness/cap_00-21-24_0465.jpg,Outlaw Star Ep 19: Law and Lawlessness @ 00:21:24,https://animehistory.org/gallery/screencaps/outlaw-star/episode-19/,https://animehistory.org/gallery/screencaps/outlaw-star/episode-19/?page=4,4,2026-10-07T01:50:10.356908+00:00,1329ac422d28f084ca500c3019a41ea435f9b3abe722b676c579bf5e0595fb7c,,UNVERIFIED
EP-19,Law and Lawlessness,00:21:28,1288,853471,https://animehistory.org/uploads/screencaps/outlaw-star-E019-Law-and-Lawlessness/cap_00-21-28_055a.jpg,Outlaw Star Ep 19: Law and Lawlessness @ 00:21:28,https://animehistory.org/gallery/screencaps/outlaw-star/episode-19/,https://animehistory.org/gallery/screencaps/outlaw-star/episode-19/?page=4,4,2026-10-07T01:50:10.356908+00:00,1329ac422d28f084ca500c3019a41ea435f9b3abe722b676c579bf5e0595fb7c,,UNVERIFIED
EP-19,Law and Lawlessness,00:21:31,1291,853472,https://animehistory.org/uploads/screencaps/outlaw-star-E019-Law-and-Lawlessness/cap_00-21-31_15ff.jpg,Outlaw Star Ep 19: Law and Lawlessness @ 00:21:31,https://animehistory.org/gallery/screencaps/outlaw-star/episode-19/,https://animehistory.org/gallery/screencaps/outlaw-star/episode-19/?page=4,4,2026-10-07T01:50:10.356908+00:00,1329ac422d28f084ca500c3019a41ea435f9b3abe722b676c579bf5e0595fb7c,,UNVERIFIED
EP-19,Law and Lawlessness,00:21:35,1295,853473,https://animehistory.org/uploads/screencaps/outlaw-star-E019-Law-and-Lawlessness/cap_00-21-35_41ea.jpg,Outlaw Star Ep 19: Law and Lawlessness @ 00:21:35,https://animehistory.org/gallery/screencaps/outlaw-star/episode-19/,https://animehistory.org/gallery/screencaps/outlaw-star/episode-19/?page=4,4,2026-10-07T01:50:10.356908+00:00,1329ac422d28f084ca500c3019a41ea435f9b3abe722b676c579bf5e0595fb7c,,UNVERIFIED
EP-19,Law and Lawlessness,00:21:39,1299,853474,https://animehistory.org/uploads/screencaps/outlaw-star-E019-Law-and-Lawlessness/cap_00-21-39_27f1.jpg,Outlaw Star Ep 19: Law and Lawlessness @ 00:21:39,https://animehistory.org/gallery/screencaps/outlaw-star/episode-19/,https://animehistory.org/gallery/screencaps/outlaw-star/episode-19/?page=4,4,2026-10-07T01:50:10.356908+00:00,1329ac422d28f084ca500c3019a41ea435f9b3abe722b676c579bf5e0595fb7c,,UNVERIFIED
EP-19,Law and Lawlessness,00:21:42,1302,853475,https://animehistory.org/uploads/screencaps/outlaw-star-E019-Law-and-Lawlessness/cap_00-21-42_664c.jpg,Outlaw Star Ep 19: Law and Lawlessness @ 00:21:42,https://animehistory.org/gallery/screencaps/outlaw-star/episode-19/,https://animehistory.org/gallery/screencaps/outlaw-star/episode-19/?page=4,4,2026-10-07T01:50:10.356908+00:00,1329ac422d28f084ca500c3019a41ea435f9b3abe722b676c579bf5e0595fb7c,,UNVERIFIED
EP-19,Law and Lawlessness,00:21:46,1306,853476,https://animehistory.org/uploads/screencaps/outlaw-star-E019-Law-and-Lawlessness/cap_00-21-46_0da3.jpg,Outlaw Star Ep 19: Law and Lawlessness @ 00:21:46,https://animehistory.org/gallery/screencaps/outlaw-star/episode-19/,https://animehistory.org/gallery/screencaps/outlaw-star/episode-19/?page=4,4,2026-10-07T01:50:10.356908+00:00,1329ac422d28f084ca500c3019a41ea435f9b3abe722b676c579bf5e0595fb7c,,UNVERIFIED
EP-19,Law and Lawlessness,00:21:50,1310,853477,https://animehistory.org/uploads/screencaps/outlaw-star-E019-Law-and-Lawlessness/cap_00-21-50_437a.jpg,Outlaw Star Ep 19: Law and Lawlessness @ 00:21:50,https://animehistory.org/gallery/screencaps/outlaw-star/episode-19/,https://animehistory.org/gallery/screencaps/outlaw-star/episode-19/?page=4,4,2026-10-07T01:50:10.356908+00:00,1329ac422d28f084ca500c3019a41ea435f9b3abe722b676c579bf5e0595fb7c,,UNVERIFIED
EP-19,Law and Lawlessness,00:21:53,1313,853478,https://animehistory.org/uploads/screencaps/outlaw-star-E019-Law-and-Lawlessness/cap_00-21-53_3ea6.jpg,Outlaw Star Ep 19: Law and Lawlessness @ 00:21:53,https://animehistory.org/gallery/screencaps/outlaw-star/episode-19/,https://animehistory.org/gallery/screencaps/outlaw-star/episode-19/?page=4,4,2026-10-07T01:50:10.356908+00:00,1329ac422d28f084ca500c3019a41ea435f9b3abe722b676c579bf5e0595fb7c,,UNVERIFIED
EP-19,Law and Lawlessness,00:21:57,1317,853479,https://animehistory.org/uploads/screencaps/outlaw-star-E019-Law-and-Lawlessness/cap_00-21-57_6ee3.jpg,Outlaw Star Ep 19: Law and Lawlessness @ 00:21:57,https://animehistory.org/gallery/screencaps/outlaw-star/episode-19/,https://animehistory.org/gallery/screencaps/outlaw-star/episode-19/?page=4,4,2026-10-07T01:50:10.356908+00:00,1329ac422d28f084ca500c3019a41ea435f9b3abe722b676c579bf5e0595fb7c,,UNVERIFIED
EP-19,Law and Lawlessness,00:22:00,1320,853480,https://animehistory.org/uploads/screencaps/outlaw-star-E019-Law-and-Lawlessness/cap_00-22-00_73bc.jpg,Outlaw Star Ep 19: Law and Lawlessness @ 00:22:00,https://animehistory.org/gallery/screencaps/outlaw-star/episode-19/,https://animehistory.org/gallery/screencaps/outlaw-star/episode-19/?page=4,4,2026-10-07T01:50:10.356908+00:00,1329ac422d28f084ca500c3019a41ea435f9b3abe722b676c579bf5e0595fb7c,,UNVERIFIED
EP-19,Law and Lawlessness,00:22:04,1324,853481,https://animehistory.org/uploads/screencaps/outlaw-star-E019-Law-and-Lawlessness/cap_00-22-04_5ea0.jpg,Outlaw Star Ep 19: Law and Lawlessness @ 00:22:04,https://animehistory.org/gallery/screencaps/outlaw-star/episode-19/,https://animehistory.org/gallery/screencaps/outlaw-star/episode-19/?page=4,4,2026-10-07T01:50:10.356908+00:00,1329ac422d28f084ca500c3019a41ea435f9b3abe722b676c579bf5e0595fb7c,,UNVERIFIED
EP-19,Law and Lawlessness,00:22:08,1328,853482,https://animehistory.org/uploads/screencaps/outlaw-star-E019-Law-and-Lawlessness/cap_00-22-08_49fc.jpg,Outlaw Star Ep 19: Law and Lawlessness @ 00:22:08,https://animehistory.org/gallery/screencaps/outlaw-star/episode-19/,https://animehistory.org/gallery/screencaps/outlaw-star/episode-19/?page=4,4,2026-10-07T01:50:10.356908+00:00,1329ac422d28f084ca500c3019a41ea435f9b3abe722b676c579bf5e0595fb7c,,UNVERIFIED
EP-19,Law and Lawlessness,00:22:11,1331,853483,https://animehistory.org/uploads/screencaps/outlaw-star-E019-Law-and-Lawlessness/cap_00-22-11_1fe4.jpg,Outlaw Star Ep 19: Law and Lawlessness @ 00:22:11,https://animehistory.org/gallery/screencaps/outlaw-star/episode-19/,https://animehistory.org/gallery/screencaps/outlaw-star/episode-19/?page=4,4,2026-10-07T01:50:10.356908+00:00,1329ac422d28f084ca500c3019a41ea435f9b3abe722b676c579bf5e0595fb7c,,UNVERIFIED
EP-19,Law and Lawlessness,00:22:15,1335,853484,https://animehistory.org/uploads/screencaps/outlaw-star-E019-Law-and-Lawlessness/cap_00-22-15_5055.jpg,Outlaw Star Ep 19: Law and Lawlessness @ 00:22:15,https://animehistory.org/gallery/screencaps/outlaw-star/episode-19/,https://animehistory.org/gallery/screencaps/outlaw-star/episode-19/?page=4,4,2026-10-07T01:50:10.356908+00:00,1329ac422d28f084ca500c3019a41ea435f9b3abe722b676c579bf5e0595fb7c,,UNVERIFIED
EP-19,Law and Lawlessness,00:22:19,1339,853485,https://animehistory.org/uploads/screencaps/outlaw-star-E019-Law-and-Lawlessness/cap_00-22-19_03b0.jpg,Outlaw Star Ep 19: Law and Lawlessness @ 00:22:19,https://animehistory.org/gallery/screencaps/outlaw-star/episode-19/,https://animehistory.org/gallery/screencaps/outlaw-star/episode-19/?page=4,4,2026-10-07T01:50:10.356908+00:00,1329ac422d28f084ca500c3019a41ea435f9b3abe722b676c579bf5e0595fb7c,,UNVERIFIED
EP-19,Law and Lawlessness,00:22:22,1342,853486,https://animehistory.org/uploads/screencaps/outlaw-star-E019-Law-and-Lawlessness/cap_00-22-22_1108.jpg,Outlaw Star Ep 19: Law and Lawlessness @ 00:22:22,https://animehistory.org/gallery/screencaps/outlaw-star/episode-19/,https://animehistory.org/gallery/screencaps/outlaw-star/episode-19/?page=4,4,2026-10-07T01:50:10.356908+00:00,1329ac422d28f084ca500c3019a41ea435f9b3abe722b676c579bf5e0595fb7c,,UNVERIFIED
EP-19,Law and Lawlessness,00:22:26,1346,853487,https://animehistory.org/uploads/screencaps/outlaw-star-E019-Law-and-Lawlessness/cap_00-22-26_7f75.jpg,Outlaw Star Ep 19: Law and Lawlessness @ 00:22:26,https://animehistory.org/gallery/screencaps/outlaw-star/episode-19/,https://animehistory.org/gallery/screencaps/outlaw-star/episode-19/?page=4,4,2026-10-07T01:50:10.356908+00:00,1329ac422d28f084ca500c3019a41ea435f9b3abe722b676c579bf5e0595fb7c,,UNVERIFIED
EP-19,Law and Lawlessness,00:22:30,1350,853488,https://animehistory.org/uploads/screencaps/outlaw-star-E019-Law-and-Lawlessness/cap_00-22-30_4425.jpg,Outlaw Star Ep 19: Law and Lawlessness @ 00:22:30,https://animehistory.org/gallery/screencaps/outlaw-star/episode-19/,https://animehistory.org/gallery/screencaps/outlaw-star/episode-19/?page=4,4,2026-10-07T01:50:10.356908+00:00,1329ac422d28f084ca500c3019a41ea435f9b3abe722b676c579bf5e0595fb7c,,UNVERIFIED
EP-19,Law and Lawlessness,00:22:33,1353,853489,https://animehistory.org/uploads/screencaps/outlaw-star-E019-Law-and-Lawlessness/cap_00-22-33_3f7c.jpg,Outlaw Star Ep 19: Law and Lawlessness @ 00:22:33,https://animehistory.org/gallery/screencaps/outlaw-star/episode-19/,https://animehistory.org/gallery/screencaps/outlaw-star/episode-19/?page=4,4,2026-10-07T01:50:10.356908+00:00,1329ac422d28f084ca500c3019a41ea435f9b3abe722b676c579bf5e0595fb7c,,UNVERIFIED
EP-19,Law and Lawlessness,00:22:37,1357,853490,https://animehistory.org/uploads/screencaps/outlaw-star-E019-Law-and-Lawlessness/cap_00-22-37_69e3.jpg,Outlaw Star Ep 19: Law and Lawlessness @ 00:22:37,https://animehistory.org/gallery/screencaps/outlaw-star/episode-19/,https://animehistory.org/gallery/screencaps/outlaw-star/episode-19/?page=4,4,2026-10-07T01:50:10.356908+00:00,1329ac422d28f084ca500c3019a41ea435f9b3abe722b676c579bf5e0595fb7c,,UNVERIFIED
EP-19,Law and Lawlessness,00:22:40,1360,853491,https://animehistory.org/uploads/screencaps/outlaw-star-E019-Law-and-Lawlessness/cap_00-22-40_47d5.jpg,Outlaw Star Ep 19: Law and Lawlessness @ 00:22:40,https://animehistory.org/gallery/screencaps/outlaw-star/episode-19/,https://animehistory.org/gallery/screencaps/outlaw-star/episode-19/?page=4,4,2026-10-07T01:50:10.356908+00:00,1329ac422d28f084ca500c3019a41ea435f9b3abe722b676c579bf5e0595fb7c,,UNVERIFIED
EP-19,Law and Lawlessness,00:22:44,1364,853492,https://animehistory.org/uploads/screencaps/outlaw-star-E019-Law-and-Lawlessness/cap_00-22-44_18cc.jpg,Outlaw Star Ep 19: Law and Lawlessness @ 00:22:44,https://animehistory.org/gallery/screencaps/outlaw-star/episode-19/,https://animehistory.org/gallery/screencaps/outlaw-star/episode-19/?page=4,4,2026-10-07T01:50:10.356908+00:00,1329ac422d28f084ca500c3019a41ea435f9b3abe722b676c579bf5e0595fb7c,,UNVERIFIED
EP-19,Law and Lawlessness,00:22:48,1368,853493,https://animehistory.org/uploads/screencaps/outlaw-star-E019-Law-and-Lawlessness/cap_00-22-48_25d0.jpg,Outlaw Star Ep 19: Law and Lawlessness @ 00:22:48,https://animehistory.org/gallery/screencaps/outlaw-star/episode-19/,https://animehistory.org/gallery/screencaps/outlaw-star/episode-19/?page=4,4,2026-10-07T01:50:10.356908+00:00,1329ac422d28f084ca500c3019a41ea435f9b3abe722b676c579bf5e0595fb7c,,UNVERIFIED
EP-19,Law and Lawlessness,00:22:51,1371,853494,https://animehistory.org/uploads/screencaps/outlaw-star-E019-Law-and-Lawlessness/cap_00-22-51_1843.jpg,Outlaw Star Ep 19: Law and Lawlessness @ 00:22:51,https://animehistory.org/gallery/screencaps/outlaw-star/episode-19/,https://animehistory.org/gallery/screencaps/outlaw-star/episode-19/?page=4,4,2026-10-07T01:50:10.356908+00:00,1329ac422d28f084ca500c3019a41ea435f9b3abe722b676c579bf5e0595fb7c,,UNVERIFIED
EP-19,Law and Lawlessness,00:22:55,1375,853495,https://animehistory.org/uploads/screencaps/outlaw-star-E019-Law-and-Lawlessness/cap_00-22-55_25d3.jpg,Outlaw Star Ep 19: Law and Lawlessness @ 00:22:55,https://animehistory.org/gallery/screencaps/outlaw-star/episode-19/,https://animehistory.org/gallery/screencaps/outlaw-star/episode-19/?page=4,4,2026-10-07T01:50:10.356908+00:00,1329ac422d28f084ca500c3019a41ea435f9b3abe722b676c579bf5e0595fb7c,,UNVERIFIED
EP-19,Law and Lawlessness,00:22:59,1379,853496,https://animehistory.org/uploads/screencaps/outlaw-star-E019-Law-and-Lawlessness/cap_00-22-59_650f.jpg,Outlaw Star Ep 19: Law and Lawlessness @ 00:22:59,https://animehistory.org/gallery/screencaps/outlaw-star/episode-19/,https://animehistory.org/gallery/screencaps/outlaw-star/episode-19/?page=4,4,2026-10-07T01:50:10.356908+00:00,1329ac422d28f084ca500c3019a41ea435f9b3abe722b676c579bf5e0595fb7c,,UNVERIFIED
EP-19,Law and Lawlessness,00:23:02,1382,853497,https://animehistory.org/uploads/screencaps/outlaw-star-E019-Law-and-Lawlessness/cap_00-23-02_69e2.jpg,Outlaw Star Ep 19: Law and Lawlessness @ 00:23:02,https://animehistory.org/gallery/screencaps/outlaw-star/episode-19/,https://animehistory.org/gallery/screencaps/outlaw-star/episode-19/?page=4,4,2026-10-07T01:50:10.356908+00:00,1329ac422d28f084ca500c3019a41ea435f9b3abe722b676c579bf5e0595fb7c,,UNVERIFIED
EP-19,Law and Lawlessness,00:23:06,1386,853498,https://animehistory.org/uploads/screencaps/outlaw-star-E019-Law-and-Lawlessness/cap_00-23-06_6596.jpg,Outlaw Star Ep 19: Law and Lawlessness @ 00:23:06,https://animehistory.org/gallery/screencaps/outlaw-star/episode-19/,https://animehistory.org/gallery/screencaps/outlaw-star/episode-19/?page=4,4,2026-10-07T01:50:10.356908+00:00,1329ac422d28f084ca500c3019a41ea435f9b3abe722b676c579bf5e0595fb7c,,UNVERIFIED
