episode_id,episode_title,web_timestamp,web_seconds,image_id,image_url,caption,gallery_url,source_page_url,source_page,retrieved_utc,html_sha256,local_timestamp,alignment_status
EP-06,The Beautiful Assassin,00:01:43,103,848543,https://animehistory.org/uploads/screencaps/outlaw-star-E006-The-Beautiful-Assassin/cap_00-01-43_7200.jpg,Outlaw Star Ep 6: The Beautiful Assassin @ 00:01:43,https://animehistory.org/gallery/screencaps/outlaw-star/episode-6/,https://animehistory.org/gallery/screencaps/outlaw-star/episode-6/,1,2026-10-07T01:48:56.975924+00:00,7559bf55a87273a0a745f036ee610fde2c500a9b70286c9aadeb44a69a6cd7f2,,UNVERIFIED
EP-06,The Beautiful Assassin,00:01:47,107,848544,https://animehistory.org/uploads/screencaps/outlaw-star-E006-The-Beautiful-Assassin/cap_00-01-47_121d.jpg,Outlaw Star Ep 6: The Beautiful Assassin @ 00:01:47,https://animehistory.org/gallery/screencaps/outlaw-star/episode-6/,https://animehistory.org/gallery/screencaps/outlaw-star/episode-6/,1,2026-10-07T01:48:56.975924+00:00,7559bf55a87273a0a745f036ee610fde2c500a9b70286c9aadeb44a69a6cd7f2,,UNVERIFIED
EP-06,The Beautiful Assassin,00:01:50,110,848545,https://animehistory.org/uploads/screencaps/outlaw-star-E006-The-Beautiful-Assassin/cap_00-01-50_74ee.jpg,Outlaw Star Ep 6: The Beautiful Assassin @ 00:01:50,https://animehistory.org/gallery/screencaps/outlaw-star/episode-6/,https://animehistory.org/gallery/screencaps/outlaw-star/episode-6/,1,2026-10-07T01:48:56.975924+00:00,7559bf55a87273a0a745f036ee610fde2c500a9b70286c9aadeb44a69a6cd7f2,,UNVERIFIED
EP-06,The Beautiful Assassin,00:01:54,114,848546,https://animehistory.org/uploads/screencaps/outlaw-star-E006-The-Beautiful-Assassin/cap_00-01-54_7ff8.jpg,Outlaw Star Ep 6: The Beautiful Assassin @ 00:01:54,https://animehistory.org/gallery/screencaps/outlaw-star/episode-6/,https://animehistory.org/gallery/screencaps/outlaw-star/episode-6/,1,2026-10-07T01:48:56.975924+00:00,7559bf55a87273a0a745f036ee610fde2c500a9b70286c9aadeb44a69a6cd7f2,,UNVERIFIED
EP-06,The Beautiful Assassin,00:01:58,118,848547,https://animehistory.org/uploads/screencaps/outlaw-star-E006-The-Beautiful-Assassin/cap_00-01-58_7e18.jpg,Outlaw Star Ep 6: The Beautiful Assassin @ 00:01:58,https://animehistory.org/gallery/screencaps/outlaw-star/episode-6/,https://animehistory.org/gallery/screencaps/outlaw-star/episode-6/,1,2026-10-07T01:48:56.975924+00:00,7559bf55a87273a0a745f036ee610fde2c500a9b70286c9aadeb44a69a6cd7f2,,UNVERIFIED
EP-06,The Beautiful Assassin,00:02:01,121,848548,https://animehistory.org/uploads/screencaps/outlaw-star-E006-The-Beautiful-Assassin/cap_00-02-01_13bc.jpg,Outlaw Star Ep 6: The Beautiful Assassin @ 00:02:01,https://animehistory.org/gallery/screencaps/outlaw-star/episode-6/,https://animehistory.org/gallery/screencaps/outlaw-star/episode-6/,1,2026-10-07T01:48:56.975924+00:00,7559bf55a87273a0a745f036ee610fde2c500a9b70286c9aadeb44a69a6cd7f2,,UNVERIFIED
EP-06,The Beautiful Assassin,00:02:05,125,848549,https://animehistory.org/uploads/screencaps/outlaw-star-E006-The-Beautiful-Assassin/cap_00-02-05_7b06.jpg,Outlaw Star Ep 6: The Beautiful Assassin @ 00:02:05,https://animehistory.org/gallery/screencaps/outlaw-star/episode-6/,https://animehistory.org/gallery/screencaps/outlaw-star/episode-6/,1,2026-10-07T01:48:56.975924+00:00,7559bf55a87273a0a745f036ee610fde2c500a9b70286c9aadeb44a69a6cd7f2,,UNVERIFIED
EP-06,The Beautiful Assassin,00:02:09,129,848550,https://animehistory.org/uploads/screencaps/outlaw-star-E006-The-Beautiful-Assassin/cap_00-02-09_3d4c.jpg,Outlaw Star Ep 6: The Beautiful Assassin @ 00:02:09,https://animehistory.org/gallery/screencaps/outlaw-star/episode-6/,https://animehistory.org/gallery/screencaps/outlaw-star/episode-6/,1,2026-10-07T01:48:56.975924+00:00,7559bf55a87273a0a745f036ee610fde2c500a9b70286c9aadeb44a69a6cd7f2,,UNVERIFIED
EP-06,The Beautiful Assassin,00:02:12,132,848551,https://animehistory.org/uploads/screencaps/outlaw-star-E006-The-Beautiful-Assassin/cap_00-02-12_1847.jpg,Outlaw Star Ep 6: The Beautiful Assassin @ 00:02:12,https://animehistory.org/gallery/screencaps/outlaw-star/episode-6/,https://animehistory.org/gallery/screencaps/outlaw-star/episode-6/,1,2026-10-07T01:48:56.975924+00:00,7559bf55a87273a0a745f036ee610fde2c500a9b70286c9aadeb44a69a6cd7f2,,UNVERIFIED
EP-06,The Beautiful Assassin,00:02:16,136,848552,https://animehistory.org/uploads/screencaps/outlaw-star-E006-The-Beautiful-Assassin/cap_00-02-16_6d49.jpg,Outlaw Star Ep 6: The Beautiful Assassin @ 00:02:16,https://animehistory.org/gallery/screencaps/outlaw-star/episode-6/,https://animehistory.org/gallery/screencaps/outlaw-star/episode-6/,1,2026-10-07T01:48:56.975924+00:00,7559bf55a87273a0a745f036ee610fde2c500a9b70286c9aadeb44a69a6cd7f2,,UNVERIFIED
EP-06,The Beautiful Assassin,00:02:20,140,848553,https://animehistory.org/uploads/screencaps/outlaw-star-E006-The-Beautiful-Assassin/cap_00-02-20_2aef.jpg,Outlaw Star Ep 6: The Beautiful Assassin @ 00:02:20,https://animehistory.org/gallery/screencaps/outlaw-star/episode-6/,https://animehistory.org/gallery/screencaps/outlaw-star/episode-6/,1,2026-10-07T01:48:56.975924+00:00,7559bf55a87273a0a745f036ee610fde2c500a9b70286c9aadeb44a69a6cd7f2,,UNVERIFIED
EP-06,The Beautiful Assassin,00:02:23,143,848554,https://animehistory.org/uploads/screencaps/outlaw-star-E006-The-Beautiful-Assassin/cap_00-02-23_7d3e.jpg,Outlaw Star Ep 6: The Beautiful Assassin @ 00:02:23,https://animehistory.org/gallery/screencaps/outlaw-star/episode-6/,https://animehistory.org/gallery/screencaps/outlaw-star/episode-6/,1,2026-10-07T01:48:56.975924+00:00,7559bf55a87273a0a745f036ee610fde2c500a9b70286c9aadeb44a69a6cd7f2,,UNVERIFIED
EP-06,The Beautiful Assassin,00:02:27,147,848555,https://animehistory.org/uploads/screencaps/outlaw-star-E006-The-Beautiful-Assassin/cap_00-02-27_7d3d.jpg,Outlaw Star Ep 6: The Beautiful Assassin @ 00:02:27,https://animehistory.org/gallery/screencaps/outlaw-star/episode-6/,https://animehistory.org/gallery/screencaps/outlaw-star/episode-6/,1,2026-10-07T01:48:56.975924+00:00,7559bf55a87273a0a745f036ee610fde2c500a9b70286c9aadeb44a69a6cd7f2,,UNVERIFIED
EP-06,The Beautiful Assassin,00:02:30,150,848556,https://animehistory.org/uploads/screencaps/outlaw-star-E006-The-Beautiful-Assassin/cap_00-02-30_0d11.jpg,Outlaw Star Ep 6: The Beautiful Assassin @ 00:02:30,https://animehistory.org/gallery/screencaps/outlaw-star/episode-6/,https://animehistory.org/gallery/screencaps/outlaw-star/episode-6/,1,2026-10-07T01:48:56.975924+00:00,7559bf55a87273a0a745f036ee610fde2c500a9b70286c9aadeb44a69a6cd7f2,,UNVERIFIED
EP-06,The Beautiful Assassin,00:02:34,154,848557,https://animehistory.org/uploads/screencaps/outlaw-star-E006-The-Beautiful-Assassin/cap_00-02-34_7ffe.jpg,Outlaw Star Ep 6: The Beautiful Assassin @ 00:02:34,https://animehistory.org/gallery/screencaps/outlaw-star/episode-6/,https://animehistory.org/gallery/screencaps/outlaw-star/episode-6/,1,2026-10-07T01:48:56.975924+00:00,7559bf55a87273a0a745f036ee610fde2c500a9b70286c9aadeb44a69a6cd7f2,,UNVERIFIED
EP-06,The Beautiful Assassin,00:02:38,158,848558,https://animehistory.org/uploads/screencaps/outlaw-star-E006-The-Beautiful-Assassin/cap_00-02-38_2ad1.jpg,Outlaw Star Ep 6: The Beautiful Assassin @ 00:02:38,https://animehistory.org/gallery/screencaps/outlaw-star/episode-6/,https://animehistory.org/gallery/screencaps/outlaw-star/episode-6/,1,2026-10-07T01:48:56.975924+00:00,7559bf55a87273a0a745f036ee610fde2c500a9b70286c9aadeb44a69a6cd7f2,,UNVERIFIED
EP-06,The Beautiful Assassin,00:02:41,161,848559,https://animehistory.org/uploads/screencaps/outlaw-star-E006-The-Beautiful-Assassin/cap_00-02-41_6308.jpg,Outlaw Star Ep 6: The Beautiful Assassin @ 00:02:41,https://animehistory.org/gallery/screencaps/outlaw-star/episode-6/,https://animehistory.org/gallery/screencaps/outlaw-star/episode-6/,1,2026-10-07T01:48:56.975924+00:00,7559bf55a87273a0a745f036ee610fde2c500a9b70286c9aadeb44a69a6cd7f2,,UNVERIFIED
EP-06,The Beautiful Assassin,00:02:45,165,848560,https://animehistory.org/uploads/screencaps/outlaw-star-E006-The-Beautiful-Assassin/cap_00-02-45_40fc.jpg,Outlaw Star Ep 6: The Beautiful Assassin @ 00:02:45,https://animehistory.org/gallery/screencaps/outlaw-star/episode-6/,https://animehistory.org/gallery/screencaps/outlaw-star/episode-6/,1,2026-10-07T01:48:56.975924+00:00,7559bf55a87273a0a745f036ee610fde2c500a9b70286c9aadeb44a69a6cd7f2,,UNVERIFIED
EP-06,The Beautiful Assassin,00:02:49,169,848561,https://animehistory.org/uploads/screencaps/outlaw-star-E006-The-Beautiful-Assassin/cap_00-02-49_2059.jpg,Outlaw Star Ep 6: The Beautiful Assassin @ 00:02:49,https://animehistory.org/gallery/screencaps/outlaw-star/episode-6/,https://animehistory.org/gallery/screencaps/outlaw-star/episode-6/,1,2026-10-07T01:48:56.975924+00:00,7559bf55a87273a0a745f036ee610fde2c500a9b70286c9aadeb44a69a6cd7f2,,UNVERIFIED
EP-06,The Beautiful Assassin,00:02:52,172,848562,https://animehistory.org/uploads/screencaps/outlaw-star-E006-The-Beautiful-Assassin/cap_00-02-52_25d1.jpg,Outlaw Star Ep 6: The Beautiful Assassin @ 00:02:52,https://animehistory.org/gallery/screencaps/outlaw-star/episode-6/,https://animehistory.org/gallery/screencaps/outlaw-star/episode-6/,1,2026-10-07T01:48:56.975924+00:00,7559bf55a87273a0a745f036ee610fde2c500a9b70286c9aadeb44a69a6cd7f2,,UNVERIFIED
EP-06,The Beautiful Assassin,00:02:56,176,848563,https://animehistory.org/uploads/screencaps/outlaw-star-E006-The-Beautiful-Assassin/cap_00-02-56_0081.jpg,Outlaw Star Ep 6: The Beautiful Assassin @ 00:02:56,https://animehistory.org/gallery/screencaps/outlaw-star/episode-6/,https://animehistory.org/gallery/screencaps/outlaw-star/episode-6/,1,2026-10-07T01:48:56.975924+00:00,7559bf55a87273a0a745f036ee610fde2c500a9b70286c9aadeb44a69a6cd7f2,,UNVERIFIED
EP-06,The Beautiful Assassin,00:03:00,180,848564,https://animehistory.org/uploads/screencaps/outlaw-star-E006-The-Beautiful-Assassin/cap_00-03-00_70f7.jpg,Outlaw Star Ep 6: The Beautiful Assassin @ 00:03:00,https://animehistory.org/gallery/screencaps/outlaw-star/episode-6/,https://animehistory.org/gallery/screencaps/outlaw-star/episode-6/,1,2026-10-07T01:48:56.975924+00:00,7559bf55a87273a0a745f036ee610fde2c500a9b70286c9aadeb44a69a6cd7f2,,UNVERIFIED
EP-06,The Beautiful Assassin,00:03:03,183,848565,https://animehistory.org/uploads/screencaps/outlaw-star-E006-The-Beautiful-Assassin/cap_00-03-03_6aee.jpg,Outlaw Star Ep 6: The Beautiful Assassin @ 00:03:03,https://animehistory.org/gallery/screencaps/outlaw-star/episode-6/,https://animehistory.org/gallery/screencaps/outlaw-star/episode-6/,1,2026-10-07T01:48:56.975924+00:00,7559bf55a87273a0a745f036ee610fde2c500a9b70286c9aadeb44a69a6cd7f2,,UNVERIFIED
EP-06,The Beautiful Assassin,00:03:07,187,848566,https://animehistory.org/uploads/screencaps/outlaw-star-E006-The-Beautiful-Assassin/cap_00-03-07_2258.jpg,Outlaw Star Ep 6: The Beautiful Assassin @ 00:03:07,https://animehistory.org/gallery/screencaps/outlaw-star/episode-6/,https://animehistory.org/gallery/screencaps/outlaw-star/episode-6/,1,2026-10-07T01:48:56.975924+00:00,7559bf55a87273a0a745f036ee610fde2c500a9b70286c9aadeb44a69a6cd7f2,,UNVERIFIED
EP-06,The Beautiful Assassin,00:03:10,190,848567,https://animehistory.org/uploads/screencaps/outlaw-star-E006-The-Beautiful-Assassin/cap_00-03-10_08b1.jpg,Outlaw Star Ep 6: The Beautiful Assassin @ 00:03:10,https://animehistory.org/gallery/screencaps/outlaw-star/episode-6/,https://animehistory.org/gallery/screencaps/outlaw-star/episode-6/,1,2026-10-07T01:48:56.975924+00:00,7559bf55a87273a0a745f036ee610fde2c500a9b70286c9aadeb44a69a6cd7f2,,UNVERIFIED
EP-06,The Beautiful Assassin,00:03:14,194,848568,https://animehistory.org/uploads/screencaps/outlaw-star-E006-The-Beautiful-Assassin/cap_00-03-14_38a6.jpg,Outlaw Star Ep 6: The Beautiful Assassin @ 00:03:14,https://animehistory.org/gallery/screencaps/outlaw-star/episode-6/,https://animehistory.org/gallery/screencaps/outlaw-star/episode-6/,1,2026-10-07T01:48:56.975924+00:00,7559bf55a87273a0a745f036ee610fde2c500a9b70286c9aadeb44a69a6cd7f2,,UNVERIFIED
EP-06,The Beautiful Assassin,00:03:18,198,848569,https://animehistory.org/uploads/screencaps/outlaw-star-E006-The-Beautiful-Assassin/cap_00-03-18_4559.jpg,Outlaw Star Ep 6: The Beautiful Assassin @ 00:03:18,https://animehistory.org/gallery/screencaps/outlaw-star/episode-6/,https://animehistory.org/gallery/screencaps/outlaw-star/episode-6/,1,2026-10-07T01:48:56.975924+00:00,7559bf55a87273a0a745f036ee610fde2c500a9b70286c9aadeb44a69a6cd7f2,,UNVERIFIED
EP-06,The Beautiful Assassin,00:03:21,201,848570,https://animehistory.org/uploads/screencaps/outlaw-star-E006-The-Beautiful-Assassin/cap_00-03-21_1570.jpg,Outlaw Star Ep 6: The Beautiful Assassin @ 00:03:21,https://animehistory.org/gallery/screencaps/outlaw-star/episode-6/,https://animehistory.org/gallery/screencaps/outlaw-star/episode-6/,1,2026-10-07T01:48:56.975924+00:00,7559bf55a87273a0a745f036ee610fde2c500a9b70286c9aadeb44a69a6cd7f2,,UNVERIFIED
EP-06,The Beautiful Assassin,00:03:25,205,848571,https://animehistory.org/uploads/screencaps/outlaw-star-E006-The-Beautiful-Assassin/cap_00-03-25_3c89.jpg,Outlaw Star Ep 6: The Beautiful Assassin @ 00:03:25,https://animehistory.org/gallery/screencaps/outlaw-star/episode-6/,https://animehistory.org/gallery/screencaps/outlaw-star/episode-6/,1,2026-10-07T01:48:56.975924+00:00,7559bf55a87273a0a745f036ee610fde2c500a9b70286c9aadeb44a69a6cd7f2,,UNVERIFIED
EP-06,The Beautiful Assassin,00:03:29,209,848572,https://animehistory.org/uploads/screencaps/outlaw-star-E006-The-Beautiful-Assassin/cap_00-03-29_1bc3.jpg,Outlaw Star Ep 6: The Beautiful Assassin @ 00:03:29,https://animehistory.org/gallery/screencaps/outlaw-star/episode-6/,https://animehistory.org/gallery/screencaps/outlaw-star/episode-6/,1,2026-10-07T01:48:56.975924+00:00,7559bf55a87273a0a745f036ee610fde2c500a9b70286c9aadeb44a69a6cd7f2,,UNVERIFIED
EP-06,The Beautiful Assassin,00:03:32,212,848573,https://animehistory.org/uploads/screencaps/outlaw-star-E006-The-Beautiful-Assassin/cap_00-03-32_6c93.jpg,Outlaw Star Ep 6: The Beautiful Assassin @ 00:03:32,https://animehistory.org/gallery/screencaps/outlaw-star/episode-6/,https://animehistory.org/gallery/screencaps/outlaw-star/episode-6/,1,2026-10-07T01:48:56.975924+00:00,7559bf55a87273a0a745f036ee610fde2c500a9b70286c9aadeb44a69a6cd7f2,,UNVERIFIED
EP-06,The Beautiful Assassin,00:03:36,216,848574,https://animehistory.org/uploads/screencaps/outlaw-star-E006-The-Beautiful-Assassin/cap_00-03-36_50ac.jpg,Outlaw Star Ep 6: The Beautiful Assassin @ 00:03:36,https://animehistory.org/gallery/screencaps/outlaw-star/episode-6/,https://animehistory.org/gallery/screencaps/outlaw-star/episode-6/,1,2026-10-07T01:48:56.975924+00:00,7559bf55a87273a0a745f036ee610fde2c500a9b70286c9aadeb44a69a6cd7f2,,UNVERIFIED
EP-06,The Beautiful Assassin,00:03:40,220,848575,https://animehistory.org/uploads/screencaps/outlaw-star-E006-The-Beautiful-Assassin/cap_00-03-40_519a.jpg,Outlaw Star Ep 6: The Beautiful Assassin @ 00:03:40,https://animehistory.org/gallery/screencaps/outlaw-star/episode-6/,https://animehistory.org/gallery/screencaps/outlaw-star/episode-6/,1,2026-10-07T01:48:56.975924+00:00,7559bf55a87273a0a745f036ee610fde2c500a9b70286c9aadeb44a69a6cd7f2,,UNVERIFIED
EP-06,The Beautiful Assassin,00:03:43,223,848576,https://animehistory.org/uploads/screencaps/outlaw-star-E006-The-Beautiful-Assassin/cap_00-03-43_4c51.jpg,Outlaw Star Ep 6: The Beautiful Assassin @ 00:03:43,https://animehistory.org/gallery/screencaps/outlaw-star/episode-6/,https://animehistory.org/gallery/screencaps/outlaw-star/episode-6/,1,2026-10-07T01:48:56.975924+00:00,7559bf55a87273a0a745f036ee610fde2c500a9b70286c9aadeb44a69a6cd7f2,,UNVERIFIED
EP-06,The Beautiful Assassin,00:03:47,227,848577,https://animehistory.org/uploads/screencaps/outlaw-star-E006-The-Beautiful-Assassin/cap_00-03-47_2ea6.jpg,Outlaw Star Ep 6: The Beautiful Assassin @ 00:03:47,https://animehistory.org/gallery/screencaps/outlaw-star/episode-6/,https://animehistory.org/gallery/screencaps/outlaw-star/episode-6/,1,2026-10-07T01:48:56.975924+00:00,7559bf55a87273a0a745f036ee610fde2c500a9b70286c9aadeb44a69a6cd7f2,,UNVERIFIED
EP-06,The Beautiful Assassin,00:03:50,230,848578,https://animehistory.org/uploads/screencaps/outlaw-star-E006-The-Beautiful-Assassin/cap_00-03-50_1470.jpg,Outlaw Star Ep 6: The Beautiful Assassin @ 00:03:50,https://animehistory.org/gallery/screencaps/outlaw-star/episode-6/,https://animehistory.org/gallery/screencaps/outlaw-star/episode-6/,1,2026-10-07T01:48:56.975924+00:00,7559bf55a87273a0a745f036ee610fde2c500a9b70286c9aadeb44a69a6cd7f2,,UNVERIFIED
EP-06,The Beautiful Assassin,00:03:54,234,848579,https://animehistory.org/uploads/screencaps/outlaw-star-E006-The-Beautiful-Assassin/cap_00-03-54_2717.jpg,Outlaw Star Ep 6: The Beautiful Assassin @ 00:03:54,https://animehistory.org/gallery/screencaps/outlaw-star/episode-6/,https://animehistory.org/gallery/screencaps/outlaw-star/episode-6/,1,2026-10-07T01:48:56.975924+00:00,7559bf55a87273a0a745f036ee610fde2c500a9b70286c9aadeb44a69a6cd7f2,,UNVERIFIED
EP-06,The Beautiful Assassin,00:03:58,238,848580,https://animehistory.org/uploads/screencaps/outlaw-star-E006-The-Beautiful-Assassin/cap_00-03-58_2198.jpg,Outlaw Star Ep 6: The Beautiful Assassin @ 00:03:58,https://animehistory.org/gallery/screencaps/outlaw-star/episode-6/,https://animehistory.org/gallery/screencaps/outlaw-star/episode-6/,1,2026-10-07T01:48:56.975924+00:00,7559bf55a87273a0a745f036ee610fde2c500a9b70286c9aadeb44a69a6cd7f2,,UNVERIFIED
EP-06,The Beautiful Assassin,00:04:01,241,848581,https://animehistory.org/uploads/screencaps/outlaw-star-E006-The-Beautiful-Assassin/cap_00-04-01_0385.jpg,Outlaw Star Ep 6: The Beautiful Assassin @ 00:04:01,https://animehistory.org/gallery/screencaps/outlaw-star/episode-6/,https://animehistory.org/gallery/screencaps/outlaw-star/episode-6/,1,2026-10-07T01:48:56.975924+00:00,7559bf55a87273a0a745f036ee610fde2c500a9b70286c9aadeb44a69a6cd7f2,,UNVERIFIED
EP-06,The Beautiful Assassin,00:04:05,245,848582,https://animehistory.org/uploads/screencaps/outlaw-star-E006-The-Beautiful-Assassin/cap_00-04-05_646f.jpg,Outlaw Star Ep 6: The Beautiful Assassin @ 00:04:05,https://animehistory.org/gallery/screencaps/outlaw-star/episode-6/,https://animehistory.org/gallery/screencaps/outlaw-star/episode-6/,1,2026-10-07T01:48:56.975924+00:00,7559bf55a87273a0a745f036ee610fde2c500a9b70286c9aadeb44a69a6cd7f2,,UNVERIFIED
EP-06,The Beautiful Assassin,00:04:09,249,848583,https://animehistory.org/uploads/screencaps/outlaw-star-E006-The-Beautiful-Assassin/cap_00-04-09_7e2f.jpg,Outlaw Star Ep 6: The Beautiful Assassin @ 00:04:09,https://animehistory.org/gallery/screencaps/outlaw-star/episode-6/,https://animehistory.org/gallery/screencaps/outlaw-star/episode-6/,1,2026-10-07T01:48:56.975924+00:00,7559bf55a87273a0a745f036ee610fde2c500a9b70286c9aadeb44a69a6cd7f2,,UNVERIFIED
EP-06,The Beautiful Assassin,00:04:12,252,848584,https://animehistory.org/uploads/screencaps/outlaw-star-E006-The-Beautiful-Assassin/cap_00-04-12_18ba.jpg,Outlaw Star Ep 6: The Beautiful Assassin @ 00:04:12,https://animehistory.org/gallery/screencaps/outlaw-star/episode-6/,https://animehistory.org/gallery/screencaps/outlaw-star/episode-6/,1,2026-10-07T01:48:56.975924+00:00,7559bf55a87273a0a745f036ee610fde2c500a9b70286c9aadeb44a69a6cd7f2,,UNVERIFIED
EP-06,The Beautiful Assassin,00:04:16,256,848585,https://animehistory.org/uploads/screencaps/outlaw-star-E006-The-Beautiful-Assassin/cap_00-04-16_6ef2.jpg,Outlaw Star Ep 6: The Beautiful Assassin @ 00:04:16,https://animehistory.org/gallery/screencaps/outlaw-star/episode-6/,https://animehistory.org/gallery/screencaps/outlaw-star/episode-6/,1,2026-10-07T01:48:56.975924+00:00,7559bf55a87273a0a745f036ee610fde2c500a9b70286c9aadeb44a69a6cd7f2,,UNVERIFIED
EP-06,The Beautiful Assassin,00:04:20,260,848586,https://animehistory.org/uploads/screencaps/outlaw-star-E006-The-Beautiful-Assassin/cap_00-04-20_23d6.jpg,Outlaw Star Ep 6: The Beautiful Assassin @ 00:04:20,https://animehistory.org/gallery/screencaps/outlaw-star/episode-6/,https://animehistory.org/gallery/screencaps/outlaw-star/episode-6/,1,2026-10-07T01:48:56.975924+00:00,7559bf55a87273a0a745f036ee610fde2c500a9b70286c9aadeb44a69a6cd7f2,,UNVERIFIED
EP-06,The Beautiful Assassin,00:04:23,263,848587,https://animehistory.org/uploads/screencaps/outlaw-star-E006-The-Beautiful-Assassin/cap_00-04-23_0de0.jpg,Outlaw Star Ep 6: The Beautiful Assassin @ 00:04:23,https://animehistory.org/gallery/screencaps/outlaw-star/episode-6/,https://animehistory.org/gallery/screencaps/outlaw-star/episode-6/,1,2026-10-07T01:48:56.975924+00:00,7559bf55a87273a0a745f036ee610fde2c500a9b70286c9aadeb44a69a6cd7f2,,UNVERIFIED
EP-06,The Beautiful Assassin,00:04:27,267,848588,https://animehistory.org/uploads/screencaps/outlaw-star-E006-The-Beautiful-Assassin/cap_00-04-27_5ba0.jpg,Outlaw Star Ep 6: The Beautiful Assassin @ 00:04:27,https://animehistory.org/gallery/screencaps/outlaw-star/episode-6/,https://animehistory.org/gallery/screencaps/outlaw-star/episode-6/,1,2026-10-07T01:48:56.975924+00:00,7559bf55a87273a0a745f036ee610fde2c500a9b70286c9aadeb44a69a6cd7f2,,UNVERIFIED
EP-06,The Beautiful Assassin,00:04:30,270,848589,https://animehistory.org/uploads/screencaps/outlaw-star-E006-The-Beautiful-Assassin/cap_00-04-30_5276.jpg,Outlaw Star Ep 6: The Beautiful Assassin @ 00:04:30,https://animehistory.org/gallery/screencaps/outlaw-star/episode-6/,https://animehistory.org/gallery/screencaps/outlaw-star/episode-6/,1,2026-10-07T01:48:56.975924+00:00,7559bf55a87273a0a745f036ee610fde2c500a9b70286c9aadeb44a69a6cd7f2,,UNVERIFIED
EP-06,The Beautiful Assassin,00:04:34,274,848590,https://animehistory.org/uploads/screencaps/outlaw-star-E006-The-Beautiful-Assassin/cap_00-04-34_602e.jpg,Outlaw Star Ep 6: The Beautiful Assassin @ 00:04:34,https://animehistory.org/gallery/screencaps/outlaw-star/episode-6/,https://animehistory.org/gallery/screencaps/outlaw-star/episode-6/,1,2026-10-07T01:48:56.975924+00:00,7559bf55a87273a0a745f036ee610fde2c500a9b70286c9aadeb44a69a6cd7f2,,UNVERIFIED
EP-06,The Beautiful Assassin,00:04:38,278,848591,https://animehistory.org/uploads/screencaps/outlaw-star-E006-The-Beautiful-Assassin/cap_00-04-38_2882.jpg,Outlaw Star Ep 6: The Beautiful Assassin @ 00:04:38,https://animehistory.org/gallery/screencaps/outlaw-star/episode-6/,https://animehistory.org/gallery/screencaps/outlaw-star/episode-6/,1,2026-10-07T01:48:56.975924+00:00,7559bf55a87273a0a745f036ee610fde2c500a9b70286c9aadeb44a69a6cd7f2,,UNVERIFIED
EP-06,The Beautiful Assassin,00:04:41,281,848592,https://animehistory.org/uploads/screencaps/outlaw-star-E006-The-Beautiful-Assassin/cap_00-04-41_599a.jpg,Outlaw Star Ep 6: The Beautiful Assassin @ 00:04:41,https://animehistory.org/gallery/screencaps/outlaw-star/episode-6/,https://animehistory.org/gallery/screencaps/outlaw-star/episode-6/,1,2026-10-07T01:48:56.975924+00:00,7559bf55a87273a0a745f036ee610fde2c500a9b70286c9aadeb44a69a6cd7f2,,UNVERIFIED
EP-06,The Beautiful Assassin,00:04:45,285,848593,https://animehistory.org/uploads/screencaps/outlaw-star-E006-The-Beautiful-Assassin/cap_00-04-45_0820.jpg,Outlaw Star Ep 6: The Beautiful Assassin @ 00:04:45,https://animehistory.org/gallery/screencaps/outlaw-star/episode-6/,https://animehistory.org/gallery/screencaps/outlaw-star/episode-6/,1,2026-10-07T01:48:56.975924+00:00,7559bf55a87273a0a745f036ee610fde2c500a9b70286c9aadeb44a69a6cd7f2,,UNVERIFIED
EP-06,The Beautiful Assassin,00:04:49,289,848594,https://animehistory.org/uploads/screencaps/outlaw-star-E006-The-Beautiful-Assassin/cap_00-04-49_34a5.jpg,Outlaw Star Ep 6: The Beautiful Assassin @ 00:04:49,https://animehistory.org/gallery/screencaps/outlaw-star/episode-6/,https://animehistory.org/gallery/screencaps/outlaw-star/episode-6/,1,2026-10-07T01:48:56.975924+00:00,7559bf55a87273a0a745f036ee610fde2c500a9b70286c9aadeb44a69a6cd7f2,,UNVERIFIED
EP-06,The Beautiful Assassin,00:04:52,292,848595,https://animehistory.org/uploads/screencaps/outlaw-star-E006-The-Beautiful-Assassin/cap_00-04-52_6ed7.jpg,Outlaw Star Ep 6: The Beautiful Assassin @ 00:04:52,https://animehistory.org/gallery/screencaps/outlaw-star/episode-6/,https://animehistory.org/gallery/screencaps/outlaw-star/episode-6/,1,2026-10-07T01:48:56.975924+00:00,7559bf55a87273a0a745f036ee610fde2c500a9b70286c9aadeb44a69a6cd7f2,,UNVERIFIED
EP-06,The Beautiful Assassin,00:04:56,296,848596,https://animehistory.org/uploads/screencaps/outlaw-star-E006-The-Beautiful-Assassin/cap_00-04-56_2f39.jpg,Outlaw Star Ep 6: The Beautiful Assassin @ 00:04:56,https://animehistory.org/gallery/screencaps/outlaw-star/episode-6/,https://animehistory.org/gallery/screencaps/outlaw-star/episode-6/,1,2026-10-07T01:48:56.975924+00:00,7559bf55a87273a0a745f036ee610fde2c500a9b70286c9aadeb44a69a6cd7f2,,UNVERIFIED
EP-06,The Beautiful Assassin,00:05:00,300,848597,https://animehistory.org/uploads/screencaps/outlaw-star-E006-The-Beautiful-Assassin/cap_00-05-00_098f.jpg,Outlaw Star Ep 6: The Beautiful Assassin @ 00:05:00,https://animehistory.org/gallery/screencaps/outlaw-star/episode-6/,https://animehistory.org/gallery/screencaps/outlaw-star/episode-6/,1,2026-10-07T01:48:56.975924+00:00,7559bf55a87273a0a745f036ee610fde2c500a9b70286c9aadeb44a69a6cd7f2,,UNVERIFIED
EP-06,The Beautiful Assassin,00:05:03,303,848598,https://animehistory.org/uploads/screencaps/outlaw-star-E006-The-Beautiful-Assassin/cap_00-05-03_4bfb.jpg,Outlaw Star Ep 6: The Beautiful Assassin @ 00:05:03,https://animehistory.org/gallery/screencaps/outlaw-star/episode-6/,https://animehistory.org/gallery/screencaps/outlaw-star/episode-6/,1,2026-10-07T01:48:56.975924+00:00,7559bf55a87273a0a745f036ee610fde2c500a9b70286c9aadeb44a69a6cd7f2,,UNVERIFIED
EP-06,The Beautiful Assassin,00:05:07,307,848599,https://animehistory.org/uploads/screencaps/outlaw-star-E006-The-Beautiful-Assassin/cap_00-05-07_5dcb.jpg,Outlaw Star Ep 6: The Beautiful Assassin @ 00:05:07,https://animehistory.org/gallery/screencaps/outlaw-star/episode-6/,https://animehistory.org/gallery/screencaps/outlaw-star/episode-6/,1,2026-10-07T01:48:56.975924+00:00,7559bf55a87273a0a745f036ee610fde2c500a9b70286c9aadeb44a69a6cd7f2,,UNVERIFIED
EP-06,The Beautiful Assassin,00:05:10,310,848600,https://animehistory.org/uploads/screencaps/outlaw-star-E006-The-Beautiful-Assassin/cap_00-05-10_2a44.jpg,Outlaw Star Ep 6: The Beautiful Assassin @ 00:05:10,https://animehistory.org/gallery/screencaps/outlaw-star/episode-6/,https://animehistory.org/gallery/screencaps/outlaw-star/episode-6/,1,2026-10-07T01:48:56.975924+00:00,7559bf55a87273a0a745f036ee610fde2c500a9b70286c9aadeb44a69a6cd7f2,,UNVERIFIED
EP-06,The Beautiful Assassin,00:05:14,314,848601,https://animehistory.org/uploads/screencaps/outlaw-star-E006-The-Beautiful-Assassin/cap_00-05-14_35bb.jpg,Outlaw Star Ep 6: The Beautiful Assassin @ 00:05:14,https://animehistory.org/gallery/screencaps/outlaw-star/episode-6/,https://animehistory.org/gallery/screencaps/outlaw-star/episode-6/,1,2026-10-07T01:48:56.975924+00:00,7559bf55a87273a0a745f036ee610fde2c500a9b70286c9aadeb44a69a6cd7f2,,UNVERIFIED
EP-06,The Beautiful Assassin,00:05:18,318,848602,https://animehistory.org/uploads/screencaps/outlaw-star-E006-The-Beautiful-Assassin/cap_00-05-18_2525.jpg,Outlaw Star Ep 6: The Beautiful Assassin @ 00:05:18,https://animehistory.org/gallery/screencaps/outlaw-star/episode-6/,https://animehistory.org/gallery/screencaps/outlaw-star/episode-6/,1,2026-10-07T01:48:56.975924+00:00,7559bf55a87273a0a745f036ee610fde2c500a9b70286c9aadeb44a69a6cd7f2,,UNVERIFIED
EP-06,The Beautiful Assassin,00:05:21,321,848603,https://animehistory.org/uploads/screencaps/outlaw-star-E006-The-Beautiful-Assassin/cap_00-05-21_56a7.jpg,Outlaw Star Ep 6: The Beautiful Assassin @ 00:05:21,https://animehistory.org/gallery/screencaps/outlaw-star/episode-6/,https://animehistory.org/gallery/screencaps/outlaw-star/episode-6/,1,2026-10-07T01:48:56.975924+00:00,7559bf55a87273a0a745f036ee610fde2c500a9b70286c9aadeb44a69a6cd7f2,,UNVERIFIED
EP-06,The Beautiful Assassin,00:05:25,325,848604,https://animehistory.org/uploads/screencaps/outlaw-star-E006-The-Beautiful-Assassin/cap_00-05-25_04db.jpg,Outlaw Star Ep 6: The Beautiful Assassin @ 00:05:25,https://animehistory.org/gallery/screencaps/outlaw-star/episode-6/,https://animehistory.org/gallery/screencaps/outlaw-star/episode-6/,1,2026-10-07T01:48:56.975924+00:00,7559bf55a87273a0a745f036ee610fde2c500a9b70286c9aadeb44a69a6cd7f2,,UNVERIFIED
EP-06,The Beautiful Assassin,00:05:29,329,848605,https://animehistory.org/uploads/screencaps/outlaw-star-E006-The-Beautiful-Assassin/cap_00-05-29_5340.jpg,Outlaw Star Ep 6: The Beautiful Assassin @ 00:05:29,https://animehistory.org/gallery/screencaps/outlaw-star/episode-6/,https://animehistory.org/gallery/screencaps/outlaw-star/episode-6/,1,2026-10-07T01:48:56.975924+00:00,7559bf55a87273a0a745f036ee610fde2c500a9b70286c9aadeb44a69a6cd7f2,,UNVERIFIED
EP-06,The Beautiful Assassin,00:05:32,332,848606,https://animehistory.org/uploads/screencaps/outlaw-star-E006-The-Beautiful-Assassin/cap_00-05-32_0b9a.jpg,Outlaw Star Ep 6: The Beautiful Assassin @ 00:05:32,https://animehistory.org/gallery/screencaps/outlaw-star/episode-6/,https://animehistory.org/gallery/screencaps/outlaw-star/episode-6/,1,2026-10-07T01:48:56.975924+00:00,7559bf55a87273a0a745f036ee610fde2c500a9b70286c9aadeb44a69a6cd7f2,,UNVERIFIED
EP-06,The Beautiful Assassin,00:05:36,336,848607,https://animehistory.org/uploads/screencaps/outlaw-star-E006-The-Beautiful-Assassin/cap_00-05-36_6e76.jpg,Outlaw Star Ep 6: The Beautiful Assassin @ 00:05:36,https://animehistory.org/gallery/screencaps/outlaw-star/episode-6/,https://animehistory.org/gallery/screencaps/outlaw-star/episode-6/,1,2026-10-07T01:48:56.975924+00:00,7559bf55a87273a0a745f036ee610fde2c500a9b70286c9aadeb44a69a6cd7f2,,UNVERIFIED
EP-06,The Beautiful Assassin,00:05:40,340,848608,https://animehistory.org/uploads/screencaps/outlaw-star-E006-The-Beautiful-Assassin/cap_00-05-40_5f40.jpg,Outlaw Star Ep 6: The Beautiful Assassin @ 00:05:40,https://animehistory.org/gallery/screencaps/outlaw-star/episode-6/,https://animehistory.org/gallery/screencaps/outlaw-star/episode-6/,1,2026-10-07T01:48:56.975924+00:00,7559bf55a87273a0a745f036ee610fde2c500a9b70286c9aadeb44a69a6cd7f2,,UNVERIFIED
EP-06,The Beautiful Assassin,00:05:43,343,848609,https://animehistory.org/uploads/screencaps/outlaw-star-E006-The-Beautiful-Assassin/cap_00-05-43_0fc7.jpg,Outlaw Star Ep 6: The Beautiful Assassin @ 00:05:43,https://animehistory.org/gallery/screencaps/outlaw-star/episode-6/,https://animehistory.org/gallery/screencaps/outlaw-star/episode-6/,1,2026-10-07T01:48:56.975924+00:00,7559bf55a87273a0a745f036ee610fde2c500a9b70286c9aadeb44a69a6cd7f2,,UNVERIFIED
EP-06,The Beautiful Assassin,00:05:47,347,848610,https://animehistory.org/uploads/screencaps/outlaw-star-E006-The-Beautiful-Assassin/cap_00-05-47_0e39.jpg,Outlaw Star Ep 6: The Beautiful Assassin @ 00:05:47,https://animehistory.org/gallery/screencaps/outlaw-star/episode-6/,https://animehistory.org/gallery/screencaps/outlaw-star/episode-6/,1,2026-10-07T01:48:56.975924+00:00,7559bf55a87273a0a745f036ee610fde2c500a9b70286c9aadeb44a69a6cd7f2,,UNVERIFIED
EP-06,The Beautiful Assassin,00:05:50,350,848611,https://animehistory.org/uploads/screencaps/outlaw-star-E006-The-Beautiful-Assassin/cap_00-05-50_73ea.jpg,Outlaw Star Ep 6: The Beautiful Assassin @ 00:05:50,https://animehistory.org/gallery/screencaps/outlaw-star/episode-6/,https://animehistory.org/gallery/screencaps/outlaw-star/episode-6/,1,2026-10-07T01:48:56.975924+00:00,7559bf55a87273a0a745f036ee610fde2c500a9b70286c9aadeb44a69a6cd7f2,,UNVERIFIED
EP-06,The Beautiful Assassin,00:05:54,354,848612,https://animehistory.org/uploads/screencaps/outlaw-star-E006-The-Beautiful-Assassin/cap_00-05-54_679a.jpg,Outlaw Star Ep 6: The Beautiful Assassin @ 00:05:54,https://animehistory.org/gallery/screencaps/outlaw-star/episode-6/,https://animehistory.org/gallery/screencaps/outlaw-star/episode-6/,1,2026-10-07T01:48:56.975924+00:00,7559bf55a87273a0a745f036ee610fde2c500a9b70286c9aadeb44a69a6cd7f2,,UNVERIFIED
EP-06,The Beautiful Assassin,00:05:58,358,848613,https://animehistory.org/uploads/screencaps/outlaw-star-E006-The-Beautiful-Assassin/cap_00-05-58_2cb5.jpg,Outlaw Star Ep 6: The Beautiful Assassin @ 00:05:58,https://animehistory.org/gallery/screencaps/outlaw-star/episode-6/,https://animehistory.org/gallery/screencaps/outlaw-star/episode-6/,1,2026-10-07T01:48:56.975924+00:00,7559bf55a87273a0a745f036ee610fde2c500a9b70286c9aadeb44a69a6cd7f2,,UNVERIFIED
EP-06,The Beautiful Assassin,00:06:01,361,848614,https://animehistory.org/uploads/screencaps/outlaw-star-E006-The-Beautiful-Assassin/cap_00-06-01_0d1a.jpg,Outlaw Star Ep 6: The Beautiful Assassin @ 00:06:01,https://animehistory.org/gallery/screencaps/outlaw-star/episode-6/,https://animehistory.org/gallery/screencaps/outlaw-star/episode-6/,1,2026-10-07T01:48:56.975924+00:00,7559bf55a87273a0a745f036ee610fde2c500a9b70286c9aadeb44a69a6cd7f2,,UNVERIFIED
EP-06,The Beautiful Assassin,00:06:05,365,848615,https://animehistory.org/uploads/screencaps/outlaw-star-E006-The-Beautiful-Assassin/cap_00-06-05_4f8b.jpg,Outlaw Star Ep 6: The Beautiful Assassin @ 00:06:05,https://animehistory.org/gallery/screencaps/outlaw-star/episode-6/,https://animehistory.org/gallery/screencaps/outlaw-star/episode-6/,1,2026-10-07T01:48:56.975924+00:00,7559bf55a87273a0a745f036ee610fde2c500a9b70286c9aadeb44a69a6cd7f2,,UNVERIFIED
EP-06,The Beautiful Assassin,00:06:09,369,848616,https://animehistory.org/uploads/screencaps/outlaw-star-E006-The-Beautiful-Assassin/cap_00-06-09_3d4c.jpg,Outlaw Star Ep 6: The Beautiful Assassin @ 00:06:09,https://animehistory.org/gallery/screencaps/outlaw-star/episode-6/,https://animehistory.org/gallery/screencaps/outlaw-star/episode-6/,1,2026-10-07T01:48:56.975924+00:00,7559bf55a87273a0a745f036ee610fde2c500a9b70286c9aadeb44a69a6cd7f2,,UNVERIFIED
EP-06,The Beautiful Assassin,00:06:12,372,848617,https://animehistory.org/uploads/screencaps/outlaw-star-E006-The-Beautiful-Assassin/cap_00-06-12_59f6.jpg,Outlaw Star Ep 6: The Beautiful Assassin @ 00:06:12,https://animehistory.org/gallery/screencaps/outlaw-star/episode-6/,https://animehistory.org/gallery/screencaps/outlaw-star/episode-6/,1,2026-10-07T01:48:56.975924+00:00,7559bf55a87273a0a745f036ee610fde2c500a9b70286c9aadeb44a69a6cd7f2,,UNVERIFIED
EP-06,The Beautiful Assassin,00:06:16,376,848618,https://animehistory.org/uploads/screencaps/outlaw-star-E006-The-Beautiful-Assassin/cap_00-06-16_74eb.jpg,Outlaw Star Ep 6: The Beautiful Assassin @ 00:06:16,https://animehistory.org/gallery/screencaps/outlaw-star/episode-6/,https://animehistory.org/gallery/screencaps/outlaw-star/episode-6/,1,2026-10-07T01:48:56.975924+00:00,7559bf55a87273a0a745f036ee610fde2c500a9b70286c9aadeb44a69a6cd7f2,,UNVERIFIED
EP-06,The Beautiful Assassin,00:06:20,380,848619,https://animehistory.org/uploads/screencaps/outlaw-star-E006-The-Beautiful-Assassin/cap_00-06-20_38eb.jpg,Outlaw Star Ep 6: The Beautiful Assassin @ 00:06:20,https://animehistory.org/gallery/screencaps/outlaw-star/episode-6/,https://animehistory.org/gallery/screencaps/outlaw-star/episode-6/,1,2026-10-07T01:48:56.975924+00:00,7559bf55a87273a0a745f036ee610fde2c500a9b70286c9aadeb44a69a6cd7f2,,UNVERIFIED
EP-06,The Beautiful Assassin,00:06:23,383,848620,https://animehistory.org/uploads/screencaps/outlaw-star-E006-The-Beautiful-Assassin/cap_00-06-23_1870.jpg,Outlaw Star Ep 6: The Beautiful Assassin @ 00:06:23,https://animehistory.org/gallery/screencaps/outlaw-star/episode-6/,https://animehistory.org/gallery/screencaps/outlaw-star/episode-6/,1,2026-10-07T01:48:56.975924+00:00,7559bf55a87273a0a745f036ee610fde2c500a9b70286c9aadeb44a69a6cd7f2,,UNVERIFIED
EP-06,The Beautiful Assassin,00:06:27,387,848621,https://animehistory.org/uploads/screencaps/outlaw-star-E006-The-Beautiful-Assassin/cap_00-06-27_296e.jpg,Outlaw Star Ep 6: The Beautiful Assassin @ 00:06:27,https://animehistory.org/gallery/screencaps/outlaw-star/episode-6/,https://animehistory.org/gallery/screencaps/outlaw-star/episode-6/,1,2026-10-07T01:48:56.975924+00:00,7559bf55a87273a0a745f036ee610fde2c500a9b70286c9aadeb44a69a6cd7f2,,UNVERIFIED
EP-06,The Beautiful Assassin,00:06:30,390,848622,https://animehistory.org/uploads/screencaps/outlaw-star-E006-The-Beautiful-Assassin/cap_00-06-30_3a2f.jpg,Outlaw Star Ep 6: The Beautiful Assassin @ 00:06:30,https://animehistory.org/gallery/screencaps/outlaw-star/episode-6/,https://animehistory.org/gallery/screencaps/outlaw-star/episode-6/,1,2026-10-07T01:48:56.975924+00:00,7559bf55a87273a0a745f036ee610fde2c500a9b70286c9aadeb44a69a6cd7f2,,UNVERIFIED
EP-06,The Beautiful Assassin,00:06:34,394,848623,https://animehistory.org/uploads/screencaps/outlaw-star-E006-The-Beautiful-Assassin/cap_00-06-34_76f4.jpg,Outlaw Star Ep 6: The Beautiful Assassin @ 00:06:34,https://animehistory.org/gallery/screencaps/outlaw-star/episode-6/,https://animehistory.org/gallery/screencaps/outlaw-star/episode-6/,1,2026-10-07T01:48:56.975924+00:00,7559bf55a87273a0a745f036ee610fde2c500a9b70286c9aadeb44a69a6cd7f2,,UNVERIFIED
EP-06,The Beautiful Assassin,00:06:38,398,848624,https://animehistory.org/uploads/screencaps/outlaw-star-E006-The-Beautiful-Assassin/cap_00-06-38_1158.jpg,Outlaw Star Ep 6: The Beautiful Assassin @ 00:06:38,https://animehistory.org/gallery/screencaps/outlaw-star/episode-6/,https://animehistory.org/gallery/screencaps/outlaw-star/episode-6/,1,2026-10-07T01:48:56.975924+00:00,7559bf55a87273a0a745f036ee610fde2c500a9b70286c9aadeb44a69a6cd7f2,,UNVERIFIED
EP-06,The Beautiful Assassin,00:06:41,401,848625,https://animehistory.org/uploads/screencaps/outlaw-star-E006-The-Beautiful-Assassin/cap_00-06-41_387a.jpg,Outlaw Star Ep 6: The Beautiful Assassin @ 00:06:41,https://animehistory.org/gallery/screencaps/outlaw-star/episode-6/,https://animehistory.org/gallery/screencaps/outlaw-star/episode-6/,1,2026-10-07T01:48:56.975924+00:00,7559bf55a87273a0a745f036ee610fde2c500a9b70286c9aadeb44a69a6cd7f2,,UNVERIFIED
EP-06,The Beautiful Assassin,00:06:45,405,848626,https://animehistory.org/uploads/screencaps/outlaw-star-E006-The-Beautiful-Assassin/cap_00-06-45_56e2.jpg,Outlaw Star Ep 6: The Beautiful Assassin @ 00:06:45,https://animehistory.org/gallery/screencaps/outlaw-star/episode-6/,https://animehistory.org/gallery/screencaps/outlaw-star/episode-6/,1,2026-10-07T01:48:56.975924+00:00,7559bf55a87273a0a745f036ee610fde2c500a9b70286c9aadeb44a69a6cd7f2,,UNVERIFIED
EP-06,The Beautiful Assassin,00:06:49,409,848627,https://animehistory.org/uploads/screencaps/outlaw-star-E006-The-Beautiful-Assassin/cap_00-06-49_4ba9.jpg,Outlaw Star Ep 6: The Beautiful Assassin @ 00:06:49,https://animehistory.org/gallery/screencaps/outlaw-star/episode-6/,https://animehistory.org/gallery/screencaps/outlaw-star/episode-6/,1,2026-10-07T01:48:56.975924+00:00,7559bf55a87273a0a745f036ee610fde2c500a9b70286c9aadeb44a69a6cd7f2,,UNVERIFIED
EP-06,The Beautiful Assassin,00:06:52,412,848628,https://animehistory.org/uploads/screencaps/outlaw-star-E006-The-Beautiful-Assassin/cap_00-06-52_7a4e.jpg,Outlaw Star Ep 6: The Beautiful Assassin @ 00:06:52,https://animehistory.org/gallery/screencaps/outlaw-star/episode-6/,https://animehistory.org/gallery/screencaps/outlaw-star/episode-6/,1,2026-10-07T01:48:56.975924+00:00,7559bf55a87273a0a745f036ee610fde2c500a9b70286c9aadeb44a69a6cd7f2,,UNVERIFIED
EP-06,The Beautiful Assassin,00:06:56,416,848629,https://animehistory.org/uploads/screencaps/outlaw-star-E006-The-Beautiful-Assassin/cap_00-06-56_4ae5.jpg,Outlaw Star Ep 6: The Beautiful Assassin @ 00:06:56,https://animehistory.org/gallery/screencaps/outlaw-star/episode-6/,https://animehistory.org/gallery/screencaps/outlaw-star/episode-6/,1,2026-10-07T01:48:56.975924+00:00,7559bf55a87273a0a745f036ee610fde2c500a9b70286c9aadeb44a69a6cd7f2,,UNVERIFIED
EP-06,The Beautiful Assassin,00:07:00,420,848630,https://animehistory.org/uploads/screencaps/outlaw-star-E006-The-Beautiful-Assassin/cap_00-07-00_6295.jpg,Outlaw Star Ep 6: The Beautiful Assassin @ 00:07:00,https://animehistory.org/gallery/screencaps/outlaw-star/episode-6/,https://animehistory.org/gallery/screencaps/outlaw-star/episode-6/,1,2026-10-07T01:48:56.975924+00:00,7559bf55a87273a0a745f036ee610fde2c500a9b70286c9aadeb44a69a6cd7f2,,UNVERIFIED
EP-06,The Beautiful Assassin,00:07:03,423,848631,https://animehistory.org/uploads/screencaps/outlaw-star-E006-The-Beautiful-Assassin/cap_00-07-03_6428.jpg,Outlaw Star Ep 6: The Beautiful Assassin @ 00:07:03,https://animehistory.org/gallery/screencaps/outlaw-star/episode-6/,https://animehistory.org/gallery/screencaps/outlaw-star/episode-6/,1,2026-10-07T01:48:56.975924+00:00,7559bf55a87273a0a745f036ee610fde2c500a9b70286c9aadeb44a69a6cd7f2,,UNVERIFIED
EP-06,The Beautiful Assassin,00:07:07,427,848632,https://animehistory.org/uploads/screencaps/outlaw-star-E006-The-Beautiful-Assassin/cap_00-07-07_5815.jpg,Outlaw Star Ep 6: The Beautiful Assassin @ 00:07:07,https://animehistory.org/gallery/screencaps/outlaw-star/episode-6/,https://animehistory.org/gallery/screencaps/outlaw-star/episode-6/,1,2026-10-07T01:48:56.975924+00:00,7559bf55a87273a0a745f036ee610fde2c500a9b70286c9aadeb44a69a6cd7f2,,UNVERIFIED
EP-06,The Beautiful Assassin,00:07:10,430,848633,https://animehistory.org/uploads/screencaps/outlaw-star-E006-The-Beautiful-Assassin/cap_00-07-10_04a6.jpg,Outlaw Star Ep 6: The Beautiful Assassin @ 00:07:10,https://animehistory.org/gallery/screencaps/outlaw-star/episode-6/,https://animehistory.org/gallery/screencaps/outlaw-star/episode-6/,1,2026-10-07T01:48:56.975924+00:00,7559bf55a87273a0a745f036ee610fde2c500a9b70286c9aadeb44a69a6cd7f2,,UNVERIFIED
EP-06,The Beautiful Assassin,00:07:14,434,848634,https://animehistory.org/uploads/screencaps/outlaw-star-E006-The-Beautiful-Assassin/cap_00-07-14_72f6.jpg,Outlaw Star Ep 6: The Beautiful Assassin @ 00:07:14,https://animehistory.org/gallery/screencaps/outlaw-star/episode-6/,https://animehistory.org/gallery/screencaps/outlaw-star/episode-6/,1,2026-10-07T01:48:56.975924+00:00,7559bf55a87273a0a745f036ee610fde2c500a9b70286c9aadeb44a69a6cd7f2,,UNVERIFIED
EP-06,The Beautiful Assassin,00:07:18,438,848635,https://animehistory.org/uploads/screencaps/outlaw-star-E006-The-Beautiful-Assassin/cap_00-07-18_770a.jpg,Outlaw Star Ep 6: The Beautiful Assassin @ 00:07:18,https://animehistory.org/gallery/screencaps/outlaw-star/episode-6/,https://animehistory.org/gallery/screencaps/outlaw-star/episode-6/,1,2026-10-07T01:48:56.975924+00:00,7559bf55a87273a0a745f036ee610fde2c500a9b70286c9aadeb44a69a6cd7f2,,UNVERIFIED
EP-06,The Beautiful Assassin,00:07:21,441,848636,https://animehistory.org/uploads/screencaps/outlaw-star-E006-The-Beautiful-Assassin/cap_00-07-21_0749.jpg,Outlaw Star Ep 6: The Beautiful Assassin @ 00:07:21,https://animehistory.org/gallery/screencaps/outlaw-star/episode-6/,https://animehistory.org/gallery/screencaps/outlaw-star/episode-6/,1,2026-10-07T01:48:56.975924+00:00,7559bf55a87273a0a745f036ee610fde2c500a9b70286c9aadeb44a69a6cd7f2,,UNVERIFIED
EP-06,The Beautiful Assassin,00:07:25,445,848637,https://animehistory.org/uploads/screencaps/outlaw-star-E006-The-Beautiful-Assassin/cap_00-07-25_07c9.jpg,Outlaw Star Ep 6: The Beautiful Assassin @ 00:07:25,https://animehistory.org/gallery/screencaps/outlaw-star/episode-6/,https://animehistory.org/gallery/screencaps/outlaw-star/episode-6/,1,2026-10-07T01:48:56.975924+00:00,7559bf55a87273a0a745f036ee610fde2c500a9b70286c9aadeb44a69a6cd7f2,,UNVERIFIED
EP-06,The Beautiful Assassin,00:07:29,449,848638,https://animehistory.org/uploads/screencaps/outlaw-star-E006-The-Beautiful-Assassin/cap_00-07-29_356a.jpg,Outlaw Star Ep 6: The Beautiful Assassin @ 00:07:29,https://animehistory.org/gallery/screencaps/outlaw-star/episode-6/,https://animehistory.org/gallery/screencaps/outlaw-star/episode-6/,1,2026-10-07T01:48:56.975924+00:00,7559bf55a87273a0a745f036ee610fde2c500a9b70286c9aadeb44a69a6cd7f2,,UNVERIFIED
EP-06,The Beautiful Assassin,00:07:32,452,848639,https://animehistory.org/uploads/screencaps/outlaw-star-E006-The-Beautiful-Assassin/cap_00-07-32_05f4.jpg,Outlaw Star Ep 6: The Beautiful Assassin @ 00:07:32,https://animehistory.org/gallery/screencaps/outlaw-star/episode-6/,https://animehistory.org/gallery/screencaps/outlaw-star/episode-6/,1,2026-10-07T01:48:56.975924+00:00,7559bf55a87273a0a745f036ee610fde2c500a9b70286c9aadeb44a69a6cd7f2,,UNVERIFIED
EP-06,The Beautiful Assassin,00:07:36,456,848640,https://animehistory.org/uploads/screencaps/outlaw-star-E006-The-Beautiful-Assassin/cap_00-07-36_0786.jpg,Outlaw Star Ep 6: The Beautiful Assassin @ 00:07:36,https://animehistory.org/gallery/screencaps/outlaw-star/episode-6/,https://animehistory.org/gallery/screencaps/outlaw-star/episode-6/,1,2026-10-07T01:48:56.975924+00:00,7559bf55a87273a0a745f036ee610fde2c500a9b70286c9aadeb44a69a6cd7f2,,UNVERIFIED
EP-06,The Beautiful Assassin,00:07:40,460,848641,https://animehistory.org/uploads/screencaps/outlaw-star-E006-The-Beautiful-Assassin/cap_00-07-40_12bf.jpg,Outlaw Star Ep 6: The Beautiful Assassin @ 00:07:40,https://animehistory.org/gallery/screencaps/outlaw-star/episode-6/,https://animehistory.org/gallery/screencaps/outlaw-star/episode-6/,1,2026-10-07T01:48:56.975924+00:00,7559bf55a87273a0a745f036ee610fde2c500a9b70286c9aadeb44a69a6cd7f2,,UNVERIFIED
EP-06,The Beautiful Assassin,00:07:43,463,848642,https://animehistory.org/uploads/screencaps/outlaw-star-E006-The-Beautiful-Assassin/cap_00-07-43_2c99.jpg,Outlaw Star Ep 6: The Beautiful Assassin @ 00:07:43,https://animehistory.org/gallery/screencaps/outlaw-star/episode-6/,https://animehistory.org/gallery/screencaps/outlaw-star/episode-6/,1,2026-10-07T01:48:56.975924+00:00,7559bf55a87273a0a745f036ee610fde2c500a9b70286c9aadeb44a69a6cd7f2,,UNVERIFIED
EP-06,The Beautiful Assassin,00:07:47,467,848643,https://animehistory.org/uploads/screencaps/outlaw-star-E006-The-Beautiful-Assassin/cap_00-07-47_265b.jpg,Outlaw Star Ep 6: The Beautiful Assassin @ 00:07:47,https://animehistory.org/gallery/screencaps/outlaw-star/episode-6/,https://animehistory.org/gallery/screencaps/outlaw-star/episode-6/?page=2,2,2026-10-07T01:48:58.440462+00:00,aad182657782b6ea14fdacd0030699e6be807d63e2881e134b495f48893679d0,,UNVERIFIED
EP-06,The Beautiful Assassin,00:07:50,470,848644,https://animehistory.org/uploads/screencaps/outlaw-star-E006-The-Beautiful-Assassin/cap_00-07-50_139d.jpg,Outlaw Star Ep 6: The Beautiful Assassin @ 00:07:50,https://animehistory.org/gallery/screencaps/outlaw-star/episode-6/,https://animehistory.org/gallery/screencaps/outlaw-star/episode-6/?page=2,2,2026-10-07T01:48:58.440462+00:00,aad182657782b6ea14fdacd0030699e6be807d63e2881e134b495f48893679d0,,UNVERIFIED
EP-06,The Beautiful Assassin,00:07:54,474,848645,https://animehistory.org/uploads/screencaps/outlaw-star-E006-The-Beautiful-Assassin/cap_00-07-54_5eba.jpg,Outlaw Star Ep 6: The Beautiful Assassin @ 00:07:54,https://animehistory.org/gallery/screencaps/outlaw-star/episode-6/,https://animehistory.org/gallery/screencaps/outlaw-star/episode-6/?page=2,2,2026-10-07T01:48:58.440462+00:00,aad182657782b6ea14fdacd0030699e6be807d63e2881e134b495f48893679d0,,UNVERIFIED
EP-06,The Beautiful Assassin,00:07:58,478,848646,https://animehistory.org/uploads/screencaps/outlaw-star-E006-The-Beautiful-Assassin/cap_00-07-58_06c2.jpg,Outlaw Star Ep 6: The Beautiful Assassin @ 00:07:58,https://animehistory.org/gallery/screencaps/outlaw-star/episode-6/,https://animehistory.org/gallery/screencaps/outlaw-star/episode-6/?page=2,2,2026-10-07T01:48:58.440462+00:00,aad182657782b6ea14fdacd0030699e6be807d63e2881e134b495f48893679d0,,UNVERIFIED
EP-06,The Beautiful Assassin,00:08:01,481,848647,https://animehistory.org/uploads/screencaps/outlaw-star-E006-The-Beautiful-Assassin/cap_00-08-01_0cc2.jpg,Outlaw Star Ep 6: The Beautiful Assassin @ 00:08:01,https://animehistory.org/gallery/screencaps/outlaw-star/episode-6/,https://animehistory.org/gallery/screencaps/outlaw-star/episode-6/?page=2,2,2026-10-07T01:48:58.440462+00:00,aad182657782b6ea14fdacd0030699e6be807d63e2881e134b495f48893679d0,,UNVERIFIED
EP-06,The Beautiful Assassin,00:08:05,485,848648,https://animehistory.org/uploads/screencaps/outlaw-star-E006-The-Beautiful-Assassin/cap_00-08-05_6202.jpg,Outlaw Star Ep 6: The Beautiful Assassin @ 00:08:05,https://animehistory.org/gallery/screencaps/outlaw-star/episode-6/,https://animehistory.org/gallery/screencaps/outlaw-star/episode-6/?page=2,2,2026-10-07T01:48:58.440462+00:00,aad182657782b6ea14fdacd0030699e6be807d63e2881e134b495f48893679d0,,UNVERIFIED
EP-06,The Beautiful Assassin,00:08:09,489,848649,https://animehistory.org/uploads/screencaps/outlaw-star-E006-The-Beautiful-Assassin/cap_00-08-09_6796.jpg,Outlaw Star Ep 6: The Beautiful Assassin @ 00:08:09,https://animehistory.org/gallery/screencaps/outlaw-star/episode-6/,https://animehistory.org/gallery/screencaps/outlaw-star/episode-6/?page=2,2,2026-10-07T01:48:58.440462+00:00,aad182657782b6ea14fdacd0030699e6be807d63e2881e134b495f48893679d0,,UNVERIFIED
EP-06,The Beautiful Assassin,00:08:12,492,848650,https://animehistory.org/uploads/screencaps/outlaw-star-E006-The-Beautiful-Assassin/cap_00-08-12_1b0d.jpg,Outlaw Star Ep 6: The Beautiful Assassin @ 00:08:12,https://animehistory.org/gallery/screencaps/outlaw-star/episode-6/,https://animehistory.org/gallery/screencaps/outlaw-star/episode-6/?page=2,2,2026-10-07T01:48:58.440462+00:00,aad182657782b6ea14fdacd0030699e6be807d63e2881e134b495f48893679d0,,UNVERIFIED
EP-06,The Beautiful Assassin,00:08:16,496,848651,https://animehistory.org/uploads/screencaps/outlaw-star-E006-The-Beautiful-Assassin/cap_00-08-16_0e53.jpg,Outlaw Star Ep 6: The Beautiful Assassin @ 00:08:16,https://animehistory.org/gallery/screencaps/outlaw-star/episode-6/,https://animehistory.org/gallery/screencaps/outlaw-star/episode-6/?page=2,2,2026-10-07T01:48:58.440462+00:00,aad182657782b6ea14fdacd0030699e6be807d63e2881e134b495f48893679d0,,UNVERIFIED
EP-06,The Beautiful Assassin,00:08:20,500,848652,https://animehistory.org/uploads/screencaps/outlaw-star-E006-The-Beautiful-Assassin/cap_00-08-20_733d.jpg,Outlaw Star Ep 6: The Beautiful Assassin @ 00:08:20,https://animehistory.org/gallery/screencaps/outlaw-star/episode-6/,https://animehistory.org/gallery/screencaps/outlaw-star/episode-6/?page=2,2,2026-10-07T01:48:58.440462+00:00,aad182657782b6ea14fdacd0030699e6be807d63e2881e134b495f48893679d0,,UNVERIFIED
EP-06,The Beautiful Assassin,00:08:23,503,848653,https://animehistory.org/uploads/screencaps/outlaw-star-E006-The-Beautiful-Assassin/cap_00-08-23_128f.jpg,Outlaw Star Ep 6: The Beautiful Assassin @ 00:08:23,https://animehistory.org/gallery/screencaps/outlaw-star/episode-6/,https://animehistory.org/gallery/screencaps/outlaw-star/episode-6/?page=2,2,2026-10-07T01:48:58.440462+00:00,aad182657782b6ea14fdacd0030699e6be807d63e2881e134b495f48893679d0,,UNVERIFIED
EP-06,The Beautiful Assassin,00:08:27,507,848654,https://animehistory.org/uploads/screencaps/outlaw-star-E006-The-Beautiful-Assassin/cap_00-08-27_3fa3.jpg,Outlaw Star Ep 6: The Beautiful Assassin @ 00:08:27,https://animehistory.org/gallery/screencaps/outlaw-star/episode-6/,https://animehistory.org/gallery/screencaps/outlaw-star/episode-6/?page=2,2,2026-10-07T01:48:58.440462+00:00,aad182657782b6ea14fdacd0030699e6be807d63e2881e134b495f48893679d0,,UNVERIFIED
EP-06,The Beautiful Assassin,00:08:30,510,848655,https://animehistory.org/uploads/screencaps/outlaw-star-E006-The-Beautiful-Assassin/cap_00-08-30_23d9.jpg,Outlaw Star Ep 6: The Beautiful Assassin @ 00:08:30,https://animehistory.org/gallery/screencaps/outlaw-star/episode-6/,https://animehistory.org/gallery/screencaps/outlaw-star/episode-6/?page=2,2,2026-10-07T01:48:58.440462+00:00,aad182657782b6ea14fdacd0030699e6be807d63e2881e134b495f48893679d0,,UNVERIFIED
EP-06,The Beautiful Assassin,00:08:34,514,848656,https://animehistory.org/uploads/screencaps/outlaw-star-E006-The-Beautiful-Assassin/cap_00-08-34_3c93.jpg,Outlaw Star Ep 6: The Beautiful Assassin @ 00:08:34,https://animehistory.org/gallery/screencaps/outlaw-star/episode-6/,https://animehistory.org/gallery/screencaps/outlaw-star/episode-6/?page=2,2,2026-10-07T01:48:58.440462+00:00,aad182657782b6ea14fdacd0030699e6be807d63e2881e134b495f48893679d0,,UNVERIFIED
EP-06,The Beautiful Assassin,00:08:38,518,848657,https://animehistory.org/uploads/screencaps/outlaw-star-E006-The-Beautiful-Assassin/cap_00-08-38_377a.jpg,Outlaw Star Ep 6: The Beautiful Assassin @ 00:08:38,https://animehistory.org/gallery/screencaps/outlaw-star/episode-6/,https://animehistory.org/gallery/screencaps/outlaw-star/episode-6/?page=2,2,2026-10-07T01:48:58.440462+00:00,aad182657782b6ea14fdacd0030699e6be807d63e2881e134b495f48893679d0,,UNVERIFIED
EP-06,The Beautiful Assassin,00:08:41,521,848658,https://animehistory.org/uploads/screencaps/outlaw-star-E006-The-Beautiful-Assassin/cap_00-08-41_31be.jpg,Outlaw Star Ep 6: The Beautiful Assassin @ 00:08:41,https://animehistory.org/gallery/screencaps/outlaw-star/episode-6/,https://animehistory.org/gallery/screencaps/outlaw-star/episode-6/?page=2,2,2026-10-07T01:48:58.440462+00:00,aad182657782b6ea14fdacd0030699e6be807d63e2881e134b495f48893679d0,,UNVERIFIED
EP-06,The Beautiful Assassin,00:08:45,525,848659,https://animehistory.org/uploads/screencaps/outlaw-star-E006-The-Beautiful-Assassin/cap_00-08-45_1eab.jpg,Outlaw Star Ep 6: The Beautiful Assassin @ 00:08:45,https://animehistory.org/gallery/screencaps/outlaw-star/episode-6/,https://animehistory.org/gallery/screencaps/outlaw-star/episode-6/?page=2,2,2026-10-07T01:48:58.440462+00:00,aad182657782b6ea14fdacd0030699e6be807d63e2881e134b495f48893679d0,,UNVERIFIED
EP-06,The Beautiful Assassin,00:08:49,529,848660,https://animehistory.org/uploads/screencaps/outlaw-star-E006-The-Beautiful-Assassin/cap_00-08-49_018f.jpg,Outlaw Star Ep 6: The Beautiful Assassin @ 00:08:49,https://animehistory.org/gallery/screencaps/outlaw-star/episode-6/,https://animehistory.org/gallery/screencaps/outlaw-star/episode-6/?page=2,2,2026-10-07T01:48:58.440462+00:00,aad182657782b6ea14fdacd0030699e6be807d63e2881e134b495f48893679d0,,UNVERIFIED
EP-06,The Beautiful Assassin,00:08:52,532,848661,https://animehistory.org/uploads/screencaps/outlaw-star-E006-The-Beautiful-Assassin/cap_00-08-52_2adc.jpg,Outlaw Star Ep 6: The Beautiful Assassin @ 00:08:52,https://animehistory.org/gallery/screencaps/outlaw-star/episode-6/,https://animehistory.org/gallery/screencaps/outlaw-star/episode-6/?page=2,2,2026-10-07T01:48:58.440462+00:00,aad182657782b6ea14fdacd0030699e6be807d63e2881e134b495f48893679d0,,UNVERIFIED
EP-06,The Beautiful Assassin,00:08:56,536,848662,https://animehistory.org/uploads/screencaps/outlaw-star-E006-The-Beautiful-Assassin/cap_00-08-56_38d1.jpg,Outlaw Star Ep 6: The Beautiful Assassin @ 00:08:56,https://animehistory.org/gallery/screencaps/outlaw-star/episode-6/,https://animehistory.org/gallery/screencaps/outlaw-star/episode-6/?page=2,2,2026-10-07T01:48:58.440462+00:00,aad182657782b6ea14fdacd0030699e6be807d63e2881e134b495f48893679d0,,UNVERIFIED
EP-06,The Beautiful Assassin,00:09:00,540,848663,https://animehistory.org/uploads/screencaps/outlaw-star-E006-The-Beautiful-Assassin/cap_00-09-00_15e4.jpg,Outlaw Star Ep 6: The Beautiful Assassin @ 00:09:00,https://animehistory.org/gallery/screencaps/outlaw-star/episode-6/,https://animehistory.org/gallery/screencaps/outlaw-star/episode-6/?page=2,2,2026-10-07T01:48:58.440462+00:00,aad182657782b6ea14fdacd0030699e6be807d63e2881e134b495f48893679d0,,UNVERIFIED
EP-06,The Beautiful Assassin,00:09:03,543,848664,https://animehistory.org/uploads/screencaps/outlaw-star-E006-The-Beautiful-Assassin/cap_00-09-03_78f1.jpg,Outlaw Star Ep 6: The Beautiful Assassin @ 00:09:03,https://animehistory.org/gallery/screencaps/outlaw-star/episode-6/,https://animehistory.org/gallery/screencaps/outlaw-star/episode-6/?page=2,2,2026-10-07T01:48:58.440462+00:00,aad182657782b6ea14fdacd0030699e6be807d63e2881e134b495f48893679d0,,UNVERIFIED
EP-06,The Beautiful Assassin,00:09:07,547,848665,https://animehistory.org/uploads/screencaps/outlaw-star-E006-The-Beautiful-Assassin/cap_00-09-07_3ef3.jpg,Outlaw Star Ep 6: The Beautiful Assassin @ 00:09:07,https://animehistory.org/gallery/screencaps/outlaw-star/episode-6/,https://animehistory.org/gallery/screencaps/outlaw-star/episode-6/?page=2,2,2026-10-07T01:48:58.440462+00:00,aad182657782b6ea14fdacd0030699e6be807d63e2881e134b495f48893679d0,,UNVERIFIED
EP-06,The Beautiful Assassin,00:09:10,550,848666,https://animehistory.org/uploads/screencaps/outlaw-star-E006-The-Beautiful-Assassin/cap_00-09-10_1836.jpg,Outlaw Star Ep 6: The Beautiful Assassin @ 00:09:10,https://animehistory.org/gallery/screencaps/outlaw-star/episode-6/,https://animehistory.org/gallery/screencaps/outlaw-star/episode-6/?page=2,2,2026-10-07T01:48:58.440462+00:00,aad182657782b6ea14fdacd0030699e6be807d63e2881e134b495f48893679d0,,UNVERIFIED
EP-06,The Beautiful Assassin,00:09:14,554,848667,https://animehistory.org/uploads/screencaps/outlaw-star-E006-The-Beautiful-Assassin/cap_00-09-14_7f3e.jpg,Outlaw Star Ep 6: The Beautiful Assassin @ 00:09:14,https://animehistory.org/gallery/screencaps/outlaw-star/episode-6/,https://animehistory.org/gallery/screencaps/outlaw-star/episode-6/?page=2,2,2026-10-07T01:48:58.440462+00:00,aad182657782b6ea14fdacd0030699e6be807d63e2881e134b495f48893679d0,,UNVERIFIED
EP-06,The Beautiful Assassin,00:09:18,558,848668,https://animehistory.org/uploads/screencaps/outlaw-star-E006-The-Beautiful-Assassin/cap_00-09-18_6d0a.jpg,Outlaw Star Ep 6: The Beautiful Assassin @ 00:09:18,https://animehistory.org/gallery/screencaps/outlaw-star/episode-6/,https://animehistory.org/gallery/screencaps/outlaw-star/episode-6/?page=2,2,2026-10-07T01:48:58.440462+00:00,aad182657782b6ea14fdacd0030699e6be807d63e2881e134b495f48893679d0,,UNVERIFIED
EP-06,The Beautiful Assassin,00:09:21,561,848669,https://animehistory.org/uploads/screencaps/outlaw-star-E006-The-Beautiful-Assassin/cap_00-09-21_2b38.jpg,Outlaw Star Ep 6: The Beautiful Assassin @ 00:09:21,https://animehistory.org/gallery/screencaps/outlaw-star/episode-6/,https://animehistory.org/gallery/screencaps/outlaw-star/episode-6/?page=2,2,2026-10-07T01:48:58.440462+00:00,aad182657782b6ea14fdacd0030699e6be807d63e2881e134b495f48893679d0,,UNVERIFIED
EP-06,The Beautiful Assassin,00:09:25,565,848670,https://animehistory.org/uploads/screencaps/outlaw-star-E006-The-Beautiful-Assassin/cap_00-09-25_55af.jpg,Outlaw Star Ep 6: The Beautiful Assassin @ 00:09:25,https://animehistory.org/gallery/screencaps/outlaw-star/episode-6/,https://animehistory.org/gallery/screencaps/outlaw-star/episode-6/?page=2,2,2026-10-07T01:48:58.440462+00:00,aad182657782b6ea14fdacd0030699e6be807d63e2881e134b495f48893679d0,,UNVERIFIED
EP-06,The Beautiful Assassin,00:09:29,569,848671,https://animehistory.org/uploads/screencaps/outlaw-star-E006-The-Beautiful-Assassin/cap_00-09-29_1a33.jpg,Outlaw Star Ep 6: The Beautiful Assassin @ 00:09:29,https://animehistory.org/gallery/screencaps/outlaw-star/episode-6/,https://animehistory.org/gallery/screencaps/outlaw-star/episode-6/?page=2,2,2026-10-07T01:48:58.440462+00:00,aad182657782b6ea14fdacd0030699e6be807d63e2881e134b495f48893679d0,,UNVERIFIED
EP-06,The Beautiful Assassin,00:09:32,572,848672,https://animehistory.org/uploads/screencaps/outlaw-star-E006-The-Beautiful-Assassin/cap_00-09-32_61d3.jpg,Outlaw Star Ep 6: The Beautiful Assassin @ 00:09:32,https://animehistory.org/gallery/screencaps/outlaw-star/episode-6/,https://animehistory.org/gallery/screencaps/outlaw-star/episode-6/?page=2,2,2026-10-07T01:48:58.440462+00:00,aad182657782b6ea14fdacd0030699e6be807d63e2881e134b495f48893679d0,,UNVERIFIED
EP-06,The Beautiful Assassin,00:09:36,576,848673,https://animehistory.org/uploads/screencaps/outlaw-star-E006-The-Beautiful-Assassin/cap_00-09-36_1818.jpg,Outlaw Star Ep 6: The Beautiful Assassin @ 00:09:36,https://animehistory.org/gallery/screencaps/outlaw-star/episode-6/,https://animehistory.org/gallery/screencaps/outlaw-star/episode-6/?page=2,2,2026-10-07T01:48:58.440462+00:00,aad182657782b6ea14fdacd0030699e6be807d63e2881e134b495f48893679d0,,UNVERIFIED
EP-06,The Beautiful Assassin,00:09:40,580,848674,https://animehistory.org/uploads/screencaps/outlaw-star-E006-The-Beautiful-Assassin/cap_00-09-40_667e.jpg,Outlaw Star Ep 6: The Beautiful Assassin @ 00:09:40,https://animehistory.org/gallery/screencaps/outlaw-star/episode-6/,https://animehistory.org/gallery/screencaps/outlaw-star/episode-6/?page=2,2,2026-10-07T01:48:58.440462+00:00,aad182657782b6ea14fdacd0030699e6be807d63e2881e134b495f48893679d0,,UNVERIFIED
EP-06,The Beautiful Assassin,00:09:43,583,848675,https://animehistory.org/uploads/screencaps/outlaw-star-E006-The-Beautiful-Assassin/cap_00-09-43_70a9.jpg,Outlaw Star Ep 6: The Beautiful Assassin @ 00:09:43,https://animehistory.org/gallery/screencaps/outlaw-star/episode-6/,https://animehistory.org/gallery/screencaps/outlaw-star/episode-6/?page=2,2,2026-10-07T01:48:58.440462+00:00,aad182657782b6ea14fdacd0030699e6be807d63e2881e134b495f48893679d0,,UNVERIFIED
EP-06,The Beautiful Assassin,00:09:47,587,848676,https://animehistory.org/uploads/screencaps/outlaw-star-E006-The-Beautiful-Assassin/cap_00-09-47_4526.jpg,Outlaw Star Ep 6: The Beautiful Assassin @ 00:09:47,https://animehistory.org/gallery/screencaps/outlaw-star/episode-6/,https://animehistory.org/gallery/screencaps/outlaw-star/episode-6/?page=2,2,2026-10-07T01:48:58.440462+00:00,aad182657782b6ea14fdacd0030699e6be807d63e2881e134b495f48893679d0,,UNVERIFIED
EP-06,The Beautiful Assassin,00:09:50,590,848677,https://animehistory.org/uploads/screencaps/outlaw-star-E006-The-Beautiful-Assassin/cap_00-09-50_4896.jpg,Outlaw Star Ep 6: The Beautiful Assassin @ 00:09:50,https://animehistory.org/gallery/screencaps/outlaw-star/episode-6/,https://animehistory.org/gallery/screencaps/outlaw-star/episode-6/?page=2,2,2026-10-07T01:48:58.440462+00:00,aad182657782b6ea14fdacd0030699e6be807d63e2881e134b495f48893679d0,,UNVERIFIED
EP-06,The Beautiful Assassin,00:09:54,594,848678,https://animehistory.org/uploads/screencaps/outlaw-star-E006-The-Beautiful-Assassin/cap_00-09-54_4c66.jpg,Outlaw Star Ep 6: The Beautiful Assassin @ 00:09:54,https://animehistory.org/gallery/screencaps/outlaw-star/episode-6/,https://animehistory.org/gallery/screencaps/outlaw-star/episode-6/?page=2,2,2026-10-07T01:48:58.440462+00:00,aad182657782b6ea14fdacd0030699e6be807d63e2881e134b495f48893679d0,,UNVERIFIED
EP-06,The Beautiful Assassin,00:09:58,598,848679,https://animehistory.org/uploads/screencaps/outlaw-star-E006-The-Beautiful-Assassin/cap_00-09-58_6baa.jpg,Outlaw Star Ep 6: The Beautiful Assassin @ 00:09:58,https://animehistory.org/gallery/screencaps/outlaw-star/episode-6/,https://animehistory.org/gallery/screencaps/outlaw-star/episode-6/?page=2,2,2026-10-07T01:48:58.440462+00:00,aad182657782b6ea14fdacd0030699e6be807d63e2881e134b495f48893679d0,,UNVERIFIED
EP-06,The Beautiful Assassin,00:10:01,601,848680,https://animehistory.org/uploads/screencaps/outlaw-star-E006-The-Beautiful-Assassin/cap_00-10-01_5a15.jpg,Outlaw Star Ep 6: The Beautiful Assassin @ 00:10:01,https://animehistory.org/gallery/screencaps/outlaw-star/episode-6/,https://animehistory.org/gallery/screencaps/outlaw-star/episode-6/?page=2,2,2026-10-07T01:48:58.440462+00:00,aad182657782b6ea14fdacd0030699e6be807d63e2881e134b495f48893679d0,,UNVERIFIED
EP-06,The Beautiful Assassin,00:10:05,605,848681,https://animehistory.org/uploads/screencaps/outlaw-star-E006-The-Beautiful-Assassin/cap_00-10-05_3cc8.jpg,Outlaw Star Ep 6: The Beautiful Assassin @ 00:10:05,https://animehistory.org/gallery/screencaps/outlaw-star/episode-6/,https://animehistory.org/gallery/screencaps/outlaw-star/episode-6/?page=2,2,2026-10-07T01:48:58.440462+00:00,aad182657782b6ea14fdacd0030699e6be807d63e2881e134b495f48893679d0,,UNVERIFIED
EP-06,The Beautiful Assassin,00:10:09,609,848682,https://animehistory.org/uploads/screencaps/outlaw-star-E006-The-Beautiful-Assassin/cap_00-10-09_6234.jpg,Outlaw Star Ep 6: The Beautiful Assassin @ 00:10:09,https://animehistory.org/gallery/screencaps/outlaw-star/episode-6/,https://animehistory.org/gallery/screencaps/outlaw-star/episode-6/?page=2,2,2026-10-07T01:48:58.440462+00:00,aad182657782b6ea14fdacd0030699e6be807d63e2881e134b495f48893679d0,,UNVERIFIED
EP-06,The Beautiful Assassin,00:10:12,612,848683,https://animehistory.org/uploads/screencaps/outlaw-star-E006-The-Beautiful-Assassin/cap_00-10-12_1204.jpg,Outlaw Star Ep 6: The Beautiful Assassin @ 00:10:12,https://animehistory.org/gallery/screencaps/outlaw-star/episode-6/,https://animehistory.org/gallery/screencaps/outlaw-star/episode-6/?page=2,2,2026-10-07T01:48:58.440462+00:00,aad182657782b6ea14fdacd0030699e6be807d63e2881e134b495f48893679d0,,UNVERIFIED
EP-06,The Beautiful Assassin,00:10:16,616,848684,https://animehistory.org/uploads/screencaps/outlaw-star-E006-The-Beautiful-Assassin/cap_00-10-16_01a4.jpg,Outlaw Star Ep 6: The Beautiful Assassin @ 00:10:16,https://animehistory.org/gallery/screencaps/outlaw-star/episode-6/,https://animehistory.org/gallery/screencaps/outlaw-star/episode-6/?page=2,2,2026-10-07T01:48:58.440462+00:00,aad182657782b6ea14fdacd0030699e6be807d63e2881e134b495f48893679d0,,UNVERIFIED
EP-06,The Beautiful Assassin,00:10:20,620,848685,https://animehistory.org/uploads/screencaps/outlaw-star-E006-The-Beautiful-Assassin/cap_00-10-20_6540.jpg,Outlaw Star Ep 6: The Beautiful Assassin @ 00:10:20,https://animehistory.org/gallery/screencaps/outlaw-star/episode-6/,https://animehistory.org/gallery/screencaps/outlaw-star/episode-6/?page=2,2,2026-10-07T01:48:58.440462+00:00,aad182657782b6ea14fdacd0030699e6be807d63e2881e134b495f48893679d0,,UNVERIFIED
EP-06,The Beautiful Assassin,00:10:23,623,848686,https://animehistory.org/uploads/screencaps/outlaw-star-E006-The-Beautiful-Assassin/cap_00-10-23_1d9d.jpg,Outlaw Star Ep 6: The Beautiful Assassin @ 00:10:23,https://animehistory.org/gallery/screencaps/outlaw-star/episode-6/,https://animehistory.org/gallery/screencaps/outlaw-star/episode-6/?page=2,2,2026-10-07T01:48:58.440462+00:00,aad182657782b6ea14fdacd0030699e6be807d63e2881e134b495f48893679d0,,UNVERIFIED
EP-06,The Beautiful Assassin,00:10:27,627,848687,https://animehistory.org/uploads/screencaps/outlaw-star-E006-The-Beautiful-Assassin/cap_00-10-27_105b.jpg,Outlaw Star Ep 6: The Beautiful Assassin @ 00:10:27,https://animehistory.org/gallery/screencaps/outlaw-star/episode-6/,https://animehistory.org/gallery/screencaps/outlaw-star/episode-6/?page=2,2,2026-10-07T01:48:58.440462+00:00,aad182657782b6ea14fdacd0030699e6be807d63e2881e134b495f48893679d0,,UNVERIFIED
EP-06,The Beautiful Assassin,00:10:30,630,848688,https://animehistory.org/uploads/screencaps/outlaw-star-E006-The-Beautiful-Assassin/cap_00-10-30_21e8.jpg,Outlaw Star Ep 6: The Beautiful Assassin @ 00:10:30,https://animehistory.org/gallery/screencaps/outlaw-star/episode-6/,https://animehistory.org/gallery/screencaps/outlaw-star/episode-6/?page=2,2,2026-10-07T01:48:58.440462+00:00,aad182657782b6ea14fdacd0030699e6be807d63e2881e134b495f48893679d0,,UNVERIFIED
EP-06,The Beautiful Assassin,00:10:34,634,848689,https://animehistory.org/uploads/screencaps/outlaw-star-E006-The-Beautiful-Assassin/cap_00-10-34_341c.jpg,Outlaw Star Ep 6: The Beautiful Assassin @ 00:10:34,https://animehistory.org/gallery/screencaps/outlaw-star/episode-6/,https://animehistory.org/gallery/screencaps/outlaw-star/episode-6/?page=2,2,2026-10-07T01:48:58.440462+00:00,aad182657782b6ea14fdacd0030699e6be807d63e2881e134b495f48893679d0,,UNVERIFIED
EP-06,The Beautiful Assassin,00:10:38,638,848690,https://animehistory.org/uploads/screencaps/outlaw-star-E006-The-Beautiful-Assassin/cap_00-10-38_03e4.jpg,Outlaw Star Ep 6: The Beautiful Assassin @ 00:10:38,https://animehistory.org/gallery/screencaps/outlaw-star/episode-6/,https://animehistory.org/gallery/screencaps/outlaw-star/episode-6/?page=2,2,2026-10-07T01:48:58.440462+00:00,aad182657782b6ea14fdacd0030699e6be807d63e2881e134b495f48893679d0,,UNVERIFIED
EP-06,The Beautiful Assassin,00:10:41,641,848691,https://animehistory.org/uploads/screencaps/outlaw-star-E006-The-Beautiful-Assassin/cap_00-10-41_0170.jpg,Outlaw Star Ep 6: The Beautiful Assassin @ 00:10:41,https://animehistory.org/gallery/screencaps/outlaw-star/episode-6/,https://animehistory.org/gallery/screencaps/outlaw-star/episode-6/?page=2,2,2026-10-07T01:48:58.440462+00:00,aad182657782b6ea14fdacd0030699e6be807d63e2881e134b495f48893679d0,,UNVERIFIED
EP-06,The Beautiful Assassin,00:10:45,645,848692,https://animehistory.org/uploads/screencaps/outlaw-star-E006-The-Beautiful-Assassin/cap_00-10-45_7b22.jpg,Outlaw Star Ep 6: The Beautiful Assassin @ 00:10:45,https://animehistory.org/gallery/screencaps/outlaw-star/episode-6/,https://animehistory.org/gallery/screencaps/outlaw-star/episode-6/?page=2,2,2026-10-07T01:48:58.440462+00:00,aad182657782b6ea14fdacd0030699e6be807d63e2881e134b495f48893679d0,,UNVERIFIED
EP-06,The Beautiful Assassin,00:10:49,649,848693,https://animehistory.org/uploads/screencaps/outlaw-star-E006-The-Beautiful-Assassin/cap_00-10-49_5455.jpg,Outlaw Star Ep 6: The Beautiful Assassin @ 00:10:49,https://animehistory.org/gallery/screencaps/outlaw-star/episode-6/,https://animehistory.org/gallery/screencaps/outlaw-star/episode-6/?page=2,2,2026-10-07T01:48:58.440462+00:00,aad182657782b6ea14fdacd0030699e6be807d63e2881e134b495f48893679d0,,UNVERIFIED
EP-06,The Beautiful Assassin,00:10:52,652,848694,https://animehistory.org/uploads/screencaps/outlaw-star-E006-The-Beautiful-Assassin/cap_00-10-52_6983.jpg,Outlaw Star Ep 6: The Beautiful Assassin @ 00:10:52,https://animehistory.org/gallery/screencaps/outlaw-star/episode-6/,https://animehistory.org/gallery/screencaps/outlaw-star/episode-6/?page=2,2,2026-10-07T01:48:58.440462+00:00,aad182657782b6ea14fdacd0030699e6be807d63e2881e134b495f48893679d0,,UNVERIFIED
EP-06,The Beautiful Assassin,00:10:56,656,848695,https://animehistory.org/uploads/screencaps/outlaw-star-E006-The-Beautiful-Assassin/cap_00-10-56_527a.jpg,Outlaw Star Ep 6: The Beautiful Assassin @ 00:10:56,https://animehistory.org/gallery/screencaps/outlaw-star/episode-6/,https://animehistory.org/gallery/screencaps/outlaw-star/episode-6/?page=2,2,2026-10-07T01:48:58.440462+00:00,aad182657782b6ea14fdacd0030699e6be807d63e2881e134b495f48893679d0,,UNVERIFIED
EP-06,The Beautiful Assassin,00:11:00,660,848696,https://animehistory.org/uploads/screencaps/outlaw-star-E006-The-Beautiful-Assassin/cap_00-11-00_6294.jpg,Outlaw Star Ep 6: The Beautiful Assassin @ 00:11:00,https://animehistory.org/gallery/screencaps/outlaw-star/episode-6/,https://animehistory.org/gallery/screencaps/outlaw-star/episode-6/?page=2,2,2026-10-07T01:48:58.440462+00:00,aad182657782b6ea14fdacd0030699e6be807d63e2881e134b495f48893679d0,,UNVERIFIED
EP-06,The Beautiful Assassin,00:11:03,663,848697,https://animehistory.org/uploads/screencaps/outlaw-star-E006-The-Beautiful-Assassin/cap_00-11-03_008e.jpg,Outlaw Star Ep 6: The Beautiful Assassin @ 00:11:03,https://animehistory.org/gallery/screencaps/outlaw-star/episode-6/,https://animehistory.org/gallery/screencaps/outlaw-star/episode-6/?page=2,2,2026-10-07T01:48:58.440462+00:00,aad182657782b6ea14fdacd0030699e6be807d63e2881e134b495f48893679d0,,UNVERIFIED
EP-06,The Beautiful Assassin,00:11:07,667,848698,https://animehistory.org/uploads/screencaps/outlaw-star-E006-The-Beautiful-Assassin/cap_00-11-07_769e.jpg,Outlaw Star Ep 6: The Beautiful Assassin @ 00:11:07,https://animehistory.org/gallery/screencaps/outlaw-star/episode-6/,https://animehistory.org/gallery/screencaps/outlaw-star/episode-6/?page=2,2,2026-10-07T01:48:58.440462+00:00,aad182657782b6ea14fdacd0030699e6be807d63e2881e134b495f48893679d0,,UNVERIFIED
EP-06,The Beautiful Assassin,00:11:10,670,848699,https://animehistory.org/uploads/screencaps/outlaw-star-E006-The-Beautiful-Assassin/cap_00-11-10_1d6c.jpg,Outlaw Star Ep 6: The Beautiful Assassin @ 00:11:10,https://animehistory.org/gallery/screencaps/outlaw-star/episode-6/,https://animehistory.org/gallery/screencaps/outlaw-star/episode-6/?page=2,2,2026-10-07T01:48:58.440462+00:00,aad182657782b6ea14fdacd0030699e6be807d63e2881e134b495f48893679d0,,UNVERIFIED
EP-06,The Beautiful Assassin,00:11:14,674,848700,https://animehistory.org/uploads/screencaps/outlaw-star-E006-The-Beautiful-Assassin/cap_00-11-14_7154.jpg,Outlaw Star Ep 6: The Beautiful Assassin @ 00:11:14,https://animehistory.org/gallery/screencaps/outlaw-star/episode-6/,https://animehistory.org/gallery/screencaps/outlaw-star/episode-6/?page=2,2,2026-10-07T01:48:58.440462+00:00,aad182657782b6ea14fdacd0030699e6be807d63e2881e134b495f48893679d0,,UNVERIFIED
EP-06,The Beautiful Assassin,00:11:18,678,848701,https://animehistory.org/uploads/screencaps/outlaw-star-E006-The-Beautiful-Assassin/cap_00-11-18_0db2.jpg,Outlaw Star Ep 6: The Beautiful Assassin @ 00:11:18,https://animehistory.org/gallery/screencaps/outlaw-star/episode-6/,https://animehistory.org/gallery/screencaps/outlaw-star/episode-6/?page=2,2,2026-10-07T01:48:58.440462+00:00,aad182657782b6ea14fdacd0030699e6be807d63e2881e134b495f48893679d0,,UNVERIFIED
EP-06,The Beautiful Assassin,00:11:21,681,848702,https://animehistory.org/uploads/screencaps/outlaw-star-E006-The-Beautiful-Assassin/cap_00-11-21_03d9.jpg,Outlaw Star Ep 6: The Beautiful Assassin @ 00:11:21,https://animehistory.org/gallery/screencaps/outlaw-star/episode-6/,https://animehistory.org/gallery/screencaps/outlaw-star/episode-6/?page=2,2,2026-10-07T01:48:58.440462+00:00,aad182657782b6ea14fdacd0030699e6be807d63e2881e134b495f48893679d0,,UNVERIFIED
EP-06,The Beautiful Assassin,00:11:25,685,848703,https://animehistory.org/uploads/screencaps/outlaw-star-E006-The-Beautiful-Assassin/cap_00-11-25_1b3e.jpg,Outlaw Star Ep 6: The Beautiful Assassin @ 00:11:25,https://animehistory.org/gallery/screencaps/outlaw-star/episode-6/,https://animehistory.org/gallery/screencaps/outlaw-star/episode-6/?page=2,2,2026-10-07T01:48:58.440462+00:00,aad182657782b6ea14fdacd0030699e6be807d63e2881e134b495f48893679d0,,UNVERIFIED
EP-06,The Beautiful Assassin,00:11:29,689,848704,https://animehistory.org/uploads/screencaps/outlaw-star-E006-The-Beautiful-Assassin/cap_00-11-29_1ea2.jpg,Outlaw Star Ep 6: The Beautiful Assassin @ 00:11:29,https://animehistory.org/gallery/screencaps/outlaw-star/episode-6/,https://animehistory.org/gallery/screencaps/outlaw-star/episode-6/?page=2,2,2026-10-07T01:48:58.440462+00:00,aad182657782b6ea14fdacd0030699e6be807d63e2881e134b495f48893679d0,,UNVERIFIED
EP-06,The Beautiful Assassin,00:11:32,692,848705,https://animehistory.org/uploads/screencaps/outlaw-star-E006-The-Beautiful-Assassin/cap_00-11-32_362c.jpg,Outlaw Star Ep 6: The Beautiful Assassin @ 00:11:32,https://animehistory.org/gallery/screencaps/outlaw-star/episode-6/,https://animehistory.org/gallery/screencaps/outlaw-star/episode-6/?page=2,2,2026-10-07T01:48:58.440462+00:00,aad182657782b6ea14fdacd0030699e6be807d63e2881e134b495f48893679d0,,UNVERIFIED
EP-06,The Beautiful Assassin,00:11:36,696,848706,https://animehistory.org/uploads/screencaps/outlaw-star-E006-The-Beautiful-Assassin/cap_00-11-36_63f6.jpg,Outlaw Star Ep 6: The Beautiful Assassin @ 00:11:36,https://animehistory.org/gallery/screencaps/outlaw-star/episode-6/,https://animehistory.org/gallery/screencaps/outlaw-star/episode-6/?page=2,2,2026-10-07T01:48:58.440462+00:00,aad182657782b6ea14fdacd0030699e6be807d63e2881e134b495f48893679d0,,UNVERIFIED
EP-06,The Beautiful Assassin,00:11:40,700,848707,https://animehistory.org/uploads/screencaps/outlaw-star-E006-The-Beautiful-Assassin/cap_00-11-40_73dc.jpg,Outlaw Star Ep 6: The Beautiful Assassin @ 00:11:40,https://animehistory.org/gallery/screencaps/outlaw-star/episode-6/,https://animehistory.org/gallery/screencaps/outlaw-star/episode-6/?page=2,2,2026-10-07T01:48:58.440462+00:00,aad182657782b6ea14fdacd0030699e6be807d63e2881e134b495f48893679d0,,UNVERIFIED
EP-06,The Beautiful Assassin,00:11:43,703,848708,https://animehistory.org/uploads/screencaps/outlaw-star-E006-The-Beautiful-Assassin/cap_00-11-43_5fc5.jpg,Outlaw Star Ep 6: The Beautiful Assassin @ 00:11:43,https://animehistory.org/gallery/screencaps/outlaw-star/episode-6/,https://animehistory.org/gallery/screencaps/outlaw-star/episode-6/?page=2,2,2026-10-07T01:48:58.440462+00:00,aad182657782b6ea14fdacd0030699e6be807d63e2881e134b495f48893679d0,,UNVERIFIED
EP-06,The Beautiful Assassin,00:11:47,707,848709,https://animehistory.org/uploads/screencaps/outlaw-star-E006-The-Beautiful-Assassin/cap_00-11-47_6a67.jpg,Outlaw Star Ep 6: The Beautiful Assassin @ 00:11:47,https://animehistory.org/gallery/screencaps/outlaw-star/episode-6/,https://animehistory.org/gallery/screencaps/outlaw-star/episode-6/?page=2,2,2026-10-07T01:48:58.440462+00:00,aad182657782b6ea14fdacd0030699e6be807d63e2881e134b495f48893679d0,,UNVERIFIED
EP-06,The Beautiful Assassin,00:11:50,710,848710,https://animehistory.org/uploads/screencaps/outlaw-star-E006-The-Beautiful-Assassin/cap_00-11-50_3e1a.jpg,Outlaw Star Ep 6: The Beautiful Assassin @ 00:11:50,https://animehistory.org/gallery/screencaps/outlaw-star/episode-6/,https://animehistory.org/gallery/screencaps/outlaw-star/episode-6/?page=2,2,2026-10-07T01:48:58.440462+00:00,aad182657782b6ea14fdacd0030699e6be807d63e2881e134b495f48893679d0,,UNVERIFIED
EP-06,The Beautiful Assassin,00:11:54,714,848711,https://animehistory.org/uploads/screencaps/outlaw-star-E006-The-Beautiful-Assassin/cap_00-11-54_31f7.jpg,Outlaw Star Ep 6: The Beautiful Assassin @ 00:11:54,https://animehistory.org/gallery/screencaps/outlaw-star/episode-6/,https://animehistory.org/gallery/screencaps/outlaw-star/episode-6/?page=2,2,2026-10-07T01:48:58.440462+00:00,aad182657782b6ea14fdacd0030699e6be807d63e2881e134b495f48893679d0,,UNVERIFIED
EP-06,The Beautiful Assassin,00:11:58,718,848712,https://animehistory.org/uploads/screencaps/outlaw-star-E006-The-Beautiful-Assassin/cap_00-11-58_6e1f.jpg,Outlaw Star Ep 6: The Beautiful Assassin @ 00:11:58,https://animehistory.org/gallery/screencaps/outlaw-star/episode-6/,https://animehistory.org/gallery/screencaps/outlaw-star/episode-6/?page=2,2,2026-10-07T01:48:58.440462+00:00,aad182657782b6ea14fdacd0030699e6be807d63e2881e134b495f48893679d0,,UNVERIFIED
EP-06,The Beautiful Assassin,00:12:01,721,848713,https://animehistory.org/uploads/screencaps/outlaw-star-E006-The-Beautiful-Assassin/cap_00-12-01_421f.jpg,Outlaw Star Ep 6: The Beautiful Assassin @ 00:12:01,https://animehistory.org/gallery/screencaps/outlaw-star/episode-6/,https://animehistory.org/gallery/screencaps/outlaw-star/episode-6/?page=2,2,2026-10-07T01:48:58.440462+00:00,aad182657782b6ea14fdacd0030699e6be807d63e2881e134b495f48893679d0,,UNVERIFIED
EP-06,The Beautiful Assassin,00:12:05,725,848714,https://animehistory.org/uploads/screencaps/outlaw-star-E006-The-Beautiful-Assassin/cap_00-12-05_5317.jpg,Outlaw Star Ep 6: The Beautiful Assassin @ 00:12:05,https://animehistory.org/gallery/screencaps/outlaw-star/episode-6/,https://animehistory.org/gallery/screencaps/outlaw-star/episode-6/?page=2,2,2026-10-07T01:48:58.440462+00:00,aad182657782b6ea14fdacd0030699e6be807d63e2881e134b495f48893679d0,,UNVERIFIED
EP-06,The Beautiful Assassin,00:12:09,729,848715,https://animehistory.org/uploads/screencaps/outlaw-star-E006-The-Beautiful-Assassin/cap_00-12-09_3b30.jpg,Outlaw Star Ep 6: The Beautiful Assassin @ 00:12:09,https://animehistory.org/gallery/screencaps/outlaw-star/episode-6/,https://animehistory.org/gallery/screencaps/outlaw-star/episode-6/?page=2,2,2026-10-07T01:48:58.440462+00:00,aad182657782b6ea14fdacd0030699e6be807d63e2881e134b495f48893679d0,,UNVERIFIED
EP-06,The Beautiful Assassin,00:12:12,732,848716,https://animehistory.org/uploads/screencaps/outlaw-star-E006-The-Beautiful-Assassin/cap_00-12-12_131f.jpg,Outlaw Star Ep 6: The Beautiful Assassin @ 00:12:12,https://animehistory.org/gallery/screencaps/outlaw-star/episode-6/,https://animehistory.org/gallery/screencaps/outlaw-star/episode-6/?page=2,2,2026-10-07T01:48:58.440462+00:00,aad182657782b6ea14fdacd0030699e6be807d63e2881e134b495f48893679d0,,UNVERIFIED
EP-06,The Beautiful Assassin,00:12:16,736,848717,https://animehistory.org/uploads/screencaps/outlaw-star-E006-The-Beautiful-Assassin/cap_00-12-16_3226.jpg,Outlaw Star Ep 6: The Beautiful Assassin @ 00:12:16,https://animehistory.org/gallery/screencaps/outlaw-star/episode-6/,https://animehistory.org/gallery/screencaps/outlaw-star/episode-6/?page=2,2,2026-10-07T01:48:58.440462+00:00,aad182657782b6ea14fdacd0030699e6be807d63e2881e134b495f48893679d0,,UNVERIFIED
EP-06,The Beautiful Assassin,00:12:20,740,848718,https://animehistory.org/uploads/screencaps/outlaw-star-E006-The-Beautiful-Assassin/cap_00-12-20_506b.jpg,Outlaw Star Ep 6: The Beautiful Assassin @ 00:12:20,https://animehistory.org/gallery/screencaps/outlaw-star/episode-6/,https://animehistory.org/gallery/screencaps/outlaw-star/episode-6/?page=2,2,2026-10-07T01:48:58.440462+00:00,aad182657782b6ea14fdacd0030699e6be807d63e2881e134b495f48893679d0,,UNVERIFIED
EP-06,The Beautiful Assassin,00:12:23,743,848719,https://animehistory.org/uploads/screencaps/outlaw-star-E006-The-Beautiful-Assassin/cap_00-12-23_39a4.jpg,Outlaw Star Ep 6: The Beautiful Assassin @ 00:12:23,https://animehistory.org/gallery/screencaps/outlaw-star/episode-6/,https://animehistory.org/gallery/screencaps/outlaw-star/episode-6/?page=2,2,2026-10-07T01:48:58.440462+00:00,aad182657782b6ea14fdacd0030699e6be807d63e2881e134b495f48893679d0,,UNVERIFIED
EP-06,The Beautiful Assassin,00:12:27,747,848720,https://animehistory.org/uploads/screencaps/outlaw-star-E006-The-Beautiful-Assassin/cap_00-12-27_4f21.jpg,Outlaw Star Ep 6: The Beautiful Assassin @ 00:12:27,https://animehistory.org/gallery/screencaps/outlaw-star/episode-6/,https://animehistory.org/gallery/screencaps/outlaw-star/episode-6/?page=2,2,2026-10-07T01:48:58.440462+00:00,aad182657782b6ea14fdacd0030699e6be807d63e2881e134b495f48893679d0,,UNVERIFIED
EP-06,The Beautiful Assassin,00:12:30,750,848721,https://animehistory.org/uploads/screencaps/outlaw-star-E006-The-Beautiful-Assassin/cap_00-12-30_7ce4.jpg,Outlaw Star Ep 6: The Beautiful Assassin @ 00:12:30,https://animehistory.org/gallery/screencaps/outlaw-star/episode-6/,https://animehistory.org/gallery/screencaps/outlaw-star/episode-6/?page=2,2,2026-10-07T01:48:58.440462+00:00,aad182657782b6ea14fdacd0030699e6be807d63e2881e134b495f48893679d0,,UNVERIFIED
EP-06,The Beautiful Assassin,00:12:34,754,848722,https://animehistory.org/uploads/screencaps/outlaw-star-E006-The-Beautiful-Assassin/cap_00-12-34_101a.jpg,Outlaw Star Ep 6: The Beautiful Assassin @ 00:12:34,https://animehistory.org/gallery/screencaps/outlaw-star/episode-6/,https://animehistory.org/gallery/screencaps/outlaw-star/episode-6/?page=2,2,2026-10-07T01:48:58.440462+00:00,aad182657782b6ea14fdacd0030699e6be807d63e2881e134b495f48893679d0,,UNVERIFIED
EP-06,The Beautiful Assassin,00:12:38,758,848723,https://animehistory.org/uploads/screencaps/outlaw-star-E006-The-Beautiful-Assassin/cap_00-12-38_17b2.jpg,Outlaw Star Ep 6: The Beautiful Assassin @ 00:12:38,https://animehistory.org/gallery/screencaps/outlaw-star/episode-6/,https://animehistory.org/gallery/screencaps/outlaw-star/episode-6/?page=2,2,2026-10-07T01:48:58.440462+00:00,aad182657782b6ea14fdacd0030699e6be807d63e2881e134b495f48893679d0,,UNVERIFIED
EP-06,The Beautiful Assassin,00:12:41,761,848724,https://animehistory.org/uploads/screencaps/outlaw-star-E006-The-Beautiful-Assassin/cap_00-12-41_059a.jpg,Outlaw Star Ep 6: The Beautiful Assassin @ 00:12:41,https://animehistory.org/gallery/screencaps/outlaw-star/episode-6/,https://animehistory.org/gallery/screencaps/outlaw-star/episode-6/?page=2,2,2026-10-07T01:48:58.440462+00:00,aad182657782b6ea14fdacd0030699e6be807d63e2881e134b495f48893679d0,,UNVERIFIED
EP-06,The Beautiful Assassin,00:12:45,765,848725,https://animehistory.org/uploads/screencaps/outlaw-star-E006-The-Beautiful-Assassin/cap_00-12-45_7a86.jpg,Outlaw Star Ep 6: The Beautiful Assassin @ 00:12:45,https://animehistory.org/gallery/screencaps/outlaw-star/episode-6/,https://animehistory.org/gallery/screencaps/outlaw-star/episode-6/?page=2,2,2026-10-07T01:48:58.440462+00:00,aad182657782b6ea14fdacd0030699e6be807d63e2881e134b495f48893679d0,,UNVERIFIED
EP-06,The Beautiful Assassin,00:12:49,769,848726,https://animehistory.org/uploads/screencaps/outlaw-star-E006-The-Beautiful-Assassin/cap_00-12-49_317e.jpg,Outlaw Star Ep 6: The Beautiful Assassin @ 00:12:49,https://animehistory.org/gallery/screencaps/outlaw-star/episode-6/,https://animehistory.org/gallery/screencaps/outlaw-star/episode-6/?page=2,2,2026-10-07T01:48:58.440462+00:00,aad182657782b6ea14fdacd0030699e6be807d63e2881e134b495f48893679d0,,UNVERIFIED
EP-06,The Beautiful Assassin,00:12:52,772,848727,https://animehistory.org/uploads/screencaps/outlaw-star-E006-The-Beautiful-Assassin/cap_00-12-52_5dd2.jpg,Outlaw Star Ep 6: The Beautiful Assassin @ 00:12:52,https://animehistory.org/gallery/screencaps/outlaw-star/episode-6/,https://animehistory.org/gallery/screencaps/outlaw-star/episode-6/?page=2,2,2026-10-07T01:48:58.440462+00:00,aad182657782b6ea14fdacd0030699e6be807d63e2881e134b495f48893679d0,,UNVERIFIED
EP-06,The Beautiful Assassin,00:12:56,776,848728,https://animehistory.org/uploads/screencaps/outlaw-star-E006-The-Beautiful-Assassin/cap_00-12-56_69f0.jpg,Outlaw Star Ep 6: The Beautiful Assassin @ 00:12:56,https://animehistory.org/gallery/screencaps/outlaw-star/episode-6/,https://animehistory.org/gallery/screencaps/outlaw-star/episode-6/?page=2,2,2026-10-07T01:48:58.440462+00:00,aad182657782b6ea14fdacd0030699e6be807d63e2881e134b495f48893679d0,,UNVERIFIED
EP-06,The Beautiful Assassin,00:13:00,780,848729,https://animehistory.org/uploads/screencaps/outlaw-star-E006-The-Beautiful-Assassin/cap_00-13-00_673e.jpg,Outlaw Star Ep 6: The Beautiful Assassin @ 00:13:00,https://animehistory.org/gallery/screencaps/outlaw-star/episode-6/,https://animehistory.org/gallery/screencaps/outlaw-star/episode-6/?page=2,2,2026-10-07T01:48:58.440462+00:00,aad182657782b6ea14fdacd0030699e6be807d63e2881e134b495f48893679d0,,UNVERIFIED
EP-06,The Beautiful Assassin,00:13:03,783,848730,https://animehistory.org/uploads/screencaps/outlaw-star-E006-The-Beautiful-Assassin/cap_00-13-03_1ffb.jpg,Outlaw Star Ep 6: The Beautiful Assassin @ 00:13:03,https://animehistory.org/gallery/screencaps/outlaw-star/episode-6/,https://animehistory.org/gallery/screencaps/outlaw-star/episode-6/?page=2,2,2026-10-07T01:48:58.440462+00:00,aad182657782b6ea14fdacd0030699e6be807d63e2881e134b495f48893679d0,,UNVERIFIED
EP-06,The Beautiful Assassin,00:13:07,787,848731,https://animehistory.org/uploads/screencaps/outlaw-star-E006-The-Beautiful-Assassin/cap_00-13-07_2d8e.jpg,Outlaw Star Ep 6: The Beautiful Assassin @ 00:13:07,https://animehistory.org/gallery/screencaps/outlaw-star/episode-6/,https://animehistory.org/gallery/screencaps/outlaw-star/episode-6/?page=2,2,2026-10-07T01:48:58.440462+00:00,aad182657782b6ea14fdacd0030699e6be807d63e2881e134b495f48893679d0,,UNVERIFIED
EP-06,The Beautiful Assassin,00:13:10,790,848732,https://animehistory.org/uploads/screencaps/outlaw-star-E006-The-Beautiful-Assassin/cap_00-13-10_2648.jpg,Outlaw Star Ep 6: The Beautiful Assassin @ 00:13:10,https://animehistory.org/gallery/screencaps/outlaw-star/episode-6/,https://animehistory.org/gallery/screencaps/outlaw-star/episode-6/?page=2,2,2026-10-07T01:48:58.440462+00:00,aad182657782b6ea14fdacd0030699e6be807d63e2881e134b495f48893679d0,,UNVERIFIED
EP-06,The Beautiful Assassin,00:13:14,794,848733,https://animehistory.org/uploads/screencaps/outlaw-star-E006-The-Beautiful-Assassin/cap_00-13-14_20ec.jpg,Outlaw Star Ep 6: The Beautiful Assassin @ 00:13:14,https://animehistory.org/gallery/screencaps/outlaw-star/episode-6/,https://animehistory.org/gallery/screencaps/outlaw-star/episode-6/?page=2,2,2026-10-07T01:48:58.440462+00:00,aad182657782b6ea14fdacd0030699e6be807d63e2881e134b495f48893679d0,,UNVERIFIED
EP-06,The Beautiful Assassin,00:13:18,798,848734,https://animehistory.org/uploads/screencaps/outlaw-star-E006-The-Beautiful-Assassin/cap_00-13-18_1f99.jpg,Outlaw Star Ep 6: The Beautiful Assassin @ 00:13:18,https://animehistory.org/gallery/screencaps/outlaw-star/episode-6/,https://animehistory.org/gallery/screencaps/outlaw-star/episode-6/?page=2,2,2026-10-07T01:48:58.440462+00:00,aad182657782b6ea14fdacd0030699e6be807d63e2881e134b495f48893679d0,,UNVERIFIED
EP-06,The Beautiful Assassin,00:13:21,801,848735,https://animehistory.org/uploads/screencaps/outlaw-star-E006-The-Beautiful-Assassin/cap_00-13-21_0804.jpg,Outlaw Star Ep 6: The Beautiful Assassin @ 00:13:21,https://animehistory.org/gallery/screencaps/outlaw-star/episode-6/,https://animehistory.org/gallery/screencaps/outlaw-star/episode-6/?page=2,2,2026-10-07T01:48:58.440462+00:00,aad182657782b6ea14fdacd0030699e6be807d63e2881e134b495f48893679d0,,UNVERIFIED
EP-06,The Beautiful Assassin,00:13:25,805,848736,https://animehistory.org/uploads/screencaps/outlaw-star-E006-The-Beautiful-Assassin/cap_00-13-25_029b.jpg,Outlaw Star Ep 6: The Beautiful Assassin @ 00:13:25,https://animehistory.org/gallery/screencaps/outlaw-star/episode-6/,https://animehistory.org/gallery/screencaps/outlaw-star/episode-6/?page=2,2,2026-10-07T01:48:58.440462+00:00,aad182657782b6ea14fdacd0030699e6be807d63e2881e134b495f48893679d0,,UNVERIFIED
EP-06,The Beautiful Assassin,00:13:29,809,848737,https://animehistory.org/uploads/screencaps/outlaw-star-E006-The-Beautiful-Assassin/cap_00-13-29_0f78.jpg,Outlaw Star Ep 6: The Beautiful Assassin @ 00:13:29,https://animehistory.org/gallery/screencaps/outlaw-star/episode-6/,https://animehistory.org/gallery/screencaps/outlaw-star/episode-6/?page=2,2,2026-10-07T01:48:58.440462+00:00,aad182657782b6ea14fdacd0030699e6be807d63e2881e134b495f48893679d0,,UNVERIFIED
EP-06,The Beautiful Assassin,00:13:32,812,848738,https://animehistory.org/uploads/screencaps/outlaw-star-E006-The-Beautiful-Assassin/cap_00-13-32_5764.jpg,Outlaw Star Ep 6: The Beautiful Assassin @ 00:13:32,https://animehistory.org/gallery/screencaps/outlaw-star/episode-6/,https://animehistory.org/gallery/screencaps/outlaw-star/episode-6/?page=2,2,2026-10-07T01:48:58.440462+00:00,aad182657782b6ea14fdacd0030699e6be807d63e2881e134b495f48893679d0,,UNVERIFIED
EP-06,The Beautiful Assassin,00:13:36,816,848739,https://animehistory.org/uploads/screencaps/outlaw-star-E006-The-Beautiful-Assassin/cap_00-13-36_6294.jpg,Outlaw Star Ep 6: The Beautiful Assassin @ 00:13:36,https://animehistory.org/gallery/screencaps/outlaw-star/episode-6/,https://animehistory.org/gallery/screencaps/outlaw-star/episode-6/?page=2,2,2026-10-07T01:48:58.440462+00:00,aad182657782b6ea14fdacd0030699e6be807d63e2881e134b495f48893679d0,,UNVERIFIED
EP-06,The Beautiful Assassin,00:13:40,820,848740,https://animehistory.org/uploads/screencaps/outlaw-star-E006-The-Beautiful-Assassin/cap_00-13-40_2c62.jpg,Outlaw Star Ep 6: The Beautiful Assassin @ 00:13:40,https://animehistory.org/gallery/screencaps/outlaw-star/episode-6/,https://animehistory.org/gallery/screencaps/outlaw-star/episode-6/?page=2,2,2026-10-07T01:48:58.440462+00:00,aad182657782b6ea14fdacd0030699e6be807d63e2881e134b495f48893679d0,,UNVERIFIED
EP-06,The Beautiful Assassin,00:13:43,823,848741,https://animehistory.org/uploads/screencaps/outlaw-star-E006-The-Beautiful-Assassin/cap_00-13-43_0c46.jpg,Outlaw Star Ep 6: The Beautiful Assassin @ 00:13:43,https://animehistory.org/gallery/screencaps/outlaw-star/episode-6/,https://animehistory.org/gallery/screencaps/outlaw-star/episode-6/?page=2,2,2026-10-07T01:48:58.440462+00:00,aad182657782b6ea14fdacd0030699e6be807d63e2881e134b495f48893679d0,,UNVERIFIED
EP-06,The Beautiful Assassin,00:13:47,827,848742,https://animehistory.org/uploads/screencaps/outlaw-star-E006-The-Beautiful-Assassin/cap_00-13-47_01d9.jpg,Outlaw Star Ep 6: The Beautiful Assassin @ 00:13:47,https://animehistory.org/gallery/screencaps/outlaw-star/episode-6/,https://animehistory.org/gallery/screencaps/outlaw-star/episode-6/?page=2,2,2026-10-07T01:48:58.440462+00:00,aad182657782b6ea14fdacd0030699e6be807d63e2881e134b495f48893679d0,,UNVERIFIED
EP-06,The Beautiful Assassin,00:13:50,830,848743,https://animehistory.org/uploads/screencaps/outlaw-star-E006-The-Beautiful-Assassin/cap_00-13-50_7dbf.jpg,Outlaw Star Ep 6: The Beautiful Assassin @ 00:13:50,https://animehistory.org/gallery/screencaps/outlaw-star/episode-6/,https://animehistory.org/gallery/screencaps/outlaw-star/episode-6/?page=3,3,2026-10-07T01:48:59.859401+00:00,f3f284f0b866dc3f8001395b3849ee47c4546b0bbbb16d9bf9bf4b574dba32e9,,UNVERIFIED
EP-06,The Beautiful Assassin,00:13:54,834,848744,https://animehistory.org/uploads/screencaps/outlaw-star-E006-The-Beautiful-Assassin/cap_00-13-54_56e1.jpg,Outlaw Star Ep 6: The Beautiful Assassin @ 00:13:54,https://animehistory.org/gallery/screencaps/outlaw-star/episode-6/,https://animehistory.org/gallery/screencaps/outlaw-star/episode-6/?page=3,3,2026-10-07T01:48:59.859401+00:00,f3f284f0b866dc3f8001395b3849ee47c4546b0bbbb16d9bf9bf4b574dba32e9,,UNVERIFIED
EP-06,The Beautiful Assassin,00:13:58,838,848745,https://animehistory.org/uploads/screencaps/outlaw-star-E006-The-Beautiful-Assassin/cap_00-13-58_724c.jpg,Outlaw Star Ep 6: The Beautiful Assassin @ 00:13:58,https://animehistory.org/gallery/screencaps/outlaw-star/episode-6/,https://animehistory.org/gallery/screencaps/outlaw-star/episode-6/?page=3,3,2026-10-07T01:48:59.859401+00:00,f3f284f0b866dc3f8001395b3849ee47c4546b0bbbb16d9bf9bf4b574dba32e9,,UNVERIFIED
EP-06,The Beautiful Assassin,00:14:01,841,848746,https://animehistory.org/uploads/screencaps/outlaw-star-E006-The-Beautiful-Assassin/cap_00-14-01_1111.jpg,Outlaw Star Ep 6: The Beautiful Assassin @ 00:14:01,https://animehistory.org/gallery/screencaps/outlaw-star/episode-6/,https://animehistory.org/gallery/screencaps/outlaw-star/episode-6/?page=3,3,2026-10-07T01:48:59.859401+00:00,f3f284f0b866dc3f8001395b3849ee47c4546b0bbbb16d9bf9bf4b574dba32e9,,UNVERIFIED
EP-06,The Beautiful Assassin,00:14:05,845,848747,https://animehistory.org/uploads/screencaps/outlaw-star-E006-The-Beautiful-Assassin/cap_00-14-05_557b.jpg,Outlaw Star Ep 6: The Beautiful Assassin @ 00:14:05,https://animehistory.org/gallery/screencaps/outlaw-star/episode-6/,https://animehistory.org/gallery/screencaps/outlaw-star/episode-6/?page=3,3,2026-10-07T01:48:59.859401+00:00,f3f284f0b866dc3f8001395b3849ee47c4546b0bbbb16d9bf9bf4b574dba32e9,,UNVERIFIED
EP-06,The Beautiful Assassin,00:14:09,849,848748,https://animehistory.org/uploads/screencaps/outlaw-star-E006-The-Beautiful-Assassin/cap_00-14-09_2498.jpg,Outlaw Star Ep 6: The Beautiful Assassin @ 00:14:09,https://animehistory.org/gallery/screencaps/outlaw-star/episode-6/,https://animehistory.org/gallery/screencaps/outlaw-star/episode-6/?page=3,3,2026-10-07T01:48:59.859401+00:00,f3f284f0b866dc3f8001395b3849ee47c4546b0bbbb16d9bf9bf4b574dba32e9,,UNVERIFIED
EP-06,The Beautiful Assassin,00:14:12,852,848749,https://animehistory.org/uploads/screencaps/outlaw-star-E006-The-Beautiful-Assassin/cap_00-14-12_2b48.jpg,Outlaw Star Ep 6: The Beautiful Assassin @ 00:14:12,https://animehistory.org/gallery/screencaps/outlaw-star/episode-6/,https://animehistory.org/gallery/screencaps/outlaw-star/episode-6/?page=3,3,2026-10-07T01:48:59.859401+00:00,f3f284f0b866dc3f8001395b3849ee47c4546b0bbbb16d9bf9bf4b574dba32e9,,UNVERIFIED
EP-06,The Beautiful Assassin,00:14:16,856,848750,https://animehistory.org/uploads/screencaps/outlaw-star-E006-The-Beautiful-Assassin/cap_00-14-16_3852.jpg,Outlaw Star Ep 6: The Beautiful Assassin @ 00:14:16,https://animehistory.org/gallery/screencaps/outlaw-star/episode-6/,https://animehistory.org/gallery/screencaps/outlaw-star/episode-6/?page=3,3,2026-10-07T01:48:59.859401+00:00,f3f284f0b866dc3f8001395b3849ee47c4546b0bbbb16d9bf9bf4b574dba32e9,,UNVERIFIED
EP-06,The Beautiful Assassin,00:14:20,860,848751,https://animehistory.org/uploads/screencaps/outlaw-star-E006-The-Beautiful-Assassin/cap_00-14-20_79a7.jpg,Outlaw Star Ep 6: The Beautiful Assassin @ 00:14:20,https://animehistory.org/gallery/screencaps/outlaw-star/episode-6/,https://animehistory.org/gallery/screencaps/outlaw-star/episode-6/?page=3,3,2026-10-07T01:48:59.859401+00:00,f3f284f0b866dc3f8001395b3849ee47c4546b0bbbb16d9bf9bf4b574dba32e9,,UNVERIFIED
EP-06,The Beautiful Assassin,00:14:23,863,848752,https://animehistory.org/uploads/screencaps/outlaw-star-E006-The-Beautiful-Assassin/cap_00-14-23_13b5.jpg,Outlaw Star Ep 6: The Beautiful Assassin @ 00:14:23,https://animehistory.org/gallery/screencaps/outlaw-star/episode-6/,https://animehistory.org/gallery/screencaps/outlaw-star/episode-6/?page=3,3,2026-10-07T01:48:59.859401+00:00,f3f284f0b866dc3f8001395b3849ee47c4546b0bbbb16d9bf9bf4b574dba32e9,,UNVERIFIED
EP-06,The Beautiful Assassin,00:14:27,867,848753,https://animehistory.org/uploads/screencaps/outlaw-star-E006-The-Beautiful-Assassin/cap_00-14-27_38fa.jpg,Outlaw Star Ep 6: The Beautiful Assassin @ 00:14:27,https://animehistory.org/gallery/screencaps/outlaw-star/episode-6/,https://animehistory.org/gallery/screencaps/outlaw-star/episode-6/?page=3,3,2026-10-07T01:48:59.859401+00:00,f3f284f0b866dc3f8001395b3849ee47c4546b0bbbb16d9bf9bf4b574dba32e9,,UNVERIFIED
EP-06,The Beautiful Assassin,00:14:30,870,848754,https://animehistory.org/uploads/screencaps/outlaw-star-E006-The-Beautiful-Assassin/cap_00-14-30_502c.jpg,Outlaw Star Ep 6: The Beautiful Assassin @ 00:14:30,https://animehistory.org/gallery/screencaps/outlaw-star/episode-6/,https://animehistory.org/gallery/screencaps/outlaw-star/episode-6/?page=3,3,2026-10-07T01:48:59.859401+00:00,f3f284f0b866dc3f8001395b3849ee47c4546b0bbbb16d9bf9bf4b574dba32e9,,UNVERIFIED
EP-06,The Beautiful Assassin,00:14:34,874,848755,https://animehistory.org/uploads/screencaps/outlaw-star-E006-The-Beautiful-Assassin/cap_00-14-34_331e.jpg,Outlaw Star Ep 6: The Beautiful Assassin @ 00:14:34,https://animehistory.org/gallery/screencaps/outlaw-star/episode-6/,https://animehistory.org/gallery/screencaps/outlaw-star/episode-6/?page=3,3,2026-10-07T01:48:59.859401+00:00,f3f284f0b866dc3f8001395b3849ee47c4546b0bbbb16d9bf9bf4b574dba32e9,,UNVERIFIED
EP-06,The Beautiful Assassin,00:14:38,878,848756,https://animehistory.org/uploads/screencaps/outlaw-star-E006-The-Beautiful-Assassin/cap_00-14-38_03d2.jpg,Outlaw Star Ep 6: The Beautiful Assassin @ 00:14:38,https://animehistory.org/gallery/screencaps/outlaw-star/episode-6/,https://animehistory.org/gallery/screencaps/outlaw-star/episode-6/?page=3,3,2026-10-07T01:48:59.859401+00:00,f3f284f0b866dc3f8001395b3849ee47c4546b0bbbb16d9bf9bf4b574dba32e9,,UNVERIFIED
EP-06,The Beautiful Assassin,00:14:41,881,848757,https://animehistory.org/uploads/screencaps/outlaw-star-E006-The-Beautiful-Assassin/cap_00-14-41_69b3.jpg,Outlaw Star Ep 6: The Beautiful Assassin @ 00:14:41,https://animehistory.org/gallery/screencaps/outlaw-star/episode-6/,https://animehistory.org/gallery/screencaps/outlaw-star/episode-6/?page=3,3,2026-10-07T01:48:59.859401+00:00,f3f284f0b866dc3f8001395b3849ee47c4546b0bbbb16d9bf9bf4b574dba32e9,,UNVERIFIED
EP-06,The Beautiful Assassin,00:14:45,885,848758,https://animehistory.org/uploads/screencaps/outlaw-star-E006-The-Beautiful-Assassin/cap_00-14-45_0efa.jpg,Outlaw Star Ep 6: The Beautiful Assassin @ 00:14:45,https://animehistory.org/gallery/screencaps/outlaw-star/episode-6/,https://animehistory.org/gallery/screencaps/outlaw-star/episode-6/?page=3,3,2026-10-07T01:48:59.859401+00:00,f3f284f0b866dc3f8001395b3849ee47c4546b0bbbb16d9bf9bf4b574dba32e9,,UNVERIFIED
EP-06,The Beautiful Assassin,00:14:49,889,848759,https://animehistory.org/uploads/screencaps/outlaw-star-E006-The-Beautiful-Assassin/cap_00-14-49_476a.jpg,Outlaw Star Ep 6: The Beautiful Assassin @ 00:14:49,https://animehistory.org/gallery/screencaps/outlaw-star/episode-6/,https://animehistory.org/gallery/screencaps/outlaw-star/episode-6/?page=3,3,2026-10-07T01:48:59.859401+00:00,f3f284f0b866dc3f8001395b3849ee47c4546b0bbbb16d9bf9bf4b574dba32e9,,UNVERIFIED
EP-06,The Beautiful Assassin,00:14:52,892,848760,https://animehistory.org/uploads/screencaps/outlaw-star-E006-The-Beautiful-Assassin/cap_00-14-52_293e.jpg,Outlaw Star Ep 6: The Beautiful Assassin @ 00:14:52,https://animehistory.org/gallery/screencaps/outlaw-star/episode-6/,https://animehistory.org/gallery/screencaps/outlaw-star/episode-6/?page=3,3,2026-10-07T01:48:59.859401+00:00,f3f284f0b866dc3f8001395b3849ee47c4546b0bbbb16d9bf9bf4b574dba32e9,,UNVERIFIED
EP-06,The Beautiful Assassin,00:14:56,896,848761,https://animehistory.org/uploads/screencaps/outlaw-star-E006-The-Beautiful-Assassin/cap_00-14-56_4b0c.jpg,Outlaw Star Ep 6: The Beautiful Assassin @ 00:14:56,https://animehistory.org/gallery/screencaps/outlaw-star/episode-6/,https://animehistory.org/gallery/screencaps/outlaw-star/episode-6/?page=3,3,2026-10-07T01:48:59.859401+00:00,f3f284f0b866dc3f8001395b3849ee47c4546b0bbbb16d9bf9bf4b574dba32e9,,UNVERIFIED
EP-06,The Beautiful Assassin,00:15:00,900,848762,https://animehistory.org/uploads/screencaps/outlaw-star-E006-The-Beautiful-Assassin/cap_00-15-00_0e66.jpg,Outlaw Star Ep 6: The Beautiful Assassin @ 00:15:00,https://animehistory.org/gallery/screencaps/outlaw-star/episode-6/,https://animehistory.org/gallery/screencaps/outlaw-star/episode-6/?page=3,3,2026-10-07T01:48:59.859401+00:00,f3f284f0b866dc3f8001395b3849ee47c4546b0bbbb16d9bf9bf4b574dba32e9,,UNVERIFIED
EP-06,The Beautiful Assassin,00:15:03,903,848763,https://animehistory.org/uploads/screencaps/outlaw-star-E006-The-Beautiful-Assassin/cap_00-15-03_298a.jpg,Outlaw Star Ep 6: The Beautiful Assassin @ 00:15:03,https://animehistory.org/gallery/screencaps/outlaw-star/episode-6/,https://animehistory.org/gallery/screencaps/outlaw-star/episode-6/?page=3,3,2026-10-07T01:48:59.859401+00:00,f3f284f0b866dc3f8001395b3849ee47c4546b0bbbb16d9bf9bf4b574dba32e9,,UNVERIFIED
EP-06,The Beautiful Assassin,00:15:07,907,848764,https://animehistory.org/uploads/screencaps/outlaw-star-E006-The-Beautiful-Assassin/cap_00-15-07_64d1.jpg,Outlaw Star Ep 6: The Beautiful Assassin @ 00:15:07,https://animehistory.org/gallery/screencaps/outlaw-star/episode-6/,https://animehistory.org/gallery/screencaps/outlaw-star/episode-6/?page=3,3,2026-10-07T01:48:59.859401+00:00,f3f284f0b866dc3f8001395b3849ee47c4546b0bbbb16d9bf9bf4b574dba32e9,,UNVERIFIED
EP-06,The Beautiful Assassin,00:15:10,910,848765,https://animehistory.org/uploads/screencaps/outlaw-star-E006-The-Beautiful-Assassin/cap_00-15-10_40fd.jpg,Outlaw Star Ep 6: The Beautiful Assassin @ 00:15:10,https://animehistory.org/gallery/screencaps/outlaw-star/episode-6/,https://animehistory.org/gallery/screencaps/outlaw-star/episode-6/?page=3,3,2026-10-07T01:48:59.859401+00:00,f3f284f0b866dc3f8001395b3849ee47c4546b0bbbb16d9bf9bf4b574dba32e9,,UNVERIFIED
EP-06,The Beautiful Assassin,00:15:14,914,848766,https://animehistory.org/uploads/screencaps/outlaw-star-E006-The-Beautiful-Assassin/cap_00-15-14_1817.jpg,Outlaw Star Ep 6: The Beautiful Assassin @ 00:15:14,https://animehistory.org/gallery/screencaps/outlaw-star/episode-6/,https://animehistory.org/gallery/screencaps/outlaw-star/episode-6/?page=3,3,2026-10-07T01:48:59.859401+00:00,f3f284f0b866dc3f8001395b3849ee47c4546b0bbbb16d9bf9bf4b574dba32e9,,UNVERIFIED
EP-06,The Beautiful Assassin,00:15:18,918,848767,https://animehistory.org/uploads/screencaps/outlaw-star-E006-The-Beautiful-Assassin/cap_00-15-18_312e.jpg,Outlaw Star Ep 6: The Beautiful Assassin @ 00:15:18,https://animehistory.org/gallery/screencaps/outlaw-star/episode-6/,https://animehistory.org/gallery/screencaps/outlaw-star/episode-6/?page=3,3,2026-10-07T01:48:59.859401+00:00,f3f284f0b866dc3f8001395b3849ee47c4546b0bbbb16d9bf9bf4b574dba32e9,,UNVERIFIED
EP-06,The Beautiful Assassin,00:15:21,921,848768,https://animehistory.org/uploads/screencaps/outlaw-star-E006-The-Beautiful-Assassin/cap_00-15-21_1496.jpg,Outlaw Star Ep 6: The Beautiful Assassin @ 00:15:21,https://animehistory.org/gallery/screencaps/outlaw-star/episode-6/,https://animehistory.org/gallery/screencaps/outlaw-star/episode-6/?page=3,3,2026-10-07T01:48:59.859401+00:00,f3f284f0b866dc3f8001395b3849ee47c4546b0bbbb16d9bf9bf4b574dba32e9,,UNVERIFIED
EP-06,The Beautiful Assassin,00:15:25,925,848769,https://animehistory.org/uploads/screencaps/outlaw-star-E006-The-Beautiful-Assassin/cap_00-15-25_2c78.jpg,Outlaw Star Ep 6: The Beautiful Assassin @ 00:15:25,https://animehistory.org/gallery/screencaps/outlaw-star/episode-6/,https://animehistory.org/gallery/screencaps/outlaw-star/episode-6/?page=3,3,2026-10-07T01:48:59.859401+00:00,f3f284f0b866dc3f8001395b3849ee47c4546b0bbbb16d9bf9bf4b574dba32e9,,UNVERIFIED
EP-06,The Beautiful Assassin,00:15:29,929,848770,https://animehistory.org/uploads/screencaps/outlaw-star-E006-The-Beautiful-Assassin/cap_00-15-29_7b8b.jpg,Outlaw Star Ep 6: The Beautiful Assassin @ 00:15:29,https://animehistory.org/gallery/screencaps/outlaw-star/episode-6/,https://animehistory.org/gallery/screencaps/outlaw-star/episode-6/?page=3,3,2026-10-07T01:48:59.859401+00:00,f3f284f0b866dc3f8001395b3849ee47c4546b0bbbb16d9bf9bf4b574dba32e9,,UNVERIFIED
EP-06,The Beautiful Assassin,00:15:32,932,848771,https://animehistory.org/uploads/screencaps/outlaw-star-E006-The-Beautiful-Assassin/cap_00-15-32_70ea.jpg,Outlaw Star Ep 6: The Beautiful Assassin @ 00:15:32,https://animehistory.org/gallery/screencaps/outlaw-star/episode-6/,https://animehistory.org/gallery/screencaps/outlaw-star/episode-6/?page=3,3,2026-10-07T01:48:59.859401+00:00,f3f284f0b866dc3f8001395b3849ee47c4546b0bbbb16d9bf9bf4b574dba32e9,,UNVERIFIED
EP-06,The Beautiful Assassin,00:15:36,936,848772,https://animehistory.org/uploads/screencaps/outlaw-star-E006-The-Beautiful-Assassin/cap_00-15-36_405b.jpg,Outlaw Star Ep 6: The Beautiful Assassin @ 00:15:36,https://animehistory.org/gallery/screencaps/outlaw-star/episode-6/,https://animehistory.org/gallery/screencaps/outlaw-star/episode-6/?page=3,3,2026-10-07T01:48:59.859401+00:00,f3f284f0b866dc3f8001395b3849ee47c4546b0bbbb16d9bf9bf4b574dba32e9,,UNVERIFIED
EP-06,The Beautiful Assassin,00:15:40,940,848773,https://animehistory.org/uploads/screencaps/outlaw-star-E006-The-Beautiful-Assassin/cap_00-15-40_6ef5.jpg,Outlaw Star Ep 6: The Beautiful Assassin @ 00:15:40,https://animehistory.org/gallery/screencaps/outlaw-star/episode-6/,https://animehistory.org/gallery/screencaps/outlaw-star/episode-6/?page=3,3,2026-10-07T01:48:59.859401+00:00,f3f284f0b866dc3f8001395b3849ee47c4546b0bbbb16d9bf9bf4b574dba32e9,,UNVERIFIED
EP-06,The Beautiful Assassin,00:15:43,943,848774,https://animehistory.org/uploads/screencaps/outlaw-star-E006-The-Beautiful-Assassin/cap_00-15-43_15c3.jpg,Outlaw Star Ep 6: The Beautiful Assassin @ 00:15:43,https://animehistory.org/gallery/screencaps/outlaw-star/episode-6/,https://animehistory.org/gallery/screencaps/outlaw-star/episode-6/?page=3,3,2026-10-07T01:48:59.859401+00:00,f3f284f0b866dc3f8001395b3849ee47c4546b0bbbb16d9bf9bf4b574dba32e9,,UNVERIFIED
EP-06,The Beautiful Assassin,00:15:47,947,848775,https://animehistory.org/uploads/screencaps/outlaw-star-E006-The-Beautiful-Assassin/cap_00-15-47_19bf.jpg,Outlaw Star Ep 6: The Beautiful Assassin @ 00:15:47,https://animehistory.org/gallery/screencaps/outlaw-star/episode-6/,https://animehistory.org/gallery/screencaps/outlaw-star/episode-6/?page=3,3,2026-10-07T01:48:59.859401+00:00,f3f284f0b866dc3f8001395b3849ee47c4546b0bbbb16d9bf9bf4b574dba32e9,,UNVERIFIED
EP-06,The Beautiful Assassin,00:15:50,950,848776,https://animehistory.org/uploads/screencaps/outlaw-star-E006-The-Beautiful-Assassin/cap_00-15-50_0a87.jpg,Outlaw Star Ep 6: The Beautiful Assassin @ 00:15:50,https://animehistory.org/gallery/screencaps/outlaw-star/episode-6/,https://animehistory.org/gallery/screencaps/outlaw-star/episode-6/?page=3,3,2026-10-07T01:48:59.859401+00:00,f3f284f0b866dc3f8001395b3849ee47c4546b0bbbb16d9bf9bf4b574dba32e9,,UNVERIFIED
EP-06,The Beautiful Assassin,00:15:54,954,848777,https://animehistory.org/uploads/screencaps/outlaw-star-E006-The-Beautiful-Assassin/cap_00-15-54_71d5.jpg,Outlaw Star Ep 6: The Beautiful Assassin @ 00:15:54,https://animehistory.org/gallery/screencaps/outlaw-star/episode-6/,https://animehistory.org/gallery/screencaps/outlaw-star/episode-6/?page=3,3,2026-10-07T01:48:59.859401+00:00,f3f284f0b866dc3f8001395b3849ee47c4546b0bbbb16d9bf9bf4b574dba32e9,,UNVERIFIED
EP-06,The Beautiful Assassin,00:15:58,958,848778,https://animehistory.org/uploads/screencaps/outlaw-star-E006-The-Beautiful-Assassin/cap_00-15-58_04c2.jpg,Outlaw Star Ep 6: The Beautiful Assassin @ 00:15:58,https://animehistory.org/gallery/screencaps/outlaw-star/episode-6/,https://animehistory.org/gallery/screencaps/outlaw-star/episode-6/?page=3,3,2026-10-07T01:48:59.859401+00:00,f3f284f0b866dc3f8001395b3849ee47c4546b0bbbb16d9bf9bf4b574dba32e9,,UNVERIFIED
EP-06,The Beautiful Assassin,00:16:01,961,848779,https://animehistory.org/uploads/screencaps/outlaw-star-E006-The-Beautiful-Assassin/cap_00-16-01_0176.jpg,Outlaw Star Ep 6: The Beautiful Assassin @ 00:16:01,https://animehistory.org/gallery/screencaps/outlaw-star/episode-6/,https://animehistory.org/gallery/screencaps/outlaw-star/episode-6/?page=3,3,2026-10-07T01:48:59.859401+00:00,f3f284f0b866dc3f8001395b3849ee47c4546b0bbbb16d9bf9bf4b574dba32e9,,UNVERIFIED
EP-06,The Beautiful Assassin,00:16:05,965,848780,https://animehistory.org/uploads/screencaps/outlaw-star-E006-The-Beautiful-Assassin/cap_00-16-05_7e48.jpg,Outlaw Star Ep 6: The Beautiful Assassin @ 00:16:05,https://animehistory.org/gallery/screencaps/outlaw-star/episode-6/,https://animehistory.org/gallery/screencaps/outlaw-star/episode-6/?page=3,3,2026-10-07T01:48:59.859401+00:00,f3f284f0b866dc3f8001395b3849ee47c4546b0bbbb16d9bf9bf4b574dba32e9,,UNVERIFIED
EP-06,The Beautiful Assassin,00:16:09,969,848781,https://animehistory.org/uploads/screencaps/outlaw-star-E006-The-Beautiful-Assassin/cap_00-16-09_1a5e.jpg,Outlaw Star Ep 6: The Beautiful Assassin @ 00:16:09,https://animehistory.org/gallery/screencaps/outlaw-star/episode-6/,https://animehistory.org/gallery/screencaps/outlaw-star/episode-6/?page=3,3,2026-10-07T01:48:59.859401+00:00,f3f284f0b866dc3f8001395b3849ee47c4546b0bbbb16d9bf9bf4b574dba32e9,,UNVERIFIED
EP-06,The Beautiful Assassin,00:16:12,972,848782,https://animehistory.org/uploads/screencaps/outlaw-star-E006-The-Beautiful-Assassin/cap_00-16-12_26f2.jpg,Outlaw Star Ep 6: The Beautiful Assassin @ 00:16:12,https://animehistory.org/gallery/screencaps/outlaw-star/episode-6/,https://animehistory.org/gallery/screencaps/outlaw-star/episode-6/?page=3,3,2026-10-07T01:48:59.859401+00:00,f3f284f0b866dc3f8001395b3849ee47c4546b0bbbb16d9bf9bf4b574dba32e9,,UNVERIFIED
EP-06,The Beautiful Assassin,00:16:16,976,848783,https://animehistory.org/uploads/screencaps/outlaw-star-E006-The-Beautiful-Assassin/cap_00-16-16_1816.jpg,Outlaw Star Ep 6: The Beautiful Assassin @ 00:16:16,https://animehistory.org/gallery/screencaps/outlaw-star/episode-6/,https://animehistory.org/gallery/screencaps/outlaw-star/episode-6/?page=3,3,2026-10-07T01:48:59.859401+00:00,f3f284f0b866dc3f8001395b3849ee47c4546b0bbbb16d9bf9bf4b574dba32e9,,UNVERIFIED
EP-06,The Beautiful Assassin,00:16:20,980,848784,https://animehistory.org/uploads/screencaps/outlaw-star-E006-The-Beautiful-Assassin/cap_00-16-20_65fe.jpg,Outlaw Star Ep 6: The Beautiful Assassin @ 00:16:20,https://animehistory.org/gallery/screencaps/outlaw-star/episode-6/,https://animehistory.org/gallery/screencaps/outlaw-star/episode-6/?page=3,3,2026-10-07T01:48:59.859401+00:00,f3f284f0b866dc3f8001395b3849ee47c4546b0bbbb16d9bf9bf4b574dba32e9,,UNVERIFIED
EP-06,The Beautiful Assassin,00:16:23,983,848785,https://animehistory.org/uploads/screencaps/outlaw-star-E006-The-Beautiful-Assassin/cap_00-16-23_13f9.jpg,Outlaw Star Ep 6: The Beautiful Assassin @ 00:16:23,https://animehistory.org/gallery/screencaps/outlaw-star/episode-6/,https://animehistory.org/gallery/screencaps/outlaw-star/episode-6/?page=3,3,2026-10-07T01:48:59.859401+00:00,f3f284f0b866dc3f8001395b3849ee47c4546b0bbbb16d9bf9bf4b574dba32e9,,UNVERIFIED
EP-06,The Beautiful Assassin,00:16:27,987,848786,https://animehistory.org/uploads/screencaps/outlaw-star-E006-The-Beautiful-Assassin/cap_00-16-27_374f.jpg,Outlaw Star Ep 6: The Beautiful Assassin @ 00:16:27,https://animehistory.org/gallery/screencaps/outlaw-star/episode-6/,https://animehistory.org/gallery/screencaps/outlaw-star/episode-6/?page=3,3,2026-10-07T01:48:59.859401+00:00,f3f284f0b866dc3f8001395b3849ee47c4546b0bbbb16d9bf9bf4b574dba32e9,,UNVERIFIED
EP-06,The Beautiful Assassin,00:16:30,990,848787,https://animehistory.org/uploads/screencaps/outlaw-star-E006-The-Beautiful-Assassin/cap_00-16-30_328e.jpg,Outlaw Star Ep 6: The Beautiful Assassin @ 00:16:30,https://animehistory.org/gallery/screencaps/outlaw-star/episode-6/,https://animehistory.org/gallery/screencaps/outlaw-star/episode-6/?page=3,3,2026-10-07T01:48:59.859401+00:00,f3f284f0b866dc3f8001395b3849ee47c4546b0bbbb16d9bf9bf4b574dba32e9,,UNVERIFIED
EP-06,The Beautiful Assassin,00:16:34,994,848788,https://animehistory.org/uploads/screencaps/outlaw-star-E006-The-Beautiful-Assassin/cap_00-16-34_13b1.jpg,Outlaw Star Ep 6: The Beautiful Assassin @ 00:16:34,https://animehistory.org/gallery/screencaps/outlaw-star/episode-6/,https://animehistory.org/gallery/screencaps/outlaw-star/episode-6/?page=3,3,2026-10-07T01:48:59.859401+00:00,f3f284f0b866dc3f8001395b3849ee47c4546b0bbbb16d9bf9bf4b574dba32e9,,UNVERIFIED
EP-06,The Beautiful Assassin,00:16:38,998,848789,https://animehistory.org/uploads/screencaps/outlaw-star-E006-The-Beautiful-Assassin/cap_00-16-38_7b7e.jpg,Outlaw Star Ep 6: The Beautiful Assassin @ 00:16:38,https://animehistory.org/gallery/screencaps/outlaw-star/episode-6/,https://animehistory.org/gallery/screencaps/outlaw-star/episode-6/?page=3,3,2026-10-07T01:48:59.859401+00:00,f3f284f0b866dc3f8001395b3849ee47c4546b0bbbb16d9bf9bf4b574dba32e9,,UNVERIFIED
EP-06,The Beautiful Assassin,00:16:41,1001,848790,https://animehistory.org/uploads/screencaps/outlaw-star-E006-The-Beautiful-Assassin/cap_00-16-41_6664.jpg,Outlaw Star Ep 6: The Beautiful Assassin @ 00:16:41,https://animehistory.org/gallery/screencaps/outlaw-star/episode-6/,https://animehistory.org/gallery/screencaps/outlaw-star/episode-6/?page=3,3,2026-10-07T01:48:59.859401+00:00,f3f284f0b866dc3f8001395b3849ee47c4546b0bbbb16d9bf9bf4b574dba32e9,,UNVERIFIED
EP-06,The Beautiful Assassin,00:16:45,1005,848791,https://animehistory.org/uploads/screencaps/outlaw-star-E006-The-Beautiful-Assassin/cap_00-16-45_0cbe.jpg,Outlaw Star Ep 6: The Beautiful Assassin @ 00:16:45,https://animehistory.org/gallery/screencaps/outlaw-star/episode-6/,https://animehistory.org/gallery/screencaps/outlaw-star/episode-6/?page=3,3,2026-10-07T01:48:59.859401+00:00,f3f284f0b866dc3f8001395b3849ee47c4546b0bbbb16d9bf9bf4b574dba32e9,,UNVERIFIED
EP-06,The Beautiful Assassin,00:16:49,1009,848792,https://animehistory.org/uploads/screencaps/outlaw-star-E006-The-Beautiful-Assassin/cap_00-16-49_0434.jpg,Outlaw Star Ep 6: The Beautiful Assassin @ 00:16:49,https://animehistory.org/gallery/screencaps/outlaw-star/episode-6/,https://animehistory.org/gallery/screencaps/outlaw-star/episode-6/?page=3,3,2026-10-07T01:48:59.859401+00:00,f3f284f0b866dc3f8001395b3849ee47c4546b0bbbb16d9bf9bf4b574dba32e9,,UNVERIFIED
EP-06,The Beautiful Assassin,00:16:52,1012,848793,https://animehistory.org/uploads/screencaps/outlaw-star-E006-The-Beautiful-Assassin/cap_00-16-52_57f1.jpg,Outlaw Star Ep 6: The Beautiful Assassin @ 00:16:52,https://animehistory.org/gallery/screencaps/outlaw-star/episode-6/,https://animehistory.org/gallery/screencaps/outlaw-star/episode-6/?page=3,3,2026-10-07T01:48:59.859401+00:00,f3f284f0b866dc3f8001395b3849ee47c4546b0bbbb16d9bf9bf4b574dba32e9,,UNVERIFIED
EP-06,The Beautiful Assassin,00:16:56,1016,848794,https://animehistory.org/uploads/screencaps/outlaw-star-E006-The-Beautiful-Assassin/cap_00-16-56_6768.jpg,Outlaw Star Ep 6: The Beautiful Assassin @ 00:16:56,https://animehistory.org/gallery/screencaps/outlaw-star/episode-6/,https://animehistory.org/gallery/screencaps/outlaw-star/episode-6/?page=3,3,2026-10-07T01:48:59.859401+00:00,f3f284f0b866dc3f8001395b3849ee47c4546b0bbbb16d9bf9bf4b574dba32e9,,UNVERIFIED
EP-06,The Beautiful Assassin,00:17:00,1020,848795,https://animehistory.org/uploads/screencaps/outlaw-star-E006-The-Beautiful-Assassin/cap_00-17-00_0f2c.jpg,Outlaw Star Ep 6: The Beautiful Assassin @ 00:17:00,https://animehistory.org/gallery/screencaps/outlaw-star/episode-6/,https://animehistory.org/gallery/screencaps/outlaw-star/episode-6/?page=3,3,2026-10-07T01:48:59.859401+00:00,f3f284f0b866dc3f8001395b3849ee47c4546b0bbbb16d9bf9bf4b574dba32e9,,UNVERIFIED
EP-06,The Beautiful Assassin,00:17:03,1023,848796,https://animehistory.org/uploads/screencaps/outlaw-star-E006-The-Beautiful-Assassin/cap_00-17-03_1765.jpg,Outlaw Star Ep 6: The Beautiful Assassin @ 00:17:03,https://animehistory.org/gallery/screencaps/outlaw-star/episode-6/,https://animehistory.org/gallery/screencaps/outlaw-star/episode-6/?page=3,3,2026-10-07T01:48:59.859401+00:00,f3f284f0b866dc3f8001395b3849ee47c4546b0bbbb16d9bf9bf4b574dba32e9,,UNVERIFIED
EP-06,The Beautiful Assassin,00:17:07,1027,848797,https://animehistory.org/uploads/screencaps/outlaw-star-E006-The-Beautiful-Assassin/cap_00-17-07_1f34.jpg,Outlaw Star Ep 6: The Beautiful Assassin @ 00:17:07,https://animehistory.org/gallery/screencaps/outlaw-star/episode-6/,https://animehistory.org/gallery/screencaps/outlaw-star/episode-6/?page=3,3,2026-10-07T01:48:59.859401+00:00,f3f284f0b866dc3f8001395b3849ee47c4546b0bbbb16d9bf9bf4b574dba32e9,,UNVERIFIED
EP-06,The Beautiful Assassin,00:17:10,1030,848798,https://animehistory.org/uploads/screencaps/outlaw-star-E006-The-Beautiful-Assassin/cap_00-17-10_23b6.jpg,Outlaw Star Ep 6: The Beautiful Assassin @ 00:17:10,https://animehistory.org/gallery/screencaps/outlaw-star/episode-6/,https://animehistory.org/gallery/screencaps/outlaw-star/episode-6/?page=3,3,2026-10-07T01:48:59.859401+00:00,f3f284f0b866dc3f8001395b3849ee47c4546b0bbbb16d9bf9bf4b574dba32e9,,UNVERIFIED
EP-06,The Beautiful Assassin,00:17:14,1034,848799,https://animehistory.org/uploads/screencaps/outlaw-star-E006-The-Beautiful-Assassin/cap_00-17-14_0524.jpg,Outlaw Star Ep 6: The Beautiful Assassin @ 00:17:14,https://animehistory.org/gallery/screencaps/outlaw-star/episode-6/,https://animehistory.org/gallery/screencaps/outlaw-star/episode-6/?page=3,3,2026-10-07T01:48:59.859401+00:00,f3f284f0b866dc3f8001395b3849ee47c4546b0bbbb16d9bf9bf4b574dba32e9,,UNVERIFIED
EP-06,The Beautiful Assassin,00:17:18,1038,848800,https://animehistory.org/uploads/screencaps/outlaw-star-E006-The-Beautiful-Assassin/cap_00-17-18_667a.jpg,Outlaw Star Ep 6: The Beautiful Assassin @ 00:17:18,https://animehistory.org/gallery/screencaps/outlaw-star/episode-6/,https://animehistory.org/gallery/screencaps/outlaw-star/episode-6/?page=3,3,2026-10-07T01:48:59.859401+00:00,f3f284f0b866dc3f8001395b3849ee47c4546b0bbbb16d9bf9bf4b574dba32e9,,UNVERIFIED
EP-06,The Beautiful Assassin,00:17:21,1041,848801,https://animehistory.org/uploads/screencaps/outlaw-star-E006-The-Beautiful-Assassin/cap_00-17-21_6fe1.jpg,Outlaw Star Ep 6: The Beautiful Assassin @ 00:17:21,https://animehistory.org/gallery/screencaps/outlaw-star/episode-6/,https://animehistory.org/gallery/screencaps/outlaw-star/episode-6/?page=3,3,2026-10-07T01:48:59.859401+00:00,f3f284f0b866dc3f8001395b3849ee47c4546b0bbbb16d9bf9bf4b574dba32e9,,UNVERIFIED
EP-06,The Beautiful Assassin,00:17:25,1045,848802,https://animehistory.org/uploads/screencaps/outlaw-star-E006-The-Beautiful-Assassin/cap_00-17-25_3ac2.jpg,Outlaw Star Ep 6: The Beautiful Assassin @ 00:17:25,https://animehistory.org/gallery/screencaps/outlaw-star/episode-6/,https://animehistory.org/gallery/screencaps/outlaw-star/episode-6/?page=3,3,2026-10-07T01:48:59.859401+00:00,f3f284f0b866dc3f8001395b3849ee47c4546b0bbbb16d9bf9bf4b574dba32e9,,UNVERIFIED
EP-06,The Beautiful Assassin,00:17:29,1049,848803,https://animehistory.org/uploads/screencaps/outlaw-star-E006-The-Beautiful-Assassin/cap_00-17-29_723c.jpg,Outlaw Star Ep 6: The Beautiful Assassin @ 00:17:29,https://animehistory.org/gallery/screencaps/outlaw-star/episode-6/,https://animehistory.org/gallery/screencaps/outlaw-star/episode-6/?page=3,3,2026-10-07T01:48:59.859401+00:00,f3f284f0b866dc3f8001395b3849ee47c4546b0bbbb16d9bf9bf4b574dba32e9,,UNVERIFIED
EP-06,The Beautiful Assassin,00:17:32,1052,848804,https://animehistory.org/uploads/screencaps/outlaw-star-E006-The-Beautiful-Assassin/cap_00-17-32_71a7.jpg,Outlaw Star Ep 6: The Beautiful Assassin @ 00:17:32,https://animehistory.org/gallery/screencaps/outlaw-star/episode-6/,https://animehistory.org/gallery/screencaps/outlaw-star/episode-6/?page=3,3,2026-10-07T01:48:59.859401+00:00,f3f284f0b866dc3f8001395b3849ee47c4546b0bbbb16d9bf9bf4b574dba32e9,,UNVERIFIED
EP-06,The Beautiful Assassin,00:17:36,1056,848805,https://animehistory.org/uploads/screencaps/outlaw-star-E006-The-Beautiful-Assassin/cap_00-17-36_3957.jpg,Outlaw Star Ep 6: The Beautiful Assassin @ 00:17:36,https://animehistory.org/gallery/screencaps/outlaw-star/episode-6/,https://animehistory.org/gallery/screencaps/outlaw-star/episode-6/?page=3,3,2026-10-07T01:48:59.859401+00:00,f3f284f0b866dc3f8001395b3849ee47c4546b0bbbb16d9bf9bf4b574dba32e9,,UNVERIFIED
EP-06,The Beautiful Assassin,00:17:40,1060,848806,https://animehistory.org/uploads/screencaps/outlaw-star-E006-The-Beautiful-Assassin/cap_00-17-40_2b84.jpg,Outlaw Star Ep 6: The Beautiful Assassin @ 00:17:40,https://animehistory.org/gallery/screencaps/outlaw-star/episode-6/,https://animehistory.org/gallery/screencaps/outlaw-star/episode-6/?page=3,3,2026-10-07T01:48:59.859401+00:00,f3f284f0b866dc3f8001395b3849ee47c4546b0bbbb16d9bf9bf4b574dba32e9,,UNVERIFIED
EP-06,The Beautiful Assassin,00:17:43,1063,848807,https://animehistory.org/uploads/screencaps/outlaw-star-E006-The-Beautiful-Assassin/cap_00-17-43_6692.jpg,Outlaw Star Ep 6: The Beautiful Assassin @ 00:17:43,https://animehistory.org/gallery/screencaps/outlaw-star/episode-6/,https://animehistory.org/gallery/screencaps/outlaw-star/episode-6/?page=3,3,2026-10-07T01:48:59.859401+00:00,f3f284f0b866dc3f8001395b3849ee47c4546b0bbbb16d9bf9bf4b574dba32e9,,UNVERIFIED
EP-06,The Beautiful Assassin,00:17:47,1067,848808,https://animehistory.org/uploads/screencaps/outlaw-star-E006-The-Beautiful-Assassin/cap_00-17-47_3e94.jpg,Outlaw Star Ep 6: The Beautiful Assassin @ 00:17:47,https://animehistory.org/gallery/screencaps/outlaw-star/episode-6/,https://animehistory.org/gallery/screencaps/outlaw-star/episode-6/?page=3,3,2026-10-07T01:48:59.859401+00:00,f3f284f0b866dc3f8001395b3849ee47c4546b0bbbb16d9bf9bf4b574dba32e9,,UNVERIFIED
EP-06,The Beautiful Assassin,00:17:50,1070,848809,https://animehistory.org/uploads/screencaps/outlaw-star-E006-The-Beautiful-Assassin/cap_00-17-50_0a20.jpg,Outlaw Star Ep 6: The Beautiful Assassin @ 00:17:50,https://animehistory.org/gallery/screencaps/outlaw-star/episode-6/,https://animehistory.org/gallery/screencaps/outlaw-star/episode-6/?page=3,3,2026-10-07T01:48:59.859401+00:00,f3f284f0b866dc3f8001395b3849ee47c4546b0bbbb16d9bf9bf4b574dba32e9,,UNVERIFIED
EP-06,The Beautiful Assassin,00:17:54,1074,848810,https://animehistory.org/uploads/screencaps/outlaw-star-E006-The-Beautiful-Assassin/cap_00-17-54_1eb7.jpg,Outlaw Star Ep 6: The Beautiful Assassin @ 00:17:54,https://animehistory.org/gallery/screencaps/outlaw-star/episode-6/,https://animehistory.org/gallery/screencaps/outlaw-star/episode-6/?page=3,3,2026-10-07T01:48:59.859401+00:00,f3f284f0b866dc3f8001395b3849ee47c4546b0bbbb16d9bf9bf4b574dba32e9,,UNVERIFIED
EP-06,The Beautiful Assassin,00:17:58,1078,848811,https://animehistory.org/uploads/screencaps/outlaw-star-E006-The-Beautiful-Assassin/cap_00-17-58_37f7.jpg,Outlaw Star Ep 6: The Beautiful Assassin @ 00:17:58,https://animehistory.org/gallery/screencaps/outlaw-star/episode-6/,https://animehistory.org/gallery/screencaps/outlaw-star/episode-6/?page=3,3,2026-10-07T01:48:59.859401+00:00,f3f284f0b866dc3f8001395b3849ee47c4546b0bbbb16d9bf9bf4b574dba32e9,,UNVERIFIED
EP-06,The Beautiful Assassin,00:18:01,1081,848812,https://animehistory.org/uploads/screencaps/outlaw-star-E006-The-Beautiful-Assassin/cap_00-18-01_54be.jpg,Outlaw Star Ep 6: The Beautiful Assassin @ 00:18:01,https://animehistory.org/gallery/screencaps/outlaw-star/episode-6/,https://animehistory.org/gallery/screencaps/outlaw-star/episode-6/?page=3,3,2026-10-07T01:48:59.859401+00:00,f3f284f0b866dc3f8001395b3849ee47c4546b0bbbb16d9bf9bf4b574dba32e9,,UNVERIFIED
EP-06,The Beautiful Assassin,00:18:05,1085,848813,https://animehistory.org/uploads/screencaps/outlaw-star-E006-The-Beautiful-Assassin/cap_00-18-05_1191.jpg,Outlaw Star Ep 6: The Beautiful Assassin @ 00:18:05,https://animehistory.org/gallery/screencaps/outlaw-star/episode-6/,https://animehistory.org/gallery/screencaps/outlaw-star/episode-6/?page=3,3,2026-10-07T01:48:59.859401+00:00,f3f284f0b866dc3f8001395b3849ee47c4546b0bbbb16d9bf9bf4b574dba32e9,,UNVERIFIED
EP-06,The Beautiful Assassin,00:18:09,1089,848814,https://animehistory.org/uploads/screencaps/outlaw-star-E006-The-Beautiful-Assassin/cap_00-18-09_6029.jpg,Outlaw Star Ep 6: The Beautiful Assassin @ 00:18:09,https://animehistory.org/gallery/screencaps/outlaw-star/episode-6/,https://animehistory.org/gallery/screencaps/outlaw-star/episode-6/?page=3,3,2026-10-07T01:48:59.859401+00:00,f3f284f0b866dc3f8001395b3849ee47c4546b0bbbb16d9bf9bf4b574dba32e9,,UNVERIFIED
EP-06,The Beautiful Assassin,00:18:12,1092,848815,https://animehistory.org/uploads/screencaps/outlaw-star-E006-The-Beautiful-Assassin/cap_00-18-12_79b4.jpg,Outlaw Star Ep 6: The Beautiful Assassin @ 00:18:12,https://animehistory.org/gallery/screencaps/outlaw-star/episode-6/,https://animehistory.org/gallery/screencaps/outlaw-star/episode-6/?page=3,3,2026-10-07T01:48:59.859401+00:00,f3f284f0b866dc3f8001395b3849ee47c4546b0bbbb16d9bf9bf4b574dba32e9,,UNVERIFIED
EP-06,The Beautiful Assassin,00:18:16,1096,848816,https://animehistory.org/uploads/screencaps/outlaw-star-E006-The-Beautiful-Assassin/cap_00-18-16_50b5.jpg,Outlaw Star Ep 6: The Beautiful Assassin @ 00:18:16,https://animehistory.org/gallery/screencaps/outlaw-star/episode-6/,https://animehistory.org/gallery/screencaps/outlaw-star/episode-6/?page=3,3,2026-10-07T01:48:59.859401+00:00,f3f284f0b866dc3f8001395b3849ee47c4546b0bbbb16d9bf9bf4b574dba32e9,,UNVERIFIED
EP-06,The Beautiful Assassin,00:18:20,1100,848817,https://animehistory.org/uploads/screencaps/outlaw-star-E006-The-Beautiful-Assassin/cap_00-18-20_3b4b.jpg,Outlaw Star Ep 6: The Beautiful Assassin @ 00:18:20,https://animehistory.org/gallery/screencaps/outlaw-star/episode-6/,https://animehistory.org/gallery/screencaps/outlaw-star/episode-6/?page=3,3,2026-10-07T01:48:59.859401+00:00,f3f284f0b866dc3f8001395b3849ee47c4546b0bbbb16d9bf9bf4b574dba32e9,,UNVERIFIED
EP-06,The Beautiful Assassin,00:18:23,1103,848818,https://animehistory.org/uploads/screencaps/outlaw-star-E006-The-Beautiful-Assassin/cap_00-18-23_590a.jpg,Outlaw Star Ep 6: The Beautiful Assassin @ 00:18:23,https://animehistory.org/gallery/screencaps/outlaw-star/episode-6/,https://animehistory.org/gallery/screencaps/outlaw-star/episode-6/?page=3,3,2026-10-07T01:48:59.859401+00:00,f3f284f0b866dc3f8001395b3849ee47c4546b0bbbb16d9bf9bf4b574dba32e9,,UNVERIFIED
EP-06,The Beautiful Assassin,00:18:27,1107,848819,https://animehistory.org/uploads/screencaps/outlaw-star-E006-The-Beautiful-Assassin/cap_00-18-27_4bb2.jpg,Outlaw Star Ep 6: The Beautiful Assassin @ 00:18:27,https://animehistory.org/gallery/screencaps/outlaw-star/episode-6/,https://animehistory.org/gallery/screencaps/outlaw-star/episode-6/?page=3,3,2026-10-07T01:48:59.859401+00:00,f3f284f0b866dc3f8001395b3849ee47c4546b0bbbb16d9bf9bf4b574dba32e9,,UNVERIFIED
EP-06,The Beautiful Assassin,00:18:30,1110,848820,https://animehistory.org/uploads/screencaps/outlaw-star-E006-The-Beautiful-Assassin/cap_00-18-30_1b1f.jpg,Outlaw Star Ep 6: The Beautiful Assassin @ 00:18:30,https://animehistory.org/gallery/screencaps/outlaw-star/episode-6/,https://animehistory.org/gallery/screencaps/outlaw-star/episode-6/?page=3,3,2026-10-07T01:48:59.859401+00:00,f3f284f0b866dc3f8001395b3849ee47c4546b0bbbb16d9bf9bf4b574dba32e9,,UNVERIFIED
EP-06,The Beautiful Assassin,00:18:34,1114,848821,https://animehistory.org/uploads/screencaps/outlaw-star-E006-The-Beautiful-Assassin/cap_00-18-34_0777.jpg,Outlaw Star Ep 6: The Beautiful Assassin @ 00:18:34,https://animehistory.org/gallery/screencaps/outlaw-star/episode-6/,https://animehistory.org/gallery/screencaps/outlaw-star/episode-6/?page=3,3,2026-10-07T01:48:59.859401+00:00,f3f284f0b866dc3f8001395b3849ee47c4546b0bbbb16d9bf9bf4b574dba32e9,,UNVERIFIED
EP-06,The Beautiful Assassin,00:18:38,1118,848822,https://animehistory.org/uploads/screencaps/outlaw-star-E006-The-Beautiful-Assassin/cap_00-18-38_28a8.jpg,Outlaw Star Ep 6: The Beautiful Assassin @ 00:18:38,https://animehistory.org/gallery/screencaps/outlaw-star/episode-6/,https://animehistory.org/gallery/screencaps/outlaw-star/episode-6/?page=3,3,2026-10-07T01:48:59.859401+00:00,f3f284f0b866dc3f8001395b3849ee47c4546b0bbbb16d9bf9bf4b574dba32e9,,UNVERIFIED
EP-06,The Beautiful Assassin,00:18:41,1121,848823,https://animehistory.org/uploads/screencaps/outlaw-star-E006-The-Beautiful-Assassin/cap_00-18-41_27be.jpg,Outlaw Star Ep 6: The Beautiful Assassin @ 00:18:41,https://animehistory.org/gallery/screencaps/outlaw-star/episode-6/,https://animehistory.org/gallery/screencaps/outlaw-star/episode-6/?page=3,3,2026-10-07T01:48:59.859401+00:00,f3f284f0b866dc3f8001395b3849ee47c4546b0bbbb16d9bf9bf4b574dba32e9,,UNVERIFIED
EP-06,The Beautiful Assassin,00:18:45,1125,848824,https://animehistory.org/uploads/screencaps/outlaw-star-E006-The-Beautiful-Assassin/cap_00-18-45_66cf.jpg,Outlaw Star Ep 6: The Beautiful Assassin @ 00:18:45,https://animehistory.org/gallery/screencaps/outlaw-star/episode-6/,https://animehistory.org/gallery/screencaps/outlaw-star/episode-6/?page=3,3,2026-10-07T01:48:59.859401+00:00,f3f284f0b866dc3f8001395b3849ee47c4546b0bbbb16d9bf9bf4b574dba32e9,,UNVERIFIED
EP-06,The Beautiful Assassin,00:18:49,1129,848825,https://animehistory.org/uploads/screencaps/outlaw-star-E006-The-Beautiful-Assassin/cap_00-18-49_68cc.jpg,Outlaw Star Ep 6: The Beautiful Assassin @ 00:18:49,https://animehistory.org/gallery/screencaps/outlaw-star/episode-6/,https://animehistory.org/gallery/screencaps/outlaw-star/episode-6/?page=3,3,2026-10-07T01:48:59.859401+00:00,f3f284f0b866dc3f8001395b3849ee47c4546b0bbbb16d9bf9bf4b574dba32e9,,UNVERIFIED
EP-06,The Beautiful Assassin,00:18:52,1132,848826,https://animehistory.org/uploads/screencaps/outlaw-star-E006-The-Beautiful-Assassin/cap_00-18-52_6ded.jpg,Outlaw Star Ep 6: The Beautiful Assassin @ 00:18:52,https://animehistory.org/gallery/screencaps/outlaw-star/episode-6/,https://animehistory.org/gallery/screencaps/outlaw-star/episode-6/?page=3,3,2026-10-07T01:48:59.859401+00:00,f3f284f0b866dc3f8001395b3849ee47c4546b0bbbb16d9bf9bf4b574dba32e9,,UNVERIFIED
EP-06,The Beautiful Assassin,00:18:56,1136,848827,https://animehistory.org/uploads/screencaps/outlaw-star-E006-The-Beautiful-Assassin/cap_00-18-56_7e82.jpg,Outlaw Star Ep 6: The Beautiful Assassin @ 00:18:56,https://animehistory.org/gallery/screencaps/outlaw-star/episode-6/,https://animehistory.org/gallery/screencaps/outlaw-star/episode-6/?page=3,3,2026-10-07T01:48:59.859401+00:00,f3f284f0b866dc3f8001395b3849ee47c4546b0bbbb16d9bf9bf4b574dba32e9,,UNVERIFIED
EP-06,The Beautiful Assassin,00:19:00,1140,848828,https://animehistory.org/uploads/screencaps/outlaw-star-E006-The-Beautiful-Assassin/cap_00-19-00_6922.jpg,Outlaw Star Ep 6: The Beautiful Assassin @ 00:19:00,https://animehistory.org/gallery/screencaps/outlaw-star/episode-6/,https://animehistory.org/gallery/screencaps/outlaw-star/episode-6/?page=3,3,2026-10-07T01:48:59.859401+00:00,f3f284f0b866dc3f8001395b3849ee47c4546b0bbbb16d9bf9bf4b574dba32e9,,UNVERIFIED
EP-06,The Beautiful Assassin,00:19:03,1143,848829,https://animehistory.org/uploads/screencaps/outlaw-star-E006-The-Beautiful-Assassin/cap_00-19-03_740d.jpg,Outlaw Star Ep 6: The Beautiful Assassin @ 00:19:03,https://animehistory.org/gallery/screencaps/outlaw-star/episode-6/,https://animehistory.org/gallery/screencaps/outlaw-star/episode-6/?page=3,3,2026-10-07T01:48:59.859401+00:00,f3f284f0b866dc3f8001395b3849ee47c4546b0bbbb16d9bf9bf4b574dba32e9,,UNVERIFIED
EP-06,The Beautiful Assassin,00:19:07,1147,848830,https://animehistory.org/uploads/screencaps/outlaw-star-E006-The-Beautiful-Assassin/cap_00-19-07_3adb.jpg,Outlaw Star Ep 6: The Beautiful Assassin @ 00:19:07,https://animehistory.org/gallery/screencaps/outlaw-star/episode-6/,https://animehistory.org/gallery/screencaps/outlaw-star/episode-6/?page=3,3,2026-10-07T01:48:59.859401+00:00,f3f284f0b866dc3f8001395b3849ee47c4546b0bbbb16d9bf9bf4b574dba32e9,,UNVERIFIED
EP-06,The Beautiful Assassin,00:19:10,1150,848831,https://animehistory.org/uploads/screencaps/outlaw-star-E006-The-Beautiful-Assassin/cap_00-19-10_1202.jpg,Outlaw Star Ep 6: The Beautiful Assassin @ 00:19:10,https://animehistory.org/gallery/screencaps/outlaw-star/episode-6/,https://animehistory.org/gallery/screencaps/outlaw-star/episode-6/?page=3,3,2026-10-07T01:48:59.859401+00:00,f3f284f0b866dc3f8001395b3849ee47c4546b0bbbb16d9bf9bf4b574dba32e9,,UNVERIFIED
EP-06,The Beautiful Assassin,00:19:14,1154,848832,https://animehistory.org/uploads/screencaps/outlaw-star-E006-The-Beautiful-Assassin/cap_00-19-14_6d32.jpg,Outlaw Star Ep 6: The Beautiful Assassin @ 00:19:14,https://animehistory.org/gallery/screencaps/outlaw-star/episode-6/,https://animehistory.org/gallery/screencaps/outlaw-star/episode-6/?page=3,3,2026-10-07T01:48:59.859401+00:00,f3f284f0b866dc3f8001395b3849ee47c4546b0bbbb16d9bf9bf4b574dba32e9,,UNVERIFIED
EP-06,The Beautiful Assassin,00:19:18,1158,848833,https://animehistory.org/uploads/screencaps/outlaw-star-E006-The-Beautiful-Assassin/cap_00-19-18_52ad.jpg,Outlaw Star Ep 6: The Beautiful Assassin @ 00:19:18,https://animehistory.org/gallery/screencaps/outlaw-star/episode-6/,https://animehistory.org/gallery/screencaps/outlaw-star/episode-6/?page=3,3,2026-10-07T01:48:59.859401+00:00,f3f284f0b866dc3f8001395b3849ee47c4546b0bbbb16d9bf9bf4b574dba32e9,,UNVERIFIED
EP-06,The Beautiful Assassin,00:19:21,1161,848834,https://animehistory.org/uploads/screencaps/outlaw-star-E006-The-Beautiful-Assassin/cap_00-19-21_69ed.jpg,Outlaw Star Ep 6: The Beautiful Assassin @ 00:19:21,https://animehistory.org/gallery/screencaps/outlaw-star/episode-6/,https://animehistory.org/gallery/screencaps/outlaw-star/episode-6/?page=3,3,2026-10-07T01:48:59.859401+00:00,f3f284f0b866dc3f8001395b3849ee47c4546b0bbbb16d9bf9bf4b574dba32e9,,UNVERIFIED
EP-06,The Beautiful Assassin,00:19:25,1165,848835,https://animehistory.org/uploads/screencaps/outlaw-star-E006-The-Beautiful-Assassin/cap_00-19-25_73f8.jpg,Outlaw Star Ep 6: The Beautiful Assassin @ 00:19:25,https://animehistory.org/gallery/screencaps/outlaw-star/episode-6/,https://animehistory.org/gallery/screencaps/outlaw-star/episode-6/?page=3,3,2026-10-07T01:48:59.859401+00:00,f3f284f0b866dc3f8001395b3849ee47c4546b0bbbb16d9bf9bf4b574dba32e9,,UNVERIFIED
EP-06,The Beautiful Assassin,00:19:29,1169,848836,https://animehistory.org/uploads/screencaps/outlaw-star-E006-The-Beautiful-Assassin/cap_00-19-29_7bed.jpg,Outlaw Star Ep 6: The Beautiful Assassin @ 00:19:29,https://animehistory.org/gallery/screencaps/outlaw-star/episode-6/,https://animehistory.org/gallery/screencaps/outlaw-star/episode-6/?page=3,3,2026-10-07T01:48:59.859401+00:00,f3f284f0b866dc3f8001395b3849ee47c4546b0bbbb16d9bf9bf4b574dba32e9,,UNVERIFIED
EP-06,The Beautiful Assassin,00:19:32,1172,848837,https://animehistory.org/uploads/screencaps/outlaw-star-E006-The-Beautiful-Assassin/cap_00-19-32_3abb.jpg,Outlaw Star Ep 6: The Beautiful Assassin @ 00:19:32,https://animehistory.org/gallery/screencaps/outlaw-star/episode-6/,https://animehistory.org/gallery/screencaps/outlaw-star/episode-6/?page=3,3,2026-10-07T01:48:59.859401+00:00,f3f284f0b866dc3f8001395b3849ee47c4546b0bbbb16d9bf9bf4b574dba32e9,,UNVERIFIED
EP-06,The Beautiful Assassin,00:19:36,1176,848838,https://animehistory.org/uploads/screencaps/outlaw-star-E006-The-Beautiful-Assassin/cap_00-19-36_5100.jpg,Outlaw Star Ep 6: The Beautiful Assassin @ 00:19:36,https://animehistory.org/gallery/screencaps/outlaw-star/episode-6/,https://animehistory.org/gallery/screencaps/outlaw-star/episode-6/?page=3,3,2026-10-07T01:48:59.859401+00:00,f3f284f0b866dc3f8001395b3849ee47c4546b0bbbb16d9bf9bf4b574dba32e9,,UNVERIFIED
EP-06,The Beautiful Assassin,00:19:40,1180,848839,https://animehistory.org/uploads/screencaps/outlaw-star-E006-The-Beautiful-Assassin/cap_00-19-40_2d0e.jpg,Outlaw Star Ep 6: The Beautiful Assassin @ 00:19:40,https://animehistory.org/gallery/screencaps/outlaw-star/episode-6/,https://animehistory.org/gallery/screencaps/outlaw-star/episode-6/?page=3,3,2026-10-07T01:48:59.859401+00:00,f3f284f0b866dc3f8001395b3849ee47c4546b0bbbb16d9bf9bf4b574dba32e9,,UNVERIFIED
EP-06,The Beautiful Assassin,00:19:43,1183,848840,https://animehistory.org/uploads/screencaps/outlaw-star-E006-The-Beautiful-Assassin/cap_00-19-43_49bc.jpg,Outlaw Star Ep 6: The Beautiful Assassin @ 00:19:43,https://animehistory.org/gallery/screencaps/outlaw-star/episode-6/,https://animehistory.org/gallery/screencaps/outlaw-star/episode-6/?page=3,3,2026-10-07T01:48:59.859401+00:00,f3f284f0b866dc3f8001395b3849ee47c4546b0bbbb16d9bf9bf4b574dba32e9,,UNVERIFIED
EP-06,The Beautiful Assassin,00:19:47,1187,848841,https://animehistory.org/uploads/screencaps/outlaw-star-E006-The-Beautiful-Assassin/cap_00-19-47_295b.jpg,Outlaw Star Ep 6: The Beautiful Assassin @ 00:19:47,https://animehistory.org/gallery/screencaps/outlaw-star/episode-6/,https://animehistory.org/gallery/screencaps/outlaw-star/episode-6/?page=3,3,2026-10-07T01:48:59.859401+00:00,f3f284f0b866dc3f8001395b3849ee47c4546b0bbbb16d9bf9bf4b574dba32e9,,UNVERIFIED
EP-06,The Beautiful Assassin,00:19:50,1190,848842,https://animehistory.org/uploads/screencaps/outlaw-star-E006-The-Beautiful-Assassin/cap_00-19-50_51d0.jpg,Outlaw Star Ep 6: The Beautiful Assassin @ 00:19:50,https://animehistory.org/gallery/screencaps/outlaw-star/episode-6/,https://animehistory.org/gallery/screencaps/outlaw-star/episode-6/?page=3,3,2026-10-07T01:48:59.859401+00:00,f3f284f0b866dc3f8001395b3849ee47c4546b0bbbb16d9bf9bf4b574dba32e9,,UNVERIFIED
EP-06,The Beautiful Assassin,00:19:54,1194,848843,https://animehistory.org/uploads/screencaps/outlaw-star-E006-The-Beautiful-Assassin/cap_00-19-54_3087.jpg,Outlaw Star Ep 6: The Beautiful Assassin @ 00:19:54,https://animehistory.org/gallery/screencaps/outlaw-star/episode-6/,https://animehistory.org/gallery/screencaps/outlaw-star/episode-6/?page=4,4,2026-10-07T01:49:01.109250+00:00,d2df6a04c5a18d1868a409d768174aa9ec8679412d43c000c0f488b803167609,,UNVERIFIED
EP-06,The Beautiful Assassin,00:19:58,1198,848844,https://animehistory.org/uploads/screencaps/outlaw-star-E006-The-Beautiful-Assassin/cap_00-19-58_35a9.jpg,Outlaw Star Ep 6: The Beautiful Assassin @ 00:19:58,https://animehistory.org/gallery/screencaps/outlaw-star/episode-6/,https://animehistory.org/gallery/screencaps/outlaw-star/episode-6/?page=4,4,2026-10-07T01:49:01.109250+00:00,d2df6a04c5a18d1868a409d768174aa9ec8679412d43c000c0f488b803167609,,UNVERIFIED
EP-06,The Beautiful Assassin,00:20:01,1201,848845,https://animehistory.org/uploads/screencaps/outlaw-star-E006-The-Beautiful-Assassin/cap_00-20-01_5788.jpg,Outlaw Star Ep 6: The Beautiful Assassin @ 00:20:01,https://animehistory.org/gallery/screencaps/outlaw-star/episode-6/,https://animehistory.org/gallery/screencaps/outlaw-star/episode-6/?page=4,4,2026-10-07T01:49:01.109250+00:00,d2df6a04c5a18d1868a409d768174aa9ec8679412d43c000c0f488b803167609,,UNVERIFIED
EP-06,The Beautiful Assassin,00:20:05,1205,848846,https://animehistory.org/uploads/screencaps/outlaw-star-E006-The-Beautiful-Assassin/cap_00-20-05_10bb.jpg,Outlaw Star Ep 6: The Beautiful Assassin @ 00:20:05,https://animehistory.org/gallery/screencaps/outlaw-star/episode-6/,https://animehistory.org/gallery/screencaps/outlaw-star/episode-6/?page=4,4,2026-10-07T01:49:01.109250+00:00,d2df6a04c5a18d1868a409d768174aa9ec8679412d43c000c0f488b803167609,,UNVERIFIED
EP-06,The Beautiful Assassin,00:20:09,1209,848847,https://animehistory.org/uploads/screencaps/outlaw-star-E006-The-Beautiful-Assassin/cap_00-20-09_6ed4.jpg,Outlaw Star Ep 6: The Beautiful Assassin @ 00:20:09,https://animehistory.org/gallery/screencaps/outlaw-star/episode-6/,https://animehistory.org/gallery/screencaps/outlaw-star/episode-6/?page=4,4,2026-10-07T01:49:01.109250+00:00,d2df6a04c5a18d1868a409d768174aa9ec8679412d43c000c0f488b803167609,,UNVERIFIED
EP-06,The Beautiful Assassin,00:20:12,1212,848848,https://animehistory.org/uploads/screencaps/outlaw-star-E006-The-Beautiful-Assassin/cap_00-20-12_1f84.jpg,Outlaw Star Ep 6: The Beautiful Assassin @ 00:20:12,https://animehistory.org/gallery/screencaps/outlaw-star/episode-6/,https://animehistory.org/gallery/screencaps/outlaw-star/episode-6/?page=4,4,2026-10-07T01:49:01.109250+00:00,d2df6a04c5a18d1868a409d768174aa9ec8679412d43c000c0f488b803167609,,UNVERIFIED
EP-06,The Beautiful Assassin,00:20:16,1216,848849,https://animehistory.org/uploads/screencaps/outlaw-star-E006-The-Beautiful-Assassin/cap_00-20-16_4734.jpg,Outlaw Star Ep 6: The Beautiful Assassin @ 00:20:16,https://animehistory.org/gallery/screencaps/outlaw-star/episode-6/,https://animehistory.org/gallery/screencaps/outlaw-star/episode-6/?page=4,4,2026-10-07T01:49:01.109250+00:00,d2df6a04c5a18d1868a409d768174aa9ec8679412d43c000c0f488b803167609,,UNVERIFIED
EP-06,The Beautiful Assassin,00:20:20,1220,848850,https://animehistory.org/uploads/screencaps/outlaw-star-E006-The-Beautiful-Assassin/cap_00-20-20_4c87.jpg,Outlaw Star Ep 6: The Beautiful Assassin @ 00:20:20,https://animehistory.org/gallery/screencaps/outlaw-star/episode-6/,https://animehistory.org/gallery/screencaps/outlaw-star/episode-6/?page=4,4,2026-10-07T01:49:01.109250+00:00,d2df6a04c5a18d1868a409d768174aa9ec8679412d43c000c0f488b803167609,,UNVERIFIED
EP-06,The Beautiful Assassin,00:20:23,1223,848851,https://animehistory.org/uploads/screencaps/outlaw-star-E006-The-Beautiful-Assassin/cap_00-20-23_7f21.jpg,Outlaw Star Ep 6: The Beautiful Assassin @ 00:20:23,https://animehistory.org/gallery/screencaps/outlaw-star/episode-6/,https://animehistory.org/gallery/screencaps/outlaw-star/episode-6/?page=4,4,2026-10-07T01:49:01.109250+00:00,d2df6a04c5a18d1868a409d768174aa9ec8679412d43c000c0f488b803167609,,UNVERIFIED
EP-06,The Beautiful Assassin,00:20:27,1227,848852,https://animehistory.org/uploads/screencaps/outlaw-star-E006-The-Beautiful-Assassin/cap_00-20-27_05c8.jpg,Outlaw Star Ep 6: The Beautiful Assassin @ 00:20:27,https://animehistory.org/gallery/screencaps/outlaw-star/episode-6/,https://animehistory.org/gallery/screencaps/outlaw-star/episode-6/?page=4,4,2026-10-07T01:49:01.109250+00:00,d2df6a04c5a18d1868a409d768174aa9ec8679412d43c000c0f488b803167609,,UNVERIFIED
EP-06,The Beautiful Assassin,00:20:30,1230,848853,https://animehistory.org/uploads/screencaps/outlaw-star-E006-The-Beautiful-Assassin/cap_00-20-30_5627.jpg,Outlaw Star Ep 6: The Beautiful Assassin @ 00:20:30,https://animehistory.org/gallery/screencaps/outlaw-star/episode-6/,https://animehistory.org/gallery/screencaps/outlaw-star/episode-6/?page=4,4,2026-10-07T01:49:01.109250+00:00,d2df6a04c5a18d1868a409d768174aa9ec8679412d43c000c0f488b803167609,,UNVERIFIED
EP-06,The Beautiful Assassin,00:20:34,1234,848854,https://animehistory.org/uploads/screencaps/outlaw-star-E006-The-Beautiful-Assassin/cap_00-20-34_1173.jpg,Outlaw Star Ep 6: The Beautiful Assassin @ 00:20:34,https://animehistory.org/gallery/screencaps/outlaw-star/episode-6/,https://animehistory.org/gallery/screencaps/outlaw-star/episode-6/?page=4,4,2026-10-07T01:49:01.109250+00:00,d2df6a04c5a18d1868a409d768174aa9ec8679412d43c000c0f488b803167609,,UNVERIFIED
EP-06,The Beautiful Assassin,00:20:38,1238,848855,https://animehistory.org/uploads/screencaps/outlaw-star-E006-The-Beautiful-Assassin/cap_00-20-38_37ae.jpg,Outlaw Star Ep 6: The Beautiful Assassin @ 00:20:38,https://animehistory.org/gallery/screencaps/outlaw-star/episode-6/,https://animehistory.org/gallery/screencaps/outlaw-star/episode-6/?page=4,4,2026-10-07T01:49:01.109250+00:00,d2df6a04c5a18d1868a409d768174aa9ec8679412d43c000c0f488b803167609,,UNVERIFIED
EP-06,The Beautiful Assassin,00:20:41,1241,848856,https://animehistory.org/uploads/screencaps/outlaw-star-E006-The-Beautiful-Assassin/cap_00-20-41_642d.jpg,Outlaw Star Ep 6: The Beautiful Assassin @ 00:20:41,https://animehistory.org/gallery/screencaps/outlaw-star/episode-6/,https://animehistory.org/gallery/screencaps/outlaw-star/episode-6/?page=4,4,2026-10-07T01:49:01.109250+00:00,d2df6a04c5a18d1868a409d768174aa9ec8679412d43c000c0f488b803167609,,UNVERIFIED
EP-06,The Beautiful Assassin,00:20:45,1245,848857,https://animehistory.org/uploads/screencaps/outlaw-star-E006-The-Beautiful-Assassin/cap_00-20-45_2eb9.jpg,Outlaw Star Ep 6: The Beautiful Assassin @ 00:20:45,https://animehistory.org/gallery/screencaps/outlaw-star/episode-6/,https://animehistory.org/gallery/screencaps/outlaw-star/episode-6/?page=4,4,2026-10-07T01:49:01.109250+00:00,d2df6a04c5a18d1868a409d768174aa9ec8679412d43c000c0f488b803167609,,UNVERIFIED
EP-06,The Beautiful Assassin,00:20:49,1249,848858,https://animehistory.org/uploads/screencaps/outlaw-star-E006-The-Beautiful-Assassin/cap_00-20-49_7fad.jpg,Outlaw Star Ep 6: The Beautiful Assassin @ 00:20:49,https://animehistory.org/gallery/screencaps/outlaw-star/episode-6/,https://animehistory.org/gallery/screencaps/outlaw-star/episode-6/?page=4,4,2026-10-07T01:49:01.109250+00:00,d2df6a04c5a18d1868a409d768174aa9ec8679412d43c000c0f488b803167609,,UNVERIFIED
EP-06,The Beautiful Assassin,00:20:52,1252,848859,https://animehistory.org/uploads/screencaps/outlaw-star-E006-The-Beautiful-Assassin/cap_00-20-52_7685.jpg,Outlaw Star Ep 6: The Beautiful Assassin @ 00:20:52,https://animehistory.org/gallery/screencaps/outlaw-star/episode-6/,https://animehistory.org/gallery/screencaps/outlaw-star/episode-6/?page=4,4,2026-10-07T01:49:01.109250+00:00,d2df6a04c5a18d1868a409d768174aa9ec8679412d43c000c0f488b803167609,,UNVERIFIED
EP-06,The Beautiful Assassin,00:20:56,1256,848860,https://animehistory.org/uploads/screencaps/outlaw-star-E006-The-Beautiful-Assassin/cap_00-20-56_31ee.jpg,Outlaw Star Ep 6: The Beautiful Assassin @ 00:20:56,https://animehistory.org/gallery/screencaps/outlaw-star/episode-6/,https://animehistory.org/gallery/screencaps/outlaw-star/episode-6/?page=4,4,2026-10-07T01:49:01.109250+00:00,d2df6a04c5a18d1868a409d768174aa9ec8679412d43c000c0f488b803167609,,UNVERIFIED
EP-06,The Beautiful Assassin,00:21:00,1260,848861,https://animehistory.org/uploads/screencaps/outlaw-star-E006-The-Beautiful-Assassin/cap_00-21-00_72da.jpg,Outlaw Star Ep 6: The Beautiful Assassin @ 00:21:00,https://animehistory.org/gallery/screencaps/outlaw-star/episode-6/,https://animehistory.org/gallery/screencaps/outlaw-star/episode-6/?page=4,4,2026-10-07T01:49:01.109250+00:00,d2df6a04c5a18d1868a409d768174aa9ec8679412d43c000c0f488b803167609,,UNVERIFIED
EP-06,The Beautiful Assassin,00:21:03,1263,848862,https://animehistory.org/uploads/screencaps/outlaw-star-E006-The-Beautiful-Assassin/cap_00-21-03_0274.jpg,Outlaw Star Ep 6: The Beautiful Assassin @ 00:21:03,https://animehistory.org/gallery/screencaps/outlaw-star/episode-6/,https://animehistory.org/gallery/screencaps/outlaw-star/episode-6/?page=4,4,2026-10-07T01:49:01.109250+00:00,d2df6a04c5a18d1868a409d768174aa9ec8679412d43c000c0f488b803167609,,UNVERIFIED
EP-06,The Beautiful Assassin,00:21:07,1267,848863,https://animehistory.org/uploads/screencaps/outlaw-star-E006-The-Beautiful-Assassin/cap_00-21-07_1218.jpg,Outlaw Star Ep 6: The Beautiful Assassin @ 00:21:07,https://animehistory.org/gallery/screencaps/outlaw-star/episode-6/,https://animehistory.org/gallery/screencaps/outlaw-star/episode-6/?page=4,4,2026-10-07T01:49:01.109250+00:00,d2df6a04c5a18d1868a409d768174aa9ec8679412d43c000c0f488b803167609,,UNVERIFIED
EP-06,The Beautiful Assassin,00:21:10,1270,848864,https://animehistory.org/uploads/screencaps/outlaw-star-E006-The-Beautiful-Assassin/cap_00-21-10_6072.jpg,Outlaw Star Ep 6: The Beautiful Assassin @ 00:21:10,https://animehistory.org/gallery/screencaps/outlaw-star/episode-6/,https://animehistory.org/gallery/screencaps/outlaw-star/episode-6/?page=4,4,2026-10-07T01:49:01.109250+00:00,d2df6a04c5a18d1868a409d768174aa9ec8679412d43c000c0f488b803167609,,UNVERIFIED
EP-06,The Beautiful Assassin,00:21:14,1274,848865,https://animehistory.org/uploads/screencaps/outlaw-star-E006-The-Beautiful-Assassin/cap_00-21-14_5a0c.jpg,Outlaw Star Ep 6: The Beautiful Assassin @ 00:21:14,https://animehistory.org/gallery/screencaps/outlaw-star/episode-6/,https://animehistory.org/gallery/screencaps/outlaw-star/episode-6/?page=4,4,2026-10-07T01:49:01.109250+00:00,d2df6a04c5a18d1868a409d768174aa9ec8679412d43c000c0f488b803167609,,UNVERIFIED
EP-06,The Beautiful Assassin,00:21:18,1278,848866,https://animehistory.org/uploads/screencaps/outlaw-star-E006-The-Beautiful-Assassin/cap_00-21-18_17f3.jpg,Outlaw Star Ep 6: The Beautiful Assassin @ 00:21:18,https://animehistory.org/gallery/screencaps/outlaw-star/episode-6/,https://animehistory.org/gallery/screencaps/outlaw-star/episode-6/?page=4,4,2026-10-07T01:49:01.109250+00:00,d2df6a04c5a18d1868a409d768174aa9ec8679412d43c000c0f488b803167609,,UNVERIFIED
EP-06,The Beautiful Assassin,00:21:21,1281,848867,https://animehistory.org/uploads/screencaps/outlaw-star-E006-The-Beautiful-Assassin/cap_00-21-21_71d8.jpg,Outlaw Star Ep 6: The Beautiful Assassin @ 00:21:21,https://animehistory.org/gallery/screencaps/outlaw-star/episode-6/,https://animehistory.org/gallery/screencaps/outlaw-star/episode-6/?page=4,4,2026-10-07T01:49:01.109250+00:00,d2df6a04c5a18d1868a409d768174aa9ec8679412d43c000c0f488b803167609,,UNVERIFIED
EP-06,The Beautiful Assassin,00:21:25,1285,848868,https://animehistory.org/uploads/screencaps/outlaw-star-E006-The-Beautiful-Assassin/cap_00-21-25_3cd1.jpg,Outlaw Star Ep 6: The Beautiful Assassin @ 00:21:25,https://animehistory.org/gallery/screencaps/outlaw-star/episode-6/,https://animehistory.org/gallery/screencaps/outlaw-star/episode-6/?page=4,4,2026-10-07T01:49:01.109250+00:00,d2df6a04c5a18d1868a409d768174aa9ec8679412d43c000c0f488b803167609,,UNVERIFIED
EP-06,The Beautiful Assassin,00:21:29,1289,848869,https://animehistory.org/uploads/screencaps/outlaw-star-E006-The-Beautiful-Assassin/cap_00-21-29_2152.jpg,Outlaw Star Ep 6: The Beautiful Assassin @ 00:21:29,https://animehistory.org/gallery/screencaps/outlaw-star/episode-6/,https://animehistory.org/gallery/screencaps/outlaw-star/episode-6/?page=4,4,2026-10-07T01:49:01.109250+00:00,d2df6a04c5a18d1868a409d768174aa9ec8679412d43c000c0f488b803167609,,UNVERIFIED
EP-06,The Beautiful Assassin,00:21:32,1292,848870,https://animehistory.org/uploads/screencaps/outlaw-star-E006-The-Beautiful-Assassin/cap_00-21-32_62a9.jpg,Outlaw Star Ep 6: The Beautiful Assassin @ 00:21:32,https://animehistory.org/gallery/screencaps/outlaw-star/episode-6/,https://animehistory.org/gallery/screencaps/outlaw-star/episode-6/?page=4,4,2026-10-07T01:49:01.109250+00:00,d2df6a04c5a18d1868a409d768174aa9ec8679412d43c000c0f488b803167609,,UNVERIFIED
EP-06,The Beautiful Assassin,00:21:36,1296,848871,https://animehistory.org/uploads/screencaps/outlaw-star-E006-The-Beautiful-Assassin/cap_00-21-36_48f4.jpg,Outlaw Star Ep 6: The Beautiful Assassin @ 00:21:36,https://animehistory.org/gallery/screencaps/outlaw-star/episode-6/,https://animehistory.org/gallery/screencaps/outlaw-star/episode-6/?page=4,4,2026-10-07T01:49:01.109250+00:00,d2df6a04c5a18d1868a409d768174aa9ec8679412d43c000c0f488b803167609,,UNVERIFIED
EP-06,The Beautiful Assassin,00:21:40,1300,848872,https://animehistory.org/uploads/screencaps/outlaw-star-E006-The-Beautiful-Assassin/cap_00-21-40_5ee4.jpg,Outlaw Star Ep 6: The Beautiful Assassin @ 00:21:40,https://animehistory.org/gallery/screencaps/outlaw-star/episode-6/,https://animehistory.org/gallery/screencaps/outlaw-star/episode-6/?page=4,4,2026-10-07T01:49:01.109250+00:00,d2df6a04c5a18d1868a409d768174aa9ec8679412d43c000c0f488b803167609,,UNVERIFIED
EP-06,The Beautiful Assassin,00:21:43,1303,848873,https://animehistory.org/uploads/screencaps/outlaw-star-E006-The-Beautiful-Assassin/cap_00-21-43_5587.jpg,Outlaw Star Ep 6: The Beautiful Assassin @ 00:21:43,https://animehistory.org/gallery/screencaps/outlaw-star/episode-6/,https://animehistory.org/gallery/screencaps/outlaw-star/episode-6/?page=4,4,2026-10-07T01:49:01.109250+00:00,d2df6a04c5a18d1868a409d768174aa9ec8679412d43c000c0f488b803167609,,UNVERIFIED
EP-06,The Beautiful Assassin,00:21:47,1307,848874,https://animehistory.org/uploads/screencaps/outlaw-star-E006-The-Beautiful-Assassin/cap_00-21-47_7144.jpg,Outlaw Star Ep 6: The Beautiful Assassin @ 00:21:47,https://animehistory.org/gallery/screencaps/outlaw-star/episode-6/,https://animehistory.org/gallery/screencaps/outlaw-star/episode-6/?page=4,4,2026-10-07T01:49:01.109250+00:00,d2df6a04c5a18d1868a409d768174aa9ec8679412d43c000c0f488b803167609,,UNVERIFIED
EP-06,The Beautiful Assassin,00:21:50,1310,848875,https://animehistory.org/uploads/screencaps/outlaw-star-E006-The-Beautiful-Assassin/cap_00-21-50_4f28.jpg,Outlaw Star Ep 6: The Beautiful Assassin @ 00:21:50,https://animehistory.org/gallery/screencaps/outlaw-star/episode-6/,https://animehistory.org/gallery/screencaps/outlaw-star/episode-6/?page=4,4,2026-10-07T01:49:01.109250+00:00,d2df6a04c5a18d1868a409d768174aa9ec8679412d43c000c0f488b803167609,,UNVERIFIED
EP-06,The Beautiful Assassin,00:21:54,1314,848876,https://animehistory.org/uploads/screencaps/outlaw-star-E006-The-Beautiful-Assassin/cap_00-21-54_6ffd.jpg,Outlaw Star Ep 6: The Beautiful Assassin @ 00:21:54,https://animehistory.org/gallery/screencaps/outlaw-star/episode-6/,https://animehistory.org/gallery/screencaps/outlaw-star/episode-6/?page=4,4,2026-10-07T01:49:01.109250+00:00,d2df6a04c5a18d1868a409d768174aa9ec8679412d43c000c0f488b803167609,,UNVERIFIED
EP-06,The Beautiful Assassin,00:21:58,1318,848877,https://animehistory.org/uploads/screencaps/outlaw-star-E006-The-Beautiful-Assassin/cap_00-21-58_44f8.jpg,Outlaw Star Ep 6: The Beautiful Assassin @ 00:21:58,https://animehistory.org/gallery/screencaps/outlaw-star/episode-6/,https://animehistory.org/gallery/screencaps/outlaw-star/episode-6/?page=4,4,2026-10-07T01:49:01.109250+00:00,d2df6a04c5a18d1868a409d768174aa9ec8679412d43c000c0f488b803167609,,UNVERIFIED
EP-06,The Beautiful Assassin,00:22:01,1321,848878,https://animehistory.org/uploads/screencaps/outlaw-star-E006-The-Beautiful-Assassin/cap_00-22-01_2bd7.jpg,Outlaw Star Ep 6: The Beautiful Assassin @ 00:22:01,https://animehistory.org/gallery/screencaps/outlaw-star/episode-6/,https://animehistory.org/gallery/screencaps/outlaw-star/episode-6/?page=4,4,2026-10-07T01:49:01.109250+00:00,d2df6a04c5a18d1868a409d768174aa9ec8679412d43c000c0f488b803167609,,UNVERIFIED
EP-06,The Beautiful Assassin,00:22:05,1325,848879,https://animehistory.org/uploads/screencaps/outlaw-star-E006-The-Beautiful-Assassin/cap_00-22-05_4fd4.jpg,Outlaw Star Ep 6: The Beautiful Assassin @ 00:22:05,https://animehistory.org/gallery/screencaps/outlaw-star/episode-6/,https://animehistory.org/gallery/screencaps/outlaw-star/episode-6/?page=4,4,2026-10-07T01:49:01.109250+00:00,d2df6a04c5a18d1868a409d768174aa9ec8679412d43c000c0f488b803167609,,UNVERIFIED
EP-06,The Beautiful Assassin,00:22:09,1329,848880,https://animehistory.org/uploads/screencaps/outlaw-star-E006-The-Beautiful-Assassin/cap_00-22-09_79bb.jpg,Outlaw Star Ep 6: The Beautiful Assassin @ 00:22:09,https://animehistory.org/gallery/screencaps/outlaw-star/episode-6/,https://animehistory.org/gallery/screencaps/outlaw-star/episode-6/?page=4,4,2026-10-07T01:49:01.109250+00:00,d2df6a04c5a18d1868a409d768174aa9ec8679412d43c000c0f488b803167609,,UNVERIFIED
EP-06,The Beautiful Assassin,00:22:12,1332,848881,https://animehistory.org/uploads/screencaps/outlaw-star-E006-The-Beautiful-Assassin/cap_00-22-12_62b2.jpg,Outlaw Star Ep 6: The Beautiful Assassin @ 00:22:12,https://animehistory.org/gallery/screencaps/outlaw-star/episode-6/,https://animehistory.org/gallery/screencaps/outlaw-star/episode-6/?page=4,4,2026-10-07T01:49:01.109250+00:00,d2df6a04c5a18d1868a409d768174aa9ec8679412d43c000c0f488b803167609,,UNVERIFIED
EP-06,The Beautiful Assassin,00:22:16,1336,848882,https://animehistory.org/uploads/screencaps/outlaw-star-E006-The-Beautiful-Assassin/cap_00-22-16_470a.jpg,Outlaw Star Ep 6: The Beautiful Assassin @ 00:22:16,https://animehistory.org/gallery/screencaps/outlaw-star/episode-6/,https://animehistory.org/gallery/screencaps/outlaw-star/episode-6/?page=4,4,2026-10-07T01:49:01.109250+00:00,d2df6a04c5a18d1868a409d768174aa9ec8679412d43c000c0f488b803167609,,UNVERIFIED
EP-06,The Beautiful Assassin,00:22:20,1340,848883,https://animehistory.org/uploads/screencaps/outlaw-star-E006-The-Beautiful-Assassin/cap_00-22-20_4087.jpg,Outlaw Star Ep 6: The Beautiful Assassin @ 00:22:20,https://animehistory.org/gallery/screencaps/outlaw-star/episode-6/,https://animehistory.org/gallery/screencaps/outlaw-star/episode-6/?page=4,4,2026-10-07T01:49:01.109250+00:00,d2df6a04c5a18d1868a409d768174aa9ec8679412d43c000c0f488b803167609,,UNVERIFIED
EP-06,The Beautiful Assassin,00:22:23,1343,848884,https://animehistory.org/uploads/screencaps/outlaw-star-E006-The-Beautiful-Assassin/cap_00-22-23_55a1.jpg,Outlaw Star Ep 6: The Beautiful Assassin @ 00:22:23,https://animehistory.org/gallery/screencaps/outlaw-star/episode-6/,https://animehistory.org/gallery/screencaps/outlaw-star/episode-6/?page=4,4,2026-10-07T01:49:01.109250+00:00,d2df6a04c5a18d1868a409d768174aa9ec8679412d43c000c0f488b803167609,,UNVERIFIED
EP-06,The Beautiful Assassin,00:22:27,1347,848885,https://animehistory.org/uploads/screencaps/outlaw-star-E006-The-Beautiful-Assassin/cap_00-22-27_1712.jpg,Outlaw Star Ep 6: The Beautiful Assassin @ 00:22:27,https://animehistory.org/gallery/screencaps/outlaw-star/episode-6/,https://animehistory.org/gallery/screencaps/outlaw-star/episode-6/?page=4,4,2026-10-07T01:49:01.109250+00:00,d2df6a04c5a18d1868a409d768174aa9ec8679412d43c000c0f488b803167609,,UNVERIFIED
EP-06,The Beautiful Assassin,00:22:30,1350,848886,https://animehistory.org/uploads/screencaps/outlaw-star-E006-The-Beautiful-Assassin/cap_00-22-30_6070.jpg,Outlaw Star Ep 6: The Beautiful Assassin @ 00:22:30,https://animehistory.org/gallery/screencaps/outlaw-star/episode-6/,https://animehistory.org/gallery/screencaps/outlaw-star/episode-6/?page=4,4,2026-10-07T01:49:01.109250+00:00,d2df6a04c5a18d1868a409d768174aa9ec8679412d43c000c0f488b803167609,,UNVERIFIED
EP-06,The Beautiful Assassin,00:22:34,1354,848887,https://animehistory.org/uploads/screencaps/outlaw-star-E006-The-Beautiful-Assassin/cap_00-22-34_49aa.jpg,Outlaw Star Ep 6: The Beautiful Assassin @ 00:22:34,https://animehistory.org/gallery/screencaps/outlaw-star/episode-6/,https://animehistory.org/gallery/screencaps/outlaw-star/episode-6/?page=4,4,2026-10-07T01:49:01.109250+00:00,d2df6a04c5a18d1868a409d768174aa9ec8679412d43c000c0f488b803167609,,UNVERIFIED
EP-06,The Beautiful Assassin,00:22:38,1358,848888,https://animehistory.org/uploads/screencaps/outlaw-star-E006-The-Beautiful-Assassin/cap_00-22-38_3866.jpg,Outlaw Star Ep 6: The Beautiful Assassin @ 00:22:38,https://animehistory.org/gallery/screencaps/outlaw-star/episode-6/,https://animehistory.org/gallery/screencaps/outlaw-star/episode-6/?page=4,4,2026-10-07T01:49:01.109250+00:00,d2df6a04c5a18d1868a409d768174aa9ec8679412d43c000c0f488b803167609,,UNVERIFIED
EP-06,The Beautiful Assassin,00:22:41,1361,848889,https://animehistory.org/uploads/screencaps/outlaw-star-E006-The-Beautiful-Assassin/cap_00-22-41_6118.jpg,Outlaw Star Ep 6: The Beautiful Assassin @ 00:22:41,https://animehistory.org/gallery/screencaps/outlaw-star/episode-6/,https://animehistory.org/gallery/screencaps/outlaw-star/episode-6/?page=4,4,2026-10-07T01:49:01.109250+00:00,d2df6a04c5a18d1868a409d768174aa9ec8679412d43c000c0f488b803167609,,UNVERIFIED
EP-06,The Beautiful Assassin,00:22:45,1365,848890,https://animehistory.org/uploads/screencaps/outlaw-star-E006-The-Beautiful-Assassin/cap_00-22-45_0d62.jpg,Outlaw Star Ep 6: The Beautiful Assassin @ 00:22:45,https://animehistory.org/gallery/screencaps/outlaw-star/episode-6/,https://animehistory.org/gallery/screencaps/outlaw-star/episode-6/?page=4,4,2026-10-07T01:49:01.109250+00:00,d2df6a04c5a18d1868a409d768174aa9ec8679412d43c000c0f488b803167609,,UNVERIFIED
EP-06,The Beautiful Assassin,00:22:49,1369,848891,https://animehistory.org/uploads/screencaps/outlaw-star-E006-The-Beautiful-Assassin/cap_00-22-49_7329.jpg,Outlaw Star Ep 6: The Beautiful Assassin @ 00:22:49,https://animehistory.org/gallery/screencaps/outlaw-star/episode-6/,https://animehistory.org/gallery/screencaps/outlaw-star/episode-6/?page=4,4,2026-10-07T01:49:01.109250+00:00,d2df6a04c5a18d1868a409d768174aa9ec8679412d43c000c0f488b803167609,,UNVERIFIED
EP-06,The Beautiful Assassin,00:22:52,1372,848892,https://animehistory.org/uploads/screencaps/outlaw-star-E006-The-Beautiful-Assassin/cap_00-22-52_27f6.jpg,Outlaw Star Ep 6: The Beautiful Assassin @ 00:22:52,https://animehistory.org/gallery/screencaps/outlaw-star/episode-6/,https://animehistory.org/gallery/screencaps/outlaw-star/episode-6/?page=4,4,2026-10-07T01:49:01.109250+00:00,d2df6a04c5a18d1868a409d768174aa9ec8679412d43c000c0f488b803167609,,UNVERIFIED
EP-06,The Beautiful Assassin,00:22:56,1376,848893,https://animehistory.org/uploads/screencaps/outlaw-star-E006-The-Beautiful-Assassin/cap_00-22-56_4966.jpg,Outlaw Star Ep 6: The Beautiful Assassin @ 00:22:56,https://animehistory.org/gallery/screencaps/outlaw-star/episode-6/,https://animehistory.org/gallery/screencaps/outlaw-star/episode-6/?page=4,4,2026-10-07T01:49:01.109250+00:00,d2df6a04c5a18d1868a409d768174aa9ec8679412d43c000c0f488b803167609,,UNVERIFIED
EP-06,The Beautiful Assassin,00:23:00,1380,848894,https://animehistory.org/uploads/screencaps/outlaw-star-E006-The-Beautiful-Assassin/cap_00-23-00_6343.jpg,Outlaw Star Ep 6: The Beautiful Assassin @ 00:23:00,https://animehistory.org/gallery/screencaps/outlaw-star/episode-6/,https://animehistory.org/gallery/screencaps/outlaw-star/episode-6/?page=4,4,2026-10-07T01:49:01.109250+00:00,d2df6a04c5a18d1868a409d768174aa9ec8679412d43c000c0f488b803167609,,UNVERIFIED
EP-06,The Beautiful Assassin,00:23:03,1383,848895,https://animehistory.org/uploads/screencaps/outlaw-star-E006-The-Beautiful-Assassin/cap_00-23-03_2dc6.jpg,Outlaw Star Ep 6: The Beautiful Assassin @ 00:23:03,https://animehistory.org/gallery/screencaps/outlaw-star/episode-6/,https://animehistory.org/gallery/screencaps/outlaw-star/episode-6/?page=4,4,2026-10-07T01:49:01.109250+00:00,d2df6a04c5a18d1868a409d768174aa9ec8679412d43c000c0f488b803167609,,UNVERIFIED
EP-06,The Beautiful Assassin,00:23:07,1387,848896,https://animehistory.org/uploads/screencaps/outlaw-star-E006-The-Beautiful-Assassin/cap_00-23-07_6bc6.jpg,Outlaw Star Ep 6: The Beautiful Assassin @ 00:23:07,https://animehistory.org/gallery/screencaps/outlaw-star/episode-6/,https://animehistory.org/gallery/screencaps/outlaw-star/episode-6/?page=4,4,2026-10-07T01:49:01.109250+00:00,d2df6a04c5a18d1868a409d768174aa9ec8679412d43c000c0f488b803167609,,UNVERIFIED
