episode_id,episode_title,web_timestamp,web_seconds,image_id,image_url,caption,gallery_url,source_page_url,source_page,retrieved_utc,html_sha256,local_timestamp,alignment_status
EP-03,Into Burning Space,00:01:43,103,847481,https://animehistory.org/uploads/screencaps/outlaw-star-E003-Into-Burning-Space/cap_00-01-43_31d4.jpg,Outlaw Star Ep 3: Into Burning Space @ 00:01:43,https://animehistory.org/gallery/screencaps/outlaw-star/episode-3/,https://animehistory.org/gallery/screencaps/outlaw-star/episode-3/,1,2026-10-07T01:48:41.373292+00:00,172bbc45dfc3be4c6029b7198fd92ee64a06b321bfd10316f73efb8ce70bc3cc,,UNVERIFIED
EP-03,Into Burning Space,00:01:47,107,847482,https://animehistory.org/uploads/screencaps/outlaw-star-E003-Into-Burning-Space/cap_00-01-47_1eec.jpg,Outlaw Star Ep 3: Into Burning Space @ 00:01:47,https://animehistory.org/gallery/screencaps/outlaw-star/episode-3/,https://animehistory.org/gallery/screencaps/outlaw-star/episode-3/,1,2026-10-07T01:48:41.373292+00:00,172bbc45dfc3be4c6029b7198fd92ee64a06b321bfd10316f73efb8ce70bc3cc,,UNVERIFIED
EP-03,Into Burning Space,00:01:50,110,847483,https://animehistory.org/uploads/screencaps/outlaw-star-E003-Into-Burning-Space/cap_00-01-50_4e8c.jpg,Outlaw Star Ep 3: Into Burning Space @ 00:01:50,https://animehistory.org/gallery/screencaps/outlaw-star/episode-3/,https://animehistory.org/gallery/screencaps/outlaw-star/episode-3/,1,2026-10-07T01:48:41.373292+00:00,172bbc45dfc3be4c6029b7198fd92ee64a06b321bfd10316f73efb8ce70bc3cc,,UNVERIFIED
EP-03,Into Burning Space,00:01:54,114,847484,https://animehistory.org/uploads/screencaps/outlaw-star-E003-Into-Burning-Space/cap_00-01-54_7f09.jpg,Outlaw Star Ep 3: Into Burning Space @ 00:01:54,https://animehistory.org/gallery/screencaps/outlaw-star/episode-3/,https://animehistory.org/gallery/screencaps/outlaw-star/episode-3/,1,2026-10-07T01:48:41.373292+00:00,172bbc45dfc3be4c6029b7198fd92ee64a06b321bfd10316f73efb8ce70bc3cc,,UNVERIFIED
EP-03,Into Burning Space,00:01:58,118,847485,https://animehistory.org/uploads/screencaps/outlaw-star-E003-Into-Burning-Space/cap_00-01-58_698a.jpg,Outlaw Star Ep 3: Into Burning Space @ 00:01:58,https://animehistory.org/gallery/screencaps/outlaw-star/episode-3/,https://animehistory.org/gallery/screencaps/outlaw-star/episode-3/,1,2026-10-07T01:48:41.373292+00:00,172bbc45dfc3be4c6029b7198fd92ee64a06b321bfd10316f73efb8ce70bc3cc,,UNVERIFIED
EP-03,Into Burning Space,00:02:01,121,847486,https://animehistory.org/uploads/screencaps/outlaw-star-E003-Into-Burning-Space/cap_00-02-01_406f.jpg,Outlaw Star Ep 3: Into Burning Space @ 00:02:01,https://animehistory.org/gallery/screencaps/outlaw-star/episode-3/,https://animehistory.org/gallery/screencaps/outlaw-star/episode-3/,1,2026-10-07T01:48:41.373292+00:00,172bbc45dfc3be4c6029b7198fd92ee64a06b321bfd10316f73efb8ce70bc3cc,,UNVERIFIED
EP-03,Into Burning Space,00:02:05,125,847487,https://animehistory.org/uploads/screencaps/outlaw-star-E003-Into-Burning-Space/cap_00-02-05_4bc0.jpg,Outlaw Star Ep 3: Into Burning Space @ 00:02:05,https://animehistory.org/gallery/screencaps/outlaw-star/episode-3/,https://animehistory.org/gallery/screencaps/outlaw-star/episode-3/,1,2026-10-07T01:48:41.373292+00:00,172bbc45dfc3be4c6029b7198fd92ee64a06b321bfd10316f73efb8ce70bc3cc,,UNVERIFIED
EP-03,Into Burning Space,00:02:09,129,847488,https://animehistory.org/uploads/screencaps/outlaw-star-E003-Into-Burning-Space/cap_00-02-09_5898.jpg,Outlaw Star Ep 3: Into Burning Space @ 00:02:09,https://animehistory.org/gallery/screencaps/outlaw-star/episode-3/,https://animehistory.org/gallery/screencaps/outlaw-star/episode-3/,1,2026-10-07T01:48:41.373292+00:00,172bbc45dfc3be4c6029b7198fd92ee64a06b321bfd10316f73efb8ce70bc3cc,,UNVERIFIED
EP-03,Into Burning Space,00:02:12,132,847489,https://animehistory.org/uploads/screencaps/outlaw-star-E003-Into-Burning-Space/cap_00-02-12_626a.jpg,Outlaw Star Ep 3: Into Burning Space @ 00:02:12,https://animehistory.org/gallery/screencaps/outlaw-star/episode-3/,https://animehistory.org/gallery/screencaps/outlaw-star/episode-3/,1,2026-10-07T01:48:41.373292+00:00,172bbc45dfc3be4c6029b7198fd92ee64a06b321bfd10316f73efb8ce70bc3cc,,UNVERIFIED
EP-03,Into Burning Space,00:02:16,136,847490,https://animehistory.org/uploads/screencaps/outlaw-star-E003-Into-Burning-Space/cap_00-02-16_78a4.jpg,Outlaw Star Ep 3: Into Burning Space @ 00:02:16,https://animehistory.org/gallery/screencaps/outlaw-star/episode-3/,https://animehistory.org/gallery/screencaps/outlaw-star/episode-3/,1,2026-10-07T01:48:41.373292+00:00,172bbc45dfc3be4c6029b7198fd92ee64a06b321bfd10316f73efb8ce70bc3cc,,UNVERIFIED
EP-03,Into Burning Space,00:02:20,140,847491,https://animehistory.org/uploads/screencaps/outlaw-star-E003-Into-Burning-Space/cap_00-02-20_6dfc.jpg,Outlaw Star Ep 3: Into Burning Space @ 00:02:20,https://animehistory.org/gallery/screencaps/outlaw-star/episode-3/,https://animehistory.org/gallery/screencaps/outlaw-star/episode-3/,1,2026-10-07T01:48:41.373292+00:00,172bbc45dfc3be4c6029b7198fd92ee64a06b321bfd10316f73efb8ce70bc3cc,,UNVERIFIED
EP-03,Into Burning Space,00:02:23,143,847492,https://animehistory.org/uploads/screencaps/outlaw-star-E003-Into-Burning-Space/cap_00-02-23_7724.jpg,Outlaw Star Ep 3: Into Burning Space @ 00:02:23,https://animehistory.org/gallery/screencaps/outlaw-star/episode-3/,https://animehistory.org/gallery/screencaps/outlaw-star/episode-3/,1,2026-10-07T01:48:41.373292+00:00,172bbc45dfc3be4c6029b7198fd92ee64a06b321bfd10316f73efb8ce70bc3cc,,UNVERIFIED
EP-03,Into Burning Space,00:02:27,147,847493,https://animehistory.org/uploads/screencaps/outlaw-star-E003-Into-Burning-Space/cap_00-02-27_5fb5.jpg,Outlaw Star Ep 3: Into Burning Space @ 00:02:27,https://animehistory.org/gallery/screencaps/outlaw-star/episode-3/,https://animehistory.org/gallery/screencaps/outlaw-star/episode-3/,1,2026-10-07T01:48:41.373292+00:00,172bbc45dfc3be4c6029b7198fd92ee64a06b321bfd10316f73efb8ce70bc3cc,,UNVERIFIED
EP-03,Into Burning Space,00:02:30,150,847494,https://animehistory.org/uploads/screencaps/outlaw-star-E003-Into-Burning-Space/cap_00-02-30_717d.jpg,Outlaw Star Ep 3: Into Burning Space @ 00:02:30,https://animehistory.org/gallery/screencaps/outlaw-star/episode-3/,https://animehistory.org/gallery/screencaps/outlaw-star/episode-3/,1,2026-10-07T01:48:41.373292+00:00,172bbc45dfc3be4c6029b7198fd92ee64a06b321bfd10316f73efb8ce70bc3cc,,UNVERIFIED
EP-03,Into Burning Space,00:02:34,154,847495,https://animehistory.org/uploads/screencaps/outlaw-star-E003-Into-Burning-Space/cap_00-02-34_7d87.jpg,Outlaw Star Ep 3: Into Burning Space @ 00:02:34,https://animehistory.org/gallery/screencaps/outlaw-star/episode-3/,https://animehistory.org/gallery/screencaps/outlaw-star/episode-3/,1,2026-10-07T01:48:41.373292+00:00,172bbc45dfc3be4c6029b7198fd92ee64a06b321bfd10316f73efb8ce70bc3cc,,UNVERIFIED
EP-03,Into Burning Space,00:02:38,158,847496,https://animehistory.org/uploads/screencaps/outlaw-star-E003-Into-Burning-Space/cap_00-02-38_4d71.jpg,Outlaw Star Ep 3: Into Burning Space @ 00:02:38,https://animehistory.org/gallery/screencaps/outlaw-star/episode-3/,https://animehistory.org/gallery/screencaps/outlaw-star/episode-3/,1,2026-10-07T01:48:41.373292+00:00,172bbc45dfc3be4c6029b7198fd92ee64a06b321bfd10316f73efb8ce70bc3cc,,UNVERIFIED
EP-03,Into Burning Space,00:02:41,161,847497,https://animehistory.org/uploads/screencaps/outlaw-star-E003-Into-Burning-Space/cap_00-02-41_4784.jpg,Outlaw Star Ep 3: Into Burning Space @ 00:02:41,https://animehistory.org/gallery/screencaps/outlaw-star/episode-3/,https://animehistory.org/gallery/screencaps/outlaw-star/episode-3/,1,2026-10-07T01:48:41.373292+00:00,172bbc45dfc3be4c6029b7198fd92ee64a06b321bfd10316f73efb8ce70bc3cc,,UNVERIFIED
EP-03,Into Burning Space,00:02:45,165,847498,https://animehistory.org/uploads/screencaps/outlaw-star-E003-Into-Burning-Space/cap_00-02-45_4e7a.jpg,Outlaw Star Ep 3: Into Burning Space @ 00:02:45,https://animehistory.org/gallery/screencaps/outlaw-star/episode-3/,https://animehistory.org/gallery/screencaps/outlaw-star/episode-3/,1,2026-10-07T01:48:41.373292+00:00,172bbc45dfc3be4c6029b7198fd92ee64a06b321bfd10316f73efb8ce70bc3cc,,UNVERIFIED
EP-03,Into Burning Space,00:02:49,169,847499,https://animehistory.org/uploads/screencaps/outlaw-star-E003-Into-Burning-Space/cap_00-02-49_1dcb.jpg,Outlaw Star Ep 3: Into Burning Space @ 00:02:49,https://animehistory.org/gallery/screencaps/outlaw-star/episode-3/,https://animehistory.org/gallery/screencaps/outlaw-star/episode-3/,1,2026-10-07T01:48:41.373292+00:00,172bbc45dfc3be4c6029b7198fd92ee64a06b321bfd10316f73efb8ce70bc3cc,,UNVERIFIED
EP-03,Into Burning Space,00:02:52,172,847500,https://animehistory.org/uploads/screencaps/outlaw-star-E003-Into-Burning-Space/cap_00-02-52_7299.jpg,Outlaw Star Ep 3: Into Burning Space @ 00:02:52,https://animehistory.org/gallery/screencaps/outlaw-star/episode-3/,https://animehistory.org/gallery/screencaps/outlaw-star/episode-3/,1,2026-10-07T01:48:41.373292+00:00,172bbc45dfc3be4c6029b7198fd92ee64a06b321bfd10316f73efb8ce70bc3cc,,UNVERIFIED
EP-03,Into Burning Space,00:02:56,176,847501,https://animehistory.org/uploads/screencaps/outlaw-star-E003-Into-Burning-Space/cap_00-02-56_4a49.jpg,Outlaw Star Ep 3: Into Burning Space @ 00:02:56,https://animehistory.org/gallery/screencaps/outlaw-star/episode-3/,https://animehistory.org/gallery/screencaps/outlaw-star/episode-3/,1,2026-10-07T01:48:41.373292+00:00,172bbc45dfc3be4c6029b7198fd92ee64a06b321bfd10316f73efb8ce70bc3cc,,UNVERIFIED
EP-03,Into Burning Space,00:03:00,180,847502,https://animehistory.org/uploads/screencaps/outlaw-star-E003-Into-Burning-Space/cap_00-03-00_70fc.jpg,Outlaw Star Ep 3: Into Burning Space @ 00:03:00,https://animehistory.org/gallery/screencaps/outlaw-star/episode-3/,https://animehistory.org/gallery/screencaps/outlaw-star/episode-3/,1,2026-10-07T01:48:41.373292+00:00,172bbc45dfc3be4c6029b7198fd92ee64a06b321bfd10316f73efb8ce70bc3cc,,UNVERIFIED
EP-03,Into Burning Space,00:03:03,183,847503,https://animehistory.org/uploads/screencaps/outlaw-star-E003-Into-Burning-Space/cap_00-03-03_3819.jpg,Outlaw Star Ep 3: Into Burning Space @ 00:03:03,https://animehistory.org/gallery/screencaps/outlaw-star/episode-3/,https://animehistory.org/gallery/screencaps/outlaw-star/episode-3/,1,2026-10-07T01:48:41.373292+00:00,172bbc45dfc3be4c6029b7198fd92ee64a06b321bfd10316f73efb8ce70bc3cc,,UNVERIFIED
EP-03,Into Burning Space,00:03:07,187,847504,https://animehistory.org/uploads/screencaps/outlaw-star-E003-Into-Burning-Space/cap_00-03-07_3ac8.jpg,Outlaw Star Ep 3: Into Burning Space @ 00:03:07,https://animehistory.org/gallery/screencaps/outlaw-star/episode-3/,https://animehistory.org/gallery/screencaps/outlaw-star/episode-3/,1,2026-10-07T01:48:41.373292+00:00,172bbc45dfc3be4c6029b7198fd92ee64a06b321bfd10316f73efb8ce70bc3cc,,UNVERIFIED
EP-03,Into Burning Space,00:03:10,190,847505,https://animehistory.org/uploads/screencaps/outlaw-star-E003-Into-Burning-Space/cap_00-03-10_006f.jpg,Outlaw Star Ep 3: Into Burning Space @ 00:03:10,https://animehistory.org/gallery/screencaps/outlaw-star/episode-3/,https://animehistory.org/gallery/screencaps/outlaw-star/episode-3/,1,2026-10-07T01:48:41.373292+00:00,172bbc45dfc3be4c6029b7198fd92ee64a06b321bfd10316f73efb8ce70bc3cc,,UNVERIFIED
EP-03,Into Burning Space,00:03:14,194,847506,https://animehistory.org/uploads/screencaps/outlaw-star-E003-Into-Burning-Space/cap_00-03-14_1667.jpg,Outlaw Star Ep 3: Into Burning Space @ 00:03:14,https://animehistory.org/gallery/screencaps/outlaw-star/episode-3/,https://animehistory.org/gallery/screencaps/outlaw-star/episode-3/,1,2026-10-07T01:48:41.373292+00:00,172bbc45dfc3be4c6029b7198fd92ee64a06b321bfd10316f73efb8ce70bc3cc,,UNVERIFIED
EP-03,Into Burning Space,00:03:18,198,847507,https://animehistory.org/uploads/screencaps/outlaw-star-E003-Into-Burning-Space/cap_00-03-18_01e3.jpg,Outlaw Star Ep 3: Into Burning Space @ 00:03:18,https://animehistory.org/gallery/screencaps/outlaw-star/episode-3/,https://animehistory.org/gallery/screencaps/outlaw-star/episode-3/,1,2026-10-07T01:48:41.373292+00:00,172bbc45dfc3be4c6029b7198fd92ee64a06b321bfd10316f73efb8ce70bc3cc,,UNVERIFIED
EP-03,Into Burning Space,00:03:21,201,847508,https://animehistory.org/uploads/screencaps/outlaw-star-E003-Into-Burning-Space/cap_00-03-21_0b63.jpg,Outlaw Star Ep 3: Into Burning Space @ 00:03:21,https://animehistory.org/gallery/screencaps/outlaw-star/episode-3/,https://animehistory.org/gallery/screencaps/outlaw-star/episode-3/,1,2026-10-07T01:48:41.373292+00:00,172bbc45dfc3be4c6029b7198fd92ee64a06b321bfd10316f73efb8ce70bc3cc,,UNVERIFIED
EP-03,Into Burning Space,00:03:25,205,847509,https://animehistory.org/uploads/screencaps/outlaw-star-E003-Into-Burning-Space/cap_00-03-25_2f9d.jpg,Outlaw Star Ep 3: Into Burning Space @ 00:03:25,https://animehistory.org/gallery/screencaps/outlaw-star/episode-3/,https://animehistory.org/gallery/screencaps/outlaw-star/episode-3/,1,2026-10-07T01:48:41.373292+00:00,172bbc45dfc3be4c6029b7198fd92ee64a06b321bfd10316f73efb8ce70bc3cc,,UNVERIFIED
EP-03,Into Burning Space,00:03:29,209,847510,https://animehistory.org/uploads/screencaps/outlaw-star-E003-Into-Burning-Space/cap_00-03-29_2afd.jpg,Outlaw Star Ep 3: Into Burning Space @ 00:03:29,https://animehistory.org/gallery/screencaps/outlaw-star/episode-3/,https://animehistory.org/gallery/screencaps/outlaw-star/episode-3/,1,2026-10-07T01:48:41.373292+00:00,172bbc45dfc3be4c6029b7198fd92ee64a06b321bfd10316f73efb8ce70bc3cc,,UNVERIFIED
EP-03,Into Burning Space,00:03:32,212,847511,https://animehistory.org/uploads/screencaps/outlaw-star-E003-Into-Burning-Space/cap_00-03-32_3b0f.jpg,Outlaw Star Ep 3: Into Burning Space @ 00:03:32,https://animehistory.org/gallery/screencaps/outlaw-star/episode-3/,https://animehistory.org/gallery/screencaps/outlaw-star/episode-3/,1,2026-10-07T01:48:41.373292+00:00,172bbc45dfc3be4c6029b7198fd92ee64a06b321bfd10316f73efb8ce70bc3cc,,UNVERIFIED
EP-03,Into Burning Space,00:03:36,216,847512,https://animehistory.org/uploads/screencaps/outlaw-star-E003-Into-Burning-Space/cap_00-03-36_7213.jpg,Outlaw Star Ep 3: Into Burning Space @ 00:03:36,https://animehistory.org/gallery/screencaps/outlaw-star/episode-3/,https://animehistory.org/gallery/screencaps/outlaw-star/episode-3/,1,2026-10-07T01:48:41.373292+00:00,172bbc45dfc3be4c6029b7198fd92ee64a06b321bfd10316f73efb8ce70bc3cc,,UNVERIFIED
EP-03,Into Burning Space,00:03:40,220,847513,https://animehistory.org/uploads/screencaps/outlaw-star-E003-Into-Burning-Space/cap_00-03-40_52ac.jpg,Outlaw Star Ep 3: Into Burning Space @ 00:03:40,https://animehistory.org/gallery/screencaps/outlaw-star/episode-3/,https://animehistory.org/gallery/screencaps/outlaw-star/episode-3/,1,2026-10-07T01:48:41.373292+00:00,172bbc45dfc3be4c6029b7198fd92ee64a06b321bfd10316f73efb8ce70bc3cc,,UNVERIFIED
EP-03,Into Burning Space,00:03:43,223,847514,https://animehistory.org/uploads/screencaps/outlaw-star-E003-Into-Burning-Space/cap_00-03-43_1237.jpg,Outlaw Star Ep 3: Into Burning Space @ 00:03:43,https://animehistory.org/gallery/screencaps/outlaw-star/episode-3/,https://animehistory.org/gallery/screencaps/outlaw-star/episode-3/,1,2026-10-07T01:48:41.373292+00:00,172bbc45dfc3be4c6029b7198fd92ee64a06b321bfd10316f73efb8ce70bc3cc,,UNVERIFIED
EP-03,Into Burning Space,00:03:47,227,847515,https://animehistory.org/uploads/screencaps/outlaw-star-E003-Into-Burning-Space/cap_00-03-47_48a2.jpg,Outlaw Star Ep 3: Into Burning Space @ 00:03:47,https://animehistory.org/gallery/screencaps/outlaw-star/episode-3/,https://animehistory.org/gallery/screencaps/outlaw-star/episode-3/,1,2026-10-07T01:48:41.373292+00:00,172bbc45dfc3be4c6029b7198fd92ee64a06b321bfd10316f73efb8ce70bc3cc,,UNVERIFIED
EP-03,Into Burning Space,00:03:50,230,847516,https://animehistory.org/uploads/screencaps/outlaw-star-E003-Into-Burning-Space/cap_00-03-50_1d80.jpg,Outlaw Star Ep 3: Into Burning Space @ 00:03:50,https://animehistory.org/gallery/screencaps/outlaw-star/episode-3/,https://animehistory.org/gallery/screencaps/outlaw-star/episode-3/,1,2026-10-07T01:48:41.373292+00:00,172bbc45dfc3be4c6029b7198fd92ee64a06b321bfd10316f73efb8ce70bc3cc,,UNVERIFIED
EP-03,Into Burning Space,00:03:54,234,847517,https://animehistory.org/uploads/screencaps/outlaw-star-E003-Into-Burning-Space/cap_00-03-54_092b.jpg,Outlaw Star Ep 3: Into Burning Space @ 00:03:54,https://animehistory.org/gallery/screencaps/outlaw-star/episode-3/,https://animehistory.org/gallery/screencaps/outlaw-star/episode-3/,1,2026-10-07T01:48:41.373292+00:00,172bbc45dfc3be4c6029b7198fd92ee64a06b321bfd10316f73efb8ce70bc3cc,,UNVERIFIED
EP-03,Into Burning Space,00:03:58,238,847518,https://animehistory.org/uploads/screencaps/outlaw-star-E003-Into-Burning-Space/cap_00-03-58_2bab.jpg,Outlaw Star Ep 3: Into Burning Space @ 00:03:58,https://animehistory.org/gallery/screencaps/outlaw-star/episode-3/,https://animehistory.org/gallery/screencaps/outlaw-star/episode-3/,1,2026-10-07T01:48:41.373292+00:00,172bbc45dfc3be4c6029b7198fd92ee64a06b321bfd10316f73efb8ce70bc3cc,,UNVERIFIED
EP-03,Into Burning Space,00:04:01,241,847519,https://animehistory.org/uploads/screencaps/outlaw-star-E003-Into-Burning-Space/cap_00-04-01_1bc2.jpg,Outlaw Star Ep 3: Into Burning Space @ 00:04:01,https://animehistory.org/gallery/screencaps/outlaw-star/episode-3/,https://animehistory.org/gallery/screencaps/outlaw-star/episode-3/,1,2026-10-07T01:48:41.373292+00:00,172bbc45dfc3be4c6029b7198fd92ee64a06b321bfd10316f73efb8ce70bc3cc,,UNVERIFIED
EP-03,Into Burning Space,00:04:05,245,847520,https://animehistory.org/uploads/screencaps/outlaw-star-E003-Into-Burning-Space/cap_00-04-05_3b76.jpg,Outlaw Star Ep 3: Into Burning Space @ 00:04:05,https://animehistory.org/gallery/screencaps/outlaw-star/episode-3/,https://animehistory.org/gallery/screencaps/outlaw-star/episode-3/,1,2026-10-07T01:48:41.373292+00:00,172bbc45dfc3be4c6029b7198fd92ee64a06b321bfd10316f73efb8ce70bc3cc,,UNVERIFIED
EP-03,Into Burning Space,00:04:09,249,847521,https://animehistory.org/uploads/screencaps/outlaw-star-E003-Into-Burning-Space/cap_00-04-09_1414.jpg,Outlaw Star Ep 3: Into Burning Space @ 00:04:09,https://animehistory.org/gallery/screencaps/outlaw-star/episode-3/,https://animehistory.org/gallery/screencaps/outlaw-star/episode-3/,1,2026-10-07T01:48:41.373292+00:00,172bbc45dfc3be4c6029b7198fd92ee64a06b321bfd10316f73efb8ce70bc3cc,,UNVERIFIED
EP-03,Into Burning Space,00:04:12,252,847522,https://animehistory.org/uploads/screencaps/outlaw-star-E003-Into-Burning-Space/cap_00-04-12_1da1.jpg,Outlaw Star Ep 3: Into Burning Space @ 00:04:12,https://animehistory.org/gallery/screencaps/outlaw-star/episode-3/,https://animehistory.org/gallery/screencaps/outlaw-star/episode-3/,1,2026-10-07T01:48:41.373292+00:00,172bbc45dfc3be4c6029b7198fd92ee64a06b321bfd10316f73efb8ce70bc3cc,,UNVERIFIED
EP-03,Into Burning Space,00:04:16,256,847523,https://animehistory.org/uploads/screencaps/outlaw-star-E003-Into-Burning-Space/cap_00-04-16_7843.jpg,Outlaw Star Ep 3: Into Burning Space @ 00:04:16,https://animehistory.org/gallery/screencaps/outlaw-star/episode-3/,https://animehistory.org/gallery/screencaps/outlaw-star/episode-3/,1,2026-10-07T01:48:41.373292+00:00,172bbc45dfc3be4c6029b7198fd92ee64a06b321bfd10316f73efb8ce70bc3cc,,UNVERIFIED
EP-03,Into Burning Space,00:04:20,260,847524,https://animehistory.org/uploads/screencaps/outlaw-star-E003-Into-Burning-Space/cap_00-04-20_70a6.jpg,Outlaw Star Ep 3: Into Burning Space @ 00:04:20,https://animehistory.org/gallery/screencaps/outlaw-star/episode-3/,https://animehistory.org/gallery/screencaps/outlaw-star/episode-3/,1,2026-10-07T01:48:41.373292+00:00,172bbc45dfc3be4c6029b7198fd92ee64a06b321bfd10316f73efb8ce70bc3cc,,UNVERIFIED
EP-03,Into Burning Space,00:04:23,263,847525,https://animehistory.org/uploads/screencaps/outlaw-star-E003-Into-Burning-Space/cap_00-04-23_5a7a.jpg,Outlaw Star Ep 3: Into Burning Space @ 00:04:23,https://animehistory.org/gallery/screencaps/outlaw-star/episode-3/,https://animehistory.org/gallery/screencaps/outlaw-star/episode-3/,1,2026-10-07T01:48:41.373292+00:00,172bbc45dfc3be4c6029b7198fd92ee64a06b321bfd10316f73efb8ce70bc3cc,,UNVERIFIED
EP-03,Into Burning Space,00:04:27,267,847526,https://animehistory.org/uploads/screencaps/outlaw-star-E003-Into-Burning-Space/cap_00-04-27_08b2.jpg,Outlaw Star Ep 3: Into Burning Space @ 00:04:27,https://animehistory.org/gallery/screencaps/outlaw-star/episode-3/,https://animehistory.org/gallery/screencaps/outlaw-star/episode-3/,1,2026-10-07T01:48:41.373292+00:00,172bbc45dfc3be4c6029b7198fd92ee64a06b321bfd10316f73efb8ce70bc3cc,,UNVERIFIED
EP-03,Into Burning Space,00:04:30,270,847527,https://animehistory.org/uploads/screencaps/outlaw-star-E003-Into-Burning-Space/cap_00-04-30_5b24.jpg,Outlaw Star Ep 3: Into Burning Space @ 00:04:30,https://animehistory.org/gallery/screencaps/outlaw-star/episode-3/,https://animehistory.org/gallery/screencaps/outlaw-star/episode-3/,1,2026-10-07T01:48:41.373292+00:00,172bbc45dfc3be4c6029b7198fd92ee64a06b321bfd10316f73efb8ce70bc3cc,,UNVERIFIED
EP-03,Into Burning Space,00:04:34,274,847528,https://animehistory.org/uploads/screencaps/outlaw-star-E003-Into-Burning-Space/cap_00-04-34_286d.jpg,Outlaw Star Ep 3: Into Burning Space @ 00:04:34,https://animehistory.org/gallery/screencaps/outlaw-star/episode-3/,https://animehistory.org/gallery/screencaps/outlaw-star/episode-3/,1,2026-10-07T01:48:41.373292+00:00,172bbc45dfc3be4c6029b7198fd92ee64a06b321bfd10316f73efb8ce70bc3cc,,UNVERIFIED
EP-03,Into Burning Space,00:04:38,278,847529,https://animehistory.org/uploads/screencaps/outlaw-star-E003-Into-Burning-Space/cap_00-04-38_4df8.jpg,Outlaw Star Ep 3: Into Burning Space @ 00:04:38,https://animehistory.org/gallery/screencaps/outlaw-star/episode-3/,https://animehistory.org/gallery/screencaps/outlaw-star/episode-3/,1,2026-10-07T01:48:41.373292+00:00,172bbc45dfc3be4c6029b7198fd92ee64a06b321bfd10316f73efb8ce70bc3cc,,UNVERIFIED
EP-03,Into Burning Space,00:04:41,281,847530,https://animehistory.org/uploads/screencaps/outlaw-star-E003-Into-Burning-Space/cap_00-04-41_5633.jpg,Outlaw Star Ep 3: Into Burning Space @ 00:04:41,https://animehistory.org/gallery/screencaps/outlaw-star/episode-3/,https://animehistory.org/gallery/screencaps/outlaw-star/episode-3/,1,2026-10-07T01:48:41.373292+00:00,172bbc45dfc3be4c6029b7198fd92ee64a06b321bfd10316f73efb8ce70bc3cc,,UNVERIFIED
EP-03,Into Burning Space,00:04:45,285,847531,https://animehistory.org/uploads/screencaps/outlaw-star-E003-Into-Burning-Space/cap_00-04-45_2abf.jpg,Outlaw Star Ep 3: Into Burning Space @ 00:04:45,https://animehistory.org/gallery/screencaps/outlaw-star/episode-3/,https://animehistory.org/gallery/screencaps/outlaw-star/episode-3/,1,2026-10-07T01:48:41.373292+00:00,172bbc45dfc3be4c6029b7198fd92ee64a06b321bfd10316f73efb8ce70bc3cc,,UNVERIFIED
EP-03,Into Burning Space,00:04:49,289,847532,https://animehistory.org/uploads/screencaps/outlaw-star-E003-Into-Burning-Space/cap_00-04-49_51cb.jpg,Outlaw Star Ep 3: Into Burning Space @ 00:04:49,https://animehistory.org/gallery/screencaps/outlaw-star/episode-3/,https://animehistory.org/gallery/screencaps/outlaw-star/episode-3/,1,2026-10-07T01:48:41.373292+00:00,172bbc45dfc3be4c6029b7198fd92ee64a06b321bfd10316f73efb8ce70bc3cc,,UNVERIFIED
EP-03,Into Burning Space,00:04:52,292,847533,https://animehistory.org/uploads/screencaps/outlaw-star-E003-Into-Burning-Space/cap_00-04-52_30d8.jpg,Outlaw Star Ep 3: Into Burning Space @ 00:04:52,https://animehistory.org/gallery/screencaps/outlaw-star/episode-3/,https://animehistory.org/gallery/screencaps/outlaw-star/episode-3/,1,2026-10-07T01:48:41.373292+00:00,172bbc45dfc3be4c6029b7198fd92ee64a06b321bfd10316f73efb8ce70bc3cc,,UNVERIFIED
EP-03,Into Burning Space,00:04:56,296,847534,https://animehistory.org/uploads/screencaps/outlaw-star-E003-Into-Burning-Space/cap_00-04-56_68fe.jpg,Outlaw Star Ep 3: Into Burning Space @ 00:04:56,https://animehistory.org/gallery/screencaps/outlaw-star/episode-3/,https://animehistory.org/gallery/screencaps/outlaw-star/episode-3/,1,2026-10-07T01:48:41.373292+00:00,172bbc45dfc3be4c6029b7198fd92ee64a06b321bfd10316f73efb8ce70bc3cc,,UNVERIFIED
EP-03,Into Burning Space,00:05:00,300,847535,https://animehistory.org/uploads/screencaps/outlaw-star-E003-Into-Burning-Space/cap_00-05-00_7001.jpg,Outlaw Star Ep 3: Into Burning Space @ 00:05:00,https://animehistory.org/gallery/screencaps/outlaw-star/episode-3/,https://animehistory.org/gallery/screencaps/outlaw-star/episode-3/,1,2026-10-07T01:48:41.373292+00:00,172bbc45dfc3be4c6029b7198fd92ee64a06b321bfd10316f73efb8ce70bc3cc,,UNVERIFIED
EP-03,Into Burning Space,00:05:03,303,847536,https://animehistory.org/uploads/screencaps/outlaw-star-E003-Into-Burning-Space/cap_00-05-03_7b06.jpg,Outlaw Star Ep 3: Into Burning Space @ 00:05:03,https://animehistory.org/gallery/screencaps/outlaw-star/episode-3/,https://animehistory.org/gallery/screencaps/outlaw-star/episode-3/,1,2026-10-07T01:48:41.373292+00:00,172bbc45dfc3be4c6029b7198fd92ee64a06b321bfd10316f73efb8ce70bc3cc,,UNVERIFIED
EP-03,Into Burning Space,00:05:07,307,847537,https://animehistory.org/uploads/screencaps/outlaw-star-E003-Into-Burning-Space/cap_00-05-07_47b4.jpg,Outlaw Star Ep 3: Into Burning Space @ 00:05:07,https://animehistory.org/gallery/screencaps/outlaw-star/episode-3/,https://animehistory.org/gallery/screencaps/outlaw-star/episode-3/,1,2026-10-07T01:48:41.373292+00:00,172bbc45dfc3be4c6029b7198fd92ee64a06b321bfd10316f73efb8ce70bc3cc,,UNVERIFIED
EP-03,Into Burning Space,00:05:10,310,847538,https://animehistory.org/uploads/screencaps/outlaw-star-E003-Into-Burning-Space/cap_00-05-10_4241.jpg,Outlaw Star Ep 3: Into Burning Space @ 00:05:10,https://animehistory.org/gallery/screencaps/outlaw-star/episode-3/,https://animehistory.org/gallery/screencaps/outlaw-star/episode-3/,1,2026-10-07T01:48:41.373292+00:00,172bbc45dfc3be4c6029b7198fd92ee64a06b321bfd10316f73efb8ce70bc3cc,,UNVERIFIED
EP-03,Into Burning Space,00:05:14,314,847539,https://animehistory.org/uploads/screencaps/outlaw-star-E003-Into-Burning-Space/cap_00-05-14_401f.jpg,Outlaw Star Ep 3: Into Burning Space @ 00:05:14,https://animehistory.org/gallery/screencaps/outlaw-star/episode-3/,https://animehistory.org/gallery/screencaps/outlaw-star/episode-3/,1,2026-10-07T01:48:41.373292+00:00,172bbc45dfc3be4c6029b7198fd92ee64a06b321bfd10316f73efb8ce70bc3cc,,UNVERIFIED
EP-03,Into Burning Space,00:05:18,318,847540,https://animehistory.org/uploads/screencaps/outlaw-star-E003-Into-Burning-Space/cap_00-05-18_6e3f.jpg,Outlaw Star Ep 3: Into Burning Space @ 00:05:18,https://animehistory.org/gallery/screencaps/outlaw-star/episode-3/,https://animehistory.org/gallery/screencaps/outlaw-star/episode-3/,1,2026-10-07T01:48:41.373292+00:00,172bbc45dfc3be4c6029b7198fd92ee64a06b321bfd10316f73efb8ce70bc3cc,,UNVERIFIED
EP-03,Into Burning Space,00:05:21,321,847541,https://animehistory.org/uploads/screencaps/outlaw-star-E003-Into-Burning-Space/cap_00-05-21_1dab.jpg,Outlaw Star Ep 3: Into Burning Space @ 00:05:21,https://animehistory.org/gallery/screencaps/outlaw-star/episode-3/,https://animehistory.org/gallery/screencaps/outlaw-star/episode-3/,1,2026-10-07T01:48:41.373292+00:00,172bbc45dfc3be4c6029b7198fd92ee64a06b321bfd10316f73efb8ce70bc3cc,,UNVERIFIED
EP-03,Into Burning Space,00:05:25,325,847542,https://animehistory.org/uploads/screencaps/outlaw-star-E003-Into-Burning-Space/cap_00-05-25_3188.jpg,Outlaw Star Ep 3: Into Burning Space @ 00:05:25,https://animehistory.org/gallery/screencaps/outlaw-star/episode-3/,https://animehistory.org/gallery/screencaps/outlaw-star/episode-3/,1,2026-10-07T01:48:41.373292+00:00,172bbc45dfc3be4c6029b7198fd92ee64a06b321bfd10316f73efb8ce70bc3cc,,UNVERIFIED
EP-03,Into Burning Space,00:05:29,329,847543,https://animehistory.org/uploads/screencaps/outlaw-star-E003-Into-Burning-Space/cap_00-05-29_1e4a.jpg,Outlaw Star Ep 3: Into Burning Space @ 00:05:29,https://animehistory.org/gallery/screencaps/outlaw-star/episode-3/,https://animehistory.org/gallery/screencaps/outlaw-star/episode-3/,1,2026-10-07T01:48:41.373292+00:00,172bbc45dfc3be4c6029b7198fd92ee64a06b321bfd10316f73efb8ce70bc3cc,,UNVERIFIED
EP-03,Into Burning Space,00:05:32,332,847544,https://animehistory.org/uploads/screencaps/outlaw-star-E003-Into-Burning-Space/cap_00-05-32_3490.jpg,Outlaw Star Ep 3: Into Burning Space @ 00:05:32,https://animehistory.org/gallery/screencaps/outlaw-star/episode-3/,https://animehistory.org/gallery/screencaps/outlaw-star/episode-3/,1,2026-10-07T01:48:41.373292+00:00,172bbc45dfc3be4c6029b7198fd92ee64a06b321bfd10316f73efb8ce70bc3cc,,UNVERIFIED
EP-03,Into Burning Space,00:05:36,336,847545,https://animehistory.org/uploads/screencaps/outlaw-star-E003-Into-Burning-Space/cap_00-05-36_285b.jpg,Outlaw Star Ep 3: Into Burning Space @ 00:05:36,https://animehistory.org/gallery/screencaps/outlaw-star/episode-3/,https://animehistory.org/gallery/screencaps/outlaw-star/episode-3/,1,2026-10-07T01:48:41.373292+00:00,172bbc45dfc3be4c6029b7198fd92ee64a06b321bfd10316f73efb8ce70bc3cc,,UNVERIFIED
EP-03,Into Burning Space,00:05:40,340,847546,https://animehistory.org/uploads/screencaps/outlaw-star-E003-Into-Burning-Space/cap_00-05-40_1957.jpg,Outlaw Star Ep 3: Into Burning Space @ 00:05:40,https://animehistory.org/gallery/screencaps/outlaw-star/episode-3/,https://animehistory.org/gallery/screencaps/outlaw-star/episode-3/,1,2026-10-07T01:48:41.373292+00:00,172bbc45dfc3be4c6029b7198fd92ee64a06b321bfd10316f73efb8ce70bc3cc,,UNVERIFIED
EP-03,Into Burning Space,00:05:43,343,847547,https://animehistory.org/uploads/screencaps/outlaw-star-E003-Into-Burning-Space/cap_00-05-43_392a.jpg,Outlaw Star Ep 3: Into Burning Space @ 00:05:43,https://animehistory.org/gallery/screencaps/outlaw-star/episode-3/,https://animehistory.org/gallery/screencaps/outlaw-star/episode-3/,1,2026-10-07T01:48:41.373292+00:00,172bbc45dfc3be4c6029b7198fd92ee64a06b321bfd10316f73efb8ce70bc3cc,,UNVERIFIED
EP-03,Into Burning Space,00:05:47,347,847548,https://animehistory.org/uploads/screencaps/outlaw-star-E003-Into-Burning-Space/cap_00-05-47_176f.jpg,Outlaw Star Ep 3: Into Burning Space @ 00:05:47,https://animehistory.org/gallery/screencaps/outlaw-star/episode-3/,https://animehistory.org/gallery/screencaps/outlaw-star/episode-3/,1,2026-10-07T01:48:41.373292+00:00,172bbc45dfc3be4c6029b7198fd92ee64a06b321bfd10316f73efb8ce70bc3cc,,UNVERIFIED
EP-03,Into Burning Space,00:05:50,350,847549,https://animehistory.org/uploads/screencaps/outlaw-star-E003-Into-Burning-Space/cap_00-05-50_2a0c.jpg,Outlaw Star Ep 3: Into Burning Space @ 00:05:50,https://animehistory.org/gallery/screencaps/outlaw-star/episode-3/,https://animehistory.org/gallery/screencaps/outlaw-star/episode-3/,1,2026-10-07T01:48:41.373292+00:00,172bbc45dfc3be4c6029b7198fd92ee64a06b321bfd10316f73efb8ce70bc3cc,,UNVERIFIED
EP-03,Into Burning Space,00:05:54,354,847550,https://animehistory.org/uploads/screencaps/outlaw-star-E003-Into-Burning-Space/cap_00-05-54_38d0.jpg,Outlaw Star Ep 3: Into Burning Space @ 00:05:54,https://animehistory.org/gallery/screencaps/outlaw-star/episode-3/,https://animehistory.org/gallery/screencaps/outlaw-star/episode-3/,1,2026-10-07T01:48:41.373292+00:00,172bbc45dfc3be4c6029b7198fd92ee64a06b321bfd10316f73efb8ce70bc3cc,,UNVERIFIED
EP-03,Into Burning Space,00:05:58,358,847551,https://animehistory.org/uploads/screencaps/outlaw-star-E003-Into-Burning-Space/cap_00-05-58_17a4.jpg,Outlaw Star Ep 3: Into Burning Space @ 00:05:58,https://animehistory.org/gallery/screencaps/outlaw-star/episode-3/,https://animehistory.org/gallery/screencaps/outlaw-star/episode-3/,1,2026-10-07T01:48:41.373292+00:00,172bbc45dfc3be4c6029b7198fd92ee64a06b321bfd10316f73efb8ce70bc3cc,,UNVERIFIED
EP-03,Into Burning Space,00:06:01,361,847552,https://animehistory.org/uploads/screencaps/outlaw-star-E003-Into-Burning-Space/cap_00-06-01_1824.jpg,Outlaw Star Ep 3: Into Burning Space @ 00:06:01,https://animehistory.org/gallery/screencaps/outlaw-star/episode-3/,https://animehistory.org/gallery/screencaps/outlaw-star/episode-3/,1,2026-10-07T01:48:41.373292+00:00,172bbc45dfc3be4c6029b7198fd92ee64a06b321bfd10316f73efb8ce70bc3cc,,UNVERIFIED
EP-03,Into Burning Space,00:06:05,365,847553,https://animehistory.org/uploads/screencaps/outlaw-star-E003-Into-Burning-Space/cap_00-06-05_4acf.jpg,Outlaw Star Ep 3: Into Burning Space @ 00:06:05,https://animehistory.org/gallery/screencaps/outlaw-star/episode-3/,https://animehistory.org/gallery/screencaps/outlaw-star/episode-3/,1,2026-10-07T01:48:41.373292+00:00,172bbc45dfc3be4c6029b7198fd92ee64a06b321bfd10316f73efb8ce70bc3cc,,UNVERIFIED
EP-03,Into Burning Space,00:06:09,369,847554,https://animehistory.org/uploads/screencaps/outlaw-star-E003-Into-Burning-Space/cap_00-06-09_3a04.jpg,Outlaw Star Ep 3: Into Burning Space @ 00:06:09,https://animehistory.org/gallery/screencaps/outlaw-star/episode-3/,https://animehistory.org/gallery/screencaps/outlaw-star/episode-3/,1,2026-10-07T01:48:41.373292+00:00,172bbc45dfc3be4c6029b7198fd92ee64a06b321bfd10316f73efb8ce70bc3cc,,UNVERIFIED
EP-03,Into Burning Space,00:06:12,372,847555,https://animehistory.org/uploads/screencaps/outlaw-star-E003-Into-Burning-Space/cap_00-06-12_3af7.jpg,Outlaw Star Ep 3: Into Burning Space @ 00:06:12,https://animehistory.org/gallery/screencaps/outlaw-star/episode-3/,https://animehistory.org/gallery/screencaps/outlaw-star/episode-3/,1,2026-10-07T01:48:41.373292+00:00,172bbc45dfc3be4c6029b7198fd92ee64a06b321bfd10316f73efb8ce70bc3cc,,UNVERIFIED
EP-03,Into Burning Space,00:06:16,376,847556,https://animehistory.org/uploads/screencaps/outlaw-star-E003-Into-Burning-Space/cap_00-06-16_33a2.jpg,Outlaw Star Ep 3: Into Burning Space @ 00:06:16,https://animehistory.org/gallery/screencaps/outlaw-star/episode-3/,https://animehistory.org/gallery/screencaps/outlaw-star/episode-3/,1,2026-10-07T01:48:41.373292+00:00,172bbc45dfc3be4c6029b7198fd92ee64a06b321bfd10316f73efb8ce70bc3cc,,UNVERIFIED
EP-03,Into Burning Space,00:06:20,380,847557,https://animehistory.org/uploads/screencaps/outlaw-star-E003-Into-Burning-Space/cap_00-06-20_4303.jpg,Outlaw Star Ep 3: Into Burning Space @ 00:06:20,https://animehistory.org/gallery/screencaps/outlaw-star/episode-3/,https://animehistory.org/gallery/screencaps/outlaw-star/episode-3/,1,2026-10-07T01:48:41.373292+00:00,172bbc45dfc3be4c6029b7198fd92ee64a06b321bfd10316f73efb8ce70bc3cc,,UNVERIFIED
EP-03,Into Burning Space,00:06:23,383,847558,https://animehistory.org/uploads/screencaps/outlaw-star-E003-Into-Burning-Space/cap_00-06-23_2241.jpg,Outlaw Star Ep 3: Into Burning Space @ 00:06:23,https://animehistory.org/gallery/screencaps/outlaw-star/episode-3/,https://animehistory.org/gallery/screencaps/outlaw-star/episode-3/,1,2026-10-07T01:48:41.373292+00:00,172bbc45dfc3be4c6029b7198fd92ee64a06b321bfd10316f73efb8ce70bc3cc,,UNVERIFIED
EP-03,Into Burning Space,00:06:27,387,847559,https://animehistory.org/uploads/screencaps/outlaw-star-E003-Into-Burning-Space/cap_00-06-27_7e52.jpg,Outlaw Star Ep 3: Into Burning Space @ 00:06:27,https://animehistory.org/gallery/screencaps/outlaw-star/episode-3/,https://animehistory.org/gallery/screencaps/outlaw-star/episode-3/,1,2026-10-07T01:48:41.373292+00:00,172bbc45dfc3be4c6029b7198fd92ee64a06b321bfd10316f73efb8ce70bc3cc,,UNVERIFIED
EP-03,Into Burning Space,00:06:30,390,847560,https://animehistory.org/uploads/screencaps/outlaw-star-E003-Into-Burning-Space/cap_00-06-30_4dcd.jpg,Outlaw Star Ep 3: Into Burning Space @ 00:06:30,https://animehistory.org/gallery/screencaps/outlaw-star/episode-3/,https://animehistory.org/gallery/screencaps/outlaw-star/episode-3/,1,2026-10-07T01:48:41.373292+00:00,172bbc45dfc3be4c6029b7198fd92ee64a06b321bfd10316f73efb8ce70bc3cc,,UNVERIFIED
EP-03,Into Burning Space,00:06:34,394,847561,https://animehistory.org/uploads/screencaps/outlaw-star-E003-Into-Burning-Space/cap_00-06-34_6dad.jpg,Outlaw Star Ep 3: Into Burning Space @ 00:06:34,https://animehistory.org/gallery/screencaps/outlaw-star/episode-3/,https://animehistory.org/gallery/screencaps/outlaw-star/episode-3/,1,2026-10-07T01:48:41.373292+00:00,172bbc45dfc3be4c6029b7198fd92ee64a06b321bfd10316f73efb8ce70bc3cc,,UNVERIFIED
EP-03,Into Burning Space,00:06:38,398,847562,https://animehistory.org/uploads/screencaps/outlaw-star-E003-Into-Burning-Space/cap_00-06-38_28e6.jpg,Outlaw Star Ep 3: Into Burning Space @ 00:06:38,https://animehistory.org/gallery/screencaps/outlaw-star/episode-3/,https://animehistory.org/gallery/screencaps/outlaw-star/episode-3/,1,2026-10-07T01:48:41.373292+00:00,172bbc45dfc3be4c6029b7198fd92ee64a06b321bfd10316f73efb8ce70bc3cc,,UNVERIFIED
EP-03,Into Burning Space,00:06:41,401,847563,https://animehistory.org/uploads/screencaps/outlaw-star-E003-Into-Burning-Space/cap_00-06-41_76f7.jpg,Outlaw Star Ep 3: Into Burning Space @ 00:06:41,https://animehistory.org/gallery/screencaps/outlaw-star/episode-3/,https://animehistory.org/gallery/screencaps/outlaw-star/episode-3/,1,2026-10-07T01:48:41.373292+00:00,172bbc45dfc3be4c6029b7198fd92ee64a06b321bfd10316f73efb8ce70bc3cc,,UNVERIFIED
EP-03,Into Burning Space,00:06:45,405,847564,https://animehistory.org/uploads/screencaps/outlaw-star-E003-Into-Burning-Space/cap_00-06-45_29b4.jpg,Outlaw Star Ep 3: Into Burning Space @ 00:06:45,https://animehistory.org/gallery/screencaps/outlaw-star/episode-3/,https://animehistory.org/gallery/screencaps/outlaw-star/episode-3/,1,2026-10-07T01:48:41.373292+00:00,172bbc45dfc3be4c6029b7198fd92ee64a06b321bfd10316f73efb8ce70bc3cc,,UNVERIFIED
EP-03,Into Burning Space,00:06:49,409,847565,https://animehistory.org/uploads/screencaps/outlaw-star-E003-Into-Burning-Space/cap_00-06-49_79d6.jpg,Outlaw Star Ep 3: Into Burning Space @ 00:06:49,https://animehistory.org/gallery/screencaps/outlaw-star/episode-3/,https://animehistory.org/gallery/screencaps/outlaw-star/episode-3/,1,2026-10-07T01:48:41.373292+00:00,172bbc45dfc3be4c6029b7198fd92ee64a06b321bfd10316f73efb8ce70bc3cc,,UNVERIFIED
EP-03,Into Burning Space,00:06:52,412,847566,https://animehistory.org/uploads/screencaps/outlaw-star-E003-Into-Burning-Space/cap_00-06-52_3b95.jpg,Outlaw Star Ep 3: Into Burning Space @ 00:06:52,https://animehistory.org/gallery/screencaps/outlaw-star/episode-3/,https://animehistory.org/gallery/screencaps/outlaw-star/episode-3/,1,2026-10-07T01:48:41.373292+00:00,172bbc45dfc3be4c6029b7198fd92ee64a06b321bfd10316f73efb8ce70bc3cc,,UNVERIFIED
EP-03,Into Burning Space,00:06:56,416,847567,https://animehistory.org/uploads/screencaps/outlaw-star-E003-Into-Burning-Space/cap_00-06-56_5123.jpg,Outlaw Star Ep 3: Into Burning Space @ 00:06:56,https://animehistory.org/gallery/screencaps/outlaw-star/episode-3/,https://animehistory.org/gallery/screencaps/outlaw-star/episode-3/,1,2026-10-07T01:48:41.373292+00:00,172bbc45dfc3be4c6029b7198fd92ee64a06b321bfd10316f73efb8ce70bc3cc,,UNVERIFIED
EP-03,Into Burning Space,00:07:00,420,847568,https://animehistory.org/uploads/screencaps/outlaw-star-E003-Into-Burning-Space/cap_00-07-00_1ec8.jpg,Outlaw Star Ep 3: Into Burning Space @ 00:07:00,https://animehistory.org/gallery/screencaps/outlaw-star/episode-3/,https://animehistory.org/gallery/screencaps/outlaw-star/episode-3/,1,2026-10-07T01:48:41.373292+00:00,172bbc45dfc3be4c6029b7198fd92ee64a06b321bfd10316f73efb8ce70bc3cc,,UNVERIFIED
EP-03,Into Burning Space,00:07:03,423,847569,https://animehistory.org/uploads/screencaps/outlaw-star-E003-Into-Burning-Space/cap_00-07-03_39ad.jpg,Outlaw Star Ep 3: Into Burning Space @ 00:07:03,https://animehistory.org/gallery/screencaps/outlaw-star/episode-3/,https://animehistory.org/gallery/screencaps/outlaw-star/episode-3/,1,2026-10-07T01:48:41.373292+00:00,172bbc45dfc3be4c6029b7198fd92ee64a06b321bfd10316f73efb8ce70bc3cc,,UNVERIFIED
EP-03,Into Burning Space,00:07:07,427,847570,https://animehistory.org/uploads/screencaps/outlaw-star-E003-Into-Burning-Space/cap_00-07-07_68f2.jpg,Outlaw Star Ep 3: Into Burning Space @ 00:07:07,https://animehistory.org/gallery/screencaps/outlaw-star/episode-3/,https://animehistory.org/gallery/screencaps/outlaw-star/episode-3/,1,2026-10-07T01:48:41.373292+00:00,172bbc45dfc3be4c6029b7198fd92ee64a06b321bfd10316f73efb8ce70bc3cc,,UNVERIFIED
EP-03,Into Burning Space,00:07:10,430,847571,https://animehistory.org/uploads/screencaps/outlaw-star-E003-Into-Burning-Space/cap_00-07-10_7015.jpg,Outlaw Star Ep 3: Into Burning Space @ 00:07:10,https://animehistory.org/gallery/screencaps/outlaw-star/episode-3/,https://animehistory.org/gallery/screencaps/outlaw-star/episode-3/,1,2026-10-07T01:48:41.373292+00:00,172bbc45dfc3be4c6029b7198fd92ee64a06b321bfd10316f73efb8ce70bc3cc,,UNVERIFIED
EP-03,Into Burning Space,00:07:14,434,847572,https://animehistory.org/uploads/screencaps/outlaw-star-E003-Into-Burning-Space/cap_00-07-14_6006.jpg,Outlaw Star Ep 3: Into Burning Space @ 00:07:14,https://animehistory.org/gallery/screencaps/outlaw-star/episode-3/,https://animehistory.org/gallery/screencaps/outlaw-star/episode-3/,1,2026-10-07T01:48:41.373292+00:00,172bbc45dfc3be4c6029b7198fd92ee64a06b321bfd10316f73efb8ce70bc3cc,,UNVERIFIED
EP-03,Into Burning Space,00:07:18,438,847573,https://animehistory.org/uploads/screencaps/outlaw-star-E003-Into-Burning-Space/cap_00-07-18_506b.jpg,Outlaw Star Ep 3: Into Burning Space @ 00:07:18,https://animehistory.org/gallery/screencaps/outlaw-star/episode-3/,https://animehistory.org/gallery/screencaps/outlaw-star/episode-3/,1,2026-10-07T01:48:41.373292+00:00,172bbc45dfc3be4c6029b7198fd92ee64a06b321bfd10316f73efb8ce70bc3cc,,UNVERIFIED
EP-03,Into Burning Space,00:07:21,441,847574,https://animehistory.org/uploads/screencaps/outlaw-star-E003-Into-Burning-Space/cap_00-07-21_23fe.jpg,Outlaw Star Ep 3: Into Burning Space @ 00:07:21,https://animehistory.org/gallery/screencaps/outlaw-star/episode-3/,https://animehistory.org/gallery/screencaps/outlaw-star/episode-3/,1,2026-10-07T01:48:41.373292+00:00,172bbc45dfc3be4c6029b7198fd92ee64a06b321bfd10316f73efb8ce70bc3cc,,UNVERIFIED
EP-03,Into Burning Space,00:07:25,445,847575,https://animehistory.org/uploads/screencaps/outlaw-star-E003-Into-Burning-Space/cap_00-07-25_4ae0.jpg,Outlaw Star Ep 3: Into Burning Space @ 00:07:25,https://animehistory.org/gallery/screencaps/outlaw-star/episode-3/,https://animehistory.org/gallery/screencaps/outlaw-star/episode-3/,1,2026-10-07T01:48:41.373292+00:00,172bbc45dfc3be4c6029b7198fd92ee64a06b321bfd10316f73efb8ce70bc3cc,,UNVERIFIED
EP-03,Into Burning Space,00:07:29,449,847576,https://animehistory.org/uploads/screencaps/outlaw-star-E003-Into-Burning-Space/cap_00-07-29_77e3.jpg,Outlaw Star Ep 3: Into Burning Space @ 00:07:29,https://animehistory.org/gallery/screencaps/outlaw-star/episode-3/,https://animehistory.org/gallery/screencaps/outlaw-star/episode-3/,1,2026-10-07T01:48:41.373292+00:00,172bbc45dfc3be4c6029b7198fd92ee64a06b321bfd10316f73efb8ce70bc3cc,,UNVERIFIED
EP-03,Into Burning Space,00:07:32,452,847577,https://animehistory.org/uploads/screencaps/outlaw-star-E003-Into-Burning-Space/cap_00-07-32_75ac.jpg,Outlaw Star Ep 3: Into Burning Space @ 00:07:32,https://animehistory.org/gallery/screencaps/outlaw-star/episode-3/,https://animehistory.org/gallery/screencaps/outlaw-star/episode-3/,1,2026-10-07T01:48:41.373292+00:00,172bbc45dfc3be4c6029b7198fd92ee64a06b321bfd10316f73efb8ce70bc3cc,,UNVERIFIED
EP-03,Into Burning Space,00:07:36,456,847578,https://animehistory.org/uploads/screencaps/outlaw-star-E003-Into-Burning-Space/cap_00-07-36_2ff9.jpg,Outlaw Star Ep 3: Into Burning Space @ 00:07:36,https://animehistory.org/gallery/screencaps/outlaw-star/episode-3/,https://animehistory.org/gallery/screencaps/outlaw-star/episode-3/,1,2026-10-07T01:48:41.373292+00:00,172bbc45dfc3be4c6029b7198fd92ee64a06b321bfd10316f73efb8ce70bc3cc,,UNVERIFIED
EP-03,Into Burning Space,00:07:40,460,847579,https://animehistory.org/uploads/screencaps/outlaw-star-E003-Into-Burning-Space/cap_00-07-40_0d75.jpg,Outlaw Star Ep 3: Into Burning Space @ 00:07:40,https://animehistory.org/gallery/screencaps/outlaw-star/episode-3/,https://animehistory.org/gallery/screencaps/outlaw-star/episode-3/,1,2026-10-07T01:48:41.373292+00:00,172bbc45dfc3be4c6029b7198fd92ee64a06b321bfd10316f73efb8ce70bc3cc,,UNVERIFIED
EP-03,Into Burning Space,00:07:43,463,847580,https://animehistory.org/uploads/screencaps/outlaw-star-E003-Into-Burning-Space/cap_00-07-43_7d73.jpg,Outlaw Star Ep 3: Into Burning Space @ 00:07:43,https://animehistory.org/gallery/screencaps/outlaw-star/episode-3/,https://animehistory.org/gallery/screencaps/outlaw-star/episode-3/,1,2026-10-07T01:48:41.373292+00:00,172bbc45dfc3be4c6029b7198fd92ee64a06b321bfd10316f73efb8ce70bc3cc,,UNVERIFIED
EP-03,Into Burning Space,00:07:47,467,847581,https://animehistory.org/uploads/screencaps/outlaw-star-E003-Into-Burning-Space/cap_00-07-47_5286.jpg,Outlaw Star Ep 3: Into Burning Space @ 00:07:47,https://animehistory.org/gallery/screencaps/outlaw-star/episode-3/,https://animehistory.org/gallery/screencaps/outlaw-star/episode-3/?page=2,2,2026-10-07T01:48:42.473210+00:00,c8b2b03f6577c302119f24378b921ba02e8c6cc78d297b0a3f0df44bca022954,,UNVERIFIED
EP-03,Into Burning Space,00:07:50,470,847582,https://animehistory.org/uploads/screencaps/outlaw-star-E003-Into-Burning-Space/cap_00-07-50_462d.jpg,Outlaw Star Ep 3: Into Burning Space @ 00:07:50,https://animehistory.org/gallery/screencaps/outlaw-star/episode-3/,https://animehistory.org/gallery/screencaps/outlaw-star/episode-3/?page=2,2,2026-10-07T01:48:42.473210+00:00,c8b2b03f6577c302119f24378b921ba02e8c6cc78d297b0a3f0df44bca022954,,UNVERIFIED
EP-03,Into Burning Space,00:07:54,474,847583,https://animehistory.org/uploads/screencaps/outlaw-star-E003-Into-Burning-Space/cap_00-07-54_071b.jpg,Outlaw Star Ep 3: Into Burning Space @ 00:07:54,https://animehistory.org/gallery/screencaps/outlaw-star/episode-3/,https://animehistory.org/gallery/screencaps/outlaw-star/episode-3/?page=2,2,2026-10-07T01:48:42.473210+00:00,c8b2b03f6577c302119f24378b921ba02e8c6cc78d297b0a3f0df44bca022954,,UNVERIFIED
EP-03,Into Burning Space,00:07:58,478,847584,https://animehistory.org/uploads/screencaps/outlaw-star-E003-Into-Burning-Space/cap_00-07-58_49aa.jpg,Outlaw Star Ep 3: Into Burning Space @ 00:07:58,https://animehistory.org/gallery/screencaps/outlaw-star/episode-3/,https://animehistory.org/gallery/screencaps/outlaw-star/episode-3/?page=2,2,2026-10-07T01:48:42.473210+00:00,c8b2b03f6577c302119f24378b921ba02e8c6cc78d297b0a3f0df44bca022954,,UNVERIFIED
EP-03,Into Burning Space,00:08:01,481,847585,https://animehistory.org/uploads/screencaps/outlaw-star-E003-Into-Burning-Space/cap_00-08-01_1a98.jpg,Outlaw Star Ep 3: Into Burning Space @ 00:08:01,https://animehistory.org/gallery/screencaps/outlaw-star/episode-3/,https://animehistory.org/gallery/screencaps/outlaw-star/episode-3/?page=2,2,2026-10-07T01:48:42.473210+00:00,c8b2b03f6577c302119f24378b921ba02e8c6cc78d297b0a3f0df44bca022954,,UNVERIFIED
EP-03,Into Burning Space,00:08:05,485,847586,https://animehistory.org/uploads/screencaps/outlaw-star-E003-Into-Burning-Space/cap_00-08-05_7f05.jpg,Outlaw Star Ep 3: Into Burning Space @ 00:08:05,https://animehistory.org/gallery/screencaps/outlaw-star/episode-3/,https://animehistory.org/gallery/screencaps/outlaw-star/episode-3/?page=2,2,2026-10-07T01:48:42.473210+00:00,c8b2b03f6577c302119f24378b921ba02e8c6cc78d297b0a3f0df44bca022954,,UNVERIFIED
EP-03,Into Burning Space,00:08:09,489,847587,https://animehistory.org/uploads/screencaps/outlaw-star-E003-Into-Burning-Space/cap_00-08-09_76f9.jpg,Outlaw Star Ep 3: Into Burning Space @ 00:08:09,https://animehistory.org/gallery/screencaps/outlaw-star/episode-3/,https://animehistory.org/gallery/screencaps/outlaw-star/episode-3/?page=2,2,2026-10-07T01:48:42.473210+00:00,c8b2b03f6577c302119f24378b921ba02e8c6cc78d297b0a3f0df44bca022954,,UNVERIFIED
EP-03,Into Burning Space,00:08:12,492,847588,https://animehistory.org/uploads/screencaps/outlaw-star-E003-Into-Burning-Space/cap_00-08-12_0875.jpg,Outlaw Star Ep 3: Into Burning Space @ 00:08:12,https://animehistory.org/gallery/screencaps/outlaw-star/episode-3/,https://animehistory.org/gallery/screencaps/outlaw-star/episode-3/?page=2,2,2026-10-07T01:48:42.473210+00:00,c8b2b03f6577c302119f24378b921ba02e8c6cc78d297b0a3f0df44bca022954,,UNVERIFIED
EP-03,Into Burning Space,00:08:16,496,847589,https://animehistory.org/uploads/screencaps/outlaw-star-E003-Into-Burning-Space/cap_00-08-16_2fae.jpg,Outlaw Star Ep 3: Into Burning Space @ 00:08:16,https://animehistory.org/gallery/screencaps/outlaw-star/episode-3/,https://animehistory.org/gallery/screencaps/outlaw-star/episode-3/?page=2,2,2026-10-07T01:48:42.473210+00:00,c8b2b03f6577c302119f24378b921ba02e8c6cc78d297b0a3f0df44bca022954,,UNVERIFIED
EP-03,Into Burning Space,00:08:20,500,847590,https://animehistory.org/uploads/screencaps/outlaw-star-E003-Into-Burning-Space/cap_00-08-20_702a.jpg,Outlaw Star Ep 3: Into Burning Space @ 00:08:20,https://animehistory.org/gallery/screencaps/outlaw-star/episode-3/,https://animehistory.org/gallery/screencaps/outlaw-star/episode-3/?page=2,2,2026-10-07T01:48:42.473210+00:00,c8b2b03f6577c302119f24378b921ba02e8c6cc78d297b0a3f0df44bca022954,,UNVERIFIED
EP-03,Into Burning Space,00:08:23,503,847591,https://animehistory.org/uploads/screencaps/outlaw-star-E003-Into-Burning-Space/cap_00-08-23_13e1.jpg,Outlaw Star Ep 3: Into Burning Space @ 00:08:23,https://animehistory.org/gallery/screencaps/outlaw-star/episode-3/,https://animehistory.org/gallery/screencaps/outlaw-star/episode-3/?page=2,2,2026-10-07T01:48:42.473210+00:00,c8b2b03f6577c302119f24378b921ba02e8c6cc78d297b0a3f0df44bca022954,,UNVERIFIED
EP-03,Into Burning Space,00:08:27,507,847592,https://animehistory.org/uploads/screencaps/outlaw-star-E003-Into-Burning-Space/cap_00-08-27_50b7.jpg,Outlaw Star Ep 3: Into Burning Space @ 00:08:27,https://animehistory.org/gallery/screencaps/outlaw-star/episode-3/,https://animehistory.org/gallery/screencaps/outlaw-star/episode-3/?page=2,2,2026-10-07T01:48:42.473210+00:00,c8b2b03f6577c302119f24378b921ba02e8c6cc78d297b0a3f0df44bca022954,,UNVERIFIED
EP-03,Into Burning Space,00:08:30,510,847593,https://animehistory.org/uploads/screencaps/outlaw-star-E003-Into-Burning-Space/cap_00-08-30_01b8.jpg,Outlaw Star Ep 3: Into Burning Space @ 00:08:30,https://animehistory.org/gallery/screencaps/outlaw-star/episode-3/,https://animehistory.org/gallery/screencaps/outlaw-star/episode-3/?page=2,2,2026-10-07T01:48:42.473210+00:00,c8b2b03f6577c302119f24378b921ba02e8c6cc78d297b0a3f0df44bca022954,,UNVERIFIED
EP-03,Into Burning Space,00:08:34,514,847594,https://animehistory.org/uploads/screencaps/outlaw-star-E003-Into-Burning-Space/cap_00-08-34_585f.jpg,Outlaw Star Ep 3: Into Burning Space @ 00:08:34,https://animehistory.org/gallery/screencaps/outlaw-star/episode-3/,https://animehistory.org/gallery/screencaps/outlaw-star/episode-3/?page=2,2,2026-10-07T01:48:42.473210+00:00,c8b2b03f6577c302119f24378b921ba02e8c6cc78d297b0a3f0df44bca022954,,UNVERIFIED
EP-03,Into Burning Space,00:08:38,518,847595,https://animehistory.org/uploads/screencaps/outlaw-star-E003-Into-Burning-Space/cap_00-08-38_6565.jpg,Outlaw Star Ep 3: Into Burning Space @ 00:08:38,https://animehistory.org/gallery/screencaps/outlaw-star/episode-3/,https://animehistory.org/gallery/screencaps/outlaw-star/episode-3/?page=2,2,2026-10-07T01:48:42.473210+00:00,c8b2b03f6577c302119f24378b921ba02e8c6cc78d297b0a3f0df44bca022954,,UNVERIFIED
EP-03,Into Burning Space,00:08:41,521,847596,https://animehistory.org/uploads/screencaps/outlaw-star-E003-Into-Burning-Space/cap_00-08-41_388c.jpg,Outlaw Star Ep 3: Into Burning Space @ 00:08:41,https://animehistory.org/gallery/screencaps/outlaw-star/episode-3/,https://animehistory.org/gallery/screencaps/outlaw-star/episode-3/?page=2,2,2026-10-07T01:48:42.473210+00:00,c8b2b03f6577c302119f24378b921ba02e8c6cc78d297b0a3f0df44bca022954,,UNVERIFIED
EP-03,Into Burning Space,00:08:45,525,847597,https://animehistory.org/uploads/screencaps/outlaw-star-E003-Into-Burning-Space/cap_00-08-45_1b4a.jpg,Outlaw Star Ep 3: Into Burning Space @ 00:08:45,https://animehistory.org/gallery/screencaps/outlaw-star/episode-3/,https://animehistory.org/gallery/screencaps/outlaw-star/episode-3/?page=2,2,2026-10-07T01:48:42.473210+00:00,c8b2b03f6577c302119f24378b921ba02e8c6cc78d297b0a3f0df44bca022954,,UNVERIFIED
EP-03,Into Burning Space,00:08:49,529,847598,https://animehistory.org/uploads/screencaps/outlaw-star-E003-Into-Burning-Space/cap_00-08-49_61ff.jpg,Outlaw Star Ep 3: Into Burning Space @ 00:08:49,https://animehistory.org/gallery/screencaps/outlaw-star/episode-3/,https://animehistory.org/gallery/screencaps/outlaw-star/episode-3/?page=2,2,2026-10-07T01:48:42.473210+00:00,c8b2b03f6577c302119f24378b921ba02e8c6cc78d297b0a3f0df44bca022954,,UNVERIFIED
EP-03,Into Burning Space,00:08:52,532,847599,https://animehistory.org/uploads/screencaps/outlaw-star-E003-Into-Burning-Space/cap_00-08-52_7471.jpg,Outlaw Star Ep 3: Into Burning Space @ 00:08:52,https://animehistory.org/gallery/screencaps/outlaw-star/episode-3/,https://animehistory.org/gallery/screencaps/outlaw-star/episode-3/?page=2,2,2026-10-07T01:48:42.473210+00:00,c8b2b03f6577c302119f24378b921ba02e8c6cc78d297b0a3f0df44bca022954,,UNVERIFIED
EP-03,Into Burning Space,00:08:56,536,847600,https://animehistory.org/uploads/screencaps/outlaw-star-E003-Into-Burning-Space/cap_00-08-56_5208.jpg,Outlaw Star Ep 3: Into Burning Space @ 00:08:56,https://animehistory.org/gallery/screencaps/outlaw-star/episode-3/,https://animehistory.org/gallery/screencaps/outlaw-star/episode-3/?page=2,2,2026-10-07T01:48:42.473210+00:00,c8b2b03f6577c302119f24378b921ba02e8c6cc78d297b0a3f0df44bca022954,,UNVERIFIED
EP-03,Into Burning Space,00:09:00,540,847601,https://animehistory.org/uploads/screencaps/outlaw-star-E003-Into-Burning-Space/cap_00-09-00_4997.jpg,Outlaw Star Ep 3: Into Burning Space @ 00:09:00,https://animehistory.org/gallery/screencaps/outlaw-star/episode-3/,https://animehistory.org/gallery/screencaps/outlaw-star/episode-3/?page=2,2,2026-10-07T01:48:42.473210+00:00,c8b2b03f6577c302119f24378b921ba02e8c6cc78d297b0a3f0df44bca022954,,UNVERIFIED
EP-03,Into Burning Space,00:09:03,543,847602,https://animehistory.org/uploads/screencaps/outlaw-star-E003-Into-Burning-Space/cap_00-09-03_4c15.jpg,Outlaw Star Ep 3: Into Burning Space @ 00:09:03,https://animehistory.org/gallery/screencaps/outlaw-star/episode-3/,https://animehistory.org/gallery/screencaps/outlaw-star/episode-3/?page=2,2,2026-10-07T01:48:42.473210+00:00,c8b2b03f6577c302119f24378b921ba02e8c6cc78d297b0a3f0df44bca022954,,UNVERIFIED
EP-03,Into Burning Space,00:09:07,547,847603,https://animehistory.org/uploads/screencaps/outlaw-star-E003-Into-Burning-Space/cap_00-09-07_6706.jpg,Outlaw Star Ep 3: Into Burning Space @ 00:09:07,https://animehistory.org/gallery/screencaps/outlaw-star/episode-3/,https://animehistory.org/gallery/screencaps/outlaw-star/episode-3/?page=2,2,2026-10-07T01:48:42.473210+00:00,c8b2b03f6577c302119f24378b921ba02e8c6cc78d297b0a3f0df44bca022954,,UNVERIFIED
EP-03,Into Burning Space,00:09:10,550,847604,https://animehistory.org/uploads/screencaps/outlaw-star-E003-Into-Burning-Space/cap_00-09-10_3a13.jpg,Outlaw Star Ep 3: Into Burning Space @ 00:09:10,https://animehistory.org/gallery/screencaps/outlaw-star/episode-3/,https://animehistory.org/gallery/screencaps/outlaw-star/episode-3/?page=2,2,2026-10-07T01:48:42.473210+00:00,c8b2b03f6577c302119f24378b921ba02e8c6cc78d297b0a3f0df44bca022954,,UNVERIFIED
EP-03,Into Burning Space,00:09:14,554,847605,https://animehistory.org/uploads/screencaps/outlaw-star-E003-Into-Burning-Space/cap_00-09-14_2da6.jpg,Outlaw Star Ep 3: Into Burning Space @ 00:09:14,https://animehistory.org/gallery/screencaps/outlaw-star/episode-3/,https://animehistory.org/gallery/screencaps/outlaw-star/episode-3/?page=2,2,2026-10-07T01:48:42.473210+00:00,c8b2b03f6577c302119f24378b921ba02e8c6cc78d297b0a3f0df44bca022954,,UNVERIFIED
EP-03,Into Burning Space,00:09:18,558,847606,https://animehistory.org/uploads/screencaps/outlaw-star-E003-Into-Burning-Space/cap_00-09-18_5a0a.jpg,Outlaw Star Ep 3: Into Burning Space @ 00:09:18,https://animehistory.org/gallery/screencaps/outlaw-star/episode-3/,https://animehistory.org/gallery/screencaps/outlaw-star/episode-3/?page=2,2,2026-10-07T01:48:42.473210+00:00,c8b2b03f6577c302119f24378b921ba02e8c6cc78d297b0a3f0df44bca022954,,UNVERIFIED
EP-03,Into Burning Space,00:09:21,561,847607,https://animehistory.org/uploads/screencaps/outlaw-star-E003-Into-Burning-Space/cap_00-09-21_56c8.jpg,Outlaw Star Ep 3: Into Burning Space @ 00:09:21,https://animehistory.org/gallery/screencaps/outlaw-star/episode-3/,https://animehistory.org/gallery/screencaps/outlaw-star/episode-3/?page=2,2,2026-10-07T01:48:42.473210+00:00,c8b2b03f6577c302119f24378b921ba02e8c6cc78d297b0a3f0df44bca022954,,UNVERIFIED
EP-03,Into Burning Space,00:09:25,565,847608,https://animehistory.org/uploads/screencaps/outlaw-star-E003-Into-Burning-Space/cap_00-09-25_0fb8.jpg,Outlaw Star Ep 3: Into Burning Space @ 00:09:25,https://animehistory.org/gallery/screencaps/outlaw-star/episode-3/,https://animehistory.org/gallery/screencaps/outlaw-star/episode-3/?page=2,2,2026-10-07T01:48:42.473210+00:00,c8b2b03f6577c302119f24378b921ba02e8c6cc78d297b0a3f0df44bca022954,,UNVERIFIED
EP-03,Into Burning Space,00:09:29,569,847609,https://animehistory.org/uploads/screencaps/outlaw-star-E003-Into-Burning-Space/cap_00-09-29_524f.jpg,Outlaw Star Ep 3: Into Burning Space @ 00:09:29,https://animehistory.org/gallery/screencaps/outlaw-star/episode-3/,https://animehistory.org/gallery/screencaps/outlaw-star/episode-3/?page=2,2,2026-10-07T01:48:42.473210+00:00,c8b2b03f6577c302119f24378b921ba02e8c6cc78d297b0a3f0df44bca022954,,UNVERIFIED
EP-03,Into Burning Space,00:09:32,572,847610,https://animehistory.org/uploads/screencaps/outlaw-star-E003-Into-Burning-Space/cap_00-09-32_35c3.jpg,Outlaw Star Ep 3: Into Burning Space @ 00:09:32,https://animehistory.org/gallery/screencaps/outlaw-star/episode-3/,https://animehistory.org/gallery/screencaps/outlaw-star/episode-3/?page=2,2,2026-10-07T01:48:42.473210+00:00,c8b2b03f6577c302119f24378b921ba02e8c6cc78d297b0a3f0df44bca022954,,UNVERIFIED
EP-03,Into Burning Space,00:09:36,576,847611,https://animehistory.org/uploads/screencaps/outlaw-star-E003-Into-Burning-Space/cap_00-09-36_3412.jpg,Outlaw Star Ep 3: Into Burning Space @ 00:09:36,https://animehistory.org/gallery/screencaps/outlaw-star/episode-3/,https://animehistory.org/gallery/screencaps/outlaw-star/episode-3/?page=2,2,2026-10-07T01:48:42.473210+00:00,c8b2b03f6577c302119f24378b921ba02e8c6cc78d297b0a3f0df44bca022954,,UNVERIFIED
EP-03,Into Burning Space,00:09:40,580,847612,https://animehistory.org/uploads/screencaps/outlaw-star-E003-Into-Burning-Space/cap_00-09-40_3355.jpg,Outlaw Star Ep 3: Into Burning Space @ 00:09:40,https://animehistory.org/gallery/screencaps/outlaw-star/episode-3/,https://animehistory.org/gallery/screencaps/outlaw-star/episode-3/?page=2,2,2026-10-07T01:48:42.473210+00:00,c8b2b03f6577c302119f24378b921ba02e8c6cc78d297b0a3f0df44bca022954,,UNVERIFIED
EP-03,Into Burning Space,00:09:43,583,847613,https://animehistory.org/uploads/screencaps/outlaw-star-E003-Into-Burning-Space/cap_00-09-43_1204.jpg,Outlaw Star Ep 3: Into Burning Space @ 00:09:43,https://animehistory.org/gallery/screencaps/outlaw-star/episode-3/,https://animehistory.org/gallery/screencaps/outlaw-star/episode-3/?page=2,2,2026-10-07T01:48:42.473210+00:00,c8b2b03f6577c302119f24378b921ba02e8c6cc78d297b0a3f0df44bca022954,,UNVERIFIED
EP-03,Into Burning Space,00:09:47,587,847614,https://animehistory.org/uploads/screencaps/outlaw-star-E003-Into-Burning-Space/cap_00-09-47_6202.jpg,Outlaw Star Ep 3: Into Burning Space @ 00:09:47,https://animehistory.org/gallery/screencaps/outlaw-star/episode-3/,https://animehistory.org/gallery/screencaps/outlaw-star/episode-3/?page=2,2,2026-10-07T01:48:42.473210+00:00,c8b2b03f6577c302119f24378b921ba02e8c6cc78d297b0a3f0df44bca022954,,UNVERIFIED
EP-03,Into Burning Space,00:09:50,590,847615,https://animehistory.org/uploads/screencaps/outlaw-star-E003-Into-Burning-Space/cap_00-09-50_6a2b.jpg,Outlaw Star Ep 3: Into Burning Space @ 00:09:50,https://animehistory.org/gallery/screencaps/outlaw-star/episode-3/,https://animehistory.org/gallery/screencaps/outlaw-star/episode-3/?page=2,2,2026-10-07T01:48:42.473210+00:00,c8b2b03f6577c302119f24378b921ba02e8c6cc78d297b0a3f0df44bca022954,,UNVERIFIED
EP-03,Into Burning Space,00:09:54,594,847616,https://animehistory.org/uploads/screencaps/outlaw-star-E003-Into-Burning-Space/cap_00-09-54_7e89.jpg,Outlaw Star Ep 3: Into Burning Space @ 00:09:54,https://animehistory.org/gallery/screencaps/outlaw-star/episode-3/,https://animehistory.org/gallery/screencaps/outlaw-star/episode-3/?page=2,2,2026-10-07T01:48:42.473210+00:00,c8b2b03f6577c302119f24378b921ba02e8c6cc78d297b0a3f0df44bca022954,,UNVERIFIED
EP-03,Into Burning Space,00:09:58,598,847617,https://animehistory.org/uploads/screencaps/outlaw-star-E003-Into-Burning-Space/cap_00-09-58_0d40.jpg,Outlaw Star Ep 3: Into Burning Space @ 00:09:58,https://animehistory.org/gallery/screencaps/outlaw-star/episode-3/,https://animehistory.org/gallery/screencaps/outlaw-star/episode-3/?page=2,2,2026-10-07T01:48:42.473210+00:00,c8b2b03f6577c302119f24378b921ba02e8c6cc78d297b0a3f0df44bca022954,,UNVERIFIED
EP-03,Into Burning Space,00:10:01,601,847618,https://animehistory.org/uploads/screencaps/outlaw-star-E003-Into-Burning-Space/cap_00-10-01_69a1.jpg,Outlaw Star Ep 3: Into Burning Space @ 00:10:01,https://animehistory.org/gallery/screencaps/outlaw-star/episode-3/,https://animehistory.org/gallery/screencaps/outlaw-star/episode-3/?page=2,2,2026-10-07T01:48:42.473210+00:00,c8b2b03f6577c302119f24378b921ba02e8c6cc78d297b0a3f0df44bca022954,,UNVERIFIED
EP-03,Into Burning Space,00:10:05,605,847619,https://animehistory.org/uploads/screencaps/outlaw-star-E003-Into-Burning-Space/cap_00-10-05_4fbf.jpg,Outlaw Star Ep 3: Into Burning Space @ 00:10:05,https://animehistory.org/gallery/screencaps/outlaw-star/episode-3/,https://animehistory.org/gallery/screencaps/outlaw-star/episode-3/?page=2,2,2026-10-07T01:48:42.473210+00:00,c8b2b03f6577c302119f24378b921ba02e8c6cc78d297b0a3f0df44bca022954,,UNVERIFIED
EP-03,Into Burning Space,00:10:09,609,847620,https://animehistory.org/uploads/screencaps/outlaw-star-E003-Into-Burning-Space/cap_00-10-09_67b0.jpg,Outlaw Star Ep 3: Into Burning Space @ 00:10:09,https://animehistory.org/gallery/screencaps/outlaw-star/episode-3/,https://animehistory.org/gallery/screencaps/outlaw-star/episode-3/?page=2,2,2026-10-07T01:48:42.473210+00:00,c8b2b03f6577c302119f24378b921ba02e8c6cc78d297b0a3f0df44bca022954,,UNVERIFIED
EP-03,Into Burning Space,00:10:12,612,847621,https://animehistory.org/uploads/screencaps/outlaw-star-E003-Into-Burning-Space/cap_00-10-12_0d8a.jpg,Outlaw Star Ep 3: Into Burning Space @ 00:10:12,https://animehistory.org/gallery/screencaps/outlaw-star/episode-3/,https://animehistory.org/gallery/screencaps/outlaw-star/episode-3/?page=2,2,2026-10-07T01:48:42.473210+00:00,c8b2b03f6577c302119f24378b921ba02e8c6cc78d297b0a3f0df44bca022954,,UNVERIFIED
EP-03,Into Burning Space,00:10:16,616,847622,https://animehistory.org/uploads/screencaps/outlaw-star-E003-Into-Burning-Space/cap_00-10-16_2b60.jpg,Outlaw Star Ep 3: Into Burning Space @ 00:10:16,https://animehistory.org/gallery/screencaps/outlaw-star/episode-3/,https://animehistory.org/gallery/screencaps/outlaw-star/episode-3/?page=2,2,2026-10-07T01:48:42.473210+00:00,c8b2b03f6577c302119f24378b921ba02e8c6cc78d297b0a3f0df44bca022954,,UNVERIFIED
EP-03,Into Burning Space,00:10:20,620,847623,https://animehistory.org/uploads/screencaps/outlaw-star-E003-Into-Burning-Space/cap_00-10-20_6136.jpg,Outlaw Star Ep 3: Into Burning Space @ 00:10:20,https://animehistory.org/gallery/screencaps/outlaw-star/episode-3/,https://animehistory.org/gallery/screencaps/outlaw-star/episode-3/?page=2,2,2026-10-07T01:48:42.473210+00:00,c8b2b03f6577c302119f24378b921ba02e8c6cc78d297b0a3f0df44bca022954,,UNVERIFIED
EP-03,Into Burning Space,00:10:23,623,847624,https://animehistory.org/uploads/screencaps/outlaw-star-E003-Into-Burning-Space/cap_00-10-23_7803.jpg,Outlaw Star Ep 3: Into Burning Space @ 00:10:23,https://animehistory.org/gallery/screencaps/outlaw-star/episode-3/,https://animehistory.org/gallery/screencaps/outlaw-star/episode-3/?page=2,2,2026-10-07T01:48:42.473210+00:00,c8b2b03f6577c302119f24378b921ba02e8c6cc78d297b0a3f0df44bca022954,,UNVERIFIED
EP-03,Into Burning Space,00:10:27,627,847625,https://animehistory.org/uploads/screencaps/outlaw-star-E003-Into-Burning-Space/cap_00-10-27_4ac7.jpg,Outlaw Star Ep 3: Into Burning Space @ 00:10:27,https://animehistory.org/gallery/screencaps/outlaw-star/episode-3/,https://animehistory.org/gallery/screencaps/outlaw-star/episode-3/?page=2,2,2026-10-07T01:48:42.473210+00:00,c8b2b03f6577c302119f24378b921ba02e8c6cc78d297b0a3f0df44bca022954,,UNVERIFIED
EP-03,Into Burning Space,00:10:30,630,847626,https://animehistory.org/uploads/screencaps/outlaw-star-E003-Into-Burning-Space/cap_00-10-30_6712.jpg,Outlaw Star Ep 3: Into Burning Space @ 00:10:30,https://animehistory.org/gallery/screencaps/outlaw-star/episode-3/,https://animehistory.org/gallery/screencaps/outlaw-star/episode-3/?page=2,2,2026-10-07T01:48:42.473210+00:00,c8b2b03f6577c302119f24378b921ba02e8c6cc78d297b0a3f0df44bca022954,,UNVERIFIED
EP-03,Into Burning Space,00:10:34,634,847627,https://animehistory.org/uploads/screencaps/outlaw-star-E003-Into-Burning-Space/cap_00-10-34_59bc.jpg,Outlaw Star Ep 3: Into Burning Space @ 00:10:34,https://animehistory.org/gallery/screencaps/outlaw-star/episode-3/,https://animehistory.org/gallery/screencaps/outlaw-star/episode-3/?page=2,2,2026-10-07T01:48:42.473210+00:00,c8b2b03f6577c302119f24378b921ba02e8c6cc78d297b0a3f0df44bca022954,,UNVERIFIED
EP-03,Into Burning Space,00:10:38,638,847628,https://animehistory.org/uploads/screencaps/outlaw-star-E003-Into-Burning-Space/cap_00-10-38_03b8.jpg,Outlaw Star Ep 3: Into Burning Space @ 00:10:38,https://animehistory.org/gallery/screencaps/outlaw-star/episode-3/,https://animehistory.org/gallery/screencaps/outlaw-star/episode-3/?page=2,2,2026-10-07T01:48:42.473210+00:00,c8b2b03f6577c302119f24378b921ba02e8c6cc78d297b0a3f0df44bca022954,,UNVERIFIED
EP-03,Into Burning Space,00:10:41,641,847629,https://animehistory.org/uploads/screencaps/outlaw-star-E003-Into-Burning-Space/cap_00-10-41_23a3.jpg,Outlaw Star Ep 3: Into Burning Space @ 00:10:41,https://animehistory.org/gallery/screencaps/outlaw-star/episode-3/,https://animehistory.org/gallery/screencaps/outlaw-star/episode-3/?page=2,2,2026-10-07T01:48:42.473210+00:00,c8b2b03f6577c302119f24378b921ba02e8c6cc78d297b0a3f0df44bca022954,,UNVERIFIED
EP-03,Into Burning Space,00:10:45,645,847630,https://animehistory.org/uploads/screencaps/outlaw-star-E003-Into-Burning-Space/cap_00-10-45_1ab5.jpg,Outlaw Star Ep 3: Into Burning Space @ 00:10:45,https://animehistory.org/gallery/screencaps/outlaw-star/episode-3/,https://animehistory.org/gallery/screencaps/outlaw-star/episode-3/?page=2,2,2026-10-07T01:48:42.473210+00:00,c8b2b03f6577c302119f24378b921ba02e8c6cc78d297b0a3f0df44bca022954,,UNVERIFIED
EP-03,Into Burning Space,00:10:49,649,847631,https://animehistory.org/uploads/screencaps/outlaw-star-E003-Into-Burning-Space/cap_00-10-49_76e0.jpg,Outlaw Star Ep 3: Into Burning Space @ 00:10:49,https://animehistory.org/gallery/screencaps/outlaw-star/episode-3/,https://animehistory.org/gallery/screencaps/outlaw-star/episode-3/?page=2,2,2026-10-07T01:48:42.473210+00:00,c8b2b03f6577c302119f24378b921ba02e8c6cc78d297b0a3f0df44bca022954,,UNVERIFIED
EP-03,Into Burning Space,00:10:52,652,847632,https://animehistory.org/uploads/screencaps/outlaw-star-E003-Into-Burning-Space/cap_00-10-52_5f68.jpg,Outlaw Star Ep 3: Into Burning Space @ 00:10:52,https://animehistory.org/gallery/screencaps/outlaw-star/episode-3/,https://animehistory.org/gallery/screencaps/outlaw-star/episode-3/?page=2,2,2026-10-07T01:48:42.473210+00:00,c8b2b03f6577c302119f24378b921ba02e8c6cc78d297b0a3f0df44bca022954,,UNVERIFIED
EP-03,Into Burning Space,00:10:56,656,847633,https://animehistory.org/uploads/screencaps/outlaw-star-E003-Into-Burning-Space/cap_00-10-56_5365.jpg,Outlaw Star Ep 3: Into Burning Space @ 00:10:56,https://animehistory.org/gallery/screencaps/outlaw-star/episode-3/,https://animehistory.org/gallery/screencaps/outlaw-star/episode-3/?page=2,2,2026-10-07T01:48:42.473210+00:00,c8b2b03f6577c302119f24378b921ba02e8c6cc78d297b0a3f0df44bca022954,,UNVERIFIED
EP-03,Into Burning Space,00:11:00,660,847634,https://animehistory.org/uploads/screencaps/outlaw-star-E003-Into-Burning-Space/cap_00-11-00_6e1b.jpg,Outlaw Star Ep 3: Into Burning Space @ 00:11:00,https://animehistory.org/gallery/screencaps/outlaw-star/episode-3/,https://animehistory.org/gallery/screencaps/outlaw-star/episode-3/?page=2,2,2026-10-07T01:48:42.473210+00:00,c8b2b03f6577c302119f24378b921ba02e8c6cc78d297b0a3f0df44bca022954,,UNVERIFIED
EP-03,Into Burning Space,00:11:03,663,847635,https://animehistory.org/uploads/screencaps/outlaw-star-E003-Into-Burning-Space/cap_00-11-03_46b0.jpg,Outlaw Star Ep 3: Into Burning Space @ 00:11:03,https://animehistory.org/gallery/screencaps/outlaw-star/episode-3/,https://animehistory.org/gallery/screencaps/outlaw-star/episode-3/?page=2,2,2026-10-07T01:48:42.473210+00:00,c8b2b03f6577c302119f24378b921ba02e8c6cc78d297b0a3f0df44bca022954,,UNVERIFIED
EP-03,Into Burning Space,00:11:07,667,847636,https://animehistory.org/uploads/screencaps/outlaw-star-E003-Into-Burning-Space/cap_00-11-07_2f9f.jpg,Outlaw Star Ep 3: Into Burning Space @ 00:11:07,https://animehistory.org/gallery/screencaps/outlaw-star/episode-3/,https://animehistory.org/gallery/screencaps/outlaw-star/episode-3/?page=2,2,2026-10-07T01:48:42.473210+00:00,c8b2b03f6577c302119f24378b921ba02e8c6cc78d297b0a3f0df44bca022954,,UNVERIFIED
EP-03,Into Burning Space,00:11:10,670,847637,https://animehistory.org/uploads/screencaps/outlaw-star-E003-Into-Burning-Space/cap_00-11-10_5980.jpg,Outlaw Star Ep 3: Into Burning Space @ 00:11:10,https://animehistory.org/gallery/screencaps/outlaw-star/episode-3/,https://animehistory.org/gallery/screencaps/outlaw-star/episode-3/?page=2,2,2026-10-07T01:48:42.473210+00:00,c8b2b03f6577c302119f24378b921ba02e8c6cc78d297b0a3f0df44bca022954,,UNVERIFIED
EP-03,Into Burning Space,00:11:14,674,847638,https://animehistory.org/uploads/screencaps/outlaw-star-E003-Into-Burning-Space/cap_00-11-14_0081.jpg,Outlaw Star Ep 3: Into Burning Space @ 00:11:14,https://animehistory.org/gallery/screencaps/outlaw-star/episode-3/,https://animehistory.org/gallery/screencaps/outlaw-star/episode-3/?page=2,2,2026-10-07T01:48:42.473210+00:00,c8b2b03f6577c302119f24378b921ba02e8c6cc78d297b0a3f0df44bca022954,,UNVERIFIED
EP-03,Into Burning Space,00:11:18,678,847639,https://animehistory.org/uploads/screencaps/outlaw-star-E003-Into-Burning-Space/cap_00-11-18_0f68.jpg,Outlaw Star Ep 3: Into Burning Space @ 00:11:18,https://animehistory.org/gallery/screencaps/outlaw-star/episode-3/,https://animehistory.org/gallery/screencaps/outlaw-star/episode-3/?page=2,2,2026-10-07T01:48:42.473210+00:00,c8b2b03f6577c302119f24378b921ba02e8c6cc78d297b0a3f0df44bca022954,,UNVERIFIED
EP-03,Into Burning Space,00:11:21,681,847640,https://animehistory.org/uploads/screencaps/outlaw-star-E003-Into-Burning-Space/cap_00-11-21_5e97.jpg,Outlaw Star Ep 3: Into Burning Space @ 00:11:21,https://animehistory.org/gallery/screencaps/outlaw-star/episode-3/,https://animehistory.org/gallery/screencaps/outlaw-star/episode-3/?page=2,2,2026-10-07T01:48:42.473210+00:00,c8b2b03f6577c302119f24378b921ba02e8c6cc78d297b0a3f0df44bca022954,,UNVERIFIED
EP-03,Into Burning Space,00:11:25,685,847641,https://animehistory.org/uploads/screencaps/outlaw-star-E003-Into-Burning-Space/cap_00-11-25_3501.jpg,Outlaw Star Ep 3: Into Burning Space @ 00:11:25,https://animehistory.org/gallery/screencaps/outlaw-star/episode-3/,https://animehistory.org/gallery/screencaps/outlaw-star/episode-3/?page=2,2,2026-10-07T01:48:42.473210+00:00,c8b2b03f6577c302119f24378b921ba02e8c6cc78d297b0a3f0df44bca022954,,UNVERIFIED
EP-03,Into Burning Space,00:11:29,689,847642,https://animehistory.org/uploads/screencaps/outlaw-star-E003-Into-Burning-Space/cap_00-11-29_5d67.jpg,Outlaw Star Ep 3: Into Burning Space @ 00:11:29,https://animehistory.org/gallery/screencaps/outlaw-star/episode-3/,https://animehistory.org/gallery/screencaps/outlaw-star/episode-3/?page=2,2,2026-10-07T01:48:42.473210+00:00,c8b2b03f6577c302119f24378b921ba02e8c6cc78d297b0a3f0df44bca022954,,UNVERIFIED
EP-03,Into Burning Space,00:11:32,692,847643,https://animehistory.org/uploads/screencaps/outlaw-star-E003-Into-Burning-Space/cap_00-11-32_125b.jpg,Outlaw Star Ep 3: Into Burning Space @ 00:11:32,https://animehistory.org/gallery/screencaps/outlaw-star/episode-3/,https://animehistory.org/gallery/screencaps/outlaw-star/episode-3/?page=2,2,2026-10-07T01:48:42.473210+00:00,c8b2b03f6577c302119f24378b921ba02e8c6cc78d297b0a3f0df44bca022954,,UNVERIFIED
EP-03,Into Burning Space,00:11:36,696,847644,https://animehistory.org/uploads/screencaps/outlaw-star-E003-Into-Burning-Space/cap_00-11-36_7423.jpg,Outlaw Star Ep 3: Into Burning Space @ 00:11:36,https://animehistory.org/gallery/screencaps/outlaw-star/episode-3/,https://animehistory.org/gallery/screencaps/outlaw-star/episode-3/?page=2,2,2026-10-07T01:48:42.473210+00:00,c8b2b03f6577c302119f24378b921ba02e8c6cc78d297b0a3f0df44bca022954,,UNVERIFIED
EP-03,Into Burning Space,00:11:40,700,847645,https://animehistory.org/uploads/screencaps/outlaw-star-E003-Into-Burning-Space/cap_00-11-40_6b85.jpg,Outlaw Star Ep 3: Into Burning Space @ 00:11:40,https://animehistory.org/gallery/screencaps/outlaw-star/episode-3/,https://animehistory.org/gallery/screencaps/outlaw-star/episode-3/?page=2,2,2026-10-07T01:48:42.473210+00:00,c8b2b03f6577c302119f24378b921ba02e8c6cc78d297b0a3f0df44bca022954,,UNVERIFIED
EP-03,Into Burning Space,00:11:43,703,847646,https://animehistory.org/uploads/screencaps/outlaw-star-E003-Into-Burning-Space/cap_00-11-43_1d44.jpg,Outlaw Star Ep 3: Into Burning Space @ 00:11:43,https://animehistory.org/gallery/screencaps/outlaw-star/episode-3/,https://animehistory.org/gallery/screencaps/outlaw-star/episode-3/?page=2,2,2026-10-07T01:48:42.473210+00:00,c8b2b03f6577c302119f24378b921ba02e8c6cc78d297b0a3f0df44bca022954,,UNVERIFIED
EP-03,Into Burning Space,00:11:47,707,847647,https://animehistory.org/uploads/screencaps/outlaw-star-E003-Into-Burning-Space/cap_00-11-47_4a00.jpg,Outlaw Star Ep 3: Into Burning Space @ 00:11:47,https://animehistory.org/gallery/screencaps/outlaw-star/episode-3/,https://animehistory.org/gallery/screencaps/outlaw-star/episode-3/?page=2,2,2026-10-07T01:48:42.473210+00:00,c8b2b03f6577c302119f24378b921ba02e8c6cc78d297b0a3f0df44bca022954,,UNVERIFIED
EP-03,Into Burning Space,00:11:50,710,847648,https://animehistory.org/uploads/screencaps/outlaw-star-E003-Into-Burning-Space/cap_00-11-50_4d19.jpg,Outlaw Star Ep 3: Into Burning Space @ 00:11:50,https://animehistory.org/gallery/screencaps/outlaw-star/episode-3/,https://animehistory.org/gallery/screencaps/outlaw-star/episode-3/?page=2,2,2026-10-07T01:48:42.473210+00:00,c8b2b03f6577c302119f24378b921ba02e8c6cc78d297b0a3f0df44bca022954,,UNVERIFIED
EP-03,Into Burning Space,00:11:54,714,847649,https://animehistory.org/uploads/screencaps/outlaw-star-E003-Into-Burning-Space/cap_00-11-54_101e.jpg,Outlaw Star Ep 3: Into Burning Space @ 00:11:54,https://animehistory.org/gallery/screencaps/outlaw-star/episode-3/,https://animehistory.org/gallery/screencaps/outlaw-star/episode-3/?page=2,2,2026-10-07T01:48:42.473210+00:00,c8b2b03f6577c302119f24378b921ba02e8c6cc78d297b0a3f0df44bca022954,,UNVERIFIED
EP-03,Into Burning Space,00:11:58,718,847650,https://animehistory.org/uploads/screencaps/outlaw-star-E003-Into-Burning-Space/cap_00-11-58_5ec2.jpg,Outlaw Star Ep 3: Into Burning Space @ 00:11:58,https://animehistory.org/gallery/screencaps/outlaw-star/episode-3/,https://animehistory.org/gallery/screencaps/outlaw-star/episode-3/?page=2,2,2026-10-07T01:48:42.473210+00:00,c8b2b03f6577c302119f24378b921ba02e8c6cc78d297b0a3f0df44bca022954,,UNVERIFIED
EP-03,Into Burning Space,00:12:01,721,847651,https://animehistory.org/uploads/screencaps/outlaw-star-E003-Into-Burning-Space/cap_00-12-01_3edd.jpg,Outlaw Star Ep 3: Into Burning Space @ 00:12:01,https://animehistory.org/gallery/screencaps/outlaw-star/episode-3/,https://animehistory.org/gallery/screencaps/outlaw-star/episode-3/?page=2,2,2026-10-07T01:48:42.473210+00:00,c8b2b03f6577c302119f24378b921ba02e8c6cc78d297b0a3f0df44bca022954,,UNVERIFIED
EP-03,Into Burning Space,00:12:05,725,847652,https://animehistory.org/uploads/screencaps/outlaw-star-E003-Into-Burning-Space/cap_00-12-05_0626.jpg,Outlaw Star Ep 3: Into Burning Space @ 00:12:05,https://animehistory.org/gallery/screencaps/outlaw-star/episode-3/,https://animehistory.org/gallery/screencaps/outlaw-star/episode-3/?page=2,2,2026-10-07T01:48:42.473210+00:00,c8b2b03f6577c302119f24378b921ba02e8c6cc78d297b0a3f0df44bca022954,,UNVERIFIED
EP-03,Into Burning Space,00:12:09,729,847653,https://animehistory.org/uploads/screencaps/outlaw-star-E003-Into-Burning-Space/cap_00-12-09_4666.jpg,Outlaw Star Ep 3: Into Burning Space @ 00:12:09,https://animehistory.org/gallery/screencaps/outlaw-star/episode-3/,https://animehistory.org/gallery/screencaps/outlaw-star/episode-3/?page=2,2,2026-10-07T01:48:42.473210+00:00,c8b2b03f6577c302119f24378b921ba02e8c6cc78d297b0a3f0df44bca022954,,UNVERIFIED
EP-03,Into Burning Space,00:12:12,732,847654,https://animehistory.org/uploads/screencaps/outlaw-star-E003-Into-Burning-Space/cap_00-12-12_42bc.jpg,Outlaw Star Ep 3: Into Burning Space @ 00:12:12,https://animehistory.org/gallery/screencaps/outlaw-star/episode-3/,https://animehistory.org/gallery/screencaps/outlaw-star/episode-3/?page=2,2,2026-10-07T01:48:42.473210+00:00,c8b2b03f6577c302119f24378b921ba02e8c6cc78d297b0a3f0df44bca022954,,UNVERIFIED
EP-03,Into Burning Space,00:12:16,736,847655,https://animehistory.org/uploads/screencaps/outlaw-star-E003-Into-Burning-Space/cap_00-12-16_786e.jpg,Outlaw Star Ep 3: Into Burning Space @ 00:12:16,https://animehistory.org/gallery/screencaps/outlaw-star/episode-3/,https://animehistory.org/gallery/screencaps/outlaw-star/episode-3/?page=2,2,2026-10-07T01:48:42.473210+00:00,c8b2b03f6577c302119f24378b921ba02e8c6cc78d297b0a3f0df44bca022954,,UNVERIFIED
EP-03,Into Burning Space,00:12:20,740,847656,https://animehistory.org/uploads/screencaps/outlaw-star-E003-Into-Burning-Space/cap_00-12-20_129f.jpg,Outlaw Star Ep 3: Into Burning Space @ 00:12:20,https://animehistory.org/gallery/screencaps/outlaw-star/episode-3/,https://animehistory.org/gallery/screencaps/outlaw-star/episode-3/?page=2,2,2026-10-07T01:48:42.473210+00:00,c8b2b03f6577c302119f24378b921ba02e8c6cc78d297b0a3f0df44bca022954,,UNVERIFIED
EP-03,Into Burning Space,00:12:23,743,847657,https://animehistory.org/uploads/screencaps/outlaw-star-E003-Into-Burning-Space/cap_00-12-23_41c5.jpg,Outlaw Star Ep 3: Into Burning Space @ 00:12:23,https://animehistory.org/gallery/screencaps/outlaw-star/episode-3/,https://animehistory.org/gallery/screencaps/outlaw-star/episode-3/?page=2,2,2026-10-07T01:48:42.473210+00:00,c8b2b03f6577c302119f24378b921ba02e8c6cc78d297b0a3f0df44bca022954,,UNVERIFIED
EP-03,Into Burning Space,00:12:27,747,847658,https://animehistory.org/uploads/screencaps/outlaw-star-E003-Into-Burning-Space/cap_00-12-27_60f0.jpg,Outlaw Star Ep 3: Into Burning Space @ 00:12:27,https://animehistory.org/gallery/screencaps/outlaw-star/episode-3/,https://animehistory.org/gallery/screencaps/outlaw-star/episode-3/?page=2,2,2026-10-07T01:48:42.473210+00:00,c8b2b03f6577c302119f24378b921ba02e8c6cc78d297b0a3f0df44bca022954,,UNVERIFIED
EP-03,Into Burning Space,00:12:30,750,847659,https://animehistory.org/uploads/screencaps/outlaw-star-E003-Into-Burning-Space/cap_00-12-30_509b.jpg,Outlaw Star Ep 3: Into Burning Space @ 00:12:30,https://animehistory.org/gallery/screencaps/outlaw-star/episode-3/,https://animehistory.org/gallery/screencaps/outlaw-star/episode-3/?page=2,2,2026-10-07T01:48:42.473210+00:00,c8b2b03f6577c302119f24378b921ba02e8c6cc78d297b0a3f0df44bca022954,,UNVERIFIED
EP-03,Into Burning Space,00:12:34,754,847660,https://animehistory.org/uploads/screencaps/outlaw-star-E003-Into-Burning-Space/cap_00-12-34_1c24.jpg,Outlaw Star Ep 3: Into Burning Space @ 00:12:34,https://animehistory.org/gallery/screencaps/outlaw-star/episode-3/,https://animehistory.org/gallery/screencaps/outlaw-star/episode-3/?page=2,2,2026-10-07T01:48:42.473210+00:00,c8b2b03f6577c302119f24378b921ba02e8c6cc78d297b0a3f0df44bca022954,,UNVERIFIED
EP-03,Into Burning Space,00:12:38,758,847661,https://animehistory.org/uploads/screencaps/outlaw-star-E003-Into-Burning-Space/cap_00-12-38_7ea3.jpg,Outlaw Star Ep 3: Into Burning Space @ 00:12:38,https://animehistory.org/gallery/screencaps/outlaw-star/episode-3/,https://animehistory.org/gallery/screencaps/outlaw-star/episode-3/?page=2,2,2026-10-07T01:48:42.473210+00:00,c8b2b03f6577c302119f24378b921ba02e8c6cc78d297b0a3f0df44bca022954,,UNVERIFIED
EP-03,Into Burning Space,00:12:41,761,847662,https://animehistory.org/uploads/screencaps/outlaw-star-E003-Into-Burning-Space/cap_00-12-41_4dde.jpg,Outlaw Star Ep 3: Into Burning Space @ 00:12:41,https://animehistory.org/gallery/screencaps/outlaw-star/episode-3/,https://animehistory.org/gallery/screencaps/outlaw-star/episode-3/?page=2,2,2026-10-07T01:48:42.473210+00:00,c8b2b03f6577c302119f24378b921ba02e8c6cc78d297b0a3f0df44bca022954,,UNVERIFIED
EP-03,Into Burning Space,00:12:45,765,847663,https://animehistory.org/uploads/screencaps/outlaw-star-E003-Into-Burning-Space/cap_00-12-45_1baf.jpg,Outlaw Star Ep 3: Into Burning Space @ 00:12:45,https://animehistory.org/gallery/screencaps/outlaw-star/episode-3/,https://animehistory.org/gallery/screencaps/outlaw-star/episode-3/?page=2,2,2026-10-07T01:48:42.473210+00:00,c8b2b03f6577c302119f24378b921ba02e8c6cc78d297b0a3f0df44bca022954,,UNVERIFIED
EP-03,Into Burning Space,00:12:49,769,847664,https://animehistory.org/uploads/screencaps/outlaw-star-E003-Into-Burning-Space/cap_00-12-49_14e3.jpg,Outlaw Star Ep 3: Into Burning Space @ 00:12:49,https://animehistory.org/gallery/screencaps/outlaw-star/episode-3/,https://animehistory.org/gallery/screencaps/outlaw-star/episode-3/?page=2,2,2026-10-07T01:48:42.473210+00:00,c8b2b03f6577c302119f24378b921ba02e8c6cc78d297b0a3f0df44bca022954,,UNVERIFIED
EP-03,Into Burning Space,00:12:52,772,847665,https://animehistory.org/uploads/screencaps/outlaw-star-E003-Into-Burning-Space/cap_00-12-52_3bd7.jpg,Outlaw Star Ep 3: Into Burning Space @ 00:12:52,https://animehistory.org/gallery/screencaps/outlaw-star/episode-3/,https://animehistory.org/gallery/screencaps/outlaw-star/episode-3/?page=2,2,2026-10-07T01:48:42.473210+00:00,c8b2b03f6577c302119f24378b921ba02e8c6cc78d297b0a3f0df44bca022954,,UNVERIFIED
EP-03,Into Burning Space,00:12:56,776,847666,https://animehistory.org/uploads/screencaps/outlaw-star-E003-Into-Burning-Space/cap_00-12-56_420a.jpg,Outlaw Star Ep 3: Into Burning Space @ 00:12:56,https://animehistory.org/gallery/screencaps/outlaw-star/episode-3/,https://animehistory.org/gallery/screencaps/outlaw-star/episode-3/?page=2,2,2026-10-07T01:48:42.473210+00:00,c8b2b03f6577c302119f24378b921ba02e8c6cc78d297b0a3f0df44bca022954,,UNVERIFIED
EP-03,Into Burning Space,00:13:00,780,847667,https://animehistory.org/uploads/screencaps/outlaw-star-E003-Into-Burning-Space/cap_00-13-00_7dd5.jpg,Outlaw Star Ep 3: Into Burning Space @ 00:13:00,https://animehistory.org/gallery/screencaps/outlaw-star/episode-3/,https://animehistory.org/gallery/screencaps/outlaw-star/episode-3/?page=2,2,2026-10-07T01:48:42.473210+00:00,c8b2b03f6577c302119f24378b921ba02e8c6cc78d297b0a3f0df44bca022954,,UNVERIFIED
EP-03,Into Burning Space,00:13:03,783,847668,https://animehistory.org/uploads/screencaps/outlaw-star-E003-Into-Burning-Space/cap_00-13-03_425a.jpg,Outlaw Star Ep 3: Into Burning Space @ 00:13:03,https://animehistory.org/gallery/screencaps/outlaw-star/episode-3/,https://animehistory.org/gallery/screencaps/outlaw-star/episode-3/?page=2,2,2026-10-07T01:48:42.473210+00:00,c8b2b03f6577c302119f24378b921ba02e8c6cc78d297b0a3f0df44bca022954,,UNVERIFIED
EP-03,Into Burning Space,00:13:07,787,847669,https://animehistory.org/uploads/screencaps/outlaw-star-E003-Into-Burning-Space/cap_00-13-07_4c31.jpg,Outlaw Star Ep 3: Into Burning Space @ 00:13:07,https://animehistory.org/gallery/screencaps/outlaw-star/episode-3/,https://animehistory.org/gallery/screencaps/outlaw-star/episode-3/?page=2,2,2026-10-07T01:48:42.473210+00:00,c8b2b03f6577c302119f24378b921ba02e8c6cc78d297b0a3f0df44bca022954,,UNVERIFIED
EP-03,Into Burning Space,00:13:10,790,847670,https://animehistory.org/uploads/screencaps/outlaw-star-E003-Into-Burning-Space/cap_00-13-10_6fac.jpg,Outlaw Star Ep 3: Into Burning Space @ 00:13:10,https://animehistory.org/gallery/screencaps/outlaw-star/episode-3/,https://animehistory.org/gallery/screencaps/outlaw-star/episode-3/?page=2,2,2026-10-07T01:48:42.473210+00:00,c8b2b03f6577c302119f24378b921ba02e8c6cc78d297b0a3f0df44bca022954,,UNVERIFIED
EP-03,Into Burning Space,00:13:14,794,847671,https://animehistory.org/uploads/screencaps/outlaw-star-E003-Into-Burning-Space/cap_00-13-14_1581.jpg,Outlaw Star Ep 3: Into Burning Space @ 00:13:14,https://animehistory.org/gallery/screencaps/outlaw-star/episode-3/,https://animehistory.org/gallery/screencaps/outlaw-star/episode-3/?page=2,2,2026-10-07T01:48:42.473210+00:00,c8b2b03f6577c302119f24378b921ba02e8c6cc78d297b0a3f0df44bca022954,,UNVERIFIED
EP-03,Into Burning Space,00:13:18,798,847672,https://animehistory.org/uploads/screencaps/outlaw-star-E003-Into-Burning-Space/cap_00-13-18_6289.jpg,Outlaw Star Ep 3: Into Burning Space @ 00:13:18,https://animehistory.org/gallery/screencaps/outlaw-star/episode-3/,https://animehistory.org/gallery/screencaps/outlaw-star/episode-3/?page=2,2,2026-10-07T01:48:42.473210+00:00,c8b2b03f6577c302119f24378b921ba02e8c6cc78d297b0a3f0df44bca022954,,UNVERIFIED
EP-03,Into Burning Space,00:13:21,801,847673,https://animehistory.org/uploads/screencaps/outlaw-star-E003-Into-Burning-Space/cap_00-13-21_0696.jpg,Outlaw Star Ep 3: Into Burning Space @ 00:13:21,https://animehistory.org/gallery/screencaps/outlaw-star/episode-3/,https://animehistory.org/gallery/screencaps/outlaw-star/episode-3/?page=2,2,2026-10-07T01:48:42.473210+00:00,c8b2b03f6577c302119f24378b921ba02e8c6cc78d297b0a3f0df44bca022954,,UNVERIFIED
EP-03,Into Burning Space,00:13:25,805,847674,https://animehistory.org/uploads/screencaps/outlaw-star-E003-Into-Burning-Space/cap_00-13-25_42c1.jpg,Outlaw Star Ep 3: Into Burning Space @ 00:13:25,https://animehistory.org/gallery/screencaps/outlaw-star/episode-3/,https://animehistory.org/gallery/screencaps/outlaw-star/episode-3/?page=2,2,2026-10-07T01:48:42.473210+00:00,c8b2b03f6577c302119f24378b921ba02e8c6cc78d297b0a3f0df44bca022954,,UNVERIFIED
EP-03,Into Burning Space,00:13:29,809,847675,https://animehistory.org/uploads/screencaps/outlaw-star-E003-Into-Burning-Space/cap_00-13-29_7901.jpg,Outlaw Star Ep 3: Into Burning Space @ 00:13:29,https://animehistory.org/gallery/screencaps/outlaw-star/episode-3/,https://animehistory.org/gallery/screencaps/outlaw-star/episode-3/?page=2,2,2026-10-07T01:48:42.473210+00:00,c8b2b03f6577c302119f24378b921ba02e8c6cc78d297b0a3f0df44bca022954,,UNVERIFIED
EP-03,Into Burning Space,00:13:32,812,847676,https://animehistory.org/uploads/screencaps/outlaw-star-E003-Into-Burning-Space/cap_00-13-32_7494.jpg,Outlaw Star Ep 3: Into Burning Space @ 00:13:32,https://animehistory.org/gallery/screencaps/outlaw-star/episode-3/,https://animehistory.org/gallery/screencaps/outlaw-star/episode-3/?page=2,2,2026-10-07T01:48:42.473210+00:00,c8b2b03f6577c302119f24378b921ba02e8c6cc78d297b0a3f0df44bca022954,,UNVERIFIED
EP-03,Into Burning Space,00:13:36,816,847677,https://animehistory.org/uploads/screencaps/outlaw-star-E003-Into-Burning-Space/cap_00-13-36_46bb.jpg,Outlaw Star Ep 3: Into Burning Space @ 00:13:36,https://animehistory.org/gallery/screencaps/outlaw-star/episode-3/,https://animehistory.org/gallery/screencaps/outlaw-star/episode-3/?page=2,2,2026-10-07T01:48:42.473210+00:00,c8b2b03f6577c302119f24378b921ba02e8c6cc78d297b0a3f0df44bca022954,,UNVERIFIED
EP-03,Into Burning Space,00:13:40,820,847678,https://animehistory.org/uploads/screencaps/outlaw-star-E003-Into-Burning-Space/cap_00-13-40_172d.jpg,Outlaw Star Ep 3: Into Burning Space @ 00:13:40,https://animehistory.org/gallery/screencaps/outlaw-star/episode-3/,https://animehistory.org/gallery/screencaps/outlaw-star/episode-3/?page=2,2,2026-10-07T01:48:42.473210+00:00,c8b2b03f6577c302119f24378b921ba02e8c6cc78d297b0a3f0df44bca022954,,UNVERIFIED
EP-03,Into Burning Space,00:13:43,823,847679,https://animehistory.org/uploads/screencaps/outlaw-star-E003-Into-Burning-Space/cap_00-13-43_6b96.jpg,Outlaw Star Ep 3: Into Burning Space @ 00:13:43,https://animehistory.org/gallery/screencaps/outlaw-star/episode-3/,https://animehistory.org/gallery/screencaps/outlaw-star/episode-3/?page=2,2,2026-10-07T01:48:42.473210+00:00,c8b2b03f6577c302119f24378b921ba02e8c6cc78d297b0a3f0df44bca022954,,UNVERIFIED
EP-03,Into Burning Space,00:13:47,827,847680,https://animehistory.org/uploads/screencaps/outlaw-star-E003-Into-Burning-Space/cap_00-13-47_398f.jpg,Outlaw Star Ep 3: Into Burning Space @ 00:13:47,https://animehistory.org/gallery/screencaps/outlaw-star/episode-3/,https://animehistory.org/gallery/screencaps/outlaw-star/episode-3/?page=2,2,2026-10-07T01:48:42.473210+00:00,c8b2b03f6577c302119f24378b921ba02e8c6cc78d297b0a3f0df44bca022954,,UNVERIFIED
EP-03,Into Burning Space,00:13:50,830,847681,https://animehistory.org/uploads/screencaps/outlaw-star-E003-Into-Burning-Space/cap_00-13-50_3c8f.jpg,Outlaw Star Ep 3: Into Burning Space @ 00:13:50,https://animehistory.org/gallery/screencaps/outlaw-star/episode-3/,https://animehistory.org/gallery/screencaps/outlaw-star/episode-3/?page=3,3,2026-10-07T01:48:43.706627+00:00,38aa1c61c1e0f9372bf04b2c0121d8daf162690dab5d9c7283fe87b4d900ffcc,,UNVERIFIED
EP-03,Into Burning Space,00:13:54,834,847682,https://animehistory.org/uploads/screencaps/outlaw-star-E003-Into-Burning-Space/cap_00-13-54_406f.jpg,Outlaw Star Ep 3: Into Burning Space @ 00:13:54,https://animehistory.org/gallery/screencaps/outlaw-star/episode-3/,https://animehistory.org/gallery/screencaps/outlaw-star/episode-3/?page=3,3,2026-10-07T01:48:43.706627+00:00,38aa1c61c1e0f9372bf04b2c0121d8daf162690dab5d9c7283fe87b4d900ffcc,,UNVERIFIED
EP-03,Into Burning Space,00:13:58,838,847683,https://animehistory.org/uploads/screencaps/outlaw-star-E003-Into-Burning-Space/cap_00-13-58_4d1e.jpg,Outlaw Star Ep 3: Into Burning Space @ 00:13:58,https://animehistory.org/gallery/screencaps/outlaw-star/episode-3/,https://animehistory.org/gallery/screencaps/outlaw-star/episode-3/?page=3,3,2026-10-07T01:48:43.706627+00:00,38aa1c61c1e0f9372bf04b2c0121d8daf162690dab5d9c7283fe87b4d900ffcc,,UNVERIFIED
EP-03,Into Burning Space,00:14:01,841,847684,https://animehistory.org/uploads/screencaps/outlaw-star-E003-Into-Burning-Space/cap_00-14-01_0802.jpg,Outlaw Star Ep 3: Into Burning Space @ 00:14:01,https://animehistory.org/gallery/screencaps/outlaw-star/episode-3/,https://animehistory.org/gallery/screencaps/outlaw-star/episode-3/?page=3,3,2026-10-07T01:48:43.706627+00:00,38aa1c61c1e0f9372bf04b2c0121d8daf162690dab5d9c7283fe87b4d900ffcc,,UNVERIFIED
EP-03,Into Burning Space,00:14:05,845,847685,https://animehistory.org/uploads/screencaps/outlaw-star-E003-Into-Burning-Space/cap_00-14-05_020a.jpg,Outlaw Star Ep 3: Into Burning Space @ 00:14:05,https://animehistory.org/gallery/screencaps/outlaw-star/episode-3/,https://animehistory.org/gallery/screencaps/outlaw-star/episode-3/?page=3,3,2026-10-07T01:48:43.706627+00:00,38aa1c61c1e0f9372bf04b2c0121d8daf162690dab5d9c7283fe87b4d900ffcc,,UNVERIFIED
EP-03,Into Burning Space,00:14:09,849,847686,https://animehistory.org/uploads/screencaps/outlaw-star-E003-Into-Burning-Space/cap_00-14-09_106a.jpg,Outlaw Star Ep 3: Into Burning Space @ 00:14:09,https://animehistory.org/gallery/screencaps/outlaw-star/episode-3/,https://animehistory.org/gallery/screencaps/outlaw-star/episode-3/?page=3,3,2026-10-07T01:48:43.706627+00:00,38aa1c61c1e0f9372bf04b2c0121d8daf162690dab5d9c7283fe87b4d900ffcc,,UNVERIFIED
EP-03,Into Burning Space,00:14:12,852,847687,https://animehistory.org/uploads/screencaps/outlaw-star-E003-Into-Burning-Space/cap_00-14-12_6aa9.jpg,Outlaw Star Ep 3: Into Burning Space @ 00:14:12,https://animehistory.org/gallery/screencaps/outlaw-star/episode-3/,https://animehistory.org/gallery/screencaps/outlaw-star/episode-3/?page=3,3,2026-10-07T01:48:43.706627+00:00,38aa1c61c1e0f9372bf04b2c0121d8daf162690dab5d9c7283fe87b4d900ffcc,,UNVERIFIED
EP-03,Into Burning Space,00:14:16,856,847688,https://animehistory.org/uploads/screencaps/outlaw-star-E003-Into-Burning-Space/cap_00-14-16_6a67.jpg,Outlaw Star Ep 3: Into Burning Space @ 00:14:16,https://animehistory.org/gallery/screencaps/outlaw-star/episode-3/,https://animehistory.org/gallery/screencaps/outlaw-star/episode-3/?page=3,3,2026-10-07T01:48:43.706627+00:00,38aa1c61c1e0f9372bf04b2c0121d8daf162690dab5d9c7283fe87b4d900ffcc,,UNVERIFIED
EP-03,Into Burning Space,00:14:20,860,847689,https://animehistory.org/uploads/screencaps/outlaw-star-E003-Into-Burning-Space/cap_00-14-20_44b8.jpg,Outlaw Star Ep 3: Into Burning Space @ 00:14:20,https://animehistory.org/gallery/screencaps/outlaw-star/episode-3/,https://animehistory.org/gallery/screencaps/outlaw-star/episode-3/?page=3,3,2026-10-07T01:48:43.706627+00:00,38aa1c61c1e0f9372bf04b2c0121d8daf162690dab5d9c7283fe87b4d900ffcc,,UNVERIFIED
EP-03,Into Burning Space,00:14:23,863,847690,https://animehistory.org/uploads/screencaps/outlaw-star-E003-Into-Burning-Space/cap_00-14-23_1566.jpg,Outlaw Star Ep 3: Into Burning Space @ 00:14:23,https://animehistory.org/gallery/screencaps/outlaw-star/episode-3/,https://animehistory.org/gallery/screencaps/outlaw-star/episode-3/?page=3,3,2026-10-07T01:48:43.706627+00:00,38aa1c61c1e0f9372bf04b2c0121d8daf162690dab5d9c7283fe87b4d900ffcc,,UNVERIFIED
EP-03,Into Burning Space,00:14:27,867,847691,https://animehistory.org/uploads/screencaps/outlaw-star-E003-Into-Burning-Space/cap_00-14-27_6252.jpg,Outlaw Star Ep 3: Into Burning Space @ 00:14:27,https://animehistory.org/gallery/screencaps/outlaw-star/episode-3/,https://animehistory.org/gallery/screencaps/outlaw-star/episode-3/?page=3,3,2026-10-07T01:48:43.706627+00:00,38aa1c61c1e0f9372bf04b2c0121d8daf162690dab5d9c7283fe87b4d900ffcc,,UNVERIFIED
EP-03,Into Burning Space,00:14:30,870,847692,https://animehistory.org/uploads/screencaps/outlaw-star-E003-Into-Burning-Space/cap_00-14-30_3b92.jpg,Outlaw Star Ep 3: Into Burning Space @ 00:14:30,https://animehistory.org/gallery/screencaps/outlaw-star/episode-3/,https://animehistory.org/gallery/screencaps/outlaw-star/episode-3/?page=3,3,2026-10-07T01:48:43.706627+00:00,38aa1c61c1e0f9372bf04b2c0121d8daf162690dab5d9c7283fe87b4d900ffcc,,UNVERIFIED
EP-03,Into Burning Space,00:14:34,874,847693,https://animehistory.org/uploads/screencaps/outlaw-star-E003-Into-Burning-Space/cap_00-14-34_2eec.jpg,Outlaw Star Ep 3: Into Burning Space @ 00:14:34,https://animehistory.org/gallery/screencaps/outlaw-star/episode-3/,https://animehistory.org/gallery/screencaps/outlaw-star/episode-3/?page=3,3,2026-10-07T01:48:43.706627+00:00,38aa1c61c1e0f9372bf04b2c0121d8daf162690dab5d9c7283fe87b4d900ffcc,,UNVERIFIED
EP-03,Into Burning Space,00:14:38,878,847694,https://animehistory.org/uploads/screencaps/outlaw-star-E003-Into-Burning-Space/cap_00-14-38_70bc.jpg,Outlaw Star Ep 3: Into Burning Space @ 00:14:38,https://animehistory.org/gallery/screencaps/outlaw-star/episode-3/,https://animehistory.org/gallery/screencaps/outlaw-star/episode-3/?page=3,3,2026-10-07T01:48:43.706627+00:00,38aa1c61c1e0f9372bf04b2c0121d8daf162690dab5d9c7283fe87b4d900ffcc,,UNVERIFIED
EP-03,Into Burning Space,00:14:41,881,847695,https://animehistory.org/uploads/screencaps/outlaw-star-E003-Into-Burning-Space/cap_00-14-41_6435.jpg,Outlaw Star Ep 3: Into Burning Space @ 00:14:41,https://animehistory.org/gallery/screencaps/outlaw-star/episode-3/,https://animehistory.org/gallery/screencaps/outlaw-star/episode-3/?page=3,3,2026-10-07T01:48:43.706627+00:00,38aa1c61c1e0f9372bf04b2c0121d8daf162690dab5d9c7283fe87b4d900ffcc,,UNVERIFIED
EP-03,Into Burning Space,00:14:45,885,847696,https://animehistory.org/uploads/screencaps/outlaw-star-E003-Into-Burning-Space/cap_00-14-45_7f1b.jpg,Outlaw Star Ep 3: Into Burning Space @ 00:14:45,https://animehistory.org/gallery/screencaps/outlaw-star/episode-3/,https://animehistory.org/gallery/screencaps/outlaw-star/episode-3/?page=3,3,2026-10-07T01:48:43.706627+00:00,38aa1c61c1e0f9372bf04b2c0121d8daf162690dab5d9c7283fe87b4d900ffcc,,UNVERIFIED
EP-03,Into Burning Space,00:14:49,889,847697,https://animehistory.org/uploads/screencaps/outlaw-star-E003-Into-Burning-Space/cap_00-14-49_4d23.jpg,Outlaw Star Ep 3: Into Burning Space @ 00:14:49,https://animehistory.org/gallery/screencaps/outlaw-star/episode-3/,https://animehistory.org/gallery/screencaps/outlaw-star/episode-3/?page=3,3,2026-10-07T01:48:43.706627+00:00,38aa1c61c1e0f9372bf04b2c0121d8daf162690dab5d9c7283fe87b4d900ffcc,,UNVERIFIED
EP-03,Into Burning Space,00:14:52,892,847698,https://animehistory.org/uploads/screencaps/outlaw-star-E003-Into-Burning-Space/cap_00-14-52_04f1.jpg,Outlaw Star Ep 3: Into Burning Space @ 00:14:52,https://animehistory.org/gallery/screencaps/outlaw-star/episode-3/,https://animehistory.org/gallery/screencaps/outlaw-star/episode-3/?page=3,3,2026-10-07T01:48:43.706627+00:00,38aa1c61c1e0f9372bf04b2c0121d8daf162690dab5d9c7283fe87b4d900ffcc,,UNVERIFIED
EP-03,Into Burning Space,00:14:56,896,847699,https://animehistory.org/uploads/screencaps/outlaw-star-E003-Into-Burning-Space/cap_00-14-56_4ad8.jpg,Outlaw Star Ep 3: Into Burning Space @ 00:14:56,https://animehistory.org/gallery/screencaps/outlaw-star/episode-3/,https://animehistory.org/gallery/screencaps/outlaw-star/episode-3/?page=3,3,2026-10-07T01:48:43.706627+00:00,38aa1c61c1e0f9372bf04b2c0121d8daf162690dab5d9c7283fe87b4d900ffcc,,UNVERIFIED
EP-03,Into Burning Space,00:15:00,900,847700,https://animehistory.org/uploads/screencaps/outlaw-star-E003-Into-Burning-Space/cap_00-15-00_77d1.jpg,Outlaw Star Ep 3: Into Burning Space @ 00:15:00,https://animehistory.org/gallery/screencaps/outlaw-star/episode-3/,https://animehistory.org/gallery/screencaps/outlaw-star/episode-3/?page=3,3,2026-10-07T01:48:43.706627+00:00,38aa1c61c1e0f9372bf04b2c0121d8daf162690dab5d9c7283fe87b4d900ffcc,,UNVERIFIED
EP-03,Into Burning Space,00:15:03,903,847701,https://animehistory.org/uploads/screencaps/outlaw-star-E003-Into-Burning-Space/cap_00-15-03_7fd5.jpg,Outlaw Star Ep 3: Into Burning Space @ 00:15:03,https://animehistory.org/gallery/screencaps/outlaw-star/episode-3/,https://animehistory.org/gallery/screencaps/outlaw-star/episode-3/?page=3,3,2026-10-07T01:48:43.706627+00:00,38aa1c61c1e0f9372bf04b2c0121d8daf162690dab5d9c7283fe87b4d900ffcc,,UNVERIFIED
EP-03,Into Burning Space,00:15:07,907,847702,https://animehistory.org/uploads/screencaps/outlaw-star-E003-Into-Burning-Space/cap_00-15-07_2a97.jpg,Outlaw Star Ep 3: Into Burning Space @ 00:15:07,https://animehistory.org/gallery/screencaps/outlaw-star/episode-3/,https://animehistory.org/gallery/screencaps/outlaw-star/episode-3/?page=3,3,2026-10-07T01:48:43.706627+00:00,38aa1c61c1e0f9372bf04b2c0121d8daf162690dab5d9c7283fe87b4d900ffcc,,UNVERIFIED
EP-03,Into Burning Space,00:15:10,910,847703,https://animehistory.org/uploads/screencaps/outlaw-star-E003-Into-Burning-Space/cap_00-15-10_6dd3.jpg,Outlaw Star Ep 3: Into Burning Space @ 00:15:10,https://animehistory.org/gallery/screencaps/outlaw-star/episode-3/,https://animehistory.org/gallery/screencaps/outlaw-star/episode-3/?page=3,3,2026-10-07T01:48:43.706627+00:00,38aa1c61c1e0f9372bf04b2c0121d8daf162690dab5d9c7283fe87b4d900ffcc,,UNVERIFIED
EP-03,Into Burning Space,00:15:14,914,847704,https://animehistory.org/uploads/screencaps/outlaw-star-E003-Into-Burning-Space/cap_00-15-14_7c2e.jpg,Outlaw Star Ep 3: Into Burning Space @ 00:15:14,https://animehistory.org/gallery/screencaps/outlaw-star/episode-3/,https://animehistory.org/gallery/screencaps/outlaw-star/episode-3/?page=3,3,2026-10-07T01:48:43.706627+00:00,38aa1c61c1e0f9372bf04b2c0121d8daf162690dab5d9c7283fe87b4d900ffcc,,UNVERIFIED
EP-03,Into Burning Space,00:15:18,918,847705,https://animehistory.org/uploads/screencaps/outlaw-star-E003-Into-Burning-Space/cap_00-15-18_122b.jpg,Outlaw Star Ep 3: Into Burning Space @ 00:15:18,https://animehistory.org/gallery/screencaps/outlaw-star/episode-3/,https://animehistory.org/gallery/screencaps/outlaw-star/episode-3/?page=3,3,2026-10-07T01:48:43.706627+00:00,38aa1c61c1e0f9372bf04b2c0121d8daf162690dab5d9c7283fe87b4d900ffcc,,UNVERIFIED
EP-03,Into Burning Space,00:15:21,921,847706,https://animehistory.org/uploads/screencaps/outlaw-star-E003-Into-Burning-Space/cap_00-15-21_4732.jpg,Outlaw Star Ep 3: Into Burning Space @ 00:15:21,https://animehistory.org/gallery/screencaps/outlaw-star/episode-3/,https://animehistory.org/gallery/screencaps/outlaw-star/episode-3/?page=3,3,2026-10-07T01:48:43.706627+00:00,38aa1c61c1e0f9372bf04b2c0121d8daf162690dab5d9c7283fe87b4d900ffcc,,UNVERIFIED
EP-03,Into Burning Space,00:15:25,925,847707,https://animehistory.org/uploads/screencaps/outlaw-star-E003-Into-Burning-Space/cap_00-15-25_32ef.jpg,Outlaw Star Ep 3: Into Burning Space @ 00:15:25,https://animehistory.org/gallery/screencaps/outlaw-star/episode-3/,https://animehistory.org/gallery/screencaps/outlaw-star/episode-3/?page=3,3,2026-10-07T01:48:43.706627+00:00,38aa1c61c1e0f9372bf04b2c0121d8daf162690dab5d9c7283fe87b4d900ffcc,,UNVERIFIED
EP-03,Into Burning Space,00:15:29,929,847708,https://animehistory.org/uploads/screencaps/outlaw-star-E003-Into-Burning-Space/cap_00-15-29_18d9.jpg,Outlaw Star Ep 3: Into Burning Space @ 00:15:29,https://animehistory.org/gallery/screencaps/outlaw-star/episode-3/,https://animehistory.org/gallery/screencaps/outlaw-star/episode-3/?page=3,3,2026-10-07T01:48:43.706627+00:00,38aa1c61c1e0f9372bf04b2c0121d8daf162690dab5d9c7283fe87b4d900ffcc,,UNVERIFIED
EP-03,Into Burning Space,00:15:32,932,847709,https://animehistory.org/uploads/screencaps/outlaw-star-E003-Into-Burning-Space/cap_00-15-32_39f0.jpg,Outlaw Star Ep 3: Into Burning Space @ 00:15:32,https://animehistory.org/gallery/screencaps/outlaw-star/episode-3/,https://animehistory.org/gallery/screencaps/outlaw-star/episode-3/?page=3,3,2026-10-07T01:48:43.706627+00:00,38aa1c61c1e0f9372bf04b2c0121d8daf162690dab5d9c7283fe87b4d900ffcc,,UNVERIFIED
EP-03,Into Burning Space,00:15:36,936,847710,https://animehistory.org/uploads/screencaps/outlaw-star-E003-Into-Burning-Space/cap_00-15-36_4f7e.jpg,Outlaw Star Ep 3: Into Burning Space @ 00:15:36,https://animehistory.org/gallery/screencaps/outlaw-star/episode-3/,https://animehistory.org/gallery/screencaps/outlaw-star/episode-3/?page=3,3,2026-10-07T01:48:43.706627+00:00,38aa1c61c1e0f9372bf04b2c0121d8daf162690dab5d9c7283fe87b4d900ffcc,,UNVERIFIED
EP-03,Into Burning Space,00:15:40,940,847711,https://animehistory.org/uploads/screencaps/outlaw-star-E003-Into-Burning-Space/cap_00-15-40_4fe1.jpg,Outlaw Star Ep 3: Into Burning Space @ 00:15:40,https://animehistory.org/gallery/screencaps/outlaw-star/episode-3/,https://animehistory.org/gallery/screencaps/outlaw-star/episode-3/?page=3,3,2026-10-07T01:48:43.706627+00:00,38aa1c61c1e0f9372bf04b2c0121d8daf162690dab5d9c7283fe87b4d900ffcc,,UNVERIFIED
EP-03,Into Burning Space,00:15:43,943,847712,https://animehistory.org/uploads/screencaps/outlaw-star-E003-Into-Burning-Space/cap_00-15-43_4df0.jpg,Outlaw Star Ep 3: Into Burning Space @ 00:15:43,https://animehistory.org/gallery/screencaps/outlaw-star/episode-3/,https://animehistory.org/gallery/screencaps/outlaw-star/episode-3/?page=3,3,2026-10-07T01:48:43.706627+00:00,38aa1c61c1e0f9372bf04b2c0121d8daf162690dab5d9c7283fe87b4d900ffcc,,UNVERIFIED
EP-03,Into Burning Space,00:15:47,947,847713,https://animehistory.org/uploads/screencaps/outlaw-star-E003-Into-Burning-Space/cap_00-15-47_7ad1.jpg,Outlaw Star Ep 3: Into Burning Space @ 00:15:47,https://animehistory.org/gallery/screencaps/outlaw-star/episode-3/,https://animehistory.org/gallery/screencaps/outlaw-star/episode-3/?page=3,3,2026-10-07T01:48:43.706627+00:00,38aa1c61c1e0f9372bf04b2c0121d8daf162690dab5d9c7283fe87b4d900ffcc,,UNVERIFIED
EP-03,Into Burning Space,00:15:50,950,847714,https://animehistory.org/uploads/screencaps/outlaw-star-E003-Into-Burning-Space/cap_00-15-50_17a8.jpg,Outlaw Star Ep 3: Into Burning Space @ 00:15:50,https://animehistory.org/gallery/screencaps/outlaw-star/episode-3/,https://animehistory.org/gallery/screencaps/outlaw-star/episode-3/?page=3,3,2026-10-07T01:48:43.706627+00:00,38aa1c61c1e0f9372bf04b2c0121d8daf162690dab5d9c7283fe87b4d900ffcc,,UNVERIFIED
EP-03,Into Burning Space,00:15:54,954,847715,https://animehistory.org/uploads/screencaps/outlaw-star-E003-Into-Burning-Space/cap_00-15-54_4bb3.jpg,Outlaw Star Ep 3: Into Burning Space @ 00:15:54,https://animehistory.org/gallery/screencaps/outlaw-star/episode-3/,https://animehistory.org/gallery/screencaps/outlaw-star/episode-3/?page=3,3,2026-10-07T01:48:43.706627+00:00,38aa1c61c1e0f9372bf04b2c0121d8daf162690dab5d9c7283fe87b4d900ffcc,,UNVERIFIED
EP-03,Into Burning Space,00:15:58,958,847716,https://animehistory.org/uploads/screencaps/outlaw-star-E003-Into-Burning-Space/cap_00-15-58_568f.jpg,Outlaw Star Ep 3: Into Burning Space @ 00:15:58,https://animehistory.org/gallery/screencaps/outlaw-star/episode-3/,https://animehistory.org/gallery/screencaps/outlaw-star/episode-3/?page=3,3,2026-10-07T01:48:43.706627+00:00,38aa1c61c1e0f9372bf04b2c0121d8daf162690dab5d9c7283fe87b4d900ffcc,,UNVERIFIED
EP-03,Into Burning Space,00:16:01,961,847717,https://animehistory.org/uploads/screencaps/outlaw-star-E003-Into-Burning-Space/cap_00-16-01_171f.jpg,Outlaw Star Ep 3: Into Burning Space @ 00:16:01,https://animehistory.org/gallery/screencaps/outlaw-star/episode-3/,https://animehistory.org/gallery/screencaps/outlaw-star/episode-3/?page=3,3,2026-10-07T01:48:43.706627+00:00,38aa1c61c1e0f9372bf04b2c0121d8daf162690dab5d9c7283fe87b4d900ffcc,,UNVERIFIED
EP-03,Into Burning Space,00:16:05,965,847718,https://animehistory.org/uploads/screencaps/outlaw-star-E003-Into-Burning-Space/cap_00-16-05_4081.jpg,Outlaw Star Ep 3: Into Burning Space @ 00:16:05,https://animehistory.org/gallery/screencaps/outlaw-star/episode-3/,https://animehistory.org/gallery/screencaps/outlaw-star/episode-3/?page=3,3,2026-10-07T01:48:43.706627+00:00,38aa1c61c1e0f9372bf04b2c0121d8daf162690dab5d9c7283fe87b4d900ffcc,,UNVERIFIED
EP-03,Into Burning Space,00:16:09,969,847719,https://animehistory.org/uploads/screencaps/outlaw-star-E003-Into-Burning-Space/cap_00-16-09_5dd9.jpg,Outlaw Star Ep 3: Into Burning Space @ 00:16:09,https://animehistory.org/gallery/screencaps/outlaw-star/episode-3/,https://animehistory.org/gallery/screencaps/outlaw-star/episode-3/?page=3,3,2026-10-07T01:48:43.706627+00:00,38aa1c61c1e0f9372bf04b2c0121d8daf162690dab5d9c7283fe87b4d900ffcc,,UNVERIFIED
EP-03,Into Burning Space,00:16:12,972,847720,https://animehistory.org/uploads/screencaps/outlaw-star-E003-Into-Burning-Space/cap_00-16-12_1b24.jpg,Outlaw Star Ep 3: Into Burning Space @ 00:16:12,https://animehistory.org/gallery/screencaps/outlaw-star/episode-3/,https://animehistory.org/gallery/screencaps/outlaw-star/episode-3/?page=3,3,2026-10-07T01:48:43.706627+00:00,38aa1c61c1e0f9372bf04b2c0121d8daf162690dab5d9c7283fe87b4d900ffcc,,UNVERIFIED
EP-03,Into Burning Space,00:16:16,976,847721,https://animehistory.org/uploads/screencaps/outlaw-star-E003-Into-Burning-Space/cap_00-16-16_4b0d.jpg,Outlaw Star Ep 3: Into Burning Space @ 00:16:16,https://animehistory.org/gallery/screencaps/outlaw-star/episode-3/,https://animehistory.org/gallery/screencaps/outlaw-star/episode-3/?page=3,3,2026-10-07T01:48:43.706627+00:00,38aa1c61c1e0f9372bf04b2c0121d8daf162690dab5d9c7283fe87b4d900ffcc,,UNVERIFIED
EP-03,Into Burning Space,00:16:20,980,847722,https://animehistory.org/uploads/screencaps/outlaw-star-E003-Into-Burning-Space/cap_00-16-20_0f68.jpg,Outlaw Star Ep 3: Into Burning Space @ 00:16:20,https://animehistory.org/gallery/screencaps/outlaw-star/episode-3/,https://animehistory.org/gallery/screencaps/outlaw-star/episode-3/?page=3,3,2026-10-07T01:48:43.706627+00:00,38aa1c61c1e0f9372bf04b2c0121d8daf162690dab5d9c7283fe87b4d900ffcc,,UNVERIFIED
EP-03,Into Burning Space,00:16:23,983,847723,https://animehistory.org/uploads/screencaps/outlaw-star-E003-Into-Burning-Space/cap_00-16-23_1f5b.jpg,Outlaw Star Ep 3: Into Burning Space @ 00:16:23,https://animehistory.org/gallery/screencaps/outlaw-star/episode-3/,https://animehistory.org/gallery/screencaps/outlaw-star/episode-3/?page=3,3,2026-10-07T01:48:43.706627+00:00,38aa1c61c1e0f9372bf04b2c0121d8daf162690dab5d9c7283fe87b4d900ffcc,,UNVERIFIED
EP-03,Into Burning Space,00:16:27,987,847724,https://animehistory.org/uploads/screencaps/outlaw-star-E003-Into-Burning-Space/cap_00-16-27_224e.jpg,Outlaw Star Ep 3: Into Burning Space @ 00:16:27,https://animehistory.org/gallery/screencaps/outlaw-star/episode-3/,https://animehistory.org/gallery/screencaps/outlaw-star/episode-3/?page=3,3,2026-10-07T01:48:43.706627+00:00,38aa1c61c1e0f9372bf04b2c0121d8daf162690dab5d9c7283fe87b4d900ffcc,,UNVERIFIED
EP-03,Into Burning Space,00:16:30,990,847725,https://animehistory.org/uploads/screencaps/outlaw-star-E003-Into-Burning-Space/cap_00-16-30_5b19.jpg,Outlaw Star Ep 3: Into Burning Space @ 00:16:30,https://animehistory.org/gallery/screencaps/outlaw-star/episode-3/,https://animehistory.org/gallery/screencaps/outlaw-star/episode-3/?page=3,3,2026-10-07T01:48:43.706627+00:00,38aa1c61c1e0f9372bf04b2c0121d8daf162690dab5d9c7283fe87b4d900ffcc,,UNVERIFIED
EP-03,Into Burning Space,00:16:34,994,847726,https://animehistory.org/uploads/screencaps/outlaw-star-E003-Into-Burning-Space/cap_00-16-34_2cc9.jpg,Outlaw Star Ep 3: Into Burning Space @ 00:16:34,https://animehistory.org/gallery/screencaps/outlaw-star/episode-3/,https://animehistory.org/gallery/screencaps/outlaw-star/episode-3/?page=3,3,2026-10-07T01:48:43.706627+00:00,38aa1c61c1e0f9372bf04b2c0121d8daf162690dab5d9c7283fe87b4d900ffcc,,UNVERIFIED
EP-03,Into Burning Space,00:16:38,998,847727,https://animehistory.org/uploads/screencaps/outlaw-star-E003-Into-Burning-Space/cap_00-16-38_2f2b.jpg,Outlaw Star Ep 3: Into Burning Space @ 00:16:38,https://animehistory.org/gallery/screencaps/outlaw-star/episode-3/,https://animehistory.org/gallery/screencaps/outlaw-star/episode-3/?page=3,3,2026-10-07T01:48:43.706627+00:00,38aa1c61c1e0f9372bf04b2c0121d8daf162690dab5d9c7283fe87b4d900ffcc,,UNVERIFIED
EP-03,Into Burning Space,00:16:41,1001,847728,https://animehistory.org/uploads/screencaps/outlaw-star-E003-Into-Burning-Space/cap_00-16-41_369a.jpg,Outlaw Star Ep 3: Into Burning Space @ 00:16:41,https://animehistory.org/gallery/screencaps/outlaw-star/episode-3/,https://animehistory.org/gallery/screencaps/outlaw-star/episode-3/?page=3,3,2026-10-07T01:48:43.706627+00:00,38aa1c61c1e0f9372bf04b2c0121d8daf162690dab5d9c7283fe87b4d900ffcc,,UNVERIFIED
EP-03,Into Burning Space,00:16:45,1005,847729,https://animehistory.org/uploads/screencaps/outlaw-star-E003-Into-Burning-Space/cap_00-16-45_4c26.jpg,Outlaw Star Ep 3: Into Burning Space @ 00:16:45,https://animehistory.org/gallery/screencaps/outlaw-star/episode-3/,https://animehistory.org/gallery/screencaps/outlaw-star/episode-3/?page=3,3,2026-10-07T01:48:43.706627+00:00,38aa1c61c1e0f9372bf04b2c0121d8daf162690dab5d9c7283fe87b4d900ffcc,,UNVERIFIED
EP-03,Into Burning Space,00:16:49,1009,847730,https://animehistory.org/uploads/screencaps/outlaw-star-E003-Into-Burning-Space/cap_00-16-49_6b72.jpg,Outlaw Star Ep 3: Into Burning Space @ 00:16:49,https://animehistory.org/gallery/screencaps/outlaw-star/episode-3/,https://animehistory.org/gallery/screencaps/outlaw-star/episode-3/?page=3,3,2026-10-07T01:48:43.706627+00:00,38aa1c61c1e0f9372bf04b2c0121d8daf162690dab5d9c7283fe87b4d900ffcc,,UNVERIFIED
EP-03,Into Burning Space,00:16:52,1012,847731,https://animehistory.org/uploads/screencaps/outlaw-star-E003-Into-Burning-Space/cap_00-16-52_69d9.jpg,Outlaw Star Ep 3: Into Burning Space @ 00:16:52,https://animehistory.org/gallery/screencaps/outlaw-star/episode-3/,https://animehistory.org/gallery/screencaps/outlaw-star/episode-3/?page=3,3,2026-10-07T01:48:43.706627+00:00,38aa1c61c1e0f9372bf04b2c0121d8daf162690dab5d9c7283fe87b4d900ffcc,,UNVERIFIED
EP-03,Into Burning Space,00:16:56,1016,847732,https://animehistory.org/uploads/screencaps/outlaw-star-E003-Into-Burning-Space/cap_00-16-56_301c.jpg,Outlaw Star Ep 3: Into Burning Space @ 00:16:56,https://animehistory.org/gallery/screencaps/outlaw-star/episode-3/,https://animehistory.org/gallery/screencaps/outlaw-star/episode-3/?page=3,3,2026-10-07T01:48:43.706627+00:00,38aa1c61c1e0f9372bf04b2c0121d8daf162690dab5d9c7283fe87b4d900ffcc,,UNVERIFIED
EP-03,Into Burning Space,00:17:00,1020,847733,https://animehistory.org/uploads/screencaps/outlaw-star-E003-Into-Burning-Space/cap_00-17-00_1ea2.jpg,Outlaw Star Ep 3: Into Burning Space @ 00:17:00,https://animehistory.org/gallery/screencaps/outlaw-star/episode-3/,https://animehistory.org/gallery/screencaps/outlaw-star/episode-3/?page=3,3,2026-10-07T01:48:43.706627+00:00,38aa1c61c1e0f9372bf04b2c0121d8daf162690dab5d9c7283fe87b4d900ffcc,,UNVERIFIED
EP-03,Into Burning Space,00:17:03,1023,847734,https://animehistory.org/uploads/screencaps/outlaw-star-E003-Into-Burning-Space/cap_00-17-03_31d9.jpg,Outlaw Star Ep 3: Into Burning Space @ 00:17:03,https://animehistory.org/gallery/screencaps/outlaw-star/episode-3/,https://animehistory.org/gallery/screencaps/outlaw-star/episode-3/?page=3,3,2026-10-07T01:48:43.706627+00:00,38aa1c61c1e0f9372bf04b2c0121d8daf162690dab5d9c7283fe87b4d900ffcc,,UNVERIFIED
EP-03,Into Burning Space,00:17:07,1027,847735,https://animehistory.org/uploads/screencaps/outlaw-star-E003-Into-Burning-Space/cap_00-17-07_611b.jpg,Outlaw Star Ep 3: Into Burning Space @ 00:17:07,https://animehistory.org/gallery/screencaps/outlaw-star/episode-3/,https://animehistory.org/gallery/screencaps/outlaw-star/episode-3/?page=3,3,2026-10-07T01:48:43.706627+00:00,38aa1c61c1e0f9372bf04b2c0121d8daf162690dab5d9c7283fe87b4d900ffcc,,UNVERIFIED
EP-03,Into Burning Space,00:17:10,1030,847736,https://animehistory.org/uploads/screencaps/outlaw-star-E003-Into-Burning-Space/cap_00-17-10_39d4.jpg,Outlaw Star Ep 3: Into Burning Space @ 00:17:10,https://animehistory.org/gallery/screencaps/outlaw-star/episode-3/,https://animehistory.org/gallery/screencaps/outlaw-star/episode-3/?page=3,3,2026-10-07T01:48:43.706627+00:00,38aa1c61c1e0f9372bf04b2c0121d8daf162690dab5d9c7283fe87b4d900ffcc,,UNVERIFIED
EP-03,Into Burning Space,00:17:14,1034,847737,https://animehistory.org/uploads/screencaps/outlaw-star-E003-Into-Burning-Space/cap_00-17-14_297d.jpg,Outlaw Star Ep 3: Into Burning Space @ 00:17:14,https://animehistory.org/gallery/screencaps/outlaw-star/episode-3/,https://animehistory.org/gallery/screencaps/outlaw-star/episode-3/?page=3,3,2026-10-07T01:48:43.706627+00:00,38aa1c61c1e0f9372bf04b2c0121d8daf162690dab5d9c7283fe87b4d900ffcc,,UNVERIFIED
EP-03,Into Burning Space,00:17:18,1038,847738,https://animehistory.org/uploads/screencaps/outlaw-star-E003-Into-Burning-Space/cap_00-17-18_43a0.jpg,Outlaw Star Ep 3: Into Burning Space @ 00:17:18,https://animehistory.org/gallery/screencaps/outlaw-star/episode-3/,https://animehistory.org/gallery/screencaps/outlaw-star/episode-3/?page=3,3,2026-10-07T01:48:43.706627+00:00,38aa1c61c1e0f9372bf04b2c0121d8daf162690dab5d9c7283fe87b4d900ffcc,,UNVERIFIED
EP-03,Into Burning Space,00:17:21,1041,847739,https://animehistory.org/uploads/screencaps/outlaw-star-E003-Into-Burning-Space/cap_00-17-21_0583.jpg,Outlaw Star Ep 3: Into Burning Space @ 00:17:21,https://animehistory.org/gallery/screencaps/outlaw-star/episode-3/,https://animehistory.org/gallery/screencaps/outlaw-star/episode-3/?page=3,3,2026-10-07T01:48:43.706627+00:00,38aa1c61c1e0f9372bf04b2c0121d8daf162690dab5d9c7283fe87b4d900ffcc,,UNVERIFIED
EP-03,Into Burning Space,00:17:25,1045,847740,https://animehistory.org/uploads/screencaps/outlaw-star-E003-Into-Burning-Space/cap_00-17-25_4873.jpg,Outlaw Star Ep 3: Into Burning Space @ 00:17:25,https://animehistory.org/gallery/screencaps/outlaw-star/episode-3/,https://animehistory.org/gallery/screencaps/outlaw-star/episode-3/?page=3,3,2026-10-07T01:48:43.706627+00:00,38aa1c61c1e0f9372bf04b2c0121d8daf162690dab5d9c7283fe87b4d900ffcc,,UNVERIFIED
EP-03,Into Burning Space,00:17:29,1049,847741,https://animehistory.org/uploads/screencaps/outlaw-star-E003-Into-Burning-Space/cap_00-17-29_46a4.jpg,Outlaw Star Ep 3: Into Burning Space @ 00:17:29,https://animehistory.org/gallery/screencaps/outlaw-star/episode-3/,https://animehistory.org/gallery/screencaps/outlaw-star/episode-3/?page=3,3,2026-10-07T01:48:43.706627+00:00,38aa1c61c1e0f9372bf04b2c0121d8daf162690dab5d9c7283fe87b4d900ffcc,,UNVERIFIED
EP-03,Into Burning Space,00:17:32,1052,847742,https://animehistory.org/uploads/screencaps/outlaw-star-E003-Into-Burning-Space/cap_00-17-32_4e47.jpg,Outlaw Star Ep 3: Into Burning Space @ 00:17:32,https://animehistory.org/gallery/screencaps/outlaw-star/episode-3/,https://animehistory.org/gallery/screencaps/outlaw-star/episode-3/?page=3,3,2026-10-07T01:48:43.706627+00:00,38aa1c61c1e0f9372bf04b2c0121d8daf162690dab5d9c7283fe87b4d900ffcc,,UNVERIFIED
EP-03,Into Burning Space,00:17:36,1056,847743,https://animehistory.org/uploads/screencaps/outlaw-star-E003-Into-Burning-Space/cap_00-17-36_5fb8.jpg,Outlaw Star Ep 3: Into Burning Space @ 00:17:36,https://animehistory.org/gallery/screencaps/outlaw-star/episode-3/,https://animehistory.org/gallery/screencaps/outlaw-star/episode-3/?page=3,3,2026-10-07T01:48:43.706627+00:00,38aa1c61c1e0f9372bf04b2c0121d8daf162690dab5d9c7283fe87b4d900ffcc,,UNVERIFIED
EP-03,Into Burning Space,00:17:40,1060,847744,https://animehistory.org/uploads/screencaps/outlaw-star-E003-Into-Burning-Space/cap_00-17-40_1f93.jpg,Outlaw Star Ep 3: Into Burning Space @ 00:17:40,https://animehistory.org/gallery/screencaps/outlaw-star/episode-3/,https://animehistory.org/gallery/screencaps/outlaw-star/episode-3/?page=3,3,2026-10-07T01:48:43.706627+00:00,38aa1c61c1e0f9372bf04b2c0121d8daf162690dab5d9c7283fe87b4d900ffcc,,UNVERIFIED
EP-03,Into Burning Space,00:17:43,1063,847745,https://animehistory.org/uploads/screencaps/outlaw-star-E003-Into-Burning-Space/cap_00-17-43_099e.jpg,Outlaw Star Ep 3: Into Burning Space @ 00:17:43,https://animehistory.org/gallery/screencaps/outlaw-star/episode-3/,https://animehistory.org/gallery/screencaps/outlaw-star/episode-3/?page=3,3,2026-10-07T01:48:43.706627+00:00,38aa1c61c1e0f9372bf04b2c0121d8daf162690dab5d9c7283fe87b4d900ffcc,,UNVERIFIED
EP-03,Into Burning Space,00:17:47,1067,847746,https://animehistory.org/uploads/screencaps/outlaw-star-E003-Into-Burning-Space/cap_00-17-47_6190.jpg,Outlaw Star Ep 3: Into Burning Space @ 00:17:47,https://animehistory.org/gallery/screencaps/outlaw-star/episode-3/,https://animehistory.org/gallery/screencaps/outlaw-star/episode-3/?page=3,3,2026-10-07T01:48:43.706627+00:00,38aa1c61c1e0f9372bf04b2c0121d8daf162690dab5d9c7283fe87b4d900ffcc,,UNVERIFIED
EP-03,Into Burning Space,00:17:50,1070,847747,https://animehistory.org/uploads/screencaps/outlaw-star-E003-Into-Burning-Space/cap_00-17-50_7cc5.jpg,Outlaw Star Ep 3: Into Burning Space @ 00:17:50,https://animehistory.org/gallery/screencaps/outlaw-star/episode-3/,https://animehistory.org/gallery/screencaps/outlaw-star/episode-3/?page=3,3,2026-10-07T01:48:43.706627+00:00,38aa1c61c1e0f9372bf04b2c0121d8daf162690dab5d9c7283fe87b4d900ffcc,,UNVERIFIED
EP-03,Into Burning Space,00:17:54,1074,847748,https://animehistory.org/uploads/screencaps/outlaw-star-E003-Into-Burning-Space/cap_00-17-54_40ce.jpg,Outlaw Star Ep 3: Into Burning Space @ 00:17:54,https://animehistory.org/gallery/screencaps/outlaw-star/episode-3/,https://animehistory.org/gallery/screencaps/outlaw-star/episode-3/?page=3,3,2026-10-07T01:48:43.706627+00:00,38aa1c61c1e0f9372bf04b2c0121d8daf162690dab5d9c7283fe87b4d900ffcc,,UNVERIFIED
EP-03,Into Burning Space,00:17:58,1078,847749,https://animehistory.org/uploads/screencaps/outlaw-star-E003-Into-Burning-Space/cap_00-17-58_6e00.jpg,Outlaw Star Ep 3: Into Burning Space @ 00:17:58,https://animehistory.org/gallery/screencaps/outlaw-star/episode-3/,https://animehistory.org/gallery/screencaps/outlaw-star/episode-3/?page=3,3,2026-10-07T01:48:43.706627+00:00,38aa1c61c1e0f9372bf04b2c0121d8daf162690dab5d9c7283fe87b4d900ffcc,,UNVERIFIED
EP-03,Into Burning Space,00:18:01,1081,847750,https://animehistory.org/uploads/screencaps/outlaw-star-E003-Into-Burning-Space/cap_00-18-01_39bb.jpg,Outlaw Star Ep 3: Into Burning Space @ 00:18:01,https://animehistory.org/gallery/screencaps/outlaw-star/episode-3/,https://animehistory.org/gallery/screencaps/outlaw-star/episode-3/?page=3,3,2026-10-07T01:48:43.706627+00:00,38aa1c61c1e0f9372bf04b2c0121d8daf162690dab5d9c7283fe87b4d900ffcc,,UNVERIFIED
EP-03,Into Burning Space,00:18:05,1085,847751,https://animehistory.org/uploads/screencaps/outlaw-star-E003-Into-Burning-Space/cap_00-18-05_1dc6.jpg,Outlaw Star Ep 3: Into Burning Space @ 00:18:05,https://animehistory.org/gallery/screencaps/outlaw-star/episode-3/,https://animehistory.org/gallery/screencaps/outlaw-star/episode-3/?page=3,3,2026-10-07T01:48:43.706627+00:00,38aa1c61c1e0f9372bf04b2c0121d8daf162690dab5d9c7283fe87b4d900ffcc,,UNVERIFIED
EP-03,Into Burning Space,00:18:09,1089,847752,https://animehistory.org/uploads/screencaps/outlaw-star-E003-Into-Burning-Space/cap_00-18-09_0bda.jpg,Outlaw Star Ep 3: Into Burning Space @ 00:18:09,https://animehistory.org/gallery/screencaps/outlaw-star/episode-3/,https://animehistory.org/gallery/screencaps/outlaw-star/episode-3/?page=3,3,2026-10-07T01:48:43.706627+00:00,38aa1c61c1e0f9372bf04b2c0121d8daf162690dab5d9c7283fe87b4d900ffcc,,UNVERIFIED
EP-03,Into Burning Space,00:18:12,1092,847753,https://animehistory.org/uploads/screencaps/outlaw-star-E003-Into-Burning-Space/cap_00-18-12_14e3.jpg,Outlaw Star Ep 3: Into Burning Space @ 00:18:12,https://animehistory.org/gallery/screencaps/outlaw-star/episode-3/,https://animehistory.org/gallery/screencaps/outlaw-star/episode-3/?page=3,3,2026-10-07T01:48:43.706627+00:00,38aa1c61c1e0f9372bf04b2c0121d8daf162690dab5d9c7283fe87b4d900ffcc,,UNVERIFIED
EP-03,Into Burning Space,00:18:16,1096,847754,https://animehistory.org/uploads/screencaps/outlaw-star-E003-Into-Burning-Space/cap_00-18-16_0e18.jpg,Outlaw Star Ep 3: Into Burning Space @ 00:18:16,https://animehistory.org/gallery/screencaps/outlaw-star/episode-3/,https://animehistory.org/gallery/screencaps/outlaw-star/episode-3/?page=3,3,2026-10-07T01:48:43.706627+00:00,38aa1c61c1e0f9372bf04b2c0121d8daf162690dab5d9c7283fe87b4d900ffcc,,UNVERIFIED
EP-03,Into Burning Space,00:18:20,1100,847755,https://animehistory.org/uploads/screencaps/outlaw-star-E003-Into-Burning-Space/cap_00-18-20_75dc.jpg,Outlaw Star Ep 3: Into Burning Space @ 00:18:20,https://animehistory.org/gallery/screencaps/outlaw-star/episode-3/,https://animehistory.org/gallery/screencaps/outlaw-star/episode-3/?page=3,3,2026-10-07T01:48:43.706627+00:00,38aa1c61c1e0f9372bf04b2c0121d8daf162690dab5d9c7283fe87b4d900ffcc,,UNVERIFIED
EP-03,Into Burning Space,00:18:23,1103,847756,https://animehistory.org/uploads/screencaps/outlaw-star-E003-Into-Burning-Space/cap_00-18-23_7373.jpg,Outlaw Star Ep 3: Into Burning Space @ 00:18:23,https://animehistory.org/gallery/screencaps/outlaw-star/episode-3/,https://animehistory.org/gallery/screencaps/outlaw-star/episode-3/?page=3,3,2026-10-07T01:48:43.706627+00:00,38aa1c61c1e0f9372bf04b2c0121d8daf162690dab5d9c7283fe87b4d900ffcc,,UNVERIFIED
EP-03,Into Burning Space,00:18:27,1107,847757,https://animehistory.org/uploads/screencaps/outlaw-star-E003-Into-Burning-Space/cap_00-18-27_6321.jpg,Outlaw Star Ep 3: Into Burning Space @ 00:18:27,https://animehistory.org/gallery/screencaps/outlaw-star/episode-3/,https://animehistory.org/gallery/screencaps/outlaw-star/episode-3/?page=3,3,2026-10-07T01:48:43.706627+00:00,38aa1c61c1e0f9372bf04b2c0121d8daf162690dab5d9c7283fe87b4d900ffcc,,UNVERIFIED
EP-03,Into Burning Space,00:18:30,1110,847758,https://animehistory.org/uploads/screencaps/outlaw-star-E003-Into-Burning-Space/cap_00-18-30_0fb5.jpg,Outlaw Star Ep 3: Into Burning Space @ 00:18:30,https://animehistory.org/gallery/screencaps/outlaw-star/episode-3/,https://animehistory.org/gallery/screencaps/outlaw-star/episode-3/?page=3,3,2026-10-07T01:48:43.706627+00:00,38aa1c61c1e0f9372bf04b2c0121d8daf162690dab5d9c7283fe87b4d900ffcc,,UNVERIFIED
EP-03,Into Burning Space,00:18:34,1114,847759,https://animehistory.org/uploads/screencaps/outlaw-star-E003-Into-Burning-Space/cap_00-18-34_10d3.jpg,Outlaw Star Ep 3: Into Burning Space @ 00:18:34,https://animehistory.org/gallery/screencaps/outlaw-star/episode-3/,https://animehistory.org/gallery/screencaps/outlaw-star/episode-3/?page=3,3,2026-10-07T01:48:43.706627+00:00,38aa1c61c1e0f9372bf04b2c0121d8daf162690dab5d9c7283fe87b4d900ffcc,,UNVERIFIED
EP-03,Into Burning Space,00:18:38,1118,847760,https://animehistory.org/uploads/screencaps/outlaw-star-E003-Into-Burning-Space/cap_00-18-38_4ef9.jpg,Outlaw Star Ep 3: Into Burning Space @ 00:18:38,https://animehistory.org/gallery/screencaps/outlaw-star/episode-3/,https://animehistory.org/gallery/screencaps/outlaw-star/episode-3/?page=3,3,2026-10-07T01:48:43.706627+00:00,38aa1c61c1e0f9372bf04b2c0121d8daf162690dab5d9c7283fe87b4d900ffcc,,UNVERIFIED
EP-03,Into Burning Space,00:18:41,1121,847761,https://animehistory.org/uploads/screencaps/outlaw-star-E003-Into-Burning-Space/cap_00-18-41_0a41.jpg,Outlaw Star Ep 3: Into Burning Space @ 00:18:41,https://animehistory.org/gallery/screencaps/outlaw-star/episode-3/,https://animehistory.org/gallery/screencaps/outlaw-star/episode-3/?page=3,3,2026-10-07T01:48:43.706627+00:00,38aa1c61c1e0f9372bf04b2c0121d8daf162690dab5d9c7283fe87b4d900ffcc,,UNVERIFIED
EP-03,Into Burning Space,00:18:45,1125,847762,https://animehistory.org/uploads/screencaps/outlaw-star-E003-Into-Burning-Space/cap_00-18-45_2bff.jpg,Outlaw Star Ep 3: Into Burning Space @ 00:18:45,https://animehistory.org/gallery/screencaps/outlaw-star/episode-3/,https://animehistory.org/gallery/screencaps/outlaw-star/episode-3/?page=3,3,2026-10-07T01:48:43.706627+00:00,38aa1c61c1e0f9372bf04b2c0121d8daf162690dab5d9c7283fe87b4d900ffcc,,UNVERIFIED
EP-03,Into Burning Space,00:18:49,1129,847763,https://animehistory.org/uploads/screencaps/outlaw-star-E003-Into-Burning-Space/cap_00-18-49_0a7e.jpg,Outlaw Star Ep 3: Into Burning Space @ 00:18:49,https://animehistory.org/gallery/screencaps/outlaw-star/episode-3/,https://animehistory.org/gallery/screencaps/outlaw-star/episode-3/?page=3,3,2026-10-07T01:48:43.706627+00:00,38aa1c61c1e0f9372bf04b2c0121d8daf162690dab5d9c7283fe87b4d900ffcc,,UNVERIFIED
EP-03,Into Burning Space,00:18:52,1132,847764,https://animehistory.org/uploads/screencaps/outlaw-star-E003-Into-Burning-Space/cap_00-18-52_10b2.jpg,Outlaw Star Ep 3: Into Burning Space @ 00:18:52,https://animehistory.org/gallery/screencaps/outlaw-star/episode-3/,https://animehistory.org/gallery/screencaps/outlaw-star/episode-3/?page=3,3,2026-10-07T01:48:43.706627+00:00,38aa1c61c1e0f9372bf04b2c0121d8daf162690dab5d9c7283fe87b4d900ffcc,,UNVERIFIED
EP-03,Into Burning Space,00:18:56,1136,847765,https://animehistory.org/uploads/screencaps/outlaw-star-E003-Into-Burning-Space/cap_00-18-56_7b88.jpg,Outlaw Star Ep 3: Into Burning Space @ 00:18:56,https://animehistory.org/gallery/screencaps/outlaw-star/episode-3/,https://animehistory.org/gallery/screencaps/outlaw-star/episode-3/?page=3,3,2026-10-07T01:48:43.706627+00:00,38aa1c61c1e0f9372bf04b2c0121d8daf162690dab5d9c7283fe87b4d900ffcc,,UNVERIFIED
EP-03,Into Burning Space,00:19:00,1140,847766,https://animehistory.org/uploads/screencaps/outlaw-star-E003-Into-Burning-Space/cap_00-19-00_32d6.jpg,Outlaw Star Ep 3: Into Burning Space @ 00:19:00,https://animehistory.org/gallery/screencaps/outlaw-star/episode-3/,https://animehistory.org/gallery/screencaps/outlaw-star/episode-3/?page=3,3,2026-10-07T01:48:43.706627+00:00,38aa1c61c1e0f9372bf04b2c0121d8daf162690dab5d9c7283fe87b4d900ffcc,,UNVERIFIED
EP-03,Into Burning Space,00:19:03,1143,847767,https://animehistory.org/uploads/screencaps/outlaw-star-E003-Into-Burning-Space/cap_00-19-03_2958.jpg,Outlaw Star Ep 3: Into Burning Space @ 00:19:03,https://animehistory.org/gallery/screencaps/outlaw-star/episode-3/,https://animehistory.org/gallery/screencaps/outlaw-star/episode-3/?page=3,3,2026-10-07T01:48:43.706627+00:00,38aa1c61c1e0f9372bf04b2c0121d8daf162690dab5d9c7283fe87b4d900ffcc,,UNVERIFIED
EP-03,Into Burning Space,00:19:07,1147,847768,https://animehistory.org/uploads/screencaps/outlaw-star-E003-Into-Burning-Space/cap_00-19-07_69f9.jpg,Outlaw Star Ep 3: Into Burning Space @ 00:19:07,https://animehistory.org/gallery/screencaps/outlaw-star/episode-3/,https://animehistory.org/gallery/screencaps/outlaw-star/episode-3/?page=3,3,2026-10-07T01:48:43.706627+00:00,38aa1c61c1e0f9372bf04b2c0121d8daf162690dab5d9c7283fe87b4d900ffcc,,UNVERIFIED
EP-03,Into Burning Space,00:19:10,1150,847769,https://animehistory.org/uploads/screencaps/outlaw-star-E003-Into-Burning-Space/cap_00-19-10_1eb5.jpg,Outlaw Star Ep 3: Into Burning Space @ 00:19:10,https://animehistory.org/gallery/screencaps/outlaw-star/episode-3/,https://animehistory.org/gallery/screencaps/outlaw-star/episode-3/?page=3,3,2026-10-07T01:48:43.706627+00:00,38aa1c61c1e0f9372bf04b2c0121d8daf162690dab5d9c7283fe87b4d900ffcc,,UNVERIFIED
EP-03,Into Burning Space,00:19:14,1154,847770,https://animehistory.org/uploads/screencaps/outlaw-star-E003-Into-Burning-Space/cap_00-19-14_54d3.jpg,Outlaw Star Ep 3: Into Burning Space @ 00:19:14,https://animehistory.org/gallery/screencaps/outlaw-star/episode-3/,https://animehistory.org/gallery/screencaps/outlaw-star/episode-3/?page=3,3,2026-10-07T01:48:43.706627+00:00,38aa1c61c1e0f9372bf04b2c0121d8daf162690dab5d9c7283fe87b4d900ffcc,,UNVERIFIED
EP-03,Into Burning Space,00:19:18,1158,847771,https://animehistory.org/uploads/screencaps/outlaw-star-E003-Into-Burning-Space/cap_00-19-18_2ddf.jpg,Outlaw Star Ep 3: Into Burning Space @ 00:19:18,https://animehistory.org/gallery/screencaps/outlaw-star/episode-3/,https://animehistory.org/gallery/screencaps/outlaw-star/episode-3/?page=3,3,2026-10-07T01:48:43.706627+00:00,38aa1c61c1e0f9372bf04b2c0121d8daf162690dab5d9c7283fe87b4d900ffcc,,UNVERIFIED
EP-03,Into Burning Space,00:19:21,1161,847772,https://animehistory.org/uploads/screencaps/outlaw-star-E003-Into-Burning-Space/cap_00-19-21_5e85.jpg,Outlaw Star Ep 3: Into Burning Space @ 00:19:21,https://animehistory.org/gallery/screencaps/outlaw-star/episode-3/,https://animehistory.org/gallery/screencaps/outlaw-star/episode-3/?page=3,3,2026-10-07T01:48:43.706627+00:00,38aa1c61c1e0f9372bf04b2c0121d8daf162690dab5d9c7283fe87b4d900ffcc,,UNVERIFIED
EP-03,Into Burning Space,00:19:25,1165,847773,https://animehistory.org/uploads/screencaps/outlaw-star-E003-Into-Burning-Space/cap_00-19-25_0439.jpg,Outlaw Star Ep 3: Into Burning Space @ 00:19:25,https://animehistory.org/gallery/screencaps/outlaw-star/episode-3/,https://animehistory.org/gallery/screencaps/outlaw-star/episode-3/?page=3,3,2026-10-07T01:48:43.706627+00:00,38aa1c61c1e0f9372bf04b2c0121d8daf162690dab5d9c7283fe87b4d900ffcc,,UNVERIFIED
EP-03,Into Burning Space,00:19:29,1169,847774,https://animehistory.org/uploads/screencaps/outlaw-star-E003-Into-Burning-Space/cap_00-19-29_48f3.jpg,Outlaw Star Ep 3: Into Burning Space @ 00:19:29,https://animehistory.org/gallery/screencaps/outlaw-star/episode-3/,https://animehistory.org/gallery/screencaps/outlaw-star/episode-3/?page=3,3,2026-10-07T01:48:43.706627+00:00,38aa1c61c1e0f9372bf04b2c0121d8daf162690dab5d9c7283fe87b4d900ffcc,,UNVERIFIED
EP-03,Into Burning Space,00:19:32,1172,847775,https://animehistory.org/uploads/screencaps/outlaw-star-E003-Into-Burning-Space/cap_00-19-32_192c.jpg,Outlaw Star Ep 3: Into Burning Space @ 00:19:32,https://animehistory.org/gallery/screencaps/outlaw-star/episode-3/,https://animehistory.org/gallery/screencaps/outlaw-star/episode-3/?page=3,3,2026-10-07T01:48:43.706627+00:00,38aa1c61c1e0f9372bf04b2c0121d8daf162690dab5d9c7283fe87b4d900ffcc,,UNVERIFIED
EP-03,Into Burning Space,00:19:36,1176,847776,https://animehistory.org/uploads/screencaps/outlaw-star-E003-Into-Burning-Space/cap_00-19-36_4b8c.jpg,Outlaw Star Ep 3: Into Burning Space @ 00:19:36,https://animehistory.org/gallery/screencaps/outlaw-star/episode-3/,https://animehistory.org/gallery/screencaps/outlaw-star/episode-3/?page=3,3,2026-10-07T01:48:43.706627+00:00,38aa1c61c1e0f9372bf04b2c0121d8daf162690dab5d9c7283fe87b4d900ffcc,,UNVERIFIED
EP-03,Into Burning Space,00:19:40,1180,847777,https://animehistory.org/uploads/screencaps/outlaw-star-E003-Into-Burning-Space/cap_00-19-40_2074.jpg,Outlaw Star Ep 3: Into Burning Space @ 00:19:40,https://animehistory.org/gallery/screencaps/outlaw-star/episode-3/,https://animehistory.org/gallery/screencaps/outlaw-star/episode-3/?page=3,3,2026-10-07T01:48:43.706627+00:00,38aa1c61c1e0f9372bf04b2c0121d8daf162690dab5d9c7283fe87b4d900ffcc,,UNVERIFIED
EP-03,Into Burning Space,00:19:43,1183,847778,https://animehistory.org/uploads/screencaps/outlaw-star-E003-Into-Burning-Space/cap_00-19-43_7488.jpg,Outlaw Star Ep 3: Into Burning Space @ 00:19:43,https://animehistory.org/gallery/screencaps/outlaw-star/episode-3/,https://animehistory.org/gallery/screencaps/outlaw-star/episode-3/?page=3,3,2026-10-07T01:48:43.706627+00:00,38aa1c61c1e0f9372bf04b2c0121d8daf162690dab5d9c7283fe87b4d900ffcc,,UNVERIFIED
EP-03,Into Burning Space,00:19:47,1187,847779,https://animehistory.org/uploads/screencaps/outlaw-star-E003-Into-Burning-Space/cap_00-19-47_4269.jpg,Outlaw Star Ep 3: Into Burning Space @ 00:19:47,https://animehistory.org/gallery/screencaps/outlaw-star/episode-3/,https://animehistory.org/gallery/screencaps/outlaw-star/episode-3/?page=3,3,2026-10-07T01:48:43.706627+00:00,38aa1c61c1e0f9372bf04b2c0121d8daf162690dab5d9c7283fe87b4d900ffcc,,UNVERIFIED
EP-03,Into Burning Space,00:19:50,1190,847780,https://animehistory.org/uploads/screencaps/outlaw-star-E003-Into-Burning-Space/cap_00-19-50_6591.jpg,Outlaw Star Ep 3: Into Burning Space @ 00:19:50,https://animehistory.org/gallery/screencaps/outlaw-star/episode-3/,https://animehistory.org/gallery/screencaps/outlaw-star/episode-3/?page=3,3,2026-10-07T01:48:43.706627+00:00,38aa1c61c1e0f9372bf04b2c0121d8daf162690dab5d9c7283fe87b4d900ffcc,,UNVERIFIED
EP-03,Into Burning Space,00:19:54,1194,847781,https://animehistory.org/uploads/screencaps/outlaw-star-E003-Into-Burning-Space/cap_00-19-54_1ae2.jpg,Outlaw Star Ep 3: Into Burning Space @ 00:19:54,https://animehistory.org/gallery/screencaps/outlaw-star/episode-3/,https://animehistory.org/gallery/screencaps/outlaw-star/episode-3/?page=4,4,2026-10-07T01:48:44.729748+00:00,1ae79f36b97c17774c60833cd5337f4cde161d5213a3cdf9cea75776ea51b3ec,,UNVERIFIED
EP-03,Into Burning Space,00:19:58,1198,847782,https://animehistory.org/uploads/screencaps/outlaw-star-E003-Into-Burning-Space/cap_00-19-58_09bd.jpg,Outlaw Star Ep 3: Into Burning Space @ 00:19:58,https://animehistory.org/gallery/screencaps/outlaw-star/episode-3/,https://animehistory.org/gallery/screencaps/outlaw-star/episode-3/?page=4,4,2026-10-07T01:48:44.729748+00:00,1ae79f36b97c17774c60833cd5337f4cde161d5213a3cdf9cea75776ea51b3ec,,UNVERIFIED
EP-03,Into Burning Space,00:20:01,1201,847783,https://animehistory.org/uploads/screencaps/outlaw-star-E003-Into-Burning-Space/cap_00-20-01_3abd.jpg,Outlaw Star Ep 3: Into Burning Space @ 00:20:01,https://animehistory.org/gallery/screencaps/outlaw-star/episode-3/,https://animehistory.org/gallery/screencaps/outlaw-star/episode-3/?page=4,4,2026-10-07T01:48:44.729748+00:00,1ae79f36b97c17774c60833cd5337f4cde161d5213a3cdf9cea75776ea51b3ec,,UNVERIFIED
EP-03,Into Burning Space,00:20:05,1205,847784,https://animehistory.org/uploads/screencaps/outlaw-star-E003-Into-Burning-Space/cap_00-20-05_35ac.jpg,Outlaw Star Ep 3: Into Burning Space @ 00:20:05,https://animehistory.org/gallery/screencaps/outlaw-star/episode-3/,https://animehistory.org/gallery/screencaps/outlaw-star/episode-3/?page=4,4,2026-10-07T01:48:44.729748+00:00,1ae79f36b97c17774c60833cd5337f4cde161d5213a3cdf9cea75776ea51b3ec,,UNVERIFIED
EP-03,Into Burning Space,00:20:09,1209,847785,https://animehistory.org/uploads/screencaps/outlaw-star-E003-Into-Burning-Space/cap_00-20-09_7cbb.jpg,Outlaw Star Ep 3: Into Burning Space @ 00:20:09,https://animehistory.org/gallery/screencaps/outlaw-star/episode-3/,https://animehistory.org/gallery/screencaps/outlaw-star/episode-3/?page=4,4,2026-10-07T01:48:44.729748+00:00,1ae79f36b97c17774c60833cd5337f4cde161d5213a3cdf9cea75776ea51b3ec,,UNVERIFIED
EP-03,Into Burning Space,00:20:12,1212,847786,https://animehistory.org/uploads/screencaps/outlaw-star-E003-Into-Burning-Space/cap_00-20-12_6cfd.jpg,Outlaw Star Ep 3: Into Burning Space @ 00:20:12,https://animehistory.org/gallery/screencaps/outlaw-star/episode-3/,https://animehistory.org/gallery/screencaps/outlaw-star/episode-3/?page=4,4,2026-10-07T01:48:44.729748+00:00,1ae79f36b97c17774c60833cd5337f4cde161d5213a3cdf9cea75776ea51b3ec,,UNVERIFIED
EP-03,Into Burning Space,00:20:16,1216,847787,https://animehistory.org/uploads/screencaps/outlaw-star-E003-Into-Burning-Space/cap_00-20-16_03ae.jpg,Outlaw Star Ep 3: Into Burning Space @ 00:20:16,https://animehistory.org/gallery/screencaps/outlaw-star/episode-3/,https://animehistory.org/gallery/screencaps/outlaw-star/episode-3/?page=4,4,2026-10-07T01:48:44.729748+00:00,1ae79f36b97c17774c60833cd5337f4cde161d5213a3cdf9cea75776ea51b3ec,,UNVERIFIED
EP-03,Into Burning Space,00:20:20,1220,847788,https://animehistory.org/uploads/screencaps/outlaw-star-E003-Into-Burning-Space/cap_00-20-20_791c.jpg,Outlaw Star Ep 3: Into Burning Space @ 00:20:20,https://animehistory.org/gallery/screencaps/outlaw-star/episode-3/,https://animehistory.org/gallery/screencaps/outlaw-star/episode-3/?page=4,4,2026-10-07T01:48:44.729748+00:00,1ae79f36b97c17774c60833cd5337f4cde161d5213a3cdf9cea75776ea51b3ec,,UNVERIFIED
EP-03,Into Burning Space,00:20:23,1223,847789,https://animehistory.org/uploads/screencaps/outlaw-star-E003-Into-Burning-Space/cap_00-20-23_7d1c.jpg,Outlaw Star Ep 3: Into Burning Space @ 00:20:23,https://animehistory.org/gallery/screencaps/outlaw-star/episode-3/,https://animehistory.org/gallery/screencaps/outlaw-star/episode-3/?page=4,4,2026-10-07T01:48:44.729748+00:00,1ae79f36b97c17774c60833cd5337f4cde161d5213a3cdf9cea75776ea51b3ec,,UNVERIFIED
EP-03,Into Burning Space,00:20:27,1227,847790,https://animehistory.org/uploads/screencaps/outlaw-star-E003-Into-Burning-Space/cap_00-20-27_567c.jpg,Outlaw Star Ep 3: Into Burning Space @ 00:20:27,https://animehistory.org/gallery/screencaps/outlaw-star/episode-3/,https://animehistory.org/gallery/screencaps/outlaw-star/episode-3/?page=4,4,2026-10-07T01:48:44.729748+00:00,1ae79f36b97c17774c60833cd5337f4cde161d5213a3cdf9cea75776ea51b3ec,,UNVERIFIED
EP-03,Into Burning Space,00:20:30,1230,847791,https://animehistory.org/uploads/screencaps/outlaw-star-E003-Into-Burning-Space/cap_00-20-30_61b9.jpg,Outlaw Star Ep 3: Into Burning Space @ 00:20:30,https://animehistory.org/gallery/screencaps/outlaw-star/episode-3/,https://animehistory.org/gallery/screencaps/outlaw-star/episode-3/?page=4,4,2026-10-07T01:48:44.729748+00:00,1ae79f36b97c17774c60833cd5337f4cde161d5213a3cdf9cea75776ea51b3ec,,UNVERIFIED
EP-03,Into Burning Space,00:20:34,1234,847792,https://animehistory.org/uploads/screencaps/outlaw-star-E003-Into-Burning-Space/cap_00-20-34_613d.jpg,Outlaw Star Ep 3: Into Burning Space @ 00:20:34,https://animehistory.org/gallery/screencaps/outlaw-star/episode-3/,https://animehistory.org/gallery/screencaps/outlaw-star/episode-3/?page=4,4,2026-10-07T01:48:44.729748+00:00,1ae79f36b97c17774c60833cd5337f4cde161d5213a3cdf9cea75776ea51b3ec,,UNVERIFIED
EP-03,Into Burning Space,00:20:38,1238,847793,https://animehistory.org/uploads/screencaps/outlaw-star-E003-Into-Burning-Space/cap_00-20-38_4f0f.jpg,Outlaw Star Ep 3: Into Burning Space @ 00:20:38,https://animehistory.org/gallery/screencaps/outlaw-star/episode-3/,https://animehistory.org/gallery/screencaps/outlaw-star/episode-3/?page=4,4,2026-10-07T01:48:44.729748+00:00,1ae79f36b97c17774c60833cd5337f4cde161d5213a3cdf9cea75776ea51b3ec,,UNVERIFIED
EP-03,Into Burning Space,00:20:41,1241,847794,https://animehistory.org/uploads/screencaps/outlaw-star-E003-Into-Burning-Space/cap_00-20-41_30e2.jpg,Outlaw Star Ep 3: Into Burning Space @ 00:20:41,https://animehistory.org/gallery/screencaps/outlaw-star/episode-3/,https://animehistory.org/gallery/screencaps/outlaw-star/episode-3/?page=4,4,2026-10-07T01:48:44.729748+00:00,1ae79f36b97c17774c60833cd5337f4cde161d5213a3cdf9cea75776ea51b3ec,,UNVERIFIED
EP-03,Into Burning Space,00:20:45,1245,847795,https://animehistory.org/uploads/screencaps/outlaw-star-E003-Into-Burning-Space/cap_00-20-45_2c65.jpg,Outlaw Star Ep 3: Into Burning Space @ 00:20:45,https://animehistory.org/gallery/screencaps/outlaw-star/episode-3/,https://animehistory.org/gallery/screencaps/outlaw-star/episode-3/?page=4,4,2026-10-07T01:48:44.729748+00:00,1ae79f36b97c17774c60833cd5337f4cde161d5213a3cdf9cea75776ea51b3ec,,UNVERIFIED
EP-03,Into Burning Space,00:20:49,1249,847796,https://animehistory.org/uploads/screencaps/outlaw-star-E003-Into-Burning-Space/cap_00-20-49_4b77.jpg,Outlaw Star Ep 3: Into Burning Space @ 00:20:49,https://animehistory.org/gallery/screencaps/outlaw-star/episode-3/,https://animehistory.org/gallery/screencaps/outlaw-star/episode-3/?page=4,4,2026-10-07T01:48:44.729748+00:00,1ae79f36b97c17774c60833cd5337f4cde161d5213a3cdf9cea75776ea51b3ec,,UNVERIFIED
EP-03,Into Burning Space,00:20:52,1252,847797,https://animehistory.org/uploads/screencaps/outlaw-star-E003-Into-Burning-Space/cap_00-20-52_5f81.jpg,Outlaw Star Ep 3: Into Burning Space @ 00:20:52,https://animehistory.org/gallery/screencaps/outlaw-star/episode-3/,https://animehistory.org/gallery/screencaps/outlaw-star/episode-3/?page=4,4,2026-10-07T01:48:44.729748+00:00,1ae79f36b97c17774c60833cd5337f4cde161d5213a3cdf9cea75776ea51b3ec,,UNVERIFIED
EP-03,Into Burning Space,00:20:56,1256,847798,https://animehistory.org/uploads/screencaps/outlaw-star-E003-Into-Burning-Space/cap_00-20-56_0ba2.jpg,Outlaw Star Ep 3: Into Burning Space @ 00:20:56,https://animehistory.org/gallery/screencaps/outlaw-star/episode-3/,https://animehistory.org/gallery/screencaps/outlaw-star/episode-3/?page=4,4,2026-10-07T01:48:44.729748+00:00,1ae79f36b97c17774c60833cd5337f4cde161d5213a3cdf9cea75776ea51b3ec,,UNVERIFIED
EP-03,Into Burning Space,00:21:00,1260,847799,https://animehistory.org/uploads/screencaps/outlaw-star-E003-Into-Burning-Space/cap_00-21-00_2185.jpg,Outlaw Star Ep 3: Into Burning Space @ 00:21:00,https://animehistory.org/gallery/screencaps/outlaw-star/episode-3/,https://animehistory.org/gallery/screencaps/outlaw-star/episode-3/?page=4,4,2026-10-07T01:48:44.729748+00:00,1ae79f36b97c17774c60833cd5337f4cde161d5213a3cdf9cea75776ea51b3ec,,UNVERIFIED
EP-03,Into Burning Space,00:21:03,1263,847800,https://animehistory.org/uploads/screencaps/outlaw-star-E003-Into-Burning-Space/cap_00-21-03_170d.jpg,Outlaw Star Ep 3: Into Burning Space @ 00:21:03,https://animehistory.org/gallery/screencaps/outlaw-star/episode-3/,https://animehistory.org/gallery/screencaps/outlaw-star/episode-3/?page=4,4,2026-10-07T01:48:44.729748+00:00,1ae79f36b97c17774c60833cd5337f4cde161d5213a3cdf9cea75776ea51b3ec,,UNVERIFIED
EP-03,Into Burning Space,00:21:07,1267,847801,https://animehistory.org/uploads/screencaps/outlaw-star-E003-Into-Burning-Space/cap_00-21-07_7d2e.jpg,Outlaw Star Ep 3: Into Burning Space @ 00:21:07,https://animehistory.org/gallery/screencaps/outlaw-star/episode-3/,https://animehistory.org/gallery/screencaps/outlaw-star/episode-3/?page=4,4,2026-10-07T01:48:44.729748+00:00,1ae79f36b97c17774c60833cd5337f4cde161d5213a3cdf9cea75776ea51b3ec,,UNVERIFIED
EP-03,Into Burning Space,00:21:10,1270,847802,https://animehistory.org/uploads/screencaps/outlaw-star-E003-Into-Burning-Space/cap_00-21-10_36f1.jpg,Outlaw Star Ep 3: Into Burning Space @ 00:21:10,https://animehistory.org/gallery/screencaps/outlaw-star/episode-3/,https://animehistory.org/gallery/screencaps/outlaw-star/episode-3/?page=4,4,2026-10-07T01:48:44.729748+00:00,1ae79f36b97c17774c60833cd5337f4cde161d5213a3cdf9cea75776ea51b3ec,,UNVERIFIED
EP-03,Into Burning Space,00:21:14,1274,847803,https://animehistory.org/uploads/screencaps/outlaw-star-E003-Into-Burning-Space/cap_00-21-14_52b8.jpg,Outlaw Star Ep 3: Into Burning Space @ 00:21:14,https://animehistory.org/gallery/screencaps/outlaw-star/episode-3/,https://animehistory.org/gallery/screencaps/outlaw-star/episode-3/?page=4,4,2026-10-07T01:48:44.729748+00:00,1ae79f36b97c17774c60833cd5337f4cde161d5213a3cdf9cea75776ea51b3ec,,UNVERIFIED
EP-03,Into Burning Space,00:21:18,1278,847804,https://animehistory.org/uploads/screencaps/outlaw-star-E003-Into-Burning-Space/cap_00-21-18_3b23.jpg,Outlaw Star Ep 3: Into Burning Space @ 00:21:18,https://animehistory.org/gallery/screencaps/outlaw-star/episode-3/,https://animehistory.org/gallery/screencaps/outlaw-star/episode-3/?page=4,4,2026-10-07T01:48:44.729748+00:00,1ae79f36b97c17774c60833cd5337f4cde161d5213a3cdf9cea75776ea51b3ec,,UNVERIFIED
EP-03,Into Burning Space,00:21:21,1281,847805,https://animehistory.org/uploads/screencaps/outlaw-star-E003-Into-Burning-Space/cap_00-21-21_45b4.jpg,Outlaw Star Ep 3: Into Burning Space @ 00:21:21,https://animehistory.org/gallery/screencaps/outlaw-star/episode-3/,https://animehistory.org/gallery/screencaps/outlaw-star/episode-3/?page=4,4,2026-10-07T01:48:44.729748+00:00,1ae79f36b97c17774c60833cd5337f4cde161d5213a3cdf9cea75776ea51b3ec,,UNVERIFIED
EP-03,Into Burning Space,00:21:25,1285,847806,https://animehistory.org/uploads/screencaps/outlaw-star-E003-Into-Burning-Space/cap_00-21-25_2a47.jpg,Outlaw Star Ep 3: Into Burning Space @ 00:21:25,https://animehistory.org/gallery/screencaps/outlaw-star/episode-3/,https://animehistory.org/gallery/screencaps/outlaw-star/episode-3/?page=4,4,2026-10-07T01:48:44.729748+00:00,1ae79f36b97c17774c60833cd5337f4cde161d5213a3cdf9cea75776ea51b3ec,,UNVERIFIED
EP-03,Into Burning Space,00:21:29,1289,847807,https://animehistory.org/uploads/screencaps/outlaw-star-E003-Into-Burning-Space/cap_00-21-29_3c37.jpg,Outlaw Star Ep 3: Into Burning Space @ 00:21:29,https://animehistory.org/gallery/screencaps/outlaw-star/episode-3/,https://animehistory.org/gallery/screencaps/outlaw-star/episode-3/?page=4,4,2026-10-07T01:48:44.729748+00:00,1ae79f36b97c17774c60833cd5337f4cde161d5213a3cdf9cea75776ea51b3ec,,UNVERIFIED
EP-03,Into Burning Space,00:21:32,1292,847808,https://animehistory.org/uploads/screencaps/outlaw-star-E003-Into-Burning-Space/cap_00-21-32_38cb.jpg,Outlaw Star Ep 3: Into Burning Space @ 00:21:32,https://animehistory.org/gallery/screencaps/outlaw-star/episode-3/,https://animehistory.org/gallery/screencaps/outlaw-star/episode-3/?page=4,4,2026-10-07T01:48:44.729748+00:00,1ae79f36b97c17774c60833cd5337f4cde161d5213a3cdf9cea75776ea51b3ec,,UNVERIFIED
EP-03,Into Burning Space,00:21:36,1296,847809,https://animehistory.org/uploads/screencaps/outlaw-star-E003-Into-Burning-Space/cap_00-21-36_4120.jpg,Outlaw Star Ep 3: Into Burning Space @ 00:21:36,https://animehistory.org/gallery/screencaps/outlaw-star/episode-3/,https://animehistory.org/gallery/screencaps/outlaw-star/episode-3/?page=4,4,2026-10-07T01:48:44.729748+00:00,1ae79f36b97c17774c60833cd5337f4cde161d5213a3cdf9cea75776ea51b3ec,,UNVERIFIED
EP-03,Into Burning Space,00:21:40,1300,847810,https://animehistory.org/uploads/screencaps/outlaw-star-E003-Into-Burning-Space/cap_00-21-40_583a.jpg,Outlaw Star Ep 3: Into Burning Space @ 00:21:40,https://animehistory.org/gallery/screencaps/outlaw-star/episode-3/,https://animehistory.org/gallery/screencaps/outlaw-star/episode-3/?page=4,4,2026-10-07T01:48:44.729748+00:00,1ae79f36b97c17774c60833cd5337f4cde161d5213a3cdf9cea75776ea51b3ec,,UNVERIFIED
EP-03,Into Burning Space,00:21:43,1303,847811,https://animehistory.org/uploads/screencaps/outlaw-star-E003-Into-Burning-Space/cap_00-21-43_079c.jpg,Outlaw Star Ep 3: Into Burning Space @ 00:21:43,https://animehistory.org/gallery/screencaps/outlaw-star/episode-3/,https://animehistory.org/gallery/screencaps/outlaw-star/episode-3/?page=4,4,2026-10-07T01:48:44.729748+00:00,1ae79f36b97c17774c60833cd5337f4cde161d5213a3cdf9cea75776ea51b3ec,,UNVERIFIED
EP-03,Into Burning Space,00:21:47,1307,847812,https://animehistory.org/uploads/screencaps/outlaw-star-E003-Into-Burning-Space/cap_00-21-47_352d.jpg,Outlaw Star Ep 3: Into Burning Space @ 00:21:47,https://animehistory.org/gallery/screencaps/outlaw-star/episode-3/,https://animehistory.org/gallery/screencaps/outlaw-star/episode-3/?page=4,4,2026-10-07T01:48:44.729748+00:00,1ae79f36b97c17774c60833cd5337f4cde161d5213a3cdf9cea75776ea51b3ec,,UNVERIFIED
EP-03,Into Burning Space,00:21:50,1310,847813,https://animehistory.org/uploads/screencaps/outlaw-star-E003-Into-Burning-Space/cap_00-21-50_7f45.jpg,Outlaw Star Ep 3: Into Burning Space @ 00:21:50,https://animehistory.org/gallery/screencaps/outlaw-star/episode-3/,https://animehistory.org/gallery/screencaps/outlaw-star/episode-3/?page=4,4,2026-10-07T01:48:44.729748+00:00,1ae79f36b97c17774c60833cd5337f4cde161d5213a3cdf9cea75776ea51b3ec,,UNVERIFIED
EP-03,Into Burning Space,00:21:54,1314,847814,https://animehistory.org/uploads/screencaps/outlaw-star-E003-Into-Burning-Space/cap_00-21-54_2b49.jpg,Outlaw Star Ep 3: Into Burning Space @ 00:21:54,https://animehistory.org/gallery/screencaps/outlaw-star/episode-3/,https://animehistory.org/gallery/screencaps/outlaw-star/episode-3/?page=4,4,2026-10-07T01:48:44.729748+00:00,1ae79f36b97c17774c60833cd5337f4cde161d5213a3cdf9cea75776ea51b3ec,,UNVERIFIED
EP-03,Into Burning Space,00:21:58,1318,847815,https://animehistory.org/uploads/screencaps/outlaw-star-E003-Into-Burning-Space/cap_00-21-58_1c0a.jpg,Outlaw Star Ep 3: Into Burning Space @ 00:21:58,https://animehistory.org/gallery/screencaps/outlaw-star/episode-3/,https://animehistory.org/gallery/screencaps/outlaw-star/episode-3/?page=4,4,2026-10-07T01:48:44.729748+00:00,1ae79f36b97c17774c60833cd5337f4cde161d5213a3cdf9cea75776ea51b3ec,,UNVERIFIED
EP-03,Into Burning Space,00:22:01,1321,847816,https://animehistory.org/uploads/screencaps/outlaw-star-E003-Into-Burning-Space/cap_00-22-01_7573.jpg,Outlaw Star Ep 3: Into Burning Space @ 00:22:01,https://animehistory.org/gallery/screencaps/outlaw-star/episode-3/,https://animehistory.org/gallery/screencaps/outlaw-star/episode-3/?page=4,4,2026-10-07T01:48:44.729748+00:00,1ae79f36b97c17774c60833cd5337f4cde161d5213a3cdf9cea75776ea51b3ec,,UNVERIFIED
EP-03,Into Burning Space,00:22:05,1325,847817,https://animehistory.org/uploads/screencaps/outlaw-star-E003-Into-Burning-Space/cap_00-22-05_3217.jpg,Outlaw Star Ep 3: Into Burning Space @ 00:22:05,https://animehistory.org/gallery/screencaps/outlaw-star/episode-3/,https://animehistory.org/gallery/screencaps/outlaw-star/episode-3/?page=4,4,2026-10-07T01:48:44.729748+00:00,1ae79f36b97c17774c60833cd5337f4cde161d5213a3cdf9cea75776ea51b3ec,,UNVERIFIED
EP-03,Into Burning Space,00:22:09,1329,847818,https://animehistory.org/uploads/screencaps/outlaw-star-E003-Into-Burning-Space/cap_00-22-09_06c7.jpg,Outlaw Star Ep 3: Into Burning Space @ 00:22:09,https://animehistory.org/gallery/screencaps/outlaw-star/episode-3/,https://animehistory.org/gallery/screencaps/outlaw-star/episode-3/?page=4,4,2026-10-07T01:48:44.729748+00:00,1ae79f36b97c17774c60833cd5337f4cde161d5213a3cdf9cea75776ea51b3ec,,UNVERIFIED
EP-03,Into Burning Space,00:22:12,1332,847819,https://animehistory.org/uploads/screencaps/outlaw-star-E003-Into-Burning-Space/cap_00-22-12_097b.jpg,Outlaw Star Ep 3: Into Burning Space @ 00:22:12,https://animehistory.org/gallery/screencaps/outlaw-star/episode-3/,https://animehistory.org/gallery/screencaps/outlaw-star/episode-3/?page=4,4,2026-10-07T01:48:44.729748+00:00,1ae79f36b97c17774c60833cd5337f4cde161d5213a3cdf9cea75776ea51b3ec,,UNVERIFIED
EP-03,Into Burning Space,00:22:16,1336,847820,https://animehistory.org/uploads/screencaps/outlaw-star-E003-Into-Burning-Space/cap_00-22-16_7355.jpg,Outlaw Star Ep 3: Into Burning Space @ 00:22:16,https://animehistory.org/gallery/screencaps/outlaw-star/episode-3/,https://animehistory.org/gallery/screencaps/outlaw-star/episode-3/?page=4,4,2026-10-07T01:48:44.729748+00:00,1ae79f36b97c17774c60833cd5337f4cde161d5213a3cdf9cea75776ea51b3ec,,UNVERIFIED
EP-03,Into Burning Space,00:22:20,1340,847821,https://animehistory.org/uploads/screencaps/outlaw-star-E003-Into-Burning-Space/cap_00-22-20_048e.jpg,Outlaw Star Ep 3: Into Burning Space @ 00:22:20,https://animehistory.org/gallery/screencaps/outlaw-star/episode-3/,https://animehistory.org/gallery/screencaps/outlaw-star/episode-3/?page=4,4,2026-10-07T01:48:44.729748+00:00,1ae79f36b97c17774c60833cd5337f4cde161d5213a3cdf9cea75776ea51b3ec,,UNVERIFIED
EP-03,Into Burning Space,00:22:23,1343,847822,https://animehistory.org/uploads/screencaps/outlaw-star-E003-Into-Burning-Space/cap_00-22-23_2db1.jpg,Outlaw Star Ep 3: Into Burning Space @ 00:22:23,https://animehistory.org/gallery/screencaps/outlaw-star/episode-3/,https://animehistory.org/gallery/screencaps/outlaw-star/episode-3/?page=4,4,2026-10-07T01:48:44.729748+00:00,1ae79f36b97c17774c60833cd5337f4cde161d5213a3cdf9cea75776ea51b3ec,,UNVERIFIED
EP-03,Into Burning Space,00:22:27,1347,847823,https://animehistory.org/uploads/screencaps/outlaw-star-E003-Into-Burning-Space/cap_00-22-27_715e.jpg,Outlaw Star Ep 3: Into Burning Space @ 00:22:27,https://animehistory.org/gallery/screencaps/outlaw-star/episode-3/,https://animehistory.org/gallery/screencaps/outlaw-star/episode-3/?page=4,4,2026-10-07T01:48:44.729748+00:00,1ae79f36b97c17774c60833cd5337f4cde161d5213a3cdf9cea75776ea51b3ec,,UNVERIFIED
EP-03,Into Burning Space,00:22:30,1350,847824,https://animehistory.org/uploads/screencaps/outlaw-star-E003-Into-Burning-Space/cap_00-22-30_76eb.jpg,Outlaw Star Ep 3: Into Burning Space @ 00:22:30,https://animehistory.org/gallery/screencaps/outlaw-star/episode-3/,https://animehistory.org/gallery/screencaps/outlaw-star/episode-3/?page=4,4,2026-10-07T01:48:44.729748+00:00,1ae79f36b97c17774c60833cd5337f4cde161d5213a3cdf9cea75776ea51b3ec,,UNVERIFIED
EP-03,Into Burning Space,00:22:34,1354,847825,https://animehistory.org/uploads/screencaps/outlaw-star-E003-Into-Burning-Space/cap_00-22-34_5cec.jpg,Outlaw Star Ep 3: Into Burning Space @ 00:22:34,https://animehistory.org/gallery/screencaps/outlaw-star/episode-3/,https://animehistory.org/gallery/screencaps/outlaw-star/episode-3/?page=4,4,2026-10-07T01:48:44.729748+00:00,1ae79f36b97c17774c60833cd5337f4cde161d5213a3cdf9cea75776ea51b3ec,,UNVERIFIED
EP-03,Into Burning Space,00:22:38,1358,847826,https://animehistory.org/uploads/screencaps/outlaw-star-E003-Into-Burning-Space/cap_00-22-38_0245.jpg,Outlaw Star Ep 3: Into Burning Space @ 00:22:38,https://animehistory.org/gallery/screencaps/outlaw-star/episode-3/,https://animehistory.org/gallery/screencaps/outlaw-star/episode-3/?page=4,4,2026-10-07T01:48:44.729748+00:00,1ae79f36b97c17774c60833cd5337f4cde161d5213a3cdf9cea75776ea51b3ec,,UNVERIFIED
EP-03,Into Burning Space,00:22:41,1361,847827,https://animehistory.org/uploads/screencaps/outlaw-star-E003-Into-Burning-Space/cap_00-22-41_4b72.jpg,Outlaw Star Ep 3: Into Burning Space @ 00:22:41,https://animehistory.org/gallery/screencaps/outlaw-star/episode-3/,https://animehistory.org/gallery/screencaps/outlaw-star/episode-3/?page=4,4,2026-10-07T01:48:44.729748+00:00,1ae79f36b97c17774c60833cd5337f4cde161d5213a3cdf9cea75776ea51b3ec,,UNVERIFIED
EP-03,Into Burning Space,00:22:45,1365,847828,https://animehistory.org/uploads/screencaps/outlaw-star-E003-Into-Burning-Space/cap_00-22-45_27a4.jpg,Outlaw Star Ep 3: Into Burning Space @ 00:22:45,https://animehistory.org/gallery/screencaps/outlaw-star/episode-3/,https://animehistory.org/gallery/screencaps/outlaw-star/episode-3/?page=4,4,2026-10-07T01:48:44.729748+00:00,1ae79f36b97c17774c60833cd5337f4cde161d5213a3cdf9cea75776ea51b3ec,,UNVERIFIED
EP-03,Into Burning Space,00:22:49,1369,847829,https://animehistory.org/uploads/screencaps/outlaw-star-E003-Into-Burning-Space/cap_00-22-49_35ea.jpg,Outlaw Star Ep 3: Into Burning Space @ 00:22:49,https://animehistory.org/gallery/screencaps/outlaw-star/episode-3/,https://animehistory.org/gallery/screencaps/outlaw-star/episode-3/?page=4,4,2026-10-07T01:48:44.729748+00:00,1ae79f36b97c17774c60833cd5337f4cde161d5213a3cdf9cea75776ea51b3ec,,UNVERIFIED
EP-03,Into Burning Space,00:22:52,1372,847830,https://animehistory.org/uploads/screencaps/outlaw-star-E003-Into-Burning-Space/cap_00-22-52_64ff.jpg,Outlaw Star Ep 3: Into Burning Space @ 00:22:52,https://animehistory.org/gallery/screencaps/outlaw-star/episode-3/,https://animehistory.org/gallery/screencaps/outlaw-star/episode-3/?page=4,4,2026-10-07T01:48:44.729748+00:00,1ae79f36b97c17774c60833cd5337f4cde161d5213a3cdf9cea75776ea51b3ec,,UNVERIFIED
EP-03,Into Burning Space,00:22:56,1376,847831,https://animehistory.org/uploads/screencaps/outlaw-star-E003-Into-Burning-Space/cap_00-22-56_2ba5.jpg,Outlaw Star Ep 3: Into Burning Space @ 00:22:56,https://animehistory.org/gallery/screencaps/outlaw-star/episode-3/,https://animehistory.org/gallery/screencaps/outlaw-star/episode-3/?page=4,4,2026-10-07T01:48:44.729748+00:00,1ae79f36b97c17774c60833cd5337f4cde161d5213a3cdf9cea75776ea51b3ec,,UNVERIFIED
EP-03,Into Burning Space,00:23:00,1380,847832,https://animehistory.org/uploads/screencaps/outlaw-star-E003-Into-Burning-Space/cap_00-23-00_31b4.jpg,Outlaw Star Ep 3: Into Burning Space @ 00:23:00,https://animehistory.org/gallery/screencaps/outlaw-star/episode-3/,https://animehistory.org/gallery/screencaps/outlaw-star/episode-3/?page=4,4,2026-10-07T01:48:44.729748+00:00,1ae79f36b97c17774c60833cd5337f4cde161d5213a3cdf9cea75776ea51b3ec,,UNVERIFIED
EP-03,Into Burning Space,00:23:03,1383,847833,https://animehistory.org/uploads/screencaps/outlaw-star-E003-Into-Burning-Space/cap_00-23-03_0657.jpg,Outlaw Star Ep 3: Into Burning Space @ 00:23:03,https://animehistory.org/gallery/screencaps/outlaw-star/episode-3/,https://animehistory.org/gallery/screencaps/outlaw-star/episode-3/?page=4,4,2026-10-07T01:48:44.729748+00:00,1ae79f36b97c17774c60833cd5337f4cde161d5213a3cdf9cea75776ea51b3ec,,UNVERIFIED
EP-03,Into Burning Space,00:23:07,1387,847834,https://animehistory.org/uploads/screencaps/outlaw-star-E003-Into-Burning-Space/cap_00-23-07_63cc.jpg,Outlaw Star Ep 3: Into Burning Space @ 00:23:07,https://animehistory.org/gallery/screencaps/outlaw-star/episode-3/,https://animehistory.org/gallery/screencaps/outlaw-star/episode-3/?page=4,4,2026-10-07T01:48:44.729748+00:00,1ae79f36b97c17774c60833cd5337f4cde161d5213a3cdf9cea75776ea51b3ec,,UNVERIFIED
