episode_id,episode_title,web_timestamp,web_seconds,image_id,image_url,caption,gallery_url,source_page_url,source_page,retrieved_utc,html_sha256,local_timestamp,alignment_status
EP-11,Adrift in Subspace,00:01:43,103,850313,https://animehistory.org/uploads/screencaps/outlaw-star-E011-Adrift-in-Subspace/cap_00-01-43_10cc.jpg,Outlaw Star Ep 11: Adrift in Subspace @ 00:01:43,https://animehistory.org/gallery/screencaps/outlaw-star/episode-11/,https://animehistory.org/gallery/screencaps/outlaw-star/episode-11/,1,2026-10-07T01:49:24.006669+00:00,5f6d4abad800d4b716a61ea3ae0c141434349997246abf0b467bc7e387569d07,,UNVERIFIED
EP-11,Adrift in Subspace,00:01:47,107,850314,https://animehistory.org/uploads/screencaps/outlaw-star-E011-Adrift-in-Subspace/cap_00-01-47_0d08.jpg,Outlaw Star Ep 11: Adrift in Subspace @ 00:01:47,https://animehistory.org/gallery/screencaps/outlaw-star/episode-11/,https://animehistory.org/gallery/screencaps/outlaw-star/episode-11/,1,2026-10-07T01:49:24.006669+00:00,5f6d4abad800d4b716a61ea3ae0c141434349997246abf0b467bc7e387569d07,,UNVERIFIED
EP-11,Adrift in Subspace,00:01:50,110,850315,https://animehistory.org/uploads/screencaps/outlaw-star-E011-Adrift-in-Subspace/cap_00-01-50_662e.jpg,Outlaw Star Ep 11: Adrift in Subspace @ 00:01:50,https://animehistory.org/gallery/screencaps/outlaw-star/episode-11/,https://animehistory.org/gallery/screencaps/outlaw-star/episode-11/,1,2026-10-07T01:49:24.006669+00:00,5f6d4abad800d4b716a61ea3ae0c141434349997246abf0b467bc7e387569d07,,UNVERIFIED
EP-11,Adrift in Subspace,00:01:54,114,850316,https://animehistory.org/uploads/screencaps/outlaw-star-E011-Adrift-in-Subspace/cap_00-01-54_3884.jpg,Outlaw Star Ep 11: Adrift in Subspace @ 00:01:54,https://animehistory.org/gallery/screencaps/outlaw-star/episode-11/,https://animehistory.org/gallery/screencaps/outlaw-star/episode-11/,1,2026-10-07T01:49:24.006669+00:00,5f6d4abad800d4b716a61ea3ae0c141434349997246abf0b467bc7e387569d07,,UNVERIFIED
EP-11,Adrift in Subspace,00:01:57,117,850317,https://animehistory.org/uploads/screencaps/outlaw-star-E011-Adrift-in-Subspace/cap_00-01-57_7e36.jpg,Outlaw Star Ep 11: Adrift in Subspace @ 00:01:57,https://animehistory.org/gallery/screencaps/outlaw-star/episode-11/,https://animehistory.org/gallery/screencaps/outlaw-star/episode-11/,1,2026-10-07T01:49:24.006669+00:00,5f6d4abad800d4b716a61ea3ae0c141434349997246abf0b467bc7e387569d07,,UNVERIFIED
EP-11,Adrift in Subspace,00:02:01,121,850318,https://animehistory.org/uploads/screencaps/outlaw-star-E011-Adrift-in-Subspace/cap_00-02-01_47fc.jpg,Outlaw Star Ep 11: Adrift in Subspace @ 00:02:01,https://animehistory.org/gallery/screencaps/outlaw-star/episode-11/,https://animehistory.org/gallery/screencaps/outlaw-star/episode-11/,1,2026-10-07T01:49:24.006669+00:00,5f6d4abad800d4b716a61ea3ae0c141434349997246abf0b467bc7e387569d07,,UNVERIFIED
EP-11,Adrift in Subspace,00:02:05,125,850319,https://animehistory.org/uploads/screencaps/outlaw-star-E011-Adrift-in-Subspace/cap_00-02-05_316a.jpg,Outlaw Star Ep 11: Adrift in Subspace @ 00:02:05,https://animehistory.org/gallery/screencaps/outlaw-star/episode-11/,https://animehistory.org/gallery/screencaps/outlaw-star/episode-11/,1,2026-10-07T01:49:24.006669+00:00,5f6d4abad800d4b716a61ea3ae0c141434349997246abf0b467bc7e387569d07,,UNVERIFIED
EP-11,Adrift in Subspace,00:02:08,128,850320,https://animehistory.org/uploads/screencaps/outlaw-star-E011-Adrift-in-Subspace/cap_00-02-08_3752.jpg,Outlaw Star Ep 11: Adrift in Subspace @ 00:02:08,https://animehistory.org/gallery/screencaps/outlaw-star/episode-11/,https://animehistory.org/gallery/screencaps/outlaw-star/episode-11/,1,2026-10-07T01:49:24.006669+00:00,5f6d4abad800d4b716a61ea3ae0c141434349997246abf0b467bc7e387569d07,,UNVERIFIED
EP-11,Adrift in Subspace,00:02:12,132,850321,https://animehistory.org/uploads/screencaps/outlaw-star-E011-Adrift-in-Subspace/cap_00-02-12_671c.jpg,Outlaw Star Ep 11: Adrift in Subspace @ 00:02:12,https://animehistory.org/gallery/screencaps/outlaw-star/episode-11/,https://animehistory.org/gallery/screencaps/outlaw-star/episode-11/,1,2026-10-07T01:49:24.006669+00:00,5f6d4abad800d4b716a61ea3ae0c141434349997246abf0b467bc7e387569d07,,UNVERIFIED
EP-11,Adrift in Subspace,00:02:15,135,850322,https://animehistory.org/uploads/screencaps/outlaw-star-E011-Adrift-in-Subspace/cap_00-02-15_50a0.jpg,Outlaw Star Ep 11: Adrift in Subspace @ 00:02:15,https://animehistory.org/gallery/screencaps/outlaw-star/episode-11/,https://animehistory.org/gallery/screencaps/outlaw-star/episode-11/,1,2026-10-07T01:49:24.006669+00:00,5f6d4abad800d4b716a61ea3ae0c141434349997246abf0b467bc7e387569d07,,UNVERIFIED
EP-11,Adrift in Subspace,00:02:19,139,850323,https://animehistory.org/uploads/screencaps/outlaw-star-E011-Adrift-in-Subspace/cap_00-02-19_4d21.jpg,Outlaw Star Ep 11: Adrift in Subspace @ 00:02:19,https://animehistory.org/gallery/screencaps/outlaw-star/episode-11/,https://animehistory.org/gallery/screencaps/outlaw-star/episode-11/,1,2026-10-07T01:49:24.006669+00:00,5f6d4abad800d4b716a61ea3ae0c141434349997246abf0b467bc7e387569d07,,UNVERIFIED
EP-11,Adrift in Subspace,00:02:23,143,850324,https://animehistory.org/uploads/screencaps/outlaw-star-E011-Adrift-in-Subspace/cap_00-02-23_1def.jpg,Outlaw Star Ep 11: Adrift in Subspace @ 00:02:23,https://animehistory.org/gallery/screencaps/outlaw-star/episode-11/,https://animehistory.org/gallery/screencaps/outlaw-star/episode-11/,1,2026-10-07T01:49:24.006669+00:00,5f6d4abad800d4b716a61ea3ae0c141434349997246abf0b467bc7e387569d07,,UNVERIFIED
EP-11,Adrift in Subspace,00:02:26,146,850325,https://animehistory.org/uploads/screencaps/outlaw-star-E011-Adrift-in-Subspace/cap_00-02-26_3d26.jpg,Outlaw Star Ep 11: Adrift in Subspace @ 00:02:26,https://animehistory.org/gallery/screencaps/outlaw-star/episode-11/,https://animehistory.org/gallery/screencaps/outlaw-star/episode-11/,1,2026-10-07T01:49:24.006669+00:00,5f6d4abad800d4b716a61ea3ae0c141434349997246abf0b467bc7e387569d07,,UNVERIFIED
EP-11,Adrift in Subspace,00:02:30,150,850326,https://animehistory.org/uploads/screencaps/outlaw-star-E011-Adrift-in-Subspace/cap_00-02-30_79d1.jpg,Outlaw Star Ep 11: Adrift in Subspace @ 00:02:30,https://animehistory.org/gallery/screencaps/outlaw-star/episode-11/,https://animehistory.org/gallery/screencaps/outlaw-star/episode-11/,1,2026-10-07T01:49:24.006669+00:00,5f6d4abad800d4b716a61ea3ae0c141434349997246abf0b467bc7e387569d07,,UNVERIFIED
EP-11,Adrift in Subspace,00:02:33,153,850327,https://animehistory.org/uploads/screencaps/outlaw-star-E011-Adrift-in-Subspace/cap_00-02-33_1baf.jpg,Outlaw Star Ep 11: Adrift in Subspace @ 00:02:33,https://animehistory.org/gallery/screencaps/outlaw-star/episode-11/,https://animehistory.org/gallery/screencaps/outlaw-star/episode-11/,1,2026-10-07T01:49:24.006669+00:00,5f6d4abad800d4b716a61ea3ae0c141434349997246abf0b467bc7e387569d07,,UNVERIFIED
EP-11,Adrift in Subspace,00:02:37,157,850328,https://animehistory.org/uploads/screencaps/outlaw-star-E011-Adrift-in-Subspace/cap_00-02-37_5370.jpg,Outlaw Star Ep 11: Adrift in Subspace @ 00:02:37,https://animehistory.org/gallery/screencaps/outlaw-star/episode-11/,https://animehistory.org/gallery/screencaps/outlaw-star/episode-11/,1,2026-10-07T01:49:24.006669+00:00,5f6d4abad800d4b716a61ea3ae0c141434349997246abf0b467bc7e387569d07,,UNVERIFIED
EP-11,Adrift in Subspace,00:02:41,161,850329,https://animehistory.org/uploads/screencaps/outlaw-star-E011-Adrift-in-Subspace/cap_00-02-41_2cd5.jpg,Outlaw Star Ep 11: Adrift in Subspace @ 00:02:41,https://animehistory.org/gallery/screencaps/outlaw-star/episode-11/,https://animehistory.org/gallery/screencaps/outlaw-star/episode-11/,1,2026-10-07T01:49:24.006669+00:00,5f6d4abad800d4b716a61ea3ae0c141434349997246abf0b467bc7e387569d07,,UNVERIFIED
EP-11,Adrift in Subspace,00:02:44,164,850330,https://animehistory.org/uploads/screencaps/outlaw-star-E011-Adrift-in-Subspace/cap_00-02-44_07e0.jpg,Outlaw Star Ep 11: Adrift in Subspace @ 00:02:44,https://animehistory.org/gallery/screencaps/outlaw-star/episode-11/,https://animehistory.org/gallery/screencaps/outlaw-star/episode-11/,1,2026-10-07T01:49:24.006669+00:00,5f6d4abad800d4b716a61ea3ae0c141434349997246abf0b467bc7e387569d07,,UNVERIFIED
EP-11,Adrift in Subspace,00:02:48,168,850331,https://animehistory.org/uploads/screencaps/outlaw-star-E011-Adrift-in-Subspace/cap_00-02-48_4874.jpg,Outlaw Star Ep 11: Adrift in Subspace @ 00:02:48,https://animehistory.org/gallery/screencaps/outlaw-star/episode-11/,https://animehistory.org/gallery/screencaps/outlaw-star/episode-11/,1,2026-10-07T01:49:24.006669+00:00,5f6d4abad800d4b716a61ea3ae0c141434349997246abf0b467bc7e387569d07,,UNVERIFIED
EP-11,Adrift in Subspace,00:02:51,171,850332,https://animehistory.org/uploads/screencaps/outlaw-star-E011-Adrift-in-Subspace/cap_00-02-51_5f44.jpg,Outlaw Star Ep 11: Adrift in Subspace @ 00:02:51,https://animehistory.org/gallery/screencaps/outlaw-star/episode-11/,https://animehistory.org/gallery/screencaps/outlaw-star/episode-11/,1,2026-10-07T01:49:24.006669+00:00,5f6d4abad800d4b716a61ea3ae0c141434349997246abf0b467bc7e387569d07,,UNVERIFIED
EP-11,Adrift in Subspace,00:02:55,175,850333,https://animehistory.org/uploads/screencaps/outlaw-star-E011-Adrift-in-Subspace/cap_00-02-55_29c8.jpg,Outlaw Star Ep 11: Adrift in Subspace @ 00:02:55,https://animehistory.org/gallery/screencaps/outlaw-star/episode-11/,https://animehistory.org/gallery/screencaps/outlaw-star/episode-11/,1,2026-10-07T01:49:24.006669+00:00,5f6d4abad800d4b716a61ea3ae0c141434349997246abf0b467bc7e387569d07,,UNVERIFIED
EP-11,Adrift in Subspace,00:02:59,179,850334,https://animehistory.org/uploads/screencaps/outlaw-star-E011-Adrift-in-Subspace/cap_00-02-59_4504.jpg,Outlaw Star Ep 11: Adrift in Subspace @ 00:02:59,https://animehistory.org/gallery/screencaps/outlaw-star/episode-11/,https://animehistory.org/gallery/screencaps/outlaw-star/episode-11/,1,2026-10-07T01:49:24.006669+00:00,5f6d4abad800d4b716a61ea3ae0c141434349997246abf0b467bc7e387569d07,,UNVERIFIED
EP-11,Adrift in Subspace,00:03:02,182,850335,https://animehistory.org/uploads/screencaps/outlaw-star-E011-Adrift-in-Subspace/cap_00-03-02_0edc.jpg,Outlaw Star Ep 11: Adrift in Subspace @ 00:03:02,https://animehistory.org/gallery/screencaps/outlaw-star/episode-11/,https://animehistory.org/gallery/screencaps/outlaw-star/episode-11/,1,2026-10-07T01:49:24.006669+00:00,5f6d4abad800d4b716a61ea3ae0c141434349997246abf0b467bc7e387569d07,,UNVERIFIED
EP-11,Adrift in Subspace,00:03:06,186,850336,https://animehistory.org/uploads/screencaps/outlaw-star-E011-Adrift-in-Subspace/cap_00-03-06_5316.jpg,Outlaw Star Ep 11: Adrift in Subspace @ 00:03:06,https://animehistory.org/gallery/screencaps/outlaw-star/episode-11/,https://animehistory.org/gallery/screencaps/outlaw-star/episode-11/,1,2026-10-07T01:49:24.006669+00:00,5f6d4abad800d4b716a61ea3ae0c141434349997246abf0b467bc7e387569d07,,UNVERIFIED
EP-11,Adrift in Subspace,00:03:09,189,850337,https://animehistory.org/uploads/screencaps/outlaw-star-E011-Adrift-in-Subspace/cap_00-03-09_1402.jpg,Outlaw Star Ep 11: Adrift in Subspace @ 00:03:09,https://animehistory.org/gallery/screencaps/outlaw-star/episode-11/,https://animehistory.org/gallery/screencaps/outlaw-star/episode-11/,1,2026-10-07T01:49:24.006669+00:00,5f6d4abad800d4b716a61ea3ae0c141434349997246abf0b467bc7e387569d07,,UNVERIFIED
EP-11,Adrift in Subspace,00:03:13,193,850338,https://animehistory.org/uploads/screencaps/outlaw-star-E011-Adrift-in-Subspace/cap_00-03-13_0d6a.jpg,Outlaw Star Ep 11: Adrift in Subspace @ 00:03:13,https://animehistory.org/gallery/screencaps/outlaw-star/episode-11/,https://animehistory.org/gallery/screencaps/outlaw-star/episode-11/,1,2026-10-07T01:49:24.006669+00:00,5f6d4abad800d4b716a61ea3ae0c141434349997246abf0b467bc7e387569d07,,UNVERIFIED
EP-11,Adrift in Subspace,00:03:17,197,850339,https://animehistory.org/uploads/screencaps/outlaw-star-E011-Adrift-in-Subspace/cap_00-03-17_4595.jpg,Outlaw Star Ep 11: Adrift in Subspace @ 00:03:17,https://animehistory.org/gallery/screencaps/outlaw-star/episode-11/,https://animehistory.org/gallery/screencaps/outlaw-star/episode-11/,1,2026-10-07T01:49:24.006669+00:00,5f6d4abad800d4b716a61ea3ae0c141434349997246abf0b467bc7e387569d07,,UNVERIFIED
EP-11,Adrift in Subspace,00:03:20,200,850340,https://animehistory.org/uploads/screencaps/outlaw-star-E011-Adrift-in-Subspace/cap_00-03-20_17c0.jpg,Outlaw Star Ep 11: Adrift in Subspace @ 00:03:20,https://animehistory.org/gallery/screencaps/outlaw-star/episode-11/,https://animehistory.org/gallery/screencaps/outlaw-star/episode-11/,1,2026-10-07T01:49:24.006669+00:00,5f6d4abad800d4b716a61ea3ae0c141434349997246abf0b467bc7e387569d07,,UNVERIFIED
EP-11,Adrift in Subspace,00:03:24,204,850341,https://animehistory.org/uploads/screencaps/outlaw-star-E011-Adrift-in-Subspace/cap_00-03-24_28e1.jpg,Outlaw Star Ep 11: Adrift in Subspace @ 00:03:24,https://animehistory.org/gallery/screencaps/outlaw-star/episode-11/,https://animehistory.org/gallery/screencaps/outlaw-star/episode-11/,1,2026-10-07T01:49:24.006669+00:00,5f6d4abad800d4b716a61ea3ae0c141434349997246abf0b467bc7e387569d07,,UNVERIFIED
EP-11,Adrift in Subspace,00:03:27,207,850342,https://animehistory.org/uploads/screencaps/outlaw-star-E011-Adrift-in-Subspace/cap_00-03-27_72a7.jpg,Outlaw Star Ep 11: Adrift in Subspace @ 00:03:27,https://animehistory.org/gallery/screencaps/outlaw-star/episode-11/,https://animehistory.org/gallery/screencaps/outlaw-star/episode-11/,1,2026-10-07T01:49:24.006669+00:00,5f6d4abad800d4b716a61ea3ae0c141434349997246abf0b467bc7e387569d07,,UNVERIFIED
EP-11,Adrift in Subspace,00:03:31,211,850343,https://animehistory.org/uploads/screencaps/outlaw-star-E011-Adrift-in-Subspace/cap_00-03-31_20a0.jpg,Outlaw Star Ep 11: Adrift in Subspace @ 00:03:31,https://animehistory.org/gallery/screencaps/outlaw-star/episode-11/,https://animehistory.org/gallery/screencaps/outlaw-star/episode-11/,1,2026-10-07T01:49:24.006669+00:00,5f6d4abad800d4b716a61ea3ae0c141434349997246abf0b467bc7e387569d07,,UNVERIFIED
EP-11,Adrift in Subspace,00:03:35,215,850344,https://animehistory.org/uploads/screencaps/outlaw-star-E011-Adrift-in-Subspace/cap_00-03-35_084b.jpg,Outlaw Star Ep 11: Adrift in Subspace @ 00:03:35,https://animehistory.org/gallery/screencaps/outlaw-star/episode-11/,https://animehistory.org/gallery/screencaps/outlaw-star/episode-11/,1,2026-10-07T01:49:24.006669+00:00,5f6d4abad800d4b716a61ea3ae0c141434349997246abf0b467bc7e387569d07,,UNVERIFIED
EP-11,Adrift in Subspace,00:03:38,218,850345,https://animehistory.org/uploads/screencaps/outlaw-star-E011-Adrift-in-Subspace/cap_00-03-38_1117.jpg,Outlaw Star Ep 11: Adrift in Subspace @ 00:03:38,https://animehistory.org/gallery/screencaps/outlaw-star/episode-11/,https://animehistory.org/gallery/screencaps/outlaw-star/episode-11/,1,2026-10-07T01:49:24.006669+00:00,5f6d4abad800d4b716a61ea3ae0c141434349997246abf0b467bc7e387569d07,,UNVERIFIED
EP-11,Adrift in Subspace,00:03:42,222,850346,https://animehistory.org/uploads/screencaps/outlaw-star-E011-Adrift-in-Subspace/cap_00-03-42_5dc9.jpg,Outlaw Star Ep 11: Adrift in Subspace @ 00:03:42,https://animehistory.org/gallery/screencaps/outlaw-star/episode-11/,https://animehistory.org/gallery/screencaps/outlaw-star/episode-11/,1,2026-10-07T01:49:24.006669+00:00,5f6d4abad800d4b716a61ea3ae0c141434349997246abf0b467bc7e387569d07,,UNVERIFIED
EP-11,Adrift in Subspace,00:03:45,225,850347,https://animehistory.org/uploads/screencaps/outlaw-star-E011-Adrift-in-Subspace/cap_00-03-45_081d.jpg,Outlaw Star Ep 11: Adrift in Subspace @ 00:03:45,https://animehistory.org/gallery/screencaps/outlaw-star/episode-11/,https://animehistory.org/gallery/screencaps/outlaw-star/episode-11/,1,2026-10-07T01:49:24.006669+00:00,5f6d4abad800d4b716a61ea3ae0c141434349997246abf0b467bc7e387569d07,,UNVERIFIED
EP-11,Adrift in Subspace,00:03:49,229,850348,https://animehistory.org/uploads/screencaps/outlaw-star-E011-Adrift-in-Subspace/cap_00-03-49_4a76.jpg,Outlaw Star Ep 11: Adrift in Subspace @ 00:03:49,https://animehistory.org/gallery/screencaps/outlaw-star/episode-11/,https://animehistory.org/gallery/screencaps/outlaw-star/episode-11/,1,2026-10-07T01:49:24.006669+00:00,5f6d4abad800d4b716a61ea3ae0c141434349997246abf0b467bc7e387569d07,,UNVERIFIED
EP-11,Adrift in Subspace,00:03:53,233,850349,https://animehistory.org/uploads/screencaps/outlaw-star-E011-Adrift-in-Subspace/cap_00-03-53_08dd.jpg,Outlaw Star Ep 11: Adrift in Subspace @ 00:03:53,https://animehistory.org/gallery/screencaps/outlaw-star/episode-11/,https://animehistory.org/gallery/screencaps/outlaw-star/episode-11/,1,2026-10-07T01:49:24.006669+00:00,5f6d4abad800d4b716a61ea3ae0c141434349997246abf0b467bc7e387569d07,,UNVERIFIED
EP-11,Adrift in Subspace,00:03:56,236,850350,https://animehistory.org/uploads/screencaps/outlaw-star-E011-Adrift-in-Subspace/cap_00-03-56_7137.jpg,Outlaw Star Ep 11: Adrift in Subspace @ 00:03:56,https://animehistory.org/gallery/screencaps/outlaw-star/episode-11/,https://animehistory.org/gallery/screencaps/outlaw-star/episode-11/,1,2026-10-07T01:49:24.006669+00:00,5f6d4abad800d4b716a61ea3ae0c141434349997246abf0b467bc7e387569d07,,UNVERIFIED
EP-11,Adrift in Subspace,00:04:00,240,850351,https://animehistory.org/uploads/screencaps/outlaw-star-E011-Adrift-in-Subspace/cap_00-04-00_136d.jpg,Outlaw Star Ep 11: Adrift in Subspace @ 00:04:00,https://animehistory.org/gallery/screencaps/outlaw-star/episode-11/,https://animehistory.org/gallery/screencaps/outlaw-star/episode-11/,1,2026-10-07T01:49:24.006669+00:00,5f6d4abad800d4b716a61ea3ae0c141434349997246abf0b467bc7e387569d07,,UNVERIFIED
EP-11,Adrift in Subspace,00:04:03,243,850352,https://animehistory.org/uploads/screencaps/outlaw-star-E011-Adrift-in-Subspace/cap_00-04-03_090e.jpg,Outlaw Star Ep 11: Adrift in Subspace @ 00:04:03,https://animehistory.org/gallery/screencaps/outlaw-star/episode-11/,https://animehistory.org/gallery/screencaps/outlaw-star/episode-11/,1,2026-10-07T01:49:24.006669+00:00,5f6d4abad800d4b716a61ea3ae0c141434349997246abf0b467bc7e387569d07,,UNVERIFIED
EP-11,Adrift in Subspace,00:04:07,247,850353,https://animehistory.org/uploads/screencaps/outlaw-star-E011-Adrift-in-Subspace/cap_00-04-07_0e83.jpg,Outlaw Star Ep 11: Adrift in Subspace @ 00:04:07,https://animehistory.org/gallery/screencaps/outlaw-star/episode-11/,https://animehistory.org/gallery/screencaps/outlaw-star/episode-11/,1,2026-10-07T01:49:24.006669+00:00,5f6d4abad800d4b716a61ea3ae0c141434349997246abf0b467bc7e387569d07,,UNVERIFIED
EP-11,Adrift in Subspace,00:04:11,251,850354,https://animehistory.org/uploads/screencaps/outlaw-star-E011-Adrift-in-Subspace/cap_00-04-11_1f3d.jpg,Outlaw Star Ep 11: Adrift in Subspace @ 00:04:11,https://animehistory.org/gallery/screencaps/outlaw-star/episode-11/,https://animehistory.org/gallery/screencaps/outlaw-star/episode-11/,1,2026-10-07T01:49:24.006669+00:00,5f6d4abad800d4b716a61ea3ae0c141434349997246abf0b467bc7e387569d07,,UNVERIFIED
EP-11,Adrift in Subspace,00:04:14,254,850355,https://animehistory.org/uploads/screencaps/outlaw-star-E011-Adrift-in-Subspace/cap_00-04-14_1f6f.jpg,Outlaw Star Ep 11: Adrift in Subspace @ 00:04:14,https://animehistory.org/gallery/screencaps/outlaw-star/episode-11/,https://animehistory.org/gallery/screencaps/outlaw-star/episode-11/,1,2026-10-07T01:49:24.006669+00:00,5f6d4abad800d4b716a61ea3ae0c141434349997246abf0b467bc7e387569d07,,UNVERIFIED
EP-11,Adrift in Subspace,00:04:18,258,850356,https://animehistory.org/uploads/screencaps/outlaw-star-E011-Adrift-in-Subspace/cap_00-04-18_0a2a.jpg,Outlaw Star Ep 11: Adrift in Subspace @ 00:04:18,https://animehistory.org/gallery/screencaps/outlaw-star/episode-11/,https://animehistory.org/gallery/screencaps/outlaw-star/episode-11/,1,2026-10-07T01:49:24.006669+00:00,5f6d4abad800d4b716a61ea3ae0c141434349997246abf0b467bc7e387569d07,,UNVERIFIED
EP-11,Adrift in Subspace,00:04:21,261,850357,https://animehistory.org/uploads/screencaps/outlaw-star-E011-Adrift-in-Subspace/cap_00-04-21_06aa.jpg,Outlaw Star Ep 11: Adrift in Subspace @ 00:04:21,https://animehistory.org/gallery/screencaps/outlaw-star/episode-11/,https://animehistory.org/gallery/screencaps/outlaw-star/episode-11/,1,2026-10-07T01:49:24.006669+00:00,5f6d4abad800d4b716a61ea3ae0c141434349997246abf0b467bc7e387569d07,,UNVERIFIED
EP-11,Adrift in Subspace,00:04:25,265,850358,https://animehistory.org/uploads/screencaps/outlaw-star-E011-Adrift-in-Subspace/cap_00-04-25_309b.jpg,Outlaw Star Ep 11: Adrift in Subspace @ 00:04:25,https://animehistory.org/gallery/screencaps/outlaw-star/episode-11/,https://animehistory.org/gallery/screencaps/outlaw-star/episode-11/,1,2026-10-07T01:49:24.006669+00:00,5f6d4abad800d4b716a61ea3ae0c141434349997246abf0b467bc7e387569d07,,UNVERIFIED
EP-11,Adrift in Subspace,00:04:29,269,850359,https://animehistory.org/uploads/screencaps/outlaw-star-E011-Adrift-in-Subspace/cap_00-04-29_796c.jpg,Outlaw Star Ep 11: Adrift in Subspace @ 00:04:29,https://animehistory.org/gallery/screencaps/outlaw-star/episode-11/,https://animehistory.org/gallery/screencaps/outlaw-star/episode-11/,1,2026-10-07T01:49:24.006669+00:00,5f6d4abad800d4b716a61ea3ae0c141434349997246abf0b467bc7e387569d07,,UNVERIFIED
EP-11,Adrift in Subspace,00:04:32,272,850360,https://animehistory.org/uploads/screencaps/outlaw-star-E011-Adrift-in-Subspace/cap_00-04-32_4b0a.jpg,Outlaw Star Ep 11: Adrift in Subspace @ 00:04:32,https://animehistory.org/gallery/screencaps/outlaw-star/episode-11/,https://animehistory.org/gallery/screencaps/outlaw-star/episode-11/,1,2026-10-07T01:49:24.006669+00:00,5f6d4abad800d4b716a61ea3ae0c141434349997246abf0b467bc7e387569d07,,UNVERIFIED
EP-11,Adrift in Subspace,00:04:36,276,850361,https://animehistory.org/uploads/screencaps/outlaw-star-E011-Adrift-in-Subspace/cap_00-04-36_4060.jpg,Outlaw Star Ep 11: Adrift in Subspace @ 00:04:36,https://animehistory.org/gallery/screencaps/outlaw-star/episode-11/,https://animehistory.org/gallery/screencaps/outlaw-star/episode-11/,1,2026-10-07T01:49:24.006669+00:00,5f6d4abad800d4b716a61ea3ae0c141434349997246abf0b467bc7e387569d07,,UNVERIFIED
EP-11,Adrift in Subspace,00:04:39,279,850362,https://animehistory.org/uploads/screencaps/outlaw-star-E011-Adrift-in-Subspace/cap_00-04-39_2de6.jpg,Outlaw Star Ep 11: Adrift in Subspace @ 00:04:39,https://animehistory.org/gallery/screencaps/outlaw-star/episode-11/,https://animehistory.org/gallery/screencaps/outlaw-star/episode-11/,1,2026-10-07T01:49:24.006669+00:00,5f6d4abad800d4b716a61ea3ae0c141434349997246abf0b467bc7e387569d07,,UNVERIFIED
EP-11,Adrift in Subspace,00:04:43,283,850363,https://animehistory.org/uploads/screencaps/outlaw-star-E011-Adrift-in-Subspace/cap_00-04-43_16fe.jpg,Outlaw Star Ep 11: Adrift in Subspace @ 00:04:43,https://animehistory.org/gallery/screencaps/outlaw-star/episode-11/,https://animehistory.org/gallery/screencaps/outlaw-star/episode-11/,1,2026-10-07T01:49:24.006669+00:00,5f6d4abad800d4b716a61ea3ae0c141434349997246abf0b467bc7e387569d07,,UNVERIFIED
EP-11,Adrift in Subspace,00:04:47,287,850364,https://animehistory.org/uploads/screencaps/outlaw-star-E011-Adrift-in-Subspace/cap_00-04-47_7ce7.jpg,Outlaw Star Ep 11: Adrift in Subspace @ 00:04:47,https://animehistory.org/gallery/screencaps/outlaw-star/episode-11/,https://animehistory.org/gallery/screencaps/outlaw-star/episode-11/,1,2026-10-07T01:49:24.006669+00:00,5f6d4abad800d4b716a61ea3ae0c141434349997246abf0b467bc7e387569d07,,UNVERIFIED
EP-11,Adrift in Subspace,00:04:50,290,850365,https://animehistory.org/uploads/screencaps/outlaw-star-E011-Adrift-in-Subspace/cap_00-04-50_63fa.jpg,Outlaw Star Ep 11: Adrift in Subspace @ 00:04:50,https://animehistory.org/gallery/screencaps/outlaw-star/episode-11/,https://animehistory.org/gallery/screencaps/outlaw-star/episode-11/,1,2026-10-07T01:49:24.006669+00:00,5f6d4abad800d4b716a61ea3ae0c141434349997246abf0b467bc7e387569d07,,UNVERIFIED
EP-11,Adrift in Subspace,00:04:54,294,850366,https://animehistory.org/uploads/screencaps/outlaw-star-E011-Adrift-in-Subspace/cap_00-04-54_36c1.jpg,Outlaw Star Ep 11: Adrift in Subspace @ 00:04:54,https://animehistory.org/gallery/screencaps/outlaw-star/episode-11/,https://animehistory.org/gallery/screencaps/outlaw-star/episode-11/,1,2026-10-07T01:49:24.006669+00:00,5f6d4abad800d4b716a61ea3ae0c141434349997246abf0b467bc7e387569d07,,UNVERIFIED
EP-11,Adrift in Subspace,00:04:57,297,850367,https://animehistory.org/uploads/screencaps/outlaw-star-E011-Adrift-in-Subspace/cap_00-04-57_570a.jpg,Outlaw Star Ep 11: Adrift in Subspace @ 00:04:57,https://animehistory.org/gallery/screencaps/outlaw-star/episode-11/,https://animehistory.org/gallery/screencaps/outlaw-star/episode-11/,1,2026-10-07T01:49:24.006669+00:00,5f6d4abad800d4b716a61ea3ae0c141434349997246abf0b467bc7e387569d07,,UNVERIFIED
EP-11,Adrift in Subspace,00:05:01,301,850368,https://animehistory.org/uploads/screencaps/outlaw-star-E011-Adrift-in-Subspace/cap_00-05-01_0448.jpg,Outlaw Star Ep 11: Adrift in Subspace @ 00:05:01,https://animehistory.org/gallery/screencaps/outlaw-star/episode-11/,https://animehistory.org/gallery/screencaps/outlaw-star/episode-11/,1,2026-10-07T01:49:24.006669+00:00,5f6d4abad800d4b716a61ea3ae0c141434349997246abf0b467bc7e387569d07,,UNVERIFIED
EP-11,Adrift in Subspace,00:05:05,305,850369,https://animehistory.org/uploads/screencaps/outlaw-star-E011-Adrift-in-Subspace/cap_00-05-05_2580.jpg,Outlaw Star Ep 11: Adrift in Subspace @ 00:05:05,https://animehistory.org/gallery/screencaps/outlaw-star/episode-11/,https://animehistory.org/gallery/screencaps/outlaw-star/episode-11/,1,2026-10-07T01:49:24.006669+00:00,5f6d4abad800d4b716a61ea3ae0c141434349997246abf0b467bc7e387569d07,,UNVERIFIED
EP-11,Adrift in Subspace,00:05:08,308,850370,https://animehistory.org/uploads/screencaps/outlaw-star-E011-Adrift-in-Subspace/cap_00-05-08_17fb.jpg,Outlaw Star Ep 11: Adrift in Subspace @ 00:05:08,https://animehistory.org/gallery/screencaps/outlaw-star/episode-11/,https://animehistory.org/gallery/screencaps/outlaw-star/episode-11/,1,2026-10-07T01:49:24.006669+00:00,5f6d4abad800d4b716a61ea3ae0c141434349997246abf0b467bc7e387569d07,,UNVERIFIED
EP-11,Adrift in Subspace,00:05:12,312,850371,https://animehistory.org/uploads/screencaps/outlaw-star-E011-Adrift-in-Subspace/cap_00-05-12_26f1.jpg,Outlaw Star Ep 11: Adrift in Subspace @ 00:05:12,https://animehistory.org/gallery/screencaps/outlaw-star/episode-11/,https://animehistory.org/gallery/screencaps/outlaw-star/episode-11/,1,2026-10-07T01:49:24.006669+00:00,5f6d4abad800d4b716a61ea3ae0c141434349997246abf0b467bc7e387569d07,,UNVERIFIED
EP-11,Adrift in Subspace,00:05:15,315,850372,https://animehistory.org/uploads/screencaps/outlaw-star-E011-Adrift-in-Subspace/cap_00-05-15_1e8c.jpg,Outlaw Star Ep 11: Adrift in Subspace @ 00:05:15,https://animehistory.org/gallery/screencaps/outlaw-star/episode-11/,https://animehistory.org/gallery/screencaps/outlaw-star/episode-11/,1,2026-10-07T01:49:24.006669+00:00,5f6d4abad800d4b716a61ea3ae0c141434349997246abf0b467bc7e387569d07,,UNVERIFIED
EP-11,Adrift in Subspace,00:05:19,319,850373,https://animehistory.org/uploads/screencaps/outlaw-star-E011-Adrift-in-Subspace/cap_00-05-19_4bf4.jpg,Outlaw Star Ep 11: Adrift in Subspace @ 00:05:19,https://animehistory.org/gallery/screencaps/outlaw-star/episode-11/,https://animehistory.org/gallery/screencaps/outlaw-star/episode-11/,1,2026-10-07T01:49:24.006669+00:00,5f6d4abad800d4b716a61ea3ae0c141434349997246abf0b467bc7e387569d07,,UNVERIFIED
EP-11,Adrift in Subspace,00:05:23,323,850374,https://animehistory.org/uploads/screencaps/outlaw-star-E011-Adrift-in-Subspace/cap_00-05-23_19f6.jpg,Outlaw Star Ep 11: Adrift in Subspace @ 00:05:23,https://animehistory.org/gallery/screencaps/outlaw-star/episode-11/,https://animehistory.org/gallery/screencaps/outlaw-star/episode-11/,1,2026-10-07T01:49:24.006669+00:00,5f6d4abad800d4b716a61ea3ae0c141434349997246abf0b467bc7e387569d07,,UNVERIFIED
EP-11,Adrift in Subspace,00:05:26,326,850375,https://animehistory.org/uploads/screencaps/outlaw-star-E011-Adrift-in-Subspace/cap_00-05-26_0633.jpg,Outlaw Star Ep 11: Adrift in Subspace @ 00:05:26,https://animehistory.org/gallery/screencaps/outlaw-star/episode-11/,https://animehistory.org/gallery/screencaps/outlaw-star/episode-11/,1,2026-10-07T01:49:24.006669+00:00,5f6d4abad800d4b716a61ea3ae0c141434349997246abf0b467bc7e387569d07,,UNVERIFIED
EP-11,Adrift in Subspace,00:05:30,330,850376,https://animehistory.org/uploads/screencaps/outlaw-star-E011-Adrift-in-Subspace/cap_00-05-30_7f8e.jpg,Outlaw Star Ep 11: Adrift in Subspace @ 00:05:30,https://animehistory.org/gallery/screencaps/outlaw-star/episode-11/,https://animehistory.org/gallery/screencaps/outlaw-star/episode-11/,1,2026-10-07T01:49:24.006669+00:00,5f6d4abad800d4b716a61ea3ae0c141434349997246abf0b467bc7e387569d07,,UNVERIFIED
EP-11,Adrift in Subspace,00:05:33,333,850377,https://animehistory.org/uploads/screencaps/outlaw-star-E011-Adrift-in-Subspace/cap_00-05-33_1be9.jpg,Outlaw Star Ep 11: Adrift in Subspace @ 00:05:33,https://animehistory.org/gallery/screencaps/outlaw-star/episode-11/,https://animehistory.org/gallery/screencaps/outlaw-star/episode-11/,1,2026-10-07T01:49:24.006669+00:00,5f6d4abad800d4b716a61ea3ae0c141434349997246abf0b467bc7e387569d07,,UNVERIFIED
EP-11,Adrift in Subspace,00:05:37,337,850378,https://animehistory.org/uploads/screencaps/outlaw-star-E011-Adrift-in-Subspace/cap_00-05-37_4e45.jpg,Outlaw Star Ep 11: Adrift in Subspace @ 00:05:37,https://animehistory.org/gallery/screencaps/outlaw-star/episode-11/,https://animehistory.org/gallery/screencaps/outlaw-star/episode-11/,1,2026-10-07T01:49:24.006669+00:00,5f6d4abad800d4b716a61ea3ae0c141434349997246abf0b467bc7e387569d07,,UNVERIFIED
EP-11,Adrift in Subspace,00:05:41,341,850379,https://animehistory.org/uploads/screencaps/outlaw-star-E011-Adrift-in-Subspace/cap_00-05-41_511e.jpg,Outlaw Star Ep 11: Adrift in Subspace @ 00:05:41,https://animehistory.org/gallery/screencaps/outlaw-star/episode-11/,https://animehistory.org/gallery/screencaps/outlaw-star/episode-11/,1,2026-10-07T01:49:24.006669+00:00,5f6d4abad800d4b716a61ea3ae0c141434349997246abf0b467bc7e387569d07,,UNVERIFIED
EP-11,Adrift in Subspace,00:05:44,344,850380,https://animehistory.org/uploads/screencaps/outlaw-star-E011-Adrift-in-Subspace/cap_00-05-44_7edf.jpg,Outlaw Star Ep 11: Adrift in Subspace @ 00:05:44,https://animehistory.org/gallery/screencaps/outlaw-star/episode-11/,https://animehistory.org/gallery/screencaps/outlaw-star/episode-11/,1,2026-10-07T01:49:24.006669+00:00,5f6d4abad800d4b716a61ea3ae0c141434349997246abf0b467bc7e387569d07,,UNVERIFIED
EP-11,Adrift in Subspace,00:05:48,348,850381,https://animehistory.org/uploads/screencaps/outlaw-star-E011-Adrift-in-Subspace/cap_00-05-48_2add.jpg,Outlaw Star Ep 11: Adrift in Subspace @ 00:05:48,https://animehistory.org/gallery/screencaps/outlaw-star/episode-11/,https://animehistory.org/gallery/screencaps/outlaw-star/episode-11/,1,2026-10-07T01:49:24.006669+00:00,5f6d4abad800d4b716a61ea3ae0c141434349997246abf0b467bc7e387569d07,,UNVERIFIED
EP-11,Adrift in Subspace,00:05:51,351,850382,https://animehistory.org/uploads/screencaps/outlaw-star-E011-Adrift-in-Subspace/cap_00-05-51_79f4.jpg,Outlaw Star Ep 11: Adrift in Subspace @ 00:05:51,https://animehistory.org/gallery/screencaps/outlaw-star/episode-11/,https://animehistory.org/gallery/screencaps/outlaw-star/episode-11/,1,2026-10-07T01:49:24.006669+00:00,5f6d4abad800d4b716a61ea3ae0c141434349997246abf0b467bc7e387569d07,,UNVERIFIED
EP-11,Adrift in Subspace,00:05:55,355,850383,https://animehistory.org/uploads/screencaps/outlaw-star-E011-Adrift-in-Subspace/cap_00-05-55_5e96.jpg,Outlaw Star Ep 11: Adrift in Subspace @ 00:05:55,https://animehistory.org/gallery/screencaps/outlaw-star/episode-11/,https://animehistory.org/gallery/screencaps/outlaw-star/episode-11/,1,2026-10-07T01:49:24.006669+00:00,5f6d4abad800d4b716a61ea3ae0c141434349997246abf0b467bc7e387569d07,,UNVERIFIED
EP-11,Adrift in Subspace,00:05:58,358,850384,https://animehistory.org/uploads/screencaps/outlaw-star-E011-Adrift-in-Subspace/cap_00-05-58_5648.jpg,Outlaw Star Ep 11: Adrift in Subspace @ 00:05:58,https://animehistory.org/gallery/screencaps/outlaw-star/episode-11/,https://animehistory.org/gallery/screencaps/outlaw-star/episode-11/,1,2026-10-07T01:49:24.006669+00:00,5f6d4abad800d4b716a61ea3ae0c141434349997246abf0b467bc7e387569d07,,UNVERIFIED
EP-11,Adrift in Subspace,00:06:02,362,850385,https://animehistory.org/uploads/screencaps/outlaw-star-E011-Adrift-in-Subspace/cap_00-06-02_7aa1.jpg,Outlaw Star Ep 11: Adrift in Subspace @ 00:06:02,https://animehistory.org/gallery/screencaps/outlaw-star/episode-11/,https://animehistory.org/gallery/screencaps/outlaw-star/episode-11/,1,2026-10-07T01:49:24.006669+00:00,5f6d4abad800d4b716a61ea3ae0c141434349997246abf0b467bc7e387569d07,,UNVERIFIED
EP-11,Adrift in Subspace,00:06:06,366,850386,https://animehistory.org/uploads/screencaps/outlaw-star-E011-Adrift-in-Subspace/cap_00-06-06_06e6.jpg,Outlaw Star Ep 11: Adrift in Subspace @ 00:06:06,https://animehistory.org/gallery/screencaps/outlaw-star/episode-11/,https://animehistory.org/gallery/screencaps/outlaw-star/episode-11/,1,2026-10-07T01:49:24.006669+00:00,5f6d4abad800d4b716a61ea3ae0c141434349997246abf0b467bc7e387569d07,,UNVERIFIED
EP-11,Adrift in Subspace,00:06:09,369,850387,https://animehistory.org/uploads/screencaps/outlaw-star-E011-Adrift-in-Subspace/cap_00-06-09_1899.jpg,Outlaw Star Ep 11: Adrift in Subspace @ 00:06:09,https://animehistory.org/gallery/screencaps/outlaw-star/episode-11/,https://animehistory.org/gallery/screencaps/outlaw-star/episode-11/,1,2026-10-07T01:49:24.006669+00:00,5f6d4abad800d4b716a61ea3ae0c141434349997246abf0b467bc7e387569d07,,UNVERIFIED
EP-11,Adrift in Subspace,00:06:13,373,850388,https://animehistory.org/uploads/screencaps/outlaw-star-E011-Adrift-in-Subspace/cap_00-06-13_5aa1.jpg,Outlaw Star Ep 11: Adrift in Subspace @ 00:06:13,https://animehistory.org/gallery/screencaps/outlaw-star/episode-11/,https://animehistory.org/gallery/screencaps/outlaw-star/episode-11/,1,2026-10-07T01:49:24.006669+00:00,5f6d4abad800d4b716a61ea3ae0c141434349997246abf0b467bc7e387569d07,,UNVERIFIED
EP-11,Adrift in Subspace,00:06:16,376,850389,https://animehistory.org/uploads/screencaps/outlaw-star-E011-Adrift-in-Subspace/cap_00-06-16_5cad.jpg,Outlaw Star Ep 11: Adrift in Subspace @ 00:06:16,https://animehistory.org/gallery/screencaps/outlaw-star/episode-11/,https://animehistory.org/gallery/screencaps/outlaw-star/episode-11/,1,2026-10-07T01:49:24.006669+00:00,5f6d4abad800d4b716a61ea3ae0c141434349997246abf0b467bc7e387569d07,,UNVERIFIED
EP-11,Adrift in Subspace,00:06:20,380,850390,https://animehistory.org/uploads/screencaps/outlaw-star-E011-Adrift-in-Subspace/cap_00-06-20_0f07.jpg,Outlaw Star Ep 11: Adrift in Subspace @ 00:06:20,https://animehistory.org/gallery/screencaps/outlaw-star/episode-11/,https://animehistory.org/gallery/screencaps/outlaw-star/episode-11/,1,2026-10-07T01:49:24.006669+00:00,5f6d4abad800d4b716a61ea3ae0c141434349997246abf0b467bc7e387569d07,,UNVERIFIED
EP-11,Adrift in Subspace,00:06:24,384,850391,https://animehistory.org/uploads/screencaps/outlaw-star-E011-Adrift-in-Subspace/cap_00-06-24_5664.jpg,Outlaw Star Ep 11: Adrift in Subspace @ 00:06:24,https://animehistory.org/gallery/screencaps/outlaw-star/episode-11/,https://animehistory.org/gallery/screencaps/outlaw-star/episode-11/,1,2026-10-07T01:49:24.006669+00:00,5f6d4abad800d4b716a61ea3ae0c141434349997246abf0b467bc7e387569d07,,UNVERIFIED
EP-11,Adrift in Subspace,00:06:27,387,850392,https://animehistory.org/uploads/screencaps/outlaw-star-E011-Adrift-in-Subspace/cap_00-06-27_5d4e.jpg,Outlaw Star Ep 11: Adrift in Subspace @ 00:06:27,https://animehistory.org/gallery/screencaps/outlaw-star/episode-11/,https://animehistory.org/gallery/screencaps/outlaw-star/episode-11/,1,2026-10-07T01:49:24.006669+00:00,5f6d4abad800d4b716a61ea3ae0c141434349997246abf0b467bc7e387569d07,,UNVERIFIED
EP-11,Adrift in Subspace,00:06:31,391,850393,https://animehistory.org/uploads/screencaps/outlaw-star-E011-Adrift-in-Subspace/cap_00-06-31_7e8b.jpg,Outlaw Star Ep 11: Adrift in Subspace @ 00:06:31,https://animehistory.org/gallery/screencaps/outlaw-star/episode-11/,https://animehistory.org/gallery/screencaps/outlaw-star/episode-11/,1,2026-10-07T01:49:24.006669+00:00,5f6d4abad800d4b716a61ea3ae0c141434349997246abf0b467bc7e387569d07,,UNVERIFIED
EP-11,Adrift in Subspace,00:06:34,394,850394,https://animehistory.org/uploads/screencaps/outlaw-star-E011-Adrift-in-Subspace/cap_00-06-34_1615.jpg,Outlaw Star Ep 11: Adrift in Subspace @ 00:06:34,https://animehistory.org/gallery/screencaps/outlaw-star/episode-11/,https://animehistory.org/gallery/screencaps/outlaw-star/episode-11/,1,2026-10-07T01:49:24.006669+00:00,5f6d4abad800d4b716a61ea3ae0c141434349997246abf0b467bc7e387569d07,,UNVERIFIED
EP-11,Adrift in Subspace,00:06:38,398,850395,https://animehistory.org/uploads/screencaps/outlaw-star-E011-Adrift-in-Subspace/cap_00-06-38_4367.jpg,Outlaw Star Ep 11: Adrift in Subspace @ 00:06:38,https://animehistory.org/gallery/screencaps/outlaw-star/episode-11/,https://animehistory.org/gallery/screencaps/outlaw-star/episode-11/,1,2026-10-07T01:49:24.006669+00:00,5f6d4abad800d4b716a61ea3ae0c141434349997246abf0b467bc7e387569d07,,UNVERIFIED
EP-11,Adrift in Subspace,00:06:42,402,850396,https://animehistory.org/uploads/screencaps/outlaw-star-E011-Adrift-in-Subspace/cap_00-06-42_3ced.jpg,Outlaw Star Ep 11: Adrift in Subspace @ 00:06:42,https://animehistory.org/gallery/screencaps/outlaw-star/episode-11/,https://animehistory.org/gallery/screencaps/outlaw-star/episode-11/,1,2026-10-07T01:49:24.006669+00:00,5f6d4abad800d4b716a61ea3ae0c141434349997246abf0b467bc7e387569d07,,UNVERIFIED
EP-11,Adrift in Subspace,00:06:45,405,850397,https://animehistory.org/uploads/screencaps/outlaw-star-E011-Adrift-in-Subspace/cap_00-06-45_7351.jpg,Outlaw Star Ep 11: Adrift in Subspace @ 00:06:45,https://animehistory.org/gallery/screencaps/outlaw-star/episode-11/,https://animehistory.org/gallery/screencaps/outlaw-star/episode-11/,1,2026-10-07T01:49:24.006669+00:00,5f6d4abad800d4b716a61ea3ae0c141434349997246abf0b467bc7e387569d07,,UNVERIFIED
EP-11,Adrift in Subspace,00:06:49,409,850398,https://animehistory.org/uploads/screencaps/outlaw-star-E011-Adrift-in-Subspace/cap_00-06-49_5c44.jpg,Outlaw Star Ep 11: Adrift in Subspace @ 00:06:49,https://animehistory.org/gallery/screencaps/outlaw-star/episode-11/,https://animehistory.org/gallery/screencaps/outlaw-star/episode-11/,1,2026-10-07T01:49:24.006669+00:00,5f6d4abad800d4b716a61ea3ae0c141434349997246abf0b467bc7e387569d07,,UNVERIFIED
EP-11,Adrift in Subspace,00:06:52,412,850399,https://animehistory.org/uploads/screencaps/outlaw-star-E011-Adrift-in-Subspace/cap_00-06-52_1471.jpg,Outlaw Star Ep 11: Adrift in Subspace @ 00:06:52,https://animehistory.org/gallery/screencaps/outlaw-star/episode-11/,https://animehistory.org/gallery/screencaps/outlaw-star/episode-11/,1,2026-10-07T01:49:24.006669+00:00,5f6d4abad800d4b716a61ea3ae0c141434349997246abf0b467bc7e387569d07,,UNVERIFIED
EP-11,Adrift in Subspace,00:06:56,416,850400,https://animehistory.org/uploads/screencaps/outlaw-star-E011-Adrift-in-Subspace/cap_00-06-56_3575.jpg,Outlaw Star Ep 11: Adrift in Subspace @ 00:06:56,https://animehistory.org/gallery/screencaps/outlaw-star/episode-11/,https://animehistory.org/gallery/screencaps/outlaw-star/episode-11/,1,2026-10-07T01:49:24.006669+00:00,5f6d4abad800d4b716a61ea3ae0c141434349997246abf0b467bc7e387569d07,,UNVERIFIED
EP-11,Adrift in Subspace,00:07:00,420,850401,https://animehistory.org/uploads/screencaps/outlaw-star-E011-Adrift-in-Subspace/cap_00-07-00_1275.jpg,Outlaw Star Ep 11: Adrift in Subspace @ 00:07:00,https://animehistory.org/gallery/screencaps/outlaw-star/episode-11/,https://animehistory.org/gallery/screencaps/outlaw-star/episode-11/,1,2026-10-07T01:49:24.006669+00:00,5f6d4abad800d4b716a61ea3ae0c141434349997246abf0b467bc7e387569d07,,UNVERIFIED
EP-11,Adrift in Subspace,00:07:03,423,850402,https://animehistory.org/uploads/screencaps/outlaw-star-E011-Adrift-in-Subspace/cap_00-07-03_7089.jpg,Outlaw Star Ep 11: Adrift in Subspace @ 00:07:03,https://animehistory.org/gallery/screencaps/outlaw-star/episode-11/,https://animehistory.org/gallery/screencaps/outlaw-star/episode-11/,1,2026-10-07T01:49:24.006669+00:00,5f6d4abad800d4b716a61ea3ae0c141434349997246abf0b467bc7e387569d07,,UNVERIFIED
EP-11,Adrift in Subspace,00:07:07,427,850403,https://animehistory.org/uploads/screencaps/outlaw-star-E011-Adrift-in-Subspace/cap_00-07-07_65ff.jpg,Outlaw Star Ep 11: Adrift in Subspace @ 00:07:07,https://animehistory.org/gallery/screencaps/outlaw-star/episode-11/,https://animehistory.org/gallery/screencaps/outlaw-star/episode-11/,1,2026-10-07T01:49:24.006669+00:00,5f6d4abad800d4b716a61ea3ae0c141434349997246abf0b467bc7e387569d07,,UNVERIFIED
EP-11,Adrift in Subspace,00:07:10,430,850404,https://animehistory.org/uploads/screencaps/outlaw-star-E011-Adrift-in-Subspace/cap_00-07-10_3468.jpg,Outlaw Star Ep 11: Adrift in Subspace @ 00:07:10,https://animehistory.org/gallery/screencaps/outlaw-star/episode-11/,https://animehistory.org/gallery/screencaps/outlaw-star/episode-11/,1,2026-10-07T01:49:24.006669+00:00,5f6d4abad800d4b716a61ea3ae0c141434349997246abf0b467bc7e387569d07,,UNVERIFIED
EP-11,Adrift in Subspace,00:07:14,434,850405,https://animehistory.org/uploads/screencaps/outlaw-star-E011-Adrift-in-Subspace/cap_00-07-14_7627.jpg,Outlaw Star Ep 11: Adrift in Subspace @ 00:07:14,https://animehistory.org/gallery/screencaps/outlaw-star/episode-11/,https://animehistory.org/gallery/screencaps/outlaw-star/episode-11/,1,2026-10-07T01:49:24.006669+00:00,5f6d4abad800d4b716a61ea3ae0c141434349997246abf0b467bc7e387569d07,,UNVERIFIED
EP-11,Adrift in Subspace,00:07:18,438,850406,https://animehistory.org/uploads/screencaps/outlaw-star-E011-Adrift-in-Subspace/cap_00-07-18_70f6.jpg,Outlaw Star Ep 11: Adrift in Subspace @ 00:07:18,https://animehistory.org/gallery/screencaps/outlaw-star/episode-11/,https://animehistory.org/gallery/screencaps/outlaw-star/episode-11/,1,2026-10-07T01:49:24.006669+00:00,5f6d4abad800d4b716a61ea3ae0c141434349997246abf0b467bc7e387569d07,,UNVERIFIED
EP-11,Adrift in Subspace,00:07:21,441,850407,https://animehistory.org/uploads/screencaps/outlaw-star-E011-Adrift-in-Subspace/cap_00-07-21_7e4d.jpg,Outlaw Star Ep 11: Adrift in Subspace @ 00:07:21,https://animehistory.org/gallery/screencaps/outlaw-star/episode-11/,https://animehistory.org/gallery/screencaps/outlaw-star/episode-11/,1,2026-10-07T01:49:24.006669+00:00,5f6d4abad800d4b716a61ea3ae0c141434349997246abf0b467bc7e387569d07,,UNVERIFIED
EP-11,Adrift in Subspace,00:07:25,445,850408,https://animehistory.org/uploads/screencaps/outlaw-star-E011-Adrift-in-Subspace/cap_00-07-25_5889.jpg,Outlaw Star Ep 11: Adrift in Subspace @ 00:07:25,https://animehistory.org/gallery/screencaps/outlaw-star/episode-11/,https://animehistory.org/gallery/screencaps/outlaw-star/episode-11/,1,2026-10-07T01:49:24.006669+00:00,5f6d4abad800d4b716a61ea3ae0c141434349997246abf0b467bc7e387569d07,,UNVERIFIED
EP-11,Adrift in Subspace,00:07:28,448,850409,https://animehistory.org/uploads/screencaps/outlaw-star-E011-Adrift-in-Subspace/cap_00-07-28_1882.jpg,Outlaw Star Ep 11: Adrift in Subspace @ 00:07:28,https://animehistory.org/gallery/screencaps/outlaw-star/episode-11/,https://animehistory.org/gallery/screencaps/outlaw-star/episode-11/,1,2026-10-07T01:49:24.006669+00:00,5f6d4abad800d4b716a61ea3ae0c141434349997246abf0b467bc7e387569d07,,UNVERIFIED
EP-11,Adrift in Subspace,00:07:32,452,850410,https://animehistory.org/uploads/screencaps/outlaw-star-E011-Adrift-in-Subspace/cap_00-07-32_50d3.jpg,Outlaw Star Ep 11: Adrift in Subspace @ 00:07:32,https://animehistory.org/gallery/screencaps/outlaw-star/episode-11/,https://animehistory.org/gallery/screencaps/outlaw-star/episode-11/,1,2026-10-07T01:49:24.006669+00:00,5f6d4abad800d4b716a61ea3ae0c141434349997246abf0b467bc7e387569d07,,UNVERIFIED
EP-11,Adrift in Subspace,00:07:36,456,850411,https://animehistory.org/uploads/screencaps/outlaw-star-E011-Adrift-in-Subspace/cap_00-07-36_113a.jpg,Outlaw Star Ep 11: Adrift in Subspace @ 00:07:36,https://animehistory.org/gallery/screencaps/outlaw-star/episode-11/,https://animehistory.org/gallery/screencaps/outlaw-star/episode-11/,1,2026-10-07T01:49:24.006669+00:00,5f6d4abad800d4b716a61ea3ae0c141434349997246abf0b467bc7e387569d07,,UNVERIFIED
EP-11,Adrift in Subspace,00:07:39,459,850412,https://animehistory.org/uploads/screencaps/outlaw-star-E011-Adrift-in-Subspace/cap_00-07-39_1889.jpg,Outlaw Star Ep 11: Adrift in Subspace @ 00:07:39,https://animehistory.org/gallery/screencaps/outlaw-star/episode-11/,https://animehistory.org/gallery/screencaps/outlaw-star/episode-11/,1,2026-10-07T01:49:24.006669+00:00,5f6d4abad800d4b716a61ea3ae0c141434349997246abf0b467bc7e387569d07,,UNVERIFIED
EP-11,Adrift in Subspace,00:07:43,463,850413,https://animehistory.org/uploads/screencaps/outlaw-star-E011-Adrift-in-Subspace/cap_00-07-43_6d5e.jpg,Outlaw Star Ep 11: Adrift in Subspace @ 00:07:43,https://animehistory.org/gallery/screencaps/outlaw-star/episode-11/,https://animehistory.org/gallery/screencaps/outlaw-star/episode-11/?page=2,2,2026-10-07T01:49:25.373461+00:00,fcbf935cef0eb144d9a23e5edf42035b905ce02fcadb3a4a29d0eca7d1444ca0,,UNVERIFIED
EP-11,Adrift in Subspace,00:07:46,466,850414,https://animehistory.org/uploads/screencaps/outlaw-star-E011-Adrift-in-Subspace/cap_00-07-46_34f7.jpg,Outlaw Star Ep 11: Adrift in Subspace @ 00:07:46,https://animehistory.org/gallery/screencaps/outlaw-star/episode-11/,https://animehistory.org/gallery/screencaps/outlaw-star/episode-11/?page=2,2,2026-10-07T01:49:25.373461+00:00,fcbf935cef0eb144d9a23e5edf42035b905ce02fcadb3a4a29d0eca7d1444ca0,,UNVERIFIED
EP-11,Adrift in Subspace,00:07:50,470,850415,https://animehistory.org/uploads/screencaps/outlaw-star-E011-Adrift-in-Subspace/cap_00-07-50_423b.jpg,Outlaw Star Ep 11: Adrift in Subspace @ 00:07:50,https://animehistory.org/gallery/screencaps/outlaw-star/episode-11/,https://animehistory.org/gallery/screencaps/outlaw-star/episode-11/?page=2,2,2026-10-07T01:49:25.373461+00:00,fcbf935cef0eb144d9a23e5edf42035b905ce02fcadb3a4a29d0eca7d1444ca0,,UNVERIFIED
EP-11,Adrift in Subspace,00:07:54,474,850416,https://animehistory.org/uploads/screencaps/outlaw-star-E011-Adrift-in-Subspace/cap_00-07-54_5289.jpg,Outlaw Star Ep 11: Adrift in Subspace @ 00:07:54,https://animehistory.org/gallery/screencaps/outlaw-star/episode-11/,https://animehistory.org/gallery/screencaps/outlaw-star/episode-11/?page=2,2,2026-10-07T01:49:25.373461+00:00,fcbf935cef0eb144d9a23e5edf42035b905ce02fcadb3a4a29d0eca7d1444ca0,,UNVERIFIED
EP-11,Adrift in Subspace,00:07:57,477,850417,https://animehistory.org/uploads/screencaps/outlaw-star-E011-Adrift-in-Subspace/cap_00-07-57_5122.jpg,Outlaw Star Ep 11: Adrift in Subspace @ 00:07:57,https://animehistory.org/gallery/screencaps/outlaw-star/episode-11/,https://animehistory.org/gallery/screencaps/outlaw-star/episode-11/?page=2,2,2026-10-07T01:49:25.373461+00:00,fcbf935cef0eb144d9a23e5edf42035b905ce02fcadb3a4a29d0eca7d1444ca0,,UNVERIFIED
EP-11,Adrift in Subspace,00:08:01,481,850418,https://animehistory.org/uploads/screencaps/outlaw-star-E011-Adrift-in-Subspace/cap_00-08-01_217b.jpg,Outlaw Star Ep 11: Adrift in Subspace @ 00:08:01,https://animehistory.org/gallery/screencaps/outlaw-star/episode-11/,https://animehistory.org/gallery/screencaps/outlaw-star/episode-11/?page=2,2,2026-10-07T01:49:25.373461+00:00,fcbf935cef0eb144d9a23e5edf42035b905ce02fcadb3a4a29d0eca7d1444ca0,,UNVERIFIED
EP-11,Adrift in Subspace,00:08:04,484,850419,https://animehistory.org/uploads/screencaps/outlaw-star-E011-Adrift-in-Subspace/cap_00-08-04_1891.jpg,Outlaw Star Ep 11: Adrift in Subspace @ 00:08:04,https://animehistory.org/gallery/screencaps/outlaw-star/episode-11/,https://animehistory.org/gallery/screencaps/outlaw-star/episode-11/?page=2,2,2026-10-07T01:49:25.373461+00:00,fcbf935cef0eb144d9a23e5edf42035b905ce02fcadb3a4a29d0eca7d1444ca0,,UNVERIFIED
EP-11,Adrift in Subspace,00:08:08,488,850420,https://animehistory.org/uploads/screencaps/outlaw-star-E011-Adrift-in-Subspace/cap_00-08-08_5fe9.jpg,Outlaw Star Ep 11: Adrift in Subspace @ 00:08:08,https://animehistory.org/gallery/screencaps/outlaw-star/episode-11/,https://animehistory.org/gallery/screencaps/outlaw-star/episode-11/?page=2,2,2026-10-07T01:49:25.373461+00:00,fcbf935cef0eb144d9a23e5edf42035b905ce02fcadb3a4a29d0eca7d1444ca0,,UNVERIFIED
EP-11,Adrift in Subspace,00:08:12,492,850421,https://animehistory.org/uploads/screencaps/outlaw-star-E011-Adrift-in-Subspace/cap_00-08-12_3c8c.jpg,Outlaw Star Ep 11: Adrift in Subspace @ 00:08:12,https://animehistory.org/gallery/screencaps/outlaw-star/episode-11/,https://animehistory.org/gallery/screencaps/outlaw-star/episode-11/?page=2,2,2026-10-07T01:49:25.373461+00:00,fcbf935cef0eb144d9a23e5edf42035b905ce02fcadb3a4a29d0eca7d1444ca0,,UNVERIFIED
EP-11,Adrift in Subspace,00:08:15,495,850422,https://animehistory.org/uploads/screencaps/outlaw-star-E011-Adrift-in-Subspace/cap_00-08-15_5871.jpg,Outlaw Star Ep 11: Adrift in Subspace @ 00:08:15,https://animehistory.org/gallery/screencaps/outlaw-star/episode-11/,https://animehistory.org/gallery/screencaps/outlaw-star/episode-11/?page=2,2,2026-10-07T01:49:25.373461+00:00,fcbf935cef0eb144d9a23e5edf42035b905ce02fcadb3a4a29d0eca7d1444ca0,,UNVERIFIED
EP-11,Adrift in Subspace,00:08:19,499,850423,https://animehistory.org/uploads/screencaps/outlaw-star-E011-Adrift-in-Subspace/cap_00-08-19_5ec6.jpg,Outlaw Star Ep 11: Adrift in Subspace @ 00:08:19,https://animehistory.org/gallery/screencaps/outlaw-star/episode-11/,https://animehistory.org/gallery/screencaps/outlaw-star/episode-11/?page=2,2,2026-10-07T01:49:25.373461+00:00,fcbf935cef0eb144d9a23e5edf42035b905ce02fcadb3a4a29d0eca7d1444ca0,,UNVERIFIED
EP-11,Adrift in Subspace,00:08:22,502,850424,https://animehistory.org/uploads/screencaps/outlaw-star-E011-Adrift-in-Subspace/cap_00-08-22_0877.jpg,Outlaw Star Ep 11: Adrift in Subspace @ 00:08:22,https://animehistory.org/gallery/screencaps/outlaw-star/episode-11/,https://animehistory.org/gallery/screencaps/outlaw-star/episode-11/?page=2,2,2026-10-07T01:49:25.373461+00:00,fcbf935cef0eb144d9a23e5edf42035b905ce02fcadb3a4a29d0eca7d1444ca0,,UNVERIFIED
EP-11,Adrift in Subspace,00:08:26,506,850425,https://animehistory.org/uploads/screencaps/outlaw-star-E011-Adrift-in-Subspace/cap_00-08-26_1f36.jpg,Outlaw Star Ep 11: Adrift in Subspace @ 00:08:26,https://animehistory.org/gallery/screencaps/outlaw-star/episode-11/,https://animehistory.org/gallery/screencaps/outlaw-star/episode-11/?page=2,2,2026-10-07T01:49:25.373461+00:00,fcbf935cef0eb144d9a23e5edf42035b905ce02fcadb3a4a29d0eca7d1444ca0,,UNVERIFIED
EP-11,Adrift in Subspace,00:08:30,510,850426,https://animehistory.org/uploads/screencaps/outlaw-star-E011-Adrift-in-Subspace/cap_00-08-30_1549.jpg,Outlaw Star Ep 11: Adrift in Subspace @ 00:08:30,https://animehistory.org/gallery/screencaps/outlaw-star/episode-11/,https://animehistory.org/gallery/screencaps/outlaw-star/episode-11/?page=2,2,2026-10-07T01:49:25.373461+00:00,fcbf935cef0eb144d9a23e5edf42035b905ce02fcadb3a4a29d0eca7d1444ca0,,UNVERIFIED
EP-11,Adrift in Subspace,00:08:33,513,850427,https://animehistory.org/uploads/screencaps/outlaw-star-E011-Adrift-in-Subspace/cap_00-08-33_5de6.jpg,Outlaw Star Ep 11: Adrift in Subspace @ 00:08:33,https://animehistory.org/gallery/screencaps/outlaw-star/episode-11/,https://animehistory.org/gallery/screencaps/outlaw-star/episode-11/?page=2,2,2026-10-07T01:49:25.373461+00:00,fcbf935cef0eb144d9a23e5edf42035b905ce02fcadb3a4a29d0eca7d1444ca0,,UNVERIFIED
EP-11,Adrift in Subspace,00:08:37,517,850428,https://animehistory.org/uploads/screencaps/outlaw-star-E011-Adrift-in-Subspace/cap_00-08-37_2b3a.jpg,Outlaw Star Ep 11: Adrift in Subspace @ 00:08:37,https://animehistory.org/gallery/screencaps/outlaw-star/episode-11/,https://animehistory.org/gallery/screencaps/outlaw-star/episode-11/?page=2,2,2026-10-07T01:49:25.373461+00:00,fcbf935cef0eb144d9a23e5edf42035b905ce02fcadb3a4a29d0eca7d1444ca0,,UNVERIFIED
EP-11,Adrift in Subspace,00:08:40,520,850429,https://animehistory.org/uploads/screencaps/outlaw-star-E011-Adrift-in-Subspace/cap_00-08-40_37c8.jpg,Outlaw Star Ep 11: Adrift in Subspace @ 00:08:40,https://animehistory.org/gallery/screencaps/outlaw-star/episode-11/,https://animehistory.org/gallery/screencaps/outlaw-star/episode-11/?page=2,2,2026-10-07T01:49:25.373461+00:00,fcbf935cef0eb144d9a23e5edf42035b905ce02fcadb3a4a29d0eca7d1444ca0,,UNVERIFIED
EP-11,Adrift in Subspace,00:08:44,524,850430,https://animehistory.org/uploads/screencaps/outlaw-star-E011-Adrift-in-Subspace/cap_00-08-44_33c0.jpg,Outlaw Star Ep 11: Adrift in Subspace @ 00:08:44,https://animehistory.org/gallery/screencaps/outlaw-star/episode-11/,https://animehistory.org/gallery/screencaps/outlaw-star/episode-11/?page=2,2,2026-10-07T01:49:25.373461+00:00,fcbf935cef0eb144d9a23e5edf42035b905ce02fcadb3a4a29d0eca7d1444ca0,,UNVERIFIED
EP-11,Adrift in Subspace,00:08:48,528,850431,https://animehistory.org/uploads/screencaps/outlaw-star-E011-Adrift-in-Subspace/cap_00-08-48_44c9.jpg,Outlaw Star Ep 11: Adrift in Subspace @ 00:08:48,https://animehistory.org/gallery/screencaps/outlaw-star/episode-11/,https://animehistory.org/gallery/screencaps/outlaw-star/episode-11/?page=2,2,2026-10-07T01:49:25.373461+00:00,fcbf935cef0eb144d9a23e5edf42035b905ce02fcadb3a4a29d0eca7d1444ca0,,UNVERIFIED
EP-11,Adrift in Subspace,00:08:51,531,850432,https://animehistory.org/uploads/screencaps/outlaw-star-E011-Adrift-in-Subspace/cap_00-08-51_1302.jpg,Outlaw Star Ep 11: Adrift in Subspace @ 00:08:51,https://animehistory.org/gallery/screencaps/outlaw-star/episode-11/,https://animehistory.org/gallery/screencaps/outlaw-star/episode-11/?page=2,2,2026-10-07T01:49:25.373461+00:00,fcbf935cef0eb144d9a23e5edf42035b905ce02fcadb3a4a29d0eca7d1444ca0,,UNVERIFIED
EP-11,Adrift in Subspace,00:08:55,535,850433,https://animehistory.org/uploads/screencaps/outlaw-star-E011-Adrift-in-Subspace/cap_00-08-55_7622.jpg,Outlaw Star Ep 11: Adrift in Subspace @ 00:08:55,https://animehistory.org/gallery/screencaps/outlaw-star/episode-11/,https://animehistory.org/gallery/screencaps/outlaw-star/episode-11/?page=2,2,2026-10-07T01:49:25.373461+00:00,fcbf935cef0eb144d9a23e5edf42035b905ce02fcadb3a4a29d0eca7d1444ca0,,UNVERIFIED
EP-11,Adrift in Subspace,00:08:58,538,850434,https://animehistory.org/uploads/screencaps/outlaw-star-E011-Adrift-in-Subspace/cap_00-08-58_735d.jpg,Outlaw Star Ep 11: Adrift in Subspace @ 00:08:58,https://animehistory.org/gallery/screencaps/outlaw-star/episode-11/,https://animehistory.org/gallery/screencaps/outlaw-star/episode-11/?page=2,2,2026-10-07T01:49:25.373461+00:00,fcbf935cef0eb144d9a23e5edf42035b905ce02fcadb3a4a29d0eca7d1444ca0,,UNVERIFIED
EP-11,Adrift in Subspace,00:09:02,542,850435,https://animehistory.org/uploads/screencaps/outlaw-star-E011-Adrift-in-Subspace/cap_00-09-02_5ef1.jpg,Outlaw Star Ep 11: Adrift in Subspace @ 00:09:02,https://animehistory.org/gallery/screencaps/outlaw-star/episode-11/,https://animehistory.org/gallery/screencaps/outlaw-star/episode-11/?page=2,2,2026-10-07T01:49:25.373461+00:00,fcbf935cef0eb144d9a23e5edf42035b905ce02fcadb3a4a29d0eca7d1444ca0,,UNVERIFIED
EP-11,Adrift in Subspace,00:09:06,546,850436,https://animehistory.org/uploads/screencaps/outlaw-star-E011-Adrift-in-Subspace/cap_00-09-06_7587.jpg,Outlaw Star Ep 11: Adrift in Subspace @ 00:09:06,https://animehistory.org/gallery/screencaps/outlaw-star/episode-11/,https://animehistory.org/gallery/screencaps/outlaw-star/episode-11/?page=2,2,2026-10-07T01:49:25.373461+00:00,fcbf935cef0eb144d9a23e5edf42035b905ce02fcadb3a4a29d0eca7d1444ca0,,UNVERIFIED
EP-11,Adrift in Subspace,00:09:09,549,850437,https://animehistory.org/uploads/screencaps/outlaw-star-E011-Adrift-in-Subspace/cap_00-09-09_0972.jpg,Outlaw Star Ep 11: Adrift in Subspace @ 00:09:09,https://animehistory.org/gallery/screencaps/outlaw-star/episode-11/,https://animehistory.org/gallery/screencaps/outlaw-star/episode-11/?page=2,2,2026-10-07T01:49:25.373461+00:00,fcbf935cef0eb144d9a23e5edf42035b905ce02fcadb3a4a29d0eca7d1444ca0,,UNVERIFIED
EP-11,Adrift in Subspace,00:09:13,553,850438,https://animehistory.org/uploads/screencaps/outlaw-star-E011-Adrift-in-Subspace/cap_00-09-13_7ee5.jpg,Outlaw Star Ep 11: Adrift in Subspace @ 00:09:13,https://animehistory.org/gallery/screencaps/outlaw-star/episode-11/,https://animehistory.org/gallery/screencaps/outlaw-star/episode-11/?page=2,2,2026-10-07T01:49:25.373461+00:00,fcbf935cef0eb144d9a23e5edf42035b905ce02fcadb3a4a29d0eca7d1444ca0,,UNVERIFIED
EP-11,Adrift in Subspace,00:09:16,556,850439,https://animehistory.org/uploads/screencaps/outlaw-star-E011-Adrift-in-Subspace/cap_00-09-16_614b.jpg,Outlaw Star Ep 11: Adrift in Subspace @ 00:09:16,https://animehistory.org/gallery/screencaps/outlaw-star/episode-11/,https://animehistory.org/gallery/screencaps/outlaw-star/episode-11/?page=2,2,2026-10-07T01:49:25.373461+00:00,fcbf935cef0eb144d9a23e5edf42035b905ce02fcadb3a4a29d0eca7d1444ca0,,UNVERIFIED
EP-11,Adrift in Subspace,00:09:20,560,850440,https://animehistory.org/uploads/screencaps/outlaw-star-E011-Adrift-in-Subspace/cap_00-09-20_2e19.jpg,Outlaw Star Ep 11: Adrift in Subspace @ 00:09:20,https://animehistory.org/gallery/screencaps/outlaw-star/episode-11/,https://animehistory.org/gallery/screencaps/outlaw-star/episode-11/?page=2,2,2026-10-07T01:49:25.373461+00:00,fcbf935cef0eb144d9a23e5edf42035b905ce02fcadb3a4a29d0eca7d1444ca0,,UNVERIFIED
EP-11,Adrift in Subspace,00:09:24,564,850441,https://animehistory.org/uploads/screencaps/outlaw-star-E011-Adrift-in-Subspace/cap_00-09-24_5630.jpg,Outlaw Star Ep 11: Adrift in Subspace @ 00:09:24,https://animehistory.org/gallery/screencaps/outlaw-star/episode-11/,https://animehistory.org/gallery/screencaps/outlaw-star/episode-11/?page=2,2,2026-10-07T01:49:25.373461+00:00,fcbf935cef0eb144d9a23e5edf42035b905ce02fcadb3a4a29d0eca7d1444ca0,,UNVERIFIED
EP-11,Adrift in Subspace,00:09:27,567,850442,https://animehistory.org/uploads/screencaps/outlaw-star-E011-Adrift-in-Subspace/cap_00-09-27_5079.jpg,Outlaw Star Ep 11: Adrift in Subspace @ 00:09:27,https://animehistory.org/gallery/screencaps/outlaw-star/episode-11/,https://animehistory.org/gallery/screencaps/outlaw-star/episode-11/?page=2,2,2026-10-07T01:49:25.373461+00:00,fcbf935cef0eb144d9a23e5edf42035b905ce02fcadb3a4a29d0eca7d1444ca0,,UNVERIFIED
EP-11,Adrift in Subspace,00:09:31,571,850443,https://animehistory.org/uploads/screencaps/outlaw-star-E011-Adrift-in-Subspace/cap_00-09-31_4ed4.jpg,Outlaw Star Ep 11: Adrift in Subspace @ 00:09:31,https://animehistory.org/gallery/screencaps/outlaw-star/episode-11/,https://animehistory.org/gallery/screencaps/outlaw-star/episode-11/?page=2,2,2026-10-07T01:49:25.373461+00:00,fcbf935cef0eb144d9a23e5edf42035b905ce02fcadb3a4a29d0eca7d1444ca0,,UNVERIFIED
EP-11,Adrift in Subspace,00:09:34,574,850444,https://animehistory.org/uploads/screencaps/outlaw-star-E011-Adrift-in-Subspace/cap_00-09-34_4401.jpg,Outlaw Star Ep 11: Adrift in Subspace @ 00:09:34,https://animehistory.org/gallery/screencaps/outlaw-star/episode-11/,https://animehistory.org/gallery/screencaps/outlaw-star/episode-11/?page=2,2,2026-10-07T01:49:25.373461+00:00,fcbf935cef0eb144d9a23e5edf42035b905ce02fcadb3a4a29d0eca7d1444ca0,,UNVERIFIED
EP-11,Adrift in Subspace,00:09:38,578,850445,https://animehistory.org/uploads/screencaps/outlaw-star-E011-Adrift-in-Subspace/cap_00-09-38_45d7.jpg,Outlaw Star Ep 11: Adrift in Subspace @ 00:09:38,https://animehistory.org/gallery/screencaps/outlaw-star/episode-11/,https://animehistory.org/gallery/screencaps/outlaw-star/episode-11/?page=2,2,2026-10-07T01:49:25.373461+00:00,fcbf935cef0eb144d9a23e5edf42035b905ce02fcadb3a4a29d0eca7d1444ca0,,UNVERIFIED
EP-11,Adrift in Subspace,00:09:42,582,850446,https://animehistory.org/uploads/screencaps/outlaw-star-E011-Adrift-in-Subspace/cap_00-09-42_37a4.jpg,Outlaw Star Ep 11: Adrift in Subspace @ 00:09:42,https://animehistory.org/gallery/screencaps/outlaw-star/episode-11/,https://animehistory.org/gallery/screencaps/outlaw-star/episode-11/?page=2,2,2026-10-07T01:49:25.373461+00:00,fcbf935cef0eb144d9a23e5edf42035b905ce02fcadb3a4a29d0eca7d1444ca0,,UNVERIFIED
EP-11,Adrift in Subspace,00:09:45,585,850447,https://animehistory.org/uploads/screencaps/outlaw-star-E011-Adrift-in-Subspace/cap_00-09-45_0e3b.jpg,Outlaw Star Ep 11: Adrift in Subspace @ 00:09:45,https://animehistory.org/gallery/screencaps/outlaw-star/episode-11/,https://animehistory.org/gallery/screencaps/outlaw-star/episode-11/?page=2,2,2026-10-07T01:49:25.373461+00:00,fcbf935cef0eb144d9a23e5edf42035b905ce02fcadb3a4a29d0eca7d1444ca0,,UNVERIFIED
EP-11,Adrift in Subspace,00:09:49,589,850448,https://animehistory.org/uploads/screencaps/outlaw-star-E011-Adrift-in-Subspace/cap_00-09-49_0292.jpg,Outlaw Star Ep 11: Adrift in Subspace @ 00:09:49,https://animehistory.org/gallery/screencaps/outlaw-star/episode-11/,https://animehistory.org/gallery/screencaps/outlaw-star/episode-11/?page=2,2,2026-10-07T01:49:25.373461+00:00,fcbf935cef0eb144d9a23e5edf42035b905ce02fcadb3a4a29d0eca7d1444ca0,,UNVERIFIED
EP-11,Adrift in Subspace,00:09:52,592,850449,https://animehistory.org/uploads/screencaps/outlaw-star-E011-Adrift-in-Subspace/cap_00-09-52_58d3.jpg,Outlaw Star Ep 11: Adrift in Subspace @ 00:09:52,https://animehistory.org/gallery/screencaps/outlaw-star/episode-11/,https://animehistory.org/gallery/screencaps/outlaw-star/episode-11/?page=2,2,2026-10-07T01:49:25.373461+00:00,fcbf935cef0eb144d9a23e5edf42035b905ce02fcadb3a4a29d0eca7d1444ca0,,UNVERIFIED
EP-11,Adrift in Subspace,00:09:56,596,850450,https://animehistory.org/uploads/screencaps/outlaw-star-E011-Adrift-in-Subspace/cap_00-09-56_3aaf.jpg,Outlaw Star Ep 11: Adrift in Subspace @ 00:09:56,https://animehistory.org/gallery/screencaps/outlaw-star/episode-11/,https://animehistory.org/gallery/screencaps/outlaw-star/episode-11/?page=2,2,2026-10-07T01:49:25.373461+00:00,fcbf935cef0eb144d9a23e5edf42035b905ce02fcadb3a4a29d0eca7d1444ca0,,UNVERIFIED
EP-11,Adrift in Subspace,00:10:00,600,850451,https://animehistory.org/uploads/screencaps/outlaw-star-E011-Adrift-in-Subspace/cap_00-10-00_1cd6.jpg,Outlaw Star Ep 11: Adrift in Subspace @ 00:10:00,https://animehistory.org/gallery/screencaps/outlaw-star/episode-11/,https://animehistory.org/gallery/screencaps/outlaw-star/episode-11/?page=2,2,2026-10-07T01:49:25.373461+00:00,fcbf935cef0eb144d9a23e5edf42035b905ce02fcadb3a4a29d0eca7d1444ca0,,UNVERIFIED
EP-11,Adrift in Subspace,00:10:03,603,850452,https://animehistory.org/uploads/screencaps/outlaw-star-E011-Adrift-in-Subspace/cap_00-10-03_5e6b.jpg,Outlaw Star Ep 11: Adrift in Subspace @ 00:10:03,https://animehistory.org/gallery/screencaps/outlaw-star/episode-11/,https://animehistory.org/gallery/screencaps/outlaw-star/episode-11/?page=2,2,2026-10-07T01:49:25.373461+00:00,fcbf935cef0eb144d9a23e5edf42035b905ce02fcadb3a4a29d0eca7d1444ca0,,UNVERIFIED
EP-11,Adrift in Subspace,00:10:07,607,850453,https://animehistory.org/uploads/screencaps/outlaw-star-E011-Adrift-in-Subspace/cap_00-10-07_7de6.jpg,Outlaw Star Ep 11: Adrift in Subspace @ 00:10:07,https://animehistory.org/gallery/screencaps/outlaw-star/episode-11/,https://animehistory.org/gallery/screencaps/outlaw-star/episode-11/?page=2,2,2026-10-07T01:49:25.373461+00:00,fcbf935cef0eb144d9a23e5edf42035b905ce02fcadb3a4a29d0eca7d1444ca0,,UNVERIFIED
EP-11,Adrift in Subspace,00:10:10,610,850454,https://animehistory.org/uploads/screencaps/outlaw-star-E011-Adrift-in-Subspace/cap_00-10-10_6437.jpg,Outlaw Star Ep 11: Adrift in Subspace @ 00:10:10,https://animehistory.org/gallery/screencaps/outlaw-star/episode-11/,https://animehistory.org/gallery/screencaps/outlaw-star/episode-11/?page=2,2,2026-10-07T01:49:25.373461+00:00,fcbf935cef0eb144d9a23e5edf42035b905ce02fcadb3a4a29d0eca7d1444ca0,,UNVERIFIED
EP-11,Adrift in Subspace,00:10:14,614,850455,https://animehistory.org/uploads/screencaps/outlaw-star-E011-Adrift-in-Subspace/cap_00-10-14_5fbb.jpg,Outlaw Star Ep 11: Adrift in Subspace @ 00:10:14,https://animehistory.org/gallery/screencaps/outlaw-star/episode-11/,https://animehistory.org/gallery/screencaps/outlaw-star/episode-11/?page=2,2,2026-10-07T01:49:25.373461+00:00,fcbf935cef0eb144d9a23e5edf42035b905ce02fcadb3a4a29d0eca7d1444ca0,,UNVERIFIED
EP-11,Adrift in Subspace,00:10:17,617,850456,https://animehistory.org/uploads/screencaps/outlaw-star-E011-Adrift-in-Subspace/cap_00-10-17_5331.jpg,Outlaw Star Ep 11: Adrift in Subspace @ 00:10:17,https://animehistory.org/gallery/screencaps/outlaw-star/episode-11/,https://animehistory.org/gallery/screencaps/outlaw-star/episode-11/?page=2,2,2026-10-07T01:49:25.373461+00:00,fcbf935cef0eb144d9a23e5edf42035b905ce02fcadb3a4a29d0eca7d1444ca0,,UNVERIFIED
EP-11,Adrift in Subspace,00:10:21,621,850457,https://animehistory.org/uploads/screencaps/outlaw-star-E011-Adrift-in-Subspace/cap_00-10-21_116b.jpg,Outlaw Star Ep 11: Adrift in Subspace @ 00:10:21,https://animehistory.org/gallery/screencaps/outlaw-star/episode-11/,https://animehistory.org/gallery/screencaps/outlaw-star/episode-11/?page=2,2,2026-10-07T01:49:25.373461+00:00,fcbf935cef0eb144d9a23e5edf42035b905ce02fcadb3a4a29d0eca7d1444ca0,,UNVERIFIED
EP-11,Adrift in Subspace,00:10:25,625,850458,https://animehistory.org/uploads/screencaps/outlaw-star-E011-Adrift-in-Subspace/cap_00-10-25_580f.jpg,Outlaw Star Ep 11: Adrift in Subspace @ 00:10:25,https://animehistory.org/gallery/screencaps/outlaw-star/episode-11/,https://animehistory.org/gallery/screencaps/outlaw-star/episode-11/?page=2,2,2026-10-07T01:49:25.373461+00:00,fcbf935cef0eb144d9a23e5edf42035b905ce02fcadb3a4a29d0eca7d1444ca0,,UNVERIFIED
EP-11,Adrift in Subspace,00:10:28,628,850459,https://animehistory.org/uploads/screencaps/outlaw-star-E011-Adrift-in-Subspace/cap_00-10-28_6d73.jpg,Outlaw Star Ep 11: Adrift in Subspace @ 00:10:28,https://animehistory.org/gallery/screencaps/outlaw-star/episode-11/,https://animehistory.org/gallery/screencaps/outlaw-star/episode-11/?page=2,2,2026-10-07T01:49:25.373461+00:00,fcbf935cef0eb144d9a23e5edf42035b905ce02fcadb3a4a29d0eca7d1444ca0,,UNVERIFIED
EP-11,Adrift in Subspace,00:10:32,632,850460,https://animehistory.org/uploads/screencaps/outlaw-star-E011-Adrift-in-Subspace/cap_00-10-32_387a.jpg,Outlaw Star Ep 11: Adrift in Subspace @ 00:10:32,https://animehistory.org/gallery/screencaps/outlaw-star/episode-11/,https://animehistory.org/gallery/screencaps/outlaw-star/episode-11/?page=2,2,2026-10-07T01:49:25.373461+00:00,fcbf935cef0eb144d9a23e5edf42035b905ce02fcadb3a4a29d0eca7d1444ca0,,UNVERIFIED
EP-11,Adrift in Subspace,00:10:35,635,850461,https://animehistory.org/uploads/screencaps/outlaw-star-E011-Adrift-in-Subspace/cap_00-10-35_3efd.jpg,Outlaw Star Ep 11: Adrift in Subspace @ 00:10:35,https://animehistory.org/gallery/screencaps/outlaw-star/episode-11/,https://animehistory.org/gallery/screencaps/outlaw-star/episode-11/?page=2,2,2026-10-07T01:49:25.373461+00:00,fcbf935cef0eb144d9a23e5edf42035b905ce02fcadb3a4a29d0eca7d1444ca0,,UNVERIFIED
EP-11,Adrift in Subspace,00:10:39,639,850462,https://animehistory.org/uploads/screencaps/outlaw-star-E011-Adrift-in-Subspace/cap_00-10-39_6aa8.jpg,Outlaw Star Ep 11: Adrift in Subspace @ 00:10:39,https://animehistory.org/gallery/screencaps/outlaw-star/episode-11/,https://animehistory.org/gallery/screencaps/outlaw-star/episode-11/?page=2,2,2026-10-07T01:49:25.373461+00:00,fcbf935cef0eb144d9a23e5edf42035b905ce02fcadb3a4a29d0eca7d1444ca0,,UNVERIFIED
EP-11,Adrift in Subspace,00:10:43,643,850463,https://animehistory.org/uploads/screencaps/outlaw-star-E011-Adrift-in-Subspace/cap_00-10-43_2b04.jpg,Outlaw Star Ep 11: Adrift in Subspace @ 00:10:43,https://animehistory.org/gallery/screencaps/outlaw-star/episode-11/,https://animehistory.org/gallery/screencaps/outlaw-star/episode-11/?page=2,2,2026-10-07T01:49:25.373461+00:00,fcbf935cef0eb144d9a23e5edf42035b905ce02fcadb3a4a29d0eca7d1444ca0,,UNVERIFIED
EP-11,Adrift in Subspace,00:10:46,646,850464,https://animehistory.org/uploads/screencaps/outlaw-star-E011-Adrift-in-Subspace/cap_00-10-46_3606.jpg,Outlaw Star Ep 11: Adrift in Subspace @ 00:10:46,https://animehistory.org/gallery/screencaps/outlaw-star/episode-11/,https://animehistory.org/gallery/screencaps/outlaw-star/episode-11/?page=2,2,2026-10-07T01:49:25.373461+00:00,fcbf935cef0eb144d9a23e5edf42035b905ce02fcadb3a4a29d0eca7d1444ca0,,UNVERIFIED
EP-11,Adrift in Subspace,00:10:50,650,850465,https://animehistory.org/uploads/screencaps/outlaw-star-E011-Adrift-in-Subspace/cap_00-10-50_48f1.jpg,Outlaw Star Ep 11: Adrift in Subspace @ 00:10:50,https://animehistory.org/gallery/screencaps/outlaw-star/episode-11/,https://animehistory.org/gallery/screencaps/outlaw-star/episode-11/?page=2,2,2026-10-07T01:49:25.373461+00:00,fcbf935cef0eb144d9a23e5edf42035b905ce02fcadb3a4a29d0eca7d1444ca0,,UNVERIFIED
EP-11,Adrift in Subspace,00:10:53,653,850466,https://animehistory.org/uploads/screencaps/outlaw-star-E011-Adrift-in-Subspace/cap_00-10-53_56f9.jpg,Outlaw Star Ep 11: Adrift in Subspace @ 00:10:53,https://animehistory.org/gallery/screencaps/outlaw-star/episode-11/,https://animehistory.org/gallery/screencaps/outlaw-star/episode-11/?page=2,2,2026-10-07T01:49:25.373461+00:00,fcbf935cef0eb144d9a23e5edf42035b905ce02fcadb3a4a29d0eca7d1444ca0,,UNVERIFIED
EP-11,Adrift in Subspace,00:10:57,657,850467,https://animehistory.org/uploads/screencaps/outlaw-star-E011-Adrift-in-Subspace/cap_00-10-57_382d.jpg,Outlaw Star Ep 11: Adrift in Subspace @ 00:10:57,https://animehistory.org/gallery/screencaps/outlaw-star/episode-11/,https://animehistory.org/gallery/screencaps/outlaw-star/episode-11/?page=2,2,2026-10-07T01:49:25.373461+00:00,fcbf935cef0eb144d9a23e5edf42035b905ce02fcadb3a4a29d0eca7d1444ca0,,UNVERIFIED
EP-11,Adrift in Subspace,00:11:01,661,850468,https://animehistory.org/uploads/screencaps/outlaw-star-E011-Adrift-in-Subspace/cap_00-11-01_3cb8.jpg,Outlaw Star Ep 11: Adrift in Subspace @ 00:11:01,https://animehistory.org/gallery/screencaps/outlaw-star/episode-11/,https://animehistory.org/gallery/screencaps/outlaw-star/episode-11/?page=2,2,2026-10-07T01:49:25.373461+00:00,fcbf935cef0eb144d9a23e5edf42035b905ce02fcadb3a4a29d0eca7d1444ca0,,UNVERIFIED
EP-11,Adrift in Subspace,00:11:04,664,850469,https://animehistory.org/uploads/screencaps/outlaw-star-E011-Adrift-in-Subspace/cap_00-11-04_6c39.jpg,Outlaw Star Ep 11: Adrift in Subspace @ 00:11:04,https://animehistory.org/gallery/screencaps/outlaw-star/episode-11/,https://animehistory.org/gallery/screencaps/outlaw-star/episode-11/?page=2,2,2026-10-07T01:49:25.373461+00:00,fcbf935cef0eb144d9a23e5edf42035b905ce02fcadb3a4a29d0eca7d1444ca0,,UNVERIFIED
EP-11,Adrift in Subspace,00:11:08,668,850470,https://animehistory.org/uploads/screencaps/outlaw-star-E011-Adrift-in-Subspace/cap_00-11-08_7d40.jpg,Outlaw Star Ep 11: Adrift in Subspace @ 00:11:08,https://animehistory.org/gallery/screencaps/outlaw-star/episode-11/,https://animehistory.org/gallery/screencaps/outlaw-star/episode-11/?page=2,2,2026-10-07T01:49:25.373461+00:00,fcbf935cef0eb144d9a23e5edf42035b905ce02fcadb3a4a29d0eca7d1444ca0,,UNVERIFIED
EP-11,Adrift in Subspace,00:11:11,671,850471,https://animehistory.org/uploads/screencaps/outlaw-star-E011-Adrift-in-Subspace/cap_00-11-11_73a9.jpg,Outlaw Star Ep 11: Adrift in Subspace @ 00:11:11,https://animehistory.org/gallery/screencaps/outlaw-star/episode-11/,https://animehistory.org/gallery/screencaps/outlaw-star/episode-11/?page=2,2,2026-10-07T01:49:25.373461+00:00,fcbf935cef0eb144d9a23e5edf42035b905ce02fcadb3a4a29d0eca7d1444ca0,,UNVERIFIED
EP-11,Adrift in Subspace,00:11:15,675,850472,https://animehistory.org/uploads/screencaps/outlaw-star-E011-Adrift-in-Subspace/cap_00-11-15_1093.jpg,Outlaw Star Ep 11: Adrift in Subspace @ 00:11:15,https://animehistory.org/gallery/screencaps/outlaw-star/episode-11/,https://animehistory.org/gallery/screencaps/outlaw-star/episode-11/?page=2,2,2026-10-07T01:49:25.373461+00:00,fcbf935cef0eb144d9a23e5edf42035b905ce02fcadb3a4a29d0eca7d1444ca0,,UNVERIFIED
EP-11,Adrift in Subspace,00:11:19,679,850473,https://animehistory.org/uploads/screencaps/outlaw-star-E011-Adrift-in-Subspace/cap_00-11-19_77f0.jpg,Outlaw Star Ep 11: Adrift in Subspace @ 00:11:19,https://animehistory.org/gallery/screencaps/outlaw-star/episode-11/,https://animehistory.org/gallery/screencaps/outlaw-star/episode-11/?page=2,2,2026-10-07T01:49:25.373461+00:00,fcbf935cef0eb144d9a23e5edf42035b905ce02fcadb3a4a29d0eca7d1444ca0,,UNVERIFIED
EP-11,Adrift in Subspace,00:11:22,682,850474,https://animehistory.org/uploads/screencaps/outlaw-star-E011-Adrift-in-Subspace/cap_00-11-22_18d5.jpg,Outlaw Star Ep 11: Adrift in Subspace @ 00:11:22,https://animehistory.org/gallery/screencaps/outlaw-star/episode-11/,https://animehistory.org/gallery/screencaps/outlaw-star/episode-11/?page=2,2,2026-10-07T01:49:25.373461+00:00,fcbf935cef0eb144d9a23e5edf42035b905ce02fcadb3a4a29d0eca7d1444ca0,,UNVERIFIED
EP-11,Adrift in Subspace,00:11:26,686,850475,https://animehistory.org/uploads/screencaps/outlaw-star-E011-Adrift-in-Subspace/cap_00-11-26_67af.jpg,Outlaw Star Ep 11: Adrift in Subspace @ 00:11:26,https://animehistory.org/gallery/screencaps/outlaw-star/episode-11/,https://animehistory.org/gallery/screencaps/outlaw-star/episode-11/?page=2,2,2026-10-07T01:49:25.373461+00:00,fcbf935cef0eb144d9a23e5edf42035b905ce02fcadb3a4a29d0eca7d1444ca0,,UNVERIFIED
EP-11,Adrift in Subspace,00:11:29,689,850476,https://animehistory.org/uploads/screencaps/outlaw-star-E011-Adrift-in-Subspace/cap_00-11-29_4e09.jpg,Outlaw Star Ep 11: Adrift in Subspace @ 00:11:29,https://animehistory.org/gallery/screencaps/outlaw-star/episode-11/,https://animehistory.org/gallery/screencaps/outlaw-star/episode-11/?page=2,2,2026-10-07T01:49:25.373461+00:00,fcbf935cef0eb144d9a23e5edf42035b905ce02fcadb3a4a29d0eca7d1444ca0,,UNVERIFIED
EP-11,Adrift in Subspace,00:11:33,693,850477,https://animehistory.org/uploads/screencaps/outlaw-star-E011-Adrift-in-Subspace/cap_00-11-33_4b06.jpg,Outlaw Star Ep 11: Adrift in Subspace @ 00:11:33,https://animehistory.org/gallery/screencaps/outlaw-star/episode-11/,https://animehistory.org/gallery/screencaps/outlaw-star/episode-11/?page=2,2,2026-10-07T01:49:25.373461+00:00,fcbf935cef0eb144d9a23e5edf42035b905ce02fcadb3a4a29d0eca7d1444ca0,,UNVERIFIED
EP-11,Adrift in Subspace,00:11:37,697,850478,https://animehistory.org/uploads/screencaps/outlaw-star-E011-Adrift-in-Subspace/cap_00-11-37_42a6.jpg,Outlaw Star Ep 11: Adrift in Subspace @ 00:11:37,https://animehistory.org/gallery/screencaps/outlaw-star/episode-11/,https://animehistory.org/gallery/screencaps/outlaw-star/episode-11/?page=2,2,2026-10-07T01:49:25.373461+00:00,fcbf935cef0eb144d9a23e5edf42035b905ce02fcadb3a4a29d0eca7d1444ca0,,UNVERIFIED
EP-11,Adrift in Subspace,00:11:40,700,850479,https://animehistory.org/uploads/screencaps/outlaw-star-E011-Adrift-in-Subspace/cap_00-11-40_2f76.jpg,Outlaw Star Ep 11: Adrift in Subspace @ 00:11:40,https://animehistory.org/gallery/screencaps/outlaw-star/episode-11/,https://animehistory.org/gallery/screencaps/outlaw-star/episode-11/?page=2,2,2026-10-07T01:49:25.373461+00:00,fcbf935cef0eb144d9a23e5edf42035b905ce02fcadb3a4a29d0eca7d1444ca0,,UNVERIFIED
EP-11,Adrift in Subspace,00:11:44,704,850480,https://animehistory.org/uploads/screencaps/outlaw-star-E011-Adrift-in-Subspace/cap_00-11-44_33b5.jpg,Outlaw Star Ep 11: Adrift in Subspace @ 00:11:44,https://animehistory.org/gallery/screencaps/outlaw-star/episode-11/,https://animehistory.org/gallery/screencaps/outlaw-star/episode-11/?page=2,2,2026-10-07T01:49:25.373461+00:00,fcbf935cef0eb144d9a23e5edf42035b905ce02fcadb3a4a29d0eca7d1444ca0,,UNVERIFIED
EP-11,Adrift in Subspace,00:11:47,707,850481,https://animehistory.org/uploads/screencaps/outlaw-star-E011-Adrift-in-Subspace/cap_00-11-47_0d02.jpg,Outlaw Star Ep 11: Adrift in Subspace @ 00:11:47,https://animehistory.org/gallery/screencaps/outlaw-star/episode-11/,https://animehistory.org/gallery/screencaps/outlaw-star/episode-11/?page=2,2,2026-10-07T01:49:25.373461+00:00,fcbf935cef0eb144d9a23e5edf42035b905ce02fcadb3a4a29d0eca7d1444ca0,,UNVERIFIED
EP-11,Adrift in Subspace,00:11:51,711,850482,https://animehistory.org/uploads/screencaps/outlaw-star-E011-Adrift-in-Subspace/cap_00-11-51_6862.jpg,Outlaw Star Ep 11: Adrift in Subspace @ 00:11:51,https://animehistory.org/gallery/screencaps/outlaw-star/episode-11/,https://animehistory.org/gallery/screencaps/outlaw-star/episode-11/?page=2,2,2026-10-07T01:49:25.373461+00:00,fcbf935cef0eb144d9a23e5edf42035b905ce02fcadb3a4a29d0eca7d1444ca0,,UNVERIFIED
EP-11,Adrift in Subspace,00:11:55,715,850483,https://animehistory.org/uploads/screencaps/outlaw-star-E011-Adrift-in-Subspace/cap_00-11-55_48eb.jpg,Outlaw Star Ep 11: Adrift in Subspace @ 00:11:55,https://animehistory.org/gallery/screencaps/outlaw-star/episode-11/,https://animehistory.org/gallery/screencaps/outlaw-star/episode-11/?page=2,2,2026-10-07T01:49:25.373461+00:00,fcbf935cef0eb144d9a23e5edf42035b905ce02fcadb3a4a29d0eca7d1444ca0,,UNVERIFIED
EP-11,Adrift in Subspace,00:11:58,718,850484,https://animehistory.org/uploads/screencaps/outlaw-star-E011-Adrift-in-Subspace/cap_00-11-58_7eee.jpg,Outlaw Star Ep 11: Adrift in Subspace @ 00:11:58,https://animehistory.org/gallery/screencaps/outlaw-star/episode-11/,https://animehistory.org/gallery/screencaps/outlaw-star/episode-11/?page=2,2,2026-10-07T01:49:25.373461+00:00,fcbf935cef0eb144d9a23e5edf42035b905ce02fcadb3a4a29d0eca7d1444ca0,,UNVERIFIED
EP-11,Adrift in Subspace,00:12:02,722,850485,https://animehistory.org/uploads/screencaps/outlaw-star-E011-Adrift-in-Subspace/cap_00-12-02_473a.jpg,Outlaw Star Ep 11: Adrift in Subspace @ 00:12:02,https://animehistory.org/gallery/screencaps/outlaw-star/episode-11/,https://animehistory.org/gallery/screencaps/outlaw-star/episode-11/?page=2,2,2026-10-07T01:49:25.373461+00:00,fcbf935cef0eb144d9a23e5edf42035b905ce02fcadb3a4a29d0eca7d1444ca0,,UNVERIFIED
EP-11,Adrift in Subspace,00:12:05,725,850486,https://animehistory.org/uploads/screencaps/outlaw-star-E011-Adrift-in-Subspace/cap_00-12-05_5d9a.jpg,Outlaw Star Ep 11: Adrift in Subspace @ 00:12:05,https://animehistory.org/gallery/screencaps/outlaw-star/episode-11/,https://animehistory.org/gallery/screencaps/outlaw-star/episode-11/?page=2,2,2026-10-07T01:49:25.373461+00:00,fcbf935cef0eb144d9a23e5edf42035b905ce02fcadb3a4a29d0eca7d1444ca0,,UNVERIFIED
EP-11,Adrift in Subspace,00:12:09,729,850487,https://animehistory.org/uploads/screencaps/outlaw-star-E011-Adrift-in-Subspace/cap_00-12-09_56a1.jpg,Outlaw Star Ep 11: Adrift in Subspace @ 00:12:09,https://animehistory.org/gallery/screencaps/outlaw-star/episode-11/,https://animehistory.org/gallery/screencaps/outlaw-star/episode-11/?page=2,2,2026-10-07T01:49:25.373461+00:00,fcbf935cef0eb144d9a23e5edf42035b905ce02fcadb3a4a29d0eca7d1444ca0,,UNVERIFIED
EP-11,Adrift in Subspace,00:12:13,733,850488,https://animehistory.org/uploads/screencaps/outlaw-star-E011-Adrift-in-Subspace/cap_00-12-13_2cf5.jpg,Outlaw Star Ep 11: Adrift in Subspace @ 00:12:13,https://animehistory.org/gallery/screencaps/outlaw-star/episode-11/,https://animehistory.org/gallery/screencaps/outlaw-star/episode-11/?page=2,2,2026-10-07T01:49:25.373461+00:00,fcbf935cef0eb144d9a23e5edf42035b905ce02fcadb3a4a29d0eca7d1444ca0,,UNVERIFIED
EP-11,Adrift in Subspace,00:12:16,736,850489,https://animehistory.org/uploads/screencaps/outlaw-star-E011-Adrift-in-Subspace/cap_00-12-16_1801.jpg,Outlaw Star Ep 11: Adrift in Subspace @ 00:12:16,https://animehistory.org/gallery/screencaps/outlaw-star/episode-11/,https://animehistory.org/gallery/screencaps/outlaw-star/episode-11/?page=2,2,2026-10-07T01:49:25.373461+00:00,fcbf935cef0eb144d9a23e5edf42035b905ce02fcadb3a4a29d0eca7d1444ca0,,UNVERIFIED
EP-11,Adrift in Subspace,00:12:20,740,850490,https://animehistory.org/uploads/screencaps/outlaw-star-E011-Adrift-in-Subspace/cap_00-12-20_64ff.jpg,Outlaw Star Ep 11: Adrift in Subspace @ 00:12:20,https://animehistory.org/gallery/screencaps/outlaw-star/episode-11/,https://animehistory.org/gallery/screencaps/outlaw-star/episode-11/?page=2,2,2026-10-07T01:49:25.373461+00:00,fcbf935cef0eb144d9a23e5edf42035b905ce02fcadb3a4a29d0eca7d1444ca0,,UNVERIFIED
EP-11,Adrift in Subspace,00:12:23,743,850491,https://animehistory.org/uploads/screencaps/outlaw-star-E011-Adrift-in-Subspace/cap_00-12-23_7129.jpg,Outlaw Star Ep 11: Adrift in Subspace @ 00:12:23,https://animehistory.org/gallery/screencaps/outlaw-star/episode-11/,https://animehistory.org/gallery/screencaps/outlaw-star/episode-11/?page=2,2,2026-10-07T01:49:25.373461+00:00,fcbf935cef0eb144d9a23e5edf42035b905ce02fcadb3a4a29d0eca7d1444ca0,,UNVERIFIED
EP-11,Adrift in Subspace,00:12:27,747,850492,https://animehistory.org/uploads/screencaps/outlaw-star-E011-Adrift-in-Subspace/cap_00-12-27_35ea.jpg,Outlaw Star Ep 11: Adrift in Subspace @ 00:12:27,https://animehistory.org/gallery/screencaps/outlaw-star/episode-11/,https://animehistory.org/gallery/screencaps/outlaw-star/episode-11/?page=2,2,2026-10-07T01:49:25.373461+00:00,fcbf935cef0eb144d9a23e5edf42035b905ce02fcadb3a4a29d0eca7d1444ca0,,UNVERIFIED
EP-11,Adrift in Subspace,00:12:31,751,850493,https://animehistory.org/uploads/screencaps/outlaw-star-E011-Adrift-in-Subspace/cap_00-12-31_2fb2.jpg,Outlaw Star Ep 11: Adrift in Subspace @ 00:12:31,https://animehistory.org/gallery/screencaps/outlaw-star/episode-11/,https://animehistory.org/gallery/screencaps/outlaw-star/episode-11/?page=2,2,2026-10-07T01:49:25.373461+00:00,fcbf935cef0eb144d9a23e5edf42035b905ce02fcadb3a4a29d0eca7d1444ca0,,UNVERIFIED
EP-11,Adrift in Subspace,00:12:34,754,850494,https://animehistory.org/uploads/screencaps/outlaw-star-E011-Adrift-in-Subspace/cap_00-12-34_1371.jpg,Outlaw Star Ep 11: Adrift in Subspace @ 00:12:34,https://animehistory.org/gallery/screencaps/outlaw-star/episode-11/,https://animehistory.org/gallery/screencaps/outlaw-star/episode-11/?page=2,2,2026-10-07T01:49:25.373461+00:00,fcbf935cef0eb144d9a23e5edf42035b905ce02fcadb3a4a29d0eca7d1444ca0,,UNVERIFIED
EP-11,Adrift in Subspace,00:12:38,758,850495,https://animehistory.org/uploads/screencaps/outlaw-star-E011-Adrift-in-Subspace/cap_00-12-38_2afb.jpg,Outlaw Star Ep 11: Adrift in Subspace @ 00:12:38,https://animehistory.org/gallery/screencaps/outlaw-star/episode-11/,https://animehistory.org/gallery/screencaps/outlaw-star/episode-11/?page=2,2,2026-10-07T01:49:25.373461+00:00,fcbf935cef0eb144d9a23e5edf42035b905ce02fcadb3a4a29d0eca7d1444ca0,,UNVERIFIED
EP-11,Adrift in Subspace,00:12:41,761,850496,https://animehistory.org/uploads/screencaps/outlaw-star-E011-Adrift-in-Subspace/cap_00-12-41_77a1.jpg,Outlaw Star Ep 11: Adrift in Subspace @ 00:12:41,https://animehistory.org/gallery/screencaps/outlaw-star/episode-11/,https://animehistory.org/gallery/screencaps/outlaw-star/episode-11/?page=2,2,2026-10-07T01:49:25.373461+00:00,fcbf935cef0eb144d9a23e5edf42035b905ce02fcadb3a4a29d0eca7d1444ca0,,UNVERIFIED
EP-11,Adrift in Subspace,00:12:45,765,850497,https://animehistory.org/uploads/screencaps/outlaw-star-E011-Adrift-in-Subspace/cap_00-12-45_12cb.jpg,Outlaw Star Ep 11: Adrift in Subspace @ 00:12:45,https://animehistory.org/gallery/screencaps/outlaw-star/episode-11/,https://animehistory.org/gallery/screencaps/outlaw-star/episode-11/?page=2,2,2026-10-07T01:49:25.373461+00:00,fcbf935cef0eb144d9a23e5edf42035b905ce02fcadb3a4a29d0eca7d1444ca0,,UNVERIFIED
EP-11,Adrift in Subspace,00:12:49,769,850498,https://animehistory.org/uploads/screencaps/outlaw-star-E011-Adrift-in-Subspace/cap_00-12-49_644e.jpg,Outlaw Star Ep 11: Adrift in Subspace @ 00:12:49,https://animehistory.org/gallery/screencaps/outlaw-star/episode-11/,https://animehistory.org/gallery/screencaps/outlaw-star/episode-11/?page=2,2,2026-10-07T01:49:25.373461+00:00,fcbf935cef0eb144d9a23e5edf42035b905ce02fcadb3a4a29d0eca7d1444ca0,,UNVERIFIED
EP-11,Adrift in Subspace,00:12:52,772,850499,https://animehistory.org/uploads/screencaps/outlaw-star-E011-Adrift-in-Subspace/cap_00-12-52_0da3.jpg,Outlaw Star Ep 11: Adrift in Subspace @ 00:12:52,https://animehistory.org/gallery/screencaps/outlaw-star/episode-11/,https://animehistory.org/gallery/screencaps/outlaw-star/episode-11/?page=2,2,2026-10-07T01:49:25.373461+00:00,fcbf935cef0eb144d9a23e5edf42035b905ce02fcadb3a4a29d0eca7d1444ca0,,UNVERIFIED
EP-11,Adrift in Subspace,00:12:56,776,850500,https://animehistory.org/uploads/screencaps/outlaw-star-E011-Adrift-in-Subspace/cap_00-12-56_5380.jpg,Outlaw Star Ep 11: Adrift in Subspace @ 00:12:56,https://animehistory.org/gallery/screencaps/outlaw-star/episode-11/,https://animehistory.org/gallery/screencaps/outlaw-star/episode-11/?page=2,2,2026-10-07T01:49:25.373461+00:00,fcbf935cef0eb144d9a23e5edf42035b905ce02fcadb3a4a29d0eca7d1444ca0,,UNVERIFIED
EP-11,Adrift in Subspace,00:12:59,779,850501,https://animehistory.org/uploads/screencaps/outlaw-star-E011-Adrift-in-Subspace/cap_00-12-59_1e77.jpg,Outlaw Star Ep 11: Adrift in Subspace @ 00:12:59,https://animehistory.org/gallery/screencaps/outlaw-star/episode-11/,https://animehistory.org/gallery/screencaps/outlaw-star/episode-11/?page=2,2,2026-10-07T01:49:25.373461+00:00,fcbf935cef0eb144d9a23e5edf42035b905ce02fcadb3a4a29d0eca7d1444ca0,,UNVERIFIED
EP-11,Adrift in Subspace,00:13:03,783,850502,https://animehistory.org/uploads/screencaps/outlaw-star-E011-Adrift-in-Subspace/cap_00-13-03_5d69.jpg,Outlaw Star Ep 11: Adrift in Subspace @ 00:13:03,https://animehistory.org/gallery/screencaps/outlaw-star/episode-11/,https://animehistory.org/gallery/screencaps/outlaw-star/episode-11/?page=2,2,2026-10-07T01:49:25.373461+00:00,fcbf935cef0eb144d9a23e5edf42035b905ce02fcadb3a4a29d0eca7d1444ca0,,UNVERIFIED
EP-11,Adrift in Subspace,00:13:07,787,850503,https://animehistory.org/uploads/screencaps/outlaw-star-E011-Adrift-in-Subspace/cap_00-13-07_1a8e.jpg,Outlaw Star Ep 11: Adrift in Subspace @ 00:13:07,https://animehistory.org/gallery/screencaps/outlaw-star/episode-11/,https://animehistory.org/gallery/screencaps/outlaw-star/episode-11/?page=2,2,2026-10-07T01:49:25.373461+00:00,fcbf935cef0eb144d9a23e5edf42035b905ce02fcadb3a4a29d0eca7d1444ca0,,UNVERIFIED
EP-11,Adrift in Subspace,00:13:10,790,850504,https://animehistory.org/uploads/screencaps/outlaw-star-E011-Adrift-in-Subspace/cap_00-13-10_7337.jpg,Outlaw Star Ep 11: Adrift in Subspace @ 00:13:10,https://animehistory.org/gallery/screencaps/outlaw-star/episode-11/,https://animehistory.org/gallery/screencaps/outlaw-star/episode-11/?page=2,2,2026-10-07T01:49:25.373461+00:00,fcbf935cef0eb144d9a23e5edf42035b905ce02fcadb3a4a29d0eca7d1444ca0,,UNVERIFIED
EP-11,Adrift in Subspace,00:13:14,794,850505,https://animehistory.org/uploads/screencaps/outlaw-star-E011-Adrift-in-Subspace/cap_00-13-14_2151.jpg,Outlaw Star Ep 11: Adrift in Subspace @ 00:13:14,https://animehistory.org/gallery/screencaps/outlaw-star/episode-11/,https://animehistory.org/gallery/screencaps/outlaw-star/episode-11/?page=2,2,2026-10-07T01:49:25.373461+00:00,fcbf935cef0eb144d9a23e5edf42035b905ce02fcadb3a4a29d0eca7d1444ca0,,UNVERIFIED
EP-11,Adrift in Subspace,00:13:17,797,850506,https://animehistory.org/uploads/screencaps/outlaw-star-E011-Adrift-in-Subspace/cap_00-13-17_7691.jpg,Outlaw Star Ep 11: Adrift in Subspace @ 00:13:17,https://animehistory.org/gallery/screencaps/outlaw-star/episode-11/,https://animehistory.org/gallery/screencaps/outlaw-star/episode-11/?page=2,2,2026-10-07T01:49:25.373461+00:00,fcbf935cef0eb144d9a23e5edf42035b905ce02fcadb3a4a29d0eca7d1444ca0,,UNVERIFIED
EP-11,Adrift in Subspace,00:13:21,801,850507,https://animehistory.org/uploads/screencaps/outlaw-star-E011-Adrift-in-Subspace/cap_00-13-21_46aa.jpg,Outlaw Star Ep 11: Adrift in Subspace @ 00:13:21,https://animehistory.org/gallery/screencaps/outlaw-star/episode-11/,https://animehistory.org/gallery/screencaps/outlaw-star/episode-11/?page=2,2,2026-10-07T01:49:25.373461+00:00,fcbf935cef0eb144d9a23e5edf42035b905ce02fcadb3a4a29d0eca7d1444ca0,,UNVERIFIED
EP-11,Adrift in Subspace,00:13:25,805,850508,https://animehistory.org/uploads/screencaps/outlaw-star-E011-Adrift-in-Subspace/cap_00-13-25_2535.jpg,Outlaw Star Ep 11: Adrift in Subspace @ 00:13:25,https://animehistory.org/gallery/screencaps/outlaw-star/episode-11/,https://animehistory.org/gallery/screencaps/outlaw-star/episode-11/?page=2,2,2026-10-07T01:49:25.373461+00:00,fcbf935cef0eb144d9a23e5edf42035b905ce02fcadb3a4a29d0eca7d1444ca0,,UNVERIFIED
EP-11,Adrift in Subspace,00:13:28,808,850509,https://animehistory.org/uploads/screencaps/outlaw-star-E011-Adrift-in-Subspace/cap_00-13-28_66f9.jpg,Outlaw Star Ep 11: Adrift in Subspace @ 00:13:28,https://animehistory.org/gallery/screencaps/outlaw-star/episode-11/,https://animehistory.org/gallery/screencaps/outlaw-star/episode-11/?page=2,2,2026-10-07T01:49:25.373461+00:00,fcbf935cef0eb144d9a23e5edf42035b905ce02fcadb3a4a29d0eca7d1444ca0,,UNVERIFIED
EP-11,Adrift in Subspace,00:13:32,812,850510,https://animehistory.org/uploads/screencaps/outlaw-star-E011-Adrift-in-Subspace/cap_00-13-32_37d3.jpg,Outlaw Star Ep 11: Adrift in Subspace @ 00:13:32,https://animehistory.org/gallery/screencaps/outlaw-star/episode-11/,https://animehistory.org/gallery/screencaps/outlaw-star/episode-11/?page=2,2,2026-10-07T01:49:25.373461+00:00,fcbf935cef0eb144d9a23e5edf42035b905ce02fcadb3a4a29d0eca7d1444ca0,,UNVERIFIED
EP-11,Adrift in Subspace,00:13:35,815,850511,https://animehistory.org/uploads/screencaps/outlaw-star-E011-Adrift-in-Subspace/cap_00-13-35_15e3.jpg,Outlaw Star Ep 11: Adrift in Subspace @ 00:13:35,https://animehistory.org/gallery/screencaps/outlaw-star/episode-11/,https://animehistory.org/gallery/screencaps/outlaw-star/episode-11/?page=2,2,2026-10-07T01:49:25.373461+00:00,fcbf935cef0eb144d9a23e5edf42035b905ce02fcadb3a4a29d0eca7d1444ca0,,UNVERIFIED
EP-11,Adrift in Subspace,00:13:39,819,850512,https://animehistory.org/uploads/screencaps/outlaw-star-E011-Adrift-in-Subspace/cap_00-13-39_0286.jpg,Outlaw Star Ep 11: Adrift in Subspace @ 00:13:39,https://animehistory.org/gallery/screencaps/outlaw-star/episode-11/,https://animehistory.org/gallery/screencaps/outlaw-star/episode-11/?page=2,2,2026-10-07T01:49:25.373461+00:00,fcbf935cef0eb144d9a23e5edf42035b905ce02fcadb3a4a29d0eca7d1444ca0,,UNVERIFIED
EP-11,Adrift in Subspace,00:13:43,823,850513,https://animehistory.org/uploads/screencaps/outlaw-star-E011-Adrift-in-Subspace/cap_00-13-43_45ef.jpg,Outlaw Star Ep 11: Adrift in Subspace @ 00:13:43,https://animehistory.org/gallery/screencaps/outlaw-star/episode-11/,https://animehistory.org/gallery/screencaps/outlaw-star/episode-11/?page=3,3,2026-10-07T01:49:26.698429+00:00,d3c1d422c605f110e9247c3edc02f66853436c4115812050c9895e2ee0f66b74,,UNVERIFIED
EP-11,Adrift in Subspace,00:13:46,826,850514,https://animehistory.org/uploads/screencaps/outlaw-star-E011-Adrift-in-Subspace/cap_00-13-46_5830.jpg,Outlaw Star Ep 11: Adrift in Subspace @ 00:13:46,https://animehistory.org/gallery/screencaps/outlaw-star/episode-11/,https://animehistory.org/gallery/screencaps/outlaw-star/episode-11/?page=3,3,2026-10-07T01:49:26.698429+00:00,d3c1d422c605f110e9247c3edc02f66853436c4115812050c9895e2ee0f66b74,,UNVERIFIED
EP-11,Adrift in Subspace,00:13:50,830,850515,https://animehistory.org/uploads/screencaps/outlaw-star-E011-Adrift-in-Subspace/cap_00-13-50_72c9.jpg,Outlaw Star Ep 11: Adrift in Subspace @ 00:13:50,https://animehistory.org/gallery/screencaps/outlaw-star/episode-11/,https://animehistory.org/gallery/screencaps/outlaw-star/episode-11/?page=3,3,2026-10-07T01:49:26.698429+00:00,d3c1d422c605f110e9247c3edc02f66853436c4115812050c9895e2ee0f66b74,,UNVERIFIED
EP-11,Adrift in Subspace,00:13:53,833,850516,https://animehistory.org/uploads/screencaps/outlaw-star-E011-Adrift-in-Subspace/cap_00-13-53_5cdf.jpg,Outlaw Star Ep 11: Adrift in Subspace @ 00:13:53,https://animehistory.org/gallery/screencaps/outlaw-star/episode-11/,https://animehistory.org/gallery/screencaps/outlaw-star/episode-11/?page=3,3,2026-10-07T01:49:26.698429+00:00,d3c1d422c605f110e9247c3edc02f66853436c4115812050c9895e2ee0f66b74,,UNVERIFIED
EP-11,Adrift in Subspace,00:13:57,837,850517,https://animehistory.org/uploads/screencaps/outlaw-star-E011-Adrift-in-Subspace/cap_00-13-57_011f.jpg,Outlaw Star Ep 11: Adrift in Subspace @ 00:13:57,https://animehistory.org/gallery/screencaps/outlaw-star/episode-11/,https://animehistory.org/gallery/screencaps/outlaw-star/episode-11/?page=3,3,2026-10-07T01:49:26.698429+00:00,d3c1d422c605f110e9247c3edc02f66853436c4115812050c9895e2ee0f66b74,,UNVERIFIED
EP-11,Adrift in Subspace,00:14:01,841,850518,https://animehistory.org/uploads/screencaps/outlaw-star-E011-Adrift-in-Subspace/cap_00-14-01_025d.jpg,Outlaw Star Ep 11: Adrift in Subspace @ 00:14:01,https://animehistory.org/gallery/screencaps/outlaw-star/episode-11/,https://animehistory.org/gallery/screencaps/outlaw-star/episode-11/?page=3,3,2026-10-07T01:49:26.698429+00:00,d3c1d422c605f110e9247c3edc02f66853436c4115812050c9895e2ee0f66b74,,UNVERIFIED
EP-11,Adrift in Subspace,00:14:04,844,850519,https://animehistory.org/uploads/screencaps/outlaw-star-E011-Adrift-in-Subspace/cap_00-14-04_20a8.jpg,Outlaw Star Ep 11: Adrift in Subspace @ 00:14:04,https://animehistory.org/gallery/screencaps/outlaw-star/episode-11/,https://animehistory.org/gallery/screencaps/outlaw-star/episode-11/?page=3,3,2026-10-07T01:49:26.698429+00:00,d3c1d422c605f110e9247c3edc02f66853436c4115812050c9895e2ee0f66b74,,UNVERIFIED
EP-11,Adrift in Subspace,00:14:08,848,850520,https://animehistory.org/uploads/screencaps/outlaw-star-E011-Adrift-in-Subspace/cap_00-14-08_410c.jpg,Outlaw Star Ep 11: Adrift in Subspace @ 00:14:08,https://animehistory.org/gallery/screencaps/outlaw-star/episode-11/,https://animehistory.org/gallery/screencaps/outlaw-star/episode-11/?page=3,3,2026-10-07T01:49:26.698429+00:00,d3c1d422c605f110e9247c3edc02f66853436c4115812050c9895e2ee0f66b74,,UNVERIFIED
EP-11,Adrift in Subspace,00:14:11,851,850521,https://animehistory.org/uploads/screencaps/outlaw-star-E011-Adrift-in-Subspace/cap_00-14-11_7fe2.jpg,Outlaw Star Ep 11: Adrift in Subspace @ 00:14:11,https://animehistory.org/gallery/screencaps/outlaw-star/episode-11/,https://animehistory.org/gallery/screencaps/outlaw-star/episode-11/?page=3,3,2026-10-07T01:49:26.698429+00:00,d3c1d422c605f110e9247c3edc02f66853436c4115812050c9895e2ee0f66b74,,UNVERIFIED
EP-11,Adrift in Subspace,00:14:15,855,850522,https://animehistory.org/uploads/screencaps/outlaw-star-E011-Adrift-in-Subspace/cap_00-14-15_4535.jpg,Outlaw Star Ep 11: Adrift in Subspace @ 00:14:15,https://animehistory.org/gallery/screencaps/outlaw-star/episode-11/,https://animehistory.org/gallery/screencaps/outlaw-star/episode-11/?page=3,3,2026-10-07T01:49:26.698429+00:00,d3c1d422c605f110e9247c3edc02f66853436c4115812050c9895e2ee0f66b74,,UNVERIFIED
EP-11,Adrift in Subspace,00:14:19,859,850523,https://animehistory.org/uploads/screencaps/outlaw-star-E011-Adrift-in-Subspace/cap_00-14-19_4013.jpg,Outlaw Star Ep 11: Adrift in Subspace @ 00:14:19,https://animehistory.org/gallery/screencaps/outlaw-star/episode-11/,https://animehistory.org/gallery/screencaps/outlaw-star/episode-11/?page=3,3,2026-10-07T01:49:26.698429+00:00,d3c1d422c605f110e9247c3edc02f66853436c4115812050c9895e2ee0f66b74,,UNVERIFIED
EP-11,Adrift in Subspace,00:14:22,862,850524,https://animehistory.org/uploads/screencaps/outlaw-star-E011-Adrift-in-Subspace/cap_00-14-22_1910.jpg,Outlaw Star Ep 11: Adrift in Subspace @ 00:14:22,https://animehistory.org/gallery/screencaps/outlaw-star/episode-11/,https://animehistory.org/gallery/screencaps/outlaw-star/episode-11/?page=3,3,2026-10-07T01:49:26.698429+00:00,d3c1d422c605f110e9247c3edc02f66853436c4115812050c9895e2ee0f66b74,,UNVERIFIED
EP-11,Adrift in Subspace,00:14:26,866,850525,https://animehistory.org/uploads/screencaps/outlaw-star-E011-Adrift-in-Subspace/cap_00-14-26_51f9.jpg,Outlaw Star Ep 11: Adrift in Subspace @ 00:14:26,https://animehistory.org/gallery/screencaps/outlaw-star/episode-11/,https://animehistory.org/gallery/screencaps/outlaw-star/episode-11/?page=3,3,2026-10-07T01:49:26.698429+00:00,d3c1d422c605f110e9247c3edc02f66853436c4115812050c9895e2ee0f66b74,,UNVERIFIED
EP-11,Adrift in Subspace,00:14:29,869,850526,https://animehistory.org/uploads/screencaps/outlaw-star-E011-Adrift-in-Subspace/cap_00-14-29_7894.jpg,Outlaw Star Ep 11: Adrift in Subspace @ 00:14:29,https://animehistory.org/gallery/screencaps/outlaw-star/episode-11/,https://animehistory.org/gallery/screencaps/outlaw-star/episode-11/?page=3,3,2026-10-07T01:49:26.698429+00:00,d3c1d422c605f110e9247c3edc02f66853436c4115812050c9895e2ee0f66b74,,UNVERIFIED
EP-11,Adrift in Subspace,00:14:33,873,850527,https://animehistory.org/uploads/screencaps/outlaw-star-E011-Adrift-in-Subspace/cap_00-14-33_58a8.jpg,Outlaw Star Ep 11: Adrift in Subspace @ 00:14:33,https://animehistory.org/gallery/screencaps/outlaw-star/episode-11/,https://animehistory.org/gallery/screencaps/outlaw-star/episode-11/?page=3,3,2026-10-07T01:49:26.698429+00:00,d3c1d422c605f110e9247c3edc02f66853436c4115812050c9895e2ee0f66b74,,UNVERIFIED
EP-11,Adrift in Subspace,00:14:36,876,850528,https://animehistory.org/uploads/screencaps/outlaw-star-E011-Adrift-in-Subspace/cap_00-14-36_1da6.jpg,Outlaw Star Ep 11: Adrift in Subspace @ 00:14:36,https://animehistory.org/gallery/screencaps/outlaw-star/episode-11/,https://animehistory.org/gallery/screencaps/outlaw-star/episode-11/?page=3,3,2026-10-07T01:49:26.698429+00:00,d3c1d422c605f110e9247c3edc02f66853436c4115812050c9895e2ee0f66b74,,UNVERIFIED
EP-11,Adrift in Subspace,00:14:40,880,850529,https://animehistory.org/uploads/screencaps/outlaw-star-E011-Adrift-in-Subspace/cap_00-14-40_40b0.jpg,Outlaw Star Ep 11: Adrift in Subspace @ 00:14:40,https://animehistory.org/gallery/screencaps/outlaw-star/episode-11/,https://animehistory.org/gallery/screencaps/outlaw-star/episode-11/?page=3,3,2026-10-07T01:49:26.698429+00:00,d3c1d422c605f110e9247c3edc02f66853436c4115812050c9895e2ee0f66b74,,UNVERIFIED
EP-11,Adrift in Subspace,00:14:44,884,850530,https://animehistory.org/uploads/screencaps/outlaw-star-E011-Adrift-in-Subspace/cap_00-14-44_17a3.jpg,Outlaw Star Ep 11: Adrift in Subspace @ 00:14:44,https://animehistory.org/gallery/screencaps/outlaw-star/episode-11/,https://animehistory.org/gallery/screencaps/outlaw-star/episode-11/?page=3,3,2026-10-07T01:49:26.698429+00:00,d3c1d422c605f110e9247c3edc02f66853436c4115812050c9895e2ee0f66b74,,UNVERIFIED
EP-11,Adrift in Subspace,00:14:47,887,850531,https://animehistory.org/uploads/screencaps/outlaw-star-E011-Adrift-in-Subspace/cap_00-14-47_6f36.jpg,Outlaw Star Ep 11: Adrift in Subspace @ 00:14:47,https://animehistory.org/gallery/screencaps/outlaw-star/episode-11/,https://animehistory.org/gallery/screencaps/outlaw-star/episode-11/?page=3,3,2026-10-07T01:49:26.698429+00:00,d3c1d422c605f110e9247c3edc02f66853436c4115812050c9895e2ee0f66b74,,UNVERIFIED
EP-11,Adrift in Subspace,00:14:51,891,850532,https://animehistory.org/uploads/screencaps/outlaw-star-E011-Adrift-in-Subspace/cap_00-14-51_57c2.jpg,Outlaw Star Ep 11: Adrift in Subspace @ 00:14:51,https://animehistory.org/gallery/screencaps/outlaw-star/episode-11/,https://animehistory.org/gallery/screencaps/outlaw-star/episode-11/?page=3,3,2026-10-07T01:49:26.698429+00:00,d3c1d422c605f110e9247c3edc02f66853436c4115812050c9895e2ee0f66b74,,UNVERIFIED
EP-11,Adrift in Subspace,00:14:54,894,850533,https://animehistory.org/uploads/screencaps/outlaw-star-E011-Adrift-in-Subspace/cap_00-14-54_38f9.jpg,Outlaw Star Ep 11: Adrift in Subspace @ 00:14:54,https://animehistory.org/gallery/screencaps/outlaw-star/episode-11/,https://animehistory.org/gallery/screencaps/outlaw-star/episode-11/?page=3,3,2026-10-07T01:49:26.698429+00:00,d3c1d422c605f110e9247c3edc02f66853436c4115812050c9895e2ee0f66b74,,UNVERIFIED
EP-11,Adrift in Subspace,00:14:58,898,850534,https://animehistory.org/uploads/screencaps/outlaw-star-E011-Adrift-in-Subspace/cap_00-14-58_7f0d.jpg,Outlaw Star Ep 11: Adrift in Subspace @ 00:14:58,https://animehistory.org/gallery/screencaps/outlaw-star/episode-11/,https://animehistory.org/gallery/screencaps/outlaw-star/episode-11/?page=3,3,2026-10-07T01:49:26.698429+00:00,d3c1d422c605f110e9247c3edc02f66853436c4115812050c9895e2ee0f66b74,,UNVERIFIED
EP-11,Adrift in Subspace,00:15:02,902,850535,https://animehistory.org/uploads/screencaps/outlaw-star-E011-Adrift-in-Subspace/cap_00-15-02_5c45.jpg,Outlaw Star Ep 11: Adrift in Subspace @ 00:15:02,https://animehistory.org/gallery/screencaps/outlaw-star/episode-11/,https://animehistory.org/gallery/screencaps/outlaw-star/episode-11/?page=3,3,2026-10-07T01:49:26.698429+00:00,d3c1d422c605f110e9247c3edc02f66853436c4115812050c9895e2ee0f66b74,,UNVERIFIED
EP-11,Adrift in Subspace,00:15:05,905,850536,https://animehistory.org/uploads/screencaps/outlaw-star-E011-Adrift-in-Subspace/cap_00-15-05_6e6f.jpg,Outlaw Star Ep 11: Adrift in Subspace @ 00:15:05,https://animehistory.org/gallery/screencaps/outlaw-star/episode-11/,https://animehistory.org/gallery/screencaps/outlaw-star/episode-11/?page=3,3,2026-10-07T01:49:26.698429+00:00,d3c1d422c605f110e9247c3edc02f66853436c4115812050c9895e2ee0f66b74,,UNVERIFIED
EP-11,Adrift in Subspace,00:15:09,909,850537,https://animehistory.org/uploads/screencaps/outlaw-star-E011-Adrift-in-Subspace/cap_00-15-09_5bc9.jpg,Outlaw Star Ep 11: Adrift in Subspace @ 00:15:09,https://animehistory.org/gallery/screencaps/outlaw-star/episode-11/,https://animehistory.org/gallery/screencaps/outlaw-star/episode-11/?page=3,3,2026-10-07T01:49:26.698429+00:00,d3c1d422c605f110e9247c3edc02f66853436c4115812050c9895e2ee0f66b74,,UNVERIFIED
EP-11,Adrift in Subspace,00:15:12,912,850538,https://animehistory.org/uploads/screencaps/outlaw-star-E011-Adrift-in-Subspace/cap_00-15-12_2fc8.jpg,Outlaw Star Ep 11: Adrift in Subspace @ 00:15:12,https://animehistory.org/gallery/screencaps/outlaw-star/episode-11/,https://animehistory.org/gallery/screencaps/outlaw-star/episode-11/?page=3,3,2026-10-07T01:49:26.698429+00:00,d3c1d422c605f110e9247c3edc02f66853436c4115812050c9895e2ee0f66b74,,UNVERIFIED
EP-11,Adrift in Subspace,00:15:16,916,850539,https://animehistory.org/uploads/screencaps/outlaw-star-E011-Adrift-in-Subspace/cap_00-15-16_254b.jpg,Outlaw Star Ep 11: Adrift in Subspace @ 00:15:16,https://animehistory.org/gallery/screencaps/outlaw-star/episode-11/,https://animehistory.org/gallery/screencaps/outlaw-star/episode-11/?page=3,3,2026-10-07T01:49:26.698429+00:00,d3c1d422c605f110e9247c3edc02f66853436c4115812050c9895e2ee0f66b74,,UNVERIFIED
EP-11,Adrift in Subspace,00:15:20,920,850540,https://animehistory.org/uploads/screencaps/outlaw-star-E011-Adrift-in-Subspace/cap_00-15-20_0895.jpg,Outlaw Star Ep 11: Adrift in Subspace @ 00:15:20,https://animehistory.org/gallery/screencaps/outlaw-star/episode-11/,https://animehistory.org/gallery/screencaps/outlaw-star/episode-11/?page=3,3,2026-10-07T01:49:26.698429+00:00,d3c1d422c605f110e9247c3edc02f66853436c4115812050c9895e2ee0f66b74,,UNVERIFIED
EP-11,Adrift in Subspace,00:15:23,923,850541,https://animehistory.org/uploads/screencaps/outlaw-star-E011-Adrift-in-Subspace/cap_00-15-23_3832.jpg,Outlaw Star Ep 11: Adrift in Subspace @ 00:15:23,https://animehistory.org/gallery/screencaps/outlaw-star/episode-11/,https://animehistory.org/gallery/screencaps/outlaw-star/episode-11/?page=3,3,2026-10-07T01:49:26.698429+00:00,d3c1d422c605f110e9247c3edc02f66853436c4115812050c9895e2ee0f66b74,,UNVERIFIED
EP-11,Adrift in Subspace,00:15:27,927,850542,https://animehistory.org/uploads/screencaps/outlaw-star-E011-Adrift-in-Subspace/cap_00-15-27_7891.jpg,Outlaw Star Ep 11: Adrift in Subspace @ 00:15:27,https://animehistory.org/gallery/screencaps/outlaw-star/episode-11/,https://animehistory.org/gallery/screencaps/outlaw-star/episode-11/?page=3,3,2026-10-07T01:49:26.698429+00:00,d3c1d422c605f110e9247c3edc02f66853436c4115812050c9895e2ee0f66b74,,UNVERIFIED
EP-11,Adrift in Subspace,00:15:30,930,850543,https://animehistory.org/uploads/screencaps/outlaw-star-E011-Adrift-in-Subspace/cap_00-15-30_5400.jpg,Outlaw Star Ep 11: Adrift in Subspace @ 00:15:30,https://animehistory.org/gallery/screencaps/outlaw-star/episode-11/,https://animehistory.org/gallery/screencaps/outlaw-star/episode-11/?page=3,3,2026-10-07T01:49:26.698429+00:00,d3c1d422c605f110e9247c3edc02f66853436c4115812050c9895e2ee0f66b74,,UNVERIFIED
EP-11,Adrift in Subspace,00:15:34,934,850544,https://animehistory.org/uploads/screencaps/outlaw-star-E011-Adrift-in-Subspace/cap_00-15-34_1bd3.jpg,Outlaw Star Ep 11: Adrift in Subspace @ 00:15:34,https://animehistory.org/gallery/screencaps/outlaw-star/episode-11/,https://animehistory.org/gallery/screencaps/outlaw-star/episode-11/?page=3,3,2026-10-07T01:49:26.698429+00:00,d3c1d422c605f110e9247c3edc02f66853436c4115812050c9895e2ee0f66b74,,UNVERIFIED
EP-11,Adrift in Subspace,00:15:38,938,850545,https://animehistory.org/uploads/screencaps/outlaw-star-E011-Adrift-in-Subspace/cap_00-15-38_2848.jpg,Outlaw Star Ep 11: Adrift in Subspace @ 00:15:38,https://animehistory.org/gallery/screencaps/outlaw-star/episode-11/,https://animehistory.org/gallery/screencaps/outlaw-star/episode-11/?page=3,3,2026-10-07T01:49:26.698429+00:00,d3c1d422c605f110e9247c3edc02f66853436c4115812050c9895e2ee0f66b74,,UNVERIFIED
EP-11,Adrift in Subspace,00:15:41,941,850546,https://animehistory.org/uploads/screencaps/outlaw-star-E011-Adrift-in-Subspace/cap_00-15-41_4546.jpg,Outlaw Star Ep 11: Adrift in Subspace @ 00:15:41,https://animehistory.org/gallery/screencaps/outlaw-star/episode-11/,https://animehistory.org/gallery/screencaps/outlaw-star/episode-11/?page=3,3,2026-10-07T01:49:26.698429+00:00,d3c1d422c605f110e9247c3edc02f66853436c4115812050c9895e2ee0f66b74,,UNVERIFIED
EP-11,Adrift in Subspace,00:15:45,945,850547,https://animehistory.org/uploads/screencaps/outlaw-star-E011-Adrift-in-Subspace/cap_00-15-45_1574.jpg,Outlaw Star Ep 11: Adrift in Subspace @ 00:15:45,https://animehistory.org/gallery/screencaps/outlaw-star/episode-11/,https://animehistory.org/gallery/screencaps/outlaw-star/episode-11/?page=3,3,2026-10-07T01:49:26.698429+00:00,d3c1d422c605f110e9247c3edc02f66853436c4115812050c9895e2ee0f66b74,,UNVERIFIED
EP-11,Adrift in Subspace,00:15:48,948,850548,https://animehistory.org/uploads/screencaps/outlaw-star-E011-Adrift-in-Subspace/cap_00-15-48_5429.jpg,Outlaw Star Ep 11: Adrift in Subspace @ 00:15:48,https://animehistory.org/gallery/screencaps/outlaw-star/episode-11/,https://animehistory.org/gallery/screencaps/outlaw-star/episode-11/?page=3,3,2026-10-07T01:49:26.698429+00:00,d3c1d422c605f110e9247c3edc02f66853436c4115812050c9895e2ee0f66b74,,UNVERIFIED
EP-11,Adrift in Subspace,00:15:52,952,850549,https://animehistory.org/uploads/screencaps/outlaw-star-E011-Adrift-in-Subspace/cap_00-15-52_3917.jpg,Outlaw Star Ep 11: Adrift in Subspace @ 00:15:52,https://animehistory.org/gallery/screencaps/outlaw-star/episode-11/,https://animehistory.org/gallery/screencaps/outlaw-star/episode-11/?page=3,3,2026-10-07T01:49:26.698429+00:00,d3c1d422c605f110e9247c3edc02f66853436c4115812050c9895e2ee0f66b74,,UNVERIFIED
EP-11,Adrift in Subspace,00:15:56,956,850550,https://animehistory.org/uploads/screencaps/outlaw-star-E011-Adrift-in-Subspace/cap_00-15-56_5ee9.jpg,Outlaw Star Ep 11: Adrift in Subspace @ 00:15:56,https://animehistory.org/gallery/screencaps/outlaw-star/episode-11/,https://animehistory.org/gallery/screencaps/outlaw-star/episode-11/?page=3,3,2026-10-07T01:49:26.698429+00:00,d3c1d422c605f110e9247c3edc02f66853436c4115812050c9895e2ee0f66b74,,UNVERIFIED
EP-11,Adrift in Subspace,00:15:59,959,850551,https://animehistory.org/uploads/screencaps/outlaw-star-E011-Adrift-in-Subspace/cap_00-15-59_225c.jpg,Outlaw Star Ep 11: Adrift in Subspace @ 00:15:59,https://animehistory.org/gallery/screencaps/outlaw-star/episode-11/,https://animehistory.org/gallery/screencaps/outlaw-star/episode-11/?page=3,3,2026-10-07T01:49:26.698429+00:00,d3c1d422c605f110e9247c3edc02f66853436c4115812050c9895e2ee0f66b74,,UNVERIFIED
EP-11,Adrift in Subspace,00:16:03,963,850552,https://animehistory.org/uploads/screencaps/outlaw-star-E011-Adrift-in-Subspace/cap_00-16-03_7168.jpg,Outlaw Star Ep 11: Adrift in Subspace @ 00:16:03,https://animehistory.org/gallery/screencaps/outlaw-star/episode-11/,https://animehistory.org/gallery/screencaps/outlaw-star/episode-11/?page=3,3,2026-10-07T01:49:26.698429+00:00,d3c1d422c605f110e9247c3edc02f66853436c4115812050c9895e2ee0f66b74,,UNVERIFIED
EP-11,Adrift in Subspace,00:16:06,966,850553,https://animehistory.org/uploads/screencaps/outlaw-star-E011-Adrift-in-Subspace/cap_00-16-06_7c69.jpg,Outlaw Star Ep 11: Adrift in Subspace @ 00:16:06,https://animehistory.org/gallery/screencaps/outlaw-star/episode-11/,https://animehistory.org/gallery/screencaps/outlaw-star/episode-11/?page=3,3,2026-10-07T01:49:26.698429+00:00,d3c1d422c605f110e9247c3edc02f66853436c4115812050c9895e2ee0f66b74,,UNVERIFIED
EP-11,Adrift in Subspace,00:16:10,970,850554,https://animehistory.org/uploads/screencaps/outlaw-star-E011-Adrift-in-Subspace/cap_00-16-10_6544.jpg,Outlaw Star Ep 11: Adrift in Subspace @ 00:16:10,https://animehistory.org/gallery/screencaps/outlaw-star/episode-11/,https://animehistory.org/gallery/screencaps/outlaw-star/episode-11/?page=3,3,2026-10-07T01:49:26.698429+00:00,d3c1d422c605f110e9247c3edc02f66853436c4115812050c9895e2ee0f66b74,,UNVERIFIED
EP-11,Adrift in Subspace,00:16:14,974,850555,https://animehistory.org/uploads/screencaps/outlaw-star-E011-Adrift-in-Subspace/cap_00-16-14_47ff.jpg,Outlaw Star Ep 11: Adrift in Subspace @ 00:16:14,https://animehistory.org/gallery/screencaps/outlaw-star/episode-11/,https://animehistory.org/gallery/screencaps/outlaw-star/episode-11/?page=3,3,2026-10-07T01:49:26.698429+00:00,d3c1d422c605f110e9247c3edc02f66853436c4115812050c9895e2ee0f66b74,,UNVERIFIED
EP-11,Adrift in Subspace,00:16:17,977,850556,https://animehistory.org/uploads/screencaps/outlaw-star-E011-Adrift-in-Subspace/cap_00-16-17_6add.jpg,Outlaw Star Ep 11: Adrift in Subspace @ 00:16:17,https://animehistory.org/gallery/screencaps/outlaw-star/episode-11/,https://animehistory.org/gallery/screencaps/outlaw-star/episode-11/?page=3,3,2026-10-07T01:49:26.698429+00:00,d3c1d422c605f110e9247c3edc02f66853436c4115812050c9895e2ee0f66b74,,UNVERIFIED
EP-11,Adrift in Subspace,00:16:21,981,850557,https://animehistory.org/uploads/screencaps/outlaw-star-E011-Adrift-in-Subspace/cap_00-16-21_4ff1.jpg,Outlaw Star Ep 11: Adrift in Subspace @ 00:16:21,https://animehistory.org/gallery/screencaps/outlaw-star/episode-11/,https://animehistory.org/gallery/screencaps/outlaw-star/episode-11/?page=3,3,2026-10-07T01:49:26.698429+00:00,d3c1d422c605f110e9247c3edc02f66853436c4115812050c9895e2ee0f66b74,,UNVERIFIED
EP-11,Adrift in Subspace,00:16:24,984,850558,https://animehistory.org/uploads/screencaps/outlaw-star-E011-Adrift-in-Subspace/cap_00-16-24_37a4.jpg,Outlaw Star Ep 11: Adrift in Subspace @ 00:16:24,https://animehistory.org/gallery/screencaps/outlaw-star/episode-11/,https://animehistory.org/gallery/screencaps/outlaw-star/episode-11/?page=3,3,2026-10-07T01:49:26.698429+00:00,d3c1d422c605f110e9247c3edc02f66853436c4115812050c9895e2ee0f66b74,,UNVERIFIED
EP-11,Adrift in Subspace,00:16:28,988,850559,https://animehistory.org/uploads/screencaps/outlaw-star-E011-Adrift-in-Subspace/cap_00-16-28_4ea4.jpg,Outlaw Star Ep 11: Adrift in Subspace @ 00:16:28,https://animehistory.org/gallery/screencaps/outlaw-star/episode-11/,https://animehistory.org/gallery/screencaps/outlaw-star/episode-11/?page=3,3,2026-10-07T01:49:26.698429+00:00,d3c1d422c605f110e9247c3edc02f66853436c4115812050c9895e2ee0f66b74,,UNVERIFIED
EP-11,Adrift in Subspace,00:16:32,992,850560,https://animehistory.org/uploads/screencaps/outlaw-star-E011-Adrift-in-Subspace/cap_00-16-32_4ddd.jpg,Outlaw Star Ep 11: Adrift in Subspace @ 00:16:32,https://animehistory.org/gallery/screencaps/outlaw-star/episode-11/,https://animehistory.org/gallery/screencaps/outlaw-star/episode-11/?page=3,3,2026-10-07T01:49:26.698429+00:00,d3c1d422c605f110e9247c3edc02f66853436c4115812050c9895e2ee0f66b74,,UNVERIFIED
EP-11,Adrift in Subspace,00:16:35,995,850561,https://animehistory.org/uploads/screencaps/outlaw-star-E011-Adrift-in-Subspace/cap_00-16-35_22c6.jpg,Outlaw Star Ep 11: Adrift in Subspace @ 00:16:35,https://animehistory.org/gallery/screencaps/outlaw-star/episode-11/,https://animehistory.org/gallery/screencaps/outlaw-star/episode-11/?page=3,3,2026-10-07T01:49:26.698429+00:00,d3c1d422c605f110e9247c3edc02f66853436c4115812050c9895e2ee0f66b74,,UNVERIFIED
EP-11,Adrift in Subspace,00:16:39,999,850562,https://animehistory.org/uploads/screencaps/outlaw-star-E011-Adrift-in-Subspace/cap_00-16-39_3268.jpg,Outlaw Star Ep 11: Adrift in Subspace @ 00:16:39,https://animehistory.org/gallery/screencaps/outlaw-star/episode-11/,https://animehistory.org/gallery/screencaps/outlaw-star/episode-11/?page=3,3,2026-10-07T01:49:26.698429+00:00,d3c1d422c605f110e9247c3edc02f66853436c4115812050c9895e2ee0f66b74,,UNVERIFIED
EP-11,Adrift in Subspace,00:16:42,1002,850563,https://animehistory.org/uploads/screencaps/outlaw-star-E011-Adrift-in-Subspace/cap_00-16-42_5fdb.jpg,Outlaw Star Ep 11: Adrift in Subspace @ 00:16:42,https://animehistory.org/gallery/screencaps/outlaw-star/episode-11/,https://animehistory.org/gallery/screencaps/outlaw-star/episode-11/?page=3,3,2026-10-07T01:49:26.698429+00:00,d3c1d422c605f110e9247c3edc02f66853436c4115812050c9895e2ee0f66b74,,UNVERIFIED
EP-11,Adrift in Subspace,00:16:46,1006,850564,https://animehistory.org/uploads/screencaps/outlaw-star-E011-Adrift-in-Subspace/cap_00-16-46_468c.jpg,Outlaw Star Ep 11: Adrift in Subspace @ 00:16:46,https://animehistory.org/gallery/screencaps/outlaw-star/episode-11/,https://animehistory.org/gallery/screencaps/outlaw-star/episode-11/?page=3,3,2026-10-07T01:49:26.698429+00:00,d3c1d422c605f110e9247c3edc02f66853436c4115812050c9895e2ee0f66b74,,UNVERIFIED
EP-11,Adrift in Subspace,00:16:50,1010,850565,https://animehistory.org/uploads/screencaps/outlaw-star-E011-Adrift-in-Subspace/cap_00-16-50_4fe3.jpg,Outlaw Star Ep 11: Adrift in Subspace @ 00:16:50,https://animehistory.org/gallery/screencaps/outlaw-star/episode-11/,https://animehistory.org/gallery/screencaps/outlaw-star/episode-11/?page=3,3,2026-10-07T01:49:26.698429+00:00,d3c1d422c605f110e9247c3edc02f66853436c4115812050c9895e2ee0f66b74,,UNVERIFIED
EP-11,Adrift in Subspace,00:16:53,1013,850566,https://animehistory.org/uploads/screencaps/outlaw-star-E011-Adrift-in-Subspace/cap_00-16-53_7be2.jpg,Outlaw Star Ep 11: Adrift in Subspace @ 00:16:53,https://animehistory.org/gallery/screencaps/outlaw-star/episode-11/,https://animehistory.org/gallery/screencaps/outlaw-star/episode-11/?page=3,3,2026-10-07T01:49:26.698429+00:00,d3c1d422c605f110e9247c3edc02f66853436c4115812050c9895e2ee0f66b74,,UNVERIFIED
EP-11,Adrift in Subspace,00:16:57,1017,850567,https://animehistory.org/uploads/screencaps/outlaw-star-E011-Adrift-in-Subspace/cap_00-16-57_726c.jpg,Outlaw Star Ep 11: Adrift in Subspace @ 00:16:57,https://animehistory.org/gallery/screencaps/outlaw-star/episode-11/,https://animehistory.org/gallery/screencaps/outlaw-star/episode-11/?page=3,3,2026-10-07T01:49:26.698429+00:00,d3c1d422c605f110e9247c3edc02f66853436c4115812050c9895e2ee0f66b74,,UNVERIFIED
EP-11,Adrift in Subspace,00:17:00,1020,850568,https://animehistory.org/uploads/screencaps/outlaw-star-E011-Adrift-in-Subspace/cap_00-17-00_2f65.jpg,Outlaw Star Ep 11: Adrift in Subspace @ 00:17:00,https://animehistory.org/gallery/screencaps/outlaw-star/episode-11/,https://animehistory.org/gallery/screencaps/outlaw-star/episode-11/?page=3,3,2026-10-07T01:49:26.698429+00:00,d3c1d422c605f110e9247c3edc02f66853436c4115812050c9895e2ee0f66b74,,UNVERIFIED
EP-11,Adrift in Subspace,00:17:04,1024,850569,https://animehistory.org/uploads/screencaps/outlaw-star-E011-Adrift-in-Subspace/cap_00-17-04_677a.jpg,Outlaw Star Ep 11: Adrift in Subspace @ 00:17:04,https://animehistory.org/gallery/screencaps/outlaw-star/episode-11/,https://animehistory.org/gallery/screencaps/outlaw-star/episode-11/?page=3,3,2026-10-07T01:49:26.698429+00:00,d3c1d422c605f110e9247c3edc02f66853436c4115812050c9895e2ee0f66b74,,UNVERIFIED
EP-11,Adrift in Subspace,00:17:08,1028,850570,https://animehistory.org/uploads/screencaps/outlaw-star-E011-Adrift-in-Subspace/cap_00-17-08_4216.jpg,Outlaw Star Ep 11: Adrift in Subspace @ 00:17:08,https://animehistory.org/gallery/screencaps/outlaw-star/episode-11/,https://animehistory.org/gallery/screencaps/outlaw-star/episode-11/?page=3,3,2026-10-07T01:49:26.698429+00:00,d3c1d422c605f110e9247c3edc02f66853436c4115812050c9895e2ee0f66b74,,UNVERIFIED
EP-11,Adrift in Subspace,00:17:11,1031,850571,https://animehistory.org/uploads/screencaps/outlaw-star-E011-Adrift-in-Subspace/cap_00-17-11_37ab.jpg,Outlaw Star Ep 11: Adrift in Subspace @ 00:17:11,https://animehistory.org/gallery/screencaps/outlaw-star/episode-11/,https://animehistory.org/gallery/screencaps/outlaw-star/episode-11/?page=3,3,2026-10-07T01:49:26.698429+00:00,d3c1d422c605f110e9247c3edc02f66853436c4115812050c9895e2ee0f66b74,,UNVERIFIED
EP-11,Adrift in Subspace,00:17:15,1035,850572,https://animehistory.org/uploads/screencaps/outlaw-star-E011-Adrift-in-Subspace/cap_00-17-15_6d35.jpg,Outlaw Star Ep 11: Adrift in Subspace @ 00:17:15,https://animehistory.org/gallery/screencaps/outlaw-star/episode-11/,https://animehistory.org/gallery/screencaps/outlaw-star/episode-11/?page=3,3,2026-10-07T01:49:26.698429+00:00,d3c1d422c605f110e9247c3edc02f66853436c4115812050c9895e2ee0f66b74,,UNVERIFIED
EP-11,Adrift in Subspace,00:17:18,1038,850573,https://animehistory.org/uploads/screencaps/outlaw-star-E011-Adrift-in-Subspace/cap_00-17-18_6ed7.jpg,Outlaw Star Ep 11: Adrift in Subspace @ 00:17:18,https://animehistory.org/gallery/screencaps/outlaw-star/episode-11/,https://animehistory.org/gallery/screencaps/outlaw-star/episode-11/?page=3,3,2026-10-07T01:49:26.698429+00:00,d3c1d422c605f110e9247c3edc02f66853436c4115812050c9895e2ee0f66b74,,UNVERIFIED
EP-11,Adrift in Subspace,00:17:22,1042,850574,https://animehistory.org/uploads/screencaps/outlaw-star-E011-Adrift-in-Subspace/cap_00-17-22_7d61.jpg,Outlaw Star Ep 11: Adrift in Subspace @ 00:17:22,https://animehistory.org/gallery/screencaps/outlaw-star/episode-11/,https://animehistory.org/gallery/screencaps/outlaw-star/episode-11/?page=3,3,2026-10-07T01:49:26.698429+00:00,d3c1d422c605f110e9247c3edc02f66853436c4115812050c9895e2ee0f66b74,,UNVERIFIED
EP-11,Adrift in Subspace,00:17:26,1046,850575,https://animehistory.org/uploads/screencaps/outlaw-star-E011-Adrift-in-Subspace/cap_00-17-26_0054.jpg,Outlaw Star Ep 11: Adrift in Subspace @ 00:17:26,https://animehistory.org/gallery/screencaps/outlaw-star/episode-11/,https://animehistory.org/gallery/screencaps/outlaw-star/episode-11/?page=3,3,2026-10-07T01:49:26.698429+00:00,d3c1d422c605f110e9247c3edc02f66853436c4115812050c9895e2ee0f66b74,,UNVERIFIED
EP-11,Adrift in Subspace,00:17:29,1049,850576,https://animehistory.org/uploads/screencaps/outlaw-star-E011-Adrift-in-Subspace/cap_00-17-29_2a0a.jpg,Outlaw Star Ep 11: Adrift in Subspace @ 00:17:29,https://animehistory.org/gallery/screencaps/outlaw-star/episode-11/,https://animehistory.org/gallery/screencaps/outlaw-star/episode-11/?page=3,3,2026-10-07T01:49:26.698429+00:00,d3c1d422c605f110e9247c3edc02f66853436c4115812050c9895e2ee0f66b74,,UNVERIFIED
EP-11,Adrift in Subspace,00:17:33,1053,850577,https://animehistory.org/uploads/screencaps/outlaw-star-E011-Adrift-in-Subspace/cap_00-17-33_69e5.jpg,Outlaw Star Ep 11: Adrift in Subspace @ 00:17:33,https://animehistory.org/gallery/screencaps/outlaw-star/episode-11/,https://animehistory.org/gallery/screencaps/outlaw-star/episode-11/?page=3,3,2026-10-07T01:49:26.698429+00:00,d3c1d422c605f110e9247c3edc02f66853436c4115812050c9895e2ee0f66b74,,UNVERIFIED
EP-11,Adrift in Subspace,00:17:36,1056,850578,https://animehistory.org/uploads/screencaps/outlaw-star-E011-Adrift-in-Subspace/cap_00-17-36_446e.jpg,Outlaw Star Ep 11: Adrift in Subspace @ 00:17:36,https://animehistory.org/gallery/screencaps/outlaw-star/episode-11/,https://animehistory.org/gallery/screencaps/outlaw-star/episode-11/?page=3,3,2026-10-07T01:49:26.698429+00:00,d3c1d422c605f110e9247c3edc02f66853436c4115812050c9895e2ee0f66b74,,UNVERIFIED
EP-11,Adrift in Subspace,00:17:40,1060,850579,https://animehistory.org/uploads/screencaps/outlaw-star-E011-Adrift-in-Subspace/cap_00-17-40_173f.jpg,Outlaw Star Ep 11: Adrift in Subspace @ 00:17:40,https://animehistory.org/gallery/screencaps/outlaw-star/episode-11/,https://animehistory.org/gallery/screencaps/outlaw-star/episode-11/?page=3,3,2026-10-07T01:49:26.698429+00:00,d3c1d422c605f110e9247c3edc02f66853436c4115812050c9895e2ee0f66b74,,UNVERIFIED
EP-11,Adrift in Subspace,00:17:44,1064,850580,https://animehistory.org/uploads/screencaps/outlaw-star-E011-Adrift-in-Subspace/cap_00-17-44_33dc.jpg,Outlaw Star Ep 11: Adrift in Subspace @ 00:17:44,https://animehistory.org/gallery/screencaps/outlaw-star/episode-11/,https://animehistory.org/gallery/screencaps/outlaw-star/episode-11/?page=3,3,2026-10-07T01:49:26.698429+00:00,d3c1d422c605f110e9247c3edc02f66853436c4115812050c9895e2ee0f66b74,,UNVERIFIED
EP-11,Adrift in Subspace,00:17:47,1067,850581,https://animehistory.org/uploads/screencaps/outlaw-star-E011-Adrift-in-Subspace/cap_00-17-47_29b4.jpg,Outlaw Star Ep 11: Adrift in Subspace @ 00:17:47,https://animehistory.org/gallery/screencaps/outlaw-star/episode-11/,https://animehistory.org/gallery/screencaps/outlaw-star/episode-11/?page=3,3,2026-10-07T01:49:26.698429+00:00,d3c1d422c605f110e9247c3edc02f66853436c4115812050c9895e2ee0f66b74,,UNVERIFIED
EP-11,Adrift in Subspace,00:17:51,1071,850582,https://animehistory.org/uploads/screencaps/outlaw-star-E011-Adrift-in-Subspace/cap_00-17-51_4db2.jpg,Outlaw Star Ep 11: Adrift in Subspace @ 00:17:51,https://animehistory.org/gallery/screencaps/outlaw-star/episode-11/,https://animehistory.org/gallery/screencaps/outlaw-star/episode-11/?page=3,3,2026-10-07T01:49:26.698429+00:00,d3c1d422c605f110e9247c3edc02f66853436c4115812050c9895e2ee0f66b74,,UNVERIFIED
EP-11,Adrift in Subspace,00:17:54,1074,850583,https://animehistory.org/uploads/screencaps/outlaw-star-E011-Adrift-in-Subspace/cap_00-17-54_7b83.jpg,Outlaw Star Ep 11: Adrift in Subspace @ 00:17:54,https://animehistory.org/gallery/screencaps/outlaw-star/episode-11/,https://animehistory.org/gallery/screencaps/outlaw-star/episode-11/?page=3,3,2026-10-07T01:49:26.698429+00:00,d3c1d422c605f110e9247c3edc02f66853436c4115812050c9895e2ee0f66b74,,UNVERIFIED
EP-11,Adrift in Subspace,00:17:58,1078,850584,https://animehistory.org/uploads/screencaps/outlaw-star-E011-Adrift-in-Subspace/cap_00-17-58_725e.jpg,Outlaw Star Ep 11: Adrift in Subspace @ 00:17:58,https://animehistory.org/gallery/screencaps/outlaw-star/episode-11/,https://animehistory.org/gallery/screencaps/outlaw-star/episode-11/?page=3,3,2026-10-07T01:49:26.698429+00:00,d3c1d422c605f110e9247c3edc02f66853436c4115812050c9895e2ee0f66b74,,UNVERIFIED
EP-11,Adrift in Subspace,00:18:02,1082,850585,https://animehistory.org/uploads/screencaps/outlaw-star-E011-Adrift-in-Subspace/cap_00-18-02_20a1.jpg,Outlaw Star Ep 11: Adrift in Subspace @ 00:18:02,https://animehistory.org/gallery/screencaps/outlaw-star/episode-11/,https://animehistory.org/gallery/screencaps/outlaw-star/episode-11/?page=3,3,2026-10-07T01:49:26.698429+00:00,d3c1d422c605f110e9247c3edc02f66853436c4115812050c9895e2ee0f66b74,,UNVERIFIED
EP-11,Adrift in Subspace,00:18:05,1085,850586,https://animehistory.org/uploads/screencaps/outlaw-star-E011-Adrift-in-Subspace/cap_00-18-05_48b3.jpg,Outlaw Star Ep 11: Adrift in Subspace @ 00:18:05,https://animehistory.org/gallery/screencaps/outlaw-star/episode-11/,https://animehistory.org/gallery/screencaps/outlaw-star/episode-11/?page=3,3,2026-10-07T01:49:26.698429+00:00,d3c1d422c605f110e9247c3edc02f66853436c4115812050c9895e2ee0f66b74,,UNVERIFIED
EP-11,Adrift in Subspace,00:18:09,1089,850587,https://animehistory.org/uploads/screencaps/outlaw-star-E011-Adrift-in-Subspace/cap_00-18-09_1f12.jpg,Outlaw Star Ep 11: Adrift in Subspace @ 00:18:09,https://animehistory.org/gallery/screencaps/outlaw-star/episode-11/,https://animehistory.org/gallery/screencaps/outlaw-star/episode-11/?page=3,3,2026-10-07T01:49:26.698429+00:00,d3c1d422c605f110e9247c3edc02f66853436c4115812050c9895e2ee0f66b74,,UNVERIFIED
EP-11,Adrift in Subspace,00:18:12,1092,850588,https://animehistory.org/uploads/screencaps/outlaw-star-E011-Adrift-in-Subspace/cap_00-18-12_3cd6.jpg,Outlaw Star Ep 11: Adrift in Subspace @ 00:18:12,https://animehistory.org/gallery/screencaps/outlaw-star/episode-11/,https://animehistory.org/gallery/screencaps/outlaw-star/episode-11/?page=3,3,2026-10-07T01:49:26.698429+00:00,d3c1d422c605f110e9247c3edc02f66853436c4115812050c9895e2ee0f66b74,,UNVERIFIED
EP-11,Adrift in Subspace,00:18:16,1096,850589,https://animehistory.org/uploads/screencaps/outlaw-star-E011-Adrift-in-Subspace/cap_00-18-16_74a3.jpg,Outlaw Star Ep 11: Adrift in Subspace @ 00:18:16,https://animehistory.org/gallery/screencaps/outlaw-star/episode-11/,https://animehistory.org/gallery/screencaps/outlaw-star/episode-11/?page=3,3,2026-10-07T01:49:26.698429+00:00,d3c1d422c605f110e9247c3edc02f66853436c4115812050c9895e2ee0f66b74,,UNVERIFIED
EP-11,Adrift in Subspace,00:18:20,1100,850590,https://animehistory.org/uploads/screencaps/outlaw-star-E011-Adrift-in-Subspace/cap_00-18-20_0fe8.jpg,Outlaw Star Ep 11: Adrift in Subspace @ 00:18:20,https://animehistory.org/gallery/screencaps/outlaw-star/episode-11/,https://animehistory.org/gallery/screencaps/outlaw-star/episode-11/?page=3,3,2026-10-07T01:49:26.698429+00:00,d3c1d422c605f110e9247c3edc02f66853436c4115812050c9895e2ee0f66b74,,UNVERIFIED
EP-11,Adrift in Subspace,00:18:23,1103,850591,https://animehistory.org/uploads/screencaps/outlaw-star-E011-Adrift-in-Subspace/cap_00-18-23_4378.jpg,Outlaw Star Ep 11: Adrift in Subspace @ 00:18:23,https://animehistory.org/gallery/screencaps/outlaw-star/episode-11/,https://animehistory.org/gallery/screencaps/outlaw-star/episode-11/?page=3,3,2026-10-07T01:49:26.698429+00:00,d3c1d422c605f110e9247c3edc02f66853436c4115812050c9895e2ee0f66b74,,UNVERIFIED
EP-11,Adrift in Subspace,00:18:27,1107,850592,https://animehistory.org/uploads/screencaps/outlaw-star-E011-Adrift-in-Subspace/cap_00-18-27_0661.jpg,Outlaw Star Ep 11: Adrift in Subspace @ 00:18:27,https://animehistory.org/gallery/screencaps/outlaw-star/episode-11/,https://animehistory.org/gallery/screencaps/outlaw-star/episode-11/?page=3,3,2026-10-07T01:49:26.698429+00:00,d3c1d422c605f110e9247c3edc02f66853436c4115812050c9895e2ee0f66b74,,UNVERIFIED
EP-11,Adrift in Subspace,00:18:30,1110,850593,https://animehistory.org/uploads/screencaps/outlaw-star-E011-Adrift-in-Subspace/cap_00-18-30_4fea.jpg,Outlaw Star Ep 11: Adrift in Subspace @ 00:18:30,https://animehistory.org/gallery/screencaps/outlaw-star/episode-11/,https://animehistory.org/gallery/screencaps/outlaw-star/episode-11/?page=3,3,2026-10-07T01:49:26.698429+00:00,d3c1d422c605f110e9247c3edc02f66853436c4115812050c9895e2ee0f66b74,,UNVERIFIED
EP-11,Adrift in Subspace,00:18:34,1114,850594,https://animehistory.org/uploads/screencaps/outlaw-star-E011-Adrift-in-Subspace/cap_00-18-34_4bda.jpg,Outlaw Star Ep 11: Adrift in Subspace @ 00:18:34,https://animehistory.org/gallery/screencaps/outlaw-star/episode-11/,https://animehistory.org/gallery/screencaps/outlaw-star/episode-11/?page=3,3,2026-10-07T01:49:26.698429+00:00,d3c1d422c605f110e9247c3edc02f66853436c4115812050c9895e2ee0f66b74,,UNVERIFIED
EP-11,Adrift in Subspace,00:18:38,1118,850595,https://animehistory.org/uploads/screencaps/outlaw-star-E011-Adrift-in-Subspace/cap_00-18-38_379c.jpg,Outlaw Star Ep 11: Adrift in Subspace @ 00:18:38,https://animehistory.org/gallery/screencaps/outlaw-star/episode-11/,https://animehistory.org/gallery/screencaps/outlaw-star/episode-11/?page=3,3,2026-10-07T01:49:26.698429+00:00,d3c1d422c605f110e9247c3edc02f66853436c4115812050c9895e2ee0f66b74,,UNVERIFIED
EP-11,Adrift in Subspace,00:18:41,1121,850596,https://animehistory.org/uploads/screencaps/outlaw-star-E011-Adrift-in-Subspace/cap_00-18-41_1f92.jpg,Outlaw Star Ep 11: Adrift in Subspace @ 00:18:41,https://animehistory.org/gallery/screencaps/outlaw-star/episode-11/,https://animehistory.org/gallery/screencaps/outlaw-star/episode-11/?page=3,3,2026-10-07T01:49:26.698429+00:00,d3c1d422c605f110e9247c3edc02f66853436c4115812050c9895e2ee0f66b74,,UNVERIFIED
EP-11,Adrift in Subspace,00:18:45,1125,850597,https://animehistory.org/uploads/screencaps/outlaw-star-E011-Adrift-in-Subspace/cap_00-18-45_4d7b.jpg,Outlaw Star Ep 11: Adrift in Subspace @ 00:18:45,https://animehistory.org/gallery/screencaps/outlaw-star/episode-11/,https://animehistory.org/gallery/screencaps/outlaw-star/episode-11/?page=3,3,2026-10-07T01:49:26.698429+00:00,d3c1d422c605f110e9247c3edc02f66853436c4115812050c9895e2ee0f66b74,,UNVERIFIED
EP-11,Adrift in Subspace,00:18:48,1128,850598,https://animehistory.org/uploads/screencaps/outlaw-star-E011-Adrift-in-Subspace/cap_00-18-48_0b0c.jpg,Outlaw Star Ep 11: Adrift in Subspace @ 00:18:48,https://animehistory.org/gallery/screencaps/outlaw-star/episode-11/,https://animehistory.org/gallery/screencaps/outlaw-star/episode-11/?page=3,3,2026-10-07T01:49:26.698429+00:00,d3c1d422c605f110e9247c3edc02f66853436c4115812050c9895e2ee0f66b74,,UNVERIFIED
EP-11,Adrift in Subspace,00:18:52,1132,850599,https://animehistory.org/uploads/screencaps/outlaw-star-E011-Adrift-in-Subspace/cap_00-18-52_5ef4.jpg,Outlaw Star Ep 11: Adrift in Subspace @ 00:18:52,https://animehistory.org/gallery/screencaps/outlaw-star/episode-11/,https://animehistory.org/gallery/screencaps/outlaw-star/episode-11/?page=3,3,2026-10-07T01:49:26.698429+00:00,d3c1d422c605f110e9247c3edc02f66853436c4115812050c9895e2ee0f66b74,,UNVERIFIED
EP-11,Adrift in Subspace,00:18:55,1135,850600,https://animehistory.org/uploads/screencaps/outlaw-star-E011-Adrift-in-Subspace/cap_00-18-55_43bd.jpg,Outlaw Star Ep 11: Adrift in Subspace @ 00:18:55,https://animehistory.org/gallery/screencaps/outlaw-star/episode-11/,https://animehistory.org/gallery/screencaps/outlaw-star/episode-11/?page=3,3,2026-10-07T01:49:26.698429+00:00,d3c1d422c605f110e9247c3edc02f66853436c4115812050c9895e2ee0f66b74,,UNVERIFIED
EP-11,Adrift in Subspace,00:18:59,1139,850601,https://animehistory.org/uploads/screencaps/outlaw-star-E011-Adrift-in-Subspace/cap_00-18-59_7b2d.jpg,Outlaw Star Ep 11: Adrift in Subspace @ 00:18:59,https://animehistory.org/gallery/screencaps/outlaw-star/episode-11/,https://animehistory.org/gallery/screencaps/outlaw-star/episode-11/?page=3,3,2026-10-07T01:49:26.698429+00:00,d3c1d422c605f110e9247c3edc02f66853436c4115812050c9895e2ee0f66b74,,UNVERIFIED
EP-11,Adrift in Subspace,00:19:03,1143,850602,https://animehistory.org/uploads/screencaps/outlaw-star-E011-Adrift-in-Subspace/cap_00-19-03_740f.jpg,Outlaw Star Ep 11: Adrift in Subspace @ 00:19:03,https://animehistory.org/gallery/screencaps/outlaw-star/episode-11/,https://animehistory.org/gallery/screencaps/outlaw-star/episode-11/?page=3,3,2026-10-07T01:49:26.698429+00:00,d3c1d422c605f110e9247c3edc02f66853436c4115812050c9895e2ee0f66b74,,UNVERIFIED
EP-11,Adrift in Subspace,00:19:06,1146,850603,https://animehistory.org/uploads/screencaps/outlaw-star-E011-Adrift-in-Subspace/cap_00-19-06_732d.jpg,Outlaw Star Ep 11: Adrift in Subspace @ 00:19:06,https://animehistory.org/gallery/screencaps/outlaw-star/episode-11/,https://animehistory.org/gallery/screencaps/outlaw-star/episode-11/?page=3,3,2026-10-07T01:49:26.698429+00:00,d3c1d422c605f110e9247c3edc02f66853436c4115812050c9895e2ee0f66b74,,UNVERIFIED
EP-11,Adrift in Subspace,00:19:10,1150,850604,https://animehistory.org/uploads/screencaps/outlaw-star-E011-Adrift-in-Subspace/cap_00-19-10_00de.jpg,Outlaw Star Ep 11: Adrift in Subspace @ 00:19:10,https://animehistory.org/gallery/screencaps/outlaw-star/episode-11/,https://animehistory.org/gallery/screencaps/outlaw-star/episode-11/?page=3,3,2026-10-07T01:49:26.698429+00:00,d3c1d422c605f110e9247c3edc02f66853436c4115812050c9895e2ee0f66b74,,UNVERIFIED
EP-11,Adrift in Subspace,00:19:13,1153,850605,https://animehistory.org/uploads/screencaps/outlaw-star-E011-Adrift-in-Subspace/cap_00-19-13_56cf.jpg,Outlaw Star Ep 11: Adrift in Subspace @ 00:19:13,https://animehistory.org/gallery/screencaps/outlaw-star/episode-11/,https://animehistory.org/gallery/screencaps/outlaw-star/episode-11/?page=3,3,2026-10-07T01:49:26.698429+00:00,d3c1d422c605f110e9247c3edc02f66853436c4115812050c9895e2ee0f66b74,,UNVERIFIED
EP-11,Adrift in Subspace,00:19:17,1157,850606,https://animehistory.org/uploads/screencaps/outlaw-star-E011-Adrift-in-Subspace/cap_00-19-17_7e8c.jpg,Outlaw Star Ep 11: Adrift in Subspace @ 00:19:17,https://animehistory.org/gallery/screencaps/outlaw-star/episode-11/,https://animehistory.org/gallery/screencaps/outlaw-star/episode-11/?page=3,3,2026-10-07T01:49:26.698429+00:00,d3c1d422c605f110e9247c3edc02f66853436c4115812050c9895e2ee0f66b74,,UNVERIFIED
EP-11,Adrift in Subspace,00:19:21,1161,850607,https://animehistory.org/uploads/screencaps/outlaw-star-E011-Adrift-in-Subspace/cap_00-19-21_38de.jpg,Outlaw Star Ep 11: Adrift in Subspace @ 00:19:21,https://animehistory.org/gallery/screencaps/outlaw-star/episode-11/,https://animehistory.org/gallery/screencaps/outlaw-star/episode-11/?page=3,3,2026-10-07T01:49:26.698429+00:00,d3c1d422c605f110e9247c3edc02f66853436c4115812050c9895e2ee0f66b74,,UNVERIFIED
EP-11,Adrift in Subspace,00:19:24,1164,850608,https://animehistory.org/uploads/screencaps/outlaw-star-E011-Adrift-in-Subspace/cap_00-19-24_454b.jpg,Outlaw Star Ep 11: Adrift in Subspace @ 00:19:24,https://animehistory.org/gallery/screencaps/outlaw-star/episode-11/,https://animehistory.org/gallery/screencaps/outlaw-star/episode-11/?page=3,3,2026-10-07T01:49:26.698429+00:00,d3c1d422c605f110e9247c3edc02f66853436c4115812050c9895e2ee0f66b74,,UNVERIFIED
EP-11,Adrift in Subspace,00:19:28,1168,850609,https://animehistory.org/uploads/screencaps/outlaw-star-E011-Adrift-in-Subspace/cap_00-19-28_0351.jpg,Outlaw Star Ep 11: Adrift in Subspace @ 00:19:28,https://animehistory.org/gallery/screencaps/outlaw-star/episode-11/,https://animehistory.org/gallery/screencaps/outlaw-star/episode-11/?page=3,3,2026-10-07T01:49:26.698429+00:00,d3c1d422c605f110e9247c3edc02f66853436c4115812050c9895e2ee0f66b74,,UNVERIFIED
EP-11,Adrift in Subspace,00:19:31,1171,850610,https://animehistory.org/uploads/screencaps/outlaw-star-E011-Adrift-in-Subspace/cap_00-19-31_52e5.jpg,Outlaw Star Ep 11: Adrift in Subspace @ 00:19:31,https://animehistory.org/gallery/screencaps/outlaw-star/episode-11/,https://animehistory.org/gallery/screencaps/outlaw-star/episode-11/?page=3,3,2026-10-07T01:49:26.698429+00:00,d3c1d422c605f110e9247c3edc02f66853436c4115812050c9895e2ee0f66b74,,UNVERIFIED
EP-11,Adrift in Subspace,00:19:35,1175,850611,https://animehistory.org/uploads/screencaps/outlaw-star-E011-Adrift-in-Subspace/cap_00-19-35_4abf.jpg,Outlaw Star Ep 11: Adrift in Subspace @ 00:19:35,https://animehistory.org/gallery/screencaps/outlaw-star/episode-11/,https://animehistory.org/gallery/screencaps/outlaw-star/episode-11/?page=3,3,2026-10-07T01:49:26.698429+00:00,d3c1d422c605f110e9247c3edc02f66853436c4115812050c9895e2ee0f66b74,,UNVERIFIED
EP-11,Adrift in Subspace,00:19:39,1179,850612,https://animehistory.org/uploads/screencaps/outlaw-star-E011-Adrift-in-Subspace/cap_00-19-39_157f.jpg,Outlaw Star Ep 11: Adrift in Subspace @ 00:19:39,https://animehistory.org/gallery/screencaps/outlaw-star/episode-11/,https://animehistory.org/gallery/screencaps/outlaw-star/episode-11/?page=3,3,2026-10-07T01:49:26.698429+00:00,d3c1d422c605f110e9247c3edc02f66853436c4115812050c9895e2ee0f66b74,,UNVERIFIED
EP-11,Adrift in Subspace,00:19:42,1182,850613,https://animehistory.org/uploads/screencaps/outlaw-star-E011-Adrift-in-Subspace/cap_00-19-42_4876.jpg,Outlaw Star Ep 11: Adrift in Subspace @ 00:19:42,https://animehistory.org/gallery/screencaps/outlaw-star/episode-11/,https://animehistory.org/gallery/screencaps/outlaw-star/episode-11/?page=4,4,2026-10-07T01:49:27.887753+00:00,634783e5b1e1af7809775207743aa38823ab845d905ccb6c9ffc0dbfe402fc54,,UNVERIFIED
EP-11,Adrift in Subspace,00:19:46,1186,850614,https://animehistory.org/uploads/screencaps/outlaw-star-E011-Adrift-in-Subspace/cap_00-19-46_3ec4.jpg,Outlaw Star Ep 11: Adrift in Subspace @ 00:19:46,https://animehistory.org/gallery/screencaps/outlaw-star/episode-11/,https://animehistory.org/gallery/screencaps/outlaw-star/episode-11/?page=4,4,2026-10-07T01:49:27.887753+00:00,634783e5b1e1af7809775207743aa38823ab845d905ccb6c9ffc0dbfe402fc54,,UNVERIFIED
EP-11,Adrift in Subspace,00:19:49,1189,850615,https://animehistory.org/uploads/screencaps/outlaw-star-E011-Adrift-in-Subspace/cap_00-19-49_0175.jpg,Outlaw Star Ep 11: Adrift in Subspace @ 00:19:49,https://animehistory.org/gallery/screencaps/outlaw-star/episode-11/,https://animehistory.org/gallery/screencaps/outlaw-star/episode-11/?page=4,4,2026-10-07T01:49:27.887753+00:00,634783e5b1e1af7809775207743aa38823ab845d905ccb6c9ffc0dbfe402fc54,,UNVERIFIED
EP-11,Adrift in Subspace,00:19:53,1193,850616,https://animehistory.org/uploads/screencaps/outlaw-star-E011-Adrift-in-Subspace/cap_00-19-53_6e36.jpg,Outlaw Star Ep 11: Adrift in Subspace @ 00:19:53,https://animehistory.org/gallery/screencaps/outlaw-star/episode-11/,https://animehistory.org/gallery/screencaps/outlaw-star/episode-11/?page=4,4,2026-10-07T01:49:27.887753+00:00,634783e5b1e1af7809775207743aa38823ab845d905ccb6c9ffc0dbfe402fc54,,UNVERIFIED
EP-11,Adrift in Subspace,00:19:57,1197,850617,https://animehistory.org/uploads/screencaps/outlaw-star-E011-Adrift-in-Subspace/cap_00-19-57_7563.jpg,Outlaw Star Ep 11: Adrift in Subspace @ 00:19:57,https://animehistory.org/gallery/screencaps/outlaw-star/episode-11/,https://animehistory.org/gallery/screencaps/outlaw-star/episode-11/?page=4,4,2026-10-07T01:49:27.887753+00:00,634783e5b1e1af7809775207743aa38823ab845d905ccb6c9ffc0dbfe402fc54,,UNVERIFIED
EP-11,Adrift in Subspace,00:20:00,1200,850618,https://animehistory.org/uploads/screencaps/outlaw-star-E011-Adrift-in-Subspace/cap_00-20-00_1268.jpg,Outlaw Star Ep 11: Adrift in Subspace @ 00:20:00,https://animehistory.org/gallery/screencaps/outlaw-star/episode-11/,https://animehistory.org/gallery/screencaps/outlaw-star/episode-11/?page=4,4,2026-10-07T01:49:27.887753+00:00,634783e5b1e1af7809775207743aa38823ab845d905ccb6c9ffc0dbfe402fc54,,UNVERIFIED
EP-11,Adrift in Subspace,00:20:04,1204,850619,https://animehistory.org/uploads/screencaps/outlaw-star-E011-Adrift-in-Subspace/cap_00-20-04_5360.jpg,Outlaw Star Ep 11: Adrift in Subspace @ 00:20:04,https://animehistory.org/gallery/screencaps/outlaw-star/episode-11/,https://animehistory.org/gallery/screencaps/outlaw-star/episode-11/?page=4,4,2026-10-07T01:49:27.887753+00:00,634783e5b1e1af7809775207743aa38823ab845d905ccb6c9ffc0dbfe402fc54,,UNVERIFIED
EP-11,Adrift in Subspace,00:20:07,1207,850620,https://animehistory.org/uploads/screencaps/outlaw-star-E011-Adrift-in-Subspace/cap_00-20-07_2074.jpg,Outlaw Star Ep 11: Adrift in Subspace @ 00:20:07,https://animehistory.org/gallery/screencaps/outlaw-star/episode-11/,https://animehistory.org/gallery/screencaps/outlaw-star/episode-11/?page=4,4,2026-10-07T01:49:27.887753+00:00,634783e5b1e1af7809775207743aa38823ab845d905ccb6c9ffc0dbfe402fc54,,UNVERIFIED
EP-11,Adrift in Subspace,00:20:11,1211,850621,https://animehistory.org/uploads/screencaps/outlaw-star-E011-Adrift-in-Subspace/cap_00-20-11_6016.jpg,Outlaw Star Ep 11: Adrift in Subspace @ 00:20:11,https://animehistory.org/gallery/screencaps/outlaw-star/episode-11/,https://animehistory.org/gallery/screencaps/outlaw-star/episode-11/?page=4,4,2026-10-07T01:49:27.887753+00:00,634783e5b1e1af7809775207743aa38823ab845d905ccb6c9ffc0dbfe402fc54,,UNVERIFIED
EP-11,Adrift in Subspace,00:20:15,1215,850622,https://animehistory.org/uploads/screencaps/outlaw-star-E011-Adrift-in-Subspace/cap_00-20-15_2027.jpg,Outlaw Star Ep 11: Adrift in Subspace @ 00:20:15,https://animehistory.org/gallery/screencaps/outlaw-star/episode-11/,https://animehistory.org/gallery/screencaps/outlaw-star/episode-11/?page=4,4,2026-10-07T01:49:27.887753+00:00,634783e5b1e1af7809775207743aa38823ab845d905ccb6c9ffc0dbfe402fc54,,UNVERIFIED
EP-11,Adrift in Subspace,00:20:18,1218,850623,https://animehistory.org/uploads/screencaps/outlaw-star-E011-Adrift-in-Subspace/cap_00-20-18_7475.jpg,Outlaw Star Ep 11: Adrift in Subspace @ 00:20:18,https://animehistory.org/gallery/screencaps/outlaw-star/episode-11/,https://animehistory.org/gallery/screencaps/outlaw-star/episode-11/?page=4,4,2026-10-07T01:49:27.887753+00:00,634783e5b1e1af7809775207743aa38823ab845d905ccb6c9ffc0dbfe402fc54,,UNVERIFIED
EP-11,Adrift in Subspace,00:20:22,1222,850624,https://animehistory.org/uploads/screencaps/outlaw-star-E011-Adrift-in-Subspace/cap_00-20-22_7c03.jpg,Outlaw Star Ep 11: Adrift in Subspace @ 00:20:22,https://animehistory.org/gallery/screencaps/outlaw-star/episode-11/,https://animehistory.org/gallery/screencaps/outlaw-star/episode-11/?page=4,4,2026-10-07T01:49:27.887753+00:00,634783e5b1e1af7809775207743aa38823ab845d905ccb6c9ffc0dbfe402fc54,,UNVERIFIED
EP-11,Adrift in Subspace,00:20:25,1225,850625,https://animehistory.org/uploads/screencaps/outlaw-star-E011-Adrift-in-Subspace/cap_00-20-25_0559.jpg,Outlaw Star Ep 11: Adrift in Subspace @ 00:20:25,https://animehistory.org/gallery/screencaps/outlaw-star/episode-11/,https://animehistory.org/gallery/screencaps/outlaw-star/episode-11/?page=4,4,2026-10-07T01:49:27.887753+00:00,634783e5b1e1af7809775207743aa38823ab845d905ccb6c9ffc0dbfe402fc54,,UNVERIFIED
EP-11,Adrift in Subspace,00:20:29,1229,850626,https://animehistory.org/uploads/screencaps/outlaw-star-E011-Adrift-in-Subspace/cap_00-20-29_0d0f.jpg,Outlaw Star Ep 11: Adrift in Subspace @ 00:20:29,https://animehistory.org/gallery/screencaps/outlaw-star/episode-11/,https://animehistory.org/gallery/screencaps/outlaw-star/episode-11/?page=4,4,2026-10-07T01:49:27.887753+00:00,634783e5b1e1af7809775207743aa38823ab845d905ccb6c9ffc0dbfe402fc54,,UNVERIFIED
EP-11,Adrift in Subspace,00:20:33,1233,850627,https://animehistory.org/uploads/screencaps/outlaw-star-E011-Adrift-in-Subspace/cap_00-20-33_1bf5.jpg,Outlaw Star Ep 11: Adrift in Subspace @ 00:20:33,https://animehistory.org/gallery/screencaps/outlaw-star/episode-11/,https://animehistory.org/gallery/screencaps/outlaw-star/episode-11/?page=4,4,2026-10-07T01:49:27.887753+00:00,634783e5b1e1af7809775207743aa38823ab845d905ccb6c9ffc0dbfe402fc54,,UNVERIFIED
EP-11,Adrift in Subspace,00:20:36,1236,850628,https://animehistory.org/uploads/screencaps/outlaw-star-E011-Adrift-in-Subspace/cap_00-20-36_1f35.jpg,Outlaw Star Ep 11: Adrift in Subspace @ 00:20:36,https://animehistory.org/gallery/screencaps/outlaw-star/episode-11/,https://animehistory.org/gallery/screencaps/outlaw-star/episode-11/?page=4,4,2026-10-07T01:49:27.887753+00:00,634783e5b1e1af7809775207743aa38823ab845d905ccb6c9ffc0dbfe402fc54,,UNVERIFIED
EP-11,Adrift in Subspace,00:20:40,1240,850629,https://animehistory.org/uploads/screencaps/outlaw-star-E011-Adrift-in-Subspace/cap_00-20-40_1f2d.jpg,Outlaw Star Ep 11: Adrift in Subspace @ 00:20:40,https://animehistory.org/gallery/screencaps/outlaw-star/episode-11/,https://animehistory.org/gallery/screencaps/outlaw-star/episode-11/?page=4,4,2026-10-07T01:49:27.887753+00:00,634783e5b1e1af7809775207743aa38823ab845d905ccb6c9ffc0dbfe402fc54,,UNVERIFIED
EP-11,Adrift in Subspace,00:20:43,1243,850630,https://animehistory.org/uploads/screencaps/outlaw-star-E011-Adrift-in-Subspace/cap_00-20-43_4eca.jpg,Outlaw Star Ep 11: Adrift in Subspace @ 00:20:43,https://animehistory.org/gallery/screencaps/outlaw-star/episode-11/,https://animehistory.org/gallery/screencaps/outlaw-star/episode-11/?page=4,4,2026-10-07T01:49:27.887753+00:00,634783e5b1e1af7809775207743aa38823ab845d905ccb6c9ffc0dbfe402fc54,,UNVERIFIED
EP-11,Adrift in Subspace,00:20:47,1247,850631,https://animehistory.org/uploads/screencaps/outlaw-star-E011-Adrift-in-Subspace/cap_00-20-47_1d89.jpg,Outlaw Star Ep 11: Adrift in Subspace @ 00:20:47,https://animehistory.org/gallery/screencaps/outlaw-star/episode-11/,https://animehistory.org/gallery/screencaps/outlaw-star/episode-11/?page=4,4,2026-10-07T01:49:27.887753+00:00,634783e5b1e1af7809775207743aa38823ab845d905ccb6c9ffc0dbfe402fc54,,UNVERIFIED
EP-11,Adrift in Subspace,00:20:51,1251,850632,https://animehistory.org/uploads/screencaps/outlaw-star-E011-Adrift-in-Subspace/cap_00-20-51_0b30.jpg,Outlaw Star Ep 11: Adrift in Subspace @ 00:20:51,https://animehistory.org/gallery/screencaps/outlaw-star/episode-11/,https://animehistory.org/gallery/screencaps/outlaw-star/episode-11/?page=4,4,2026-10-07T01:49:27.887753+00:00,634783e5b1e1af7809775207743aa38823ab845d905ccb6c9ffc0dbfe402fc54,,UNVERIFIED
EP-11,Adrift in Subspace,00:20:54,1254,850633,https://animehistory.org/uploads/screencaps/outlaw-star-E011-Adrift-in-Subspace/cap_00-20-54_4e98.jpg,Outlaw Star Ep 11: Adrift in Subspace @ 00:20:54,https://animehistory.org/gallery/screencaps/outlaw-star/episode-11/,https://animehistory.org/gallery/screencaps/outlaw-star/episode-11/?page=4,4,2026-10-07T01:49:27.887753+00:00,634783e5b1e1af7809775207743aa38823ab845d905ccb6c9ffc0dbfe402fc54,,UNVERIFIED
EP-11,Adrift in Subspace,00:20:58,1258,850634,https://animehistory.org/uploads/screencaps/outlaw-star-E011-Adrift-in-Subspace/cap_00-20-58_18cc.jpg,Outlaw Star Ep 11: Adrift in Subspace @ 00:20:58,https://animehistory.org/gallery/screencaps/outlaw-star/episode-11/,https://animehistory.org/gallery/screencaps/outlaw-star/episode-11/?page=4,4,2026-10-07T01:49:27.887753+00:00,634783e5b1e1af7809775207743aa38823ab845d905ccb6c9ffc0dbfe402fc54,,UNVERIFIED
EP-11,Adrift in Subspace,00:21:01,1261,850635,https://animehistory.org/uploads/screencaps/outlaw-star-E011-Adrift-in-Subspace/cap_00-21-01_58a1.jpg,Outlaw Star Ep 11: Adrift in Subspace @ 00:21:01,https://animehistory.org/gallery/screencaps/outlaw-star/episode-11/,https://animehistory.org/gallery/screencaps/outlaw-star/episode-11/?page=4,4,2026-10-07T01:49:27.887753+00:00,634783e5b1e1af7809775207743aa38823ab845d905ccb6c9ffc0dbfe402fc54,,UNVERIFIED
EP-11,Adrift in Subspace,00:21:05,1265,850636,https://animehistory.org/uploads/screencaps/outlaw-star-E011-Adrift-in-Subspace/cap_00-21-05_1691.jpg,Outlaw Star Ep 11: Adrift in Subspace @ 00:21:05,https://animehistory.org/gallery/screencaps/outlaw-star/episode-11/,https://animehistory.org/gallery/screencaps/outlaw-star/episode-11/?page=4,4,2026-10-07T01:49:27.887753+00:00,634783e5b1e1af7809775207743aa38823ab845d905ccb6c9ffc0dbfe402fc54,,UNVERIFIED
EP-11,Adrift in Subspace,00:21:09,1269,850637,https://animehistory.org/uploads/screencaps/outlaw-star-E011-Adrift-in-Subspace/cap_00-21-09_4dda.jpg,Outlaw Star Ep 11: Adrift in Subspace @ 00:21:09,https://animehistory.org/gallery/screencaps/outlaw-star/episode-11/,https://animehistory.org/gallery/screencaps/outlaw-star/episode-11/?page=4,4,2026-10-07T01:49:27.887753+00:00,634783e5b1e1af7809775207743aa38823ab845d905ccb6c9ffc0dbfe402fc54,,UNVERIFIED
EP-11,Adrift in Subspace,00:21:12,1272,850638,https://animehistory.org/uploads/screencaps/outlaw-star-E011-Adrift-in-Subspace/cap_00-21-12_545f.jpg,Outlaw Star Ep 11: Adrift in Subspace @ 00:21:12,https://animehistory.org/gallery/screencaps/outlaw-star/episode-11/,https://animehistory.org/gallery/screencaps/outlaw-star/episode-11/?page=4,4,2026-10-07T01:49:27.887753+00:00,634783e5b1e1af7809775207743aa38823ab845d905ccb6c9ffc0dbfe402fc54,,UNVERIFIED
EP-11,Adrift in Subspace,00:21:16,1276,850639,https://animehistory.org/uploads/screencaps/outlaw-star-E011-Adrift-in-Subspace/cap_00-21-16_7c6c.jpg,Outlaw Star Ep 11: Adrift in Subspace @ 00:21:16,https://animehistory.org/gallery/screencaps/outlaw-star/episode-11/,https://animehistory.org/gallery/screencaps/outlaw-star/episode-11/?page=4,4,2026-10-07T01:49:27.887753+00:00,634783e5b1e1af7809775207743aa38823ab845d905ccb6c9ffc0dbfe402fc54,,UNVERIFIED
EP-11,Adrift in Subspace,00:21:19,1279,850640,https://animehistory.org/uploads/screencaps/outlaw-star-E011-Adrift-in-Subspace/cap_00-21-19_08b1.jpg,Outlaw Star Ep 11: Adrift in Subspace @ 00:21:19,https://animehistory.org/gallery/screencaps/outlaw-star/episode-11/,https://animehistory.org/gallery/screencaps/outlaw-star/episode-11/?page=4,4,2026-10-07T01:49:27.887753+00:00,634783e5b1e1af7809775207743aa38823ab845d905ccb6c9ffc0dbfe402fc54,,UNVERIFIED
EP-11,Adrift in Subspace,00:21:23,1283,850641,https://animehistory.org/uploads/screencaps/outlaw-star-E011-Adrift-in-Subspace/cap_00-21-23_2a49.jpg,Outlaw Star Ep 11: Adrift in Subspace @ 00:21:23,https://animehistory.org/gallery/screencaps/outlaw-star/episode-11/,https://animehistory.org/gallery/screencaps/outlaw-star/episode-11/?page=4,4,2026-10-07T01:49:27.887753+00:00,634783e5b1e1af7809775207743aa38823ab845d905ccb6c9ffc0dbfe402fc54,,UNVERIFIED
EP-11,Adrift in Subspace,00:21:27,1287,850642,https://animehistory.org/uploads/screencaps/outlaw-star-E011-Adrift-in-Subspace/cap_00-21-27_52a7.jpg,Outlaw Star Ep 11: Adrift in Subspace @ 00:21:27,https://animehistory.org/gallery/screencaps/outlaw-star/episode-11/,https://animehistory.org/gallery/screencaps/outlaw-star/episode-11/?page=4,4,2026-10-07T01:49:27.887753+00:00,634783e5b1e1af7809775207743aa38823ab845d905ccb6c9ffc0dbfe402fc54,,UNVERIFIED
EP-11,Adrift in Subspace,00:21:30,1290,850643,https://animehistory.org/uploads/screencaps/outlaw-star-E011-Adrift-in-Subspace/cap_00-21-30_7271.jpg,Outlaw Star Ep 11: Adrift in Subspace @ 00:21:30,https://animehistory.org/gallery/screencaps/outlaw-star/episode-11/,https://animehistory.org/gallery/screencaps/outlaw-star/episode-11/?page=4,4,2026-10-07T01:49:27.887753+00:00,634783e5b1e1af7809775207743aa38823ab845d905ccb6c9ffc0dbfe402fc54,,UNVERIFIED
EP-11,Adrift in Subspace,00:21:34,1294,850644,https://animehistory.org/uploads/screencaps/outlaw-star-E011-Adrift-in-Subspace/cap_00-21-34_6edf.jpg,Outlaw Star Ep 11: Adrift in Subspace @ 00:21:34,https://animehistory.org/gallery/screencaps/outlaw-star/episode-11/,https://animehistory.org/gallery/screencaps/outlaw-star/episode-11/?page=4,4,2026-10-07T01:49:27.887753+00:00,634783e5b1e1af7809775207743aa38823ab845d905ccb6c9ffc0dbfe402fc54,,UNVERIFIED
EP-11,Adrift in Subspace,00:21:37,1297,850645,https://animehistory.org/uploads/screencaps/outlaw-star-E011-Adrift-in-Subspace/cap_00-21-37_4cdf.jpg,Outlaw Star Ep 11: Adrift in Subspace @ 00:21:37,https://animehistory.org/gallery/screencaps/outlaw-star/episode-11/,https://animehistory.org/gallery/screencaps/outlaw-star/episode-11/?page=4,4,2026-10-07T01:49:27.887753+00:00,634783e5b1e1af7809775207743aa38823ab845d905ccb6c9ffc0dbfe402fc54,,UNVERIFIED
EP-11,Adrift in Subspace,00:21:41,1301,850646,https://animehistory.org/uploads/screencaps/outlaw-star-E011-Adrift-in-Subspace/cap_00-21-41_782a.jpg,Outlaw Star Ep 11: Adrift in Subspace @ 00:21:41,https://animehistory.org/gallery/screencaps/outlaw-star/episode-11/,https://animehistory.org/gallery/screencaps/outlaw-star/episode-11/?page=4,4,2026-10-07T01:49:27.887753+00:00,634783e5b1e1af7809775207743aa38823ab845d905ccb6c9ffc0dbfe402fc54,,UNVERIFIED
EP-11,Adrift in Subspace,00:21:45,1305,850647,https://animehistory.org/uploads/screencaps/outlaw-star-E011-Adrift-in-Subspace/cap_00-21-45_315d.jpg,Outlaw Star Ep 11: Adrift in Subspace @ 00:21:45,https://animehistory.org/gallery/screencaps/outlaw-star/episode-11/,https://animehistory.org/gallery/screencaps/outlaw-star/episode-11/?page=4,4,2026-10-07T01:49:27.887753+00:00,634783e5b1e1af7809775207743aa38823ab845d905ccb6c9ffc0dbfe402fc54,,UNVERIFIED
EP-11,Adrift in Subspace,00:21:48,1308,850648,https://animehistory.org/uploads/screencaps/outlaw-star-E011-Adrift-in-Subspace/cap_00-21-48_223e.jpg,Outlaw Star Ep 11: Adrift in Subspace @ 00:21:48,https://animehistory.org/gallery/screencaps/outlaw-star/episode-11/,https://animehistory.org/gallery/screencaps/outlaw-star/episode-11/?page=4,4,2026-10-07T01:49:27.887753+00:00,634783e5b1e1af7809775207743aa38823ab845d905ccb6c9ffc0dbfe402fc54,,UNVERIFIED
EP-11,Adrift in Subspace,00:21:52,1312,850649,https://animehistory.org/uploads/screencaps/outlaw-star-E011-Adrift-in-Subspace/cap_00-21-52_2d72.jpg,Outlaw Star Ep 11: Adrift in Subspace @ 00:21:52,https://animehistory.org/gallery/screencaps/outlaw-star/episode-11/,https://animehistory.org/gallery/screencaps/outlaw-star/episode-11/?page=4,4,2026-10-07T01:49:27.887753+00:00,634783e5b1e1af7809775207743aa38823ab845d905ccb6c9ffc0dbfe402fc54,,UNVERIFIED
EP-11,Adrift in Subspace,00:21:55,1315,850650,https://animehistory.org/uploads/screencaps/outlaw-star-E011-Adrift-in-Subspace/cap_00-21-55_3711.jpg,Outlaw Star Ep 11: Adrift in Subspace @ 00:21:55,https://animehistory.org/gallery/screencaps/outlaw-star/episode-11/,https://animehistory.org/gallery/screencaps/outlaw-star/episode-11/?page=4,4,2026-10-07T01:49:27.887753+00:00,634783e5b1e1af7809775207743aa38823ab845d905ccb6c9ffc0dbfe402fc54,,UNVERIFIED
EP-11,Adrift in Subspace,00:21:59,1319,850651,https://animehistory.org/uploads/screencaps/outlaw-star-E011-Adrift-in-Subspace/cap_00-21-59_123f.jpg,Outlaw Star Ep 11: Adrift in Subspace @ 00:21:59,https://animehistory.org/gallery/screencaps/outlaw-star/episode-11/,https://animehistory.org/gallery/screencaps/outlaw-star/episode-11/?page=4,4,2026-10-07T01:49:27.887753+00:00,634783e5b1e1af7809775207743aa38823ab845d905ccb6c9ffc0dbfe402fc54,,UNVERIFIED
EP-11,Adrift in Subspace,00:22:03,1323,850652,https://animehistory.org/uploads/screencaps/outlaw-star-E011-Adrift-in-Subspace/cap_00-22-03_17a6.jpg,Outlaw Star Ep 11: Adrift in Subspace @ 00:22:03,https://animehistory.org/gallery/screencaps/outlaw-star/episode-11/,https://animehistory.org/gallery/screencaps/outlaw-star/episode-11/?page=4,4,2026-10-07T01:49:27.887753+00:00,634783e5b1e1af7809775207743aa38823ab845d905ccb6c9ffc0dbfe402fc54,,UNVERIFIED
EP-11,Adrift in Subspace,00:22:06,1326,850653,https://animehistory.org/uploads/screencaps/outlaw-star-E011-Adrift-in-Subspace/cap_00-22-06_11e5.jpg,Outlaw Star Ep 11: Adrift in Subspace @ 00:22:06,https://animehistory.org/gallery/screencaps/outlaw-star/episode-11/,https://animehistory.org/gallery/screencaps/outlaw-star/episode-11/?page=4,4,2026-10-07T01:49:27.887753+00:00,634783e5b1e1af7809775207743aa38823ab845d905ccb6c9ffc0dbfe402fc54,,UNVERIFIED
EP-11,Adrift in Subspace,00:22:10,1330,850654,https://animehistory.org/uploads/screencaps/outlaw-star-E011-Adrift-in-Subspace/cap_00-22-10_3bbe.jpg,Outlaw Star Ep 11: Adrift in Subspace @ 00:22:10,https://animehistory.org/gallery/screencaps/outlaw-star/episode-11/,https://animehistory.org/gallery/screencaps/outlaw-star/episode-11/?page=4,4,2026-10-07T01:49:27.887753+00:00,634783e5b1e1af7809775207743aa38823ab845d905ccb6c9ffc0dbfe402fc54,,UNVERIFIED
EP-11,Adrift in Subspace,00:22:13,1333,850655,https://animehistory.org/uploads/screencaps/outlaw-star-E011-Adrift-in-Subspace/cap_00-22-13_2aeb.jpg,Outlaw Star Ep 11: Adrift in Subspace @ 00:22:13,https://animehistory.org/gallery/screencaps/outlaw-star/episode-11/,https://animehistory.org/gallery/screencaps/outlaw-star/episode-11/?page=4,4,2026-10-07T01:49:27.887753+00:00,634783e5b1e1af7809775207743aa38823ab845d905ccb6c9ffc0dbfe402fc54,,UNVERIFIED
EP-11,Adrift in Subspace,00:22:17,1337,850656,https://animehistory.org/uploads/screencaps/outlaw-star-E011-Adrift-in-Subspace/cap_00-22-17_7c8e.jpg,Outlaw Star Ep 11: Adrift in Subspace @ 00:22:17,https://animehistory.org/gallery/screencaps/outlaw-star/episode-11/,https://animehistory.org/gallery/screencaps/outlaw-star/episode-11/?page=4,4,2026-10-07T01:49:27.887753+00:00,634783e5b1e1af7809775207743aa38823ab845d905ccb6c9ffc0dbfe402fc54,,UNVERIFIED
EP-11,Adrift in Subspace,00:22:21,1341,850657,https://animehistory.org/uploads/screencaps/outlaw-star-E011-Adrift-in-Subspace/cap_00-22-21_6f24.jpg,Outlaw Star Ep 11: Adrift in Subspace @ 00:22:21,https://animehistory.org/gallery/screencaps/outlaw-star/episode-11/,https://animehistory.org/gallery/screencaps/outlaw-star/episode-11/?page=4,4,2026-10-07T01:49:27.887753+00:00,634783e5b1e1af7809775207743aa38823ab845d905ccb6c9ffc0dbfe402fc54,,UNVERIFIED
EP-11,Adrift in Subspace,00:22:24,1344,850658,https://animehistory.org/uploads/screencaps/outlaw-star-E011-Adrift-in-Subspace/cap_00-22-24_29d1.jpg,Outlaw Star Ep 11: Adrift in Subspace @ 00:22:24,https://animehistory.org/gallery/screencaps/outlaw-star/episode-11/,https://animehistory.org/gallery/screencaps/outlaw-star/episode-11/?page=4,4,2026-10-07T01:49:27.887753+00:00,634783e5b1e1af7809775207743aa38823ab845d905ccb6c9ffc0dbfe402fc54,,UNVERIFIED
EP-11,Adrift in Subspace,00:22:28,1348,850659,https://animehistory.org/uploads/screencaps/outlaw-star-E011-Adrift-in-Subspace/cap_00-22-28_1031.jpg,Outlaw Star Ep 11: Adrift in Subspace @ 00:22:28,https://animehistory.org/gallery/screencaps/outlaw-star/episode-11/,https://animehistory.org/gallery/screencaps/outlaw-star/episode-11/?page=4,4,2026-10-07T01:49:27.887753+00:00,634783e5b1e1af7809775207743aa38823ab845d905ccb6c9ffc0dbfe402fc54,,UNVERIFIED
EP-11,Adrift in Subspace,00:22:31,1351,850660,https://animehistory.org/uploads/screencaps/outlaw-star-E011-Adrift-in-Subspace/cap_00-22-31_2df1.jpg,Outlaw Star Ep 11: Adrift in Subspace @ 00:22:31,https://animehistory.org/gallery/screencaps/outlaw-star/episode-11/,https://animehistory.org/gallery/screencaps/outlaw-star/episode-11/?page=4,4,2026-10-07T01:49:27.887753+00:00,634783e5b1e1af7809775207743aa38823ab845d905ccb6c9ffc0dbfe402fc54,,UNVERIFIED
EP-11,Adrift in Subspace,00:22:35,1355,850661,https://animehistory.org/uploads/screencaps/outlaw-star-E011-Adrift-in-Subspace/cap_00-22-35_65e7.jpg,Outlaw Star Ep 11: Adrift in Subspace @ 00:22:35,https://animehistory.org/gallery/screencaps/outlaw-star/episode-11/,https://animehistory.org/gallery/screencaps/outlaw-star/episode-11/?page=4,4,2026-10-07T01:49:27.887753+00:00,634783e5b1e1af7809775207743aa38823ab845d905ccb6c9ffc0dbfe402fc54,,UNVERIFIED
EP-11,Adrift in Subspace,00:22:39,1359,850662,https://animehistory.org/uploads/screencaps/outlaw-star-E011-Adrift-in-Subspace/cap_00-22-39_009f.jpg,Outlaw Star Ep 11: Adrift in Subspace @ 00:22:39,https://animehistory.org/gallery/screencaps/outlaw-star/episode-11/,https://animehistory.org/gallery/screencaps/outlaw-star/episode-11/?page=4,4,2026-10-07T01:49:27.887753+00:00,634783e5b1e1af7809775207743aa38823ab845d905ccb6c9ffc0dbfe402fc54,,UNVERIFIED
EP-11,Adrift in Subspace,00:22:42,1362,850663,https://animehistory.org/uploads/screencaps/outlaw-star-E011-Adrift-in-Subspace/cap_00-22-42_584d.jpg,Outlaw Star Ep 11: Adrift in Subspace @ 00:22:42,https://animehistory.org/gallery/screencaps/outlaw-star/episode-11/,https://animehistory.org/gallery/screencaps/outlaw-star/episode-11/?page=4,4,2026-10-07T01:49:27.887753+00:00,634783e5b1e1af7809775207743aa38823ab845d905ccb6c9ffc0dbfe402fc54,,UNVERIFIED
EP-11,Adrift in Subspace,00:22:46,1366,850664,https://animehistory.org/uploads/screencaps/outlaw-star-E011-Adrift-in-Subspace/cap_00-22-46_5714.jpg,Outlaw Star Ep 11: Adrift in Subspace @ 00:22:46,https://animehistory.org/gallery/screencaps/outlaw-star/episode-11/,https://animehistory.org/gallery/screencaps/outlaw-star/episode-11/?page=4,4,2026-10-07T01:49:27.887753+00:00,634783e5b1e1af7809775207743aa38823ab845d905ccb6c9ffc0dbfe402fc54,,UNVERIFIED
EP-11,Adrift in Subspace,00:22:49,1369,850665,https://animehistory.org/uploads/screencaps/outlaw-star-E011-Adrift-in-Subspace/cap_00-22-49_0a97.jpg,Outlaw Star Ep 11: Adrift in Subspace @ 00:22:49,https://animehistory.org/gallery/screencaps/outlaw-star/episode-11/,https://animehistory.org/gallery/screencaps/outlaw-star/episode-11/?page=4,4,2026-10-07T01:49:27.887753+00:00,634783e5b1e1af7809775207743aa38823ab845d905ccb6c9ffc0dbfe402fc54,,UNVERIFIED
EP-11,Adrift in Subspace,00:22:53,1373,850666,https://animehistory.org/uploads/screencaps/outlaw-star-E011-Adrift-in-Subspace/cap_00-22-53_27f6.jpg,Outlaw Star Ep 11: Adrift in Subspace @ 00:22:53,https://animehistory.org/gallery/screencaps/outlaw-star/episode-11/,https://animehistory.org/gallery/screencaps/outlaw-star/episode-11/?page=4,4,2026-10-07T01:49:27.887753+00:00,634783e5b1e1af7809775207743aa38823ab845d905ccb6c9ffc0dbfe402fc54,,UNVERIFIED
