episode_id,episode_title,web_timestamp,web_seconds,image_id,image_url,caption,gallery_url,source_page_url,source_page,retrieved_utc,html_sha256,local_timestamp,alignment_status
EP-10,Gathering for the Space Race,00:01:43,103,849959,https://animehistory.org/uploads/screencaps/outlaw-star-E010-Gathering-for-the-Space-Race/cap_00-01-43_54ef.jpg,Outlaw Star Ep 10: Gathering for the Space Race @ 00:01:43,https://animehistory.org/gallery/screencaps/outlaw-star/episode-10/,https://animehistory.org/gallery/screencaps/outlaw-star/episode-10/,1,2026-10-07T01:49:18.577094+00:00,1b6036fab285e1ce48bea177fea2380788fa6f24a777f87460f0d51056dc79b4,,UNVERIFIED
EP-10,Gathering for the Space Race,00:01:47,107,849960,https://animehistory.org/uploads/screencaps/outlaw-star-E010-Gathering-for-the-Space-Race/cap_00-01-47_6cfe.jpg,Outlaw Star Ep 10: Gathering for the Space Race @ 00:01:47,https://animehistory.org/gallery/screencaps/outlaw-star/episode-10/,https://animehistory.org/gallery/screencaps/outlaw-star/episode-10/,1,2026-10-07T01:49:18.577094+00:00,1b6036fab285e1ce48bea177fea2380788fa6f24a777f87460f0d51056dc79b4,,UNVERIFIED
EP-10,Gathering for the Space Race,00:01:50,110,849961,https://animehistory.org/uploads/screencaps/outlaw-star-E010-Gathering-for-the-Space-Race/cap_00-01-50_3727.jpg,Outlaw Star Ep 10: Gathering for the Space Race @ 00:01:50,https://animehistory.org/gallery/screencaps/outlaw-star/episode-10/,https://animehistory.org/gallery/screencaps/outlaw-star/episode-10/,1,2026-10-07T01:49:18.577094+00:00,1b6036fab285e1ce48bea177fea2380788fa6f24a777f87460f0d51056dc79b4,,UNVERIFIED
EP-10,Gathering for the Space Race,00:01:54,114,849962,https://animehistory.org/uploads/screencaps/outlaw-star-E010-Gathering-for-the-Space-Race/cap_00-01-54_0e44.jpg,Outlaw Star Ep 10: Gathering for the Space Race @ 00:01:54,https://animehistory.org/gallery/screencaps/outlaw-star/episode-10/,https://animehistory.org/gallery/screencaps/outlaw-star/episode-10/,1,2026-10-07T01:49:18.577094+00:00,1b6036fab285e1ce48bea177fea2380788fa6f24a777f87460f0d51056dc79b4,,UNVERIFIED
EP-10,Gathering for the Space Race,00:01:58,118,849963,https://animehistory.org/uploads/screencaps/outlaw-star-E010-Gathering-for-the-Space-Race/cap_00-01-58_13ab.jpg,Outlaw Star Ep 10: Gathering for the Space Race @ 00:01:58,https://animehistory.org/gallery/screencaps/outlaw-star/episode-10/,https://animehistory.org/gallery/screencaps/outlaw-star/episode-10/,1,2026-10-07T01:49:18.577094+00:00,1b6036fab285e1ce48bea177fea2380788fa6f24a777f87460f0d51056dc79b4,,UNVERIFIED
EP-10,Gathering for the Space Race,00:02:01,121,849964,https://animehistory.org/uploads/screencaps/outlaw-star-E010-Gathering-for-the-Space-Race/cap_00-02-01_7011.jpg,Outlaw Star Ep 10: Gathering for the Space Race @ 00:02:01,https://animehistory.org/gallery/screencaps/outlaw-star/episode-10/,https://animehistory.org/gallery/screencaps/outlaw-star/episode-10/,1,2026-10-07T01:49:18.577094+00:00,1b6036fab285e1ce48bea177fea2380788fa6f24a777f87460f0d51056dc79b4,,UNVERIFIED
EP-10,Gathering for the Space Race,00:02:05,125,849965,https://animehistory.org/uploads/screencaps/outlaw-star-E010-Gathering-for-the-Space-Race/cap_00-02-05_7bac.jpg,Outlaw Star Ep 10: Gathering for the Space Race @ 00:02:05,https://animehistory.org/gallery/screencaps/outlaw-star/episode-10/,https://animehistory.org/gallery/screencaps/outlaw-star/episode-10/,1,2026-10-07T01:49:18.577094+00:00,1b6036fab285e1ce48bea177fea2380788fa6f24a777f87460f0d51056dc79b4,,UNVERIFIED
EP-10,Gathering for the Space Race,00:02:09,129,849966,https://animehistory.org/uploads/screencaps/outlaw-star-E010-Gathering-for-the-Space-Race/cap_00-02-09_52db.jpg,Outlaw Star Ep 10: Gathering for the Space Race @ 00:02:09,https://animehistory.org/gallery/screencaps/outlaw-star/episode-10/,https://animehistory.org/gallery/screencaps/outlaw-star/episode-10/,1,2026-10-07T01:49:18.577094+00:00,1b6036fab285e1ce48bea177fea2380788fa6f24a777f87460f0d51056dc79b4,,UNVERIFIED
EP-10,Gathering for the Space Race,00:02:12,132,849967,https://animehistory.org/uploads/screencaps/outlaw-star-E010-Gathering-for-the-Space-Race/cap_00-02-12_3902.jpg,Outlaw Star Ep 10: Gathering for the Space Race @ 00:02:12,https://animehistory.org/gallery/screencaps/outlaw-star/episode-10/,https://animehistory.org/gallery/screencaps/outlaw-star/episode-10/,1,2026-10-07T01:49:18.577094+00:00,1b6036fab285e1ce48bea177fea2380788fa6f24a777f87460f0d51056dc79b4,,UNVERIFIED
EP-10,Gathering for the Space Race,00:02:16,136,849968,https://animehistory.org/uploads/screencaps/outlaw-star-E010-Gathering-for-the-Space-Race/cap_00-02-16_533f.jpg,Outlaw Star Ep 10: Gathering for the Space Race @ 00:02:16,https://animehistory.org/gallery/screencaps/outlaw-star/episode-10/,https://animehistory.org/gallery/screencaps/outlaw-star/episode-10/,1,2026-10-07T01:49:18.577094+00:00,1b6036fab285e1ce48bea177fea2380788fa6f24a777f87460f0d51056dc79b4,,UNVERIFIED
EP-10,Gathering for the Space Race,00:02:20,140,849969,https://animehistory.org/uploads/screencaps/outlaw-star-E010-Gathering-for-the-Space-Race/cap_00-02-20_1104.jpg,Outlaw Star Ep 10: Gathering for the Space Race @ 00:02:20,https://animehistory.org/gallery/screencaps/outlaw-star/episode-10/,https://animehistory.org/gallery/screencaps/outlaw-star/episode-10/,1,2026-10-07T01:49:18.577094+00:00,1b6036fab285e1ce48bea177fea2380788fa6f24a777f87460f0d51056dc79b4,,UNVERIFIED
EP-10,Gathering for the Space Race,00:02:23,143,849970,https://animehistory.org/uploads/screencaps/outlaw-star-E010-Gathering-for-the-Space-Race/cap_00-02-23_4e19.jpg,Outlaw Star Ep 10: Gathering for the Space Race @ 00:02:23,https://animehistory.org/gallery/screencaps/outlaw-star/episode-10/,https://animehistory.org/gallery/screencaps/outlaw-star/episode-10/,1,2026-10-07T01:49:18.577094+00:00,1b6036fab285e1ce48bea177fea2380788fa6f24a777f87460f0d51056dc79b4,,UNVERIFIED
EP-10,Gathering for the Space Race,00:02:27,147,849971,https://animehistory.org/uploads/screencaps/outlaw-star-E010-Gathering-for-the-Space-Race/cap_00-02-27_1037.jpg,Outlaw Star Ep 10: Gathering for the Space Race @ 00:02:27,https://animehistory.org/gallery/screencaps/outlaw-star/episode-10/,https://animehistory.org/gallery/screencaps/outlaw-star/episode-10/,1,2026-10-07T01:49:18.577094+00:00,1b6036fab285e1ce48bea177fea2380788fa6f24a777f87460f0d51056dc79b4,,UNVERIFIED
EP-10,Gathering for the Space Race,00:02:31,151,849972,https://animehistory.org/uploads/screencaps/outlaw-star-E010-Gathering-for-the-Space-Race/cap_00-02-31_275c.jpg,Outlaw Star Ep 10: Gathering for the Space Race @ 00:02:31,https://animehistory.org/gallery/screencaps/outlaw-star/episode-10/,https://animehistory.org/gallery/screencaps/outlaw-star/episode-10/,1,2026-10-07T01:49:18.577094+00:00,1b6036fab285e1ce48bea177fea2380788fa6f24a777f87460f0d51056dc79b4,,UNVERIFIED
EP-10,Gathering for the Space Race,00:02:34,154,849973,https://animehistory.org/uploads/screencaps/outlaw-star-E010-Gathering-for-the-Space-Race/cap_00-02-34_2119.jpg,Outlaw Star Ep 10: Gathering for the Space Race @ 00:02:34,https://animehistory.org/gallery/screencaps/outlaw-star/episode-10/,https://animehistory.org/gallery/screencaps/outlaw-star/episode-10/,1,2026-10-07T01:49:18.577094+00:00,1b6036fab285e1ce48bea177fea2380788fa6f24a777f87460f0d51056dc79b4,,UNVERIFIED
EP-10,Gathering for the Space Race,00:02:38,158,849974,https://animehistory.org/uploads/screencaps/outlaw-star-E010-Gathering-for-the-Space-Race/cap_00-02-38_1da3.jpg,Outlaw Star Ep 10: Gathering for the Space Race @ 00:02:38,https://animehistory.org/gallery/screencaps/outlaw-star/episode-10/,https://animehistory.org/gallery/screencaps/outlaw-star/episode-10/,1,2026-10-07T01:49:18.577094+00:00,1b6036fab285e1ce48bea177fea2380788fa6f24a777f87460f0d51056dc79b4,,UNVERIFIED
EP-10,Gathering for the Space Race,00:02:42,162,849975,https://animehistory.org/uploads/screencaps/outlaw-star-E010-Gathering-for-the-Space-Race/cap_00-02-42_025c.jpg,Outlaw Star Ep 10: Gathering for the Space Race @ 00:02:42,https://animehistory.org/gallery/screencaps/outlaw-star/episode-10/,https://animehistory.org/gallery/screencaps/outlaw-star/episode-10/,1,2026-10-07T01:49:18.577094+00:00,1b6036fab285e1ce48bea177fea2380788fa6f24a777f87460f0d51056dc79b4,,UNVERIFIED
EP-10,Gathering for the Space Race,00:02:45,165,849976,https://animehistory.org/uploads/screencaps/outlaw-star-E010-Gathering-for-the-Space-Race/cap_00-02-45_37d8.jpg,Outlaw Star Ep 10: Gathering for the Space Race @ 00:02:45,https://animehistory.org/gallery/screencaps/outlaw-star/episode-10/,https://animehistory.org/gallery/screencaps/outlaw-star/episode-10/,1,2026-10-07T01:49:18.577094+00:00,1b6036fab285e1ce48bea177fea2380788fa6f24a777f87460f0d51056dc79b4,,UNVERIFIED
EP-10,Gathering for the Space Race,00:02:49,169,849977,https://animehistory.org/uploads/screencaps/outlaw-star-E010-Gathering-for-the-Space-Race/cap_00-02-49_3fff.jpg,Outlaw Star Ep 10: Gathering for the Space Race @ 00:02:49,https://animehistory.org/gallery/screencaps/outlaw-star/episode-10/,https://animehistory.org/gallery/screencaps/outlaw-star/episode-10/,1,2026-10-07T01:49:18.577094+00:00,1b6036fab285e1ce48bea177fea2380788fa6f24a777f87460f0d51056dc79b4,,UNVERIFIED
EP-10,Gathering for the Space Race,00:02:53,173,849978,https://animehistory.org/uploads/screencaps/outlaw-star-E010-Gathering-for-the-Space-Race/cap_00-02-53_1716.jpg,Outlaw Star Ep 10: Gathering for the Space Race @ 00:02:53,https://animehistory.org/gallery/screencaps/outlaw-star/episode-10/,https://animehistory.org/gallery/screencaps/outlaw-star/episode-10/,1,2026-10-07T01:49:18.577094+00:00,1b6036fab285e1ce48bea177fea2380788fa6f24a777f87460f0d51056dc79b4,,UNVERIFIED
EP-10,Gathering for the Space Race,00:02:56,176,849979,https://animehistory.org/uploads/screencaps/outlaw-star-E010-Gathering-for-the-Space-Race/cap_00-02-56_01ce.jpg,Outlaw Star Ep 10: Gathering for the Space Race @ 00:02:56,https://animehistory.org/gallery/screencaps/outlaw-star/episode-10/,https://animehistory.org/gallery/screencaps/outlaw-star/episode-10/,1,2026-10-07T01:49:18.577094+00:00,1b6036fab285e1ce48bea177fea2380788fa6f24a777f87460f0d51056dc79b4,,UNVERIFIED
EP-10,Gathering for the Space Race,00:03:00,180,849980,https://animehistory.org/uploads/screencaps/outlaw-star-E010-Gathering-for-the-Space-Race/cap_00-03-00_176f.jpg,Outlaw Star Ep 10: Gathering for the Space Race @ 00:03:00,https://animehistory.org/gallery/screencaps/outlaw-star/episode-10/,https://animehistory.org/gallery/screencaps/outlaw-star/episode-10/,1,2026-10-07T01:49:18.577094+00:00,1b6036fab285e1ce48bea177fea2380788fa6f24a777f87460f0d51056dc79b4,,UNVERIFIED
EP-10,Gathering for the Space Race,00:03:04,184,849981,https://animehistory.org/uploads/screencaps/outlaw-star-E010-Gathering-for-the-Space-Race/cap_00-03-04_4dca.jpg,Outlaw Star Ep 10: Gathering for the Space Race @ 00:03:04,https://animehistory.org/gallery/screencaps/outlaw-star/episode-10/,https://animehistory.org/gallery/screencaps/outlaw-star/episode-10/,1,2026-10-07T01:49:18.577094+00:00,1b6036fab285e1ce48bea177fea2380788fa6f24a777f87460f0d51056dc79b4,,UNVERIFIED
EP-10,Gathering for the Space Race,00:03:07,187,849982,https://animehistory.org/uploads/screencaps/outlaw-star-E010-Gathering-for-the-Space-Race/cap_00-03-07_4a22.jpg,Outlaw Star Ep 10: Gathering for the Space Race @ 00:03:07,https://animehistory.org/gallery/screencaps/outlaw-star/episode-10/,https://animehistory.org/gallery/screencaps/outlaw-star/episode-10/,1,2026-10-07T01:49:18.577094+00:00,1b6036fab285e1ce48bea177fea2380788fa6f24a777f87460f0d51056dc79b4,,UNVERIFIED
EP-10,Gathering for the Space Race,00:03:11,191,849983,https://animehistory.org/uploads/screencaps/outlaw-star-E010-Gathering-for-the-Space-Race/cap_00-03-11_5ddf.jpg,Outlaw Star Ep 10: Gathering for the Space Race @ 00:03:11,https://animehistory.org/gallery/screencaps/outlaw-star/episode-10/,https://animehistory.org/gallery/screencaps/outlaw-star/episode-10/,1,2026-10-07T01:49:18.577094+00:00,1b6036fab285e1ce48bea177fea2380788fa6f24a777f87460f0d51056dc79b4,,UNVERIFIED
EP-10,Gathering for the Space Race,00:03:14,194,849984,https://animehistory.org/uploads/screencaps/outlaw-star-E010-Gathering-for-the-Space-Race/cap_00-03-14_6ec6.jpg,Outlaw Star Ep 10: Gathering for the Space Race @ 00:03:14,https://animehistory.org/gallery/screencaps/outlaw-star/episode-10/,https://animehistory.org/gallery/screencaps/outlaw-star/episode-10/,1,2026-10-07T01:49:18.577094+00:00,1b6036fab285e1ce48bea177fea2380788fa6f24a777f87460f0d51056dc79b4,,UNVERIFIED
EP-10,Gathering for the Space Race,00:03:18,198,849985,https://animehistory.org/uploads/screencaps/outlaw-star-E010-Gathering-for-the-Space-Race/cap_00-03-18_3f07.jpg,Outlaw Star Ep 10: Gathering for the Space Race @ 00:03:18,https://animehistory.org/gallery/screencaps/outlaw-star/episode-10/,https://animehistory.org/gallery/screencaps/outlaw-star/episode-10/,1,2026-10-07T01:49:18.577094+00:00,1b6036fab285e1ce48bea177fea2380788fa6f24a777f87460f0d51056dc79b4,,UNVERIFIED
EP-10,Gathering for the Space Race,00:03:22,202,849986,https://animehistory.org/uploads/screencaps/outlaw-star-E010-Gathering-for-the-Space-Race/cap_00-03-22_7322.jpg,Outlaw Star Ep 10: Gathering for the Space Race @ 00:03:22,https://animehistory.org/gallery/screencaps/outlaw-star/episode-10/,https://animehistory.org/gallery/screencaps/outlaw-star/episode-10/,1,2026-10-07T01:49:18.577094+00:00,1b6036fab285e1ce48bea177fea2380788fa6f24a777f87460f0d51056dc79b4,,UNVERIFIED
EP-10,Gathering for the Space Race,00:03:25,205,849987,https://animehistory.org/uploads/screencaps/outlaw-star-E010-Gathering-for-the-Space-Race/cap_00-03-25_533b.jpg,Outlaw Star Ep 10: Gathering for the Space Race @ 00:03:25,https://animehistory.org/gallery/screencaps/outlaw-star/episode-10/,https://animehistory.org/gallery/screencaps/outlaw-star/episode-10/,1,2026-10-07T01:49:18.577094+00:00,1b6036fab285e1ce48bea177fea2380788fa6f24a777f87460f0d51056dc79b4,,UNVERIFIED
EP-10,Gathering for the Space Race,00:03:29,209,849988,https://animehistory.org/uploads/screencaps/outlaw-star-E010-Gathering-for-the-Space-Race/cap_00-03-29_6cf8.jpg,Outlaw Star Ep 10: Gathering for the Space Race @ 00:03:29,https://animehistory.org/gallery/screencaps/outlaw-star/episode-10/,https://animehistory.org/gallery/screencaps/outlaw-star/episode-10/,1,2026-10-07T01:49:18.577094+00:00,1b6036fab285e1ce48bea177fea2380788fa6f24a777f87460f0d51056dc79b4,,UNVERIFIED
EP-10,Gathering for the Space Race,00:03:33,213,849989,https://animehistory.org/uploads/screencaps/outlaw-star-E010-Gathering-for-the-Space-Race/cap_00-03-33_0d27.jpg,Outlaw Star Ep 10: Gathering for the Space Race @ 00:03:33,https://animehistory.org/gallery/screencaps/outlaw-star/episode-10/,https://animehistory.org/gallery/screencaps/outlaw-star/episode-10/,1,2026-10-07T01:49:18.577094+00:00,1b6036fab285e1ce48bea177fea2380788fa6f24a777f87460f0d51056dc79b4,,UNVERIFIED
EP-10,Gathering for the Space Race,00:03:36,216,849990,https://animehistory.org/uploads/screencaps/outlaw-star-E010-Gathering-for-the-Space-Race/cap_00-03-36_5588.jpg,Outlaw Star Ep 10: Gathering for the Space Race @ 00:03:36,https://animehistory.org/gallery/screencaps/outlaw-star/episode-10/,https://animehistory.org/gallery/screencaps/outlaw-star/episode-10/,1,2026-10-07T01:49:18.577094+00:00,1b6036fab285e1ce48bea177fea2380788fa6f24a777f87460f0d51056dc79b4,,UNVERIFIED
EP-10,Gathering for the Space Race,00:03:40,220,849991,https://animehistory.org/uploads/screencaps/outlaw-star-E010-Gathering-for-the-Space-Race/cap_00-03-40_630a.jpg,Outlaw Star Ep 10: Gathering for the Space Race @ 00:03:40,https://animehistory.org/gallery/screencaps/outlaw-star/episode-10/,https://animehistory.org/gallery/screencaps/outlaw-star/episode-10/,1,2026-10-07T01:49:18.577094+00:00,1b6036fab285e1ce48bea177fea2380788fa6f24a777f87460f0d51056dc79b4,,UNVERIFIED
EP-10,Gathering for the Space Race,00:03:44,224,849992,https://animehistory.org/uploads/screencaps/outlaw-star-E010-Gathering-for-the-Space-Race/cap_00-03-44_1203.jpg,Outlaw Star Ep 10: Gathering for the Space Race @ 00:03:44,https://animehistory.org/gallery/screencaps/outlaw-star/episode-10/,https://animehistory.org/gallery/screencaps/outlaw-star/episode-10/,1,2026-10-07T01:49:18.577094+00:00,1b6036fab285e1ce48bea177fea2380788fa6f24a777f87460f0d51056dc79b4,,UNVERIFIED
EP-10,Gathering for the Space Race,00:03:47,227,849993,https://animehistory.org/uploads/screencaps/outlaw-star-E010-Gathering-for-the-Space-Race/cap_00-03-47_12c5.jpg,Outlaw Star Ep 10: Gathering for the Space Race @ 00:03:47,https://animehistory.org/gallery/screencaps/outlaw-star/episode-10/,https://animehistory.org/gallery/screencaps/outlaw-star/episode-10/,1,2026-10-07T01:49:18.577094+00:00,1b6036fab285e1ce48bea177fea2380788fa6f24a777f87460f0d51056dc79b4,,UNVERIFIED
EP-10,Gathering for the Space Race,00:03:51,231,849994,https://animehistory.org/uploads/screencaps/outlaw-star-E010-Gathering-for-the-Space-Race/cap_00-03-51_553b.jpg,Outlaw Star Ep 10: Gathering for the Space Race @ 00:03:51,https://animehistory.org/gallery/screencaps/outlaw-star/episode-10/,https://animehistory.org/gallery/screencaps/outlaw-star/episode-10/,1,2026-10-07T01:49:18.577094+00:00,1b6036fab285e1ce48bea177fea2380788fa6f24a777f87460f0d51056dc79b4,,UNVERIFIED
EP-10,Gathering for the Space Race,00:03:55,235,849995,https://animehistory.org/uploads/screencaps/outlaw-star-E010-Gathering-for-the-Space-Race/cap_00-03-55_138b.jpg,Outlaw Star Ep 10: Gathering for the Space Race @ 00:03:55,https://animehistory.org/gallery/screencaps/outlaw-star/episode-10/,https://animehistory.org/gallery/screencaps/outlaw-star/episode-10/,1,2026-10-07T01:49:18.577094+00:00,1b6036fab285e1ce48bea177fea2380788fa6f24a777f87460f0d51056dc79b4,,UNVERIFIED
EP-10,Gathering for the Space Race,00:03:58,238,849996,https://animehistory.org/uploads/screencaps/outlaw-star-E010-Gathering-for-the-Space-Race/cap_00-03-58_431e.jpg,Outlaw Star Ep 10: Gathering for the Space Race @ 00:03:58,https://animehistory.org/gallery/screencaps/outlaw-star/episode-10/,https://animehistory.org/gallery/screencaps/outlaw-star/episode-10/,1,2026-10-07T01:49:18.577094+00:00,1b6036fab285e1ce48bea177fea2380788fa6f24a777f87460f0d51056dc79b4,,UNVERIFIED
EP-10,Gathering for the Space Race,00:04:02,242,849997,https://animehistory.org/uploads/screencaps/outlaw-star-E010-Gathering-for-the-Space-Race/cap_00-04-02_5d67.jpg,Outlaw Star Ep 10: Gathering for the Space Race @ 00:04:02,https://animehistory.org/gallery/screencaps/outlaw-star/episode-10/,https://animehistory.org/gallery/screencaps/outlaw-star/episode-10/,1,2026-10-07T01:49:18.577094+00:00,1b6036fab285e1ce48bea177fea2380788fa6f24a777f87460f0d51056dc79b4,,UNVERIFIED
EP-10,Gathering for the Space Race,00:04:06,246,849998,https://animehistory.org/uploads/screencaps/outlaw-star-E010-Gathering-for-the-Space-Race/cap_00-04-06_7499.jpg,Outlaw Star Ep 10: Gathering for the Space Race @ 00:04:06,https://animehistory.org/gallery/screencaps/outlaw-star/episode-10/,https://animehistory.org/gallery/screencaps/outlaw-star/episode-10/,1,2026-10-07T01:49:18.577094+00:00,1b6036fab285e1ce48bea177fea2380788fa6f24a777f87460f0d51056dc79b4,,UNVERIFIED
EP-10,Gathering for the Space Race,00:04:09,249,849999,https://animehistory.org/uploads/screencaps/outlaw-star-E010-Gathering-for-the-Space-Race/cap_00-04-09_1656.jpg,Outlaw Star Ep 10: Gathering for the Space Race @ 00:04:09,https://animehistory.org/gallery/screencaps/outlaw-star/episode-10/,https://animehistory.org/gallery/screencaps/outlaw-star/episode-10/,1,2026-10-07T01:49:18.577094+00:00,1b6036fab285e1ce48bea177fea2380788fa6f24a777f87460f0d51056dc79b4,,UNVERIFIED
EP-10,Gathering for the Space Race,00:04:13,253,850000,https://animehistory.org/uploads/screencaps/outlaw-star-E010-Gathering-for-the-Space-Race/cap_00-04-13_516c.jpg,Outlaw Star Ep 10: Gathering for the Space Race @ 00:04:13,https://animehistory.org/gallery/screencaps/outlaw-star/episode-10/,https://animehistory.org/gallery/screencaps/outlaw-star/episode-10/,1,2026-10-07T01:49:18.577094+00:00,1b6036fab285e1ce48bea177fea2380788fa6f24a777f87460f0d51056dc79b4,,UNVERIFIED
EP-10,Gathering for the Space Race,00:04:17,257,850001,https://animehistory.org/uploads/screencaps/outlaw-star-E010-Gathering-for-the-Space-Race/cap_00-04-17_526f.jpg,Outlaw Star Ep 10: Gathering for the Space Race @ 00:04:17,https://animehistory.org/gallery/screencaps/outlaw-star/episode-10/,https://animehistory.org/gallery/screencaps/outlaw-star/episode-10/,1,2026-10-07T01:49:18.577094+00:00,1b6036fab285e1ce48bea177fea2380788fa6f24a777f87460f0d51056dc79b4,,UNVERIFIED
EP-10,Gathering for the Space Race,00:04:20,260,850002,https://animehistory.org/uploads/screencaps/outlaw-star-E010-Gathering-for-the-Space-Race/cap_00-04-20_2434.jpg,Outlaw Star Ep 10: Gathering for the Space Race @ 00:04:20,https://animehistory.org/gallery/screencaps/outlaw-star/episode-10/,https://animehistory.org/gallery/screencaps/outlaw-star/episode-10/,1,2026-10-07T01:49:18.577094+00:00,1b6036fab285e1ce48bea177fea2380788fa6f24a777f87460f0d51056dc79b4,,UNVERIFIED
EP-10,Gathering for the Space Race,00:04:24,264,850003,https://animehistory.org/uploads/screencaps/outlaw-star-E010-Gathering-for-the-Space-Race/cap_00-04-24_507c.jpg,Outlaw Star Ep 10: Gathering for the Space Race @ 00:04:24,https://animehistory.org/gallery/screencaps/outlaw-star/episode-10/,https://animehistory.org/gallery/screencaps/outlaw-star/episode-10/,1,2026-10-07T01:49:18.577094+00:00,1b6036fab285e1ce48bea177fea2380788fa6f24a777f87460f0d51056dc79b4,,UNVERIFIED
EP-10,Gathering for the Space Race,00:04:28,268,850004,https://animehistory.org/uploads/screencaps/outlaw-star-E010-Gathering-for-the-Space-Race/cap_00-04-28_01cf.jpg,Outlaw Star Ep 10: Gathering for the Space Race @ 00:04:28,https://animehistory.org/gallery/screencaps/outlaw-star/episode-10/,https://animehistory.org/gallery/screencaps/outlaw-star/episode-10/,1,2026-10-07T01:49:18.577094+00:00,1b6036fab285e1ce48bea177fea2380788fa6f24a777f87460f0d51056dc79b4,,UNVERIFIED
EP-10,Gathering for the Space Race,00:04:31,271,850005,https://animehistory.org/uploads/screencaps/outlaw-star-E010-Gathering-for-the-Space-Race/cap_00-04-31_085e.jpg,Outlaw Star Ep 10: Gathering for the Space Race @ 00:04:31,https://animehistory.org/gallery/screencaps/outlaw-star/episode-10/,https://animehistory.org/gallery/screencaps/outlaw-star/episode-10/,1,2026-10-07T01:49:18.577094+00:00,1b6036fab285e1ce48bea177fea2380788fa6f24a777f87460f0d51056dc79b4,,UNVERIFIED
EP-10,Gathering for the Space Race,00:04:35,275,850006,https://animehistory.org/uploads/screencaps/outlaw-star-E010-Gathering-for-the-Space-Race/cap_00-04-35_25d1.jpg,Outlaw Star Ep 10: Gathering for the Space Race @ 00:04:35,https://animehistory.org/gallery/screencaps/outlaw-star/episode-10/,https://animehistory.org/gallery/screencaps/outlaw-star/episode-10/,1,2026-10-07T01:49:18.577094+00:00,1b6036fab285e1ce48bea177fea2380788fa6f24a777f87460f0d51056dc79b4,,UNVERIFIED
EP-10,Gathering for the Space Race,00:04:39,279,850007,https://animehistory.org/uploads/screencaps/outlaw-star-E010-Gathering-for-the-Space-Race/cap_00-04-39_4a9c.jpg,Outlaw Star Ep 10: Gathering for the Space Race @ 00:04:39,https://animehistory.org/gallery/screencaps/outlaw-star/episode-10/,https://animehistory.org/gallery/screencaps/outlaw-star/episode-10/,1,2026-10-07T01:49:18.577094+00:00,1b6036fab285e1ce48bea177fea2380788fa6f24a777f87460f0d51056dc79b4,,UNVERIFIED
EP-10,Gathering for the Space Race,00:04:42,282,850008,https://animehistory.org/uploads/screencaps/outlaw-star-E010-Gathering-for-the-Space-Race/cap_00-04-42_39ca.jpg,Outlaw Star Ep 10: Gathering for the Space Race @ 00:04:42,https://animehistory.org/gallery/screencaps/outlaw-star/episode-10/,https://animehistory.org/gallery/screencaps/outlaw-star/episode-10/,1,2026-10-07T01:49:18.577094+00:00,1b6036fab285e1ce48bea177fea2380788fa6f24a777f87460f0d51056dc79b4,,UNVERIFIED
EP-10,Gathering for the Space Race,00:04:46,286,850009,https://animehistory.org/uploads/screencaps/outlaw-star-E010-Gathering-for-the-Space-Race/cap_00-04-46_5696.jpg,Outlaw Star Ep 10: Gathering for the Space Race @ 00:04:46,https://animehistory.org/gallery/screencaps/outlaw-star/episode-10/,https://animehistory.org/gallery/screencaps/outlaw-star/episode-10/,1,2026-10-07T01:49:18.577094+00:00,1b6036fab285e1ce48bea177fea2380788fa6f24a777f87460f0d51056dc79b4,,UNVERIFIED
EP-10,Gathering for the Space Race,00:04:49,289,850010,https://animehistory.org/uploads/screencaps/outlaw-star-E010-Gathering-for-the-Space-Race/cap_00-04-49_07c9.jpg,Outlaw Star Ep 10: Gathering for the Space Race @ 00:04:49,https://animehistory.org/gallery/screencaps/outlaw-star/episode-10/,https://animehistory.org/gallery/screencaps/outlaw-star/episode-10/,1,2026-10-07T01:49:18.577094+00:00,1b6036fab285e1ce48bea177fea2380788fa6f24a777f87460f0d51056dc79b4,,UNVERIFIED
EP-10,Gathering for the Space Race,00:04:53,293,850011,https://animehistory.org/uploads/screencaps/outlaw-star-E010-Gathering-for-the-Space-Race/cap_00-04-53_7f61.jpg,Outlaw Star Ep 10: Gathering for the Space Race @ 00:04:53,https://animehistory.org/gallery/screencaps/outlaw-star/episode-10/,https://animehistory.org/gallery/screencaps/outlaw-star/episode-10/,1,2026-10-07T01:49:18.577094+00:00,1b6036fab285e1ce48bea177fea2380788fa6f24a777f87460f0d51056dc79b4,,UNVERIFIED
EP-10,Gathering for the Space Race,00:04:57,297,850012,https://animehistory.org/uploads/screencaps/outlaw-star-E010-Gathering-for-the-Space-Race/cap_00-04-57_2c34.jpg,Outlaw Star Ep 10: Gathering for the Space Race @ 00:04:57,https://animehistory.org/gallery/screencaps/outlaw-star/episode-10/,https://animehistory.org/gallery/screencaps/outlaw-star/episode-10/,1,2026-10-07T01:49:18.577094+00:00,1b6036fab285e1ce48bea177fea2380788fa6f24a777f87460f0d51056dc79b4,,UNVERIFIED
EP-10,Gathering for the Space Race,00:05:00,300,850013,https://animehistory.org/uploads/screencaps/outlaw-star-E010-Gathering-for-the-Space-Race/cap_00-05-00_3d9a.jpg,Outlaw Star Ep 10: Gathering for the Space Race @ 00:05:00,https://animehistory.org/gallery/screencaps/outlaw-star/episode-10/,https://animehistory.org/gallery/screencaps/outlaw-star/episode-10/,1,2026-10-07T01:49:18.577094+00:00,1b6036fab285e1ce48bea177fea2380788fa6f24a777f87460f0d51056dc79b4,,UNVERIFIED
EP-10,Gathering for the Space Race,00:05:04,304,850014,https://animehistory.org/uploads/screencaps/outlaw-star-E010-Gathering-for-the-Space-Race/cap_00-05-04_31cb.jpg,Outlaw Star Ep 10: Gathering for the Space Race @ 00:05:04,https://animehistory.org/gallery/screencaps/outlaw-star/episode-10/,https://animehistory.org/gallery/screencaps/outlaw-star/episode-10/,1,2026-10-07T01:49:18.577094+00:00,1b6036fab285e1ce48bea177fea2380788fa6f24a777f87460f0d51056dc79b4,,UNVERIFIED
EP-10,Gathering for the Space Race,00:05:08,308,850015,https://animehistory.org/uploads/screencaps/outlaw-star-E010-Gathering-for-the-Space-Race/cap_00-05-08_5b96.jpg,Outlaw Star Ep 10: Gathering for the Space Race @ 00:05:08,https://animehistory.org/gallery/screencaps/outlaw-star/episode-10/,https://animehistory.org/gallery/screencaps/outlaw-star/episode-10/,1,2026-10-07T01:49:18.577094+00:00,1b6036fab285e1ce48bea177fea2380788fa6f24a777f87460f0d51056dc79b4,,UNVERIFIED
EP-10,Gathering for the Space Race,00:05:11,311,850016,https://animehistory.org/uploads/screencaps/outlaw-star-E010-Gathering-for-the-Space-Race/cap_00-05-11_249a.jpg,Outlaw Star Ep 10: Gathering for the Space Race @ 00:05:11,https://animehistory.org/gallery/screencaps/outlaw-star/episode-10/,https://animehistory.org/gallery/screencaps/outlaw-star/episode-10/,1,2026-10-07T01:49:18.577094+00:00,1b6036fab285e1ce48bea177fea2380788fa6f24a777f87460f0d51056dc79b4,,UNVERIFIED
EP-10,Gathering for the Space Race,00:05:15,315,850017,https://animehistory.org/uploads/screencaps/outlaw-star-E010-Gathering-for-the-Space-Race/cap_00-05-15_5c2e.jpg,Outlaw Star Ep 10: Gathering for the Space Race @ 00:05:15,https://animehistory.org/gallery/screencaps/outlaw-star/episode-10/,https://animehistory.org/gallery/screencaps/outlaw-star/episode-10/,1,2026-10-07T01:49:18.577094+00:00,1b6036fab285e1ce48bea177fea2380788fa6f24a777f87460f0d51056dc79b4,,UNVERIFIED
EP-10,Gathering for the Space Race,00:05:19,319,850018,https://animehistory.org/uploads/screencaps/outlaw-star-E010-Gathering-for-the-Space-Race/cap_00-05-19_155c.jpg,Outlaw Star Ep 10: Gathering for the Space Race @ 00:05:19,https://animehistory.org/gallery/screencaps/outlaw-star/episode-10/,https://animehistory.org/gallery/screencaps/outlaw-star/episode-10/,1,2026-10-07T01:49:18.577094+00:00,1b6036fab285e1ce48bea177fea2380788fa6f24a777f87460f0d51056dc79b4,,UNVERIFIED
EP-10,Gathering for the Space Race,00:05:22,322,850019,https://animehistory.org/uploads/screencaps/outlaw-star-E010-Gathering-for-the-Space-Race/cap_00-05-22_5874.jpg,Outlaw Star Ep 10: Gathering for the Space Race @ 00:05:22,https://animehistory.org/gallery/screencaps/outlaw-star/episode-10/,https://animehistory.org/gallery/screencaps/outlaw-star/episode-10/,1,2026-10-07T01:49:18.577094+00:00,1b6036fab285e1ce48bea177fea2380788fa6f24a777f87460f0d51056dc79b4,,UNVERIFIED
EP-10,Gathering for the Space Race,00:05:26,326,850020,https://animehistory.org/uploads/screencaps/outlaw-star-E010-Gathering-for-the-Space-Race/cap_00-05-26_2484.jpg,Outlaw Star Ep 10: Gathering for the Space Race @ 00:05:26,https://animehistory.org/gallery/screencaps/outlaw-star/episode-10/,https://animehistory.org/gallery/screencaps/outlaw-star/episode-10/,1,2026-10-07T01:49:18.577094+00:00,1b6036fab285e1ce48bea177fea2380788fa6f24a777f87460f0d51056dc79b4,,UNVERIFIED
EP-10,Gathering for the Space Race,00:05:30,330,850021,https://animehistory.org/uploads/screencaps/outlaw-star-E010-Gathering-for-the-Space-Race/cap_00-05-30_3433.jpg,Outlaw Star Ep 10: Gathering for the Space Race @ 00:05:30,https://animehistory.org/gallery/screencaps/outlaw-star/episode-10/,https://animehistory.org/gallery/screencaps/outlaw-star/episode-10/,1,2026-10-07T01:49:18.577094+00:00,1b6036fab285e1ce48bea177fea2380788fa6f24a777f87460f0d51056dc79b4,,UNVERIFIED
EP-10,Gathering for the Space Race,00:05:33,333,850022,https://animehistory.org/uploads/screencaps/outlaw-star-E010-Gathering-for-the-Space-Race/cap_00-05-33_1f18.jpg,Outlaw Star Ep 10: Gathering for the Space Race @ 00:05:33,https://animehistory.org/gallery/screencaps/outlaw-star/episode-10/,https://animehistory.org/gallery/screencaps/outlaw-star/episode-10/,1,2026-10-07T01:49:18.577094+00:00,1b6036fab285e1ce48bea177fea2380788fa6f24a777f87460f0d51056dc79b4,,UNVERIFIED
EP-10,Gathering for the Space Race,00:05:37,337,850023,https://animehistory.org/uploads/screencaps/outlaw-star-E010-Gathering-for-the-Space-Race/cap_00-05-37_4b38.jpg,Outlaw Star Ep 10: Gathering for the Space Race @ 00:05:37,https://animehistory.org/gallery/screencaps/outlaw-star/episode-10/,https://animehistory.org/gallery/screencaps/outlaw-star/episode-10/,1,2026-10-07T01:49:18.577094+00:00,1b6036fab285e1ce48bea177fea2380788fa6f24a777f87460f0d51056dc79b4,,UNVERIFIED
EP-10,Gathering for the Space Race,00:05:41,341,850024,https://animehistory.org/uploads/screencaps/outlaw-star-E010-Gathering-for-the-Space-Race/cap_00-05-41_7d85.jpg,Outlaw Star Ep 10: Gathering for the Space Race @ 00:05:41,https://animehistory.org/gallery/screencaps/outlaw-star/episode-10/,https://animehistory.org/gallery/screencaps/outlaw-star/episode-10/,1,2026-10-07T01:49:18.577094+00:00,1b6036fab285e1ce48bea177fea2380788fa6f24a777f87460f0d51056dc79b4,,UNVERIFIED
EP-10,Gathering for the Space Race,00:05:44,344,850025,https://animehistory.org/uploads/screencaps/outlaw-star-E010-Gathering-for-the-Space-Race/cap_00-05-44_0f31.jpg,Outlaw Star Ep 10: Gathering for the Space Race @ 00:05:44,https://animehistory.org/gallery/screencaps/outlaw-star/episode-10/,https://animehistory.org/gallery/screencaps/outlaw-star/episode-10/,1,2026-10-07T01:49:18.577094+00:00,1b6036fab285e1ce48bea177fea2380788fa6f24a777f87460f0d51056dc79b4,,UNVERIFIED
EP-10,Gathering for the Space Race,00:05:48,348,850026,https://animehistory.org/uploads/screencaps/outlaw-star-E010-Gathering-for-the-Space-Race/cap_00-05-48_5ab7.jpg,Outlaw Star Ep 10: Gathering for the Space Race @ 00:05:48,https://animehistory.org/gallery/screencaps/outlaw-star/episode-10/,https://animehistory.org/gallery/screencaps/outlaw-star/episode-10/,1,2026-10-07T01:49:18.577094+00:00,1b6036fab285e1ce48bea177fea2380788fa6f24a777f87460f0d51056dc79b4,,UNVERIFIED
EP-10,Gathering for the Space Race,00:05:52,352,850027,https://animehistory.org/uploads/screencaps/outlaw-star-E010-Gathering-for-the-Space-Race/cap_00-05-52_1652.jpg,Outlaw Star Ep 10: Gathering for the Space Race @ 00:05:52,https://animehistory.org/gallery/screencaps/outlaw-star/episode-10/,https://animehistory.org/gallery/screencaps/outlaw-star/episode-10/,1,2026-10-07T01:49:18.577094+00:00,1b6036fab285e1ce48bea177fea2380788fa6f24a777f87460f0d51056dc79b4,,UNVERIFIED
EP-10,Gathering for the Space Race,00:05:55,355,850028,https://animehistory.org/uploads/screencaps/outlaw-star-E010-Gathering-for-the-Space-Race/cap_00-05-55_45b7.jpg,Outlaw Star Ep 10: Gathering for the Space Race @ 00:05:55,https://animehistory.org/gallery/screencaps/outlaw-star/episode-10/,https://animehistory.org/gallery/screencaps/outlaw-star/episode-10/,1,2026-10-07T01:49:18.577094+00:00,1b6036fab285e1ce48bea177fea2380788fa6f24a777f87460f0d51056dc79b4,,UNVERIFIED
EP-10,Gathering for the Space Race,00:05:59,359,850029,https://animehistory.org/uploads/screencaps/outlaw-star-E010-Gathering-for-the-Space-Race/cap_00-05-59_530e.jpg,Outlaw Star Ep 10: Gathering for the Space Race @ 00:05:59,https://animehistory.org/gallery/screencaps/outlaw-star/episode-10/,https://animehistory.org/gallery/screencaps/outlaw-star/episode-10/,1,2026-10-07T01:49:18.577094+00:00,1b6036fab285e1ce48bea177fea2380788fa6f24a777f87460f0d51056dc79b4,,UNVERIFIED
EP-10,Gathering for the Space Race,00:06:03,363,850030,https://animehistory.org/uploads/screencaps/outlaw-star-E010-Gathering-for-the-Space-Race/cap_00-06-03_1c7a.jpg,Outlaw Star Ep 10: Gathering for the Space Race @ 00:06:03,https://animehistory.org/gallery/screencaps/outlaw-star/episode-10/,https://animehistory.org/gallery/screencaps/outlaw-star/episode-10/,1,2026-10-07T01:49:18.577094+00:00,1b6036fab285e1ce48bea177fea2380788fa6f24a777f87460f0d51056dc79b4,,UNVERIFIED
EP-10,Gathering for the Space Race,00:06:06,366,850031,https://animehistory.org/uploads/screencaps/outlaw-star-E010-Gathering-for-the-Space-Race/cap_00-06-06_1976.jpg,Outlaw Star Ep 10: Gathering for the Space Race @ 00:06:06,https://animehistory.org/gallery/screencaps/outlaw-star/episode-10/,https://animehistory.org/gallery/screencaps/outlaw-star/episode-10/,1,2026-10-07T01:49:18.577094+00:00,1b6036fab285e1ce48bea177fea2380788fa6f24a777f87460f0d51056dc79b4,,UNVERIFIED
EP-10,Gathering for the Space Race,00:06:10,370,850032,https://animehistory.org/uploads/screencaps/outlaw-star-E010-Gathering-for-the-Space-Race/cap_00-06-10_6315.jpg,Outlaw Star Ep 10: Gathering for the Space Race @ 00:06:10,https://animehistory.org/gallery/screencaps/outlaw-star/episode-10/,https://animehistory.org/gallery/screencaps/outlaw-star/episode-10/,1,2026-10-07T01:49:18.577094+00:00,1b6036fab285e1ce48bea177fea2380788fa6f24a777f87460f0d51056dc79b4,,UNVERIFIED
EP-10,Gathering for the Space Race,00:06:14,374,850033,https://animehistory.org/uploads/screencaps/outlaw-star-E010-Gathering-for-the-Space-Race/cap_00-06-14_664d.jpg,Outlaw Star Ep 10: Gathering for the Space Race @ 00:06:14,https://animehistory.org/gallery/screencaps/outlaw-star/episode-10/,https://animehistory.org/gallery/screencaps/outlaw-star/episode-10/,1,2026-10-07T01:49:18.577094+00:00,1b6036fab285e1ce48bea177fea2380788fa6f24a777f87460f0d51056dc79b4,,UNVERIFIED
EP-10,Gathering for the Space Race,00:06:17,377,850034,https://animehistory.org/uploads/screencaps/outlaw-star-E010-Gathering-for-the-Space-Race/cap_00-06-17_468c.jpg,Outlaw Star Ep 10: Gathering for the Space Race @ 00:06:17,https://animehistory.org/gallery/screencaps/outlaw-star/episode-10/,https://animehistory.org/gallery/screencaps/outlaw-star/episode-10/,1,2026-10-07T01:49:18.577094+00:00,1b6036fab285e1ce48bea177fea2380788fa6f24a777f87460f0d51056dc79b4,,UNVERIFIED
EP-10,Gathering for the Space Race,00:06:21,381,850035,https://animehistory.org/uploads/screencaps/outlaw-star-E010-Gathering-for-the-Space-Race/cap_00-06-21_058c.jpg,Outlaw Star Ep 10: Gathering for the Space Race @ 00:06:21,https://animehistory.org/gallery/screencaps/outlaw-star/episode-10/,https://animehistory.org/gallery/screencaps/outlaw-star/episode-10/,1,2026-10-07T01:49:18.577094+00:00,1b6036fab285e1ce48bea177fea2380788fa6f24a777f87460f0d51056dc79b4,,UNVERIFIED
EP-10,Gathering for the Space Race,00:06:24,384,850036,https://animehistory.org/uploads/screencaps/outlaw-star-E010-Gathering-for-the-Space-Race/cap_00-06-24_4d84.jpg,Outlaw Star Ep 10: Gathering for the Space Race @ 00:06:24,https://animehistory.org/gallery/screencaps/outlaw-star/episode-10/,https://animehistory.org/gallery/screencaps/outlaw-star/episode-10/,1,2026-10-07T01:49:18.577094+00:00,1b6036fab285e1ce48bea177fea2380788fa6f24a777f87460f0d51056dc79b4,,UNVERIFIED
EP-10,Gathering for the Space Race,00:06:28,388,850037,https://animehistory.org/uploads/screencaps/outlaw-star-E010-Gathering-for-the-Space-Race/cap_00-06-28_4139.jpg,Outlaw Star Ep 10: Gathering for the Space Race @ 00:06:28,https://animehistory.org/gallery/screencaps/outlaw-star/episode-10/,https://animehistory.org/gallery/screencaps/outlaw-star/episode-10/,1,2026-10-07T01:49:18.577094+00:00,1b6036fab285e1ce48bea177fea2380788fa6f24a777f87460f0d51056dc79b4,,UNVERIFIED
EP-10,Gathering for the Space Race,00:06:32,392,850038,https://animehistory.org/uploads/screencaps/outlaw-star-E010-Gathering-for-the-Space-Race/cap_00-06-32_27fe.jpg,Outlaw Star Ep 10: Gathering for the Space Race @ 00:06:32,https://animehistory.org/gallery/screencaps/outlaw-star/episode-10/,https://animehistory.org/gallery/screencaps/outlaw-star/episode-10/,1,2026-10-07T01:49:18.577094+00:00,1b6036fab285e1ce48bea177fea2380788fa6f24a777f87460f0d51056dc79b4,,UNVERIFIED
EP-10,Gathering for the Space Race,00:06:35,395,850039,https://animehistory.org/uploads/screencaps/outlaw-star-E010-Gathering-for-the-Space-Race/cap_00-06-35_6c4b.jpg,Outlaw Star Ep 10: Gathering for the Space Race @ 00:06:35,https://animehistory.org/gallery/screencaps/outlaw-star/episode-10/,https://animehistory.org/gallery/screencaps/outlaw-star/episode-10/,1,2026-10-07T01:49:18.577094+00:00,1b6036fab285e1ce48bea177fea2380788fa6f24a777f87460f0d51056dc79b4,,UNVERIFIED
EP-10,Gathering for the Space Race,00:06:39,399,850040,https://animehistory.org/uploads/screencaps/outlaw-star-E010-Gathering-for-the-Space-Race/cap_00-06-39_63ae.jpg,Outlaw Star Ep 10: Gathering for the Space Race @ 00:06:39,https://animehistory.org/gallery/screencaps/outlaw-star/episode-10/,https://animehistory.org/gallery/screencaps/outlaw-star/episode-10/,1,2026-10-07T01:49:18.577094+00:00,1b6036fab285e1ce48bea177fea2380788fa6f24a777f87460f0d51056dc79b4,,UNVERIFIED
EP-10,Gathering for the Space Race,00:06:43,403,850041,https://animehistory.org/uploads/screencaps/outlaw-star-E010-Gathering-for-the-Space-Race/cap_00-06-43_0eb7.jpg,Outlaw Star Ep 10: Gathering for the Space Race @ 00:06:43,https://animehistory.org/gallery/screencaps/outlaw-star/episode-10/,https://animehistory.org/gallery/screencaps/outlaw-star/episode-10/,1,2026-10-07T01:49:18.577094+00:00,1b6036fab285e1ce48bea177fea2380788fa6f24a777f87460f0d51056dc79b4,,UNVERIFIED
EP-10,Gathering for the Space Race,00:06:46,406,850042,https://animehistory.org/uploads/screencaps/outlaw-star-E010-Gathering-for-the-Space-Race/cap_00-06-46_1ab0.jpg,Outlaw Star Ep 10: Gathering for the Space Race @ 00:06:46,https://animehistory.org/gallery/screencaps/outlaw-star/episode-10/,https://animehistory.org/gallery/screencaps/outlaw-star/episode-10/,1,2026-10-07T01:49:18.577094+00:00,1b6036fab285e1ce48bea177fea2380788fa6f24a777f87460f0d51056dc79b4,,UNVERIFIED
EP-10,Gathering for the Space Race,00:06:50,410,850043,https://animehistory.org/uploads/screencaps/outlaw-star-E010-Gathering-for-the-Space-Race/cap_00-06-50_28db.jpg,Outlaw Star Ep 10: Gathering for the Space Race @ 00:06:50,https://animehistory.org/gallery/screencaps/outlaw-star/episode-10/,https://animehistory.org/gallery/screencaps/outlaw-star/episode-10/,1,2026-10-07T01:49:18.577094+00:00,1b6036fab285e1ce48bea177fea2380788fa6f24a777f87460f0d51056dc79b4,,UNVERIFIED
EP-10,Gathering for the Space Race,00:06:54,414,850044,https://animehistory.org/uploads/screencaps/outlaw-star-E010-Gathering-for-the-Space-Race/cap_00-06-54_20ef.jpg,Outlaw Star Ep 10: Gathering for the Space Race @ 00:06:54,https://animehistory.org/gallery/screencaps/outlaw-star/episode-10/,https://animehistory.org/gallery/screencaps/outlaw-star/episode-10/,1,2026-10-07T01:49:18.577094+00:00,1b6036fab285e1ce48bea177fea2380788fa6f24a777f87460f0d51056dc79b4,,UNVERIFIED
EP-10,Gathering for the Space Race,00:06:57,417,850045,https://animehistory.org/uploads/screencaps/outlaw-star-E010-Gathering-for-the-Space-Race/cap_00-06-57_62f0.jpg,Outlaw Star Ep 10: Gathering for the Space Race @ 00:06:57,https://animehistory.org/gallery/screencaps/outlaw-star/episode-10/,https://animehistory.org/gallery/screencaps/outlaw-star/episode-10/,1,2026-10-07T01:49:18.577094+00:00,1b6036fab285e1ce48bea177fea2380788fa6f24a777f87460f0d51056dc79b4,,UNVERIFIED
EP-10,Gathering for the Space Race,00:07:01,421,850046,https://animehistory.org/uploads/screencaps/outlaw-star-E010-Gathering-for-the-Space-Race/cap_00-07-01_70d3.jpg,Outlaw Star Ep 10: Gathering for the Space Race @ 00:07:01,https://animehistory.org/gallery/screencaps/outlaw-star/episode-10/,https://animehistory.org/gallery/screencaps/outlaw-star/episode-10/,1,2026-10-07T01:49:18.577094+00:00,1b6036fab285e1ce48bea177fea2380788fa6f24a777f87460f0d51056dc79b4,,UNVERIFIED
EP-10,Gathering for the Space Race,00:07:05,425,850047,https://animehistory.org/uploads/screencaps/outlaw-star-E010-Gathering-for-the-Space-Race/cap_00-07-05_1401.jpg,Outlaw Star Ep 10: Gathering for the Space Race @ 00:07:05,https://animehistory.org/gallery/screencaps/outlaw-star/episode-10/,https://animehistory.org/gallery/screencaps/outlaw-star/episode-10/,1,2026-10-07T01:49:18.577094+00:00,1b6036fab285e1ce48bea177fea2380788fa6f24a777f87460f0d51056dc79b4,,UNVERIFIED
EP-10,Gathering for the Space Race,00:07:08,428,850048,https://animehistory.org/uploads/screencaps/outlaw-star-E010-Gathering-for-the-Space-Race/cap_00-07-08_3f15.jpg,Outlaw Star Ep 10: Gathering for the Space Race @ 00:07:08,https://animehistory.org/gallery/screencaps/outlaw-star/episode-10/,https://animehistory.org/gallery/screencaps/outlaw-star/episode-10/,1,2026-10-07T01:49:18.577094+00:00,1b6036fab285e1ce48bea177fea2380788fa6f24a777f87460f0d51056dc79b4,,UNVERIFIED
EP-10,Gathering for the Space Race,00:07:12,432,850049,https://animehistory.org/uploads/screencaps/outlaw-star-E010-Gathering-for-the-Space-Race/cap_00-07-12_19e1.jpg,Outlaw Star Ep 10: Gathering for the Space Race @ 00:07:12,https://animehistory.org/gallery/screencaps/outlaw-star/episode-10/,https://animehistory.org/gallery/screencaps/outlaw-star/episode-10/,1,2026-10-07T01:49:18.577094+00:00,1b6036fab285e1ce48bea177fea2380788fa6f24a777f87460f0d51056dc79b4,,UNVERIFIED
EP-10,Gathering for the Space Race,00:07:16,436,850050,https://animehistory.org/uploads/screencaps/outlaw-star-E010-Gathering-for-the-Space-Race/cap_00-07-16_189f.jpg,Outlaw Star Ep 10: Gathering for the Space Race @ 00:07:16,https://animehistory.org/gallery/screencaps/outlaw-star/episode-10/,https://animehistory.org/gallery/screencaps/outlaw-star/episode-10/,1,2026-10-07T01:49:18.577094+00:00,1b6036fab285e1ce48bea177fea2380788fa6f24a777f87460f0d51056dc79b4,,UNVERIFIED
EP-10,Gathering for the Space Race,00:07:19,439,850051,https://animehistory.org/uploads/screencaps/outlaw-star-E010-Gathering-for-the-Space-Race/cap_00-07-19_4d07.jpg,Outlaw Star Ep 10: Gathering for the Space Race @ 00:07:19,https://animehistory.org/gallery/screencaps/outlaw-star/episode-10/,https://animehistory.org/gallery/screencaps/outlaw-star/episode-10/,1,2026-10-07T01:49:18.577094+00:00,1b6036fab285e1ce48bea177fea2380788fa6f24a777f87460f0d51056dc79b4,,UNVERIFIED
EP-10,Gathering for the Space Race,00:07:23,443,850052,https://animehistory.org/uploads/screencaps/outlaw-star-E010-Gathering-for-the-Space-Race/cap_00-07-23_2fa5.jpg,Outlaw Star Ep 10: Gathering for the Space Race @ 00:07:23,https://animehistory.org/gallery/screencaps/outlaw-star/episode-10/,https://animehistory.org/gallery/screencaps/outlaw-star/episode-10/,1,2026-10-07T01:49:18.577094+00:00,1b6036fab285e1ce48bea177fea2380788fa6f24a777f87460f0d51056dc79b4,,UNVERIFIED
EP-10,Gathering for the Space Race,00:07:27,447,850053,https://animehistory.org/uploads/screencaps/outlaw-star-E010-Gathering-for-the-Space-Race/cap_00-07-27_6ae2.jpg,Outlaw Star Ep 10: Gathering for the Space Race @ 00:07:27,https://animehistory.org/gallery/screencaps/outlaw-star/episode-10/,https://animehistory.org/gallery/screencaps/outlaw-star/episode-10/,1,2026-10-07T01:49:18.577094+00:00,1b6036fab285e1ce48bea177fea2380788fa6f24a777f87460f0d51056dc79b4,,UNVERIFIED
EP-10,Gathering for the Space Race,00:07:30,450,850054,https://animehistory.org/uploads/screencaps/outlaw-star-E010-Gathering-for-the-Space-Race/cap_00-07-30_1bef.jpg,Outlaw Star Ep 10: Gathering for the Space Race @ 00:07:30,https://animehistory.org/gallery/screencaps/outlaw-star/episode-10/,https://animehistory.org/gallery/screencaps/outlaw-star/episode-10/,1,2026-10-07T01:49:18.577094+00:00,1b6036fab285e1ce48bea177fea2380788fa6f24a777f87460f0d51056dc79b4,,UNVERIFIED
EP-10,Gathering for the Space Race,00:07:34,454,850055,https://animehistory.org/uploads/screencaps/outlaw-star-E010-Gathering-for-the-Space-Race/cap_00-07-34_6abb.jpg,Outlaw Star Ep 10: Gathering for the Space Race @ 00:07:34,https://animehistory.org/gallery/screencaps/outlaw-star/episode-10/,https://animehistory.org/gallery/screencaps/outlaw-star/episode-10/,1,2026-10-07T01:49:18.577094+00:00,1b6036fab285e1ce48bea177fea2380788fa6f24a777f87460f0d51056dc79b4,,UNVERIFIED
EP-10,Gathering for the Space Race,00:07:38,458,850056,https://animehistory.org/uploads/screencaps/outlaw-star-E010-Gathering-for-the-Space-Race/cap_00-07-38_2f5a.jpg,Outlaw Star Ep 10: Gathering for the Space Race @ 00:07:38,https://animehistory.org/gallery/screencaps/outlaw-star/episode-10/,https://animehistory.org/gallery/screencaps/outlaw-star/episode-10/,1,2026-10-07T01:49:18.577094+00:00,1b6036fab285e1ce48bea177fea2380788fa6f24a777f87460f0d51056dc79b4,,UNVERIFIED
EP-10,Gathering for the Space Race,00:07:41,461,850057,https://animehistory.org/uploads/screencaps/outlaw-star-E010-Gathering-for-the-Space-Race/cap_00-07-41_6c6f.jpg,Outlaw Star Ep 10: Gathering for the Space Race @ 00:07:41,https://animehistory.org/gallery/screencaps/outlaw-star/episode-10/,https://animehistory.org/gallery/screencaps/outlaw-star/episode-10/,1,2026-10-07T01:49:18.577094+00:00,1b6036fab285e1ce48bea177fea2380788fa6f24a777f87460f0d51056dc79b4,,UNVERIFIED
EP-10,Gathering for the Space Race,00:07:45,465,850058,https://animehistory.org/uploads/screencaps/outlaw-star-E010-Gathering-for-the-Space-Race/cap_00-07-45_4981.jpg,Outlaw Star Ep 10: Gathering for the Space Race @ 00:07:45,https://animehistory.org/gallery/screencaps/outlaw-star/episode-10/,https://animehistory.org/gallery/screencaps/outlaw-star/episode-10/,1,2026-10-07T01:49:18.577094+00:00,1b6036fab285e1ce48bea177fea2380788fa6f24a777f87460f0d51056dc79b4,,UNVERIFIED
EP-10,Gathering for the Space Race,00:07:49,469,850059,https://animehistory.org/uploads/screencaps/outlaw-star-E010-Gathering-for-the-Space-Race/cap_00-07-49_2daa.jpg,Outlaw Star Ep 10: Gathering for the Space Race @ 00:07:49,https://animehistory.org/gallery/screencaps/outlaw-star/episode-10/,https://animehistory.org/gallery/screencaps/outlaw-star/episode-10/?page=2,2,2026-10-07T01:49:20.105828+00:00,74a4ddf713a8bea7c4cd37fa93cc2bedc8bddb42b6bc47d24ac5eec0d81b02ef,,UNVERIFIED
EP-10,Gathering for the Space Race,00:07:52,472,850060,https://animehistory.org/uploads/screencaps/outlaw-star-E010-Gathering-for-the-Space-Race/cap_00-07-52_7ff7.jpg,Outlaw Star Ep 10: Gathering for the Space Race @ 00:07:52,https://animehistory.org/gallery/screencaps/outlaw-star/episode-10/,https://animehistory.org/gallery/screencaps/outlaw-star/episode-10/?page=2,2,2026-10-07T01:49:20.105828+00:00,74a4ddf713a8bea7c4cd37fa93cc2bedc8bddb42b6bc47d24ac5eec0d81b02ef,,UNVERIFIED
EP-10,Gathering for the Space Race,00:07:56,476,850061,https://animehistory.org/uploads/screencaps/outlaw-star-E010-Gathering-for-the-Space-Race/cap_00-07-56_09b6.jpg,Outlaw Star Ep 10: Gathering for the Space Race @ 00:07:56,https://animehistory.org/gallery/screencaps/outlaw-star/episode-10/,https://animehistory.org/gallery/screencaps/outlaw-star/episode-10/?page=2,2,2026-10-07T01:49:20.105828+00:00,74a4ddf713a8bea7c4cd37fa93cc2bedc8bddb42b6bc47d24ac5eec0d81b02ef,,UNVERIFIED
EP-10,Gathering for the Space Race,00:07:59,479,850062,https://animehistory.org/uploads/screencaps/outlaw-star-E010-Gathering-for-the-Space-Race/cap_00-07-59_0068.jpg,Outlaw Star Ep 10: Gathering for the Space Race @ 00:07:59,https://animehistory.org/gallery/screencaps/outlaw-star/episode-10/,https://animehistory.org/gallery/screencaps/outlaw-star/episode-10/?page=2,2,2026-10-07T01:49:20.105828+00:00,74a4ddf713a8bea7c4cd37fa93cc2bedc8bddb42b6bc47d24ac5eec0d81b02ef,,UNVERIFIED
EP-10,Gathering for the Space Race,00:08:03,483,850063,https://animehistory.org/uploads/screencaps/outlaw-star-E010-Gathering-for-the-Space-Race/cap_00-08-03_6f4d.jpg,Outlaw Star Ep 10: Gathering for the Space Race @ 00:08:03,https://animehistory.org/gallery/screencaps/outlaw-star/episode-10/,https://animehistory.org/gallery/screencaps/outlaw-star/episode-10/?page=2,2,2026-10-07T01:49:20.105828+00:00,74a4ddf713a8bea7c4cd37fa93cc2bedc8bddb42b6bc47d24ac5eec0d81b02ef,,UNVERIFIED
EP-10,Gathering for the Space Race,00:08:07,487,850064,https://animehistory.org/uploads/screencaps/outlaw-star-E010-Gathering-for-the-Space-Race/cap_00-08-07_00c9.jpg,Outlaw Star Ep 10: Gathering for the Space Race @ 00:08:07,https://animehistory.org/gallery/screencaps/outlaw-star/episode-10/,https://animehistory.org/gallery/screencaps/outlaw-star/episode-10/?page=2,2,2026-10-07T01:49:20.105828+00:00,74a4ddf713a8bea7c4cd37fa93cc2bedc8bddb42b6bc47d24ac5eec0d81b02ef,,UNVERIFIED
EP-10,Gathering for the Space Race,00:08:10,490,850065,https://animehistory.org/uploads/screencaps/outlaw-star-E010-Gathering-for-the-Space-Race/cap_00-08-10_65dc.jpg,Outlaw Star Ep 10: Gathering for the Space Race @ 00:08:10,https://animehistory.org/gallery/screencaps/outlaw-star/episode-10/,https://animehistory.org/gallery/screencaps/outlaw-star/episode-10/?page=2,2,2026-10-07T01:49:20.105828+00:00,74a4ddf713a8bea7c4cd37fa93cc2bedc8bddb42b6bc47d24ac5eec0d81b02ef,,UNVERIFIED
EP-10,Gathering for the Space Race,00:08:14,494,850066,https://animehistory.org/uploads/screencaps/outlaw-star-E010-Gathering-for-the-Space-Race/cap_00-08-14_2b19.jpg,Outlaw Star Ep 10: Gathering for the Space Race @ 00:08:14,https://animehistory.org/gallery/screencaps/outlaw-star/episode-10/,https://animehistory.org/gallery/screencaps/outlaw-star/episode-10/?page=2,2,2026-10-07T01:49:20.105828+00:00,74a4ddf713a8bea7c4cd37fa93cc2bedc8bddb42b6bc47d24ac5eec0d81b02ef,,UNVERIFIED
EP-10,Gathering for the Space Race,00:08:18,498,850067,https://animehistory.org/uploads/screencaps/outlaw-star-E010-Gathering-for-the-Space-Race/cap_00-08-18_0708.jpg,Outlaw Star Ep 10: Gathering for the Space Race @ 00:08:18,https://animehistory.org/gallery/screencaps/outlaw-star/episode-10/,https://animehistory.org/gallery/screencaps/outlaw-star/episode-10/?page=2,2,2026-10-07T01:49:20.105828+00:00,74a4ddf713a8bea7c4cd37fa93cc2bedc8bddb42b6bc47d24ac5eec0d81b02ef,,UNVERIFIED
EP-10,Gathering for the Space Race,00:08:21,501,850068,https://animehistory.org/uploads/screencaps/outlaw-star-E010-Gathering-for-the-Space-Race/cap_00-08-21_695c.jpg,Outlaw Star Ep 10: Gathering for the Space Race @ 00:08:21,https://animehistory.org/gallery/screencaps/outlaw-star/episode-10/,https://animehistory.org/gallery/screencaps/outlaw-star/episode-10/?page=2,2,2026-10-07T01:49:20.105828+00:00,74a4ddf713a8bea7c4cd37fa93cc2bedc8bddb42b6bc47d24ac5eec0d81b02ef,,UNVERIFIED
EP-10,Gathering for the Space Race,00:08:25,505,850069,https://animehistory.org/uploads/screencaps/outlaw-star-E010-Gathering-for-the-Space-Race/cap_00-08-25_6702.jpg,Outlaw Star Ep 10: Gathering for the Space Race @ 00:08:25,https://animehistory.org/gallery/screencaps/outlaw-star/episode-10/,https://animehistory.org/gallery/screencaps/outlaw-star/episode-10/?page=2,2,2026-10-07T01:49:20.105828+00:00,74a4ddf713a8bea7c4cd37fa93cc2bedc8bddb42b6bc47d24ac5eec0d81b02ef,,UNVERIFIED
EP-10,Gathering for the Space Race,00:08:29,509,850070,https://animehistory.org/uploads/screencaps/outlaw-star-E010-Gathering-for-the-Space-Race/cap_00-08-29_0620.jpg,Outlaw Star Ep 10: Gathering for the Space Race @ 00:08:29,https://animehistory.org/gallery/screencaps/outlaw-star/episode-10/,https://animehistory.org/gallery/screencaps/outlaw-star/episode-10/?page=2,2,2026-10-07T01:49:20.105828+00:00,74a4ddf713a8bea7c4cd37fa93cc2bedc8bddb42b6bc47d24ac5eec0d81b02ef,,UNVERIFIED
EP-10,Gathering for the Space Race,00:08:32,512,850071,https://animehistory.org/uploads/screencaps/outlaw-star-E010-Gathering-for-the-Space-Race/cap_00-08-32_0d68.jpg,Outlaw Star Ep 10: Gathering for the Space Race @ 00:08:32,https://animehistory.org/gallery/screencaps/outlaw-star/episode-10/,https://animehistory.org/gallery/screencaps/outlaw-star/episode-10/?page=2,2,2026-10-07T01:49:20.105828+00:00,74a4ddf713a8bea7c4cd37fa93cc2bedc8bddb42b6bc47d24ac5eec0d81b02ef,,UNVERIFIED
EP-10,Gathering for the Space Race,00:08:36,516,850072,https://animehistory.org/uploads/screencaps/outlaw-star-E010-Gathering-for-the-Space-Race/cap_00-08-36_33c3.jpg,Outlaw Star Ep 10: Gathering for the Space Race @ 00:08:36,https://animehistory.org/gallery/screencaps/outlaw-star/episode-10/,https://animehistory.org/gallery/screencaps/outlaw-star/episode-10/?page=2,2,2026-10-07T01:49:20.105828+00:00,74a4ddf713a8bea7c4cd37fa93cc2bedc8bddb42b6bc47d24ac5eec0d81b02ef,,UNVERIFIED
EP-10,Gathering for the Space Race,00:08:40,520,850073,https://animehistory.org/uploads/screencaps/outlaw-star-E010-Gathering-for-the-Space-Race/cap_00-08-40_03bf.jpg,Outlaw Star Ep 10: Gathering for the Space Race @ 00:08:40,https://animehistory.org/gallery/screencaps/outlaw-star/episode-10/,https://animehistory.org/gallery/screencaps/outlaw-star/episode-10/?page=2,2,2026-10-07T01:49:20.105828+00:00,74a4ddf713a8bea7c4cd37fa93cc2bedc8bddb42b6bc47d24ac5eec0d81b02ef,,UNVERIFIED
EP-10,Gathering for the Space Race,00:08:43,523,850074,https://animehistory.org/uploads/screencaps/outlaw-star-E010-Gathering-for-the-Space-Race/cap_00-08-43_7d5b.jpg,Outlaw Star Ep 10: Gathering for the Space Race @ 00:08:43,https://animehistory.org/gallery/screencaps/outlaw-star/episode-10/,https://animehistory.org/gallery/screencaps/outlaw-star/episode-10/?page=2,2,2026-10-07T01:49:20.105828+00:00,74a4ddf713a8bea7c4cd37fa93cc2bedc8bddb42b6bc47d24ac5eec0d81b02ef,,UNVERIFIED
EP-10,Gathering for the Space Race,00:08:47,527,850075,https://animehistory.org/uploads/screencaps/outlaw-star-E010-Gathering-for-the-Space-Race/cap_00-08-47_432d.jpg,Outlaw Star Ep 10: Gathering for the Space Race @ 00:08:47,https://animehistory.org/gallery/screencaps/outlaw-star/episode-10/,https://animehistory.org/gallery/screencaps/outlaw-star/episode-10/?page=2,2,2026-10-07T01:49:20.105828+00:00,74a4ddf713a8bea7c4cd37fa93cc2bedc8bddb42b6bc47d24ac5eec0d81b02ef,,UNVERIFIED
EP-10,Gathering for the Space Race,00:08:51,531,850076,https://animehistory.org/uploads/screencaps/outlaw-star-E010-Gathering-for-the-Space-Race/cap_00-08-51_0aae.jpg,Outlaw Star Ep 10: Gathering for the Space Race @ 00:08:51,https://animehistory.org/gallery/screencaps/outlaw-star/episode-10/,https://animehistory.org/gallery/screencaps/outlaw-star/episode-10/?page=2,2,2026-10-07T01:49:20.105828+00:00,74a4ddf713a8bea7c4cd37fa93cc2bedc8bddb42b6bc47d24ac5eec0d81b02ef,,UNVERIFIED
EP-10,Gathering for the Space Race,00:08:54,534,850077,https://animehistory.org/uploads/screencaps/outlaw-star-E010-Gathering-for-the-Space-Race/cap_00-08-54_2d99.jpg,Outlaw Star Ep 10: Gathering for the Space Race @ 00:08:54,https://animehistory.org/gallery/screencaps/outlaw-star/episode-10/,https://animehistory.org/gallery/screencaps/outlaw-star/episode-10/?page=2,2,2026-10-07T01:49:20.105828+00:00,74a4ddf713a8bea7c4cd37fa93cc2bedc8bddb42b6bc47d24ac5eec0d81b02ef,,UNVERIFIED
EP-10,Gathering for the Space Race,00:08:58,538,850078,https://animehistory.org/uploads/screencaps/outlaw-star-E010-Gathering-for-the-Space-Race/cap_00-08-58_1013.jpg,Outlaw Star Ep 10: Gathering for the Space Race @ 00:08:58,https://animehistory.org/gallery/screencaps/outlaw-star/episode-10/,https://animehistory.org/gallery/screencaps/outlaw-star/episode-10/?page=2,2,2026-10-07T01:49:20.105828+00:00,74a4ddf713a8bea7c4cd37fa93cc2bedc8bddb42b6bc47d24ac5eec0d81b02ef,,UNVERIFIED
EP-10,Gathering for the Space Race,00:09:02,542,850079,https://animehistory.org/uploads/screencaps/outlaw-star-E010-Gathering-for-the-Space-Race/cap_00-09-02_7fc2.jpg,Outlaw Star Ep 10: Gathering for the Space Race @ 00:09:02,https://animehistory.org/gallery/screencaps/outlaw-star/episode-10/,https://animehistory.org/gallery/screencaps/outlaw-star/episode-10/?page=2,2,2026-10-07T01:49:20.105828+00:00,74a4ddf713a8bea7c4cd37fa93cc2bedc8bddb42b6bc47d24ac5eec0d81b02ef,,UNVERIFIED
EP-10,Gathering for the Space Race,00:09:05,545,850080,https://animehistory.org/uploads/screencaps/outlaw-star-E010-Gathering-for-the-Space-Race/cap_00-09-05_05fd.jpg,Outlaw Star Ep 10: Gathering for the Space Race @ 00:09:05,https://animehistory.org/gallery/screencaps/outlaw-star/episode-10/,https://animehistory.org/gallery/screencaps/outlaw-star/episode-10/?page=2,2,2026-10-07T01:49:20.105828+00:00,74a4ddf713a8bea7c4cd37fa93cc2bedc8bddb42b6bc47d24ac5eec0d81b02ef,,UNVERIFIED
EP-10,Gathering for the Space Race,00:09:09,549,850081,https://animehistory.org/uploads/screencaps/outlaw-star-E010-Gathering-for-the-Space-Race/cap_00-09-09_3ac2.jpg,Outlaw Star Ep 10: Gathering for the Space Race @ 00:09:09,https://animehistory.org/gallery/screencaps/outlaw-star/episode-10/,https://animehistory.org/gallery/screencaps/outlaw-star/episode-10/?page=2,2,2026-10-07T01:49:20.105828+00:00,74a4ddf713a8bea7c4cd37fa93cc2bedc8bddb42b6bc47d24ac5eec0d81b02ef,,UNVERIFIED
EP-10,Gathering for the Space Race,00:09:13,553,850082,https://animehistory.org/uploads/screencaps/outlaw-star-E010-Gathering-for-the-Space-Race/cap_00-09-13_173e.jpg,Outlaw Star Ep 10: Gathering for the Space Race @ 00:09:13,https://animehistory.org/gallery/screencaps/outlaw-star/episode-10/,https://animehistory.org/gallery/screencaps/outlaw-star/episode-10/?page=2,2,2026-10-07T01:49:20.105828+00:00,74a4ddf713a8bea7c4cd37fa93cc2bedc8bddb42b6bc47d24ac5eec0d81b02ef,,UNVERIFIED
EP-10,Gathering for the Space Race,00:09:16,556,850083,https://animehistory.org/uploads/screencaps/outlaw-star-E010-Gathering-for-the-Space-Race/cap_00-09-16_1f5e.jpg,Outlaw Star Ep 10: Gathering for the Space Race @ 00:09:16,https://animehistory.org/gallery/screencaps/outlaw-star/episode-10/,https://animehistory.org/gallery/screencaps/outlaw-star/episode-10/?page=2,2,2026-10-07T01:49:20.105828+00:00,74a4ddf713a8bea7c4cd37fa93cc2bedc8bddb42b6bc47d24ac5eec0d81b02ef,,UNVERIFIED
EP-10,Gathering for the Space Race,00:09:20,560,850084,https://animehistory.org/uploads/screencaps/outlaw-star-E010-Gathering-for-the-Space-Race/cap_00-09-20_6e51.jpg,Outlaw Star Ep 10: Gathering for the Space Race @ 00:09:20,https://animehistory.org/gallery/screencaps/outlaw-star/episode-10/,https://animehistory.org/gallery/screencaps/outlaw-star/episode-10/?page=2,2,2026-10-07T01:49:20.105828+00:00,74a4ddf713a8bea7c4cd37fa93cc2bedc8bddb42b6bc47d24ac5eec0d81b02ef,,UNVERIFIED
EP-10,Gathering for the Space Race,00:09:23,563,850085,https://animehistory.org/uploads/screencaps/outlaw-star-E010-Gathering-for-the-Space-Race/cap_00-09-23_2952.jpg,Outlaw Star Ep 10: Gathering for the Space Race @ 00:09:23,https://animehistory.org/gallery/screencaps/outlaw-star/episode-10/,https://animehistory.org/gallery/screencaps/outlaw-star/episode-10/?page=2,2,2026-10-07T01:49:20.105828+00:00,74a4ddf713a8bea7c4cd37fa93cc2bedc8bddb42b6bc47d24ac5eec0d81b02ef,,UNVERIFIED
EP-10,Gathering for the Space Race,00:09:27,567,850086,https://animehistory.org/uploads/screencaps/outlaw-star-E010-Gathering-for-the-Space-Race/cap_00-09-27_0383.jpg,Outlaw Star Ep 10: Gathering for the Space Race @ 00:09:27,https://animehistory.org/gallery/screencaps/outlaw-star/episode-10/,https://animehistory.org/gallery/screencaps/outlaw-star/episode-10/?page=2,2,2026-10-07T01:49:20.105828+00:00,74a4ddf713a8bea7c4cd37fa93cc2bedc8bddb42b6bc47d24ac5eec0d81b02ef,,UNVERIFIED
EP-10,Gathering for the Space Race,00:09:31,571,850087,https://animehistory.org/uploads/screencaps/outlaw-star-E010-Gathering-for-the-Space-Race/cap_00-09-31_6b17.jpg,Outlaw Star Ep 10: Gathering for the Space Race @ 00:09:31,https://animehistory.org/gallery/screencaps/outlaw-star/episode-10/,https://animehistory.org/gallery/screencaps/outlaw-star/episode-10/?page=2,2,2026-10-07T01:49:20.105828+00:00,74a4ddf713a8bea7c4cd37fa93cc2bedc8bddb42b6bc47d24ac5eec0d81b02ef,,UNVERIFIED
EP-10,Gathering for the Space Race,00:09:34,574,850088,https://animehistory.org/uploads/screencaps/outlaw-star-E010-Gathering-for-the-Space-Race/cap_00-09-34_3b49.jpg,Outlaw Star Ep 10: Gathering for the Space Race @ 00:09:34,https://animehistory.org/gallery/screencaps/outlaw-star/episode-10/,https://animehistory.org/gallery/screencaps/outlaw-star/episode-10/?page=2,2,2026-10-07T01:49:20.105828+00:00,74a4ddf713a8bea7c4cd37fa93cc2bedc8bddb42b6bc47d24ac5eec0d81b02ef,,UNVERIFIED
EP-10,Gathering for the Space Race,00:09:38,578,850089,https://animehistory.org/uploads/screencaps/outlaw-star-E010-Gathering-for-the-Space-Race/cap_00-09-38_3ef3.jpg,Outlaw Star Ep 10: Gathering for the Space Race @ 00:09:38,https://animehistory.org/gallery/screencaps/outlaw-star/episode-10/,https://animehistory.org/gallery/screencaps/outlaw-star/episode-10/?page=2,2,2026-10-07T01:49:20.105828+00:00,74a4ddf713a8bea7c4cd37fa93cc2bedc8bddb42b6bc47d24ac5eec0d81b02ef,,UNVERIFIED
EP-10,Gathering for the Space Race,00:09:42,582,850090,https://animehistory.org/uploads/screencaps/outlaw-star-E010-Gathering-for-the-Space-Race/cap_00-09-42_36b3.jpg,Outlaw Star Ep 10: Gathering for the Space Race @ 00:09:42,https://animehistory.org/gallery/screencaps/outlaw-star/episode-10/,https://animehistory.org/gallery/screencaps/outlaw-star/episode-10/?page=2,2,2026-10-07T01:49:20.105828+00:00,74a4ddf713a8bea7c4cd37fa93cc2bedc8bddb42b6bc47d24ac5eec0d81b02ef,,UNVERIFIED
EP-10,Gathering for the Space Race,00:09:45,585,850091,https://animehistory.org/uploads/screencaps/outlaw-star-E010-Gathering-for-the-Space-Race/cap_00-09-45_31c9.jpg,Outlaw Star Ep 10: Gathering for the Space Race @ 00:09:45,https://animehistory.org/gallery/screencaps/outlaw-star/episode-10/,https://animehistory.org/gallery/screencaps/outlaw-star/episode-10/?page=2,2,2026-10-07T01:49:20.105828+00:00,74a4ddf713a8bea7c4cd37fa93cc2bedc8bddb42b6bc47d24ac5eec0d81b02ef,,UNVERIFIED
EP-10,Gathering for the Space Race,00:09:49,589,850092,https://animehistory.org/uploads/screencaps/outlaw-star-E010-Gathering-for-the-Space-Race/cap_00-09-49_6eee.jpg,Outlaw Star Ep 10: Gathering for the Space Race @ 00:09:49,https://animehistory.org/gallery/screencaps/outlaw-star/episode-10/,https://animehistory.org/gallery/screencaps/outlaw-star/episode-10/?page=2,2,2026-10-07T01:49:20.105828+00:00,74a4ddf713a8bea7c4cd37fa93cc2bedc8bddb42b6bc47d24ac5eec0d81b02ef,,UNVERIFIED
EP-10,Gathering for the Space Race,00:09:53,593,850093,https://animehistory.org/uploads/screencaps/outlaw-star-E010-Gathering-for-the-Space-Race/cap_00-09-53_04b7.jpg,Outlaw Star Ep 10: Gathering for the Space Race @ 00:09:53,https://animehistory.org/gallery/screencaps/outlaw-star/episode-10/,https://animehistory.org/gallery/screencaps/outlaw-star/episode-10/?page=2,2,2026-10-07T01:49:20.105828+00:00,74a4ddf713a8bea7c4cd37fa93cc2bedc8bddb42b6bc47d24ac5eec0d81b02ef,,UNVERIFIED
EP-10,Gathering for the Space Race,00:09:56,596,850094,https://animehistory.org/uploads/screencaps/outlaw-star-E010-Gathering-for-the-Space-Race/cap_00-09-56_39a9.jpg,Outlaw Star Ep 10: Gathering for the Space Race @ 00:09:56,https://animehistory.org/gallery/screencaps/outlaw-star/episode-10/,https://animehistory.org/gallery/screencaps/outlaw-star/episode-10/?page=2,2,2026-10-07T01:49:20.105828+00:00,74a4ddf713a8bea7c4cd37fa93cc2bedc8bddb42b6bc47d24ac5eec0d81b02ef,,UNVERIFIED
EP-10,Gathering for the Space Race,00:10:00,600,850095,https://animehistory.org/uploads/screencaps/outlaw-star-E010-Gathering-for-the-Space-Race/cap_00-10-00_013c.jpg,Outlaw Star Ep 10: Gathering for the Space Race @ 00:10:00,https://animehistory.org/gallery/screencaps/outlaw-star/episode-10/,https://animehistory.org/gallery/screencaps/outlaw-star/episode-10/?page=2,2,2026-10-07T01:49:20.105828+00:00,74a4ddf713a8bea7c4cd37fa93cc2bedc8bddb42b6bc47d24ac5eec0d81b02ef,,UNVERIFIED
EP-10,Gathering for the Space Race,00:10:04,604,850096,https://animehistory.org/uploads/screencaps/outlaw-star-E010-Gathering-for-the-Space-Race/cap_00-10-04_4153.jpg,Outlaw Star Ep 10: Gathering for the Space Race @ 00:10:04,https://animehistory.org/gallery/screencaps/outlaw-star/episode-10/,https://animehistory.org/gallery/screencaps/outlaw-star/episode-10/?page=2,2,2026-10-07T01:49:20.105828+00:00,74a4ddf713a8bea7c4cd37fa93cc2bedc8bddb42b6bc47d24ac5eec0d81b02ef,,UNVERIFIED
EP-10,Gathering for the Space Race,00:10:07,607,850097,https://animehistory.org/uploads/screencaps/outlaw-star-E010-Gathering-for-the-Space-Race/cap_00-10-07_77c1.jpg,Outlaw Star Ep 10: Gathering for the Space Race @ 00:10:07,https://animehistory.org/gallery/screencaps/outlaw-star/episode-10/,https://animehistory.org/gallery/screencaps/outlaw-star/episode-10/?page=2,2,2026-10-07T01:49:20.105828+00:00,74a4ddf713a8bea7c4cd37fa93cc2bedc8bddb42b6bc47d24ac5eec0d81b02ef,,UNVERIFIED
EP-10,Gathering for the Space Race,00:10:11,611,850098,https://animehistory.org/uploads/screencaps/outlaw-star-E010-Gathering-for-the-Space-Race/cap_00-10-11_349b.jpg,Outlaw Star Ep 10: Gathering for the Space Race @ 00:10:11,https://animehistory.org/gallery/screencaps/outlaw-star/episode-10/,https://animehistory.org/gallery/screencaps/outlaw-star/episode-10/?page=2,2,2026-10-07T01:49:20.105828+00:00,74a4ddf713a8bea7c4cd37fa93cc2bedc8bddb42b6bc47d24ac5eec0d81b02ef,,UNVERIFIED
EP-10,Gathering for the Space Race,00:10:15,615,850099,https://animehistory.org/uploads/screencaps/outlaw-star-E010-Gathering-for-the-Space-Race/cap_00-10-15_47a1.jpg,Outlaw Star Ep 10: Gathering for the Space Race @ 00:10:15,https://animehistory.org/gallery/screencaps/outlaw-star/episode-10/,https://animehistory.org/gallery/screencaps/outlaw-star/episode-10/?page=2,2,2026-10-07T01:49:20.105828+00:00,74a4ddf713a8bea7c4cd37fa93cc2bedc8bddb42b6bc47d24ac5eec0d81b02ef,,UNVERIFIED
EP-10,Gathering for the Space Race,00:10:18,618,850100,https://animehistory.org/uploads/screencaps/outlaw-star-E010-Gathering-for-the-Space-Race/cap_00-10-18_6a6a.jpg,Outlaw Star Ep 10: Gathering for the Space Race @ 00:10:18,https://animehistory.org/gallery/screencaps/outlaw-star/episode-10/,https://animehistory.org/gallery/screencaps/outlaw-star/episode-10/?page=2,2,2026-10-07T01:49:20.105828+00:00,74a4ddf713a8bea7c4cd37fa93cc2bedc8bddb42b6bc47d24ac5eec0d81b02ef,,UNVERIFIED
EP-10,Gathering for the Space Race,00:10:22,622,850101,https://animehistory.org/uploads/screencaps/outlaw-star-E010-Gathering-for-the-Space-Race/cap_00-10-22_54a3.jpg,Outlaw Star Ep 10: Gathering for the Space Race @ 00:10:22,https://animehistory.org/gallery/screencaps/outlaw-star/episode-10/,https://animehistory.org/gallery/screencaps/outlaw-star/episode-10/?page=2,2,2026-10-07T01:49:20.105828+00:00,74a4ddf713a8bea7c4cd37fa93cc2bedc8bddb42b6bc47d24ac5eec0d81b02ef,,UNVERIFIED
EP-10,Gathering for the Space Race,00:10:26,626,850102,https://animehistory.org/uploads/screencaps/outlaw-star-E010-Gathering-for-the-Space-Race/cap_00-10-26_6875.jpg,Outlaw Star Ep 10: Gathering for the Space Race @ 00:10:26,https://animehistory.org/gallery/screencaps/outlaw-star/episode-10/,https://animehistory.org/gallery/screencaps/outlaw-star/episode-10/?page=2,2,2026-10-07T01:49:20.105828+00:00,74a4ddf713a8bea7c4cd37fa93cc2bedc8bddb42b6bc47d24ac5eec0d81b02ef,,UNVERIFIED
EP-10,Gathering for the Space Race,00:10:29,629,850103,https://animehistory.org/uploads/screencaps/outlaw-star-E010-Gathering-for-the-Space-Race/cap_00-10-29_53b0.jpg,Outlaw Star Ep 10: Gathering for the Space Race @ 00:10:29,https://animehistory.org/gallery/screencaps/outlaw-star/episode-10/,https://animehistory.org/gallery/screencaps/outlaw-star/episode-10/?page=2,2,2026-10-07T01:49:20.105828+00:00,74a4ddf713a8bea7c4cd37fa93cc2bedc8bddb42b6bc47d24ac5eec0d81b02ef,,UNVERIFIED
EP-10,Gathering for the Space Race,00:10:33,633,850104,https://animehistory.org/uploads/screencaps/outlaw-star-E010-Gathering-for-the-Space-Race/cap_00-10-33_568f.jpg,Outlaw Star Ep 10: Gathering for the Space Race @ 00:10:33,https://animehistory.org/gallery/screencaps/outlaw-star/episode-10/,https://animehistory.org/gallery/screencaps/outlaw-star/episode-10/?page=2,2,2026-10-07T01:49:20.105828+00:00,74a4ddf713a8bea7c4cd37fa93cc2bedc8bddb42b6bc47d24ac5eec0d81b02ef,,UNVERIFIED
EP-10,Gathering for the Space Race,00:10:37,637,850105,https://animehistory.org/uploads/screencaps/outlaw-star-E010-Gathering-for-the-Space-Race/cap_00-10-37_717b.jpg,Outlaw Star Ep 10: Gathering for the Space Race @ 00:10:37,https://animehistory.org/gallery/screencaps/outlaw-star/episode-10/,https://animehistory.org/gallery/screencaps/outlaw-star/episode-10/?page=2,2,2026-10-07T01:49:20.105828+00:00,74a4ddf713a8bea7c4cd37fa93cc2bedc8bddb42b6bc47d24ac5eec0d81b02ef,,UNVERIFIED
EP-10,Gathering for the Space Race,00:10:40,640,850106,https://animehistory.org/uploads/screencaps/outlaw-star-E010-Gathering-for-the-Space-Race/cap_00-10-40_4a28.jpg,Outlaw Star Ep 10: Gathering for the Space Race @ 00:10:40,https://animehistory.org/gallery/screencaps/outlaw-star/episode-10/,https://animehistory.org/gallery/screencaps/outlaw-star/episode-10/?page=2,2,2026-10-07T01:49:20.105828+00:00,74a4ddf713a8bea7c4cd37fa93cc2bedc8bddb42b6bc47d24ac5eec0d81b02ef,,UNVERIFIED
EP-10,Gathering for the Space Race,00:10:44,644,850107,https://animehistory.org/uploads/screencaps/outlaw-star-E010-Gathering-for-the-Space-Race/cap_00-10-44_444f.jpg,Outlaw Star Ep 10: Gathering for the Space Race @ 00:10:44,https://animehistory.org/gallery/screencaps/outlaw-star/episode-10/,https://animehistory.org/gallery/screencaps/outlaw-star/episode-10/?page=2,2,2026-10-07T01:49:20.105828+00:00,74a4ddf713a8bea7c4cd37fa93cc2bedc8bddb42b6bc47d24ac5eec0d81b02ef,,UNVERIFIED
EP-10,Gathering for the Space Race,00:10:48,648,850108,https://animehistory.org/uploads/screencaps/outlaw-star-E010-Gathering-for-the-Space-Race/cap_00-10-48_0be3.jpg,Outlaw Star Ep 10: Gathering for the Space Race @ 00:10:48,https://animehistory.org/gallery/screencaps/outlaw-star/episode-10/,https://animehistory.org/gallery/screencaps/outlaw-star/episode-10/?page=2,2,2026-10-07T01:49:20.105828+00:00,74a4ddf713a8bea7c4cd37fa93cc2bedc8bddb42b6bc47d24ac5eec0d81b02ef,,UNVERIFIED
EP-10,Gathering for the Space Race,00:10:51,651,850109,https://animehistory.org/uploads/screencaps/outlaw-star-E010-Gathering-for-the-Space-Race/cap_00-10-51_559a.jpg,Outlaw Star Ep 10: Gathering for the Space Race @ 00:10:51,https://animehistory.org/gallery/screencaps/outlaw-star/episode-10/,https://animehistory.org/gallery/screencaps/outlaw-star/episode-10/?page=2,2,2026-10-07T01:49:20.105828+00:00,74a4ddf713a8bea7c4cd37fa93cc2bedc8bddb42b6bc47d24ac5eec0d81b02ef,,UNVERIFIED
EP-10,Gathering for the Space Race,00:10:55,655,850110,https://animehistory.org/uploads/screencaps/outlaw-star-E010-Gathering-for-the-Space-Race/cap_00-10-55_6b47.jpg,Outlaw Star Ep 10: Gathering for the Space Race @ 00:10:55,https://animehistory.org/gallery/screencaps/outlaw-star/episode-10/,https://animehistory.org/gallery/screencaps/outlaw-star/episode-10/?page=2,2,2026-10-07T01:49:20.105828+00:00,74a4ddf713a8bea7c4cd37fa93cc2bedc8bddb42b6bc47d24ac5eec0d81b02ef,,UNVERIFIED
EP-10,Gathering for the Space Race,00:10:58,658,850111,https://animehistory.org/uploads/screencaps/outlaw-star-E010-Gathering-for-the-Space-Race/cap_00-10-58_51ea.jpg,Outlaw Star Ep 10: Gathering for the Space Race @ 00:10:58,https://animehistory.org/gallery/screencaps/outlaw-star/episode-10/,https://animehistory.org/gallery/screencaps/outlaw-star/episode-10/?page=2,2,2026-10-07T01:49:20.105828+00:00,74a4ddf713a8bea7c4cd37fa93cc2bedc8bddb42b6bc47d24ac5eec0d81b02ef,,UNVERIFIED
EP-10,Gathering for the Space Race,00:11:02,662,850112,https://animehistory.org/uploads/screencaps/outlaw-star-E010-Gathering-for-the-Space-Race/cap_00-11-02_34b8.jpg,Outlaw Star Ep 10: Gathering for the Space Race @ 00:11:02,https://animehistory.org/gallery/screencaps/outlaw-star/episode-10/,https://animehistory.org/gallery/screencaps/outlaw-star/episode-10/?page=2,2,2026-10-07T01:49:20.105828+00:00,74a4ddf713a8bea7c4cd37fa93cc2bedc8bddb42b6bc47d24ac5eec0d81b02ef,,UNVERIFIED
EP-10,Gathering for the Space Race,00:11:06,666,850113,https://animehistory.org/uploads/screencaps/outlaw-star-E010-Gathering-for-the-Space-Race/cap_00-11-06_0ee4.jpg,Outlaw Star Ep 10: Gathering for the Space Race @ 00:11:06,https://animehistory.org/gallery/screencaps/outlaw-star/episode-10/,https://animehistory.org/gallery/screencaps/outlaw-star/episode-10/?page=2,2,2026-10-07T01:49:20.105828+00:00,74a4ddf713a8bea7c4cd37fa93cc2bedc8bddb42b6bc47d24ac5eec0d81b02ef,,UNVERIFIED
EP-10,Gathering for the Space Race,00:11:09,669,850114,https://animehistory.org/uploads/screencaps/outlaw-star-E010-Gathering-for-the-Space-Race/cap_00-11-09_1648.jpg,Outlaw Star Ep 10: Gathering for the Space Race @ 00:11:09,https://animehistory.org/gallery/screencaps/outlaw-star/episode-10/,https://animehistory.org/gallery/screencaps/outlaw-star/episode-10/?page=2,2,2026-10-07T01:49:20.105828+00:00,74a4ddf713a8bea7c4cd37fa93cc2bedc8bddb42b6bc47d24ac5eec0d81b02ef,,UNVERIFIED
EP-10,Gathering for the Space Race,00:11:13,673,850115,https://animehistory.org/uploads/screencaps/outlaw-star-E010-Gathering-for-the-Space-Race/cap_00-11-13_62a3.jpg,Outlaw Star Ep 10: Gathering for the Space Race @ 00:11:13,https://animehistory.org/gallery/screencaps/outlaw-star/episode-10/,https://animehistory.org/gallery/screencaps/outlaw-star/episode-10/?page=2,2,2026-10-07T01:49:20.105828+00:00,74a4ddf713a8bea7c4cd37fa93cc2bedc8bddb42b6bc47d24ac5eec0d81b02ef,,UNVERIFIED
EP-10,Gathering for the Space Race,00:11:17,677,850116,https://animehistory.org/uploads/screencaps/outlaw-star-E010-Gathering-for-the-Space-Race/cap_00-11-17_383f.jpg,Outlaw Star Ep 10: Gathering for the Space Race @ 00:11:17,https://animehistory.org/gallery/screencaps/outlaw-star/episode-10/,https://animehistory.org/gallery/screencaps/outlaw-star/episode-10/?page=2,2,2026-10-07T01:49:20.105828+00:00,74a4ddf713a8bea7c4cd37fa93cc2bedc8bddb42b6bc47d24ac5eec0d81b02ef,,UNVERIFIED
EP-10,Gathering for the Space Race,00:11:20,680,850117,https://animehistory.org/uploads/screencaps/outlaw-star-E010-Gathering-for-the-Space-Race/cap_00-11-20_0741.jpg,Outlaw Star Ep 10: Gathering for the Space Race @ 00:11:20,https://animehistory.org/gallery/screencaps/outlaw-star/episode-10/,https://animehistory.org/gallery/screencaps/outlaw-star/episode-10/?page=2,2,2026-10-07T01:49:20.105828+00:00,74a4ddf713a8bea7c4cd37fa93cc2bedc8bddb42b6bc47d24ac5eec0d81b02ef,,UNVERIFIED
EP-10,Gathering for the Space Race,00:11:24,684,850118,https://animehistory.org/uploads/screencaps/outlaw-star-E010-Gathering-for-the-Space-Race/cap_00-11-24_3a35.jpg,Outlaw Star Ep 10: Gathering for the Space Race @ 00:11:24,https://animehistory.org/gallery/screencaps/outlaw-star/episode-10/,https://animehistory.org/gallery/screencaps/outlaw-star/episode-10/?page=2,2,2026-10-07T01:49:20.105828+00:00,74a4ddf713a8bea7c4cd37fa93cc2bedc8bddb42b6bc47d24ac5eec0d81b02ef,,UNVERIFIED
EP-10,Gathering for the Space Race,00:11:28,688,850119,https://animehistory.org/uploads/screencaps/outlaw-star-E010-Gathering-for-the-Space-Race/cap_00-11-28_6c92.jpg,Outlaw Star Ep 10: Gathering for the Space Race @ 00:11:28,https://animehistory.org/gallery/screencaps/outlaw-star/episode-10/,https://animehistory.org/gallery/screencaps/outlaw-star/episode-10/?page=2,2,2026-10-07T01:49:20.105828+00:00,74a4ddf713a8bea7c4cd37fa93cc2bedc8bddb42b6bc47d24ac5eec0d81b02ef,,UNVERIFIED
EP-10,Gathering for the Space Race,00:11:31,691,850120,https://animehistory.org/uploads/screencaps/outlaw-star-E010-Gathering-for-the-Space-Race/cap_00-11-31_4a9f.jpg,Outlaw Star Ep 10: Gathering for the Space Race @ 00:11:31,https://animehistory.org/gallery/screencaps/outlaw-star/episode-10/,https://animehistory.org/gallery/screencaps/outlaw-star/episode-10/?page=2,2,2026-10-07T01:49:20.105828+00:00,74a4ddf713a8bea7c4cd37fa93cc2bedc8bddb42b6bc47d24ac5eec0d81b02ef,,UNVERIFIED
EP-10,Gathering for the Space Race,00:11:35,695,850121,https://animehistory.org/uploads/screencaps/outlaw-star-E010-Gathering-for-the-Space-Race/cap_00-11-35_778b.jpg,Outlaw Star Ep 10: Gathering for the Space Race @ 00:11:35,https://animehistory.org/gallery/screencaps/outlaw-star/episode-10/,https://animehistory.org/gallery/screencaps/outlaw-star/episode-10/?page=2,2,2026-10-07T01:49:20.105828+00:00,74a4ddf713a8bea7c4cd37fa93cc2bedc8bddb42b6bc47d24ac5eec0d81b02ef,,UNVERIFIED
EP-10,Gathering for the Space Race,00:11:39,699,850122,https://animehistory.org/uploads/screencaps/outlaw-star-E010-Gathering-for-the-Space-Race/cap_00-11-39_030a.jpg,Outlaw Star Ep 10: Gathering for the Space Race @ 00:11:39,https://animehistory.org/gallery/screencaps/outlaw-star/episode-10/,https://animehistory.org/gallery/screencaps/outlaw-star/episode-10/?page=2,2,2026-10-07T01:49:20.105828+00:00,74a4ddf713a8bea7c4cd37fa93cc2bedc8bddb42b6bc47d24ac5eec0d81b02ef,,UNVERIFIED
EP-10,Gathering for the Space Race,00:11:42,702,850123,https://animehistory.org/uploads/screencaps/outlaw-star-E010-Gathering-for-the-Space-Race/cap_00-11-42_1bf7.jpg,Outlaw Star Ep 10: Gathering for the Space Race @ 00:11:42,https://animehistory.org/gallery/screencaps/outlaw-star/episode-10/,https://animehistory.org/gallery/screencaps/outlaw-star/episode-10/?page=2,2,2026-10-07T01:49:20.105828+00:00,74a4ddf713a8bea7c4cd37fa93cc2bedc8bddb42b6bc47d24ac5eec0d81b02ef,,UNVERIFIED
EP-10,Gathering for the Space Race,00:11:46,706,850124,https://animehistory.org/uploads/screencaps/outlaw-star-E010-Gathering-for-the-Space-Race/cap_00-11-46_58c5.jpg,Outlaw Star Ep 10: Gathering for the Space Race @ 00:11:46,https://animehistory.org/gallery/screencaps/outlaw-star/episode-10/,https://animehistory.org/gallery/screencaps/outlaw-star/episode-10/?page=2,2,2026-10-07T01:49:20.105828+00:00,74a4ddf713a8bea7c4cd37fa93cc2bedc8bddb42b6bc47d24ac5eec0d81b02ef,,UNVERIFIED
EP-10,Gathering for the Space Race,00:11:50,710,850125,https://animehistory.org/uploads/screencaps/outlaw-star-E010-Gathering-for-the-Space-Race/cap_00-11-50_5395.jpg,Outlaw Star Ep 10: Gathering for the Space Race @ 00:11:50,https://animehistory.org/gallery/screencaps/outlaw-star/episode-10/,https://animehistory.org/gallery/screencaps/outlaw-star/episode-10/?page=2,2,2026-10-07T01:49:20.105828+00:00,74a4ddf713a8bea7c4cd37fa93cc2bedc8bddb42b6bc47d24ac5eec0d81b02ef,,UNVERIFIED
EP-10,Gathering for the Space Race,00:11:53,713,850126,https://animehistory.org/uploads/screencaps/outlaw-star-E010-Gathering-for-the-Space-Race/cap_00-11-53_5088.jpg,Outlaw Star Ep 10: Gathering for the Space Race @ 00:11:53,https://animehistory.org/gallery/screencaps/outlaw-star/episode-10/,https://animehistory.org/gallery/screencaps/outlaw-star/episode-10/?page=2,2,2026-10-07T01:49:20.105828+00:00,74a4ddf713a8bea7c4cd37fa93cc2bedc8bddb42b6bc47d24ac5eec0d81b02ef,,UNVERIFIED
EP-10,Gathering for the Space Race,00:11:57,717,850127,https://animehistory.org/uploads/screencaps/outlaw-star-E010-Gathering-for-the-Space-Race/cap_00-11-57_61e5.jpg,Outlaw Star Ep 10: Gathering for the Space Race @ 00:11:57,https://animehistory.org/gallery/screencaps/outlaw-star/episode-10/,https://animehistory.org/gallery/screencaps/outlaw-star/episode-10/?page=2,2,2026-10-07T01:49:20.105828+00:00,74a4ddf713a8bea7c4cd37fa93cc2bedc8bddb42b6bc47d24ac5eec0d81b02ef,,UNVERIFIED
EP-10,Gathering for the Space Race,00:12:01,721,850128,https://animehistory.org/uploads/screencaps/outlaw-star-E010-Gathering-for-the-Space-Race/cap_00-12-01_0c55.jpg,Outlaw Star Ep 10: Gathering for the Space Race @ 00:12:01,https://animehistory.org/gallery/screencaps/outlaw-star/episode-10/,https://animehistory.org/gallery/screencaps/outlaw-star/episode-10/?page=2,2,2026-10-07T01:49:20.105828+00:00,74a4ddf713a8bea7c4cd37fa93cc2bedc8bddb42b6bc47d24ac5eec0d81b02ef,,UNVERIFIED
EP-10,Gathering for the Space Race,00:12:04,724,850129,https://animehistory.org/uploads/screencaps/outlaw-star-E010-Gathering-for-the-Space-Race/cap_00-12-04_47cb.jpg,Outlaw Star Ep 10: Gathering for the Space Race @ 00:12:04,https://animehistory.org/gallery/screencaps/outlaw-star/episode-10/,https://animehistory.org/gallery/screencaps/outlaw-star/episode-10/?page=2,2,2026-10-07T01:49:20.105828+00:00,74a4ddf713a8bea7c4cd37fa93cc2bedc8bddb42b6bc47d24ac5eec0d81b02ef,,UNVERIFIED
EP-10,Gathering for the Space Race,00:12:08,728,850130,https://animehistory.org/uploads/screencaps/outlaw-star-E010-Gathering-for-the-Space-Race/cap_00-12-08_3471.jpg,Outlaw Star Ep 10: Gathering for the Space Race @ 00:12:08,https://animehistory.org/gallery/screencaps/outlaw-star/episode-10/,https://animehistory.org/gallery/screencaps/outlaw-star/episode-10/?page=2,2,2026-10-07T01:49:20.105828+00:00,74a4ddf713a8bea7c4cd37fa93cc2bedc8bddb42b6bc47d24ac5eec0d81b02ef,,UNVERIFIED
EP-10,Gathering for the Space Race,00:12:12,732,850131,https://animehistory.org/uploads/screencaps/outlaw-star-E010-Gathering-for-the-Space-Race/cap_00-12-12_6129.jpg,Outlaw Star Ep 10: Gathering for the Space Race @ 00:12:12,https://animehistory.org/gallery/screencaps/outlaw-star/episode-10/,https://animehistory.org/gallery/screencaps/outlaw-star/episode-10/?page=2,2,2026-10-07T01:49:20.105828+00:00,74a4ddf713a8bea7c4cd37fa93cc2bedc8bddb42b6bc47d24ac5eec0d81b02ef,,UNVERIFIED
EP-10,Gathering for the Space Race,00:12:15,735,850132,https://animehistory.org/uploads/screencaps/outlaw-star-E010-Gathering-for-the-Space-Race/cap_00-12-15_6e07.jpg,Outlaw Star Ep 10: Gathering for the Space Race @ 00:12:15,https://animehistory.org/gallery/screencaps/outlaw-star/episode-10/,https://animehistory.org/gallery/screencaps/outlaw-star/episode-10/?page=2,2,2026-10-07T01:49:20.105828+00:00,74a4ddf713a8bea7c4cd37fa93cc2bedc8bddb42b6bc47d24ac5eec0d81b02ef,,UNVERIFIED
EP-10,Gathering for the Space Race,00:12:19,739,850133,https://animehistory.org/uploads/screencaps/outlaw-star-E010-Gathering-for-the-Space-Race/cap_00-12-19_6bf4.jpg,Outlaw Star Ep 10: Gathering for the Space Race @ 00:12:19,https://animehistory.org/gallery/screencaps/outlaw-star/episode-10/,https://animehistory.org/gallery/screencaps/outlaw-star/episode-10/?page=2,2,2026-10-07T01:49:20.105828+00:00,74a4ddf713a8bea7c4cd37fa93cc2bedc8bddb42b6bc47d24ac5eec0d81b02ef,,UNVERIFIED
EP-10,Gathering for the Space Race,00:12:23,743,850134,https://animehistory.org/uploads/screencaps/outlaw-star-E010-Gathering-for-the-Space-Race/cap_00-12-23_3d83.jpg,Outlaw Star Ep 10: Gathering for the Space Race @ 00:12:23,https://animehistory.org/gallery/screencaps/outlaw-star/episode-10/,https://animehistory.org/gallery/screencaps/outlaw-star/episode-10/?page=2,2,2026-10-07T01:49:20.105828+00:00,74a4ddf713a8bea7c4cd37fa93cc2bedc8bddb42b6bc47d24ac5eec0d81b02ef,,UNVERIFIED
EP-10,Gathering for the Space Race,00:12:26,746,850135,https://animehistory.org/uploads/screencaps/outlaw-star-E010-Gathering-for-the-Space-Race/cap_00-12-26_425b.jpg,Outlaw Star Ep 10: Gathering for the Space Race @ 00:12:26,https://animehistory.org/gallery/screencaps/outlaw-star/episode-10/,https://animehistory.org/gallery/screencaps/outlaw-star/episode-10/?page=2,2,2026-10-07T01:49:20.105828+00:00,74a4ddf713a8bea7c4cd37fa93cc2bedc8bddb42b6bc47d24ac5eec0d81b02ef,,UNVERIFIED
EP-10,Gathering for the Space Race,00:12:30,750,850136,https://animehistory.org/uploads/screencaps/outlaw-star-E010-Gathering-for-the-Space-Race/cap_00-12-30_3218.jpg,Outlaw Star Ep 10: Gathering for the Space Race @ 00:12:30,https://animehistory.org/gallery/screencaps/outlaw-star/episode-10/,https://animehistory.org/gallery/screencaps/outlaw-star/episode-10/?page=2,2,2026-10-07T01:49:20.105828+00:00,74a4ddf713a8bea7c4cd37fa93cc2bedc8bddb42b6bc47d24ac5eec0d81b02ef,,UNVERIFIED
EP-10,Gathering for the Space Race,00:12:33,753,850137,https://animehistory.org/uploads/screencaps/outlaw-star-E010-Gathering-for-the-Space-Race/cap_00-12-33_7256.jpg,Outlaw Star Ep 10: Gathering for the Space Race @ 00:12:33,https://animehistory.org/gallery/screencaps/outlaw-star/episode-10/,https://animehistory.org/gallery/screencaps/outlaw-star/episode-10/?page=2,2,2026-10-07T01:49:20.105828+00:00,74a4ddf713a8bea7c4cd37fa93cc2bedc8bddb42b6bc47d24ac5eec0d81b02ef,,UNVERIFIED
EP-10,Gathering for the Space Race,00:12:37,757,850138,https://animehistory.org/uploads/screencaps/outlaw-star-E010-Gathering-for-the-Space-Race/cap_00-12-37_2141.jpg,Outlaw Star Ep 10: Gathering for the Space Race @ 00:12:37,https://animehistory.org/gallery/screencaps/outlaw-star/episode-10/,https://animehistory.org/gallery/screencaps/outlaw-star/episode-10/?page=2,2,2026-10-07T01:49:20.105828+00:00,74a4ddf713a8bea7c4cd37fa93cc2bedc8bddb42b6bc47d24ac5eec0d81b02ef,,UNVERIFIED
EP-10,Gathering for the Space Race,00:12:41,761,850139,https://animehistory.org/uploads/screencaps/outlaw-star-E010-Gathering-for-the-Space-Race/cap_00-12-41_095c.jpg,Outlaw Star Ep 10: Gathering for the Space Race @ 00:12:41,https://animehistory.org/gallery/screencaps/outlaw-star/episode-10/,https://animehistory.org/gallery/screencaps/outlaw-star/episode-10/?page=2,2,2026-10-07T01:49:20.105828+00:00,74a4ddf713a8bea7c4cd37fa93cc2bedc8bddb42b6bc47d24ac5eec0d81b02ef,,UNVERIFIED
EP-10,Gathering for the Space Race,00:12:44,764,850140,https://animehistory.org/uploads/screencaps/outlaw-star-E010-Gathering-for-the-Space-Race/cap_00-12-44_68ee.jpg,Outlaw Star Ep 10: Gathering for the Space Race @ 00:12:44,https://animehistory.org/gallery/screencaps/outlaw-star/episode-10/,https://animehistory.org/gallery/screencaps/outlaw-star/episode-10/?page=2,2,2026-10-07T01:49:20.105828+00:00,74a4ddf713a8bea7c4cd37fa93cc2bedc8bddb42b6bc47d24ac5eec0d81b02ef,,UNVERIFIED
EP-10,Gathering for the Space Race,00:12:48,768,850141,https://animehistory.org/uploads/screencaps/outlaw-star-E010-Gathering-for-the-Space-Race/cap_00-12-48_1974.jpg,Outlaw Star Ep 10: Gathering for the Space Race @ 00:12:48,https://animehistory.org/gallery/screencaps/outlaw-star/episode-10/,https://animehistory.org/gallery/screencaps/outlaw-star/episode-10/?page=2,2,2026-10-07T01:49:20.105828+00:00,74a4ddf713a8bea7c4cd37fa93cc2bedc8bddb42b6bc47d24ac5eec0d81b02ef,,UNVERIFIED
EP-10,Gathering for the Space Race,00:12:52,772,850142,https://animehistory.org/uploads/screencaps/outlaw-star-E010-Gathering-for-the-Space-Race/cap_00-12-52_1a53.jpg,Outlaw Star Ep 10: Gathering for the Space Race @ 00:12:52,https://animehistory.org/gallery/screencaps/outlaw-star/episode-10/,https://animehistory.org/gallery/screencaps/outlaw-star/episode-10/?page=2,2,2026-10-07T01:49:20.105828+00:00,74a4ddf713a8bea7c4cd37fa93cc2bedc8bddb42b6bc47d24ac5eec0d81b02ef,,UNVERIFIED
EP-10,Gathering for the Space Race,00:12:55,775,850143,https://animehistory.org/uploads/screencaps/outlaw-star-E010-Gathering-for-the-Space-Race/cap_00-12-55_5bd1.jpg,Outlaw Star Ep 10: Gathering for the Space Race @ 00:12:55,https://animehistory.org/gallery/screencaps/outlaw-star/episode-10/,https://animehistory.org/gallery/screencaps/outlaw-star/episode-10/?page=2,2,2026-10-07T01:49:20.105828+00:00,74a4ddf713a8bea7c4cd37fa93cc2bedc8bddb42b6bc47d24ac5eec0d81b02ef,,UNVERIFIED
EP-10,Gathering for the Space Race,00:12:59,779,850144,https://animehistory.org/uploads/screencaps/outlaw-star-E010-Gathering-for-the-Space-Race/cap_00-12-59_5984.jpg,Outlaw Star Ep 10: Gathering for the Space Race @ 00:12:59,https://animehistory.org/gallery/screencaps/outlaw-star/episode-10/,https://animehistory.org/gallery/screencaps/outlaw-star/episode-10/?page=2,2,2026-10-07T01:49:20.105828+00:00,74a4ddf713a8bea7c4cd37fa93cc2bedc8bddb42b6bc47d24ac5eec0d81b02ef,,UNVERIFIED
EP-10,Gathering for the Space Race,00:13:03,783,850145,https://animehistory.org/uploads/screencaps/outlaw-star-E010-Gathering-for-the-Space-Race/cap_00-13-03_3c02.jpg,Outlaw Star Ep 10: Gathering for the Space Race @ 00:13:03,https://animehistory.org/gallery/screencaps/outlaw-star/episode-10/,https://animehistory.org/gallery/screencaps/outlaw-star/episode-10/?page=2,2,2026-10-07T01:49:20.105828+00:00,74a4ddf713a8bea7c4cd37fa93cc2bedc8bddb42b6bc47d24ac5eec0d81b02ef,,UNVERIFIED
EP-10,Gathering for the Space Race,00:13:06,786,850146,https://animehistory.org/uploads/screencaps/outlaw-star-E010-Gathering-for-the-Space-Race/cap_00-13-06_241c.jpg,Outlaw Star Ep 10: Gathering for the Space Race @ 00:13:06,https://animehistory.org/gallery/screencaps/outlaw-star/episode-10/,https://animehistory.org/gallery/screencaps/outlaw-star/episode-10/?page=2,2,2026-10-07T01:49:20.105828+00:00,74a4ddf713a8bea7c4cd37fa93cc2bedc8bddb42b6bc47d24ac5eec0d81b02ef,,UNVERIFIED
EP-10,Gathering for the Space Race,00:13:10,790,850147,https://animehistory.org/uploads/screencaps/outlaw-star-E010-Gathering-for-the-Space-Race/cap_00-13-10_2945.jpg,Outlaw Star Ep 10: Gathering for the Space Race @ 00:13:10,https://animehistory.org/gallery/screencaps/outlaw-star/episode-10/,https://animehistory.org/gallery/screencaps/outlaw-star/episode-10/?page=2,2,2026-10-07T01:49:20.105828+00:00,74a4ddf713a8bea7c4cd37fa93cc2bedc8bddb42b6bc47d24ac5eec0d81b02ef,,UNVERIFIED
EP-10,Gathering for the Space Race,00:13:14,794,850148,https://animehistory.org/uploads/screencaps/outlaw-star-E010-Gathering-for-the-Space-Race/cap_00-13-14_7c7f.jpg,Outlaw Star Ep 10: Gathering for the Space Race @ 00:13:14,https://animehistory.org/gallery/screencaps/outlaw-star/episode-10/,https://animehistory.org/gallery/screencaps/outlaw-star/episode-10/?page=2,2,2026-10-07T01:49:20.105828+00:00,74a4ddf713a8bea7c4cd37fa93cc2bedc8bddb42b6bc47d24ac5eec0d81b02ef,,UNVERIFIED
EP-10,Gathering for the Space Race,00:13:17,797,850149,https://animehistory.org/uploads/screencaps/outlaw-star-E010-Gathering-for-the-Space-Race/cap_00-13-17_0d95.jpg,Outlaw Star Ep 10: Gathering for the Space Race @ 00:13:17,https://animehistory.org/gallery/screencaps/outlaw-star/episode-10/,https://animehistory.org/gallery/screencaps/outlaw-star/episode-10/?page=2,2,2026-10-07T01:49:20.105828+00:00,74a4ddf713a8bea7c4cd37fa93cc2bedc8bddb42b6bc47d24ac5eec0d81b02ef,,UNVERIFIED
EP-10,Gathering for the Space Race,00:13:21,801,850150,https://animehistory.org/uploads/screencaps/outlaw-star-E010-Gathering-for-the-Space-Race/cap_00-13-21_2e29.jpg,Outlaw Star Ep 10: Gathering for the Space Race @ 00:13:21,https://animehistory.org/gallery/screencaps/outlaw-star/episode-10/,https://animehistory.org/gallery/screencaps/outlaw-star/episode-10/?page=2,2,2026-10-07T01:49:20.105828+00:00,74a4ddf713a8bea7c4cd37fa93cc2bedc8bddb42b6bc47d24ac5eec0d81b02ef,,UNVERIFIED
EP-10,Gathering for the Space Race,00:13:25,805,850151,https://animehistory.org/uploads/screencaps/outlaw-star-E010-Gathering-for-the-Space-Race/cap_00-13-25_692a.jpg,Outlaw Star Ep 10: Gathering for the Space Race @ 00:13:25,https://animehistory.org/gallery/screencaps/outlaw-star/episode-10/,https://animehistory.org/gallery/screencaps/outlaw-star/episode-10/?page=2,2,2026-10-07T01:49:20.105828+00:00,74a4ddf713a8bea7c4cd37fa93cc2bedc8bddb42b6bc47d24ac5eec0d81b02ef,,UNVERIFIED
EP-10,Gathering for the Space Race,00:13:28,808,850152,https://animehistory.org/uploads/screencaps/outlaw-star-E010-Gathering-for-the-Space-Race/cap_00-13-28_4222.jpg,Outlaw Star Ep 10: Gathering for the Space Race @ 00:13:28,https://animehistory.org/gallery/screencaps/outlaw-star/episode-10/,https://animehistory.org/gallery/screencaps/outlaw-star/episode-10/?page=2,2,2026-10-07T01:49:20.105828+00:00,74a4ddf713a8bea7c4cd37fa93cc2bedc8bddb42b6bc47d24ac5eec0d81b02ef,,UNVERIFIED
EP-10,Gathering for the Space Race,00:13:32,812,850153,https://animehistory.org/uploads/screencaps/outlaw-star-E010-Gathering-for-the-Space-Race/cap_00-13-32_0b2e.jpg,Outlaw Star Ep 10: Gathering for the Space Race @ 00:13:32,https://animehistory.org/gallery/screencaps/outlaw-star/episode-10/,https://animehistory.org/gallery/screencaps/outlaw-star/episode-10/?page=2,2,2026-10-07T01:49:20.105828+00:00,74a4ddf713a8bea7c4cd37fa93cc2bedc8bddb42b6bc47d24ac5eec0d81b02ef,,UNVERIFIED
EP-10,Gathering for the Space Race,00:13:36,816,850154,https://animehistory.org/uploads/screencaps/outlaw-star-E010-Gathering-for-the-Space-Race/cap_00-13-36_7984.jpg,Outlaw Star Ep 10: Gathering for the Space Race @ 00:13:36,https://animehistory.org/gallery/screencaps/outlaw-star/episode-10/,https://animehistory.org/gallery/screencaps/outlaw-star/episode-10/?page=2,2,2026-10-07T01:49:20.105828+00:00,74a4ddf713a8bea7c4cd37fa93cc2bedc8bddb42b6bc47d24ac5eec0d81b02ef,,UNVERIFIED
EP-10,Gathering for the Space Race,00:13:39,819,850155,https://animehistory.org/uploads/screencaps/outlaw-star-E010-Gathering-for-the-Space-Race/cap_00-13-39_4b9f.jpg,Outlaw Star Ep 10: Gathering for the Space Race @ 00:13:39,https://animehistory.org/gallery/screencaps/outlaw-star/episode-10/,https://animehistory.org/gallery/screencaps/outlaw-star/episode-10/?page=2,2,2026-10-07T01:49:20.105828+00:00,74a4ddf713a8bea7c4cd37fa93cc2bedc8bddb42b6bc47d24ac5eec0d81b02ef,,UNVERIFIED
EP-10,Gathering for the Space Race,00:13:43,823,850156,https://animehistory.org/uploads/screencaps/outlaw-star-E010-Gathering-for-the-Space-Race/cap_00-13-43_0195.jpg,Outlaw Star Ep 10: Gathering for the Space Race @ 00:13:43,https://animehistory.org/gallery/screencaps/outlaw-star/episode-10/,https://animehistory.org/gallery/screencaps/outlaw-star/episode-10/?page=2,2,2026-10-07T01:49:20.105828+00:00,74a4ddf713a8bea7c4cd37fa93cc2bedc8bddb42b6bc47d24ac5eec0d81b02ef,,UNVERIFIED
EP-10,Gathering for the Space Race,00:13:47,827,850157,https://animehistory.org/uploads/screencaps/outlaw-star-E010-Gathering-for-the-Space-Race/cap_00-13-47_2a2e.jpg,Outlaw Star Ep 10: Gathering for the Space Race @ 00:13:47,https://animehistory.org/gallery/screencaps/outlaw-star/episode-10/,https://animehistory.org/gallery/screencaps/outlaw-star/episode-10/?page=2,2,2026-10-07T01:49:20.105828+00:00,74a4ddf713a8bea7c4cd37fa93cc2bedc8bddb42b6bc47d24ac5eec0d81b02ef,,UNVERIFIED
EP-10,Gathering for the Space Race,00:13:50,830,850158,https://animehistory.org/uploads/screencaps/outlaw-star-E010-Gathering-for-the-Space-Race/cap_00-13-50_7ec6.jpg,Outlaw Star Ep 10: Gathering for the Space Race @ 00:13:50,https://animehistory.org/gallery/screencaps/outlaw-star/episode-10/,https://animehistory.org/gallery/screencaps/outlaw-star/episode-10/?page=2,2,2026-10-07T01:49:20.105828+00:00,74a4ddf713a8bea7c4cd37fa93cc2bedc8bddb42b6bc47d24ac5eec0d81b02ef,,UNVERIFIED
EP-10,Gathering for the Space Race,00:13:54,834,850159,https://animehistory.org/uploads/screencaps/outlaw-star-E010-Gathering-for-the-Space-Race/cap_00-13-54_02f0.jpg,Outlaw Star Ep 10: Gathering for the Space Race @ 00:13:54,https://animehistory.org/gallery/screencaps/outlaw-star/episode-10/,https://animehistory.org/gallery/screencaps/outlaw-star/episode-10/?page=3,3,2026-10-07T01:49:21.506691+00:00,07343495015f2f2c2a6c04b3e5260799687d7516653da65b4c5e9d2002bd5f44,,UNVERIFIED
EP-10,Gathering for the Space Race,00:13:58,838,850160,https://animehistory.org/uploads/screencaps/outlaw-star-E010-Gathering-for-the-Space-Race/cap_00-13-58_5903.jpg,Outlaw Star Ep 10: Gathering for the Space Race @ 00:13:58,https://animehistory.org/gallery/screencaps/outlaw-star/episode-10/,https://animehistory.org/gallery/screencaps/outlaw-star/episode-10/?page=3,3,2026-10-07T01:49:21.506691+00:00,07343495015f2f2c2a6c04b3e5260799687d7516653da65b4c5e9d2002bd5f44,,UNVERIFIED
EP-10,Gathering for the Space Race,00:14:01,841,850161,https://animehistory.org/uploads/screencaps/outlaw-star-E010-Gathering-for-the-Space-Race/cap_00-14-01_066d.jpg,Outlaw Star Ep 10: Gathering for the Space Race @ 00:14:01,https://animehistory.org/gallery/screencaps/outlaw-star/episode-10/,https://animehistory.org/gallery/screencaps/outlaw-star/episode-10/?page=3,3,2026-10-07T01:49:21.506691+00:00,07343495015f2f2c2a6c04b3e5260799687d7516653da65b4c5e9d2002bd5f44,,UNVERIFIED
EP-10,Gathering for the Space Race,00:14:05,845,850162,https://animehistory.org/uploads/screencaps/outlaw-star-E010-Gathering-for-the-Space-Race/cap_00-14-05_22bc.jpg,Outlaw Star Ep 10: Gathering for the Space Race @ 00:14:05,https://animehistory.org/gallery/screencaps/outlaw-star/episode-10/,https://animehistory.org/gallery/screencaps/outlaw-star/episode-10/?page=3,3,2026-10-07T01:49:21.506691+00:00,07343495015f2f2c2a6c04b3e5260799687d7516653da65b4c5e9d2002bd5f44,,UNVERIFIED
EP-10,Gathering for the Space Race,00:14:08,848,850163,https://animehistory.org/uploads/screencaps/outlaw-star-E010-Gathering-for-the-Space-Race/cap_00-14-08_215f.jpg,Outlaw Star Ep 10: Gathering for the Space Race @ 00:14:08,https://animehistory.org/gallery/screencaps/outlaw-star/episode-10/,https://animehistory.org/gallery/screencaps/outlaw-star/episode-10/?page=3,3,2026-10-07T01:49:21.506691+00:00,07343495015f2f2c2a6c04b3e5260799687d7516653da65b4c5e9d2002bd5f44,,UNVERIFIED
EP-10,Gathering for the Space Race,00:14:12,852,850164,https://animehistory.org/uploads/screencaps/outlaw-star-E010-Gathering-for-the-Space-Race/cap_00-14-12_0f5d.jpg,Outlaw Star Ep 10: Gathering for the Space Race @ 00:14:12,https://animehistory.org/gallery/screencaps/outlaw-star/episode-10/,https://animehistory.org/gallery/screencaps/outlaw-star/episode-10/?page=3,3,2026-10-07T01:49:21.506691+00:00,07343495015f2f2c2a6c04b3e5260799687d7516653da65b4c5e9d2002bd5f44,,UNVERIFIED
EP-10,Gathering for the Space Race,00:14:16,856,850165,https://animehistory.org/uploads/screencaps/outlaw-star-E010-Gathering-for-the-Space-Race/cap_00-14-16_2956.jpg,Outlaw Star Ep 10: Gathering for the Space Race @ 00:14:16,https://animehistory.org/gallery/screencaps/outlaw-star/episode-10/,https://animehistory.org/gallery/screencaps/outlaw-star/episode-10/?page=3,3,2026-10-07T01:49:21.506691+00:00,07343495015f2f2c2a6c04b3e5260799687d7516653da65b4c5e9d2002bd5f44,,UNVERIFIED
EP-10,Gathering for the Space Race,00:14:19,859,850166,https://animehistory.org/uploads/screencaps/outlaw-star-E010-Gathering-for-the-Space-Race/cap_00-14-19_5098.jpg,Outlaw Star Ep 10: Gathering for the Space Race @ 00:14:19,https://animehistory.org/gallery/screencaps/outlaw-star/episode-10/,https://animehistory.org/gallery/screencaps/outlaw-star/episode-10/?page=3,3,2026-10-07T01:49:21.506691+00:00,07343495015f2f2c2a6c04b3e5260799687d7516653da65b4c5e9d2002bd5f44,,UNVERIFIED
EP-10,Gathering for the Space Race,00:14:23,863,850167,https://animehistory.org/uploads/screencaps/outlaw-star-E010-Gathering-for-the-Space-Race/cap_00-14-23_56c0.jpg,Outlaw Star Ep 10: Gathering for the Space Race @ 00:14:23,https://animehistory.org/gallery/screencaps/outlaw-star/episode-10/,https://animehistory.org/gallery/screencaps/outlaw-star/episode-10/?page=3,3,2026-10-07T01:49:21.506691+00:00,07343495015f2f2c2a6c04b3e5260799687d7516653da65b4c5e9d2002bd5f44,,UNVERIFIED
EP-10,Gathering for the Space Race,00:14:27,867,850168,https://animehistory.org/uploads/screencaps/outlaw-star-E010-Gathering-for-the-Space-Race/cap_00-14-27_2462.jpg,Outlaw Star Ep 10: Gathering for the Space Race @ 00:14:27,https://animehistory.org/gallery/screencaps/outlaw-star/episode-10/,https://animehistory.org/gallery/screencaps/outlaw-star/episode-10/?page=3,3,2026-10-07T01:49:21.506691+00:00,07343495015f2f2c2a6c04b3e5260799687d7516653da65b4c5e9d2002bd5f44,,UNVERIFIED
EP-10,Gathering for the Space Race,00:14:30,870,850169,https://animehistory.org/uploads/screencaps/outlaw-star-E010-Gathering-for-the-Space-Race/cap_00-14-30_034f.jpg,Outlaw Star Ep 10: Gathering for the Space Race @ 00:14:30,https://animehistory.org/gallery/screencaps/outlaw-star/episode-10/,https://animehistory.org/gallery/screencaps/outlaw-star/episode-10/?page=3,3,2026-10-07T01:49:21.506691+00:00,07343495015f2f2c2a6c04b3e5260799687d7516653da65b4c5e9d2002bd5f44,,UNVERIFIED
EP-10,Gathering for the Space Race,00:14:34,874,850170,https://animehistory.org/uploads/screencaps/outlaw-star-E010-Gathering-for-the-Space-Race/cap_00-14-34_274c.jpg,Outlaw Star Ep 10: Gathering for the Space Race @ 00:14:34,https://animehistory.org/gallery/screencaps/outlaw-star/episode-10/,https://animehistory.org/gallery/screencaps/outlaw-star/episode-10/?page=3,3,2026-10-07T01:49:21.506691+00:00,07343495015f2f2c2a6c04b3e5260799687d7516653da65b4c5e9d2002bd5f44,,UNVERIFIED
EP-10,Gathering for the Space Race,00:14:38,878,850171,https://animehistory.org/uploads/screencaps/outlaw-star-E010-Gathering-for-the-Space-Race/cap_00-14-38_1d5b.jpg,Outlaw Star Ep 10: Gathering for the Space Race @ 00:14:38,https://animehistory.org/gallery/screencaps/outlaw-star/episode-10/,https://animehistory.org/gallery/screencaps/outlaw-star/episode-10/?page=3,3,2026-10-07T01:49:21.506691+00:00,07343495015f2f2c2a6c04b3e5260799687d7516653da65b4c5e9d2002bd5f44,,UNVERIFIED
EP-10,Gathering for the Space Race,00:14:41,881,850172,https://animehistory.org/uploads/screencaps/outlaw-star-E010-Gathering-for-the-Space-Race/cap_00-14-41_2e5a.jpg,Outlaw Star Ep 10: Gathering for the Space Race @ 00:14:41,https://animehistory.org/gallery/screencaps/outlaw-star/episode-10/,https://animehistory.org/gallery/screencaps/outlaw-star/episode-10/?page=3,3,2026-10-07T01:49:21.506691+00:00,07343495015f2f2c2a6c04b3e5260799687d7516653da65b4c5e9d2002bd5f44,,UNVERIFIED
EP-10,Gathering for the Space Race,00:14:45,885,850173,https://animehistory.org/uploads/screencaps/outlaw-star-E010-Gathering-for-the-Space-Race/cap_00-14-45_0e96.jpg,Outlaw Star Ep 10: Gathering for the Space Race @ 00:14:45,https://animehistory.org/gallery/screencaps/outlaw-star/episode-10/,https://animehistory.org/gallery/screencaps/outlaw-star/episode-10/?page=3,3,2026-10-07T01:49:21.506691+00:00,07343495015f2f2c2a6c04b3e5260799687d7516653da65b4c5e9d2002bd5f44,,UNVERIFIED
EP-10,Gathering for the Space Race,00:14:49,889,850174,https://animehistory.org/uploads/screencaps/outlaw-star-E010-Gathering-for-the-Space-Race/cap_00-14-49_4dde.jpg,Outlaw Star Ep 10: Gathering for the Space Race @ 00:14:49,https://animehistory.org/gallery/screencaps/outlaw-star/episode-10/,https://animehistory.org/gallery/screencaps/outlaw-star/episode-10/?page=3,3,2026-10-07T01:49:21.506691+00:00,07343495015f2f2c2a6c04b3e5260799687d7516653da65b4c5e9d2002bd5f44,,UNVERIFIED
EP-10,Gathering for the Space Race,00:14:52,892,850175,https://animehistory.org/uploads/screencaps/outlaw-star-E010-Gathering-for-the-Space-Race/cap_00-14-52_0249.jpg,Outlaw Star Ep 10: Gathering for the Space Race @ 00:14:52,https://animehistory.org/gallery/screencaps/outlaw-star/episode-10/,https://animehistory.org/gallery/screencaps/outlaw-star/episode-10/?page=3,3,2026-10-07T01:49:21.506691+00:00,07343495015f2f2c2a6c04b3e5260799687d7516653da65b4c5e9d2002bd5f44,,UNVERIFIED
EP-10,Gathering for the Space Race,00:14:56,896,850176,https://animehistory.org/uploads/screencaps/outlaw-star-E010-Gathering-for-the-Space-Race/cap_00-14-56_22bf.jpg,Outlaw Star Ep 10: Gathering for the Space Race @ 00:14:56,https://animehistory.org/gallery/screencaps/outlaw-star/episode-10/,https://animehistory.org/gallery/screencaps/outlaw-star/episode-10/?page=3,3,2026-10-07T01:49:21.506691+00:00,07343495015f2f2c2a6c04b3e5260799687d7516653da65b4c5e9d2002bd5f44,,UNVERIFIED
EP-10,Gathering for the Space Race,00:15:00,900,850177,https://animehistory.org/uploads/screencaps/outlaw-star-E010-Gathering-for-the-Space-Race/cap_00-15-00_0d8b.jpg,Outlaw Star Ep 10: Gathering for the Space Race @ 00:15:00,https://animehistory.org/gallery/screencaps/outlaw-star/episode-10/,https://animehistory.org/gallery/screencaps/outlaw-star/episode-10/?page=3,3,2026-10-07T01:49:21.506691+00:00,07343495015f2f2c2a6c04b3e5260799687d7516653da65b4c5e9d2002bd5f44,,UNVERIFIED
EP-10,Gathering for the Space Race,00:15:03,903,850178,https://animehistory.org/uploads/screencaps/outlaw-star-E010-Gathering-for-the-Space-Race/cap_00-15-03_3c62.jpg,Outlaw Star Ep 10: Gathering for the Space Race @ 00:15:03,https://animehistory.org/gallery/screencaps/outlaw-star/episode-10/,https://animehistory.org/gallery/screencaps/outlaw-star/episode-10/?page=3,3,2026-10-07T01:49:21.506691+00:00,07343495015f2f2c2a6c04b3e5260799687d7516653da65b4c5e9d2002bd5f44,,UNVERIFIED
EP-10,Gathering for the Space Race,00:15:07,907,850179,https://animehistory.org/uploads/screencaps/outlaw-star-E010-Gathering-for-the-Space-Race/cap_00-15-07_2cd1.jpg,Outlaw Star Ep 10: Gathering for the Space Race @ 00:15:07,https://animehistory.org/gallery/screencaps/outlaw-star/episode-10/,https://animehistory.org/gallery/screencaps/outlaw-star/episode-10/?page=3,3,2026-10-07T01:49:21.506691+00:00,07343495015f2f2c2a6c04b3e5260799687d7516653da65b4c5e9d2002bd5f44,,UNVERIFIED
EP-10,Gathering for the Space Race,00:15:11,911,850180,https://animehistory.org/uploads/screencaps/outlaw-star-E010-Gathering-for-the-Space-Race/cap_00-15-11_1d3d.jpg,Outlaw Star Ep 10: Gathering for the Space Race @ 00:15:11,https://animehistory.org/gallery/screencaps/outlaw-star/episode-10/,https://animehistory.org/gallery/screencaps/outlaw-star/episode-10/?page=3,3,2026-10-07T01:49:21.506691+00:00,07343495015f2f2c2a6c04b3e5260799687d7516653da65b4c5e9d2002bd5f44,,UNVERIFIED
EP-10,Gathering for the Space Race,00:15:14,914,850181,https://animehistory.org/uploads/screencaps/outlaw-star-E010-Gathering-for-the-Space-Race/cap_00-15-14_2330.jpg,Outlaw Star Ep 10: Gathering for the Space Race @ 00:15:14,https://animehistory.org/gallery/screencaps/outlaw-star/episode-10/,https://animehistory.org/gallery/screencaps/outlaw-star/episode-10/?page=3,3,2026-10-07T01:49:21.506691+00:00,07343495015f2f2c2a6c04b3e5260799687d7516653da65b4c5e9d2002bd5f44,,UNVERIFIED
EP-10,Gathering for the Space Race,00:15:18,918,850182,https://animehistory.org/uploads/screencaps/outlaw-star-E010-Gathering-for-the-Space-Race/cap_00-15-18_6770.jpg,Outlaw Star Ep 10: Gathering for the Space Race @ 00:15:18,https://animehistory.org/gallery/screencaps/outlaw-star/episode-10/,https://animehistory.org/gallery/screencaps/outlaw-star/episode-10/?page=3,3,2026-10-07T01:49:21.506691+00:00,07343495015f2f2c2a6c04b3e5260799687d7516653da65b4c5e9d2002bd5f44,,UNVERIFIED
EP-10,Gathering for the Space Race,00:15:22,922,850183,https://animehistory.org/uploads/screencaps/outlaw-star-E010-Gathering-for-the-Space-Race/cap_00-15-22_3be6.jpg,Outlaw Star Ep 10: Gathering for the Space Race @ 00:15:22,https://animehistory.org/gallery/screencaps/outlaw-star/episode-10/,https://animehistory.org/gallery/screencaps/outlaw-star/episode-10/?page=3,3,2026-10-07T01:49:21.506691+00:00,07343495015f2f2c2a6c04b3e5260799687d7516653da65b4c5e9d2002bd5f44,,UNVERIFIED
EP-10,Gathering for the Space Race,00:15:25,925,850184,https://animehistory.org/uploads/screencaps/outlaw-star-E010-Gathering-for-the-Space-Race/cap_00-15-25_04ec.jpg,Outlaw Star Ep 10: Gathering for the Space Race @ 00:15:25,https://animehistory.org/gallery/screencaps/outlaw-star/episode-10/,https://animehistory.org/gallery/screencaps/outlaw-star/episode-10/?page=3,3,2026-10-07T01:49:21.506691+00:00,07343495015f2f2c2a6c04b3e5260799687d7516653da65b4c5e9d2002bd5f44,,UNVERIFIED
EP-10,Gathering for the Space Race,00:15:29,929,850185,https://animehistory.org/uploads/screencaps/outlaw-star-E010-Gathering-for-the-Space-Race/cap_00-15-29_6ed5.jpg,Outlaw Star Ep 10: Gathering for the Space Race @ 00:15:29,https://animehistory.org/gallery/screencaps/outlaw-star/episode-10/,https://animehistory.org/gallery/screencaps/outlaw-star/episode-10/?page=3,3,2026-10-07T01:49:21.506691+00:00,07343495015f2f2c2a6c04b3e5260799687d7516653da65b4c5e9d2002bd5f44,,UNVERIFIED
EP-10,Gathering for the Space Race,00:15:33,933,850186,https://animehistory.org/uploads/screencaps/outlaw-star-E010-Gathering-for-the-Space-Race/cap_00-15-33_2939.jpg,Outlaw Star Ep 10: Gathering for the Space Race @ 00:15:33,https://animehistory.org/gallery/screencaps/outlaw-star/episode-10/,https://animehistory.org/gallery/screencaps/outlaw-star/episode-10/?page=3,3,2026-10-07T01:49:21.506691+00:00,07343495015f2f2c2a6c04b3e5260799687d7516653da65b4c5e9d2002bd5f44,,UNVERIFIED
EP-10,Gathering for the Space Race,00:15:36,936,850187,https://animehistory.org/uploads/screencaps/outlaw-star-E010-Gathering-for-the-Space-Race/cap_00-15-36_00ef.jpg,Outlaw Star Ep 10: Gathering for the Space Race @ 00:15:36,https://animehistory.org/gallery/screencaps/outlaw-star/episode-10/,https://animehistory.org/gallery/screencaps/outlaw-star/episode-10/?page=3,3,2026-10-07T01:49:21.506691+00:00,07343495015f2f2c2a6c04b3e5260799687d7516653da65b4c5e9d2002bd5f44,,UNVERIFIED
EP-10,Gathering for the Space Race,00:15:40,940,850188,https://animehistory.org/uploads/screencaps/outlaw-star-E010-Gathering-for-the-Space-Race/cap_00-15-40_1caa.jpg,Outlaw Star Ep 10: Gathering for the Space Race @ 00:15:40,https://animehistory.org/gallery/screencaps/outlaw-star/episode-10/,https://animehistory.org/gallery/screencaps/outlaw-star/episode-10/?page=3,3,2026-10-07T01:49:21.506691+00:00,07343495015f2f2c2a6c04b3e5260799687d7516653da65b4c5e9d2002bd5f44,,UNVERIFIED
EP-10,Gathering for the Space Race,00:15:43,943,850189,https://animehistory.org/uploads/screencaps/outlaw-star-E010-Gathering-for-the-Space-Race/cap_00-15-43_24ca.jpg,Outlaw Star Ep 10: Gathering for the Space Race @ 00:15:43,https://animehistory.org/gallery/screencaps/outlaw-star/episode-10/,https://animehistory.org/gallery/screencaps/outlaw-star/episode-10/?page=3,3,2026-10-07T01:49:21.506691+00:00,07343495015f2f2c2a6c04b3e5260799687d7516653da65b4c5e9d2002bd5f44,,UNVERIFIED
EP-10,Gathering for the Space Race,00:15:47,947,850190,https://animehistory.org/uploads/screencaps/outlaw-star-E010-Gathering-for-the-Space-Race/cap_00-15-47_56de.jpg,Outlaw Star Ep 10: Gathering for the Space Race @ 00:15:47,https://animehistory.org/gallery/screencaps/outlaw-star/episode-10/,https://animehistory.org/gallery/screencaps/outlaw-star/episode-10/?page=3,3,2026-10-07T01:49:21.506691+00:00,07343495015f2f2c2a6c04b3e5260799687d7516653da65b4c5e9d2002bd5f44,,UNVERIFIED
EP-10,Gathering for the Space Race,00:15:51,951,850191,https://animehistory.org/uploads/screencaps/outlaw-star-E010-Gathering-for-the-Space-Race/cap_00-15-51_37cc.jpg,Outlaw Star Ep 10: Gathering for the Space Race @ 00:15:51,https://animehistory.org/gallery/screencaps/outlaw-star/episode-10/,https://animehistory.org/gallery/screencaps/outlaw-star/episode-10/?page=3,3,2026-10-07T01:49:21.506691+00:00,07343495015f2f2c2a6c04b3e5260799687d7516653da65b4c5e9d2002bd5f44,,UNVERIFIED
EP-10,Gathering for the Space Race,00:15:54,954,850192,https://animehistory.org/uploads/screencaps/outlaw-star-E010-Gathering-for-the-Space-Race/cap_00-15-54_3a3c.jpg,Outlaw Star Ep 10: Gathering for the Space Race @ 00:15:54,https://animehistory.org/gallery/screencaps/outlaw-star/episode-10/,https://animehistory.org/gallery/screencaps/outlaw-star/episode-10/?page=3,3,2026-10-07T01:49:21.506691+00:00,07343495015f2f2c2a6c04b3e5260799687d7516653da65b4c5e9d2002bd5f44,,UNVERIFIED
EP-10,Gathering for the Space Race,00:15:58,958,850193,https://animehistory.org/uploads/screencaps/outlaw-star-E010-Gathering-for-the-Space-Race/cap_00-15-58_20fc.jpg,Outlaw Star Ep 10: Gathering for the Space Race @ 00:15:58,https://animehistory.org/gallery/screencaps/outlaw-star/episode-10/,https://animehistory.org/gallery/screencaps/outlaw-star/episode-10/?page=3,3,2026-10-07T01:49:21.506691+00:00,07343495015f2f2c2a6c04b3e5260799687d7516653da65b4c5e9d2002bd5f44,,UNVERIFIED
EP-10,Gathering for the Space Race,00:16:02,962,850194,https://animehistory.org/uploads/screencaps/outlaw-star-E010-Gathering-for-the-Space-Race/cap_00-16-02_3e91.jpg,Outlaw Star Ep 10: Gathering for the Space Race @ 00:16:02,https://animehistory.org/gallery/screencaps/outlaw-star/episode-10/,https://animehistory.org/gallery/screencaps/outlaw-star/episode-10/?page=3,3,2026-10-07T01:49:21.506691+00:00,07343495015f2f2c2a6c04b3e5260799687d7516653da65b4c5e9d2002bd5f44,,UNVERIFIED
EP-10,Gathering for the Space Race,00:16:05,965,850195,https://animehistory.org/uploads/screencaps/outlaw-star-E010-Gathering-for-the-Space-Race/cap_00-16-05_438e.jpg,Outlaw Star Ep 10: Gathering for the Space Race @ 00:16:05,https://animehistory.org/gallery/screencaps/outlaw-star/episode-10/,https://animehistory.org/gallery/screencaps/outlaw-star/episode-10/?page=3,3,2026-10-07T01:49:21.506691+00:00,07343495015f2f2c2a6c04b3e5260799687d7516653da65b4c5e9d2002bd5f44,,UNVERIFIED
EP-10,Gathering for the Space Race,00:16:09,969,850196,https://animehistory.org/uploads/screencaps/outlaw-star-E010-Gathering-for-the-Space-Race/cap_00-16-09_28be.jpg,Outlaw Star Ep 10: Gathering for the Space Race @ 00:16:09,https://animehistory.org/gallery/screencaps/outlaw-star/episode-10/,https://animehistory.org/gallery/screencaps/outlaw-star/episode-10/?page=3,3,2026-10-07T01:49:21.506691+00:00,07343495015f2f2c2a6c04b3e5260799687d7516653da65b4c5e9d2002bd5f44,,UNVERIFIED
EP-10,Gathering for the Space Race,00:16:13,973,850197,https://animehistory.org/uploads/screencaps/outlaw-star-E010-Gathering-for-the-Space-Race/cap_00-16-13_1dec.jpg,Outlaw Star Ep 10: Gathering for the Space Race @ 00:16:13,https://animehistory.org/gallery/screencaps/outlaw-star/episode-10/,https://animehistory.org/gallery/screencaps/outlaw-star/episode-10/?page=3,3,2026-10-07T01:49:21.506691+00:00,07343495015f2f2c2a6c04b3e5260799687d7516653da65b4c5e9d2002bd5f44,,UNVERIFIED
EP-10,Gathering for the Space Race,00:16:16,976,850198,https://animehistory.org/uploads/screencaps/outlaw-star-E010-Gathering-for-the-Space-Race/cap_00-16-16_78eb.jpg,Outlaw Star Ep 10: Gathering for the Space Race @ 00:16:16,https://animehistory.org/gallery/screencaps/outlaw-star/episode-10/,https://animehistory.org/gallery/screencaps/outlaw-star/episode-10/?page=3,3,2026-10-07T01:49:21.506691+00:00,07343495015f2f2c2a6c04b3e5260799687d7516653da65b4c5e9d2002bd5f44,,UNVERIFIED
EP-10,Gathering for the Space Race,00:16:20,980,850199,https://animehistory.org/uploads/screencaps/outlaw-star-E010-Gathering-for-the-Space-Race/cap_00-16-20_5bfc.jpg,Outlaw Star Ep 10: Gathering for the Space Race @ 00:16:20,https://animehistory.org/gallery/screencaps/outlaw-star/episode-10/,https://animehistory.org/gallery/screencaps/outlaw-star/episode-10/?page=3,3,2026-10-07T01:49:21.506691+00:00,07343495015f2f2c2a6c04b3e5260799687d7516653da65b4c5e9d2002bd5f44,,UNVERIFIED
EP-10,Gathering for the Space Race,00:16:24,984,850200,https://animehistory.org/uploads/screencaps/outlaw-star-E010-Gathering-for-the-Space-Race/cap_00-16-24_0b28.jpg,Outlaw Star Ep 10: Gathering for the Space Race @ 00:16:24,https://animehistory.org/gallery/screencaps/outlaw-star/episode-10/,https://animehistory.org/gallery/screencaps/outlaw-star/episode-10/?page=3,3,2026-10-07T01:49:21.506691+00:00,07343495015f2f2c2a6c04b3e5260799687d7516653da65b4c5e9d2002bd5f44,,UNVERIFIED
EP-10,Gathering for the Space Race,00:16:27,987,850201,https://animehistory.org/uploads/screencaps/outlaw-star-E010-Gathering-for-the-Space-Race/cap_00-16-27_5b82.jpg,Outlaw Star Ep 10: Gathering for the Space Race @ 00:16:27,https://animehistory.org/gallery/screencaps/outlaw-star/episode-10/,https://animehistory.org/gallery/screencaps/outlaw-star/episode-10/?page=3,3,2026-10-07T01:49:21.506691+00:00,07343495015f2f2c2a6c04b3e5260799687d7516653da65b4c5e9d2002bd5f44,,UNVERIFIED
EP-10,Gathering for the Space Race,00:16:31,991,850202,https://animehistory.org/uploads/screencaps/outlaw-star-E010-Gathering-for-the-Space-Race/cap_00-16-31_4e74.jpg,Outlaw Star Ep 10: Gathering for the Space Race @ 00:16:31,https://animehistory.org/gallery/screencaps/outlaw-star/episode-10/,https://animehistory.org/gallery/screencaps/outlaw-star/episode-10/?page=3,3,2026-10-07T01:49:21.506691+00:00,07343495015f2f2c2a6c04b3e5260799687d7516653da65b4c5e9d2002bd5f44,,UNVERIFIED
EP-10,Gathering for the Space Race,00:16:35,995,850203,https://animehistory.org/uploads/screencaps/outlaw-star-E010-Gathering-for-the-Space-Race/cap_00-16-35_4dcc.jpg,Outlaw Star Ep 10: Gathering for the Space Race @ 00:16:35,https://animehistory.org/gallery/screencaps/outlaw-star/episode-10/,https://animehistory.org/gallery/screencaps/outlaw-star/episode-10/?page=3,3,2026-10-07T01:49:21.506691+00:00,07343495015f2f2c2a6c04b3e5260799687d7516653da65b4c5e9d2002bd5f44,,UNVERIFIED
EP-10,Gathering for the Space Race,00:16:38,998,850204,https://animehistory.org/uploads/screencaps/outlaw-star-E010-Gathering-for-the-Space-Race/cap_00-16-38_6660.jpg,Outlaw Star Ep 10: Gathering for the Space Race @ 00:16:38,https://animehistory.org/gallery/screencaps/outlaw-star/episode-10/,https://animehistory.org/gallery/screencaps/outlaw-star/episode-10/?page=3,3,2026-10-07T01:49:21.506691+00:00,07343495015f2f2c2a6c04b3e5260799687d7516653da65b4c5e9d2002bd5f44,,UNVERIFIED
EP-10,Gathering for the Space Race,00:16:42,1002,850205,https://animehistory.org/uploads/screencaps/outlaw-star-E010-Gathering-for-the-Space-Race/cap_00-16-42_3870.jpg,Outlaw Star Ep 10: Gathering for the Space Race @ 00:16:42,https://animehistory.org/gallery/screencaps/outlaw-star/episode-10/,https://animehistory.org/gallery/screencaps/outlaw-star/episode-10/?page=3,3,2026-10-07T01:49:21.506691+00:00,07343495015f2f2c2a6c04b3e5260799687d7516653da65b4c5e9d2002bd5f44,,UNVERIFIED
EP-10,Gathering for the Space Race,00:16:46,1006,850206,https://animehistory.org/uploads/screencaps/outlaw-star-E010-Gathering-for-the-Space-Race/cap_00-16-46_2b42.jpg,Outlaw Star Ep 10: Gathering for the Space Race @ 00:16:46,https://animehistory.org/gallery/screencaps/outlaw-star/episode-10/,https://animehistory.org/gallery/screencaps/outlaw-star/episode-10/?page=3,3,2026-10-07T01:49:21.506691+00:00,07343495015f2f2c2a6c04b3e5260799687d7516653da65b4c5e9d2002bd5f44,,UNVERIFIED
EP-10,Gathering for the Space Race,00:16:49,1009,850207,https://animehistory.org/uploads/screencaps/outlaw-star-E010-Gathering-for-the-Space-Race/cap_00-16-49_6a0d.jpg,Outlaw Star Ep 10: Gathering for the Space Race @ 00:16:49,https://animehistory.org/gallery/screencaps/outlaw-star/episode-10/,https://animehistory.org/gallery/screencaps/outlaw-star/episode-10/?page=3,3,2026-10-07T01:49:21.506691+00:00,07343495015f2f2c2a6c04b3e5260799687d7516653da65b4c5e9d2002bd5f44,,UNVERIFIED
EP-10,Gathering for the Space Race,00:16:53,1013,850208,https://animehistory.org/uploads/screencaps/outlaw-star-E010-Gathering-for-the-Space-Race/cap_00-16-53_3172.jpg,Outlaw Star Ep 10: Gathering for the Space Race @ 00:16:53,https://animehistory.org/gallery/screencaps/outlaw-star/episode-10/,https://animehistory.org/gallery/screencaps/outlaw-star/episode-10/?page=3,3,2026-10-07T01:49:21.506691+00:00,07343495015f2f2c2a6c04b3e5260799687d7516653da65b4c5e9d2002bd5f44,,UNVERIFIED
EP-10,Gathering for the Space Race,00:16:57,1017,850209,https://animehistory.org/uploads/screencaps/outlaw-star-E010-Gathering-for-the-Space-Race/cap_00-16-57_1706.jpg,Outlaw Star Ep 10: Gathering for the Space Race @ 00:16:57,https://animehistory.org/gallery/screencaps/outlaw-star/episode-10/,https://animehistory.org/gallery/screencaps/outlaw-star/episode-10/?page=3,3,2026-10-07T01:49:21.506691+00:00,07343495015f2f2c2a6c04b3e5260799687d7516653da65b4c5e9d2002bd5f44,,UNVERIFIED
EP-10,Gathering for the Space Race,00:17:00,1020,850210,https://animehistory.org/uploads/screencaps/outlaw-star-E010-Gathering-for-the-Space-Race/cap_00-17-00_74f0.jpg,Outlaw Star Ep 10: Gathering for the Space Race @ 00:17:00,https://animehistory.org/gallery/screencaps/outlaw-star/episode-10/,https://animehistory.org/gallery/screencaps/outlaw-star/episode-10/?page=3,3,2026-10-07T01:49:21.506691+00:00,07343495015f2f2c2a6c04b3e5260799687d7516653da65b4c5e9d2002bd5f44,,UNVERIFIED
EP-10,Gathering for the Space Race,00:17:04,1024,850211,https://animehistory.org/uploads/screencaps/outlaw-star-E010-Gathering-for-the-Space-Race/cap_00-17-04_3132.jpg,Outlaw Star Ep 10: Gathering for the Space Race @ 00:17:04,https://animehistory.org/gallery/screencaps/outlaw-star/episode-10/,https://animehistory.org/gallery/screencaps/outlaw-star/episode-10/?page=3,3,2026-10-07T01:49:21.506691+00:00,07343495015f2f2c2a6c04b3e5260799687d7516653da65b4c5e9d2002bd5f44,,UNVERIFIED
EP-10,Gathering for the Space Race,00:17:07,1027,850212,https://animehistory.org/uploads/screencaps/outlaw-star-E010-Gathering-for-the-Space-Race/cap_00-17-07_7c7c.jpg,Outlaw Star Ep 10: Gathering for the Space Race @ 00:17:07,https://animehistory.org/gallery/screencaps/outlaw-star/episode-10/,https://animehistory.org/gallery/screencaps/outlaw-star/episode-10/?page=3,3,2026-10-07T01:49:21.506691+00:00,07343495015f2f2c2a6c04b3e5260799687d7516653da65b4c5e9d2002bd5f44,,UNVERIFIED
EP-10,Gathering for the Space Race,00:17:11,1031,850213,https://animehistory.org/uploads/screencaps/outlaw-star-E010-Gathering-for-the-Space-Race/cap_00-17-11_6cb9.jpg,Outlaw Star Ep 10: Gathering for the Space Race @ 00:17:11,https://animehistory.org/gallery/screencaps/outlaw-star/episode-10/,https://animehistory.org/gallery/screencaps/outlaw-star/episode-10/?page=3,3,2026-10-07T01:49:21.506691+00:00,07343495015f2f2c2a6c04b3e5260799687d7516653da65b4c5e9d2002bd5f44,,UNVERIFIED
EP-10,Gathering for the Space Race,00:17:15,1035,850214,https://animehistory.org/uploads/screencaps/outlaw-star-E010-Gathering-for-the-Space-Race/cap_00-17-15_63aa.jpg,Outlaw Star Ep 10: Gathering for the Space Race @ 00:17:15,https://animehistory.org/gallery/screencaps/outlaw-star/episode-10/,https://animehistory.org/gallery/screencaps/outlaw-star/episode-10/?page=3,3,2026-10-07T01:49:21.506691+00:00,07343495015f2f2c2a6c04b3e5260799687d7516653da65b4c5e9d2002bd5f44,,UNVERIFIED
EP-10,Gathering for the Space Race,00:17:18,1038,850215,https://animehistory.org/uploads/screencaps/outlaw-star-E010-Gathering-for-the-Space-Race/cap_00-17-18_4be4.jpg,Outlaw Star Ep 10: Gathering for the Space Race @ 00:17:18,https://animehistory.org/gallery/screencaps/outlaw-star/episode-10/,https://animehistory.org/gallery/screencaps/outlaw-star/episode-10/?page=3,3,2026-10-07T01:49:21.506691+00:00,07343495015f2f2c2a6c04b3e5260799687d7516653da65b4c5e9d2002bd5f44,,UNVERIFIED
EP-10,Gathering for the Space Race,00:17:22,1042,850216,https://animehistory.org/uploads/screencaps/outlaw-star-E010-Gathering-for-the-Space-Race/cap_00-17-22_6200.jpg,Outlaw Star Ep 10: Gathering for the Space Race @ 00:17:22,https://animehistory.org/gallery/screencaps/outlaw-star/episode-10/,https://animehistory.org/gallery/screencaps/outlaw-star/episode-10/?page=3,3,2026-10-07T01:49:21.506691+00:00,07343495015f2f2c2a6c04b3e5260799687d7516653da65b4c5e9d2002bd5f44,,UNVERIFIED
EP-10,Gathering for the Space Race,00:17:26,1046,850217,https://animehistory.org/uploads/screencaps/outlaw-star-E010-Gathering-for-the-Space-Race/cap_00-17-26_0de1.jpg,Outlaw Star Ep 10: Gathering for the Space Race @ 00:17:26,https://animehistory.org/gallery/screencaps/outlaw-star/episode-10/,https://animehistory.org/gallery/screencaps/outlaw-star/episode-10/?page=3,3,2026-10-07T01:49:21.506691+00:00,07343495015f2f2c2a6c04b3e5260799687d7516653da65b4c5e9d2002bd5f44,,UNVERIFIED
EP-10,Gathering for the Space Race,00:17:29,1049,850218,https://animehistory.org/uploads/screencaps/outlaw-star-E010-Gathering-for-the-Space-Race/cap_00-17-29_3279.jpg,Outlaw Star Ep 10: Gathering for the Space Race @ 00:17:29,https://animehistory.org/gallery/screencaps/outlaw-star/episode-10/,https://animehistory.org/gallery/screencaps/outlaw-star/episode-10/?page=3,3,2026-10-07T01:49:21.506691+00:00,07343495015f2f2c2a6c04b3e5260799687d7516653da65b4c5e9d2002bd5f44,,UNVERIFIED
EP-10,Gathering for the Space Race,00:17:33,1053,850219,https://animehistory.org/uploads/screencaps/outlaw-star-E010-Gathering-for-the-Space-Race/cap_00-17-33_69a4.jpg,Outlaw Star Ep 10: Gathering for the Space Race @ 00:17:33,https://animehistory.org/gallery/screencaps/outlaw-star/episode-10/,https://animehistory.org/gallery/screencaps/outlaw-star/episode-10/?page=3,3,2026-10-07T01:49:21.506691+00:00,07343495015f2f2c2a6c04b3e5260799687d7516653da65b4c5e9d2002bd5f44,,UNVERIFIED
EP-10,Gathering for the Space Race,00:17:37,1057,850220,https://animehistory.org/uploads/screencaps/outlaw-star-E010-Gathering-for-the-Space-Race/cap_00-17-37_7d86.jpg,Outlaw Star Ep 10: Gathering for the Space Race @ 00:17:37,https://animehistory.org/gallery/screencaps/outlaw-star/episode-10/,https://animehistory.org/gallery/screencaps/outlaw-star/episode-10/?page=3,3,2026-10-07T01:49:21.506691+00:00,07343495015f2f2c2a6c04b3e5260799687d7516653da65b4c5e9d2002bd5f44,,UNVERIFIED
EP-10,Gathering for the Space Race,00:17:40,1060,850221,https://animehistory.org/uploads/screencaps/outlaw-star-E010-Gathering-for-the-Space-Race/cap_00-17-40_6e81.jpg,Outlaw Star Ep 10: Gathering for the Space Race @ 00:17:40,https://animehistory.org/gallery/screencaps/outlaw-star/episode-10/,https://animehistory.org/gallery/screencaps/outlaw-star/episode-10/?page=3,3,2026-10-07T01:49:21.506691+00:00,07343495015f2f2c2a6c04b3e5260799687d7516653da65b4c5e9d2002bd5f44,,UNVERIFIED
EP-10,Gathering for the Space Race,00:17:44,1064,850222,https://animehistory.org/uploads/screencaps/outlaw-star-E010-Gathering-for-the-Space-Race/cap_00-17-44_0718.jpg,Outlaw Star Ep 10: Gathering for the Space Race @ 00:17:44,https://animehistory.org/gallery/screencaps/outlaw-star/episode-10/,https://animehistory.org/gallery/screencaps/outlaw-star/episode-10/?page=3,3,2026-10-07T01:49:21.506691+00:00,07343495015f2f2c2a6c04b3e5260799687d7516653da65b4c5e9d2002bd5f44,,UNVERIFIED
EP-10,Gathering for the Space Race,00:17:48,1068,850223,https://animehistory.org/uploads/screencaps/outlaw-star-E010-Gathering-for-the-Space-Race/cap_00-17-48_1c0f.jpg,Outlaw Star Ep 10: Gathering for the Space Race @ 00:17:48,https://animehistory.org/gallery/screencaps/outlaw-star/episode-10/,https://animehistory.org/gallery/screencaps/outlaw-star/episode-10/?page=3,3,2026-10-07T01:49:21.506691+00:00,07343495015f2f2c2a6c04b3e5260799687d7516653da65b4c5e9d2002bd5f44,,UNVERIFIED
EP-10,Gathering for the Space Race,00:17:51,1071,850224,https://animehistory.org/uploads/screencaps/outlaw-star-E010-Gathering-for-the-Space-Race/cap_00-17-51_48d6.jpg,Outlaw Star Ep 10: Gathering for the Space Race @ 00:17:51,https://animehistory.org/gallery/screencaps/outlaw-star/episode-10/,https://animehistory.org/gallery/screencaps/outlaw-star/episode-10/?page=3,3,2026-10-07T01:49:21.506691+00:00,07343495015f2f2c2a6c04b3e5260799687d7516653da65b4c5e9d2002bd5f44,,UNVERIFIED
EP-10,Gathering for the Space Race,00:17:55,1075,850225,https://animehistory.org/uploads/screencaps/outlaw-star-E010-Gathering-for-the-Space-Race/cap_00-17-55_7595.jpg,Outlaw Star Ep 10: Gathering for the Space Race @ 00:17:55,https://animehistory.org/gallery/screencaps/outlaw-star/episode-10/,https://animehistory.org/gallery/screencaps/outlaw-star/episode-10/?page=3,3,2026-10-07T01:49:21.506691+00:00,07343495015f2f2c2a6c04b3e5260799687d7516653da65b4c5e9d2002bd5f44,,UNVERIFIED
EP-10,Gathering for the Space Race,00:17:59,1079,850226,https://animehistory.org/uploads/screencaps/outlaw-star-E010-Gathering-for-the-Space-Race/cap_00-17-59_5c5f.jpg,Outlaw Star Ep 10: Gathering for the Space Race @ 00:17:59,https://animehistory.org/gallery/screencaps/outlaw-star/episode-10/,https://animehistory.org/gallery/screencaps/outlaw-star/episode-10/?page=3,3,2026-10-07T01:49:21.506691+00:00,07343495015f2f2c2a6c04b3e5260799687d7516653da65b4c5e9d2002bd5f44,,UNVERIFIED
EP-10,Gathering for the Space Race,00:18:02,1082,850227,https://animehistory.org/uploads/screencaps/outlaw-star-E010-Gathering-for-the-Space-Race/cap_00-18-02_49e8.jpg,Outlaw Star Ep 10: Gathering for the Space Race @ 00:18:02,https://animehistory.org/gallery/screencaps/outlaw-star/episode-10/,https://animehistory.org/gallery/screencaps/outlaw-star/episode-10/?page=3,3,2026-10-07T01:49:21.506691+00:00,07343495015f2f2c2a6c04b3e5260799687d7516653da65b4c5e9d2002bd5f44,,UNVERIFIED
EP-10,Gathering for the Space Race,00:18:06,1086,850228,https://animehistory.org/uploads/screencaps/outlaw-star-E010-Gathering-for-the-Space-Race/cap_00-18-06_4f96.jpg,Outlaw Star Ep 10: Gathering for the Space Race @ 00:18:06,https://animehistory.org/gallery/screencaps/outlaw-star/episode-10/,https://animehistory.org/gallery/screencaps/outlaw-star/episode-10/?page=3,3,2026-10-07T01:49:21.506691+00:00,07343495015f2f2c2a6c04b3e5260799687d7516653da65b4c5e9d2002bd5f44,,UNVERIFIED
EP-10,Gathering for the Space Race,00:18:10,1090,850229,https://animehistory.org/uploads/screencaps/outlaw-star-E010-Gathering-for-the-Space-Race/cap_00-18-10_3b4e.jpg,Outlaw Star Ep 10: Gathering for the Space Race @ 00:18:10,https://animehistory.org/gallery/screencaps/outlaw-star/episode-10/,https://animehistory.org/gallery/screencaps/outlaw-star/episode-10/?page=3,3,2026-10-07T01:49:21.506691+00:00,07343495015f2f2c2a6c04b3e5260799687d7516653da65b4c5e9d2002bd5f44,,UNVERIFIED
EP-10,Gathering for the Space Race,00:18:13,1093,850230,https://animehistory.org/uploads/screencaps/outlaw-star-E010-Gathering-for-the-Space-Race/cap_00-18-13_3e2d.jpg,Outlaw Star Ep 10: Gathering for the Space Race @ 00:18:13,https://animehistory.org/gallery/screencaps/outlaw-star/episode-10/,https://animehistory.org/gallery/screencaps/outlaw-star/episode-10/?page=3,3,2026-10-07T01:49:21.506691+00:00,07343495015f2f2c2a6c04b3e5260799687d7516653da65b4c5e9d2002bd5f44,,UNVERIFIED
EP-10,Gathering for the Space Race,00:18:17,1097,850231,https://animehistory.org/uploads/screencaps/outlaw-star-E010-Gathering-for-the-Space-Race/cap_00-18-17_39f6.jpg,Outlaw Star Ep 10: Gathering for the Space Race @ 00:18:17,https://animehistory.org/gallery/screencaps/outlaw-star/episode-10/,https://animehistory.org/gallery/screencaps/outlaw-star/episode-10/?page=3,3,2026-10-07T01:49:21.506691+00:00,07343495015f2f2c2a6c04b3e5260799687d7516653da65b4c5e9d2002bd5f44,,UNVERIFIED
EP-10,Gathering for the Space Race,00:18:21,1101,850232,https://animehistory.org/uploads/screencaps/outlaw-star-E010-Gathering-for-the-Space-Race/cap_00-18-21_5c42.jpg,Outlaw Star Ep 10: Gathering for the Space Race @ 00:18:21,https://animehistory.org/gallery/screencaps/outlaw-star/episode-10/,https://animehistory.org/gallery/screencaps/outlaw-star/episode-10/?page=3,3,2026-10-07T01:49:21.506691+00:00,07343495015f2f2c2a6c04b3e5260799687d7516653da65b4c5e9d2002bd5f44,,UNVERIFIED
EP-10,Gathering for the Space Race,00:18:24,1104,850233,https://animehistory.org/uploads/screencaps/outlaw-star-E010-Gathering-for-the-Space-Race/cap_00-18-24_0642.jpg,Outlaw Star Ep 10: Gathering for the Space Race @ 00:18:24,https://animehistory.org/gallery/screencaps/outlaw-star/episode-10/,https://animehistory.org/gallery/screencaps/outlaw-star/episode-10/?page=3,3,2026-10-07T01:49:21.506691+00:00,07343495015f2f2c2a6c04b3e5260799687d7516653da65b4c5e9d2002bd5f44,,UNVERIFIED
EP-10,Gathering for the Space Race,00:18:28,1108,850234,https://animehistory.org/uploads/screencaps/outlaw-star-E010-Gathering-for-the-Space-Race/cap_00-18-28_774b.jpg,Outlaw Star Ep 10: Gathering for the Space Race @ 00:18:28,https://animehistory.org/gallery/screencaps/outlaw-star/episode-10/,https://animehistory.org/gallery/screencaps/outlaw-star/episode-10/?page=3,3,2026-10-07T01:49:21.506691+00:00,07343495015f2f2c2a6c04b3e5260799687d7516653da65b4c5e9d2002bd5f44,,UNVERIFIED
EP-10,Gathering for the Space Race,00:18:32,1112,850235,https://animehistory.org/uploads/screencaps/outlaw-star-E010-Gathering-for-the-Space-Race/cap_00-18-32_6af6.jpg,Outlaw Star Ep 10: Gathering for the Space Race @ 00:18:32,https://animehistory.org/gallery/screencaps/outlaw-star/episode-10/,https://animehistory.org/gallery/screencaps/outlaw-star/episode-10/?page=3,3,2026-10-07T01:49:21.506691+00:00,07343495015f2f2c2a6c04b3e5260799687d7516653da65b4c5e9d2002bd5f44,,UNVERIFIED
EP-10,Gathering for the Space Race,00:18:35,1115,850236,https://animehistory.org/uploads/screencaps/outlaw-star-E010-Gathering-for-the-Space-Race/cap_00-18-35_70c5.jpg,Outlaw Star Ep 10: Gathering for the Space Race @ 00:18:35,https://animehistory.org/gallery/screencaps/outlaw-star/episode-10/,https://animehistory.org/gallery/screencaps/outlaw-star/episode-10/?page=3,3,2026-10-07T01:49:21.506691+00:00,07343495015f2f2c2a6c04b3e5260799687d7516653da65b4c5e9d2002bd5f44,,UNVERIFIED
EP-10,Gathering for the Space Race,00:18:39,1119,850237,https://animehistory.org/uploads/screencaps/outlaw-star-E010-Gathering-for-the-Space-Race/cap_00-18-39_01f1.jpg,Outlaw Star Ep 10: Gathering for the Space Race @ 00:18:39,https://animehistory.org/gallery/screencaps/outlaw-star/episode-10/,https://animehistory.org/gallery/screencaps/outlaw-star/episode-10/?page=3,3,2026-10-07T01:49:21.506691+00:00,07343495015f2f2c2a6c04b3e5260799687d7516653da65b4c5e9d2002bd5f44,,UNVERIFIED
EP-10,Gathering for the Space Race,00:18:42,1122,850238,https://animehistory.org/uploads/screencaps/outlaw-star-E010-Gathering-for-the-Space-Race/cap_00-18-42_2c3e.jpg,Outlaw Star Ep 10: Gathering for the Space Race @ 00:18:42,https://animehistory.org/gallery/screencaps/outlaw-star/episode-10/,https://animehistory.org/gallery/screencaps/outlaw-star/episode-10/?page=3,3,2026-10-07T01:49:21.506691+00:00,07343495015f2f2c2a6c04b3e5260799687d7516653da65b4c5e9d2002bd5f44,,UNVERIFIED
EP-10,Gathering for the Space Race,00:18:46,1126,850239,https://animehistory.org/uploads/screencaps/outlaw-star-E010-Gathering-for-the-Space-Race/cap_00-18-46_69f6.jpg,Outlaw Star Ep 10: Gathering for the Space Race @ 00:18:46,https://animehistory.org/gallery/screencaps/outlaw-star/episode-10/,https://animehistory.org/gallery/screencaps/outlaw-star/episode-10/?page=3,3,2026-10-07T01:49:21.506691+00:00,07343495015f2f2c2a6c04b3e5260799687d7516653da65b4c5e9d2002bd5f44,,UNVERIFIED
EP-10,Gathering for the Space Race,00:18:50,1130,850240,https://animehistory.org/uploads/screencaps/outlaw-star-E010-Gathering-for-the-Space-Race/cap_00-18-50_3ff3.jpg,Outlaw Star Ep 10: Gathering for the Space Race @ 00:18:50,https://animehistory.org/gallery/screencaps/outlaw-star/episode-10/,https://animehistory.org/gallery/screencaps/outlaw-star/episode-10/?page=3,3,2026-10-07T01:49:21.506691+00:00,07343495015f2f2c2a6c04b3e5260799687d7516653da65b4c5e9d2002bd5f44,,UNVERIFIED
EP-10,Gathering for the Space Race,00:18:53,1133,850241,https://animehistory.org/uploads/screencaps/outlaw-star-E010-Gathering-for-the-Space-Race/cap_00-18-53_04b7.jpg,Outlaw Star Ep 10: Gathering for the Space Race @ 00:18:53,https://animehistory.org/gallery/screencaps/outlaw-star/episode-10/,https://animehistory.org/gallery/screencaps/outlaw-star/episode-10/?page=3,3,2026-10-07T01:49:21.506691+00:00,07343495015f2f2c2a6c04b3e5260799687d7516653da65b4c5e9d2002bd5f44,,UNVERIFIED
EP-10,Gathering for the Space Race,00:18:57,1137,850242,https://animehistory.org/uploads/screencaps/outlaw-star-E010-Gathering-for-the-Space-Race/cap_00-18-57_08a5.jpg,Outlaw Star Ep 10: Gathering for the Space Race @ 00:18:57,https://animehistory.org/gallery/screencaps/outlaw-star/episode-10/,https://animehistory.org/gallery/screencaps/outlaw-star/episode-10/?page=3,3,2026-10-07T01:49:21.506691+00:00,07343495015f2f2c2a6c04b3e5260799687d7516653da65b4c5e9d2002bd5f44,,UNVERIFIED
EP-10,Gathering for the Space Race,00:19:01,1141,850243,https://animehistory.org/uploads/screencaps/outlaw-star-E010-Gathering-for-the-Space-Race/cap_00-19-01_5475.jpg,Outlaw Star Ep 10: Gathering for the Space Race @ 00:19:01,https://animehistory.org/gallery/screencaps/outlaw-star/episode-10/,https://animehistory.org/gallery/screencaps/outlaw-star/episode-10/?page=3,3,2026-10-07T01:49:21.506691+00:00,07343495015f2f2c2a6c04b3e5260799687d7516653da65b4c5e9d2002bd5f44,,UNVERIFIED
EP-10,Gathering for the Space Race,00:19:04,1144,850244,https://animehistory.org/uploads/screencaps/outlaw-star-E010-Gathering-for-the-Space-Race/cap_00-19-04_7066.jpg,Outlaw Star Ep 10: Gathering for the Space Race @ 00:19:04,https://animehistory.org/gallery/screencaps/outlaw-star/episode-10/,https://animehistory.org/gallery/screencaps/outlaw-star/episode-10/?page=3,3,2026-10-07T01:49:21.506691+00:00,07343495015f2f2c2a6c04b3e5260799687d7516653da65b4c5e9d2002bd5f44,,UNVERIFIED
EP-10,Gathering for the Space Race,00:19:08,1148,850245,https://animehistory.org/uploads/screencaps/outlaw-star-E010-Gathering-for-the-Space-Race/cap_00-19-08_0f03.jpg,Outlaw Star Ep 10: Gathering for the Space Race @ 00:19:08,https://animehistory.org/gallery/screencaps/outlaw-star/episode-10/,https://animehistory.org/gallery/screencaps/outlaw-star/episode-10/?page=3,3,2026-10-07T01:49:21.506691+00:00,07343495015f2f2c2a6c04b3e5260799687d7516653da65b4c5e9d2002bd5f44,,UNVERIFIED
EP-10,Gathering for the Space Race,00:19:12,1152,850246,https://animehistory.org/uploads/screencaps/outlaw-star-E010-Gathering-for-the-Space-Race/cap_00-19-12_57da.jpg,Outlaw Star Ep 10: Gathering for the Space Race @ 00:19:12,https://animehistory.org/gallery/screencaps/outlaw-star/episode-10/,https://animehistory.org/gallery/screencaps/outlaw-star/episode-10/?page=3,3,2026-10-07T01:49:21.506691+00:00,07343495015f2f2c2a6c04b3e5260799687d7516653da65b4c5e9d2002bd5f44,,UNVERIFIED
EP-10,Gathering for the Space Race,00:19:15,1155,850247,https://animehistory.org/uploads/screencaps/outlaw-star-E010-Gathering-for-the-Space-Race/cap_00-19-15_423c.jpg,Outlaw Star Ep 10: Gathering for the Space Race @ 00:19:15,https://animehistory.org/gallery/screencaps/outlaw-star/episode-10/,https://animehistory.org/gallery/screencaps/outlaw-star/episode-10/?page=3,3,2026-10-07T01:49:21.506691+00:00,07343495015f2f2c2a6c04b3e5260799687d7516653da65b4c5e9d2002bd5f44,,UNVERIFIED
EP-10,Gathering for the Space Race,00:19:19,1159,850248,https://animehistory.org/uploads/screencaps/outlaw-star-E010-Gathering-for-the-Space-Race/cap_00-19-19_5e25.jpg,Outlaw Star Ep 10: Gathering for the Space Race @ 00:19:19,https://animehistory.org/gallery/screencaps/outlaw-star/episode-10/,https://animehistory.org/gallery/screencaps/outlaw-star/episode-10/?page=3,3,2026-10-07T01:49:21.506691+00:00,07343495015f2f2c2a6c04b3e5260799687d7516653da65b4c5e9d2002bd5f44,,UNVERIFIED
EP-10,Gathering for the Space Race,00:19:23,1163,850249,https://animehistory.org/uploads/screencaps/outlaw-star-E010-Gathering-for-the-Space-Race/cap_00-19-23_188f.jpg,Outlaw Star Ep 10: Gathering for the Space Race @ 00:19:23,https://animehistory.org/gallery/screencaps/outlaw-star/episode-10/,https://animehistory.org/gallery/screencaps/outlaw-star/episode-10/?page=3,3,2026-10-07T01:49:21.506691+00:00,07343495015f2f2c2a6c04b3e5260799687d7516653da65b4c5e9d2002bd5f44,,UNVERIFIED
EP-10,Gathering for the Space Race,00:19:26,1166,850250,https://animehistory.org/uploads/screencaps/outlaw-star-E010-Gathering-for-the-Space-Race/cap_00-19-26_59e4.jpg,Outlaw Star Ep 10: Gathering for the Space Race @ 00:19:26,https://animehistory.org/gallery/screencaps/outlaw-star/episode-10/,https://animehistory.org/gallery/screencaps/outlaw-star/episode-10/?page=3,3,2026-10-07T01:49:21.506691+00:00,07343495015f2f2c2a6c04b3e5260799687d7516653da65b4c5e9d2002bd5f44,,UNVERIFIED
EP-10,Gathering for the Space Race,00:19:30,1170,850251,https://animehistory.org/uploads/screencaps/outlaw-star-E010-Gathering-for-the-Space-Race/cap_00-19-30_1eac.jpg,Outlaw Star Ep 10: Gathering for the Space Race @ 00:19:30,https://animehistory.org/gallery/screencaps/outlaw-star/episode-10/,https://animehistory.org/gallery/screencaps/outlaw-star/episode-10/?page=3,3,2026-10-07T01:49:21.506691+00:00,07343495015f2f2c2a6c04b3e5260799687d7516653da65b4c5e9d2002bd5f44,,UNVERIFIED
EP-10,Gathering for the Space Race,00:19:34,1174,850252,https://animehistory.org/uploads/screencaps/outlaw-star-E010-Gathering-for-the-Space-Race/cap_00-19-34_0d70.jpg,Outlaw Star Ep 10: Gathering for the Space Race @ 00:19:34,https://animehistory.org/gallery/screencaps/outlaw-star/episode-10/,https://animehistory.org/gallery/screencaps/outlaw-star/episode-10/?page=3,3,2026-10-07T01:49:21.506691+00:00,07343495015f2f2c2a6c04b3e5260799687d7516653da65b4c5e9d2002bd5f44,,UNVERIFIED
EP-10,Gathering for the Space Race,00:19:37,1177,850253,https://animehistory.org/uploads/screencaps/outlaw-star-E010-Gathering-for-the-Space-Race/cap_00-19-37_0b5a.jpg,Outlaw Star Ep 10: Gathering for the Space Race @ 00:19:37,https://animehistory.org/gallery/screencaps/outlaw-star/episode-10/,https://animehistory.org/gallery/screencaps/outlaw-star/episode-10/?page=3,3,2026-10-07T01:49:21.506691+00:00,07343495015f2f2c2a6c04b3e5260799687d7516653da65b4c5e9d2002bd5f44,,UNVERIFIED
EP-10,Gathering for the Space Race,00:19:41,1181,850254,https://animehistory.org/uploads/screencaps/outlaw-star-E010-Gathering-for-the-Space-Race/cap_00-19-41_7942.jpg,Outlaw Star Ep 10: Gathering for the Space Race @ 00:19:41,https://animehistory.org/gallery/screencaps/outlaw-star/episode-10/,https://animehistory.org/gallery/screencaps/outlaw-star/episode-10/?page=3,3,2026-10-07T01:49:21.506691+00:00,07343495015f2f2c2a6c04b3e5260799687d7516653da65b4c5e9d2002bd5f44,,UNVERIFIED
EP-10,Gathering for the Space Race,00:19:45,1185,850255,https://animehistory.org/uploads/screencaps/outlaw-star-E010-Gathering-for-the-Space-Race/cap_00-19-45_41a4.jpg,Outlaw Star Ep 10: Gathering for the Space Race @ 00:19:45,https://animehistory.org/gallery/screencaps/outlaw-star/episode-10/,https://animehistory.org/gallery/screencaps/outlaw-star/episode-10/?page=3,3,2026-10-07T01:49:21.506691+00:00,07343495015f2f2c2a6c04b3e5260799687d7516653da65b4c5e9d2002bd5f44,,UNVERIFIED
EP-10,Gathering for the Space Race,00:19:48,1188,850256,https://animehistory.org/uploads/screencaps/outlaw-star-E010-Gathering-for-the-Space-Race/cap_00-19-48_336f.jpg,Outlaw Star Ep 10: Gathering for the Space Race @ 00:19:48,https://animehistory.org/gallery/screencaps/outlaw-star/episode-10/,https://animehistory.org/gallery/screencaps/outlaw-star/episode-10/?page=3,3,2026-10-07T01:49:21.506691+00:00,07343495015f2f2c2a6c04b3e5260799687d7516653da65b4c5e9d2002bd5f44,,UNVERIFIED
EP-10,Gathering for the Space Race,00:19:52,1192,850257,https://animehistory.org/uploads/screencaps/outlaw-star-E010-Gathering-for-the-Space-Race/cap_00-19-52_78c7.jpg,Outlaw Star Ep 10: Gathering for the Space Race @ 00:19:52,https://animehistory.org/gallery/screencaps/outlaw-star/episode-10/,https://animehistory.org/gallery/screencaps/outlaw-star/episode-10/?page=3,3,2026-10-07T01:49:21.506691+00:00,07343495015f2f2c2a6c04b3e5260799687d7516653da65b4c5e9d2002bd5f44,,UNVERIFIED
EP-10,Gathering for the Space Race,00:19:56,1196,850258,https://animehistory.org/uploads/screencaps/outlaw-star-E010-Gathering-for-the-Space-Race/cap_00-19-56_0377.jpg,Outlaw Star Ep 10: Gathering for the Space Race @ 00:19:56,https://animehistory.org/gallery/screencaps/outlaw-star/episode-10/,https://animehistory.org/gallery/screencaps/outlaw-star/episode-10/?page=3,3,2026-10-07T01:49:21.506691+00:00,07343495015f2f2c2a6c04b3e5260799687d7516653da65b4c5e9d2002bd5f44,,UNVERIFIED
EP-10,Gathering for the Space Race,00:19:59,1199,850259,https://animehistory.org/uploads/screencaps/outlaw-star-E010-Gathering-for-the-Space-Race/cap_00-19-59_3b10.jpg,Outlaw Star Ep 10: Gathering for the Space Race @ 00:19:59,https://animehistory.org/gallery/screencaps/outlaw-star/episode-10/,https://animehistory.org/gallery/screencaps/outlaw-star/episode-10/?page=4,4,2026-10-07T01:49:22.686168+00:00,bed3b909db1280e9526f1f111cb2804df08462bce951c8953e10b96c05b31cf8,,UNVERIFIED
EP-10,Gathering for the Space Race,00:20:03,1203,850260,https://animehistory.org/uploads/screencaps/outlaw-star-E010-Gathering-for-the-Space-Race/cap_00-20-03_556a.jpg,Outlaw Star Ep 10: Gathering for the Space Race @ 00:20:03,https://animehistory.org/gallery/screencaps/outlaw-star/episode-10/,https://animehistory.org/gallery/screencaps/outlaw-star/episode-10/?page=4,4,2026-10-07T01:49:22.686168+00:00,bed3b909db1280e9526f1f111cb2804df08462bce951c8953e10b96c05b31cf8,,UNVERIFIED
EP-10,Gathering for the Space Race,00:20:07,1207,850261,https://animehistory.org/uploads/screencaps/outlaw-star-E010-Gathering-for-the-Space-Race/cap_00-20-07_5a88.jpg,Outlaw Star Ep 10: Gathering for the Space Race @ 00:20:07,https://animehistory.org/gallery/screencaps/outlaw-star/episode-10/,https://animehistory.org/gallery/screencaps/outlaw-star/episode-10/?page=4,4,2026-10-07T01:49:22.686168+00:00,bed3b909db1280e9526f1f111cb2804df08462bce951c8953e10b96c05b31cf8,,UNVERIFIED
EP-10,Gathering for the Space Race,00:20:10,1210,850262,https://animehistory.org/uploads/screencaps/outlaw-star-E010-Gathering-for-the-Space-Race/cap_00-20-10_22cf.jpg,Outlaw Star Ep 10: Gathering for the Space Race @ 00:20:10,https://animehistory.org/gallery/screencaps/outlaw-star/episode-10/,https://animehistory.org/gallery/screencaps/outlaw-star/episode-10/?page=4,4,2026-10-07T01:49:22.686168+00:00,bed3b909db1280e9526f1f111cb2804df08462bce951c8953e10b96c05b31cf8,,UNVERIFIED
EP-10,Gathering for the Space Race,00:20:14,1214,850263,https://animehistory.org/uploads/screencaps/outlaw-star-E010-Gathering-for-the-Space-Race/cap_00-20-14_15b8.jpg,Outlaw Star Ep 10: Gathering for the Space Race @ 00:20:14,https://animehistory.org/gallery/screencaps/outlaw-star/episode-10/,https://animehistory.org/gallery/screencaps/outlaw-star/episode-10/?page=4,4,2026-10-07T01:49:22.686168+00:00,bed3b909db1280e9526f1f111cb2804df08462bce951c8953e10b96c05b31cf8,,UNVERIFIED
EP-10,Gathering for the Space Race,00:20:17,1217,850264,https://animehistory.org/uploads/screencaps/outlaw-star-E010-Gathering-for-the-Space-Race/cap_00-20-17_2314.jpg,Outlaw Star Ep 10: Gathering for the Space Race @ 00:20:17,https://animehistory.org/gallery/screencaps/outlaw-star/episode-10/,https://animehistory.org/gallery/screencaps/outlaw-star/episode-10/?page=4,4,2026-10-07T01:49:22.686168+00:00,bed3b909db1280e9526f1f111cb2804df08462bce951c8953e10b96c05b31cf8,,UNVERIFIED
EP-10,Gathering for the Space Race,00:20:21,1221,850265,https://animehistory.org/uploads/screencaps/outlaw-star-E010-Gathering-for-the-Space-Race/cap_00-20-21_5224.jpg,Outlaw Star Ep 10: Gathering for the Space Race @ 00:20:21,https://animehistory.org/gallery/screencaps/outlaw-star/episode-10/,https://animehistory.org/gallery/screencaps/outlaw-star/episode-10/?page=4,4,2026-10-07T01:49:22.686168+00:00,bed3b909db1280e9526f1f111cb2804df08462bce951c8953e10b96c05b31cf8,,UNVERIFIED
EP-10,Gathering for the Space Race,00:20:25,1225,850266,https://animehistory.org/uploads/screencaps/outlaw-star-E010-Gathering-for-the-Space-Race/cap_00-20-25_0cc0.jpg,Outlaw Star Ep 10: Gathering for the Space Race @ 00:20:25,https://animehistory.org/gallery/screencaps/outlaw-star/episode-10/,https://animehistory.org/gallery/screencaps/outlaw-star/episode-10/?page=4,4,2026-10-07T01:49:22.686168+00:00,bed3b909db1280e9526f1f111cb2804df08462bce951c8953e10b96c05b31cf8,,UNVERIFIED
EP-10,Gathering for the Space Race,00:20:28,1228,850267,https://animehistory.org/uploads/screencaps/outlaw-star-E010-Gathering-for-the-Space-Race/cap_00-20-28_2688.jpg,Outlaw Star Ep 10: Gathering for the Space Race @ 00:20:28,https://animehistory.org/gallery/screencaps/outlaw-star/episode-10/,https://animehistory.org/gallery/screencaps/outlaw-star/episode-10/?page=4,4,2026-10-07T01:49:22.686168+00:00,bed3b909db1280e9526f1f111cb2804df08462bce951c8953e10b96c05b31cf8,,UNVERIFIED
EP-10,Gathering for the Space Race,00:20:32,1232,850268,https://animehistory.org/uploads/screencaps/outlaw-star-E010-Gathering-for-the-Space-Race/cap_00-20-32_02bb.jpg,Outlaw Star Ep 10: Gathering for the Space Race @ 00:20:32,https://animehistory.org/gallery/screencaps/outlaw-star/episode-10/,https://animehistory.org/gallery/screencaps/outlaw-star/episode-10/?page=4,4,2026-10-07T01:49:22.686168+00:00,bed3b909db1280e9526f1f111cb2804df08462bce951c8953e10b96c05b31cf8,,UNVERIFIED
EP-10,Gathering for the Space Race,00:20:36,1236,850269,https://animehistory.org/uploads/screencaps/outlaw-star-E010-Gathering-for-the-Space-Race/cap_00-20-36_468f.jpg,Outlaw Star Ep 10: Gathering for the Space Race @ 00:20:36,https://animehistory.org/gallery/screencaps/outlaw-star/episode-10/,https://animehistory.org/gallery/screencaps/outlaw-star/episode-10/?page=4,4,2026-10-07T01:49:22.686168+00:00,bed3b909db1280e9526f1f111cb2804df08462bce951c8953e10b96c05b31cf8,,UNVERIFIED
EP-10,Gathering for the Space Race,00:20:39,1239,850270,https://animehistory.org/uploads/screencaps/outlaw-star-E010-Gathering-for-the-Space-Race/cap_00-20-39_68b0.jpg,Outlaw Star Ep 10: Gathering for the Space Race @ 00:20:39,https://animehistory.org/gallery/screencaps/outlaw-star/episode-10/,https://animehistory.org/gallery/screencaps/outlaw-star/episode-10/?page=4,4,2026-10-07T01:49:22.686168+00:00,bed3b909db1280e9526f1f111cb2804df08462bce951c8953e10b96c05b31cf8,,UNVERIFIED
EP-10,Gathering for the Space Race,00:20:43,1243,850271,https://animehistory.org/uploads/screencaps/outlaw-star-E010-Gathering-for-the-Space-Race/cap_00-20-43_184d.jpg,Outlaw Star Ep 10: Gathering for the Space Race @ 00:20:43,https://animehistory.org/gallery/screencaps/outlaw-star/episode-10/,https://animehistory.org/gallery/screencaps/outlaw-star/episode-10/?page=4,4,2026-10-07T01:49:22.686168+00:00,bed3b909db1280e9526f1f111cb2804df08462bce951c8953e10b96c05b31cf8,,UNVERIFIED
EP-10,Gathering for the Space Race,00:20:47,1247,850272,https://animehistory.org/uploads/screencaps/outlaw-star-E010-Gathering-for-the-Space-Race/cap_00-20-47_6604.jpg,Outlaw Star Ep 10: Gathering for the Space Race @ 00:20:47,https://animehistory.org/gallery/screencaps/outlaw-star/episode-10/,https://animehistory.org/gallery/screencaps/outlaw-star/episode-10/?page=4,4,2026-10-07T01:49:22.686168+00:00,bed3b909db1280e9526f1f111cb2804df08462bce951c8953e10b96c05b31cf8,,UNVERIFIED
EP-10,Gathering for the Space Race,00:20:50,1250,850273,https://animehistory.org/uploads/screencaps/outlaw-star-E010-Gathering-for-the-Space-Race/cap_00-20-50_31d4.jpg,Outlaw Star Ep 10: Gathering for the Space Race @ 00:20:50,https://animehistory.org/gallery/screencaps/outlaw-star/episode-10/,https://animehistory.org/gallery/screencaps/outlaw-star/episode-10/?page=4,4,2026-10-07T01:49:22.686168+00:00,bed3b909db1280e9526f1f111cb2804df08462bce951c8953e10b96c05b31cf8,,UNVERIFIED
EP-10,Gathering for the Space Race,00:20:54,1254,850274,https://animehistory.org/uploads/screencaps/outlaw-star-E010-Gathering-for-the-Space-Race/cap_00-20-54_20a0.jpg,Outlaw Star Ep 10: Gathering for the Space Race @ 00:20:54,https://animehistory.org/gallery/screencaps/outlaw-star/episode-10/,https://animehistory.org/gallery/screencaps/outlaw-star/episode-10/?page=4,4,2026-10-07T01:49:22.686168+00:00,bed3b909db1280e9526f1f111cb2804df08462bce951c8953e10b96c05b31cf8,,UNVERIFIED
EP-10,Gathering for the Space Race,00:20:58,1258,850275,https://animehistory.org/uploads/screencaps/outlaw-star-E010-Gathering-for-the-Space-Race/cap_00-20-58_7b8d.jpg,Outlaw Star Ep 10: Gathering for the Space Race @ 00:20:58,https://animehistory.org/gallery/screencaps/outlaw-star/episode-10/,https://animehistory.org/gallery/screencaps/outlaw-star/episode-10/?page=4,4,2026-10-07T01:49:22.686168+00:00,bed3b909db1280e9526f1f111cb2804df08462bce951c8953e10b96c05b31cf8,,UNVERIFIED
EP-10,Gathering for the Space Race,00:21:01,1261,850276,https://animehistory.org/uploads/screencaps/outlaw-star-E010-Gathering-for-the-Space-Race/cap_00-21-01_072d.jpg,Outlaw Star Ep 10: Gathering for the Space Race @ 00:21:01,https://animehistory.org/gallery/screencaps/outlaw-star/episode-10/,https://animehistory.org/gallery/screencaps/outlaw-star/episode-10/?page=4,4,2026-10-07T01:49:22.686168+00:00,bed3b909db1280e9526f1f111cb2804df08462bce951c8953e10b96c05b31cf8,,UNVERIFIED
EP-10,Gathering for the Space Race,00:21:05,1265,850277,https://animehistory.org/uploads/screencaps/outlaw-star-E010-Gathering-for-the-Space-Race/cap_00-21-05_49e3.jpg,Outlaw Star Ep 10: Gathering for the Space Race @ 00:21:05,https://animehistory.org/gallery/screencaps/outlaw-star/episode-10/,https://animehistory.org/gallery/screencaps/outlaw-star/episode-10/?page=4,4,2026-10-07T01:49:22.686168+00:00,bed3b909db1280e9526f1f111cb2804df08462bce951c8953e10b96c05b31cf8,,UNVERIFIED
EP-10,Gathering for the Space Race,00:21:09,1269,850278,https://animehistory.org/uploads/screencaps/outlaw-star-E010-Gathering-for-the-Space-Race/cap_00-21-09_3838.jpg,Outlaw Star Ep 10: Gathering for the Space Race @ 00:21:09,https://animehistory.org/gallery/screencaps/outlaw-star/episode-10/,https://animehistory.org/gallery/screencaps/outlaw-star/episode-10/?page=4,4,2026-10-07T01:49:22.686168+00:00,bed3b909db1280e9526f1f111cb2804df08462bce951c8953e10b96c05b31cf8,,UNVERIFIED
EP-10,Gathering for the Space Race,00:21:12,1272,850279,https://animehistory.org/uploads/screencaps/outlaw-star-E010-Gathering-for-the-Space-Race/cap_00-21-12_331e.jpg,Outlaw Star Ep 10: Gathering for the Space Race @ 00:21:12,https://animehistory.org/gallery/screencaps/outlaw-star/episode-10/,https://animehistory.org/gallery/screencaps/outlaw-star/episode-10/?page=4,4,2026-10-07T01:49:22.686168+00:00,bed3b909db1280e9526f1f111cb2804df08462bce951c8953e10b96c05b31cf8,,UNVERIFIED
EP-10,Gathering for the Space Race,00:21:16,1276,850280,https://animehistory.org/uploads/screencaps/outlaw-star-E010-Gathering-for-the-Space-Race/cap_00-21-16_5b70.jpg,Outlaw Star Ep 10: Gathering for the Space Race @ 00:21:16,https://animehistory.org/gallery/screencaps/outlaw-star/episode-10/,https://animehistory.org/gallery/screencaps/outlaw-star/episode-10/?page=4,4,2026-10-07T01:49:22.686168+00:00,bed3b909db1280e9526f1f111cb2804df08462bce951c8953e10b96c05b31cf8,,UNVERIFIED
EP-10,Gathering for the Space Race,00:21:20,1280,850281,https://animehistory.org/uploads/screencaps/outlaw-star-E010-Gathering-for-the-Space-Race/cap_00-21-20_022f.jpg,Outlaw Star Ep 10: Gathering for the Space Race @ 00:21:20,https://animehistory.org/gallery/screencaps/outlaw-star/episode-10/,https://animehistory.org/gallery/screencaps/outlaw-star/episode-10/?page=4,4,2026-10-07T01:49:22.686168+00:00,bed3b909db1280e9526f1f111cb2804df08462bce951c8953e10b96c05b31cf8,,UNVERIFIED
EP-10,Gathering for the Space Race,00:21:23,1283,850282,https://animehistory.org/uploads/screencaps/outlaw-star-E010-Gathering-for-the-Space-Race/cap_00-21-23_2c6f.jpg,Outlaw Star Ep 10: Gathering for the Space Race @ 00:21:23,https://animehistory.org/gallery/screencaps/outlaw-star/episode-10/,https://animehistory.org/gallery/screencaps/outlaw-star/episode-10/?page=4,4,2026-10-07T01:49:22.686168+00:00,bed3b909db1280e9526f1f111cb2804df08462bce951c8953e10b96c05b31cf8,,UNVERIFIED
EP-10,Gathering for the Space Race,00:21:27,1287,850283,https://animehistory.org/uploads/screencaps/outlaw-star-E010-Gathering-for-the-Space-Race/cap_00-21-27_6e1b.jpg,Outlaw Star Ep 10: Gathering for the Space Race @ 00:21:27,https://animehistory.org/gallery/screencaps/outlaw-star/episode-10/,https://animehistory.org/gallery/screencaps/outlaw-star/episode-10/?page=4,4,2026-10-07T01:49:22.686168+00:00,bed3b909db1280e9526f1f111cb2804df08462bce951c8953e10b96c05b31cf8,,UNVERIFIED
EP-10,Gathering for the Space Race,00:21:31,1291,850284,https://animehistory.org/uploads/screencaps/outlaw-star-E010-Gathering-for-the-Space-Race/cap_00-21-31_7a02.jpg,Outlaw Star Ep 10: Gathering for the Space Race @ 00:21:31,https://animehistory.org/gallery/screencaps/outlaw-star/episode-10/,https://animehistory.org/gallery/screencaps/outlaw-star/episode-10/?page=4,4,2026-10-07T01:49:22.686168+00:00,bed3b909db1280e9526f1f111cb2804df08462bce951c8953e10b96c05b31cf8,,UNVERIFIED
EP-10,Gathering for the Space Race,00:21:34,1294,850285,https://animehistory.org/uploads/screencaps/outlaw-star-E010-Gathering-for-the-Space-Race/cap_00-21-34_2d02.jpg,Outlaw Star Ep 10: Gathering for the Space Race @ 00:21:34,https://animehistory.org/gallery/screencaps/outlaw-star/episode-10/,https://animehistory.org/gallery/screencaps/outlaw-star/episode-10/?page=4,4,2026-10-07T01:49:22.686168+00:00,bed3b909db1280e9526f1f111cb2804df08462bce951c8953e10b96c05b31cf8,,UNVERIFIED
EP-10,Gathering for the Space Race,00:21:38,1298,850286,https://animehistory.org/uploads/screencaps/outlaw-star-E010-Gathering-for-the-Space-Race/cap_00-21-38_6bec.jpg,Outlaw Star Ep 10: Gathering for the Space Race @ 00:21:38,https://animehistory.org/gallery/screencaps/outlaw-star/episode-10/,https://animehistory.org/gallery/screencaps/outlaw-star/episode-10/?page=4,4,2026-10-07T01:49:22.686168+00:00,bed3b909db1280e9526f1f111cb2804df08462bce951c8953e10b96c05b31cf8,,UNVERIFIED
EP-10,Gathering for the Space Race,00:21:42,1302,850287,https://animehistory.org/uploads/screencaps/outlaw-star-E010-Gathering-for-the-Space-Race/cap_00-21-42_10e9.jpg,Outlaw Star Ep 10: Gathering for the Space Race @ 00:21:42,https://animehistory.org/gallery/screencaps/outlaw-star/episode-10/,https://animehistory.org/gallery/screencaps/outlaw-star/episode-10/?page=4,4,2026-10-07T01:49:22.686168+00:00,bed3b909db1280e9526f1f111cb2804df08462bce951c8953e10b96c05b31cf8,,UNVERIFIED
EP-10,Gathering for the Space Race,00:21:45,1305,850288,https://animehistory.org/uploads/screencaps/outlaw-star-E010-Gathering-for-the-Space-Race/cap_00-21-45_4aa4.jpg,Outlaw Star Ep 10: Gathering for the Space Race @ 00:21:45,https://animehistory.org/gallery/screencaps/outlaw-star/episode-10/,https://animehistory.org/gallery/screencaps/outlaw-star/episode-10/?page=4,4,2026-10-07T01:49:22.686168+00:00,bed3b909db1280e9526f1f111cb2804df08462bce951c8953e10b96c05b31cf8,,UNVERIFIED
EP-10,Gathering for the Space Race,00:21:49,1309,850289,https://animehistory.org/uploads/screencaps/outlaw-star-E010-Gathering-for-the-Space-Race/cap_00-21-49_36ef.jpg,Outlaw Star Ep 10: Gathering for the Space Race @ 00:21:49,https://animehistory.org/gallery/screencaps/outlaw-star/episode-10/,https://animehistory.org/gallery/screencaps/outlaw-star/episode-10/?page=4,4,2026-10-07T01:49:22.686168+00:00,bed3b909db1280e9526f1f111cb2804df08462bce951c8953e10b96c05b31cf8,,UNVERIFIED
EP-10,Gathering for the Space Race,00:21:52,1312,850290,https://animehistory.org/uploads/screencaps/outlaw-star-E010-Gathering-for-the-Space-Race/cap_00-21-52_11f4.jpg,Outlaw Star Ep 10: Gathering for the Space Race @ 00:21:52,https://animehistory.org/gallery/screencaps/outlaw-star/episode-10/,https://animehistory.org/gallery/screencaps/outlaw-star/episode-10/?page=4,4,2026-10-07T01:49:22.686168+00:00,bed3b909db1280e9526f1f111cb2804df08462bce951c8953e10b96c05b31cf8,,UNVERIFIED
EP-10,Gathering for the Space Race,00:21:56,1316,850291,https://animehistory.org/uploads/screencaps/outlaw-star-E010-Gathering-for-the-Space-Race/cap_00-21-56_61ca.jpg,Outlaw Star Ep 10: Gathering for the Space Race @ 00:21:56,https://animehistory.org/gallery/screencaps/outlaw-star/episode-10/,https://animehistory.org/gallery/screencaps/outlaw-star/episode-10/?page=4,4,2026-10-07T01:49:22.686168+00:00,bed3b909db1280e9526f1f111cb2804df08462bce951c8953e10b96c05b31cf8,,UNVERIFIED
EP-10,Gathering for the Space Race,00:22:00,1320,850292,https://animehistory.org/uploads/screencaps/outlaw-star-E010-Gathering-for-the-Space-Race/cap_00-22-00_4e8b.jpg,Outlaw Star Ep 10: Gathering for the Space Race @ 00:22:00,https://animehistory.org/gallery/screencaps/outlaw-star/episode-10/,https://animehistory.org/gallery/screencaps/outlaw-star/episode-10/?page=4,4,2026-10-07T01:49:22.686168+00:00,bed3b909db1280e9526f1f111cb2804df08462bce951c8953e10b96c05b31cf8,,UNVERIFIED
EP-10,Gathering for the Space Race,00:22:03,1323,850293,https://animehistory.org/uploads/screencaps/outlaw-star-E010-Gathering-for-the-Space-Race/cap_00-22-03_55d2.jpg,Outlaw Star Ep 10: Gathering for the Space Race @ 00:22:03,https://animehistory.org/gallery/screencaps/outlaw-star/episode-10/,https://animehistory.org/gallery/screencaps/outlaw-star/episode-10/?page=4,4,2026-10-07T01:49:22.686168+00:00,bed3b909db1280e9526f1f111cb2804df08462bce951c8953e10b96c05b31cf8,,UNVERIFIED
EP-10,Gathering for the Space Race,00:22:07,1327,850294,https://animehistory.org/uploads/screencaps/outlaw-star-E010-Gathering-for-the-Space-Race/cap_00-22-07_682a.jpg,Outlaw Star Ep 10: Gathering for the Space Race @ 00:22:07,https://animehistory.org/gallery/screencaps/outlaw-star/episode-10/,https://animehistory.org/gallery/screencaps/outlaw-star/episode-10/?page=4,4,2026-10-07T01:49:22.686168+00:00,bed3b909db1280e9526f1f111cb2804df08462bce951c8953e10b96c05b31cf8,,UNVERIFIED
EP-10,Gathering for the Space Race,00:22:11,1331,850295,https://animehistory.org/uploads/screencaps/outlaw-star-E010-Gathering-for-the-Space-Race/cap_00-22-11_5fbf.jpg,Outlaw Star Ep 10: Gathering for the Space Race @ 00:22:11,https://animehistory.org/gallery/screencaps/outlaw-star/episode-10/,https://animehistory.org/gallery/screencaps/outlaw-star/episode-10/?page=4,4,2026-10-07T01:49:22.686168+00:00,bed3b909db1280e9526f1f111cb2804df08462bce951c8953e10b96c05b31cf8,,UNVERIFIED
EP-10,Gathering for the Space Race,00:22:14,1334,850296,https://animehistory.org/uploads/screencaps/outlaw-star-E010-Gathering-for-the-Space-Race/cap_00-22-14_7df0.jpg,Outlaw Star Ep 10: Gathering for the Space Race @ 00:22:14,https://animehistory.org/gallery/screencaps/outlaw-star/episode-10/,https://animehistory.org/gallery/screencaps/outlaw-star/episode-10/?page=4,4,2026-10-07T01:49:22.686168+00:00,bed3b909db1280e9526f1f111cb2804df08462bce951c8953e10b96c05b31cf8,,UNVERIFIED
EP-10,Gathering for the Space Race,00:22:18,1338,850297,https://animehistory.org/uploads/screencaps/outlaw-star-E010-Gathering-for-the-Space-Race/cap_00-22-18_2c8d.jpg,Outlaw Star Ep 10: Gathering for the Space Race @ 00:22:18,https://animehistory.org/gallery/screencaps/outlaw-star/episode-10/,https://animehistory.org/gallery/screencaps/outlaw-star/episode-10/?page=4,4,2026-10-07T01:49:22.686168+00:00,bed3b909db1280e9526f1f111cb2804df08462bce951c8953e10b96c05b31cf8,,UNVERIFIED
EP-10,Gathering for the Space Race,00:22:22,1342,850298,https://animehistory.org/uploads/screencaps/outlaw-star-E010-Gathering-for-the-Space-Race/cap_00-22-22_0c24.jpg,Outlaw Star Ep 10: Gathering for the Space Race @ 00:22:22,https://animehistory.org/gallery/screencaps/outlaw-star/episode-10/,https://animehistory.org/gallery/screencaps/outlaw-star/episode-10/?page=4,4,2026-10-07T01:49:22.686168+00:00,bed3b909db1280e9526f1f111cb2804df08462bce951c8953e10b96c05b31cf8,,UNVERIFIED
EP-10,Gathering for the Space Race,00:22:25,1345,850299,https://animehistory.org/uploads/screencaps/outlaw-star-E010-Gathering-for-the-Space-Race/cap_00-22-25_0a7d.jpg,Outlaw Star Ep 10: Gathering for the Space Race @ 00:22:25,https://animehistory.org/gallery/screencaps/outlaw-star/episode-10/,https://animehistory.org/gallery/screencaps/outlaw-star/episode-10/?page=4,4,2026-10-07T01:49:22.686168+00:00,bed3b909db1280e9526f1f111cb2804df08462bce951c8953e10b96c05b31cf8,,UNVERIFIED
EP-10,Gathering for the Space Race,00:22:29,1349,850300,https://animehistory.org/uploads/screencaps/outlaw-star-E010-Gathering-for-the-Space-Race/cap_00-22-29_1394.jpg,Outlaw Star Ep 10: Gathering for the Space Race @ 00:22:29,https://animehistory.org/gallery/screencaps/outlaw-star/episode-10/,https://animehistory.org/gallery/screencaps/outlaw-star/episode-10/?page=4,4,2026-10-07T01:49:22.686168+00:00,bed3b909db1280e9526f1f111cb2804df08462bce951c8953e10b96c05b31cf8,,UNVERIFIED
EP-10,Gathering for the Space Race,00:22:33,1353,850301,https://animehistory.org/uploads/screencaps/outlaw-star-E010-Gathering-for-the-Space-Race/cap_00-22-33_524c.jpg,Outlaw Star Ep 10: Gathering for the Space Race @ 00:22:33,https://animehistory.org/gallery/screencaps/outlaw-star/episode-10/,https://animehistory.org/gallery/screencaps/outlaw-star/episode-10/?page=4,4,2026-10-07T01:49:22.686168+00:00,bed3b909db1280e9526f1f111cb2804df08462bce951c8953e10b96c05b31cf8,,UNVERIFIED
EP-10,Gathering for the Space Race,00:22:36,1356,850302,https://animehistory.org/uploads/screencaps/outlaw-star-E010-Gathering-for-the-Space-Race/cap_00-22-36_3433.jpg,Outlaw Star Ep 10: Gathering for the Space Race @ 00:22:36,https://animehistory.org/gallery/screencaps/outlaw-star/episode-10/,https://animehistory.org/gallery/screencaps/outlaw-star/episode-10/?page=4,4,2026-10-07T01:49:22.686168+00:00,bed3b909db1280e9526f1f111cb2804df08462bce951c8953e10b96c05b31cf8,,UNVERIFIED
EP-10,Gathering for the Space Race,00:22:40,1360,850303,https://animehistory.org/uploads/screencaps/outlaw-star-E010-Gathering-for-the-Space-Race/cap_00-22-40_0be0.jpg,Outlaw Star Ep 10: Gathering for the Space Race @ 00:22:40,https://animehistory.org/gallery/screencaps/outlaw-star/episode-10/,https://animehistory.org/gallery/screencaps/outlaw-star/episode-10/?page=4,4,2026-10-07T01:49:22.686168+00:00,bed3b909db1280e9526f1f111cb2804df08462bce951c8953e10b96c05b31cf8,,UNVERIFIED
EP-10,Gathering for the Space Race,00:22:44,1364,850304,https://animehistory.org/uploads/screencaps/outlaw-star-E010-Gathering-for-the-Space-Race/cap_00-22-44_39e2.jpg,Outlaw Star Ep 10: Gathering for the Space Race @ 00:22:44,https://animehistory.org/gallery/screencaps/outlaw-star/episode-10/,https://animehistory.org/gallery/screencaps/outlaw-star/episode-10/?page=4,4,2026-10-07T01:49:22.686168+00:00,bed3b909db1280e9526f1f111cb2804df08462bce951c8953e10b96c05b31cf8,,UNVERIFIED
EP-10,Gathering for the Space Race,00:22:47,1367,850305,https://animehistory.org/uploads/screencaps/outlaw-star-E010-Gathering-for-the-Space-Race/cap_00-22-47_5600.jpg,Outlaw Star Ep 10: Gathering for the Space Race @ 00:22:47,https://animehistory.org/gallery/screencaps/outlaw-star/episode-10/,https://animehistory.org/gallery/screencaps/outlaw-star/episode-10/?page=4,4,2026-10-07T01:49:22.686168+00:00,bed3b909db1280e9526f1f111cb2804df08462bce951c8953e10b96c05b31cf8,,UNVERIFIED
EP-10,Gathering for the Space Race,00:22:51,1371,850306,https://animehistory.org/uploads/screencaps/outlaw-star-E010-Gathering-for-the-Space-Race/cap_00-22-51_197c.jpg,Outlaw Star Ep 10: Gathering for the Space Race @ 00:22:51,https://animehistory.org/gallery/screencaps/outlaw-star/episode-10/,https://animehistory.org/gallery/screencaps/outlaw-star/episode-10/?page=4,4,2026-10-07T01:49:22.686168+00:00,bed3b909db1280e9526f1f111cb2804df08462bce951c8953e10b96c05b31cf8,,UNVERIFIED
EP-10,Gathering for the Space Race,00:22:55,1375,850307,https://animehistory.org/uploads/screencaps/outlaw-star-E010-Gathering-for-the-Space-Race/cap_00-22-55_5280.jpg,Outlaw Star Ep 10: Gathering for the Space Race @ 00:22:55,https://animehistory.org/gallery/screencaps/outlaw-star/episode-10/,https://animehistory.org/gallery/screencaps/outlaw-star/episode-10/?page=4,4,2026-10-07T01:49:22.686168+00:00,bed3b909db1280e9526f1f111cb2804df08462bce951c8953e10b96c05b31cf8,,UNVERIFIED
EP-10,Gathering for the Space Race,00:22:58,1378,850308,https://animehistory.org/uploads/screencaps/outlaw-star-E010-Gathering-for-the-Space-Race/cap_00-22-58_2cde.jpg,Outlaw Star Ep 10: Gathering for the Space Race @ 00:22:58,https://animehistory.org/gallery/screencaps/outlaw-star/episode-10/,https://animehistory.org/gallery/screencaps/outlaw-star/episode-10/?page=4,4,2026-10-07T01:49:22.686168+00:00,bed3b909db1280e9526f1f111cb2804df08462bce951c8953e10b96c05b31cf8,,UNVERIFIED
EP-10,Gathering for the Space Race,00:23:02,1382,850309,https://animehistory.org/uploads/screencaps/outlaw-star-E010-Gathering-for-the-Space-Race/cap_00-23-02_4dfd.jpg,Outlaw Star Ep 10: Gathering for the Space Race @ 00:23:02,https://animehistory.org/gallery/screencaps/outlaw-star/episode-10/,https://animehistory.org/gallery/screencaps/outlaw-star/episode-10/?page=4,4,2026-10-07T01:49:22.686168+00:00,bed3b909db1280e9526f1f111cb2804df08462bce951c8953e10b96c05b31cf8,,UNVERIFIED
EP-10,Gathering for the Space Race,00:23:06,1386,850310,https://animehistory.org/uploads/screencaps/outlaw-star-E010-Gathering-for-the-Space-Race/cap_00-23-06_4879.jpg,Outlaw Star Ep 10: Gathering for the Space Race @ 00:23:06,https://animehistory.org/gallery/screencaps/outlaw-star/episode-10/,https://animehistory.org/gallery/screencaps/outlaw-star/episode-10/?page=4,4,2026-10-07T01:49:22.686168+00:00,bed3b909db1280e9526f1f111cb2804df08462bce951c8953e10b96c05b31cf8,,UNVERIFIED
EP-10,Gathering for the Space Race,00:23:09,1389,850311,https://animehistory.org/uploads/screencaps/outlaw-star-E010-Gathering-for-the-Space-Race/cap_00-23-09_06eb.jpg,Outlaw Star Ep 10: Gathering for the Space Race @ 00:23:09,https://animehistory.org/gallery/screencaps/outlaw-star/episode-10/,https://animehistory.org/gallery/screencaps/outlaw-star/episode-10/?page=4,4,2026-10-07T01:49:22.686168+00:00,bed3b909db1280e9526f1f111cb2804df08462bce951c8953e10b96c05b31cf8,,UNVERIFIED
EP-10,Gathering for the Space Race,00:23:13,1393,850312,https://animehistory.org/uploads/screencaps/outlaw-star-E010-Gathering-for-the-Space-Race/cap_00-23-13_5978.jpg,Outlaw Star Ep 10: Gathering for the Space Race @ 00:23:13,https://animehistory.org/gallery/screencaps/outlaw-star/episode-10/,https://animehistory.org/gallery/screencaps/outlaw-star/episode-10/?page=4,4,2026-10-07T01:49:22.686168+00:00,bed3b909db1280e9526f1f111cb2804df08462bce951c8953e10b96c05b31cf8,,UNVERIFIED
