episode_id,episode_title,web_timestamp,web_seconds,image_id,image_url,caption,gallery_url,source_page_url,source_page,retrieved_utc,html_sha256,local_timestamp,alignment_status
EP-12,Mortal Combat with the El Dorado,00:01:43,103,850667,https://animehistory.org/uploads/screencaps/outlaw-star-E012-Mortal-Combat-with-the-El-Dorado/cap_00-01-43_302f.jpg,Outlaw Star Ep 12: Mortal Combat with the El Dorado @ 00:01:43,https://animehistory.org/gallery/screencaps/outlaw-star/episode-12/,https://animehistory.org/gallery/screencaps/outlaw-star/episode-12/,1,2026-10-07T01:49:29.288286+00:00,4d3f43d10b3cc75742d574d1388039f2af6e1d88e974fa4e660dcfb83d354080,,UNVERIFIED
EP-12,Mortal Combat with the El Dorado,00:01:47,107,850668,https://animehistory.org/uploads/screencaps/outlaw-star-E012-Mortal-Combat-with-the-El-Dorado/cap_00-01-47_2f2c.jpg,Outlaw Star Ep 12: Mortal Combat with the El Dorado @ 00:01:47,https://animehistory.org/gallery/screencaps/outlaw-star/episode-12/,https://animehistory.org/gallery/screencaps/outlaw-star/episode-12/,1,2026-10-07T01:49:29.288286+00:00,4d3f43d10b3cc75742d574d1388039f2af6e1d88e974fa4e660dcfb83d354080,,UNVERIFIED
EP-12,Mortal Combat with the El Dorado,00:01:50,110,850669,https://animehistory.org/uploads/screencaps/outlaw-star-E012-Mortal-Combat-with-the-El-Dorado/cap_00-01-50_709b.jpg,Outlaw Star Ep 12: Mortal Combat with the El Dorado @ 00:01:50,https://animehistory.org/gallery/screencaps/outlaw-star/episode-12/,https://animehistory.org/gallery/screencaps/outlaw-star/episode-12/,1,2026-10-07T01:49:29.288286+00:00,4d3f43d10b3cc75742d574d1388039f2af6e1d88e974fa4e660dcfb83d354080,,UNVERIFIED
EP-12,Mortal Combat with the El Dorado,00:01:54,114,850670,https://animehistory.org/uploads/screencaps/outlaw-star-E012-Mortal-Combat-with-the-El-Dorado/cap_00-01-54_27a6.jpg,Outlaw Star Ep 12: Mortal Combat with the El Dorado @ 00:01:54,https://animehistory.org/gallery/screencaps/outlaw-star/episode-12/,https://animehistory.org/gallery/screencaps/outlaw-star/episode-12/,1,2026-10-07T01:49:29.288286+00:00,4d3f43d10b3cc75742d574d1388039f2af6e1d88e974fa4e660dcfb83d354080,,UNVERIFIED
EP-12,Mortal Combat with the El Dorado,00:01:58,118,850671,https://animehistory.org/uploads/screencaps/outlaw-star-E012-Mortal-Combat-with-the-El-Dorado/cap_00-01-58_48f1.jpg,Outlaw Star Ep 12: Mortal Combat with the El Dorado @ 00:01:58,https://animehistory.org/gallery/screencaps/outlaw-star/episode-12/,https://animehistory.org/gallery/screencaps/outlaw-star/episode-12/,1,2026-10-07T01:49:29.288286+00:00,4d3f43d10b3cc75742d574d1388039f2af6e1d88e974fa4e660dcfb83d354080,,UNVERIFIED
EP-12,Mortal Combat with the El Dorado,00:02:01,121,850672,https://animehistory.org/uploads/screencaps/outlaw-star-E012-Mortal-Combat-with-the-El-Dorado/cap_00-02-01_52dd.jpg,Outlaw Star Ep 12: Mortal Combat with the El Dorado @ 00:02:01,https://animehistory.org/gallery/screencaps/outlaw-star/episode-12/,https://animehistory.org/gallery/screencaps/outlaw-star/episode-12/,1,2026-10-07T01:49:29.288286+00:00,4d3f43d10b3cc75742d574d1388039f2af6e1d88e974fa4e660dcfb83d354080,,UNVERIFIED
EP-12,Mortal Combat with the El Dorado,00:02:05,125,850673,https://animehistory.org/uploads/screencaps/outlaw-star-E012-Mortal-Combat-with-the-El-Dorado/cap_00-02-05_7192.jpg,Outlaw Star Ep 12: Mortal Combat with the El Dorado @ 00:02:05,https://animehistory.org/gallery/screencaps/outlaw-star/episode-12/,https://animehistory.org/gallery/screencaps/outlaw-star/episode-12/,1,2026-10-07T01:49:29.288286+00:00,4d3f43d10b3cc75742d574d1388039f2af6e1d88e974fa4e660dcfb83d354080,,UNVERIFIED
EP-12,Mortal Combat with the El Dorado,00:02:09,129,850674,https://animehistory.org/uploads/screencaps/outlaw-star-E012-Mortal-Combat-with-the-El-Dorado/cap_00-02-09_5262.jpg,Outlaw Star Ep 12: Mortal Combat with the El Dorado @ 00:02:09,https://animehistory.org/gallery/screencaps/outlaw-star/episode-12/,https://animehistory.org/gallery/screencaps/outlaw-star/episode-12/,1,2026-10-07T01:49:29.288286+00:00,4d3f43d10b3cc75742d574d1388039f2af6e1d88e974fa4e660dcfb83d354080,,UNVERIFIED
EP-12,Mortal Combat with the El Dorado,00:02:12,132,850675,https://animehistory.org/uploads/screencaps/outlaw-star-E012-Mortal-Combat-with-the-El-Dorado/cap_00-02-12_2783.jpg,Outlaw Star Ep 12: Mortal Combat with the El Dorado @ 00:02:12,https://animehistory.org/gallery/screencaps/outlaw-star/episode-12/,https://animehistory.org/gallery/screencaps/outlaw-star/episode-12/,1,2026-10-07T01:49:29.288286+00:00,4d3f43d10b3cc75742d574d1388039f2af6e1d88e974fa4e660dcfb83d354080,,UNVERIFIED
EP-12,Mortal Combat with the El Dorado,00:02:16,136,850676,https://animehistory.org/uploads/screencaps/outlaw-star-E012-Mortal-Combat-with-the-El-Dorado/cap_00-02-16_206c.jpg,Outlaw Star Ep 12: Mortal Combat with the El Dorado @ 00:02:16,https://animehistory.org/gallery/screencaps/outlaw-star/episode-12/,https://animehistory.org/gallery/screencaps/outlaw-star/episode-12/,1,2026-10-07T01:49:29.288286+00:00,4d3f43d10b3cc75742d574d1388039f2af6e1d88e974fa4e660dcfb83d354080,,UNVERIFIED
EP-12,Mortal Combat with the El Dorado,00:02:20,140,850677,https://animehistory.org/uploads/screencaps/outlaw-star-E012-Mortal-Combat-with-the-El-Dorado/cap_00-02-20_54f0.jpg,Outlaw Star Ep 12: Mortal Combat with the El Dorado @ 00:02:20,https://animehistory.org/gallery/screencaps/outlaw-star/episode-12/,https://animehistory.org/gallery/screencaps/outlaw-star/episode-12/,1,2026-10-07T01:49:29.288286+00:00,4d3f43d10b3cc75742d574d1388039f2af6e1d88e974fa4e660dcfb83d354080,,UNVERIFIED
EP-12,Mortal Combat with the El Dorado,00:02:23,143,850678,https://animehistory.org/uploads/screencaps/outlaw-star-E012-Mortal-Combat-with-the-El-Dorado/cap_00-02-23_5686.jpg,Outlaw Star Ep 12: Mortal Combat with the El Dorado @ 00:02:23,https://animehistory.org/gallery/screencaps/outlaw-star/episode-12/,https://animehistory.org/gallery/screencaps/outlaw-star/episode-12/,1,2026-10-07T01:49:29.288286+00:00,4d3f43d10b3cc75742d574d1388039f2af6e1d88e974fa4e660dcfb83d354080,,UNVERIFIED
EP-12,Mortal Combat with the El Dorado,00:02:27,147,850679,https://animehistory.org/uploads/screencaps/outlaw-star-E012-Mortal-Combat-with-the-El-Dorado/cap_00-02-27_7312.jpg,Outlaw Star Ep 12: Mortal Combat with the El Dorado @ 00:02:27,https://animehistory.org/gallery/screencaps/outlaw-star/episode-12/,https://animehistory.org/gallery/screencaps/outlaw-star/episode-12/,1,2026-10-07T01:49:29.288286+00:00,4d3f43d10b3cc75742d574d1388039f2af6e1d88e974fa4e660dcfb83d354080,,UNVERIFIED
EP-12,Mortal Combat with the El Dorado,00:02:30,150,850680,https://animehistory.org/uploads/screencaps/outlaw-star-E012-Mortal-Combat-with-the-El-Dorado/cap_00-02-30_2f13.jpg,Outlaw Star Ep 12: Mortal Combat with the El Dorado @ 00:02:30,https://animehistory.org/gallery/screencaps/outlaw-star/episode-12/,https://animehistory.org/gallery/screencaps/outlaw-star/episode-12/,1,2026-10-07T01:49:29.288286+00:00,4d3f43d10b3cc75742d574d1388039f2af6e1d88e974fa4e660dcfb83d354080,,UNVERIFIED
EP-12,Mortal Combat with the El Dorado,00:02:34,154,850681,https://animehistory.org/uploads/screencaps/outlaw-star-E012-Mortal-Combat-with-the-El-Dorado/cap_00-02-34_1e2c.jpg,Outlaw Star Ep 12: Mortal Combat with the El Dorado @ 00:02:34,https://animehistory.org/gallery/screencaps/outlaw-star/episode-12/,https://animehistory.org/gallery/screencaps/outlaw-star/episode-12/,1,2026-10-07T01:49:29.288286+00:00,4d3f43d10b3cc75742d574d1388039f2af6e1d88e974fa4e660dcfb83d354080,,UNVERIFIED
EP-12,Mortal Combat with the El Dorado,00:02:38,158,850682,https://animehistory.org/uploads/screencaps/outlaw-star-E012-Mortal-Combat-with-the-El-Dorado/cap_00-02-38_6950.jpg,Outlaw Star Ep 12: Mortal Combat with the El Dorado @ 00:02:38,https://animehistory.org/gallery/screencaps/outlaw-star/episode-12/,https://animehistory.org/gallery/screencaps/outlaw-star/episode-12/,1,2026-10-07T01:49:29.288286+00:00,4d3f43d10b3cc75742d574d1388039f2af6e1d88e974fa4e660dcfb83d354080,,UNVERIFIED
EP-12,Mortal Combat with the El Dorado,00:02:41,161,850683,https://animehistory.org/uploads/screencaps/outlaw-star-E012-Mortal-Combat-with-the-El-Dorado/cap_00-02-41_56a3.jpg,Outlaw Star Ep 12: Mortal Combat with the El Dorado @ 00:02:41,https://animehistory.org/gallery/screencaps/outlaw-star/episode-12/,https://animehistory.org/gallery/screencaps/outlaw-star/episode-12/,1,2026-10-07T01:49:29.288286+00:00,4d3f43d10b3cc75742d574d1388039f2af6e1d88e974fa4e660dcfb83d354080,,UNVERIFIED
EP-12,Mortal Combat with the El Dorado,00:02:45,165,850684,https://animehistory.org/uploads/screencaps/outlaw-star-E012-Mortal-Combat-with-the-El-Dorado/cap_00-02-45_72d2.jpg,Outlaw Star Ep 12: Mortal Combat with the El Dorado @ 00:02:45,https://animehistory.org/gallery/screencaps/outlaw-star/episode-12/,https://animehistory.org/gallery/screencaps/outlaw-star/episode-12/,1,2026-10-07T01:49:29.288286+00:00,4d3f43d10b3cc75742d574d1388039f2af6e1d88e974fa4e660dcfb83d354080,,UNVERIFIED
EP-12,Mortal Combat with the El Dorado,00:02:49,169,850685,https://animehistory.org/uploads/screencaps/outlaw-star-E012-Mortal-Combat-with-the-El-Dorado/cap_00-02-49_4839.jpg,Outlaw Star Ep 12: Mortal Combat with the El Dorado @ 00:02:49,https://animehistory.org/gallery/screencaps/outlaw-star/episode-12/,https://animehistory.org/gallery/screencaps/outlaw-star/episode-12/,1,2026-10-07T01:49:29.288286+00:00,4d3f43d10b3cc75742d574d1388039f2af6e1d88e974fa4e660dcfb83d354080,,UNVERIFIED
EP-12,Mortal Combat with the El Dorado,00:02:52,172,850686,https://animehistory.org/uploads/screencaps/outlaw-star-E012-Mortal-Combat-with-the-El-Dorado/cap_00-02-52_0f8a.jpg,Outlaw Star Ep 12: Mortal Combat with the El Dorado @ 00:02:52,https://animehistory.org/gallery/screencaps/outlaw-star/episode-12/,https://animehistory.org/gallery/screencaps/outlaw-star/episode-12/,1,2026-10-07T01:49:29.288286+00:00,4d3f43d10b3cc75742d574d1388039f2af6e1d88e974fa4e660dcfb83d354080,,UNVERIFIED
EP-12,Mortal Combat with the El Dorado,00:02:56,176,850687,https://animehistory.org/uploads/screencaps/outlaw-star-E012-Mortal-Combat-with-the-El-Dorado/cap_00-02-56_673a.jpg,Outlaw Star Ep 12: Mortal Combat with the El Dorado @ 00:02:56,https://animehistory.org/gallery/screencaps/outlaw-star/episode-12/,https://animehistory.org/gallery/screencaps/outlaw-star/episode-12/,1,2026-10-07T01:49:29.288286+00:00,4d3f43d10b3cc75742d574d1388039f2af6e1d88e974fa4e660dcfb83d354080,,UNVERIFIED
EP-12,Mortal Combat with the El Dorado,00:03:00,180,850688,https://animehistory.org/uploads/screencaps/outlaw-star-E012-Mortal-Combat-with-the-El-Dorado/cap_00-03-00_3423.jpg,Outlaw Star Ep 12: Mortal Combat with the El Dorado @ 00:03:00,https://animehistory.org/gallery/screencaps/outlaw-star/episode-12/,https://animehistory.org/gallery/screencaps/outlaw-star/episode-12/,1,2026-10-07T01:49:29.288286+00:00,4d3f43d10b3cc75742d574d1388039f2af6e1d88e974fa4e660dcfb83d354080,,UNVERIFIED
EP-12,Mortal Combat with the El Dorado,00:03:03,183,850689,https://animehistory.org/uploads/screencaps/outlaw-star-E012-Mortal-Combat-with-the-El-Dorado/cap_00-03-03_50df.jpg,Outlaw Star Ep 12: Mortal Combat with the El Dorado @ 00:03:03,https://animehistory.org/gallery/screencaps/outlaw-star/episode-12/,https://animehistory.org/gallery/screencaps/outlaw-star/episode-12/,1,2026-10-07T01:49:29.288286+00:00,4d3f43d10b3cc75742d574d1388039f2af6e1d88e974fa4e660dcfb83d354080,,UNVERIFIED
EP-12,Mortal Combat with the El Dorado,00:03:07,187,850690,https://animehistory.org/uploads/screencaps/outlaw-star-E012-Mortal-Combat-with-the-El-Dorado/cap_00-03-07_2fa1.jpg,Outlaw Star Ep 12: Mortal Combat with the El Dorado @ 00:03:07,https://animehistory.org/gallery/screencaps/outlaw-star/episode-12/,https://animehistory.org/gallery/screencaps/outlaw-star/episode-12/,1,2026-10-07T01:49:29.288286+00:00,4d3f43d10b3cc75742d574d1388039f2af6e1d88e974fa4e660dcfb83d354080,,UNVERIFIED
EP-12,Mortal Combat with the El Dorado,00:03:11,191,850691,https://animehistory.org/uploads/screencaps/outlaw-star-E012-Mortal-Combat-with-the-El-Dorado/cap_00-03-11_5abc.jpg,Outlaw Star Ep 12: Mortal Combat with the El Dorado @ 00:03:11,https://animehistory.org/gallery/screencaps/outlaw-star/episode-12/,https://animehistory.org/gallery/screencaps/outlaw-star/episode-12/,1,2026-10-07T01:49:29.288286+00:00,4d3f43d10b3cc75742d574d1388039f2af6e1d88e974fa4e660dcfb83d354080,,UNVERIFIED
EP-12,Mortal Combat with the El Dorado,00:03:14,194,850692,https://animehistory.org/uploads/screencaps/outlaw-star-E012-Mortal-Combat-with-the-El-Dorado/cap_00-03-14_399f.jpg,Outlaw Star Ep 12: Mortal Combat with the El Dorado @ 00:03:14,https://animehistory.org/gallery/screencaps/outlaw-star/episode-12/,https://animehistory.org/gallery/screencaps/outlaw-star/episode-12/,1,2026-10-07T01:49:29.288286+00:00,4d3f43d10b3cc75742d574d1388039f2af6e1d88e974fa4e660dcfb83d354080,,UNVERIFIED
EP-12,Mortal Combat with the El Dorado,00:03:18,198,850693,https://animehistory.org/uploads/screencaps/outlaw-star-E012-Mortal-Combat-with-the-El-Dorado/cap_00-03-18_14c2.jpg,Outlaw Star Ep 12: Mortal Combat with the El Dorado @ 00:03:18,https://animehistory.org/gallery/screencaps/outlaw-star/episode-12/,https://animehistory.org/gallery/screencaps/outlaw-star/episode-12/,1,2026-10-07T01:49:29.288286+00:00,4d3f43d10b3cc75742d574d1388039f2af6e1d88e974fa4e660dcfb83d354080,,UNVERIFIED
EP-12,Mortal Combat with the El Dorado,00:03:21,201,850694,https://animehistory.org/uploads/screencaps/outlaw-star-E012-Mortal-Combat-with-the-El-Dorado/cap_00-03-21_5f16.jpg,Outlaw Star Ep 12: Mortal Combat with the El Dorado @ 00:03:21,https://animehistory.org/gallery/screencaps/outlaw-star/episode-12/,https://animehistory.org/gallery/screencaps/outlaw-star/episode-12/,1,2026-10-07T01:49:29.288286+00:00,4d3f43d10b3cc75742d574d1388039f2af6e1d88e974fa4e660dcfb83d354080,,UNVERIFIED
EP-12,Mortal Combat with the El Dorado,00:03:25,205,850695,https://animehistory.org/uploads/screencaps/outlaw-star-E012-Mortal-Combat-with-the-El-Dorado/cap_00-03-25_6293.jpg,Outlaw Star Ep 12: Mortal Combat with the El Dorado @ 00:03:25,https://animehistory.org/gallery/screencaps/outlaw-star/episode-12/,https://animehistory.org/gallery/screencaps/outlaw-star/episode-12/,1,2026-10-07T01:49:29.288286+00:00,4d3f43d10b3cc75742d574d1388039f2af6e1d88e974fa4e660dcfb83d354080,,UNVERIFIED
EP-12,Mortal Combat with the El Dorado,00:03:29,209,850696,https://animehistory.org/uploads/screencaps/outlaw-star-E012-Mortal-Combat-with-the-El-Dorado/cap_00-03-29_1840.jpg,Outlaw Star Ep 12: Mortal Combat with the El Dorado @ 00:03:29,https://animehistory.org/gallery/screencaps/outlaw-star/episode-12/,https://animehistory.org/gallery/screencaps/outlaw-star/episode-12/,1,2026-10-07T01:49:29.288286+00:00,4d3f43d10b3cc75742d574d1388039f2af6e1d88e974fa4e660dcfb83d354080,,UNVERIFIED
EP-12,Mortal Combat with the El Dorado,00:03:32,212,850697,https://animehistory.org/uploads/screencaps/outlaw-star-E012-Mortal-Combat-with-the-El-Dorado/cap_00-03-32_3efb.jpg,Outlaw Star Ep 12: Mortal Combat with the El Dorado @ 00:03:32,https://animehistory.org/gallery/screencaps/outlaw-star/episode-12/,https://animehistory.org/gallery/screencaps/outlaw-star/episode-12/,1,2026-10-07T01:49:29.288286+00:00,4d3f43d10b3cc75742d574d1388039f2af6e1d88e974fa4e660dcfb83d354080,,UNVERIFIED
EP-12,Mortal Combat with the El Dorado,00:03:36,216,850698,https://animehistory.org/uploads/screencaps/outlaw-star-E012-Mortal-Combat-with-the-El-Dorado/cap_00-03-36_37c6.jpg,Outlaw Star Ep 12: Mortal Combat with the El Dorado @ 00:03:36,https://animehistory.org/gallery/screencaps/outlaw-star/episode-12/,https://animehistory.org/gallery/screencaps/outlaw-star/episode-12/,1,2026-10-07T01:49:29.288286+00:00,4d3f43d10b3cc75742d574d1388039f2af6e1d88e974fa4e660dcfb83d354080,,UNVERIFIED
EP-12,Mortal Combat with the El Dorado,00:03:40,220,850699,https://animehistory.org/uploads/screencaps/outlaw-star-E012-Mortal-Combat-with-the-El-Dorado/cap_00-03-40_36b0.jpg,Outlaw Star Ep 12: Mortal Combat with the El Dorado @ 00:03:40,https://animehistory.org/gallery/screencaps/outlaw-star/episode-12/,https://animehistory.org/gallery/screencaps/outlaw-star/episode-12/,1,2026-10-07T01:49:29.288286+00:00,4d3f43d10b3cc75742d574d1388039f2af6e1d88e974fa4e660dcfb83d354080,,UNVERIFIED
EP-12,Mortal Combat with the El Dorado,00:03:43,223,850700,https://animehistory.org/uploads/screencaps/outlaw-star-E012-Mortal-Combat-with-the-El-Dorado/cap_00-03-43_0ca9.jpg,Outlaw Star Ep 12: Mortal Combat with the El Dorado @ 00:03:43,https://animehistory.org/gallery/screencaps/outlaw-star/episode-12/,https://animehistory.org/gallery/screencaps/outlaw-star/episode-12/,1,2026-10-07T01:49:29.288286+00:00,4d3f43d10b3cc75742d574d1388039f2af6e1d88e974fa4e660dcfb83d354080,,UNVERIFIED
EP-12,Mortal Combat with the El Dorado,00:03:47,227,850701,https://animehistory.org/uploads/screencaps/outlaw-star-E012-Mortal-Combat-with-the-El-Dorado/cap_00-03-47_7846.jpg,Outlaw Star Ep 12: Mortal Combat with the El Dorado @ 00:03:47,https://animehistory.org/gallery/screencaps/outlaw-star/episode-12/,https://animehistory.org/gallery/screencaps/outlaw-star/episode-12/,1,2026-10-07T01:49:29.288286+00:00,4d3f43d10b3cc75742d574d1388039f2af6e1d88e974fa4e660dcfb83d354080,,UNVERIFIED
EP-12,Mortal Combat with the El Dorado,00:03:51,231,850702,https://animehistory.org/uploads/screencaps/outlaw-star-E012-Mortal-Combat-with-the-El-Dorado/cap_00-03-51_3195.jpg,Outlaw Star Ep 12: Mortal Combat with the El Dorado @ 00:03:51,https://animehistory.org/gallery/screencaps/outlaw-star/episode-12/,https://animehistory.org/gallery/screencaps/outlaw-star/episode-12/,1,2026-10-07T01:49:29.288286+00:00,4d3f43d10b3cc75742d574d1388039f2af6e1d88e974fa4e660dcfb83d354080,,UNVERIFIED
EP-12,Mortal Combat with the El Dorado,00:03:54,234,850703,https://animehistory.org/uploads/screencaps/outlaw-star-E012-Mortal-Combat-with-the-El-Dorado/cap_00-03-54_2c83.jpg,Outlaw Star Ep 12: Mortal Combat with the El Dorado @ 00:03:54,https://animehistory.org/gallery/screencaps/outlaw-star/episode-12/,https://animehistory.org/gallery/screencaps/outlaw-star/episode-12/,1,2026-10-07T01:49:29.288286+00:00,4d3f43d10b3cc75742d574d1388039f2af6e1d88e974fa4e660dcfb83d354080,,UNVERIFIED
EP-12,Mortal Combat with the El Dorado,00:03:58,238,850704,https://animehistory.org/uploads/screencaps/outlaw-star-E012-Mortal-Combat-with-the-El-Dorado/cap_00-03-58_2cab.jpg,Outlaw Star Ep 12: Mortal Combat with the El Dorado @ 00:03:58,https://animehistory.org/gallery/screencaps/outlaw-star/episode-12/,https://animehistory.org/gallery/screencaps/outlaw-star/episode-12/,1,2026-10-07T01:49:29.288286+00:00,4d3f43d10b3cc75742d574d1388039f2af6e1d88e974fa4e660dcfb83d354080,,UNVERIFIED
EP-12,Mortal Combat with the El Dorado,00:04:02,242,850705,https://animehistory.org/uploads/screencaps/outlaw-star-E012-Mortal-Combat-with-the-El-Dorado/cap_00-04-02_2389.jpg,Outlaw Star Ep 12: Mortal Combat with the El Dorado @ 00:04:02,https://animehistory.org/gallery/screencaps/outlaw-star/episode-12/,https://animehistory.org/gallery/screencaps/outlaw-star/episode-12/,1,2026-10-07T01:49:29.288286+00:00,4d3f43d10b3cc75742d574d1388039f2af6e1d88e974fa4e660dcfb83d354080,,UNVERIFIED
EP-12,Mortal Combat with the El Dorado,00:04:05,245,850706,https://animehistory.org/uploads/screencaps/outlaw-star-E012-Mortal-Combat-with-the-El-Dorado/cap_00-04-05_07ab.jpg,Outlaw Star Ep 12: Mortal Combat with the El Dorado @ 00:04:05,https://animehistory.org/gallery/screencaps/outlaw-star/episode-12/,https://animehistory.org/gallery/screencaps/outlaw-star/episode-12/,1,2026-10-07T01:49:29.288286+00:00,4d3f43d10b3cc75742d574d1388039f2af6e1d88e974fa4e660dcfb83d354080,,UNVERIFIED
EP-12,Mortal Combat with the El Dorado,00:04:09,249,850707,https://animehistory.org/uploads/screencaps/outlaw-star-E012-Mortal-Combat-with-the-El-Dorado/cap_00-04-09_0e8f.jpg,Outlaw Star Ep 12: Mortal Combat with the El Dorado @ 00:04:09,https://animehistory.org/gallery/screencaps/outlaw-star/episode-12/,https://animehistory.org/gallery/screencaps/outlaw-star/episode-12/,1,2026-10-07T01:49:29.288286+00:00,4d3f43d10b3cc75742d574d1388039f2af6e1d88e974fa4e660dcfb83d354080,,UNVERIFIED
EP-12,Mortal Combat with the El Dorado,00:04:12,252,850708,https://animehistory.org/uploads/screencaps/outlaw-star-E012-Mortal-Combat-with-the-El-Dorado/cap_00-04-12_47d5.jpg,Outlaw Star Ep 12: Mortal Combat with the El Dorado @ 00:04:12,https://animehistory.org/gallery/screencaps/outlaw-star/episode-12/,https://animehistory.org/gallery/screencaps/outlaw-star/episode-12/,1,2026-10-07T01:49:29.288286+00:00,4d3f43d10b3cc75742d574d1388039f2af6e1d88e974fa4e660dcfb83d354080,,UNVERIFIED
EP-12,Mortal Combat with the El Dorado,00:04:16,256,850709,https://animehistory.org/uploads/screencaps/outlaw-star-E012-Mortal-Combat-with-the-El-Dorado/cap_00-04-16_6ab6.jpg,Outlaw Star Ep 12: Mortal Combat with the El Dorado @ 00:04:16,https://animehistory.org/gallery/screencaps/outlaw-star/episode-12/,https://animehistory.org/gallery/screencaps/outlaw-star/episode-12/,1,2026-10-07T01:49:29.288286+00:00,4d3f43d10b3cc75742d574d1388039f2af6e1d88e974fa4e660dcfb83d354080,,UNVERIFIED
EP-12,Mortal Combat with the El Dorado,00:04:20,260,850710,https://animehistory.org/uploads/screencaps/outlaw-star-E012-Mortal-Combat-with-the-El-Dorado/cap_00-04-20_3e30.jpg,Outlaw Star Ep 12: Mortal Combat with the El Dorado @ 00:04:20,https://animehistory.org/gallery/screencaps/outlaw-star/episode-12/,https://animehistory.org/gallery/screencaps/outlaw-star/episode-12/,1,2026-10-07T01:49:29.288286+00:00,4d3f43d10b3cc75742d574d1388039f2af6e1d88e974fa4e660dcfb83d354080,,UNVERIFIED
EP-12,Mortal Combat with the El Dorado,00:04:23,263,850711,https://animehistory.org/uploads/screencaps/outlaw-star-E012-Mortal-Combat-with-the-El-Dorado/cap_00-04-23_0a96.jpg,Outlaw Star Ep 12: Mortal Combat with the El Dorado @ 00:04:23,https://animehistory.org/gallery/screencaps/outlaw-star/episode-12/,https://animehistory.org/gallery/screencaps/outlaw-star/episode-12/,1,2026-10-07T01:49:29.288286+00:00,4d3f43d10b3cc75742d574d1388039f2af6e1d88e974fa4e660dcfb83d354080,,UNVERIFIED
EP-12,Mortal Combat with the El Dorado,00:04:27,267,850712,https://animehistory.org/uploads/screencaps/outlaw-star-E012-Mortal-Combat-with-the-El-Dorado/cap_00-04-27_0e01.jpg,Outlaw Star Ep 12: Mortal Combat with the El Dorado @ 00:04:27,https://animehistory.org/gallery/screencaps/outlaw-star/episode-12/,https://animehistory.org/gallery/screencaps/outlaw-star/episode-12/,1,2026-10-07T01:49:29.288286+00:00,4d3f43d10b3cc75742d574d1388039f2af6e1d88e974fa4e660dcfb83d354080,,UNVERIFIED
EP-12,Mortal Combat with the El Dorado,00:04:31,271,850713,https://animehistory.org/uploads/screencaps/outlaw-star-E012-Mortal-Combat-with-the-El-Dorado/cap_00-04-31_0a8e.jpg,Outlaw Star Ep 12: Mortal Combat with the El Dorado @ 00:04:31,https://animehistory.org/gallery/screencaps/outlaw-star/episode-12/,https://animehistory.org/gallery/screencaps/outlaw-star/episode-12/,1,2026-10-07T01:49:29.288286+00:00,4d3f43d10b3cc75742d574d1388039f2af6e1d88e974fa4e660dcfb83d354080,,UNVERIFIED
EP-12,Mortal Combat with the El Dorado,00:04:34,274,850714,https://animehistory.org/uploads/screencaps/outlaw-star-E012-Mortal-Combat-with-the-El-Dorado/cap_00-04-34_0b7c.jpg,Outlaw Star Ep 12: Mortal Combat with the El Dorado @ 00:04:34,https://animehistory.org/gallery/screencaps/outlaw-star/episode-12/,https://animehistory.org/gallery/screencaps/outlaw-star/episode-12/,1,2026-10-07T01:49:29.288286+00:00,4d3f43d10b3cc75742d574d1388039f2af6e1d88e974fa4e660dcfb83d354080,,UNVERIFIED
EP-12,Mortal Combat with the El Dorado,00:04:38,278,850715,https://animehistory.org/uploads/screencaps/outlaw-star-E012-Mortal-Combat-with-the-El-Dorado/cap_00-04-38_6bde.jpg,Outlaw Star Ep 12: Mortal Combat with the El Dorado @ 00:04:38,https://animehistory.org/gallery/screencaps/outlaw-star/episode-12/,https://animehistory.org/gallery/screencaps/outlaw-star/episode-12/,1,2026-10-07T01:49:29.288286+00:00,4d3f43d10b3cc75742d574d1388039f2af6e1d88e974fa4e660dcfb83d354080,,UNVERIFIED
EP-12,Mortal Combat with the El Dorado,00:04:42,282,850716,https://animehistory.org/uploads/screencaps/outlaw-star-E012-Mortal-Combat-with-the-El-Dorado/cap_00-04-42_2f87.jpg,Outlaw Star Ep 12: Mortal Combat with the El Dorado @ 00:04:42,https://animehistory.org/gallery/screencaps/outlaw-star/episode-12/,https://animehistory.org/gallery/screencaps/outlaw-star/episode-12/,1,2026-10-07T01:49:29.288286+00:00,4d3f43d10b3cc75742d574d1388039f2af6e1d88e974fa4e660dcfb83d354080,,UNVERIFIED
EP-12,Mortal Combat with the El Dorado,00:04:45,285,850717,https://animehistory.org/uploads/screencaps/outlaw-star-E012-Mortal-Combat-with-the-El-Dorado/cap_00-04-45_1723.jpg,Outlaw Star Ep 12: Mortal Combat with the El Dorado @ 00:04:45,https://animehistory.org/gallery/screencaps/outlaw-star/episode-12/,https://animehistory.org/gallery/screencaps/outlaw-star/episode-12/,1,2026-10-07T01:49:29.288286+00:00,4d3f43d10b3cc75742d574d1388039f2af6e1d88e974fa4e660dcfb83d354080,,UNVERIFIED
EP-12,Mortal Combat with the El Dorado,00:04:49,289,850718,https://animehistory.org/uploads/screencaps/outlaw-star-E012-Mortal-Combat-with-the-El-Dorado/cap_00-04-49_1053.jpg,Outlaw Star Ep 12: Mortal Combat with the El Dorado @ 00:04:49,https://animehistory.org/gallery/screencaps/outlaw-star/episode-12/,https://animehistory.org/gallery/screencaps/outlaw-star/episode-12/,1,2026-10-07T01:49:29.288286+00:00,4d3f43d10b3cc75742d574d1388039f2af6e1d88e974fa4e660dcfb83d354080,,UNVERIFIED
EP-12,Mortal Combat with the El Dorado,00:04:53,293,850719,https://animehistory.org/uploads/screencaps/outlaw-star-E012-Mortal-Combat-with-the-El-Dorado/cap_00-04-53_5228.jpg,Outlaw Star Ep 12: Mortal Combat with the El Dorado @ 00:04:53,https://animehistory.org/gallery/screencaps/outlaw-star/episode-12/,https://animehistory.org/gallery/screencaps/outlaw-star/episode-12/,1,2026-10-07T01:49:29.288286+00:00,4d3f43d10b3cc75742d574d1388039f2af6e1d88e974fa4e660dcfb83d354080,,UNVERIFIED
EP-12,Mortal Combat with the El Dorado,00:04:56,296,850720,https://animehistory.org/uploads/screencaps/outlaw-star-E012-Mortal-Combat-with-the-El-Dorado/cap_00-04-56_35d6.jpg,Outlaw Star Ep 12: Mortal Combat with the El Dorado @ 00:04:56,https://animehistory.org/gallery/screencaps/outlaw-star/episode-12/,https://animehistory.org/gallery/screencaps/outlaw-star/episode-12/,1,2026-10-07T01:49:29.288286+00:00,4d3f43d10b3cc75742d574d1388039f2af6e1d88e974fa4e660dcfb83d354080,,UNVERIFIED
EP-12,Mortal Combat with the El Dorado,00:05:00,300,850721,https://animehistory.org/uploads/screencaps/outlaw-star-E012-Mortal-Combat-with-the-El-Dorado/cap_00-05-00_25ab.jpg,Outlaw Star Ep 12: Mortal Combat with the El Dorado @ 00:05:00,https://animehistory.org/gallery/screencaps/outlaw-star/episode-12/,https://animehistory.org/gallery/screencaps/outlaw-star/episode-12/,1,2026-10-07T01:49:29.288286+00:00,4d3f43d10b3cc75742d574d1388039f2af6e1d88e974fa4e660dcfb83d354080,,UNVERIFIED
EP-12,Mortal Combat with the El Dorado,00:05:03,303,850722,https://animehistory.org/uploads/screencaps/outlaw-star-E012-Mortal-Combat-with-the-El-Dorado/cap_00-05-03_1fa6.jpg,Outlaw Star Ep 12: Mortal Combat with the El Dorado @ 00:05:03,https://animehistory.org/gallery/screencaps/outlaw-star/episode-12/,https://animehistory.org/gallery/screencaps/outlaw-star/episode-12/,1,2026-10-07T01:49:29.288286+00:00,4d3f43d10b3cc75742d574d1388039f2af6e1d88e974fa4e660dcfb83d354080,,UNVERIFIED
EP-12,Mortal Combat with the El Dorado,00:05:07,307,850723,https://animehistory.org/uploads/screencaps/outlaw-star-E012-Mortal-Combat-with-the-El-Dorado/cap_00-05-07_72a0.jpg,Outlaw Star Ep 12: Mortal Combat with the El Dorado @ 00:05:07,https://animehistory.org/gallery/screencaps/outlaw-star/episode-12/,https://animehistory.org/gallery/screencaps/outlaw-star/episode-12/,1,2026-10-07T01:49:29.288286+00:00,4d3f43d10b3cc75742d574d1388039f2af6e1d88e974fa4e660dcfb83d354080,,UNVERIFIED
EP-12,Mortal Combat with the El Dorado,00:05:11,311,850724,https://animehistory.org/uploads/screencaps/outlaw-star-E012-Mortal-Combat-with-the-El-Dorado/cap_00-05-11_0077.jpg,Outlaw Star Ep 12: Mortal Combat with the El Dorado @ 00:05:11,https://animehistory.org/gallery/screencaps/outlaw-star/episode-12/,https://animehistory.org/gallery/screencaps/outlaw-star/episode-12/,1,2026-10-07T01:49:29.288286+00:00,4d3f43d10b3cc75742d574d1388039f2af6e1d88e974fa4e660dcfb83d354080,,UNVERIFIED
EP-12,Mortal Combat with the El Dorado,00:05:14,314,850725,https://animehistory.org/uploads/screencaps/outlaw-star-E012-Mortal-Combat-with-the-El-Dorado/cap_00-05-14_20b4.jpg,Outlaw Star Ep 12: Mortal Combat with the El Dorado @ 00:05:14,https://animehistory.org/gallery/screencaps/outlaw-star/episode-12/,https://animehistory.org/gallery/screencaps/outlaw-star/episode-12/,1,2026-10-07T01:49:29.288286+00:00,4d3f43d10b3cc75742d574d1388039f2af6e1d88e974fa4e660dcfb83d354080,,UNVERIFIED
EP-12,Mortal Combat with the El Dorado,00:05:18,318,850726,https://animehistory.org/uploads/screencaps/outlaw-star-E012-Mortal-Combat-with-the-El-Dorado/cap_00-05-18_3c4b.jpg,Outlaw Star Ep 12: Mortal Combat with the El Dorado @ 00:05:18,https://animehistory.org/gallery/screencaps/outlaw-star/episode-12/,https://animehistory.org/gallery/screencaps/outlaw-star/episode-12/,1,2026-10-07T01:49:29.288286+00:00,4d3f43d10b3cc75742d574d1388039f2af6e1d88e974fa4e660dcfb83d354080,,UNVERIFIED
EP-12,Mortal Combat with the El Dorado,00:05:22,322,850727,https://animehistory.org/uploads/screencaps/outlaw-star-E012-Mortal-Combat-with-the-El-Dorado/cap_00-05-22_08d7.jpg,Outlaw Star Ep 12: Mortal Combat with the El Dorado @ 00:05:22,https://animehistory.org/gallery/screencaps/outlaw-star/episode-12/,https://animehistory.org/gallery/screencaps/outlaw-star/episode-12/,1,2026-10-07T01:49:29.288286+00:00,4d3f43d10b3cc75742d574d1388039f2af6e1d88e974fa4e660dcfb83d354080,,UNVERIFIED
EP-12,Mortal Combat with the El Dorado,00:05:25,325,850728,https://animehistory.org/uploads/screencaps/outlaw-star-E012-Mortal-Combat-with-the-El-Dorado/cap_00-05-25_21cd.jpg,Outlaw Star Ep 12: Mortal Combat with the El Dorado @ 00:05:25,https://animehistory.org/gallery/screencaps/outlaw-star/episode-12/,https://animehistory.org/gallery/screencaps/outlaw-star/episode-12/,1,2026-10-07T01:49:29.288286+00:00,4d3f43d10b3cc75742d574d1388039f2af6e1d88e974fa4e660dcfb83d354080,,UNVERIFIED
EP-12,Mortal Combat with the El Dorado,00:05:29,329,850729,https://animehistory.org/uploads/screencaps/outlaw-star-E012-Mortal-Combat-with-the-El-Dorado/cap_00-05-29_5a8f.jpg,Outlaw Star Ep 12: Mortal Combat with the El Dorado @ 00:05:29,https://animehistory.org/gallery/screencaps/outlaw-star/episode-12/,https://animehistory.org/gallery/screencaps/outlaw-star/episode-12/,1,2026-10-07T01:49:29.288286+00:00,4d3f43d10b3cc75742d574d1388039f2af6e1d88e974fa4e660dcfb83d354080,,UNVERIFIED
EP-12,Mortal Combat with the El Dorado,00:05:33,333,850730,https://animehistory.org/uploads/screencaps/outlaw-star-E012-Mortal-Combat-with-the-El-Dorado/cap_00-05-33_709e.jpg,Outlaw Star Ep 12: Mortal Combat with the El Dorado @ 00:05:33,https://animehistory.org/gallery/screencaps/outlaw-star/episode-12/,https://animehistory.org/gallery/screencaps/outlaw-star/episode-12/,1,2026-10-07T01:49:29.288286+00:00,4d3f43d10b3cc75742d574d1388039f2af6e1d88e974fa4e660dcfb83d354080,,UNVERIFIED
EP-12,Mortal Combat with the El Dorado,00:05:36,336,850731,https://animehistory.org/uploads/screencaps/outlaw-star-E012-Mortal-Combat-with-the-El-Dorado/cap_00-05-36_1e8c.jpg,Outlaw Star Ep 12: Mortal Combat with the El Dorado @ 00:05:36,https://animehistory.org/gallery/screencaps/outlaw-star/episode-12/,https://animehistory.org/gallery/screencaps/outlaw-star/episode-12/,1,2026-10-07T01:49:29.288286+00:00,4d3f43d10b3cc75742d574d1388039f2af6e1d88e974fa4e660dcfb83d354080,,UNVERIFIED
EP-12,Mortal Combat with the El Dorado,00:05:40,340,850732,https://animehistory.org/uploads/screencaps/outlaw-star-E012-Mortal-Combat-with-the-El-Dorado/cap_00-05-40_6201.jpg,Outlaw Star Ep 12: Mortal Combat with the El Dorado @ 00:05:40,https://animehistory.org/gallery/screencaps/outlaw-star/episode-12/,https://animehistory.org/gallery/screencaps/outlaw-star/episode-12/,1,2026-10-07T01:49:29.288286+00:00,4d3f43d10b3cc75742d574d1388039f2af6e1d88e974fa4e660dcfb83d354080,,UNVERIFIED
EP-12,Mortal Combat with the El Dorado,00:05:44,344,850733,https://animehistory.org/uploads/screencaps/outlaw-star-E012-Mortal-Combat-with-the-El-Dorado/cap_00-05-44_38c9.jpg,Outlaw Star Ep 12: Mortal Combat with the El Dorado @ 00:05:44,https://animehistory.org/gallery/screencaps/outlaw-star/episode-12/,https://animehistory.org/gallery/screencaps/outlaw-star/episode-12/,1,2026-10-07T01:49:29.288286+00:00,4d3f43d10b3cc75742d574d1388039f2af6e1d88e974fa4e660dcfb83d354080,,UNVERIFIED
EP-12,Mortal Combat with the El Dorado,00:05:47,347,850734,https://animehistory.org/uploads/screencaps/outlaw-star-E012-Mortal-Combat-with-the-El-Dorado/cap_00-05-47_35c2.jpg,Outlaw Star Ep 12: Mortal Combat with the El Dorado @ 00:05:47,https://animehistory.org/gallery/screencaps/outlaw-star/episode-12/,https://animehistory.org/gallery/screencaps/outlaw-star/episode-12/,1,2026-10-07T01:49:29.288286+00:00,4d3f43d10b3cc75742d574d1388039f2af6e1d88e974fa4e660dcfb83d354080,,UNVERIFIED
EP-12,Mortal Combat with the El Dorado,00:05:51,351,850735,https://animehistory.org/uploads/screencaps/outlaw-star-E012-Mortal-Combat-with-the-El-Dorado/cap_00-05-51_6c6b.jpg,Outlaw Star Ep 12: Mortal Combat with the El Dorado @ 00:05:51,https://animehistory.org/gallery/screencaps/outlaw-star/episode-12/,https://animehistory.org/gallery/screencaps/outlaw-star/episode-12/,1,2026-10-07T01:49:29.288286+00:00,4d3f43d10b3cc75742d574d1388039f2af6e1d88e974fa4e660dcfb83d354080,,UNVERIFIED
EP-12,Mortal Combat with the El Dorado,00:05:54,354,850736,https://animehistory.org/uploads/screencaps/outlaw-star-E012-Mortal-Combat-with-the-El-Dorado/cap_00-05-54_5614.jpg,Outlaw Star Ep 12: Mortal Combat with the El Dorado @ 00:05:54,https://animehistory.org/gallery/screencaps/outlaw-star/episode-12/,https://animehistory.org/gallery/screencaps/outlaw-star/episode-12/,1,2026-10-07T01:49:29.288286+00:00,4d3f43d10b3cc75742d574d1388039f2af6e1d88e974fa4e660dcfb83d354080,,UNVERIFIED
EP-12,Mortal Combat with the El Dorado,00:05:58,358,850737,https://animehistory.org/uploads/screencaps/outlaw-star-E012-Mortal-Combat-with-the-El-Dorado/cap_00-05-58_0c1a.jpg,Outlaw Star Ep 12: Mortal Combat with the El Dorado @ 00:05:58,https://animehistory.org/gallery/screencaps/outlaw-star/episode-12/,https://animehistory.org/gallery/screencaps/outlaw-star/episode-12/,1,2026-10-07T01:49:29.288286+00:00,4d3f43d10b3cc75742d574d1388039f2af6e1d88e974fa4e660dcfb83d354080,,UNVERIFIED
EP-12,Mortal Combat with the El Dorado,00:06:02,362,850738,https://animehistory.org/uploads/screencaps/outlaw-star-E012-Mortal-Combat-with-the-El-Dorado/cap_00-06-02_5d23.jpg,Outlaw Star Ep 12: Mortal Combat with the El Dorado @ 00:06:02,https://animehistory.org/gallery/screencaps/outlaw-star/episode-12/,https://animehistory.org/gallery/screencaps/outlaw-star/episode-12/,1,2026-10-07T01:49:29.288286+00:00,4d3f43d10b3cc75742d574d1388039f2af6e1d88e974fa4e660dcfb83d354080,,UNVERIFIED
EP-12,Mortal Combat with the El Dorado,00:06:05,365,850739,https://animehistory.org/uploads/screencaps/outlaw-star-E012-Mortal-Combat-with-the-El-Dorado/cap_00-06-05_14b5.jpg,Outlaw Star Ep 12: Mortal Combat with the El Dorado @ 00:06:05,https://animehistory.org/gallery/screencaps/outlaw-star/episode-12/,https://animehistory.org/gallery/screencaps/outlaw-star/episode-12/,1,2026-10-07T01:49:29.288286+00:00,4d3f43d10b3cc75742d574d1388039f2af6e1d88e974fa4e660dcfb83d354080,,UNVERIFIED
EP-12,Mortal Combat with the El Dorado,00:06:09,369,850740,https://animehistory.org/uploads/screencaps/outlaw-star-E012-Mortal-Combat-with-the-El-Dorado/cap_00-06-09_069b.jpg,Outlaw Star Ep 12: Mortal Combat with the El Dorado @ 00:06:09,https://animehistory.org/gallery/screencaps/outlaw-star/episode-12/,https://animehistory.org/gallery/screencaps/outlaw-star/episode-12/,1,2026-10-07T01:49:29.288286+00:00,4d3f43d10b3cc75742d574d1388039f2af6e1d88e974fa4e660dcfb83d354080,,UNVERIFIED
EP-12,Mortal Combat with the El Dorado,00:06:13,373,850741,https://animehistory.org/uploads/screencaps/outlaw-star-E012-Mortal-Combat-with-the-El-Dorado/cap_00-06-13_73a2.jpg,Outlaw Star Ep 12: Mortal Combat with the El Dorado @ 00:06:13,https://animehistory.org/gallery/screencaps/outlaw-star/episode-12/,https://animehistory.org/gallery/screencaps/outlaw-star/episode-12/,1,2026-10-07T01:49:29.288286+00:00,4d3f43d10b3cc75742d574d1388039f2af6e1d88e974fa4e660dcfb83d354080,,UNVERIFIED
EP-12,Mortal Combat with the El Dorado,00:06:16,376,850742,https://animehistory.org/uploads/screencaps/outlaw-star-E012-Mortal-Combat-with-the-El-Dorado/cap_00-06-16_3771.jpg,Outlaw Star Ep 12: Mortal Combat with the El Dorado @ 00:06:16,https://animehistory.org/gallery/screencaps/outlaw-star/episode-12/,https://animehistory.org/gallery/screencaps/outlaw-star/episode-12/,1,2026-10-07T01:49:29.288286+00:00,4d3f43d10b3cc75742d574d1388039f2af6e1d88e974fa4e660dcfb83d354080,,UNVERIFIED
EP-12,Mortal Combat with the El Dorado,00:06:20,380,850743,https://animehistory.org/uploads/screencaps/outlaw-star-E012-Mortal-Combat-with-the-El-Dorado/cap_00-06-20_1ea8.jpg,Outlaw Star Ep 12: Mortal Combat with the El Dorado @ 00:06:20,https://animehistory.org/gallery/screencaps/outlaw-star/episode-12/,https://animehistory.org/gallery/screencaps/outlaw-star/episode-12/,1,2026-10-07T01:49:29.288286+00:00,4d3f43d10b3cc75742d574d1388039f2af6e1d88e974fa4e660dcfb83d354080,,UNVERIFIED
EP-12,Mortal Combat with the El Dorado,00:06:24,384,850744,https://animehistory.org/uploads/screencaps/outlaw-star-E012-Mortal-Combat-with-the-El-Dorado/cap_00-06-24_4283.jpg,Outlaw Star Ep 12: Mortal Combat with the El Dorado @ 00:06:24,https://animehistory.org/gallery/screencaps/outlaw-star/episode-12/,https://animehistory.org/gallery/screencaps/outlaw-star/episode-12/,1,2026-10-07T01:49:29.288286+00:00,4d3f43d10b3cc75742d574d1388039f2af6e1d88e974fa4e660dcfb83d354080,,UNVERIFIED
EP-12,Mortal Combat with the El Dorado,00:06:27,387,850745,https://animehistory.org/uploads/screencaps/outlaw-star-E012-Mortal-Combat-with-the-El-Dorado/cap_00-06-27_447b.jpg,Outlaw Star Ep 12: Mortal Combat with the El Dorado @ 00:06:27,https://animehistory.org/gallery/screencaps/outlaw-star/episode-12/,https://animehistory.org/gallery/screencaps/outlaw-star/episode-12/,1,2026-10-07T01:49:29.288286+00:00,4d3f43d10b3cc75742d574d1388039f2af6e1d88e974fa4e660dcfb83d354080,,UNVERIFIED
EP-12,Mortal Combat with the El Dorado,00:06:31,391,850746,https://animehistory.org/uploads/screencaps/outlaw-star-E012-Mortal-Combat-with-the-El-Dorado/cap_00-06-31_4e24.jpg,Outlaw Star Ep 12: Mortal Combat with the El Dorado @ 00:06:31,https://animehistory.org/gallery/screencaps/outlaw-star/episode-12/,https://animehistory.org/gallery/screencaps/outlaw-star/episode-12/,1,2026-10-07T01:49:29.288286+00:00,4d3f43d10b3cc75742d574d1388039f2af6e1d88e974fa4e660dcfb83d354080,,UNVERIFIED
EP-12,Mortal Combat with the El Dorado,00:06:35,395,850747,https://animehistory.org/uploads/screencaps/outlaw-star-E012-Mortal-Combat-with-the-El-Dorado/cap_00-06-35_5aff.jpg,Outlaw Star Ep 12: Mortal Combat with the El Dorado @ 00:06:35,https://animehistory.org/gallery/screencaps/outlaw-star/episode-12/,https://animehistory.org/gallery/screencaps/outlaw-star/episode-12/,1,2026-10-07T01:49:29.288286+00:00,4d3f43d10b3cc75742d574d1388039f2af6e1d88e974fa4e660dcfb83d354080,,UNVERIFIED
EP-12,Mortal Combat with the El Dorado,00:06:38,398,850748,https://animehistory.org/uploads/screencaps/outlaw-star-E012-Mortal-Combat-with-the-El-Dorado/cap_00-06-38_06cd.jpg,Outlaw Star Ep 12: Mortal Combat with the El Dorado @ 00:06:38,https://animehistory.org/gallery/screencaps/outlaw-star/episode-12/,https://animehistory.org/gallery/screencaps/outlaw-star/episode-12/,1,2026-10-07T01:49:29.288286+00:00,4d3f43d10b3cc75742d574d1388039f2af6e1d88e974fa4e660dcfb83d354080,,UNVERIFIED
EP-12,Mortal Combat with the El Dorado,00:06:42,402,850749,https://animehistory.org/uploads/screencaps/outlaw-star-E012-Mortal-Combat-with-the-El-Dorado/cap_00-06-42_1b74.jpg,Outlaw Star Ep 12: Mortal Combat with the El Dorado @ 00:06:42,https://animehistory.org/gallery/screencaps/outlaw-star/episode-12/,https://animehistory.org/gallery/screencaps/outlaw-star/episode-12/,1,2026-10-07T01:49:29.288286+00:00,4d3f43d10b3cc75742d574d1388039f2af6e1d88e974fa4e660dcfb83d354080,,UNVERIFIED
EP-12,Mortal Combat with the El Dorado,00:06:45,405,850750,https://animehistory.org/uploads/screencaps/outlaw-star-E012-Mortal-Combat-with-the-El-Dorado/cap_00-06-45_28d7.jpg,Outlaw Star Ep 12: Mortal Combat with the El Dorado @ 00:06:45,https://animehistory.org/gallery/screencaps/outlaw-star/episode-12/,https://animehistory.org/gallery/screencaps/outlaw-star/episode-12/,1,2026-10-07T01:49:29.288286+00:00,4d3f43d10b3cc75742d574d1388039f2af6e1d88e974fa4e660dcfb83d354080,,UNVERIFIED
EP-12,Mortal Combat with the El Dorado,00:06:49,409,850751,https://animehistory.org/uploads/screencaps/outlaw-star-E012-Mortal-Combat-with-the-El-Dorado/cap_00-06-49_67a2.jpg,Outlaw Star Ep 12: Mortal Combat with the El Dorado @ 00:06:49,https://animehistory.org/gallery/screencaps/outlaw-star/episode-12/,https://animehistory.org/gallery/screencaps/outlaw-star/episode-12/,1,2026-10-07T01:49:29.288286+00:00,4d3f43d10b3cc75742d574d1388039f2af6e1d88e974fa4e660dcfb83d354080,,UNVERIFIED
EP-12,Mortal Combat with the El Dorado,00:06:53,413,850752,https://animehistory.org/uploads/screencaps/outlaw-star-E012-Mortal-Combat-with-the-El-Dorado/cap_00-06-53_5bd9.jpg,Outlaw Star Ep 12: Mortal Combat with the El Dorado @ 00:06:53,https://animehistory.org/gallery/screencaps/outlaw-star/episode-12/,https://animehistory.org/gallery/screencaps/outlaw-star/episode-12/,1,2026-10-07T01:49:29.288286+00:00,4d3f43d10b3cc75742d574d1388039f2af6e1d88e974fa4e660dcfb83d354080,,UNVERIFIED
EP-12,Mortal Combat with the El Dorado,00:06:56,416,850753,https://animehistory.org/uploads/screencaps/outlaw-star-E012-Mortal-Combat-with-the-El-Dorado/cap_00-06-56_17bf.jpg,Outlaw Star Ep 12: Mortal Combat with the El Dorado @ 00:06:56,https://animehistory.org/gallery/screencaps/outlaw-star/episode-12/,https://animehistory.org/gallery/screencaps/outlaw-star/episode-12/,1,2026-10-07T01:49:29.288286+00:00,4d3f43d10b3cc75742d574d1388039f2af6e1d88e974fa4e660dcfb83d354080,,UNVERIFIED
EP-12,Mortal Combat with the El Dorado,00:07:00,420,850754,https://animehistory.org/uploads/screencaps/outlaw-star-E012-Mortal-Combat-with-the-El-Dorado/cap_00-07-00_1f26.jpg,Outlaw Star Ep 12: Mortal Combat with the El Dorado @ 00:07:00,https://animehistory.org/gallery/screencaps/outlaw-star/episode-12/,https://animehistory.org/gallery/screencaps/outlaw-star/episode-12/,1,2026-10-07T01:49:29.288286+00:00,4d3f43d10b3cc75742d574d1388039f2af6e1d88e974fa4e660dcfb83d354080,,UNVERIFIED
EP-12,Mortal Combat with the El Dorado,00:07:04,424,850755,https://animehistory.org/uploads/screencaps/outlaw-star-E012-Mortal-Combat-with-the-El-Dorado/cap_00-07-04_713b.jpg,Outlaw Star Ep 12: Mortal Combat with the El Dorado @ 00:07:04,https://animehistory.org/gallery/screencaps/outlaw-star/episode-12/,https://animehistory.org/gallery/screencaps/outlaw-star/episode-12/,1,2026-10-07T01:49:29.288286+00:00,4d3f43d10b3cc75742d574d1388039f2af6e1d88e974fa4e660dcfb83d354080,,UNVERIFIED
EP-12,Mortal Combat with the El Dorado,00:07:07,427,850756,https://animehistory.org/uploads/screencaps/outlaw-star-E012-Mortal-Combat-with-the-El-Dorado/cap_00-07-07_33fb.jpg,Outlaw Star Ep 12: Mortal Combat with the El Dorado @ 00:07:07,https://animehistory.org/gallery/screencaps/outlaw-star/episode-12/,https://animehistory.org/gallery/screencaps/outlaw-star/episode-12/,1,2026-10-07T01:49:29.288286+00:00,4d3f43d10b3cc75742d574d1388039f2af6e1d88e974fa4e660dcfb83d354080,,UNVERIFIED
EP-12,Mortal Combat with the El Dorado,00:07:11,431,850757,https://animehistory.org/uploads/screencaps/outlaw-star-E012-Mortal-Combat-with-the-El-Dorado/cap_00-07-11_2cdc.jpg,Outlaw Star Ep 12: Mortal Combat with the El Dorado @ 00:07:11,https://animehistory.org/gallery/screencaps/outlaw-star/episode-12/,https://animehistory.org/gallery/screencaps/outlaw-star/episode-12/,1,2026-10-07T01:49:29.288286+00:00,4d3f43d10b3cc75742d574d1388039f2af6e1d88e974fa4e660dcfb83d354080,,UNVERIFIED
EP-12,Mortal Combat with the El Dorado,00:07:15,435,850758,https://animehistory.org/uploads/screencaps/outlaw-star-E012-Mortal-Combat-with-the-El-Dorado/cap_00-07-15_3d1a.jpg,Outlaw Star Ep 12: Mortal Combat with the El Dorado @ 00:07:15,https://animehistory.org/gallery/screencaps/outlaw-star/episode-12/,https://animehistory.org/gallery/screencaps/outlaw-star/episode-12/,1,2026-10-07T01:49:29.288286+00:00,4d3f43d10b3cc75742d574d1388039f2af6e1d88e974fa4e660dcfb83d354080,,UNVERIFIED
EP-12,Mortal Combat with the El Dorado,00:07:18,438,850759,https://animehistory.org/uploads/screencaps/outlaw-star-E012-Mortal-Combat-with-the-El-Dorado/cap_00-07-18_53f8.jpg,Outlaw Star Ep 12: Mortal Combat with the El Dorado @ 00:07:18,https://animehistory.org/gallery/screencaps/outlaw-star/episode-12/,https://animehistory.org/gallery/screencaps/outlaw-star/episode-12/,1,2026-10-07T01:49:29.288286+00:00,4d3f43d10b3cc75742d574d1388039f2af6e1d88e974fa4e660dcfb83d354080,,UNVERIFIED
EP-12,Mortal Combat with the El Dorado,00:07:22,442,850760,https://animehistory.org/uploads/screencaps/outlaw-star-E012-Mortal-Combat-with-the-El-Dorado/cap_00-07-22_57c3.jpg,Outlaw Star Ep 12: Mortal Combat with the El Dorado @ 00:07:22,https://animehistory.org/gallery/screencaps/outlaw-star/episode-12/,https://animehistory.org/gallery/screencaps/outlaw-star/episode-12/,1,2026-10-07T01:49:29.288286+00:00,4d3f43d10b3cc75742d574d1388039f2af6e1d88e974fa4e660dcfb83d354080,,UNVERIFIED
EP-12,Mortal Combat with the El Dorado,00:07:26,446,850761,https://animehistory.org/uploads/screencaps/outlaw-star-E012-Mortal-Combat-with-the-El-Dorado/cap_00-07-26_61a4.jpg,Outlaw Star Ep 12: Mortal Combat with the El Dorado @ 00:07:26,https://animehistory.org/gallery/screencaps/outlaw-star/episode-12/,https://animehistory.org/gallery/screencaps/outlaw-star/episode-12/,1,2026-10-07T01:49:29.288286+00:00,4d3f43d10b3cc75742d574d1388039f2af6e1d88e974fa4e660dcfb83d354080,,UNVERIFIED
EP-12,Mortal Combat with the El Dorado,00:07:29,449,850762,https://animehistory.org/uploads/screencaps/outlaw-star-E012-Mortal-Combat-with-the-El-Dorado/cap_00-07-29_36c3.jpg,Outlaw Star Ep 12: Mortal Combat with the El Dorado @ 00:07:29,https://animehistory.org/gallery/screencaps/outlaw-star/episode-12/,https://animehistory.org/gallery/screencaps/outlaw-star/episode-12/,1,2026-10-07T01:49:29.288286+00:00,4d3f43d10b3cc75742d574d1388039f2af6e1d88e974fa4e660dcfb83d354080,,UNVERIFIED
EP-12,Mortal Combat with the El Dorado,00:07:33,453,850763,https://animehistory.org/uploads/screencaps/outlaw-star-E012-Mortal-Combat-with-the-El-Dorado/cap_00-07-33_589a.jpg,Outlaw Star Ep 12: Mortal Combat with the El Dorado @ 00:07:33,https://animehistory.org/gallery/screencaps/outlaw-star/episode-12/,https://animehistory.org/gallery/screencaps/outlaw-star/episode-12/,1,2026-10-07T01:49:29.288286+00:00,4d3f43d10b3cc75742d574d1388039f2af6e1d88e974fa4e660dcfb83d354080,,UNVERIFIED
EP-12,Mortal Combat with the El Dorado,00:07:36,456,850764,https://animehistory.org/uploads/screencaps/outlaw-star-E012-Mortal-Combat-with-the-El-Dorado/cap_00-07-36_200a.jpg,Outlaw Star Ep 12: Mortal Combat with the El Dorado @ 00:07:36,https://animehistory.org/gallery/screencaps/outlaw-star/episode-12/,https://animehistory.org/gallery/screencaps/outlaw-star/episode-12/,1,2026-10-07T01:49:29.288286+00:00,4d3f43d10b3cc75742d574d1388039f2af6e1d88e974fa4e660dcfb83d354080,,UNVERIFIED
EP-12,Mortal Combat with the El Dorado,00:07:40,460,850765,https://animehistory.org/uploads/screencaps/outlaw-star-E012-Mortal-Combat-with-the-El-Dorado/cap_00-07-40_3816.jpg,Outlaw Star Ep 12: Mortal Combat with the El Dorado @ 00:07:40,https://animehistory.org/gallery/screencaps/outlaw-star/episode-12/,https://animehistory.org/gallery/screencaps/outlaw-star/episode-12/,1,2026-10-07T01:49:29.288286+00:00,4d3f43d10b3cc75742d574d1388039f2af6e1d88e974fa4e660dcfb83d354080,,UNVERIFIED
EP-12,Mortal Combat with the El Dorado,00:07:44,464,850766,https://animehistory.org/uploads/screencaps/outlaw-star-E012-Mortal-Combat-with-the-El-Dorado/cap_00-07-44_1471.jpg,Outlaw Star Ep 12: Mortal Combat with the El Dorado @ 00:07:44,https://animehistory.org/gallery/screencaps/outlaw-star/episode-12/,https://animehistory.org/gallery/screencaps/outlaw-star/episode-12/,1,2026-10-07T01:49:29.288286+00:00,4d3f43d10b3cc75742d574d1388039f2af6e1d88e974fa4e660dcfb83d354080,,UNVERIFIED
EP-12,Mortal Combat with the El Dorado,00:07:47,467,850767,https://animehistory.org/uploads/screencaps/outlaw-star-E012-Mortal-Combat-with-the-El-Dorado/cap_00-07-47_407b.jpg,Outlaw Star Ep 12: Mortal Combat with the El Dorado @ 00:07:47,https://animehistory.org/gallery/screencaps/outlaw-star/episode-12/,https://animehistory.org/gallery/screencaps/outlaw-star/episode-12/?page=2,2,2026-10-07T01:49:30.673375+00:00,982c0ceb7e8fff840e9a92b457052377cc9935ecf6a16a69ecc3123f132d77c3,,UNVERIFIED
EP-12,Mortal Combat with the El Dorado,00:07:51,471,850768,https://animehistory.org/uploads/screencaps/outlaw-star-E012-Mortal-Combat-with-the-El-Dorado/cap_00-07-51_778a.jpg,Outlaw Star Ep 12: Mortal Combat with the El Dorado @ 00:07:51,https://animehistory.org/gallery/screencaps/outlaw-star/episode-12/,https://animehistory.org/gallery/screencaps/outlaw-star/episode-12/?page=2,2,2026-10-07T01:49:30.673375+00:00,982c0ceb7e8fff840e9a92b457052377cc9935ecf6a16a69ecc3123f132d77c3,,UNVERIFIED
EP-12,Mortal Combat with the El Dorado,00:07:55,475,850769,https://animehistory.org/uploads/screencaps/outlaw-star-E012-Mortal-Combat-with-the-El-Dorado/cap_00-07-55_4f8c.jpg,Outlaw Star Ep 12: Mortal Combat with the El Dorado @ 00:07:55,https://animehistory.org/gallery/screencaps/outlaw-star/episode-12/,https://animehistory.org/gallery/screencaps/outlaw-star/episode-12/?page=2,2,2026-10-07T01:49:30.673375+00:00,982c0ceb7e8fff840e9a92b457052377cc9935ecf6a16a69ecc3123f132d77c3,,UNVERIFIED
EP-12,Mortal Combat with the El Dorado,00:07:58,478,850770,https://animehistory.org/uploads/screencaps/outlaw-star-E012-Mortal-Combat-with-the-El-Dorado/cap_00-07-58_556d.jpg,Outlaw Star Ep 12: Mortal Combat with the El Dorado @ 00:07:58,https://animehistory.org/gallery/screencaps/outlaw-star/episode-12/,https://animehistory.org/gallery/screencaps/outlaw-star/episode-12/?page=2,2,2026-10-07T01:49:30.673375+00:00,982c0ceb7e8fff840e9a92b457052377cc9935ecf6a16a69ecc3123f132d77c3,,UNVERIFIED
EP-12,Mortal Combat with the El Dorado,00:08:02,482,850771,https://animehistory.org/uploads/screencaps/outlaw-star-E012-Mortal-Combat-with-the-El-Dorado/cap_00-08-02_66b4.jpg,Outlaw Star Ep 12: Mortal Combat with the El Dorado @ 00:08:02,https://animehistory.org/gallery/screencaps/outlaw-star/episode-12/,https://animehistory.org/gallery/screencaps/outlaw-star/episode-12/?page=2,2,2026-10-07T01:49:30.673375+00:00,982c0ceb7e8fff840e9a92b457052377cc9935ecf6a16a69ecc3123f132d77c3,,UNVERIFIED
EP-12,Mortal Combat with the El Dorado,00:08:06,486,850772,https://animehistory.org/uploads/screencaps/outlaw-star-E012-Mortal-Combat-with-the-El-Dorado/cap_00-08-06_4756.jpg,Outlaw Star Ep 12: Mortal Combat with the El Dorado @ 00:08:06,https://animehistory.org/gallery/screencaps/outlaw-star/episode-12/,https://animehistory.org/gallery/screencaps/outlaw-star/episode-12/?page=2,2,2026-10-07T01:49:30.673375+00:00,982c0ceb7e8fff840e9a92b457052377cc9935ecf6a16a69ecc3123f132d77c3,,UNVERIFIED
EP-12,Mortal Combat with the El Dorado,00:08:09,489,850773,https://animehistory.org/uploads/screencaps/outlaw-star-E012-Mortal-Combat-with-the-El-Dorado/cap_00-08-09_0c93.jpg,Outlaw Star Ep 12: Mortal Combat with the El Dorado @ 00:08:09,https://animehistory.org/gallery/screencaps/outlaw-star/episode-12/,https://animehistory.org/gallery/screencaps/outlaw-star/episode-12/?page=2,2,2026-10-07T01:49:30.673375+00:00,982c0ceb7e8fff840e9a92b457052377cc9935ecf6a16a69ecc3123f132d77c3,,UNVERIFIED
EP-12,Mortal Combat with the El Dorado,00:08:13,493,850774,https://animehistory.org/uploads/screencaps/outlaw-star-E012-Mortal-Combat-with-the-El-Dorado/cap_00-08-13_733e.jpg,Outlaw Star Ep 12: Mortal Combat with the El Dorado @ 00:08:13,https://animehistory.org/gallery/screencaps/outlaw-star/episode-12/,https://animehistory.org/gallery/screencaps/outlaw-star/episode-12/?page=2,2,2026-10-07T01:49:30.673375+00:00,982c0ceb7e8fff840e9a92b457052377cc9935ecf6a16a69ecc3123f132d77c3,,UNVERIFIED
EP-12,Mortal Combat with the El Dorado,00:08:17,497,850775,https://animehistory.org/uploads/screencaps/outlaw-star-E012-Mortal-Combat-with-the-El-Dorado/cap_00-08-17_6533.jpg,Outlaw Star Ep 12: Mortal Combat with the El Dorado @ 00:08:17,https://animehistory.org/gallery/screencaps/outlaw-star/episode-12/,https://animehistory.org/gallery/screencaps/outlaw-star/episode-12/?page=2,2,2026-10-07T01:49:30.673375+00:00,982c0ceb7e8fff840e9a92b457052377cc9935ecf6a16a69ecc3123f132d77c3,,UNVERIFIED
EP-12,Mortal Combat with the El Dorado,00:08:20,500,850776,https://animehistory.org/uploads/screencaps/outlaw-star-E012-Mortal-Combat-with-the-El-Dorado/cap_00-08-20_1c2d.jpg,Outlaw Star Ep 12: Mortal Combat with the El Dorado @ 00:08:20,https://animehistory.org/gallery/screencaps/outlaw-star/episode-12/,https://animehistory.org/gallery/screencaps/outlaw-star/episode-12/?page=2,2,2026-10-07T01:49:30.673375+00:00,982c0ceb7e8fff840e9a92b457052377cc9935ecf6a16a69ecc3123f132d77c3,,UNVERIFIED
EP-12,Mortal Combat with the El Dorado,00:08:24,504,850777,https://animehistory.org/uploads/screencaps/outlaw-star-E012-Mortal-Combat-with-the-El-Dorado/cap_00-08-24_19e8.jpg,Outlaw Star Ep 12: Mortal Combat with the El Dorado @ 00:08:24,https://animehistory.org/gallery/screencaps/outlaw-star/episode-12/,https://animehistory.org/gallery/screencaps/outlaw-star/episode-12/?page=2,2,2026-10-07T01:49:30.673375+00:00,982c0ceb7e8fff840e9a92b457052377cc9935ecf6a16a69ecc3123f132d77c3,,UNVERIFIED
EP-12,Mortal Combat with the El Dorado,00:08:27,507,850778,https://animehistory.org/uploads/screencaps/outlaw-star-E012-Mortal-Combat-with-the-El-Dorado/cap_00-08-27_188c.jpg,Outlaw Star Ep 12: Mortal Combat with the El Dorado @ 00:08:27,https://animehistory.org/gallery/screencaps/outlaw-star/episode-12/,https://animehistory.org/gallery/screencaps/outlaw-star/episode-12/?page=2,2,2026-10-07T01:49:30.673375+00:00,982c0ceb7e8fff840e9a92b457052377cc9935ecf6a16a69ecc3123f132d77c3,,UNVERIFIED
EP-12,Mortal Combat with the El Dorado,00:08:31,511,850779,https://animehistory.org/uploads/screencaps/outlaw-star-E012-Mortal-Combat-with-the-El-Dorado/cap_00-08-31_5888.jpg,Outlaw Star Ep 12: Mortal Combat with the El Dorado @ 00:08:31,https://animehistory.org/gallery/screencaps/outlaw-star/episode-12/,https://animehistory.org/gallery/screencaps/outlaw-star/episode-12/?page=2,2,2026-10-07T01:49:30.673375+00:00,982c0ceb7e8fff840e9a92b457052377cc9935ecf6a16a69ecc3123f132d77c3,,UNVERIFIED
EP-12,Mortal Combat with the El Dorado,00:08:35,515,850780,https://animehistory.org/uploads/screencaps/outlaw-star-E012-Mortal-Combat-with-the-El-Dorado/cap_00-08-35_07ab.jpg,Outlaw Star Ep 12: Mortal Combat with the El Dorado @ 00:08:35,https://animehistory.org/gallery/screencaps/outlaw-star/episode-12/,https://animehistory.org/gallery/screencaps/outlaw-star/episode-12/?page=2,2,2026-10-07T01:49:30.673375+00:00,982c0ceb7e8fff840e9a92b457052377cc9935ecf6a16a69ecc3123f132d77c3,,UNVERIFIED
EP-12,Mortal Combat with the El Dorado,00:08:38,518,850781,https://animehistory.org/uploads/screencaps/outlaw-star-E012-Mortal-Combat-with-the-El-Dorado/cap_00-08-38_5503.jpg,Outlaw Star Ep 12: Mortal Combat with the El Dorado @ 00:08:38,https://animehistory.org/gallery/screencaps/outlaw-star/episode-12/,https://animehistory.org/gallery/screencaps/outlaw-star/episode-12/?page=2,2,2026-10-07T01:49:30.673375+00:00,982c0ceb7e8fff840e9a92b457052377cc9935ecf6a16a69ecc3123f132d77c3,,UNVERIFIED
EP-12,Mortal Combat with the El Dorado,00:08:42,522,850782,https://animehistory.org/uploads/screencaps/outlaw-star-E012-Mortal-Combat-with-the-El-Dorado/cap_00-08-42_36a4.jpg,Outlaw Star Ep 12: Mortal Combat with the El Dorado @ 00:08:42,https://animehistory.org/gallery/screencaps/outlaw-star/episode-12/,https://animehistory.org/gallery/screencaps/outlaw-star/episode-12/?page=2,2,2026-10-07T01:49:30.673375+00:00,982c0ceb7e8fff840e9a92b457052377cc9935ecf6a16a69ecc3123f132d77c3,,UNVERIFIED
EP-12,Mortal Combat with the El Dorado,00:08:46,526,850783,https://animehistory.org/uploads/screencaps/outlaw-star-E012-Mortal-Combat-with-the-El-Dorado/cap_00-08-46_2921.jpg,Outlaw Star Ep 12: Mortal Combat with the El Dorado @ 00:08:46,https://animehistory.org/gallery/screencaps/outlaw-star/episode-12/,https://animehistory.org/gallery/screencaps/outlaw-star/episode-12/?page=2,2,2026-10-07T01:49:30.673375+00:00,982c0ceb7e8fff840e9a92b457052377cc9935ecf6a16a69ecc3123f132d77c3,,UNVERIFIED
EP-12,Mortal Combat with the El Dorado,00:08:49,529,850784,https://animehistory.org/uploads/screencaps/outlaw-star-E012-Mortal-Combat-with-the-El-Dorado/cap_00-08-49_58d4.jpg,Outlaw Star Ep 12: Mortal Combat with the El Dorado @ 00:08:49,https://animehistory.org/gallery/screencaps/outlaw-star/episode-12/,https://animehistory.org/gallery/screencaps/outlaw-star/episode-12/?page=2,2,2026-10-07T01:49:30.673375+00:00,982c0ceb7e8fff840e9a92b457052377cc9935ecf6a16a69ecc3123f132d77c3,,UNVERIFIED
EP-12,Mortal Combat with the El Dorado,00:08:53,533,850785,https://animehistory.org/uploads/screencaps/outlaw-star-E012-Mortal-Combat-with-the-El-Dorado/cap_00-08-53_6e19.jpg,Outlaw Star Ep 12: Mortal Combat with the El Dorado @ 00:08:53,https://animehistory.org/gallery/screencaps/outlaw-star/episode-12/,https://animehistory.org/gallery/screencaps/outlaw-star/episode-12/?page=2,2,2026-10-07T01:49:30.673375+00:00,982c0ceb7e8fff840e9a92b457052377cc9935ecf6a16a69ecc3123f132d77c3,,UNVERIFIED
EP-12,Mortal Combat with the El Dorado,00:08:57,537,850786,https://animehistory.org/uploads/screencaps/outlaw-star-E012-Mortal-Combat-with-the-El-Dorado/cap_00-08-57_0588.jpg,Outlaw Star Ep 12: Mortal Combat with the El Dorado @ 00:08:57,https://animehistory.org/gallery/screencaps/outlaw-star/episode-12/,https://animehistory.org/gallery/screencaps/outlaw-star/episode-12/?page=2,2,2026-10-07T01:49:30.673375+00:00,982c0ceb7e8fff840e9a92b457052377cc9935ecf6a16a69ecc3123f132d77c3,,UNVERIFIED
EP-12,Mortal Combat with the El Dorado,00:09:00,540,850787,https://animehistory.org/uploads/screencaps/outlaw-star-E012-Mortal-Combat-with-the-El-Dorado/cap_00-09-00_66e2.jpg,Outlaw Star Ep 12: Mortal Combat with the El Dorado @ 00:09:00,https://animehistory.org/gallery/screencaps/outlaw-star/episode-12/,https://animehistory.org/gallery/screencaps/outlaw-star/episode-12/?page=2,2,2026-10-07T01:49:30.673375+00:00,982c0ceb7e8fff840e9a92b457052377cc9935ecf6a16a69ecc3123f132d77c3,,UNVERIFIED
EP-12,Mortal Combat with the El Dorado,00:09:04,544,850788,https://animehistory.org/uploads/screencaps/outlaw-star-E012-Mortal-Combat-with-the-El-Dorado/cap_00-09-04_62d4.jpg,Outlaw Star Ep 12: Mortal Combat with the El Dorado @ 00:09:04,https://animehistory.org/gallery/screencaps/outlaw-star/episode-12/,https://animehistory.org/gallery/screencaps/outlaw-star/episode-12/?page=2,2,2026-10-07T01:49:30.673375+00:00,982c0ceb7e8fff840e9a92b457052377cc9935ecf6a16a69ecc3123f132d77c3,,UNVERIFIED
EP-12,Mortal Combat with the El Dorado,00:09:07,547,850789,https://animehistory.org/uploads/screencaps/outlaw-star-E012-Mortal-Combat-with-the-El-Dorado/cap_00-09-07_57b6.jpg,Outlaw Star Ep 12: Mortal Combat with the El Dorado @ 00:09:07,https://animehistory.org/gallery/screencaps/outlaw-star/episode-12/,https://animehistory.org/gallery/screencaps/outlaw-star/episode-12/?page=2,2,2026-10-07T01:49:30.673375+00:00,982c0ceb7e8fff840e9a92b457052377cc9935ecf6a16a69ecc3123f132d77c3,,UNVERIFIED
EP-12,Mortal Combat with the El Dorado,00:09:11,551,850790,https://animehistory.org/uploads/screencaps/outlaw-star-E012-Mortal-Combat-with-the-El-Dorado/cap_00-09-11_1931.jpg,Outlaw Star Ep 12: Mortal Combat with the El Dorado @ 00:09:11,https://animehistory.org/gallery/screencaps/outlaw-star/episode-12/,https://animehistory.org/gallery/screencaps/outlaw-star/episode-12/?page=2,2,2026-10-07T01:49:30.673375+00:00,982c0ceb7e8fff840e9a92b457052377cc9935ecf6a16a69ecc3123f132d77c3,,UNVERIFIED
EP-12,Mortal Combat with the El Dorado,00:09:15,555,850791,https://animehistory.org/uploads/screencaps/outlaw-star-E012-Mortal-Combat-with-the-El-Dorado/cap_00-09-15_740f.jpg,Outlaw Star Ep 12: Mortal Combat with the El Dorado @ 00:09:15,https://animehistory.org/gallery/screencaps/outlaw-star/episode-12/,https://animehistory.org/gallery/screencaps/outlaw-star/episode-12/?page=2,2,2026-10-07T01:49:30.673375+00:00,982c0ceb7e8fff840e9a92b457052377cc9935ecf6a16a69ecc3123f132d77c3,,UNVERIFIED
EP-12,Mortal Combat with the El Dorado,00:09:18,558,850792,https://animehistory.org/uploads/screencaps/outlaw-star-E012-Mortal-Combat-with-the-El-Dorado/cap_00-09-18_6716.jpg,Outlaw Star Ep 12: Mortal Combat with the El Dorado @ 00:09:18,https://animehistory.org/gallery/screencaps/outlaw-star/episode-12/,https://animehistory.org/gallery/screencaps/outlaw-star/episode-12/?page=2,2,2026-10-07T01:49:30.673375+00:00,982c0ceb7e8fff840e9a92b457052377cc9935ecf6a16a69ecc3123f132d77c3,,UNVERIFIED
EP-12,Mortal Combat with the El Dorado,00:09:22,562,850793,https://animehistory.org/uploads/screencaps/outlaw-star-E012-Mortal-Combat-with-the-El-Dorado/cap_00-09-22_7c78.jpg,Outlaw Star Ep 12: Mortal Combat with the El Dorado @ 00:09:22,https://animehistory.org/gallery/screencaps/outlaw-star/episode-12/,https://animehistory.org/gallery/screencaps/outlaw-star/episode-12/?page=2,2,2026-10-07T01:49:30.673375+00:00,982c0ceb7e8fff840e9a92b457052377cc9935ecf6a16a69ecc3123f132d77c3,,UNVERIFIED
EP-12,Mortal Combat with the El Dorado,00:09:26,566,850794,https://animehistory.org/uploads/screencaps/outlaw-star-E012-Mortal-Combat-with-the-El-Dorado/cap_00-09-26_5144.jpg,Outlaw Star Ep 12: Mortal Combat with the El Dorado @ 00:09:26,https://animehistory.org/gallery/screencaps/outlaw-star/episode-12/,https://animehistory.org/gallery/screencaps/outlaw-star/episode-12/?page=2,2,2026-10-07T01:49:30.673375+00:00,982c0ceb7e8fff840e9a92b457052377cc9935ecf6a16a69ecc3123f132d77c3,,UNVERIFIED
EP-12,Mortal Combat with the El Dorado,00:09:29,569,850795,https://animehistory.org/uploads/screencaps/outlaw-star-E012-Mortal-Combat-with-the-El-Dorado/cap_00-09-29_0924.jpg,Outlaw Star Ep 12: Mortal Combat with the El Dorado @ 00:09:29,https://animehistory.org/gallery/screencaps/outlaw-star/episode-12/,https://animehistory.org/gallery/screencaps/outlaw-star/episode-12/?page=2,2,2026-10-07T01:49:30.673375+00:00,982c0ceb7e8fff840e9a92b457052377cc9935ecf6a16a69ecc3123f132d77c3,,UNVERIFIED
EP-12,Mortal Combat with the El Dorado,00:09:33,573,850796,https://animehistory.org/uploads/screencaps/outlaw-star-E012-Mortal-Combat-with-the-El-Dorado/cap_00-09-33_794d.jpg,Outlaw Star Ep 12: Mortal Combat with the El Dorado @ 00:09:33,https://animehistory.org/gallery/screencaps/outlaw-star/episode-12/,https://animehistory.org/gallery/screencaps/outlaw-star/episode-12/?page=2,2,2026-10-07T01:49:30.673375+00:00,982c0ceb7e8fff840e9a92b457052377cc9935ecf6a16a69ecc3123f132d77c3,,UNVERIFIED
EP-12,Mortal Combat with the El Dorado,00:09:37,577,850797,https://animehistory.org/uploads/screencaps/outlaw-star-E012-Mortal-Combat-with-the-El-Dorado/cap_00-09-37_1ae2.jpg,Outlaw Star Ep 12: Mortal Combat with the El Dorado @ 00:09:37,https://animehistory.org/gallery/screencaps/outlaw-star/episode-12/,https://animehistory.org/gallery/screencaps/outlaw-star/episode-12/?page=2,2,2026-10-07T01:49:30.673375+00:00,982c0ceb7e8fff840e9a92b457052377cc9935ecf6a16a69ecc3123f132d77c3,,UNVERIFIED
EP-12,Mortal Combat with the El Dorado,00:09:40,580,850798,https://animehistory.org/uploads/screencaps/outlaw-star-E012-Mortal-Combat-with-the-El-Dorado/cap_00-09-40_7dd6.jpg,Outlaw Star Ep 12: Mortal Combat with the El Dorado @ 00:09:40,https://animehistory.org/gallery/screencaps/outlaw-star/episode-12/,https://animehistory.org/gallery/screencaps/outlaw-star/episode-12/?page=2,2,2026-10-07T01:49:30.673375+00:00,982c0ceb7e8fff840e9a92b457052377cc9935ecf6a16a69ecc3123f132d77c3,,UNVERIFIED
EP-12,Mortal Combat with the El Dorado,00:09:44,584,850799,https://animehistory.org/uploads/screencaps/outlaw-star-E012-Mortal-Combat-with-the-El-Dorado/cap_00-09-44_144f.jpg,Outlaw Star Ep 12: Mortal Combat with the El Dorado @ 00:09:44,https://animehistory.org/gallery/screencaps/outlaw-star/episode-12/,https://animehistory.org/gallery/screencaps/outlaw-star/episode-12/?page=2,2,2026-10-07T01:49:30.673375+00:00,982c0ceb7e8fff840e9a92b457052377cc9935ecf6a16a69ecc3123f132d77c3,,UNVERIFIED
EP-12,Mortal Combat with the El Dorado,00:09:48,588,850800,https://animehistory.org/uploads/screencaps/outlaw-star-E012-Mortal-Combat-with-the-El-Dorado/cap_00-09-48_10d2.jpg,Outlaw Star Ep 12: Mortal Combat with the El Dorado @ 00:09:48,https://animehistory.org/gallery/screencaps/outlaw-star/episode-12/,https://animehistory.org/gallery/screencaps/outlaw-star/episode-12/?page=2,2,2026-10-07T01:49:30.673375+00:00,982c0ceb7e8fff840e9a92b457052377cc9935ecf6a16a69ecc3123f132d77c3,,UNVERIFIED
EP-12,Mortal Combat with the El Dorado,00:09:51,591,850801,https://animehistory.org/uploads/screencaps/outlaw-star-E012-Mortal-Combat-with-the-El-Dorado/cap_00-09-51_50b9.jpg,Outlaw Star Ep 12: Mortal Combat with the El Dorado @ 00:09:51,https://animehistory.org/gallery/screencaps/outlaw-star/episode-12/,https://animehistory.org/gallery/screencaps/outlaw-star/episode-12/?page=2,2,2026-10-07T01:49:30.673375+00:00,982c0ceb7e8fff840e9a92b457052377cc9935ecf6a16a69ecc3123f132d77c3,,UNVERIFIED
EP-12,Mortal Combat with the El Dorado,00:09:55,595,850802,https://animehistory.org/uploads/screencaps/outlaw-star-E012-Mortal-Combat-with-the-El-Dorado/cap_00-09-55_15d7.jpg,Outlaw Star Ep 12: Mortal Combat with the El Dorado @ 00:09:55,https://animehistory.org/gallery/screencaps/outlaw-star/episode-12/,https://animehistory.org/gallery/screencaps/outlaw-star/episode-12/?page=2,2,2026-10-07T01:49:30.673375+00:00,982c0ceb7e8fff840e9a92b457052377cc9935ecf6a16a69ecc3123f132d77c3,,UNVERIFIED
EP-12,Mortal Combat with the El Dorado,00:09:58,598,850803,https://animehistory.org/uploads/screencaps/outlaw-star-E012-Mortal-Combat-with-the-El-Dorado/cap_00-09-58_0a83.jpg,Outlaw Star Ep 12: Mortal Combat with the El Dorado @ 00:09:58,https://animehistory.org/gallery/screencaps/outlaw-star/episode-12/,https://animehistory.org/gallery/screencaps/outlaw-star/episode-12/?page=2,2,2026-10-07T01:49:30.673375+00:00,982c0ceb7e8fff840e9a92b457052377cc9935ecf6a16a69ecc3123f132d77c3,,UNVERIFIED
EP-12,Mortal Combat with the El Dorado,00:10:02,602,850804,https://animehistory.org/uploads/screencaps/outlaw-star-E012-Mortal-Combat-with-the-El-Dorado/cap_00-10-02_4820.jpg,Outlaw Star Ep 12: Mortal Combat with the El Dorado @ 00:10:02,https://animehistory.org/gallery/screencaps/outlaw-star/episode-12/,https://animehistory.org/gallery/screencaps/outlaw-star/episode-12/?page=2,2,2026-10-07T01:49:30.673375+00:00,982c0ceb7e8fff840e9a92b457052377cc9935ecf6a16a69ecc3123f132d77c3,,UNVERIFIED
EP-12,Mortal Combat with the El Dorado,00:10:06,606,850805,https://animehistory.org/uploads/screencaps/outlaw-star-E012-Mortal-Combat-with-the-El-Dorado/cap_00-10-06_6c7e.jpg,Outlaw Star Ep 12: Mortal Combat with the El Dorado @ 00:10:06,https://animehistory.org/gallery/screencaps/outlaw-star/episode-12/,https://animehistory.org/gallery/screencaps/outlaw-star/episode-12/?page=2,2,2026-10-07T01:49:30.673375+00:00,982c0ceb7e8fff840e9a92b457052377cc9935ecf6a16a69ecc3123f132d77c3,,UNVERIFIED
EP-12,Mortal Combat with the El Dorado,00:10:09,609,850806,https://animehistory.org/uploads/screencaps/outlaw-star-E012-Mortal-Combat-with-the-El-Dorado/cap_00-10-09_5a8c.jpg,Outlaw Star Ep 12: Mortal Combat with the El Dorado @ 00:10:09,https://animehistory.org/gallery/screencaps/outlaw-star/episode-12/,https://animehistory.org/gallery/screencaps/outlaw-star/episode-12/?page=2,2,2026-10-07T01:49:30.673375+00:00,982c0ceb7e8fff840e9a92b457052377cc9935ecf6a16a69ecc3123f132d77c3,,UNVERIFIED
EP-12,Mortal Combat with the El Dorado,00:10:13,613,850807,https://animehistory.org/uploads/screencaps/outlaw-star-E012-Mortal-Combat-with-the-El-Dorado/cap_00-10-13_3be1.jpg,Outlaw Star Ep 12: Mortal Combat with the El Dorado @ 00:10:13,https://animehistory.org/gallery/screencaps/outlaw-star/episode-12/,https://animehistory.org/gallery/screencaps/outlaw-star/episode-12/?page=2,2,2026-10-07T01:49:30.673375+00:00,982c0ceb7e8fff840e9a92b457052377cc9935ecf6a16a69ecc3123f132d77c3,,UNVERIFIED
EP-12,Mortal Combat with the El Dorado,00:10:17,617,850808,https://animehistory.org/uploads/screencaps/outlaw-star-E012-Mortal-Combat-with-the-El-Dorado/cap_00-10-17_3ed0.jpg,Outlaw Star Ep 12: Mortal Combat with the El Dorado @ 00:10:17,https://animehistory.org/gallery/screencaps/outlaw-star/episode-12/,https://animehistory.org/gallery/screencaps/outlaw-star/episode-12/?page=2,2,2026-10-07T01:49:30.673375+00:00,982c0ceb7e8fff840e9a92b457052377cc9935ecf6a16a69ecc3123f132d77c3,,UNVERIFIED
EP-12,Mortal Combat with the El Dorado,00:10:20,620,850809,https://animehistory.org/uploads/screencaps/outlaw-star-E012-Mortal-Combat-with-the-El-Dorado/cap_00-10-20_2133.jpg,Outlaw Star Ep 12: Mortal Combat with the El Dorado @ 00:10:20,https://animehistory.org/gallery/screencaps/outlaw-star/episode-12/,https://animehistory.org/gallery/screencaps/outlaw-star/episode-12/?page=2,2,2026-10-07T01:49:30.673375+00:00,982c0ceb7e8fff840e9a92b457052377cc9935ecf6a16a69ecc3123f132d77c3,,UNVERIFIED
EP-12,Mortal Combat with the El Dorado,00:10:24,624,850810,https://animehistory.org/uploads/screencaps/outlaw-star-E012-Mortal-Combat-with-the-El-Dorado/cap_00-10-24_6dfc.jpg,Outlaw Star Ep 12: Mortal Combat with the El Dorado @ 00:10:24,https://animehistory.org/gallery/screencaps/outlaw-star/episode-12/,https://animehistory.org/gallery/screencaps/outlaw-star/episode-12/?page=2,2,2026-10-07T01:49:30.673375+00:00,982c0ceb7e8fff840e9a92b457052377cc9935ecf6a16a69ecc3123f132d77c3,,UNVERIFIED
EP-12,Mortal Combat with the El Dorado,00:10:28,628,850811,https://animehistory.org/uploads/screencaps/outlaw-star-E012-Mortal-Combat-with-the-El-Dorado/cap_00-10-28_2679.jpg,Outlaw Star Ep 12: Mortal Combat with the El Dorado @ 00:10:28,https://animehistory.org/gallery/screencaps/outlaw-star/episode-12/,https://animehistory.org/gallery/screencaps/outlaw-star/episode-12/?page=2,2,2026-10-07T01:49:30.673375+00:00,982c0ceb7e8fff840e9a92b457052377cc9935ecf6a16a69ecc3123f132d77c3,,UNVERIFIED
EP-12,Mortal Combat with the El Dorado,00:10:31,631,850812,https://animehistory.org/uploads/screencaps/outlaw-star-E012-Mortal-Combat-with-the-El-Dorado/cap_00-10-31_57e7.jpg,Outlaw Star Ep 12: Mortal Combat with the El Dorado @ 00:10:31,https://animehistory.org/gallery/screencaps/outlaw-star/episode-12/,https://animehistory.org/gallery/screencaps/outlaw-star/episode-12/?page=2,2,2026-10-07T01:49:30.673375+00:00,982c0ceb7e8fff840e9a92b457052377cc9935ecf6a16a69ecc3123f132d77c3,,UNVERIFIED
EP-12,Mortal Combat with the El Dorado,00:10:35,635,850813,https://animehistory.org/uploads/screencaps/outlaw-star-E012-Mortal-Combat-with-the-El-Dorado/cap_00-10-35_3087.jpg,Outlaw Star Ep 12: Mortal Combat with the El Dorado @ 00:10:35,https://animehistory.org/gallery/screencaps/outlaw-star/episode-12/,https://animehistory.org/gallery/screencaps/outlaw-star/episode-12/?page=2,2,2026-10-07T01:49:30.673375+00:00,982c0ceb7e8fff840e9a92b457052377cc9935ecf6a16a69ecc3123f132d77c3,,UNVERIFIED
EP-12,Mortal Combat with the El Dorado,00:10:39,639,850814,https://animehistory.org/uploads/screencaps/outlaw-star-E012-Mortal-Combat-with-the-El-Dorado/cap_00-10-39_34b1.jpg,Outlaw Star Ep 12: Mortal Combat with the El Dorado @ 00:10:39,https://animehistory.org/gallery/screencaps/outlaw-star/episode-12/,https://animehistory.org/gallery/screencaps/outlaw-star/episode-12/?page=2,2,2026-10-07T01:49:30.673375+00:00,982c0ceb7e8fff840e9a92b457052377cc9935ecf6a16a69ecc3123f132d77c3,,UNVERIFIED
EP-12,Mortal Combat with the El Dorado,00:10:42,642,850815,https://animehistory.org/uploads/screencaps/outlaw-star-E012-Mortal-Combat-with-the-El-Dorado/cap_00-10-42_767b.jpg,Outlaw Star Ep 12: Mortal Combat with the El Dorado @ 00:10:42,https://animehistory.org/gallery/screencaps/outlaw-star/episode-12/,https://animehistory.org/gallery/screencaps/outlaw-star/episode-12/?page=2,2,2026-10-07T01:49:30.673375+00:00,982c0ceb7e8fff840e9a92b457052377cc9935ecf6a16a69ecc3123f132d77c3,,UNVERIFIED
EP-12,Mortal Combat with the El Dorado,00:10:46,646,850816,https://animehistory.org/uploads/screencaps/outlaw-star-E012-Mortal-Combat-with-the-El-Dorado/cap_00-10-46_0e1b.jpg,Outlaw Star Ep 12: Mortal Combat with the El Dorado @ 00:10:46,https://animehistory.org/gallery/screencaps/outlaw-star/episode-12/,https://animehistory.org/gallery/screencaps/outlaw-star/episode-12/?page=2,2,2026-10-07T01:49:30.673375+00:00,982c0ceb7e8fff840e9a92b457052377cc9935ecf6a16a69ecc3123f132d77c3,,UNVERIFIED
EP-12,Mortal Combat with the El Dorado,00:10:49,649,850817,https://animehistory.org/uploads/screencaps/outlaw-star-E012-Mortal-Combat-with-the-El-Dorado/cap_00-10-49_6aaa.jpg,Outlaw Star Ep 12: Mortal Combat with the El Dorado @ 00:10:49,https://animehistory.org/gallery/screencaps/outlaw-star/episode-12/,https://animehistory.org/gallery/screencaps/outlaw-star/episode-12/?page=2,2,2026-10-07T01:49:30.673375+00:00,982c0ceb7e8fff840e9a92b457052377cc9935ecf6a16a69ecc3123f132d77c3,,UNVERIFIED
EP-12,Mortal Combat with the El Dorado,00:10:53,653,850818,https://animehistory.org/uploads/screencaps/outlaw-star-E012-Mortal-Combat-with-the-El-Dorado/cap_00-10-53_5a2e.jpg,Outlaw Star Ep 12: Mortal Combat with the El Dorado @ 00:10:53,https://animehistory.org/gallery/screencaps/outlaw-star/episode-12/,https://animehistory.org/gallery/screencaps/outlaw-star/episode-12/?page=2,2,2026-10-07T01:49:30.673375+00:00,982c0ceb7e8fff840e9a92b457052377cc9935ecf6a16a69ecc3123f132d77c3,,UNVERIFIED
EP-12,Mortal Combat with the El Dorado,00:10:57,657,850819,https://animehistory.org/uploads/screencaps/outlaw-star-E012-Mortal-Combat-with-the-El-Dorado/cap_00-10-57_5de8.jpg,Outlaw Star Ep 12: Mortal Combat with the El Dorado @ 00:10:57,https://animehistory.org/gallery/screencaps/outlaw-star/episode-12/,https://animehistory.org/gallery/screencaps/outlaw-star/episode-12/?page=2,2,2026-10-07T01:49:30.673375+00:00,982c0ceb7e8fff840e9a92b457052377cc9935ecf6a16a69ecc3123f132d77c3,,UNVERIFIED
EP-12,Mortal Combat with the El Dorado,00:11:00,660,850820,https://animehistory.org/uploads/screencaps/outlaw-star-E012-Mortal-Combat-with-the-El-Dorado/cap_00-11-00_17df.jpg,Outlaw Star Ep 12: Mortal Combat with the El Dorado @ 00:11:00,https://animehistory.org/gallery/screencaps/outlaw-star/episode-12/,https://animehistory.org/gallery/screencaps/outlaw-star/episode-12/?page=2,2,2026-10-07T01:49:30.673375+00:00,982c0ceb7e8fff840e9a92b457052377cc9935ecf6a16a69ecc3123f132d77c3,,UNVERIFIED
EP-12,Mortal Combat with the El Dorado,00:11:04,664,850821,https://animehistory.org/uploads/screencaps/outlaw-star-E012-Mortal-Combat-with-the-El-Dorado/cap_00-11-04_10ee.jpg,Outlaw Star Ep 12: Mortal Combat with the El Dorado @ 00:11:04,https://animehistory.org/gallery/screencaps/outlaw-star/episode-12/,https://animehistory.org/gallery/screencaps/outlaw-star/episode-12/?page=2,2,2026-10-07T01:49:30.673375+00:00,982c0ceb7e8fff840e9a92b457052377cc9935ecf6a16a69ecc3123f132d77c3,,UNVERIFIED
EP-12,Mortal Combat with the El Dorado,00:11:08,668,850822,https://animehistory.org/uploads/screencaps/outlaw-star-E012-Mortal-Combat-with-the-El-Dorado/cap_00-11-08_07d9.jpg,Outlaw Star Ep 12: Mortal Combat with the El Dorado @ 00:11:08,https://animehistory.org/gallery/screencaps/outlaw-star/episode-12/,https://animehistory.org/gallery/screencaps/outlaw-star/episode-12/?page=2,2,2026-10-07T01:49:30.673375+00:00,982c0ceb7e8fff840e9a92b457052377cc9935ecf6a16a69ecc3123f132d77c3,,UNVERIFIED
EP-12,Mortal Combat with the El Dorado,00:11:11,671,850823,https://animehistory.org/uploads/screencaps/outlaw-star-E012-Mortal-Combat-with-the-El-Dorado/cap_00-11-11_6115.jpg,Outlaw Star Ep 12: Mortal Combat with the El Dorado @ 00:11:11,https://animehistory.org/gallery/screencaps/outlaw-star/episode-12/,https://animehistory.org/gallery/screencaps/outlaw-star/episode-12/?page=2,2,2026-10-07T01:49:30.673375+00:00,982c0ceb7e8fff840e9a92b457052377cc9935ecf6a16a69ecc3123f132d77c3,,UNVERIFIED
EP-12,Mortal Combat with the El Dorado,00:11:15,675,850824,https://animehistory.org/uploads/screencaps/outlaw-star-E012-Mortal-Combat-with-the-El-Dorado/cap_00-11-15_1bab.jpg,Outlaw Star Ep 12: Mortal Combat with the El Dorado @ 00:11:15,https://animehistory.org/gallery/screencaps/outlaw-star/episode-12/,https://animehistory.org/gallery/screencaps/outlaw-star/episode-12/?page=2,2,2026-10-07T01:49:30.673375+00:00,982c0ceb7e8fff840e9a92b457052377cc9935ecf6a16a69ecc3123f132d77c3,,UNVERIFIED
EP-12,Mortal Combat with the El Dorado,00:11:19,679,850825,https://animehistory.org/uploads/screencaps/outlaw-star-E012-Mortal-Combat-with-the-El-Dorado/cap_00-11-19_6357.jpg,Outlaw Star Ep 12: Mortal Combat with the El Dorado @ 00:11:19,https://animehistory.org/gallery/screencaps/outlaw-star/episode-12/,https://animehistory.org/gallery/screencaps/outlaw-star/episode-12/?page=2,2,2026-10-07T01:49:30.673375+00:00,982c0ceb7e8fff840e9a92b457052377cc9935ecf6a16a69ecc3123f132d77c3,,UNVERIFIED
EP-12,Mortal Combat with the El Dorado,00:11:22,682,850826,https://animehistory.org/uploads/screencaps/outlaw-star-E012-Mortal-Combat-with-the-El-Dorado/cap_00-11-22_7601.jpg,Outlaw Star Ep 12: Mortal Combat with the El Dorado @ 00:11:22,https://animehistory.org/gallery/screencaps/outlaw-star/episode-12/,https://animehistory.org/gallery/screencaps/outlaw-star/episode-12/?page=2,2,2026-10-07T01:49:30.673375+00:00,982c0ceb7e8fff840e9a92b457052377cc9935ecf6a16a69ecc3123f132d77c3,,UNVERIFIED
EP-12,Mortal Combat with the El Dorado,00:11:26,686,850827,https://animehistory.org/uploads/screencaps/outlaw-star-E012-Mortal-Combat-with-the-El-Dorado/cap_00-11-26_3b1a.jpg,Outlaw Star Ep 12: Mortal Combat with the El Dorado @ 00:11:26,https://animehistory.org/gallery/screencaps/outlaw-star/episode-12/,https://animehistory.org/gallery/screencaps/outlaw-star/episode-12/?page=2,2,2026-10-07T01:49:30.673375+00:00,982c0ceb7e8fff840e9a92b457052377cc9935ecf6a16a69ecc3123f132d77c3,,UNVERIFIED
EP-12,Mortal Combat with the El Dorado,00:11:30,690,850828,https://animehistory.org/uploads/screencaps/outlaw-star-E012-Mortal-Combat-with-the-El-Dorado/cap_00-11-30_670f.jpg,Outlaw Star Ep 12: Mortal Combat with the El Dorado @ 00:11:30,https://animehistory.org/gallery/screencaps/outlaw-star/episode-12/,https://animehistory.org/gallery/screencaps/outlaw-star/episode-12/?page=2,2,2026-10-07T01:49:30.673375+00:00,982c0ceb7e8fff840e9a92b457052377cc9935ecf6a16a69ecc3123f132d77c3,,UNVERIFIED
EP-12,Mortal Combat with the El Dorado,00:11:33,693,850829,https://animehistory.org/uploads/screencaps/outlaw-star-E012-Mortal-Combat-with-the-El-Dorado/cap_00-11-33_64d2.jpg,Outlaw Star Ep 12: Mortal Combat with the El Dorado @ 00:11:33,https://animehistory.org/gallery/screencaps/outlaw-star/episode-12/,https://animehistory.org/gallery/screencaps/outlaw-star/episode-12/?page=2,2,2026-10-07T01:49:30.673375+00:00,982c0ceb7e8fff840e9a92b457052377cc9935ecf6a16a69ecc3123f132d77c3,,UNVERIFIED
EP-12,Mortal Combat with the El Dorado,00:11:37,697,850830,https://animehistory.org/uploads/screencaps/outlaw-star-E012-Mortal-Combat-with-the-El-Dorado/cap_00-11-37_165a.jpg,Outlaw Star Ep 12: Mortal Combat with the El Dorado @ 00:11:37,https://animehistory.org/gallery/screencaps/outlaw-star/episode-12/,https://animehistory.org/gallery/screencaps/outlaw-star/episode-12/?page=2,2,2026-10-07T01:49:30.673375+00:00,982c0ceb7e8fff840e9a92b457052377cc9935ecf6a16a69ecc3123f132d77c3,,UNVERIFIED
EP-12,Mortal Combat with the El Dorado,00:11:40,700,850831,https://animehistory.org/uploads/screencaps/outlaw-star-E012-Mortal-Combat-with-the-El-Dorado/cap_00-11-40_188b.jpg,Outlaw Star Ep 12: Mortal Combat with the El Dorado @ 00:11:40,https://animehistory.org/gallery/screencaps/outlaw-star/episode-12/,https://animehistory.org/gallery/screencaps/outlaw-star/episode-12/?page=2,2,2026-10-07T01:49:30.673375+00:00,982c0ceb7e8fff840e9a92b457052377cc9935ecf6a16a69ecc3123f132d77c3,,UNVERIFIED
EP-12,Mortal Combat with the El Dorado,00:11:44,704,850832,https://animehistory.org/uploads/screencaps/outlaw-star-E012-Mortal-Combat-with-the-El-Dorado/cap_00-11-44_7499.jpg,Outlaw Star Ep 12: Mortal Combat with the El Dorado @ 00:11:44,https://animehistory.org/gallery/screencaps/outlaw-star/episode-12/,https://animehistory.org/gallery/screencaps/outlaw-star/episode-12/?page=2,2,2026-10-07T01:49:30.673375+00:00,982c0ceb7e8fff840e9a92b457052377cc9935ecf6a16a69ecc3123f132d77c3,,UNVERIFIED
EP-12,Mortal Combat with the El Dorado,00:11:48,708,850833,https://animehistory.org/uploads/screencaps/outlaw-star-E012-Mortal-Combat-with-the-El-Dorado/cap_00-11-48_0617.jpg,Outlaw Star Ep 12: Mortal Combat with the El Dorado @ 00:11:48,https://animehistory.org/gallery/screencaps/outlaw-star/episode-12/,https://animehistory.org/gallery/screencaps/outlaw-star/episode-12/?page=2,2,2026-10-07T01:49:30.673375+00:00,982c0ceb7e8fff840e9a92b457052377cc9935ecf6a16a69ecc3123f132d77c3,,UNVERIFIED
EP-12,Mortal Combat with the El Dorado,00:11:51,711,850834,https://animehistory.org/uploads/screencaps/outlaw-star-E012-Mortal-Combat-with-the-El-Dorado/cap_00-11-51_6f5d.jpg,Outlaw Star Ep 12: Mortal Combat with the El Dorado @ 00:11:51,https://animehistory.org/gallery/screencaps/outlaw-star/episode-12/,https://animehistory.org/gallery/screencaps/outlaw-star/episode-12/?page=2,2,2026-10-07T01:49:30.673375+00:00,982c0ceb7e8fff840e9a92b457052377cc9935ecf6a16a69ecc3123f132d77c3,,UNVERIFIED
EP-12,Mortal Combat with the El Dorado,00:11:55,715,850835,https://animehistory.org/uploads/screencaps/outlaw-star-E012-Mortal-Combat-with-the-El-Dorado/cap_00-11-55_6170.jpg,Outlaw Star Ep 12: Mortal Combat with the El Dorado @ 00:11:55,https://animehistory.org/gallery/screencaps/outlaw-star/episode-12/,https://animehistory.org/gallery/screencaps/outlaw-star/episode-12/?page=2,2,2026-10-07T01:49:30.673375+00:00,982c0ceb7e8fff840e9a92b457052377cc9935ecf6a16a69ecc3123f132d77c3,,UNVERIFIED
EP-12,Mortal Combat with the El Dorado,00:11:59,719,850836,https://animehistory.org/uploads/screencaps/outlaw-star-E012-Mortal-Combat-with-the-El-Dorado/cap_00-11-59_5d2b.jpg,Outlaw Star Ep 12: Mortal Combat with the El Dorado @ 00:11:59,https://animehistory.org/gallery/screencaps/outlaw-star/episode-12/,https://animehistory.org/gallery/screencaps/outlaw-star/episode-12/?page=2,2,2026-10-07T01:49:30.673375+00:00,982c0ceb7e8fff840e9a92b457052377cc9935ecf6a16a69ecc3123f132d77c3,,UNVERIFIED
EP-12,Mortal Combat with the El Dorado,00:12:02,722,850837,https://animehistory.org/uploads/screencaps/outlaw-star-E012-Mortal-Combat-with-the-El-Dorado/cap_00-12-02_7c2c.jpg,Outlaw Star Ep 12: Mortal Combat with the El Dorado @ 00:12:02,https://animehistory.org/gallery/screencaps/outlaw-star/episode-12/,https://animehistory.org/gallery/screencaps/outlaw-star/episode-12/?page=2,2,2026-10-07T01:49:30.673375+00:00,982c0ceb7e8fff840e9a92b457052377cc9935ecf6a16a69ecc3123f132d77c3,,UNVERIFIED
EP-12,Mortal Combat with the El Dorado,00:12:06,726,850838,https://animehistory.org/uploads/screencaps/outlaw-star-E012-Mortal-Combat-with-the-El-Dorado/cap_00-12-06_7631.jpg,Outlaw Star Ep 12: Mortal Combat with the El Dorado @ 00:12:06,https://animehistory.org/gallery/screencaps/outlaw-star/episode-12/,https://animehistory.org/gallery/screencaps/outlaw-star/episode-12/?page=2,2,2026-10-07T01:49:30.673375+00:00,982c0ceb7e8fff840e9a92b457052377cc9935ecf6a16a69ecc3123f132d77c3,,UNVERIFIED
EP-12,Mortal Combat with the El Dorado,00:12:10,730,850839,https://animehistory.org/uploads/screencaps/outlaw-star-E012-Mortal-Combat-with-the-El-Dorado/cap_00-12-10_038c.jpg,Outlaw Star Ep 12: Mortal Combat with the El Dorado @ 00:12:10,https://animehistory.org/gallery/screencaps/outlaw-star/episode-12/,https://animehistory.org/gallery/screencaps/outlaw-star/episode-12/?page=2,2,2026-10-07T01:49:30.673375+00:00,982c0ceb7e8fff840e9a92b457052377cc9935ecf6a16a69ecc3123f132d77c3,,UNVERIFIED
EP-12,Mortal Combat with the El Dorado,00:12:13,733,850840,https://animehistory.org/uploads/screencaps/outlaw-star-E012-Mortal-Combat-with-the-El-Dorado/cap_00-12-13_4722.jpg,Outlaw Star Ep 12: Mortal Combat with the El Dorado @ 00:12:13,https://animehistory.org/gallery/screencaps/outlaw-star/episode-12/,https://animehistory.org/gallery/screencaps/outlaw-star/episode-12/?page=2,2,2026-10-07T01:49:30.673375+00:00,982c0ceb7e8fff840e9a92b457052377cc9935ecf6a16a69ecc3123f132d77c3,,UNVERIFIED
EP-12,Mortal Combat with the El Dorado,00:12:17,737,850841,https://animehistory.org/uploads/screencaps/outlaw-star-E012-Mortal-Combat-with-the-El-Dorado/cap_00-12-17_43ea.jpg,Outlaw Star Ep 12: Mortal Combat with the El Dorado @ 00:12:17,https://animehistory.org/gallery/screencaps/outlaw-star/episode-12/,https://animehistory.org/gallery/screencaps/outlaw-star/episode-12/?page=2,2,2026-10-07T01:49:30.673375+00:00,982c0ceb7e8fff840e9a92b457052377cc9935ecf6a16a69ecc3123f132d77c3,,UNVERIFIED
EP-12,Mortal Combat with the El Dorado,00:12:21,741,850842,https://animehistory.org/uploads/screencaps/outlaw-star-E012-Mortal-Combat-with-the-El-Dorado/cap_00-12-21_378d.jpg,Outlaw Star Ep 12: Mortal Combat with the El Dorado @ 00:12:21,https://animehistory.org/gallery/screencaps/outlaw-star/episode-12/,https://animehistory.org/gallery/screencaps/outlaw-star/episode-12/?page=2,2,2026-10-07T01:49:30.673375+00:00,982c0ceb7e8fff840e9a92b457052377cc9935ecf6a16a69ecc3123f132d77c3,,UNVERIFIED
EP-12,Mortal Combat with the El Dorado,00:12:24,744,850843,https://animehistory.org/uploads/screencaps/outlaw-star-E012-Mortal-Combat-with-the-El-Dorado/cap_00-12-24_703d.jpg,Outlaw Star Ep 12: Mortal Combat with the El Dorado @ 00:12:24,https://animehistory.org/gallery/screencaps/outlaw-star/episode-12/,https://animehistory.org/gallery/screencaps/outlaw-star/episode-12/?page=2,2,2026-10-07T01:49:30.673375+00:00,982c0ceb7e8fff840e9a92b457052377cc9935ecf6a16a69ecc3123f132d77c3,,UNVERIFIED
EP-12,Mortal Combat with the El Dorado,00:12:28,748,850844,https://animehistory.org/uploads/screencaps/outlaw-star-E012-Mortal-Combat-with-the-El-Dorado/cap_00-12-28_30fd.jpg,Outlaw Star Ep 12: Mortal Combat with the El Dorado @ 00:12:28,https://animehistory.org/gallery/screencaps/outlaw-star/episode-12/,https://animehistory.org/gallery/screencaps/outlaw-star/episode-12/?page=2,2,2026-10-07T01:49:30.673375+00:00,982c0ceb7e8fff840e9a92b457052377cc9935ecf6a16a69ecc3123f132d77c3,,UNVERIFIED
EP-12,Mortal Combat with the El Dorado,00:12:31,751,850845,https://animehistory.org/uploads/screencaps/outlaw-star-E012-Mortal-Combat-with-the-El-Dorado/cap_00-12-31_7e01.jpg,Outlaw Star Ep 12: Mortal Combat with the El Dorado @ 00:12:31,https://animehistory.org/gallery/screencaps/outlaw-star/episode-12/,https://animehistory.org/gallery/screencaps/outlaw-star/episode-12/?page=2,2,2026-10-07T01:49:30.673375+00:00,982c0ceb7e8fff840e9a92b457052377cc9935ecf6a16a69ecc3123f132d77c3,,UNVERIFIED
EP-12,Mortal Combat with the El Dorado,00:12:35,755,850846,https://animehistory.org/uploads/screencaps/outlaw-star-E012-Mortal-Combat-with-the-El-Dorado/cap_00-12-35_4b59.jpg,Outlaw Star Ep 12: Mortal Combat with the El Dorado @ 00:12:35,https://animehistory.org/gallery/screencaps/outlaw-star/episode-12/,https://animehistory.org/gallery/screencaps/outlaw-star/episode-12/?page=2,2,2026-10-07T01:49:30.673375+00:00,982c0ceb7e8fff840e9a92b457052377cc9935ecf6a16a69ecc3123f132d77c3,,UNVERIFIED
EP-12,Mortal Combat with the El Dorado,00:12:39,759,850847,https://animehistory.org/uploads/screencaps/outlaw-star-E012-Mortal-Combat-with-the-El-Dorado/cap_00-12-39_73ca.jpg,Outlaw Star Ep 12: Mortal Combat with the El Dorado @ 00:12:39,https://animehistory.org/gallery/screencaps/outlaw-star/episode-12/,https://animehistory.org/gallery/screencaps/outlaw-star/episode-12/?page=2,2,2026-10-07T01:49:30.673375+00:00,982c0ceb7e8fff840e9a92b457052377cc9935ecf6a16a69ecc3123f132d77c3,,UNVERIFIED
EP-12,Mortal Combat with the El Dorado,00:12:42,762,850848,https://animehistory.org/uploads/screencaps/outlaw-star-E012-Mortal-Combat-with-the-El-Dorado/cap_00-12-42_2cd6.jpg,Outlaw Star Ep 12: Mortal Combat with the El Dorado @ 00:12:42,https://animehistory.org/gallery/screencaps/outlaw-star/episode-12/,https://animehistory.org/gallery/screencaps/outlaw-star/episode-12/?page=2,2,2026-10-07T01:49:30.673375+00:00,982c0ceb7e8fff840e9a92b457052377cc9935ecf6a16a69ecc3123f132d77c3,,UNVERIFIED
EP-12,Mortal Combat with the El Dorado,00:12:46,766,850849,https://animehistory.org/uploads/screencaps/outlaw-star-E012-Mortal-Combat-with-the-El-Dorado/cap_00-12-46_21c9.jpg,Outlaw Star Ep 12: Mortal Combat with the El Dorado @ 00:12:46,https://animehistory.org/gallery/screencaps/outlaw-star/episode-12/,https://animehistory.org/gallery/screencaps/outlaw-star/episode-12/?page=2,2,2026-10-07T01:49:30.673375+00:00,982c0ceb7e8fff840e9a92b457052377cc9935ecf6a16a69ecc3123f132d77c3,,UNVERIFIED
EP-12,Mortal Combat with the El Dorado,00:12:50,770,850850,https://animehistory.org/uploads/screencaps/outlaw-star-E012-Mortal-Combat-with-the-El-Dorado/cap_00-12-50_693f.jpg,Outlaw Star Ep 12: Mortal Combat with the El Dorado @ 00:12:50,https://animehistory.org/gallery/screencaps/outlaw-star/episode-12/,https://animehistory.org/gallery/screencaps/outlaw-star/episode-12/?page=2,2,2026-10-07T01:49:30.673375+00:00,982c0ceb7e8fff840e9a92b457052377cc9935ecf6a16a69ecc3123f132d77c3,,UNVERIFIED
EP-12,Mortal Combat with the El Dorado,00:12:53,773,850851,https://animehistory.org/uploads/screencaps/outlaw-star-E012-Mortal-Combat-with-the-El-Dorado/cap_00-12-53_548b.jpg,Outlaw Star Ep 12: Mortal Combat with the El Dorado @ 00:12:53,https://animehistory.org/gallery/screencaps/outlaw-star/episode-12/,https://animehistory.org/gallery/screencaps/outlaw-star/episode-12/?page=2,2,2026-10-07T01:49:30.673375+00:00,982c0ceb7e8fff840e9a92b457052377cc9935ecf6a16a69ecc3123f132d77c3,,UNVERIFIED
EP-12,Mortal Combat with the El Dorado,00:12:57,777,850852,https://animehistory.org/uploads/screencaps/outlaw-star-E012-Mortal-Combat-with-the-El-Dorado/cap_00-12-57_1e4f.jpg,Outlaw Star Ep 12: Mortal Combat with the El Dorado @ 00:12:57,https://animehistory.org/gallery/screencaps/outlaw-star/episode-12/,https://animehistory.org/gallery/screencaps/outlaw-star/episode-12/?page=2,2,2026-10-07T01:49:30.673375+00:00,982c0ceb7e8fff840e9a92b457052377cc9935ecf6a16a69ecc3123f132d77c3,,UNVERIFIED
EP-12,Mortal Combat with the El Dorado,00:13:01,781,850853,https://animehistory.org/uploads/screencaps/outlaw-star-E012-Mortal-Combat-with-the-El-Dorado/cap_00-13-01_2745.jpg,Outlaw Star Ep 12: Mortal Combat with the El Dorado @ 00:13:01,https://animehistory.org/gallery/screencaps/outlaw-star/episode-12/,https://animehistory.org/gallery/screencaps/outlaw-star/episode-12/?page=2,2,2026-10-07T01:49:30.673375+00:00,982c0ceb7e8fff840e9a92b457052377cc9935ecf6a16a69ecc3123f132d77c3,,UNVERIFIED
EP-12,Mortal Combat with the El Dorado,00:13:04,784,850854,https://animehistory.org/uploads/screencaps/outlaw-star-E012-Mortal-Combat-with-the-El-Dorado/cap_00-13-04_44b2.jpg,Outlaw Star Ep 12: Mortal Combat with the El Dorado @ 00:13:04,https://animehistory.org/gallery/screencaps/outlaw-star/episode-12/,https://animehistory.org/gallery/screencaps/outlaw-star/episode-12/?page=2,2,2026-10-07T01:49:30.673375+00:00,982c0ceb7e8fff840e9a92b457052377cc9935ecf6a16a69ecc3123f132d77c3,,UNVERIFIED
EP-12,Mortal Combat with the El Dorado,00:13:08,788,850855,https://animehistory.org/uploads/screencaps/outlaw-star-E012-Mortal-Combat-with-the-El-Dorado/cap_00-13-08_1a36.jpg,Outlaw Star Ep 12: Mortal Combat with the El Dorado @ 00:13:08,https://animehistory.org/gallery/screencaps/outlaw-star/episode-12/,https://animehistory.org/gallery/screencaps/outlaw-star/episode-12/?page=2,2,2026-10-07T01:49:30.673375+00:00,982c0ceb7e8fff840e9a92b457052377cc9935ecf6a16a69ecc3123f132d77c3,,UNVERIFIED
EP-12,Mortal Combat with the El Dorado,00:13:12,792,850856,https://animehistory.org/uploads/screencaps/outlaw-star-E012-Mortal-Combat-with-the-El-Dorado/cap_00-13-12_057e.jpg,Outlaw Star Ep 12: Mortal Combat with the El Dorado @ 00:13:12,https://animehistory.org/gallery/screencaps/outlaw-star/episode-12/,https://animehistory.org/gallery/screencaps/outlaw-star/episode-12/?page=2,2,2026-10-07T01:49:30.673375+00:00,982c0ceb7e8fff840e9a92b457052377cc9935ecf6a16a69ecc3123f132d77c3,,UNVERIFIED
EP-12,Mortal Combat with the El Dorado,00:13:15,795,850857,https://animehistory.org/uploads/screencaps/outlaw-star-E012-Mortal-Combat-with-the-El-Dorado/cap_00-13-15_5701.jpg,Outlaw Star Ep 12: Mortal Combat with the El Dorado @ 00:13:15,https://animehistory.org/gallery/screencaps/outlaw-star/episode-12/,https://animehistory.org/gallery/screencaps/outlaw-star/episode-12/?page=2,2,2026-10-07T01:49:30.673375+00:00,982c0ceb7e8fff840e9a92b457052377cc9935ecf6a16a69ecc3123f132d77c3,,UNVERIFIED
EP-12,Mortal Combat with the El Dorado,00:13:19,799,850858,https://animehistory.org/uploads/screencaps/outlaw-star-E012-Mortal-Combat-with-the-El-Dorado/cap_00-13-19_0d0e.jpg,Outlaw Star Ep 12: Mortal Combat with the El Dorado @ 00:13:19,https://animehistory.org/gallery/screencaps/outlaw-star/episode-12/,https://animehistory.org/gallery/screencaps/outlaw-star/episode-12/?page=2,2,2026-10-07T01:49:30.673375+00:00,982c0ceb7e8fff840e9a92b457052377cc9935ecf6a16a69ecc3123f132d77c3,,UNVERIFIED
EP-12,Mortal Combat with the El Dorado,00:13:22,802,850859,https://animehistory.org/uploads/screencaps/outlaw-star-E012-Mortal-Combat-with-the-El-Dorado/cap_00-13-22_1526.jpg,Outlaw Star Ep 12: Mortal Combat with the El Dorado @ 00:13:22,https://animehistory.org/gallery/screencaps/outlaw-star/episode-12/,https://animehistory.org/gallery/screencaps/outlaw-star/episode-12/?page=2,2,2026-10-07T01:49:30.673375+00:00,982c0ceb7e8fff840e9a92b457052377cc9935ecf6a16a69ecc3123f132d77c3,,UNVERIFIED
EP-12,Mortal Combat with the El Dorado,00:13:26,806,850860,https://animehistory.org/uploads/screencaps/outlaw-star-E012-Mortal-Combat-with-the-El-Dorado/cap_00-13-26_372b.jpg,Outlaw Star Ep 12: Mortal Combat with the El Dorado @ 00:13:26,https://animehistory.org/gallery/screencaps/outlaw-star/episode-12/,https://animehistory.org/gallery/screencaps/outlaw-star/episode-12/?page=2,2,2026-10-07T01:49:30.673375+00:00,982c0ceb7e8fff840e9a92b457052377cc9935ecf6a16a69ecc3123f132d77c3,,UNVERIFIED
EP-12,Mortal Combat with the El Dorado,00:13:30,810,850861,https://animehistory.org/uploads/screencaps/outlaw-star-E012-Mortal-Combat-with-the-El-Dorado/cap_00-13-30_0e91.jpg,Outlaw Star Ep 12: Mortal Combat with the El Dorado @ 00:13:30,https://animehistory.org/gallery/screencaps/outlaw-star/episode-12/,https://animehistory.org/gallery/screencaps/outlaw-star/episode-12/?page=2,2,2026-10-07T01:49:30.673375+00:00,982c0ceb7e8fff840e9a92b457052377cc9935ecf6a16a69ecc3123f132d77c3,,UNVERIFIED
EP-12,Mortal Combat with the El Dorado,00:13:33,813,850862,https://animehistory.org/uploads/screencaps/outlaw-star-E012-Mortal-Combat-with-the-El-Dorado/cap_00-13-33_64bd.jpg,Outlaw Star Ep 12: Mortal Combat with the El Dorado @ 00:13:33,https://animehistory.org/gallery/screencaps/outlaw-star/episode-12/,https://animehistory.org/gallery/screencaps/outlaw-star/episode-12/?page=2,2,2026-10-07T01:49:30.673375+00:00,982c0ceb7e8fff840e9a92b457052377cc9935ecf6a16a69ecc3123f132d77c3,,UNVERIFIED
EP-12,Mortal Combat with the El Dorado,00:13:37,817,850863,https://animehistory.org/uploads/screencaps/outlaw-star-E012-Mortal-Combat-with-the-El-Dorado/cap_00-13-37_4ff5.jpg,Outlaw Star Ep 12: Mortal Combat with the El Dorado @ 00:13:37,https://animehistory.org/gallery/screencaps/outlaw-star/episode-12/,https://animehistory.org/gallery/screencaps/outlaw-star/episode-12/?page=2,2,2026-10-07T01:49:30.673375+00:00,982c0ceb7e8fff840e9a92b457052377cc9935ecf6a16a69ecc3123f132d77c3,,UNVERIFIED
EP-12,Mortal Combat with the El Dorado,00:13:41,821,850864,https://animehistory.org/uploads/screencaps/outlaw-star-E012-Mortal-Combat-with-the-El-Dorado/cap_00-13-41_62bd.jpg,Outlaw Star Ep 12: Mortal Combat with the El Dorado @ 00:13:41,https://animehistory.org/gallery/screencaps/outlaw-star/episode-12/,https://animehistory.org/gallery/screencaps/outlaw-star/episode-12/?page=2,2,2026-10-07T01:49:30.673375+00:00,982c0ceb7e8fff840e9a92b457052377cc9935ecf6a16a69ecc3123f132d77c3,,UNVERIFIED
EP-12,Mortal Combat with the El Dorado,00:13:44,824,850865,https://animehistory.org/uploads/screencaps/outlaw-star-E012-Mortal-Combat-with-the-El-Dorado/cap_00-13-44_51d1.jpg,Outlaw Star Ep 12: Mortal Combat with the El Dorado @ 00:13:44,https://animehistory.org/gallery/screencaps/outlaw-star/episode-12/,https://animehistory.org/gallery/screencaps/outlaw-star/episode-12/?page=2,2,2026-10-07T01:49:30.673375+00:00,982c0ceb7e8fff840e9a92b457052377cc9935ecf6a16a69ecc3123f132d77c3,,UNVERIFIED
EP-12,Mortal Combat with the El Dorado,00:13:48,828,850866,https://animehistory.org/uploads/screencaps/outlaw-star-E012-Mortal-Combat-with-the-El-Dorado/cap_00-13-48_6d94.jpg,Outlaw Star Ep 12: Mortal Combat with the El Dorado @ 00:13:48,https://animehistory.org/gallery/screencaps/outlaw-star/episode-12/,https://animehistory.org/gallery/screencaps/outlaw-star/episode-12/?page=2,2,2026-10-07T01:49:30.673375+00:00,982c0ceb7e8fff840e9a92b457052377cc9935ecf6a16a69ecc3123f132d77c3,,UNVERIFIED
EP-12,Mortal Combat with the El Dorado,00:13:52,832,850867,https://animehistory.org/uploads/screencaps/outlaw-star-E012-Mortal-Combat-with-the-El-Dorado/cap_00-13-52_0493.jpg,Outlaw Star Ep 12: Mortal Combat with the El Dorado @ 00:13:52,https://animehistory.org/gallery/screencaps/outlaw-star/episode-12/,https://animehistory.org/gallery/screencaps/outlaw-star/episode-12/?page=3,3,2026-10-07T01:49:31.991071+00:00,a5812b6ad845b6497087dde5a161444abb1e50e2c715f40ef6efd77cb22145d1,,UNVERIFIED
EP-12,Mortal Combat with the El Dorado,00:13:55,835,850868,https://animehistory.org/uploads/screencaps/outlaw-star-E012-Mortal-Combat-with-the-El-Dorado/cap_00-13-55_0b5e.jpg,Outlaw Star Ep 12: Mortal Combat with the El Dorado @ 00:13:55,https://animehistory.org/gallery/screencaps/outlaw-star/episode-12/,https://animehistory.org/gallery/screencaps/outlaw-star/episode-12/?page=3,3,2026-10-07T01:49:31.991071+00:00,a5812b6ad845b6497087dde5a161444abb1e50e2c715f40ef6efd77cb22145d1,,UNVERIFIED
EP-12,Mortal Combat with the El Dorado,00:13:59,839,850869,https://animehistory.org/uploads/screencaps/outlaw-star-E012-Mortal-Combat-with-the-El-Dorado/cap_00-13-59_5ec4.jpg,Outlaw Star Ep 12: Mortal Combat with the El Dorado @ 00:13:59,https://animehistory.org/gallery/screencaps/outlaw-star/episode-12/,https://animehistory.org/gallery/screencaps/outlaw-star/episode-12/?page=3,3,2026-10-07T01:49:31.991071+00:00,a5812b6ad845b6497087dde5a161444abb1e50e2c715f40ef6efd77cb22145d1,,UNVERIFIED
EP-12,Mortal Combat with the El Dorado,00:14:03,843,850870,https://animehistory.org/uploads/screencaps/outlaw-star-E012-Mortal-Combat-with-the-El-Dorado/cap_00-14-03_30cb.jpg,Outlaw Star Ep 12: Mortal Combat with the El Dorado @ 00:14:03,https://animehistory.org/gallery/screencaps/outlaw-star/episode-12/,https://animehistory.org/gallery/screencaps/outlaw-star/episode-12/?page=3,3,2026-10-07T01:49:31.991071+00:00,a5812b6ad845b6497087dde5a161444abb1e50e2c715f40ef6efd77cb22145d1,,UNVERIFIED
EP-12,Mortal Combat with the El Dorado,00:14:06,846,850871,https://animehistory.org/uploads/screencaps/outlaw-star-E012-Mortal-Combat-with-the-El-Dorado/cap_00-14-06_6230.jpg,Outlaw Star Ep 12: Mortal Combat with the El Dorado @ 00:14:06,https://animehistory.org/gallery/screencaps/outlaw-star/episode-12/,https://animehistory.org/gallery/screencaps/outlaw-star/episode-12/?page=3,3,2026-10-07T01:49:31.991071+00:00,a5812b6ad845b6497087dde5a161444abb1e50e2c715f40ef6efd77cb22145d1,,UNVERIFIED
EP-12,Mortal Combat with the El Dorado,00:14:10,850,850872,https://animehistory.org/uploads/screencaps/outlaw-star-E012-Mortal-Combat-with-the-El-Dorado/cap_00-14-10_32d8.jpg,Outlaw Star Ep 12: Mortal Combat with the El Dorado @ 00:14:10,https://animehistory.org/gallery/screencaps/outlaw-star/episode-12/,https://animehistory.org/gallery/screencaps/outlaw-star/episode-12/?page=3,3,2026-10-07T01:49:31.991071+00:00,a5812b6ad845b6497087dde5a161444abb1e50e2c715f40ef6efd77cb22145d1,,UNVERIFIED
EP-12,Mortal Combat with the El Dorado,00:14:13,853,850873,https://animehistory.org/uploads/screencaps/outlaw-star-E012-Mortal-Combat-with-the-El-Dorado/cap_00-14-13_7d14.jpg,Outlaw Star Ep 12: Mortal Combat with the El Dorado @ 00:14:13,https://animehistory.org/gallery/screencaps/outlaw-star/episode-12/,https://animehistory.org/gallery/screencaps/outlaw-star/episode-12/?page=3,3,2026-10-07T01:49:31.991071+00:00,a5812b6ad845b6497087dde5a161444abb1e50e2c715f40ef6efd77cb22145d1,,UNVERIFIED
EP-12,Mortal Combat with the El Dorado,00:14:17,857,850874,https://animehistory.org/uploads/screencaps/outlaw-star-E012-Mortal-Combat-with-the-El-Dorado/cap_00-14-17_6041.jpg,Outlaw Star Ep 12: Mortal Combat with the El Dorado @ 00:14:17,https://animehistory.org/gallery/screencaps/outlaw-star/episode-12/,https://animehistory.org/gallery/screencaps/outlaw-star/episode-12/?page=3,3,2026-10-07T01:49:31.991071+00:00,a5812b6ad845b6497087dde5a161444abb1e50e2c715f40ef6efd77cb22145d1,,UNVERIFIED
EP-12,Mortal Combat with the El Dorado,00:14:21,861,850875,https://animehistory.org/uploads/screencaps/outlaw-star-E012-Mortal-Combat-with-the-El-Dorado/cap_00-14-21_4c8e.jpg,Outlaw Star Ep 12: Mortal Combat with the El Dorado @ 00:14:21,https://animehistory.org/gallery/screencaps/outlaw-star/episode-12/,https://animehistory.org/gallery/screencaps/outlaw-star/episode-12/?page=3,3,2026-10-07T01:49:31.991071+00:00,a5812b6ad845b6497087dde5a161444abb1e50e2c715f40ef6efd77cb22145d1,,UNVERIFIED
EP-12,Mortal Combat with the El Dorado,00:14:24,864,850876,https://animehistory.org/uploads/screencaps/outlaw-star-E012-Mortal-Combat-with-the-El-Dorado/cap_00-14-24_02ec.jpg,Outlaw Star Ep 12: Mortal Combat with the El Dorado @ 00:14:24,https://animehistory.org/gallery/screencaps/outlaw-star/episode-12/,https://animehistory.org/gallery/screencaps/outlaw-star/episode-12/?page=3,3,2026-10-07T01:49:31.991071+00:00,a5812b6ad845b6497087dde5a161444abb1e50e2c715f40ef6efd77cb22145d1,,UNVERIFIED
EP-12,Mortal Combat with the El Dorado,00:14:28,868,850877,https://animehistory.org/uploads/screencaps/outlaw-star-E012-Mortal-Combat-with-the-El-Dorado/cap_00-14-28_712f.jpg,Outlaw Star Ep 12: Mortal Combat with the El Dorado @ 00:14:28,https://animehistory.org/gallery/screencaps/outlaw-star/episode-12/,https://animehistory.org/gallery/screencaps/outlaw-star/episode-12/?page=3,3,2026-10-07T01:49:31.991071+00:00,a5812b6ad845b6497087dde5a161444abb1e50e2c715f40ef6efd77cb22145d1,,UNVERIFIED
EP-12,Mortal Combat with the El Dorado,00:14:32,872,850878,https://animehistory.org/uploads/screencaps/outlaw-star-E012-Mortal-Combat-with-the-El-Dorado/cap_00-14-32_2433.jpg,Outlaw Star Ep 12: Mortal Combat with the El Dorado @ 00:14:32,https://animehistory.org/gallery/screencaps/outlaw-star/episode-12/,https://animehistory.org/gallery/screencaps/outlaw-star/episode-12/?page=3,3,2026-10-07T01:49:31.991071+00:00,a5812b6ad845b6497087dde5a161444abb1e50e2c715f40ef6efd77cb22145d1,,UNVERIFIED
EP-12,Mortal Combat with the El Dorado,00:14:35,875,850879,https://animehistory.org/uploads/screencaps/outlaw-star-E012-Mortal-Combat-with-the-El-Dorado/cap_00-14-35_77e3.jpg,Outlaw Star Ep 12: Mortal Combat with the El Dorado @ 00:14:35,https://animehistory.org/gallery/screencaps/outlaw-star/episode-12/,https://animehistory.org/gallery/screencaps/outlaw-star/episode-12/?page=3,3,2026-10-07T01:49:31.991071+00:00,a5812b6ad845b6497087dde5a161444abb1e50e2c715f40ef6efd77cb22145d1,,UNVERIFIED
EP-12,Mortal Combat with the El Dorado,00:14:39,879,850880,https://animehistory.org/uploads/screencaps/outlaw-star-E012-Mortal-Combat-with-the-El-Dorado/cap_00-14-39_5dfe.jpg,Outlaw Star Ep 12: Mortal Combat with the El Dorado @ 00:14:39,https://animehistory.org/gallery/screencaps/outlaw-star/episode-12/,https://animehistory.org/gallery/screencaps/outlaw-star/episode-12/?page=3,3,2026-10-07T01:49:31.991071+00:00,a5812b6ad845b6497087dde5a161444abb1e50e2c715f40ef6efd77cb22145d1,,UNVERIFIED
EP-12,Mortal Combat with the El Dorado,00:14:43,883,850881,https://animehistory.org/uploads/screencaps/outlaw-star-E012-Mortal-Combat-with-the-El-Dorado/cap_00-14-43_7eda.jpg,Outlaw Star Ep 12: Mortal Combat with the El Dorado @ 00:14:43,https://animehistory.org/gallery/screencaps/outlaw-star/episode-12/,https://animehistory.org/gallery/screencaps/outlaw-star/episode-12/?page=3,3,2026-10-07T01:49:31.991071+00:00,a5812b6ad845b6497087dde5a161444abb1e50e2c715f40ef6efd77cb22145d1,,UNVERIFIED
EP-12,Mortal Combat with the El Dorado,00:14:46,886,850882,https://animehistory.org/uploads/screencaps/outlaw-star-E012-Mortal-Combat-with-the-El-Dorado/cap_00-14-46_74ec.jpg,Outlaw Star Ep 12: Mortal Combat with the El Dorado @ 00:14:46,https://animehistory.org/gallery/screencaps/outlaw-star/episode-12/,https://animehistory.org/gallery/screencaps/outlaw-star/episode-12/?page=3,3,2026-10-07T01:49:31.991071+00:00,a5812b6ad845b6497087dde5a161444abb1e50e2c715f40ef6efd77cb22145d1,,UNVERIFIED
EP-12,Mortal Combat with the El Dorado,00:14:50,890,850883,https://animehistory.org/uploads/screencaps/outlaw-star-E012-Mortal-Combat-with-the-El-Dorado/cap_00-14-50_32bc.jpg,Outlaw Star Ep 12: Mortal Combat with the El Dorado @ 00:14:50,https://animehistory.org/gallery/screencaps/outlaw-star/episode-12/,https://animehistory.org/gallery/screencaps/outlaw-star/episode-12/?page=3,3,2026-10-07T01:49:31.991071+00:00,a5812b6ad845b6497087dde5a161444abb1e50e2c715f40ef6efd77cb22145d1,,UNVERIFIED
EP-12,Mortal Combat with the El Dorado,00:14:54,894,850884,https://animehistory.org/uploads/screencaps/outlaw-star-E012-Mortal-Combat-with-the-El-Dorado/cap_00-14-54_1a52.jpg,Outlaw Star Ep 12: Mortal Combat with the El Dorado @ 00:14:54,https://animehistory.org/gallery/screencaps/outlaw-star/episode-12/,https://animehistory.org/gallery/screencaps/outlaw-star/episode-12/?page=3,3,2026-10-07T01:49:31.991071+00:00,a5812b6ad845b6497087dde5a161444abb1e50e2c715f40ef6efd77cb22145d1,,UNVERIFIED
EP-12,Mortal Combat with the El Dorado,00:14:57,897,850885,https://animehistory.org/uploads/screencaps/outlaw-star-E012-Mortal-Combat-with-the-El-Dorado/cap_00-14-57_6930.jpg,Outlaw Star Ep 12: Mortal Combat with the El Dorado @ 00:14:57,https://animehistory.org/gallery/screencaps/outlaw-star/episode-12/,https://animehistory.org/gallery/screencaps/outlaw-star/episode-12/?page=3,3,2026-10-07T01:49:31.991071+00:00,a5812b6ad845b6497087dde5a161444abb1e50e2c715f40ef6efd77cb22145d1,,UNVERIFIED
EP-12,Mortal Combat with the El Dorado,00:15:01,901,850886,https://animehistory.org/uploads/screencaps/outlaw-star-E012-Mortal-Combat-with-the-El-Dorado/cap_00-15-01_5cb4.jpg,Outlaw Star Ep 12: Mortal Combat with the El Dorado @ 00:15:01,https://animehistory.org/gallery/screencaps/outlaw-star/episode-12/,https://animehistory.org/gallery/screencaps/outlaw-star/episode-12/?page=3,3,2026-10-07T01:49:31.991071+00:00,a5812b6ad845b6497087dde5a161444abb1e50e2c715f40ef6efd77cb22145d1,,UNVERIFIED
EP-12,Mortal Combat with the El Dorado,00:15:04,904,850887,https://animehistory.org/uploads/screencaps/outlaw-star-E012-Mortal-Combat-with-the-El-Dorado/cap_00-15-04_4d75.jpg,Outlaw Star Ep 12: Mortal Combat with the El Dorado @ 00:15:04,https://animehistory.org/gallery/screencaps/outlaw-star/episode-12/,https://animehistory.org/gallery/screencaps/outlaw-star/episode-12/?page=3,3,2026-10-07T01:49:31.991071+00:00,a5812b6ad845b6497087dde5a161444abb1e50e2c715f40ef6efd77cb22145d1,,UNVERIFIED
EP-12,Mortal Combat with the El Dorado,00:15:08,908,850888,https://animehistory.org/uploads/screencaps/outlaw-star-E012-Mortal-Combat-with-the-El-Dorado/cap_00-15-08_11d7.jpg,Outlaw Star Ep 12: Mortal Combat with the El Dorado @ 00:15:08,https://animehistory.org/gallery/screencaps/outlaw-star/episode-12/,https://animehistory.org/gallery/screencaps/outlaw-star/episode-12/?page=3,3,2026-10-07T01:49:31.991071+00:00,a5812b6ad845b6497087dde5a161444abb1e50e2c715f40ef6efd77cb22145d1,,UNVERIFIED
EP-12,Mortal Combat with the El Dorado,00:15:12,912,850889,https://animehistory.org/uploads/screencaps/outlaw-star-E012-Mortal-Combat-with-the-El-Dorado/cap_00-15-12_33cd.jpg,Outlaw Star Ep 12: Mortal Combat with the El Dorado @ 00:15:12,https://animehistory.org/gallery/screencaps/outlaw-star/episode-12/,https://animehistory.org/gallery/screencaps/outlaw-star/episode-12/?page=3,3,2026-10-07T01:49:31.991071+00:00,a5812b6ad845b6497087dde5a161444abb1e50e2c715f40ef6efd77cb22145d1,,UNVERIFIED
EP-12,Mortal Combat with the El Dorado,00:15:15,915,850890,https://animehistory.org/uploads/screencaps/outlaw-star-E012-Mortal-Combat-with-the-El-Dorado/cap_00-15-15_6187.jpg,Outlaw Star Ep 12: Mortal Combat with the El Dorado @ 00:15:15,https://animehistory.org/gallery/screencaps/outlaw-star/episode-12/,https://animehistory.org/gallery/screencaps/outlaw-star/episode-12/?page=3,3,2026-10-07T01:49:31.991071+00:00,a5812b6ad845b6497087dde5a161444abb1e50e2c715f40ef6efd77cb22145d1,,UNVERIFIED
EP-12,Mortal Combat with the El Dorado,00:15:19,919,850891,https://animehistory.org/uploads/screencaps/outlaw-star-E012-Mortal-Combat-with-the-El-Dorado/cap_00-15-19_3a7b.jpg,Outlaw Star Ep 12: Mortal Combat with the El Dorado @ 00:15:19,https://animehistory.org/gallery/screencaps/outlaw-star/episode-12/,https://animehistory.org/gallery/screencaps/outlaw-star/episode-12/?page=3,3,2026-10-07T01:49:31.991071+00:00,a5812b6ad845b6497087dde5a161444abb1e50e2c715f40ef6efd77cb22145d1,,UNVERIFIED
EP-12,Mortal Combat with the El Dorado,00:15:23,923,850892,https://animehistory.org/uploads/screencaps/outlaw-star-E012-Mortal-Combat-with-the-El-Dorado/cap_00-15-23_5be3.jpg,Outlaw Star Ep 12: Mortal Combat with the El Dorado @ 00:15:23,https://animehistory.org/gallery/screencaps/outlaw-star/episode-12/,https://animehistory.org/gallery/screencaps/outlaw-star/episode-12/?page=3,3,2026-10-07T01:49:31.991071+00:00,a5812b6ad845b6497087dde5a161444abb1e50e2c715f40ef6efd77cb22145d1,,UNVERIFIED
EP-12,Mortal Combat with the El Dorado,00:15:26,926,850893,https://animehistory.org/uploads/screencaps/outlaw-star-E012-Mortal-Combat-with-the-El-Dorado/cap_00-15-26_31d7.jpg,Outlaw Star Ep 12: Mortal Combat with the El Dorado @ 00:15:26,https://animehistory.org/gallery/screencaps/outlaw-star/episode-12/,https://animehistory.org/gallery/screencaps/outlaw-star/episode-12/?page=3,3,2026-10-07T01:49:31.991071+00:00,a5812b6ad845b6497087dde5a161444abb1e50e2c715f40ef6efd77cb22145d1,,UNVERIFIED
EP-12,Mortal Combat with the El Dorado,00:15:30,930,850894,https://animehistory.org/uploads/screencaps/outlaw-star-E012-Mortal-Combat-with-the-El-Dorado/cap_00-15-30_77c9.jpg,Outlaw Star Ep 12: Mortal Combat with the El Dorado @ 00:15:30,https://animehistory.org/gallery/screencaps/outlaw-star/episode-12/,https://animehistory.org/gallery/screencaps/outlaw-star/episode-12/?page=3,3,2026-10-07T01:49:31.991071+00:00,a5812b6ad845b6497087dde5a161444abb1e50e2c715f40ef6efd77cb22145d1,,UNVERIFIED
EP-12,Mortal Combat with the El Dorado,00:15:34,934,850895,https://animehistory.org/uploads/screencaps/outlaw-star-E012-Mortal-Combat-with-the-El-Dorado/cap_00-15-34_4123.jpg,Outlaw Star Ep 12: Mortal Combat with the El Dorado @ 00:15:34,https://animehistory.org/gallery/screencaps/outlaw-star/episode-12/,https://animehistory.org/gallery/screencaps/outlaw-star/episode-12/?page=3,3,2026-10-07T01:49:31.991071+00:00,a5812b6ad845b6497087dde5a161444abb1e50e2c715f40ef6efd77cb22145d1,,UNVERIFIED
EP-12,Mortal Combat with the El Dorado,00:15:37,937,850896,https://animehistory.org/uploads/screencaps/outlaw-star-E012-Mortal-Combat-with-the-El-Dorado/cap_00-15-37_50ed.jpg,Outlaw Star Ep 12: Mortal Combat with the El Dorado @ 00:15:37,https://animehistory.org/gallery/screencaps/outlaw-star/episode-12/,https://animehistory.org/gallery/screencaps/outlaw-star/episode-12/?page=3,3,2026-10-07T01:49:31.991071+00:00,a5812b6ad845b6497087dde5a161444abb1e50e2c715f40ef6efd77cb22145d1,,UNVERIFIED
EP-12,Mortal Combat with the El Dorado,00:15:41,941,850897,https://animehistory.org/uploads/screencaps/outlaw-star-E012-Mortal-Combat-with-the-El-Dorado/cap_00-15-41_4598.jpg,Outlaw Star Ep 12: Mortal Combat with the El Dorado @ 00:15:41,https://animehistory.org/gallery/screencaps/outlaw-star/episode-12/,https://animehistory.org/gallery/screencaps/outlaw-star/episode-12/?page=3,3,2026-10-07T01:49:31.991071+00:00,a5812b6ad845b6497087dde5a161444abb1e50e2c715f40ef6efd77cb22145d1,,UNVERIFIED
EP-12,Mortal Combat with the El Dorado,00:15:45,945,850898,https://animehistory.org/uploads/screencaps/outlaw-star-E012-Mortal-Combat-with-the-El-Dorado/cap_00-15-45_1fec.jpg,Outlaw Star Ep 12: Mortal Combat with the El Dorado @ 00:15:45,https://animehistory.org/gallery/screencaps/outlaw-star/episode-12/,https://animehistory.org/gallery/screencaps/outlaw-star/episode-12/?page=3,3,2026-10-07T01:49:31.991071+00:00,a5812b6ad845b6497087dde5a161444abb1e50e2c715f40ef6efd77cb22145d1,,UNVERIFIED
EP-12,Mortal Combat with the El Dorado,00:15:48,948,850899,https://animehistory.org/uploads/screencaps/outlaw-star-E012-Mortal-Combat-with-the-El-Dorado/cap_00-15-48_7dd4.jpg,Outlaw Star Ep 12: Mortal Combat with the El Dorado @ 00:15:48,https://animehistory.org/gallery/screencaps/outlaw-star/episode-12/,https://animehistory.org/gallery/screencaps/outlaw-star/episode-12/?page=3,3,2026-10-07T01:49:31.991071+00:00,a5812b6ad845b6497087dde5a161444abb1e50e2c715f40ef6efd77cb22145d1,,UNVERIFIED
EP-12,Mortal Combat with the El Dorado,00:15:52,952,850900,https://animehistory.org/uploads/screencaps/outlaw-star-E012-Mortal-Combat-with-the-El-Dorado/cap_00-15-52_44bb.jpg,Outlaw Star Ep 12: Mortal Combat with the El Dorado @ 00:15:52,https://animehistory.org/gallery/screencaps/outlaw-star/episode-12/,https://animehistory.org/gallery/screencaps/outlaw-star/episode-12/?page=3,3,2026-10-07T01:49:31.991071+00:00,a5812b6ad845b6497087dde5a161444abb1e50e2c715f40ef6efd77cb22145d1,,UNVERIFIED
EP-12,Mortal Combat with the El Dorado,00:15:55,955,850901,https://animehistory.org/uploads/screencaps/outlaw-star-E012-Mortal-Combat-with-the-El-Dorado/cap_00-15-55_20b0.jpg,Outlaw Star Ep 12: Mortal Combat with the El Dorado @ 00:15:55,https://animehistory.org/gallery/screencaps/outlaw-star/episode-12/,https://animehistory.org/gallery/screencaps/outlaw-star/episode-12/?page=3,3,2026-10-07T01:49:31.991071+00:00,a5812b6ad845b6497087dde5a161444abb1e50e2c715f40ef6efd77cb22145d1,,UNVERIFIED
EP-12,Mortal Combat with the El Dorado,00:15:59,959,850902,https://animehistory.org/uploads/screencaps/outlaw-star-E012-Mortal-Combat-with-the-El-Dorado/cap_00-15-59_5a74.jpg,Outlaw Star Ep 12: Mortal Combat with the El Dorado @ 00:15:59,https://animehistory.org/gallery/screencaps/outlaw-star/episode-12/,https://animehistory.org/gallery/screencaps/outlaw-star/episode-12/?page=3,3,2026-10-07T01:49:31.991071+00:00,a5812b6ad845b6497087dde5a161444abb1e50e2c715f40ef6efd77cb22145d1,,UNVERIFIED
EP-12,Mortal Combat with the El Dorado,00:16:03,963,850903,https://animehistory.org/uploads/screencaps/outlaw-star-E012-Mortal-Combat-with-the-El-Dorado/cap_00-16-03_3b8a.jpg,Outlaw Star Ep 12: Mortal Combat with the El Dorado @ 00:16:03,https://animehistory.org/gallery/screencaps/outlaw-star/episode-12/,https://animehistory.org/gallery/screencaps/outlaw-star/episode-12/?page=3,3,2026-10-07T01:49:31.991071+00:00,a5812b6ad845b6497087dde5a161444abb1e50e2c715f40ef6efd77cb22145d1,,UNVERIFIED
EP-12,Mortal Combat with the El Dorado,00:16:06,966,850904,https://animehistory.org/uploads/screencaps/outlaw-star-E012-Mortal-Combat-with-the-El-Dorado/cap_00-16-06_7755.jpg,Outlaw Star Ep 12: Mortal Combat with the El Dorado @ 00:16:06,https://animehistory.org/gallery/screencaps/outlaw-star/episode-12/,https://animehistory.org/gallery/screencaps/outlaw-star/episode-12/?page=3,3,2026-10-07T01:49:31.991071+00:00,a5812b6ad845b6497087dde5a161444abb1e50e2c715f40ef6efd77cb22145d1,,UNVERIFIED
EP-12,Mortal Combat with the El Dorado,00:16:10,970,850905,https://animehistory.org/uploads/screencaps/outlaw-star-E012-Mortal-Combat-with-the-El-Dorado/cap_00-16-10_036b.jpg,Outlaw Star Ep 12: Mortal Combat with the El Dorado @ 00:16:10,https://animehistory.org/gallery/screencaps/outlaw-star/episode-12/,https://animehistory.org/gallery/screencaps/outlaw-star/episode-12/?page=3,3,2026-10-07T01:49:31.991071+00:00,a5812b6ad845b6497087dde5a161444abb1e50e2c715f40ef6efd77cb22145d1,,UNVERIFIED
EP-12,Mortal Combat with the El Dorado,00:16:14,974,850906,https://animehistory.org/uploads/screencaps/outlaw-star-E012-Mortal-Combat-with-the-El-Dorado/cap_00-16-14_6627.jpg,Outlaw Star Ep 12: Mortal Combat with the El Dorado @ 00:16:14,https://animehistory.org/gallery/screencaps/outlaw-star/episode-12/,https://animehistory.org/gallery/screencaps/outlaw-star/episode-12/?page=3,3,2026-10-07T01:49:31.991071+00:00,a5812b6ad845b6497087dde5a161444abb1e50e2c715f40ef6efd77cb22145d1,,UNVERIFIED
EP-12,Mortal Combat with the El Dorado,00:16:17,977,850907,https://animehistory.org/uploads/screencaps/outlaw-star-E012-Mortal-Combat-with-the-El-Dorado/cap_00-16-17_1226.jpg,Outlaw Star Ep 12: Mortal Combat with the El Dorado @ 00:16:17,https://animehistory.org/gallery/screencaps/outlaw-star/episode-12/,https://animehistory.org/gallery/screencaps/outlaw-star/episode-12/?page=3,3,2026-10-07T01:49:31.991071+00:00,a5812b6ad845b6497087dde5a161444abb1e50e2c715f40ef6efd77cb22145d1,,UNVERIFIED
EP-12,Mortal Combat with the El Dorado,00:16:21,981,850908,https://animehistory.org/uploads/screencaps/outlaw-star-E012-Mortal-Combat-with-the-El-Dorado/cap_00-16-21_221d.jpg,Outlaw Star Ep 12: Mortal Combat with the El Dorado @ 00:16:21,https://animehistory.org/gallery/screencaps/outlaw-star/episode-12/,https://animehistory.org/gallery/screencaps/outlaw-star/episode-12/?page=3,3,2026-10-07T01:49:31.991071+00:00,a5812b6ad845b6497087dde5a161444abb1e50e2c715f40ef6efd77cb22145d1,,UNVERIFIED
EP-12,Mortal Combat with the El Dorado,00:16:25,985,850909,https://animehistory.org/uploads/screencaps/outlaw-star-E012-Mortal-Combat-with-the-El-Dorado/cap_00-16-25_7811.jpg,Outlaw Star Ep 12: Mortal Combat with the El Dorado @ 00:16:25,https://animehistory.org/gallery/screencaps/outlaw-star/episode-12/,https://animehistory.org/gallery/screencaps/outlaw-star/episode-12/?page=3,3,2026-10-07T01:49:31.991071+00:00,a5812b6ad845b6497087dde5a161444abb1e50e2c715f40ef6efd77cb22145d1,,UNVERIFIED
EP-12,Mortal Combat with the El Dorado,00:16:28,988,850910,https://animehistory.org/uploads/screencaps/outlaw-star-E012-Mortal-Combat-with-the-El-Dorado/cap_00-16-28_1c85.jpg,Outlaw Star Ep 12: Mortal Combat with the El Dorado @ 00:16:28,https://animehistory.org/gallery/screencaps/outlaw-star/episode-12/,https://animehistory.org/gallery/screencaps/outlaw-star/episode-12/?page=3,3,2026-10-07T01:49:31.991071+00:00,a5812b6ad845b6497087dde5a161444abb1e50e2c715f40ef6efd77cb22145d1,,UNVERIFIED
EP-12,Mortal Combat with the El Dorado,00:16:32,992,850911,https://animehistory.org/uploads/screencaps/outlaw-star-E012-Mortal-Combat-with-the-El-Dorado/cap_00-16-32_5238.jpg,Outlaw Star Ep 12: Mortal Combat with the El Dorado @ 00:16:32,https://animehistory.org/gallery/screencaps/outlaw-star/episode-12/,https://animehistory.org/gallery/screencaps/outlaw-star/episode-12/?page=3,3,2026-10-07T01:49:31.991071+00:00,a5812b6ad845b6497087dde5a161444abb1e50e2c715f40ef6efd77cb22145d1,,UNVERIFIED
EP-12,Mortal Combat with the El Dorado,00:16:35,995,850912,https://animehistory.org/uploads/screencaps/outlaw-star-E012-Mortal-Combat-with-the-El-Dorado/cap_00-16-35_3ecf.jpg,Outlaw Star Ep 12: Mortal Combat with the El Dorado @ 00:16:35,https://animehistory.org/gallery/screencaps/outlaw-star/episode-12/,https://animehistory.org/gallery/screencaps/outlaw-star/episode-12/?page=3,3,2026-10-07T01:49:31.991071+00:00,a5812b6ad845b6497087dde5a161444abb1e50e2c715f40ef6efd77cb22145d1,,UNVERIFIED
EP-12,Mortal Combat with the El Dorado,00:16:39,999,850913,https://animehistory.org/uploads/screencaps/outlaw-star-E012-Mortal-Combat-with-the-El-Dorado/cap_00-16-39_0875.jpg,Outlaw Star Ep 12: Mortal Combat with the El Dorado @ 00:16:39,https://animehistory.org/gallery/screencaps/outlaw-star/episode-12/,https://animehistory.org/gallery/screencaps/outlaw-star/episode-12/?page=3,3,2026-10-07T01:49:31.991071+00:00,a5812b6ad845b6497087dde5a161444abb1e50e2c715f40ef6efd77cb22145d1,,UNVERIFIED
EP-12,Mortal Combat with the El Dorado,00:16:43,1003,850914,https://animehistory.org/uploads/screencaps/outlaw-star-E012-Mortal-Combat-with-the-El-Dorado/cap_00-16-43_5fb7.jpg,Outlaw Star Ep 12: Mortal Combat with the El Dorado @ 00:16:43,https://animehistory.org/gallery/screencaps/outlaw-star/episode-12/,https://animehistory.org/gallery/screencaps/outlaw-star/episode-12/?page=3,3,2026-10-07T01:49:31.991071+00:00,a5812b6ad845b6497087dde5a161444abb1e50e2c715f40ef6efd77cb22145d1,,UNVERIFIED
EP-12,Mortal Combat with the El Dorado,00:16:46,1006,850915,https://animehistory.org/uploads/screencaps/outlaw-star-E012-Mortal-Combat-with-the-El-Dorado/cap_00-16-46_0e4e.jpg,Outlaw Star Ep 12: Mortal Combat with the El Dorado @ 00:16:46,https://animehistory.org/gallery/screencaps/outlaw-star/episode-12/,https://animehistory.org/gallery/screencaps/outlaw-star/episode-12/?page=3,3,2026-10-07T01:49:31.991071+00:00,a5812b6ad845b6497087dde5a161444abb1e50e2c715f40ef6efd77cb22145d1,,UNVERIFIED
EP-12,Mortal Combat with the El Dorado,00:16:50,1010,850916,https://animehistory.org/uploads/screencaps/outlaw-star-E012-Mortal-Combat-with-the-El-Dorado/cap_00-16-50_1d2a.jpg,Outlaw Star Ep 12: Mortal Combat with the El Dorado @ 00:16:50,https://animehistory.org/gallery/screencaps/outlaw-star/episode-12/,https://animehistory.org/gallery/screencaps/outlaw-star/episode-12/?page=3,3,2026-10-07T01:49:31.991071+00:00,a5812b6ad845b6497087dde5a161444abb1e50e2c715f40ef6efd77cb22145d1,,UNVERIFIED
EP-12,Mortal Combat with the El Dorado,00:16:54,1014,850917,https://animehistory.org/uploads/screencaps/outlaw-star-E012-Mortal-Combat-with-the-El-Dorado/cap_00-16-54_1201.jpg,Outlaw Star Ep 12: Mortal Combat with the El Dorado @ 00:16:54,https://animehistory.org/gallery/screencaps/outlaw-star/episode-12/,https://animehistory.org/gallery/screencaps/outlaw-star/episode-12/?page=3,3,2026-10-07T01:49:31.991071+00:00,a5812b6ad845b6497087dde5a161444abb1e50e2c715f40ef6efd77cb22145d1,,UNVERIFIED
EP-12,Mortal Combat with the El Dorado,00:16:57,1017,850918,https://animehistory.org/uploads/screencaps/outlaw-star-E012-Mortal-Combat-with-the-El-Dorado/cap_00-16-57_4650.jpg,Outlaw Star Ep 12: Mortal Combat with the El Dorado @ 00:16:57,https://animehistory.org/gallery/screencaps/outlaw-star/episode-12/,https://animehistory.org/gallery/screencaps/outlaw-star/episode-12/?page=3,3,2026-10-07T01:49:31.991071+00:00,a5812b6ad845b6497087dde5a161444abb1e50e2c715f40ef6efd77cb22145d1,,UNVERIFIED
EP-12,Mortal Combat with the El Dorado,00:17:01,1021,850919,https://animehistory.org/uploads/screencaps/outlaw-star-E012-Mortal-Combat-with-the-El-Dorado/cap_00-17-01_2402.jpg,Outlaw Star Ep 12: Mortal Combat with the El Dorado @ 00:17:01,https://animehistory.org/gallery/screencaps/outlaw-star/episode-12/,https://animehistory.org/gallery/screencaps/outlaw-star/episode-12/?page=3,3,2026-10-07T01:49:31.991071+00:00,a5812b6ad845b6497087dde5a161444abb1e50e2c715f40ef6efd77cb22145d1,,UNVERIFIED
EP-12,Mortal Combat with the El Dorado,00:17:05,1025,850920,https://animehistory.org/uploads/screencaps/outlaw-star-E012-Mortal-Combat-with-the-El-Dorado/cap_00-17-05_3f61.jpg,Outlaw Star Ep 12: Mortal Combat with the El Dorado @ 00:17:05,https://animehistory.org/gallery/screencaps/outlaw-star/episode-12/,https://animehistory.org/gallery/screencaps/outlaw-star/episode-12/?page=3,3,2026-10-07T01:49:31.991071+00:00,a5812b6ad845b6497087dde5a161444abb1e50e2c715f40ef6efd77cb22145d1,,UNVERIFIED
EP-12,Mortal Combat with the El Dorado,00:17:08,1028,850921,https://animehistory.org/uploads/screencaps/outlaw-star-E012-Mortal-Combat-with-the-El-Dorado/cap_00-17-08_6aa2.jpg,Outlaw Star Ep 12: Mortal Combat with the El Dorado @ 00:17:08,https://animehistory.org/gallery/screencaps/outlaw-star/episode-12/,https://animehistory.org/gallery/screencaps/outlaw-star/episode-12/?page=3,3,2026-10-07T01:49:31.991071+00:00,a5812b6ad845b6497087dde5a161444abb1e50e2c715f40ef6efd77cb22145d1,,UNVERIFIED
EP-12,Mortal Combat with the El Dorado,00:17:12,1032,850922,https://animehistory.org/uploads/screencaps/outlaw-star-E012-Mortal-Combat-with-the-El-Dorado/cap_00-17-12_39f8.jpg,Outlaw Star Ep 12: Mortal Combat with the El Dorado @ 00:17:12,https://animehistory.org/gallery/screencaps/outlaw-star/episode-12/,https://animehistory.org/gallery/screencaps/outlaw-star/episode-12/?page=3,3,2026-10-07T01:49:31.991071+00:00,a5812b6ad845b6497087dde5a161444abb1e50e2c715f40ef6efd77cb22145d1,,UNVERIFIED
EP-12,Mortal Combat with the El Dorado,00:17:16,1036,850923,https://animehistory.org/uploads/screencaps/outlaw-star-E012-Mortal-Combat-with-the-El-Dorado/cap_00-17-16_48d4.jpg,Outlaw Star Ep 12: Mortal Combat with the El Dorado @ 00:17:16,https://animehistory.org/gallery/screencaps/outlaw-star/episode-12/,https://animehistory.org/gallery/screencaps/outlaw-star/episode-12/?page=3,3,2026-10-07T01:49:31.991071+00:00,a5812b6ad845b6497087dde5a161444abb1e50e2c715f40ef6efd77cb22145d1,,UNVERIFIED
EP-12,Mortal Combat with the El Dorado,00:17:19,1039,850924,https://animehistory.org/uploads/screencaps/outlaw-star-E012-Mortal-Combat-with-the-El-Dorado/cap_00-17-19_43be.jpg,Outlaw Star Ep 12: Mortal Combat with the El Dorado @ 00:17:19,https://animehistory.org/gallery/screencaps/outlaw-star/episode-12/,https://animehistory.org/gallery/screencaps/outlaw-star/episode-12/?page=3,3,2026-10-07T01:49:31.991071+00:00,a5812b6ad845b6497087dde5a161444abb1e50e2c715f40ef6efd77cb22145d1,,UNVERIFIED
EP-12,Mortal Combat with the El Dorado,00:17:23,1043,850925,https://animehistory.org/uploads/screencaps/outlaw-star-E012-Mortal-Combat-with-the-El-Dorado/cap_00-17-23_0ced.jpg,Outlaw Star Ep 12: Mortal Combat with the El Dorado @ 00:17:23,https://animehistory.org/gallery/screencaps/outlaw-star/episode-12/,https://animehistory.org/gallery/screencaps/outlaw-star/episode-12/?page=3,3,2026-10-07T01:49:31.991071+00:00,a5812b6ad845b6497087dde5a161444abb1e50e2c715f40ef6efd77cb22145d1,,UNVERIFIED
EP-12,Mortal Combat with the El Dorado,00:17:26,1046,850926,https://animehistory.org/uploads/screencaps/outlaw-star-E012-Mortal-Combat-with-the-El-Dorado/cap_00-17-26_3256.jpg,Outlaw Star Ep 12: Mortal Combat with the El Dorado @ 00:17:26,https://animehistory.org/gallery/screencaps/outlaw-star/episode-12/,https://animehistory.org/gallery/screencaps/outlaw-star/episode-12/?page=3,3,2026-10-07T01:49:31.991071+00:00,a5812b6ad845b6497087dde5a161444abb1e50e2c715f40ef6efd77cb22145d1,,UNVERIFIED
EP-12,Mortal Combat with the El Dorado,00:17:30,1050,850927,https://animehistory.org/uploads/screencaps/outlaw-star-E012-Mortal-Combat-with-the-El-Dorado/cap_00-17-30_3dd0.jpg,Outlaw Star Ep 12: Mortal Combat with the El Dorado @ 00:17:30,https://animehistory.org/gallery/screencaps/outlaw-star/episode-12/,https://animehistory.org/gallery/screencaps/outlaw-star/episode-12/?page=3,3,2026-10-07T01:49:31.991071+00:00,a5812b6ad845b6497087dde5a161444abb1e50e2c715f40ef6efd77cb22145d1,,UNVERIFIED
EP-12,Mortal Combat with the El Dorado,00:17:34,1054,850928,https://animehistory.org/uploads/screencaps/outlaw-star-E012-Mortal-Combat-with-the-El-Dorado/cap_00-17-34_6d16.jpg,Outlaw Star Ep 12: Mortal Combat with the El Dorado @ 00:17:34,https://animehistory.org/gallery/screencaps/outlaw-star/episode-12/,https://animehistory.org/gallery/screencaps/outlaw-star/episode-12/?page=3,3,2026-10-07T01:49:31.991071+00:00,a5812b6ad845b6497087dde5a161444abb1e50e2c715f40ef6efd77cb22145d1,,UNVERIFIED
EP-12,Mortal Combat with the El Dorado,00:17:37,1057,850929,https://animehistory.org/uploads/screencaps/outlaw-star-E012-Mortal-Combat-with-the-El-Dorado/cap_00-17-37_3d6c.jpg,Outlaw Star Ep 12: Mortal Combat with the El Dorado @ 00:17:37,https://animehistory.org/gallery/screencaps/outlaw-star/episode-12/,https://animehistory.org/gallery/screencaps/outlaw-star/episode-12/?page=3,3,2026-10-07T01:49:31.991071+00:00,a5812b6ad845b6497087dde5a161444abb1e50e2c715f40ef6efd77cb22145d1,,UNVERIFIED
EP-12,Mortal Combat with the El Dorado,00:17:41,1061,850930,https://animehistory.org/uploads/screencaps/outlaw-star-E012-Mortal-Combat-with-the-El-Dorado/cap_00-17-41_085b.jpg,Outlaw Star Ep 12: Mortal Combat with the El Dorado @ 00:17:41,https://animehistory.org/gallery/screencaps/outlaw-star/episode-12/,https://animehistory.org/gallery/screencaps/outlaw-star/episode-12/?page=3,3,2026-10-07T01:49:31.991071+00:00,a5812b6ad845b6497087dde5a161444abb1e50e2c715f40ef6efd77cb22145d1,,UNVERIFIED
EP-12,Mortal Combat with the El Dorado,00:17:45,1065,850931,https://animehistory.org/uploads/screencaps/outlaw-star-E012-Mortal-Combat-with-the-El-Dorado/cap_00-17-45_0c2a.jpg,Outlaw Star Ep 12: Mortal Combat with the El Dorado @ 00:17:45,https://animehistory.org/gallery/screencaps/outlaw-star/episode-12/,https://animehistory.org/gallery/screencaps/outlaw-star/episode-12/?page=3,3,2026-10-07T01:49:31.991071+00:00,a5812b6ad845b6497087dde5a161444abb1e50e2c715f40ef6efd77cb22145d1,,UNVERIFIED
EP-12,Mortal Combat with the El Dorado,00:17:48,1068,850932,https://animehistory.org/uploads/screencaps/outlaw-star-E012-Mortal-Combat-with-the-El-Dorado/cap_00-17-48_745b.jpg,Outlaw Star Ep 12: Mortal Combat with the El Dorado @ 00:17:48,https://animehistory.org/gallery/screencaps/outlaw-star/episode-12/,https://animehistory.org/gallery/screencaps/outlaw-star/episode-12/?page=3,3,2026-10-07T01:49:31.991071+00:00,a5812b6ad845b6497087dde5a161444abb1e50e2c715f40ef6efd77cb22145d1,,UNVERIFIED
EP-12,Mortal Combat with the El Dorado,00:17:52,1072,850933,https://animehistory.org/uploads/screencaps/outlaw-star-E012-Mortal-Combat-with-the-El-Dorado/cap_00-17-52_0164.jpg,Outlaw Star Ep 12: Mortal Combat with the El Dorado @ 00:17:52,https://animehistory.org/gallery/screencaps/outlaw-star/episode-12/,https://animehistory.org/gallery/screencaps/outlaw-star/episode-12/?page=3,3,2026-10-07T01:49:31.991071+00:00,a5812b6ad845b6497087dde5a161444abb1e50e2c715f40ef6efd77cb22145d1,,UNVERIFIED
EP-12,Mortal Combat with the El Dorado,00:17:56,1076,850934,https://animehistory.org/uploads/screencaps/outlaw-star-E012-Mortal-Combat-with-the-El-Dorado/cap_00-17-56_12e2.jpg,Outlaw Star Ep 12: Mortal Combat with the El Dorado @ 00:17:56,https://animehistory.org/gallery/screencaps/outlaw-star/episode-12/,https://animehistory.org/gallery/screencaps/outlaw-star/episode-12/?page=3,3,2026-10-07T01:49:31.991071+00:00,a5812b6ad845b6497087dde5a161444abb1e50e2c715f40ef6efd77cb22145d1,,UNVERIFIED
EP-12,Mortal Combat with the El Dorado,00:17:59,1079,850935,https://animehistory.org/uploads/screencaps/outlaw-star-E012-Mortal-Combat-with-the-El-Dorado/cap_00-17-59_0c74.jpg,Outlaw Star Ep 12: Mortal Combat with the El Dorado @ 00:17:59,https://animehistory.org/gallery/screencaps/outlaw-star/episode-12/,https://animehistory.org/gallery/screencaps/outlaw-star/episode-12/?page=3,3,2026-10-07T01:49:31.991071+00:00,a5812b6ad845b6497087dde5a161444abb1e50e2c715f40ef6efd77cb22145d1,,UNVERIFIED
EP-12,Mortal Combat with the El Dorado,00:18:03,1083,850936,https://animehistory.org/uploads/screencaps/outlaw-star-E012-Mortal-Combat-with-the-El-Dorado/cap_00-18-03_2ff7.jpg,Outlaw Star Ep 12: Mortal Combat with the El Dorado @ 00:18:03,https://animehistory.org/gallery/screencaps/outlaw-star/episode-12/,https://animehistory.org/gallery/screencaps/outlaw-star/episode-12/?page=3,3,2026-10-07T01:49:31.991071+00:00,a5812b6ad845b6497087dde5a161444abb1e50e2c715f40ef6efd77cb22145d1,,UNVERIFIED
EP-12,Mortal Combat with the El Dorado,00:18:07,1087,850937,https://animehistory.org/uploads/screencaps/outlaw-star-E012-Mortal-Combat-with-the-El-Dorado/cap_00-18-07_60c2.jpg,Outlaw Star Ep 12: Mortal Combat with the El Dorado @ 00:18:07,https://animehistory.org/gallery/screencaps/outlaw-star/episode-12/,https://animehistory.org/gallery/screencaps/outlaw-star/episode-12/?page=3,3,2026-10-07T01:49:31.991071+00:00,a5812b6ad845b6497087dde5a161444abb1e50e2c715f40ef6efd77cb22145d1,,UNVERIFIED
EP-12,Mortal Combat with the El Dorado,00:18:10,1090,850938,https://animehistory.org/uploads/screencaps/outlaw-star-E012-Mortal-Combat-with-the-El-Dorado/cap_00-18-10_17de.jpg,Outlaw Star Ep 12: Mortal Combat with the El Dorado @ 00:18:10,https://animehistory.org/gallery/screencaps/outlaw-star/episode-12/,https://animehistory.org/gallery/screencaps/outlaw-star/episode-12/?page=3,3,2026-10-07T01:49:31.991071+00:00,a5812b6ad845b6497087dde5a161444abb1e50e2c715f40ef6efd77cb22145d1,,UNVERIFIED
EP-12,Mortal Combat with the El Dorado,00:18:14,1094,850939,https://animehistory.org/uploads/screencaps/outlaw-star-E012-Mortal-Combat-with-the-El-Dorado/cap_00-18-14_24e9.jpg,Outlaw Star Ep 12: Mortal Combat with the El Dorado @ 00:18:14,https://animehistory.org/gallery/screencaps/outlaw-star/episode-12/,https://animehistory.org/gallery/screencaps/outlaw-star/episode-12/?page=3,3,2026-10-07T01:49:31.991071+00:00,a5812b6ad845b6497087dde5a161444abb1e50e2c715f40ef6efd77cb22145d1,,UNVERIFIED
EP-12,Mortal Combat with the El Dorado,00:18:17,1097,850940,https://animehistory.org/uploads/screencaps/outlaw-star-E012-Mortal-Combat-with-the-El-Dorado/cap_00-18-17_5c80.jpg,Outlaw Star Ep 12: Mortal Combat with the El Dorado @ 00:18:17,https://animehistory.org/gallery/screencaps/outlaw-star/episode-12/,https://animehistory.org/gallery/screencaps/outlaw-star/episode-12/?page=3,3,2026-10-07T01:49:31.991071+00:00,a5812b6ad845b6497087dde5a161444abb1e50e2c715f40ef6efd77cb22145d1,,UNVERIFIED
EP-12,Mortal Combat with the El Dorado,00:18:21,1101,850941,https://animehistory.org/uploads/screencaps/outlaw-star-E012-Mortal-Combat-with-the-El-Dorado/cap_00-18-21_7141.jpg,Outlaw Star Ep 12: Mortal Combat with the El Dorado @ 00:18:21,https://animehistory.org/gallery/screencaps/outlaw-star/episode-12/,https://animehistory.org/gallery/screencaps/outlaw-star/episode-12/?page=3,3,2026-10-07T01:49:31.991071+00:00,a5812b6ad845b6497087dde5a161444abb1e50e2c715f40ef6efd77cb22145d1,,UNVERIFIED
EP-12,Mortal Combat with the El Dorado,00:18:25,1105,850942,https://animehistory.org/uploads/screencaps/outlaw-star-E012-Mortal-Combat-with-the-El-Dorado/cap_00-18-25_1429.jpg,Outlaw Star Ep 12: Mortal Combat with the El Dorado @ 00:18:25,https://animehistory.org/gallery/screencaps/outlaw-star/episode-12/,https://animehistory.org/gallery/screencaps/outlaw-star/episode-12/?page=3,3,2026-10-07T01:49:31.991071+00:00,a5812b6ad845b6497087dde5a161444abb1e50e2c715f40ef6efd77cb22145d1,,UNVERIFIED
EP-12,Mortal Combat with the El Dorado,00:18:28,1108,850943,https://animehistory.org/uploads/screencaps/outlaw-star-E012-Mortal-Combat-with-the-El-Dorado/cap_00-18-28_4401.jpg,Outlaw Star Ep 12: Mortal Combat with the El Dorado @ 00:18:28,https://animehistory.org/gallery/screencaps/outlaw-star/episode-12/,https://animehistory.org/gallery/screencaps/outlaw-star/episode-12/?page=3,3,2026-10-07T01:49:31.991071+00:00,a5812b6ad845b6497087dde5a161444abb1e50e2c715f40ef6efd77cb22145d1,,UNVERIFIED
EP-12,Mortal Combat with the El Dorado,00:18:32,1112,850944,https://animehistory.org/uploads/screencaps/outlaw-star-E012-Mortal-Combat-with-the-El-Dorado/cap_00-18-32_0ff3.jpg,Outlaw Star Ep 12: Mortal Combat with the El Dorado @ 00:18:32,https://animehistory.org/gallery/screencaps/outlaw-star/episode-12/,https://animehistory.org/gallery/screencaps/outlaw-star/episode-12/?page=3,3,2026-10-07T01:49:31.991071+00:00,a5812b6ad845b6497087dde5a161444abb1e50e2c715f40ef6efd77cb22145d1,,UNVERIFIED
EP-12,Mortal Combat with the El Dorado,00:18:36,1116,850945,https://animehistory.org/uploads/screencaps/outlaw-star-E012-Mortal-Combat-with-the-El-Dorado/cap_00-18-36_4445.jpg,Outlaw Star Ep 12: Mortal Combat with the El Dorado @ 00:18:36,https://animehistory.org/gallery/screencaps/outlaw-star/episode-12/,https://animehistory.org/gallery/screencaps/outlaw-star/episode-12/?page=3,3,2026-10-07T01:49:31.991071+00:00,a5812b6ad845b6497087dde5a161444abb1e50e2c715f40ef6efd77cb22145d1,,UNVERIFIED
EP-12,Mortal Combat with the El Dorado,00:18:39,1119,850946,https://animehistory.org/uploads/screencaps/outlaw-star-E012-Mortal-Combat-with-the-El-Dorado/cap_00-18-39_63e1.jpg,Outlaw Star Ep 12: Mortal Combat with the El Dorado @ 00:18:39,https://animehistory.org/gallery/screencaps/outlaw-star/episode-12/,https://animehistory.org/gallery/screencaps/outlaw-star/episode-12/?page=3,3,2026-10-07T01:49:31.991071+00:00,a5812b6ad845b6497087dde5a161444abb1e50e2c715f40ef6efd77cb22145d1,,UNVERIFIED
EP-12,Mortal Combat with the El Dorado,00:18:43,1123,850947,https://animehistory.org/uploads/screencaps/outlaw-star-E012-Mortal-Combat-with-the-El-Dorado/cap_00-18-43_1edd.jpg,Outlaw Star Ep 12: Mortal Combat with the El Dorado @ 00:18:43,https://animehistory.org/gallery/screencaps/outlaw-star/episode-12/,https://animehistory.org/gallery/screencaps/outlaw-star/episode-12/?page=3,3,2026-10-07T01:49:31.991071+00:00,a5812b6ad845b6497087dde5a161444abb1e50e2c715f40ef6efd77cb22145d1,,UNVERIFIED
EP-12,Mortal Combat with the El Dorado,00:18:47,1127,850948,https://animehistory.org/uploads/screencaps/outlaw-star-E012-Mortal-Combat-with-the-El-Dorado/cap_00-18-47_5010.jpg,Outlaw Star Ep 12: Mortal Combat with the El Dorado @ 00:18:47,https://animehistory.org/gallery/screencaps/outlaw-star/episode-12/,https://animehistory.org/gallery/screencaps/outlaw-star/episode-12/?page=3,3,2026-10-07T01:49:31.991071+00:00,a5812b6ad845b6497087dde5a161444abb1e50e2c715f40ef6efd77cb22145d1,,UNVERIFIED
EP-12,Mortal Combat with the El Dorado,00:18:50,1130,850949,https://animehistory.org/uploads/screencaps/outlaw-star-E012-Mortal-Combat-with-the-El-Dorado/cap_00-18-50_5ca1.jpg,Outlaw Star Ep 12: Mortal Combat with the El Dorado @ 00:18:50,https://animehistory.org/gallery/screencaps/outlaw-star/episode-12/,https://animehistory.org/gallery/screencaps/outlaw-star/episode-12/?page=3,3,2026-10-07T01:49:31.991071+00:00,a5812b6ad845b6497087dde5a161444abb1e50e2c715f40ef6efd77cb22145d1,,UNVERIFIED
EP-12,Mortal Combat with the El Dorado,00:18:54,1134,850950,https://animehistory.org/uploads/screencaps/outlaw-star-E012-Mortal-Combat-with-the-El-Dorado/cap_00-18-54_45e4.jpg,Outlaw Star Ep 12: Mortal Combat with the El Dorado @ 00:18:54,https://animehistory.org/gallery/screencaps/outlaw-star/episode-12/,https://animehistory.org/gallery/screencaps/outlaw-star/episode-12/?page=3,3,2026-10-07T01:49:31.991071+00:00,a5812b6ad845b6497087dde5a161444abb1e50e2c715f40ef6efd77cb22145d1,,UNVERIFIED
EP-12,Mortal Combat with the El Dorado,00:18:58,1138,850951,https://animehistory.org/uploads/screencaps/outlaw-star-E012-Mortal-Combat-with-the-El-Dorado/cap_00-18-58_109d.jpg,Outlaw Star Ep 12: Mortal Combat with the El Dorado @ 00:18:58,https://animehistory.org/gallery/screencaps/outlaw-star/episode-12/,https://animehistory.org/gallery/screencaps/outlaw-star/episode-12/?page=3,3,2026-10-07T01:49:31.991071+00:00,a5812b6ad845b6497087dde5a161444abb1e50e2c715f40ef6efd77cb22145d1,,UNVERIFIED
EP-12,Mortal Combat with the El Dorado,00:19:01,1141,850952,https://animehistory.org/uploads/screencaps/outlaw-star-E012-Mortal-Combat-with-the-El-Dorado/cap_00-19-01_6743.jpg,Outlaw Star Ep 12: Mortal Combat with the El Dorado @ 00:19:01,https://animehistory.org/gallery/screencaps/outlaw-star/episode-12/,https://animehistory.org/gallery/screencaps/outlaw-star/episode-12/?page=3,3,2026-10-07T01:49:31.991071+00:00,a5812b6ad845b6497087dde5a161444abb1e50e2c715f40ef6efd77cb22145d1,,UNVERIFIED
EP-12,Mortal Combat with the El Dorado,00:19:05,1145,850953,https://animehistory.org/uploads/screencaps/outlaw-star-E012-Mortal-Combat-with-the-El-Dorado/cap_00-19-05_2aff.jpg,Outlaw Star Ep 12: Mortal Combat with the El Dorado @ 00:19:05,https://animehistory.org/gallery/screencaps/outlaw-star/episode-12/,https://animehistory.org/gallery/screencaps/outlaw-star/episode-12/?page=3,3,2026-10-07T01:49:31.991071+00:00,a5812b6ad845b6497087dde5a161444abb1e50e2c715f40ef6efd77cb22145d1,,UNVERIFIED
EP-12,Mortal Combat with the El Dorado,00:19:08,1148,850954,https://animehistory.org/uploads/screencaps/outlaw-star-E012-Mortal-Combat-with-the-El-Dorado/cap_00-19-08_0134.jpg,Outlaw Star Ep 12: Mortal Combat with the El Dorado @ 00:19:08,https://animehistory.org/gallery/screencaps/outlaw-star/episode-12/,https://animehistory.org/gallery/screencaps/outlaw-star/episode-12/?page=3,3,2026-10-07T01:49:31.991071+00:00,a5812b6ad845b6497087dde5a161444abb1e50e2c715f40ef6efd77cb22145d1,,UNVERIFIED
EP-12,Mortal Combat with the El Dorado,00:19:12,1152,850955,https://animehistory.org/uploads/screencaps/outlaw-star-E012-Mortal-Combat-with-the-El-Dorado/cap_00-19-12_0959.jpg,Outlaw Star Ep 12: Mortal Combat with the El Dorado @ 00:19:12,https://animehistory.org/gallery/screencaps/outlaw-star/episode-12/,https://animehistory.org/gallery/screencaps/outlaw-star/episode-12/?page=3,3,2026-10-07T01:49:31.991071+00:00,a5812b6ad845b6497087dde5a161444abb1e50e2c715f40ef6efd77cb22145d1,,UNVERIFIED
EP-12,Mortal Combat with the El Dorado,00:19:16,1156,850956,https://animehistory.org/uploads/screencaps/outlaw-star-E012-Mortal-Combat-with-the-El-Dorado/cap_00-19-16_71b5.jpg,Outlaw Star Ep 12: Mortal Combat with the El Dorado @ 00:19:16,https://animehistory.org/gallery/screencaps/outlaw-star/episode-12/,https://animehistory.org/gallery/screencaps/outlaw-star/episode-12/?page=3,3,2026-10-07T01:49:31.991071+00:00,a5812b6ad845b6497087dde5a161444abb1e50e2c715f40ef6efd77cb22145d1,,UNVERIFIED
EP-12,Mortal Combat with the El Dorado,00:19:19,1159,850957,https://animehistory.org/uploads/screencaps/outlaw-star-E012-Mortal-Combat-with-the-El-Dorado/cap_00-19-19_596e.jpg,Outlaw Star Ep 12: Mortal Combat with the El Dorado @ 00:19:19,https://animehistory.org/gallery/screencaps/outlaw-star/episode-12/,https://animehistory.org/gallery/screencaps/outlaw-star/episode-12/?page=3,3,2026-10-07T01:49:31.991071+00:00,a5812b6ad845b6497087dde5a161444abb1e50e2c715f40ef6efd77cb22145d1,,UNVERIFIED
EP-12,Mortal Combat with the El Dorado,00:19:23,1163,850958,https://animehistory.org/uploads/screencaps/outlaw-star-E012-Mortal-Combat-with-the-El-Dorado/cap_00-19-23_0fd0.jpg,Outlaw Star Ep 12: Mortal Combat with the El Dorado @ 00:19:23,https://animehistory.org/gallery/screencaps/outlaw-star/episode-12/,https://animehistory.org/gallery/screencaps/outlaw-star/episode-12/?page=3,3,2026-10-07T01:49:31.991071+00:00,a5812b6ad845b6497087dde5a161444abb1e50e2c715f40ef6efd77cb22145d1,,UNVERIFIED
EP-12,Mortal Combat with the El Dorado,00:19:27,1167,850959,https://animehistory.org/uploads/screencaps/outlaw-star-E012-Mortal-Combat-with-the-El-Dorado/cap_00-19-27_61c1.jpg,Outlaw Star Ep 12: Mortal Combat with the El Dorado @ 00:19:27,https://animehistory.org/gallery/screencaps/outlaw-star/episode-12/,https://animehistory.org/gallery/screencaps/outlaw-star/episode-12/?page=3,3,2026-10-07T01:49:31.991071+00:00,a5812b6ad845b6497087dde5a161444abb1e50e2c715f40ef6efd77cb22145d1,,UNVERIFIED
EP-12,Mortal Combat with the El Dorado,00:19:30,1170,850960,https://animehistory.org/uploads/screencaps/outlaw-star-E012-Mortal-Combat-with-the-El-Dorado/cap_00-19-30_2107.jpg,Outlaw Star Ep 12: Mortal Combat with the El Dorado @ 00:19:30,https://animehistory.org/gallery/screencaps/outlaw-star/episode-12/,https://animehistory.org/gallery/screencaps/outlaw-star/episode-12/?page=3,3,2026-10-07T01:49:31.991071+00:00,a5812b6ad845b6497087dde5a161444abb1e50e2c715f40ef6efd77cb22145d1,,UNVERIFIED
EP-12,Mortal Combat with the El Dorado,00:19:34,1174,850961,https://animehistory.org/uploads/screencaps/outlaw-star-E012-Mortal-Combat-with-the-El-Dorado/cap_00-19-34_42ae.jpg,Outlaw Star Ep 12: Mortal Combat with the El Dorado @ 00:19:34,https://animehistory.org/gallery/screencaps/outlaw-star/episode-12/,https://animehistory.org/gallery/screencaps/outlaw-star/episode-12/?page=3,3,2026-10-07T01:49:31.991071+00:00,a5812b6ad845b6497087dde5a161444abb1e50e2c715f40ef6efd77cb22145d1,,UNVERIFIED
EP-12,Mortal Combat with the El Dorado,00:19:38,1178,850962,https://animehistory.org/uploads/screencaps/outlaw-star-E012-Mortal-Combat-with-the-El-Dorado/cap_00-19-38_26df.jpg,Outlaw Star Ep 12: Mortal Combat with the El Dorado @ 00:19:38,https://animehistory.org/gallery/screencaps/outlaw-star/episode-12/,https://animehistory.org/gallery/screencaps/outlaw-star/episode-12/?page=3,3,2026-10-07T01:49:31.991071+00:00,a5812b6ad845b6497087dde5a161444abb1e50e2c715f40ef6efd77cb22145d1,,UNVERIFIED
EP-12,Mortal Combat with the El Dorado,00:19:41,1181,850963,https://animehistory.org/uploads/screencaps/outlaw-star-E012-Mortal-Combat-with-the-El-Dorado/cap_00-19-41_15a3.jpg,Outlaw Star Ep 12: Mortal Combat with the El Dorado @ 00:19:41,https://animehistory.org/gallery/screencaps/outlaw-star/episode-12/,https://animehistory.org/gallery/screencaps/outlaw-star/episode-12/?page=3,3,2026-10-07T01:49:31.991071+00:00,a5812b6ad845b6497087dde5a161444abb1e50e2c715f40ef6efd77cb22145d1,,UNVERIFIED
EP-12,Mortal Combat with the El Dorado,00:19:45,1185,850964,https://animehistory.org/uploads/screencaps/outlaw-star-E012-Mortal-Combat-with-the-El-Dorado/cap_00-19-45_3aef.jpg,Outlaw Star Ep 12: Mortal Combat with the El Dorado @ 00:19:45,https://animehistory.org/gallery/screencaps/outlaw-star/episode-12/,https://animehistory.org/gallery/screencaps/outlaw-star/episode-12/?page=3,3,2026-10-07T01:49:31.991071+00:00,a5812b6ad845b6497087dde5a161444abb1e50e2c715f40ef6efd77cb22145d1,,UNVERIFIED
EP-12,Mortal Combat with the El Dorado,00:19:49,1189,850965,https://animehistory.org/uploads/screencaps/outlaw-star-E012-Mortal-Combat-with-the-El-Dorado/cap_00-19-49_32da.jpg,Outlaw Star Ep 12: Mortal Combat with the El Dorado @ 00:19:49,https://animehistory.org/gallery/screencaps/outlaw-star/episode-12/,https://animehistory.org/gallery/screencaps/outlaw-star/episode-12/?page=3,3,2026-10-07T01:49:31.991071+00:00,a5812b6ad845b6497087dde5a161444abb1e50e2c715f40ef6efd77cb22145d1,,UNVERIFIED
EP-12,Mortal Combat with the El Dorado,00:19:52,1192,850966,https://animehistory.org/uploads/screencaps/outlaw-star-E012-Mortal-Combat-with-the-El-Dorado/cap_00-19-52_3c91.jpg,Outlaw Star Ep 12: Mortal Combat with the El Dorado @ 00:19:52,https://animehistory.org/gallery/screencaps/outlaw-star/episode-12/,https://animehistory.org/gallery/screencaps/outlaw-star/episode-12/?page=3,3,2026-10-07T01:49:31.991071+00:00,a5812b6ad845b6497087dde5a161444abb1e50e2c715f40ef6efd77cb22145d1,,UNVERIFIED
EP-12,Mortal Combat with the El Dorado,00:19:56,1196,850967,https://animehistory.org/uploads/screencaps/outlaw-star-E012-Mortal-Combat-with-the-El-Dorado/cap_00-19-56_4d88.jpg,Outlaw Star Ep 12: Mortal Combat with the El Dorado @ 00:19:56,https://animehistory.org/gallery/screencaps/outlaw-star/episode-12/,https://animehistory.org/gallery/screencaps/outlaw-star/episode-12/?page=4,4,2026-10-07T01:49:33.284953+00:00,c9a5b0a35b30fa550af810a12f8e5edfde7af2a62603cb78f1c795b2b2132aaa,,UNVERIFIED
EP-12,Mortal Combat with the El Dorado,00:19:59,1199,850968,https://animehistory.org/uploads/screencaps/outlaw-star-E012-Mortal-Combat-with-the-El-Dorado/cap_00-19-59_1fbb.jpg,Outlaw Star Ep 12: Mortal Combat with the El Dorado @ 00:19:59,https://animehistory.org/gallery/screencaps/outlaw-star/episode-12/,https://animehistory.org/gallery/screencaps/outlaw-star/episode-12/?page=4,4,2026-10-07T01:49:33.284953+00:00,c9a5b0a35b30fa550af810a12f8e5edfde7af2a62603cb78f1c795b2b2132aaa,,UNVERIFIED
EP-12,Mortal Combat with the El Dorado,00:20:03,1203,850969,https://animehistory.org/uploads/screencaps/outlaw-star-E012-Mortal-Combat-with-the-El-Dorado/cap_00-20-03_1dad.jpg,Outlaw Star Ep 12: Mortal Combat with the El Dorado @ 00:20:03,https://animehistory.org/gallery/screencaps/outlaw-star/episode-12/,https://animehistory.org/gallery/screencaps/outlaw-star/episode-12/?page=4,4,2026-10-07T01:49:33.284953+00:00,c9a5b0a35b30fa550af810a12f8e5edfde7af2a62603cb78f1c795b2b2132aaa,,UNVERIFIED
EP-12,Mortal Combat with the El Dorado,00:20:07,1207,850970,https://animehistory.org/uploads/screencaps/outlaw-star-E012-Mortal-Combat-with-the-El-Dorado/cap_00-20-07_1289.jpg,Outlaw Star Ep 12: Mortal Combat with the El Dorado @ 00:20:07,https://animehistory.org/gallery/screencaps/outlaw-star/episode-12/,https://animehistory.org/gallery/screencaps/outlaw-star/episode-12/?page=4,4,2026-10-07T01:49:33.284953+00:00,c9a5b0a35b30fa550af810a12f8e5edfde7af2a62603cb78f1c795b2b2132aaa,,UNVERIFIED
EP-12,Mortal Combat with the El Dorado,00:20:10,1210,850971,https://animehistory.org/uploads/screencaps/outlaw-star-E012-Mortal-Combat-with-the-El-Dorado/cap_00-20-10_7404.jpg,Outlaw Star Ep 12: Mortal Combat with the El Dorado @ 00:20:10,https://animehistory.org/gallery/screencaps/outlaw-star/episode-12/,https://animehistory.org/gallery/screencaps/outlaw-star/episode-12/?page=4,4,2026-10-07T01:49:33.284953+00:00,c9a5b0a35b30fa550af810a12f8e5edfde7af2a62603cb78f1c795b2b2132aaa,,UNVERIFIED
EP-12,Mortal Combat with the El Dorado,00:20:14,1214,850972,https://animehistory.org/uploads/screencaps/outlaw-star-E012-Mortal-Combat-with-the-El-Dorado/cap_00-20-14_7abc.jpg,Outlaw Star Ep 12: Mortal Combat with the El Dorado @ 00:20:14,https://animehistory.org/gallery/screencaps/outlaw-star/episode-12/,https://animehistory.org/gallery/screencaps/outlaw-star/episode-12/?page=4,4,2026-10-07T01:49:33.284953+00:00,c9a5b0a35b30fa550af810a12f8e5edfde7af2a62603cb78f1c795b2b2132aaa,,UNVERIFIED
EP-12,Mortal Combat with the El Dorado,00:20:18,1218,850973,https://animehistory.org/uploads/screencaps/outlaw-star-E012-Mortal-Combat-with-the-El-Dorado/cap_00-20-18_7245.jpg,Outlaw Star Ep 12: Mortal Combat with the El Dorado @ 00:20:18,https://animehistory.org/gallery/screencaps/outlaw-star/episode-12/,https://animehistory.org/gallery/screencaps/outlaw-star/episode-12/?page=4,4,2026-10-07T01:49:33.284953+00:00,c9a5b0a35b30fa550af810a12f8e5edfde7af2a62603cb78f1c795b2b2132aaa,,UNVERIFIED
EP-12,Mortal Combat with the El Dorado,00:20:21,1221,850974,https://animehistory.org/uploads/screencaps/outlaw-star-E012-Mortal-Combat-with-the-El-Dorado/cap_00-20-21_29f4.jpg,Outlaw Star Ep 12: Mortal Combat with the El Dorado @ 00:20:21,https://animehistory.org/gallery/screencaps/outlaw-star/episode-12/,https://animehistory.org/gallery/screencaps/outlaw-star/episode-12/?page=4,4,2026-10-07T01:49:33.284953+00:00,c9a5b0a35b30fa550af810a12f8e5edfde7af2a62603cb78f1c795b2b2132aaa,,UNVERIFIED
EP-12,Mortal Combat with the El Dorado,00:20:25,1225,850975,https://animehistory.org/uploads/screencaps/outlaw-star-E012-Mortal-Combat-with-the-El-Dorado/cap_00-20-25_41b2.jpg,Outlaw Star Ep 12: Mortal Combat with the El Dorado @ 00:20:25,https://animehistory.org/gallery/screencaps/outlaw-star/episode-12/,https://animehistory.org/gallery/screencaps/outlaw-star/episode-12/?page=4,4,2026-10-07T01:49:33.284953+00:00,c9a5b0a35b30fa550af810a12f8e5edfde7af2a62603cb78f1c795b2b2132aaa,,UNVERIFIED
EP-12,Mortal Combat with the El Dorado,00:20:29,1229,850976,https://animehistory.org/uploads/screencaps/outlaw-star-E012-Mortal-Combat-with-the-El-Dorado/cap_00-20-29_4047.jpg,Outlaw Star Ep 12: Mortal Combat with the El Dorado @ 00:20:29,https://animehistory.org/gallery/screencaps/outlaw-star/episode-12/,https://animehistory.org/gallery/screencaps/outlaw-star/episode-12/?page=4,4,2026-10-07T01:49:33.284953+00:00,c9a5b0a35b30fa550af810a12f8e5edfde7af2a62603cb78f1c795b2b2132aaa,,UNVERIFIED
EP-12,Mortal Combat with the El Dorado,00:20:32,1232,850977,https://animehistory.org/uploads/screencaps/outlaw-star-E012-Mortal-Combat-with-the-El-Dorado/cap_00-20-32_0030.jpg,Outlaw Star Ep 12: Mortal Combat with the El Dorado @ 00:20:32,https://animehistory.org/gallery/screencaps/outlaw-star/episode-12/,https://animehistory.org/gallery/screencaps/outlaw-star/episode-12/?page=4,4,2026-10-07T01:49:33.284953+00:00,c9a5b0a35b30fa550af810a12f8e5edfde7af2a62603cb78f1c795b2b2132aaa,,UNVERIFIED
EP-12,Mortal Combat with the El Dorado,00:20:36,1236,850978,https://animehistory.org/uploads/screencaps/outlaw-star-E012-Mortal-Combat-with-the-El-Dorado/cap_00-20-36_20b3.jpg,Outlaw Star Ep 12: Mortal Combat with the El Dorado @ 00:20:36,https://animehistory.org/gallery/screencaps/outlaw-star/episode-12/,https://animehistory.org/gallery/screencaps/outlaw-star/episode-12/?page=4,4,2026-10-07T01:49:33.284953+00:00,c9a5b0a35b30fa550af810a12f8e5edfde7af2a62603cb78f1c795b2b2132aaa,,UNVERIFIED
EP-12,Mortal Combat with the El Dorado,00:20:40,1240,850979,https://animehistory.org/uploads/screencaps/outlaw-star-E012-Mortal-Combat-with-the-El-Dorado/cap_00-20-40_59f4.jpg,Outlaw Star Ep 12: Mortal Combat with the El Dorado @ 00:20:40,https://animehistory.org/gallery/screencaps/outlaw-star/episode-12/,https://animehistory.org/gallery/screencaps/outlaw-star/episode-12/?page=4,4,2026-10-07T01:49:33.284953+00:00,c9a5b0a35b30fa550af810a12f8e5edfde7af2a62603cb78f1c795b2b2132aaa,,UNVERIFIED
EP-12,Mortal Combat with the El Dorado,00:20:43,1243,850980,https://animehistory.org/uploads/screencaps/outlaw-star-E012-Mortal-Combat-with-the-El-Dorado/cap_00-20-43_4729.jpg,Outlaw Star Ep 12: Mortal Combat with the El Dorado @ 00:20:43,https://animehistory.org/gallery/screencaps/outlaw-star/episode-12/,https://animehistory.org/gallery/screencaps/outlaw-star/episode-12/?page=4,4,2026-10-07T01:49:33.284953+00:00,c9a5b0a35b30fa550af810a12f8e5edfde7af2a62603cb78f1c795b2b2132aaa,,UNVERIFIED
EP-12,Mortal Combat with the El Dorado,00:20:47,1247,850981,https://animehistory.org/uploads/screencaps/outlaw-star-E012-Mortal-Combat-with-the-El-Dorado/cap_00-20-47_5c51.jpg,Outlaw Star Ep 12: Mortal Combat with the El Dorado @ 00:20:47,https://animehistory.org/gallery/screencaps/outlaw-star/episode-12/,https://animehistory.org/gallery/screencaps/outlaw-star/episode-12/?page=4,4,2026-10-07T01:49:33.284953+00:00,c9a5b0a35b30fa550af810a12f8e5edfde7af2a62603cb78f1c795b2b2132aaa,,UNVERIFIED
EP-12,Mortal Combat with the El Dorado,00:20:50,1250,850982,https://animehistory.org/uploads/screencaps/outlaw-star-E012-Mortal-Combat-with-the-El-Dorado/cap_00-20-50_6780.jpg,Outlaw Star Ep 12: Mortal Combat with the El Dorado @ 00:20:50,https://animehistory.org/gallery/screencaps/outlaw-star/episode-12/,https://animehistory.org/gallery/screencaps/outlaw-star/episode-12/?page=4,4,2026-10-07T01:49:33.284953+00:00,c9a5b0a35b30fa550af810a12f8e5edfde7af2a62603cb78f1c795b2b2132aaa,,UNVERIFIED
EP-12,Mortal Combat with the El Dorado,00:20:54,1254,850983,https://animehistory.org/uploads/screencaps/outlaw-star-E012-Mortal-Combat-with-the-El-Dorado/cap_00-20-54_3214.jpg,Outlaw Star Ep 12: Mortal Combat with the El Dorado @ 00:20:54,https://animehistory.org/gallery/screencaps/outlaw-star/episode-12/,https://animehistory.org/gallery/screencaps/outlaw-star/episode-12/?page=4,4,2026-10-07T01:49:33.284953+00:00,c9a5b0a35b30fa550af810a12f8e5edfde7af2a62603cb78f1c795b2b2132aaa,,UNVERIFIED
EP-12,Mortal Combat with the El Dorado,00:20:58,1258,850984,https://animehistory.org/uploads/screencaps/outlaw-star-E012-Mortal-Combat-with-the-El-Dorado/cap_00-20-58_1ddc.jpg,Outlaw Star Ep 12: Mortal Combat with the El Dorado @ 00:20:58,https://animehistory.org/gallery/screencaps/outlaw-star/episode-12/,https://animehistory.org/gallery/screencaps/outlaw-star/episode-12/?page=4,4,2026-10-07T01:49:33.284953+00:00,c9a5b0a35b30fa550af810a12f8e5edfde7af2a62603cb78f1c795b2b2132aaa,,UNVERIFIED
EP-12,Mortal Combat with the El Dorado,00:21:01,1261,850985,https://animehistory.org/uploads/screencaps/outlaw-star-E012-Mortal-Combat-with-the-El-Dorado/cap_00-21-01_7984.jpg,Outlaw Star Ep 12: Mortal Combat with the El Dorado @ 00:21:01,https://animehistory.org/gallery/screencaps/outlaw-star/episode-12/,https://animehistory.org/gallery/screencaps/outlaw-star/episode-12/?page=4,4,2026-10-07T01:49:33.284953+00:00,c9a5b0a35b30fa550af810a12f8e5edfde7af2a62603cb78f1c795b2b2132aaa,,UNVERIFIED
EP-12,Mortal Combat with the El Dorado,00:21:05,1265,850986,https://animehistory.org/uploads/screencaps/outlaw-star-E012-Mortal-Combat-with-the-El-Dorado/cap_00-21-05_1132.jpg,Outlaw Star Ep 12: Mortal Combat with the El Dorado @ 00:21:05,https://animehistory.org/gallery/screencaps/outlaw-star/episode-12/,https://animehistory.org/gallery/screencaps/outlaw-star/episode-12/?page=4,4,2026-10-07T01:49:33.284953+00:00,c9a5b0a35b30fa550af810a12f8e5edfde7af2a62603cb78f1c795b2b2132aaa,,UNVERIFIED
EP-12,Mortal Combat with the El Dorado,00:21:09,1269,850987,https://animehistory.org/uploads/screencaps/outlaw-star-E012-Mortal-Combat-with-the-El-Dorado/cap_00-21-09_0690.jpg,Outlaw Star Ep 12: Mortal Combat with the El Dorado @ 00:21:09,https://animehistory.org/gallery/screencaps/outlaw-star/episode-12/,https://animehistory.org/gallery/screencaps/outlaw-star/episode-12/?page=4,4,2026-10-07T01:49:33.284953+00:00,c9a5b0a35b30fa550af810a12f8e5edfde7af2a62603cb78f1c795b2b2132aaa,,UNVERIFIED
EP-12,Mortal Combat with the El Dorado,00:21:12,1272,850988,https://animehistory.org/uploads/screencaps/outlaw-star-E012-Mortal-Combat-with-the-El-Dorado/cap_00-21-12_0489.jpg,Outlaw Star Ep 12: Mortal Combat with the El Dorado @ 00:21:12,https://animehistory.org/gallery/screencaps/outlaw-star/episode-12/,https://animehistory.org/gallery/screencaps/outlaw-star/episode-12/?page=4,4,2026-10-07T01:49:33.284953+00:00,c9a5b0a35b30fa550af810a12f8e5edfde7af2a62603cb78f1c795b2b2132aaa,,UNVERIFIED
EP-12,Mortal Combat with the El Dorado,00:21:16,1276,850989,https://animehistory.org/uploads/screencaps/outlaw-star-E012-Mortal-Combat-with-the-El-Dorado/cap_00-21-16_0e69.jpg,Outlaw Star Ep 12: Mortal Combat with the El Dorado @ 00:21:16,https://animehistory.org/gallery/screencaps/outlaw-star/episode-12/,https://animehistory.org/gallery/screencaps/outlaw-star/episode-12/?page=4,4,2026-10-07T01:49:33.284953+00:00,c9a5b0a35b30fa550af810a12f8e5edfde7af2a62603cb78f1c795b2b2132aaa,,UNVERIFIED
EP-12,Mortal Combat with the El Dorado,00:21:20,1280,850990,https://animehistory.org/uploads/screencaps/outlaw-star-E012-Mortal-Combat-with-the-El-Dorado/cap_00-21-20_0ea3.jpg,Outlaw Star Ep 12: Mortal Combat with the El Dorado @ 00:21:20,https://animehistory.org/gallery/screencaps/outlaw-star/episode-12/,https://animehistory.org/gallery/screencaps/outlaw-star/episode-12/?page=4,4,2026-10-07T01:49:33.284953+00:00,c9a5b0a35b30fa550af810a12f8e5edfde7af2a62603cb78f1c795b2b2132aaa,,UNVERIFIED
EP-12,Mortal Combat with the El Dorado,00:21:23,1283,850991,https://animehistory.org/uploads/screencaps/outlaw-star-E012-Mortal-Combat-with-the-El-Dorado/cap_00-21-23_790c.jpg,Outlaw Star Ep 12: Mortal Combat with the El Dorado @ 00:21:23,https://animehistory.org/gallery/screencaps/outlaw-star/episode-12/,https://animehistory.org/gallery/screencaps/outlaw-star/episode-12/?page=4,4,2026-10-07T01:49:33.284953+00:00,c9a5b0a35b30fa550af810a12f8e5edfde7af2a62603cb78f1c795b2b2132aaa,,UNVERIFIED
EP-12,Mortal Combat with the El Dorado,00:21:27,1287,850992,https://animehistory.org/uploads/screencaps/outlaw-star-E012-Mortal-Combat-with-the-El-Dorado/cap_00-21-27_58df.jpg,Outlaw Star Ep 12: Mortal Combat with the El Dorado @ 00:21:27,https://animehistory.org/gallery/screencaps/outlaw-star/episode-12/,https://animehistory.org/gallery/screencaps/outlaw-star/episode-12/?page=4,4,2026-10-07T01:49:33.284953+00:00,c9a5b0a35b30fa550af810a12f8e5edfde7af2a62603cb78f1c795b2b2132aaa,,UNVERIFIED
EP-12,Mortal Combat with the El Dorado,00:21:31,1291,850993,https://animehistory.org/uploads/screencaps/outlaw-star-E012-Mortal-Combat-with-the-El-Dorado/cap_00-21-31_2999.jpg,Outlaw Star Ep 12: Mortal Combat with the El Dorado @ 00:21:31,https://animehistory.org/gallery/screencaps/outlaw-star/episode-12/,https://animehistory.org/gallery/screencaps/outlaw-star/episode-12/?page=4,4,2026-10-07T01:49:33.284953+00:00,c9a5b0a35b30fa550af810a12f8e5edfde7af2a62603cb78f1c795b2b2132aaa,,UNVERIFIED
EP-12,Mortal Combat with the El Dorado,00:21:34,1294,850994,https://animehistory.org/uploads/screencaps/outlaw-star-E012-Mortal-Combat-with-the-El-Dorado/cap_00-21-34_2d2e.jpg,Outlaw Star Ep 12: Mortal Combat with the El Dorado @ 00:21:34,https://animehistory.org/gallery/screencaps/outlaw-star/episode-12/,https://animehistory.org/gallery/screencaps/outlaw-star/episode-12/?page=4,4,2026-10-07T01:49:33.284953+00:00,c9a5b0a35b30fa550af810a12f8e5edfde7af2a62603cb78f1c795b2b2132aaa,,UNVERIFIED
EP-12,Mortal Combat with the El Dorado,00:21:38,1298,850995,https://animehistory.org/uploads/screencaps/outlaw-star-E012-Mortal-Combat-with-the-El-Dorado/cap_00-21-38_5ddd.jpg,Outlaw Star Ep 12: Mortal Combat with the El Dorado @ 00:21:38,https://animehistory.org/gallery/screencaps/outlaw-star/episode-12/,https://animehistory.org/gallery/screencaps/outlaw-star/episode-12/?page=4,4,2026-10-07T01:49:33.284953+00:00,c9a5b0a35b30fa550af810a12f8e5edfde7af2a62603cb78f1c795b2b2132aaa,,UNVERIFIED
EP-12,Mortal Combat with the El Dorado,00:21:41,1301,850996,https://animehistory.org/uploads/screencaps/outlaw-star-E012-Mortal-Combat-with-the-El-Dorado/cap_00-21-41_774e.jpg,Outlaw Star Ep 12: Mortal Combat with the El Dorado @ 00:21:41,https://animehistory.org/gallery/screencaps/outlaw-star/episode-12/,https://animehistory.org/gallery/screencaps/outlaw-star/episode-12/?page=4,4,2026-10-07T01:49:33.284953+00:00,c9a5b0a35b30fa550af810a12f8e5edfde7af2a62603cb78f1c795b2b2132aaa,,UNVERIFIED
EP-12,Mortal Combat with the El Dorado,00:21:45,1305,850997,https://animehistory.org/uploads/screencaps/outlaw-star-E012-Mortal-Combat-with-the-El-Dorado/cap_00-21-45_51a5.jpg,Outlaw Star Ep 12: Mortal Combat with the El Dorado @ 00:21:45,https://animehistory.org/gallery/screencaps/outlaw-star/episode-12/,https://animehistory.org/gallery/screencaps/outlaw-star/episode-12/?page=4,4,2026-10-07T01:49:33.284953+00:00,c9a5b0a35b30fa550af810a12f8e5edfde7af2a62603cb78f1c795b2b2132aaa,,UNVERIFIED
EP-12,Mortal Combat with the El Dorado,00:21:49,1309,850998,https://animehistory.org/uploads/screencaps/outlaw-star-E012-Mortal-Combat-with-the-El-Dorado/cap_00-21-49_0568.jpg,Outlaw Star Ep 12: Mortal Combat with the El Dorado @ 00:21:49,https://animehistory.org/gallery/screencaps/outlaw-star/episode-12/,https://animehistory.org/gallery/screencaps/outlaw-star/episode-12/?page=4,4,2026-10-07T01:49:33.284953+00:00,c9a5b0a35b30fa550af810a12f8e5edfde7af2a62603cb78f1c795b2b2132aaa,,UNVERIFIED
EP-12,Mortal Combat with the El Dorado,00:21:52,1312,850999,https://animehistory.org/uploads/screencaps/outlaw-star-E012-Mortal-Combat-with-the-El-Dorado/cap_00-21-52_5bfd.jpg,Outlaw Star Ep 12: Mortal Combat with the El Dorado @ 00:21:52,https://animehistory.org/gallery/screencaps/outlaw-star/episode-12/,https://animehistory.org/gallery/screencaps/outlaw-star/episode-12/?page=4,4,2026-10-07T01:49:33.284953+00:00,c9a5b0a35b30fa550af810a12f8e5edfde7af2a62603cb78f1c795b2b2132aaa,,UNVERIFIED
EP-12,Mortal Combat with the El Dorado,00:21:56,1316,851000,https://animehistory.org/uploads/screencaps/outlaw-star-E012-Mortal-Combat-with-the-El-Dorado/cap_00-21-56_6d60.jpg,Outlaw Star Ep 12: Mortal Combat with the El Dorado @ 00:21:56,https://animehistory.org/gallery/screencaps/outlaw-star/episode-12/,https://animehistory.org/gallery/screencaps/outlaw-star/episode-12/?page=4,4,2026-10-07T01:49:33.284953+00:00,c9a5b0a35b30fa550af810a12f8e5edfde7af2a62603cb78f1c795b2b2132aaa,,UNVERIFIED
EP-12,Mortal Combat with the El Dorado,00:22:00,1320,851001,https://animehistory.org/uploads/screencaps/outlaw-star-E012-Mortal-Combat-with-the-El-Dorado/cap_00-22-00_39b1.jpg,Outlaw Star Ep 12: Mortal Combat with the El Dorado @ 00:22:00,https://animehistory.org/gallery/screencaps/outlaw-star/episode-12/,https://animehistory.org/gallery/screencaps/outlaw-star/episode-12/?page=4,4,2026-10-07T01:49:33.284953+00:00,c9a5b0a35b30fa550af810a12f8e5edfde7af2a62603cb78f1c795b2b2132aaa,,UNVERIFIED
EP-12,Mortal Combat with the El Dorado,00:22:03,1323,851002,https://animehistory.org/uploads/screencaps/outlaw-star-E012-Mortal-Combat-with-the-El-Dorado/cap_00-22-03_31ac.jpg,Outlaw Star Ep 12: Mortal Combat with the El Dorado @ 00:22:03,https://animehistory.org/gallery/screencaps/outlaw-star/episode-12/,https://animehistory.org/gallery/screencaps/outlaw-star/episode-12/?page=4,4,2026-10-07T01:49:33.284953+00:00,c9a5b0a35b30fa550af810a12f8e5edfde7af2a62603cb78f1c795b2b2132aaa,,UNVERIFIED
EP-12,Mortal Combat with the El Dorado,00:22:07,1327,851003,https://animehistory.org/uploads/screencaps/outlaw-star-E012-Mortal-Combat-with-the-El-Dorado/cap_00-22-07_6afb.jpg,Outlaw Star Ep 12: Mortal Combat with the El Dorado @ 00:22:07,https://animehistory.org/gallery/screencaps/outlaw-star/episode-12/,https://animehistory.org/gallery/screencaps/outlaw-star/episode-12/?page=4,4,2026-10-07T01:49:33.284953+00:00,c9a5b0a35b30fa550af810a12f8e5edfde7af2a62603cb78f1c795b2b2132aaa,,UNVERIFIED
EP-12,Mortal Combat with the El Dorado,00:22:11,1331,851004,https://animehistory.org/uploads/screencaps/outlaw-star-E012-Mortal-Combat-with-the-El-Dorado/cap_00-22-11_7508.jpg,Outlaw Star Ep 12: Mortal Combat with the El Dorado @ 00:22:11,https://animehistory.org/gallery/screencaps/outlaw-star/episode-12/,https://animehistory.org/gallery/screencaps/outlaw-star/episode-12/?page=4,4,2026-10-07T01:49:33.284953+00:00,c9a5b0a35b30fa550af810a12f8e5edfde7af2a62603cb78f1c795b2b2132aaa,,UNVERIFIED
EP-12,Mortal Combat with the El Dorado,00:22:14,1334,851005,https://animehistory.org/uploads/screencaps/outlaw-star-E012-Mortal-Combat-with-the-El-Dorado/cap_00-22-14_4a92.jpg,Outlaw Star Ep 12: Mortal Combat with the El Dorado @ 00:22:14,https://animehistory.org/gallery/screencaps/outlaw-star/episode-12/,https://animehistory.org/gallery/screencaps/outlaw-star/episode-12/?page=4,4,2026-10-07T01:49:33.284953+00:00,c9a5b0a35b30fa550af810a12f8e5edfde7af2a62603cb78f1c795b2b2132aaa,,UNVERIFIED
EP-12,Mortal Combat with the El Dorado,00:22:18,1338,851006,https://animehistory.org/uploads/screencaps/outlaw-star-E012-Mortal-Combat-with-the-El-Dorado/cap_00-22-18_1585.jpg,Outlaw Star Ep 12: Mortal Combat with the El Dorado @ 00:22:18,https://animehistory.org/gallery/screencaps/outlaw-star/episode-12/,https://animehistory.org/gallery/screencaps/outlaw-star/episode-12/?page=4,4,2026-10-07T01:49:33.284953+00:00,c9a5b0a35b30fa550af810a12f8e5edfde7af2a62603cb78f1c795b2b2132aaa,,UNVERIFIED
EP-12,Mortal Combat with the El Dorado,00:22:22,1342,851007,https://animehistory.org/uploads/screencaps/outlaw-star-E012-Mortal-Combat-with-the-El-Dorado/cap_00-22-22_7f7a.jpg,Outlaw Star Ep 12: Mortal Combat with the El Dorado @ 00:22:22,https://animehistory.org/gallery/screencaps/outlaw-star/episode-12/,https://animehistory.org/gallery/screencaps/outlaw-star/episode-12/?page=4,4,2026-10-07T01:49:33.284953+00:00,c9a5b0a35b30fa550af810a12f8e5edfde7af2a62603cb78f1c795b2b2132aaa,,UNVERIFIED
EP-12,Mortal Combat with the El Dorado,00:22:25,1345,851008,https://animehistory.org/uploads/screencaps/outlaw-star-E012-Mortal-Combat-with-the-El-Dorado/cap_00-22-25_04e2.jpg,Outlaw Star Ep 12: Mortal Combat with the El Dorado @ 00:22:25,https://animehistory.org/gallery/screencaps/outlaw-star/episode-12/,https://animehistory.org/gallery/screencaps/outlaw-star/episode-12/?page=4,4,2026-10-07T01:49:33.284953+00:00,c9a5b0a35b30fa550af810a12f8e5edfde7af2a62603cb78f1c795b2b2132aaa,,UNVERIFIED
EP-12,Mortal Combat with the El Dorado,00:22:29,1349,851009,https://animehistory.org/uploads/screencaps/outlaw-star-E012-Mortal-Combat-with-the-El-Dorado/cap_00-22-29_4d0e.jpg,Outlaw Star Ep 12: Mortal Combat with the El Dorado @ 00:22:29,https://animehistory.org/gallery/screencaps/outlaw-star/episode-12/,https://animehistory.org/gallery/screencaps/outlaw-star/episode-12/?page=4,4,2026-10-07T01:49:33.284953+00:00,c9a5b0a35b30fa550af810a12f8e5edfde7af2a62603cb78f1c795b2b2132aaa,,UNVERIFIED
EP-12,Mortal Combat with the El Dorado,00:22:32,1352,851010,https://animehistory.org/uploads/screencaps/outlaw-star-E012-Mortal-Combat-with-the-El-Dorado/cap_00-22-32_152a.jpg,Outlaw Star Ep 12: Mortal Combat with the El Dorado @ 00:22:32,https://animehistory.org/gallery/screencaps/outlaw-star/episode-12/,https://animehistory.org/gallery/screencaps/outlaw-star/episode-12/?page=4,4,2026-10-07T01:49:33.284953+00:00,c9a5b0a35b30fa550af810a12f8e5edfde7af2a62603cb78f1c795b2b2132aaa,,UNVERIFIED
EP-12,Mortal Combat with the El Dorado,00:22:36,1356,851011,https://animehistory.org/uploads/screencaps/outlaw-star-E012-Mortal-Combat-with-the-El-Dorado/cap_00-22-36_48d8.jpg,Outlaw Star Ep 12: Mortal Combat with the El Dorado @ 00:22:36,https://animehistory.org/gallery/screencaps/outlaw-star/episode-12/,https://animehistory.org/gallery/screencaps/outlaw-star/episode-12/?page=4,4,2026-10-07T01:49:33.284953+00:00,c9a5b0a35b30fa550af810a12f8e5edfde7af2a62603cb78f1c795b2b2132aaa,,UNVERIFIED
EP-12,Mortal Combat with the El Dorado,00:22:40,1360,851012,https://animehistory.org/uploads/screencaps/outlaw-star-E012-Mortal-Combat-with-the-El-Dorado/cap_00-22-40_0b1f.jpg,Outlaw Star Ep 12: Mortal Combat with the El Dorado @ 00:22:40,https://animehistory.org/gallery/screencaps/outlaw-star/episode-12/,https://animehistory.org/gallery/screencaps/outlaw-star/episode-12/?page=4,4,2026-10-07T01:49:33.284953+00:00,c9a5b0a35b30fa550af810a12f8e5edfde7af2a62603cb78f1c795b2b2132aaa,,UNVERIFIED
EP-12,Mortal Combat with the El Dorado,00:22:43,1363,851013,https://animehistory.org/uploads/screencaps/outlaw-star-E012-Mortal-Combat-with-the-El-Dorado/cap_00-22-43_7cb9.jpg,Outlaw Star Ep 12: Mortal Combat with the El Dorado @ 00:22:43,https://animehistory.org/gallery/screencaps/outlaw-star/episode-12/,https://animehistory.org/gallery/screencaps/outlaw-star/episode-12/?page=4,4,2026-10-07T01:49:33.284953+00:00,c9a5b0a35b30fa550af810a12f8e5edfde7af2a62603cb78f1c795b2b2132aaa,,UNVERIFIED
EP-12,Mortal Combat with the El Dorado,00:22:47,1367,851014,https://animehistory.org/uploads/screencaps/outlaw-star-E012-Mortal-Combat-with-the-El-Dorado/cap_00-22-47_38c9.jpg,Outlaw Star Ep 12: Mortal Combat with the El Dorado @ 00:22:47,https://animehistory.org/gallery/screencaps/outlaw-star/episode-12/,https://animehistory.org/gallery/screencaps/outlaw-star/episode-12/?page=4,4,2026-10-07T01:49:33.284953+00:00,c9a5b0a35b30fa550af810a12f8e5edfde7af2a62603cb78f1c795b2b2132aaa,,UNVERIFIED
EP-12,Mortal Combat with the El Dorado,00:22:51,1371,851015,https://animehistory.org/uploads/screencaps/outlaw-star-E012-Mortal-Combat-with-the-El-Dorado/cap_00-22-51_7639.jpg,Outlaw Star Ep 12: Mortal Combat with the El Dorado @ 00:22:51,https://animehistory.org/gallery/screencaps/outlaw-star/episode-12/,https://animehistory.org/gallery/screencaps/outlaw-star/episode-12/?page=4,4,2026-10-07T01:49:33.284953+00:00,c9a5b0a35b30fa550af810a12f8e5edfde7af2a62603cb78f1c795b2b2132aaa,,UNVERIFIED
EP-12,Mortal Combat with the El Dorado,00:22:54,1374,851016,https://animehistory.org/uploads/screencaps/outlaw-star-E012-Mortal-Combat-with-the-El-Dorado/cap_00-22-54_7c5d.jpg,Outlaw Star Ep 12: Mortal Combat with the El Dorado @ 00:22:54,https://animehistory.org/gallery/screencaps/outlaw-star/episode-12/,https://animehistory.org/gallery/screencaps/outlaw-star/episode-12/?page=4,4,2026-10-07T01:49:33.284953+00:00,c9a5b0a35b30fa550af810a12f8e5edfde7af2a62603cb78f1c795b2b2132aaa,,UNVERIFIED
EP-12,Mortal Combat with the El Dorado,00:22:58,1378,851017,https://animehistory.org/uploads/screencaps/outlaw-star-E012-Mortal-Combat-with-the-El-Dorado/cap_00-22-58_0563.jpg,Outlaw Star Ep 12: Mortal Combat with the El Dorado @ 00:22:58,https://animehistory.org/gallery/screencaps/outlaw-star/episode-12/,https://animehistory.org/gallery/screencaps/outlaw-star/episode-12/?page=4,4,2026-10-07T01:49:33.284953+00:00,c9a5b0a35b30fa550af810a12f8e5edfde7af2a62603cb78f1c795b2b2132aaa,,UNVERIFIED
EP-12,Mortal Combat with the El Dorado,00:23:02,1382,851018,https://animehistory.org/uploads/screencaps/outlaw-star-E012-Mortal-Combat-with-the-El-Dorado/cap_00-23-02_5e87.jpg,Outlaw Star Ep 12: Mortal Combat with the El Dorado @ 00:23:02,https://animehistory.org/gallery/screencaps/outlaw-star/episode-12/,https://animehistory.org/gallery/screencaps/outlaw-star/episode-12/?page=4,4,2026-10-07T01:49:33.284953+00:00,c9a5b0a35b30fa550af810a12f8e5edfde7af2a62603cb78f1c795b2b2132aaa,,UNVERIFIED
EP-12,Mortal Combat with the El Dorado,00:23:05,1385,851019,https://animehistory.org/uploads/screencaps/outlaw-star-E012-Mortal-Combat-with-the-El-Dorado/cap_00-23-05_5830.jpg,Outlaw Star Ep 12: Mortal Combat with the El Dorado @ 00:23:05,https://animehistory.org/gallery/screencaps/outlaw-star/episode-12/,https://animehistory.org/gallery/screencaps/outlaw-star/episode-12/?page=4,4,2026-10-07T01:49:33.284953+00:00,c9a5b0a35b30fa550af810a12f8e5edfde7af2a62603cb78f1c795b2b2132aaa,,UNVERIFIED
EP-12,Mortal Combat with the El Dorado,00:23:09,1389,851020,https://animehistory.org/uploads/screencaps/outlaw-star-E012-Mortal-Combat-with-the-El-Dorado/cap_00-23-09_5eaa.jpg,Outlaw Star Ep 12: Mortal Combat with the El Dorado @ 00:23:09,https://animehistory.org/gallery/screencaps/outlaw-star/episode-12/,https://animehistory.org/gallery/screencaps/outlaw-star/episode-12/?page=4,4,2026-10-07T01:49:33.284953+00:00,c9a5b0a35b30fa550af810a12f8e5edfde7af2a62603cb78f1c795b2b2132aaa,,UNVERIFIED
