episode_id,episode_title,web_timestamp,web_seconds,image_id,image_url,caption,gallery_url,source_page_url,source_page,retrieved_utc,html_sha256,local_timestamp,alignment_status
EP-08,Forced Departure,00:01:43,103,849251,https://animehistory.org/uploads/screencaps/outlaw-star-E008-Forced-Departure/cap_00-01-43_4921.jpg,Outlaw Star Ep 8: Forced Departure @ 00:01:43,https://animehistory.org/gallery/screencaps/outlaw-star/episode-8/,https://animehistory.org/gallery/screencaps/outlaw-star/episode-8/,1,2026-10-07T01:49:07.806646+00:00,74ae0cbc8534276b00b295c43593df78744833e87b437cf4d0dbef00d35aa3f0,,UNVERIFIED
EP-08,Forced Departure,00:01:47,107,849252,https://animehistory.org/uploads/screencaps/outlaw-star-E008-Forced-Departure/cap_00-01-47_4878.jpg,Outlaw Star Ep 8: Forced Departure @ 00:01:47,https://animehistory.org/gallery/screencaps/outlaw-star/episode-8/,https://animehistory.org/gallery/screencaps/outlaw-star/episode-8/,1,2026-10-07T01:49:07.806646+00:00,74ae0cbc8534276b00b295c43593df78744833e87b437cf4d0dbef00d35aa3f0,,UNVERIFIED
EP-08,Forced Departure,00:01:50,110,849253,https://animehistory.org/uploads/screencaps/outlaw-star-E008-Forced-Departure/cap_00-01-50_61e2.jpg,Outlaw Star Ep 8: Forced Departure @ 00:01:50,https://animehistory.org/gallery/screencaps/outlaw-star/episode-8/,https://animehistory.org/gallery/screencaps/outlaw-star/episode-8/,1,2026-10-07T01:49:07.806646+00:00,74ae0cbc8534276b00b295c43593df78744833e87b437cf4d0dbef00d35aa3f0,,UNVERIFIED
EP-08,Forced Departure,00:01:54,114,849254,https://animehistory.org/uploads/screencaps/outlaw-star-E008-Forced-Departure/cap_00-01-54_08d3.jpg,Outlaw Star Ep 8: Forced Departure @ 00:01:54,https://animehistory.org/gallery/screencaps/outlaw-star/episode-8/,https://animehistory.org/gallery/screencaps/outlaw-star/episode-8/,1,2026-10-07T01:49:07.806646+00:00,74ae0cbc8534276b00b295c43593df78744833e87b437cf4d0dbef00d35aa3f0,,UNVERIFIED
EP-08,Forced Departure,00:01:58,118,849255,https://animehistory.org/uploads/screencaps/outlaw-star-E008-Forced-Departure/cap_00-01-58_6733.jpg,Outlaw Star Ep 8: Forced Departure @ 00:01:58,https://animehistory.org/gallery/screencaps/outlaw-star/episode-8/,https://animehistory.org/gallery/screencaps/outlaw-star/episode-8/,1,2026-10-07T01:49:07.806646+00:00,74ae0cbc8534276b00b295c43593df78744833e87b437cf4d0dbef00d35aa3f0,,UNVERIFIED
EP-08,Forced Departure,00:02:01,121,849256,https://animehistory.org/uploads/screencaps/outlaw-star-E008-Forced-Departure/cap_00-02-01_7ff7.jpg,Outlaw Star Ep 8: Forced Departure @ 00:02:01,https://animehistory.org/gallery/screencaps/outlaw-star/episode-8/,https://animehistory.org/gallery/screencaps/outlaw-star/episode-8/,1,2026-10-07T01:49:07.806646+00:00,74ae0cbc8534276b00b295c43593df78744833e87b437cf4d0dbef00d35aa3f0,,UNVERIFIED
EP-08,Forced Departure,00:02:05,125,849257,https://animehistory.org/uploads/screencaps/outlaw-star-E008-Forced-Departure/cap_00-02-05_10a5.jpg,Outlaw Star Ep 8: Forced Departure @ 00:02:05,https://animehistory.org/gallery/screencaps/outlaw-star/episode-8/,https://animehistory.org/gallery/screencaps/outlaw-star/episode-8/,1,2026-10-07T01:49:07.806646+00:00,74ae0cbc8534276b00b295c43593df78744833e87b437cf4d0dbef00d35aa3f0,,UNVERIFIED
EP-08,Forced Departure,00:02:09,129,849258,https://animehistory.org/uploads/screencaps/outlaw-star-E008-Forced-Departure/cap_00-02-09_4ef9.jpg,Outlaw Star Ep 8: Forced Departure @ 00:02:09,https://animehistory.org/gallery/screencaps/outlaw-star/episode-8/,https://animehistory.org/gallery/screencaps/outlaw-star/episode-8/,1,2026-10-07T01:49:07.806646+00:00,74ae0cbc8534276b00b295c43593df78744833e87b437cf4d0dbef00d35aa3f0,,UNVERIFIED
EP-08,Forced Departure,00:02:12,132,849259,https://animehistory.org/uploads/screencaps/outlaw-star-E008-Forced-Departure/cap_00-02-12_575e.jpg,Outlaw Star Ep 8: Forced Departure @ 00:02:12,https://animehistory.org/gallery/screencaps/outlaw-star/episode-8/,https://animehistory.org/gallery/screencaps/outlaw-star/episode-8/,1,2026-10-07T01:49:07.806646+00:00,74ae0cbc8534276b00b295c43593df78744833e87b437cf4d0dbef00d35aa3f0,,UNVERIFIED
EP-08,Forced Departure,00:02:16,136,849260,https://animehistory.org/uploads/screencaps/outlaw-star-E008-Forced-Departure/cap_00-02-16_131b.jpg,Outlaw Star Ep 8: Forced Departure @ 00:02:16,https://animehistory.org/gallery/screencaps/outlaw-star/episode-8/,https://animehistory.org/gallery/screencaps/outlaw-star/episode-8/,1,2026-10-07T01:49:07.806646+00:00,74ae0cbc8534276b00b295c43593df78744833e87b437cf4d0dbef00d35aa3f0,,UNVERIFIED
EP-08,Forced Departure,00:02:19,139,849261,https://animehistory.org/uploads/screencaps/outlaw-star-E008-Forced-Departure/cap_00-02-19_36ab.jpg,Outlaw Star Ep 8: Forced Departure @ 00:02:19,https://animehistory.org/gallery/screencaps/outlaw-star/episode-8/,https://animehistory.org/gallery/screencaps/outlaw-star/episode-8/,1,2026-10-07T01:49:07.806646+00:00,74ae0cbc8534276b00b295c43593df78744833e87b437cf4d0dbef00d35aa3f0,,UNVERIFIED
EP-08,Forced Departure,00:02:23,143,849262,https://animehistory.org/uploads/screencaps/outlaw-star-E008-Forced-Departure/cap_00-02-23_21b5.jpg,Outlaw Star Ep 8: Forced Departure @ 00:02:23,https://animehistory.org/gallery/screencaps/outlaw-star/episode-8/,https://animehistory.org/gallery/screencaps/outlaw-star/episode-8/,1,2026-10-07T01:49:07.806646+00:00,74ae0cbc8534276b00b295c43593df78744833e87b437cf4d0dbef00d35aa3f0,,UNVERIFIED
EP-08,Forced Departure,00:02:27,147,849263,https://animehistory.org/uploads/screencaps/outlaw-star-E008-Forced-Departure/cap_00-02-27_50bb.jpg,Outlaw Star Ep 8: Forced Departure @ 00:02:27,https://animehistory.org/gallery/screencaps/outlaw-star/episode-8/,https://animehistory.org/gallery/screencaps/outlaw-star/episode-8/,1,2026-10-07T01:49:07.806646+00:00,74ae0cbc8534276b00b295c43593df78744833e87b437cf4d0dbef00d35aa3f0,,UNVERIFIED
EP-08,Forced Departure,00:02:30,150,849264,https://animehistory.org/uploads/screencaps/outlaw-star-E008-Forced-Departure/cap_00-02-30_0099.jpg,Outlaw Star Ep 8: Forced Departure @ 00:02:30,https://animehistory.org/gallery/screencaps/outlaw-star/episode-8/,https://animehistory.org/gallery/screencaps/outlaw-star/episode-8/,1,2026-10-07T01:49:07.806646+00:00,74ae0cbc8534276b00b295c43593df78744833e87b437cf4d0dbef00d35aa3f0,,UNVERIFIED
EP-08,Forced Departure,00:02:34,154,849265,https://animehistory.org/uploads/screencaps/outlaw-star-E008-Forced-Departure/cap_00-02-34_54f3.jpg,Outlaw Star Ep 8: Forced Departure @ 00:02:34,https://animehistory.org/gallery/screencaps/outlaw-star/episode-8/,https://animehistory.org/gallery/screencaps/outlaw-star/episode-8/,1,2026-10-07T01:49:07.806646+00:00,74ae0cbc8534276b00b295c43593df78744833e87b437cf4d0dbef00d35aa3f0,,UNVERIFIED
EP-08,Forced Departure,00:02:38,158,849266,https://animehistory.org/uploads/screencaps/outlaw-star-E008-Forced-Departure/cap_00-02-38_58bc.jpg,Outlaw Star Ep 8: Forced Departure @ 00:02:38,https://animehistory.org/gallery/screencaps/outlaw-star/episode-8/,https://animehistory.org/gallery/screencaps/outlaw-star/episode-8/,1,2026-10-07T01:49:07.806646+00:00,74ae0cbc8534276b00b295c43593df78744833e87b437cf4d0dbef00d35aa3f0,,UNVERIFIED
EP-08,Forced Departure,00:02:41,161,849267,https://animehistory.org/uploads/screencaps/outlaw-star-E008-Forced-Departure/cap_00-02-41_4515.jpg,Outlaw Star Ep 8: Forced Departure @ 00:02:41,https://animehistory.org/gallery/screencaps/outlaw-star/episode-8/,https://animehistory.org/gallery/screencaps/outlaw-star/episode-8/,1,2026-10-07T01:49:07.806646+00:00,74ae0cbc8534276b00b295c43593df78744833e87b437cf4d0dbef00d35aa3f0,,UNVERIFIED
EP-08,Forced Departure,00:02:45,165,849268,https://animehistory.org/uploads/screencaps/outlaw-star-E008-Forced-Departure/cap_00-02-45_43a4.jpg,Outlaw Star Ep 8: Forced Departure @ 00:02:45,https://animehistory.org/gallery/screencaps/outlaw-star/episode-8/,https://animehistory.org/gallery/screencaps/outlaw-star/episode-8/,1,2026-10-07T01:49:07.806646+00:00,74ae0cbc8534276b00b295c43593df78744833e87b437cf4d0dbef00d35aa3f0,,UNVERIFIED
EP-08,Forced Departure,00:02:48,168,849269,https://animehistory.org/uploads/screencaps/outlaw-star-E008-Forced-Departure/cap_00-02-48_30f7.jpg,Outlaw Star Ep 8: Forced Departure @ 00:02:48,https://animehistory.org/gallery/screencaps/outlaw-star/episode-8/,https://animehistory.org/gallery/screencaps/outlaw-star/episode-8/,1,2026-10-07T01:49:07.806646+00:00,74ae0cbc8534276b00b295c43593df78744833e87b437cf4d0dbef00d35aa3f0,,UNVERIFIED
EP-08,Forced Departure,00:02:52,172,849270,https://animehistory.org/uploads/screencaps/outlaw-star-E008-Forced-Departure/cap_00-02-52_3f2d.jpg,Outlaw Star Ep 8: Forced Departure @ 00:02:52,https://animehistory.org/gallery/screencaps/outlaw-star/episode-8/,https://animehistory.org/gallery/screencaps/outlaw-star/episode-8/,1,2026-10-07T01:49:07.806646+00:00,74ae0cbc8534276b00b295c43593df78744833e87b437cf4d0dbef00d35aa3f0,,UNVERIFIED
EP-08,Forced Departure,00:02:56,176,849271,https://animehistory.org/uploads/screencaps/outlaw-star-E008-Forced-Departure/cap_00-02-56_5b21.jpg,Outlaw Star Ep 8: Forced Departure @ 00:02:56,https://animehistory.org/gallery/screencaps/outlaw-star/episode-8/,https://animehistory.org/gallery/screencaps/outlaw-star/episode-8/,1,2026-10-07T01:49:07.806646+00:00,74ae0cbc8534276b00b295c43593df78744833e87b437cf4d0dbef00d35aa3f0,,UNVERIFIED
EP-08,Forced Departure,00:02:59,179,849272,https://animehistory.org/uploads/screencaps/outlaw-star-E008-Forced-Departure/cap_00-02-59_7539.jpg,Outlaw Star Ep 8: Forced Departure @ 00:02:59,https://animehistory.org/gallery/screencaps/outlaw-star/episode-8/,https://animehistory.org/gallery/screencaps/outlaw-star/episode-8/,1,2026-10-07T01:49:07.806646+00:00,74ae0cbc8534276b00b295c43593df78744833e87b437cf4d0dbef00d35aa3f0,,UNVERIFIED
EP-08,Forced Departure,00:03:03,183,849273,https://animehistory.org/uploads/screencaps/outlaw-star-E008-Forced-Departure/cap_00-03-03_084f.jpg,Outlaw Star Ep 8: Forced Departure @ 00:03:03,https://animehistory.org/gallery/screencaps/outlaw-star/episode-8/,https://animehistory.org/gallery/screencaps/outlaw-star/episode-8/,1,2026-10-07T01:49:07.806646+00:00,74ae0cbc8534276b00b295c43593df78744833e87b437cf4d0dbef00d35aa3f0,,UNVERIFIED
EP-08,Forced Departure,00:03:07,187,849274,https://animehistory.org/uploads/screencaps/outlaw-star-E008-Forced-Departure/cap_00-03-07_66ab.jpg,Outlaw Star Ep 8: Forced Departure @ 00:03:07,https://animehistory.org/gallery/screencaps/outlaw-star/episode-8/,https://animehistory.org/gallery/screencaps/outlaw-star/episode-8/,1,2026-10-07T01:49:07.806646+00:00,74ae0cbc8534276b00b295c43593df78744833e87b437cf4d0dbef00d35aa3f0,,UNVERIFIED
EP-08,Forced Departure,00:03:10,190,849275,https://animehistory.org/uploads/screencaps/outlaw-star-E008-Forced-Departure/cap_00-03-10_477b.jpg,Outlaw Star Ep 8: Forced Departure @ 00:03:10,https://animehistory.org/gallery/screencaps/outlaw-star/episode-8/,https://animehistory.org/gallery/screencaps/outlaw-star/episode-8/,1,2026-10-07T01:49:07.806646+00:00,74ae0cbc8534276b00b295c43593df78744833e87b437cf4d0dbef00d35aa3f0,,UNVERIFIED
EP-08,Forced Departure,00:03:14,194,849276,https://animehistory.org/uploads/screencaps/outlaw-star-E008-Forced-Departure/cap_00-03-14_2e31.jpg,Outlaw Star Ep 8: Forced Departure @ 00:03:14,https://animehistory.org/gallery/screencaps/outlaw-star/episode-8/,https://animehistory.org/gallery/screencaps/outlaw-star/episode-8/,1,2026-10-07T01:49:07.806646+00:00,74ae0cbc8534276b00b295c43593df78744833e87b437cf4d0dbef00d35aa3f0,,UNVERIFIED
EP-08,Forced Departure,00:03:17,197,849277,https://animehistory.org/uploads/screencaps/outlaw-star-E008-Forced-Departure/cap_00-03-17_322c.jpg,Outlaw Star Ep 8: Forced Departure @ 00:03:17,https://animehistory.org/gallery/screencaps/outlaw-star/episode-8/,https://animehistory.org/gallery/screencaps/outlaw-star/episode-8/,1,2026-10-07T01:49:07.806646+00:00,74ae0cbc8534276b00b295c43593df78744833e87b437cf4d0dbef00d35aa3f0,,UNVERIFIED
EP-08,Forced Departure,00:03:21,201,849278,https://animehistory.org/uploads/screencaps/outlaw-star-E008-Forced-Departure/cap_00-03-21_07d6.jpg,Outlaw Star Ep 8: Forced Departure @ 00:03:21,https://animehistory.org/gallery/screencaps/outlaw-star/episode-8/,https://animehistory.org/gallery/screencaps/outlaw-star/episode-8/,1,2026-10-07T01:49:07.806646+00:00,74ae0cbc8534276b00b295c43593df78744833e87b437cf4d0dbef00d35aa3f0,,UNVERIFIED
EP-08,Forced Departure,00:03:25,205,849279,https://animehistory.org/uploads/screencaps/outlaw-star-E008-Forced-Departure/cap_00-03-25_5a84.jpg,Outlaw Star Ep 8: Forced Departure @ 00:03:25,https://animehistory.org/gallery/screencaps/outlaw-star/episode-8/,https://animehistory.org/gallery/screencaps/outlaw-star/episode-8/,1,2026-10-07T01:49:07.806646+00:00,74ae0cbc8534276b00b295c43593df78744833e87b437cf4d0dbef00d35aa3f0,,UNVERIFIED
EP-08,Forced Departure,00:03:28,208,849280,https://animehistory.org/uploads/screencaps/outlaw-star-E008-Forced-Departure/cap_00-03-28_61a8.jpg,Outlaw Star Ep 8: Forced Departure @ 00:03:28,https://animehistory.org/gallery/screencaps/outlaw-star/episode-8/,https://animehistory.org/gallery/screencaps/outlaw-star/episode-8/,1,2026-10-07T01:49:07.806646+00:00,74ae0cbc8534276b00b295c43593df78744833e87b437cf4d0dbef00d35aa3f0,,UNVERIFIED
EP-08,Forced Departure,00:03:32,212,849281,https://animehistory.org/uploads/screencaps/outlaw-star-E008-Forced-Departure/cap_00-03-32_37a4.jpg,Outlaw Star Ep 8: Forced Departure @ 00:03:32,https://animehistory.org/gallery/screencaps/outlaw-star/episode-8/,https://animehistory.org/gallery/screencaps/outlaw-star/episode-8/,1,2026-10-07T01:49:07.806646+00:00,74ae0cbc8534276b00b295c43593df78744833e87b437cf4d0dbef00d35aa3f0,,UNVERIFIED
EP-08,Forced Departure,00:03:36,216,849282,https://animehistory.org/uploads/screencaps/outlaw-star-E008-Forced-Departure/cap_00-03-36_7065.jpg,Outlaw Star Ep 8: Forced Departure @ 00:03:36,https://animehistory.org/gallery/screencaps/outlaw-star/episode-8/,https://animehistory.org/gallery/screencaps/outlaw-star/episode-8/,1,2026-10-07T01:49:07.806646+00:00,74ae0cbc8534276b00b295c43593df78744833e87b437cf4d0dbef00d35aa3f0,,UNVERIFIED
EP-08,Forced Departure,00:03:39,219,849283,https://animehistory.org/uploads/screencaps/outlaw-star-E008-Forced-Departure/cap_00-03-39_3599.jpg,Outlaw Star Ep 8: Forced Departure @ 00:03:39,https://animehistory.org/gallery/screencaps/outlaw-star/episode-8/,https://animehistory.org/gallery/screencaps/outlaw-star/episode-8/,1,2026-10-07T01:49:07.806646+00:00,74ae0cbc8534276b00b295c43593df78744833e87b437cf4d0dbef00d35aa3f0,,UNVERIFIED
EP-08,Forced Departure,00:03:43,223,849284,https://animehistory.org/uploads/screencaps/outlaw-star-E008-Forced-Departure/cap_00-03-43_0554.jpg,Outlaw Star Ep 8: Forced Departure @ 00:03:43,https://animehistory.org/gallery/screencaps/outlaw-star/episode-8/,https://animehistory.org/gallery/screencaps/outlaw-star/episode-8/,1,2026-10-07T01:49:07.806646+00:00,74ae0cbc8534276b00b295c43593df78744833e87b437cf4d0dbef00d35aa3f0,,UNVERIFIED
EP-08,Forced Departure,00:03:46,226,849285,https://animehistory.org/uploads/screencaps/outlaw-star-E008-Forced-Departure/cap_00-03-46_3467.jpg,Outlaw Star Ep 8: Forced Departure @ 00:03:46,https://animehistory.org/gallery/screencaps/outlaw-star/episode-8/,https://animehistory.org/gallery/screencaps/outlaw-star/episode-8/,1,2026-10-07T01:49:07.806646+00:00,74ae0cbc8534276b00b295c43593df78744833e87b437cf4d0dbef00d35aa3f0,,UNVERIFIED
EP-08,Forced Departure,00:03:50,230,849286,https://animehistory.org/uploads/screencaps/outlaw-star-E008-Forced-Departure/cap_00-03-50_2014.jpg,Outlaw Star Ep 8: Forced Departure @ 00:03:50,https://animehistory.org/gallery/screencaps/outlaw-star/episode-8/,https://animehistory.org/gallery/screencaps/outlaw-star/episode-8/,1,2026-10-07T01:49:07.806646+00:00,74ae0cbc8534276b00b295c43593df78744833e87b437cf4d0dbef00d35aa3f0,,UNVERIFIED
EP-08,Forced Departure,00:03:54,234,849287,https://animehistory.org/uploads/screencaps/outlaw-star-E008-Forced-Departure/cap_00-03-54_735f.jpg,Outlaw Star Ep 8: Forced Departure @ 00:03:54,https://animehistory.org/gallery/screencaps/outlaw-star/episode-8/,https://animehistory.org/gallery/screencaps/outlaw-star/episode-8/,1,2026-10-07T01:49:07.806646+00:00,74ae0cbc8534276b00b295c43593df78744833e87b437cf4d0dbef00d35aa3f0,,UNVERIFIED
EP-08,Forced Departure,00:03:57,237,849288,https://animehistory.org/uploads/screencaps/outlaw-star-E008-Forced-Departure/cap_00-03-57_6273.jpg,Outlaw Star Ep 8: Forced Departure @ 00:03:57,https://animehistory.org/gallery/screencaps/outlaw-star/episode-8/,https://animehistory.org/gallery/screencaps/outlaw-star/episode-8/,1,2026-10-07T01:49:07.806646+00:00,74ae0cbc8534276b00b295c43593df78744833e87b437cf4d0dbef00d35aa3f0,,UNVERIFIED
EP-08,Forced Departure,00:04:01,241,849289,https://animehistory.org/uploads/screencaps/outlaw-star-E008-Forced-Departure/cap_00-04-01_09bb.jpg,Outlaw Star Ep 8: Forced Departure @ 00:04:01,https://animehistory.org/gallery/screencaps/outlaw-star/episode-8/,https://animehistory.org/gallery/screencaps/outlaw-star/episode-8/,1,2026-10-07T01:49:07.806646+00:00,74ae0cbc8534276b00b295c43593df78744833e87b437cf4d0dbef00d35aa3f0,,UNVERIFIED
EP-08,Forced Departure,00:04:05,245,849290,https://animehistory.org/uploads/screencaps/outlaw-star-E008-Forced-Departure/cap_00-04-05_0c55.jpg,Outlaw Star Ep 8: Forced Departure @ 00:04:05,https://animehistory.org/gallery/screencaps/outlaw-star/episode-8/,https://animehistory.org/gallery/screencaps/outlaw-star/episode-8/,1,2026-10-07T01:49:07.806646+00:00,74ae0cbc8534276b00b295c43593df78744833e87b437cf4d0dbef00d35aa3f0,,UNVERIFIED
EP-08,Forced Departure,00:04:08,248,849291,https://animehistory.org/uploads/screencaps/outlaw-star-E008-Forced-Departure/cap_00-04-08_0b17.jpg,Outlaw Star Ep 8: Forced Departure @ 00:04:08,https://animehistory.org/gallery/screencaps/outlaw-star/episode-8/,https://animehistory.org/gallery/screencaps/outlaw-star/episode-8/,1,2026-10-07T01:49:07.806646+00:00,74ae0cbc8534276b00b295c43593df78744833e87b437cf4d0dbef00d35aa3f0,,UNVERIFIED
EP-08,Forced Departure,00:04:12,252,849292,https://animehistory.org/uploads/screencaps/outlaw-star-E008-Forced-Departure/cap_00-04-12_432c.jpg,Outlaw Star Ep 8: Forced Departure @ 00:04:12,https://animehistory.org/gallery/screencaps/outlaw-star/episode-8/,https://animehistory.org/gallery/screencaps/outlaw-star/episode-8/,1,2026-10-07T01:49:07.806646+00:00,74ae0cbc8534276b00b295c43593df78744833e87b437cf4d0dbef00d35aa3f0,,UNVERIFIED
EP-08,Forced Departure,00:04:16,256,849293,https://animehistory.org/uploads/screencaps/outlaw-star-E008-Forced-Departure/cap_00-04-16_34a1.jpg,Outlaw Star Ep 8: Forced Departure @ 00:04:16,https://animehistory.org/gallery/screencaps/outlaw-star/episode-8/,https://animehistory.org/gallery/screencaps/outlaw-star/episode-8/,1,2026-10-07T01:49:07.806646+00:00,74ae0cbc8534276b00b295c43593df78744833e87b437cf4d0dbef00d35aa3f0,,UNVERIFIED
EP-08,Forced Departure,00:04:19,259,849294,https://animehistory.org/uploads/screencaps/outlaw-star-E008-Forced-Departure/cap_00-04-19_010b.jpg,Outlaw Star Ep 8: Forced Departure @ 00:04:19,https://animehistory.org/gallery/screencaps/outlaw-star/episode-8/,https://animehistory.org/gallery/screencaps/outlaw-star/episode-8/,1,2026-10-07T01:49:07.806646+00:00,74ae0cbc8534276b00b295c43593df78744833e87b437cf4d0dbef00d35aa3f0,,UNVERIFIED
EP-08,Forced Departure,00:04:23,263,849295,https://animehistory.org/uploads/screencaps/outlaw-star-E008-Forced-Departure/cap_00-04-23_5fc2.jpg,Outlaw Star Ep 8: Forced Departure @ 00:04:23,https://animehistory.org/gallery/screencaps/outlaw-star/episode-8/,https://animehistory.org/gallery/screencaps/outlaw-star/episode-8/,1,2026-10-07T01:49:07.806646+00:00,74ae0cbc8534276b00b295c43593df78744833e87b437cf4d0dbef00d35aa3f0,,UNVERIFIED
EP-08,Forced Departure,00:04:26,266,849296,https://animehistory.org/uploads/screencaps/outlaw-star-E008-Forced-Departure/cap_00-04-26_2496.jpg,Outlaw Star Ep 8: Forced Departure @ 00:04:26,https://animehistory.org/gallery/screencaps/outlaw-star/episode-8/,https://animehistory.org/gallery/screencaps/outlaw-star/episode-8/,1,2026-10-07T01:49:07.806646+00:00,74ae0cbc8534276b00b295c43593df78744833e87b437cf4d0dbef00d35aa3f0,,UNVERIFIED
EP-08,Forced Departure,00:04:30,270,849297,https://animehistory.org/uploads/screencaps/outlaw-star-E008-Forced-Departure/cap_00-04-30_0a27.jpg,Outlaw Star Ep 8: Forced Departure @ 00:04:30,https://animehistory.org/gallery/screencaps/outlaw-star/episode-8/,https://animehistory.org/gallery/screencaps/outlaw-star/episode-8/,1,2026-10-07T01:49:07.806646+00:00,74ae0cbc8534276b00b295c43593df78744833e87b437cf4d0dbef00d35aa3f0,,UNVERIFIED
EP-08,Forced Departure,00:04:34,274,849298,https://animehistory.org/uploads/screencaps/outlaw-star-E008-Forced-Departure/cap_00-04-34_7d31.jpg,Outlaw Star Ep 8: Forced Departure @ 00:04:34,https://animehistory.org/gallery/screencaps/outlaw-star/episode-8/,https://animehistory.org/gallery/screencaps/outlaw-star/episode-8/,1,2026-10-07T01:49:07.806646+00:00,74ae0cbc8534276b00b295c43593df78744833e87b437cf4d0dbef00d35aa3f0,,UNVERIFIED
EP-08,Forced Departure,00:04:37,277,849299,https://animehistory.org/uploads/screencaps/outlaw-star-E008-Forced-Departure/cap_00-04-37_416c.jpg,Outlaw Star Ep 8: Forced Departure @ 00:04:37,https://animehistory.org/gallery/screencaps/outlaw-star/episode-8/,https://animehistory.org/gallery/screencaps/outlaw-star/episode-8/,1,2026-10-07T01:49:07.806646+00:00,74ae0cbc8534276b00b295c43593df78744833e87b437cf4d0dbef00d35aa3f0,,UNVERIFIED
EP-08,Forced Departure,00:04:41,281,849300,https://animehistory.org/uploads/screencaps/outlaw-star-E008-Forced-Departure/cap_00-04-41_0ee9.jpg,Outlaw Star Ep 8: Forced Departure @ 00:04:41,https://animehistory.org/gallery/screencaps/outlaw-star/episode-8/,https://animehistory.org/gallery/screencaps/outlaw-star/episode-8/,1,2026-10-07T01:49:07.806646+00:00,74ae0cbc8534276b00b295c43593df78744833e87b437cf4d0dbef00d35aa3f0,,UNVERIFIED
EP-08,Forced Departure,00:04:45,285,849301,https://animehistory.org/uploads/screencaps/outlaw-star-E008-Forced-Departure/cap_00-04-45_706a.jpg,Outlaw Star Ep 8: Forced Departure @ 00:04:45,https://animehistory.org/gallery/screencaps/outlaw-star/episode-8/,https://animehistory.org/gallery/screencaps/outlaw-star/episode-8/,1,2026-10-07T01:49:07.806646+00:00,74ae0cbc8534276b00b295c43593df78744833e87b437cf4d0dbef00d35aa3f0,,UNVERIFIED
EP-08,Forced Departure,00:04:48,288,849302,https://animehistory.org/uploads/screencaps/outlaw-star-E008-Forced-Departure/cap_00-04-48_7323.jpg,Outlaw Star Ep 8: Forced Departure @ 00:04:48,https://animehistory.org/gallery/screencaps/outlaw-star/episode-8/,https://animehistory.org/gallery/screencaps/outlaw-star/episode-8/,1,2026-10-07T01:49:07.806646+00:00,74ae0cbc8534276b00b295c43593df78744833e87b437cf4d0dbef00d35aa3f0,,UNVERIFIED
EP-08,Forced Departure,00:04:52,292,849303,https://animehistory.org/uploads/screencaps/outlaw-star-E008-Forced-Departure/cap_00-04-52_2da9.jpg,Outlaw Star Ep 8: Forced Departure @ 00:04:52,https://animehistory.org/gallery/screencaps/outlaw-star/episode-8/,https://animehistory.org/gallery/screencaps/outlaw-star/episode-8/,1,2026-10-07T01:49:07.806646+00:00,74ae0cbc8534276b00b295c43593df78744833e87b437cf4d0dbef00d35aa3f0,,UNVERIFIED
EP-08,Forced Departure,00:04:55,295,849304,https://animehistory.org/uploads/screencaps/outlaw-star-E008-Forced-Departure/cap_00-04-55_5fc1.jpg,Outlaw Star Ep 8: Forced Departure @ 00:04:55,https://animehistory.org/gallery/screencaps/outlaw-star/episode-8/,https://animehistory.org/gallery/screencaps/outlaw-star/episode-8/,1,2026-10-07T01:49:07.806646+00:00,74ae0cbc8534276b00b295c43593df78744833e87b437cf4d0dbef00d35aa3f0,,UNVERIFIED
EP-08,Forced Departure,00:04:59,299,849305,https://animehistory.org/uploads/screencaps/outlaw-star-E008-Forced-Departure/cap_00-04-59_15b0.jpg,Outlaw Star Ep 8: Forced Departure @ 00:04:59,https://animehistory.org/gallery/screencaps/outlaw-star/episode-8/,https://animehistory.org/gallery/screencaps/outlaw-star/episode-8/,1,2026-10-07T01:49:07.806646+00:00,74ae0cbc8534276b00b295c43593df78744833e87b437cf4d0dbef00d35aa3f0,,UNVERIFIED
EP-08,Forced Departure,00:05:03,303,849306,https://animehistory.org/uploads/screencaps/outlaw-star-E008-Forced-Departure/cap_00-05-03_558c.jpg,Outlaw Star Ep 8: Forced Departure @ 00:05:03,https://animehistory.org/gallery/screencaps/outlaw-star/episode-8/,https://animehistory.org/gallery/screencaps/outlaw-star/episode-8/,1,2026-10-07T01:49:07.806646+00:00,74ae0cbc8534276b00b295c43593df78744833e87b437cf4d0dbef00d35aa3f0,,UNVERIFIED
EP-08,Forced Departure,00:05:06,306,849307,https://animehistory.org/uploads/screencaps/outlaw-star-E008-Forced-Departure/cap_00-05-06_60f5.jpg,Outlaw Star Ep 8: Forced Departure @ 00:05:06,https://animehistory.org/gallery/screencaps/outlaw-star/episode-8/,https://animehistory.org/gallery/screencaps/outlaw-star/episode-8/,1,2026-10-07T01:49:07.806646+00:00,74ae0cbc8534276b00b295c43593df78744833e87b437cf4d0dbef00d35aa3f0,,UNVERIFIED
EP-08,Forced Departure,00:05:10,310,849308,https://animehistory.org/uploads/screencaps/outlaw-star-E008-Forced-Departure/cap_00-05-10_1f0d.jpg,Outlaw Star Ep 8: Forced Departure @ 00:05:10,https://animehistory.org/gallery/screencaps/outlaw-star/episode-8/,https://animehistory.org/gallery/screencaps/outlaw-star/episode-8/,1,2026-10-07T01:49:07.806646+00:00,74ae0cbc8534276b00b295c43593df78744833e87b437cf4d0dbef00d35aa3f0,,UNVERIFIED
EP-08,Forced Departure,00:05:14,314,849309,https://animehistory.org/uploads/screencaps/outlaw-star-E008-Forced-Departure/cap_00-05-14_418a.jpg,Outlaw Star Ep 8: Forced Departure @ 00:05:14,https://animehistory.org/gallery/screencaps/outlaw-star/episode-8/,https://animehistory.org/gallery/screencaps/outlaw-star/episode-8/,1,2026-10-07T01:49:07.806646+00:00,74ae0cbc8534276b00b295c43593df78744833e87b437cf4d0dbef00d35aa3f0,,UNVERIFIED
EP-08,Forced Departure,00:05:17,317,849310,https://animehistory.org/uploads/screencaps/outlaw-star-E008-Forced-Departure/cap_00-05-17_7cfe.jpg,Outlaw Star Ep 8: Forced Departure @ 00:05:17,https://animehistory.org/gallery/screencaps/outlaw-star/episode-8/,https://animehistory.org/gallery/screencaps/outlaw-star/episode-8/,1,2026-10-07T01:49:07.806646+00:00,74ae0cbc8534276b00b295c43593df78744833e87b437cf4d0dbef00d35aa3f0,,UNVERIFIED
EP-08,Forced Departure,00:05:21,321,849311,https://animehistory.org/uploads/screencaps/outlaw-star-E008-Forced-Departure/cap_00-05-21_7c28.jpg,Outlaw Star Ep 8: Forced Departure @ 00:05:21,https://animehistory.org/gallery/screencaps/outlaw-star/episode-8/,https://animehistory.org/gallery/screencaps/outlaw-star/episode-8/,1,2026-10-07T01:49:07.806646+00:00,74ae0cbc8534276b00b295c43593df78744833e87b437cf4d0dbef00d35aa3f0,,UNVERIFIED
EP-08,Forced Departure,00:05:24,324,849312,https://animehistory.org/uploads/screencaps/outlaw-star-E008-Forced-Departure/cap_00-05-24_11f3.jpg,Outlaw Star Ep 8: Forced Departure @ 00:05:24,https://animehistory.org/gallery/screencaps/outlaw-star/episode-8/,https://animehistory.org/gallery/screencaps/outlaw-star/episode-8/,1,2026-10-07T01:49:07.806646+00:00,74ae0cbc8534276b00b295c43593df78744833e87b437cf4d0dbef00d35aa3f0,,UNVERIFIED
EP-08,Forced Departure,00:05:28,328,849313,https://animehistory.org/uploads/screencaps/outlaw-star-E008-Forced-Departure/cap_00-05-28_6a23.jpg,Outlaw Star Ep 8: Forced Departure @ 00:05:28,https://animehistory.org/gallery/screencaps/outlaw-star/episode-8/,https://animehistory.org/gallery/screencaps/outlaw-star/episode-8/,1,2026-10-07T01:49:07.806646+00:00,74ae0cbc8534276b00b295c43593df78744833e87b437cf4d0dbef00d35aa3f0,,UNVERIFIED
EP-08,Forced Departure,00:05:32,332,849314,https://animehistory.org/uploads/screencaps/outlaw-star-E008-Forced-Departure/cap_00-05-32_565b.jpg,Outlaw Star Ep 8: Forced Departure @ 00:05:32,https://animehistory.org/gallery/screencaps/outlaw-star/episode-8/,https://animehistory.org/gallery/screencaps/outlaw-star/episode-8/,1,2026-10-07T01:49:07.806646+00:00,74ae0cbc8534276b00b295c43593df78744833e87b437cf4d0dbef00d35aa3f0,,UNVERIFIED
EP-08,Forced Departure,00:05:35,335,849315,https://animehistory.org/uploads/screencaps/outlaw-star-E008-Forced-Departure/cap_00-05-35_3404.jpg,Outlaw Star Ep 8: Forced Departure @ 00:05:35,https://animehistory.org/gallery/screencaps/outlaw-star/episode-8/,https://animehistory.org/gallery/screencaps/outlaw-star/episode-8/,1,2026-10-07T01:49:07.806646+00:00,74ae0cbc8534276b00b295c43593df78744833e87b437cf4d0dbef00d35aa3f0,,UNVERIFIED
EP-08,Forced Departure,00:05:39,339,849316,https://animehistory.org/uploads/screencaps/outlaw-star-E008-Forced-Departure/cap_00-05-39_1db1.jpg,Outlaw Star Ep 8: Forced Departure @ 00:05:39,https://animehistory.org/gallery/screencaps/outlaw-star/episode-8/,https://animehistory.org/gallery/screencaps/outlaw-star/episode-8/,1,2026-10-07T01:49:07.806646+00:00,74ae0cbc8534276b00b295c43593df78744833e87b437cf4d0dbef00d35aa3f0,,UNVERIFIED
EP-08,Forced Departure,00:05:43,343,849317,https://animehistory.org/uploads/screencaps/outlaw-star-E008-Forced-Departure/cap_00-05-43_7e96.jpg,Outlaw Star Ep 8: Forced Departure @ 00:05:43,https://animehistory.org/gallery/screencaps/outlaw-star/episode-8/,https://animehistory.org/gallery/screencaps/outlaw-star/episode-8/,1,2026-10-07T01:49:07.806646+00:00,74ae0cbc8534276b00b295c43593df78744833e87b437cf4d0dbef00d35aa3f0,,UNVERIFIED
EP-08,Forced Departure,00:05:46,346,849318,https://animehistory.org/uploads/screencaps/outlaw-star-E008-Forced-Departure/cap_00-05-46_0f58.jpg,Outlaw Star Ep 8: Forced Departure @ 00:05:46,https://animehistory.org/gallery/screencaps/outlaw-star/episode-8/,https://animehistory.org/gallery/screencaps/outlaw-star/episode-8/,1,2026-10-07T01:49:07.806646+00:00,74ae0cbc8534276b00b295c43593df78744833e87b437cf4d0dbef00d35aa3f0,,UNVERIFIED
EP-08,Forced Departure,00:05:50,350,849319,https://animehistory.org/uploads/screencaps/outlaw-star-E008-Forced-Departure/cap_00-05-50_6c37.jpg,Outlaw Star Ep 8: Forced Departure @ 00:05:50,https://animehistory.org/gallery/screencaps/outlaw-star/episode-8/,https://animehistory.org/gallery/screencaps/outlaw-star/episode-8/,1,2026-10-07T01:49:07.806646+00:00,74ae0cbc8534276b00b295c43593df78744833e87b437cf4d0dbef00d35aa3f0,,UNVERIFIED
EP-08,Forced Departure,00:05:53,353,849320,https://animehistory.org/uploads/screencaps/outlaw-star-E008-Forced-Departure/cap_00-05-53_1696.jpg,Outlaw Star Ep 8: Forced Departure @ 00:05:53,https://animehistory.org/gallery/screencaps/outlaw-star/episode-8/,https://animehistory.org/gallery/screencaps/outlaw-star/episode-8/,1,2026-10-07T01:49:07.806646+00:00,74ae0cbc8534276b00b295c43593df78744833e87b437cf4d0dbef00d35aa3f0,,UNVERIFIED
EP-08,Forced Departure,00:05:57,357,849321,https://animehistory.org/uploads/screencaps/outlaw-star-E008-Forced-Departure/cap_00-05-57_0340.jpg,Outlaw Star Ep 8: Forced Departure @ 00:05:57,https://animehistory.org/gallery/screencaps/outlaw-star/episode-8/,https://animehistory.org/gallery/screencaps/outlaw-star/episode-8/,1,2026-10-07T01:49:07.806646+00:00,74ae0cbc8534276b00b295c43593df78744833e87b437cf4d0dbef00d35aa3f0,,UNVERIFIED
EP-08,Forced Departure,00:06:01,361,849322,https://animehistory.org/uploads/screencaps/outlaw-star-E008-Forced-Departure/cap_00-06-01_7dfd.jpg,Outlaw Star Ep 8: Forced Departure @ 00:06:01,https://animehistory.org/gallery/screencaps/outlaw-star/episode-8/,https://animehistory.org/gallery/screencaps/outlaw-star/episode-8/,1,2026-10-07T01:49:07.806646+00:00,74ae0cbc8534276b00b295c43593df78744833e87b437cf4d0dbef00d35aa3f0,,UNVERIFIED
EP-08,Forced Departure,00:06:04,364,849323,https://animehistory.org/uploads/screencaps/outlaw-star-E008-Forced-Departure/cap_00-06-04_3e14.jpg,Outlaw Star Ep 8: Forced Departure @ 00:06:04,https://animehistory.org/gallery/screencaps/outlaw-star/episode-8/,https://animehistory.org/gallery/screencaps/outlaw-star/episode-8/,1,2026-10-07T01:49:07.806646+00:00,74ae0cbc8534276b00b295c43593df78744833e87b437cf4d0dbef00d35aa3f0,,UNVERIFIED
EP-08,Forced Departure,00:06:08,368,849324,https://animehistory.org/uploads/screencaps/outlaw-star-E008-Forced-Departure/cap_00-06-08_137c.jpg,Outlaw Star Ep 8: Forced Departure @ 00:06:08,https://animehistory.org/gallery/screencaps/outlaw-star/episode-8/,https://animehistory.org/gallery/screencaps/outlaw-star/episode-8/,1,2026-10-07T01:49:07.806646+00:00,74ae0cbc8534276b00b295c43593df78744833e87b437cf4d0dbef00d35aa3f0,,UNVERIFIED
EP-08,Forced Departure,00:06:12,372,849325,https://animehistory.org/uploads/screencaps/outlaw-star-E008-Forced-Departure/cap_00-06-12_22ea.jpg,Outlaw Star Ep 8: Forced Departure @ 00:06:12,https://animehistory.org/gallery/screencaps/outlaw-star/episode-8/,https://animehistory.org/gallery/screencaps/outlaw-star/episode-8/,1,2026-10-07T01:49:07.806646+00:00,74ae0cbc8534276b00b295c43593df78744833e87b437cf4d0dbef00d35aa3f0,,UNVERIFIED
EP-08,Forced Departure,00:06:15,375,849326,https://animehistory.org/uploads/screencaps/outlaw-star-E008-Forced-Departure/cap_00-06-15_075a.jpg,Outlaw Star Ep 8: Forced Departure @ 00:06:15,https://animehistory.org/gallery/screencaps/outlaw-star/episode-8/,https://animehistory.org/gallery/screencaps/outlaw-star/episode-8/,1,2026-10-07T01:49:07.806646+00:00,74ae0cbc8534276b00b295c43593df78744833e87b437cf4d0dbef00d35aa3f0,,UNVERIFIED
EP-08,Forced Departure,00:06:19,379,849327,https://animehistory.org/uploads/screencaps/outlaw-star-E008-Forced-Departure/cap_00-06-19_2fba.jpg,Outlaw Star Ep 8: Forced Departure @ 00:06:19,https://animehistory.org/gallery/screencaps/outlaw-star/episode-8/,https://animehistory.org/gallery/screencaps/outlaw-star/episode-8/,1,2026-10-07T01:49:07.806646+00:00,74ae0cbc8534276b00b295c43593df78744833e87b437cf4d0dbef00d35aa3f0,,UNVERIFIED
EP-08,Forced Departure,00:06:22,382,849328,https://animehistory.org/uploads/screencaps/outlaw-star-E008-Forced-Departure/cap_00-06-22_26fa.jpg,Outlaw Star Ep 8: Forced Departure @ 00:06:22,https://animehistory.org/gallery/screencaps/outlaw-star/episode-8/,https://animehistory.org/gallery/screencaps/outlaw-star/episode-8/,1,2026-10-07T01:49:07.806646+00:00,74ae0cbc8534276b00b295c43593df78744833e87b437cf4d0dbef00d35aa3f0,,UNVERIFIED
EP-08,Forced Departure,00:06:26,386,849329,https://animehistory.org/uploads/screencaps/outlaw-star-E008-Forced-Departure/cap_00-06-26_603c.jpg,Outlaw Star Ep 8: Forced Departure @ 00:06:26,https://animehistory.org/gallery/screencaps/outlaw-star/episode-8/,https://animehistory.org/gallery/screencaps/outlaw-star/episode-8/,1,2026-10-07T01:49:07.806646+00:00,74ae0cbc8534276b00b295c43593df78744833e87b437cf4d0dbef00d35aa3f0,,UNVERIFIED
EP-08,Forced Departure,00:06:30,390,849330,https://animehistory.org/uploads/screencaps/outlaw-star-E008-Forced-Departure/cap_00-06-30_5b7c.jpg,Outlaw Star Ep 8: Forced Departure @ 00:06:30,https://animehistory.org/gallery/screencaps/outlaw-star/episode-8/,https://animehistory.org/gallery/screencaps/outlaw-star/episode-8/,1,2026-10-07T01:49:07.806646+00:00,74ae0cbc8534276b00b295c43593df78744833e87b437cf4d0dbef00d35aa3f0,,UNVERIFIED
EP-08,Forced Departure,00:06:33,393,849331,https://animehistory.org/uploads/screencaps/outlaw-star-E008-Forced-Departure/cap_00-06-33_163f.jpg,Outlaw Star Ep 8: Forced Departure @ 00:06:33,https://animehistory.org/gallery/screencaps/outlaw-star/episode-8/,https://animehistory.org/gallery/screencaps/outlaw-star/episode-8/,1,2026-10-07T01:49:07.806646+00:00,74ae0cbc8534276b00b295c43593df78744833e87b437cf4d0dbef00d35aa3f0,,UNVERIFIED
EP-08,Forced Departure,00:06:37,397,849332,https://animehistory.org/uploads/screencaps/outlaw-star-E008-Forced-Departure/cap_00-06-37_2dfa.jpg,Outlaw Star Ep 8: Forced Departure @ 00:06:37,https://animehistory.org/gallery/screencaps/outlaw-star/episode-8/,https://animehistory.org/gallery/screencaps/outlaw-star/episode-8/,1,2026-10-07T01:49:07.806646+00:00,74ae0cbc8534276b00b295c43593df78744833e87b437cf4d0dbef00d35aa3f0,,UNVERIFIED
EP-08,Forced Departure,00:06:41,401,849333,https://animehistory.org/uploads/screencaps/outlaw-star-E008-Forced-Departure/cap_00-06-41_7e8a.jpg,Outlaw Star Ep 8: Forced Departure @ 00:06:41,https://animehistory.org/gallery/screencaps/outlaw-star/episode-8/,https://animehistory.org/gallery/screencaps/outlaw-star/episode-8/,1,2026-10-07T01:49:07.806646+00:00,74ae0cbc8534276b00b295c43593df78744833e87b437cf4d0dbef00d35aa3f0,,UNVERIFIED
EP-08,Forced Departure,00:06:44,404,849334,https://animehistory.org/uploads/screencaps/outlaw-star-E008-Forced-Departure/cap_00-06-44_11c2.jpg,Outlaw Star Ep 8: Forced Departure @ 00:06:44,https://animehistory.org/gallery/screencaps/outlaw-star/episode-8/,https://animehistory.org/gallery/screencaps/outlaw-star/episode-8/,1,2026-10-07T01:49:07.806646+00:00,74ae0cbc8534276b00b295c43593df78744833e87b437cf4d0dbef00d35aa3f0,,UNVERIFIED
EP-08,Forced Departure,00:06:48,408,849335,https://animehistory.org/uploads/screencaps/outlaw-star-E008-Forced-Departure/cap_00-06-48_5a06.jpg,Outlaw Star Ep 8: Forced Departure @ 00:06:48,https://animehistory.org/gallery/screencaps/outlaw-star/episode-8/,https://animehistory.org/gallery/screencaps/outlaw-star/episode-8/,1,2026-10-07T01:49:07.806646+00:00,74ae0cbc8534276b00b295c43593df78744833e87b437cf4d0dbef00d35aa3f0,,UNVERIFIED
EP-08,Forced Departure,00:06:52,412,849336,https://animehistory.org/uploads/screencaps/outlaw-star-E008-Forced-Departure/cap_00-06-52_3305.jpg,Outlaw Star Ep 8: Forced Departure @ 00:06:52,https://animehistory.org/gallery/screencaps/outlaw-star/episode-8/,https://animehistory.org/gallery/screencaps/outlaw-star/episode-8/,1,2026-10-07T01:49:07.806646+00:00,74ae0cbc8534276b00b295c43593df78744833e87b437cf4d0dbef00d35aa3f0,,UNVERIFIED
EP-08,Forced Departure,00:06:55,415,849337,https://animehistory.org/uploads/screencaps/outlaw-star-E008-Forced-Departure/cap_00-06-55_2a2e.jpg,Outlaw Star Ep 8: Forced Departure @ 00:06:55,https://animehistory.org/gallery/screencaps/outlaw-star/episode-8/,https://animehistory.org/gallery/screencaps/outlaw-star/episode-8/,1,2026-10-07T01:49:07.806646+00:00,74ae0cbc8534276b00b295c43593df78744833e87b437cf4d0dbef00d35aa3f0,,UNVERIFIED
EP-08,Forced Departure,00:06:59,419,849338,https://animehistory.org/uploads/screencaps/outlaw-star-E008-Forced-Departure/cap_00-06-59_529b.jpg,Outlaw Star Ep 8: Forced Departure @ 00:06:59,https://animehistory.org/gallery/screencaps/outlaw-star/episode-8/,https://animehistory.org/gallery/screencaps/outlaw-star/episode-8/,1,2026-10-07T01:49:07.806646+00:00,74ae0cbc8534276b00b295c43593df78744833e87b437cf4d0dbef00d35aa3f0,,UNVERIFIED
EP-08,Forced Departure,00:07:02,422,849339,https://animehistory.org/uploads/screencaps/outlaw-star-E008-Forced-Departure/cap_00-07-02_5b83.jpg,Outlaw Star Ep 8: Forced Departure @ 00:07:02,https://animehistory.org/gallery/screencaps/outlaw-star/episode-8/,https://animehistory.org/gallery/screencaps/outlaw-star/episode-8/,1,2026-10-07T01:49:07.806646+00:00,74ae0cbc8534276b00b295c43593df78744833e87b437cf4d0dbef00d35aa3f0,,UNVERIFIED
EP-08,Forced Departure,00:07:06,426,849340,https://animehistory.org/uploads/screencaps/outlaw-star-E008-Forced-Departure/cap_00-07-06_2684.jpg,Outlaw Star Ep 8: Forced Departure @ 00:07:06,https://animehistory.org/gallery/screencaps/outlaw-star/episode-8/,https://animehistory.org/gallery/screencaps/outlaw-star/episode-8/,1,2026-10-07T01:49:07.806646+00:00,74ae0cbc8534276b00b295c43593df78744833e87b437cf4d0dbef00d35aa3f0,,UNVERIFIED
EP-08,Forced Departure,00:07:10,430,849341,https://animehistory.org/uploads/screencaps/outlaw-star-E008-Forced-Departure/cap_00-07-10_452c.jpg,Outlaw Star Ep 8: Forced Departure @ 00:07:10,https://animehistory.org/gallery/screencaps/outlaw-star/episode-8/,https://animehistory.org/gallery/screencaps/outlaw-star/episode-8/,1,2026-10-07T01:49:07.806646+00:00,74ae0cbc8534276b00b295c43593df78744833e87b437cf4d0dbef00d35aa3f0,,UNVERIFIED
EP-08,Forced Departure,00:07:13,433,849342,https://animehistory.org/uploads/screencaps/outlaw-star-E008-Forced-Departure/cap_00-07-13_0385.jpg,Outlaw Star Ep 8: Forced Departure @ 00:07:13,https://animehistory.org/gallery/screencaps/outlaw-star/episode-8/,https://animehistory.org/gallery/screencaps/outlaw-star/episode-8/,1,2026-10-07T01:49:07.806646+00:00,74ae0cbc8534276b00b295c43593df78744833e87b437cf4d0dbef00d35aa3f0,,UNVERIFIED
EP-08,Forced Departure,00:07:17,437,849343,https://animehistory.org/uploads/screencaps/outlaw-star-E008-Forced-Departure/cap_00-07-17_433d.jpg,Outlaw Star Ep 8: Forced Departure @ 00:07:17,https://animehistory.org/gallery/screencaps/outlaw-star/episode-8/,https://animehistory.org/gallery/screencaps/outlaw-star/episode-8/,1,2026-10-07T01:49:07.806646+00:00,74ae0cbc8534276b00b295c43593df78744833e87b437cf4d0dbef00d35aa3f0,,UNVERIFIED
EP-08,Forced Departure,00:07:21,441,849344,https://animehistory.org/uploads/screencaps/outlaw-star-E008-Forced-Departure/cap_00-07-21_3adc.jpg,Outlaw Star Ep 8: Forced Departure @ 00:07:21,https://animehistory.org/gallery/screencaps/outlaw-star/episode-8/,https://animehistory.org/gallery/screencaps/outlaw-star/episode-8/,1,2026-10-07T01:49:07.806646+00:00,74ae0cbc8534276b00b295c43593df78744833e87b437cf4d0dbef00d35aa3f0,,UNVERIFIED
EP-08,Forced Departure,00:07:24,444,849345,https://animehistory.org/uploads/screencaps/outlaw-star-E008-Forced-Departure/cap_00-07-24_261f.jpg,Outlaw Star Ep 8: Forced Departure @ 00:07:24,https://animehistory.org/gallery/screencaps/outlaw-star/episode-8/,https://animehistory.org/gallery/screencaps/outlaw-star/episode-8/,1,2026-10-07T01:49:07.806646+00:00,74ae0cbc8534276b00b295c43593df78744833e87b437cf4d0dbef00d35aa3f0,,UNVERIFIED
EP-08,Forced Departure,00:07:28,448,849346,https://animehistory.org/uploads/screencaps/outlaw-star-E008-Forced-Departure/cap_00-07-28_0dc6.jpg,Outlaw Star Ep 8: Forced Departure @ 00:07:28,https://animehistory.org/gallery/screencaps/outlaw-star/episode-8/,https://animehistory.org/gallery/screencaps/outlaw-star/episode-8/,1,2026-10-07T01:49:07.806646+00:00,74ae0cbc8534276b00b295c43593df78744833e87b437cf4d0dbef00d35aa3f0,,UNVERIFIED
EP-08,Forced Departure,00:07:31,451,849347,https://animehistory.org/uploads/screencaps/outlaw-star-E008-Forced-Departure/cap_00-07-31_4891.jpg,Outlaw Star Ep 8: Forced Departure @ 00:07:31,https://animehistory.org/gallery/screencaps/outlaw-star/episode-8/,https://animehistory.org/gallery/screencaps/outlaw-star/episode-8/,1,2026-10-07T01:49:07.806646+00:00,74ae0cbc8534276b00b295c43593df78744833e87b437cf4d0dbef00d35aa3f0,,UNVERIFIED
EP-08,Forced Departure,00:07:35,455,849348,https://animehistory.org/uploads/screencaps/outlaw-star-E008-Forced-Departure/cap_00-07-35_318d.jpg,Outlaw Star Ep 8: Forced Departure @ 00:07:35,https://animehistory.org/gallery/screencaps/outlaw-star/episode-8/,https://animehistory.org/gallery/screencaps/outlaw-star/episode-8/,1,2026-10-07T01:49:07.806646+00:00,74ae0cbc8534276b00b295c43593df78744833e87b437cf4d0dbef00d35aa3f0,,UNVERIFIED
EP-08,Forced Departure,00:07:39,459,849349,https://animehistory.org/uploads/screencaps/outlaw-star-E008-Forced-Departure/cap_00-07-39_49af.jpg,Outlaw Star Ep 8: Forced Departure @ 00:07:39,https://animehistory.org/gallery/screencaps/outlaw-star/episode-8/,https://animehistory.org/gallery/screencaps/outlaw-star/episode-8/,1,2026-10-07T01:49:07.806646+00:00,74ae0cbc8534276b00b295c43593df78744833e87b437cf4d0dbef00d35aa3f0,,UNVERIFIED
EP-08,Forced Departure,00:07:42,462,849350,https://animehistory.org/uploads/screencaps/outlaw-star-E008-Forced-Departure/cap_00-07-42_3b87.jpg,Outlaw Star Ep 8: Forced Departure @ 00:07:42,https://animehistory.org/gallery/screencaps/outlaw-star/episode-8/,https://animehistory.org/gallery/screencaps/outlaw-star/episode-8/,1,2026-10-07T01:49:07.806646+00:00,74ae0cbc8534276b00b295c43593df78744833e87b437cf4d0dbef00d35aa3f0,,UNVERIFIED
EP-08,Forced Departure,00:07:46,466,849351,https://animehistory.org/uploads/screencaps/outlaw-star-E008-Forced-Departure/cap_00-07-46_5438.jpg,Outlaw Star Ep 8: Forced Departure @ 00:07:46,https://animehistory.org/gallery/screencaps/outlaw-star/episode-8/,https://animehistory.org/gallery/screencaps/outlaw-star/episode-8/?page=2,2,2026-10-07T01:49:09.212960+00:00,2a5050e82bde33ad4eb7159e7b9a12814e3ee9168263c9933f7fdc0a6a7f16d6,,UNVERIFIED
EP-08,Forced Departure,00:07:50,470,849352,https://animehistory.org/uploads/screencaps/outlaw-star-E008-Forced-Departure/cap_00-07-50_1976.jpg,Outlaw Star Ep 8: Forced Departure @ 00:07:50,https://animehistory.org/gallery/screencaps/outlaw-star/episode-8/,https://animehistory.org/gallery/screencaps/outlaw-star/episode-8/?page=2,2,2026-10-07T01:49:09.212960+00:00,2a5050e82bde33ad4eb7159e7b9a12814e3ee9168263c9933f7fdc0a6a7f16d6,,UNVERIFIED
EP-08,Forced Departure,00:07:53,473,849353,https://animehistory.org/uploads/screencaps/outlaw-star-E008-Forced-Departure/cap_00-07-53_3270.jpg,Outlaw Star Ep 8: Forced Departure @ 00:07:53,https://animehistory.org/gallery/screencaps/outlaw-star/episode-8/,https://animehistory.org/gallery/screencaps/outlaw-star/episode-8/?page=2,2,2026-10-07T01:49:09.212960+00:00,2a5050e82bde33ad4eb7159e7b9a12814e3ee9168263c9933f7fdc0a6a7f16d6,,UNVERIFIED
EP-08,Forced Departure,00:07:57,477,849354,https://animehistory.org/uploads/screencaps/outlaw-star-E008-Forced-Departure/cap_00-07-57_668b.jpg,Outlaw Star Ep 8: Forced Departure @ 00:07:57,https://animehistory.org/gallery/screencaps/outlaw-star/episode-8/,https://animehistory.org/gallery/screencaps/outlaw-star/episode-8/?page=2,2,2026-10-07T01:49:09.212960+00:00,2a5050e82bde33ad4eb7159e7b9a12814e3ee9168263c9933f7fdc0a6a7f16d6,,UNVERIFIED
EP-08,Forced Departure,00:08:00,480,849355,https://animehistory.org/uploads/screencaps/outlaw-star-E008-Forced-Departure/cap_00-08-00_7e04.jpg,Outlaw Star Ep 8: Forced Departure @ 00:08:00,https://animehistory.org/gallery/screencaps/outlaw-star/episode-8/,https://animehistory.org/gallery/screencaps/outlaw-star/episode-8/?page=2,2,2026-10-07T01:49:09.212960+00:00,2a5050e82bde33ad4eb7159e7b9a12814e3ee9168263c9933f7fdc0a6a7f16d6,,UNVERIFIED
EP-08,Forced Departure,00:08:04,484,849356,https://animehistory.org/uploads/screencaps/outlaw-star-E008-Forced-Departure/cap_00-08-04_5307.jpg,Outlaw Star Ep 8: Forced Departure @ 00:08:04,https://animehistory.org/gallery/screencaps/outlaw-star/episode-8/,https://animehistory.org/gallery/screencaps/outlaw-star/episode-8/?page=2,2,2026-10-07T01:49:09.212960+00:00,2a5050e82bde33ad4eb7159e7b9a12814e3ee9168263c9933f7fdc0a6a7f16d6,,UNVERIFIED
EP-08,Forced Departure,00:08:08,488,849357,https://animehistory.org/uploads/screencaps/outlaw-star-E008-Forced-Departure/cap_00-08-08_5c0a.jpg,Outlaw Star Ep 8: Forced Departure @ 00:08:08,https://animehistory.org/gallery/screencaps/outlaw-star/episode-8/,https://animehistory.org/gallery/screencaps/outlaw-star/episode-8/?page=2,2,2026-10-07T01:49:09.212960+00:00,2a5050e82bde33ad4eb7159e7b9a12814e3ee9168263c9933f7fdc0a6a7f16d6,,UNVERIFIED
EP-08,Forced Departure,00:08:11,491,849358,https://animehistory.org/uploads/screencaps/outlaw-star-E008-Forced-Departure/cap_00-08-11_05a0.jpg,Outlaw Star Ep 8: Forced Departure @ 00:08:11,https://animehistory.org/gallery/screencaps/outlaw-star/episode-8/,https://animehistory.org/gallery/screencaps/outlaw-star/episode-8/?page=2,2,2026-10-07T01:49:09.212960+00:00,2a5050e82bde33ad4eb7159e7b9a12814e3ee9168263c9933f7fdc0a6a7f16d6,,UNVERIFIED
EP-08,Forced Departure,00:08:15,495,849359,https://animehistory.org/uploads/screencaps/outlaw-star-E008-Forced-Departure/cap_00-08-15_4ef1.jpg,Outlaw Star Ep 8: Forced Departure @ 00:08:15,https://animehistory.org/gallery/screencaps/outlaw-star/episode-8/,https://animehistory.org/gallery/screencaps/outlaw-star/episode-8/?page=2,2,2026-10-07T01:49:09.212960+00:00,2a5050e82bde33ad4eb7159e7b9a12814e3ee9168263c9933f7fdc0a6a7f16d6,,UNVERIFIED
EP-08,Forced Departure,00:08:19,499,849360,https://animehistory.org/uploads/screencaps/outlaw-star-E008-Forced-Departure/cap_00-08-19_327b.jpg,Outlaw Star Ep 8: Forced Departure @ 00:08:19,https://animehistory.org/gallery/screencaps/outlaw-star/episode-8/,https://animehistory.org/gallery/screencaps/outlaw-star/episode-8/?page=2,2,2026-10-07T01:49:09.212960+00:00,2a5050e82bde33ad4eb7159e7b9a12814e3ee9168263c9933f7fdc0a6a7f16d6,,UNVERIFIED
EP-08,Forced Departure,00:08:22,502,849361,https://animehistory.org/uploads/screencaps/outlaw-star-E008-Forced-Departure/cap_00-08-22_70a4.jpg,Outlaw Star Ep 8: Forced Departure @ 00:08:22,https://animehistory.org/gallery/screencaps/outlaw-star/episode-8/,https://animehistory.org/gallery/screencaps/outlaw-star/episode-8/?page=2,2,2026-10-07T01:49:09.212960+00:00,2a5050e82bde33ad4eb7159e7b9a12814e3ee9168263c9933f7fdc0a6a7f16d6,,UNVERIFIED
EP-08,Forced Departure,00:08:26,506,849362,https://animehistory.org/uploads/screencaps/outlaw-star-E008-Forced-Departure/cap_00-08-26_26a2.jpg,Outlaw Star Ep 8: Forced Departure @ 00:08:26,https://animehistory.org/gallery/screencaps/outlaw-star/episode-8/,https://animehistory.org/gallery/screencaps/outlaw-star/episode-8/?page=2,2,2026-10-07T01:49:09.212960+00:00,2a5050e82bde33ad4eb7159e7b9a12814e3ee9168263c9933f7fdc0a6a7f16d6,,UNVERIFIED
EP-08,Forced Departure,00:08:29,509,849363,https://animehistory.org/uploads/screencaps/outlaw-star-E008-Forced-Departure/cap_00-08-29_174d.jpg,Outlaw Star Ep 8: Forced Departure @ 00:08:29,https://animehistory.org/gallery/screencaps/outlaw-star/episode-8/,https://animehistory.org/gallery/screencaps/outlaw-star/episode-8/?page=2,2,2026-10-07T01:49:09.212960+00:00,2a5050e82bde33ad4eb7159e7b9a12814e3ee9168263c9933f7fdc0a6a7f16d6,,UNVERIFIED
EP-08,Forced Departure,00:08:33,513,849364,https://animehistory.org/uploads/screencaps/outlaw-star-E008-Forced-Departure/cap_00-08-33_640e.jpg,Outlaw Star Ep 8: Forced Departure @ 00:08:33,https://animehistory.org/gallery/screencaps/outlaw-star/episode-8/,https://animehistory.org/gallery/screencaps/outlaw-star/episode-8/?page=2,2,2026-10-07T01:49:09.212960+00:00,2a5050e82bde33ad4eb7159e7b9a12814e3ee9168263c9933f7fdc0a6a7f16d6,,UNVERIFIED
EP-08,Forced Departure,00:08:37,517,849365,https://animehistory.org/uploads/screencaps/outlaw-star-E008-Forced-Departure/cap_00-08-37_6a35.jpg,Outlaw Star Ep 8: Forced Departure @ 00:08:37,https://animehistory.org/gallery/screencaps/outlaw-star/episode-8/,https://animehistory.org/gallery/screencaps/outlaw-star/episode-8/?page=2,2,2026-10-07T01:49:09.212960+00:00,2a5050e82bde33ad4eb7159e7b9a12814e3ee9168263c9933f7fdc0a6a7f16d6,,UNVERIFIED
EP-08,Forced Departure,00:08:40,520,849366,https://animehistory.org/uploads/screencaps/outlaw-star-E008-Forced-Departure/cap_00-08-40_662b.jpg,Outlaw Star Ep 8: Forced Departure @ 00:08:40,https://animehistory.org/gallery/screencaps/outlaw-star/episode-8/,https://animehistory.org/gallery/screencaps/outlaw-star/episode-8/?page=2,2,2026-10-07T01:49:09.212960+00:00,2a5050e82bde33ad4eb7159e7b9a12814e3ee9168263c9933f7fdc0a6a7f16d6,,UNVERIFIED
EP-08,Forced Departure,00:08:44,524,849367,https://animehistory.org/uploads/screencaps/outlaw-star-E008-Forced-Departure/cap_00-08-44_7f55.jpg,Outlaw Star Ep 8: Forced Departure @ 00:08:44,https://animehistory.org/gallery/screencaps/outlaw-star/episode-8/,https://animehistory.org/gallery/screencaps/outlaw-star/episode-8/?page=2,2,2026-10-07T01:49:09.212960+00:00,2a5050e82bde33ad4eb7159e7b9a12814e3ee9168263c9933f7fdc0a6a7f16d6,,UNVERIFIED
EP-08,Forced Departure,00:08:48,528,849368,https://animehistory.org/uploads/screencaps/outlaw-star-E008-Forced-Departure/cap_00-08-48_476b.jpg,Outlaw Star Ep 8: Forced Departure @ 00:08:48,https://animehistory.org/gallery/screencaps/outlaw-star/episode-8/,https://animehistory.org/gallery/screencaps/outlaw-star/episode-8/?page=2,2,2026-10-07T01:49:09.212960+00:00,2a5050e82bde33ad4eb7159e7b9a12814e3ee9168263c9933f7fdc0a6a7f16d6,,UNVERIFIED
EP-08,Forced Departure,00:08:51,531,849369,https://animehistory.org/uploads/screencaps/outlaw-star-E008-Forced-Departure/cap_00-08-51_4f51.jpg,Outlaw Star Ep 8: Forced Departure @ 00:08:51,https://animehistory.org/gallery/screencaps/outlaw-star/episode-8/,https://animehistory.org/gallery/screencaps/outlaw-star/episode-8/?page=2,2,2026-10-07T01:49:09.212960+00:00,2a5050e82bde33ad4eb7159e7b9a12814e3ee9168263c9933f7fdc0a6a7f16d6,,UNVERIFIED
EP-08,Forced Departure,00:08:55,535,849370,https://animehistory.org/uploads/screencaps/outlaw-star-E008-Forced-Departure/cap_00-08-55_50ab.jpg,Outlaw Star Ep 8: Forced Departure @ 00:08:55,https://animehistory.org/gallery/screencaps/outlaw-star/episode-8/,https://animehistory.org/gallery/screencaps/outlaw-star/episode-8/?page=2,2,2026-10-07T01:49:09.212960+00:00,2a5050e82bde33ad4eb7159e7b9a12814e3ee9168263c9933f7fdc0a6a7f16d6,,UNVERIFIED
EP-08,Forced Departure,00:08:59,539,849371,https://animehistory.org/uploads/screencaps/outlaw-star-E008-Forced-Departure/cap_00-08-59_2851.jpg,Outlaw Star Ep 8: Forced Departure @ 00:08:59,https://animehistory.org/gallery/screencaps/outlaw-star/episode-8/,https://animehistory.org/gallery/screencaps/outlaw-star/episode-8/?page=2,2,2026-10-07T01:49:09.212960+00:00,2a5050e82bde33ad4eb7159e7b9a12814e3ee9168263c9933f7fdc0a6a7f16d6,,UNVERIFIED
EP-08,Forced Departure,00:09:02,542,849372,https://animehistory.org/uploads/screencaps/outlaw-star-E008-Forced-Departure/cap_00-09-02_1756.jpg,Outlaw Star Ep 8: Forced Departure @ 00:09:02,https://animehistory.org/gallery/screencaps/outlaw-star/episode-8/,https://animehistory.org/gallery/screencaps/outlaw-star/episode-8/?page=2,2,2026-10-07T01:49:09.212960+00:00,2a5050e82bde33ad4eb7159e7b9a12814e3ee9168263c9933f7fdc0a6a7f16d6,,UNVERIFIED
EP-08,Forced Departure,00:09:06,546,849373,https://animehistory.org/uploads/screencaps/outlaw-star-E008-Forced-Departure/cap_00-09-06_53a3.jpg,Outlaw Star Ep 8: Forced Departure @ 00:09:06,https://animehistory.org/gallery/screencaps/outlaw-star/episode-8/,https://animehistory.org/gallery/screencaps/outlaw-star/episode-8/?page=2,2,2026-10-07T01:49:09.212960+00:00,2a5050e82bde33ad4eb7159e7b9a12814e3ee9168263c9933f7fdc0a6a7f16d6,,UNVERIFIED
EP-08,Forced Departure,00:09:09,549,849374,https://animehistory.org/uploads/screencaps/outlaw-star-E008-Forced-Departure/cap_00-09-09_499b.jpg,Outlaw Star Ep 8: Forced Departure @ 00:09:09,https://animehistory.org/gallery/screencaps/outlaw-star/episode-8/,https://animehistory.org/gallery/screencaps/outlaw-star/episode-8/?page=2,2,2026-10-07T01:49:09.212960+00:00,2a5050e82bde33ad4eb7159e7b9a12814e3ee9168263c9933f7fdc0a6a7f16d6,,UNVERIFIED
EP-08,Forced Departure,00:09:13,553,849375,https://animehistory.org/uploads/screencaps/outlaw-star-E008-Forced-Departure/cap_00-09-13_4132.jpg,Outlaw Star Ep 8: Forced Departure @ 00:09:13,https://animehistory.org/gallery/screencaps/outlaw-star/episode-8/,https://animehistory.org/gallery/screencaps/outlaw-star/episode-8/?page=2,2,2026-10-07T01:49:09.212960+00:00,2a5050e82bde33ad4eb7159e7b9a12814e3ee9168263c9933f7fdc0a6a7f16d6,,UNVERIFIED
EP-08,Forced Departure,00:09:17,557,849376,https://animehistory.org/uploads/screencaps/outlaw-star-E008-Forced-Departure/cap_00-09-17_76e5.jpg,Outlaw Star Ep 8: Forced Departure @ 00:09:17,https://animehistory.org/gallery/screencaps/outlaw-star/episode-8/,https://animehistory.org/gallery/screencaps/outlaw-star/episode-8/?page=2,2,2026-10-07T01:49:09.212960+00:00,2a5050e82bde33ad4eb7159e7b9a12814e3ee9168263c9933f7fdc0a6a7f16d6,,UNVERIFIED
EP-08,Forced Departure,00:09:20,560,849377,https://animehistory.org/uploads/screencaps/outlaw-star-E008-Forced-Departure/cap_00-09-20_2dc3.jpg,Outlaw Star Ep 8: Forced Departure @ 00:09:20,https://animehistory.org/gallery/screencaps/outlaw-star/episode-8/,https://animehistory.org/gallery/screencaps/outlaw-star/episode-8/?page=2,2,2026-10-07T01:49:09.212960+00:00,2a5050e82bde33ad4eb7159e7b9a12814e3ee9168263c9933f7fdc0a6a7f16d6,,UNVERIFIED
EP-08,Forced Departure,00:09:24,564,849378,https://animehistory.org/uploads/screencaps/outlaw-star-E008-Forced-Departure/cap_00-09-24_278d.jpg,Outlaw Star Ep 8: Forced Departure @ 00:09:24,https://animehistory.org/gallery/screencaps/outlaw-star/episode-8/,https://animehistory.org/gallery/screencaps/outlaw-star/episode-8/?page=2,2,2026-10-07T01:49:09.212960+00:00,2a5050e82bde33ad4eb7159e7b9a12814e3ee9168263c9933f7fdc0a6a7f16d6,,UNVERIFIED
EP-08,Forced Departure,00:09:28,568,849379,https://animehistory.org/uploads/screencaps/outlaw-star-E008-Forced-Departure/cap_00-09-28_1a84.jpg,Outlaw Star Ep 8: Forced Departure @ 00:09:28,https://animehistory.org/gallery/screencaps/outlaw-star/episode-8/,https://animehistory.org/gallery/screencaps/outlaw-star/episode-8/?page=2,2,2026-10-07T01:49:09.212960+00:00,2a5050e82bde33ad4eb7159e7b9a12814e3ee9168263c9933f7fdc0a6a7f16d6,,UNVERIFIED
EP-08,Forced Departure,00:09:31,571,849380,https://animehistory.org/uploads/screencaps/outlaw-star-E008-Forced-Departure/cap_00-09-31_4012.jpg,Outlaw Star Ep 8: Forced Departure @ 00:09:31,https://animehistory.org/gallery/screencaps/outlaw-star/episode-8/,https://animehistory.org/gallery/screencaps/outlaw-star/episode-8/?page=2,2,2026-10-07T01:49:09.212960+00:00,2a5050e82bde33ad4eb7159e7b9a12814e3ee9168263c9933f7fdc0a6a7f16d6,,UNVERIFIED
EP-08,Forced Departure,00:09:35,575,849381,https://animehistory.org/uploads/screencaps/outlaw-star-E008-Forced-Departure/cap_00-09-35_24ba.jpg,Outlaw Star Ep 8: Forced Departure @ 00:09:35,https://animehistory.org/gallery/screencaps/outlaw-star/episode-8/,https://animehistory.org/gallery/screencaps/outlaw-star/episode-8/?page=2,2,2026-10-07T01:49:09.212960+00:00,2a5050e82bde33ad4eb7159e7b9a12814e3ee9168263c9933f7fdc0a6a7f16d6,,UNVERIFIED
EP-08,Forced Departure,00:09:38,578,849382,https://animehistory.org/uploads/screencaps/outlaw-star-E008-Forced-Departure/cap_00-09-38_2b7a.jpg,Outlaw Star Ep 8: Forced Departure @ 00:09:38,https://animehistory.org/gallery/screencaps/outlaw-star/episode-8/,https://animehistory.org/gallery/screencaps/outlaw-star/episode-8/?page=2,2,2026-10-07T01:49:09.212960+00:00,2a5050e82bde33ad4eb7159e7b9a12814e3ee9168263c9933f7fdc0a6a7f16d6,,UNVERIFIED
EP-08,Forced Departure,00:09:42,582,849383,https://animehistory.org/uploads/screencaps/outlaw-star-E008-Forced-Departure/cap_00-09-42_1b09.jpg,Outlaw Star Ep 8: Forced Departure @ 00:09:42,https://animehistory.org/gallery/screencaps/outlaw-star/episode-8/,https://animehistory.org/gallery/screencaps/outlaw-star/episode-8/?page=2,2,2026-10-07T01:49:09.212960+00:00,2a5050e82bde33ad4eb7159e7b9a12814e3ee9168263c9933f7fdc0a6a7f16d6,,UNVERIFIED
EP-08,Forced Departure,00:09:46,586,849384,https://animehistory.org/uploads/screencaps/outlaw-star-E008-Forced-Departure/cap_00-09-46_330a.jpg,Outlaw Star Ep 8: Forced Departure @ 00:09:46,https://animehistory.org/gallery/screencaps/outlaw-star/episode-8/,https://animehistory.org/gallery/screencaps/outlaw-star/episode-8/?page=2,2,2026-10-07T01:49:09.212960+00:00,2a5050e82bde33ad4eb7159e7b9a12814e3ee9168263c9933f7fdc0a6a7f16d6,,UNVERIFIED
EP-08,Forced Departure,00:09:49,589,849385,https://animehistory.org/uploads/screencaps/outlaw-star-E008-Forced-Departure/cap_00-09-49_45e1.jpg,Outlaw Star Ep 8: Forced Departure @ 00:09:49,https://animehistory.org/gallery/screencaps/outlaw-star/episode-8/,https://animehistory.org/gallery/screencaps/outlaw-star/episode-8/?page=2,2,2026-10-07T01:49:09.212960+00:00,2a5050e82bde33ad4eb7159e7b9a12814e3ee9168263c9933f7fdc0a6a7f16d6,,UNVERIFIED
EP-08,Forced Departure,00:09:53,593,849386,https://animehistory.org/uploads/screencaps/outlaw-star-E008-Forced-Departure/cap_00-09-53_1230.jpg,Outlaw Star Ep 8: Forced Departure @ 00:09:53,https://animehistory.org/gallery/screencaps/outlaw-star/episode-8/,https://animehistory.org/gallery/screencaps/outlaw-star/episode-8/?page=2,2,2026-10-07T01:49:09.212960+00:00,2a5050e82bde33ad4eb7159e7b9a12814e3ee9168263c9933f7fdc0a6a7f16d6,,UNVERIFIED
EP-08,Forced Departure,00:09:57,597,849387,https://animehistory.org/uploads/screencaps/outlaw-star-E008-Forced-Departure/cap_00-09-57_75c8.jpg,Outlaw Star Ep 8: Forced Departure @ 00:09:57,https://animehistory.org/gallery/screencaps/outlaw-star/episode-8/,https://animehistory.org/gallery/screencaps/outlaw-star/episode-8/?page=2,2,2026-10-07T01:49:09.212960+00:00,2a5050e82bde33ad4eb7159e7b9a12814e3ee9168263c9933f7fdc0a6a7f16d6,,UNVERIFIED
EP-08,Forced Departure,00:10:00,600,849388,https://animehistory.org/uploads/screencaps/outlaw-star-E008-Forced-Departure/cap_00-10-00_5a5d.jpg,Outlaw Star Ep 8: Forced Departure @ 00:10:00,https://animehistory.org/gallery/screencaps/outlaw-star/episode-8/,https://animehistory.org/gallery/screencaps/outlaw-star/episode-8/?page=2,2,2026-10-07T01:49:09.212960+00:00,2a5050e82bde33ad4eb7159e7b9a12814e3ee9168263c9933f7fdc0a6a7f16d6,,UNVERIFIED
EP-08,Forced Departure,00:10:04,604,849389,https://animehistory.org/uploads/screencaps/outlaw-star-E008-Forced-Departure/cap_00-10-04_008c.jpg,Outlaw Star Ep 8: Forced Departure @ 00:10:04,https://animehistory.org/gallery/screencaps/outlaw-star/episode-8/,https://animehistory.org/gallery/screencaps/outlaw-star/episode-8/?page=2,2,2026-10-07T01:49:09.212960+00:00,2a5050e82bde33ad4eb7159e7b9a12814e3ee9168263c9933f7fdc0a6a7f16d6,,UNVERIFIED
EP-08,Forced Departure,00:10:07,607,849390,https://animehistory.org/uploads/screencaps/outlaw-star-E008-Forced-Departure/cap_00-10-07_0188.jpg,Outlaw Star Ep 8: Forced Departure @ 00:10:07,https://animehistory.org/gallery/screencaps/outlaw-star/episode-8/,https://animehistory.org/gallery/screencaps/outlaw-star/episode-8/?page=2,2,2026-10-07T01:49:09.212960+00:00,2a5050e82bde33ad4eb7159e7b9a12814e3ee9168263c9933f7fdc0a6a7f16d6,,UNVERIFIED
EP-08,Forced Departure,00:10:11,611,849391,https://animehistory.org/uploads/screencaps/outlaw-star-E008-Forced-Departure/cap_00-10-11_5a81.jpg,Outlaw Star Ep 8: Forced Departure @ 00:10:11,https://animehistory.org/gallery/screencaps/outlaw-star/episode-8/,https://animehistory.org/gallery/screencaps/outlaw-star/episode-8/?page=2,2,2026-10-07T01:49:09.212960+00:00,2a5050e82bde33ad4eb7159e7b9a12814e3ee9168263c9933f7fdc0a6a7f16d6,,UNVERIFIED
EP-08,Forced Departure,00:10:15,615,849392,https://animehistory.org/uploads/screencaps/outlaw-star-E008-Forced-Departure/cap_00-10-15_553a.jpg,Outlaw Star Ep 8: Forced Departure @ 00:10:15,https://animehistory.org/gallery/screencaps/outlaw-star/episode-8/,https://animehistory.org/gallery/screencaps/outlaw-star/episode-8/?page=2,2,2026-10-07T01:49:09.212960+00:00,2a5050e82bde33ad4eb7159e7b9a12814e3ee9168263c9933f7fdc0a6a7f16d6,,UNVERIFIED
EP-08,Forced Departure,00:10:18,618,849393,https://animehistory.org/uploads/screencaps/outlaw-star-E008-Forced-Departure/cap_00-10-18_63fe.jpg,Outlaw Star Ep 8: Forced Departure @ 00:10:18,https://animehistory.org/gallery/screencaps/outlaw-star/episode-8/,https://animehistory.org/gallery/screencaps/outlaw-star/episode-8/?page=2,2,2026-10-07T01:49:09.212960+00:00,2a5050e82bde33ad4eb7159e7b9a12814e3ee9168263c9933f7fdc0a6a7f16d6,,UNVERIFIED
EP-08,Forced Departure,00:10:22,622,849394,https://animehistory.org/uploads/screencaps/outlaw-star-E008-Forced-Departure/cap_00-10-22_26d4.jpg,Outlaw Star Ep 8: Forced Departure @ 00:10:22,https://animehistory.org/gallery/screencaps/outlaw-star/episode-8/,https://animehistory.org/gallery/screencaps/outlaw-star/episode-8/?page=2,2,2026-10-07T01:49:09.212960+00:00,2a5050e82bde33ad4eb7159e7b9a12814e3ee9168263c9933f7fdc0a6a7f16d6,,UNVERIFIED
EP-08,Forced Departure,00:10:26,626,849395,https://animehistory.org/uploads/screencaps/outlaw-star-E008-Forced-Departure/cap_00-10-26_131e.jpg,Outlaw Star Ep 8: Forced Departure @ 00:10:26,https://animehistory.org/gallery/screencaps/outlaw-star/episode-8/,https://animehistory.org/gallery/screencaps/outlaw-star/episode-8/?page=2,2,2026-10-07T01:49:09.212960+00:00,2a5050e82bde33ad4eb7159e7b9a12814e3ee9168263c9933f7fdc0a6a7f16d6,,UNVERIFIED
EP-08,Forced Departure,00:10:29,629,849396,https://animehistory.org/uploads/screencaps/outlaw-star-E008-Forced-Departure/cap_00-10-29_5bb5.jpg,Outlaw Star Ep 8: Forced Departure @ 00:10:29,https://animehistory.org/gallery/screencaps/outlaw-star/episode-8/,https://animehistory.org/gallery/screencaps/outlaw-star/episode-8/?page=2,2,2026-10-07T01:49:09.212960+00:00,2a5050e82bde33ad4eb7159e7b9a12814e3ee9168263c9933f7fdc0a6a7f16d6,,UNVERIFIED
EP-08,Forced Departure,00:10:33,633,849397,https://animehistory.org/uploads/screencaps/outlaw-star-E008-Forced-Departure/cap_00-10-33_30e5.jpg,Outlaw Star Ep 8: Forced Departure @ 00:10:33,https://animehistory.org/gallery/screencaps/outlaw-star/episode-8/,https://animehistory.org/gallery/screencaps/outlaw-star/episode-8/?page=2,2,2026-10-07T01:49:09.212960+00:00,2a5050e82bde33ad4eb7159e7b9a12814e3ee9168263c9933f7fdc0a6a7f16d6,,UNVERIFIED
EP-08,Forced Departure,00:10:36,636,849398,https://animehistory.org/uploads/screencaps/outlaw-star-E008-Forced-Departure/cap_00-10-36_714f.jpg,Outlaw Star Ep 8: Forced Departure @ 00:10:36,https://animehistory.org/gallery/screencaps/outlaw-star/episode-8/,https://animehistory.org/gallery/screencaps/outlaw-star/episode-8/?page=2,2,2026-10-07T01:49:09.212960+00:00,2a5050e82bde33ad4eb7159e7b9a12814e3ee9168263c9933f7fdc0a6a7f16d6,,UNVERIFIED
EP-08,Forced Departure,00:10:40,640,849399,https://animehistory.org/uploads/screencaps/outlaw-star-E008-Forced-Departure/cap_00-10-40_4999.jpg,Outlaw Star Ep 8: Forced Departure @ 00:10:40,https://animehistory.org/gallery/screencaps/outlaw-star/episode-8/,https://animehistory.org/gallery/screencaps/outlaw-star/episode-8/?page=2,2,2026-10-07T01:49:09.212960+00:00,2a5050e82bde33ad4eb7159e7b9a12814e3ee9168263c9933f7fdc0a6a7f16d6,,UNVERIFIED
EP-08,Forced Departure,00:10:44,644,849400,https://animehistory.org/uploads/screencaps/outlaw-star-E008-Forced-Departure/cap_00-10-44_31ff.jpg,Outlaw Star Ep 8: Forced Departure @ 00:10:44,https://animehistory.org/gallery/screencaps/outlaw-star/episode-8/,https://animehistory.org/gallery/screencaps/outlaw-star/episode-8/?page=2,2,2026-10-07T01:49:09.212960+00:00,2a5050e82bde33ad4eb7159e7b9a12814e3ee9168263c9933f7fdc0a6a7f16d6,,UNVERIFIED
EP-08,Forced Departure,00:10:47,647,849401,https://animehistory.org/uploads/screencaps/outlaw-star-E008-Forced-Departure/cap_00-10-47_0623.jpg,Outlaw Star Ep 8: Forced Departure @ 00:10:47,https://animehistory.org/gallery/screencaps/outlaw-star/episode-8/,https://animehistory.org/gallery/screencaps/outlaw-star/episode-8/?page=2,2,2026-10-07T01:49:09.212960+00:00,2a5050e82bde33ad4eb7159e7b9a12814e3ee9168263c9933f7fdc0a6a7f16d6,,UNVERIFIED
EP-08,Forced Departure,00:10:51,651,849402,https://animehistory.org/uploads/screencaps/outlaw-star-E008-Forced-Departure/cap_00-10-51_06a8.jpg,Outlaw Star Ep 8: Forced Departure @ 00:10:51,https://animehistory.org/gallery/screencaps/outlaw-star/episode-8/,https://animehistory.org/gallery/screencaps/outlaw-star/episode-8/?page=2,2,2026-10-07T01:49:09.212960+00:00,2a5050e82bde33ad4eb7159e7b9a12814e3ee9168263c9933f7fdc0a6a7f16d6,,UNVERIFIED
EP-08,Forced Departure,00:10:55,655,849403,https://animehistory.org/uploads/screencaps/outlaw-star-E008-Forced-Departure/cap_00-10-55_2602.jpg,Outlaw Star Ep 8: Forced Departure @ 00:10:55,https://animehistory.org/gallery/screencaps/outlaw-star/episode-8/,https://animehistory.org/gallery/screencaps/outlaw-star/episode-8/?page=2,2,2026-10-07T01:49:09.212960+00:00,2a5050e82bde33ad4eb7159e7b9a12814e3ee9168263c9933f7fdc0a6a7f16d6,,UNVERIFIED
EP-08,Forced Departure,00:10:58,658,849404,https://animehistory.org/uploads/screencaps/outlaw-star-E008-Forced-Departure/cap_00-10-58_1c87.jpg,Outlaw Star Ep 8: Forced Departure @ 00:10:58,https://animehistory.org/gallery/screencaps/outlaw-star/episode-8/,https://animehistory.org/gallery/screencaps/outlaw-star/episode-8/?page=2,2,2026-10-07T01:49:09.212960+00:00,2a5050e82bde33ad4eb7159e7b9a12814e3ee9168263c9933f7fdc0a6a7f16d6,,UNVERIFIED
EP-08,Forced Departure,00:11:02,662,849405,https://animehistory.org/uploads/screencaps/outlaw-star-E008-Forced-Departure/cap_00-11-02_0dd4.jpg,Outlaw Star Ep 8: Forced Departure @ 00:11:02,https://animehistory.org/gallery/screencaps/outlaw-star/episode-8/,https://animehistory.org/gallery/screencaps/outlaw-star/episode-8/?page=2,2,2026-10-07T01:49:09.212960+00:00,2a5050e82bde33ad4eb7159e7b9a12814e3ee9168263c9933f7fdc0a6a7f16d6,,UNVERIFIED
EP-08,Forced Departure,00:11:05,665,849406,https://animehistory.org/uploads/screencaps/outlaw-star-E008-Forced-Departure/cap_00-11-05_610a.jpg,Outlaw Star Ep 8: Forced Departure @ 00:11:05,https://animehistory.org/gallery/screencaps/outlaw-star/episode-8/,https://animehistory.org/gallery/screencaps/outlaw-star/episode-8/?page=2,2,2026-10-07T01:49:09.212960+00:00,2a5050e82bde33ad4eb7159e7b9a12814e3ee9168263c9933f7fdc0a6a7f16d6,,UNVERIFIED
EP-08,Forced Departure,00:11:09,669,849407,https://animehistory.org/uploads/screencaps/outlaw-star-E008-Forced-Departure/cap_00-11-09_28b2.jpg,Outlaw Star Ep 8: Forced Departure @ 00:11:09,https://animehistory.org/gallery/screencaps/outlaw-star/episode-8/,https://animehistory.org/gallery/screencaps/outlaw-star/episode-8/?page=2,2,2026-10-07T01:49:09.212960+00:00,2a5050e82bde33ad4eb7159e7b9a12814e3ee9168263c9933f7fdc0a6a7f16d6,,UNVERIFIED
EP-08,Forced Departure,00:11:13,673,849408,https://animehistory.org/uploads/screencaps/outlaw-star-E008-Forced-Departure/cap_00-11-13_0318.jpg,Outlaw Star Ep 8: Forced Departure @ 00:11:13,https://animehistory.org/gallery/screencaps/outlaw-star/episode-8/,https://animehistory.org/gallery/screencaps/outlaw-star/episode-8/?page=2,2,2026-10-07T01:49:09.212960+00:00,2a5050e82bde33ad4eb7159e7b9a12814e3ee9168263c9933f7fdc0a6a7f16d6,,UNVERIFIED
EP-08,Forced Departure,00:11:16,676,849409,https://animehistory.org/uploads/screencaps/outlaw-star-E008-Forced-Departure/cap_00-11-16_00d3.jpg,Outlaw Star Ep 8: Forced Departure @ 00:11:16,https://animehistory.org/gallery/screencaps/outlaw-star/episode-8/,https://animehistory.org/gallery/screencaps/outlaw-star/episode-8/?page=2,2,2026-10-07T01:49:09.212960+00:00,2a5050e82bde33ad4eb7159e7b9a12814e3ee9168263c9933f7fdc0a6a7f16d6,,UNVERIFIED
EP-08,Forced Departure,00:11:20,680,849410,https://animehistory.org/uploads/screencaps/outlaw-star-E008-Forced-Departure/cap_00-11-20_64c5.jpg,Outlaw Star Ep 8: Forced Departure @ 00:11:20,https://animehistory.org/gallery/screencaps/outlaw-star/episode-8/,https://animehistory.org/gallery/screencaps/outlaw-star/episode-8/?page=2,2,2026-10-07T01:49:09.212960+00:00,2a5050e82bde33ad4eb7159e7b9a12814e3ee9168263c9933f7fdc0a6a7f16d6,,UNVERIFIED
EP-08,Forced Departure,00:11:24,684,849411,https://animehistory.org/uploads/screencaps/outlaw-star-E008-Forced-Departure/cap_00-11-24_63e6.jpg,Outlaw Star Ep 8: Forced Departure @ 00:11:24,https://animehistory.org/gallery/screencaps/outlaw-star/episode-8/,https://animehistory.org/gallery/screencaps/outlaw-star/episode-8/?page=2,2,2026-10-07T01:49:09.212960+00:00,2a5050e82bde33ad4eb7159e7b9a12814e3ee9168263c9933f7fdc0a6a7f16d6,,UNVERIFIED
EP-08,Forced Departure,00:11:27,687,849412,https://animehistory.org/uploads/screencaps/outlaw-star-E008-Forced-Departure/cap_00-11-27_1284.jpg,Outlaw Star Ep 8: Forced Departure @ 00:11:27,https://animehistory.org/gallery/screencaps/outlaw-star/episode-8/,https://animehistory.org/gallery/screencaps/outlaw-star/episode-8/?page=2,2,2026-10-07T01:49:09.212960+00:00,2a5050e82bde33ad4eb7159e7b9a12814e3ee9168263c9933f7fdc0a6a7f16d6,,UNVERIFIED
EP-08,Forced Departure,00:11:31,691,849413,https://animehistory.org/uploads/screencaps/outlaw-star-E008-Forced-Departure/cap_00-11-31_4c9d.jpg,Outlaw Star Ep 8: Forced Departure @ 00:11:31,https://animehistory.org/gallery/screencaps/outlaw-star/episode-8/,https://animehistory.org/gallery/screencaps/outlaw-star/episode-8/?page=2,2,2026-10-07T01:49:09.212960+00:00,2a5050e82bde33ad4eb7159e7b9a12814e3ee9168263c9933f7fdc0a6a7f16d6,,UNVERIFIED
EP-08,Forced Departure,00:11:35,695,849414,https://animehistory.org/uploads/screencaps/outlaw-star-E008-Forced-Departure/cap_00-11-35_22c3.jpg,Outlaw Star Ep 8: Forced Departure @ 00:11:35,https://animehistory.org/gallery/screencaps/outlaw-star/episode-8/,https://animehistory.org/gallery/screencaps/outlaw-star/episode-8/?page=2,2,2026-10-07T01:49:09.212960+00:00,2a5050e82bde33ad4eb7159e7b9a12814e3ee9168263c9933f7fdc0a6a7f16d6,,UNVERIFIED
EP-08,Forced Departure,00:11:38,698,849415,https://animehistory.org/uploads/screencaps/outlaw-star-E008-Forced-Departure/cap_00-11-38_7333.jpg,Outlaw Star Ep 8: Forced Departure @ 00:11:38,https://animehistory.org/gallery/screencaps/outlaw-star/episode-8/,https://animehistory.org/gallery/screencaps/outlaw-star/episode-8/?page=2,2,2026-10-07T01:49:09.212960+00:00,2a5050e82bde33ad4eb7159e7b9a12814e3ee9168263c9933f7fdc0a6a7f16d6,,UNVERIFIED
EP-08,Forced Departure,00:11:42,702,849416,https://animehistory.org/uploads/screencaps/outlaw-star-E008-Forced-Departure/cap_00-11-42_48f4.jpg,Outlaw Star Ep 8: Forced Departure @ 00:11:42,https://animehistory.org/gallery/screencaps/outlaw-star/episode-8/,https://animehistory.org/gallery/screencaps/outlaw-star/episode-8/?page=2,2,2026-10-07T01:49:09.212960+00:00,2a5050e82bde33ad4eb7159e7b9a12814e3ee9168263c9933f7fdc0a6a7f16d6,,UNVERIFIED
EP-08,Forced Departure,00:11:45,705,849417,https://animehistory.org/uploads/screencaps/outlaw-star-E008-Forced-Departure/cap_00-11-45_6e62.jpg,Outlaw Star Ep 8: Forced Departure @ 00:11:45,https://animehistory.org/gallery/screencaps/outlaw-star/episode-8/,https://animehistory.org/gallery/screencaps/outlaw-star/episode-8/?page=2,2,2026-10-07T01:49:09.212960+00:00,2a5050e82bde33ad4eb7159e7b9a12814e3ee9168263c9933f7fdc0a6a7f16d6,,UNVERIFIED
EP-08,Forced Departure,00:11:49,709,849418,https://animehistory.org/uploads/screencaps/outlaw-star-E008-Forced-Departure/cap_00-11-49_0800.jpg,Outlaw Star Ep 8: Forced Departure @ 00:11:49,https://animehistory.org/gallery/screencaps/outlaw-star/episode-8/,https://animehistory.org/gallery/screencaps/outlaw-star/episode-8/?page=2,2,2026-10-07T01:49:09.212960+00:00,2a5050e82bde33ad4eb7159e7b9a12814e3ee9168263c9933f7fdc0a6a7f16d6,,UNVERIFIED
EP-08,Forced Departure,00:11:53,713,849419,https://animehistory.org/uploads/screencaps/outlaw-star-E008-Forced-Departure/cap_00-11-53_066f.jpg,Outlaw Star Ep 8: Forced Departure @ 00:11:53,https://animehistory.org/gallery/screencaps/outlaw-star/episode-8/,https://animehistory.org/gallery/screencaps/outlaw-star/episode-8/?page=2,2,2026-10-07T01:49:09.212960+00:00,2a5050e82bde33ad4eb7159e7b9a12814e3ee9168263c9933f7fdc0a6a7f16d6,,UNVERIFIED
EP-08,Forced Departure,00:11:56,716,849420,https://animehistory.org/uploads/screencaps/outlaw-star-E008-Forced-Departure/cap_00-11-56_3128.jpg,Outlaw Star Ep 8: Forced Departure @ 00:11:56,https://animehistory.org/gallery/screencaps/outlaw-star/episode-8/,https://animehistory.org/gallery/screencaps/outlaw-star/episode-8/?page=2,2,2026-10-07T01:49:09.212960+00:00,2a5050e82bde33ad4eb7159e7b9a12814e3ee9168263c9933f7fdc0a6a7f16d6,,UNVERIFIED
EP-08,Forced Departure,00:12:00,720,849421,https://animehistory.org/uploads/screencaps/outlaw-star-E008-Forced-Departure/cap_00-12-00_625c.jpg,Outlaw Star Ep 8: Forced Departure @ 00:12:00,https://animehistory.org/gallery/screencaps/outlaw-star/episode-8/,https://animehistory.org/gallery/screencaps/outlaw-star/episode-8/?page=2,2,2026-10-07T01:49:09.212960+00:00,2a5050e82bde33ad4eb7159e7b9a12814e3ee9168263c9933f7fdc0a6a7f16d6,,UNVERIFIED
EP-08,Forced Departure,00:12:04,724,849422,https://animehistory.org/uploads/screencaps/outlaw-star-E008-Forced-Departure/cap_00-12-04_1547.jpg,Outlaw Star Ep 8: Forced Departure @ 00:12:04,https://animehistory.org/gallery/screencaps/outlaw-star/episode-8/,https://animehistory.org/gallery/screencaps/outlaw-star/episode-8/?page=2,2,2026-10-07T01:49:09.212960+00:00,2a5050e82bde33ad4eb7159e7b9a12814e3ee9168263c9933f7fdc0a6a7f16d6,,UNVERIFIED
EP-08,Forced Departure,00:12:07,727,849423,https://animehistory.org/uploads/screencaps/outlaw-star-E008-Forced-Departure/cap_00-12-07_0f80.jpg,Outlaw Star Ep 8: Forced Departure @ 00:12:07,https://animehistory.org/gallery/screencaps/outlaw-star/episode-8/,https://animehistory.org/gallery/screencaps/outlaw-star/episode-8/?page=2,2,2026-10-07T01:49:09.212960+00:00,2a5050e82bde33ad4eb7159e7b9a12814e3ee9168263c9933f7fdc0a6a7f16d6,,UNVERIFIED
EP-08,Forced Departure,00:12:11,731,849424,https://animehistory.org/uploads/screencaps/outlaw-star-E008-Forced-Departure/cap_00-12-11_1a02.jpg,Outlaw Star Ep 8: Forced Departure @ 00:12:11,https://animehistory.org/gallery/screencaps/outlaw-star/episode-8/,https://animehistory.org/gallery/screencaps/outlaw-star/episode-8/?page=2,2,2026-10-07T01:49:09.212960+00:00,2a5050e82bde33ad4eb7159e7b9a12814e3ee9168263c9933f7fdc0a6a7f16d6,,UNVERIFIED
EP-08,Forced Departure,00:12:14,734,849425,https://animehistory.org/uploads/screencaps/outlaw-star-E008-Forced-Departure/cap_00-12-14_28ac.jpg,Outlaw Star Ep 8: Forced Departure @ 00:12:14,https://animehistory.org/gallery/screencaps/outlaw-star/episode-8/,https://animehistory.org/gallery/screencaps/outlaw-star/episode-8/?page=2,2,2026-10-07T01:49:09.212960+00:00,2a5050e82bde33ad4eb7159e7b9a12814e3ee9168263c9933f7fdc0a6a7f16d6,,UNVERIFIED
EP-08,Forced Departure,00:12:18,738,849426,https://animehistory.org/uploads/screencaps/outlaw-star-E008-Forced-Departure/cap_00-12-18_710d.jpg,Outlaw Star Ep 8: Forced Departure @ 00:12:18,https://animehistory.org/gallery/screencaps/outlaw-star/episode-8/,https://animehistory.org/gallery/screencaps/outlaw-star/episode-8/?page=2,2,2026-10-07T01:49:09.212960+00:00,2a5050e82bde33ad4eb7159e7b9a12814e3ee9168263c9933f7fdc0a6a7f16d6,,UNVERIFIED
EP-08,Forced Departure,00:12:22,742,849427,https://animehistory.org/uploads/screencaps/outlaw-star-E008-Forced-Departure/cap_00-12-22_5e39.jpg,Outlaw Star Ep 8: Forced Departure @ 00:12:22,https://animehistory.org/gallery/screencaps/outlaw-star/episode-8/,https://animehistory.org/gallery/screencaps/outlaw-star/episode-8/?page=2,2,2026-10-07T01:49:09.212960+00:00,2a5050e82bde33ad4eb7159e7b9a12814e3ee9168263c9933f7fdc0a6a7f16d6,,UNVERIFIED
EP-08,Forced Departure,00:12:25,745,849428,https://animehistory.org/uploads/screencaps/outlaw-star-E008-Forced-Departure/cap_00-12-25_653a.jpg,Outlaw Star Ep 8: Forced Departure @ 00:12:25,https://animehistory.org/gallery/screencaps/outlaw-star/episode-8/,https://animehistory.org/gallery/screencaps/outlaw-star/episode-8/?page=2,2,2026-10-07T01:49:09.212960+00:00,2a5050e82bde33ad4eb7159e7b9a12814e3ee9168263c9933f7fdc0a6a7f16d6,,UNVERIFIED
EP-08,Forced Departure,00:12:29,749,849429,https://animehistory.org/uploads/screencaps/outlaw-star-E008-Forced-Departure/cap_00-12-29_00d5.jpg,Outlaw Star Ep 8: Forced Departure @ 00:12:29,https://animehistory.org/gallery/screencaps/outlaw-star/episode-8/,https://animehistory.org/gallery/screencaps/outlaw-star/episode-8/?page=2,2,2026-10-07T01:49:09.212960+00:00,2a5050e82bde33ad4eb7159e7b9a12814e3ee9168263c9933f7fdc0a6a7f16d6,,UNVERIFIED
EP-08,Forced Departure,00:12:33,753,849430,https://animehistory.org/uploads/screencaps/outlaw-star-E008-Forced-Departure/cap_00-12-33_10ad.jpg,Outlaw Star Ep 8: Forced Departure @ 00:12:33,https://animehistory.org/gallery/screencaps/outlaw-star/episode-8/,https://animehistory.org/gallery/screencaps/outlaw-star/episode-8/?page=2,2,2026-10-07T01:49:09.212960+00:00,2a5050e82bde33ad4eb7159e7b9a12814e3ee9168263c9933f7fdc0a6a7f16d6,,UNVERIFIED
EP-08,Forced Departure,00:12:36,756,849431,https://animehistory.org/uploads/screencaps/outlaw-star-E008-Forced-Departure/cap_00-12-36_1db8.jpg,Outlaw Star Ep 8: Forced Departure @ 00:12:36,https://animehistory.org/gallery/screencaps/outlaw-star/episode-8/,https://animehistory.org/gallery/screencaps/outlaw-star/episode-8/?page=2,2,2026-10-07T01:49:09.212960+00:00,2a5050e82bde33ad4eb7159e7b9a12814e3ee9168263c9933f7fdc0a6a7f16d6,,UNVERIFIED
EP-08,Forced Departure,00:12:40,760,849432,https://animehistory.org/uploads/screencaps/outlaw-star-E008-Forced-Departure/cap_00-12-40_005a.jpg,Outlaw Star Ep 8: Forced Departure @ 00:12:40,https://animehistory.org/gallery/screencaps/outlaw-star/episode-8/,https://animehistory.org/gallery/screencaps/outlaw-star/episode-8/?page=2,2,2026-10-07T01:49:09.212960+00:00,2a5050e82bde33ad4eb7159e7b9a12814e3ee9168263c9933f7fdc0a6a7f16d6,,UNVERIFIED
EP-08,Forced Departure,00:12:43,763,849433,https://animehistory.org/uploads/screencaps/outlaw-star-E008-Forced-Departure/cap_00-12-43_32fe.jpg,Outlaw Star Ep 8: Forced Departure @ 00:12:43,https://animehistory.org/gallery/screencaps/outlaw-star/episode-8/,https://animehistory.org/gallery/screencaps/outlaw-star/episode-8/?page=2,2,2026-10-07T01:49:09.212960+00:00,2a5050e82bde33ad4eb7159e7b9a12814e3ee9168263c9933f7fdc0a6a7f16d6,,UNVERIFIED
EP-08,Forced Departure,00:12:47,767,849434,https://animehistory.org/uploads/screencaps/outlaw-star-E008-Forced-Departure/cap_00-12-47_4af1.jpg,Outlaw Star Ep 8: Forced Departure @ 00:12:47,https://animehistory.org/gallery/screencaps/outlaw-star/episode-8/,https://animehistory.org/gallery/screencaps/outlaw-star/episode-8/?page=2,2,2026-10-07T01:49:09.212960+00:00,2a5050e82bde33ad4eb7159e7b9a12814e3ee9168263c9933f7fdc0a6a7f16d6,,UNVERIFIED
EP-08,Forced Departure,00:12:51,771,849435,https://animehistory.org/uploads/screencaps/outlaw-star-E008-Forced-Departure/cap_00-12-51_70d4.jpg,Outlaw Star Ep 8: Forced Departure @ 00:12:51,https://animehistory.org/gallery/screencaps/outlaw-star/episode-8/,https://animehistory.org/gallery/screencaps/outlaw-star/episode-8/?page=2,2,2026-10-07T01:49:09.212960+00:00,2a5050e82bde33ad4eb7159e7b9a12814e3ee9168263c9933f7fdc0a6a7f16d6,,UNVERIFIED
EP-08,Forced Departure,00:12:54,774,849436,https://animehistory.org/uploads/screencaps/outlaw-star-E008-Forced-Departure/cap_00-12-54_3230.jpg,Outlaw Star Ep 8: Forced Departure @ 00:12:54,https://animehistory.org/gallery/screencaps/outlaw-star/episode-8/,https://animehistory.org/gallery/screencaps/outlaw-star/episode-8/?page=2,2,2026-10-07T01:49:09.212960+00:00,2a5050e82bde33ad4eb7159e7b9a12814e3ee9168263c9933f7fdc0a6a7f16d6,,UNVERIFIED
EP-08,Forced Departure,00:12:58,778,849437,https://animehistory.org/uploads/screencaps/outlaw-star-E008-Forced-Departure/cap_00-12-58_2200.jpg,Outlaw Star Ep 8: Forced Departure @ 00:12:58,https://animehistory.org/gallery/screencaps/outlaw-star/episode-8/,https://animehistory.org/gallery/screencaps/outlaw-star/episode-8/?page=2,2,2026-10-07T01:49:09.212960+00:00,2a5050e82bde33ad4eb7159e7b9a12814e3ee9168263c9933f7fdc0a6a7f16d6,,UNVERIFIED
EP-08,Forced Departure,00:13:02,782,849438,https://animehistory.org/uploads/screencaps/outlaw-star-E008-Forced-Departure/cap_00-13-02_705f.jpg,Outlaw Star Ep 8: Forced Departure @ 00:13:02,https://animehistory.org/gallery/screencaps/outlaw-star/episode-8/,https://animehistory.org/gallery/screencaps/outlaw-star/episode-8/?page=2,2,2026-10-07T01:49:09.212960+00:00,2a5050e82bde33ad4eb7159e7b9a12814e3ee9168263c9933f7fdc0a6a7f16d6,,UNVERIFIED
EP-08,Forced Departure,00:13:05,785,849439,https://animehistory.org/uploads/screencaps/outlaw-star-E008-Forced-Departure/cap_00-13-05_2220.jpg,Outlaw Star Ep 8: Forced Departure @ 00:13:05,https://animehistory.org/gallery/screencaps/outlaw-star/episode-8/,https://animehistory.org/gallery/screencaps/outlaw-star/episode-8/?page=2,2,2026-10-07T01:49:09.212960+00:00,2a5050e82bde33ad4eb7159e7b9a12814e3ee9168263c9933f7fdc0a6a7f16d6,,UNVERIFIED
EP-08,Forced Departure,00:13:09,789,849440,https://animehistory.org/uploads/screencaps/outlaw-star-E008-Forced-Departure/cap_00-13-09_66c4.jpg,Outlaw Star Ep 8: Forced Departure @ 00:13:09,https://animehistory.org/gallery/screencaps/outlaw-star/episode-8/,https://animehistory.org/gallery/screencaps/outlaw-star/episode-8/?page=2,2,2026-10-07T01:49:09.212960+00:00,2a5050e82bde33ad4eb7159e7b9a12814e3ee9168263c9933f7fdc0a6a7f16d6,,UNVERIFIED
EP-08,Forced Departure,00:13:12,792,849441,https://animehistory.org/uploads/screencaps/outlaw-star-E008-Forced-Departure/cap_00-13-12_17d9.jpg,Outlaw Star Ep 8: Forced Departure @ 00:13:12,https://animehistory.org/gallery/screencaps/outlaw-star/episode-8/,https://animehistory.org/gallery/screencaps/outlaw-star/episode-8/?page=2,2,2026-10-07T01:49:09.212960+00:00,2a5050e82bde33ad4eb7159e7b9a12814e3ee9168263c9933f7fdc0a6a7f16d6,,UNVERIFIED
EP-08,Forced Departure,00:13:16,796,849442,https://animehistory.org/uploads/screencaps/outlaw-star-E008-Forced-Departure/cap_00-13-16_59b8.jpg,Outlaw Star Ep 8: Forced Departure @ 00:13:16,https://animehistory.org/gallery/screencaps/outlaw-star/episode-8/,https://animehistory.org/gallery/screencaps/outlaw-star/episode-8/?page=2,2,2026-10-07T01:49:09.212960+00:00,2a5050e82bde33ad4eb7159e7b9a12814e3ee9168263c9933f7fdc0a6a7f16d6,,UNVERIFIED
EP-08,Forced Departure,00:13:20,800,849443,https://animehistory.org/uploads/screencaps/outlaw-star-E008-Forced-Departure/cap_00-13-20_263a.jpg,Outlaw Star Ep 8: Forced Departure @ 00:13:20,https://animehistory.org/gallery/screencaps/outlaw-star/episode-8/,https://animehistory.org/gallery/screencaps/outlaw-star/episode-8/?page=2,2,2026-10-07T01:49:09.212960+00:00,2a5050e82bde33ad4eb7159e7b9a12814e3ee9168263c9933f7fdc0a6a7f16d6,,UNVERIFIED
EP-08,Forced Departure,00:13:23,803,849444,https://animehistory.org/uploads/screencaps/outlaw-star-E008-Forced-Departure/cap_00-13-23_175d.jpg,Outlaw Star Ep 8: Forced Departure @ 00:13:23,https://animehistory.org/gallery/screencaps/outlaw-star/episode-8/,https://animehistory.org/gallery/screencaps/outlaw-star/episode-8/?page=2,2,2026-10-07T01:49:09.212960+00:00,2a5050e82bde33ad4eb7159e7b9a12814e3ee9168263c9933f7fdc0a6a7f16d6,,UNVERIFIED
EP-08,Forced Departure,00:13:27,807,849445,https://animehistory.org/uploads/screencaps/outlaw-star-E008-Forced-Departure/cap_00-13-27_18a3.jpg,Outlaw Star Ep 8: Forced Departure @ 00:13:27,https://animehistory.org/gallery/screencaps/outlaw-star/episode-8/,https://animehistory.org/gallery/screencaps/outlaw-star/episode-8/?page=2,2,2026-10-07T01:49:09.212960+00:00,2a5050e82bde33ad4eb7159e7b9a12814e3ee9168263c9933f7fdc0a6a7f16d6,,UNVERIFIED
EP-08,Forced Departure,00:13:31,811,849446,https://animehistory.org/uploads/screencaps/outlaw-star-E008-Forced-Departure/cap_00-13-31_50f5.jpg,Outlaw Star Ep 8: Forced Departure @ 00:13:31,https://animehistory.org/gallery/screencaps/outlaw-star/episode-8/,https://animehistory.org/gallery/screencaps/outlaw-star/episode-8/?page=2,2,2026-10-07T01:49:09.212960+00:00,2a5050e82bde33ad4eb7159e7b9a12814e3ee9168263c9933f7fdc0a6a7f16d6,,UNVERIFIED
EP-08,Forced Departure,00:13:34,814,849447,https://animehistory.org/uploads/screencaps/outlaw-star-E008-Forced-Departure/cap_00-13-34_7f54.jpg,Outlaw Star Ep 8: Forced Departure @ 00:13:34,https://animehistory.org/gallery/screencaps/outlaw-star/episode-8/,https://animehistory.org/gallery/screencaps/outlaw-star/episode-8/?page=2,2,2026-10-07T01:49:09.212960+00:00,2a5050e82bde33ad4eb7159e7b9a12814e3ee9168263c9933f7fdc0a6a7f16d6,,UNVERIFIED
EP-08,Forced Departure,00:13:38,818,849448,https://animehistory.org/uploads/screencaps/outlaw-star-E008-Forced-Departure/cap_00-13-38_2ecd.jpg,Outlaw Star Ep 8: Forced Departure @ 00:13:38,https://animehistory.org/gallery/screencaps/outlaw-star/episode-8/,https://animehistory.org/gallery/screencaps/outlaw-star/episode-8/?page=2,2,2026-10-07T01:49:09.212960+00:00,2a5050e82bde33ad4eb7159e7b9a12814e3ee9168263c9933f7fdc0a6a7f16d6,,UNVERIFIED
EP-08,Forced Departure,00:13:42,822,849449,https://animehistory.org/uploads/screencaps/outlaw-star-E008-Forced-Departure/cap_00-13-42_09d1.jpg,Outlaw Star Ep 8: Forced Departure @ 00:13:42,https://animehistory.org/gallery/screencaps/outlaw-star/episode-8/,https://animehistory.org/gallery/screencaps/outlaw-star/episode-8/?page=2,2,2026-10-07T01:49:09.212960+00:00,2a5050e82bde33ad4eb7159e7b9a12814e3ee9168263c9933f7fdc0a6a7f16d6,,UNVERIFIED
EP-08,Forced Departure,00:13:45,825,849450,https://animehistory.org/uploads/screencaps/outlaw-star-E008-Forced-Departure/cap_00-13-45_08eb.jpg,Outlaw Star Ep 8: Forced Departure @ 00:13:45,https://animehistory.org/gallery/screencaps/outlaw-star/episode-8/,https://animehistory.org/gallery/screencaps/outlaw-star/episode-8/?page=2,2,2026-10-07T01:49:09.212960+00:00,2a5050e82bde33ad4eb7159e7b9a12814e3ee9168263c9933f7fdc0a6a7f16d6,,UNVERIFIED
EP-08,Forced Departure,00:13:49,829,849451,https://animehistory.org/uploads/screencaps/outlaw-star-E008-Forced-Departure/cap_00-13-49_1e3c.jpg,Outlaw Star Ep 8: Forced Departure @ 00:13:49,https://animehistory.org/gallery/screencaps/outlaw-star/episode-8/,https://animehistory.org/gallery/screencaps/outlaw-star/episode-8/?page=3,3,2026-10-07T01:49:10.621857+00:00,d91efe89f38903d5f39c0c821e5fb3636e7177618bed3c2eb2f86b8253a5e296,,UNVERIFIED
EP-08,Forced Departure,00:13:52,832,849452,https://animehistory.org/uploads/screencaps/outlaw-star-E008-Forced-Departure/cap_00-13-52_4b60.jpg,Outlaw Star Ep 8: Forced Departure @ 00:13:52,https://animehistory.org/gallery/screencaps/outlaw-star/episode-8/,https://animehistory.org/gallery/screencaps/outlaw-star/episode-8/?page=3,3,2026-10-07T01:49:10.621857+00:00,d91efe89f38903d5f39c0c821e5fb3636e7177618bed3c2eb2f86b8253a5e296,,UNVERIFIED
EP-08,Forced Departure,00:13:56,836,849453,https://animehistory.org/uploads/screencaps/outlaw-star-E008-Forced-Departure/cap_00-13-56_4eaa.jpg,Outlaw Star Ep 8: Forced Departure @ 00:13:56,https://animehistory.org/gallery/screencaps/outlaw-star/episode-8/,https://animehistory.org/gallery/screencaps/outlaw-star/episode-8/?page=3,3,2026-10-07T01:49:10.621857+00:00,d91efe89f38903d5f39c0c821e5fb3636e7177618bed3c2eb2f86b8253a5e296,,UNVERIFIED
EP-08,Forced Departure,00:14:00,840,849454,https://animehistory.org/uploads/screencaps/outlaw-star-E008-Forced-Departure/cap_00-14-00_6bf5.jpg,Outlaw Star Ep 8: Forced Departure @ 00:14:00,https://animehistory.org/gallery/screencaps/outlaw-star/episode-8/,https://animehistory.org/gallery/screencaps/outlaw-star/episode-8/?page=3,3,2026-10-07T01:49:10.621857+00:00,d91efe89f38903d5f39c0c821e5fb3636e7177618bed3c2eb2f86b8253a5e296,,UNVERIFIED
EP-08,Forced Departure,00:14:03,843,849455,https://animehistory.org/uploads/screencaps/outlaw-star-E008-Forced-Departure/cap_00-14-03_6efc.jpg,Outlaw Star Ep 8: Forced Departure @ 00:14:03,https://animehistory.org/gallery/screencaps/outlaw-star/episode-8/,https://animehistory.org/gallery/screencaps/outlaw-star/episode-8/?page=3,3,2026-10-07T01:49:10.621857+00:00,d91efe89f38903d5f39c0c821e5fb3636e7177618bed3c2eb2f86b8253a5e296,,UNVERIFIED
EP-08,Forced Departure,00:14:07,847,849456,https://animehistory.org/uploads/screencaps/outlaw-star-E008-Forced-Departure/cap_00-14-07_144f.jpg,Outlaw Star Ep 8: Forced Departure @ 00:14:07,https://animehistory.org/gallery/screencaps/outlaw-star/episode-8/,https://animehistory.org/gallery/screencaps/outlaw-star/episode-8/?page=3,3,2026-10-07T01:49:10.621857+00:00,d91efe89f38903d5f39c0c821e5fb3636e7177618bed3c2eb2f86b8253a5e296,,UNVERIFIED
EP-08,Forced Departure,00:14:11,851,849457,https://animehistory.org/uploads/screencaps/outlaw-star-E008-Forced-Departure/cap_00-14-11_3fdf.jpg,Outlaw Star Ep 8: Forced Departure @ 00:14:11,https://animehistory.org/gallery/screencaps/outlaw-star/episode-8/,https://animehistory.org/gallery/screencaps/outlaw-star/episode-8/?page=3,3,2026-10-07T01:49:10.621857+00:00,d91efe89f38903d5f39c0c821e5fb3636e7177618bed3c2eb2f86b8253a5e296,,UNVERIFIED
EP-08,Forced Departure,00:14:14,854,849458,https://animehistory.org/uploads/screencaps/outlaw-star-E008-Forced-Departure/cap_00-14-14_476c.jpg,Outlaw Star Ep 8: Forced Departure @ 00:14:14,https://animehistory.org/gallery/screencaps/outlaw-star/episode-8/,https://animehistory.org/gallery/screencaps/outlaw-star/episode-8/?page=3,3,2026-10-07T01:49:10.621857+00:00,d91efe89f38903d5f39c0c821e5fb3636e7177618bed3c2eb2f86b8253a5e296,,UNVERIFIED
EP-08,Forced Departure,00:14:18,858,849459,https://animehistory.org/uploads/screencaps/outlaw-star-E008-Forced-Departure/cap_00-14-18_6ab4.jpg,Outlaw Star Ep 8: Forced Departure @ 00:14:18,https://animehistory.org/gallery/screencaps/outlaw-star/episode-8/,https://animehistory.org/gallery/screencaps/outlaw-star/episode-8/?page=3,3,2026-10-07T01:49:10.621857+00:00,d91efe89f38903d5f39c0c821e5fb3636e7177618bed3c2eb2f86b8253a5e296,,UNVERIFIED
EP-08,Forced Departure,00:14:21,861,849460,https://animehistory.org/uploads/screencaps/outlaw-star-E008-Forced-Departure/cap_00-14-21_1529.jpg,Outlaw Star Ep 8: Forced Departure @ 00:14:21,https://animehistory.org/gallery/screencaps/outlaw-star/episode-8/,https://animehistory.org/gallery/screencaps/outlaw-star/episode-8/?page=3,3,2026-10-07T01:49:10.621857+00:00,d91efe89f38903d5f39c0c821e5fb3636e7177618bed3c2eb2f86b8253a5e296,,UNVERIFIED
EP-08,Forced Departure,00:14:25,865,849461,https://animehistory.org/uploads/screencaps/outlaw-star-E008-Forced-Departure/cap_00-14-25_6ba3.jpg,Outlaw Star Ep 8: Forced Departure @ 00:14:25,https://animehistory.org/gallery/screencaps/outlaw-star/episode-8/,https://animehistory.org/gallery/screencaps/outlaw-star/episode-8/?page=3,3,2026-10-07T01:49:10.621857+00:00,d91efe89f38903d5f39c0c821e5fb3636e7177618bed3c2eb2f86b8253a5e296,,UNVERIFIED
EP-08,Forced Departure,00:14:29,869,849462,https://animehistory.org/uploads/screencaps/outlaw-star-E008-Forced-Departure/cap_00-14-29_2a48.jpg,Outlaw Star Ep 8: Forced Departure @ 00:14:29,https://animehistory.org/gallery/screencaps/outlaw-star/episode-8/,https://animehistory.org/gallery/screencaps/outlaw-star/episode-8/?page=3,3,2026-10-07T01:49:10.621857+00:00,d91efe89f38903d5f39c0c821e5fb3636e7177618bed3c2eb2f86b8253a5e296,,UNVERIFIED
EP-08,Forced Departure,00:14:32,872,849463,https://animehistory.org/uploads/screencaps/outlaw-star-E008-Forced-Departure/cap_00-14-32_1dd9.jpg,Outlaw Star Ep 8: Forced Departure @ 00:14:32,https://animehistory.org/gallery/screencaps/outlaw-star/episode-8/,https://animehistory.org/gallery/screencaps/outlaw-star/episode-8/?page=3,3,2026-10-07T01:49:10.621857+00:00,d91efe89f38903d5f39c0c821e5fb3636e7177618bed3c2eb2f86b8253a5e296,,UNVERIFIED
EP-08,Forced Departure,00:14:36,876,849464,https://animehistory.org/uploads/screencaps/outlaw-star-E008-Forced-Departure/cap_00-14-36_7f5c.jpg,Outlaw Star Ep 8: Forced Departure @ 00:14:36,https://animehistory.org/gallery/screencaps/outlaw-star/episode-8/,https://animehistory.org/gallery/screencaps/outlaw-star/episode-8/?page=3,3,2026-10-07T01:49:10.621857+00:00,d91efe89f38903d5f39c0c821e5fb3636e7177618bed3c2eb2f86b8253a5e296,,UNVERIFIED
EP-08,Forced Departure,00:14:40,880,849465,https://animehistory.org/uploads/screencaps/outlaw-star-E008-Forced-Departure/cap_00-14-40_104b.jpg,Outlaw Star Ep 8: Forced Departure @ 00:14:40,https://animehistory.org/gallery/screencaps/outlaw-star/episode-8/,https://animehistory.org/gallery/screencaps/outlaw-star/episode-8/?page=3,3,2026-10-07T01:49:10.621857+00:00,d91efe89f38903d5f39c0c821e5fb3636e7177618bed3c2eb2f86b8253a5e296,,UNVERIFIED
EP-08,Forced Departure,00:14:43,883,849466,https://animehistory.org/uploads/screencaps/outlaw-star-E008-Forced-Departure/cap_00-14-43_2461.jpg,Outlaw Star Ep 8: Forced Departure @ 00:14:43,https://animehistory.org/gallery/screencaps/outlaw-star/episode-8/,https://animehistory.org/gallery/screencaps/outlaw-star/episode-8/?page=3,3,2026-10-07T01:49:10.621857+00:00,d91efe89f38903d5f39c0c821e5fb3636e7177618bed3c2eb2f86b8253a5e296,,UNVERIFIED
EP-08,Forced Departure,00:14:47,887,849467,https://animehistory.org/uploads/screencaps/outlaw-star-E008-Forced-Departure/cap_00-14-47_0151.jpg,Outlaw Star Ep 8: Forced Departure @ 00:14:47,https://animehistory.org/gallery/screencaps/outlaw-star/episode-8/,https://animehistory.org/gallery/screencaps/outlaw-star/episode-8/?page=3,3,2026-10-07T01:49:10.621857+00:00,d91efe89f38903d5f39c0c821e5fb3636e7177618bed3c2eb2f86b8253a5e296,,UNVERIFIED
EP-08,Forced Departure,00:14:50,890,849468,https://animehistory.org/uploads/screencaps/outlaw-star-E008-Forced-Departure/cap_00-14-50_7c43.jpg,Outlaw Star Ep 8: Forced Departure @ 00:14:50,https://animehistory.org/gallery/screencaps/outlaw-star/episode-8/,https://animehistory.org/gallery/screencaps/outlaw-star/episode-8/?page=3,3,2026-10-07T01:49:10.621857+00:00,d91efe89f38903d5f39c0c821e5fb3636e7177618bed3c2eb2f86b8253a5e296,,UNVERIFIED
EP-08,Forced Departure,00:14:54,894,849469,https://animehistory.org/uploads/screencaps/outlaw-star-E008-Forced-Departure/cap_00-14-54_6f29.jpg,Outlaw Star Ep 8: Forced Departure @ 00:14:54,https://animehistory.org/gallery/screencaps/outlaw-star/episode-8/,https://animehistory.org/gallery/screencaps/outlaw-star/episode-8/?page=3,3,2026-10-07T01:49:10.621857+00:00,d91efe89f38903d5f39c0c821e5fb3636e7177618bed3c2eb2f86b8253a5e296,,UNVERIFIED
EP-08,Forced Departure,00:14:58,898,849470,https://animehistory.org/uploads/screencaps/outlaw-star-E008-Forced-Departure/cap_00-14-58_1796.jpg,Outlaw Star Ep 8: Forced Departure @ 00:14:58,https://animehistory.org/gallery/screencaps/outlaw-star/episode-8/,https://animehistory.org/gallery/screencaps/outlaw-star/episode-8/?page=3,3,2026-10-07T01:49:10.621857+00:00,d91efe89f38903d5f39c0c821e5fb3636e7177618bed3c2eb2f86b8253a5e296,,UNVERIFIED
EP-08,Forced Departure,00:15:01,901,849471,https://animehistory.org/uploads/screencaps/outlaw-star-E008-Forced-Departure/cap_00-15-01_3d38.jpg,Outlaw Star Ep 8: Forced Departure @ 00:15:01,https://animehistory.org/gallery/screencaps/outlaw-star/episode-8/,https://animehistory.org/gallery/screencaps/outlaw-star/episode-8/?page=3,3,2026-10-07T01:49:10.621857+00:00,d91efe89f38903d5f39c0c821e5fb3636e7177618bed3c2eb2f86b8253a5e296,,UNVERIFIED
EP-08,Forced Departure,00:15:05,905,849472,https://animehistory.org/uploads/screencaps/outlaw-star-E008-Forced-Departure/cap_00-15-05_6d2b.jpg,Outlaw Star Ep 8: Forced Departure @ 00:15:05,https://animehistory.org/gallery/screencaps/outlaw-star/episode-8/,https://animehistory.org/gallery/screencaps/outlaw-star/episode-8/?page=3,3,2026-10-07T01:49:10.621857+00:00,d91efe89f38903d5f39c0c821e5fb3636e7177618bed3c2eb2f86b8253a5e296,,UNVERIFIED
EP-08,Forced Departure,00:15:09,909,849473,https://animehistory.org/uploads/screencaps/outlaw-star-E008-Forced-Departure/cap_00-15-09_082f.jpg,Outlaw Star Ep 8: Forced Departure @ 00:15:09,https://animehistory.org/gallery/screencaps/outlaw-star/episode-8/,https://animehistory.org/gallery/screencaps/outlaw-star/episode-8/?page=3,3,2026-10-07T01:49:10.621857+00:00,d91efe89f38903d5f39c0c821e5fb3636e7177618bed3c2eb2f86b8253a5e296,,UNVERIFIED
EP-08,Forced Departure,00:15:12,912,849474,https://animehistory.org/uploads/screencaps/outlaw-star-E008-Forced-Departure/cap_00-15-12_7f8c.jpg,Outlaw Star Ep 8: Forced Departure @ 00:15:12,https://animehistory.org/gallery/screencaps/outlaw-star/episode-8/,https://animehistory.org/gallery/screencaps/outlaw-star/episode-8/?page=3,3,2026-10-07T01:49:10.621857+00:00,d91efe89f38903d5f39c0c821e5fb3636e7177618bed3c2eb2f86b8253a5e296,,UNVERIFIED
EP-08,Forced Departure,00:15:16,916,849475,https://animehistory.org/uploads/screencaps/outlaw-star-E008-Forced-Departure/cap_00-15-16_33b6.jpg,Outlaw Star Ep 8: Forced Departure @ 00:15:16,https://animehistory.org/gallery/screencaps/outlaw-star/episode-8/,https://animehistory.org/gallery/screencaps/outlaw-star/episode-8/?page=3,3,2026-10-07T01:49:10.621857+00:00,d91efe89f38903d5f39c0c821e5fb3636e7177618bed3c2eb2f86b8253a5e296,,UNVERIFIED
EP-08,Forced Departure,00:15:19,919,849476,https://animehistory.org/uploads/screencaps/outlaw-star-E008-Forced-Departure/cap_00-15-19_40ed.jpg,Outlaw Star Ep 8: Forced Departure @ 00:15:19,https://animehistory.org/gallery/screencaps/outlaw-star/episode-8/,https://animehistory.org/gallery/screencaps/outlaw-star/episode-8/?page=3,3,2026-10-07T01:49:10.621857+00:00,d91efe89f38903d5f39c0c821e5fb3636e7177618bed3c2eb2f86b8253a5e296,,UNVERIFIED
EP-08,Forced Departure,00:15:23,923,849477,https://animehistory.org/uploads/screencaps/outlaw-star-E008-Forced-Departure/cap_00-15-23_39f5.jpg,Outlaw Star Ep 8: Forced Departure @ 00:15:23,https://animehistory.org/gallery/screencaps/outlaw-star/episode-8/,https://animehistory.org/gallery/screencaps/outlaw-star/episode-8/?page=3,3,2026-10-07T01:49:10.621857+00:00,d91efe89f38903d5f39c0c821e5fb3636e7177618bed3c2eb2f86b8253a5e296,,UNVERIFIED
EP-08,Forced Departure,00:15:27,927,849478,https://animehistory.org/uploads/screencaps/outlaw-star-E008-Forced-Departure/cap_00-15-27_22d3.jpg,Outlaw Star Ep 8: Forced Departure @ 00:15:27,https://animehistory.org/gallery/screencaps/outlaw-star/episode-8/,https://animehistory.org/gallery/screencaps/outlaw-star/episode-8/?page=3,3,2026-10-07T01:49:10.621857+00:00,d91efe89f38903d5f39c0c821e5fb3636e7177618bed3c2eb2f86b8253a5e296,,UNVERIFIED
EP-08,Forced Departure,00:15:30,930,849479,https://animehistory.org/uploads/screencaps/outlaw-star-E008-Forced-Departure/cap_00-15-30_0902.jpg,Outlaw Star Ep 8: Forced Departure @ 00:15:30,https://animehistory.org/gallery/screencaps/outlaw-star/episode-8/,https://animehistory.org/gallery/screencaps/outlaw-star/episode-8/?page=3,3,2026-10-07T01:49:10.621857+00:00,d91efe89f38903d5f39c0c821e5fb3636e7177618bed3c2eb2f86b8253a5e296,,UNVERIFIED
EP-08,Forced Departure,00:15:34,934,849480,https://animehistory.org/uploads/screencaps/outlaw-star-E008-Forced-Departure/cap_00-15-34_2dec.jpg,Outlaw Star Ep 8: Forced Departure @ 00:15:34,https://animehistory.org/gallery/screencaps/outlaw-star/episode-8/,https://animehistory.org/gallery/screencaps/outlaw-star/episode-8/?page=3,3,2026-10-07T01:49:10.621857+00:00,d91efe89f38903d5f39c0c821e5fb3636e7177618bed3c2eb2f86b8253a5e296,,UNVERIFIED
EP-08,Forced Departure,00:15:38,938,849481,https://animehistory.org/uploads/screencaps/outlaw-star-E008-Forced-Departure/cap_00-15-38_1920.jpg,Outlaw Star Ep 8: Forced Departure @ 00:15:38,https://animehistory.org/gallery/screencaps/outlaw-star/episode-8/,https://animehistory.org/gallery/screencaps/outlaw-star/episode-8/?page=3,3,2026-10-07T01:49:10.621857+00:00,d91efe89f38903d5f39c0c821e5fb3636e7177618bed3c2eb2f86b8253a5e296,,UNVERIFIED
EP-08,Forced Departure,00:15:41,941,849482,https://animehistory.org/uploads/screencaps/outlaw-star-E008-Forced-Departure/cap_00-15-41_497d.jpg,Outlaw Star Ep 8: Forced Departure @ 00:15:41,https://animehistory.org/gallery/screencaps/outlaw-star/episode-8/,https://animehistory.org/gallery/screencaps/outlaw-star/episode-8/?page=3,3,2026-10-07T01:49:10.621857+00:00,d91efe89f38903d5f39c0c821e5fb3636e7177618bed3c2eb2f86b8253a5e296,,UNVERIFIED
EP-08,Forced Departure,00:15:45,945,849483,https://animehistory.org/uploads/screencaps/outlaw-star-E008-Forced-Departure/cap_00-15-45_7170.jpg,Outlaw Star Ep 8: Forced Departure @ 00:15:45,https://animehistory.org/gallery/screencaps/outlaw-star/episode-8/,https://animehistory.org/gallery/screencaps/outlaw-star/episode-8/?page=3,3,2026-10-07T01:49:10.621857+00:00,d91efe89f38903d5f39c0c821e5fb3636e7177618bed3c2eb2f86b8253a5e296,,UNVERIFIED
EP-08,Forced Departure,00:15:48,948,849484,https://animehistory.org/uploads/screencaps/outlaw-star-E008-Forced-Departure/cap_00-15-48_191f.jpg,Outlaw Star Ep 8: Forced Departure @ 00:15:48,https://animehistory.org/gallery/screencaps/outlaw-star/episode-8/,https://animehistory.org/gallery/screencaps/outlaw-star/episode-8/?page=3,3,2026-10-07T01:49:10.621857+00:00,d91efe89f38903d5f39c0c821e5fb3636e7177618bed3c2eb2f86b8253a5e296,,UNVERIFIED
EP-08,Forced Departure,00:15:52,952,849485,https://animehistory.org/uploads/screencaps/outlaw-star-E008-Forced-Departure/cap_00-15-52_116a.jpg,Outlaw Star Ep 8: Forced Departure @ 00:15:52,https://animehistory.org/gallery/screencaps/outlaw-star/episode-8/,https://animehistory.org/gallery/screencaps/outlaw-star/episode-8/?page=3,3,2026-10-07T01:49:10.621857+00:00,d91efe89f38903d5f39c0c821e5fb3636e7177618bed3c2eb2f86b8253a5e296,,UNVERIFIED
EP-08,Forced Departure,00:15:56,956,849486,https://animehistory.org/uploads/screencaps/outlaw-star-E008-Forced-Departure/cap_00-15-56_188f.jpg,Outlaw Star Ep 8: Forced Departure @ 00:15:56,https://animehistory.org/gallery/screencaps/outlaw-star/episode-8/,https://animehistory.org/gallery/screencaps/outlaw-star/episode-8/?page=3,3,2026-10-07T01:49:10.621857+00:00,d91efe89f38903d5f39c0c821e5fb3636e7177618bed3c2eb2f86b8253a5e296,,UNVERIFIED
EP-08,Forced Departure,00:15:59,959,849487,https://animehistory.org/uploads/screencaps/outlaw-star-E008-Forced-Departure/cap_00-15-59_72a8.jpg,Outlaw Star Ep 8: Forced Departure @ 00:15:59,https://animehistory.org/gallery/screencaps/outlaw-star/episode-8/,https://animehistory.org/gallery/screencaps/outlaw-star/episode-8/?page=3,3,2026-10-07T01:49:10.621857+00:00,d91efe89f38903d5f39c0c821e5fb3636e7177618bed3c2eb2f86b8253a5e296,,UNVERIFIED
EP-08,Forced Departure,00:16:03,963,849488,https://animehistory.org/uploads/screencaps/outlaw-star-E008-Forced-Departure/cap_00-16-03_10fa.jpg,Outlaw Star Ep 8: Forced Departure @ 00:16:03,https://animehistory.org/gallery/screencaps/outlaw-star/episode-8/,https://animehistory.org/gallery/screencaps/outlaw-star/episode-8/?page=3,3,2026-10-07T01:49:10.621857+00:00,d91efe89f38903d5f39c0c821e5fb3636e7177618bed3c2eb2f86b8253a5e296,,UNVERIFIED
EP-08,Forced Departure,00:16:07,967,849489,https://animehistory.org/uploads/screencaps/outlaw-star-E008-Forced-Departure/cap_00-16-07_5027.jpg,Outlaw Star Ep 8: Forced Departure @ 00:16:07,https://animehistory.org/gallery/screencaps/outlaw-star/episode-8/,https://animehistory.org/gallery/screencaps/outlaw-star/episode-8/?page=3,3,2026-10-07T01:49:10.621857+00:00,d91efe89f38903d5f39c0c821e5fb3636e7177618bed3c2eb2f86b8253a5e296,,UNVERIFIED
EP-08,Forced Departure,00:16:10,970,849490,https://animehistory.org/uploads/screencaps/outlaw-star-E008-Forced-Departure/cap_00-16-10_6bcb.jpg,Outlaw Star Ep 8: Forced Departure @ 00:16:10,https://animehistory.org/gallery/screencaps/outlaw-star/episode-8/,https://animehistory.org/gallery/screencaps/outlaw-star/episode-8/?page=3,3,2026-10-07T01:49:10.621857+00:00,d91efe89f38903d5f39c0c821e5fb3636e7177618bed3c2eb2f86b8253a5e296,,UNVERIFIED
EP-08,Forced Departure,00:16:14,974,849491,https://animehistory.org/uploads/screencaps/outlaw-star-E008-Forced-Departure/cap_00-16-14_3571.jpg,Outlaw Star Ep 8: Forced Departure @ 00:16:14,https://animehistory.org/gallery/screencaps/outlaw-star/episode-8/,https://animehistory.org/gallery/screencaps/outlaw-star/episode-8/?page=3,3,2026-10-07T01:49:10.621857+00:00,d91efe89f38903d5f39c0c821e5fb3636e7177618bed3c2eb2f86b8253a5e296,,UNVERIFIED
EP-08,Forced Departure,00:16:18,978,849492,https://animehistory.org/uploads/screencaps/outlaw-star-E008-Forced-Departure/cap_00-16-18_74c2.jpg,Outlaw Star Ep 8: Forced Departure @ 00:16:18,https://animehistory.org/gallery/screencaps/outlaw-star/episode-8/,https://animehistory.org/gallery/screencaps/outlaw-star/episode-8/?page=3,3,2026-10-07T01:49:10.621857+00:00,d91efe89f38903d5f39c0c821e5fb3636e7177618bed3c2eb2f86b8253a5e296,,UNVERIFIED
EP-08,Forced Departure,00:16:21,981,849493,https://animehistory.org/uploads/screencaps/outlaw-star-E008-Forced-Departure/cap_00-16-21_1be5.jpg,Outlaw Star Ep 8: Forced Departure @ 00:16:21,https://animehistory.org/gallery/screencaps/outlaw-star/episode-8/,https://animehistory.org/gallery/screencaps/outlaw-star/episode-8/?page=3,3,2026-10-07T01:49:10.621857+00:00,d91efe89f38903d5f39c0c821e5fb3636e7177618bed3c2eb2f86b8253a5e296,,UNVERIFIED
EP-08,Forced Departure,00:16:25,985,849494,https://animehistory.org/uploads/screencaps/outlaw-star-E008-Forced-Departure/cap_00-16-25_3718.jpg,Outlaw Star Ep 8: Forced Departure @ 00:16:25,https://animehistory.org/gallery/screencaps/outlaw-star/episode-8/,https://animehistory.org/gallery/screencaps/outlaw-star/episode-8/?page=3,3,2026-10-07T01:49:10.621857+00:00,d91efe89f38903d5f39c0c821e5fb3636e7177618bed3c2eb2f86b8253a5e296,,UNVERIFIED
EP-08,Forced Departure,00:16:28,988,849495,https://animehistory.org/uploads/screencaps/outlaw-star-E008-Forced-Departure/cap_00-16-28_1ba7.jpg,Outlaw Star Ep 8: Forced Departure @ 00:16:28,https://animehistory.org/gallery/screencaps/outlaw-star/episode-8/,https://animehistory.org/gallery/screencaps/outlaw-star/episode-8/?page=3,3,2026-10-07T01:49:10.621857+00:00,d91efe89f38903d5f39c0c821e5fb3636e7177618bed3c2eb2f86b8253a5e296,,UNVERIFIED
EP-08,Forced Departure,00:16:32,992,849496,https://animehistory.org/uploads/screencaps/outlaw-star-E008-Forced-Departure/cap_00-16-32_2089.jpg,Outlaw Star Ep 8: Forced Departure @ 00:16:32,https://animehistory.org/gallery/screencaps/outlaw-star/episode-8/,https://animehistory.org/gallery/screencaps/outlaw-star/episode-8/?page=3,3,2026-10-07T01:49:10.621857+00:00,d91efe89f38903d5f39c0c821e5fb3636e7177618bed3c2eb2f86b8253a5e296,,UNVERIFIED
EP-08,Forced Departure,00:16:36,996,849497,https://animehistory.org/uploads/screencaps/outlaw-star-E008-Forced-Departure/cap_00-16-36_7077.jpg,Outlaw Star Ep 8: Forced Departure @ 00:16:36,https://animehistory.org/gallery/screencaps/outlaw-star/episode-8/,https://animehistory.org/gallery/screencaps/outlaw-star/episode-8/?page=3,3,2026-10-07T01:49:10.621857+00:00,d91efe89f38903d5f39c0c821e5fb3636e7177618bed3c2eb2f86b8253a5e296,,UNVERIFIED
EP-08,Forced Departure,00:16:39,999,849498,https://animehistory.org/uploads/screencaps/outlaw-star-E008-Forced-Departure/cap_00-16-39_056b.jpg,Outlaw Star Ep 8: Forced Departure @ 00:16:39,https://animehistory.org/gallery/screencaps/outlaw-star/episode-8/,https://animehistory.org/gallery/screencaps/outlaw-star/episode-8/?page=3,3,2026-10-07T01:49:10.621857+00:00,d91efe89f38903d5f39c0c821e5fb3636e7177618bed3c2eb2f86b8253a5e296,,UNVERIFIED
EP-08,Forced Departure,00:16:43,1003,849499,https://animehistory.org/uploads/screencaps/outlaw-star-E008-Forced-Departure/cap_00-16-43_6247.jpg,Outlaw Star Ep 8: Forced Departure @ 00:16:43,https://animehistory.org/gallery/screencaps/outlaw-star/episode-8/,https://animehistory.org/gallery/screencaps/outlaw-star/episode-8/?page=3,3,2026-10-07T01:49:10.621857+00:00,d91efe89f38903d5f39c0c821e5fb3636e7177618bed3c2eb2f86b8253a5e296,,UNVERIFIED
EP-08,Forced Departure,00:16:47,1007,849500,https://animehistory.org/uploads/screencaps/outlaw-star-E008-Forced-Departure/cap_00-16-47_6619.jpg,Outlaw Star Ep 8: Forced Departure @ 00:16:47,https://animehistory.org/gallery/screencaps/outlaw-star/episode-8/,https://animehistory.org/gallery/screencaps/outlaw-star/episode-8/?page=3,3,2026-10-07T01:49:10.621857+00:00,d91efe89f38903d5f39c0c821e5fb3636e7177618bed3c2eb2f86b8253a5e296,,UNVERIFIED
EP-08,Forced Departure,00:16:50,1010,849501,https://animehistory.org/uploads/screencaps/outlaw-star-E008-Forced-Departure/cap_00-16-50_1975.jpg,Outlaw Star Ep 8: Forced Departure @ 00:16:50,https://animehistory.org/gallery/screencaps/outlaw-star/episode-8/,https://animehistory.org/gallery/screencaps/outlaw-star/episode-8/?page=3,3,2026-10-07T01:49:10.621857+00:00,d91efe89f38903d5f39c0c821e5fb3636e7177618bed3c2eb2f86b8253a5e296,,UNVERIFIED
EP-08,Forced Departure,00:16:54,1014,849502,https://animehistory.org/uploads/screencaps/outlaw-star-E008-Forced-Departure/cap_00-16-54_6048.jpg,Outlaw Star Ep 8: Forced Departure @ 00:16:54,https://animehistory.org/gallery/screencaps/outlaw-star/episode-8/,https://animehistory.org/gallery/screencaps/outlaw-star/episode-8/?page=3,3,2026-10-07T01:49:10.621857+00:00,d91efe89f38903d5f39c0c821e5fb3636e7177618bed3c2eb2f86b8253a5e296,,UNVERIFIED
EP-08,Forced Departure,00:16:57,1017,849503,https://animehistory.org/uploads/screencaps/outlaw-star-E008-Forced-Departure/cap_00-16-57_0d57.jpg,Outlaw Star Ep 8: Forced Departure @ 00:16:57,https://animehistory.org/gallery/screencaps/outlaw-star/episode-8/,https://animehistory.org/gallery/screencaps/outlaw-star/episode-8/?page=3,3,2026-10-07T01:49:10.621857+00:00,d91efe89f38903d5f39c0c821e5fb3636e7177618bed3c2eb2f86b8253a5e296,,UNVERIFIED
EP-08,Forced Departure,00:17:01,1021,849504,https://animehistory.org/uploads/screencaps/outlaw-star-E008-Forced-Departure/cap_00-17-01_69c1.jpg,Outlaw Star Ep 8: Forced Departure @ 00:17:01,https://animehistory.org/gallery/screencaps/outlaw-star/episode-8/,https://animehistory.org/gallery/screencaps/outlaw-star/episode-8/?page=3,3,2026-10-07T01:49:10.621857+00:00,d91efe89f38903d5f39c0c821e5fb3636e7177618bed3c2eb2f86b8253a5e296,,UNVERIFIED
EP-08,Forced Departure,00:17:05,1025,849505,https://animehistory.org/uploads/screencaps/outlaw-star-E008-Forced-Departure/cap_00-17-05_5aba.jpg,Outlaw Star Ep 8: Forced Departure @ 00:17:05,https://animehistory.org/gallery/screencaps/outlaw-star/episode-8/,https://animehistory.org/gallery/screencaps/outlaw-star/episode-8/?page=3,3,2026-10-07T01:49:10.621857+00:00,d91efe89f38903d5f39c0c821e5fb3636e7177618bed3c2eb2f86b8253a5e296,,UNVERIFIED
EP-08,Forced Departure,00:17:08,1028,849506,https://animehistory.org/uploads/screencaps/outlaw-star-E008-Forced-Departure/cap_00-17-08_2653.jpg,Outlaw Star Ep 8: Forced Departure @ 00:17:08,https://animehistory.org/gallery/screencaps/outlaw-star/episode-8/,https://animehistory.org/gallery/screencaps/outlaw-star/episode-8/?page=3,3,2026-10-07T01:49:10.621857+00:00,d91efe89f38903d5f39c0c821e5fb3636e7177618bed3c2eb2f86b8253a5e296,,UNVERIFIED
EP-08,Forced Departure,00:17:12,1032,849507,https://animehistory.org/uploads/screencaps/outlaw-star-E008-Forced-Departure/cap_00-17-12_6836.jpg,Outlaw Star Ep 8: Forced Departure @ 00:17:12,https://animehistory.org/gallery/screencaps/outlaw-star/episode-8/,https://animehistory.org/gallery/screencaps/outlaw-star/episode-8/?page=3,3,2026-10-07T01:49:10.621857+00:00,d91efe89f38903d5f39c0c821e5fb3636e7177618bed3c2eb2f86b8253a5e296,,UNVERIFIED
EP-08,Forced Departure,00:17:16,1036,849508,https://animehistory.org/uploads/screencaps/outlaw-star-E008-Forced-Departure/cap_00-17-16_3a86.jpg,Outlaw Star Ep 8: Forced Departure @ 00:17:16,https://animehistory.org/gallery/screencaps/outlaw-star/episode-8/,https://animehistory.org/gallery/screencaps/outlaw-star/episode-8/?page=3,3,2026-10-07T01:49:10.621857+00:00,d91efe89f38903d5f39c0c821e5fb3636e7177618bed3c2eb2f86b8253a5e296,,UNVERIFIED
EP-08,Forced Departure,00:17:19,1039,849509,https://animehistory.org/uploads/screencaps/outlaw-star-E008-Forced-Departure/cap_00-17-19_7263.jpg,Outlaw Star Ep 8: Forced Departure @ 00:17:19,https://animehistory.org/gallery/screencaps/outlaw-star/episode-8/,https://animehistory.org/gallery/screencaps/outlaw-star/episode-8/?page=3,3,2026-10-07T01:49:10.621857+00:00,d91efe89f38903d5f39c0c821e5fb3636e7177618bed3c2eb2f86b8253a5e296,,UNVERIFIED
EP-08,Forced Departure,00:17:23,1043,849510,https://animehistory.org/uploads/screencaps/outlaw-star-E008-Forced-Departure/cap_00-17-23_5ebb.jpg,Outlaw Star Ep 8: Forced Departure @ 00:17:23,https://animehistory.org/gallery/screencaps/outlaw-star/episode-8/,https://animehistory.org/gallery/screencaps/outlaw-star/episode-8/?page=3,3,2026-10-07T01:49:10.621857+00:00,d91efe89f38903d5f39c0c821e5fb3636e7177618bed3c2eb2f86b8253a5e296,,UNVERIFIED
EP-08,Forced Departure,00:17:26,1046,849511,https://animehistory.org/uploads/screencaps/outlaw-star-E008-Forced-Departure/cap_00-17-26_4b7a.jpg,Outlaw Star Ep 8: Forced Departure @ 00:17:26,https://animehistory.org/gallery/screencaps/outlaw-star/episode-8/,https://animehistory.org/gallery/screencaps/outlaw-star/episode-8/?page=3,3,2026-10-07T01:49:10.621857+00:00,d91efe89f38903d5f39c0c821e5fb3636e7177618bed3c2eb2f86b8253a5e296,,UNVERIFIED
EP-08,Forced Departure,00:17:30,1050,849512,https://animehistory.org/uploads/screencaps/outlaw-star-E008-Forced-Departure/cap_00-17-30_7d8b.jpg,Outlaw Star Ep 8: Forced Departure @ 00:17:30,https://animehistory.org/gallery/screencaps/outlaw-star/episode-8/,https://animehistory.org/gallery/screencaps/outlaw-star/episode-8/?page=3,3,2026-10-07T01:49:10.621857+00:00,d91efe89f38903d5f39c0c821e5fb3636e7177618bed3c2eb2f86b8253a5e296,,UNVERIFIED
EP-08,Forced Departure,00:17:34,1054,849513,https://animehistory.org/uploads/screencaps/outlaw-star-E008-Forced-Departure/cap_00-17-34_34df.jpg,Outlaw Star Ep 8: Forced Departure @ 00:17:34,https://animehistory.org/gallery/screencaps/outlaw-star/episode-8/,https://animehistory.org/gallery/screencaps/outlaw-star/episode-8/?page=3,3,2026-10-07T01:49:10.621857+00:00,d91efe89f38903d5f39c0c821e5fb3636e7177618bed3c2eb2f86b8253a5e296,,UNVERIFIED
EP-08,Forced Departure,00:17:37,1057,849514,https://animehistory.org/uploads/screencaps/outlaw-star-E008-Forced-Departure/cap_00-17-37_77be.jpg,Outlaw Star Ep 8: Forced Departure @ 00:17:37,https://animehistory.org/gallery/screencaps/outlaw-star/episode-8/,https://animehistory.org/gallery/screencaps/outlaw-star/episode-8/?page=3,3,2026-10-07T01:49:10.621857+00:00,d91efe89f38903d5f39c0c821e5fb3636e7177618bed3c2eb2f86b8253a5e296,,UNVERIFIED
EP-08,Forced Departure,00:17:41,1061,849515,https://animehistory.org/uploads/screencaps/outlaw-star-E008-Forced-Departure/cap_00-17-41_563d.jpg,Outlaw Star Ep 8: Forced Departure @ 00:17:41,https://animehistory.org/gallery/screencaps/outlaw-star/episode-8/,https://animehistory.org/gallery/screencaps/outlaw-star/episode-8/?page=3,3,2026-10-07T01:49:10.621857+00:00,d91efe89f38903d5f39c0c821e5fb3636e7177618bed3c2eb2f86b8253a5e296,,UNVERIFIED
EP-08,Forced Departure,00:17:45,1065,849516,https://animehistory.org/uploads/screencaps/outlaw-star-E008-Forced-Departure/cap_00-17-45_3a4a.jpg,Outlaw Star Ep 8: Forced Departure @ 00:17:45,https://animehistory.org/gallery/screencaps/outlaw-star/episode-8/,https://animehistory.org/gallery/screencaps/outlaw-star/episode-8/?page=3,3,2026-10-07T01:49:10.621857+00:00,d91efe89f38903d5f39c0c821e5fb3636e7177618bed3c2eb2f86b8253a5e296,,UNVERIFIED
EP-08,Forced Departure,00:17:48,1068,849517,https://animehistory.org/uploads/screencaps/outlaw-star-E008-Forced-Departure/cap_00-17-48_6ac9.jpg,Outlaw Star Ep 8: Forced Departure @ 00:17:48,https://animehistory.org/gallery/screencaps/outlaw-star/episode-8/,https://animehistory.org/gallery/screencaps/outlaw-star/episode-8/?page=3,3,2026-10-07T01:49:10.621857+00:00,d91efe89f38903d5f39c0c821e5fb3636e7177618bed3c2eb2f86b8253a5e296,,UNVERIFIED
EP-08,Forced Departure,00:17:52,1072,849518,https://animehistory.org/uploads/screencaps/outlaw-star-E008-Forced-Departure/cap_00-17-52_0f36.jpg,Outlaw Star Ep 8: Forced Departure @ 00:17:52,https://animehistory.org/gallery/screencaps/outlaw-star/episode-8/,https://animehistory.org/gallery/screencaps/outlaw-star/episode-8/?page=3,3,2026-10-07T01:49:10.621857+00:00,d91efe89f38903d5f39c0c821e5fb3636e7177618bed3c2eb2f86b8253a5e296,,UNVERIFIED
EP-08,Forced Departure,00:17:55,1075,849519,https://animehistory.org/uploads/screencaps/outlaw-star-E008-Forced-Departure/cap_00-17-55_7850.jpg,Outlaw Star Ep 8: Forced Departure @ 00:17:55,https://animehistory.org/gallery/screencaps/outlaw-star/episode-8/,https://animehistory.org/gallery/screencaps/outlaw-star/episode-8/?page=3,3,2026-10-07T01:49:10.621857+00:00,d91efe89f38903d5f39c0c821e5fb3636e7177618bed3c2eb2f86b8253a5e296,,UNVERIFIED
EP-08,Forced Departure,00:17:59,1079,849520,https://animehistory.org/uploads/screencaps/outlaw-star-E008-Forced-Departure/cap_00-17-59_17eb.jpg,Outlaw Star Ep 8: Forced Departure @ 00:17:59,https://animehistory.org/gallery/screencaps/outlaw-star/episode-8/,https://animehistory.org/gallery/screencaps/outlaw-star/episode-8/?page=3,3,2026-10-07T01:49:10.621857+00:00,d91efe89f38903d5f39c0c821e5fb3636e7177618bed3c2eb2f86b8253a5e296,,UNVERIFIED
EP-08,Forced Departure,00:18:03,1083,849521,https://animehistory.org/uploads/screencaps/outlaw-star-E008-Forced-Departure/cap_00-18-03_0974.jpg,Outlaw Star Ep 8: Forced Departure @ 00:18:03,https://animehistory.org/gallery/screencaps/outlaw-star/episode-8/,https://animehistory.org/gallery/screencaps/outlaw-star/episode-8/?page=3,3,2026-10-07T01:49:10.621857+00:00,d91efe89f38903d5f39c0c821e5fb3636e7177618bed3c2eb2f86b8253a5e296,,UNVERIFIED
EP-08,Forced Departure,00:18:06,1086,849522,https://animehistory.org/uploads/screencaps/outlaw-star-E008-Forced-Departure/cap_00-18-06_467e.jpg,Outlaw Star Ep 8: Forced Departure @ 00:18:06,https://animehistory.org/gallery/screencaps/outlaw-star/episode-8/,https://animehistory.org/gallery/screencaps/outlaw-star/episode-8/?page=3,3,2026-10-07T01:49:10.621857+00:00,d91efe89f38903d5f39c0c821e5fb3636e7177618bed3c2eb2f86b8253a5e296,,UNVERIFIED
EP-08,Forced Departure,00:18:10,1090,849523,https://animehistory.org/uploads/screencaps/outlaw-star-E008-Forced-Departure/cap_00-18-10_04d2.jpg,Outlaw Star Ep 8: Forced Departure @ 00:18:10,https://animehistory.org/gallery/screencaps/outlaw-star/episode-8/,https://animehistory.org/gallery/screencaps/outlaw-star/episode-8/?page=3,3,2026-10-07T01:49:10.621857+00:00,d91efe89f38903d5f39c0c821e5fb3636e7177618bed3c2eb2f86b8253a5e296,,UNVERIFIED
EP-08,Forced Departure,00:18:14,1094,849524,https://animehistory.org/uploads/screencaps/outlaw-star-E008-Forced-Departure/cap_00-18-14_058a.jpg,Outlaw Star Ep 8: Forced Departure @ 00:18:14,https://animehistory.org/gallery/screencaps/outlaw-star/episode-8/,https://animehistory.org/gallery/screencaps/outlaw-star/episode-8/?page=3,3,2026-10-07T01:49:10.621857+00:00,d91efe89f38903d5f39c0c821e5fb3636e7177618bed3c2eb2f86b8253a5e296,,UNVERIFIED
EP-08,Forced Departure,00:18:17,1097,849525,https://animehistory.org/uploads/screencaps/outlaw-star-E008-Forced-Departure/cap_00-18-17_535e.jpg,Outlaw Star Ep 8: Forced Departure @ 00:18:17,https://animehistory.org/gallery/screencaps/outlaw-star/episode-8/,https://animehistory.org/gallery/screencaps/outlaw-star/episode-8/?page=3,3,2026-10-07T01:49:10.621857+00:00,d91efe89f38903d5f39c0c821e5fb3636e7177618bed3c2eb2f86b8253a5e296,,UNVERIFIED
EP-08,Forced Departure,00:18:21,1101,849526,https://animehistory.org/uploads/screencaps/outlaw-star-E008-Forced-Departure/cap_00-18-21_389f.jpg,Outlaw Star Ep 8: Forced Departure @ 00:18:21,https://animehistory.org/gallery/screencaps/outlaw-star/episode-8/,https://animehistory.org/gallery/screencaps/outlaw-star/episode-8/?page=3,3,2026-10-07T01:49:10.621857+00:00,d91efe89f38903d5f39c0c821e5fb3636e7177618bed3c2eb2f86b8253a5e296,,UNVERIFIED
EP-08,Forced Departure,00:18:25,1105,849527,https://animehistory.org/uploads/screencaps/outlaw-star-E008-Forced-Departure/cap_00-18-25_0aef.jpg,Outlaw Star Ep 8: Forced Departure @ 00:18:25,https://animehistory.org/gallery/screencaps/outlaw-star/episode-8/,https://animehistory.org/gallery/screencaps/outlaw-star/episode-8/?page=3,3,2026-10-07T01:49:10.621857+00:00,d91efe89f38903d5f39c0c821e5fb3636e7177618bed3c2eb2f86b8253a5e296,,UNVERIFIED
EP-08,Forced Departure,00:18:28,1108,849528,https://animehistory.org/uploads/screencaps/outlaw-star-E008-Forced-Departure/cap_00-18-28_09d2.jpg,Outlaw Star Ep 8: Forced Departure @ 00:18:28,https://animehistory.org/gallery/screencaps/outlaw-star/episode-8/,https://animehistory.org/gallery/screencaps/outlaw-star/episode-8/?page=3,3,2026-10-07T01:49:10.621857+00:00,d91efe89f38903d5f39c0c821e5fb3636e7177618bed3c2eb2f86b8253a5e296,,UNVERIFIED
EP-08,Forced Departure,00:18:32,1112,849529,https://animehistory.org/uploads/screencaps/outlaw-star-E008-Forced-Departure/cap_00-18-32_03c1.jpg,Outlaw Star Ep 8: Forced Departure @ 00:18:32,https://animehistory.org/gallery/screencaps/outlaw-star/episode-8/,https://animehistory.org/gallery/screencaps/outlaw-star/episode-8/?page=3,3,2026-10-07T01:49:10.621857+00:00,d91efe89f38903d5f39c0c821e5fb3636e7177618bed3c2eb2f86b8253a5e296,,UNVERIFIED
EP-08,Forced Departure,00:18:35,1115,849530,https://animehistory.org/uploads/screencaps/outlaw-star-E008-Forced-Departure/cap_00-18-35_46b2.jpg,Outlaw Star Ep 8: Forced Departure @ 00:18:35,https://animehistory.org/gallery/screencaps/outlaw-star/episode-8/,https://animehistory.org/gallery/screencaps/outlaw-star/episode-8/?page=3,3,2026-10-07T01:49:10.621857+00:00,d91efe89f38903d5f39c0c821e5fb3636e7177618bed3c2eb2f86b8253a5e296,,UNVERIFIED
EP-08,Forced Departure,00:18:39,1119,849531,https://animehistory.org/uploads/screencaps/outlaw-star-E008-Forced-Departure/cap_00-18-39_794c.jpg,Outlaw Star Ep 8: Forced Departure @ 00:18:39,https://animehistory.org/gallery/screencaps/outlaw-star/episode-8/,https://animehistory.org/gallery/screencaps/outlaw-star/episode-8/?page=3,3,2026-10-07T01:49:10.621857+00:00,d91efe89f38903d5f39c0c821e5fb3636e7177618bed3c2eb2f86b8253a5e296,,UNVERIFIED
EP-08,Forced Departure,00:18:43,1123,849532,https://animehistory.org/uploads/screencaps/outlaw-star-E008-Forced-Departure/cap_00-18-43_6890.jpg,Outlaw Star Ep 8: Forced Departure @ 00:18:43,https://animehistory.org/gallery/screencaps/outlaw-star/episode-8/,https://animehistory.org/gallery/screencaps/outlaw-star/episode-8/?page=3,3,2026-10-07T01:49:10.621857+00:00,d91efe89f38903d5f39c0c821e5fb3636e7177618bed3c2eb2f86b8253a5e296,,UNVERIFIED
EP-08,Forced Departure,00:18:46,1126,849533,https://animehistory.org/uploads/screencaps/outlaw-star-E008-Forced-Departure/cap_00-18-46_54f3.jpg,Outlaw Star Ep 8: Forced Departure @ 00:18:46,https://animehistory.org/gallery/screencaps/outlaw-star/episode-8/,https://animehistory.org/gallery/screencaps/outlaw-star/episode-8/?page=3,3,2026-10-07T01:49:10.621857+00:00,d91efe89f38903d5f39c0c821e5fb3636e7177618bed3c2eb2f86b8253a5e296,,UNVERIFIED
EP-08,Forced Departure,00:18:50,1130,849534,https://animehistory.org/uploads/screencaps/outlaw-star-E008-Forced-Departure/cap_00-18-50_1b45.jpg,Outlaw Star Ep 8: Forced Departure @ 00:18:50,https://animehistory.org/gallery/screencaps/outlaw-star/episode-8/,https://animehistory.org/gallery/screencaps/outlaw-star/episode-8/?page=3,3,2026-10-07T01:49:10.621857+00:00,d91efe89f38903d5f39c0c821e5fb3636e7177618bed3c2eb2f86b8253a5e296,,UNVERIFIED
EP-08,Forced Departure,00:18:54,1134,849535,https://animehistory.org/uploads/screencaps/outlaw-star-E008-Forced-Departure/cap_00-18-54_6301.jpg,Outlaw Star Ep 8: Forced Departure @ 00:18:54,https://animehistory.org/gallery/screencaps/outlaw-star/episode-8/,https://animehistory.org/gallery/screencaps/outlaw-star/episode-8/?page=3,3,2026-10-07T01:49:10.621857+00:00,d91efe89f38903d5f39c0c821e5fb3636e7177618bed3c2eb2f86b8253a5e296,,UNVERIFIED
EP-08,Forced Departure,00:18:57,1137,849536,https://animehistory.org/uploads/screencaps/outlaw-star-E008-Forced-Departure/cap_00-18-57_0e41.jpg,Outlaw Star Ep 8: Forced Departure @ 00:18:57,https://animehistory.org/gallery/screencaps/outlaw-star/episode-8/,https://animehistory.org/gallery/screencaps/outlaw-star/episode-8/?page=3,3,2026-10-07T01:49:10.621857+00:00,d91efe89f38903d5f39c0c821e5fb3636e7177618bed3c2eb2f86b8253a5e296,,UNVERIFIED
EP-08,Forced Departure,00:19:01,1141,849537,https://animehistory.org/uploads/screencaps/outlaw-star-E008-Forced-Departure/cap_00-19-01_2e6c.jpg,Outlaw Star Ep 8: Forced Departure @ 00:19:01,https://animehistory.org/gallery/screencaps/outlaw-star/episode-8/,https://animehistory.org/gallery/screencaps/outlaw-star/episode-8/?page=3,3,2026-10-07T01:49:10.621857+00:00,d91efe89f38903d5f39c0c821e5fb3636e7177618bed3c2eb2f86b8253a5e296,,UNVERIFIED
EP-08,Forced Departure,00:19:04,1144,849538,https://animehistory.org/uploads/screencaps/outlaw-star-E008-Forced-Departure/cap_00-19-04_1b3b.jpg,Outlaw Star Ep 8: Forced Departure @ 00:19:04,https://animehistory.org/gallery/screencaps/outlaw-star/episode-8/,https://animehistory.org/gallery/screencaps/outlaw-star/episode-8/?page=3,3,2026-10-07T01:49:10.621857+00:00,d91efe89f38903d5f39c0c821e5fb3636e7177618bed3c2eb2f86b8253a5e296,,UNVERIFIED
EP-08,Forced Departure,00:19:08,1148,849539,https://animehistory.org/uploads/screencaps/outlaw-star-E008-Forced-Departure/cap_00-19-08_32f2.jpg,Outlaw Star Ep 8: Forced Departure @ 00:19:08,https://animehistory.org/gallery/screencaps/outlaw-star/episode-8/,https://animehistory.org/gallery/screencaps/outlaw-star/episode-8/?page=3,3,2026-10-07T01:49:10.621857+00:00,d91efe89f38903d5f39c0c821e5fb3636e7177618bed3c2eb2f86b8253a5e296,,UNVERIFIED
EP-08,Forced Departure,00:19:12,1152,849540,https://animehistory.org/uploads/screencaps/outlaw-star-E008-Forced-Departure/cap_00-19-12_6c52.jpg,Outlaw Star Ep 8: Forced Departure @ 00:19:12,https://animehistory.org/gallery/screencaps/outlaw-star/episode-8/,https://animehistory.org/gallery/screencaps/outlaw-star/episode-8/?page=3,3,2026-10-07T01:49:10.621857+00:00,d91efe89f38903d5f39c0c821e5fb3636e7177618bed3c2eb2f86b8253a5e296,,UNVERIFIED
EP-08,Forced Departure,00:19:15,1155,849541,https://animehistory.org/uploads/screencaps/outlaw-star-E008-Forced-Departure/cap_00-19-15_22a2.jpg,Outlaw Star Ep 8: Forced Departure @ 00:19:15,https://animehistory.org/gallery/screencaps/outlaw-star/episode-8/,https://animehistory.org/gallery/screencaps/outlaw-star/episode-8/?page=3,3,2026-10-07T01:49:10.621857+00:00,d91efe89f38903d5f39c0c821e5fb3636e7177618bed3c2eb2f86b8253a5e296,,UNVERIFIED
EP-08,Forced Departure,00:19:19,1159,849542,https://animehistory.org/uploads/screencaps/outlaw-star-E008-Forced-Departure/cap_00-19-19_231b.jpg,Outlaw Star Ep 8: Forced Departure @ 00:19:19,https://animehistory.org/gallery/screencaps/outlaw-star/episode-8/,https://animehistory.org/gallery/screencaps/outlaw-star/episode-8/?page=3,3,2026-10-07T01:49:10.621857+00:00,d91efe89f38903d5f39c0c821e5fb3636e7177618bed3c2eb2f86b8253a5e296,,UNVERIFIED
EP-08,Forced Departure,00:19:23,1163,849543,https://animehistory.org/uploads/screencaps/outlaw-star-E008-Forced-Departure/cap_00-19-23_6ee1.jpg,Outlaw Star Ep 8: Forced Departure @ 00:19:23,https://animehistory.org/gallery/screencaps/outlaw-star/episode-8/,https://animehistory.org/gallery/screencaps/outlaw-star/episode-8/?page=3,3,2026-10-07T01:49:10.621857+00:00,d91efe89f38903d5f39c0c821e5fb3636e7177618bed3c2eb2f86b8253a5e296,,UNVERIFIED
EP-08,Forced Departure,00:19:26,1166,849544,https://animehistory.org/uploads/screencaps/outlaw-star-E008-Forced-Departure/cap_00-19-26_6400.jpg,Outlaw Star Ep 8: Forced Departure @ 00:19:26,https://animehistory.org/gallery/screencaps/outlaw-star/episode-8/,https://animehistory.org/gallery/screencaps/outlaw-star/episode-8/?page=3,3,2026-10-07T01:49:10.621857+00:00,d91efe89f38903d5f39c0c821e5fb3636e7177618bed3c2eb2f86b8253a5e296,,UNVERIFIED
EP-08,Forced Departure,00:19:30,1170,849545,https://animehistory.org/uploads/screencaps/outlaw-star-E008-Forced-Departure/cap_00-19-30_5066.jpg,Outlaw Star Ep 8: Forced Departure @ 00:19:30,https://animehistory.org/gallery/screencaps/outlaw-star/episode-8/,https://animehistory.org/gallery/screencaps/outlaw-star/episode-8/?page=3,3,2026-10-07T01:49:10.621857+00:00,d91efe89f38903d5f39c0c821e5fb3636e7177618bed3c2eb2f86b8253a5e296,,UNVERIFIED
EP-08,Forced Departure,00:19:33,1173,849546,https://animehistory.org/uploads/screencaps/outlaw-star-E008-Forced-Departure/cap_00-19-33_7ab4.jpg,Outlaw Star Ep 8: Forced Departure @ 00:19:33,https://animehistory.org/gallery/screencaps/outlaw-star/episode-8/,https://animehistory.org/gallery/screencaps/outlaw-star/episode-8/?page=3,3,2026-10-07T01:49:10.621857+00:00,d91efe89f38903d5f39c0c821e5fb3636e7177618bed3c2eb2f86b8253a5e296,,UNVERIFIED
EP-08,Forced Departure,00:19:37,1177,849547,https://animehistory.org/uploads/screencaps/outlaw-star-E008-Forced-Departure/cap_00-19-37_4262.jpg,Outlaw Star Ep 8: Forced Departure @ 00:19:37,https://animehistory.org/gallery/screencaps/outlaw-star/episode-8/,https://animehistory.org/gallery/screencaps/outlaw-star/episode-8/?page=3,3,2026-10-07T01:49:10.621857+00:00,d91efe89f38903d5f39c0c821e5fb3636e7177618bed3c2eb2f86b8253a5e296,,UNVERIFIED
EP-08,Forced Departure,00:19:41,1181,849548,https://animehistory.org/uploads/screencaps/outlaw-star-E008-Forced-Departure/cap_00-19-41_766e.jpg,Outlaw Star Ep 8: Forced Departure @ 00:19:41,https://animehistory.org/gallery/screencaps/outlaw-star/episode-8/,https://animehistory.org/gallery/screencaps/outlaw-star/episode-8/?page=3,3,2026-10-07T01:49:10.621857+00:00,d91efe89f38903d5f39c0c821e5fb3636e7177618bed3c2eb2f86b8253a5e296,,UNVERIFIED
EP-08,Forced Departure,00:19:44,1184,849549,https://animehistory.org/uploads/screencaps/outlaw-star-E008-Forced-Departure/cap_00-19-44_4fd3.jpg,Outlaw Star Ep 8: Forced Departure @ 00:19:44,https://animehistory.org/gallery/screencaps/outlaw-star/episode-8/,https://animehistory.org/gallery/screencaps/outlaw-star/episode-8/?page=3,3,2026-10-07T01:49:10.621857+00:00,d91efe89f38903d5f39c0c821e5fb3636e7177618bed3c2eb2f86b8253a5e296,,UNVERIFIED
EP-08,Forced Departure,00:19:48,1188,849550,https://animehistory.org/uploads/screencaps/outlaw-star-E008-Forced-Departure/cap_00-19-48_4892.jpg,Outlaw Star Ep 8: Forced Departure @ 00:19:48,https://animehistory.org/gallery/screencaps/outlaw-star/episode-8/,https://animehistory.org/gallery/screencaps/outlaw-star/episode-8/?page=3,3,2026-10-07T01:49:10.621857+00:00,d91efe89f38903d5f39c0c821e5fb3636e7177618bed3c2eb2f86b8253a5e296,,UNVERIFIED
EP-08,Forced Departure,00:19:52,1192,849551,https://animehistory.org/uploads/screencaps/outlaw-star-E008-Forced-Departure/cap_00-19-52_2913.jpg,Outlaw Star Ep 8: Forced Departure @ 00:19:52,https://animehistory.org/gallery/screencaps/outlaw-star/episode-8/,https://animehistory.org/gallery/screencaps/outlaw-star/episode-8/?page=4,4,2026-10-07T01:49:11.822299+00:00,795374cb9d23ab15bb8ac49e22e2fc84bec907089425bcdd7feb265594c376fc,,UNVERIFIED
EP-08,Forced Departure,00:19:55,1195,849552,https://animehistory.org/uploads/screencaps/outlaw-star-E008-Forced-Departure/cap_00-19-55_0e73.jpg,Outlaw Star Ep 8: Forced Departure @ 00:19:55,https://animehistory.org/gallery/screencaps/outlaw-star/episode-8/,https://animehistory.org/gallery/screencaps/outlaw-star/episode-8/?page=4,4,2026-10-07T01:49:11.822299+00:00,795374cb9d23ab15bb8ac49e22e2fc84bec907089425bcdd7feb265594c376fc,,UNVERIFIED
EP-08,Forced Departure,00:19:59,1199,849553,https://animehistory.org/uploads/screencaps/outlaw-star-E008-Forced-Departure/cap_00-19-59_4c30.jpg,Outlaw Star Ep 8: Forced Departure @ 00:19:59,https://animehistory.org/gallery/screencaps/outlaw-star/episode-8/,https://animehistory.org/gallery/screencaps/outlaw-star/episode-8/?page=4,4,2026-10-07T01:49:11.822299+00:00,795374cb9d23ab15bb8ac49e22e2fc84bec907089425bcdd7feb265594c376fc,,UNVERIFIED
EP-08,Forced Departure,00:20:02,1202,849554,https://animehistory.org/uploads/screencaps/outlaw-star-E008-Forced-Departure/cap_00-20-02_50ea.jpg,Outlaw Star Ep 8: Forced Departure @ 00:20:02,https://animehistory.org/gallery/screencaps/outlaw-star/episode-8/,https://animehistory.org/gallery/screencaps/outlaw-star/episode-8/?page=4,4,2026-10-07T01:49:11.822299+00:00,795374cb9d23ab15bb8ac49e22e2fc84bec907089425bcdd7feb265594c376fc,,UNVERIFIED
EP-08,Forced Departure,00:20:06,1206,849555,https://animehistory.org/uploads/screencaps/outlaw-star-E008-Forced-Departure/cap_00-20-06_54e8.jpg,Outlaw Star Ep 8: Forced Departure @ 00:20:06,https://animehistory.org/gallery/screencaps/outlaw-star/episode-8/,https://animehistory.org/gallery/screencaps/outlaw-star/episode-8/?page=4,4,2026-10-07T01:49:11.822299+00:00,795374cb9d23ab15bb8ac49e22e2fc84bec907089425bcdd7feb265594c376fc,,UNVERIFIED
EP-08,Forced Departure,00:20:10,1210,849556,https://animehistory.org/uploads/screencaps/outlaw-star-E008-Forced-Departure/cap_00-20-10_30a4.jpg,Outlaw Star Ep 8: Forced Departure @ 00:20:10,https://animehistory.org/gallery/screencaps/outlaw-star/episode-8/,https://animehistory.org/gallery/screencaps/outlaw-star/episode-8/?page=4,4,2026-10-07T01:49:11.822299+00:00,795374cb9d23ab15bb8ac49e22e2fc84bec907089425bcdd7feb265594c376fc,,UNVERIFIED
EP-08,Forced Departure,00:20:13,1213,849557,https://animehistory.org/uploads/screencaps/outlaw-star-E008-Forced-Departure/cap_00-20-13_3769.jpg,Outlaw Star Ep 8: Forced Departure @ 00:20:13,https://animehistory.org/gallery/screencaps/outlaw-star/episode-8/,https://animehistory.org/gallery/screencaps/outlaw-star/episode-8/?page=4,4,2026-10-07T01:49:11.822299+00:00,795374cb9d23ab15bb8ac49e22e2fc84bec907089425bcdd7feb265594c376fc,,UNVERIFIED
EP-08,Forced Departure,00:20:17,1217,849558,https://animehistory.org/uploads/screencaps/outlaw-star-E008-Forced-Departure/cap_00-20-17_2dd7.jpg,Outlaw Star Ep 8: Forced Departure @ 00:20:17,https://animehistory.org/gallery/screencaps/outlaw-star/episode-8/,https://animehistory.org/gallery/screencaps/outlaw-star/episode-8/?page=4,4,2026-10-07T01:49:11.822299+00:00,795374cb9d23ab15bb8ac49e22e2fc84bec907089425bcdd7feb265594c376fc,,UNVERIFIED
EP-08,Forced Departure,00:20:21,1221,849559,https://animehistory.org/uploads/screencaps/outlaw-star-E008-Forced-Departure/cap_00-20-21_4f32.jpg,Outlaw Star Ep 8: Forced Departure @ 00:20:21,https://animehistory.org/gallery/screencaps/outlaw-star/episode-8/,https://animehistory.org/gallery/screencaps/outlaw-star/episode-8/?page=4,4,2026-10-07T01:49:11.822299+00:00,795374cb9d23ab15bb8ac49e22e2fc84bec907089425bcdd7feb265594c376fc,,UNVERIFIED
EP-08,Forced Departure,00:20:24,1224,849560,https://animehistory.org/uploads/screencaps/outlaw-star-E008-Forced-Departure/cap_00-20-24_30c5.jpg,Outlaw Star Ep 8: Forced Departure @ 00:20:24,https://animehistory.org/gallery/screencaps/outlaw-star/episode-8/,https://animehistory.org/gallery/screencaps/outlaw-star/episode-8/?page=4,4,2026-10-07T01:49:11.822299+00:00,795374cb9d23ab15bb8ac49e22e2fc84bec907089425bcdd7feb265594c376fc,,UNVERIFIED
EP-08,Forced Departure,00:20:28,1228,849561,https://animehistory.org/uploads/screencaps/outlaw-star-E008-Forced-Departure/cap_00-20-28_7dce.jpg,Outlaw Star Ep 8: Forced Departure @ 00:20:28,https://animehistory.org/gallery/screencaps/outlaw-star/episode-8/,https://animehistory.org/gallery/screencaps/outlaw-star/episode-8/?page=4,4,2026-10-07T01:49:11.822299+00:00,795374cb9d23ab15bb8ac49e22e2fc84bec907089425bcdd7feb265594c376fc,,UNVERIFIED
EP-08,Forced Departure,00:20:31,1231,849562,https://animehistory.org/uploads/screencaps/outlaw-star-E008-Forced-Departure/cap_00-20-31_60ea.jpg,Outlaw Star Ep 8: Forced Departure @ 00:20:31,https://animehistory.org/gallery/screencaps/outlaw-star/episode-8/,https://animehistory.org/gallery/screencaps/outlaw-star/episode-8/?page=4,4,2026-10-07T01:49:11.822299+00:00,795374cb9d23ab15bb8ac49e22e2fc84bec907089425bcdd7feb265594c376fc,,UNVERIFIED
EP-08,Forced Departure,00:20:35,1235,849563,https://animehistory.org/uploads/screencaps/outlaw-star-E008-Forced-Departure/cap_00-20-35_51bb.jpg,Outlaw Star Ep 8: Forced Departure @ 00:20:35,https://animehistory.org/gallery/screencaps/outlaw-star/episode-8/,https://animehistory.org/gallery/screencaps/outlaw-star/episode-8/?page=4,4,2026-10-07T01:49:11.822299+00:00,795374cb9d23ab15bb8ac49e22e2fc84bec907089425bcdd7feb265594c376fc,,UNVERIFIED
EP-08,Forced Departure,00:20:39,1239,849564,https://animehistory.org/uploads/screencaps/outlaw-star-E008-Forced-Departure/cap_00-20-39_5421.jpg,Outlaw Star Ep 8: Forced Departure @ 00:20:39,https://animehistory.org/gallery/screencaps/outlaw-star/episode-8/,https://animehistory.org/gallery/screencaps/outlaw-star/episode-8/?page=4,4,2026-10-07T01:49:11.822299+00:00,795374cb9d23ab15bb8ac49e22e2fc84bec907089425bcdd7feb265594c376fc,,UNVERIFIED
EP-08,Forced Departure,00:20:42,1242,849565,https://animehistory.org/uploads/screencaps/outlaw-star-E008-Forced-Departure/cap_00-20-42_7875.jpg,Outlaw Star Ep 8: Forced Departure @ 00:20:42,https://animehistory.org/gallery/screencaps/outlaw-star/episode-8/,https://animehistory.org/gallery/screencaps/outlaw-star/episode-8/?page=4,4,2026-10-07T01:49:11.822299+00:00,795374cb9d23ab15bb8ac49e22e2fc84bec907089425bcdd7feb265594c376fc,,UNVERIFIED
EP-08,Forced Departure,00:20:46,1246,849566,https://animehistory.org/uploads/screencaps/outlaw-star-E008-Forced-Departure/cap_00-20-46_0c1c.jpg,Outlaw Star Ep 8: Forced Departure @ 00:20:46,https://animehistory.org/gallery/screencaps/outlaw-star/episode-8/,https://animehistory.org/gallery/screencaps/outlaw-star/episode-8/?page=4,4,2026-10-07T01:49:11.822299+00:00,795374cb9d23ab15bb8ac49e22e2fc84bec907089425bcdd7feb265594c376fc,,UNVERIFIED
EP-08,Forced Departure,00:20:50,1250,849567,https://animehistory.org/uploads/screencaps/outlaw-star-E008-Forced-Departure/cap_00-20-50_5c8c.jpg,Outlaw Star Ep 8: Forced Departure @ 00:20:50,https://animehistory.org/gallery/screencaps/outlaw-star/episode-8/,https://animehistory.org/gallery/screencaps/outlaw-star/episode-8/?page=4,4,2026-10-07T01:49:11.822299+00:00,795374cb9d23ab15bb8ac49e22e2fc84bec907089425bcdd7feb265594c376fc,,UNVERIFIED
EP-08,Forced Departure,00:20:53,1253,849568,https://animehistory.org/uploads/screencaps/outlaw-star-E008-Forced-Departure/cap_00-20-53_2953.jpg,Outlaw Star Ep 8: Forced Departure @ 00:20:53,https://animehistory.org/gallery/screencaps/outlaw-star/episode-8/,https://animehistory.org/gallery/screencaps/outlaw-star/episode-8/?page=4,4,2026-10-07T01:49:11.822299+00:00,795374cb9d23ab15bb8ac49e22e2fc84bec907089425bcdd7feb265594c376fc,,UNVERIFIED
EP-08,Forced Departure,00:20:57,1257,849569,https://animehistory.org/uploads/screencaps/outlaw-star-E008-Forced-Departure/cap_00-20-57_3883.jpg,Outlaw Star Ep 8: Forced Departure @ 00:20:57,https://animehistory.org/gallery/screencaps/outlaw-star/episode-8/,https://animehistory.org/gallery/screencaps/outlaw-star/episode-8/?page=4,4,2026-10-07T01:49:11.822299+00:00,795374cb9d23ab15bb8ac49e22e2fc84bec907089425bcdd7feb265594c376fc,,UNVERIFIED
EP-08,Forced Departure,00:21:01,1261,849570,https://animehistory.org/uploads/screencaps/outlaw-star-E008-Forced-Departure/cap_00-21-01_17ab.jpg,Outlaw Star Ep 8: Forced Departure @ 00:21:01,https://animehistory.org/gallery/screencaps/outlaw-star/episode-8/,https://animehistory.org/gallery/screencaps/outlaw-star/episode-8/?page=4,4,2026-10-07T01:49:11.822299+00:00,795374cb9d23ab15bb8ac49e22e2fc84bec907089425bcdd7feb265594c376fc,,UNVERIFIED
EP-08,Forced Departure,00:21:04,1264,849571,https://animehistory.org/uploads/screencaps/outlaw-star-E008-Forced-Departure/cap_00-21-04_68ad.jpg,Outlaw Star Ep 8: Forced Departure @ 00:21:04,https://animehistory.org/gallery/screencaps/outlaw-star/episode-8/,https://animehistory.org/gallery/screencaps/outlaw-star/episode-8/?page=4,4,2026-10-07T01:49:11.822299+00:00,795374cb9d23ab15bb8ac49e22e2fc84bec907089425bcdd7feb265594c376fc,,UNVERIFIED
EP-08,Forced Departure,00:21:08,1268,849572,https://animehistory.org/uploads/screencaps/outlaw-star-E008-Forced-Departure/cap_00-21-08_3334.jpg,Outlaw Star Ep 8: Forced Departure @ 00:21:08,https://animehistory.org/gallery/screencaps/outlaw-star/episode-8/,https://animehistory.org/gallery/screencaps/outlaw-star/episode-8/?page=4,4,2026-10-07T01:49:11.822299+00:00,795374cb9d23ab15bb8ac49e22e2fc84bec907089425bcdd7feb265594c376fc,,UNVERIFIED
EP-08,Forced Departure,00:21:11,1271,849573,https://animehistory.org/uploads/screencaps/outlaw-star-E008-Forced-Departure/cap_00-21-11_7bd4.jpg,Outlaw Star Ep 8: Forced Departure @ 00:21:11,https://animehistory.org/gallery/screencaps/outlaw-star/episode-8/,https://animehistory.org/gallery/screencaps/outlaw-star/episode-8/?page=4,4,2026-10-07T01:49:11.822299+00:00,795374cb9d23ab15bb8ac49e22e2fc84bec907089425bcdd7feb265594c376fc,,UNVERIFIED
EP-08,Forced Departure,00:21:15,1275,849574,https://animehistory.org/uploads/screencaps/outlaw-star-E008-Forced-Departure/cap_00-21-15_65cd.jpg,Outlaw Star Ep 8: Forced Departure @ 00:21:15,https://animehistory.org/gallery/screencaps/outlaw-star/episode-8/,https://animehistory.org/gallery/screencaps/outlaw-star/episode-8/?page=4,4,2026-10-07T01:49:11.822299+00:00,795374cb9d23ab15bb8ac49e22e2fc84bec907089425bcdd7feb265594c376fc,,UNVERIFIED
EP-08,Forced Departure,00:21:19,1279,849575,https://animehistory.org/uploads/screencaps/outlaw-star-E008-Forced-Departure/cap_00-21-19_26dc.jpg,Outlaw Star Ep 8: Forced Departure @ 00:21:19,https://animehistory.org/gallery/screencaps/outlaw-star/episode-8/,https://animehistory.org/gallery/screencaps/outlaw-star/episode-8/?page=4,4,2026-10-07T01:49:11.822299+00:00,795374cb9d23ab15bb8ac49e22e2fc84bec907089425bcdd7feb265594c376fc,,UNVERIFIED
EP-08,Forced Departure,00:21:22,1282,849576,https://animehistory.org/uploads/screencaps/outlaw-star-E008-Forced-Departure/cap_00-21-22_24f2.jpg,Outlaw Star Ep 8: Forced Departure @ 00:21:22,https://animehistory.org/gallery/screencaps/outlaw-star/episode-8/,https://animehistory.org/gallery/screencaps/outlaw-star/episode-8/?page=4,4,2026-10-07T01:49:11.822299+00:00,795374cb9d23ab15bb8ac49e22e2fc84bec907089425bcdd7feb265594c376fc,,UNVERIFIED
EP-08,Forced Departure,00:21:26,1286,849577,https://animehistory.org/uploads/screencaps/outlaw-star-E008-Forced-Departure/cap_00-21-26_2d25.jpg,Outlaw Star Ep 8: Forced Departure @ 00:21:26,https://animehistory.org/gallery/screencaps/outlaw-star/episode-8/,https://animehistory.org/gallery/screencaps/outlaw-star/episode-8/?page=4,4,2026-10-07T01:49:11.822299+00:00,795374cb9d23ab15bb8ac49e22e2fc84bec907089425bcdd7feb265594c376fc,,UNVERIFIED
EP-08,Forced Departure,00:21:30,1290,849578,https://animehistory.org/uploads/screencaps/outlaw-star-E008-Forced-Departure/cap_00-21-30_3685.jpg,Outlaw Star Ep 8: Forced Departure @ 00:21:30,https://animehistory.org/gallery/screencaps/outlaw-star/episode-8/,https://animehistory.org/gallery/screencaps/outlaw-star/episode-8/?page=4,4,2026-10-07T01:49:11.822299+00:00,795374cb9d23ab15bb8ac49e22e2fc84bec907089425bcdd7feb265594c376fc,,UNVERIFIED
EP-08,Forced Departure,00:21:33,1293,849579,https://animehistory.org/uploads/screencaps/outlaw-star-E008-Forced-Departure/cap_00-21-33_75ff.jpg,Outlaw Star Ep 8: Forced Departure @ 00:21:33,https://animehistory.org/gallery/screencaps/outlaw-star/episode-8/,https://animehistory.org/gallery/screencaps/outlaw-star/episode-8/?page=4,4,2026-10-07T01:49:11.822299+00:00,795374cb9d23ab15bb8ac49e22e2fc84bec907089425bcdd7feb265594c376fc,,UNVERIFIED
EP-08,Forced Departure,00:21:37,1297,849580,https://animehistory.org/uploads/screencaps/outlaw-star-E008-Forced-Departure/cap_00-21-37_31ac.jpg,Outlaw Star Ep 8: Forced Departure @ 00:21:37,https://animehistory.org/gallery/screencaps/outlaw-star/episode-8/,https://animehistory.org/gallery/screencaps/outlaw-star/episode-8/?page=4,4,2026-10-07T01:49:11.822299+00:00,795374cb9d23ab15bb8ac49e22e2fc84bec907089425bcdd7feb265594c376fc,,UNVERIFIED
EP-08,Forced Departure,00:21:40,1300,849581,https://animehistory.org/uploads/screencaps/outlaw-star-E008-Forced-Departure/cap_00-21-40_0ef8.jpg,Outlaw Star Ep 8: Forced Departure @ 00:21:40,https://animehistory.org/gallery/screencaps/outlaw-star/episode-8/,https://animehistory.org/gallery/screencaps/outlaw-star/episode-8/?page=4,4,2026-10-07T01:49:11.822299+00:00,795374cb9d23ab15bb8ac49e22e2fc84bec907089425bcdd7feb265594c376fc,,UNVERIFIED
EP-08,Forced Departure,00:21:44,1304,849582,https://animehistory.org/uploads/screencaps/outlaw-star-E008-Forced-Departure/cap_00-21-44_1703.jpg,Outlaw Star Ep 8: Forced Departure @ 00:21:44,https://animehistory.org/gallery/screencaps/outlaw-star/episode-8/,https://animehistory.org/gallery/screencaps/outlaw-star/episode-8/?page=4,4,2026-10-07T01:49:11.822299+00:00,795374cb9d23ab15bb8ac49e22e2fc84bec907089425bcdd7feb265594c376fc,,UNVERIFIED
EP-08,Forced Departure,00:21:48,1308,849583,https://animehistory.org/uploads/screencaps/outlaw-star-E008-Forced-Departure/cap_00-21-48_3f93.jpg,Outlaw Star Ep 8: Forced Departure @ 00:21:48,https://animehistory.org/gallery/screencaps/outlaw-star/episode-8/,https://animehistory.org/gallery/screencaps/outlaw-star/episode-8/?page=4,4,2026-10-07T01:49:11.822299+00:00,795374cb9d23ab15bb8ac49e22e2fc84bec907089425bcdd7feb265594c376fc,,UNVERIFIED
EP-08,Forced Departure,00:21:51,1311,849584,https://animehistory.org/uploads/screencaps/outlaw-star-E008-Forced-Departure/cap_00-21-51_0771.jpg,Outlaw Star Ep 8: Forced Departure @ 00:21:51,https://animehistory.org/gallery/screencaps/outlaw-star/episode-8/,https://animehistory.org/gallery/screencaps/outlaw-star/episode-8/?page=4,4,2026-10-07T01:49:11.822299+00:00,795374cb9d23ab15bb8ac49e22e2fc84bec907089425bcdd7feb265594c376fc,,UNVERIFIED
EP-08,Forced Departure,00:21:55,1315,849585,https://animehistory.org/uploads/screencaps/outlaw-star-E008-Forced-Departure/cap_00-21-55_6f99.jpg,Outlaw Star Ep 8: Forced Departure @ 00:21:55,https://animehistory.org/gallery/screencaps/outlaw-star/episode-8/,https://animehistory.org/gallery/screencaps/outlaw-star/episode-8/?page=4,4,2026-10-07T01:49:11.822299+00:00,795374cb9d23ab15bb8ac49e22e2fc84bec907089425bcdd7feb265594c376fc,,UNVERIFIED
EP-08,Forced Departure,00:21:59,1319,849586,https://animehistory.org/uploads/screencaps/outlaw-star-E008-Forced-Departure/cap_00-21-59_1934.jpg,Outlaw Star Ep 8: Forced Departure @ 00:21:59,https://animehistory.org/gallery/screencaps/outlaw-star/episode-8/,https://animehistory.org/gallery/screencaps/outlaw-star/episode-8/?page=4,4,2026-10-07T01:49:11.822299+00:00,795374cb9d23ab15bb8ac49e22e2fc84bec907089425bcdd7feb265594c376fc,,UNVERIFIED
EP-08,Forced Departure,00:22:02,1322,849587,https://animehistory.org/uploads/screencaps/outlaw-star-E008-Forced-Departure/cap_00-22-02_1139.jpg,Outlaw Star Ep 8: Forced Departure @ 00:22:02,https://animehistory.org/gallery/screencaps/outlaw-star/episode-8/,https://animehistory.org/gallery/screencaps/outlaw-star/episode-8/?page=4,4,2026-10-07T01:49:11.822299+00:00,795374cb9d23ab15bb8ac49e22e2fc84bec907089425bcdd7feb265594c376fc,,UNVERIFIED
EP-08,Forced Departure,00:22:06,1326,849588,https://animehistory.org/uploads/screencaps/outlaw-star-E008-Forced-Departure/cap_00-22-06_19ec.jpg,Outlaw Star Ep 8: Forced Departure @ 00:22:06,https://animehistory.org/gallery/screencaps/outlaw-star/episode-8/,https://animehistory.org/gallery/screencaps/outlaw-star/episode-8/?page=4,4,2026-10-07T01:49:11.822299+00:00,795374cb9d23ab15bb8ac49e22e2fc84bec907089425bcdd7feb265594c376fc,,UNVERIFIED
EP-08,Forced Departure,00:22:09,1329,849589,https://animehistory.org/uploads/screencaps/outlaw-star-E008-Forced-Departure/cap_00-22-09_0136.jpg,Outlaw Star Ep 8: Forced Departure @ 00:22:09,https://animehistory.org/gallery/screencaps/outlaw-star/episode-8/,https://animehistory.org/gallery/screencaps/outlaw-star/episode-8/?page=4,4,2026-10-07T01:49:11.822299+00:00,795374cb9d23ab15bb8ac49e22e2fc84bec907089425bcdd7feb265594c376fc,,UNVERIFIED
EP-08,Forced Departure,00:22:13,1333,849590,https://animehistory.org/uploads/screencaps/outlaw-star-E008-Forced-Departure/cap_00-22-13_344e.jpg,Outlaw Star Ep 8: Forced Departure @ 00:22:13,https://animehistory.org/gallery/screencaps/outlaw-star/episode-8/,https://animehistory.org/gallery/screencaps/outlaw-star/episode-8/?page=4,4,2026-10-07T01:49:11.822299+00:00,795374cb9d23ab15bb8ac49e22e2fc84bec907089425bcdd7feb265594c376fc,,UNVERIFIED
EP-08,Forced Departure,00:22:17,1337,849591,https://animehistory.org/uploads/screencaps/outlaw-star-E008-Forced-Departure/cap_00-22-17_1f4b.jpg,Outlaw Star Ep 8: Forced Departure @ 00:22:17,https://animehistory.org/gallery/screencaps/outlaw-star/episode-8/,https://animehistory.org/gallery/screencaps/outlaw-star/episode-8/?page=4,4,2026-10-07T01:49:11.822299+00:00,795374cb9d23ab15bb8ac49e22e2fc84bec907089425bcdd7feb265594c376fc,,UNVERIFIED
EP-08,Forced Departure,00:22:20,1340,849592,https://animehistory.org/uploads/screencaps/outlaw-star-E008-Forced-Departure/cap_00-22-20_0734.jpg,Outlaw Star Ep 8: Forced Departure @ 00:22:20,https://animehistory.org/gallery/screencaps/outlaw-star/episode-8/,https://animehistory.org/gallery/screencaps/outlaw-star/episode-8/?page=4,4,2026-10-07T01:49:11.822299+00:00,795374cb9d23ab15bb8ac49e22e2fc84bec907089425bcdd7feb265594c376fc,,UNVERIFIED
EP-08,Forced Departure,00:22:24,1344,849593,https://animehistory.org/uploads/screencaps/outlaw-star-E008-Forced-Departure/cap_00-22-24_1cd4.jpg,Outlaw Star Ep 8: Forced Departure @ 00:22:24,https://animehistory.org/gallery/screencaps/outlaw-star/episode-8/,https://animehistory.org/gallery/screencaps/outlaw-star/episode-8/?page=4,4,2026-10-07T01:49:11.822299+00:00,795374cb9d23ab15bb8ac49e22e2fc84bec907089425bcdd7feb265594c376fc,,UNVERIFIED
EP-08,Forced Departure,00:22:28,1348,849594,https://animehistory.org/uploads/screencaps/outlaw-star-E008-Forced-Departure/cap_00-22-28_39f8.jpg,Outlaw Star Ep 8: Forced Departure @ 00:22:28,https://animehistory.org/gallery/screencaps/outlaw-star/episode-8/,https://animehistory.org/gallery/screencaps/outlaw-star/episode-8/?page=4,4,2026-10-07T01:49:11.822299+00:00,795374cb9d23ab15bb8ac49e22e2fc84bec907089425bcdd7feb265594c376fc,,UNVERIFIED
EP-08,Forced Departure,00:22:31,1351,849595,https://animehistory.org/uploads/screencaps/outlaw-star-E008-Forced-Departure/cap_00-22-31_424e.jpg,Outlaw Star Ep 8: Forced Departure @ 00:22:31,https://animehistory.org/gallery/screencaps/outlaw-star/episode-8/,https://animehistory.org/gallery/screencaps/outlaw-star/episode-8/?page=4,4,2026-10-07T01:49:11.822299+00:00,795374cb9d23ab15bb8ac49e22e2fc84bec907089425bcdd7feb265594c376fc,,UNVERIFIED
EP-08,Forced Departure,00:22:35,1355,849596,https://animehistory.org/uploads/screencaps/outlaw-star-E008-Forced-Departure/cap_00-22-35_6db3.jpg,Outlaw Star Ep 8: Forced Departure @ 00:22:35,https://animehistory.org/gallery/screencaps/outlaw-star/episode-8/,https://animehistory.org/gallery/screencaps/outlaw-star/episode-8/?page=4,4,2026-10-07T01:49:11.822299+00:00,795374cb9d23ab15bb8ac49e22e2fc84bec907089425bcdd7feb265594c376fc,,UNVERIFIED
EP-08,Forced Departure,00:22:38,1358,849597,https://animehistory.org/uploads/screencaps/outlaw-star-E008-Forced-Departure/cap_00-22-38_3380.jpg,Outlaw Star Ep 8: Forced Departure @ 00:22:38,https://animehistory.org/gallery/screencaps/outlaw-star/episode-8/,https://animehistory.org/gallery/screencaps/outlaw-star/episode-8/?page=4,4,2026-10-07T01:49:11.822299+00:00,795374cb9d23ab15bb8ac49e22e2fc84bec907089425bcdd7feb265594c376fc,,UNVERIFIED
EP-08,Forced Departure,00:22:42,1362,849598,https://animehistory.org/uploads/screencaps/outlaw-star-E008-Forced-Departure/cap_00-22-42_29cd.jpg,Outlaw Star Ep 8: Forced Departure @ 00:22:42,https://animehistory.org/gallery/screencaps/outlaw-star/episode-8/,https://animehistory.org/gallery/screencaps/outlaw-star/episode-8/?page=4,4,2026-10-07T01:49:11.822299+00:00,795374cb9d23ab15bb8ac49e22e2fc84bec907089425bcdd7feb265594c376fc,,UNVERIFIED
EP-08,Forced Departure,00:22:46,1366,849599,https://animehistory.org/uploads/screencaps/outlaw-star-E008-Forced-Departure/cap_00-22-46_41f2.jpg,Outlaw Star Ep 8: Forced Departure @ 00:22:46,https://animehistory.org/gallery/screencaps/outlaw-star/episode-8/,https://animehistory.org/gallery/screencaps/outlaw-star/episode-8/?page=4,4,2026-10-07T01:49:11.822299+00:00,795374cb9d23ab15bb8ac49e22e2fc84bec907089425bcdd7feb265594c376fc,,UNVERIFIED
EP-08,Forced Departure,00:22:49,1369,849600,https://animehistory.org/uploads/screencaps/outlaw-star-E008-Forced-Departure/cap_00-22-49_227e.jpg,Outlaw Star Ep 8: Forced Departure @ 00:22:49,https://animehistory.org/gallery/screencaps/outlaw-star/episode-8/,https://animehistory.org/gallery/screencaps/outlaw-star/episode-8/?page=4,4,2026-10-07T01:49:11.822299+00:00,795374cb9d23ab15bb8ac49e22e2fc84bec907089425bcdd7feb265594c376fc,,UNVERIFIED
EP-08,Forced Departure,00:22:53,1373,849601,https://animehistory.org/uploads/screencaps/outlaw-star-E008-Forced-Departure/cap_00-22-53_5fc7.jpg,Outlaw Star Ep 8: Forced Departure @ 00:22:53,https://animehistory.org/gallery/screencaps/outlaw-star/episode-8/,https://animehistory.org/gallery/screencaps/outlaw-star/episode-8/?page=4,4,2026-10-07T01:49:11.822299+00:00,795374cb9d23ab15bb8ac49e22e2fc84bec907089425bcdd7feb265594c376fc,,UNVERIFIED
EP-08,Forced Departure,00:22:57,1377,849602,https://animehistory.org/uploads/screencaps/outlaw-star-E008-Forced-Departure/cap_00-22-57_3c09.jpg,Outlaw Star Ep 8: Forced Departure @ 00:22:57,https://animehistory.org/gallery/screencaps/outlaw-star/episode-8/,https://animehistory.org/gallery/screencaps/outlaw-star/episode-8/?page=4,4,2026-10-07T01:49:11.822299+00:00,795374cb9d23ab15bb8ac49e22e2fc84bec907089425bcdd7feb265594c376fc,,UNVERIFIED
EP-08,Forced Departure,00:23:00,1380,849603,https://animehistory.org/uploads/screencaps/outlaw-star-E008-Forced-Departure/cap_00-23-00_0761.jpg,Outlaw Star Ep 8: Forced Departure @ 00:23:00,https://animehistory.org/gallery/screencaps/outlaw-star/episode-8/,https://animehistory.org/gallery/screencaps/outlaw-star/episode-8/?page=4,4,2026-10-07T01:49:11.822299+00:00,795374cb9d23ab15bb8ac49e22e2fc84bec907089425bcdd7feb265594c376fc,,UNVERIFIED
EP-08,Forced Departure,00:23:04,1384,849604,https://animehistory.org/uploads/screencaps/outlaw-star-E008-Forced-Departure/cap_00-23-04_59e8.jpg,Outlaw Star Ep 8: Forced Departure @ 00:23:04,https://animehistory.org/gallery/screencaps/outlaw-star/episode-8/,https://animehistory.org/gallery/screencaps/outlaw-star/episode-8/?page=4,4,2026-10-07T01:49:11.822299+00:00,795374cb9d23ab15bb8ac49e22e2fc84bec907089425bcdd7feb265594c376fc,,UNVERIFIED
