episode_id,episode_title,web_timestamp,web_seconds,image_id,image_url,caption,gallery_url,source_page_url,source_page,retrieved_utc,html_sha256,local_timestamp,alignment_status
EP-05,"The Beast Girl, Ready to Pounce!",00:01:43,103,848189,https://animehistory.org/uploads/screencaps/outlaw-star-E005-The-Beast-Girl-Ready-to-Pounce/cap_00-01-43_1fb5.jpg,"Outlaw Star Ep 5: The Beast Girl, Ready to Pounce! @ 00:01:43",https://animehistory.org/gallery/screencaps/outlaw-star/episode-5/,https://animehistory.org/gallery/screencaps/outlaw-star/episode-5/,1,2026-10-07T01:48:51.665260+00:00,b4270bb3a316eab872e69dbdf40f273e31f89b436b87c51353ddbe4e4cc3bd17,,UNVERIFIED
EP-05,"The Beast Girl, Ready to Pounce!",00:01:47,107,848190,https://animehistory.org/uploads/screencaps/outlaw-star-E005-The-Beast-Girl-Ready-to-Pounce/cap_00-01-47_6a28.jpg,"Outlaw Star Ep 5: The Beast Girl, Ready to Pounce! @ 00:01:47",https://animehistory.org/gallery/screencaps/outlaw-star/episode-5/,https://animehistory.org/gallery/screencaps/outlaw-star/episode-5/,1,2026-10-07T01:48:51.665260+00:00,b4270bb3a316eab872e69dbdf40f273e31f89b436b87c51353ddbe4e4cc3bd17,,UNVERIFIED
EP-05,"The Beast Girl, Ready to Pounce!",00:01:50,110,848191,https://animehistory.org/uploads/screencaps/outlaw-star-E005-The-Beast-Girl-Ready-to-Pounce/cap_00-01-50_6615.jpg,"Outlaw Star Ep 5: The Beast Girl, Ready to Pounce! @ 00:01:50",https://animehistory.org/gallery/screencaps/outlaw-star/episode-5/,https://animehistory.org/gallery/screencaps/outlaw-star/episode-5/,1,2026-10-07T01:48:51.665260+00:00,b4270bb3a316eab872e69dbdf40f273e31f89b436b87c51353ddbe4e4cc3bd17,,UNVERIFIED
EP-05,"The Beast Girl, Ready to Pounce!",00:01:54,114,848192,https://animehistory.org/uploads/screencaps/outlaw-star-E005-The-Beast-Girl-Ready-to-Pounce/cap_00-01-54_69b3.jpg,"Outlaw Star Ep 5: The Beast Girl, Ready to Pounce! @ 00:01:54",https://animehistory.org/gallery/screencaps/outlaw-star/episode-5/,https://animehistory.org/gallery/screencaps/outlaw-star/episode-5/,1,2026-10-07T01:48:51.665260+00:00,b4270bb3a316eab872e69dbdf40f273e31f89b436b87c51353ddbe4e4cc3bd17,,UNVERIFIED
EP-05,"The Beast Girl, Ready to Pounce!",00:01:58,118,848193,https://animehistory.org/uploads/screencaps/outlaw-star-E005-The-Beast-Girl-Ready-to-Pounce/cap_00-01-58_2791.jpg,"Outlaw Star Ep 5: The Beast Girl, Ready to Pounce! @ 00:01:58",https://animehistory.org/gallery/screencaps/outlaw-star/episode-5/,https://animehistory.org/gallery/screencaps/outlaw-star/episode-5/,1,2026-10-07T01:48:51.665260+00:00,b4270bb3a316eab872e69dbdf40f273e31f89b436b87c51353ddbe4e4cc3bd17,,UNVERIFIED
EP-05,"The Beast Girl, Ready to Pounce!",00:02:01,121,848194,https://animehistory.org/uploads/screencaps/outlaw-star-E005-The-Beast-Girl-Ready-to-Pounce/cap_00-02-01_2ef4.jpg,"Outlaw Star Ep 5: The Beast Girl, Ready to Pounce! @ 00:02:01",https://animehistory.org/gallery/screencaps/outlaw-star/episode-5/,https://animehistory.org/gallery/screencaps/outlaw-star/episode-5/,1,2026-10-07T01:48:51.665260+00:00,b4270bb3a316eab872e69dbdf40f273e31f89b436b87c51353ddbe4e4cc3bd17,,UNVERIFIED
EP-05,"The Beast Girl, Ready to Pounce!",00:02:05,125,848195,https://animehistory.org/uploads/screencaps/outlaw-star-E005-The-Beast-Girl-Ready-to-Pounce/cap_00-02-05_7bda.jpg,"Outlaw Star Ep 5: The Beast Girl, Ready to Pounce! @ 00:02:05",https://animehistory.org/gallery/screencaps/outlaw-star/episode-5/,https://animehistory.org/gallery/screencaps/outlaw-star/episode-5/,1,2026-10-07T01:48:51.665260+00:00,b4270bb3a316eab872e69dbdf40f273e31f89b436b87c51353ddbe4e4cc3bd17,,UNVERIFIED
EP-05,"The Beast Girl, Ready to Pounce!",00:02:08,128,848196,https://animehistory.org/uploads/screencaps/outlaw-star-E005-The-Beast-Girl-Ready-to-Pounce/cap_00-02-08_557a.jpg,"Outlaw Star Ep 5: The Beast Girl, Ready to Pounce! @ 00:02:08",https://animehistory.org/gallery/screencaps/outlaw-star/episode-5/,https://animehistory.org/gallery/screencaps/outlaw-star/episode-5/,1,2026-10-07T01:48:51.665260+00:00,b4270bb3a316eab872e69dbdf40f273e31f89b436b87c51353ddbe4e4cc3bd17,,UNVERIFIED
EP-05,"The Beast Girl, Ready to Pounce!",00:02:12,132,848197,https://animehistory.org/uploads/screencaps/outlaw-star-E005-The-Beast-Girl-Ready-to-Pounce/cap_00-02-12_307e.jpg,"Outlaw Star Ep 5: The Beast Girl, Ready to Pounce! @ 00:02:12",https://animehistory.org/gallery/screencaps/outlaw-star/episode-5/,https://animehistory.org/gallery/screencaps/outlaw-star/episode-5/,1,2026-10-07T01:48:51.665260+00:00,b4270bb3a316eab872e69dbdf40f273e31f89b436b87c51353ddbe4e4cc3bd17,,UNVERIFIED
EP-05,"The Beast Girl, Ready to Pounce!",00:02:16,136,848198,https://animehistory.org/uploads/screencaps/outlaw-star-E005-The-Beast-Girl-Ready-to-Pounce/cap_00-02-16_3990.jpg,"Outlaw Star Ep 5: The Beast Girl, Ready to Pounce! @ 00:02:16",https://animehistory.org/gallery/screencaps/outlaw-star/episode-5/,https://animehistory.org/gallery/screencaps/outlaw-star/episode-5/,1,2026-10-07T01:48:51.665260+00:00,b4270bb3a316eab872e69dbdf40f273e31f89b436b87c51353ddbe4e4cc3bd17,,UNVERIFIED
EP-05,"The Beast Girl, Ready to Pounce!",00:02:19,139,848199,https://animehistory.org/uploads/screencaps/outlaw-star-E005-The-Beast-Girl-Ready-to-Pounce/cap_00-02-19_7927.jpg,"Outlaw Star Ep 5: The Beast Girl, Ready to Pounce! @ 00:02:19",https://animehistory.org/gallery/screencaps/outlaw-star/episode-5/,https://animehistory.org/gallery/screencaps/outlaw-star/episode-5/,1,2026-10-07T01:48:51.665260+00:00,b4270bb3a316eab872e69dbdf40f273e31f89b436b87c51353ddbe4e4cc3bd17,,UNVERIFIED
EP-05,"The Beast Girl, Ready to Pounce!",00:02:23,143,848200,https://animehistory.org/uploads/screencaps/outlaw-star-E005-The-Beast-Girl-Ready-to-Pounce/cap_00-02-23_4b27.jpg,"Outlaw Star Ep 5: The Beast Girl, Ready to Pounce! @ 00:02:23",https://animehistory.org/gallery/screencaps/outlaw-star/episode-5/,https://animehistory.org/gallery/screencaps/outlaw-star/episode-5/,1,2026-10-07T01:48:51.665260+00:00,b4270bb3a316eab872e69dbdf40f273e31f89b436b87c51353ddbe4e4cc3bd17,,UNVERIFIED
EP-05,"The Beast Girl, Ready to Pounce!",00:02:26,146,848201,https://animehistory.org/uploads/screencaps/outlaw-star-E005-The-Beast-Girl-Ready-to-Pounce/cap_00-02-26_60fd.jpg,"Outlaw Star Ep 5: The Beast Girl, Ready to Pounce! @ 00:02:26",https://animehistory.org/gallery/screencaps/outlaw-star/episode-5/,https://animehistory.org/gallery/screencaps/outlaw-star/episode-5/,1,2026-10-07T01:48:51.665260+00:00,b4270bb3a316eab872e69dbdf40f273e31f89b436b87c51353ddbe4e4cc3bd17,,UNVERIFIED
EP-05,"The Beast Girl, Ready to Pounce!",00:02:30,150,848202,https://animehistory.org/uploads/screencaps/outlaw-star-E005-The-Beast-Girl-Ready-to-Pounce/cap_00-02-30_6811.jpg,"Outlaw Star Ep 5: The Beast Girl, Ready to Pounce! @ 00:02:30",https://animehistory.org/gallery/screencaps/outlaw-star/episode-5/,https://animehistory.org/gallery/screencaps/outlaw-star/episode-5/,1,2026-10-07T01:48:51.665260+00:00,b4270bb3a316eab872e69dbdf40f273e31f89b436b87c51353ddbe4e4cc3bd17,,UNVERIFIED
EP-05,"The Beast Girl, Ready to Pounce!",00:02:34,154,848203,https://animehistory.org/uploads/screencaps/outlaw-star-E005-The-Beast-Girl-Ready-to-Pounce/cap_00-02-34_3b7e.jpg,"Outlaw Star Ep 5: The Beast Girl, Ready to Pounce! @ 00:02:34",https://animehistory.org/gallery/screencaps/outlaw-star/episode-5/,https://animehistory.org/gallery/screencaps/outlaw-star/episode-5/,1,2026-10-07T01:48:51.665260+00:00,b4270bb3a316eab872e69dbdf40f273e31f89b436b87c51353ddbe4e4cc3bd17,,UNVERIFIED
EP-05,"The Beast Girl, Ready to Pounce!",00:02:37,157,848204,https://animehistory.org/uploads/screencaps/outlaw-star-E005-The-Beast-Girl-Ready-to-Pounce/cap_00-02-37_07cd.jpg,"Outlaw Star Ep 5: The Beast Girl, Ready to Pounce! @ 00:02:37",https://animehistory.org/gallery/screencaps/outlaw-star/episode-5/,https://animehistory.org/gallery/screencaps/outlaw-star/episode-5/,1,2026-10-07T01:48:51.665260+00:00,b4270bb3a316eab872e69dbdf40f273e31f89b436b87c51353ddbe4e4cc3bd17,,UNVERIFIED
EP-05,"The Beast Girl, Ready to Pounce!",00:02:41,161,848205,https://animehistory.org/uploads/screencaps/outlaw-star-E005-The-Beast-Girl-Ready-to-Pounce/cap_00-02-41_1bf5.jpg,"Outlaw Star Ep 5: The Beast Girl, Ready to Pounce! @ 00:02:41",https://animehistory.org/gallery/screencaps/outlaw-star/episode-5/,https://animehistory.org/gallery/screencaps/outlaw-star/episode-5/,1,2026-10-07T01:48:51.665260+00:00,b4270bb3a316eab872e69dbdf40f273e31f89b436b87c51353ddbe4e4cc3bd17,,UNVERIFIED
EP-05,"The Beast Girl, Ready to Pounce!",00:02:45,165,848206,https://animehistory.org/uploads/screencaps/outlaw-star-E005-The-Beast-Girl-Ready-to-Pounce/cap_00-02-45_0cac.jpg,"Outlaw Star Ep 5: The Beast Girl, Ready to Pounce! @ 00:02:45",https://animehistory.org/gallery/screencaps/outlaw-star/episode-5/,https://animehistory.org/gallery/screencaps/outlaw-star/episode-5/,1,2026-10-07T01:48:51.665260+00:00,b4270bb3a316eab872e69dbdf40f273e31f89b436b87c51353ddbe4e4cc3bd17,,UNVERIFIED
EP-05,"The Beast Girl, Ready to Pounce!",00:02:48,168,848207,https://animehistory.org/uploads/screencaps/outlaw-star-E005-The-Beast-Girl-Ready-to-Pounce/cap_00-02-48_3863.jpg,"Outlaw Star Ep 5: The Beast Girl, Ready to Pounce! @ 00:02:48",https://animehistory.org/gallery/screencaps/outlaw-star/episode-5/,https://animehistory.org/gallery/screencaps/outlaw-star/episode-5/,1,2026-10-07T01:48:51.665260+00:00,b4270bb3a316eab872e69dbdf40f273e31f89b436b87c51353ddbe4e4cc3bd17,,UNVERIFIED
EP-05,"The Beast Girl, Ready to Pounce!",00:02:52,172,848208,https://animehistory.org/uploads/screencaps/outlaw-star-E005-The-Beast-Girl-Ready-to-Pounce/cap_00-02-52_2c69.jpg,"Outlaw Star Ep 5: The Beast Girl, Ready to Pounce! @ 00:02:52",https://animehistory.org/gallery/screencaps/outlaw-star/episode-5/,https://animehistory.org/gallery/screencaps/outlaw-star/episode-5/,1,2026-10-07T01:48:51.665260+00:00,b4270bb3a316eab872e69dbdf40f273e31f89b436b87c51353ddbe4e4cc3bd17,,UNVERIFIED
EP-05,"The Beast Girl, Ready to Pounce!",00:02:55,175,848209,https://animehistory.org/uploads/screencaps/outlaw-star-E005-The-Beast-Girl-Ready-to-Pounce/cap_00-02-55_6fbb.jpg,"Outlaw Star Ep 5: The Beast Girl, Ready to Pounce! @ 00:02:55",https://animehistory.org/gallery/screencaps/outlaw-star/episode-5/,https://animehistory.org/gallery/screencaps/outlaw-star/episode-5/,1,2026-10-07T01:48:51.665260+00:00,b4270bb3a316eab872e69dbdf40f273e31f89b436b87c51353ddbe4e4cc3bd17,,UNVERIFIED
EP-05,"The Beast Girl, Ready to Pounce!",00:02:59,179,848210,https://animehistory.org/uploads/screencaps/outlaw-star-E005-The-Beast-Girl-Ready-to-Pounce/cap_00-02-59_7189.jpg,"Outlaw Star Ep 5: The Beast Girl, Ready to Pounce! @ 00:02:59",https://animehistory.org/gallery/screencaps/outlaw-star/episode-5/,https://animehistory.org/gallery/screencaps/outlaw-star/episode-5/,1,2026-10-07T01:48:51.665260+00:00,b4270bb3a316eab872e69dbdf40f273e31f89b436b87c51353ddbe4e4cc3bd17,,UNVERIFIED
EP-05,"The Beast Girl, Ready to Pounce!",00:03:03,183,848211,https://animehistory.org/uploads/screencaps/outlaw-star-E005-The-Beast-Girl-Ready-to-Pounce/cap_00-03-03_0c47.jpg,"Outlaw Star Ep 5: The Beast Girl, Ready to Pounce! @ 00:03:03",https://animehistory.org/gallery/screencaps/outlaw-star/episode-5/,https://animehistory.org/gallery/screencaps/outlaw-star/episode-5/,1,2026-10-07T01:48:51.665260+00:00,b4270bb3a316eab872e69dbdf40f273e31f89b436b87c51353ddbe4e4cc3bd17,,UNVERIFIED
EP-05,"The Beast Girl, Ready to Pounce!",00:03:06,186,848212,https://animehistory.org/uploads/screencaps/outlaw-star-E005-The-Beast-Girl-Ready-to-Pounce/cap_00-03-06_2ff4.jpg,"Outlaw Star Ep 5: The Beast Girl, Ready to Pounce! @ 00:03:06",https://animehistory.org/gallery/screencaps/outlaw-star/episode-5/,https://animehistory.org/gallery/screencaps/outlaw-star/episode-5/,1,2026-10-07T01:48:51.665260+00:00,b4270bb3a316eab872e69dbdf40f273e31f89b436b87c51353ddbe4e4cc3bd17,,UNVERIFIED
EP-05,"The Beast Girl, Ready to Pounce!",00:03:10,190,848213,https://animehistory.org/uploads/screencaps/outlaw-star-E005-The-Beast-Girl-Ready-to-Pounce/cap_00-03-10_550e.jpg,"Outlaw Star Ep 5: The Beast Girl, Ready to Pounce! @ 00:03:10",https://animehistory.org/gallery/screencaps/outlaw-star/episode-5/,https://animehistory.org/gallery/screencaps/outlaw-star/episode-5/,1,2026-10-07T01:48:51.665260+00:00,b4270bb3a316eab872e69dbdf40f273e31f89b436b87c51353ddbe4e4cc3bd17,,UNVERIFIED
EP-05,"The Beast Girl, Ready to Pounce!",00:03:13,193,848214,https://animehistory.org/uploads/screencaps/outlaw-star-E005-The-Beast-Girl-Ready-to-Pounce/cap_00-03-13_1475.jpg,"Outlaw Star Ep 5: The Beast Girl, Ready to Pounce! @ 00:03:13",https://animehistory.org/gallery/screencaps/outlaw-star/episode-5/,https://animehistory.org/gallery/screencaps/outlaw-star/episode-5/,1,2026-10-07T01:48:51.665260+00:00,b4270bb3a316eab872e69dbdf40f273e31f89b436b87c51353ddbe4e4cc3bd17,,UNVERIFIED
EP-05,"The Beast Girl, Ready to Pounce!",00:03:17,197,848215,https://animehistory.org/uploads/screencaps/outlaw-star-E005-The-Beast-Girl-Ready-to-Pounce/cap_00-03-17_5b53.jpg,"Outlaw Star Ep 5: The Beast Girl, Ready to Pounce! @ 00:03:17",https://animehistory.org/gallery/screencaps/outlaw-star/episode-5/,https://animehistory.org/gallery/screencaps/outlaw-star/episode-5/,1,2026-10-07T01:48:51.665260+00:00,b4270bb3a316eab872e69dbdf40f273e31f89b436b87c51353ddbe4e4cc3bd17,,UNVERIFIED
EP-05,"The Beast Girl, Ready to Pounce!",00:03:21,201,848216,https://animehistory.org/uploads/screencaps/outlaw-star-E005-The-Beast-Girl-Ready-to-Pounce/cap_00-03-21_6c47.jpg,"Outlaw Star Ep 5: The Beast Girl, Ready to Pounce! @ 00:03:21",https://animehistory.org/gallery/screencaps/outlaw-star/episode-5/,https://animehistory.org/gallery/screencaps/outlaw-star/episode-5/,1,2026-10-07T01:48:51.665260+00:00,b4270bb3a316eab872e69dbdf40f273e31f89b436b87c51353ddbe4e4cc3bd17,,UNVERIFIED
EP-05,"The Beast Girl, Ready to Pounce!",00:03:24,204,848217,https://animehistory.org/uploads/screencaps/outlaw-star-E005-The-Beast-Girl-Ready-to-Pounce/cap_00-03-24_2db3.jpg,"Outlaw Star Ep 5: The Beast Girl, Ready to Pounce! @ 00:03:24",https://animehistory.org/gallery/screencaps/outlaw-star/episode-5/,https://animehistory.org/gallery/screencaps/outlaw-star/episode-5/,1,2026-10-07T01:48:51.665260+00:00,b4270bb3a316eab872e69dbdf40f273e31f89b436b87c51353ddbe4e4cc3bd17,,UNVERIFIED
EP-05,"The Beast Girl, Ready to Pounce!",00:03:28,208,848218,https://animehistory.org/uploads/screencaps/outlaw-star-E005-The-Beast-Girl-Ready-to-Pounce/cap_00-03-28_52e2.jpg,"Outlaw Star Ep 5: The Beast Girl, Ready to Pounce! @ 00:03:28",https://animehistory.org/gallery/screencaps/outlaw-star/episode-5/,https://animehistory.org/gallery/screencaps/outlaw-star/episode-5/,1,2026-10-07T01:48:51.665260+00:00,b4270bb3a316eab872e69dbdf40f273e31f89b436b87c51353ddbe4e4cc3bd17,,UNVERIFIED
EP-05,"The Beast Girl, Ready to Pounce!",00:03:31,211,848219,https://animehistory.org/uploads/screencaps/outlaw-star-E005-The-Beast-Girl-Ready-to-Pounce/cap_00-03-31_3298.jpg,"Outlaw Star Ep 5: The Beast Girl, Ready to Pounce! @ 00:03:31",https://animehistory.org/gallery/screencaps/outlaw-star/episode-5/,https://animehistory.org/gallery/screencaps/outlaw-star/episode-5/,1,2026-10-07T01:48:51.665260+00:00,b4270bb3a316eab872e69dbdf40f273e31f89b436b87c51353ddbe4e4cc3bd17,,UNVERIFIED
EP-05,"The Beast Girl, Ready to Pounce!",00:03:35,215,848220,https://animehistory.org/uploads/screencaps/outlaw-star-E005-The-Beast-Girl-Ready-to-Pounce/cap_00-03-35_2868.jpg,"Outlaw Star Ep 5: The Beast Girl, Ready to Pounce! @ 00:03:35",https://animehistory.org/gallery/screencaps/outlaw-star/episode-5/,https://animehistory.org/gallery/screencaps/outlaw-star/episode-5/,1,2026-10-07T01:48:51.665260+00:00,b4270bb3a316eab872e69dbdf40f273e31f89b436b87c51353ddbe4e4cc3bd17,,UNVERIFIED
EP-05,"The Beast Girl, Ready to Pounce!",00:03:39,219,848221,https://animehistory.org/uploads/screencaps/outlaw-star-E005-The-Beast-Girl-Ready-to-Pounce/cap_00-03-39_483d.jpg,"Outlaw Star Ep 5: The Beast Girl, Ready to Pounce! @ 00:03:39",https://animehistory.org/gallery/screencaps/outlaw-star/episode-5/,https://animehistory.org/gallery/screencaps/outlaw-star/episode-5/,1,2026-10-07T01:48:51.665260+00:00,b4270bb3a316eab872e69dbdf40f273e31f89b436b87c51353ddbe4e4cc3bd17,,UNVERIFIED
EP-05,"The Beast Girl, Ready to Pounce!",00:03:42,222,848222,https://animehistory.org/uploads/screencaps/outlaw-star-E005-The-Beast-Girl-Ready-to-Pounce/cap_00-03-42_16d4.jpg,"Outlaw Star Ep 5: The Beast Girl, Ready to Pounce! @ 00:03:42",https://animehistory.org/gallery/screencaps/outlaw-star/episode-5/,https://animehistory.org/gallery/screencaps/outlaw-star/episode-5/,1,2026-10-07T01:48:51.665260+00:00,b4270bb3a316eab872e69dbdf40f273e31f89b436b87c51353ddbe4e4cc3bd17,,UNVERIFIED
EP-05,"The Beast Girl, Ready to Pounce!",00:03:46,226,848223,https://animehistory.org/uploads/screencaps/outlaw-star-E005-The-Beast-Girl-Ready-to-Pounce/cap_00-03-46_216d.jpg,"Outlaw Star Ep 5: The Beast Girl, Ready to Pounce! @ 00:03:46",https://animehistory.org/gallery/screencaps/outlaw-star/episode-5/,https://animehistory.org/gallery/screencaps/outlaw-star/episode-5/,1,2026-10-07T01:48:51.665260+00:00,b4270bb3a316eab872e69dbdf40f273e31f89b436b87c51353ddbe4e4cc3bd17,,UNVERIFIED
EP-05,"The Beast Girl, Ready to Pounce!",00:03:50,230,848224,https://animehistory.org/uploads/screencaps/outlaw-star-E005-The-Beast-Girl-Ready-to-Pounce/cap_00-03-50_3fd8.jpg,"Outlaw Star Ep 5: The Beast Girl, Ready to Pounce! @ 00:03:50",https://animehistory.org/gallery/screencaps/outlaw-star/episode-5/,https://animehistory.org/gallery/screencaps/outlaw-star/episode-5/,1,2026-10-07T01:48:51.665260+00:00,b4270bb3a316eab872e69dbdf40f273e31f89b436b87c51353ddbe4e4cc3bd17,,UNVERIFIED
EP-05,"The Beast Girl, Ready to Pounce!",00:03:53,233,848225,https://animehistory.org/uploads/screencaps/outlaw-star-E005-The-Beast-Girl-Ready-to-Pounce/cap_00-03-53_4ab8.jpg,"Outlaw Star Ep 5: The Beast Girl, Ready to Pounce! @ 00:03:53",https://animehistory.org/gallery/screencaps/outlaw-star/episode-5/,https://animehistory.org/gallery/screencaps/outlaw-star/episode-5/,1,2026-10-07T01:48:51.665260+00:00,b4270bb3a316eab872e69dbdf40f273e31f89b436b87c51353ddbe4e4cc3bd17,,UNVERIFIED
EP-05,"The Beast Girl, Ready to Pounce!",00:03:57,237,848226,https://animehistory.org/uploads/screencaps/outlaw-star-E005-The-Beast-Girl-Ready-to-Pounce/cap_00-03-57_523f.jpg,"Outlaw Star Ep 5: The Beast Girl, Ready to Pounce! @ 00:03:57",https://animehistory.org/gallery/screencaps/outlaw-star/episode-5/,https://animehistory.org/gallery/screencaps/outlaw-star/episode-5/,1,2026-10-07T01:48:51.665260+00:00,b4270bb3a316eab872e69dbdf40f273e31f89b436b87c51353ddbe4e4cc3bd17,,UNVERIFIED
EP-05,"The Beast Girl, Ready to Pounce!",00:04:00,240,848227,https://animehistory.org/uploads/screencaps/outlaw-star-E005-The-Beast-Girl-Ready-to-Pounce/cap_00-04-00_7945.jpg,"Outlaw Star Ep 5: The Beast Girl, Ready to Pounce! @ 00:04:00",https://animehistory.org/gallery/screencaps/outlaw-star/episode-5/,https://animehistory.org/gallery/screencaps/outlaw-star/episode-5/,1,2026-10-07T01:48:51.665260+00:00,b4270bb3a316eab872e69dbdf40f273e31f89b436b87c51353ddbe4e4cc3bd17,,UNVERIFIED
EP-05,"The Beast Girl, Ready to Pounce!",00:04:04,244,848228,https://animehistory.org/uploads/screencaps/outlaw-star-E005-The-Beast-Girl-Ready-to-Pounce/cap_00-04-04_199b.jpg,"Outlaw Star Ep 5: The Beast Girl, Ready to Pounce! @ 00:04:04",https://animehistory.org/gallery/screencaps/outlaw-star/episode-5/,https://animehistory.org/gallery/screencaps/outlaw-star/episode-5/,1,2026-10-07T01:48:51.665260+00:00,b4270bb3a316eab872e69dbdf40f273e31f89b436b87c51353ddbe4e4cc3bd17,,UNVERIFIED
EP-05,"The Beast Girl, Ready to Pounce!",00:04:08,248,848229,https://animehistory.org/uploads/screencaps/outlaw-star-E005-The-Beast-Girl-Ready-to-Pounce/cap_00-04-08_2a4f.jpg,"Outlaw Star Ep 5: The Beast Girl, Ready to Pounce! @ 00:04:08",https://animehistory.org/gallery/screencaps/outlaw-star/episode-5/,https://animehistory.org/gallery/screencaps/outlaw-star/episode-5/,1,2026-10-07T01:48:51.665260+00:00,b4270bb3a316eab872e69dbdf40f273e31f89b436b87c51353ddbe4e4cc3bd17,,UNVERIFIED
EP-05,"The Beast Girl, Ready to Pounce!",00:04:11,251,848230,https://animehistory.org/uploads/screencaps/outlaw-star-E005-The-Beast-Girl-Ready-to-Pounce/cap_00-04-11_06ca.jpg,"Outlaw Star Ep 5: The Beast Girl, Ready to Pounce! @ 00:04:11",https://animehistory.org/gallery/screencaps/outlaw-star/episode-5/,https://animehistory.org/gallery/screencaps/outlaw-star/episode-5/,1,2026-10-07T01:48:51.665260+00:00,b4270bb3a316eab872e69dbdf40f273e31f89b436b87c51353ddbe4e4cc3bd17,,UNVERIFIED
EP-05,"The Beast Girl, Ready to Pounce!",00:04:15,255,848231,https://animehistory.org/uploads/screencaps/outlaw-star-E005-The-Beast-Girl-Ready-to-Pounce/cap_00-04-15_2e96.jpg,"Outlaw Star Ep 5: The Beast Girl, Ready to Pounce! @ 00:04:15",https://animehistory.org/gallery/screencaps/outlaw-star/episode-5/,https://animehistory.org/gallery/screencaps/outlaw-star/episode-5/,1,2026-10-07T01:48:51.665260+00:00,b4270bb3a316eab872e69dbdf40f273e31f89b436b87c51353ddbe4e4cc3bd17,,UNVERIFIED
EP-05,"The Beast Girl, Ready to Pounce!",00:04:18,258,848232,https://animehistory.org/uploads/screencaps/outlaw-star-E005-The-Beast-Girl-Ready-to-Pounce/cap_00-04-18_0764.jpg,"Outlaw Star Ep 5: The Beast Girl, Ready to Pounce! @ 00:04:18",https://animehistory.org/gallery/screencaps/outlaw-star/episode-5/,https://animehistory.org/gallery/screencaps/outlaw-star/episode-5/,1,2026-10-07T01:48:51.665260+00:00,b4270bb3a316eab872e69dbdf40f273e31f89b436b87c51353ddbe4e4cc3bd17,,UNVERIFIED
EP-05,"The Beast Girl, Ready to Pounce!",00:04:22,262,848233,https://animehistory.org/uploads/screencaps/outlaw-star-E005-The-Beast-Girl-Ready-to-Pounce/cap_00-04-22_145b.jpg,"Outlaw Star Ep 5: The Beast Girl, Ready to Pounce! @ 00:04:22",https://animehistory.org/gallery/screencaps/outlaw-star/episode-5/,https://animehistory.org/gallery/screencaps/outlaw-star/episode-5/,1,2026-10-07T01:48:51.665260+00:00,b4270bb3a316eab872e69dbdf40f273e31f89b436b87c51353ddbe4e4cc3bd17,,UNVERIFIED
EP-05,"The Beast Girl, Ready to Pounce!",00:04:26,266,848234,https://animehistory.org/uploads/screencaps/outlaw-star-E005-The-Beast-Girl-Ready-to-Pounce/cap_00-04-26_337d.jpg,"Outlaw Star Ep 5: The Beast Girl, Ready to Pounce! @ 00:04:26",https://animehistory.org/gallery/screencaps/outlaw-star/episode-5/,https://animehistory.org/gallery/screencaps/outlaw-star/episode-5/,1,2026-10-07T01:48:51.665260+00:00,b4270bb3a316eab872e69dbdf40f273e31f89b436b87c51353ddbe4e4cc3bd17,,UNVERIFIED
EP-05,"The Beast Girl, Ready to Pounce!",00:04:29,269,848235,https://animehistory.org/uploads/screencaps/outlaw-star-E005-The-Beast-Girl-Ready-to-Pounce/cap_00-04-29_0807.jpg,"Outlaw Star Ep 5: The Beast Girl, Ready to Pounce! @ 00:04:29",https://animehistory.org/gallery/screencaps/outlaw-star/episode-5/,https://animehistory.org/gallery/screencaps/outlaw-star/episode-5/,1,2026-10-07T01:48:51.665260+00:00,b4270bb3a316eab872e69dbdf40f273e31f89b436b87c51353ddbe4e4cc3bd17,,UNVERIFIED
EP-05,"The Beast Girl, Ready to Pounce!",00:04:33,273,848236,https://animehistory.org/uploads/screencaps/outlaw-star-E005-The-Beast-Girl-Ready-to-Pounce/cap_00-04-33_5600.jpg,"Outlaw Star Ep 5: The Beast Girl, Ready to Pounce! @ 00:04:33",https://animehistory.org/gallery/screencaps/outlaw-star/episode-5/,https://animehistory.org/gallery/screencaps/outlaw-star/episode-5/,1,2026-10-07T01:48:51.665260+00:00,b4270bb3a316eab872e69dbdf40f273e31f89b436b87c51353ddbe4e4cc3bd17,,UNVERIFIED
EP-05,"The Beast Girl, Ready to Pounce!",00:04:36,276,848237,https://animehistory.org/uploads/screencaps/outlaw-star-E005-The-Beast-Girl-Ready-to-Pounce/cap_00-04-36_0869.jpg,"Outlaw Star Ep 5: The Beast Girl, Ready to Pounce! @ 00:04:36",https://animehistory.org/gallery/screencaps/outlaw-star/episode-5/,https://animehistory.org/gallery/screencaps/outlaw-star/episode-5/,1,2026-10-07T01:48:51.665260+00:00,b4270bb3a316eab872e69dbdf40f273e31f89b436b87c51353ddbe4e4cc3bd17,,UNVERIFIED
EP-05,"The Beast Girl, Ready to Pounce!",00:04:40,280,848238,https://animehistory.org/uploads/screencaps/outlaw-star-E005-The-Beast-Girl-Ready-to-Pounce/cap_00-04-40_542c.jpg,"Outlaw Star Ep 5: The Beast Girl, Ready to Pounce! @ 00:04:40",https://animehistory.org/gallery/screencaps/outlaw-star/episode-5/,https://animehistory.org/gallery/screencaps/outlaw-star/episode-5/,1,2026-10-07T01:48:51.665260+00:00,b4270bb3a316eab872e69dbdf40f273e31f89b436b87c51353ddbe4e4cc3bd17,,UNVERIFIED
EP-05,"The Beast Girl, Ready to Pounce!",00:04:44,284,848239,https://animehistory.org/uploads/screencaps/outlaw-star-E005-The-Beast-Girl-Ready-to-Pounce/cap_00-04-44_1475.jpg,"Outlaw Star Ep 5: The Beast Girl, Ready to Pounce! @ 00:04:44",https://animehistory.org/gallery/screencaps/outlaw-star/episode-5/,https://animehistory.org/gallery/screencaps/outlaw-star/episode-5/,1,2026-10-07T01:48:51.665260+00:00,b4270bb3a316eab872e69dbdf40f273e31f89b436b87c51353ddbe4e4cc3bd17,,UNVERIFIED
EP-05,"The Beast Girl, Ready to Pounce!",00:04:47,287,848240,https://animehistory.org/uploads/screencaps/outlaw-star-E005-The-Beast-Girl-Ready-to-Pounce/cap_00-04-47_7f89.jpg,"Outlaw Star Ep 5: The Beast Girl, Ready to Pounce! @ 00:04:47",https://animehistory.org/gallery/screencaps/outlaw-star/episode-5/,https://animehistory.org/gallery/screencaps/outlaw-star/episode-5/,1,2026-10-07T01:48:51.665260+00:00,b4270bb3a316eab872e69dbdf40f273e31f89b436b87c51353ddbe4e4cc3bd17,,UNVERIFIED
EP-05,"The Beast Girl, Ready to Pounce!",00:04:51,291,848241,https://animehistory.org/uploads/screencaps/outlaw-star-E005-The-Beast-Girl-Ready-to-Pounce/cap_00-04-51_4a18.jpg,"Outlaw Star Ep 5: The Beast Girl, Ready to Pounce! @ 00:04:51",https://animehistory.org/gallery/screencaps/outlaw-star/episode-5/,https://animehistory.org/gallery/screencaps/outlaw-star/episode-5/,1,2026-10-07T01:48:51.665260+00:00,b4270bb3a316eab872e69dbdf40f273e31f89b436b87c51353ddbe4e4cc3bd17,,UNVERIFIED
EP-05,"The Beast Girl, Ready to Pounce!",00:04:55,295,848242,https://animehistory.org/uploads/screencaps/outlaw-star-E005-The-Beast-Girl-Ready-to-Pounce/cap_00-04-55_36eb.jpg,"Outlaw Star Ep 5: The Beast Girl, Ready to Pounce! @ 00:04:55",https://animehistory.org/gallery/screencaps/outlaw-star/episode-5/,https://animehistory.org/gallery/screencaps/outlaw-star/episode-5/,1,2026-10-07T01:48:51.665260+00:00,b4270bb3a316eab872e69dbdf40f273e31f89b436b87c51353ddbe4e4cc3bd17,,UNVERIFIED
EP-05,"The Beast Girl, Ready to Pounce!",00:04:58,298,848243,https://animehistory.org/uploads/screencaps/outlaw-star-E005-The-Beast-Girl-Ready-to-Pounce/cap_00-04-58_134b.jpg,"Outlaw Star Ep 5: The Beast Girl, Ready to Pounce! @ 00:04:58",https://animehistory.org/gallery/screencaps/outlaw-star/episode-5/,https://animehistory.org/gallery/screencaps/outlaw-star/episode-5/,1,2026-10-07T01:48:51.665260+00:00,b4270bb3a316eab872e69dbdf40f273e31f89b436b87c51353ddbe4e4cc3bd17,,UNVERIFIED
EP-05,"The Beast Girl, Ready to Pounce!",00:05:02,302,848244,https://animehistory.org/uploads/screencaps/outlaw-star-E005-The-Beast-Girl-Ready-to-Pounce/cap_00-05-02_1c6a.jpg,"Outlaw Star Ep 5: The Beast Girl, Ready to Pounce! @ 00:05:02",https://animehistory.org/gallery/screencaps/outlaw-star/episode-5/,https://animehistory.org/gallery/screencaps/outlaw-star/episode-5/,1,2026-10-07T01:48:51.665260+00:00,b4270bb3a316eab872e69dbdf40f273e31f89b436b87c51353ddbe4e4cc3bd17,,UNVERIFIED
EP-05,"The Beast Girl, Ready to Pounce!",00:05:05,305,848245,https://animehistory.org/uploads/screencaps/outlaw-star-E005-The-Beast-Girl-Ready-to-Pounce/cap_00-05-05_3f83.jpg,"Outlaw Star Ep 5: The Beast Girl, Ready to Pounce! @ 00:05:05",https://animehistory.org/gallery/screencaps/outlaw-star/episode-5/,https://animehistory.org/gallery/screencaps/outlaw-star/episode-5/,1,2026-10-07T01:48:51.665260+00:00,b4270bb3a316eab872e69dbdf40f273e31f89b436b87c51353ddbe4e4cc3bd17,,UNVERIFIED
EP-05,"The Beast Girl, Ready to Pounce!",00:05:09,309,848246,https://animehistory.org/uploads/screencaps/outlaw-star-E005-The-Beast-Girl-Ready-to-Pounce/cap_00-05-09_08df.jpg,"Outlaw Star Ep 5: The Beast Girl, Ready to Pounce! @ 00:05:09",https://animehistory.org/gallery/screencaps/outlaw-star/episode-5/,https://animehistory.org/gallery/screencaps/outlaw-star/episode-5/,1,2026-10-07T01:48:51.665260+00:00,b4270bb3a316eab872e69dbdf40f273e31f89b436b87c51353ddbe4e4cc3bd17,,UNVERIFIED
EP-05,"The Beast Girl, Ready to Pounce!",00:05:13,313,848247,https://animehistory.org/uploads/screencaps/outlaw-star-E005-The-Beast-Girl-Ready-to-Pounce/cap_00-05-13_659d.jpg,"Outlaw Star Ep 5: The Beast Girl, Ready to Pounce! @ 00:05:13",https://animehistory.org/gallery/screencaps/outlaw-star/episode-5/,https://animehistory.org/gallery/screencaps/outlaw-star/episode-5/,1,2026-10-07T01:48:51.665260+00:00,b4270bb3a316eab872e69dbdf40f273e31f89b436b87c51353ddbe4e4cc3bd17,,UNVERIFIED
EP-05,"The Beast Girl, Ready to Pounce!",00:05:16,316,848248,https://animehistory.org/uploads/screencaps/outlaw-star-E005-The-Beast-Girl-Ready-to-Pounce/cap_00-05-16_3211.jpg,"Outlaw Star Ep 5: The Beast Girl, Ready to Pounce! @ 00:05:16",https://animehistory.org/gallery/screencaps/outlaw-star/episode-5/,https://animehistory.org/gallery/screencaps/outlaw-star/episode-5/,1,2026-10-07T01:48:51.665260+00:00,b4270bb3a316eab872e69dbdf40f273e31f89b436b87c51353ddbe4e4cc3bd17,,UNVERIFIED
EP-05,"The Beast Girl, Ready to Pounce!",00:05:20,320,848249,https://animehistory.org/uploads/screencaps/outlaw-star-E005-The-Beast-Girl-Ready-to-Pounce/cap_00-05-20_47a9.jpg,"Outlaw Star Ep 5: The Beast Girl, Ready to Pounce! @ 00:05:20",https://animehistory.org/gallery/screencaps/outlaw-star/episode-5/,https://animehistory.org/gallery/screencaps/outlaw-star/episode-5/,1,2026-10-07T01:48:51.665260+00:00,b4270bb3a316eab872e69dbdf40f273e31f89b436b87c51353ddbe4e4cc3bd17,,UNVERIFIED
EP-05,"The Beast Girl, Ready to Pounce!",00:05:23,323,848250,https://animehistory.org/uploads/screencaps/outlaw-star-E005-The-Beast-Girl-Ready-to-Pounce/cap_00-05-23_72c6.jpg,"Outlaw Star Ep 5: The Beast Girl, Ready to Pounce! @ 00:05:23",https://animehistory.org/gallery/screencaps/outlaw-star/episode-5/,https://animehistory.org/gallery/screencaps/outlaw-star/episode-5/,1,2026-10-07T01:48:51.665260+00:00,b4270bb3a316eab872e69dbdf40f273e31f89b436b87c51353ddbe4e4cc3bd17,,UNVERIFIED
EP-05,"The Beast Girl, Ready to Pounce!",00:05:27,327,848251,https://animehistory.org/uploads/screencaps/outlaw-star-E005-The-Beast-Girl-Ready-to-Pounce/cap_00-05-27_0289.jpg,"Outlaw Star Ep 5: The Beast Girl, Ready to Pounce! @ 00:05:27",https://animehistory.org/gallery/screencaps/outlaw-star/episode-5/,https://animehistory.org/gallery/screencaps/outlaw-star/episode-5/,1,2026-10-07T01:48:51.665260+00:00,b4270bb3a316eab872e69dbdf40f273e31f89b436b87c51353ddbe4e4cc3bd17,,UNVERIFIED
EP-05,"The Beast Girl, Ready to Pounce!",00:05:31,331,848252,https://animehistory.org/uploads/screencaps/outlaw-star-E005-The-Beast-Girl-Ready-to-Pounce/cap_00-05-31_11e2.jpg,"Outlaw Star Ep 5: The Beast Girl, Ready to Pounce! @ 00:05:31",https://animehistory.org/gallery/screencaps/outlaw-star/episode-5/,https://animehistory.org/gallery/screencaps/outlaw-star/episode-5/,1,2026-10-07T01:48:51.665260+00:00,b4270bb3a316eab872e69dbdf40f273e31f89b436b87c51353ddbe4e4cc3bd17,,UNVERIFIED
EP-05,"The Beast Girl, Ready to Pounce!",00:05:34,334,848253,https://animehistory.org/uploads/screencaps/outlaw-star-E005-The-Beast-Girl-Ready-to-Pounce/cap_00-05-34_5b0e.jpg,"Outlaw Star Ep 5: The Beast Girl, Ready to Pounce! @ 00:05:34",https://animehistory.org/gallery/screencaps/outlaw-star/episode-5/,https://animehistory.org/gallery/screencaps/outlaw-star/episode-5/,1,2026-10-07T01:48:51.665260+00:00,b4270bb3a316eab872e69dbdf40f273e31f89b436b87c51353ddbe4e4cc3bd17,,UNVERIFIED
EP-05,"The Beast Girl, Ready to Pounce!",00:05:38,338,848254,https://animehistory.org/uploads/screencaps/outlaw-star-E005-The-Beast-Girl-Ready-to-Pounce/cap_00-05-38_5fd9.jpg,"Outlaw Star Ep 5: The Beast Girl, Ready to Pounce! @ 00:05:38",https://animehistory.org/gallery/screencaps/outlaw-star/episode-5/,https://animehistory.org/gallery/screencaps/outlaw-star/episode-5/,1,2026-10-07T01:48:51.665260+00:00,b4270bb3a316eab872e69dbdf40f273e31f89b436b87c51353ddbe4e4cc3bd17,,UNVERIFIED
EP-05,"The Beast Girl, Ready to Pounce!",00:05:41,341,848255,https://animehistory.org/uploads/screencaps/outlaw-star-E005-The-Beast-Girl-Ready-to-Pounce/cap_00-05-41_480d.jpg,"Outlaw Star Ep 5: The Beast Girl, Ready to Pounce! @ 00:05:41",https://animehistory.org/gallery/screencaps/outlaw-star/episode-5/,https://animehistory.org/gallery/screencaps/outlaw-star/episode-5/,1,2026-10-07T01:48:51.665260+00:00,b4270bb3a316eab872e69dbdf40f273e31f89b436b87c51353ddbe4e4cc3bd17,,UNVERIFIED
EP-05,"The Beast Girl, Ready to Pounce!",00:05:45,345,848256,https://animehistory.org/uploads/screencaps/outlaw-star-E005-The-Beast-Girl-Ready-to-Pounce/cap_00-05-45_3e97.jpg,"Outlaw Star Ep 5: The Beast Girl, Ready to Pounce! @ 00:05:45",https://animehistory.org/gallery/screencaps/outlaw-star/episode-5/,https://animehistory.org/gallery/screencaps/outlaw-star/episode-5/,1,2026-10-07T01:48:51.665260+00:00,b4270bb3a316eab872e69dbdf40f273e31f89b436b87c51353ddbe4e4cc3bd17,,UNVERIFIED
EP-05,"The Beast Girl, Ready to Pounce!",00:05:49,349,848257,https://animehistory.org/uploads/screencaps/outlaw-star-E005-The-Beast-Girl-Ready-to-Pounce/cap_00-05-49_0d1e.jpg,"Outlaw Star Ep 5: The Beast Girl, Ready to Pounce! @ 00:05:49",https://animehistory.org/gallery/screencaps/outlaw-star/episode-5/,https://animehistory.org/gallery/screencaps/outlaw-star/episode-5/,1,2026-10-07T01:48:51.665260+00:00,b4270bb3a316eab872e69dbdf40f273e31f89b436b87c51353ddbe4e4cc3bd17,,UNVERIFIED
EP-05,"The Beast Girl, Ready to Pounce!",00:05:52,352,848258,https://animehistory.org/uploads/screencaps/outlaw-star-E005-The-Beast-Girl-Ready-to-Pounce/cap_00-05-52_58ee.jpg,"Outlaw Star Ep 5: The Beast Girl, Ready to Pounce! @ 00:05:52",https://animehistory.org/gallery/screencaps/outlaw-star/episode-5/,https://animehistory.org/gallery/screencaps/outlaw-star/episode-5/,1,2026-10-07T01:48:51.665260+00:00,b4270bb3a316eab872e69dbdf40f273e31f89b436b87c51353ddbe4e4cc3bd17,,UNVERIFIED
EP-05,"The Beast Girl, Ready to Pounce!",00:05:56,356,848259,https://animehistory.org/uploads/screencaps/outlaw-star-E005-The-Beast-Girl-Ready-to-Pounce/cap_00-05-56_4087.jpg,"Outlaw Star Ep 5: The Beast Girl, Ready to Pounce! @ 00:05:56",https://animehistory.org/gallery/screencaps/outlaw-star/episode-5/,https://animehistory.org/gallery/screencaps/outlaw-star/episode-5/,1,2026-10-07T01:48:51.665260+00:00,b4270bb3a316eab872e69dbdf40f273e31f89b436b87c51353ddbe4e4cc3bd17,,UNVERIFIED
EP-05,"The Beast Girl, Ready to Pounce!",00:06:00,360,848260,https://animehistory.org/uploads/screencaps/outlaw-star-E005-The-Beast-Girl-Ready-to-Pounce/cap_00-06-00_6dee.jpg,"Outlaw Star Ep 5: The Beast Girl, Ready to Pounce! @ 00:06:00",https://animehistory.org/gallery/screencaps/outlaw-star/episode-5/,https://animehistory.org/gallery/screencaps/outlaw-star/episode-5/,1,2026-10-07T01:48:51.665260+00:00,b4270bb3a316eab872e69dbdf40f273e31f89b436b87c51353ddbe4e4cc3bd17,,UNVERIFIED
EP-05,"The Beast Girl, Ready to Pounce!",00:06:03,363,848261,https://animehistory.org/uploads/screencaps/outlaw-star-E005-The-Beast-Girl-Ready-to-Pounce/cap_00-06-03_1686.jpg,"Outlaw Star Ep 5: The Beast Girl, Ready to Pounce! @ 00:06:03",https://animehistory.org/gallery/screencaps/outlaw-star/episode-5/,https://animehistory.org/gallery/screencaps/outlaw-star/episode-5/,1,2026-10-07T01:48:51.665260+00:00,b4270bb3a316eab872e69dbdf40f273e31f89b436b87c51353ddbe4e4cc3bd17,,UNVERIFIED
EP-05,"The Beast Girl, Ready to Pounce!",00:06:07,367,848262,https://animehistory.org/uploads/screencaps/outlaw-star-E005-The-Beast-Girl-Ready-to-Pounce/cap_00-06-07_4995.jpg,"Outlaw Star Ep 5: The Beast Girl, Ready to Pounce! @ 00:06:07",https://animehistory.org/gallery/screencaps/outlaw-star/episode-5/,https://animehistory.org/gallery/screencaps/outlaw-star/episode-5/,1,2026-10-07T01:48:51.665260+00:00,b4270bb3a316eab872e69dbdf40f273e31f89b436b87c51353ddbe4e4cc3bd17,,UNVERIFIED
EP-05,"The Beast Girl, Ready to Pounce!",00:06:10,370,848263,https://animehistory.org/uploads/screencaps/outlaw-star-E005-The-Beast-Girl-Ready-to-Pounce/cap_00-06-10_687e.jpg,"Outlaw Star Ep 5: The Beast Girl, Ready to Pounce! @ 00:06:10",https://animehistory.org/gallery/screencaps/outlaw-star/episode-5/,https://animehistory.org/gallery/screencaps/outlaw-star/episode-5/,1,2026-10-07T01:48:51.665260+00:00,b4270bb3a316eab872e69dbdf40f273e31f89b436b87c51353ddbe4e4cc3bd17,,UNVERIFIED
EP-05,"The Beast Girl, Ready to Pounce!",00:06:14,374,848264,https://animehistory.org/uploads/screencaps/outlaw-star-E005-The-Beast-Girl-Ready-to-Pounce/cap_00-06-14_6e10.jpg,"Outlaw Star Ep 5: The Beast Girl, Ready to Pounce! @ 00:06:14",https://animehistory.org/gallery/screencaps/outlaw-star/episode-5/,https://animehistory.org/gallery/screencaps/outlaw-star/episode-5/,1,2026-10-07T01:48:51.665260+00:00,b4270bb3a316eab872e69dbdf40f273e31f89b436b87c51353ddbe4e4cc3bd17,,UNVERIFIED
EP-05,"The Beast Girl, Ready to Pounce!",00:06:18,378,848265,https://animehistory.org/uploads/screencaps/outlaw-star-E005-The-Beast-Girl-Ready-to-Pounce/cap_00-06-18_2271.jpg,"Outlaw Star Ep 5: The Beast Girl, Ready to Pounce! @ 00:06:18",https://animehistory.org/gallery/screencaps/outlaw-star/episode-5/,https://animehistory.org/gallery/screencaps/outlaw-star/episode-5/,1,2026-10-07T01:48:51.665260+00:00,b4270bb3a316eab872e69dbdf40f273e31f89b436b87c51353ddbe4e4cc3bd17,,UNVERIFIED
EP-05,"The Beast Girl, Ready to Pounce!",00:06:21,381,848266,https://animehistory.org/uploads/screencaps/outlaw-star-E005-The-Beast-Girl-Ready-to-Pounce/cap_00-06-21_67d8.jpg,"Outlaw Star Ep 5: The Beast Girl, Ready to Pounce! @ 00:06:21",https://animehistory.org/gallery/screencaps/outlaw-star/episode-5/,https://animehistory.org/gallery/screencaps/outlaw-star/episode-5/,1,2026-10-07T01:48:51.665260+00:00,b4270bb3a316eab872e69dbdf40f273e31f89b436b87c51353ddbe4e4cc3bd17,,UNVERIFIED
EP-05,"The Beast Girl, Ready to Pounce!",00:06:25,385,848267,https://animehistory.org/uploads/screencaps/outlaw-star-E005-The-Beast-Girl-Ready-to-Pounce/cap_00-06-25_0039.jpg,"Outlaw Star Ep 5: The Beast Girl, Ready to Pounce! @ 00:06:25",https://animehistory.org/gallery/screencaps/outlaw-star/episode-5/,https://animehistory.org/gallery/screencaps/outlaw-star/episode-5/,1,2026-10-07T01:48:51.665260+00:00,b4270bb3a316eab872e69dbdf40f273e31f89b436b87c51353ddbe4e4cc3bd17,,UNVERIFIED
EP-05,"The Beast Girl, Ready to Pounce!",00:06:28,388,848268,https://animehistory.org/uploads/screencaps/outlaw-star-E005-The-Beast-Girl-Ready-to-Pounce/cap_00-06-28_7173.jpg,"Outlaw Star Ep 5: The Beast Girl, Ready to Pounce! @ 00:06:28",https://animehistory.org/gallery/screencaps/outlaw-star/episode-5/,https://animehistory.org/gallery/screencaps/outlaw-star/episode-5/,1,2026-10-07T01:48:51.665260+00:00,b4270bb3a316eab872e69dbdf40f273e31f89b436b87c51353ddbe4e4cc3bd17,,UNVERIFIED
EP-05,"The Beast Girl, Ready to Pounce!",00:06:32,392,848269,https://animehistory.org/uploads/screencaps/outlaw-star-E005-The-Beast-Girl-Ready-to-Pounce/cap_00-06-32_758b.jpg,"Outlaw Star Ep 5: The Beast Girl, Ready to Pounce! @ 00:06:32",https://animehistory.org/gallery/screencaps/outlaw-star/episode-5/,https://animehistory.org/gallery/screencaps/outlaw-star/episode-5/,1,2026-10-07T01:48:51.665260+00:00,b4270bb3a316eab872e69dbdf40f273e31f89b436b87c51353ddbe4e4cc3bd17,,UNVERIFIED
EP-05,"The Beast Girl, Ready to Pounce!",00:06:36,396,848270,https://animehistory.org/uploads/screencaps/outlaw-star-E005-The-Beast-Girl-Ready-to-Pounce/cap_00-06-36_07e8.jpg,"Outlaw Star Ep 5: The Beast Girl, Ready to Pounce! @ 00:06:36",https://animehistory.org/gallery/screencaps/outlaw-star/episode-5/,https://animehistory.org/gallery/screencaps/outlaw-star/episode-5/,1,2026-10-07T01:48:51.665260+00:00,b4270bb3a316eab872e69dbdf40f273e31f89b436b87c51353ddbe4e4cc3bd17,,UNVERIFIED
EP-05,"The Beast Girl, Ready to Pounce!",00:06:39,399,848271,https://animehistory.org/uploads/screencaps/outlaw-star-E005-The-Beast-Girl-Ready-to-Pounce/cap_00-06-39_03ff.jpg,"Outlaw Star Ep 5: The Beast Girl, Ready to Pounce! @ 00:06:39",https://animehistory.org/gallery/screencaps/outlaw-star/episode-5/,https://animehistory.org/gallery/screencaps/outlaw-star/episode-5/,1,2026-10-07T01:48:51.665260+00:00,b4270bb3a316eab872e69dbdf40f273e31f89b436b87c51353ddbe4e4cc3bd17,,UNVERIFIED
EP-05,"The Beast Girl, Ready to Pounce!",00:06:43,403,848272,https://animehistory.org/uploads/screencaps/outlaw-star-E005-The-Beast-Girl-Ready-to-Pounce/cap_00-06-43_5dde.jpg,"Outlaw Star Ep 5: The Beast Girl, Ready to Pounce! @ 00:06:43",https://animehistory.org/gallery/screencaps/outlaw-star/episode-5/,https://animehistory.org/gallery/screencaps/outlaw-star/episode-5/,1,2026-10-07T01:48:51.665260+00:00,b4270bb3a316eab872e69dbdf40f273e31f89b436b87c51353ddbe4e4cc3bd17,,UNVERIFIED
EP-05,"The Beast Girl, Ready to Pounce!",00:06:46,406,848273,https://animehistory.org/uploads/screencaps/outlaw-star-E005-The-Beast-Girl-Ready-to-Pounce/cap_00-06-46_0944.jpg,"Outlaw Star Ep 5: The Beast Girl, Ready to Pounce! @ 00:06:46",https://animehistory.org/gallery/screencaps/outlaw-star/episode-5/,https://animehistory.org/gallery/screencaps/outlaw-star/episode-5/,1,2026-10-07T01:48:51.665260+00:00,b4270bb3a316eab872e69dbdf40f273e31f89b436b87c51353ddbe4e4cc3bd17,,UNVERIFIED
EP-05,"The Beast Girl, Ready to Pounce!",00:06:50,410,848274,https://animehistory.org/uploads/screencaps/outlaw-star-E005-The-Beast-Girl-Ready-to-Pounce/cap_00-06-50_20bb.jpg,"Outlaw Star Ep 5: The Beast Girl, Ready to Pounce! @ 00:06:50",https://animehistory.org/gallery/screencaps/outlaw-star/episode-5/,https://animehistory.org/gallery/screencaps/outlaw-star/episode-5/,1,2026-10-07T01:48:51.665260+00:00,b4270bb3a316eab872e69dbdf40f273e31f89b436b87c51353ddbe4e4cc3bd17,,UNVERIFIED
EP-05,"The Beast Girl, Ready to Pounce!",00:06:54,414,848275,https://animehistory.org/uploads/screencaps/outlaw-star-E005-The-Beast-Girl-Ready-to-Pounce/cap_00-06-54_3394.jpg,"Outlaw Star Ep 5: The Beast Girl, Ready to Pounce! @ 00:06:54",https://animehistory.org/gallery/screencaps/outlaw-star/episode-5/,https://animehistory.org/gallery/screencaps/outlaw-star/episode-5/,1,2026-10-07T01:48:51.665260+00:00,b4270bb3a316eab872e69dbdf40f273e31f89b436b87c51353ddbe4e4cc3bd17,,UNVERIFIED
EP-05,"The Beast Girl, Ready to Pounce!",00:06:57,417,848276,https://animehistory.org/uploads/screencaps/outlaw-star-E005-The-Beast-Girl-Ready-to-Pounce/cap_00-06-57_51e9.jpg,"Outlaw Star Ep 5: The Beast Girl, Ready to Pounce! @ 00:06:57",https://animehistory.org/gallery/screencaps/outlaw-star/episode-5/,https://animehistory.org/gallery/screencaps/outlaw-star/episode-5/,1,2026-10-07T01:48:51.665260+00:00,b4270bb3a316eab872e69dbdf40f273e31f89b436b87c51353ddbe4e4cc3bd17,,UNVERIFIED
EP-05,"The Beast Girl, Ready to Pounce!",00:07:01,421,848277,https://animehistory.org/uploads/screencaps/outlaw-star-E005-The-Beast-Girl-Ready-to-Pounce/cap_00-07-01_0701.jpg,"Outlaw Star Ep 5: The Beast Girl, Ready to Pounce! @ 00:07:01",https://animehistory.org/gallery/screencaps/outlaw-star/episode-5/,https://animehistory.org/gallery/screencaps/outlaw-star/episode-5/,1,2026-10-07T01:48:51.665260+00:00,b4270bb3a316eab872e69dbdf40f273e31f89b436b87c51353ddbe4e4cc3bd17,,UNVERIFIED
EP-05,"The Beast Girl, Ready to Pounce!",00:07:05,425,848278,https://animehistory.org/uploads/screencaps/outlaw-star-E005-The-Beast-Girl-Ready-to-Pounce/cap_00-07-05_6c5f.jpg,"Outlaw Star Ep 5: The Beast Girl, Ready to Pounce! @ 00:07:05",https://animehistory.org/gallery/screencaps/outlaw-star/episode-5/,https://animehistory.org/gallery/screencaps/outlaw-star/episode-5/,1,2026-10-07T01:48:51.665260+00:00,b4270bb3a316eab872e69dbdf40f273e31f89b436b87c51353ddbe4e4cc3bd17,,UNVERIFIED
EP-05,"The Beast Girl, Ready to Pounce!",00:07:08,428,848279,https://animehistory.org/uploads/screencaps/outlaw-star-E005-The-Beast-Girl-Ready-to-Pounce/cap_00-07-08_152c.jpg,"Outlaw Star Ep 5: The Beast Girl, Ready to Pounce! @ 00:07:08",https://animehistory.org/gallery/screencaps/outlaw-star/episode-5/,https://animehistory.org/gallery/screencaps/outlaw-star/episode-5/,1,2026-10-07T01:48:51.665260+00:00,b4270bb3a316eab872e69dbdf40f273e31f89b436b87c51353ddbe4e4cc3bd17,,UNVERIFIED
EP-05,"The Beast Girl, Ready to Pounce!",00:07:12,432,848280,https://animehistory.org/uploads/screencaps/outlaw-star-E005-The-Beast-Girl-Ready-to-Pounce/cap_00-07-12_2e61.jpg,"Outlaw Star Ep 5: The Beast Girl, Ready to Pounce! @ 00:07:12",https://animehistory.org/gallery/screencaps/outlaw-star/episode-5/,https://animehistory.org/gallery/screencaps/outlaw-star/episode-5/,1,2026-10-07T01:48:51.665260+00:00,b4270bb3a316eab872e69dbdf40f273e31f89b436b87c51353ddbe4e4cc3bd17,,UNVERIFIED
EP-05,"The Beast Girl, Ready to Pounce!",00:07:15,435,848281,https://animehistory.org/uploads/screencaps/outlaw-star-E005-The-Beast-Girl-Ready-to-Pounce/cap_00-07-15_6ea4.jpg,"Outlaw Star Ep 5: The Beast Girl, Ready to Pounce! @ 00:07:15",https://animehistory.org/gallery/screencaps/outlaw-star/episode-5/,https://animehistory.org/gallery/screencaps/outlaw-star/episode-5/,1,2026-10-07T01:48:51.665260+00:00,b4270bb3a316eab872e69dbdf40f273e31f89b436b87c51353ddbe4e4cc3bd17,,UNVERIFIED
EP-05,"The Beast Girl, Ready to Pounce!",00:07:19,439,848282,https://animehistory.org/uploads/screencaps/outlaw-star-E005-The-Beast-Girl-Ready-to-Pounce/cap_00-07-19_5df9.jpg,"Outlaw Star Ep 5: The Beast Girl, Ready to Pounce! @ 00:07:19",https://animehistory.org/gallery/screencaps/outlaw-star/episode-5/,https://animehistory.org/gallery/screencaps/outlaw-star/episode-5/,1,2026-10-07T01:48:51.665260+00:00,b4270bb3a316eab872e69dbdf40f273e31f89b436b87c51353ddbe4e4cc3bd17,,UNVERIFIED
EP-05,"The Beast Girl, Ready to Pounce!",00:07:23,443,848283,https://animehistory.org/uploads/screencaps/outlaw-star-E005-The-Beast-Girl-Ready-to-Pounce/cap_00-07-23_77e7.jpg,"Outlaw Star Ep 5: The Beast Girl, Ready to Pounce! @ 00:07:23",https://animehistory.org/gallery/screencaps/outlaw-star/episode-5/,https://animehistory.org/gallery/screencaps/outlaw-star/episode-5/,1,2026-10-07T01:48:51.665260+00:00,b4270bb3a316eab872e69dbdf40f273e31f89b436b87c51353ddbe4e4cc3bd17,,UNVERIFIED
EP-05,"The Beast Girl, Ready to Pounce!",00:07:26,446,848284,https://animehistory.org/uploads/screencaps/outlaw-star-E005-The-Beast-Girl-Ready-to-Pounce/cap_00-07-26_5356.jpg,"Outlaw Star Ep 5: The Beast Girl, Ready to Pounce! @ 00:07:26",https://animehistory.org/gallery/screencaps/outlaw-star/episode-5/,https://animehistory.org/gallery/screencaps/outlaw-star/episode-5/,1,2026-10-07T01:48:51.665260+00:00,b4270bb3a316eab872e69dbdf40f273e31f89b436b87c51353ddbe4e4cc3bd17,,UNVERIFIED
EP-05,"The Beast Girl, Ready to Pounce!",00:07:30,450,848285,https://animehistory.org/uploads/screencaps/outlaw-star-E005-The-Beast-Girl-Ready-to-Pounce/cap_00-07-30_5f51.jpg,"Outlaw Star Ep 5: The Beast Girl, Ready to Pounce! @ 00:07:30",https://animehistory.org/gallery/screencaps/outlaw-star/episode-5/,https://animehistory.org/gallery/screencaps/outlaw-star/episode-5/,1,2026-10-07T01:48:51.665260+00:00,b4270bb3a316eab872e69dbdf40f273e31f89b436b87c51353ddbe4e4cc3bd17,,UNVERIFIED
EP-05,"The Beast Girl, Ready to Pounce!",00:07:33,453,848286,https://animehistory.org/uploads/screencaps/outlaw-star-E005-The-Beast-Girl-Ready-to-Pounce/cap_00-07-33_4be9.jpg,"Outlaw Star Ep 5: The Beast Girl, Ready to Pounce! @ 00:07:33",https://animehistory.org/gallery/screencaps/outlaw-star/episode-5/,https://animehistory.org/gallery/screencaps/outlaw-star/episode-5/,1,2026-10-07T01:48:51.665260+00:00,b4270bb3a316eab872e69dbdf40f273e31f89b436b87c51353ddbe4e4cc3bd17,,UNVERIFIED
EP-05,"The Beast Girl, Ready to Pounce!",00:07:37,457,848287,https://animehistory.org/uploads/screencaps/outlaw-star-E005-The-Beast-Girl-Ready-to-Pounce/cap_00-07-37_0287.jpg,"Outlaw Star Ep 5: The Beast Girl, Ready to Pounce! @ 00:07:37",https://animehistory.org/gallery/screencaps/outlaw-star/episode-5/,https://animehistory.org/gallery/screencaps/outlaw-star/episode-5/,1,2026-10-07T01:48:51.665260+00:00,b4270bb3a316eab872e69dbdf40f273e31f89b436b87c51353ddbe4e4cc3bd17,,UNVERIFIED
EP-05,"The Beast Girl, Ready to Pounce!",00:07:41,461,848288,https://animehistory.org/uploads/screencaps/outlaw-star-E005-The-Beast-Girl-Ready-to-Pounce/cap_00-07-41_420a.jpg,"Outlaw Star Ep 5: The Beast Girl, Ready to Pounce! @ 00:07:41",https://animehistory.org/gallery/screencaps/outlaw-star/episode-5/,https://animehistory.org/gallery/screencaps/outlaw-star/episode-5/,1,2026-10-07T01:48:51.665260+00:00,b4270bb3a316eab872e69dbdf40f273e31f89b436b87c51353ddbe4e4cc3bd17,,UNVERIFIED
EP-05,"The Beast Girl, Ready to Pounce!",00:07:44,464,848289,https://animehistory.org/uploads/screencaps/outlaw-star-E005-The-Beast-Girl-Ready-to-Pounce/cap_00-07-44_4245.jpg,"Outlaw Star Ep 5: The Beast Girl, Ready to Pounce! @ 00:07:44",https://animehistory.org/gallery/screencaps/outlaw-star/episode-5/,https://animehistory.org/gallery/screencaps/outlaw-star/episode-5/?page=2,2,2026-10-07T01:48:52.988727+00:00,baaf82c75a7a02732b9ea0f570e5707ebd3ae0d4708e832a392f43249a7ec63e,,UNVERIFIED
EP-05,"The Beast Girl, Ready to Pounce!",00:07:48,468,848290,https://animehistory.org/uploads/screencaps/outlaw-star-E005-The-Beast-Girl-Ready-to-Pounce/cap_00-07-48_7eb6.jpg,"Outlaw Star Ep 5: The Beast Girl, Ready to Pounce! @ 00:07:48",https://animehistory.org/gallery/screencaps/outlaw-star/episode-5/,https://animehistory.org/gallery/screencaps/outlaw-star/episode-5/?page=2,2,2026-10-07T01:48:52.988727+00:00,baaf82c75a7a02732b9ea0f570e5707ebd3ae0d4708e832a392f43249a7ec63e,,UNVERIFIED
EP-05,"The Beast Girl, Ready to Pounce!",00:07:51,471,848291,https://animehistory.org/uploads/screencaps/outlaw-star-E005-The-Beast-Girl-Ready-to-Pounce/cap_00-07-51_2f89.jpg,"Outlaw Star Ep 5: The Beast Girl, Ready to Pounce! @ 00:07:51",https://animehistory.org/gallery/screencaps/outlaw-star/episode-5/,https://animehistory.org/gallery/screencaps/outlaw-star/episode-5/?page=2,2,2026-10-07T01:48:52.988727+00:00,baaf82c75a7a02732b9ea0f570e5707ebd3ae0d4708e832a392f43249a7ec63e,,UNVERIFIED
EP-05,"The Beast Girl, Ready to Pounce!",00:07:55,475,848292,https://animehistory.org/uploads/screencaps/outlaw-star-E005-The-Beast-Girl-Ready-to-Pounce/cap_00-07-55_660c.jpg,"Outlaw Star Ep 5: The Beast Girl, Ready to Pounce! @ 00:07:55",https://animehistory.org/gallery/screencaps/outlaw-star/episode-5/,https://animehistory.org/gallery/screencaps/outlaw-star/episode-5/?page=2,2,2026-10-07T01:48:52.988727+00:00,baaf82c75a7a02732b9ea0f570e5707ebd3ae0d4708e832a392f43249a7ec63e,,UNVERIFIED
EP-05,"The Beast Girl, Ready to Pounce!",00:07:59,479,848293,https://animehistory.org/uploads/screencaps/outlaw-star-E005-The-Beast-Girl-Ready-to-Pounce/cap_00-07-59_2e16.jpg,"Outlaw Star Ep 5: The Beast Girl, Ready to Pounce! @ 00:07:59",https://animehistory.org/gallery/screencaps/outlaw-star/episode-5/,https://animehistory.org/gallery/screencaps/outlaw-star/episode-5/?page=2,2,2026-10-07T01:48:52.988727+00:00,baaf82c75a7a02732b9ea0f570e5707ebd3ae0d4708e832a392f43249a7ec63e,,UNVERIFIED
EP-05,"The Beast Girl, Ready to Pounce!",00:08:02,482,848294,https://animehistory.org/uploads/screencaps/outlaw-star-E005-The-Beast-Girl-Ready-to-Pounce/cap_00-08-02_10f4.jpg,"Outlaw Star Ep 5: The Beast Girl, Ready to Pounce! @ 00:08:02",https://animehistory.org/gallery/screencaps/outlaw-star/episode-5/,https://animehistory.org/gallery/screencaps/outlaw-star/episode-5/?page=2,2,2026-10-07T01:48:52.988727+00:00,baaf82c75a7a02732b9ea0f570e5707ebd3ae0d4708e832a392f43249a7ec63e,,UNVERIFIED
EP-05,"The Beast Girl, Ready to Pounce!",00:08:06,486,848295,https://animehistory.org/uploads/screencaps/outlaw-star-E005-The-Beast-Girl-Ready-to-Pounce/cap_00-08-06_6c85.jpg,"Outlaw Star Ep 5: The Beast Girl, Ready to Pounce! @ 00:08:06",https://animehistory.org/gallery/screencaps/outlaw-star/episode-5/,https://animehistory.org/gallery/screencaps/outlaw-star/episode-5/?page=2,2,2026-10-07T01:48:52.988727+00:00,baaf82c75a7a02732b9ea0f570e5707ebd3ae0d4708e832a392f43249a7ec63e,,UNVERIFIED
EP-05,"The Beast Girl, Ready to Pounce!",00:08:10,490,848296,https://animehistory.org/uploads/screencaps/outlaw-star-E005-The-Beast-Girl-Ready-to-Pounce/cap_00-08-10_1904.jpg,"Outlaw Star Ep 5: The Beast Girl, Ready to Pounce! @ 00:08:10",https://animehistory.org/gallery/screencaps/outlaw-star/episode-5/,https://animehistory.org/gallery/screencaps/outlaw-star/episode-5/?page=2,2,2026-10-07T01:48:52.988727+00:00,baaf82c75a7a02732b9ea0f570e5707ebd3ae0d4708e832a392f43249a7ec63e,,UNVERIFIED
EP-05,"The Beast Girl, Ready to Pounce!",00:08:13,493,848297,https://animehistory.org/uploads/screencaps/outlaw-star-E005-The-Beast-Girl-Ready-to-Pounce/cap_00-08-13_6c71.jpg,"Outlaw Star Ep 5: The Beast Girl, Ready to Pounce! @ 00:08:13",https://animehistory.org/gallery/screencaps/outlaw-star/episode-5/,https://animehistory.org/gallery/screencaps/outlaw-star/episode-5/?page=2,2,2026-10-07T01:48:52.988727+00:00,baaf82c75a7a02732b9ea0f570e5707ebd3ae0d4708e832a392f43249a7ec63e,,UNVERIFIED
EP-05,"The Beast Girl, Ready to Pounce!",00:08:17,497,848298,https://animehistory.org/uploads/screencaps/outlaw-star-E005-The-Beast-Girl-Ready-to-Pounce/cap_00-08-17_6064.jpg,"Outlaw Star Ep 5: The Beast Girl, Ready to Pounce! @ 00:08:17",https://animehistory.org/gallery/screencaps/outlaw-star/episode-5/,https://animehistory.org/gallery/screencaps/outlaw-star/episode-5/?page=2,2,2026-10-07T01:48:52.988727+00:00,baaf82c75a7a02732b9ea0f570e5707ebd3ae0d4708e832a392f43249a7ec63e,,UNVERIFIED
EP-05,"The Beast Girl, Ready to Pounce!",00:08:20,500,848299,https://animehistory.org/uploads/screencaps/outlaw-star-E005-The-Beast-Girl-Ready-to-Pounce/cap_00-08-20_37b8.jpg,"Outlaw Star Ep 5: The Beast Girl, Ready to Pounce! @ 00:08:20",https://animehistory.org/gallery/screencaps/outlaw-star/episode-5/,https://animehistory.org/gallery/screencaps/outlaw-star/episode-5/?page=2,2,2026-10-07T01:48:52.988727+00:00,baaf82c75a7a02732b9ea0f570e5707ebd3ae0d4708e832a392f43249a7ec63e,,UNVERIFIED
EP-05,"The Beast Girl, Ready to Pounce!",00:08:24,504,848300,https://animehistory.org/uploads/screencaps/outlaw-star-E005-The-Beast-Girl-Ready-to-Pounce/cap_00-08-24_1e62.jpg,"Outlaw Star Ep 5: The Beast Girl, Ready to Pounce! @ 00:08:24",https://animehistory.org/gallery/screencaps/outlaw-star/episode-5/,https://animehistory.org/gallery/screencaps/outlaw-star/episode-5/?page=2,2,2026-10-07T01:48:52.988727+00:00,baaf82c75a7a02732b9ea0f570e5707ebd3ae0d4708e832a392f43249a7ec63e,,UNVERIFIED
EP-05,"The Beast Girl, Ready to Pounce!",00:08:28,508,848301,https://animehistory.org/uploads/screencaps/outlaw-star-E005-The-Beast-Girl-Ready-to-Pounce/cap_00-08-28_0e1f.jpg,"Outlaw Star Ep 5: The Beast Girl, Ready to Pounce! @ 00:08:28",https://animehistory.org/gallery/screencaps/outlaw-star/episode-5/,https://animehistory.org/gallery/screencaps/outlaw-star/episode-5/?page=2,2,2026-10-07T01:48:52.988727+00:00,baaf82c75a7a02732b9ea0f570e5707ebd3ae0d4708e832a392f43249a7ec63e,,UNVERIFIED
EP-05,"The Beast Girl, Ready to Pounce!",00:08:31,511,848302,https://animehistory.org/uploads/screencaps/outlaw-star-E005-The-Beast-Girl-Ready-to-Pounce/cap_00-08-31_116a.jpg,"Outlaw Star Ep 5: The Beast Girl, Ready to Pounce! @ 00:08:31",https://animehistory.org/gallery/screencaps/outlaw-star/episode-5/,https://animehistory.org/gallery/screencaps/outlaw-star/episode-5/?page=2,2,2026-10-07T01:48:52.988727+00:00,baaf82c75a7a02732b9ea0f570e5707ebd3ae0d4708e832a392f43249a7ec63e,,UNVERIFIED
EP-05,"The Beast Girl, Ready to Pounce!",00:08:35,515,848303,https://animehistory.org/uploads/screencaps/outlaw-star-E005-The-Beast-Girl-Ready-to-Pounce/cap_00-08-35_4a0d.jpg,"Outlaw Star Ep 5: The Beast Girl, Ready to Pounce! @ 00:08:35",https://animehistory.org/gallery/screencaps/outlaw-star/episode-5/,https://animehistory.org/gallery/screencaps/outlaw-star/episode-5/?page=2,2,2026-10-07T01:48:52.988727+00:00,baaf82c75a7a02732b9ea0f570e5707ebd3ae0d4708e832a392f43249a7ec63e,,UNVERIFIED
EP-05,"The Beast Girl, Ready to Pounce!",00:08:38,518,848304,https://animehistory.org/uploads/screencaps/outlaw-star-E005-The-Beast-Girl-Ready-to-Pounce/cap_00-08-38_473e.jpg,"Outlaw Star Ep 5: The Beast Girl, Ready to Pounce! @ 00:08:38",https://animehistory.org/gallery/screencaps/outlaw-star/episode-5/,https://animehistory.org/gallery/screencaps/outlaw-star/episode-5/?page=2,2,2026-10-07T01:48:52.988727+00:00,baaf82c75a7a02732b9ea0f570e5707ebd3ae0d4708e832a392f43249a7ec63e,,UNVERIFIED
EP-05,"The Beast Girl, Ready to Pounce!",00:08:42,522,848305,https://animehistory.org/uploads/screencaps/outlaw-star-E005-The-Beast-Girl-Ready-to-Pounce/cap_00-08-42_1c70.jpg,"Outlaw Star Ep 5: The Beast Girl, Ready to Pounce! @ 00:08:42",https://animehistory.org/gallery/screencaps/outlaw-star/episode-5/,https://animehistory.org/gallery/screencaps/outlaw-star/episode-5/?page=2,2,2026-10-07T01:48:52.988727+00:00,baaf82c75a7a02732b9ea0f570e5707ebd3ae0d4708e832a392f43249a7ec63e,,UNVERIFIED
EP-05,"The Beast Girl, Ready to Pounce!",00:08:46,526,848306,https://animehistory.org/uploads/screencaps/outlaw-star-E005-The-Beast-Girl-Ready-to-Pounce/cap_00-08-46_23a4.jpg,"Outlaw Star Ep 5: The Beast Girl, Ready to Pounce! @ 00:08:46",https://animehistory.org/gallery/screencaps/outlaw-star/episode-5/,https://animehistory.org/gallery/screencaps/outlaw-star/episode-5/?page=2,2,2026-10-07T01:48:52.988727+00:00,baaf82c75a7a02732b9ea0f570e5707ebd3ae0d4708e832a392f43249a7ec63e,,UNVERIFIED
EP-05,"The Beast Girl, Ready to Pounce!",00:08:49,529,848307,https://animehistory.org/uploads/screencaps/outlaw-star-E005-The-Beast-Girl-Ready-to-Pounce/cap_00-08-49_2855.jpg,"Outlaw Star Ep 5: The Beast Girl, Ready to Pounce! @ 00:08:49",https://animehistory.org/gallery/screencaps/outlaw-star/episode-5/,https://animehistory.org/gallery/screencaps/outlaw-star/episode-5/?page=2,2,2026-10-07T01:48:52.988727+00:00,baaf82c75a7a02732b9ea0f570e5707ebd3ae0d4708e832a392f43249a7ec63e,,UNVERIFIED
EP-05,"The Beast Girl, Ready to Pounce!",00:08:53,533,848308,https://animehistory.org/uploads/screencaps/outlaw-star-E005-The-Beast-Girl-Ready-to-Pounce/cap_00-08-53_1dae.jpg,"Outlaw Star Ep 5: The Beast Girl, Ready to Pounce! @ 00:08:53",https://animehistory.org/gallery/screencaps/outlaw-star/episode-5/,https://animehistory.org/gallery/screencaps/outlaw-star/episode-5/?page=2,2,2026-10-07T01:48:52.988727+00:00,baaf82c75a7a02732b9ea0f570e5707ebd3ae0d4708e832a392f43249a7ec63e,,UNVERIFIED
EP-05,"The Beast Girl, Ready to Pounce!",00:08:56,536,848309,https://animehistory.org/uploads/screencaps/outlaw-star-E005-The-Beast-Girl-Ready-to-Pounce/cap_00-08-56_66b4.jpg,"Outlaw Star Ep 5: The Beast Girl, Ready to Pounce! @ 00:08:56",https://animehistory.org/gallery/screencaps/outlaw-star/episode-5/,https://animehistory.org/gallery/screencaps/outlaw-star/episode-5/?page=2,2,2026-10-07T01:48:52.988727+00:00,baaf82c75a7a02732b9ea0f570e5707ebd3ae0d4708e832a392f43249a7ec63e,,UNVERIFIED
EP-05,"The Beast Girl, Ready to Pounce!",00:09:00,540,848310,https://animehistory.org/uploads/screencaps/outlaw-star-E005-The-Beast-Girl-Ready-to-Pounce/cap_00-09-00_73ae.jpg,"Outlaw Star Ep 5: The Beast Girl, Ready to Pounce! @ 00:09:00",https://animehistory.org/gallery/screencaps/outlaw-star/episode-5/,https://animehistory.org/gallery/screencaps/outlaw-star/episode-5/?page=2,2,2026-10-07T01:48:52.988727+00:00,baaf82c75a7a02732b9ea0f570e5707ebd3ae0d4708e832a392f43249a7ec63e,,UNVERIFIED
EP-05,"The Beast Girl, Ready to Pounce!",00:09:04,544,848311,https://animehistory.org/uploads/screencaps/outlaw-star-E005-The-Beast-Girl-Ready-to-Pounce/cap_00-09-04_1ba7.jpg,"Outlaw Star Ep 5: The Beast Girl, Ready to Pounce! @ 00:09:04",https://animehistory.org/gallery/screencaps/outlaw-star/episode-5/,https://animehistory.org/gallery/screencaps/outlaw-star/episode-5/?page=2,2,2026-10-07T01:48:52.988727+00:00,baaf82c75a7a02732b9ea0f570e5707ebd3ae0d4708e832a392f43249a7ec63e,,UNVERIFIED
EP-05,"The Beast Girl, Ready to Pounce!",00:09:07,547,848312,https://animehistory.org/uploads/screencaps/outlaw-star-E005-The-Beast-Girl-Ready-to-Pounce/cap_00-09-07_1839.jpg,"Outlaw Star Ep 5: The Beast Girl, Ready to Pounce! @ 00:09:07",https://animehistory.org/gallery/screencaps/outlaw-star/episode-5/,https://animehistory.org/gallery/screencaps/outlaw-star/episode-5/?page=2,2,2026-10-07T01:48:52.988727+00:00,baaf82c75a7a02732b9ea0f570e5707ebd3ae0d4708e832a392f43249a7ec63e,,UNVERIFIED
EP-05,"The Beast Girl, Ready to Pounce!",00:09:11,551,848313,https://animehistory.org/uploads/screencaps/outlaw-star-E005-The-Beast-Girl-Ready-to-Pounce/cap_00-09-11_2e32.jpg,"Outlaw Star Ep 5: The Beast Girl, Ready to Pounce! @ 00:09:11",https://animehistory.org/gallery/screencaps/outlaw-star/episode-5/,https://animehistory.org/gallery/screencaps/outlaw-star/episode-5/?page=2,2,2026-10-07T01:48:52.988727+00:00,baaf82c75a7a02732b9ea0f570e5707ebd3ae0d4708e832a392f43249a7ec63e,,UNVERIFIED
EP-05,"The Beast Girl, Ready to Pounce!",00:09:15,555,848314,https://animehistory.org/uploads/screencaps/outlaw-star-E005-The-Beast-Girl-Ready-to-Pounce/cap_00-09-15_2c33.jpg,"Outlaw Star Ep 5: The Beast Girl, Ready to Pounce! @ 00:09:15",https://animehistory.org/gallery/screencaps/outlaw-star/episode-5/,https://animehistory.org/gallery/screencaps/outlaw-star/episode-5/?page=2,2,2026-10-07T01:48:52.988727+00:00,baaf82c75a7a02732b9ea0f570e5707ebd3ae0d4708e832a392f43249a7ec63e,,UNVERIFIED
EP-05,"The Beast Girl, Ready to Pounce!",00:09:18,558,848315,https://animehistory.org/uploads/screencaps/outlaw-star-E005-The-Beast-Girl-Ready-to-Pounce/cap_00-09-18_0236.jpg,"Outlaw Star Ep 5: The Beast Girl, Ready to Pounce! @ 00:09:18",https://animehistory.org/gallery/screencaps/outlaw-star/episode-5/,https://animehistory.org/gallery/screencaps/outlaw-star/episode-5/?page=2,2,2026-10-07T01:48:52.988727+00:00,baaf82c75a7a02732b9ea0f570e5707ebd3ae0d4708e832a392f43249a7ec63e,,UNVERIFIED
EP-05,"The Beast Girl, Ready to Pounce!",00:09:22,562,848316,https://animehistory.org/uploads/screencaps/outlaw-star-E005-The-Beast-Girl-Ready-to-Pounce/cap_00-09-22_1630.jpg,"Outlaw Star Ep 5: The Beast Girl, Ready to Pounce! @ 00:09:22",https://animehistory.org/gallery/screencaps/outlaw-star/episode-5/,https://animehistory.org/gallery/screencaps/outlaw-star/episode-5/?page=2,2,2026-10-07T01:48:52.988727+00:00,baaf82c75a7a02732b9ea0f570e5707ebd3ae0d4708e832a392f43249a7ec63e,,UNVERIFIED
EP-05,"The Beast Girl, Ready to Pounce!",00:09:25,565,848317,https://animehistory.org/uploads/screencaps/outlaw-star-E005-The-Beast-Girl-Ready-to-Pounce/cap_00-09-25_7c28.jpg,"Outlaw Star Ep 5: The Beast Girl, Ready to Pounce! @ 00:09:25",https://animehistory.org/gallery/screencaps/outlaw-star/episode-5/,https://animehistory.org/gallery/screencaps/outlaw-star/episode-5/?page=2,2,2026-10-07T01:48:52.988727+00:00,baaf82c75a7a02732b9ea0f570e5707ebd3ae0d4708e832a392f43249a7ec63e,,UNVERIFIED
EP-05,"The Beast Girl, Ready to Pounce!",00:09:29,569,848318,https://animehistory.org/uploads/screencaps/outlaw-star-E005-The-Beast-Girl-Ready-to-Pounce/cap_00-09-29_7e78.jpg,"Outlaw Star Ep 5: The Beast Girl, Ready to Pounce! @ 00:09:29",https://animehistory.org/gallery/screencaps/outlaw-star/episode-5/,https://animehistory.org/gallery/screencaps/outlaw-star/episode-5/?page=2,2,2026-10-07T01:48:52.988727+00:00,baaf82c75a7a02732b9ea0f570e5707ebd3ae0d4708e832a392f43249a7ec63e,,UNVERIFIED
EP-05,"The Beast Girl, Ready to Pounce!",00:09:33,573,848319,https://animehistory.org/uploads/screencaps/outlaw-star-E005-The-Beast-Girl-Ready-to-Pounce/cap_00-09-33_136d.jpg,"Outlaw Star Ep 5: The Beast Girl, Ready to Pounce! @ 00:09:33",https://animehistory.org/gallery/screencaps/outlaw-star/episode-5/,https://animehistory.org/gallery/screencaps/outlaw-star/episode-5/?page=2,2,2026-10-07T01:48:52.988727+00:00,baaf82c75a7a02732b9ea0f570e5707ebd3ae0d4708e832a392f43249a7ec63e,,UNVERIFIED
EP-05,"The Beast Girl, Ready to Pounce!",00:09:36,576,848320,https://animehistory.org/uploads/screencaps/outlaw-star-E005-The-Beast-Girl-Ready-to-Pounce/cap_00-09-36_16b7.jpg,"Outlaw Star Ep 5: The Beast Girl, Ready to Pounce! @ 00:09:36",https://animehistory.org/gallery/screencaps/outlaw-star/episode-5/,https://animehistory.org/gallery/screencaps/outlaw-star/episode-5/?page=2,2,2026-10-07T01:48:52.988727+00:00,baaf82c75a7a02732b9ea0f570e5707ebd3ae0d4708e832a392f43249a7ec63e,,UNVERIFIED
EP-05,"The Beast Girl, Ready to Pounce!",00:09:40,580,848321,https://animehistory.org/uploads/screencaps/outlaw-star-E005-The-Beast-Girl-Ready-to-Pounce/cap_00-09-40_1e7c.jpg,"Outlaw Star Ep 5: The Beast Girl, Ready to Pounce! @ 00:09:40",https://animehistory.org/gallery/screencaps/outlaw-star/episode-5/,https://animehistory.org/gallery/screencaps/outlaw-star/episode-5/?page=2,2,2026-10-07T01:48:52.988727+00:00,baaf82c75a7a02732b9ea0f570e5707ebd3ae0d4708e832a392f43249a7ec63e,,UNVERIFIED
EP-05,"The Beast Girl, Ready to Pounce!",00:09:43,583,848322,https://animehistory.org/uploads/screencaps/outlaw-star-E005-The-Beast-Girl-Ready-to-Pounce/cap_00-09-43_640b.jpg,"Outlaw Star Ep 5: The Beast Girl, Ready to Pounce! @ 00:09:43",https://animehistory.org/gallery/screencaps/outlaw-star/episode-5/,https://animehistory.org/gallery/screencaps/outlaw-star/episode-5/?page=2,2,2026-10-07T01:48:52.988727+00:00,baaf82c75a7a02732b9ea0f570e5707ebd3ae0d4708e832a392f43249a7ec63e,,UNVERIFIED
EP-05,"The Beast Girl, Ready to Pounce!",00:09:47,587,848323,https://animehistory.org/uploads/screencaps/outlaw-star-E005-The-Beast-Girl-Ready-to-Pounce/cap_00-09-47_7afe.jpg,"Outlaw Star Ep 5: The Beast Girl, Ready to Pounce! @ 00:09:47",https://animehistory.org/gallery/screencaps/outlaw-star/episode-5/,https://animehistory.org/gallery/screencaps/outlaw-star/episode-5/?page=2,2,2026-10-07T01:48:52.988727+00:00,baaf82c75a7a02732b9ea0f570e5707ebd3ae0d4708e832a392f43249a7ec63e,,UNVERIFIED
EP-05,"The Beast Girl, Ready to Pounce!",00:09:51,591,848324,https://animehistory.org/uploads/screencaps/outlaw-star-E005-The-Beast-Girl-Ready-to-Pounce/cap_00-09-51_14b0.jpg,"Outlaw Star Ep 5: The Beast Girl, Ready to Pounce! @ 00:09:51",https://animehistory.org/gallery/screencaps/outlaw-star/episode-5/,https://animehistory.org/gallery/screencaps/outlaw-star/episode-5/?page=2,2,2026-10-07T01:48:52.988727+00:00,baaf82c75a7a02732b9ea0f570e5707ebd3ae0d4708e832a392f43249a7ec63e,,UNVERIFIED
EP-05,"The Beast Girl, Ready to Pounce!",00:09:54,594,848325,https://animehistory.org/uploads/screencaps/outlaw-star-E005-The-Beast-Girl-Ready-to-Pounce/cap_00-09-54_0dc1.jpg,"Outlaw Star Ep 5: The Beast Girl, Ready to Pounce! @ 00:09:54",https://animehistory.org/gallery/screencaps/outlaw-star/episode-5/,https://animehistory.org/gallery/screencaps/outlaw-star/episode-5/?page=2,2,2026-10-07T01:48:52.988727+00:00,baaf82c75a7a02732b9ea0f570e5707ebd3ae0d4708e832a392f43249a7ec63e,,UNVERIFIED
EP-05,"The Beast Girl, Ready to Pounce!",00:09:58,598,848326,https://animehistory.org/uploads/screencaps/outlaw-star-E005-The-Beast-Girl-Ready-to-Pounce/cap_00-09-58_27fe.jpg,"Outlaw Star Ep 5: The Beast Girl, Ready to Pounce! @ 00:09:58",https://animehistory.org/gallery/screencaps/outlaw-star/episode-5/,https://animehistory.org/gallery/screencaps/outlaw-star/episode-5/?page=2,2,2026-10-07T01:48:52.988727+00:00,baaf82c75a7a02732b9ea0f570e5707ebd3ae0d4708e832a392f43249a7ec63e,,UNVERIFIED
EP-05,"The Beast Girl, Ready to Pounce!",00:10:01,601,848327,https://animehistory.org/uploads/screencaps/outlaw-star-E005-The-Beast-Girl-Ready-to-Pounce/cap_00-10-01_043a.jpg,"Outlaw Star Ep 5: The Beast Girl, Ready to Pounce! @ 00:10:01",https://animehistory.org/gallery/screencaps/outlaw-star/episode-5/,https://animehistory.org/gallery/screencaps/outlaw-star/episode-5/?page=2,2,2026-10-07T01:48:52.988727+00:00,baaf82c75a7a02732b9ea0f570e5707ebd3ae0d4708e832a392f43249a7ec63e,,UNVERIFIED
EP-05,"The Beast Girl, Ready to Pounce!",00:10:05,605,848328,https://animehistory.org/uploads/screencaps/outlaw-star-E005-The-Beast-Girl-Ready-to-Pounce/cap_00-10-05_5d64.jpg,"Outlaw Star Ep 5: The Beast Girl, Ready to Pounce! @ 00:10:05",https://animehistory.org/gallery/screencaps/outlaw-star/episode-5/,https://animehistory.org/gallery/screencaps/outlaw-star/episode-5/?page=2,2,2026-10-07T01:48:52.988727+00:00,baaf82c75a7a02732b9ea0f570e5707ebd3ae0d4708e832a392f43249a7ec63e,,UNVERIFIED
EP-05,"The Beast Girl, Ready to Pounce!",00:10:09,609,848329,https://animehistory.org/uploads/screencaps/outlaw-star-E005-The-Beast-Girl-Ready-to-Pounce/cap_00-10-09_4423.jpg,"Outlaw Star Ep 5: The Beast Girl, Ready to Pounce! @ 00:10:09",https://animehistory.org/gallery/screencaps/outlaw-star/episode-5/,https://animehistory.org/gallery/screencaps/outlaw-star/episode-5/?page=2,2,2026-10-07T01:48:52.988727+00:00,baaf82c75a7a02732b9ea0f570e5707ebd3ae0d4708e832a392f43249a7ec63e,,UNVERIFIED
EP-05,"The Beast Girl, Ready to Pounce!",00:10:12,612,848330,https://animehistory.org/uploads/screencaps/outlaw-star-E005-The-Beast-Girl-Ready-to-Pounce/cap_00-10-12_5aec.jpg,"Outlaw Star Ep 5: The Beast Girl, Ready to Pounce! @ 00:10:12",https://animehistory.org/gallery/screencaps/outlaw-star/episode-5/,https://animehistory.org/gallery/screencaps/outlaw-star/episode-5/?page=2,2,2026-10-07T01:48:52.988727+00:00,baaf82c75a7a02732b9ea0f570e5707ebd3ae0d4708e832a392f43249a7ec63e,,UNVERIFIED
EP-05,"The Beast Girl, Ready to Pounce!",00:10:16,616,848331,https://animehistory.org/uploads/screencaps/outlaw-star-E005-The-Beast-Girl-Ready-to-Pounce/cap_00-10-16_54c2.jpg,"Outlaw Star Ep 5: The Beast Girl, Ready to Pounce! @ 00:10:16",https://animehistory.org/gallery/screencaps/outlaw-star/episode-5/,https://animehistory.org/gallery/screencaps/outlaw-star/episode-5/?page=2,2,2026-10-07T01:48:52.988727+00:00,baaf82c75a7a02732b9ea0f570e5707ebd3ae0d4708e832a392f43249a7ec63e,,UNVERIFIED
EP-05,"The Beast Girl, Ready to Pounce!",00:10:20,620,848332,https://animehistory.org/uploads/screencaps/outlaw-star-E005-The-Beast-Girl-Ready-to-Pounce/cap_00-10-20_64d7.jpg,"Outlaw Star Ep 5: The Beast Girl, Ready to Pounce! @ 00:10:20",https://animehistory.org/gallery/screencaps/outlaw-star/episode-5/,https://animehistory.org/gallery/screencaps/outlaw-star/episode-5/?page=2,2,2026-10-07T01:48:52.988727+00:00,baaf82c75a7a02732b9ea0f570e5707ebd3ae0d4708e832a392f43249a7ec63e,,UNVERIFIED
EP-05,"The Beast Girl, Ready to Pounce!",00:10:23,623,848333,https://animehistory.org/uploads/screencaps/outlaw-star-E005-The-Beast-Girl-Ready-to-Pounce/cap_00-10-23_6d99.jpg,"Outlaw Star Ep 5: The Beast Girl, Ready to Pounce! @ 00:10:23",https://animehistory.org/gallery/screencaps/outlaw-star/episode-5/,https://animehistory.org/gallery/screencaps/outlaw-star/episode-5/?page=2,2,2026-10-07T01:48:52.988727+00:00,baaf82c75a7a02732b9ea0f570e5707ebd3ae0d4708e832a392f43249a7ec63e,,UNVERIFIED
EP-05,"The Beast Girl, Ready to Pounce!",00:10:27,627,848334,https://animehistory.org/uploads/screencaps/outlaw-star-E005-The-Beast-Girl-Ready-to-Pounce/cap_00-10-27_76fd.jpg,"Outlaw Star Ep 5: The Beast Girl, Ready to Pounce! @ 00:10:27",https://animehistory.org/gallery/screencaps/outlaw-star/episode-5/,https://animehistory.org/gallery/screencaps/outlaw-star/episode-5/?page=2,2,2026-10-07T01:48:52.988727+00:00,baaf82c75a7a02732b9ea0f570e5707ebd3ae0d4708e832a392f43249a7ec63e,,UNVERIFIED
EP-05,"The Beast Girl, Ready to Pounce!",00:10:30,630,848335,https://animehistory.org/uploads/screencaps/outlaw-star-E005-The-Beast-Girl-Ready-to-Pounce/cap_00-10-30_09df.jpg,"Outlaw Star Ep 5: The Beast Girl, Ready to Pounce! @ 00:10:30",https://animehistory.org/gallery/screencaps/outlaw-star/episode-5/,https://animehistory.org/gallery/screencaps/outlaw-star/episode-5/?page=2,2,2026-10-07T01:48:52.988727+00:00,baaf82c75a7a02732b9ea0f570e5707ebd3ae0d4708e832a392f43249a7ec63e,,UNVERIFIED
EP-05,"The Beast Girl, Ready to Pounce!",00:10:34,634,848336,https://animehistory.org/uploads/screencaps/outlaw-star-E005-The-Beast-Girl-Ready-to-Pounce/cap_00-10-34_2607.jpg,"Outlaw Star Ep 5: The Beast Girl, Ready to Pounce! @ 00:10:34",https://animehistory.org/gallery/screencaps/outlaw-star/episode-5/,https://animehistory.org/gallery/screencaps/outlaw-star/episode-5/?page=2,2,2026-10-07T01:48:52.988727+00:00,baaf82c75a7a02732b9ea0f570e5707ebd3ae0d4708e832a392f43249a7ec63e,,UNVERIFIED
EP-05,"The Beast Girl, Ready to Pounce!",00:10:38,638,848337,https://animehistory.org/uploads/screencaps/outlaw-star-E005-The-Beast-Girl-Ready-to-Pounce/cap_00-10-38_01d2.jpg,"Outlaw Star Ep 5: The Beast Girl, Ready to Pounce! @ 00:10:38",https://animehistory.org/gallery/screencaps/outlaw-star/episode-5/,https://animehistory.org/gallery/screencaps/outlaw-star/episode-5/?page=2,2,2026-10-07T01:48:52.988727+00:00,baaf82c75a7a02732b9ea0f570e5707ebd3ae0d4708e832a392f43249a7ec63e,,UNVERIFIED
EP-05,"The Beast Girl, Ready to Pounce!",00:10:41,641,848338,https://animehistory.org/uploads/screencaps/outlaw-star-E005-The-Beast-Girl-Ready-to-Pounce/cap_00-10-41_1c73.jpg,"Outlaw Star Ep 5: The Beast Girl, Ready to Pounce! @ 00:10:41",https://animehistory.org/gallery/screencaps/outlaw-star/episode-5/,https://animehistory.org/gallery/screencaps/outlaw-star/episode-5/?page=2,2,2026-10-07T01:48:52.988727+00:00,baaf82c75a7a02732b9ea0f570e5707ebd3ae0d4708e832a392f43249a7ec63e,,UNVERIFIED
EP-05,"The Beast Girl, Ready to Pounce!",00:10:45,645,848339,https://animehistory.org/uploads/screencaps/outlaw-star-E005-The-Beast-Girl-Ready-to-Pounce/cap_00-10-45_3825.jpg,"Outlaw Star Ep 5: The Beast Girl, Ready to Pounce! @ 00:10:45",https://animehistory.org/gallery/screencaps/outlaw-star/episode-5/,https://animehistory.org/gallery/screencaps/outlaw-star/episode-5/?page=2,2,2026-10-07T01:48:52.988727+00:00,baaf82c75a7a02732b9ea0f570e5707ebd3ae0d4708e832a392f43249a7ec63e,,UNVERIFIED
EP-05,"The Beast Girl, Ready to Pounce!",00:10:48,648,848340,https://animehistory.org/uploads/screencaps/outlaw-star-E005-The-Beast-Girl-Ready-to-Pounce/cap_00-10-48_2414.jpg,"Outlaw Star Ep 5: The Beast Girl, Ready to Pounce! @ 00:10:48",https://animehistory.org/gallery/screencaps/outlaw-star/episode-5/,https://animehistory.org/gallery/screencaps/outlaw-star/episode-5/?page=2,2,2026-10-07T01:48:52.988727+00:00,baaf82c75a7a02732b9ea0f570e5707ebd3ae0d4708e832a392f43249a7ec63e,,UNVERIFIED
EP-05,"The Beast Girl, Ready to Pounce!",00:10:52,652,848341,https://animehistory.org/uploads/screencaps/outlaw-star-E005-The-Beast-Girl-Ready-to-Pounce/cap_00-10-52_7d35.jpg,"Outlaw Star Ep 5: The Beast Girl, Ready to Pounce! @ 00:10:52",https://animehistory.org/gallery/screencaps/outlaw-star/episode-5/,https://animehistory.org/gallery/screencaps/outlaw-star/episode-5/?page=2,2,2026-10-07T01:48:52.988727+00:00,baaf82c75a7a02732b9ea0f570e5707ebd3ae0d4708e832a392f43249a7ec63e,,UNVERIFIED
EP-05,"The Beast Girl, Ready to Pounce!",00:10:56,656,848342,https://animehistory.org/uploads/screencaps/outlaw-star-E005-The-Beast-Girl-Ready-to-Pounce/cap_00-10-56_2492.jpg,"Outlaw Star Ep 5: The Beast Girl, Ready to Pounce! @ 00:10:56",https://animehistory.org/gallery/screencaps/outlaw-star/episode-5/,https://animehistory.org/gallery/screencaps/outlaw-star/episode-5/?page=2,2,2026-10-07T01:48:52.988727+00:00,baaf82c75a7a02732b9ea0f570e5707ebd3ae0d4708e832a392f43249a7ec63e,,UNVERIFIED
EP-05,"The Beast Girl, Ready to Pounce!",00:10:59,659,848343,https://animehistory.org/uploads/screencaps/outlaw-star-E005-The-Beast-Girl-Ready-to-Pounce/cap_00-10-59_5cb1.jpg,"Outlaw Star Ep 5: The Beast Girl, Ready to Pounce! @ 00:10:59",https://animehistory.org/gallery/screencaps/outlaw-star/episode-5/,https://animehistory.org/gallery/screencaps/outlaw-star/episode-5/?page=2,2,2026-10-07T01:48:52.988727+00:00,baaf82c75a7a02732b9ea0f570e5707ebd3ae0d4708e832a392f43249a7ec63e,,UNVERIFIED
EP-05,"The Beast Girl, Ready to Pounce!",00:11:03,663,848344,https://animehistory.org/uploads/screencaps/outlaw-star-E005-The-Beast-Girl-Ready-to-Pounce/cap_00-11-03_4c6f.jpg,"Outlaw Star Ep 5: The Beast Girl, Ready to Pounce! @ 00:11:03",https://animehistory.org/gallery/screencaps/outlaw-star/episode-5/,https://animehistory.org/gallery/screencaps/outlaw-star/episode-5/?page=2,2,2026-10-07T01:48:52.988727+00:00,baaf82c75a7a02732b9ea0f570e5707ebd3ae0d4708e832a392f43249a7ec63e,,UNVERIFIED
EP-05,"The Beast Girl, Ready to Pounce!",00:11:06,666,848345,https://animehistory.org/uploads/screencaps/outlaw-star-E005-The-Beast-Girl-Ready-to-Pounce/cap_00-11-06_7577.jpg,"Outlaw Star Ep 5: The Beast Girl, Ready to Pounce! @ 00:11:06",https://animehistory.org/gallery/screencaps/outlaw-star/episode-5/,https://animehistory.org/gallery/screencaps/outlaw-star/episode-5/?page=2,2,2026-10-07T01:48:52.988727+00:00,baaf82c75a7a02732b9ea0f570e5707ebd3ae0d4708e832a392f43249a7ec63e,,UNVERIFIED
EP-05,"The Beast Girl, Ready to Pounce!",00:11:10,670,848346,https://animehistory.org/uploads/screencaps/outlaw-star-E005-The-Beast-Girl-Ready-to-Pounce/cap_00-11-10_6b19.jpg,"Outlaw Star Ep 5: The Beast Girl, Ready to Pounce! @ 00:11:10",https://animehistory.org/gallery/screencaps/outlaw-star/episode-5/,https://animehistory.org/gallery/screencaps/outlaw-star/episode-5/?page=2,2,2026-10-07T01:48:52.988727+00:00,baaf82c75a7a02732b9ea0f570e5707ebd3ae0d4708e832a392f43249a7ec63e,,UNVERIFIED
EP-05,"The Beast Girl, Ready to Pounce!",00:11:14,674,848347,https://animehistory.org/uploads/screencaps/outlaw-star-E005-The-Beast-Girl-Ready-to-Pounce/cap_00-11-14_4da8.jpg,"Outlaw Star Ep 5: The Beast Girl, Ready to Pounce! @ 00:11:14",https://animehistory.org/gallery/screencaps/outlaw-star/episode-5/,https://animehistory.org/gallery/screencaps/outlaw-star/episode-5/?page=2,2,2026-10-07T01:48:52.988727+00:00,baaf82c75a7a02732b9ea0f570e5707ebd3ae0d4708e832a392f43249a7ec63e,,UNVERIFIED
EP-05,"The Beast Girl, Ready to Pounce!",00:11:17,677,848348,https://animehistory.org/uploads/screencaps/outlaw-star-E005-The-Beast-Girl-Ready-to-Pounce/cap_00-11-17_1ef1.jpg,"Outlaw Star Ep 5: The Beast Girl, Ready to Pounce! @ 00:11:17",https://animehistory.org/gallery/screencaps/outlaw-star/episode-5/,https://animehistory.org/gallery/screencaps/outlaw-star/episode-5/?page=2,2,2026-10-07T01:48:52.988727+00:00,baaf82c75a7a02732b9ea0f570e5707ebd3ae0d4708e832a392f43249a7ec63e,,UNVERIFIED
EP-05,"The Beast Girl, Ready to Pounce!",00:11:21,681,848349,https://animehistory.org/uploads/screencaps/outlaw-star-E005-The-Beast-Girl-Ready-to-Pounce/cap_00-11-21_6c9f.jpg,"Outlaw Star Ep 5: The Beast Girl, Ready to Pounce! @ 00:11:21",https://animehistory.org/gallery/screencaps/outlaw-star/episode-5/,https://animehistory.org/gallery/screencaps/outlaw-star/episode-5/?page=2,2,2026-10-07T01:48:52.988727+00:00,baaf82c75a7a02732b9ea0f570e5707ebd3ae0d4708e832a392f43249a7ec63e,,UNVERIFIED
EP-05,"The Beast Girl, Ready to Pounce!",00:11:25,685,848350,https://animehistory.org/uploads/screencaps/outlaw-star-E005-The-Beast-Girl-Ready-to-Pounce/cap_00-11-25_1704.jpg,"Outlaw Star Ep 5: The Beast Girl, Ready to Pounce! @ 00:11:25",https://animehistory.org/gallery/screencaps/outlaw-star/episode-5/,https://animehistory.org/gallery/screencaps/outlaw-star/episode-5/?page=2,2,2026-10-07T01:48:52.988727+00:00,baaf82c75a7a02732b9ea0f570e5707ebd3ae0d4708e832a392f43249a7ec63e,,UNVERIFIED
EP-05,"The Beast Girl, Ready to Pounce!",00:11:28,688,848351,https://animehistory.org/uploads/screencaps/outlaw-star-E005-The-Beast-Girl-Ready-to-Pounce/cap_00-11-28_13ae.jpg,"Outlaw Star Ep 5: The Beast Girl, Ready to Pounce! @ 00:11:28",https://animehistory.org/gallery/screencaps/outlaw-star/episode-5/,https://animehistory.org/gallery/screencaps/outlaw-star/episode-5/?page=2,2,2026-10-07T01:48:52.988727+00:00,baaf82c75a7a02732b9ea0f570e5707ebd3ae0d4708e832a392f43249a7ec63e,,UNVERIFIED
EP-05,"The Beast Girl, Ready to Pounce!",00:11:32,692,848352,https://animehistory.org/uploads/screencaps/outlaw-star-E005-The-Beast-Girl-Ready-to-Pounce/cap_00-11-32_4a91.jpg,"Outlaw Star Ep 5: The Beast Girl, Ready to Pounce! @ 00:11:32",https://animehistory.org/gallery/screencaps/outlaw-star/episode-5/,https://animehistory.org/gallery/screencaps/outlaw-star/episode-5/?page=2,2,2026-10-07T01:48:52.988727+00:00,baaf82c75a7a02732b9ea0f570e5707ebd3ae0d4708e832a392f43249a7ec63e,,UNVERIFIED
EP-05,"The Beast Girl, Ready to Pounce!",00:11:35,695,848353,https://animehistory.org/uploads/screencaps/outlaw-star-E005-The-Beast-Girl-Ready-to-Pounce/cap_00-11-35_2ab1.jpg,"Outlaw Star Ep 5: The Beast Girl, Ready to Pounce! @ 00:11:35",https://animehistory.org/gallery/screencaps/outlaw-star/episode-5/,https://animehistory.org/gallery/screencaps/outlaw-star/episode-5/?page=2,2,2026-10-07T01:48:52.988727+00:00,baaf82c75a7a02732b9ea0f570e5707ebd3ae0d4708e832a392f43249a7ec63e,,UNVERIFIED
EP-05,"The Beast Girl, Ready to Pounce!",00:11:39,699,848354,https://animehistory.org/uploads/screencaps/outlaw-star-E005-The-Beast-Girl-Ready-to-Pounce/cap_00-11-39_0388.jpg,"Outlaw Star Ep 5: The Beast Girl, Ready to Pounce! @ 00:11:39",https://animehistory.org/gallery/screencaps/outlaw-star/episode-5/,https://animehistory.org/gallery/screencaps/outlaw-star/episode-5/?page=2,2,2026-10-07T01:48:52.988727+00:00,baaf82c75a7a02732b9ea0f570e5707ebd3ae0d4708e832a392f43249a7ec63e,,UNVERIFIED
EP-05,"The Beast Girl, Ready to Pounce!",00:11:43,703,848355,https://animehistory.org/uploads/screencaps/outlaw-star-E005-The-Beast-Girl-Ready-to-Pounce/cap_00-11-43_06cd.jpg,"Outlaw Star Ep 5: The Beast Girl, Ready to Pounce! @ 00:11:43",https://animehistory.org/gallery/screencaps/outlaw-star/episode-5/,https://animehistory.org/gallery/screencaps/outlaw-star/episode-5/?page=2,2,2026-10-07T01:48:52.988727+00:00,baaf82c75a7a02732b9ea0f570e5707ebd3ae0d4708e832a392f43249a7ec63e,,UNVERIFIED
EP-05,"The Beast Girl, Ready to Pounce!",00:11:46,706,848356,https://animehistory.org/uploads/screencaps/outlaw-star-E005-The-Beast-Girl-Ready-to-Pounce/cap_00-11-46_71d1.jpg,"Outlaw Star Ep 5: The Beast Girl, Ready to Pounce! @ 00:11:46",https://animehistory.org/gallery/screencaps/outlaw-star/episode-5/,https://animehistory.org/gallery/screencaps/outlaw-star/episode-5/?page=2,2,2026-10-07T01:48:52.988727+00:00,baaf82c75a7a02732b9ea0f570e5707ebd3ae0d4708e832a392f43249a7ec63e,,UNVERIFIED
EP-05,"The Beast Girl, Ready to Pounce!",00:11:50,710,848357,https://animehistory.org/uploads/screencaps/outlaw-star-E005-The-Beast-Girl-Ready-to-Pounce/cap_00-11-50_5c1f.jpg,"Outlaw Star Ep 5: The Beast Girl, Ready to Pounce! @ 00:11:50",https://animehistory.org/gallery/screencaps/outlaw-star/episode-5/,https://animehistory.org/gallery/screencaps/outlaw-star/episode-5/?page=2,2,2026-10-07T01:48:52.988727+00:00,baaf82c75a7a02732b9ea0f570e5707ebd3ae0d4708e832a392f43249a7ec63e,,UNVERIFIED
EP-05,"The Beast Girl, Ready to Pounce!",00:11:53,713,848358,https://animehistory.org/uploads/screencaps/outlaw-star-E005-The-Beast-Girl-Ready-to-Pounce/cap_00-11-53_22a5.jpg,"Outlaw Star Ep 5: The Beast Girl, Ready to Pounce! @ 00:11:53",https://animehistory.org/gallery/screencaps/outlaw-star/episode-5/,https://animehistory.org/gallery/screencaps/outlaw-star/episode-5/?page=2,2,2026-10-07T01:48:52.988727+00:00,baaf82c75a7a02732b9ea0f570e5707ebd3ae0d4708e832a392f43249a7ec63e,,UNVERIFIED
EP-05,"The Beast Girl, Ready to Pounce!",00:11:57,717,848359,https://animehistory.org/uploads/screencaps/outlaw-star-E005-The-Beast-Girl-Ready-to-Pounce/cap_00-11-57_2746.jpg,"Outlaw Star Ep 5: The Beast Girl, Ready to Pounce! @ 00:11:57",https://animehistory.org/gallery/screencaps/outlaw-star/episode-5/,https://animehistory.org/gallery/screencaps/outlaw-star/episode-5/?page=2,2,2026-10-07T01:48:52.988727+00:00,baaf82c75a7a02732b9ea0f570e5707ebd3ae0d4708e832a392f43249a7ec63e,,UNVERIFIED
EP-05,"The Beast Girl, Ready to Pounce!",00:12:01,721,848360,https://animehistory.org/uploads/screencaps/outlaw-star-E005-The-Beast-Girl-Ready-to-Pounce/cap_00-12-01_2085.jpg,"Outlaw Star Ep 5: The Beast Girl, Ready to Pounce! @ 00:12:01",https://animehistory.org/gallery/screencaps/outlaw-star/episode-5/,https://animehistory.org/gallery/screencaps/outlaw-star/episode-5/?page=2,2,2026-10-07T01:48:52.988727+00:00,baaf82c75a7a02732b9ea0f570e5707ebd3ae0d4708e832a392f43249a7ec63e,,UNVERIFIED
EP-05,"The Beast Girl, Ready to Pounce!",00:12:04,724,848361,https://animehistory.org/uploads/screencaps/outlaw-star-E005-The-Beast-Girl-Ready-to-Pounce/cap_00-12-04_1ad0.jpg,"Outlaw Star Ep 5: The Beast Girl, Ready to Pounce! @ 00:12:04",https://animehistory.org/gallery/screencaps/outlaw-star/episode-5/,https://animehistory.org/gallery/screencaps/outlaw-star/episode-5/?page=2,2,2026-10-07T01:48:52.988727+00:00,baaf82c75a7a02732b9ea0f570e5707ebd3ae0d4708e832a392f43249a7ec63e,,UNVERIFIED
EP-05,"The Beast Girl, Ready to Pounce!",00:12:08,728,848362,https://animehistory.org/uploads/screencaps/outlaw-star-E005-The-Beast-Girl-Ready-to-Pounce/cap_00-12-08_35e9.jpg,"Outlaw Star Ep 5: The Beast Girl, Ready to Pounce! @ 00:12:08",https://animehistory.org/gallery/screencaps/outlaw-star/episode-5/,https://animehistory.org/gallery/screencaps/outlaw-star/episode-5/?page=2,2,2026-10-07T01:48:52.988727+00:00,baaf82c75a7a02732b9ea0f570e5707ebd3ae0d4708e832a392f43249a7ec63e,,UNVERIFIED
EP-05,"The Beast Girl, Ready to Pounce!",00:12:11,731,848363,https://animehistory.org/uploads/screencaps/outlaw-star-E005-The-Beast-Girl-Ready-to-Pounce/cap_00-12-11_1276.jpg,"Outlaw Star Ep 5: The Beast Girl, Ready to Pounce! @ 00:12:11",https://animehistory.org/gallery/screencaps/outlaw-star/episode-5/,https://animehistory.org/gallery/screencaps/outlaw-star/episode-5/?page=2,2,2026-10-07T01:48:52.988727+00:00,baaf82c75a7a02732b9ea0f570e5707ebd3ae0d4708e832a392f43249a7ec63e,,UNVERIFIED
EP-05,"The Beast Girl, Ready to Pounce!",00:12:15,735,848364,https://animehistory.org/uploads/screencaps/outlaw-star-E005-The-Beast-Girl-Ready-to-Pounce/cap_00-12-15_5357.jpg,"Outlaw Star Ep 5: The Beast Girl, Ready to Pounce! @ 00:12:15",https://animehistory.org/gallery/screencaps/outlaw-star/episode-5/,https://animehistory.org/gallery/screencaps/outlaw-star/episode-5/?page=2,2,2026-10-07T01:48:52.988727+00:00,baaf82c75a7a02732b9ea0f570e5707ebd3ae0d4708e832a392f43249a7ec63e,,UNVERIFIED
EP-05,"The Beast Girl, Ready to Pounce!",00:12:19,739,848365,https://animehistory.org/uploads/screencaps/outlaw-star-E005-The-Beast-Girl-Ready-to-Pounce/cap_00-12-19_46ed.jpg,"Outlaw Star Ep 5: The Beast Girl, Ready to Pounce! @ 00:12:19",https://animehistory.org/gallery/screencaps/outlaw-star/episode-5/,https://animehistory.org/gallery/screencaps/outlaw-star/episode-5/?page=2,2,2026-10-07T01:48:52.988727+00:00,baaf82c75a7a02732b9ea0f570e5707ebd3ae0d4708e832a392f43249a7ec63e,,UNVERIFIED
EP-05,"The Beast Girl, Ready to Pounce!",00:12:22,742,848366,https://animehistory.org/uploads/screencaps/outlaw-star-E005-The-Beast-Girl-Ready-to-Pounce/cap_00-12-22_2886.jpg,"Outlaw Star Ep 5: The Beast Girl, Ready to Pounce! @ 00:12:22",https://animehistory.org/gallery/screencaps/outlaw-star/episode-5/,https://animehistory.org/gallery/screencaps/outlaw-star/episode-5/?page=2,2,2026-10-07T01:48:52.988727+00:00,baaf82c75a7a02732b9ea0f570e5707ebd3ae0d4708e832a392f43249a7ec63e,,UNVERIFIED
EP-05,"The Beast Girl, Ready to Pounce!",00:12:26,746,848367,https://animehistory.org/uploads/screencaps/outlaw-star-E005-The-Beast-Girl-Ready-to-Pounce/cap_00-12-26_7809.jpg,"Outlaw Star Ep 5: The Beast Girl, Ready to Pounce! @ 00:12:26",https://animehistory.org/gallery/screencaps/outlaw-star/episode-5/,https://animehistory.org/gallery/screencaps/outlaw-star/episode-5/?page=2,2,2026-10-07T01:48:52.988727+00:00,baaf82c75a7a02732b9ea0f570e5707ebd3ae0d4708e832a392f43249a7ec63e,,UNVERIFIED
EP-05,"The Beast Girl, Ready to Pounce!",00:12:30,750,848368,https://animehistory.org/uploads/screencaps/outlaw-star-E005-The-Beast-Girl-Ready-to-Pounce/cap_00-12-30_5d44.jpg,"Outlaw Star Ep 5: The Beast Girl, Ready to Pounce! @ 00:12:30",https://animehistory.org/gallery/screencaps/outlaw-star/episode-5/,https://animehistory.org/gallery/screencaps/outlaw-star/episode-5/?page=2,2,2026-10-07T01:48:52.988727+00:00,baaf82c75a7a02732b9ea0f570e5707ebd3ae0d4708e832a392f43249a7ec63e,,UNVERIFIED
EP-05,"The Beast Girl, Ready to Pounce!",00:12:33,753,848369,https://animehistory.org/uploads/screencaps/outlaw-star-E005-The-Beast-Girl-Ready-to-Pounce/cap_00-12-33_3821.jpg,"Outlaw Star Ep 5: The Beast Girl, Ready to Pounce! @ 00:12:33",https://animehistory.org/gallery/screencaps/outlaw-star/episode-5/,https://animehistory.org/gallery/screencaps/outlaw-star/episode-5/?page=2,2,2026-10-07T01:48:52.988727+00:00,baaf82c75a7a02732b9ea0f570e5707ebd3ae0d4708e832a392f43249a7ec63e,,UNVERIFIED
EP-05,"The Beast Girl, Ready to Pounce!",00:12:37,757,848370,https://animehistory.org/uploads/screencaps/outlaw-star-E005-The-Beast-Girl-Ready-to-Pounce/cap_00-12-37_7a9d.jpg,"Outlaw Star Ep 5: The Beast Girl, Ready to Pounce! @ 00:12:37",https://animehistory.org/gallery/screencaps/outlaw-star/episode-5/,https://animehistory.org/gallery/screencaps/outlaw-star/episode-5/?page=2,2,2026-10-07T01:48:52.988727+00:00,baaf82c75a7a02732b9ea0f570e5707ebd3ae0d4708e832a392f43249a7ec63e,,UNVERIFIED
EP-05,"The Beast Girl, Ready to Pounce!",00:12:40,760,848371,https://animehistory.org/uploads/screencaps/outlaw-star-E005-The-Beast-Girl-Ready-to-Pounce/cap_00-12-40_2495.jpg,"Outlaw Star Ep 5: The Beast Girl, Ready to Pounce! @ 00:12:40",https://animehistory.org/gallery/screencaps/outlaw-star/episode-5/,https://animehistory.org/gallery/screencaps/outlaw-star/episode-5/?page=2,2,2026-10-07T01:48:52.988727+00:00,baaf82c75a7a02732b9ea0f570e5707ebd3ae0d4708e832a392f43249a7ec63e,,UNVERIFIED
EP-05,"The Beast Girl, Ready to Pounce!",00:12:44,764,848372,https://animehistory.org/uploads/screencaps/outlaw-star-E005-The-Beast-Girl-Ready-to-Pounce/cap_00-12-44_4566.jpg,"Outlaw Star Ep 5: The Beast Girl, Ready to Pounce! @ 00:12:44",https://animehistory.org/gallery/screencaps/outlaw-star/episode-5/,https://animehistory.org/gallery/screencaps/outlaw-star/episode-5/?page=2,2,2026-10-07T01:48:52.988727+00:00,baaf82c75a7a02732b9ea0f570e5707ebd3ae0d4708e832a392f43249a7ec63e,,UNVERIFIED
EP-05,"The Beast Girl, Ready to Pounce!",00:12:48,768,848373,https://animehistory.org/uploads/screencaps/outlaw-star-E005-The-Beast-Girl-Ready-to-Pounce/cap_00-12-48_5455.jpg,"Outlaw Star Ep 5: The Beast Girl, Ready to Pounce! @ 00:12:48",https://animehistory.org/gallery/screencaps/outlaw-star/episode-5/,https://animehistory.org/gallery/screencaps/outlaw-star/episode-5/?page=2,2,2026-10-07T01:48:52.988727+00:00,baaf82c75a7a02732b9ea0f570e5707ebd3ae0d4708e832a392f43249a7ec63e,,UNVERIFIED
EP-05,"The Beast Girl, Ready to Pounce!",00:12:51,771,848374,https://animehistory.org/uploads/screencaps/outlaw-star-E005-The-Beast-Girl-Ready-to-Pounce/cap_00-12-51_0525.jpg,"Outlaw Star Ep 5: The Beast Girl, Ready to Pounce! @ 00:12:51",https://animehistory.org/gallery/screencaps/outlaw-star/episode-5/,https://animehistory.org/gallery/screencaps/outlaw-star/episode-5/?page=2,2,2026-10-07T01:48:52.988727+00:00,baaf82c75a7a02732b9ea0f570e5707ebd3ae0d4708e832a392f43249a7ec63e,,UNVERIFIED
EP-05,"The Beast Girl, Ready to Pounce!",00:12:55,775,848375,https://animehistory.org/uploads/screencaps/outlaw-star-E005-The-Beast-Girl-Ready-to-Pounce/cap_00-12-55_2d96.jpg,"Outlaw Star Ep 5: The Beast Girl, Ready to Pounce! @ 00:12:55",https://animehistory.org/gallery/screencaps/outlaw-star/episode-5/,https://animehistory.org/gallery/screencaps/outlaw-star/episode-5/?page=2,2,2026-10-07T01:48:52.988727+00:00,baaf82c75a7a02732b9ea0f570e5707ebd3ae0d4708e832a392f43249a7ec63e,,UNVERIFIED
EP-05,"The Beast Girl, Ready to Pounce!",00:12:58,778,848376,https://animehistory.org/uploads/screencaps/outlaw-star-E005-The-Beast-Girl-Ready-to-Pounce/cap_00-12-58_5771.jpg,"Outlaw Star Ep 5: The Beast Girl, Ready to Pounce! @ 00:12:58",https://animehistory.org/gallery/screencaps/outlaw-star/episode-5/,https://animehistory.org/gallery/screencaps/outlaw-star/episode-5/?page=2,2,2026-10-07T01:48:52.988727+00:00,baaf82c75a7a02732b9ea0f570e5707ebd3ae0d4708e832a392f43249a7ec63e,,UNVERIFIED
EP-05,"The Beast Girl, Ready to Pounce!",00:13:02,782,848377,https://animehistory.org/uploads/screencaps/outlaw-star-E005-The-Beast-Girl-Ready-to-Pounce/cap_00-13-02_3870.jpg,"Outlaw Star Ep 5: The Beast Girl, Ready to Pounce! @ 00:13:02",https://animehistory.org/gallery/screencaps/outlaw-star/episode-5/,https://animehistory.org/gallery/screencaps/outlaw-star/episode-5/?page=2,2,2026-10-07T01:48:52.988727+00:00,baaf82c75a7a02732b9ea0f570e5707ebd3ae0d4708e832a392f43249a7ec63e,,UNVERIFIED
EP-05,"The Beast Girl, Ready to Pounce!",00:13:06,786,848378,https://animehistory.org/uploads/screencaps/outlaw-star-E005-The-Beast-Girl-Ready-to-Pounce/cap_00-13-06_2492.jpg,"Outlaw Star Ep 5: The Beast Girl, Ready to Pounce! @ 00:13:06",https://animehistory.org/gallery/screencaps/outlaw-star/episode-5/,https://animehistory.org/gallery/screencaps/outlaw-star/episode-5/?page=2,2,2026-10-07T01:48:52.988727+00:00,baaf82c75a7a02732b9ea0f570e5707ebd3ae0d4708e832a392f43249a7ec63e,,UNVERIFIED
EP-05,"The Beast Girl, Ready to Pounce!",00:13:09,789,848379,https://animehistory.org/uploads/screencaps/outlaw-star-E005-The-Beast-Girl-Ready-to-Pounce/cap_00-13-09_5b85.jpg,"Outlaw Star Ep 5: The Beast Girl, Ready to Pounce! @ 00:13:09",https://animehistory.org/gallery/screencaps/outlaw-star/episode-5/,https://animehistory.org/gallery/screencaps/outlaw-star/episode-5/?page=2,2,2026-10-07T01:48:52.988727+00:00,baaf82c75a7a02732b9ea0f570e5707ebd3ae0d4708e832a392f43249a7ec63e,,UNVERIFIED
EP-05,"The Beast Girl, Ready to Pounce!",00:13:13,793,848380,https://animehistory.org/uploads/screencaps/outlaw-star-E005-The-Beast-Girl-Ready-to-Pounce/cap_00-13-13_29cc.jpg,"Outlaw Star Ep 5: The Beast Girl, Ready to Pounce! @ 00:13:13",https://animehistory.org/gallery/screencaps/outlaw-star/episode-5/,https://animehistory.org/gallery/screencaps/outlaw-star/episode-5/?page=2,2,2026-10-07T01:48:52.988727+00:00,baaf82c75a7a02732b9ea0f570e5707ebd3ae0d4708e832a392f43249a7ec63e,,UNVERIFIED
EP-05,"The Beast Girl, Ready to Pounce!",00:13:16,796,848381,https://animehistory.org/uploads/screencaps/outlaw-star-E005-The-Beast-Girl-Ready-to-Pounce/cap_00-13-16_3828.jpg,"Outlaw Star Ep 5: The Beast Girl, Ready to Pounce! @ 00:13:16",https://animehistory.org/gallery/screencaps/outlaw-star/episode-5/,https://animehistory.org/gallery/screencaps/outlaw-star/episode-5/?page=2,2,2026-10-07T01:48:52.988727+00:00,baaf82c75a7a02732b9ea0f570e5707ebd3ae0d4708e832a392f43249a7ec63e,,UNVERIFIED
EP-05,"The Beast Girl, Ready to Pounce!",00:13:20,800,848382,https://animehistory.org/uploads/screencaps/outlaw-star-E005-The-Beast-Girl-Ready-to-Pounce/cap_00-13-20_395a.jpg,"Outlaw Star Ep 5: The Beast Girl, Ready to Pounce! @ 00:13:20",https://animehistory.org/gallery/screencaps/outlaw-star/episode-5/,https://animehistory.org/gallery/screencaps/outlaw-star/episode-5/?page=2,2,2026-10-07T01:48:52.988727+00:00,baaf82c75a7a02732b9ea0f570e5707ebd3ae0d4708e832a392f43249a7ec63e,,UNVERIFIED
EP-05,"The Beast Girl, Ready to Pounce!",00:13:24,804,848383,https://animehistory.org/uploads/screencaps/outlaw-star-E005-The-Beast-Girl-Ready-to-Pounce/cap_00-13-24_5625.jpg,"Outlaw Star Ep 5: The Beast Girl, Ready to Pounce! @ 00:13:24",https://animehistory.org/gallery/screencaps/outlaw-star/episode-5/,https://animehistory.org/gallery/screencaps/outlaw-star/episode-5/?page=2,2,2026-10-07T01:48:52.988727+00:00,baaf82c75a7a02732b9ea0f570e5707ebd3ae0d4708e832a392f43249a7ec63e,,UNVERIFIED
EP-05,"The Beast Girl, Ready to Pounce!",00:13:27,807,848384,https://animehistory.org/uploads/screencaps/outlaw-star-E005-The-Beast-Girl-Ready-to-Pounce/cap_00-13-27_1300.jpg,"Outlaw Star Ep 5: The Beast Girl, Ready to Pounce! @ 00:13:27",https://animehistory.org/gallery/screencaps/outlaw-star/episode-5/,https://animehistory.org/gallery/screencaps/outlaw-star/episode-5/?page=2,2,2026-10-07T01:48:52.988727+00:00,baaf82c75a7a02732b9ea0f570e5707ebd3ae0d4708e832a392f43249a7ec63e,,UNVERIFIED
EP-05,"The Beast Girl, Ready to Pounce!",00:13:31,811,848385,https://animehistory.org/uploads/screencaps/outlaw-star-E005-The-Beast-Girl-Ready-to-Pounce/cap_00-13-31_7528.jpg,"Outlaw Star Ep 5: The Beast Girl, Ready to Pounce! @ 00:13:31",https://animehistory.org/gallery/screencaps/outlaw-star/episode-5/,https://animehistory.org/gallery/screencaps/outlaw-star/episode-5/?page=2,2,2026-10-07T01:48:52.988727+00:00,baaf82c75a7a02732b9ea0f570e5707ebd3ae0d4708e832a392f43249a7ec63e,,UNVERIFIED
EP-05,"The Beast Girl, Ready to Pounce!",00:13:35,815,848386,https://animehistory.org/uploads/screencaps/outlaw-star-E005-The-Beast-Girl-Ready-to-Pounce/cap_00-13-35_3bcf.jpg,"Outlaw Star Ep 5: The Beast Girl, Ready to Pounce! @ 00:13:35",https://animehistory.org/gallery/screencaps/outlaw-star/episode-5/,https://animehistory.org/gallery/screencaps/outlaw-star/episode-5/?page=2,2,2026-10-07T01:48:52.988727+00:00,baaf82c75a7a02732b9ea0f570e5707ebd3ae0d4708e832a392f43249a7ec63e,,UNVERIFIED
EP-05,"The Beast Girl, Ready to Pounce!",00:13:38,818,848387,https://animehistory.org/uploads/screencaps/outlaw-star-E005-The-Beast-Girl-Ready-to-Pounce/cap_00-13-38_44cd.jpg,"Outlaw Star Ep 5: The Beast Girl, Ready to Pounce! @ 00:13:38",https://animehistory.org/gallery/screencaps/outlaw-star/episode-5/,https://animehistory.org/gallery/screencaps/outlaw-star/episode-5/?page=2,2,2026-10-07T01:48:52.988727+00:00,baaf82c75a7a02732b9ea0f570e5707ebd3ae0d4708e832a392f43249a7ec63e,,UNVERIFIED
EP-05,"The Beast Girl, Ready to Pounce!",00:13:42,822,848388,https://animehistory.org/uploads/screencaps/outlaw-star-E005-The-Beast-Girl-Ready-to-Pounce/cap_00-13-42_4f19.jpg,"Outlaw Star Ep 5: The Beast Girl, Ready to Pounce! @ 00:13:42",https://animehistory.org/gallery/screencaps/outlaw-star/episode-5/,https://animehistory.org/gallery/screencaps/outlaw-star/episode-5/?page=2,2,2026-10-07T01:48:52.988727+00:00,baaf82c75a7a02732b9ea0f570e5707ebd3ae0d4708e832a392f43249a7ec63e,,UNVERIFIED
EP-05,"The Beast Girl, Ready to Pounce!",00:13:45,825,848389,https://animehistory.org/uploads/screencaps/outlaw-star-E005-The-Beast-Girl-Ready-to-Pounce/cap_00-13-45_3369.jpg,"Outlaw Star Ep 5: The Beast Girl, Ready to Pounce! @ 00:13:45",https://animehistory.org/gallery/screencaps/outlaw-star/episode-5/,https://animehistory.org/gallery/screencaps/outlaw-star/episode-5/?page=3,3,2026-10-07T01:48:54.477151+00:00,f48d681c07719583e6edf6669c11391cbf563f5545dfd3be20a7fecfc3cf2b6d,,UNVERIFIED
EP-05,"The Beast Girl, Ready to Pounce!",00:13:49,829,848390,https://animehistory.org/uploads/screencaps/outlaw-star-E005-The-Beast-Girl-Ready-to-Pounce/cap_00-13-49_2fe7.jpg,"Outlaw Star Ep 5: The Beast Girl, Ready to Pounce! @ 00:13:49",https://animehistory.org/gallery/screencaps/outlaw-star/episode-5/,https://animehistory.org/gallery/screencaps/outlaw-star/episode-5/?page=3,3,2026-10-07T01:48:54.477151+00:00,f48d681c07719583e6edf6669c11391cbf563f5545dfd3be20a7fecfc3cf2b6d,,UNVERIFIED
EP-05,"The Beast Girl, Ready to Pounce!",00:13:53,833,848391,https://animehistory.org/uploads/screencaps/outlaw-star-E005-The-Beast-Girl-Ready-to-Pounce/cap_00-13-53_7686.jpg,"Outlaw Star Ep 5: The Beast Girl, Ready to Pounce! @ 00:13:53",https://animehistory.org/gallery/screencaps/outlaw-star/episode-5/,https://animehistory.org/gallery/screencaps/outlaw-star/episode-5/?page=3,3,2026-10-07T01:48:54.477151+00:00,f48d681c07719583e6edf6669c11391cbf563f5545dfd3be20a7fecfc3cf2b6d,,UNVERIFIED
EP-05,"The Beast Girl, Ready to Pounce!",00:13:56,836,848392,https://animehistory.org/uploads/screencaps/outlaw-star-E005-The-Beast-Girl-Ready-to-Pounce/cap_00-13-56_5197.jpg,"Outlaw Star Ep 5: The Beast Girl, Ready to Pounce! @ 00:13:56",https://animehistory.org/gallery/screencaps/outlaw-star/episode-5/,https://animehistory.org/gallery/screencaps/outlaw-star/episode-5/?page=3,3,2026-10-07T01:48:54.477151+00:00,f48d681c07719583e6edf6669c11391cbf563f5545dfd3be20a7fecfc3cf2b6d,,UNVERIFIED
EP-05,"The Beast Girl, Ready to Pounce!",00:14:00,840,848393,https://animehistory.org/uploads/screencaps/outlaw-star-E005-The-Beast-Girl-Ready-to-Pounce/cap_00-14-00_7d3b.jpg,"Outlaw Star Ep 5: The Beast Girl, Ready to Pounce! @ 00:14:00",https://animehistory.org/gallery/screencaps/outlaw-star/episode-5/,https://animehistory.org/gallery/screencaps/outlaw-star/episode-5/?page=3,3,2026-10-07T01:48:54.477151+00:00,f48d681c07719583e6edf6669c11391cbf563f5545dfd3be20a7fecfc3cf2b6d,,UNVERIFIED
EP-05,"The Beast Girl, Ready to Pounce!",00:14:03,843,848394,https://animehistory.org/uploads/screencaps/outlaw-star-E005-The-Beast-Girl-Ready-to-Pounce/cap_00-14-03_643f.jpg,"Outlaw Star Ep 5: The Beast Girl, Ready to Pounce! @ 00:14:03",https://animehistory.org/gallery/screencaps/outlaw-star/episode-5/,https://animehistory.org/gallery/screencaps/outlaw-star/episode-5/?page=3,3,2026-10-07T01:48:54.477151+00:00,f48d681c07719583e6edf6669c11391cbf563f5545dfd3be20a7fecfc3cf2b6d,,UNVERIFIED
EP-05,"The Beast Girl, Ready to Pounce!",00:14:07,847,848395,https://animehistory.org/uploads/screencaps/outlaw-star-E005-The-Beast-Girl-Ready-to-Pounce/cap_00-14-07_2cc5.jpg,"Outlaw Star Ep 5: The Beast Girl, Ready to Pounce! @ 00:14:07",https://animehistory.org/gallery/screencaps/outlaw-star/episode-5/,https://animehistory.org/gallery/screencaps/outlaw-star/episode-5/?page=3,3,2026-10-07T01:48:54.477151+00:00,f48d681c07719583e6edf6669c11391cbf563f5545dfd3be20a7fecfc3cf2b6d,,UNVERIFIED
EP-05,"The Beast Girl, Ready to Pounce!",00:14:11,851,848396,https://animehistory.org/uploads/screencaps/outlaw-star-E005-The-Beast-Girl-Ready-to-Pounce/cap_00-14-11_03ac.jpg,"Outlaw Star Ep 5: The Beast Girl, Ready to Pounce! @ 00:14:11",https://animehistory.org/gallery/screencaps/outlaw-star/episode-5/,https://animehistory.org/gallery/screencaps/outlaw-star/episode-5/?page=3,3,2026-10-07T01:48:54.477151+00:00,f48d681c07719583e6edf6669c11391cbf563f5545dfd3be20a7fecfc3cf2b6d,,UNVERIFIED
EP-05,"The Beast Girl, Ready to Pounce!",00:14:14,854,848397,https://animehistory.org/uploads/screencaps/outlaw-star-E005-The-Beast-Girl-Ready-to-Pounce/cap_00-14-14_26e7.jpg,"Outlaw Star Ep 5: The Beast Girl, Ready to Pounce! @ 00:14:14",https://animehistory.org/gallery/screencaps/outlaw-star/episode-5/,https://animehistory.org/gallery/screencaps/outlaw-star/episode-5/?page=3,3,2026-10-07T01:48:54.477151+00:00,f48d681c07719583e6edf6669c11391cbf563f5545dfd3be20a7fecfc3cf2b6d,,UNVERIFIED
EP-05,"The Beast Girl, Ready to Pounce!",00:14:18,858,848398,https://animehistory.org/uploads/screencaps/outlaw-star-E005-The-Beast-Girl-Ready-to-Pounce/cap_00-14-18_56aa.jpg,"Outlaw Star Ep 5: The Beast Girl, Ready to Pounce! @ 00:14:18",https://animehistory.org/gallery/screencaps/outlaw-star/episode-5/,https://animehistory.org/gallery/screencaps/outlaw-star/episode-5/?page=3,3,2026-10-07T01:48:54.477151+00:00,f48d681c07719583e6edf6669c11391cbf563f5545dfd3be20a7fecfc3cf2b6d,,UNVERIFIED
EP-05,"The Beast Girl, Ready to Pounce!",00:14:21,861,848399,https://animehistory.org/uploads/screencaps/outlaw-star-E005-The-Beast-Girl-Ready-to-Pounce/cap_00-14-21_186f.jpg,"Outlaw Star Ep 5: The Beast Girl, Ready to Pounce! @ 00:14:21",https://animehistory.org/gallery/screencaps/outlaw-star/episode-5/,https://animehistory.org/gallery/screencaps/outlaw-star/episode-5/?page=3,3,2026-10-07T01:48:54.477151+00:00,f48d681c07719583e6edf6669c11391cbf563f5545dfd3be20a7fecfc3cf2b6d,,UNVERIFIED
EP-05,"The Beast Girl, Ready to Pounce!",00:14:25,865,848400,https://animehistory.org/uploads/screencaps/outlaw-star-E005-The-Beast-Girl-Ready-to-Pounce/cap_00-14-25_5dac.jpg,"Outlaw Star Ep 5: The Beast Girl, Ready to Pounce! @ 00:14:25",https://animehistory.org/gallery/screencaps/outlaw-star/episode-5/,https://animehistory.org/gallery/screencaps/outlaw-star/episode-5/?page=3,3,2026-10-07T01:48:54.477151+00:00,f48d681c07719583e6edf6669c11391cbf563f5545dfd3be20a7fecfc3cf2b6d,,UNVERIFIED
EP-05,"The Beast Girl, Ready to Pounce!",00:14:29,869,848401,https://animehistory.org/uploads/screencaps/outlaw-star-E005-The-Beast-Girl-Ready-to-Pounce/cap_00-14-29_395b.jpg,"Outlaw Star Ep 5: The Beast Girl, Ready to Pounce! @ 00:14:29",https://animehistory.org/gallery/screencaps/outlaw-star/episode-5/,https://animehistory.org/gallery/screencaps/outlaw-star/episode-5/?page=3,3,2026-10-07T01:48:54.477151+00:00,f48d681c07719583e6edf6669c11391cbf563f5545dfd3be20a7fecfc3cf2b6d,,UNVERIFIED
EP-05,"The Beast Girl, Ready to Pounce!",00:14:32,872,848402,https://animehistory.org/uploads/screencaps/outlaw-star-E005-The-Beast-Girl-Ready-to-Pounce/cap_00-14-32_3fd5.jpg,"Outlaw Star Ep 5: The Beast Girl, Ready to Pounce! @ 00:14:32",https://animehistory.org/gallery/screencaps/outlaw-star/episode-5/,https://animehistory.org/gallery/screencaps/outlaw-star/episode-5/?page=3,3,2026-10-07T01:48:54.477151+00:00,f48d681c07719583e6edf6669c11391cbf563f5545dfd3be20a7fecfc3cf2b6d,,UNVERIFIED
EP-05,"The Beast Girl, Ready to Pounce!",00:14:36,876,848403,https://animehistory.org/uploads/screencaps/outlaw-star-E005-The-Beast-Girl-Ready-to-Pounce/cap_00-14-36_7d88.jpg,"Outlaw Star Ep 5: The Beast Girl, Ready to Pounce! @ 00:14:36",https://animehistory.org/gallery/screencaps/outlaw-star/episode-5/,https://animehistory.org/gallery/screencaps/outlaw-star/episode-5/?page=3,3,2026-10-07T01:48:54.477151+00:00,f48d681c07719583e6edf6669c11391cbf563f5545dfd3be20a7fecfc3cf2b6d,,UNVERIFIED
EP-05,"The Beast Girl, Ready to Pounce!",00:14:40,880,848404,https://animehistory.org/uploads/screencaps/outlaw-star-E005-The-Beast-Girl-Ready-to-Pounce/cap_00-14-40_54b7.jpg,"Outlaw Star Ep 5: The Beast Girl, Ready to Pounce! @ 00:14:40",https://animehistory.org/gallery/screencaps/outlaw-star/episode-5/,https://animehistory.org/gallery/screencaps/outlaw-star/episode-5/?page=3,3,2026-10-07T01:48:54.477151+00:00,f48d681c07719583e6edf6669c11391cbf563f5545dfd3be20a7fecfc3cf2b6d,,UNVERIFIED
EP-05,"The Beast Girl, Ready to Pounce!",00:14:43,883,848405,https://animehistory.org/uploads/screencaps/outlaw-star-E005-The-Beast-Girl-Ready-to-Pounce/cap_00-14-43_6c60.jpg,"Outlaw Star Ep 5: The Beast Girl, Ready to Pounce! @ 00:14:43",https://animehistory.org/gallery/screencaps/outlaw-star/episode-5/,https://animehistory.org/gallery/screencaps/outlaw-star/episode-5/?page=3,3,2026-10-07T01:48:54.477151+00:00,f48d681c07719583e6edf6669c11391cbf563f5545dfd3be20a7fecfc3cf2b6d,,UNVERIFIED
EP-05,"The Beast Girl, Ready to Pounce!",00:14:47,887,848406,https://animehistory.org/uploads/screencaps/outlaw-star-E005-The-Beast-Girl-Ready-to-Pounce/cap_00-14-47_13d8.jpg,"Outlaw Star Ep 5: The Beast Girl, Ready to Pounce! @ 00:14:47",https://animehistory.org/gallery/screencaps/outlaw-star/episode-5/,https://animehistory.org/gallery/screencaps/outlaw-star/episode-5/?page=3,3,2026-10-07T01:48:54.477151+00:00,f48d681c07719583e6edf6669c11391cbf563f5545dfd3be20a7fecfc3cf2b6d,,UNVERIFIED
EP-05,"The Beast Girl, Ready to Pounce!",00:14:50,890,848407,https://animehistory.org/uploads/screencaps/outlaw-star-E005-The-Beast-Girl-Ready-to-Pounce/cap_00-14-50_6959.jpg,"Outlaw Star Ep 5: The Beast Girl, Ready to Pounce! @ 00:14:50",https://animehistory.org/gallery/screencaps/outlaw-star/episode-5/,https://animehistory.org/gallery/screencaps/outlaw-star/episode-5/?page=3,3,2026-10-07T01:48:54.477151+00:00,f48d681c07719583e6edf6669c11391cbf563f5545dfd3be20a7fecfc3cf2b6d,,UNVERIFIED
EP-05,"The Beast Girl, Ready to Pounce!",00:14:54,894,848408,https://animehistory.org/uploads/screencaps/outlaw-star-E005-The-Beast-Girl-Ready-to-Pounce/cap_00-14-54_1290.jpg,"Outlaw Star Ep 5: The Beast Girl, Ready to Pounce! @ 00:14:54",https://animehistory.org/gallery/screencaps/outlaw-star/episode-5/,https://animehistory.org/gallery/screencaps/outlaw-star/episode-5/?page=3,3,2026-10-07T01:48:54.477151+00:00,f48d681c07719583e6edf6669c11391cbf563f5545dfd3be20a7fecfc3cf2b6d,,UNVERIFIED
EP-05,"The Beast Girl, Ready to Pounce!",00:14:58,898,848409,https://animehistory.org/uploads/screencaps/outlaw-star-E005-The-Beast-Girl-Ready-to-Pounce/cap_00-14-58_104b.jpg,"Outlaw Star Ep 5: The Beast Girl, Ready to Pounce! @ 00:14:58",https://animehistory.org/gallery/screencaps/outlaw-star/episode-5/,https://animehistory.org/gallery/screencaps/outlaw-star/episode-5/?page=3,3,2026-10-07T01:48:54.477151+00:00,f48d681c07719583e6edf6669c11391cbf563f5545dfd3be20a7fecfc3cf2b6d,,UNVERIFIED
EP-05,"The Beast Girl, Ready to Pounce!",00:15:01,901,848410,https://animehistory.org/uploads/screencaps/outlaw-star-E005-The-Beast-Girl-Ready-to-Pounce/cap_00-15-01_2971.jpg,"Outlaw Star Ep 5: The Beast Girl, Ready to Pounce! @ 00:15:01",https://animehistory.org/gallery/screencaps/outlaw-star/episode-5/,https://animehistory.org/gallery/screencaps/outlaw-star/episode-5/?page=3,3,2026-10-07T01:48:54.477151+00:00,f48d681c07719583e6edf6669c11391cbf563f5545dfd3be20a7fecfc3cf2b6d,,UNVERIFIED
EP-05,"The Beast Girl, Ready to Pounce!",00:15:05,905,848411,https://animehistory.org/uploads/screencaps/outlaw-star-E005-The-Beast-Girl-Ready-to-Pounce/cap_00-15-05_655e.jpg,"Outlaw Star Ep 5: The Beast Girl, Ready to Pounce! @ 00:15:05",https://animehistory.org/gallery/screencaps/outlaw-star/episode-5/,https://animehistory.org/gallery/screencaps/outlaw-star/episode-5/?page=3,3,2026-10-07T01:48:54.477151+00:00,f48d681c07719583e6edf6669c11391cbf563f5545dfd3be20a7fecfc3cf2b6d,,UNVERIFIED
EP-05,"The Beast Girl, Ready to Pounce!",00:15:08,908,848412,https://animehistory.org/uploads/screencaps/outlaw-star-E005-The-Beast-Girl-Ready-to-Pounce/cap_00-15-08_7f3c.jpg,"Outlaw Star Ep 5: The Beast Girl, Ready to Pounce! @ 00:15:08",https://animehistory.org/gallery/screencaps/outlaw-star/episode-5/,https://animehistory.org/gallery/screencaps/outlaw-star/episode-5/?page=3,3,2026-10-07T01:48:54.477151+00:00,f48d681c07719583e6edf6669c11391cbf563f5545dfd3be20a7fecfc3cf2b6d,,UNVERIFIED
EP-05,"The Beast Girl, Ready to Pounce!",00:15:12,912,848413,https://animehistory.org/uploads/screencaps/outlaw-star-E005-The-Beast-Girl-Ready-to-Pounce/cap_00-15-12_7dca.jpg,"Outlaw Star Ep 5: The Beast Girl, Ready to Pounce! @ 00:15:12",https://animehistory.org/gallery/screencaps/outlaw-star/episode-5/,https://animehistory.org/gallery/screencaps/outlaw-star/episode-5/?page=3,3,2026-10-07T01:48:54.477151+00:00,f48d681c07719583e6edf6669c11391cbf563f5545dfd3be20a7fecfc3cf2b6d,,UNVERIFIED
EP-05,"The Beast Girl, Ready to Pounce!",00:15:16,916,848414,https://animehistory.org/uploads/screencaps/outlaw-star-E005-The-Beast-Girl-Ready-to-Pounce/cap_00-15-16_1060.jpg,"Outlaw Star Ep 5: The Beast Girl, Ready to Pounce! @ 00:15:16",https://animehistory.org/gallery/screencaps/outlaw-star/episode-5/,https://animehistory.org/gallery/screencaps/outlaw-star/episode-5/?page=3,3,2026-10-07T01:48:54.477151+00:00,f48d681c07719583e6edf6669c11391cbf563f5545dfd3be20a7fecfc3cf2b6d,,UNVERIFIED
EP-05,"The Beast Girl, Ready to Pounce!",00:15:19,919,848415,https://animehistory.org/uploads/screencaps/outlaw-star-E005-The-Beast-Girl-Ready-to-Pounce/cap_00-15-19_7eeb.jpg,"Outlaw Star Ep 5: The Beast Girl, Ready to Pounce! @ 00:15:19",https://animehistory.org/gallery/screencaps/outlaw-star/episode-5/,https://animehistory.org/gallery/screencaps/outlaw-star/episode-5/?page=3,3,2026-10-07T01:48:54.477151+00:00,f48d681c07719583e6edf6669c11391cbf563f5545dfd3be20a7fecfc3cf2b6d,,UNVERIFIED
EP-05,"The Beast Girl, Ready to Pounce!",00:15:23,923,848416,https://animehistory.org/uploads/screencaps/outlaw-star-E005-The-Beast-Girl-Ready-to-Pounce/cap_00-15-23_37f5.jpg,"Outlaw Star Ep 5: The Beast Girl, Ready to Pounce! @ 00:15:23",https://animehistory.org/gallery/screencaps/outlaw-star/episode-5/,https://animehistory.org/gallery/screencaps/outlaw-star/episode-5/?page=3,3,2026-10-07T01:48:54.477151+00:00,f48d681c07719583e6edf6669c11391cbf563f5545dfd3be20a7fecfc3cf2b6d,,UNVERIFIED
EP-05,"The Beast Girl, Ready to Pounce!",00:15:26,926,848417,https://animehistory.org/uploads/screencaps/outlaw-star-E005-The-Beast-Girl-Ready-to-Pounce/cap_00-15-26_323b.jpg,"Outlaw Star Ep 5: The Beast Girl, Ready to Pounce! @ 00:15:26",https://animehistory.org/gallery/screencaps/outlaw-star/episode-5/,https://animehistory.org/gallery/screencaps/outlaw-star/episode-5/?page=3,3,2026-10-07T01:48:54.477151+00:00,f48d681c07719583e6edf6669c11391cbf563f5545dfd3be20a7fecfc3cf2b6d,,UNVERIFIED
EP-05,"The Beast Girl, Ready to Pounce!",00:15:30,930,848418,https://animehistory.org/uploads/screencaps/outlaw-star-E005-The-Beast-Girl-Ready-to-Pounce/cap_00-15-30_5500.jpg,"Outlaw Star Ep 5: The Beast Girl, Ready to Pounce! @ 00:15:30",https://animehistory.org/gallery/screencaps/outlaw-star/episode-5/,https://animehistory.org/gallery/screencaps/outlaw-star/episode-5/?page=3,3,2026-10-07T01:48:54.477151+00:00,f48d681c07719583e6edf6669c11391cbf563f5545dfd3be20a7fecfc3cf2b6d,,UNVERIFIED
EP-05,"The Beast Girl, Ready to Pounce!",00:15:34,934,848419,https://animehistory.org/uploads/screencaps/outlaw-star-E005-The-Beast-Girl-Ready-to-Pounce/cap_00-15-34_7b44.jpg,"Outlaw Star Ep 5: The Beast Girl, Ready to Pounce! @ 00:15:34",https://animehistory.org/gallery/screencaps/outlaw-star/episode-5/,https://animehistory.org/gallery/screencaps/outlaw-star/episode-5/?page=3,3,2026-10-07T01:48:54.477151+00:00,f48d681c07719583e6edf6669c11391cbf563f5545dfd3be20a7fecfc3cf2b6d,,UNVERIFIED
EP-05,"The Beast Girl, Ready to Pounce!",00:15:37,937,848420,https://animehistory.org/uploads/screencaps/outlaw-star-E005-The-Beast-Girl-Ready-to-Pounce/cap_00-15-37_6598.jpg,"Outlaw Star Ep 5: The Beast Girl, Ready to Pounce! @ 00:15:37",https://animehistory.org/gallery/screencaps/outlaw-star/episode-5/,https://animehistory.org/gallery/screencaps/outlaw-star/episode-5/?page=3,3,2026-10-07T01:48:54.477151+00:00,f48d681c07719583e6edf6669c11391cbf563f5545dfd3be20a7fecfc3cf2b6d,,UNVERIFIED
EP-05,"The Beast Girl, Ready to Pounce!",00:15:41,941,848421,https://animehistory.org/uploads/screencaps/outlaw-star-E005-The-Beast-Girl-Ready-to-Pounce/cap_00-15-41_3ec5.jpg,"Outlaw Star Ep 5: The Beast Girl, Ready to Pounce! @ 00:15:41",https://animehistory.org/gallery/screencaps/outlaw-star/episode-5/,https://animehistory.org/gallery/screencaps/outlaw-star/episode-5/?page=3,3,2026-10-07T01:48:54.477151+00:00,f48d681c07719583e6edf6669c11391cbf563f5545dfd3be20a7fecfc3cf2b6d,,UNVERIFIED
EP-05,"The Beast Girl, Ready to Pounce!",00:15:45,945,848422,https://animehistory.org/uploads/screencaps/outlaw-star-E005-The-Beast-Girl-Ready-to-Pounce/cap_00-15-45_195f.jpg,"Outlaw Star Ep 5: The Beast Girl, Ready to Pounce! @ 00:15:45",https://animehistory.org/gallery/screencaps/outlaw-star/episode-5/,https://animehistory.org/gallery/screencaps/outlaw-star/episode-5/?page=3,3,2026-10-07T01:48:54.477151+00:00,f48d681c07719583e6edf6669c11391cbf563f5545dfd3be20a7fecfc3cf2b6d,,UNVERIFIED
EP-05,"The Beast Girl, Ready to Pounce!",00:15:48,948,848423,https://animehistory.org/uploads/screencaps/outlaw-star-E005-The-Beast-Girl-Ready-to-Pounce/cap_00-15-48_24e3.jpg,"Outlaw Star Ep 5: The Beast Girl, Ready to Pounce! @ 00:15:48",https://animehistory.org/gallery/screencaps/outlaw-star/episode-5/,https://animehistory.org/gallery/screencaps/outlaw-star/episode-5/?page=3,3,2026-10-07T01:48:54.477151+00:00,f48d681c07719583e6edf6669c11391cbf563f5545dfd3be20a7fecfc3cf2b6d,,UNVERIFIED
EP-05,"The Beast Girl, Ready to Pounce!",00:15:52,952,848424,https://animehistory.org/uploads/screencaps/outlaw-star-E005-The-Beast-Girl-Ready-to-Pounce/cap_00-15-52_3f49.jpg,"Outlaw Star Ep 5: The Beast Girl, Ready to Pounce! @ 00:15:52",https://animehistory.org/gallery/screencaps/outlaw-star/episode-5/,https://animehistory.org/gallery/screencaps/outlaw-star/episode-5/?page=3,3,2026-10-07T01:48:54.477151+00:00,f48d681c07719583e6edf6669c11391cbf563f5545dfd3be20a7fecfc3cf2b6d,,UNVERIFIED
EP-05,"The Beast Girl, Ready to Pounce!",00:15:55,955,848425,https://animehistory.org/uploads/screencaps/outlaw-star-E005-The-Beast-Girl-Ready-to-Pounce/cap_00-15-55_2092.jpg,"Outlaw Star Ep 5: The Beast Girl, Ready to Pounce! @ 00:15:55",https://animehistory.org/gallery/screencaps/outlaw-star/episode-5/,https://animehistory.org/gallery/screencaps/outlaw-star/episode-5/?page=3,3,2026-10-07T01:48:54.477151+00:00,f48d681c07719583e6edf6669c11391cbf563f5545dfd3be20a7fecfc3cf2b6d,,UNVERIFIED
EP-05,"The Beast Girl, Ready to Pounce!",00:15:59,959,848426,https://animehistory.org/uploads/screencaps/outlaw-star-E005-The-Beast-Girl-Ready-to-Pounce/cap_00-15-59_732c.jpg,"Outlaw Star Ep 5: The Beast Girl, Ready to Pounce! @ 00:15:59",https://animehistory.org/gallery/screencaps/outlaw-star/episode-5/,https://animehistory.org/gallery/screencaps/outlaw-star/episode-5/?page=3,3,2026-10-07T01:48:54.477151+00:00,f48d681c07719583e6edf6669c11391cbf563f5545dfd3be20a7fecfc3cf2b6d,,UNVERIFIED
EP-05,"The Beast Girl, Ready to Pounce!",00:16:03,963,848427,https://animehistory.org/uploads/screencaps/outlaw-star-E005-The-Beast-Girl-Ready-to-Pounce/cap_00-16-03_135f.jpg,"Outlaw Star Ep 5: The Beast Girl, Ready to Pounce! @ 00:16:03",https://animehistory.org/gallery/screencaps/outlaw-star/episode-5/,https://animehistory.org/gallery/screencaps/outlaw-star/episode-5/?page=3,3,2026-10-07T01:48:54.477151+00:00,f48d681c07719583e6edf6669c11391cbf563f5545dfd3be20a7fecfc3cf2b6d,,UNVERIFIED
EP-05,"The Beast Girl, Ready to Pounce!",00:16:06,966,848428,https://animehistory.org/uploads/screencaps/outlaw-star-E005-The-Beast-Girl-Ready-to-Pounce/cap_00-16-06_3004.jpg,"Outlaw Star Ep 5: The Beast Girl, Ready to Pounce! @ 00:16:06",https://animehistory.org/gallery/screencaps/outlaw-star/episode-5/,https://animehistory.org/gallery/screencaps/outlaw-star/episode-5/?page=3,3,2026-10-07T01:48:54.477151+00:00,f48d681c07719583e6edf6669c11391cbf563f5545dfd3be20a7fecfc3cf2b6d,,UNVERIFIED
EP-05,"The Beast Girl, Ready to Pounce!",00:16:10,970,848429,https://animehistory.org/uploads/screencaps/outlaw-star-E005-The-Beast-Girl-Ready-to-Pounce/cap_00-16-10_4a5d.jpg,"Outlaw Star Ep 5: The Beast Girl, Ready to Pounce! @ 00:16:10",https://animehistory.org/gallery/screencaps/outlaw-star/episode-5/,https://animehistory.org/gallery/screencaps/outlaw-star/episode-5/?page=3,3,2026-10-07T01:48:54.477151+00:00,f48d681c07719583e6edf6669c11391cbf563f5545dfd3be20a7fecfc3cf2b6d,,UNVERIFIED
EP-05,"The Beast Girl, Ready to Pounce!",00:16:13,973,848430,https://animehistory.org/uploads/screencaps/outlaw-star-E005-The-Beast-Girl-Ready-to-Pounce/cap_00-16-13_1966.jpg,"Outlaw Star Ep 5: The Beast Girl, Ready to Pounce! @ 00:16:13",https://animehistory.org/gallery/screencaps/outlaw-star/episode-5/,https://animehistory.org/gallery/screencaps/outlaw-star/episode-5/?page=3,3,2026-10-07T01:48:54.477151+00:00,f48d681c07719583e6edf6669c11391cbf563f5545dfd3be20a7fecfc3cf2b6d,,UNVERIFIED
EP-05,"The Beast Girl, Ready to Pounce!",00:16:17,977,848431,https://animehistory.org/uploads/screencaps/outlaw-star-E005-The-Beast-Girl-Ready-to-Pounce/cap_00-16-17_73f7.jpg,"Outlaw Star Ep 5: The Beast Girl, Ready to Pounce! @ 00:16:17",https://animehistory.org/gallery/screencaps/outlaw-star/episode-5/,https://animehistory.org/gallery/screencaps/outlaw-star/episode-5/?page=3,3,2026-10-07T01:48:54.477151+00:00,f48d681c07719583e6edf6669c11391cbf563f5545dfd3be20a7fecfc3cf2b6d,,UNVERIFIED
EP-05,"The Beast Girl, Ready to Pounce!",00:16:21,981,848432,https://animehistory.org/uploads/screencaps/outlaw-star-E005-The-Beast-Girl-Ready-to-Pounce/cap_00-16-21_1578.jpg,"Outlaw Star Ep 5: The Beast Girl, Ready to Pounce! @ 00:16:21",https://animehistory.org/gallery/screencaps/outlaw-star/episode-5/,https://animehistory.org/gallery/screencaps/outlaw-star/episode-5/?page=3,3,2026-10-07T01:48:54.477151+00:00,f48d681c07719583e6edf6669c11391cbf563f5545dfd3be20a7fecfc3cf2b6d,,UNVERIFIED
EP-05,"The Beast Girl, Ready to Pounce!",00:16:24,984,848433,https://animehistory.org/uploads/screencaps/outlaw-star-E005-The-Beast-Girl-Ready-to-Pounce/cap_00-16-24_0837.jpg,"Outlaw Star Ep 5: The Beast Girl, Ready to Pounce! @ 00:16:24",https://animehistory.org/gallery/screencaps/outlaw-star/episode-5/,https://animehistory.org/gallery/screencaps/outlaw-star/episode-5/?page=3,3,2026-10-07T01:48:54.477151+00:00,f48d681c07719583e6edf6669c11391cbf563f5545dfd3be20a7fecfc3cf2b6d,,UNVERIFIED
EP-05,"The Beast Girl, Ready to Pounce!",00:16:28,988,848434,https://animehistory.org/uploads/screencaps/outlaw-star-E005-The-Beast-Girl-Ready-to-Pounce/cap_00-16-28_1c86.jpg,"Outlaw Star Ep 5: The Beast Girl, Ready to Pounce! @ 00:16:28",https://animehistory.org/gallery/screencaps/outlaw-star/episode-5/,https://animehistory.org/gallery/screencaps/outlaw-star/episode-5/?page=3,3,2026-10-07T01:48:54.477151+00:00,f48d681c07719583e6edf6669c11391cbf563f5545dfd3be20a7fecfc3cf2b6d,,UNVERIFIED
EP-05,"The Beast Girl, Ready to Pounce!",00:16:31,991,848435,https://animehistory.org/uploads/screencaps/outlaw-star-E005-The-Beast-Girl-Ready-to-Pounce/cap_00-16-31_21e1.jpg,"Outlaw Star Ep 5: The Beast Girl, Ready to Pounce! @ 00:16:31",https://animehistory.org/gallery/screencaps/outlaw-star/episode-5/,https://animehistory.org/gallery/screencaps/outlaw-star/episode-5/?page=3,3,2026-10-07T01:48:54.477151+00:00,f48d681c07719583e6edf6669c11391cbf563f5545dfd3be20a7fecfc3cf2b6d,,UNVERIFIED
EP-05,"The Beast Girl, Ready to Pounce!",00:16:35,995,848436,https://animehistory.org/uploads/screencaps/outlaw-star-E005-The-Beast-Girl-Ready-to-Pounce/cap_00-16-35_1dad.jpg,"Outlaw Star Ep 5: The Beast Girl, Ready to Pounce! @ 00:16:35",https://animehistory.org/gallery/screencaps/outlaw-star/episode-5/,https://animehistory.org/gallery/screencaps/outlaw-star/episode-5/?page=3,3,2026-10-07T01:48:54.477151+00:00,f48d681c07719583e6edf6669c11391cbf563f5545dfd3be20a7fecfc3cf2b6d,,UNVERIFIED
EP-05,"The Beast Girl, Ready to Pounce!",00:16:39,999,848437,https://animehistory.org/uploads/screencaps/outlaw-star-E005-The-Beast-Girl-Ready-to-Pounce/cap_00-16-39_7967.jpg,"Outlaw Star Ep 5: The Beast Girl, Ready to Pounce! @ 00:16:39",https://animehistory.org/gallery/screencaps/outlaw-star/episode-5/,https://animehistory.org/gallery/screencaps/outlaw-star/episode-5/?page=3,3,2026-10-07T01:48:54.477151+00:00,f48d681c07719583e6edf6669c11391cbf563f5545dfd3be20a7fecfc3cf2b6d,,UNVERIFIED
EP-05,"The Beast Girl, Ready to Pounce!",00:16:42,1002,848438,https://animehistory.org/uploads/screencaps/outlaw-star-E005-The-Beast-Girl-Ready-to-Pounce/cap_00-16-42_6d67.jpg,"Outlaw Star Ep 5: The Beast Girl, Ready to Pounce! @ 00:16:42",https://animehistory.org/gallery/screencaps/outlaw-star/episode-5/,https://animehistory.org/gallery/screencaps/outlaw-star/episode-5/?page=3,3,2026-10-07T01:48:54.477151+00:00,f48d681c07719583e6edf6669c11391cbf563f5545dfd3be20a7fecfc3cf2b6d,,UNVERIFIED
EP-05,"The Beast Girl, Ready to Pounce!",00:16:46,1006,848439,https://animehistory.org/uploads/screencaps/outlaw-star-E005-The-Beast-Girl-Ready-to-Pounce/cap_00-16-46_44e0.jpg,"Outlaw Star Ep 5: The Beast Girl, Ready to Pounce! @ 00:16:46",https://animehistory.org/gallery/screencaps/outlaw-star/episode-5/,https://animehistory.org/gallery/screencaps/outlaw-star/episode-5/?page=3,3,2026-10-07T01:48:54.477151+00:00,f48d681c07719583e6edf6669c11391cbf563f5545dfd3be20a7fecfc3cf2b6d,,UNVERIFIED
EP-05,"The Beast Girl, Ready to Pounce!",00:16:50,1010,848440,https://animehistory.org/uploads/screencaps/outlaw-star-E005-The-Beast-Girl-Ready-to-Pounce/cap_00-16-50_2974.jpg,"Outlaw Star Ep 5: The Beast Girl, Ready to Pounce! @ 00:16:50",https://animehistory.org/gallery/screencaps/outlaw-star/episode-5/,https://animehistory.org/gallery/screencaps/outlaw-star/episode-5/?page=3,3,2026-10-07T01:48:54.477151+00:00,f48d681c07719583e6edf6669c11391cbf563f5545dfd3be20a7fecfc3cf2b6d,,UNVERIFIED
EP-05,"The Beast Girl, Ready to Pounce!",00:16:53,1013,848441,https://animehistory.org/uploads/screencaps/outlaw-star-E005-The-Beast-Girl-Ready-to-Pounce/cap_00-16-53_5b79.jpg,"Outlaw Star Ep 5: The Beast Girl, Ready to Pounce! @ 00:16:53",https://animehistory.org/gallery/screencaps/outlaw-star/episode-5/,https://animehistory.org/gallery/screencaps/outlaw-star/episode-5/?page=3,3,2026-10-07T01:48:54.477151+00:00,f48d681c07719583e6edf6669c11391cbf563f5545dfd3be20a7fecfc3cf2b6d,,UNVERIFIED
EP-05,"The Beast Girl, Ready to Pounce!",00:16:57,1017,848442,https://animehistory.org/uploads/screencaps/outlaw-star-E005-The-Beast-Girl-Ready-to-Pounce/cap_00-16-57_0c80.jpg,"Outlaw Star Ep 5: The Beast Girl, Ready to Pounce! @ 00:16:57",https://animehistory.org/gallery/screencaps/outlaw-star/episode-5/,https://animehistory.org/gallery/screencaps/outlaw-star/episode-5/?page=3,3,2026-10-07T01:48:54.477151+00:00,f48d681c07719583e6edf6669c11391cbf563f5545dfd3be20a7fecfc3cf2b6d,,UNVERIFIED
EP-05,"The Beast Girl, Ready to Pounce!",00:17:00,1020,848443,https://animehistory.org/uploads/screencaps/outlaw-star-E005-The-Beast-Girl-Ready-to-Pounce/cap_00-17-00_60cf.jpg,"Outlaw Star Ep 5: The Beast Girl, Ready to Pounce! @ 00:17:00",https://animehistory.org/gallery/screencaps/outlaw-star/episode-5/,https://animehistory.org/gallery/screencaps/outlaw-star/episode-5/?page=3,3,2026-10-07T01:48:54.477151+00:00,f48d681c07719583e6edf6669c11391cbf563f5545dfd3be20a7fecfc3cf2b6d,,UNVERIFIED
EP-05,"The Beast Girl, Ready to Pounce!",00:17:04,1024,848444,https://animehistory.org/uploads/screencaps/outlaw-star-E005-The-Beast-Girl-Ready-to-Pounce/cap_00-17-04_0733.jpg,"Outlaw Star Ep 5: The Beast Girl, Ready to Pounce! @ 00:17:04",https://animehistory.org/gallery/screencaps/outlaw-star/episode-5/,https://animehistory.org/gallery/screencaps/outlaw-star/episode-5/?page=3,3,2026-10-07T01:48:54.477151+00:00,f48d681c07719583e6edf6669c11391cbf563f5545dfd3be20a7fecfc3cf2b6d,,UNVERIFIED
EP-05,"The Beast Girl, Ready to Pounce!",00:17:08,1028,848445,https://animehistory.org/uploads/screencaps/outlaw-star-E005-The-Beast-Girl-Ready-to-Pounce/cap_00-17-08_1714.jpg,"Outlaw Star Ep 5: The Beast Girl, Ready to Pounce! @ 00:17:08",https://animehistory.org/gallery/screencaps/outlaw-star/episode-5/,https://animehistory.org/gallery/screencaps/outlaw-star/episode-5/?page=3,3,2026-10-07T01:48:54.477151+00:00,f48d681c07719583e6edf6669c11391cbf563f5545dfd3be20a7fecfc3cf2b6d,,UNVERIFIED
EP-05,"The Beast Girl, Ready to Pounce!",00:17:11,1031,848446,https://animehistory.org/uploads/screencaps/outlaw-star-E005-The-Beast-Girl-Ready-to-Pounce/cap_00-17-11_76b6.jpg,"Outlaw Star Ep 5: The Beast Girl, Ready to Pounce! @ 00:17:11",https://animehistory.org/gallery/screencaps/outlaw-star/episode-5/,https://animehistory.org/gallery/screencaps/outlaw-star/episode-5/?page=3,3,2026-10-07T01:48:54.477151+00:00,f48d681c07719583e6edf6669c11391cbf563f5545dfd3be20a7fecfc3cf2b6d,,UNVERIFIED
EP-05,"The Beast Girl, Ready to Pounce!",00:17:15,1035,848447,https://animehistory.org/uploads/screencaps/outlaw-star-E005-The-Beast-Girl-Ready-to-Pounce/cap_00-17-15_21e9.jpg,"Outlaw Star Ep 5: The Beast Girl, Ready to Pounce! @ 00:17:15",https://animehistory.org/gallery/screencaps/outlaw-star/episode-5/,https://animehistory.org/gallery/screencaps/outlaw-star/episode-5/?page=3,3,2026-10-07T01:48:54.477151+00:00,f48d681c07719583e6edf6669c11391cbf563f5545dfd3be20a7fecfc3cf2b6d,,UNVERIFIED
EP-05,"The Beast Girl, Ready to Pounce!",00:17:18,1038,848448,https://animehistory.org/uploads/screencaps/outlaw-star-E005-The-Beast-Girl-Ready-to-Pounce/cap_00-17-18_5b97.jpg,"Outlaw Star Ep 5: The Beast Girl, Ready to Pounce! @ 00:17:18",https://animehistory.org/gallery/screencaps/outlaw-star/episode-5/,https://animehistory.org/gallery/screencaps/outlaw-star/episode-5/?page=3,3,2026-10-07T01:48:54.477151+00:00,f48d681c07719583e6edf6669c11391cbf563f5545dfd3be20a7fecfc3cf2b6d,,UNVERIFIED
EP-05,"The Beast Girl, Ready to Pounce!",00:17:22,1042,848449,https://animehistory.org/uploads/screencaps/outlaw-star-E005-The-Beast-Girl-Ready-to-Pounce/cap_00-17-22_50bf.jpg,"Outlaw Star Ep 5: The Beast Girl, Ready to Pounce! @ 00:17:22",https://animehistory.org/gallery/screencaps/outlaw-star/episode-5/,https://animehistory.org/gallery/screencaps/outlaw-star/episode-5/?page=3,3,2026-10-07T01:48:54.477151+00:00,f48d681c07719583e6edf6669c11391cbf563f5545dfd3be20a7fecfc3cf2b6d,,UNVERIFIED
EP-05,"The Beast Girl, Ready to Pounce!",00:17:26,1046,848450,https://animehistory.org/uploads/screencaps/outlaw-star-E005-The-Beast-Girl-Ready-to-Pounce/cap_00-17-26_1e11.jpg,"Outlaw Star Ep 5: The Beast Girl, Ready to Pounce! @ 00:17:26",https://animehistory.org/gallery/screencaps/outlaw-star/episode-5/,https://animehistory.org/gallery/screencaps/outlaw-star/episode-5/?page=3,3,2026-10-07T01:48:54.477151+00:00,f48d681c07719583e6edf6669c11391cbf563f5545dfd3be20a7fecfc3cf2b6d,,UNVERIFIED
EP-05,"The Beast Girl, Ready to Pounce!",00:17:29,1049,848451,https://animehistory.org/uploads/screencaps/outlaw-star-E005-The-Beast-Girl-Ready-to-Pounce/cap_00-17-29_2ee3.jpg,"Outlaw Star Ep 5: The Beast Girl, Ready to Pounce! @ 00:17:29",https://animehistory.org/gallery/screencaps/outlaw-star/episode-5/,https://animehistory.org/gallery/screencaps/outlaw-star/episode-5/?page=3,3,2026-10-07T01:48:54.477151+00:00,f48d681c07719583e6edf6669c11391cbf563f5545dfd3be20a7fecfc3cf2b6d,,UNVERIFIED
EP-05,"The Beast Girl, Ready to Pounce!",00:17:33,1053,848452,https://animehistory.org/uploads/screencaps/outlaw-star-E005-The-Beast-Girl-Ready-to-Pounce/cap_00-17-33_5aeb.jpg,"Outlaw Star Ep 5: The Beast Girl, Ready to Pounce! @ 00:17:33",https://animehistory.org/gallery/screencaps/outlaw-star/episode-5/,https://animehistory.org/gallery/screencaps/outlaw-star/episode-5/?page=3,3,2026-10-07T01:48:54.477151+00:00,f48d681c07719583e6edf6669c11391cbf563f5545dfd3be20a7fecfc3cf2b6d,,UNVERIFIED
EP-05,"The Beast Girl, Ready to Pounce!",00:17:36,1056,848453,https://animehistory.org/uploads/screencaps/outlaw-star-E005-The-Beast-Girl-Ready-to-Pounce/cap_00-17-36_3880.jpg,"Outlaw Star Ep 5: The Beast Girl, Ready to Pounce! @ 00:17:36",https://animehistory.org/gallery/screencaps/outlaw-star/episode-5/,https://animehistory.org/gallery/screencaps/outlaw-star/episode-5/?page=3,3,2026-10-07T01:48:54.477151+00:00,f48d681c07719583e6edf6669c11391cbf563f5545dfd3be20a7fecfc3cf2b6d,,UNVERIFIED
EP-05,"The Beast Girl, Ready to Pounce!",00:17:40,1060,848454,https://animehistory.org/uploads/screencaps/outlaw-star-E005-The-Beast-Girl-Ready-to-Pounce/cap_00-17-40_40f2.jpg,"Outlaw Star Ep 5: The Beast Girl, Ready to Pounce! @ 00:17:40",https://animehistory.org/gallery/screencaps/outlaw-star/episode-5/,https://animehistory.org/gallery/screencaps/outlaw-star/episode-5/?page=3,3,2026-10-07T01:48:54.477151+00:00,f48d681c07719583e6edf6669c11391cbf563f5545dfd3be20a7fecfc3cf2b6d,,UNVERIFIED
EP-05,"The Beast Girl, Ready to Pounce!",00:17:44,1064,848455,https://animehistory.org/uploads/screencaps/outlaw-star-E005-The-Beast-Girl-Ready-to-Pounce/cap_00-17-44_1d02.jpg,"Outlaw Star Ep 5: The Beast Girl, Ready to Pounce! @ 00:17:44",https://animehistory.org/gallery/screencaps/outlaw-star/episode-5/,https://animehistory.org/gallery/screencaps/outlaw-star/episode-5/?page=3,3,2026-10-07T01:48:54.477151+00:00,f48d681c07719583e6edf6669c11391cbf563f5545dfd3be20a7fecfc3cf2b6d,,UNVERIFIED
EP-05,"The Beast Girl, Ready to Pounce!",00:17:47,1067,848456,https://animehistory.org/uploads/screencaps/outlaw-star-E005-The-Beast-Girl-Ready-to-Pounce/cap_00-17-47_6be0.jpg,"Outlaw Star Ep 5: The Beast Girl, Ready to Pounce! @ 00:17:47",https://animehistory.org/gallery/screencaps/outlaw-star/episode-5/,https://animehistory.org/gallery/screencaps/outlaw-star/episode-5/?page=3,3,2026-10-07T01:48:54.477151+00:00,f48d681c07719583e6edf6669c11391cbf563f5545dfd3be20a7fecfc3cf2b6d,,UNVERIFIED
EP-05,"The Beast Girl, Ready to Pounce!",00:17:51,1071,848457,https://animehistory.org/uploads/screencaps/outlaw-star-E005-The-Beast-Girl-Ready-to-Pounce/cap_00-17-51_5408.jpg,"Outlaw Star Ep 5: The Beast Girl, Ready to Pounce! @ 00:17:51",https://animehistory.org/gallery/screencaps/outlaw-star/episode-5/,https://animehistory.org/gallery/screencaps/outlaw-star/episode-5/?page=3,3,2026-10-07T01:48:54.477151+00:00,f48d681c07719583e6edf6669c11391cbf563f5545dfd3be20a7fecfc3cf2b6d,,UNVERIFIED
EP-05,"The Beast Girl, Ready to Pounce!",00:17:55,1075,848458,https://animehistory.org/uploads/screencaps/outlaw-star-E005-The-Beast-Girl-Ready-to-Pounce/cap_00-17-55_450b.jpg,"Outlaw Star Ep 5: The Beast Girl, Ready to Pounce! @ 00:17:55",https://animehistory.org/gallery/screencaps/outlaw-star/episode-5/,https://animehistory.org/gallery/screencaps/outlaw-star/episode-5/?page=3,3,2026-10-07T01:48:54.477151+00:00,f48d681c07719583e6edf6669c11391cbf563f5545dfd3be20a7fecfc3cf2b6d,,UNVERIFIED
EP-05,"The Beast Girl, Ready to Pounce!",00:17:58,1078,848459,https://animehistory.org/uploads/screencaps/outlaw-star-E005-The-Beast-Girl-Ready-to-Pounce/cap_00-17-58_640a.jpg,"Outlaw Star Ep 5: The Beast Girl, Ready to Pounce! @ 00:17:58",https://animehistory.org/gallery/screencaps/outlaw-star/episode-5/,https://animehistory.org/gallery/screencaps/outlaw-star/episode-5/?page=3,3,2026-10-07T01:48:54.477151+00:00,f48d681c07719583e6edf6669c11391cbf563f5545dfd3be20a7fecfc3cf2b6d,,UNVERIFIED
EP-05,"The Beast Girl, Ready to Pounce!",00:18:02,1082,848460,https://animehistory.org/uploads/screencaps/outlaw-star-E005-The-Beast-Girl-Ready-to-Pounce/cap_00-18-02_628f.jpg,"Outlaw Star Ep 5: The Beast Girl, Ready to Pounce! @ 00:18:02",https://animehistory.org/gallery/screencaps/outlaw-star/episode-5/,https://animehistory.org/gallery/screencaps/outlaw-star/episode-5/?page=3,3,2026-10-07T01:48:54.477151+00:00,f48d681c07719583e6edf6669c11391cbf563f5545dfd3be20a7fecfc3cf2b6d,,UNVERIFIED
EP-05,"The Beast Girl, Ready to Pounce!",00:18:05,1085,848461,https://animehistory.org/uploads/screencaps/outlaw-star-E005-The-Beast-Girl-Ready-to-Pounce/cap_00-18-05_70b7.jpg,"Outlaw Star Ep 5: The Beast Girl, Ready to Pounce! @ 00:18:05",https://animehistory.org/gallery/screencaps/outlaw-star/episode-5/,https://animehistory.org/gallery/screencaps/outlaw-star/episode-5/?page=3,3,2026-10-07T01:48:54.477151+00:00,f48d681c07719583e6edf6669c11391cbf563f5545dfd3be20a7fecfc3cf2b6d,,UNVERIFIED
EP-05,"The Beast Girl, Ready to Pounce!",00:18:09,1089,848462,https://animehistory.org/uploads/screencaps/outlaw-star-E005-The-Beast-Girl-Ready-to-Pounce/cap_00-18-09_3674.jpg,"Outlaw Star Ep 5: The Beast Girl, Ready to Pounce! @ 00:18:09",https://animehistory.org/gallery/screencaps/outlaw-star/episode-5/,https://animehistory.org/gallery/screencaps/outlaw-star/episode-5/?page=3,3,2026-10-07T01:48:54.477151+00:00,f48d681c07719583e6edf6669c11391cbf563f5545dfd3be20a7fecfc3cf2b6d,,UNVERIFIED
EP-05,"The Beast Girl, Ready to Pounce!",00:18:13,1093,848463,https://animehistory.org/uploads/screencaps/outlaw-star-E005-The-Beast-Girl-Ready-to-Pounce/cap_00-18-13_68de.jpg,"Outlaw Star Ep 5: The Beast Girl, Ready to Pounce! @ 00:18:13",https://animehistory.org/gallery/screencaps/outlaw-star/episode-5/,https://animehistory.org/gallery/screencaps/outlaw-star/episode-5/?page=3,3,2026-10-07T01:48:54.477151+00:00,f48d681c07719583e6edf6669c11391cbf563f5545dfd3be20a7fecfc3cf2b6d,,UNVERIFIED
EP-05,"The Beast Girl, Ready to Pounce!",00:18:16,1096,848464,https://animehistory.org/uploads/screencaps/outlaw-star-E005-The-Beast-Girl-Ready-to-Pounce/cap_00-18-16_442c.jpg,"Outlaw Star Ep 5: The Beast Girl, Ready to Pounce! @ 00:18:16",https://animehistory.org/gallery/screencaps/outlaw-star/episode-5/,https://animehistory.org/gallery/screencaps/outlaw-star/episode-5/?page=3,3,2026-10-07T01:48:54.477151+00:00,f48d681c07719583e6edf6669c11391cbf563f5545dfd3be20a7fecfc3cf2b6d,,UNVERIFIED
EP-05,"The Beast Girl, Ready to Pounce!",00:18:20,1100,848465,https://animehistory.org/uploads/screencaps/outlaw-star-E005-The-Beast-Girl-Ready-to-Pounce/cap_00-18-20_5bfc.jpg,"Outlaw Star Ep 5: The Beast Girl, Ready to Pounce! @ 00:18:20",https://animehistory.org/gallery/screencaps/outlaw-star/episode-5/,https://animehistory.org/gallery/screencaps/outlaw-star/episode-5/?page=3,3,2026-10-07T01:48:54.477151+00:00,f48d681c07719583e6edf6669c11391cbf563f5545dfd3be20a7fecfc3cf2b6d,,UNVERIFIED
EP-05,"The Beast Girl, Ready to Pounce!",00:18:23,1103,848466,https://animehistory.org/uploads/screencaps/outlaw-star-E005-The-Beast-Girl-Ready-to-Pounce/cap_00-18-23_199d.jpg,"Outlaw Star Ep 5: The Beast Girl, Ready to Pounce! @ 00:18:23",https://animehistory.org/gallery/screencaps/outlaw-star/episode-5/,https://animehistory.org/gallery/screencaps/outlaw-star/episode-5/?page=3,3,2026-10-07T01:48:54.477151+00:00,f48d681c07719583e6edf6669c11391cbf563f5545dfd3be20a7fecfc3cf2b6d,,UNVERIFIED
EP-05,"The Beast Girl, Ready to Pounce!",00:18:27,1107,848467,https://animehistory.org/uploads/screencaps/outlaw-star-E005-The-Beast-Girl-Ready-to-Pounce/cap_00-18-27_3adc.jpg,"Outlaw Star Ep 5: The Beast Girl, Ready to Pounce! @ 00:18:27",https://animehistory.org/gallery/screencaps/outlaw-star/episode-5/,https://animehistory.org/gallery/screencaps/outlaw-star/episode-5/?page=3,3,2026-10-07T01:48:54.477151+00:00,f48d681c07719583e6edf6669c11391cbf563f5545dfd3be20a7fecfc3cf2b6d,,UNVERIFIED
EP-05,"The Beast Girl, Ready to Pounce!",00:18:31,1111,848468,https://animehistory.org/uploads/screencaps/outlaw-star-E005-The-Beast-Girl-Ready-to-Pounce/cap_00-18-31_4eb6.jpg,"Outlaw Star Ep 5: The Beast Girl, Ready to Pounce! @ 00:18:31",https://animehistory.org/gallery/screencaps/outlaw-star/episode-5/,https://animehistory.org/gallery/screencaps/outlaw-star/episode-5/?page=3,3,2026-10-07T01:48:54.477151+00:00,f48d681c07719583e6edf6669c11391cbf563f5545dfd3be20a7fecfc3cf2b6d,,UNVERIFIED
EP-05,"The Beast Girl, Ready to Pounce!",00:18:34,1114,848469,https://animehistory.org/uploads/screencaps/outlaw-star-E005-The-Beast-Girl-Ready-to-Pounce/cap_00-18-34_46b6.jpg,"Outlaw Star Ep 5: The Beast Girl, Ready to Pounce! @ 00:18:34",https://animehistory.org/gallery/screencaps/outlaw-star/episode-5/,https://animehistory.org/gallery/screencaps/outlaw-star/episode-5/?page=3,3,2026-10-07T01:48:54.477151+00:00,f48d681c07719583e6edf6669c11391cbf563f5545dfd3be20a7fecfc3cf2b6d,,UNVERIFIED
EP-05,"The Beast Girl, Ready to Pounce!",00:18:38,1118,848470,https://animehistory.org/uploads/screencaps/outlaw-star-E005-The-Beast-Girl-Ready-to-Pounce/cap_00-18-38_7d62.jpg,"Outlaw Star Ep 5: The Beast Girl, Ready to Pounce! @ 00:18:38",https://animehistory.org/gallery/screencaps/outlaw-star/episode-5/,https://animehistory.org/gallery/screencaps/outlaw-star/episode-5/?page=3,3,2026-10-07T01:48:54.477151+00:00,f48d681c07719583e6edf6669c11391cbf563f5545dfd3be20a7fecfc3cf2b6d,,UNVERIFIED
EP-05,"The Beast Girl, Ready to Pounce!",00:18:41,1121,848471,https://animehistory.org/uploads/screencaps/outlaw-star-E005-The-Beast-Girl-Ready-to-Pounce/cap_00-18-41_1845.jpg,"Outlaw Star Ep 5: The Beast Girl, Ready to Pounce! @ 00:18:41",https://animehistory.org/gallery/screencaps/outlaw-star/episode-5/,https://animehistory.org/gallery/screencaps/outlaw-star/episode-5/?page=3,3,2026-10-07T01:48:54.477151+00:00,f48d681c07719583e6edf6669c11391cbf563f5545dfd3be20a7fecfc3cf2b6d,,UNVERIFIED
EP-05,"The Beast Girl, Ready to Pounce!",00:18:45,1125,848472,https://animehistory.org/uploads/screencaps/outlaw-star-E005-The-Beast-Girl-Ready-to-Pounce/cap_00-18-45_0cf7.jpg,"Outlaw Star Ep 5: The Beast Girl, Ready to Pounce! @ 00:18:45",https://animehistory.org/gallery/screencaps/outlaw-star/episode-5/,https://animehistory.org/gallery/screencaps/outlaw-star/episode-5/?page=3,3,2026-10-07T01:48:54.477151+00:00,f48d681c07719583e6edf6669c11391cbf563f5545dfd3be20a7fecfc3cf2b6d,,UNVERIFIED
EP-05,"The Beast Girl, Ready to Pounce!",00:18:49,1129,848473,https://animehistory.org/uploads/screencaps/outlaw-star-E005-The-Beast-Girl-Ready-to-Pounce/cap_00-18-49_3f1f.jpg,"Outlaw Star Ep 5: The Beast Girl, Ready to Pounce! @ 00:18:49",https://animehistory.org/gallery/screencaps/outlaw-star/episode-5/,https://animehistory.org/gallery/screencaps/outlaw-star/episode-5/?page=3,3,2026-10-07T01:48:54.477151+00:00,f48d681c07719583e6edf6669c11391cbf563f5545dfd3be20a7fecfc3cf2b6d,,UNVERIFIED
EP-05,"The Beast Girl, Ready to Pounce!",00:18:52,1132,848474,https://animehistory.org/uploads/screencaps/outlaw-star-E005-The-Beast-Girl-Ready-to-Pounce/cap_00-18-52_61d0.jpg,"Outlaw Star Ep 5: The Beast Girl, Ready to Pounce! @ 00:18:52",https://animehistory.org/gallery/screencaps/outlaw-star/episode-5/,https://animehistory.org/gallery/screencaps/outlaw-star/episode-5/?page=3,3,2026-10-07T01:48:54.477151+00:00,f48d681c07719583e6edf6669c11391cbf563f5545dfd3be20a7fecfc3cf2b6d,,UNVERIFIED
EP-05,"The Beast Girl, Ready to Pounce!",00:18:56,1136,848475,https://animehistory.org/uploads/screencaps/outlaw-star-E005-The-Beast-Girl-Ready-to-Pounce/cap_00-18-56_3d22.jpg,"Outlaw Star Ep 5: The Beast Girl, Ready to Pounce! @ 00:18:56",https://animehistory.org/gallery/screencaps/outlaw-star/episode-5/,https://animehistory.org/gallery/screencaps/outlaw-star/episode-5/?page=3,3,2026-10-07T01:48:54.477151+00:00,f48d681c07719583e6edf6669c11391cbf563f5545dfd3be20a7fecfc3cf2b6d,,UNVERIFIED
EP-05,"The Beast Girl, Ready to Pounce!",00:19:00,1140,848476,https://animehistory.org/uploads/screencaps/outlaw-star-E005-The-Beast-Girl-Ready-to-Pounce/cap_00-19-00_7388.jpg,"Outlaw Star Ep 5: The Beast Girl, Ready to Pounce! @ 00:19:00",https://animehistory.org/gallery/screencaps/outlaw-star/episode-5/,https://animehistory.org/gallery/screencaps/outlaw-star/episode-5/?page=3,3,2026-10-07T01:48:54.477151+00:00,f48d681c07719583e6edf6669c11391cbf563f5545dfd3be20a7fecfc3cf2b6d,,UNVERIFIED
EP-05,"The Beast Girl, Ready to Pounce!",00:19:03,1143,848477,https://animehistory.org/uploads/screencaps/outlaw-star-E005-The-Beast-Girl-Ready-to-Pounce/cap_00-19-03_6f7f.jpg,"Outlaw Star Ep 5: The Beast Girl, Ready to Pounce! @ 00:19:03",https://animehistory.org/gallery/screencaps/outlaw-star/episode-5/,https://animehistory.org/gallery/screencaps/outlaw-star/episode-5/?page=3,3,2026-10-07T01:48:54.477151+00:00,f48d681c07719583e6edf6669c11391cbf563f5545dfd3be20a7fecfc3cf2b6d,,UNVERIFIED
EP-05,"The Beast Girl, Ready to Pounce!",00:19:07,1147,848478,https://animehistory.org/uploads/screencaps/outlaw-star-E005-The-Beast-Girl-Ready-to-Pounce/cap_00-19-07_3ecc.jpg,"Outlaw Star Ep 5: The Beast Girl, Ready to Pounce! @ 00:19:07",https://animehistory.org/gallery/screencaps/outlaw-star/episode-5/,https://animehistory.org/gallery/screencaps/outlaw-star/episode-5/?page=3,3,2026-10-07T01:48:54.477151+00:00,f48d681c07719583e6edf6669c11391cbf563f5545dfd3be20a7fecfc3cf2b6d,,UNVERIFIED
EP-05,"The Beast Girl, Ready to Pounce!",00:19:10,1150,848479,https://animehistory.org/uploads/screencaps/outlaw-star-E005-The-Beast-Girl-Ready-to-Pounce/cap_00-19-10_7121.jpg,"Outlaw Star Ep 5: The Beast Girl, Ready to Pounce! @ 00:19:10",https://animehistory.org/gallery/screencaps/outlaw-star/episode-5/,https://animehistory.org/gallery/screencaps/outlaw-star/episode-5/?page=3,3,2026-10-07T01:48:54.477151+00:00,f48d681c07719583e6edf6669c11391cbf563f5545dfd3be20a7fecfc3cf2b6d,,UNVERIFIED
EP-05,"The Beast Girl, Ready to Pounce!",00:19:14,1154,848480,https://animehistory.org/uploads/screencaps/outlaw-star-E005-The-Beast-Girl-Ready-to-Pounce/cap_00-19-14_5526.jpg,"Outlaw Star Ep 5: The Beast Girl, Ready to Pounce! @ 00:19:14",https://animehistory.org/gallery/screencaps/outlaw-star/episode-5/,https://animehistory.org/gallery/screencaps/outlaw-star/episode-5/?page=3,3,2026-10-07T01:48:54.477151+00:00,f48d681c07719583e6edf6669c11391cbf563f5545dfd3be20a7fecfc3cf2b6d,,UNVERIFIED
EP-05,"The Beast Girl, Ready to Pounce!",00:19:18,1158,848481,https://animehistory.org/uploads/screencaps/outlaw-star-E005-The-Beast-Girl-Ready-to-Pounce/cap_00-19-18_3436.jpg,"Outlaw Star Ep 5: The Beast Girl, Ready to Pounce! @ 00:19:18",https://animehistory.org/gallery/screencaps/outlaw-star/episode-5/,https://animehistory.org/gallery/screencaps/outlaw-star/episode-5/?page=3,3,2026-10-07T01:48:54.477151+00:00,f48d681c07719583e6edf6669c11391cbf563f5545dfd3be20a7fecfc3cf2b6d,,UNVERIFIED
EP-05,"The Beast Girl, Ready to Pounce!",00:19:21,1161,848482,https://animehistory.org/uploads/screencaps/outlaw-star-E005-The-Beast-Girl-Ready-to-Pounce/cap_00-19-21_1d9d.jpg,"Outlaw Star Ep 5: The Beast Girl, Ready to Pounce! @ 00:19:21",https://animehistory.org/gallery/screencaps/outlaw-star/episode-5/,https://animehistory.org/gallery/screencaps/outlaw-star/episode-5/?page=3,3,2026-10-07T01:48:54.477151+00:00,f48d681c07719583e6edf6669c11391cbf563f5545dfd3be20a7fecfc3cf2b6d,,UNVERIFIED
EP-05,"The Beast Girl, Ready to Pounce!",00:19:25,1165,848483,https://animehistory.org/uploads/screencaps/outlaw-star-E005-The-Beast-Girl-Ready-to-Pounce/cap_00-19-25_6ef6.jpg,"Outlaw Star Ep 5: The Beast Girl, Ready to Pounce! @ 00:19:25",https://animehistory.org/gallery/screencaps/outlaw-star/episode-5/,https://animehistory.org/gallery/screencaps/outlaw-star/episode-5/?page=3,3,2026-10-07T01:48:54.477151+00:00,f48d681c07719583e6edf6669c11391cbf563f5545dfd3be20a7fecfc3cf2b6d,,UNVERIFIED
EP-05,"The Beast Girl, Ready to Pounce!",00:19:28,1168,848484,https://animehistory.org/uploads/screencaps/outlaw-star-E005-The-Beast-Girl-Ready-to-Pounce/cap_00-19-28_432a.jpg,"Outlaw Star Ep 5: The Beast Girl, Ready to Pounce! @ 00:19:28",https://animehistory.org/gallery/screencaps/outlaw-star/episode-5/,https://animehistory.org/gallery/screencaps/outlaw-star/episode-5/?page=3,3,2026-10-07T01:48:54.477151+00:00,f48d681c07719583e6edf6669c11391cbf563f5545dfd3be20a7fecfc3cf2b6d,,UNVERIFIED
EP-05,"The Beast Girl, Ready to Pounce!",00:19:32,1172,848485,https://animehistory.org/uploads/screencaps/outlaw-star-E005-The-Beast-Girl-Ready-to-Pounce/cap_00-19-32_3132.jpg,"Outlaw Star Ep 5: The Beast Girl, Ready to Pounce! @ 00:19:32",https://animehistory.org/gallery/screencaps/outlaw-star/episode-5/,https://animehistory.org/gallery/screencaps/outlaw-star/episode-5/?page=3,3,2026-10-07T01:48:54.477151+00:00,f48d681c07719583e6edf6669c11391cbf563f5545dfd3be20a7fecfc3cf2b6d,,UNVERIFIED
EP-05,"The Beast Girl, Ready to Pounce!",00:19:36,1176,848486,https://animehistory.org/uploads/screencaps/outlaw-star-E005-The-Beast-Girl-Ready-to-Pounce/cap_00-19-36_31e3.jpg,"Outlaw Star Ep 5: The Beast Girl, Ready to Pounce! @ 00:19:36",https://animehistory.org/gallery/screencaps/outlaw-star/episode-5/,https://animehistory.org/gallery/screencaps/outlaw-star/episode-5/?page=3,3,2026-10-07T01:48:54.477151+00:00,f48d681c07719583e6edf6669c11391cbf563f5545dfd3be20a7fecfc3cf2b6d,,UNVERIFIED
EP-05,"The Beast Girl, Ready to Pounce!",00:19:39,1179,848487,https://animehistory.org/uploads/screencaps/outlaw-star-E005-The-Beast-Girl-Ready-to-Pounce/cap_00-19-39_2945.jpg,"Outlaw Star Ep 5: The Beast Girl, Ready to Pounce! @ 00:19:39",https://animehistory.org/gallery/screencaps/outlaw-star/episode-5/,https://animehistory.org/gallery/screencaps/outlaw-star/episode-5/?page=3,3,2026-10-07T01:48:54.477151+00:00,f48d681c07719583e6edf6669c11391cbf563f5545dfd3be20a7fecfc3cf2b6d,,UNVERIFIED
EP-05,"The Beast Girl, Ready to Pounce!",00:19:43,1183,848488,https://animehistory.org/uploads/screencaps/outlaw-star-E005-The-Beast-Girl-Ready-to-Pounce/cap_00-19-43_7db5.jpg,"Outlaw Star Ep 5: The Beast Girl, Ready to Pounce! @ 00:19:43",https://animehistory.org/gallery/screencaps/outlaw-star/episode-5/,https://animehistory.org/gallery/screencaps/outlaw-star/episode-5/?page=3,3,2026-10-07T01:48:54.477151+00:00,f48d681c07719583e6edf6669c11391cbf563f5545dfd3be20a7fecfc3cf2b6d,,UNVERIFIED
EP-05,"The Beast Girl, Ready to Pounce!",00:19:46,1186,848489,https://animehistory.org/uploads/screencaps/outlaw-star-E005-The-Beast-Girl-Ready-to-Pounce/cap_00-19-46_2869.jpg,"Outlaw Star Ep 5: The Beast Girl, Ready to Pounce! @ 00:19:46",https://animehistory.org/gallery/screencaps/outlaw-star/episode-5/,https://animehistory.org/gallery/screencaps/outlaw-star/episode-5/?page=4,4,2026-10-07T01:48:55.639989+00:00,549e1277f98952ea9038fc41f932e55c06155342ef7c8355f8fbec72330382b2,,UNVERIFIED
EP-05,"The Beast Girl, Ready to Pounce!",00:19:50,1190,848490,https://animehistory.org/uploads/screencaps/outlaw-star-E005-The-Beast-Girl-Ready-to-Pounce/cap_00-19-50_7f6b.jpg,"Outlaw Star Ep 5: The Beast Girl, Ready to Pounce! @ 00:19:50",https://animehistory.org/gallery/screencaps/outlaw-star/episode-5/,https://animehistory.org/gallery/screencaps/outlaw-star/episode-5/?page=4,4,2026-10-07T01:48:55.639989+00:00,549e1277f98952ea9038fc41f932e55c06155342ef7c8355f8fbec72330382b2,,UNVERIFIED
EP-05,"The Beast Girl, Ready to Pounce!",00:19:54,1194,848491,https://animehistory.org/uploads/screencaps/outlaw-star-E005-The-Beast-Girl-Ready-to-Pounce/cap_00-19-54_2e7c.jpg,"Outlaw Star Ep 5: The Beast Girl, Ready to Pounce! @ 00:19:54",https://animehistory.org/gallery/screencaps/outlaw-star/episode-5/,https://animehistory.org/gallery/screencaps/outlaw-star/episode-5/?page=4,4,2026-10-07T01:48:55.639989+00:00,549e1277f98952ea9038fc41f932e55c06155342ef7c8355f8fbec72330382b2,,UNVERIFIED
EP-05,"The Beast Girl, Ready to Pounce!",00:19:57,1197,848492,https://animehistory.org/uploads/screencaps/outlaw-star-E005-The-Beast-Girl-Ready-to-Pounce/cap_00-19-57_6c47.jpg,"Outlaw Star Ep 5: The Beast Girl, Ready to Pounce! @ 00:19:57",https://animehistory.org/gallery/screencaps/outlaw-star/episode-5/,https://animehistory.org/gallery/screencaps/outlaw-star/episode-5/?page=4,4,2026-10-07T01:48:55.639989+00:00,549e1277f98952ea9038fc41f932e55c06155342ef7c8355f8fbec72330382b2,,UNVERIFIED
EP-05,"The Beast Girl, Ready to Pounce!",00:20:01,1201,848493,https://animehistory.org/uploads/screencaps/outlaw-star-E005-The-Beast-Girl-Ready-to-Pounce/cap_00-20-01_70df.jpg,"Outlaw Star Ep 5: The Beast Girl, Ready to Pounce! @ 00:20:01",https://animehistory.org/gallery/screencaps/outlaw-star/episode-5/,https://animehistory.org/gallery/screencaps/outlaw-star/episode-5/?page=4,4,2026-10-07T01:48:55.639989+00:00,549e1277f98952ea9038fc41f932e55c06155342ef7c8355f8fbec72330382b2,,UNVERIFIED
EP-05,"The Beast Girl, Ready to Pounce!",00:20:05,1205,848494,https://animehistory.org/uploads/screencaps/outlaw-star-E005-The-Beast-Girl-Ready-to-Pounce/cap_00-20-05_685d.jpg,"Outlaw Star Ep 5: The Beast Girl, Ready to Pounce! @ 00:20:05",https://animehistory.org/gallery/screencaps/outlaw-star/episode-5/,https://animehistory.org/gallery/screencaps/outlaw-star/episode-5/?page=4,4,2026-10-07T01:48:55.639989+00:00,549e1277f98952ea9038fc41f932e55c06155342ef7c8355f8fbec72330382b2,,UNVERIFIED
EP-05,"The Beast Girl, Ready to Pounce!",00:20:08,1208,848495,https://animehistory.org/uploads/screencaps/outlaw-star-E005-The-Beast-Girl-Ready-to-Pounce/cap_00-20-08_27d1.jpg,"Outlaw Star Ep 5: The Beast Girl, Ready to Pounce! @ 00:20:08",https://animehistory.org/gallery/screencaps/outlaw-star/episode-5/,https://animehistory.org/gallery/screencaps/outlaw-star/episode-5/?page=4,4,2026-10-07T01:48:55.639989+00:00,549e1277f98952ea9038fc41f932e55c06155342ef7c8355f8fbec72330382b2,,UNVERIFIED
EP-05,"The Beast Girl, Ready to Pounce!",00:20:12,1212,848496,https://animehistory.org/uploads/screencaps/outlaw-star-E005-The-Beast-Girl-Ready-to-Pounce/cap_00-20-12_13da.jpg,"Outlaw Star Ep 5: The Beast Girl, Ready to Pounce! @ 00:20:12",https://animehistory.org/gallery/screencaps/outlaw-star/episode-5/,https://animehistory.org/gallery/screencaps/outlaw-star/episode-5/?page=4,4,2026-10-07T01:48:55.639989+00:00,549e1277f98952ea9038fc41f932e55c06155342ef7c8355f8fbec72330382b2,,UNVERIFIED
EP-05,"The Beast Girl, Ready to Pounce!",00:20:15,1215,848497,https://animehistory.org/uploads/screencaps/outlaw-star-E005-The-Beast-Girl-Ready-to-Pounce/cap_00-20-15_075c.jpg,"Outlaw Star Ep 5: The Beast Girl, Ready to Pounce! @ 00:20:15",https://animehistory.org/gallery/screencaps/outlaw-star/episode-5/,https://animehistory.org/gallery/screencaps/outlaw-star/episode-5/?page=4,4,2026-10-07T01:48:55.639989+00:00,549e1277f98952ea9038fc41f932e55c06155342ef7c8355f8fbec72330382b2,,UNVERIFIED
EP-05,"The Beast Girl, Ready to Pounce!",00:20:19,1219,848498,https://animehistory.org/uploads/screencaps/outlaw-star-E005-The-Beast-Girl-Ready-to-Pounce/cap_00-20-19_633a.jpg,"Outlaw Star Ep 5: The Beast Girl, Ready to Pounce! @ 00:20:19",https://animehistory.org/gallery/screencaps/outlaw-star/episode-5/,https://animehistory.org/gallery/screencaps/outlaw-star/episode-5/?page=4,4,2026-10-07T01:48:55.639989+00:00,549e1277f98952ea9038fc41f932e55c06155342ef7c8355f8fbec72330382b2,,UNVERIFIED
EP-05,"The Beast Girl, Ready to Pounce!",00:20:23,1223,848499,https://animehistory.org/uploads/screencaps/outlaw-star-E005-The-Beast-Girl-Ready-to-Pounce/cap_00-20-23_5272.jpg,"Outlaw Star Ep 5: The Beast Girl, Ready to Pounce! @ 00:20:23",https://animehistory.org/gallery/screencaps/outlaw-star/episode-5/,https://animehistory.org/gallery/screencaps/outlaw-star/episode-5/?page=4,4,2026-10-07T01:48:55.639989+00:00,549e1277f98952ea9038fc41f932e55c06155342ef7c8355f8fbec72330382b2,,UNVERIFIED
EP-05,"The Beast Girl, Ready to Pounce!",00:20:26,1226,848500,https://animehistory.org/uploads/screencaps/outlaw-star-E005-The-Beast-Girl-Ready-to-Pounce/cap_00-20-26_5910.jpg,"Outlaw Star Ep 5: The Beast Girl, Ready to Pounce! @ 00:20:26",https://animehistory.org/gallery/screencaps/outlaw-star/episode-5/,https://animehistory.org/gallery/screencaps/outlaw-star/episode-5/?page=4,4,2026-10-07T01:48:55.639989+00:00,549e1277f98952ea9038fc41f932e55c06155342ef7c8355f8fbec72330382b2,,UNVERIFIED
EP-05,"The Beast Girl, Ready to Pounce!",00:20:30,1230,848501,https://animehistory.org/uploads/screencaps/outlaw-star-E005-The-Beast-Girl-Ready-to-Pounce/cap_00-20-30_23f2.jpg,"Outlaw Star Ep 5: The Beast Girl, Ready to Pounce! @ 00:20:30",https://animehistory.org/gallery/screencaps/outlaw-star/episode-5/,https://animehistory.org/gallery/screencaps/outlaw-star/episode-5/?page=4,4,2026-10-07T01:48:55.639989+00:00,549e1277f98952ea9038fc41f932e55c06155342ef7c8355f8fbec72330382b2,,UNVERIFIED
EP-05,"The Beast Girl, Ready to Pounce!",00:20:33,1233,848502,https://animehistory.org/uploads/screencaps/outlaw-star-E005-The-Beast-Girl-Ready-to-Pounce/cap_00-20-33_4ea9.jpg,"Outlaw Star Ep 5: The Beast Girl, Ready to Pounce! @ 00:20:33",https://animehistory.org/gallery/screencaps/outlaw-star/episode-5/,https://animehistory.org/gallery/screencaps/outlaw-star/episode-5/?page=4,4,2026-10-07T01:48:55.639989+00:00,549e1277f98952ea9038fc41f932e55c06155342ef7c8355f8fbec72330382b2,,UNVERIFIED
EP-05,"The Beast Girl, Ready to Pounce!",00:20:37,1237,848503,https://animehistory.org/uploads/screencaps/outlaw-star-E005-The-Beast-Girl-Ready-to-Pounce/cap_00-20-37_1815.jpg,"Outlaw Star Ep 5: The Beast Girl, Ready to Pounce! @ 00:20:37",https://animehistory.org/gallery/screencaps/outlaw-star/episode-5/,https://animehistory.org/gallery/screencaps/outlaw-star/episode-5/?page=4,4,2026-10-07T01:48:55.639989+00:00,549e1277f98952ea9038fc41f932e55c06155342ef7c8355f8fbec72330382b2,,UNVERIFIED
EP-05,"The Beast Girl, Ready to Pounce!",00:20:41,1241,848504,https://animehistory.org/uploads/screencaps/outlaw-star-E005-The-Beast-Girl-Ready-to-Pounce/cap_00-20-41_624c.jpg,"Outlaw Star Ep 5: The Beast Girl, Ready to Pounce! @ 00:20:41",https://animehistory.org/gallery/screencaps/outlaw-star/episode-5/,https://animehistory.org/gallery/screencaps/outlaw-star/episode-5/?page=4,4,2026-10-07T01:48:55.639989+00:00,549e1277f98952ea9038fc41f932e55c06155342ef7c8355f8fbec72330382b2,,UNVERIFIED
EP-05,"The Beast Girl, Ready to Pounce!",00:20:44,1244,848505,https://animehistory.org/uploads/screencaps/outlaw-star-E005-The-Beast-Girl-Ready-to-Pounce/cap_00-20-44_5db5.jpg,"Outlaw Star Ep 5: The Beast Girl, Ready to Pounce! @ 00:20:44",https://animehistory.org/gallery/screencaps/outlaw-star/episode-5/,https://animehistory.org/gallery/screencaps/outlaw-star/episode-5/?page=4,4,2026-10-07T01:48:55.639989+00:00,549e1277f98952ea9038fc41f932e55c06155342ef7c8355f8fbec72330382b2,,UNVERIFIED
EP-05,"The Beast Girl, Ready to Pounce!",00:20:48,1248,848506,https://animehistory.org/uploads/screencaps/outlaw-star-E005-The-Beast-Girl-Ready-to-Pounce/cap_00-20-48_0d9a.jpg,"Outlaw Star Ep 5: The Beast Girl, Ready to Pounce! @ 00:20:48",https://animehistory.org/gallery/screencaps/outlaw-star/episode-5/,https://animehistory.org/gallery/screencaps/outlaw-star/episode-5/?page=4,4,2026-10-07T01:48:55.639989+00:00,549e1277f98952ea9038fc41f932e55c06155342ef7c8355f8fbec72330382b2,,UNVERIFIED
EP-05,"The Beast Girl, Ready to Pounce!",00:20:51,1251,848507,https://animehistory.org/uploads/screencaps/outlaw-star-E005-The-Beast-Girl-Ready-to-Pounce/cap_00-20-51_18cc.jpg,"Outlaw Star Ep 5: The Beast Girl, Ready to Pounce! @ 00:20:51",https://animehistory.org/gallery/screencaps/outlaw-star/episode-5/,https://animehistory.org/gallery/screencaps/outlaw-star/episode-5/?page=4,4,2026-10-07T01:48:55.639989+00:00,549e1277f98952ea9038fc41f932e55c06155342ef7c8355f8fbec72330382b2,,UNVERIFIED
EP-05,"The Beast Girl, Ready to Pounce!",00:20:55,1255,848508,https://animehistory.org/uploads/screencaps/outlaw-star-E005-The-Beast-Girl-Ready-to-Pounce/cap_00-20-55_4a3a.jpg,"Outlaw Star Ep 5: The Beast Girl, Ready to Pounce! @ 00:20:55",https://animehistory.org/gallery/screencaps/outlaw-star/episode-5/,https://animehistory.org/gallery/screencaps/outlaw-star/episode-5/?page=4,4,2026-10-07T01:48:55.639989+00:00,549e1277f98952ea9038fc41f932e55c06155342ef7c8355f8fbec72330382b2,,UNVERIFIED
EP-05,"The Beast Girl, Ready to Pounce!",00:20:59,1259,848509,https://animehistory.org/uploads/screencaps/outlaw-star-E005-The-Beast-Girl-Ready-to-Pounce/cap_00-20-59_4966.jpg,"Outlaw Star Ep 5: The Beast Girl, Ready to Pounce! @ 00:20:59",https://animehistory.org/gallery/screencaps/outlaw-star/episode-5/,https://animehistory.org/gallery/screencaps/outlaw-star/episode-5/?page=4,4,2026-10-07T01:48:55.639989+00:00,549e1277f98952ea9038fc41f932e55c06155342ef7c8355f8fbec72330382b2,,UNVERIFIED
EP-05,"The Beast Girl, Ready to Pounce!",00:21:02,1262,848510,https://animehistory.org/uploads/screencaps/outlaw-star-E005-The-Beast-Girl-Ready-to-Pounce/cap_00-21-02_3979.jpg,"Outlaw Star Ep 5: The Beast Girl, Ready to Pounce! @ 00:21:02",https://animehistory.org/gallery/screencaps/outlaw-star/episode-5/,https://animehistory.org/gallery/screencaps/outlaw-star/episode-5/?page=4,4,2026-10-07T01:48:55.639989+00:00,549e1277f98952ea9038fc41f932e55c06155342ef7c8355f8fbec72330382b2,,UNVERIFIED
EP-05,"The Beast Girl, Ready to Pounce!",00:21:06,1266,848511,https://animehistory.org/uploads/screencaps/outlaw-star-E005-The-Beast-Girl-Ready-to-Pounce/cap_00-21-06_671b.jpg,"Outlaw Star Ep 5: The Beast Girl, Ready to Pounce! @ 00:21:06",https://animehistory.org/gallery/screencaps/outlaw-star/episode-5/,https://animehistory.org/gallery/screencaps/outlaw-star/episode-5/?page=4,4,2026-10-07T01:48:55.639989+00:00,549e1277f98952ea9038fc41f932e55c06155342ef7c8355f8fbec72330382b2,,UNVERIFIED
EP-05,"The Beast Girl, Ready to Pounce!",00:21:10,1270,848512,https://animehistory.org/uploads/screencaps/outlaw-star-E005-The-Beast-Girl-Ready-to-Pounce/cap_00-21-10_2c26.jpg,"Outlaw Star Ep 5: The Beast Girl, Ready to Pounce! @ 00:21:10",https://animehistory.org/gallery/screencaps/outlaw-star/episode-5/,https://animehistory.org/gallery/screencaps/outlaw-star/episode-5/?page=4,4,2026-10-07T01:48:55.639989+00:00,549e1277f98952ea9038fc41f932e55c06155342ef7c8355f8fbec72330382b2,,UNVERIFIED
EP-05,"The Beast Girl, Ready to Pounce!",00:21:13,1273,848513,https://animehistory.org/uploads/screencaps/outlaw-star-E005-The-Beast-Girl-Ready-to-Pounce/cap_00-21-13_0bff.jpg,"Outlaw Star Ep 5: The Beast Girl, Ready to Pounce! @ 00:21:13",https://animehistory.org/gallery/screencaps/outlaw-star/episode-5/,https://animehistory.org/gallery/screencaps/outlaw-star/episode-5/?page=4,4,2026-10-07T01:48:55.639989+00:00,549e1277f98952ea9038fc41f932e55c06155342ef7c8355f8fbec72330382b2,,UNVERIFIED
EP-05,"The Beast Girl, Ready to Pounce!",00:21:17,1277,848514,https://animehistory.org/uploads/screencaps/outlaw-star-E005-The-Beast-Girl-Ready-to-Pounce/cap_00-21-17_3815.jpg,"Outlaw Star Ep 5: The Beast Girl, Ready to Pounce! @ 00:21:17",https://animehistory.org/gallery/screencaps/outlaw-star/episode-5/,https://animehistory.org/gallery/screencaps/outlaw-star/episode-5/?page=4,4,2026-10-07T01:48:55.639989+00:00,549e1277f98952ea9038fc41f932e55c06155342ef7c8355f8fbec72330382b2,,UNVERIFIED
EP-05,"The Beast Girl, Ready to Pounce!",00:21:20,1280,848515,https://animehistory.org/uploads/screencaps/outlaw-star-E005-The-Beast-Girl-Ready-to-Pounce/cap_00-21-20_6989.jpg,"Outlaw Star Ep 5: The Beast Girl, Ready to Pounce! @ 00:21:20",https://animehistory.org/gallery/screencaps/outlaw-star/episode-5/,https://animehistory.org/gallery/screencaps/outlaw-star/episode-5/?page=4,4,2026-10-07T01:48:55.639989+00:00,549e1277f98952ea9038fc41f932e55c06155342ef7c8355f8fbec72330382b2,,UNVERIFIED
EP-05,"The Beast Girl, Ready to Pounce!",00:21:24,1284,848516,https://animehistory.org/uploads/screencaps/outlaw-star-E005-The-Beast-Girl-Ready-to-Pounce/cap_00-21-24_385d.jpg,"Outlaw Star Ep 5: The Beast Girl, Ready to Pounce! @ 00:21:24",https://animehistory.org/gallery/screencaps/outlaw-star/episode-5/,https://animehistory.org/gallery/screencaps/outlaw-star/episode-5/?page=4,4,2026-10-07T01:48:55.639989+00:00,549e1277f98952ea9038fc41f932e55c06155342ef7c8355f8fbec72330382b2,,UNVERIFIED
EP-05,"The Beast Girl, Ready to Pounce!",00:21:28,1288,848517,https://animehistory.org/uploads/screencaps/outlaw-star-E005-The-Beast-Girl-Ready-to-Pounce/cap_00-21-28_5c10.jpg,"Outlaw Star Ep 5: The Beast Girl, Ready to Pounce! @ 00:21:28",https://animehistory.org/gallery/screencaps/outlaw-star/episode-5/,https://animehistory.org/gallery/screencaps/outlaw-star/episode-5/?page=4,4,2026-10-07T01:48:55.639989+00:00,549e1277f98952ea9038fc41f932e55c06155342ef7c8355f8fbec72330382b2,,UNVERIFIED
EP-05,"The Beast Girl, Ready to Pounce!",00:21:31,1291,848518,https://animehistory.org/uploads/screencaps/outlaw-star-E005-The-Beast-Girl-Ready-to-Pounce/cap_00-21-31_0176.jpg,"Outlaw Star Ep 5: The Beast Girl, Ready to Pounce! @ 00:21:31",https://animehistory.org/gallery/screencaps/outlaw-star/episode-5/,https://animehistory.org/gallery/screencaps/outlaw-star/episode-5/?page=4,4,2026-10-07T01:48:55.639989+00:00,549e1277f98952ea9038fc41f932e55c06155342ef7c8355f8fbec72330382b2,,UNVERIFIED
EP-05,"The Beast Girl, Ready to Pounce!",00:21:35,1295,848519,https://animehistory.org/uploads/screencaps/outlaw-star-E005-The-Beast-Girl-Ready-to-Pounce/cap_00-21-35_1599.jpg,"Outlaw Star Ep 5: The Beast Girl, Ready to Pounce! @ 00:21:35",https://animehistory.org/gallery/screencaps/outlaw-star/episode-5/,https://animehistory.org/gallery/screencaps/outlaw-star/episode-5/?page=4,4,2026-10-07T01:48:55.639989+00:00,549e1277f98952ea9038fc41f932e55c06155342ef7c8355f8fbec72330382b2,,UNVERIFIED
EP-05,"The Beast Girl, Ready to Pounce!",00:21:38,1298,848520,https://animehistory.org/uploads/screencaps/outlaw-star-E005-The-Beast-Girl-Ready-to-Pounce/cap_00-21-38_56e8.jpg,"Outlaw Star Ep 5: The Beast Girl, Ready to Pounce! @ 00:21:38",https://animehistory.org/gallery/screencaps/outlaw-star/episode-5/,https://animehistory.org/gallery/screencaps/outlaw-star/episode-5/?page=4,4,2026-10-07T01:48:55.639989+00:00,549e1277f98952ea9038fc41f932e55c06155342ef7c8355f8fbec72330382b2,,UNVERIFIED
EP-05,"The Beast Girl, Ready to Pounce!",00:21:42,1302,848521,https://animehistory.org/uploads/screencaps/outlaw-star-E005-The-Beast-Girl-Ready-to-Pounce/cap_00-21-42_6e96.jpg,"Outlaw Star Ep 5: The Beast Girl, Ready to Pounce! @ 00:21:42",https://animehistory.org/gallery/screencaps/outlaw-star/episode-5/,https://animehistory.org/gallery/screencaps/outlaw-star/episode-5/?page=4,4,2026-10-07T01:48:55.639989+00:00,549e1277f98952ea9038fc41f932e55c06155342ef7c8355f8fbec72330382b2,,UNVERIFIED
EP-05,"The Beast Girl, Ready to Pounce!",00:21:46,1306,848522,https://animehistory.org/uploads/screencaps/outlaw-star-E005-The-Beast-Girl-Ready-to-Pounce/cap_00-21-46_38f5.jpg,"Outlaw Star Ep 5: The Beast Girl, Ready to Pounce! @ 00:21:46",https://animehistory.org/gallery/screencaps/outlaw-star/episode-5/,https://animehistory.org/gallery/screencaps/outlaw-star/episode-5/?page=4,4,2026-10-07T01:48:55.639989+00:00,549e1277f98952ea9038fc41f932e55c06155342ef7c8355f8fbec72330382b2,,UNVERIFIED
EP-05,"The Beast Girl, Ready to Pounce!",00:21:49,1309,848523,https://animehistory.org/uploads/screencaps/outlaw-star-E005-The-Beast-Girl-Ready-to-Pounce/cap_00-21-49_3230.jpg,"Outlaw Star Ep 5: The Beast Girl, Ready to Pounce! @ 00:21:49",https://animehistory.org/gallery/screencaps/outlaw-star/episode-5/,https://animehistory.org/gallery/screencaps/outlaw-star/episode-5/?page=4,4,2026-10-07T01:48:55.639989+00:00,549e1277f98952ea9038fc41f932e55c06155342ef7c8355f8fbec72330382b2,,UNVERIFIED
EP-05,"The Beast Girl, Ready to Pounce!",00:21:53,1313,848524,https://animehistory.org/uploads/screencaps/outlaw-star-E005-The-Beast-Girl-Ready-to-Pounce/cap_00-21-53_040a.jpg,"Outlaw Star Ep 5: The Beast Girl, Ready to Pounce! @ 00:21:53",https://animehistory.org/gallery/screencaps/outlaw-star/episode-5/,https://animehistory.org/gallery/screencaps/outlaw-star/episode-5/?page=4,4,2026-10-07T01:48:55.639989+00:00,549e1277f98952ea9038fc41f932e55c06155342ef7c8355f8fbec72330382b2,,UNVERIFIED
EP-05,"The Beast Girl, Ready to Pounce!",00:21:56,1316,848525,https://animehistory.org/uploads/screencaps/outlaw-star-E005-The-Beast-Girl-Ready-to-Pounce/cap_00-21-56_6343.jpg,"Outlaw Star Ep 5: The Beast Girl, Ready to Pounce! @ 00:21:56",https://animehistory.org/gallery/screencaps/outlaw-star/episode-5/,https://animehistory.org/gallery/screencaps/outlaw-star/episode-5/?page=4,4,2026-10-07T01:48:55.639989+00:00,549e1277f98952ea9038fc41f932e55c06155342ef7c8355f8fbec72330382b2,,UNVERIFIED
EP-05,"The Beast Girl, Ready to Pounce!",00:22:00,1320,848526,https://animehistory.org/uploads/screencaps/outlaw-star-E005-The-Beast-Girl-Ready-to-Pounce/cap_00-22-00_77c4.jpg,"Outlaw Star Ep 5: The Beast Girl, Ready to Pounce! @ 00:22:00",https://animehistory.org/gallery/screencaps/outlaw-star/episode-5/,https://animehistory.org/gallery/screencaps/outlaw-star/episode-5/?page=4,4,2026-10-07T01:48:55.639989+00:00,549e1277f98952ea9038fc41f932e55c06155342ef7c8355f8fbec72330382b2,,UNVERIFIED
EP-05,"The Beast Girl, Ready to Pounce!",00:22:04,1324,848527,https://animehistory.org/uploads/screencaps/outlaw-star-E005-The-Beast-Girl-Ready-to-Pounce/cap_00-22-04_637b.jpg,"Outlaw Star Ep 5: The Beast Girl, Ready to Pounce! @ 00:22:04",https://animehistory.org/gallery/screencaps/outlaw-star/episode-5/,https://animehistory.org/gallery/screencaps/outlaw-star/episode-5/?page=4,4,2026-10-07T01:48:55.639989+00:00,549e1277f98952ea9038fc41f932e55c06155342ef7c8355f8fbec72330382b2,,UNVERIFIED
EP-05,"The Beast Girl, Ready to Pounce!",00:22:07,1327,848528,https://animehistory.org/uploads/screencaps/outlaw-star-E005-The-Beast-Girl-Ready-to-Pounce/cap_00-22-07_3a3e.jpg,"Outlaw Star Ep 5: The Beast Girl, Ready to Pounce! @ 00:22:07",https://animehistory.org/gallery/screencaps/outlaw-star/episode-5/,https://animehistory.org/gallery/screencaps/outlaw-star/episode-5/?page=4,4,2026-10-07T01:48:55.639989+00:00,549e1277f98952ea9038fc41f932e55c06155342ef7c8355f8fbec72330382b2,,UNVERIFIED
EP-05,"The Beast Girl, Ready to Pounce!",00:22:11,1331,848529,https://animehistory.org/uploads/screencaps/outlaw-star-E005-The-Beast-Girl-Ready-to-Pounce/cap_00-22-11_4c23.jpg,"Outlaw Star Ep 5: The Beast Girl, Ready to Pounce! @ 00:22:11",https://animehistory.org/gallery/screencaps/outlaw-star/episode-5/,https://animehistory.org/gallery/screencaps/outlaw-star/episode-5/?page=4,4,2026-10-07T01:48:55.639989+00:00,549e1277f98952ea9038fc41f932e55c06155342ef7c8355f8fbec72330382b2,,UNVERIFIED
EP-05,"The Beast Girl, Ready to Pounce!",00:22:15,1335,848530,https://animehistory.org/uploads/screencaps/outlaw-star-E005-The-Beast-Girl-Ready-to-Pounce/cap_00-22-15_7bd4.jpg,"Outlaw Star Ep 5: The Beast Girl, Ready to Pounce! @ 00:22:15",https://animehistory.org/gallery/screencaps/outlaw-star/episode-5/,https://animehistory.org/gallery/screencaps/outlaw-star/episode-5/?page=4,4,2026-10-07T01:48:55.639989+00:00,549e1277f98952ea9038fc41f932e55c06155342ef7c8355f8fbec72330382b2,,UNVERIFIED
EP-05,"The Beast Girl, Ready to Pounce!",00:22:18,1338,848531,https://animehistory.org/uploads/screencaps/outlaw-star-E005-The-Beast-Girl-Ready-to-Pounce/cap_00-22-18_72de.jpg,"Outlaw Star Ep 5: The Beast Girl, Ready to Pounce! @ 00:22:18",https://animehistory.org/gallery/screencaps/outlaw-star/episode-5/,https://animehistory.org/gallery/screencaps/outlaw-star/episode-5/?page=4,4,2026-10-07T01:48:55.639989+00:00,549e1277f98952ea9038fc41f932e55c06155342ef7c8355f8fbec72330382b2,,UNVERIFIED
EP-05,"The Beast Girl, Ready to Pounce!",00:22:22,1342,848532,https://animehistory.org/uploads/screencaps/outlaw-star-E005-The-Beast-Girl-Ready-to-Pounce/cap_00-22-22_196f.jpg,"Outlaw Star Ep 5: The Beast Girl, Ready to Pounce! @ 00:22:22",https://animehistory.org/gallery/screencaps/outlaw-star/episode-5/,https://animehistory.org/gallery/screencaps/outlaw-star/episode-5/?page=4,4,2026-10-07T01:48:55.639989+00:00,549e1277f98952ea9038fc41f932e55c06155342ef7c8355f8fbec72330382b2,,UNVERIFIED
EP-05,"The Beast Girl, Ready to Pounce!",00:22:25,1345,848533,https://animehistory.org/uploads/screencaps/outlaw-star-E005-The-Beast-Girl-Ready-to-Pounce/cap_00-22-25_4311.jpg,"Outlaw Star Ep 5: The Beast Girl, Ready to Pounce! @ 00:22:25",https://animehistory.org/gallery/screencaps/outlaw-star/episode-5/,https://animehistory.org/gallery/screencaps/outlaw-star/episode-5/?page=4,4,2026-10-07T01:48:55.639989+00:00,549e1277f98952ea9038fc41f932e55c06155342ef7c8355f8fbec72330382b2,,UNVERIFIED
EP-05,"The Beast Girl, Ready to Pounce!",00:22:29,1349,848534,https://animehistory.org/uploads/screencaps/outlaw-star-E005-The-Beast-Girl-Ready-to-Pounce/cap_00-22-29_6216.jpg,"Outlaw Star Ep 5: The Beast Girl, Ready to Pounce! @ 00:22:29",https://animehistory.org/gallery/screencaps/outlaw-star/episode-5/,https://animehistory.org/gallery/screencaps/outlaw-star/episode-5/?page=4,4,2026-10-07T01:48:55.639989+00:00,549e1277f98952ea9038fc41f932e55c06155342ef7c8355f8fbec72330382b2,,UNVERIFIED
EP-05,"The Beast Girl, Ready to Pounce!",00:22:33,1353,848535,https://animehistory.org/uploads/screencaps/outlaw-star-E005-The-Beast-Girl-Ready-to-Pounce/cap_00-22-33_6c46.jpg,"Outlaw Star Ep 5: The Beast Girl, Ready to Pounce! @ 00:22:33",https://animehistory.org/gallery/screencaps/outlaw-star/episode-5/,https://animehistory.org/gallery/screencaps/outlaw-star/episode-5/?page=4,4,2026-10-07T01:48:55.639989+00:00,549e1277f98952ea9038fc41f932e55c06155342ef7c8355f8fbec72330382b2,,UNVERIFIED
EP-05,"The Beast Girl, Ready to Pounce!",00:22:36,1356,848536,https://animehistory.org/uploads/screencaps/outlaw-star-E005-The-Beast-Girl-Ready-to-Pounce/cap_00-22-36_695c.jpg,"Outlaw Star Ep 5: The Beast Girl, Ready to Pounce! @ 00:22:36",https://animehistory.org/gallery/screencaps/outlaw-star/episode-5/,https://animehistory.org/gallery/screencaps/outlaw-star/episode-5/?page=4,4,2026-10-07T01:48:55.639989+00:00,549e1277f98952ea9038fc41f932e55c06155342ef7c8355f8fbec72330382b2,,UNVERIFIED
EP-05,"The Beast Girl, Ready to Pounce!",00:22:40,1360,848537,https://animehistory.org/uploads/screencaps/outlaw-star-E005-The-Beast-Girl-Ready-to-Pounce/cap_00-22-40_327d.jpg,"Outlaw Star Ep 5: The Beast Girl, Ready to Pounce! @ 00:22:40",https://animehistory.org/gallery/screencaps/outlaw-star/episode-5/,https://animehistory.org/gallery/screencaps/outlaw-star/episode-5/?page=4,4,2026-10-07T01:48:55.639989+00:00,549e1277f98952ea9038fc41f932e55c06155342ef7c8355f8fbec72330382b2,,UNVERIFIED
EP-05,"The Beast Girl, Ready to Pounce!",00:22:43,1363,848538,https://animehistory.org/uploads/screencaps/outlaw-star-E005-The-Beast-Girl-Ready-to-Pounce/cap_00-22-43_4d1d.jpg,"Outlaw Star Ep 5: The Beast Girl, Ready to Pounce! @ 00:22:43",https://animehistory.org/gallery/screencaps/outlaw-star/episode-5/,https://animehistory.org/gallery/screencaps/outlaw-star/episode-5/?page=4,4,2026-10-07T01:48:55.639989+00:00,549e1277f98952ea9038fc41f932e55c06155342ef7c8355f8fbec72330382b2,,UNVERIFIED
EP-05,"The Beast Girl, Ready to Pounce!",00:22:47,1367,848539,https://animehistory.org/uploads/screencaps/outlaw-star-E005-The-Beast-Girl-Ready-to-Pounce/cap_00-22-47_70d4.jpg,"Outlaw Star Ep 5: The Beast Girl, Ready to Pounce! @ 00:22:47",https://animehistory.org/gallery/screencaps/outlaw-star/episode-5/,https://animehistory.org/gallery/screencaps/outlaw-star/episode-5/?page=4,4,2026-10-07T01:48:55.639989+00:00,549e1277f98952ea9038fc41f932e55c06155342ef7c8355f8fbec72330382b2,,UNVERIFIED
EP-05,"The Beast Girl, Ready to Pounce!",00:22:51,1371,848540,https://animehistory.org/uploads/screencaps/outlaw-star-E005-The-Beast-Girl-Ready-to-Pounce/cap_00-22-51_6eb8.jpg,"Outlaw Star Ep 5: The Beast Girl, Ready to Pounce! @ 00:22:51",https://animehistory.org/gallery/screencaps/outlaw-star/episode-5/,https://animehistory.org/gallery/screencaps/outlaw-star/episode-5/?page=4,4,2026-10-07T01:48:55.639989+00:00,549e1277f98952ea9038fc41f932e55c06155342ef7c8355f8fbec72330382b2,,UNVERIFIED
EP-05,"The Beast Girl, Ready to Pounce!",00:22:54,1374,848541,https://animehistory.org/uploads/screencaps/outlaw-star-E005-The-Beast-Girl-Ready-to-Pounce/cap_00-22-54_68cb.jpg,"Outlaw Star Ep 5: The Beast Girl, Ready to Pounce! @ 00:22:54",https://animehistory.org/gallery/screencaps/outlaw-star/episode-5/,https://animehistory.org/gallery/screencaps/outlaw-star/episode-5/?page=4,4,2026-10-07T01:48:55.639989+00:00,549e1277f98952ea9038fc41f932e55c06155342ef7c8355f8fbec72330382b2,,UNVERIFIED
EP-05,"The Beast Girl, Ready to Pounce!",00:22:58,1378,848542,https://animehistory.org/uploads/screencaps/outlaw-star-E005-The-Beast-Girl-Ready-to-Pounce/cap_00-22-58_29d6.jpg,"Outlaw Star Ep 5: The Beast Girl, Ready to Pounce! @ 00:22:58",https://animehistory.org/gallery/screencaps/outlaw-star/episode-5/,https://animehistory.org/gallery/screencaps/outlaw-star/episode-5/?page=4,4,2026-10-07T01:48:55.639989+00:00,549e1277f98952ea9038fc41f932e55c06155342ef7c8355f8fbec72330382b2,,UNVERIFIED
