episode_id,episode_title,web_timestamp,web_seconds,image_id,image_url,caption,gallery_url,source_page_url,source_page,retrieved_utc,html_sha256,local_timestamp,alignment_status
EP-16,Demon of the Water Planet,00:01:43,103,852083,https://animehistory.org/uploads/screencaps/outlaw-star-E016-Demon-of-the-Water-Planet/cap_00-01-43_6ad9.jpg,Outlaw Star Ep 16: Demon of the Water Planet @ 00:01:43,https://animehistory.org/gallery/screencaps/outlaw-star/episode-16/,https://animehistory.org/gallery/screencaps/outlaw-star/episode-16/,1,2026-10-07T01:49:50.581751+00:00,5a97f95ab275d5ef82184b827edddd7a23209922cfda8bef9ae18876f0e08de8,,UNVERIFIED
EP-16,Demon of the Water Planet,00:01:47,107,852084,https://animehistory.org/uploads/screencaps/outlaw-star-E016-Demon-of-the-Water-Planet/cap_00-01-47_6fcb.jpg,Outlaw Star Ep 16: Demon of the Water Planet @ 00:01:47,https://animehistory.org/gallery/screencaps/outlaw-star/episode-16/,https://animehistory.org/gallery/screencaps/outlaw-star/episode-16/,1,2026-10-07T01:49:50.581751+00:00,5a97f95ab275d5ef82184b827edddd7a23209922cfda8bef9ae18876f0e08de8,,UNVERIFIED
EP-16,Demon of the Water Planet,00:01:50,110,852085,https://animehistory.org/uploads/screencaps/outlaw-star-E016-Demon-of-the-Water-Planet/cap_00-01-50_7c81.jpg,Outlaw Star Ep 16: Demon of the Water Planet @ 00:01:50,https://animehistory.org/gallery/screencaps/outlaw-star/episode-16/,https://animehistory.org/gallery/screencaps/outlaw-star/episode-16/,1,2026-10-07T01:49:50.581751+00:00,5a97f95ab275d5ef82184b827edddd7a23209922cfda8bef9ae18876f0e08de8,,UNVERIFIED
EP-16,Demon of the Water Planet,00:01:54,114,852086,https://animehistory.org/uploads/screencaps/outlaw-star-E016-Demon-of-the-Water-Planet/cap_00-01-54_638a.jpg,Outlaw Star Ep 16: Demon of the Water Planet @ 00:01:54,https://animehistory.org/gallery/screencaps/outlaw-star/episode-16/,https://animehistory.org/gallery/screencaps/outlaw-star/episode-16/,1,2026-10-07T01:49:50.581751+00:00,5a97f95ab275d5ef82184b827edddd7a23209922cfda8bef9ae18876f0e08de8,,UNVERIFIED
EP-16,Demon of the Water Planet,00:01:58,118,852087,https://animehistory.org/uploads/screencaps/outlaw-star-E016-Demon-of-the-Water-Planet/cap_00-01-58_1482.jpg,Outlaw Star Ep 16: Demon of the Water Planet @ 00:01:58,https://animehistory.org/gallery/screencaps/outlaw-star/episode-16/,https://animehistory.org/gallery/screencaps/outlaw-star/episode-16/,1,2026-10-07T01:49:50.581751+00:00,5a97f95ab275d5ef82184b827edddd7a23209922cfda8bef9ae18876f0e08de8,,UNVERIFIED
EP-16,Demon of the Water Planet,00:02:01,121,852088,https://animehistory.org/uploads/screencaps/outlaw-star-E016-Demon-of-the-Water-Planet/cap_00-02-01_5ea5.jpg,Outlaw Star Ep 16: Demon of the Water Planet @ 00:02:01,https://animehistory.org/gallery/screencaps/outlaw-star/episode-16/,https://animehistory.org/gallery/screencaps/outlaw-star/episode-16/,1,2026-10-07T01:49:50.581751+00:00,5a97f95ab275d5ef82184b827edddd7a23209922cfda8bef9ae18876f0e08de8,,UNVERIFIED
EP-16,Demon of the Water Planet,00:02:05,125,852089,https://animehistory.org/uploads/screencaps/outlaw-star-E016-Demon-of-the-Water-Planet/cap_00-02-05_6c2d.jpg,Outlaw Star Ep 16: Demon of the Water Planet @ 00:02:05,https://animehistory.org/gallery/screencaps/outlaw-star/episode-16/,https://animehistory.org/gallery/screencaps/outlaw-star/episode-16/,1,2026-10-07T01:49:50.581751+00:00,5a97f95ab275d5ef82184b827edddd7a23209922cfda8bef9ae18876f0e08de8,,UNVERIFIED
EP-16,Demon of the Water Planet,00:02:09,129,852090,https://animehistory.org/uploads/screencaps/outlaw-star-E016-Demon-of-the-Water-Planet/cap_00-02-09_7d4d.jpg,Outlaw Star Ep 16: Demon of the Water Planet @ 00:02:09,https://animehistory.org/gallery/screencaps/outlaw-star/episode-16/,https://animehistory.org/gallery/screencaps/outlaw-star/episode-16/,1,2026-10-07T01:49:50.581751+00:00,5a97f95ab275d5ef82184b827edddd7a23209922cfda8bef9ae18876f0e08de8,,UNVERIFIED
EP-16,Demon of the Water Planet,00:02:12,132,852091,https://animehistory.org/uploads/screencaps/outlaw-star-E016-Demon-of-the-Water-Planet/cap_00-02-12_2226.jpg,Outlaw Star Ep 16: Demon of the Water Planet @ 00:02:12,https://animehistory.org/gallery/screencaps/outlaw-star/episode-16/,https://animehistory.org/gallery/screencaps/outlaw-star/episode-16/,1,2026-10-07T01:49:50.581751+00:00,5a97f95ab275d5ef82184b827edddd7a23209922cfda8bef9ae18876f0e08de8,,UNVERIFIED
EP-16,Demon of the Water Planet,00:02:16,136,852092,https://animehistory.org/uploads/screencaps/outlaw-star-E016-Demon-of-the-Water-Planet/cap_00-02-16_1e73.jpg,Outlaw Star Ep 16: Demon of the Water Planet @ 00:02:16,https://animehistory.org/gallery/screencaps/outlaw-star/episode-16/,https://animehistory.org/gallery/screencaps/outlaw-star/episode-16/,1,2026-10-07T01:49:50.581751+00:00,5a97f95ab275d5ef82184b827edddd7a23209922cfda8bef9ae18876f0e08de8,,UNVERIFIED
EP-16,Demon of the Water Planet,00:02:20,140,852093,https://animehistory.org/uploads/screencaps/outlaw-star-E016-Demon-of-the-Water-Planet/cap_00-02-20_0696.jpg,Outlaw Star Ep 16: Demon of the Water Planet @ 00:02:20,https://animehistory.org/gallery/screencaps/outlaw-star/episode-16/,https://animehistory.org/gallery/screencaps/outlaw-star/episode-16/,1,2026-10-07T01:49:50.581751+00:00,5a97f95ab275d5ef82184b827edddd7a23209922cfda8bef9ae18876f0e08de8,,UNVERIFIED
EP-16,Demon of the Water Planet,00:02:23,143,852094,https://animehistory.org/uploads/screencaps/outlaw-star-E016-Demon-of-the-Water-Planet/cap_00-02-23_315e.jpg,Outlaw Star Ep 16: Demon of the Water Planet @ 00:02:23,https://animehistory.org/gallery/screencaps/outlaw-star/episode-16/,https://animehistory.org/gallery/screencaps/outlaw-star/episode-16/,1,2026-10-07T01:49:50.581751+00:00,5a97f95ab275d5ef82184b827edddd7a23209922cfda8bef9ae18876f0e08de8,,UNVERIFIED
EP-16,Demon of the Water Planet,00:02:27,147,852095,https://animehistory.org/uploads/screencaps/outlaw-star-E016-Demon-of-the-Water-Planet/cap_00-02-27_6c30.jpg,Outlaw Star Ep 16: Demon of the Water Planet @ 00:02:27,https://animehistory.org/gallery/screencaps/outlaw-star/episode-16/,https://animehistory.org/gallery/screencaps/outlaw-star/episode-16/,1,2026-10-07T01:49:50.581751+00:00,5a97f95ab275d5ef82184b827edddd7a23209922cfda8bef9ae18876f0e08de8,,UNVERIFIED
EP-16,Demon of the Water Planet,00:02:31,151,852096,https://animehistory.org/uploads/screencaps/outlaw-star-E016-Demon-of-the-Water-Planet/cap_00-02-31_4225.jpg,Outlaw Star Ep 16: Demon of the Water Planet @ 00:02:31,https://animehistory.org/gallery/screencaps/outlaw-star/episode-16/,https://animehistory.org/gallery/screencaps/outlaw-star/episode-16/,1,2026-10-07T01:49:50.581751+00:00,5a97f95ab275d5ef82184b827edddd7a23209922cfda8bef9ae18876f0e08de8,,UNVERIFIED
EP-16,Demon of the Water Planet,00:02:34,154,852097,https://animehistory.org/uploads/screencaps/outlaw-star-E016-Demon-of-the-Water-Planet/cap_00-02-34_7b18.jpg,Outlaw Star Ep 16: Demon of the Water Planet @ 00:02:34,https://animehistory.org/gallery/screencaps/outlaw-star/episode-16/,https://animehistory.org/gallery/screencaps/outlaw-star/episode-16/,1,2026-10-07T01:49:50.581751+00:00,5a97f95ab275d5ef82184b827edddd7a23209922cfda8bef9ae18876f0e08de8,,UNVERIFIED
EP-16,Demon of the Water Planet,00:02:38,158,852098,https://animehistory.org/uploads/screencaps/outlaw-star-E016-Demon-of-the-Water-Planet/cap_00-02-38_20d0.jpg,Outlaw Star Ep 16: Demon of the Water Planet @ 00:02:38,https://animehistory.org/gallery/screencaps/outlaw-star/episode-16/,https://animehistory.org/gallery/screencaps/outlaw-star/episode-16/,1,2026-10-07T01:49:50.581751+00:00,5a97f95ab275d5ef82184b827edddd7a23209922cfda8bef9ae18876f0e08de8,,UNVERIFIED
EP-16,Demon of the Water Planet,00:02:42,162,852099,https://animehistory.org/uploads/screencaps/outlaw-star-E016-Demon-of-the-Water-Planet/cap_00-02-42_63d7.jpg,Outlaw Star Ep 16: Demon of the Water Planet @ 00:02:42,https://animehistory.org/gallery/screencaps/outlaw-star/episode-16/,https://animehistory.org/gallery/screencaps/outlaw-star/episode-16/,1,2026-10-07T01:49:50.581751+00:00,5a97f95ab275d5ef82184b827edddd7a23209922cfda8bef9ae18876f0e08de8,,UNVERIFIED
EP-16,Demon of the Water Planet,00:02:45,165,852100,https://animehistory.org/uploads/screencaps/outlaw-star-E016-Demon-of-the-Water-Planet/cap_00-02-45_49e2.jpg,Outlaw Star Ep 16: Demon of the Water Planet @ 00:02:45,https://animehistory.org/gallery/screencaps/outlaw-star/episode-16/,https://animehistory.org/gallery/screencaps/outlaw-star/episode-16/,1,2026-10-07T01:49:50.581751+00:00,5a97f95ab275d5ef82184b827edddd7a23209922cfda8bef9ae18876f0e08de8,,UNVERIFIED
EP-16,Demon of the Water Planet,00:02:49,169,852101,https://animehistory.org/uploads/screencaps/outlaw-star-E016-Demon-of-the-Water-Planet/cap_00-02-49_2fb4.jpg,Outlaw Star Ep 16: Demon of the Water Planet @ 00:02:49,https://animehistory.org/gallery/screencaps/outlaw-star/episode-16/,https://animehistory.org/gallery/screencaps/outlaw-star/episode-16/,1,2026-10-07T01:49:50.581751+00:00,5a97f95ab275d5ef82184b827edddd7a23209922cfda8bef9ae18876f0e08de8,,UNVERIFIED
EP-16,Demon of the Water Planet,00:02:53,173,852102,https://animehistory.org/uploads/screencaps/outlaw-star-E016-Demon-of-the-Water-Planet/cap_00-02-53_723f.jpg,Outlaw Star Ep 16: Demon of the Water Planet @ 00:02:53,https://animehistory.org/gallery/screencaps/outlaw-star/episode-16/,https://animehistory.org/gallery/screencaps/outlaw-star/episode-16/,1,2026-10-07T01:49:50.581751+00:00,5a97f95ab275d5ef82184b827edddd7a23209922cfda8bef9ae18876f0e08de8,,UNVERIFIED
EP-16,Demon of the Water Planet,00:02:56,176,852103,https://animehistory.org/uploads/screencaps/outlaw-star-E016-Demon-of-the-Water-Planet/cap_00-02-56_785b.jpg,Outlaw Star Ep 16: Demon of the Water Planet @ 00:02:56,https://animehistory.org/gallery/screencaps/outlaw-star/episode-16/,https://animehistory.org/gallery/screencaps/outlaw-star/episode-16/,1,2026-10-07T01:49:50.581751+00:00,5a97f95ab275d5ef82184b827edddd7a23209922cfda8bef9ae18876f0e08de8,,UNVERIFIED
EP-16,Demon of the Water Planet,00:03:00,180,852104,https://animehistory.org/uploads/screencaps/outlaw-star-E016-Demon-of-the-Water-Planet/cap_00-03-00_400b.jpg,Outlaw Star Ep 16: Demon of the Water Planet @ 00:03:00,https://animehistory.org/gallery/screencaps/outlaw-star/episode-16/,https://animehistory.org/gallery/screencaps/outlaw-star/episode-16/,1,2026-10-07T01:49:50.581751+00:00,5a97f95ab275d5ef82184b827edddd7a23209922cfda8bef9ae18876f0e08de8,,UNVERIFIED
EP-16,Demon of the Water Planet,00:03:04,184,852105,https://animehistory.org/uploads/screencaps/outlaw-star-E016-Demon-of-the-Water-Planet/cap_00-03-04_5943.jpg,Outlaw Star Ep 16: Demon of the Water Planet @ 00:03:04,https://animehistory.org/gallery/screencaps/outlaw-star/episode-16/,https://animehistory.org/gallery/screencaps/outlaw-star/episode-16/,1,2026-10-07T01:49:50.581751+00:00,5a97f95ab275d5ef82184b827edddd7a23209922cfda8bef9ae18876f0e08de8,,UNVERIFIED
EP-16,Demon of the Water Planet,00:03:07,187,852106,https://animehistory.org/uploads/screencaps/outlaw-star-E016-Demon-of-the-Water-Planet/cap_00-03-07_7955.jpg,Outlaw Star Ep 16: Demon of the Water Planet @ 00:03:07,https://animehistory.org/gallery/screencaps/outlaw-star/episode-16/,https://animehistory.org/gallery/screencaps/outlaw-star/episode-16/,1,2026-10-07T01:49:50.581751+00:00,5a97f95ab275d5ef82184b827edddd7a23209922cfda8bef9ae18876f0e08de8,,UNVERIFIED
EP-16,Demon of the Water Planet,00:03:11,191,852107,https://animehistory.org/uploads/screencaps/outlaw-star-E016-Demon-of-the-Water-Planet/cap_00-03-11_4478.jpg,Outlaw Star Ep 16: Demon of the Water Planet @ 00:03:11,https://animehistory.org/gallery/screencaps/outlaw-star/episode-16/,https://animehistory.org/gallery/screencaps/outlaw-star/episode-16/,1,2026-10-07T01:49:50.581751+00:00,5a97f95ab275d5ef82184b827edddd7a23209922cfda8bef9ae18876f0e08de8,,UNVERIFIED
EP-16,Demon of the Water Planet,00:03:15,195,852108,https://animehistory.org/uploads/screencaps/outlaw-star-E016-Demon-of-the-Water-Planet/cap_00-03-15_283b.jpg,Outlaw Star Ep 16: Demon of the Water Planet @ 00:03:15,https://animehistory.org/gallery/screencaps/outlaw-star/episode-16/,https://animehistory.org/gallery/screencaps/outlaw-star/episode-16/,1,2026-10-07T01:49:50.581751+00:00,5a97f95ab275d5ef82184b827edddd7a23209922cfda8bef9ae18876f0e08de8,,UNVERIFIED
EP-16,Demon of the Water Planet,00:03:18,198,852109,https://animehistory.org/uploads/screencaps/outlaw-star-E016-Demon-of-the-Water-Planet/cap_00-03-18_543d.jpg,Outlaw Star Ep 16: Demon of the Water Planet @ 00:03:18,https://animehistory.org/gallery/screencaps/outlaw-star/episode-16/,https://animehistory.org/gallery/screencaps/outlaw-star/episode-16/,1,2026-10-07T01:49:50.581751+00:00,5a97f95ab275d5ef82184b827edddd7a23209922cfda8bef9ae18876f0e08de8,,UNVERIFIED
EP-16,Demon of the Water Planet,00:03:22,202,852110,https://animehistory.org/uploads/screencaps/outlaw-star-E016-Demon-of-the-Water-Planet/cap_00-03-22_7169.jpg,Outlaw Star Ep 16: Demon of the Water Planet @ 00:03:22,https://animehistory.org/gallery/screencaps/outlaw-star/episode-16/,https://animehistory.org/gallery/screencaps/outlaw-star/episode-16/,1,2026-10-07T01:49:50.581751+00:00,5a97f95ab275d5ef82184b827edddd7a23209922cfda8bef9ae18876f0e08de8,,UNVERIFIED
EP-16,Demon of the Water Planet,00:03:26,206,852111,https://animehistory.org/uploads/screencaps/outlaw-star-E016-Demon-of-the-Water-Planet/cap_00-03-26_511e.jpg,Outlaw Star Ep 16: Demon of the Water Planet @ 00:03:26,https://animehistory.org/gallery/screencaps/outlaw-star/episode-16/,https://animehistory.org/gallery/screencaps/outlaw-star/episode-16/,1,2026-10-07T01:49:50.581751+00:00,5a97f95ab275d5ef82184b827edddd7a23209922cfda8bef9ae18876f0e08de8,,UNVERIFIED
EP-16,Demon of the Water Planet,00:03:29,209,852112,https://animehistory.org/uploads/screencaps/outlaw-star-E016-Demon-of-the-Water-Planet/cap_00-03-29_11f1.jpg,Outlaw Star Ep 16: Demon of the Water Planet @ 00:03:29,https://animehistory.org/gallery/screencaps/outlaw-star/episode-16/,https://animehistory.org/gallery/screencaps/outlaw-star/episode-16/,1,2026-10-07T01:49:50.581751+00:00,5a97f95ab275d5ef82184b827edddd7a23209922cfda8bef9ae18876f0e08de8,,UNVERIFIED
EP-16,Demon of the Water Planet,00:03:33,213,852113,https://animehistory.org/uploads/screencaps/outlaw-star-E016-Demon-of-the-Water-Planet/cap_00-03-33_3dd5.jpg,Outlaw Star Ep 16: Demon of the Water Planet @ 00:03:33,https://animehistory.org/gallery/screencaps/outlaw-star/episode-16/,https://animehistory.org/gallery/screencaps/outlaw-star/episode-16/,1,2026-10-07T01:49:50.581751+00:00,5a97f95ab275d5ef82184b827edddd7a23209922cfda8bef9ae18876f0e08de8,,UNVERIFIED
EP-16,Demon of the Water Planet,00:03:37,217,852114,https://animehistory.org/uploads/screencaps/outlaw-star-E016-Demon-of-the-Water-Planet/cap_00-03-37_3f7e.jpg,Outlaw Star Ep 16: Demon of the Water Planet @ 00:03:37,https://animehistory.org/gallery/screencaps/outlaw-star/episode-16/,https://animehistory.org/gallery/screencaps/outlaw-star/episode-16/,1,2026-10-07T01:49:50.581751+00:00,5a97f95ab275d5ef82184b827edddd7a23209922cfda8bef9ae18876f0e08de8,,UNVERIFIED
EP-16,Demon of the Water Planet,00:03:40,220,852115,https://animehistory.org/uploads/screencaps/outlaw-star-E016-Demon-of-the-Water-Planet/cap_00-03-40_1cee.jpg,Outlaw Star Ep 16: Demon of the Water Planet @ 00:03:40,https://animehistory.org/gallery/screencaps/outlaw-star/episode-16/,https://animehistory.org/gallery/screencaps/outlaw-star/episode-16/,1,2026-10-07T01:49:50.581751+00:00,5a97f95ab275d5ef82184b827edddd7a23209922cfda8bef9ae18876f0e08de8,,UNVERIFIED
EP-16,Demon of the Water Planet,00:03:44,224,852116,https://animehistory.org/uploads/screencaps/outlaw-star-E016-Demon-of-the-Water-Planet/cap_00-03-44_17fd.jpg,Outlaw Star Ep 16: Demon of the Water Planet @ 00:03:44,https://animehistory.org/gallery/screencaps/outlaw-star/episode-16/,https://animehistory.org/gallery/screencaps/outlaw-star/episode-16/,1,2026-10-07T01:49:50.581751+00:00,5a97f95ab275d5ef82184b827edddd7a23209922cfda8bef9ae18876f0e08de8,,UNVERIFIED
EP-16,Demon of the Water Planet,00:03:47,227,852117,https://animehistory.org/uploads/screencaps/outlaw-star-E016-Demon-of-the-Water-Planet/cap_00-03-47_64b7.jpg,Outlaw Star Ep 16: Demon of the Water Planet @ 00:03:47,https://animehistory.org/gallery/screencaps/outlaw-star/episode-16/,https://animehistory.org/gallery/screencaps/outlaw-star/episode-16/,1,2026-10-07T01:49:50.581751+00:00,5a97f95ab275d5ef82184b827edddd7a23209922cfda8bef9ae18876f0e08de8,,UNVERIFIED
EP-16,Demon of the Water Planet,00:03:51,231,852118,https://animehistory.org/uploads/screencaps/outlaw-star-E016-Demon-of-the-Water-Planet/cap_00-03-51_4b53.jpg,Outlaw Star Ep 16: Demon of the Water Planet @ 00:03:51,https://animehistory.org/gallery/screencaps/outlaw-star/episode-16/,https://animehistory.org/gallery/screencaps/outlaw-star/episode-16/,1,2026-10-07T01:49:50.581751+00:00,5a97f95ab275d5ef82184b827edddd7a23209922cfda8bef9ae18876f0e08de8,,UNVERIFIED
EP-16,Demon of the Water Planet,00:03:55,235,852119,https://animehistory.org/uploads/screencaps/outlaw-star-E016-Demon-of-the-Water-Planet/cap_00-03-55_1a0b.jpg,Outlaw Star Ep 16: Demon of the Water Planet @ 00:03:55,https://animehistory.org/gallery/screencaps/outlaw-star/episode-16/,https://animehistory.org/gallery/screencaps/outlaw-star/episode-16/,1,2026-10-07T01:49:50.581751+00:00,5a97f95ab275d5ef82184b827edddd7a23209922cfda8bef9ae18876f0e08de8,,UNVERIFIED
EP-16,Demon of the Water Planet,00:03:58,238,852120,https://animehistory.org/uploads/screencaps/outlaw-star-E016-Demon-of-the-Water-Planet/cap_00-03-58_37c2.jpg,Outlaw Star Ep 16: Demon of the Water Planet @ 00:03:58,https://animehistory.org/gallery/screencaps/outlaw-star/episode-16/,https://animehistory.org/gallery/screencaps/outlaw-star/episode-16/,1,2026-10-07T01:49:50.581751+00:00,5a97f95ab275d5ef82184b827edddd7a23209922cfda8bef9ae18876f0e08de8,,UNVERIFIED
EP-16,Demon of the Water Planet,00:04:02,242,852121,https://animehistory.org/uploads/screencaps/outlaw-star-E016-Demon-of-the-Water-Planet/cap_00-04-02_473b.jpg,Outlaw Star Ep 16: Demon of the Water Planet @ 00:04:02,https://animehistory.org/gallery/screencaps/outlaw-star/episode-16/,https://animehistory.org/gallery/screencaps/outlaw-star/episode-16/,1,2026-10-07T01:49:50.581751+00:00,5a97f95ab275d5ef82184b827edddd7a23209922cfda8bef9ae18876f0e08de8,,UNVERIFIED
EP-16,Demon of the Water Planet,00:04:06,246,852122,https://animehistory.org/uploads/screencaps/outlaw-star-E016-Demon-of-the-Water-Planet/cap_00-04-06_6b40.jpg,Outlaw Star Ep 16: Demon of the Water Planet @ 00:04:06,https://animehistory.org/gallery/screencaps/outlaw-star/episode-16/,https://animehistory.org/gallery/screencaps/outlaw-star/episode-16/,1,2026-10-07T01:49:50.581751+00:00,5a97f95ab275d5ef82184b827edddd7a23209922cfda8bef9ae18876f0e08de8,,UNVERIFIED
EP-16,Demon of the Water Planet,00:04:09,249,852123,https://animehistory.org/uploads/screencaps/outlaw-star-E016-Demon-of-the-Water-Planet/cap_00-04-09_1be2.jpg,Outlaw Star Ep 16: Demon of the Water Planet @ 00:04:09,https://animehistory.org/gallery/screencaps/outlaw-star/episode-16/,https://animehistory.org/gallery/screencaps/outlaw-star/episode-16/,1,2026-10-07T01:49:50.581751+00:00,5a97f95ab275d5ef82184b827edddd7a23209922cfda8bef9ae18876f0e08de8,,UNVERIFIED
EP-16,Demon of the Water Planet,00:04:13,253,852124,https://animehistory.org/uploads/screencaps/outlaw-star-E016-Demon-of-the-Water-Planet/cap_00-04-13_5184.jpg,Outlaw Star Ep 16: Demon of the Water Planet @ 00:04:13,https://animehistory.org/gallery/screencaps/outlaw-star/episode-16/,https://animehistory.org/gallery/screencaps/outlaw-star/episode-16/,1,2026-10-07T01:49:50.581751+00:00,5a97f95ab275d5ef82184b827edddd7a23209922cfda8bef9ae18876f0e08de8,,UNVERIFIED
EP-16,Demon of the Water Planet,00:04:17,257,852125,https://animehistory.org/uploads/screencaps/outlaw-star-E016-Demon-of-the-Water-Planet/cap_00-04-17_3f2f.jpg,Outlaw Star Ep 16: Demon of the Water Planet @ 00:04:17,https://animehistory.org/gallery/screencaps/outlaw-star/episode-16/,https://animehistory.org/gallery/screencaps/outlaw-star/episode-16/,1,2026-10-07T01:49:50.581751+00:00,5a97f95ab275d5ef82184b827edddd7a23209922cfda8bef9ae18876f0e08de8,,UNVERIFIED
EP-16,Demon of the Water Planet,00:04:20,260,852126,https://animehistory.org/uploads/screencaps/outlaw-star-E016-Demon-of-the-Water-Planet/cap_00-04-20_7a2c.jpg,Outlaw Star Ep 16: Demon of the Water Planet @ 00:04:20,https://animehistory.org/gallery/screencaps/outlaw-star/episode-16/,https://animehistory.org/gallery/screencaps/outlaw-star/episode-16/,1,2026-10-07T01:49:50.581751+00:00,5a97f95ab275d5ef82184b827edddd7a23209922cfda8bef9ae18876f0e08de8,,UNVERIFIED
EP-16,Demon of the Water Planet,00:04:24,264,852127,https://animehistory.org/uploads/screencaps/outlaw-star-E016-Demon-of-the-Water-Planet/cap_00-04-24_3665.jpg,Outlaw Star Ep 16: Demon of the Water Planet @ 00:04:24,https://animehistory.org/gallery/screencaps/outlaw-star/episode-16/,https://animehistory.org/gallery/screencaps/outlaw-star/episode-16/,1,2026-10-07T01:49:50.581751+00:00,5a97f95ab275d5ef82184b827edddd7a23209922cfda8bef9ae18876f0e08de8,,UNVERIFIED
EP-16,Demon of the Water Planet,00:04:28,268,852128,https://animehistory.org/uploads/screencaps/outlaw-star-E016-Demon-of-the-Water-Planet/cap_00-04-28_4ffe.jpg,Outlaw Star Ep 16: Demon of the Water Planet @ 00:04:28,https://animehistory.org/gallery/screencaps/outlaw-star/episode-16/,https://animehistory.org/gallery/screencaps/outlaw-star/episode-16/,1,2026-10-07T01:49:50.581751+00:00,5a97f95ab275d5ef82184b827edddd7a23209922cfda8bef9ae18876f0e08de8,,UNVERIFIED
EP-16,Demon of the Water Planet,00:04:31,271,852129,https://animehistory.org/uploads/screencaps/outlaw-star-E016-Demon-of-the-Water-Planet/cap_00-04-31_504b.jpg,Outlaw Star Ep 16: Demon of the Water Planet @ 00:04:31,https://animehistory.org/gallery/screencaps/outlaw-star/episode-16/,https://animehistory.org/gallery/screencaps/outlaw-star/episode-16/,1,2026-10-07T01:49:50.581751+00:00,5a97f95ab275d5ef82184b827edddd7a23209922cfda8bef9ae18876f0e08de8,,UNVERIFIED
EP-16,Demon of the Water Planet,00:04:35,275,852130,https://animehistory.org/uploads/screencaps/outlaw-star-E016-Demon-of-the-Water-Planet/cap_00-04-35_08cc.jpg,Outlaw Star Ep 16: Demon of the Water Planet @ 00:04:35,https://animehistory.org/gallery/screencaps/outlaw-star/episode-16/,https://animehistory.org/gallery/screencaps/outlaw-star/episode-16/,1,2026-10-07T01:49:50.581751+00:00,5a97f95ab275d5ef82184b827edddd7a23209922cfda8bef9ae18876f0e08de8,,UNVERIFIED
EP-16,Demon of the Water Planet,00:04:39,279,852131,https://animehistory.org/uploads/screencaps/outlaw-star-E016-Demon-of-the-Water-Planet/cap_00-04-39_044e.jpg,Outlaw Star Ep 16: Demon of the Water Planet @ 00:04:39,https://animehistory.org/gallery/screencaps/outlaw-star/episode-16/,https://animehistory.org/gallery/screencaps/outlaw-star/episode-16/,1,2026-10-07T01:49:50.581751+00:00,5a97f95ab275d5ef82184b827edddd7a23209922cfda8bef9ae18876f0e08de8,,UNVERIFIED
EP-16,Demon of the Water Planet,00:04:42,282,852132,https://animehistory.org/uploads/screencaps/outlaw-star-E016-Demon-of-the-Water-Planet/cap_00-04-42_27b4.jpg,Outlaw Star Ep 16: Demon of the Water Planet @ 00:04:42,https://animehistory.org/gallery/screencaps/outlaw-star/episode-16/,https://animehistory.org/gallery/screencaps/outlaw-star/episode-16/,1,2026-10-07T01:49:50.581751+00:00,5a97f95ab275d5ef82184b827edddd7a23209922cfda8bef9ae18876f0e08de8,,UNVERIFIED
EP-16,Demon of the Water Planet,00:04:46,286,852133,https://animehistory.org/uploads/screencaps/outlaw-star-E016-Demon-of-the-Water-Planet/cap_00-04-46_57aa.jpg,Outlaw Star Ep 16: Demon of the Water Planet @ 00:04:46,https://animehistory.org/gallery/screencaps/outlaw-star/episode-16/,https://animehistory.org/gallery/screencaps/outlaw-star/episode-16/,1,2026-10-07T01:49:50.581751+00:00,5a97f95ab275d5ef82184b827edddd7a23209922cfda8bef9ae18876f0e08de8,,UNVERIFIED
EP-16,Demon of the Water Planet,00:04:50,290,852134,https://animehistory.org/uploads/screencaps/outlaw-star-E016-Demon-of-the-Water-Planet/cap_00-04-50_1da5.jpg,Outlaw Star Ep 16: Demon of the Water Planet @ 00:04:50,https://animehistory.org/gallery/screencaps/outlaw-star/episode-16/,https://animehistory.org/gallery/screencaps/outlaw-star/episode-16/,1,2026-10-07T01:49:50.581751+00:00,5a97f95ab275d5ef82184b827edddd7a23209922cfda8bef9ae18876f0e08de8,,UNVERIFIED
EP-16,Demon of the Water Planet,00:04:53,293,852135,https://animehistory.org/uploads/screencaps/outlaw-star-E016-Demon-of-the-Water-Planet/cap_00-04-53_426f.jpg,Outlaw Star Ep 16: Demon of the Water Planet @ 00:04:53,https://animehistory.org/gallery/screencaps/outlaw-star/episode-16/,https://animehistory.org/gallery/screencaps/outlaw-star/episode-16/,1,2026-10-07T01:49:50.581751+00:00,5a97f95ab275d5ef82184b827edddd7a23209922cfda8bef9ae18876f0e08de8,,UNVERIFIED
EP-16,Demon of the Water Planet,00:04:57,297,852136,https://animehistory.org/uploads/screencaps/outlaw-star-E016-Demon-of-the-Water-Planet/cap_00-04-57_46f1.jpg,Outlaw Star Ep 16: Demon of the Water Planet @ 00:04:57,https://animehistory.org/gallery/screencaps/outlaw-star/episode-16/,https://animehistory.org/gallery/screencaps/outlaw-star/episode-16/,1,2026-10-07T01:49:50.581751+00:00,5a97f95ab275d5ef82184b827edddd7a23209922cfda8bef9ae18876f0e08de8,,UNVERIFIED
EP-16,Demon of the Water Planet,00:05:01,301,852137,https://animehistory.org/uploads/screencaps/outlaw-star-E016-Demon-of-the-Water-Planet/cap_00-05-01_5970.jpg,Outlaw Star Ep 16: Demon of the Water Planet @ 00:05:01,https://animehistory.org/gallery/screencaps/outlaw-star/episode-16/,https://animehistory.org/gallery/screencaps/outlaw-star/episode-16/,1,2026-10-07T01:49:50.581751+00:00,5a97f95ab275d5ef82184b827edddd7a23209922cfda8bef9ae18876f0e08de8,,UNVERIFIED
EP-16,Demon of the Water Planet,00:05:04,304,852138,https://animehistory.org/uploads/screencaps/outlaw-star-E016-Demon-of-the-Water-Planet/cap_00-05-04_091c.jpg,Outlaw Star Ep 16: Demon of the Water Planet @ 00:05:04,https://animehistory.org/gallery/screencaps/outlaw-star/episode-16/,https://animehistory.org/gallery/screencaps/outlaw-star/episode-16/,1,2026-10-07T01:49:50.581751+00:00,5a97f95ab275d5ef82184b827edddd7a23209922cfda8bef9ae18876f0e08de8,,UNVERIFIED
EP-16,Demon of the Water Planet,00:05:08,308,852139,https://animehistory.org/uploads/screencaps/outlaw-star-E016-Demon-of-the-Water-Planet/cap_00-05-08_2196.jpg,Outlaw Star Ep 16: Demon of the Water Planet @ 00:05:08,https://animehistory.org/gallery/screencaps/outlaw-star/episode-16/,https://animehistory.org/gallery/screencaps/outlaw-star/episode-16/,1,2026-10-07T01:49:50.581751+00:00,5a97f95ab275d5ef82184b827edddd7a23209922cfda8bef9ae18876f0e08de8,,UNVERIFIED
EP-16,Demon of the Water Planet,00:05:12,312,852140,https://animehistory.org/uploads/screencaps/outlaw-star-E016-Demon-of-the-Water-Planet/cap_00-05-12_3996.jpg,Outlaw Star Ep 16: Demon of the Water Planet @ 00:05:12,https://animehistory.org/gallery/screencaps/outlaw-star/episode-16/,https://animehistory.org/gallery/screencaps/outlaw-star/episode-16/,1,2026-10-07T01:49:50.581751+00:00,5a97f95ab275d5ef82184b827edddd7a23209922cfda8bef9ae18876f0e08de8,,UNVERIFIED
EP-16,Demon of the Water Planet,00:05:15,315,852141,https://animehistory.org/uploads/screencaps/outlaw-star-E016-Demon-of-the-Water-Planet/cap_00-05-15_4444.jpg,Outlaw Star Ep 16: Demon of the Water Planet @ 00:05:15,https://animehistory.org/gallery/screencaps/outlaw-star/episode-16/,https://animehistory.org/gallery/screencaps/outlaw-star/episode-16/,1,2026-10-07T01:49:50.581751+00:00,5a97f95ab275d5ef82184b827edddd7a23209922cfda8bef9ae18876f0e08de8,,UNVERIFIED
EP-16,Demon of the Water Planet,00:05:19,319,852142,https://animehistory.org/uploads/screencaps/outlaw-star-E016-Demon-of-the-Water-Planet/cap_00-05-19_4428.jpg,Outlaw Star Ep 16: Demon of the Water Planet @ 00:05:19,https://animehistory.org/gallery/screencaps/outlaw-star/episode-16/,https://animehistory.org/gallery/screencaps/outlaw-star/episode-16/,1,2026-10-07T01:49:50.581751+00:00,5a97f95ab275d5ef82184b827edddd7a23209922cfda8bef9ae18876f0e08de8,,UNVERIFIED
EP-16,Demon of the Water Planet,00:05:23,323,852143,https://animehistory.org/uploads/screencaps/outlaw-star-E016-Demon-of-the-Water-Planet/cap_00-05-23_6b03.jpg,Outlaw Star Ep 16: Demon of the Water Planet @ 00:05:23,https://animehistory.org/gallery/screencaps/outlaw-star/episode-16/,https://animehistory.org/gallery/screencaps/outlaw-star/episode-16/,1,2026-10-07T01:49:50.581751+00:00,5a97f95ab275d5ef82184b827edddd7a23209922cfda8bef9ae18876f0e08de8,,UNVERIFIED
EP-16,Demon of the Water Planet,00:05:26,326,852144,https://animehistory.org/uploads/screencaps/outlaw-star-E016-Demon-of-the-Water-Planet/cap_00-05-26_6217.jpg,Outlaw Star Ep 16: Demon of the Water Planet @ 00:05:26,https://animehistory.org/gallery/screencaps/outlaw-star/episode-16/,https://animehistory.org/gallery/screencaps/outlaw-star/episode-16/,1,2026-10-07T01:49:50.581751+00:00,5a97f95ab275d5ef82184b827edddd7a23209922cfda8bef9ae18876f0e08de8,,UNVERIFIED
EP-16,Demon of the Water Planet,00:05:30,330,852145,https://animehistory.org/uploads/screencaps/outlaw-star-E016-Demon-of-the-Water-Planet/cap_00-05-30_7dbf.jpg,Outlaw Star Ep 16: Demon of the Water Planet @ 00:05:30,https://animehistory.org/gallery/screencaps/outlaw-star/episode-16/,https://animehistory.org/gallery/screencaps/outlaw-star/episode-16/,1,2026-10-07T01:49:50.581751+00:00,5a97f95ab275d5ef82184b827edddd7a23209922cfda8bef9ae18876f0e08de8,,UNVERIFIED
EP-16,Demon of the Water Planet,00:05:34,334,852146,https://animehistory.org/uploads/screencaps/outlaw-star-E016-Demon-of-the-Water-Planet/cap_00-05-34_6c0e.jpg,Outlaw Star Ep 16: Demon of the Water Planet @ 00:05:34,https://animehistory.org/gallery/screencaps/outlaw-star/episode-16/,https://animehistory.org/gallery/screencaps/outlaw-star/episode-16/,1,2026-10-07T01:49:50.581751+00:00,5a97f95ab275d5ef82184b827edddd7a23209922cfda8bef9ae18876f0e08de8,,UNVERIFIED
EP-16,Demon of the Water Planet,00:05:37,337,852147,https://animehistory.org/uploads/screencaps/outlaw-star-E016-Demon-of-the-Water-Planet/cap_00-05-37_19d5.jpg,Outlaw Star Ep 16: Demon of the Water Planet @ 00:05:37,https://animehistory.org/gallery/screencaps/outlaw-star/episode-16/,https://animehistory.org/gallery/screencaps/outlaw-star/episode-16/,1,2026-10-07T01:49:50.581751+00:00,5a97f95ab275d5ef82184b827edddd7a23209922cfda8bef9ae18876f0e08de8,,UNVERIFIED
EP-16,Demon of the Water Planet,00:05:41,341,852148,https://animehistory.org/uploads/screencaps/outlaw-star-E016-Demon-of-the-Water-Planet/cap_00-05-41_6d52.jpg,Outlaw Star Ep 16: Demon of the Water Planet @ 00:05:41,https://animehistory.org/gallery/screencaps/outlaw-star/episode-16/,https://animehistory.org/gallery/screencaps/outlaw-star/episode-16/,1,2026-10-07T01:49:50.581751+00:00,5a97f95ab275d5ef82184b827edddd7a23209922cfda8bef9ae18876f0e08de8,,UNVERIFIED
EP-16,Demon of the Water Planet,00:05:44,344,852149,https://animehistory.org/uploads/screencaps/outlaw-star-E016-Demon-of-the-Water-Planet/cap_00-05-44_2176.jpg,Outlaw Star Ep 16: Demon of the Water Planet @ 00:05:44,https://animehistory.org/gallery/screencaps/outlaw-star/episode-16/,https://animehistory.org/gallery/screencaps/outlaw-star/episode-16/,1,2026-10-07T01:49:50.581751+00:00,5a97f95ab275d5ef82184b827edddd7a23209922cfda8bef9ae18876f0e08de8,,UNVERIFIED
EP-16,Demon of the Water Planet,00:05:48,348,852150,https://animehistory.org/uploads/screencaps/outlaw-star-E016-Demon-of-the-Water-Planet/cap_00-05-48_5420.jpg,Outlaw Star Ep 16: Demon of the Water Planet @ 00:05:48,https://animehistory.org/gallery/screencaps/outlaw-star/episode-16/,https://animehistory.org/gallery/screencaps/outlaw-star/episode-16/,1,2026-10-07T01:49:50.581751+00:00,5a97f95ab275d5ef82184b827edddd7a23209922cfda8bef9ae18876f0e08de8,,UNVERIFIED
EP-16,Demon of the Water Planet,00:05:52,352,852151,https://animehistory.org/uploads/screencaps/outlaw-star-E016-Demon-of-the-Water-Planet/cap_00-05-52_0938.jpg,Outlaw Star Ep 16: Demon of the Water Planet @ 00:05:52,https://animehistory.org/gallery/screencaps/outlaw-star/episode-16/,https://animehistory.org/gallery/screencaps/outlaw-star/episode-16/,1,2026-10-07T01:49:50.581751+00:00,5a97f95ab275d5ef82184b827edddd7a23209922cfda8bef9ae18876f0e08de8,,UNVERIFIED
EP-16,Demon of the Water Planet,00:05:55,355,852152,https://animehistory.org/uploads/screencaps/outlaw-star-E016-Demon-of-the-Water-Planet/cap_00-05-55_3d33.jpg,Outlaw Star Ep 16: Demon of the Water Planet @ 00:05:55,https://animehistory.org/gallery/screencaps/outlaw-star/episode-16/,https://animehistory.org/gallery/screencaps/outlaw-star/episode-16/,1,2026-10-07T01:49:50.581751+00:00,5a97f95ab275d5ef82184b827edddd7a23209922cfda8bef9ae18876f0e08de8,,UNVERIFIED
EP-16,Demon of the Water Planet,00:05:59,359,852153,https://animehistory.org/uploads/screencaps/outlaw-star-E016-Demon-of-the-Water-Planet/cap_00-05-59_4c96.jpg,Outlaw Star Ep 16: Demon of the Water Planet @ 00:05:59,https://animehistory.org/gallery/screencaps/outlaw-star/episode-16/,https://animehistory.org/gallery/screencaps/outlaw-star/episode-16/,1,2026-10-07T01:49:50.581751+00:00,5a97f95ab275d5ef82184b827edddd7a23209922cfda8bef9ae18876f0e08de8,,UNVERIFIED
EP-16,Demon of the Water Planet,00:06:03,363,852154,https://animehistory.org/uploads/screencaps/outlaw-star-E016-Demon-of-the-Water-Planet/cap_00-06-03_4df7.jpg,Outlaw Star Ep 16: Demon of the Water Planet @ 00:06:03,https://animehistory.org/gallery/screencaps/outlaw-star/episode-16/,https://animehistory.org/gallery/screencaps/outlaw-star/episode-16/,1,2026-10-07T01:49:50.581751+00:00,5a97f95ab275d5ef82184b827edddd7a23209922cfda8bef9ae18876f0e08de8,,UNVERIFIED
EP-16,Demon of the Water Planet,00:06:06,366,852155,https://animehistory.org/uploads/screencaps/outlaw-star-E016-Demon-of-the-Water-Planet/cap_00-06-06_6c0f.jpg,Outlaw Star Ep 16: Demon of the Water Planet @ 00:06:06,https://animehistory.org/gallery/screencaps/outlaw-star/episode-16/,https://animehistory.org/gallery/screencaps/outlaw-star/episode-16/,1,2026-10-07T01:49:50.581751+00:00,5a97f95ab275d5ef82184b827edddd7a23209922cfda8bef9ae18876f0e08de8,,UNVERIFIED
EP-16,Demon of the Water Planet,00:06:10,370,852156,https://animehistory.org/uploads/screencaps/outlaw-star-E016-Demon-of-the-Water-Planet/cap_00-06-10_33d5.jpg,Outlaw Star Ep 16: Demon of the Water Planet @ 00:06:10,https://animehistory.org/gallery/screencaps/outlaw-star/episode-16/,https://animehistory.org/gallery/screencaps/outlaw-star/episode-16/,1,2026-10-07T01:49:50.581751+00:00,5a97f95ab275d5ef82184b827edddd7a23209922cfda8bef9ae18876f0e08de8,,UNVERIFIED
EP-16,Demon of the Water Planet,00:06:14,374,852157,https://animehistory.org/uploads/screencaps/outlaw-star-E016-Demon-of-the-Water-Planet/cap_00-06-14_6b04.jpg,Outlaw Star Ep 16: Demon of the Water Planet @ 00:06:14,https://animehistory.org/gallery/screencaps/outlaw-star/episode-16/,https://animehistory.org/gallery/screencaps/outlaw-star/episode-16/,1,2026-10-07T01:49:50.581751+00:00,5a97f95ab275d5ef82184b827edddd7a23209922cfda8bef9ae18876f0e08de8,,UNVERIFIED
EP-16,Demon of the Water Planet,00:06:17,377,852158,https://animehistory.org/uploads/screencaps/outlaw-star-E016-Demon-of-the-Water-Planet/cap_00-06-17_730e.jpg,Outlaw Star Ep 16: Demon of the Water Planet @ 00:06:17,https://animehistory.org/gallery/screencaps/outlaw-star/episode-16/,https://animehistory.org/gallery/screencaps/outlaw-star/episode-16/,1,2026-10-07T01:49:50.581751+00:00,5a97f95ab275d5ef82184b827edddd7a23209922cfda8bef9ae18876f0e08de8,,UNVERIFIED
EP-16,Demon of the Water Planet,00:06:21,381,852159,https://animehistory.org/uploads/screencaps/outlaw-star-E016-Demon-of-the-Water-Planet/cap_00-06-21_4fa9.jpg,Outlaw Star Ep 16: Demon of the Water Planet @ 00:06:21,https://animehistory.org/gallery/screencaps/outlaw-star/episode-16/,https://animehistory.org/gallery/screencaps/outlaw-star/episode-16/,1,2026-10-07T01:49:50.581751+00:00,5a97f95ab275d5ef82184b827edddd7a23209922cfda8bef9ae18876f0e08de8,,UNVERIFIED
EP-16,Demon of the Water Planet,00:06:25,385,852160,https://animehistory.org/uploads/screencaps/outlaw-star-E016-Demon-of-the-Water-Planet/cap_00-06-25_7d45.jpg,Outlaw Star Ep 16: Demon of the Water Planet @ 00:06:25,https://animehistory.org/gallery/screencaps/outlaw-star/episode-16/,https://animehistory.org/gallery/screencaps/outlaw-star/episode-16/,1,2026-10-07T01:49:50.581751+00:00,5a97f95ab275d5ef82184b827edddd7a23209922cfda8bef9ae18876f0e08de8,,UNVERIFIED
EP-16,Demon of the Water Planet,00:06:28,388,852161,https://animehistory.org/uploads/screencaps/outlaw-star-E016-Demon-of-the-Water-Planet/cap_00-06-28_3bf5.jpg,Outlaw Star Ep 16: Demon of the Water Planet @ 00:06:28,https://animehistory.org/gallery/screencaps/outlaw-star/episode-16/,https://animehistory.org/gallery/screencaps/outlaw-star/episode-16/,1,2026-10-07T01:49:50.581751+00:00,5a97f95ab275d5ef82184b827edddd7a23209922cfda8bef9ae18876f0e08de8,,UNVERIFIED
EP-16,Demon of the Water Planet,00:06:32,392,852162,https://animehistory.org/uploads/screencaps/outlaw-star-E016-Demon-of-the-Water-Planet/cap_00-06-32_5c3f.jpg,Outlaw Star Ep 16: Demon of the Water Planet @ 00:06:32,https://animehistory.org/gallery/screencaps/outlaw-star/episode-16/,https://animehistory.org/gallery/screencaps/outlaw-star/episode-16/,1,2026-10-07T01:49:50.581751+00:00,5a97f95ab275d5ef82184b827edddd7a23209922cfda8bef9ae18876f0e08de8,,UNVERIFIED
EP-16,Demon of the Water Planet,00:06:36,396,852163,https://animehistory.org/uploads/screencaps/outlaw-star-E016-Demon-of-the-Water-Planet/cap_00-06-36_772d.jpg,Outlaw Star Ep 16: Demon of the Water Planet @ 00:06:36,https://animehistory.org/gallery/screencaps/outlaw-star/episode-16/,https://animehistory.org/gallery/screencaps/outlaw-star/episode-16/,1,2026-10-07T01:49:50.581751+00:00,5a97f95ab275d5ef82184b827edddd7a23209922cfda8bef9ae18876f0e08de8,,UNVERIFIED
EP-16,Demon of the Water Planet,00:06:39,399,852164,https://animehistory.org/uploads/screencaps/outlaw-star-E016-Demon-of-the-Water-Planet/cap_00-06-39_2737.jpg,Outlaw Star Ep 16: Demon of the Water Planet @ 00:06:39,https://animehistory.org/gallery/screencaps/outlaw-star/episode-16/,https://animehistory.org/gallery/screencaps/outlaw-star/episode-16/,1,2026-10-07T01:49:50.581751+00:00,5a97f95ab275d5ef82184b827edddd7a23209922cfda8bef9ae18876f0e08de8,,UNVERIFIED
EP-16,Demon of the Water Planet,00:06:43,403,852165,https://animehistory.org/uploads/screencaps/outlaw-star-E016-Demon-of-the-Water-Planet/cap_00-06-43_6707.jpg,Outlaw Star Ep 16: Demon of the Water Planet @ 00:06:43,https://animehistory.org/gallery/screencaps/outlaw-star/episode-16/,https://animehistory.org/gallery/screencaps/outlaw-star/episode-16/,1,2026-10-07T01:49:50.581751+00:00,5a97f95ab275d5ef82184b827edddd7a23209922cfda8bef9ae18876f0e08de8,,UNVERIFIED
EP-16,Demon of the Water Planet,00:06:47,407,852166,https://animehistory.org/uploads/screencaps/outlaw-star-E016-Demon-of-the-Water-Planet/cap_00-06-47_1f1f.jpg,Outlaw Star Ep 16: Demon of the Water Planet @ 00:06:47,https://animehistory.org/gallery/screencaps/outlaw-star/episode-16/,https://animehistory.org/gallery/screencaps/outlaw-star/episode-16/,1,2026-10-07T01:49:50.581751+00:00,5a97f95ab275d5ef82184b827edddd7a23209922cfda8bef9ae18876f0e08de8,,UNVERIFIED
EP-16,Demon of the Water Planet,00:06:50,410,852167,https://animehistory.org/uploads/screencaps/outlaw-star-E016-Demon-of-the-Water-Planet/cap_00-06-50_318e.jpg,Outlaw Star Ep 16: Demon of the Water Planet @ 00:06:50,https://animehistory.org/gallery/screencaps/outlaw-star/episode-16/,https://animehistory.org/gallery/screencaps/outlaw-star/episode-16/,1,2026-10-07T01:49:50.581751+00:00,5a97f95ab275d5ef82184b827edddd7a23209922cfda8bef9ae18876f0e08de8,,UNVERIFIED
EP-16,Demon of the Water Planet,00:06:54,414,852168,https://animehistory.org/uploads/screencaps/outlaw-star-E016-Demon-of-the-Water-Planet/cap_00-06-54_2342.jpg,Outlaw Star Ep 16: Demon of the Water Planet @ 00:06:54,https://animehistory.org/gallery/screencaps/outlaw-star/episode-16/,https://animehistory.org/gallery/screencaps/outlaw-star/episode-16/,1,2026-10-07T01:49:50.581751+00:00,5a97f95ab275d5ef82184b827edddd7a23209922cfda8bef9ae18876f0e08de8,,UNVERIFIED
EP-16,Demon of the Water Planet,00:06:58,418,852169,https://animehistory.org/uploads/screencaps/outlaw-star-E016-Demon-of-the-Water-Planet/cap_00-06-58_58f4.jpg,Outlaw Star Ep 16: Demon of the Water Planet @ 00:06:58,https://animehistory.org/gallery/screencaps/outlaw-star/episode-16/,https://animehistory.org/gallery/screencaps/outlaw-star/episode-16/,1,2026-10-07T01:49:50.581751+00:00,5a97f95ab275d5ef82184b827edddd7a23209922cfda8bef9ae18876f0e08de8,,UNVERIFIED
EP-16,Demon of the Water Planet,00:07:01,421,852170,https://animehistory.org/uploads/screencaps/outlaw-star-E016-Demon-of-the-Water-Planet/cap_00-07-01_146e.jpg,Outlaw Star Ep 16: Demon of the Water Planet @ 00:07:01,https://animehistory.org/gallery/screencaps/outlaw-star/episode-16/,https://animehistory.org/gallery/screencaps/outlaw-star/episode-16/,1,2026-10-07T01:49:50.581751+00:00,5a97f95ab275d5ef82184b827edddd7a23209922cfda8bef9ae18876f0e08de8,,UNVERIFIED
EP-16,Demon of the Water Planet,00:07:05,425,852171,https://animehistory.org/uploads/screencaps/outlaw-star-E016-Demon-of-the-Water-Planet/cap_00-07-05_7258.jpg,Outlaw Star Ep 16: Demon of the Water Planet @ 00:07:05,https://animehistory.org/gallery/screencaps/outlaw-star/episode-16/,https://animehistory.org/gallery/screencaps/outlaw-star/episode-16/,1,2026-10-07T01:49:50.581751+00:00,5a97f95ab275d5ef82184b827edddd7a23209922cfda8bef9ae18876f0e08de8,,UNVERIFIED
EP-16,Demon of the Water Planet,00:07:09,429,852172,https://animehistory.org/uploads/screencaps/outlaw-star-E016-Demon-of-the-Water-Planet/cap_00-07-09_3c17.jpg,Outlaw Star Ep 16: Demon of the Water Planet @ 00:07:09,https://animehistory.org/gallery/screencaps/outlaw-star/episode-16/,https://animehistory.org/gallery/screencaps/outlaw-star/episode-16/,1,2026-10-07T01:49:50.581751+00:00,5a97f95ab275d5ef82184b827edddd7a23209922cfda8bef9ae18876f0e08de8,,UNVERIFIED
EP-16,Demon of the Water Planet,00:07:12,432,852173,https://animehistory.org/uploads/screencaps/outlaw-star-E016-Demon-of-the-Water-Planet/cap_00-07-12_1b06.jpg,Outlaw Star Ep 16: Demon of the Water Planet @ 00:07:12,https://animehistory.org/gallery/screencaps/outlaw-star/episode-16/,https://animehistory.org/gallery/screencaps/outlaw-star/episode-16/,1,2026-10-07T01:49:50.581751+00:00,5a97f95ab275d5ef82184b827edddd7a23209922cfda8bef9ae18876f0e08de8,,UNVERIFIED
EP-16,Demon of the Water Planet,00:07:16,436,852174,https://animehistory.org/uploads/screencaps/outlaw-star-E016-Demon-of-the-Water-Planet/cap_00-07-16_34c4.jpg,Outlaw Star Ep 16: Demon of the Water Planet @ 00:07:16,https://animehistory.org/gallery/screencaps/outlaw-star/episode-16/,https://animehistory.org/gallery/screencaps/outlaw-star/episode-16/,1,2026-10-07T01:49:50.581751+00:00,5a97f95ab275d5ef82184b827edddd7a23209922cfda8bef9ae18876f0e08de8,,UNVERIFIED
EP-16,Demon of the Water Planet,00:07:20,440,852175,https://animehistory.org/uploads/screencaps/outlaw-star-E016-Demon-of-the-Water-Planet/cap_00-07-20_7682.jpg,Outlaw Star Ep 16: Demon of the Water Planet @ 00:07:20,https://animehistory.org/gallery/screencaps/outlaw-star/episode-16/,https://animehistory.org/gallery/screencaps/outlaw-star/episode-16/,1,2026-10-07T01:49:50.581751+00:00,5a97f95ab275d5ef82184b827edddd7a23209922cfda8bef9ae18876f0e08de8,,UNVERIFIED
EP-16,Demon of the Water Planet,00:07:23,443,852176,https://animehistory.org/uploads/screencaps/outlaw-star-E016-Demon-of-the-Water-Planet/cap_00-07-23_1f13.jpg,Outlaw Star Ep 16: Demon of the Water Planet @ 00:07:23,https://animehistory.org/gallery/screencaps/outlaw-star/episode-16/,https://animehistory.org/gallery/screencaps/outlaw-star/episode-16/,1,2026-10-07T01:49:50.581751+00:00,5a97f95ab275d5ef82184b827edddd7a23209922cfda8bef9ae18876f0e08de8,,UNVERIFIED
EP-16,Demon of the Water Planet,00:07:27,447,852177,https://animehistory.org/uploads/screencaps/outlaw-star-E016-Demon-of-the-Water-Planet/cap_00-07-27_3fa9.jpg,Outlaw Star Ep 16: Demon of the Water Planet @ 00:07:27,https://animehistory.org/gallery/screencaps/outlaw-star/episode-16/,https://animehistory.org/gallery/screencaps/outlaw-star/episode-16/,1,2026-10-07T01:49:50.581751+00:00,5a97f95ab275d5ef82184b827edddd7a23209922cfda8bef9ae18876f0e08de8,,UNVERIFIED
EP-16,Demon of the Water Planet,00:07:31,451,852178,https://animehistory.org/uploads/screencaps/outlaw-star-E016-Demon-of-the-Water-Planet/cap_00-07-31_7bc8.jpg,Outlaw Star Ep 16: Demon of the Water Planet @ 00:07:31,https://animehistory.org/gallery/screencaps/outlaw-star/episode-16/,https://animehistory.org/gallery/screencaps/outlaw-star/episode-16/,1,2026-10-07T01:49:50.581751+00:00,5a97f95ab275d5ef82184b827edddd7a23209922cfda8bef9ae18876f0e08de8,,UNVERIFIED
EP-16,Demon of the Water Planet,00:07:34,454,852179,https://animehistory.org/uploads/screencaps/outlaw-star-E016-Demon-of-the-Water-Planet/cap_00-07-34_74ec.jpg,Outlaw Star Ep 16: Demon of the Water Planet @ 00:07:34,https://animehistory.org/gallery/screencaps/outlaw-star/episode-16/,https://animehistory.org/gallery/screencaps/outlaw-star/episode-16/,1,2026-10-07T01:49:50.581751+00:00,5a97f95ab275d5ef82184b827edddd7a23209922cfda8bef9ae18876f0e08de8,,UNVERIFIED
EP-16,Demon of the Water Planet,00:07:38,458,852180,https://animehistory.org/uploads/screencaps/outlaw-star-E016-Demon-of-the-Water-Planet/cap_00-07-38_5581.jpg,Outlaw Star Ep 16: Demon of the Water Planet @ 00:07:38,https://animehistory.org/gallery/screencaps/outlaw-star/episode-16/,https://animehistory.org/gallery/screencaps/outlaw-star/episode-16/,1,2026-10-07T01:49:50.581751+00:00,5a97f95ab275d5ef82184b827edddd7a23209922cfda8bef9ae18876f0e08de8,,UNVERIFIED
EP-16,Demon of the Water Planet,00:07:41,461,852181,https://animehistory.org/uploads/screencaps/outlaw-star-E016-Demon-of-the-Water-Planet/cap_00-07-41_2e60.jpg,Outlaw Star Ep 16: Demon of the Water Planet @ 00:07:41,https://animehistory.org/gallery/screencaps/outlaw-star/episode-16/,https://animehistory.org/gallery/screencaps/outlaw-star/episode-16/,1,2026-10-07T01:49:50.581751+00:00,5a97f95ab275d5ef82184b827edddd7a23209922cfda8bef9ae18876f0e08de8,,UNVERIFIED
EP-16,Demon of the Water Planet,00:07:45,465,852182,https://animehistory.org/uploads/screencaps/outlaw-star-E016-Demon-of-the-Water-Planet/cap_00-07-45_4d8f.jpg,Outlaw Star Ep 16: Demon of the Water Planet @ 00:07:45,https://animehistory.org/gallery/screencaps/outlaw-star/episode-16/,https://animehistory.org/gallery/screencaps/outlaw-star/episode-16/,1,2026-10-07T01:49:50.581751+00:00,5a97f95ab275d5ef82184b827edddd7a23209922cfda8bef9ae18876f0e08de8,,UNVERIFIED
EP-16,Demon of the Water Planet,00:07:49,469,852183,https://animehistory.org/uploads/screencaps/outlaw-star-E016-Demon-of-the-Water-Planet/cap_00-07-49_76e1.jpg,Outlaw Star Ep 16: Demon of the Water Planet @ 00:07:49,https://animehistory.org/gallery/screencaps/outlaw-star/episode-16/,https://animehistory.org/gallery/screencaps/outlaw-star/episode-16/?page=2,2,2026-10-07T01:49:51.888383+00:00,8800de2985b6b702162a5e013c6c0c7878254694debf220397c27834386afde2,,UNVERIFIED
EP-16,Demon of the Water Planet,00:07:52,472,852184,https://animehistory.org/uploads/screencaps/outlaw-star-E016-Demon-of-the-Water-Planet/cap_00-07-52_0e66.jpg,Outlaw Star Ep 16: Demon of the Water Planet @ 00:07:52,https://animehistory.org/gallery/screencaps/outlaw-star/episode-16/,https://animehistory.org/gallery/screencaps/outlaw-star/episode-16/?page=2,2,2026-10-07T01:49:51.888383+00:00,8800de2985b6b702162a5e013c6c0c7878254694debf220397c27834386afde2,,UNVERIFIED
EP-16,Demon of the Water Planet,00:07:56,476,852185,https://animehistory.org/uploads/screencaps/outlaw-star-E016-Demon-of-the-Water-Planet/cap_00-07-56_3dbe.jpg,Outlaw Star Ep 16: Demon of the Water Planet @ 00:07:56,https://animehistory.org/gallery/screencaps/outlaw-star/episode-16/,https://animehistory.org/gallery/screencaps/outlaw-star/episode-16/?page=2,2,2026-10-07T01:49:51.888383+00:00,8800de2985b6b702162a5e013c6c0c7878254694debf220397c27834386afde2,,UNVERIFIED
EP-16,Demon of the Water Planet,00:08:00,480,852186,https://animehistory.org/uploads/screencaps/outlaw-star-E016-Demon-of-the-Water-Planet/cap_00-08-00_0a41.jpg,Outlaw Star Ep 16: Demon of the Water Planet @ 00:08:00,https://animehistory.org/gallery/screencaps/outlaw-star/episode-16/,https://animehistory.org/gallery/screencaps/outlaw-star/episode-16/?page=2,2,2026-10-07T01:49:51.888383+00:00,8800de2985b6b702162a5e013c6c0c7878254694debf220397c27834386afde2,,UNVERIFIED
EP-16,Demon of the Water Planet,00:08:03,483,852187,https://animehistory.org/uploads/screencaps/outlaw-star-E016-Demon-of-the-Water-Planet/cap_00-08-03_6c56.jpg,Outlaw Star Ep 16: Demon of the Water Planet @ 00:08:03,https://animehistory.org/gallery/screencaps/outlaw-star/episode-16/,https://animehistory.org/gallery/screencaps/outlaw-star/episode-16/?page=2,2,2026-10-07T01:49:51.888383+00:00,8800de2985b6b702162a5e013c6c0c7878254694debf220397c27834386afde2,,UNVERIFIED
EP-16,Demon of the Water Planet,00:08:07,487,852188,https://animehistory.org/uploads/screencaps/outlaw-star-E016-Demon-of-the-Water-Planet/cap_00-08-07_560c.jpg,Outlaw Star Ep 16: Demon of the Water Planet @ 00:08:07,https://animehistory.org/gallery/screencaps/outlaw-star/episode-16/,https://animehistory.org/gallery/screencaps/outlaw-star/episode-16/?page=2,2,2026-10-07T01:49:51.888383+00:00,8800de2985b6b702162a5e013c6c0c7878254694debf220397c27834386afde2,,UNVERIFIED
EP-16,Demon of the Water Planet,00:08:11,491,852189,https://animehistory.org/uploads/screencaps/outlaw-star-E016-Demon-of-the-Water-Planet/cap_00-08-11_36b9.jpg,Outlaw Star Ep 16: Demon of the Water Planet @ 00:08:11,https://animehistory.org/gallery/screencaps/outlaw-star/episode-16/,https://animehistory.org/gallery/screencaps/outlaw-star/episode-16/?page=2,2,2026-10-07T01:49:51.888383+00:00,8800de2985b6b702162a5e013c6c0c7878254694debf220397c27834386afde2,,UNVERIFIED
EP-16,Demon of the Water Planet,00:08:14,494,852190,https://animehistory.org/uploads/screencaps/outlaw-star-E016-Demon-of-the-Water-Planet/cap_00-08-14_1045.jpg,Outlaw Star Ep 16: Demon of the Water Planet @ 00:08:14,https://animehistory.org/gallery/screencaps/outlaw-star/episode-16/,https://animehistory.org/gallery/screencaps/outlaw-star/episode-16/?page=2,2,2026-10-07T01:49:51.888383+00:00,8800de2985b6b702162a5e013c6c0c7878254694debf220397c27834386afde2,,UNVERIFIED
EP-16,Demon of the Water Planet,00:08:18,498,852191,https://animehistory.org/uploads/screencaps/outlaw-star-E016-Demon-of-the-Water-Planet/cap_00-08-18_44fa.jpg,Outlaw Star Ep 16: Demon of the Water Planet @ 00:08:18,https://animehistory.org/gallery/screencaps/outlaw-star/episode-16/,https://animehistory.org/gallery/screencaps/outlaw-star/episode-16/?page=2,2,2026-10-07T01:49:51.888383+00:00,8800de2985b6b702162a5e013c6c0c7878254694debf220397c27834386afde2,,UNVERIFIED
EP-16,Demon of the Water Planet,00:08:22,502,852192,https://animehistory.org/uploads/screencaps/outlaw-star-E016-Demon-of-the-Water-Planet/cap_00-08-22_7615.jpg,Outlaw Star Ep 16: Demon of the Water Planet @ 00:08:22,https://animehistory.org/gallery/screencaps/outlaw-star/episode-16/,https://animehistory.org/gallery/screencaps/outlaw-star/episode-16/?page=2,2,2026-10-07T01:49:51.888383+00:00,8800de2985b6b702162a5e013c6c0c7878254694debf220397c27834386afde2,,UNVERIFIED
EP-16,Demon of the Water Planet,00:08:25,505,852193,https://animehistory.org/uploads/screencaps/outlaw-star-E016-Demon-of-the-Water-Planet/cap_00-08-25_1ca4.jpg,Outlaw Star Ep 16: Demon of the Water Planet @ 00:08:25,https://animehistory.org/gallery/screencaps/outlaw-star/episode-16/,https://animehistory.org/gallery/screencaps/outlaw-star/episode-16/?page=2,2,2026-10-07T01:49:51.888383+00:00,8800de2985b6b702162a5e013c6c0c7878254694debf220397c27834386afde2,,UNVERIFIED
EP-16,Demon of the Water Planet,00:08:29,509,852194,https://animehistory.org/uploads/screencaps/outlaw-star-E016-Demon-of-the-Water-Planet/cap_00-08-29_0bd8.jpg,Outlaw Star Ep 16: Demon of the Water Planet @ 00:08:29,https://animehistory.org/gallery/screencaps/outlaw-star/episode-16/,https://animehistory.org/gallery/screencaps/outlaw-star/episode-16/?page=2,2,2026-10-07T01:49:51.888383+00:00,8800de2985b6b702162a5e013c6c0c7878254694debf220397c27834386afde2,,UNVERIFIED
EP-16,Demon of the Water Planet,00:08:33,513,852195,https://animehistory.org/uploads/screencaps/outlaw-star-E016-Demon-of-the-Water-Planet/cap_00-08-33_4983.jpg,Outlaw Star Ep 16: Demon of the Water Planet @ 00:08:33,https://animehistory.org/gallery/screencaps/outlaw-star/episode-16/,https://animehistory.org/gallery/screencaps/outlaw-star/episode-16/?page=2,2,2026-10-07T01:49:51.888383+00:00,8800de2985b6b702162a5e013c6c0c7878254694debf220397c27834386afde2,,UNVERIFIED
EP-16,Demon of the Water Planet,00:08:36,516,852196,https://animehistory.org/uploads/screencaps/outlaw-star-E016-Demon-of-the-Water-Planet/cap_00-08-36_08b0.jpg,Outlaw Star Ep 16: Demon of the Water Planet @ 00:08:36,https://animehistory.org/gallery/screencaps/outlaw-star/episode-16/,https://animehistory.org/gallery/screencaps/outlaw-star/episode-16/?page=2,2,2026-10-07T01:49:51.888383+00:00,8800de2985b6b702162a5e013c6c0c7878254694debf220397c27834386afde2,,UNVERIFIED
EP-16,Demon of the Water Planet,00:08:40,520,852197,https://animehistory.org/uploads/screencaps/outlaw-star-E016-Demon-of-the-Water-Planet/cap_00-08-40_1592.jpg,Outlaw Star Ep 16: Demon of the Water Planet @ 00:08:40,https://animehistory.org/gallery/screencaps/outlaw-star/episode-16/,https://animehistory.org/gallery/screencaps/outlaw-star/episode-16/?page=2,2,2026-10-07T01:49:51.888383+00:00,8800de2985b6b702162a5e013c6c0c7878254694debf220397c27834386afde2,,UNVERIFIED
EP-16,Demon of the Water Planet,00:08:44,524,852198,https://animehistory.org/uploads/screencaps/outlaw-star-E016-Demon-of-the-Water-Planet/cap_00-08-44_7752.jpg,Outlaw Star Ep 16: Demon of the Water Planet @ 00:08:44,https://animehistory.org/gallery/screencaps/outlaw-star/episode-16/,https://animehistory.org/gallery/screencaps/outlaw-star/episode-16/?page=2,2,2026-10-07T01:49:51.888383+00:00,8800de2985b6b702162a5e013c6c0c7878254694debf220397c27834386afde2,,UNVERIFIED
EP-16,Demon of the Water Planet,00:08:47,527,852199,https://animehistory.org/uploads/screencaps/outlaw-star-E016-Demon-of-the-Water-Planet/cap_00-08-47_2728.jpg,Outlaw Star Ep 16: Demon of the Water Planet @ 00:08:47,https://animehistory.org/gallery/screencaps/outlaw-star/episode-16/,https://animehistory.org/gallery/screencaps/outlaw-star/episode-16/?page=2,2,2026-10-07T01:49:51.888383+00:00,8800de2985b6b702162a5e013c6c0c7878254694debf220397c27834386afde2,,UNVERIFIED
EP-16,Demon of the Water Planet,00:08:51,531,852200,https://animehistory.org/uploads/screencaps/outlaw-star-E016-Demon-of-the-Water-Planet/cap_00-08-51_3c92.jpg,Outlaw Star Ep 16: Demon of the Water Planet @ 00:08:51,https://animehistory.org/gallery/screencaps/outlaw-star/episode-16/,https://animehistory.org/gallery/screencaps/outlaw-star/episode-16/?page=2,2,2026-10-07T01:49:51.888383+00:00,8800de2985b6b702162a5e013c6c0c7878254694debf220397c27834386afde2,,UNVERIFIED
EP-16,Demon of the Water Planet,00:08:55,535,852201,https://animehistory.org/uploads/screencaps/outlaw-star-E016-Demon-of-the-Water-Planet/cap_00-08-55_08ad.jpg,Outlaw Star Ep 16: Demon of the Water Planet @ 00:08:55,https://animehistory.org/gallery/screencaps/outlaw-star/episode-16/,https://animehistory.org/gallery/screencaps/outlaw-star/episode-16/?page=2,2,2026-10-07T01:49:51.888383+00:00,8800de2985b6b702162a5e013c6c0c7878254694debf220397c27834386afde2,,UNVERIFIED
EP-16,Demon of the Water Planet,00:08:58,538,852202,https://animehistory.org/uploads/screencaps/outlaw-star-E016-Demon-of-the-Water-Planet/cap_00-08-58_08cf.jpg,Outlaw Star Ep 16: Demon of the Water Planet @ 00:08:58,https://animehistory.org/gallery/screencaps/outlaw-star/episode-16/,https://animehistory.org/gallery/screencaps/outlaw-star/episode-16/?page=2,2,2026-10-07T01:49:51.888383+00:00,8800de2985b6b702162a5e013c6c0c7878254694debf220397c27834386afde2,,UNVERIFIED
EP-16,Demon of the Water Planet,00:09:02,542,852203,https://animehistory.org/uploads/screencaps/outlaw-star-E016-Demon-of-the-Water-Planet/cap_00-09-02_4b37.jpg,Outlaw Star Ep 16: Demon of the Water Planet @ 00:09:02,https://animehistory.org/gallery/screencaps/outlaw-star/episode-16/,https://animehistory.org/gallery/screencaps/outlaw-star/episode-16/?page=2,2,2026-10-07T01:49:51.888383+00:00,8800de2985b6b702162a5e013c6c0c7878254694debf220397c27834386afde2,,UNVERIFIED
EP-16,Demon of the Water Planet,00:09:06,546,852204,https://animehistory.org/uploads/screencaps/outlaw-star-E016-Demon-of-the-Water-Planet/cap_00-09-06_359b.jpg,Outlaw Star Ep 16: Demon of the Water Planet @ 00:09:06,https://animehistory.org/gallery/screencaps/outlaw-star/episode-16/,https://animehistory.org/gallery/screencaps/outlaw-star/episode-16/?page=2,2,2026-10-07T01:49:51.888383+00:00,8800de2985b6b702162a5e013c6c0c7878254694debf220397c27834386afde2,,UNVERIFIED
EP-16,Demon of the Water Planet,00:09:09,549,852205,https://animehistory.org/uploads/screencaps/outlaw-star-E016-Demon-of-the-Water-Planet/cap_00-09-09_0730.jpg,Outlaw Star Ep 16: Demon of the Water Planet @ 00:09:09,https://animehistory.org/gallery/screencaps/outlaw-star/episode-16/,https://animehistory.org/gallery/screencaps/outlaw-star/episode-16/?page=2,2,2026-10-07T01:49:51.888383+00:00,8800de2985b6b702162a5e013c6c0c7878254694debf220397c27834386afde2,,UNVERIFIED
EP-16,Demon of the Water Planet,00:09:13,553,852206,https://animehistory.org/uploads/screencaps/outlaw-star-E016-Demon-of-the-Water-Planet/cap_00-09-13_7866.jpg,Outlaw Star Ep 16: Demon of the Water Planet @ 00:09:13,https://animehistory.org/gallery/screencaps/outlaw-star/episode-16/,https://animehistory.org/gallery/screencaps/outlaw-star/episode-16/?page=2,2,2026-10-07T01:49:51.888383+00:00,8800de2985b6b702162a5e013c6c0c7878254694debf220397c27834386afde2,,UNVERIFIED
EP-16,Demon of the Water Planet,00:09:17,557,852207,https://animehistory.org/uploads/screencaps/outlaw-star-E016-Demon-of-the-Water-Planet/cap_00-09-17_5d28.jpg,Outlaw Star Ep 16: Demon of the Water Planet @ 00:09:17,https://animehistory.org/gallery/screencaps/outlaw-star/episode-16/,https://animehistory.org/gallery/screencaps/outlaw-star/episode-16/?page=2,2,2026-10-07T01:49:51.888383+00:00,8800de2985b6b702162a5e013c6c0c7878254694debf220397c27834386afde2,,UNVERIFIED
EP-16,Demon of the Water Planet,00:09:20,560,852208,https://animehistory.org/uploads/screencaps/outlaw-star-E016-Demon-of-the-Water-Planet/cap_00-09-20_30f2.jpg,Outlaw Star Ep 16: Demon of the Water Planet @ 00:09:20,https://animehistory.org/gallery/screencaps/outlaw-star/episode-16/,https://animehistory.org/gallery/screencaps/outlaw-star/episode-16/?page=2,2,2026-10-07T01:49:51.888383+00:00,8800de2985b6b702162a5e013c6c0c7878254694debf220397c27834386afde2,,UNVERIFIED
EP-16,Demon of the Water Planet,00:09:24,564,852209,https://animehistory.org/uploads/screencaps/outlaw-star-E016-Demon-of-the-Water-Planet/cap_00-09-24_2767.jpg,Outlaw Star Ep 16: Demon of the Water Planet @ 00:09:24,https://animehistory.org/gallery/screencaps/outlaw-star/episode-16/,https://animehistory.org/gallery/screencaps/outlaw-star/episode-16/?page=2,2,2026-10-07T01:49:51.888383+00:00,8800de2985b6b702162a5e013c6c0c7878254694debf220397c27834386afde2,,UNVERIFIED
EP-16,Demon of the Water Planet,00:09:28,568,852210,https://animehistory.org/uploads/screencaps/outlaw-star-E016-Demon-of-the-Water-Planet/cap_00-09-28_1146.jpg,Outlaw Star Ep 16: Demon of the Water Planet @ 00:09:28,https://animehistory.org/gallery/screencaps/outlaw-star/episode-16/,https://animehistory.org/gallery/screencaps/outlaw-star/episode-16/?page=2,2,2026-10-07T01:49:51.888383+00:00,8800de2985b6b702162a5e013c6c0c7878254694debf220397c27834386afde2,,UNVERIFIED
EP-16,Demon of the Water Planet,00:09:31,571,852211,https://animehistory.org/uploads/screencaps/outlaw-star-E016-Demon-of-the-Water-Planet/cap_00-09-31_7c9f.jpg,Outlaw Star Ep 16: Demon of the Water Planet @ 00:09:31,https://animehistory.org/gallery/screencaps/outlaw-star/episode-16/,https://animehistory.org/gallery/screencaps/outlaw-star/episode-16/?page=2,2,2026-10-07T01:49:51.888383+00:00,8800de2985b6b702162a5e013c6c0c7878254694debf220397c27834386afde2,,UNVERIFIED
EP-16,Demon of the Water Planet,00:09:35,575,852212,https://animehistory.org/uploads/screencaps/outlaw-star-E016-Demon-of-the-Water-Planet/cap_00-09-35_13e1.jpg,Outlaw Star Ep 16: Demon of the Water Planet @ 00:09:35,https://animehistory.org/gallery/screencaps/outlaw-star/episode-16/,https://animehistory.org/gallery/screencaps/outlaw-star/episode-16/?page=2,2,2026-10-07T01:49:51.888383+00:00,8800de2985b6b702162a5e013c6c0c7878254694debf220397c27834386afde2,,UNVERIFIED
EP-16,Demon of the Water Planet,00:09:38,578,852213,https://animehistory.org/uploads/screencaps/outlaw-star-E016-Demon-of-the-Water-Planet/cap_00-09-38_644d.jpg,Outlaw Star Ep 16: Demon of the Water Planet @ 00:09:38,https://animehistory.org/gallery/screencaps/outlaw-star/episode-16/,https://animehistory.org/gallery/screencaps/outlaw-star/episode-16/?page=2,2,2026-10-07T01:49:51.888383+00:00,8800de2985b6b702162a5e013c6c0c7878254694debf220397c27834386afde2,,UNVERIFIED
EP-16,Demon of the Water Planet,00:09:42,582,852214,https://animehistory.org/uploads/screencaps/outlaw-star-E016-Demon-of-the-Water-Planet/cap_00-09-42_4973.jpg,Outlaw Star Ep 16: Demon of the Water Planet @ 00:09:42,https://animehistory.org/gallery/screencaps/outlaw-star/episode-16/,https://animehistory.org/gallery/screencaps/outlaw-star/episode-16/?page=2,2,2026-10-07T01:49:51.888383+00:00,8800de2985b6b702162a5e013c6c0c7878254694debf220397c27834386afde2,,UNVERIFIED
EP-16,Demon of the Water Planet,00:09:46,586,852215,https://animehistory.org/uploads/screencaps/outlaw-star-E016-Demon-of-the-Water-Planet/cap_00-09-46_41bb.jpg,Outlaw Star Ep 16: Demon of the Water Planet @ 00:09:46,https://animehistory.org/gallery/screencaps/outlaw-star/episode-16/,https://animehistory.org/gallery/screencaps/outlaw-star/episode-16/?page=2,2,2026-10-07T01:49:51.888383+00:00,8800de2985b6b702162a5e013c6c0c7878254694debf220397c27834386afde2,,UNVERIFIED
EP-16,Demon of the Water Planet,00:09:49,589,852216,https://animehistory.org/uploads/screencaps/outlaw-star-E016-Demon-of-the-Water-Planet/cap_00-09-49_5603.jpg,Outlaw Star Ep 16: Demon of the Water Planet @ 00:09:49,https://animehistory.org/gallery/screencaps/outlaw-star/episode-16/,https://animehistory.org/gallery/screencaps/outlaw-star/episode-16/?page=2,2,2026-10-07T01:49:51.888383+00:00,8800de2985b6b702162a5e013c6c0c7878254694debf220397c27834386afde2,,UNVERIFIED
EP-16,Demon of the Water Planet,00:09:53,593,852217,https://animehistory.org/uploads/screencaps/outlaw-star-E016-Demon-of-the-Water-Planet/cap_00-09-53_003e.jpg,Outlaw Star Ep 16: Demon of the Water Planet @ 00:09:53,https://animehistory.org/gallery/screencaps/outlaw-star/episode-16/,https://animehistory.org/gallery/screencaps/outlaw-star/episode-16/?page=2,2,2026-10-07T01:49:51.888383+00:00,8800de2985b6b702162a5e013c6c0c7878254694debf220397c27834386afde2,,UNVERIFIED
EP-16,Demon of the Water Planet,00:09:57,597,852218,https://animehistory.org/uploads/screencaps/outlaw-star-E016-Demon-of-the-Water-Planet/cap_00-09-57_09b7.jpg,Outlaw Star Ep 16: Demon of the Water Planet @ 00:09:57,https://animehistory.org/gallery/screencaps/outlaw-star/episode-16/,https://animehistory.org/gallery/screencaps/outlaw-star/episode-16/?page=2,2,2026-10-07T01:49:51.888383+00:00,8800de2985b6b702162a5e013c6c0c7878254694debf220397c27834386afde2,,UNVERIFIED
EP-16,Demon of the Water Planet,00:10:00,600,852219,https://animehistory.org/uploads/screencaps/outlaw-star-E016-Demon-of-the-Water-Planet/cap_00-10-00_4bb3.jpg,Outlaw Star Ep 16: Demon of the Water Planet @ 00:10:00,https://animehistory.org/gallery/screencaps/outlaw-star/episode-16/,https://animehistory.org/gallery/screencaps/outlaw-star/episode-16/?page=2,2,2026-10-07T01:49:51.888383+00:00,8800de2985b6b702162a5e013c6c0c7878254694debf220397c27834386afde2,,UNVERIFIED
EP-16,Demon of the Water Planet,00:10:04,604,852220,https://animehistory.org/uploads/screencaps/outlaw-star-E016-Demon-of-the-Water-Planet/cap_00-10-04_6f47.jpg,Outlaw Star Ep 16: Demon of the Water Planet @ 00:10:04,https://animehistory.org/gallery/screencaps/outlaw-star/episode-16/,https://animehistory.org/gallery/screencaps/outlaw-star/episode-16/?page=2,2,2026-10-07T01:49:51.888383+00:00,8800de2985b6b702162a5e013c6c0c7878254694debf220397c27834386afde2,,UNVERIFIED
EP-16,Demon of the Water Planet,00:10:08,608,852221,https://animehistory.org/uploads/screencaps/outlaw-star-E016-Demon-of-the-Water-Planet/cap_00-10-08_2e73.jpg,Outlaw Star Ep 16: Demon of the Water Planet @ 00:10:08,https://animehistory.org/gallery/screencaps/outlaw-star/episode-16/,https://animehistory.org/gallery/screencaps/outlaw-star/episode-16/?page=2,2,2026-10-07T01:49:51.888383+00:00,8800de2985b6b702162a5e013c6c0c7878254694debf220397c27834386afde2,,UNVERIFIED
EP-16,Demon of the Water Planet,00:10:11,611,852222,https://animehistory.org/uploads/screencaps/outlaw-star-E016-Demon-of-the-Water-Planet/cap_00-10-11_3d5a.jpg,Outlaw Star Ep 16: Demon of the Water Planet @ 00:10:11,https://animehistory.org/gallery/screencaps/outlaw-star/episode-16/,https://animehistory.org/gallery/screencaps/outlaw-star/episode-16/?page=2,2,2026-10-07T01:49:51.888383+00:00,8800de2985b6b702162a5e013c6c0c7878254694debf220397c27834386afde2,,UNVERIFIED
EP-16,Demon of the Water Planet,00:10:15,615,852223,https://animehistory.org/uploads/screencaps/outlaw-star-E016-Demon-of-the-Water-Planet/cap_00-10-15_75a3.jpg,Outlaw Star Ep 16: Demon of the Water Planet @ 00:10:15,https://animehistory.org/gallery/screencaps/outlaw-star/episode-16/,https://animehistory.org/gallery/screencaps/outlaw-star/episode-16/?page=2,2,2026-10-07T01:49:51.888383+00:00,8800de2985b6b702162a5e013c6c0c7878254694debf220397c27834386afde2,,UNVERIFIED
EP-16,Demon of the Water Planet,00:10:19,619,852224,https://animehistory.org/uploads/screencaps/outlaw-star-E016-Demon-of-the-Water-Planet/cap_00-10-19_1549.jpg,Outlaw Star Ep 16: Demon of the Water Planet @ 00:10:19,https://animehistory.org/gallery/screencaps/outlaw-star/episode-16/,https://animehistory.org/gallery/screencaps/outlaw-star/episode-16/?page=2,2,2026-10-07T01:49:51.888383+00:00,8800de2985b6b702162a5e013c6c0c7878254694debf220397c27834386afde2,,UNVERIFIED
EP-16,Demon of the Water Planet,00:10:22,622,852225,https://animehistory.org/uploads/screencaps/outlaw-star-E016-Demon-of-the-Water-Planet/cap_00-10-22_23a4.jpg,Outlaw Star Ep 16: Demon of the Water Planet @ 00:10:22,https://animehistory.org/gallery/screencaps/outlaw-star/episode-16/,https://animehistory.org/gallery/screencaps/outlaw-star/episode-16/?page=2,2,2026-10-07T01:49:51.888383+00:00,8800de2985b6b702162a5e013c6c0c7878254694debf220397c27834386afde2,,UNVERIFIED
EP-16,Demon of the Water Planet,00:10:26,626,852226,https://animehistory.org/uploads/screencaps/outlaw-star-E016-Demon-of-the-Water-Planet/cap_00-10-26_74c5.jpg,Outlaw Star Ep 16: Demon of the Water Planet @ 00:10:26,https://animehistory.org/gallery/screencaps/outlaw-star/episode-16/,https://animehistory.org/gallery/screencaps/outlaw-star/episode-16/?page=2,2,2026-10-07T01:49:51.888383+00:00,8800de2985b6b702162a5e013c6c0c7878254694debf220397c27834386afde2,,UNVERIFIED
EP-16,Demon of the Water Planet,00:10:30,630,852227,https://animehistory.org/uploads/screencaps/outlaw-star-E016-Demon-of-the-Water-Planet/cap_00-10-30_4b39.jpg,Outlaw Star Ep 16: Demon of the Water Planet @ 00:10:30,https://animehistory.org/gallery/screencaps/outlaw-star/episode-16/,https://animehistory.org/gallery/screencaps/outlaw-star/episode-16/?page=2,2,2026-10-07T01:49:51.888383+00:00,8800de2985b6b702162a5e013c6c0c7878254694debf220397c27834386afde2,,UNVERIFIED
EP-16,Demon of the Water Planet,00:10:33,633,852228,https://animehistory.org/uploads/screencaps/outlaw-star-E016-Demon-of-the-Water-Planet/cap_00-10-33_6669.jpg,Outlaw Star Ep 16: Demon of the Water Planet @ 00:10:33,https://animehistory.org/gallery/screencaps/outlaw-star/episode-16/,https://animehistory.org/gallery/screencaps/outlaw-star/episode-16/?page=2,2,2026-10-07T01:49:51.888383+00:00,8800de2985b6b702162a5e013c6c0c7878254694debf220397c27834386afde2,,UNVERIFIED
EP-16,Demon of the Water Planet,00:10:37,637,852229,https://animehistory.org/uploads/screencaps/outlaw-star-E016-Demon-of-the-Water-Planet/cap_00-10-37_2290.jpg,Outlaw Star Ep 16: Demon of the Water Planet @ 00:10:37,https://animehistory.org/gallery/screencaps/outlaw-star/episode-16/,https://animehistory.org/gallery/screencaps/outlaw-star/episode-16/?page=2,2,2026-10-07T01:49:51.888383+00:00,8800de2985b6b702162a5e013c6c0c7878254694debf220397c27834386afde2,,UNVERIFIED
EP-16,Demon of the Water Planet,00:10:41,641,852230,https://animehistory.org/uploads/screencaps/outlaw-star-E016-Demon-of-the-Water-Planet/cap_00-10-41_12a7.jpg,Outlaw Star Ep 16: Demon of the Water Planet @ 00:10:41,https://animehistory.org/gallery/screencaps/outlaw-star/episode-16/,https://animehistory.org/gallery/screencaps/outlaw-star/episode-16/?page=2,2,2026-10-07T01:49:51.888383+00:00,8800de2985b6b702162a5e013c6c0c7878254694debf220397c27834386afde2,,UNVERIFIED
EP-16,Demon of the Water Planet,00:10:44,644,852231,https://animehistory.org/uploads/screencaps/outlaw-star-E016-Demon-of-the-Water-Planet/cap_00-10-44_6a9a.jpg,Outlaw Star Ep 16: Demon of the Water Planet @ 00:10:44,https://animehistory.org/gallery/screencaps/outlaw-star/episode-16/,https://animehistory.org/gallery/screencaps/outlaw-star/episode-16/?page=2,2,2026-10-07T01:49:51.888383+00:00,8800de2985b6b702162a5e013c6c0c7878254694debf220397c27834386afde2,,UNVERIFIED
EP-16,Demon of the Water Planet,00:10:48,648,852232,https://animehistory.org/uploads/screencaps/outlaw-star-E016-Demon-of-the-Water-Planet/cap_00-10-48_0b7d.jpg,Outlaw Star Ep 16: Demon of the Water Planet @ 00:10:48,https://animehistory.org/gallery/screencaps/outlaw-star/episode-16/,https://animehistory.org/gallery/screencaps/outlaw-star/episode-16/?page=2,2,2026-10-07T01:49:51.888383+00:00,8800de2985b6b702162a5e013c6c0c7878254694debf220397c27834386afde2,,UNVERIFIED
EP-16,Demon of the Water Planet,00:10:52,652,852233,https://animehistory.org/uploads/screencaps/outlaw-star-E016-Demon-of-the-Water-Planet/cap_00-10-52_638a.jpg,Outlaw Star Ep 16: Demon of the Water Planet @ 00:10:52,https://animehistory.org/gallery/screencaps/outlaw-star/episode-16/,https://animehistory.org/gallery/screencaps/outlaw-star/episode-16/?page=2,2,2026-10-07T01:49:51.888383+00:00,8800de2985b6b702162a5e013c6c0c7878254694debf220397c27834386afde2,,UNVERIFIED
EP-16,Demon of the Water Planet,00:10:55,655,852234,https://animehistory.org/uploads/screencaps/outlaw-star-E016-Demon-of-the-Water-Planet/cap_00-10-55_2562.jpg,Outlaw Star Ep 16: Demon of the Water Planet @ 00:10:55,https://animehistory.org/gallery/screencaps/outlaw-star/episode-16/,https://animehistory.org/gallery/screencaps/outlaw-star/episode-16/?page=2,2,2026-10-07T01:49:51.888383+00:00,8800de2985b6b702162a5e013c6c0c7878254694debf220397c27834386afde2,,UNVERIFIED
EP-16,Demon of the Water Planet,00:10:59,659,852235,https://animehistory.org/uploads/screencaps/outlaw-star-E016-Demon-of-the-Water-Planet/cap_00-10-59_67fd.jpg,Outlaw Star Ep 16: Demon of the Water Planet @ 00:10:59,https://animehistory.org/gallery/screencaps/outlaw-star/episode-16/,https://animehistory.org/gallery/screencaps/outlaw-star/episode-16/?page=2,2,2026-10-07T01:49:51.888383+00:00,8800de2985b6b702162a5e013c6c0c7878254694debf220397c27834386afde2,,UNVERIFIED
EP-16,Demon of the Water Planet,00:11:03,663,852236,https://animehistory.org/uploads/screencaps/outlaw-star-E016-Demon-of-the-Water-Planet/cap_00-11-03_2a5a.jpg,Outlaw Star Ep 16: Demon of the Water Planet @ 00:11:03,https://animehistory.org/gallery/screencaps/outlaw-star/episode-16/,https://animehistory.org/gallery/screencaps/outlaw-star/episode-16/?page=2,2,2026-10-07T01:49:51.888383+00:00,8800de2985b6b702162a5e013c6c0c7878254694debf220397c27834386afde2,,UNVERIFIED
EP-16,Demon of the Water Planet,00:11:06,666,852237,https://animehistory.org/uploads/screencaps/outlaw-star-E016-Demon-of-the-Water-Planet/cap_00-11-06_268a.jpg,Outlaw Star Ep 16: Demon of the Water Planet @ 00:11:06,https://animehistory.org/gallery/screencaps/outlaw-star/episode-16/,https://animehistory.org/gallery/screencaps/outlaw-star/episode-16/?page=2,2,2026-10-07T01:49:51.888383+00:00,8800de2985b6b702162a5e013c6c0c7878254694debf220397c27834386afde2,,UNVERIFIED
EP-16,Demon of the Water Planet,00:11:10,670,852238,https://animehistory.org/uploads/screencaps/outlaw-star-E016-Demon-of-the-Water-Planet/cap_00-11-10_0f20.jpg,Outlaw Star Ep 16: Demon of the Water Planet @ 00:11:10,https://animehistory.org/gallery/screencaps/outlaw-star/episode-16/,https://animehistory.org/gallery/screencaps/outlaw-star/episode-16/?page=2,2,2026-10-07T01:49:51.888383+00:00,8800de2985b6b702162a5e013c6c0c7878254694debf220397c27834386afde2,,UNVERIFIED
EP-16,Demon of the Water Planet,00:11:14,674,852239,https://animehistory.org/uploads/screencaps/outlaw-star-E016-Demon-of-the-Water-Planet/cap_00-11-14_0816.jpg,Outlaw Star Ep 16: Demon of the Water Planet @ 00:11:14,https://animehistory.org/gallery/screencaps/outlaw-star/episode-16/,https://animehistory.org/gallery/screencaps/outlaw-star/episode-16/?page=2,2,2026-10-07T01:49:51.888383+00:00,8800de2985b6b702162a5e013c6c0c7878254694debf220397c27834386afde2,,UNVERIFIED
EP-16,Demon of the Water Planet,00:11:17,677,852240,https://animehistory.org/uploads/screencaps/outlaw-star-E016-Demon-of-the-Water-Planet/cap_00-11-17_717d.jpg,Outlaw Star Ep 16: Demon of the Water Planet @ 00:11:17,https://animehistory.org/gallery/screencaps/outlaw-star/episode-16/,https://animehistory.org/gallery/screencaps/outlaw-star/episode-16/?page=2,2,2026-10-07T01:49:51.888383+00:00,8800de2985b6b702162a5e013c6c0c7878254694debf220397c27834386afde2,,UNVERIFIED
EP-16,Demon of the Water Planet,00:11:21,681,852241,https://animehistory.org/uploads/screencaps/outlaw-star-E016-Demon-of-the-Water-Planet/cap_00-11-21_5de8.jpg,Outlaw Star Ep 16: Demon of the Water Planet @ 00:11:21,https://animehistory.org/gallery/screencaps/outlaw-star/episode-16/,https://animehistory.org/gallery/screencaps/outlaw-star/episode-16/?page=2,2,2026-10-07T01:49:51.888383+00:00,8800de2985b6b702162a5e013c6c0c7878254694debf220397c27834386afde2,,UNVERIFIED
EP-16,Demon of the Water Planet,00:11:25,685,852242,https://animehistory.org/uploads/screencaps/outlaw-star-E016-Demon-of-the-Water-Planet/cap_00-11-25_7c94.jpg,Outlaw Star Ep 16: Demon of the Water Planet @ 00:11:25,https://animehistory.org/gallery/screencaps/outlaw-star/episode-16/,https://animehistory.org/gallery/screencaps/outlaw-star/episode-16/?page=2,2,2026-10-07T01:49:51.888383+00:00,8800de2985b6b702162a5e013c6c0c7878254694debf220397c27834386afde2,,UNVERIFIED
EP-16,Demon of the Water Planet,00:11:28,688,852243,https://animehistory.org/uploads/screencaps/outlaw-star-E016-Demon-of-the-Water-Planet/cap_00-11-28_0d84.jpg,Outlaw Star Ep 16: Demon of the Water Planet @ 00:11:28,https://animehistory.org/gallery/screencaps/outlaw-star/episode-16/,https://animehistory.org/gallery/screencaps/outlaw-star/episode-16/?page=2,2,2026-10-07T01:49:51.888383+00:00,8800de2985b6b702162a5e013c6c0c7878254694debf220397c27834386afde2,,UNVERIFIED
EP-16,Demon of the Water Planet,00:11:32,692,852244,https://animehistory.org/uploads/screencaps/outlaw-star-E016-Demon-of-the-Water-Planet/cap_00-11-32_3e34.jpg,Outlaw Star Ep 16: Demon of the Water Planet @ 00:11:32,https://animehistory.org/gallery/screencaps/outlaw-star/episode-16/,https://animehistory.org/gallery/screencaps/outlaw-star/episode-16/?page=2,2,2026-10-07T01:49:51.888383+00:00,8800de2985b6b702162a5e013c6c0c7878254694debf220397c27834386afde2,,UNVERIFIED
EP-16,Demon of the Water Planet,00:11:35,695,852245,https://animehistory.org/uploads/screencaps/outlaw-star-E016-Demon-of-the-Water-Planet/cap_00-11-35_1bde.jpg,Outlaw Star Ep 16: Demon of the Water Planet @ 00:11:35,https://animehistory.org/gallery/screencaps/outlaw-star/episode-16/,https://animehistory.org/gallery/screencaps/outlaw-star/episode-16/?page=2,2,2026-10-07T01:49:51.888383+00:00,8800de2985b6b702162a5e013c6c0c7878254694debf220397c27834386afde2,,UNVERIFIED
EP-16,Demon of the Water Planet,00:11:39,699,852246,https://animehistory.org/uploads/screencaps/outlaw-star-E016-Demon-of-the-Water-Planet/cap_00-11-39_1223.jpg,Outlaw Star Ep 16: Demon of the Water Planet @ 00:11:39,https://animehistory.org/gallery/screencaps/outlaw-star/episode-16/,https://animehistory.org/gallery/screencaps/outlaw-star/episode-16/?page=2,2,2026-10-07T01:49:51.888383+00:00,8800de2985b6b702162a5e013c6c0c7878254694debf220397c27834386afde2,,UNVERIFIED
EP-16,Demon of the Water Planet,00:11:43,703,852247,https://animehistory.org/uploads/screencaps/outlaw-star-E016-Demon-of-the-Water-Planet/cap_00-11-43_2557.jpg,Outlaw Star Ep 16: Demon of the Water Planet @ 00:11:43,https://animehistory.org/gallery/screencaps/outlaw-star/episode-16/,https://animehistory.org/gallery/screencaps/outlaw-star/episode-16/?page=2,2,2026-10-07T01:49:51.888383+00:00,8800de2985b6b702162a5e013c6c0c7878254694debf220397c27834386afde2,,UNVERIFIED
EP-16,Demon of the Water Planet,00:11:46,706,852248,https://animehistory.org/uploads/screencaps/outlaw-star-E016-Demon-of-the-Water-Planet/cap_00-11-46_2e0f.jpg,Outlaw Star Ep 16: Demon of the Water Planet @ 00:11:46,https://animehistory.org/gallery/screencaps/outlaw-star/episode-16/,https://animehistory.org/gallery/screencaps/outlaw-star/episode-16/?page=2,2,2026-10-07T01:49:51.888383+00:00,8800de2985b6b702162a5e013c6c0c7878254694debf220397c27834386afde2,,UNVERIFIED
EP-16,Demon of the Water Planet,00:11:50,710,852249,https://animehistory.org/uploads/screencaps/outlaw-star-E016-Demon-of-the-Water-Planet/cap_00-11-50_328b.jpg,Outlaw Star Ep 16: Demon of the Water Planet @ 00:11:50,https://animehistory.org/gallery/screencaps/outlaw-star/episode-16/,https://animehistory.org/gallery/screencaps/outlaw-star/episode-16/?page=2,2,2026-10-07T01:49:51.888383+00:00,8800de2985b6b702162a5e013c6c0c7878254694debf220397c27834386afde2,,UNVERIFIED
EP-16,Demon of the Water Planet,00:11:54,714,852250,https://animehistory.org/uploads/screencaps/outlaw-star-E016-Demon-of-the-Water-Planet/cap_00-11-54_5581.jpg,Outlaw Star Ep 16: Demon of the Water Planet @ 00:11:54,https://animehistory.org/gallery/screencaps/outlaw-star/episode-16/,https://animehistory.org/gallery/screencaps/outlaw-star/episode-16/?page=2,2,2026-10-07T01:49:51.888383+00:00,8800de2985b6b702162a5e013c6c0c7878254694debf220397c27834386afde2,,UNVERIFIED
EP-16,Demon of the Water Planet,00:11:57,717,852251,https://animehistory.org/uploads/screencaps/outlaw-star-E016-Demon-of-the-Water-Planet/cap_00-11-57_5fff.jpg,Outlaw Star Ep 16: Demon of the Water Planet @ 00:11:57,https://animehistory.org/gallery/screencaps/outlaw-star/episode-16/,https://animehistory.org/gallery/screencaps/outlaw-star/episode-16/?page=2,2,2026-10-07T01:49:51.888383+00:00,8800de2985b6b702162a5e013c6c0c7878254694debf220397c27834386afde2,,UNVERIFIED
EP-16,Demon of the Water Planet,00:12:01,721,852252,https://animehistory.org/uploads/screencaps/outlaw-star-E016-Demon-of-the-Water-Planet/cap_00-12-01_591f.jpg,Outlaw Star Ep 16: Demon of the Water Planet @ 00:12:01,https://animehistory.org/gallery/screencaps/outlaw-star/episode-16/,https://animehistory.org/gallery/screencaps/outlaw-star/episode-16/?page=2,2,2026-10-07T01:49:51.888383+00:00,8800de2985b6b702162a5e013c6c0c7878254694debf220397c27834386afde2,,UNVERIFIED
EP-16,Demon of the Water Planet,00:12:05,725,852253,https://animehistory.org/uploads/screencaps/outlaw-star-E016-Demon-of-the-Water-Planet/cap_00-12-05_6f82.jpg,Outlaw Star Ep 16: Demon of the Water Planet @ 00:12:05,https://animehistory.org/gallery/screencaps/outlaw-star/episode-16/,https://animehistory.org/gallery/screencaps/outlaw-star/episode-16/?page=2,2,2026-10-07T01:49:51.888383+00:00,8800de2985b6b702162a5e013c6c0c7878254694debf220397c27834386afde2,,UNVERIFIED
EP-16,Demon of the Water Planet,00:12:08,728,852254,https://animehistory.org/uploads/screencaps/outlaw-star-E016-Demon-of-the-Water-Planet/cap_00-12-08_07bd.jpg,Outlaw Star Ep 16: Demon of the Water Planet @ 00:12:08,https://animehistory.org/gallery/screencaps/outlaw-star/episode-16/,https://animehistory.org/gallery/screencaps/outlaw-star/episode-16/?page=2,2,2026-10-07T01:49:51.888383+00:00,8800de2985b6b702162a5e013c6c0c7878254694debf220397c27834386afde2,,UNVERIFIED
EP-16,Demon of the Water Planet,00:12:12,732,852255,https://animehistory.org/uploads/screencaps/outlaw-star-E016-Demon-of-the-Water-Planet/cap_00-12-12_6c04.jpg,Outlaw Star Ep 16: Demon of the Water Planet @ 00:12:12,https://animehistory.org/gallery/screencaps/outlaw-star/episode-16/,https://animehistory.org/gallery/screencaps/outlaw-star/episode-16/?page=2,2,2026-10-07T01:49:51.888383+00:00,8800de2985b6b702162a5e013c6c0c7878254694debf220397c27834386afde2,,UNVERIFIED
EP-16,Demon of the Water Planet,00:12:16,736,852256,https://animehistory.org/uploads/screencaps/outlaw-star-E016-Demon-of-the-Water-Planet/cap_00-12-16_6385.jpg,Outlaw Star Ep 16: Demon of the Water Planet @ 00:12:16,https://animehistory.org/gallery/screencaps/outlaw-star/episode-16/,https://animehistory.org/gallery/screencaps/outlaw-star/episode-16/?page=2,2,2026-10-07T01:49:51.888383+00:00,8800de2985b6b702162a5e013c6c0c7878254694debf220397c27834386afde2,,UNVERIFIED
EP-16,Demon of the Water Planet,00:12:19,739,852257,https://animehistory.org/uploads/screencaps/outlaw-star-E016-Demon-of-the-Water-Planet/cap_00-12-19_2859.jpg,Outlaw Star Ep 16: Demon of the Water Planet @ 00:12:19,https://animehistory.org/gallery/screencaps/outlaw-star/episode-16/,https://animehistory.org/gallery/screencaps/outlaw-star/episode-16/?page=2,2,2026-10-07T01:49:51.888383+00:00,8800de2985b6b702162a5e013c6c0c7878254694debf220397c27834386afde2,,UNVERIFIED
EP-16,Demon of the Water Planet,00:12:23,743,852258,https://animehistory.org/uploads/screencaps/outlaw-star-E016-Demon-of-the-Water-Planet/cap_00-12-23_3d57.jpg,Outlaw Star Ep 16: Demon of the Water Planet @ 00:12:23,https://animehistory.org/gallery/screencaps/outlaw-star/episode-16/,https://animehistory.org/gallery/screencaps/outlaw-star/episode-16/?page=2,2,2026-10-07T01:49:51.888383+00:00,8800de2985b6b702162a5e013c6c0c7878254694debf220397c27834386afde2,,UNVERIFIED
EP-16,Demon of the Water Planet,00:12:27,747,852259,https://animehistory.org/uploads/screencaps/outlaw-star-E016-Demon-of-the-Water-Planet/cap_00-12-27_4584.jpg,Outlaw Star Ep 16: Demon of the Water Planet @ 00:12:27,https://animehistory.org/gallery/screencaps/outlaw-star/episode-16/,https://animehistory.org/gallery/screencaps/outlaw-star/episode-16/?page=2,2,2026-10-07T01:49:51.888383+00:00,8800de2985b6b702162a5e013c6c0c7878254694debf220397c27834386afde2,,UNVERIFIED
EP-16,Demon of the Water Planet,00:12:30,750,852260,https://animehistory.org/uploads/screencaps/outlaw-star-E016-Demon-of-the-Water-Planet/cap_00-12-30_2837.jpg,Outlaw Star Ep 16: Demon of the Water Planet @ 00:12:30,https://animehistory.org/gallery/screencaps/outlaw-star/episode-16/,https://animehistory.org/gallery/screencaps/outlaw-star/episode-16/?page=2,2,2026-10-07T01:49:51.888383+00:00,8800de2985b6b702162a5e013c6c0c7878254694debf220397c27834386afde2,,UNVERIFIED
EP-16,Demon of the Water Planet,00:12:34,754,852261,https://animehistory.org/uploads/screencaps/outlaw-star-E016-Demon-of-the-Water-Planet/cap_00-12-34_430b.jpg,Outlaw Star Ep 16: Demon of the Water Planet @ 00:12:34,https://animehistory.org/gallery/screencaps/outlaw-star/episode-16/,https://animehistory.org/gallery/screencaps/outlaw-star/episode-16/?page=2,2,2026-10-07T01:49:51.888383+00:00,8800de2985b6b702162a5e013c6c0c7878254694debf220397c27834386afde2,,UNVERIFIED
EP-16,Demon of the Water Planet,00:12:38,758,852262,https://animehistory.org/uploads/screencaps/outlaw-star-E016-Demon-of-the-Water-Planet/cap_00-12-38_0e3e.jpg,Outlaw Star Ep 16: Demon of the Water Planet @ 00:12:38,https://animehistory.org/gallery/screencaps/outlaw-star/episode-16/,https://animehistory.org/gallery/screencaps/outlaw-star/episode-16/?page=2,2,2026-10-07T01:49:51.888383+00:00,8800de2985b6b702162a5e013c6c0c7878254694debf220397c27834386afde2,,UNVERIFIED
EP-16,Demon of the Water Planet,00:12:41,761,852263,https://animehistory.org/uploads/screencaps/outlaw-star-E016-Demon-of-the-Water-Planet/cap_00-12-41_2dd4.jpg,Outlaw Star Ep 16: Demon of the Water Planet @ 00:12:41,https://animehistory.org/gallery/screencaps/outlaw-star/episode-16/,https://animehistory.org/gallery/screencaps/outlaw-star/episode-16/?page=2,2,2026-10-07T01:49:51.888383+00:00,8800de2985b6b702162a5e013c6c0c7878254694debf220397c27834386afde2,,UNVERIFIED
EP-16,Demon of the Water Planet,00:12:45,765,852264,https://animehistory.org/uploads/screencaps/outlaw-star-E016-Demon-of-the-Water-Planet/cap_00-12-45_4596.jpg,Outlaw Star Ep 16: Demon of the Water Planet @ 00:12:45,https://animehistory.org/gallery/screencaps/outlaw-star/episode-16/,https://animehistory.org/gallery/screencaps/outlaw-star/episode-16/?page=2,2,2026-10-07T01:49:51.888383+00:00,8800de2985b6b702162a5e013c6c0c7878254694debf220397c27834386afde2,,UNVERIFIED
EP-16,Demon of the Water Planet,00:12:49,769,852265,https://animehistory.org/uploads/screencaps/outlaw-star-E016-Demon-of-the-Water-Planet/cap_00-12-49_1d7f.jpg,Outlaw Star Ep 16: Demon of the Water Planet @ 00:12:49,https://animehistory.org/gallery/screencaps/outlaw-star/episode-16/,https://animehistory.org/gallery/screencaps/outlaw-star/episode-16/?page=2,2,2026-10-07T01:49:51.888383+00:00,8800de2985b6b702162a5e013c6c0c7878254694debf220397c27834386afde2,,UNVERIFIED
EP-16,Demon of the Water Planet,00:12:52,772,852266,https://animehistory.org/uploads/screencaps/outlaw-star-E016-Demon-of-the-Water-Planet/cap_00-12-52_2c6e.jpg,Outlaw Star Ep 16: Demon of the Water Planet @ 00:12:52,https://animehistory.org/gallery/screencaps/outlaw-star/episode-16/,https://animehistory.org/gallery/screencaps/outlaw-star/episode-16/?page=2,2,2026-10-07T01:49:51.888383+00:00,8800de2985b6b702162a5e013c6c0c7878254694debf220397c27834386afde2,,UNVERIFIED
EP-16,Demon of the Water Planet,00:12:56,776,852267,https://animehistory.org/uploads/screencaps/outlaw-star-E016-Demon-of-the-Water-Planet/cap_00-12-56_043a.jpg,Outlaw Star Ep 16: Demon of the Water Planet @ 00:12:56,https://animehistory.org/gallery/screencaps/outlaw-star/episode-16/,https://animehistory.org/gallery/screencaps/outlaw-star/episode-16/?page=2,2,2026-10-07T01:49:51.888383+00:00,8800de2985b6b702162a5e013c6c0c7878254694debf220397c27834386afde2,,UNVERIFIED
EP-16,Demon of the Water Planet,00:13:00,780,852268,https://animehistory.org/uploads/screencaps/outlaw-star-E016-Demon-of-the-Water-Planet/cap_00-13-00_7385.jpg,Outlaw Star Ep 16: Demon of the Water Planet @ 00:13:00,https://animehistory.org/gallery/screencaps/outlaw-star/episode-16/,https://animehistory.org/gallery/screencaps/outlaw-star/episode-16/?page=2,2,2026-10-07T01:49:51.888383+00:00,8800de2985b6b702162a5e013c6c0c7878254694debf220397c27834386afde2,,UNVERIFIED
EP-16,Demon of the Water Planet,00:13:03,783,852269,https://animehistory.org/uploads/screencaps/outlaw-star-E016-Demon-of-the-Water-Planet/cap_00-13-03_3c17.jpg,Outlaw Star Ep 16: Demon of the Water Planet @ 00:13:03,https://animehistory.org/gallery/screencaps/outlaw-star/episode-16/,https://animehistory.org/gallery/screencaps/outlaw-star/episode-16/?page=2,2,2026-10-07T01:49:51.888383+00:00,8800de2985b6b702162a5e013c6c0c7878254694debf220397c27834386afde2,,UNVERIFIED
EP-16,Demon of the Water Planet,00:13:07,787,852270,https://animehistory.org/uploads/screencaps/outlaw-star-E016-Demon-of-the-Water-Planet/cap_00-13-07_7208.jpg,Outlaw Star Ep 16: Demon of the Water Planet @ 00:13:07,https://animehistory.org/gallery/screencaps/outlaw-star/episode-16/,https://animehistory.org/gallery/screencaps/outlaw-star/episode-16/?page=2,2,2026-10-07T01:49:51.888383+00:00,8800de2985b6b702162a5e013c6c0c7878254694debf220397c27834386afde2,,UNVERIFIED
EP-16,Demon of the Water Planet,00:13:11,791,852271,https://animehistory.org/uploads/screencaps/outlaw-star-E016-Demon-of-the-Water-Planet/cap_00-13-11_363c.jpg,Outlaw Star Ep 16: Demon of the Water Planet @ 00:13:11,https://animehistory.org/gallery/screencaps/outlaw-star/episode-16/,https://animehistory.org/gallery/screencaps/outlaw-star/episode-16/?page=2,2,2026-10-07T01:49:51.888383+00:00,8800de2985b6b702162a5e013c6c0c7878254694debf220397c27834386afde2,,UNVERIFIED
EP-16,Demon of the Water Planet,00:13:14,794,852272,https://animehistory.org/uploads/screencaps/outlaw-star-E016-Demon-of-the-Water-Planet/cap_00-13-14_4ec6.jpg,Outlaw Star Ep 16: Demon of the Water Planet @ 00:13:14,https://animehistory.org/gallery/screencaps/outlaw-star/episode-16/,https://animehistory.org/gallery/screencaps/outlaw-star/episode-16/?page=2,2,2026-10-07T01:49:51.888383+00:00,8800de2985b6b702162a5e013c6c0c7878254694debf220397c27834386afde2,,UNVERIFIED
EP-16,Demon of the Water Planet,00:13:18,798,852273,https://animehistory.org/uploads/screencaps/outlaw-star-E016-Demon-of-the-Water-Planet/cap_00-13-18_5b1e.jpg,Outlaw Star Ep 16: Demon of the Water Planet @ 00:13:18,https://animehistory.org/gallery/screencaps/outlaw-star/episode-16/,https://animehistory.org/gallery/screencaps/outlaw-star/episode-16/?page=2,2,2026-10-07T01:49:51.888383+00:00,8800de2985b6b702162a5e013c6c0c7878254694debf220397c27834386afde2,,UNVERIFIED
EP-16,Demon of the Water Planet,00:13:22,802,852274,https://animehistory.org/uploads/screencaps/outlaw-star-E016-Demon-of-the-Water-Planet/cap_00-13-22_0f4f.jpg,Outlaw Star Ep 16: Demon of the Water Planet @ 00:13:22,https://animehistory.org/gallery/screencaps/outlaw-star/episode-16/,https://animehistory.org/gallery/screencaps/outlaw-star/episode-16/?page=2,2,2026-10-07T01:49:51.888383+00:00,8800de2985b6b702162a5e013c6c0c7878254694debf220397c27834386afde2,,UNVERIFIED
EP-16,Demon of the Water Planet,00:13:25,805,852275,https://animehistory.org/uploads/screencaps/outlaw-star-E016-Demon-of-the-Water-Planet/cap_00-13-25_5727.jpg,Outlaw Star Ep 16: Demon of the Water Planet @ 00:13:25,https://animehistory.org/gallery/screencaps/outlaw-star/episode-16/,https://animehistory.org/gallery/screencaps/outlaw-star/episode-16/?page=2,2,2026-10-07T01:49:51.888383+00:00,8800de2985b6b702162a5e013c6c0c7878254694debf220397c27834386afde2,,UNVERIFIED
EP-16,Demon of the Water Planet,00:13:29,809,852276,https://animehistory.org/uploads/screencaps/outlaw-star-E016-Demon-of-the-Water-Planet/cap_00-13-29_605e.jpg,Outlaw Star Ep 16: Demon of the Water Planet @ 00:13:29,https://animehistory.org/gallery/screencaps/outlaw-star/episode-16/,https://animehistory.org/gallery/screencaps/outlaw-star/episode-16/?page=2,2,2026-10-07T01:49:51.888383+00:00,8800de2985b6b702162a5e013c6c0c7878254694debf220397c27834386afde2,,UNVERIFIED
EP-16,Demon of the Water Planet,00:13:32,812,852277,https://animehistory.org/uploads/screencaps/outlaw-star-E016-Demon-of-the-Water-Planet/cap_00-13-32_6e8f.jpg,Outlaw Star Ep 16: Demon of the Water Planet @ 00:13:32,https://animehistory.org/gallery/screencaps/outlaw-star/episode-16/,https://animehistory.org/gallery/screencaps/outlaw-star/episode-16/?page=2,2,2026-10-07T01:49:51.888383+00:00,8800de2985b6b702162a5e013c6c0c7878254694debf220397c27834386afde2,,UNVERIFIED
EP-16,Demon of the Water Planet,00:13:36,816,852278,https://animehistory.org/uploads/screencaps/outlaw-star-E016-Demon-of-the-Water-Planet/cap_00-13-36_63d2.jpg,Outlaw Star Ep 16: Demon of the Water Planet @ 00:13:36,https://animehistory.org/gallery/screencaps/outlaw-star/episode-16/,https://animehistory.org/gallery/screencaps/outlaw-star/episode-16/?page=2,2,2026-10-07T01:49:51.888383+00:00,8800de2985b6b702162a5e013c6c0c7878254694debf220397c27834386afde2,,UNVERIFIED
EP-16,Demon of the Water Planet,00:13:40,820,852279,https://animehistory.org/uploads/screencaps/outlaw-star-E016-Demon-of-the-Water-Planet/cap_00-13-40_57f1.jpg,Outlaw Star Ep 16: Demon of the Water Planet @ 00:13:40,https://animehistory.org/gallery/screencaps/outlaw-star/episode-16/,https://animehistory.org/gallery/screencaps/outlaw-star/episode-16/?page=2,2,2026-10-07T01:49:51.888383+00:00,8800de2985b6b702162a5e013c6c0c7878254694debf220397c27834386afde2,,UNVERIFIED
EP-16,Demon of the Water Planet,00:13:43,823,852280,https://animehistory.org/uploads/screencaps/outlaw-star-E016-Demon-of-the-Water-Planet/cap_00-13-43_10d1.jpg,Outlaw Star Ep 16: Demon of the Water Planet @ 00:13:43,https://animehistory.org/gallery/screencaps/outlaw-star/episode-16/,https://animehistory.org/gallery/screencaps/outlaw-star/episode-16/?page=2,2,2026-10-07T01:49:51.888383+00:00,8800de2985b6b702162a5e013c6c0c7878254694debf220397c27834386afde2,,UNVERIFIED
EP-16,Demon of the Water Planet,00:13:47,827,852281,https://animehistory.org/uploads/screencaps/outlaw-star-E016-Demon-of-the-Water-Planet/cap_00-13-47_1e3a.jpg,Outlaw Star Ep 16: Demon of the Water Planet @ 00:13:47,https://animehistory.org/gallery/screencaps/outlaw-star/episode-16/,https://animehistory.org/gallery/screencaps/outlaw-star/episode-16/?page=2,2,2026-10-07T01:49:51.888383+00:00,8800de2985b6b702162a5e013c6c0c7878254694debf220397c27834386afde2,,UNVERIFIED
EP-16,Demon of the Water Planet,00:13:51,831,852282,https://animehistory.org/uploads/screencaps/outlaw-star-E016-Demon-of-the-Water-Planet/cap_00-13-51_2999.jpg,Outlaw Star Ep 16: Demon of the Water Planet @ 00:13:51,https://animehistory.org/gallery/screencaps/outlaw-star/episode-16/,https://animehistory.org/gallery/screencaps/outlaw-star/episode-16/?page=2,2,2026-10-07T01:49:51.888383+00:00,8800de2985b6b702162a5e013c6c0c7878254694debf220397c27834386afde2,,UNVERIFIED
EP-16,Demon of the Water Planet,00:13:54,834,852283,https://animehistory.org/uploads/screencaps/outlaw-star-E016-Demon-of-the-Water-Planet/cap_00-13-54_5b31.jpg,Outlaw Star Ep 16: Demon of the Water Planet @ 00:13:54,https://animehistory.org/gallery/screencaps/outlaw-star/episode-16/,https://animehistory.org/gallery/screencaps/outlaw-star/episode-16/?page=3,3,2026-10-07T01:49:53.239257+00:00,5dda24ea8fa6fe3b736552d3407398b8abac0c0d4fad63dbfbb9ef7a4d061ec8,,UNVERIFIED
EP-16,Demon of the Water Planet,00:13:58,838,852284,https://animehistory.org/uploads/screencaps/outlaw-star-E016-Demon-of-the-Water-Planet/cap_00-13-58_69d3.jpg,Outlaw Star Ep 16: Demon of the Water Planet @ 00:13:58,https://animehistory.org/gallery/screencaps/outlaw-star/episode-16/,https://animehistory.org/gallery/screencaps/outlaw-star/episode-16/?page=3,3,2026-10-07T01:49:53.239257+00:00,5dda24ea8fa6fe3b736552d3407398b8abac0c0d4fad63dbfbb9ef7a4d061ec8,,UNVERIFIED
EP-16,Demon of the Water Planet,00:14:02,842,852285,https://animehistory.org/uploads/screencaps/outlaw-star-E016-Demon-of-the-Water-Planet/cap_00-14-02_1f44.jpg,Outlaw Star Ep 16: Demon of the Water Planet @ 00:14:02,https://animehistory.org/gallery/screencaps/outlaw-star/episode-16/,https://animehistory.org/gallery/screencaps/outlaw-star/episode-16/?page=3,3,2026-10-07T01:49:53.239257+00:00,5dda24ea8fa6fe3b736552d3407398b8abac0c0d4fad63dbfbb9ef7a4d061ec8,,UNVERIFIED
EP-16,Demon of the Water Planet,00:14:05,845,852286,https://animehistory.org/uploads/screencaps/outlaw-star-E016-Demon-of-the-Water-Planet/cap_00-14-05_4230.jpg,Outlaw Star Ep 16: Demon of the Water Planet @ 00:14:05,https://animehistory.org/gallery/screencaps/outlaw-star/episode-16/,https://animehistory.org/gallery/screencaps/outlaw-star/episode-16/?page=3,3,2026-10-07T01:49:53.239257+00:00,5dda24ea8fa6fe3b736552d3407398b8abac0c0d4fad63dbfbb9ef7a4d061ec8,,UNVERIFIED
EP-16,Demon of the Water Planet,00:14:09,849,852287,https://animehistory.org/uploads/screencaps/outlaw-star-E016-Demon-of-the-Water-Planet/cap_00-14-09_134b.jpg,Outlaw Star Ep 16: Demon of the Water Planet @ 00:14:09,https://animehistory.org/gallery/screencaps/outlaw-star/episode-16/,https://animehistory.org/gallery/screencaps/outlaw-star/episode-16/?page=3,3,2026-10-07T01:49:53.239257+00:00,5dda24ea8fa6fe3b736552d3407398b8abac0c0d4fad63dbfbb9ef7a4d061ec8,,UNVERIFIED
EP-16,Demon of the Water Planet,00:14:13,853,852288,https://animehistory.org/uploads/screencaps/outlaw-star-E016-Demon-of-the-Water-Planet/cap_00-14-13_73d1.jpg,Outlaw Star Ep 16: Demon of the Water Planet @ 00:14:13,https://animehistory.org/gallery/screencaps/outlaw-star/episode-16/,https://animehistory.org/gallery/screencaps/outlaw-star/episode-16/?page=3,3,2026-10-07T01:49:53.239257+00:00,5dda24ea8fa6fe3b736552d3407398b8abac0c0d4fad63dbfbb9ef7a4d061ec8,,UNVERIFIED
EP-16,Demon of the Water Planet,00:14:16,856,852289,https://animehistory.org/uploads/screencaps/outlaw-star-E016-Demon-of-the-Water-Planet/cap_00-14-16_1719.jpg,Outlaw Star Ep 16: Demon of the Water Planet @ 00:14:16,https://animehistory.org/gallery/screencaps/outlaw-star/episode-16/,https://animehistory.org/gallery/screencaps/outlaw-star/episode-16/?page=3,3,2026-10-07T01:49:53.239257+00:00,5dda24ea8fa6fe3b736552d3407398b8abac0c0d4fad63dbfbb9ef7a4d061ec8,,UNVERIFIED
EP-16,Demon of the Water Planet,00:14:20,860,852290,https://animehistory.org/uploads/screencaps/outlaw-star-E016-Demon-of-the-Water-Planet/cap_00-14-20_7716.jpg,Outlaw Star Ep 16: Demon of the Water Planet @ 00:14:20,https://animehistory.org/gallery/screencaps/outlaw-star/episode-16/,https://animehistory.org/gallery/screencaps/outlaw-star/episode-16/?page=3,3,2026-10-07T01:49:53.239257+00:00,5dda24ea8fa6fe3b736552d3407398b8abac0c0d4fad63dbfbb9ef7a4d061ec8,,UNVERIFIED
EP-16,Demon of the Water Planet,00:14:24,864,852291,https://animehistory.org/uploads/screencaps/outlaw-star-E016-Demon-of-the-Water-Planet/cap_00-14-24_6571.jpg,Outlaw Star Ep 16: Demon of the Water Planet @ 00:14:24,https://animehistory.org/gallery/screencaps/outlaw-star/episode-16/,https://animehistory.org/gallery/screencaps/outlaw-star/episode-16/?page=3,3,2026-10-07T01:49:53.239257+00:00,5dda24ea8fa6fe3b736552d3407398b8abac0c0d4fad63dbfbb9ef7a4d061ec8,,UNVERIFIED
EP-16,Demon of the Water Planet,00:14:27,867,852292,https://animehistory.org/uploads/screencaps/outlaw-star-E016-Demon-of-the-Water-Planet/cap_00-14-27_0925.jpg,Outlaw Star Ep 16: Demon of the Water Planet @ 00:14:27,https://animehistory.org/gallery/screencaps/outlaw-star/episode-16/,https://animehistory.org/gallery/screencaps/outlaw-star/episode-16/?page=3,3,2026-10-07T01:49:53.239257+00:00,5dda24ea8fa6fe3b736552d3407398b8abac0c0d4fad63dbfbb9ef7a4d061ec8,,UNVERIFIED
EP-16,Demon of the Water Planet,00:14:31,871,852293,https://animehistory.org/uploads/screencaps/outlaw-star-E016-Demon-of-the-Water-Planet/cap_00-14-31_0288.jpg,Outlaw Star Ep 16: Demon of the Water Planet @ 00:14:31,https://animehistory.org/gallery/screencaps/outlaw-star/episode-16/,https://animehistory.org/gallery/screencaps/outlaw-star/episode-16/?page=3,3,2026-10-07T01:49:53.239257+00:00,5dda24ea8fa6fe3b736552d3407398b8abac0c0d4fad63dbfbb9ef7a4d061ec8,,UNVERIFIED
EP-16,Demon of the Water Planet,00:14:35,875,852294,https://animehistory.org/uploads/screencaps/outlaw-star-E016-Demon-of-the-Water-Planet/cap_00-14-35_6f61.jpg,Outlaw Star Ep 16: Demon of the Water Planet @ 00:14:35,https://animehistory.org/gallery/screencaps/outlaw-star/episode-16/,https://animehistory.org/gallery/screencaps/outlaw-star/episode-16/?page=3,3,2026-10-07T01:49:53.239257+00:00,5dda24ea8fa6fe3b736552d3407398b8abac0c0d4fad63dbfbb9ef7a4d061ec8,,UNVERIFIED
EP-16,Demon of the Water Planet,00:14:38,878,852295,https://animehistory.org/uploads/screencaps/outlaw-star-E016-Demon-of-the-Water-Planet/cap_00-14-38_7df2.jpg,Outlaw Star Ep 16: Demon of the Water Planet @ 00:14:38,https://animehistory.org/gallery/screencaps/outlaw-star/episode-16/,https://animehistory.org/gallery/screencaps/outlaw-star/episode-16/?page=3,3,2026-10-07T01:49:53.239257+00:00,5dda24ea8fa6fe3b736552d3407398b8abac0c0d4fad63dbfbb9ef7a4d061ec8,,UNVERIFIED
EP-16,Demon of the Water Planet,00:14:42,882,852296,https://animehistory.org/uploads/screencaps/outlaw-star-E016-Demon-of-the-Water-Planet/cap_00-14-42_5e8a.jpg,Outlaw Star Ep 16: Demon of the Water Planet @ 00:14:42,https://animehistory.org/gallery/screencaps/outlaw-star/episode-16/,https://animehistory.org/gallery/screencaps/outlaw-star/episode-16/?page=3,3,2026-10-07T01:49:53.239257+00:00,5dda24ea8fa6fe3b736552d3407398b8abac0c0d4fad63dbfbb9ef7a4d061ec8,,UNVERIFIED
EP-16,Demon of the Water Planet,00:14:46,886,852297,https://animehistory.org/uploads/screencaps/outlaw-star-E016-Demon-of-the-Water-Planet/cap_00-14-46_50f8.jpg,Outlaw Star Ep 16: Demon of the Water Planet @ 00:14:46,https://animehistory.org/gallery/screencaps/outlaw-star/episode-16/,https://animehistory.org/gallery/screencaps/outlaw-star/episode-16/?page=3,3,2026-10-07T01:49:53.239257+00:00,5dda24ea8fa6fe3b736552d3407398b8abac0c0d4fad63dbfbb9ef7a4d061ec8,,UNVERIFIED
EP-16,Demon of the Water Planet,00:14:49,889,852298,https://animehistory.org/uploads/screencaps/outlaw-star-E016-Demon-of-the-Water-Planet/cap_00-14-49_45cb.jpg,Outlaw Star Ep 16: Demon of the Water Planet @ 00:14:49,https://animehistory.org/gallery/screencaps/outlaw-star/episode-16/,https://animehistory.org/gallery/screencaps/outlaw-star/episode-16/?page=3,3,2026-10-07T01:49:53.239257+00:00,5dda24ea8fa6fe3b736552d3407398b8abac0c0d4fad63dbfbb9ef7a4d061ec8,,UNVERIFIED
EP-16,Demon of the Water Planet,00:14:53,893,852299,https://animehistory.org/uploads/screencaps/outlaw-star-E016-Demon-of-the-Water-Planet/cap_00-14-53_4534.jpg,Outlaw Star Ep 16: Demon of the Water Planet @ 00:14:53,https://animehistory.org/gallery/screencaps/outlaw-star/episode-16/,https://animehistory.org/gallery/screencaps/outlaw-star/episode-16/?page=3,3,2026-10-07T01:49:53.239257+00:00,5dda24ea8fa6fe3b736552d3407398b8abac0c0d4fad63dbfbb9ef7a4d061ec8,,UNVERIFIED
EP-16,Demon of the Water Planet,00:14:57,897,852300,https://animehistory.org/uploads/screencaps/outlaw-star-E016-Demon-of-the-Water-Planet/cap_00-14-57_1051.jpg,Outlaw Star Ep 16: Demon of the Water Planet @ 00:14:57,https://animehistory.org/gallery/screencaps/outlaw-star/episode-16/,https://animehistory.org/gallery/screencaps/outlaw-star/episode-16/?page=3,3,2026-10-07T01:49:53.239257+00:00,5dda24ea8fa6fe3b736552d3407398b8abac0c0d4fad63dbfbb9ef7a4d061ec8,,UNVERIFIED
EP-16,Demon of the Water Planet,00:15:00,900,852301,https://animehistory.org/uploads/screencaps/outlaw-star-E016-Demon-of-the-Water-Planet/cap_00-15-00_2da7.jpg,Outlaw Star Ep 16: Demon of the Water Planet @ 00:15:00,https://animehistory.org/gallery/screencaps/outlaw-star/episode-16/,https://animehistory.org/gallery/screencaps/outlaw-star/episode-16/?page=3,3,2026-10-07T01:49:53.239257+00:00,5dda24ea8fa6fe3b736552d3407398b8abac0c0d4fad63dbfbb9ef7a4d061ec8,,UNVERIFIED
EP-16,Demon of the Water Planet,00:15:04,904,852302,https://animehistory.org/uploads/screencaps/outlaw-star-E016-Demon-of-the-Water-Planet/cap_00-15-04_6b34.jpg,Outlaw Star Ep 16: Demon of the Water Planet @ 00:15:04,https://animehistory.org/gallery/screencaps/outlaw-star/episode-16/,https://animehistory.org/gallery/screencaps/outlaw-star/episode-16/?page=3,3,2026-10-07T01:49:53.239257+00:00,5dda24ea8fa6fe3b736552d3407398b8abac0c0d4fad63dbfbb9ef7a4d061ec8,,UNVERIFIED
EP-16,Demon of the Water Planet,00:15:08,908,852303,https://animehistory.org/uploads/screencaps/outlaw-star-E016-Demon-of-the-Water-Planet/cap_00-15-08_3998.jpg,Outlaw Star Ep 16: Demon of the Water Planet @ 00:15:08,https://animehistory.org/gallery/screencaps/outlaw-star/episode-16/,https://animehistory.org/gallery/screencaps/outlaw-star/episode-16/?page=3,3,2026-10-07T01:49:53.239257+00:00,5dda24ea8fa6fe3b736552d3407398b8abac0c0d4fad63dbfbb9ef7a4d061ec8,,UNVERIFIED
EP-16,Demon of the Water Planet,00:15:11,911,852304,https://animehistory.org/uploads/screencaps/outlaw-star-E016-Demon-of-the-Water-Planet/cap_00-15-11_5dd3.jpg,Outlaw Star Ep 16: Demon of the Water Planet @ 00:15:11,https://animehistory.org/gallery/screencaps/outlaw-star/episode-16/,https://animehistory.org/gallery/screencaps/outlaw-star/episode-16/?page=3,3,2026-10-07T01:49:53.239257+00:00,5dda24ea8fa6fe3b736552d3407398b8abac0c0d4fad63dbfbb9ef7a4d061ec8,,UNVERIFIED
EP-16,Demon of the Water Planet,00:15:15,915,852305,https://animehistory.org/uploads/screencaps/outlaw-star-E016-Demon-of-the-Water-Planet/cap_00-15-15_3e90.jpg,Outlaw Star Ep 16: Demon of the Water Planet @ 00:15:15,https://animehistory.org/gallery/screencaps/outlaw-star/episode-16/,https://animehistory.org/gallery/screencaps/outlaw-star/episode-16/?page=3,3,2026-10-07T01:49:53.239257+00:00,5dda24ea8fa6fe3b736552d3407398b8abac0c0d4fad63dbfbb9ef7a4d061ec8,,UNVERIFIED
EP-16,Demon of the Water Planet,00:15:19,919,852306,https://animehistory.org/uploads/screencaps/outlaw-star-E016-Demon-of-the-Water-Planet/cap_00-15-19_1b83.jpg,Outlaw Star Ep 16: Demon of the Water Planet @ 00:15:19,https://animehistory.org/gallery/screencaps/outlaw-star/episode-16/,https://animehistory.org/gallery/screencaps/outlaw-star/episode-16/?page=3,3,2026-10-07T01:49:53.239257+00:00,5dda24ea8fa6fe3b736552d3407398b8abac0c0d4fad63dbfbb9ef7a4d061ec8,,UNVERIFIED
EP-16,Demon of the Water Planet,00:15:22,922,852307,https://animehistory.org/uploads/screencaps/outlaw-star-E016-Demon-of-the-Water-Planet/cap_00-15-22_478f.jpg,Outlaw Star Ep 16: Demon of the Water Planet @ 00:15:22,https://animehistory.org/gallery/screencaps/outlaw-star/episode-16/,https://animehistory.org/gallery/screencaps/outlaw-star/episode-16/?page=3,3,2026-10-07T01:49:53.239257+00:00,5dda24ea8fa6fe3b736552d3407398b8abac0c0d4fad63dbfbb9ef7a4d061ec8,,UNVERIFIED
EP-16,Demon of the Water Planet,00:15:26,926,852308,https://animehistory.org/uploads/screencaps/outlaw-star-E016-Demon-of-the-Water-Planet/cap_00-15-26_0dda.jpg,Outlaw Star Ep 16: Demon of the Water Planet @ 00:15:26,https://animehistory.org/gallery/screencaps/outlaw-star/episode-16/,https://animehistory.org/gallery/screencaps/outlaw-star/episode-16/?page=3,3,2026-10-07T01:49:53.239257+00:00,5dda24ea8fa6fe3b736552d3407398b8abac0c0d4fad63dbfbb9ef7a4d061ec8,,UNVERIFIED
EP-16,Demon of the Water Planet,00:15:29,929,852309,https://animehistory.org/uploads/screencaps/outlaw-star-E016-Demon-of-the-Water-Planet/cap_00-15-29_0ffb.jpg,Outlaw Star Ep 16: Demon of the Water Planet @ 00:15:29,https://animehistory.org/gallery/screencaps/outlaw-star/episode-16/,https://animehistory.org/gallery/screencaps/outlaw-star/episode-16/?page=3,3,2026-10-07T01:49:53.239257+00:00,5dda24ea8fa6fe3b736552d3407398b8abac0c0d4fad63dbfbb9ef7a4d061ec8,,UNVERIFIED
EP-16,Demon of the Water Planet,00:15:33,933,852310,https://animehistory.org/uploads/screencaps/outlaw-star-E016-Demon-of-the-Water-Planet/cap_00-15-33_1623.jpg,Outlaw Star Ep 16: Demon of the Water Planet @ 00:15:33,https://animehistory.org/gallery/screencaps/outlaw-star/episode-16/,https://animehistory.org/gallery/screencaps/outlaw-star/episode-16/?page=3,3,2026-10-07T01:49:53.239257+00:00,5dda24ea8fa6fe3b736552d3407398b8abac0c0d4fad63dbfbb9ef7a4d061ec8,,UNVERIFIED
EP-16,Demon of the Water Planet,00:15:37,937,852311,https://animehistory.org/uploads/screencaps/outlaw-star-E016-Demon-of-the-Water-Planet/cap_00-15-37_4925.jpg,Outlaw Star Ep 16: Demon of the Water Planet @ 00:15:37,https://animehistory.org/gallery/screencaps/outlaw-star/episode-16/,https://animehistory.org/gallery/screencaps/outlaw-star/episode-16/?page=3,3,2026-10-07T01:49:53.239257+00:00,5dda24ea8fa6fe3b736552d3407398b8abac0c0d4fad63dbfbb9ef7a4d061ec8,,UNVERIFIED
EP-16,Demon of the Water Planet,00:15:40,940,852312,https://animehistory.org/uploads/screencaps/outlaw-star-E016-Demon-of-the-Water-Planet/cap_00-15-40_191a.jpg,Outlaw Star Ep 16: Demon of the Water Planet @ 00:15:40,https://animehistory.org/gallery/screencaps/outlaw-star/episode-16/,https://animehistory.org/gallery/screencaps/outlaw-star/episode-16/?page=3,3,2026-10-07T01:49:53.239257+00:00,5dda24ea8fa6fe3b736552d3407398b8abac0c0d4fad63dbfbb9ef7a4d061ec8,,UNVERIFIED
EP-16,Demon of the Water Planet,00:15:44,944,852313,https://animehistory.org/uploads/screencaps/outlaw-star-E016-Demon-of-the-Water-Planet/cap_00-15-44_7509.jpg,Outlaw Star Ep 16: Demon of the Water Planet @ 00:15:44,https://animehistory.org/gallery/screencaps/outlaw-star/episode-16/,https://animehistory.org/gallery/screencaps/outlaw-star/episode-16/?page=3,3,2026-10-07T01:49:53.239257+00:00,5dda24ea8fa6fe3b736552d3407398b8abac0c0d4fad63dbfbb9ef7a4d061ec8,,UNVERIFIED
EP-16,Demon of the Water Planet,00:15:48,948,852314,https://animehistory.org/uploads/screencaps/outlaw-star-E016-Demon-of-the-Water-Planet/cap_00-15-48_7d0d.jpg,Outlaw Star Ep 16: Demon of the Water Planet @ 00:15:48,https://animehistory.org/gallery/screencaps/outlaw-star/episode-16/,https://animehistory.org/gallery/screencaps/outlaw-star/episode-16/?page=3,3,2026-10-07T01:49:53.239257+00:00,5dda24ea8fa6fe3b736552d3407398b8abac0c0d4fad63dbfbb9ef7a4d061ec8,,UNVERIFIED
EP-16,Demon of the Water Planet,00:15:51,951,852315,https://animehistory.org/uploads/screencaps/outlaw-star-E016-Demon-of-the-Water-Planet/cap_00-15-51_2a6b.jpg,Outlaw Star Ep 16: Demon of the Water Planet @ 00:15:51,https://animehistory.org/gallery/screencaps/outlaw-star/episode-16/,https://animehistory.org/gallery/screencaps/outlaw-star/episode-16/?page=3,3,2026-10-07T01:49:53.239257+00:00,5dda24ea8fa6fe3b736552d3407398b8abac0c0d4fad63dbfbb9ef7a4d061ec8,,UNVERIFIED
EP-16,Demon of the Water Planet,00:15:55,955,852316,https://animehistory.org/uploads/screencaps/outlaw-star-E016-Demon-of-the-Water-Planet/cap_00-15-55_286d.jpg,Outlaw Star Ep 16: Demon of the Water Planet @ 00:15:55,https://animehistory.org/gallery/screencaps/outlaw-star/episode-16/,https://animehistory.org/gallery/screencaps/outlaw-star/episode-16/?page=3,3,2026-10-07T01:49:53.239257+00:00,5dda24ea8fa6fe3b736552d3407398b8abac0c0d4fad63dbfbb9ef7a4d061ec8,,UNVERIFIED
EP-16,Demon of the Water Planet,00:15:59,959,852317,https://animehistory.org/uploads/screencaps/outlaw-star-E016-Demon-of-the-Water-Planet/cap_00-15-59_21f7.jpg,Outlaw Star Ep 16: Demon of the Water Planet @ 00:15:59,https://animehistory.org/gallery/screencaps/outlaw-star/episode-16/,https://animehistory.org/gallery/screencaps/outlaw-star/episode-16/?page=3,3,2026-10-07T01:49:53.239257+00:00,5dda24ea8fa6fe3b736552d3407398b8abac0c0d4fad63dbfbb9ef7a4d061ec8,,UNVERIFIED
EP-16,Demon of the Water Planet,00:16:02,962,852318,https://animehistory.org/uploads/screencaps/outlaw-star-E016-Demon-of-the-Water-Planet/cap_00-16-02_032a.jpg,Outlaw Star Ep 16: Demon of the Water Planet @ 00:16:02,https://animehistory.org/gallery/screencaps/outlaw-star/episode-16/,https://animehistory.org/gallery/screencaps/outlaw-star/episode-16/?page=3,3,2026-10-07T01:49:53.239257+00:00,5dda24ea8fa6fe3b736552d3407398b8abac0c0d4fad63dbfbb9ef7a4d061ec8,,UNVERIFIED
EP-16,Demon of the Water Planet,00:16:06,966,852319,https://animehistory.org/uploads/screencaps/outlaw-star-E016-Demon-of-the-Water-Planet/cap_00-16-06_62b8.jpg,Outlaw Star Ep 16: Demon of the Water Planet @ 00:16:06,https://animehistory.org/gallery/screencaps/outlaw-star/episode-16/,https://animehistory.org/gallery/screencaps/outlaw-star/episode-16/?page=3,3,2026-10-07T01:49:53.239257+00:00,5dda24ea8fa6fe3b736552d3407398b8abac0c0d4fad63dbfbb9ef7a4d061ec8,,UNVERIFIED
EP-16,Demon of the Water Planet,00:16:10,970,852320,https://animehistory.org/uploads/screencaps/outlaw-star-E016-Demon-of-the-Water-Planet/cap_00-16-10_71df.jpg,Outlaw Star Ep 16: Demon of the Water Planet @ 00:16:10,https://animehistory.org/gallery/screencaps/outlaw-star/episode-16/,https://animehistory.org/gallery/screencaps/outlaw-star/episode-16/?page=3,3,2026-10-07T01:49:53.239257+00:00,5dda24ea8fa6fe3b736552d3407398b8abac0c0d4fad63dbfbb9ef7a4d061ec8,,UNVERIFIED
EP-16,Demon of the Water Planet,00:16:13,973,852321,https://animehistory.org/uploads/screencaps/outlaw-star-E016-Demon-of-the-Water-Planet/cap_00-16-13_0e68.jpg,Outlaw Star Ep 16: Demon of the Water Planet @ 00:16:13,https://animehistory.org/gallery/screencaps/outlaw-star/episode-16/,https://animehistory.org/gallery/screencaps/outlaw-star/episode-16/?page=3,3,2026-10-07T01:49:53.239257+00:00,5dda24ea8fa6fe3b736552d3407398b8abac0c0d4fad63dbfbb9ef7a4d061ec8,,UNVERIFIED
EP-16,Demon of the Water Planet,00:16:17,977,852322,https://animehistory.org/uploads/screencaps/outlaw-star-E016-Demon-of-the-Water-Planet/cap_00-16-17_726f.jpg,Outlaw Star Ep 16: Demon of the Water Planet @ 00:16:17,https://animehistory.org/gallery/screencaps/outlaw-star/episode-16/,https://animehistory.org/gallery/screencaps/outlaw-star/episode-16/?page=3,3,2026-10-07T01:49:53.239257+00:00,5dda24ea8fa6fe3b736552d3407398b8abac0c0d4fad63dbfbb9ef7a4d061ec8,,UNVERIFIED
EP-16,Demon of the Water Planet,00:16:21,981,852323,https://animehistory.org/uploads/screencaps/outlaw-star-E016-Demon-of-the-Water-Planet/cap_00-16-21_1d34.jpg,Outlaw Star Ep 16: Demon of the Water Planet @ 00:16:21,https://animehistory.org/gallery/screencaps/outlaw-star/episode-16/,https://animehistory.org/gallery/screencaps/outlaw-star/episode-16/?page=3,3,2026-10-07T01:49:53.239257+00:00,5dda24ea8fa6fe3b736552d3407398b8abac0c0d4fad63dbfbb9ef7a4d061ec8,,UNVERIFIED
EP-16,Demon of the Water Planet,00:16:24,984,852324,https://animehistory.org/uploads/screencaps/outlaw-star-E016-Demon-of-the-Water-Planet/cap_00-16-24_47dc.jpg,Outlaw Star Ep 16: Demon of the Water Planet @ 00:16:24,https://animehistory.org/gallery/screencaps/outlaw-star/episode-16/,https://animehistory.org/gallery/screencaps/outlaw-star/episode-16/?page=3,3,2026-10-07T01:49:53.239257+00:00,5dda24ea8fa6fe3b736552d3407398b8abac0c0d4fad63dbfbb9ef7a4d061ec8,,UNVERIFIED
EP-16,Demon of the Water Planet,00:16:28,988,852325,https://animehistory.org/uploads/screencaps/outlaw-star-E016-Demon-of-the-Water-Planet/cap_00-16-28_4471.jpg,Outlaw Star Ep 16: Demon of the Water Planet @ 00:16:28,https://animehistory.org/gallery/screencaps/outlaw-star/episode-16/,https://animehistory.org/gallery/screencaps/outlaw-star/episode-16/?page=3,3,2026-10-07T01:49:53.239257+00:00,5dda24ea8fa6fe3b736552d3407398b8abac0c0d4fad63dbfbb9ef7a4d061ec8,,UNVERIFIED
EP-16,Demon of the Water Planet,00:16:32,992,852326,https://animehistory.org/uploads/screencaps/outlaw-star-E016-Demon-of-the-Water-Planet/cap_00-16-32_10a3.jpg,Outlaw Star Ep 16: Demon of the Water Planet @ 00:16:32,https://animehistory.org/gallery/screencaps/outlaw-star/episode-16/,https://animehistory.org/gallery/screencaps/outlaw-star/episode-16/?page=3,3,2026-10-07T01:49:53.239257+00:00,5dda24ea8fa6fe3b736552d3407398b8abac0c0d4fad63dbfbb9ef7a4d061ec8,,UNVERIFIED
EP-16,Demon of the Water Planet,00:16:35,995,852327,https://animehistory.org/uploads/screencaps/outlaw-star-E016-Demon-of-the-Water-Planet/cap_00-16-35_4043.jpg,Outlaw Star Ep 16: Demon of the Water Planet @ 00:16:35,https://animehistory.org/gallery/screencaps/outlaw-star/episode-16/,https://animehistory.org/gallery/screencaps/outlaw-star/episode-16/?page=3,3,2026-10-07T01:49:53.239257+00:00,5dda24ea8fa6fe3b736552d3407398b8abac0c0d4fad63dbfbb9ef7a4d061ec8,,UNVERIFIED
EP-16,Demon of the Water Planet,00:16:39,999,852328,https://animehistory.org/uploads/screencaps/outlaw-star-E016-Demon-of-the-Water-Planet/cap_00-16-39_0e35.jpg,Outlaw Star Ep 16: Demon of the Water Planet @ 00:16:39,https://animehistory.org/gallery/screencaps/outlaw-star/episode-16/,https://animehistory.org/gallery/screencaps/outlaw-star/episode-16/?page=3,3,2026-10-07T01:49:53.239257+00:00,5dda24ea8fa6fe3b736552d3407398b8abac0c0d4fad63dbfbb9ef7a4d061ec8,,UNVERIFIED
EP-16,Demon of the Water Planet,00:16:43,1003,852329,https://animehistory.org/uploads/screencaps/outlaw-star-E016-Demon-of-the-Water-Planet/cap_00-16-43_2760.jpg,Outlaw Star Ep 16: Demon of the Water Planet @ 00:16:43,https://animehistory.org/gallery/screencaps/outlaw-star/episode-16/,https://animehistory.org/gallery/screencaps/outlaw-star/episode-16/?page=3,3,2026-10-07T01:49:53.239257+00:00,5dda24ea8fa6fe3b736552d3407398b8abac0c0d4fad63dbfbb9ef7a4d061ec8,,UNVERIFIED
EP-16,Demon of the Water Planet,00:16:46,1006,852330,https://animehistory.org/uploads/screencaps/outlaw-star-E016-Demon-of-the-Water-Planet/cap_00-16-46_6489.jpg,Outlaw Star Ep 16: Demon of the Water Planet @ 00:16:46,https://animehistory.org/gallery/screencaps/outlaw-star/episode-16/,https://animehistory.org/gallery/screencaps/outlaw-star/episode-16/?page=3,3,2026-10-07T01:49:53.239257+00:00,5dda24ea8fa6fe3b736552d3407398b8abac0c0d4fad63dbfbb9ef7a4d061ec8,,UNVERIFIED
EP-16,Demon of the Water Planet,00:16:50,1010,852331,https://animehistory.org/uploads/screencaps/outlaw-star-E016-Demon-of-the-Water-Planet/cap_00-16-50_0c42.jpg,Outlaw Star Ep 16: Demon of the Water Planet @ 00:16:50,https://animehistory.org/gallery/screencaps/outlaw-star/episode-16/,https://animehistory.org/gallery/screencaps/outlaw-star/episode-16/?page=3,3,2026-10-07T01:49:53.239257+00:00,5dda24ea8fa6fe3b736552d3407398b8abac0c0d4fad63dbfbb9ef7a4d061ec8,,UNVERIFIED
EP-16,Demon of the Water Planet,00:16:54,1014,852332,https://animehistory.org/uploads/screencaps/outlaw-star-E016-Demon-of-the-Water-Planet/cap_00-16-54_2360.jpg,Outlaw Star Ep 16: Demon of the Water Planet @ 00:16:54,https://animehistory.org/gallery/screencaps/outlaw-star/episode-16/,https://animehistory.org/gallery/screencaps/outlaw-star/episode-16/?page=3,3,2026-10-07T01:49:53.239257+00:00,5dda24ea8fa6fe3b736552d3407398b8abac0c0d4fad63dbfbb9ef7a4d061ec8,,UNVERIFIED
EP-16,Demon of the Water Planet,00:16:57,1017,852333,https://animehistory.org/uploads/screencaps/outlaw-star-E016-Demon-of-the-Water-Planet/cap_00-16-57_6fca.jpg,Outlaw Star Ep 16: Demon of the Water Planet @ 00:16:57,https://animehistory.org/gallery/screencaps/outlaw-star/episode-16/,https://animehistory.org/gallery/screencaps/outlaw-star/episode-16/?page=3,3,2026-10-07T01:49:53.239257+00:00,5dda24ea8fa6fe3b736552d3407398b8abac0c0d4fad63dbfbb9ef7a4d061ec8,,UNVERIFIED
EP-16,Demon of the Water Planet,00:17:01,1021,852334,https://animehistory.org/uploads/screencaps/outlaw-star-E016-Demon-of-the-Water-Planet/cap_00-17-01_48db.jpg,Outlaw Star Ep 16: Demon of the Water Planet @ 00:17:01,https://animehistory.org/gallery/screencaps/outlaw-star/episode-16/,https://animehistory.org/gallery/screencaps/outlaw-star/episode-16/?page=3,3,2026-10-07T01:49:53.239257+00:00,5dda24ea8fa6fe3b736552d3407398b8abac0c0d4fad63dbfbb9ef7a4d061ec8,,UNVERIFIED
EP-16,Demon of the Water Planet,00:17:05,1025,852335,https://animehistory.org/uploads/screencaps/outlaw-star-E016-Demon-of-the-Water-Planet/cap_00-17-05_173f.jpg,Outlaw Star Ep 16: Demon of the Water Planet @ 00:17:05,https://animehistory.org/gallery/screencaps/outlaw-star/episode-16/,https://animehistory.org/gallery/screencaps/outlaw-star/episode-16/?page=3,3,2026-10-07T01:49:53.239257+00:00,5dda24ea8fa6fe3b736552d3407398b8abac0c0d4fad63dbfbb9ef7a4d061ec8,,UNVERIFIED
EP-16,Demon of the Water Planet,00:17:08,1028,852336,https://animehistory.org/uploads/screencaps/outlaw-star-E016-Demon-of-the-Water-Planet/cap_00-17-08_174f.jpg,Outlaw Star Ep 16: Demon of the Water Planet @ 00:17:08,https://animehistory.org/gallery/screencaps/outlaw-star/episode-16/,https://animehistory.org/gallery/screencaps/outlaw-star/episode-16/?page=3,3,2026-10-07T01:49:53.239257+00:00,5dda24ea8fa6fe3b736552d3407398b8abac0c0d4fad63dbfbb9ef7a4d061ec8,,UNVERIFIED
EP-16,Demon of the Water Planet,00:17:12,1032,852337,https://animehistory.org/uploads/screencaps/outlaw-star-E016-Demon-of-the-Water-Planet/cap_00-17-12_717a.jpg,Outlaw Star Ep 16: Demon of the Water Planet @ 00:17:12,https://animehistory.org/gallery/screencaps/outlaw-star/episode-16/,https://animehistory.org/gallery/screencaps/outlaw-star/episode-16/?page=3,3,2026-10-07T01:49:53.239257+00:00,5dda24ea8fa6fe3b736552d3407398b8abac0c0d4fad63dbfbb9ef7a4d061ec8,,UNVERIFIED
EP-16,Demon of the Water Planet,00:17:16,1036,852338,https://animehistory.org/uploads/screencaps/outlaw-star-E016-Demon-of-the-Water-Planet/cap_00-17-16_519f.jpg,Outlaw Star Ep 16: Demon of the Water Planet @ 00:17:16,https://animehistory.org/gallery/screencaps/outlaw-star/episode-16/,https://animehistory.org/gallery/screencaps/outlaw-star/episode-16/?page=3,3,2026-10-07T01:49:53.239257+00:00,5dda24ea8fa6fe3b736552d3407398b8abac0c0d4fad63dbfbb9ef7a4d061ec8,,UNVERIFIED
EP-16,Demon of the Water Planet,00:17:19,1039,852339,https://animehistory.org/uploads/screencaps/outlaw-star-E016-Demon-of-the-Water-Planet/cap_00-17-19_79d6.jpg,Outlaw Star Ep 16: Demon of the Water Planet @ 00:17:19,https://animehistory.org/gallery/screencaps/outlaw-star/episode-16/,https://animehistory.org/gallery/screencaps/outlaw-star/episode-16/?page=3,3,2026-10-07T01:49:53.239257+00:00,5dda24ea8fa6fe3b736552d3407398b8abac0c0d4fad63dbfbb9ef7a4d061ec8,,UNVERIFIED
EP-16,Demon of the Water Planet,00:17:23,1043,852340,https://animehistory.org/uploads/screencaps/outlaw-star-E016-Demon-of-the-Water-Planet/cap_00-17-23_2361.jpg,Outlaw Star Ep 16: Demon of the Water Planet @ 00:17:23,https://animehistory.org/gallery/screencaps/outlaw-star/episode-16/,https://animehistory.org/gallery/screencaps/outlaw-star/episode-16/?page=3,3,2026-10-07T01:49:53.239257+00:00,5dda24ea8fa6fe3b736552d3407398b8abac0c0d4fad63dbfbb9ef7a4d061ec8,,UNVERIFIED
EP-16,Demon of the Water Planet,00:17:26,1046,852341,https://animehistory.org/uploads/screencaps/outlaw-star-E016-Demon-of-the-Water-Planet/cap_00-17-26_0c85.jpg,Outlaw Star Ep 16: Demon of the Water Planet @ 00:17:26,https://animehistory.org/gallery/screencaps/outlaw-star/episode-16/,https://animehistory.org/gallery/screencaps/outlaw-star/episode-16/?page=3,3,2026-10-07T01:49:53.239257+00:00,5dda24ea8fa6fe3b736552d3407398b8abac0c0d4fad63dbfbb9ef7a4d061ec8,,UNVERIFIED
EP-16,Demon of the Water Planet,00:17:30,1050,852342,https://animehistory.org/uploads/screencaps/outlaw-star-E016-Demon-of-the-Water-Planet/cap_00-17-30_0088.jpg,Outlaw Star Ep 16: Demon of the Water Planet @ 00:17:30,https://animehistory.org/gallery/screencaps/outlaw-star/episode-16/,https://animehistory.org/gallery/screencaps/outlaw-star/episode-16/?page=3,3,2026-10-07T01:49:53.239257+00:00,5dda24ea8fa6fe3b736552d3407398b8abac0c0d4fad63dbfbb9ef7a4d061ec8,,UNVERIFIED
EP-16,Demon of the Water Planet,00:17:34,1054,852343,https://animehistory.org/uploads/screencaps/outlaw-star-E016-Demon-of-the-Water-Planet/cap_00-17-34_2449.jpg,Outlaw Star Ep 16: Demon of the Water Planet @ 00:17:34,https://animehistory.org/gallery/screencaps/outlaw-star/episode-16/,https://animehistory.org/gallery/screencaps/outlaw-star/episode-16/?page=3,3,2026-10-07T01:49:53.239257+00:00,5dda24ea8fa6fe3b736552d3407398b8abac0c0d4fad63dbfbb9ef7a4d061ec8,,UNVERIFIED
EP-16,Demon of the Water Planet,00:17:37,1057,852344,https://animehistory.org/uploads/screencaps/outlaw-star-E016-Demon-of-the-Water-Planet/cap_00-17-37_25f2.jpg,Outlaw Star Ep 16: Demon of the Water Planet @ 00:17:37,https://animehistory.org/gallery/screencaps/outlaw-star/episode-16/,https://animehistory.org/gallery/screencaps/outlaw-star/episode-16/?page=3,3,2026-10-07T01:49:53.239257+00:00,5dda24ea8fa6fe3b736552d3407398b8abac0c0d4fad63dbfbb9ef7a4d061ec8,,UNVERIFIED
EP-16,Demon of the Water Planet,00:17:41,1061,852345,https://animehistory.org/uploads/screencaps/outlaw-star-E016-Demon-of-the-Water-Planet/cap_00-17-41_426b.jpg,Outlaw Star Ep 16: Demon of the Water Planet @ 00:17:41,https://animehistory.org/gallery/screencaps/outlaw-star/episode-16/,https://animehistory.org/gallery/screencaps/outlaw-star/episode-16/?page=3,3,2026-10-07T01:49:53.239257+00:00,5dda24ea8fa6fe3b736552d3407398b8abac0c0d4fad63dbfbb9ef7a4d061ec8,,UNVERIFIED
EP-16,Demon of the Water Planet,00:17:45,1065,852346,https://animehistory.org/uploads/screencaps/outlaw-star-E016-Demon-of-the-Water-Planet/cap_00-17-45_5e50.jpg,Outlaw Star Ep 16: Demon of the Water Planet @ 00:17:45,https://animehistory.org/gallery/screencaps/outlaw-star/episode-16/,https://animehistory.org/gallery/screencaps/outlaw-star/episode-16/?page=3,3,2026-10-07T01:49:53.239257+00:00,5dda24ea8fa6fe3b736552d3407398b8abac0c0d4fad63dbfbb9ef7a4d061ec8,,UNVERIFIED
EP-16,Demon of the Water Planet,00:17:48,1068,852347,https://animehistory.org/uploads/screencaps/outlaw-star-E016-Demon-of-the-Water-Planet/cap_00-17-48_0eb6.jpg,Outlaw Star Ep 16: Demon of the Water Planet @ 00:17:48,https://animehistory.org/gallery/screencaps/outlaw-star/episode-16/,https://animehistory.org/gallery/screencaps/outlaw-star/episode-16/?page=3,3,2026-10-07T01:49:53.239257+00:00,5dda24ea8fa6fe3b736552d3407398b8abac0c0d4fad63dbfbb9ef7a4d061ec8,,UNVERIFIED
EP-16,Demon of the Water Planet,00:17:52,1072,852348,https://animehistory.org/uploads/screencaps/outlaw-star-E016-Demon-of-the-Water-Planet/cap_00-17-52_767e.jpg,Outlaw Star Ep 16: Demon of the Water Planet @ 00:17:52,https://animehistory.org/gallery/screencaps/outlaw-star/episode-16/,https://animehistory.org/gallery/screencaps/outlaw-star/episode-16/?page=3,3,2026-10-07T01:49:53.239257+00:00,5dda24ea8fa6fe3b736552d3407398b8abac0c0d4fad63dbfbb9ef7a4d061ec8,,UNVERIFIED
EP-16,Demon of the Water Planet,00:17:56,1076,852349,https://animehistory.org/uploads/screencaps/outlaw-star-E016-Demon-of-the-Water-Planet/cap_00-17-56_65ed.jpg,Outlaw Star Ep 16: Demon of the Water Planet @ 00:17:56,https://animehistory.org/gallery/screencaps/outlaw-star/episode-16/,https://animehistory.org/gallery/screencaps/outlaw-star/episode-16/?page=3,3,2026-10-07T01:49:53.239257+00:00,5dda24ea8fa6fe3b736552d3407398b8abac0c0d4fad63dbfbb9ef7a4d061ec8,,UNVERIFIED
EP-16,Demon of the Water Planet,00:17:59,1079,852350,https://animehistory.org/uploads/screencaps/outlaw-star-E016-Demon-of-the-Water-Planet/cap_00-17-59_19b4.jpg,Outlaw Star Ep 16: Demon of the Water Planet @ 00:17:59,https://animehistory.org/gallery/screencaps/outlaw-star/episode-16/,https://animehistory.org/gallery/screencaps/outlaw-star/episode-16/?page=3,3,2026-10-07T01:49:53.239257+00:00,5dda24ea8fa6fe3b736552d3407398b8abac0c0d4fad63dbfbb9ef7a4d061ec8,,UNVERIFIED
EP-16,Demon of the Water Planet,00:18:03,1083,852351,https://animehistory.org/uploads/screencaps/outlaw-star-E016-Demon-of-the-Water-Planet/cap_00-18-03_4559.jpg,Outlaw Star Ep 16: Demon of the Water Planet @ 00:18:03,https://animehistory.org/gallery/screencaps/outlaw-star/episode-16/,https://animehistory.org/gallery/screencaps/outlaw-star/episode-16/?page=3,3,2026-10-07T01:49:53.239257+00:00,5dda24ea8fa6fe3b736552d3407398b8abac0c0d4fad63dbfbb9ef7a4d061ec8,,UNVERIFIED
EP-16,Demon of the Water Planet,00:18:07,1087,852352,https://animehistory.org/uploads/screencaps/outlaw-star-E016-Demon-of-the-Water-Planet/cap_00-18-07_6b6d.jpg,Outlaw Star Ep 16: Demon of the Water Planet @ 00:18:07,https://animehistory.org/gallery/screencaps/outlaw-star/episode-16/,https://animehistory.org/gallery/screencaps/outlaw-star/episode-16/?page=3,3,2026-10-07T01:49:53.239257+00:00,5dda24ea8fa6fe3b736552d3407398b8abac0c0d4fad63dbfbb9ef7a4d061ec8,,UNVERIFIED
EP-16,Demon of the Water Planet,00:18:10,1090,852353,https://animehistory.org/uploads/screencaps/outlaw-star-E016-Demon-of-the-Water-Planet/cap_00-18-10_7e85.jpg,Outlaw Star Ep 16: Demon of the Water Planet @ 00:18:10,https://animehistory.org/gallery/screencaps/outlaw-star/episode-16/,https://animehistory.org/gallery/screencaps/outlaw-star/episode-16/?page=3,3,2026-10-07T01:49:53.239257+00:00,5dda24ea8fa6fe3b736552d3407398b8abac0c0d4fad63dbfbb9ef7a4d061ec8,,UNVERIFIED
EP-16,Demon of the Water Planet,00:18:14,1094,852354,https://animehistory.org/uploads/screencaps/outlaw-star-E016-Demon-of-the-Water-Planet/cap_00-18-14_6256.jpg,Outlaw Star Ep 16: Demon of the Water Planet @ 00:18:14,https://animehistory.org/gallery/screencaps/outlaw-star/episode-16/,https://animehistory.org/gallery/screencaps/outlaw-star/episode-16/?page=3,3,2026-10-07T01:49:53.239257+00:00,5dda24ea8fa6fe3b736552d3407398b8abac0c0d4fad63dbfbb9ef7a4d061ec8,,UNVERIFIED
EP-16,Demon of the Water Planet,00:18:18,1098,852355,https://animehistory.org/uploads/screencaps/outlaw-star-E016-Demon-of-the-Water-Planet/cap_00-18-18_1029.jpg,Outlaw Star Ep 16: Demon of the Water Planet @ 00:18:18,https://animehistory.org/gallery/screencaps/outlaw-star/episode-16/,https://animehistory.org/gallery/screencaps/outlaw-star/episode-16/?page=3,3,2026-10-07T01:49:53.239257+00:00,5dda24ea8fa6fe3b736552d3407398b8abac0c0d4fad63dbfbb9ef7a4d061ec8,,UNVERIFIED
EP-16,Demon of the Water Planet,00:18:21,1101,852356,https://animehistory.org/uploads/screencaps/outlaw-star-E016-Demon-of-the-Water-Planet/cap_00-18-21_141e.jpg,Outlaw Star Ep 16: Demon of the Water Planet @ 00:18:21,https://animehistory.org/gallery/screencaps/outlaw-star/episode-16/,https://animehistory.org/gallery/screencaps/outlaw-star/episode-16/?page=3,3,2026-10-07T01:49:53.239257+00:00,5dda24ea8fa6fe3b736552d3407398b8abac0c0d4fad63dbfbb9ef7a4d061ec8,,UNVERIFIED
EP-16,Demon of the Water Planet,00:18:25,1105,852357,https://animehistory.org/uploads/screencaps/outlaw-star-E016-Demon-of-the-Water-Planet/cap_00-18-25_1bb7.jpg,Outlaw Star Ep 16: Demon of the Water Planet @ 00:18:25,https://animehistory.org/gallery/screencaps/outlaw-star/episode-16/,https://animehistory.org/gallery/screencaps/outlaw-star/episode-16/?page=3,3,2026-10-07T01:49:53.239257+00:00,5dda24ea8fa6fe3b736552d3407398b8abac0c0d4fad63dbfbb9ef7a4d061ec8,,UNVERIFIED
EP-16,Demon of the Water Planet,00:18:29,1109,852358,https://animehistory.org/uploads/screencaps/outlaw-star-E016-Demon-of-the-Water-Planet/cap_00-18-29_2e7e.jpg,Outlaw Star Ep 16: Demon of the Water Planet @ 00:18:29,https://animehistory.org/gallery/screencaps/outlaw-star/episode-16/,https://animehistory.org/gallery/screencaps/outlaw-star/episode-16/?page=3,3,2026-10-07T01:49:53.239257+00:00,5dda24ea8fa6fe3b736552d3407398b8abac0c0d4fad63dbfbb9ef7a4d061ec8,,UNVERIFIED
EP-16,Demon of the Water Planet,00:18:32,1112,852359,https://animehistory.org/uploads/screencaps/outlaw-star-E016-Demon-of-the-Water-Planet/cap_00-18-32_2707.jpg,Outlaw Star Ep 16: Demon of the Water Planet @ 00:18:32,https://animehistory.org/gallery/screencaps/outlaw-star/episode-16/,https://animehistory.org/gallery/screencaps/outlaw-star/episode-16/?page=3,3,2026-10-07T01:49:53.239257+00:00,5dda24ea8fa6fe3b736552d3407398b8abac0c0d4fad63dbfbb9ef7a4d061ec8,,UNVERIFIED
EP-16,Demon of the Water Planet,00:18:36,1116,852360,https://animehistory.org/uploads/screencaps/outlaw-star-E016-Demon-of-the-Water-Planet/cap_00-18-36_0d8c.jpg,Outlaw Star Ep 16: Demon of the Water Planet @ 00:18:36,https://animehistory.org/gallery/screencaps/outlaw-star/episode-16/,https://animehistory.org/gallery/screencaps/outlaw-star/episode-16/?page=3,3,2026-10-07T01:49:53.239257+00:00,5dda24ea8fa6fe3b736552d3407398b8abac0c0d4fad63dbfbb9ef7a4d061ec8,,UNVERIFIED
EP-16,Demon of the Water Planet,00:18:40,1120,852361,https://animehistory.org/uploads/screencaps/outlaw-star-E016-Demon-of-the-Water-Planet/cap_00-18-40_5b89.jpg,Outlaw Star Ep 16: Demon of the Water Planet @ 00:18:40,https://animehistory.org/gallery/screencaps/outlaw-star/episode-16/,https://animehistory.org/gallery/screencaps/outlaw-star/episode-16/?page=3,3,2026-10-07T01:49:53.239257+00:00,5dda24ea8fa6fe3b736552d3407398b8abac0c0d4fad63dbfbb9ef7a4d061ec8,,UNVERIFIED
EP-16,Demon of the Water Planet,00:18:43,1123,852362,https://animehistory.org/uploads/screencaps/outlaw-star-E016-Demon-of-the-Water-Planet/cap_00-18-43_1dda.jpg,Outlaw Star Ep 16: Demon of the Water Planet @ 00:18:43,https://animehistory.org/gallery/screencaps/outlaw-star/episode-16/,https://animehistory.org/gallery/screencaps/outlaw-star/episode-16/?page=3,3,2026-10-07T01:49:53.239257+00:00,5dda24ea8fa6fe3b736552d3407398b8abac0c0d4fad63dbfbb9ef7a4d061ec8,,UNVERIFIED
EP-16,Demon of the Water Planet,00:18:47,1127,852363,https://animehistory.org/uploads/screencaps/outlaw-star-E016-Demon-of-the-Water-Planet/cap_00-18-47_44f0.jpg,Outlaw Star Ep 16: Demon of the Water Planet @ 00:18:47,https://animehistory.org/gallery/screencaps/outlaw-star/episode-16/,https://animehistory.org/gallery/screencaps/outlaw-star/episode-16/?page=3,3,2026-10-07T01:49:53.239257+00:00,5dda24ea8fa6fe3b736552d3407398b8abac0c0d4fad63dbfbb9ef7a4d061ec8,,UNVERIFIED
EP-16,Demon of the Water Planet,00:18:51,1131,852364,https://animehistory.org/uploads/screencaps/outlaw-star-E016-Demon-of-the-Water-Planet/cap_00-18-51_10b1.jpg,Outlaw Star Ep 16: Demon of the Water Planet @ 00:18:51,https://animehistory.org/gallery/screencaps/outlaw-star/episode-16/,https://animehistory.org/gallery/screencaps/outlaw-star/episode-16/?page=3,3,2026-10-07T01:49:53.239257+00:00,5dda24ea8fa6fe3b736552d3407398b8abac0c0d4fad63dbfbb9ef7a4d061ec8,,UNVERIFIED
EP-16,Demon of the Water Planet,00:18:54,1134,852365,https://animehistory.org/uploads/screencaps/outlaw-star-E016-Demon-of-the-Water-Planet/cap_00-18-54_00e1.jpg,Outlaw Star Ep 16: Demon of the Water Planet @ 00:18:54,https://animehistory.org/gallery/screencaps/outlaw-star/episode-16/,https://animehistory.org/gallery/screencaps/outlaw-star/episode-16/?page=3,3,2026-10-07T01:49:53.239257+00:00,5dda24ea8fa6fe3b736552d3407398b8abac0c0d4fad63dbfbb9ef7a4d061ec8,,UNVERIFIED
EP-16,Demon of the Water Planet,00:18:58,1138,852366,https://animehistory.org/uploads/screencaps/outlaw-star-E016-Demon-of-the-Water-Planet/cap_00-18-58_4d80.jpg,Outlaw Star Ep 16: Demon of the Water Planet @ 00:18:58,https://animehistory.org/gallery/screencaps/outlaw-star/episode-16/,https://animehistory.org/gallery/screencaps/outlaw-star/episode-16/?page=3,3,2026-10-07T01:49:53.239257+00:00,5dda24ea8fa6fe3b736552d3407398b8abac0c0d4fad63dbfbb9ef7a4d061ec8,,UNVERIFIED
EP-16,Demon of the Water Planet,00:19:02,1142,852367,https://animehistory.org/uploads/screencaps/outlaw-star-E016-Demon-of-the-Water-Planet/cap_00-19-02_0ad5.jpg,Outlaw Star Ep 16: Demon of the Water Planet @ 00:19:02,https://animehistory.org/gallery/screencaps/outlaw-star/episode-16/,https://animehistory.org/gallery/screencaps/outlaw-star/episode-16/?page=3,3,2026-10-07T01:49:53.239257+00:00,5dda24ea8fa6fe3b736552d3407398b8abac0c0d4fad63dbfbb9ef7a4d061ec8,,UNVERIFIED
EP-16,Demon of the Water Planet,00:19:05,1145,852368,https://animehistory.org/uploads/screencaps/outlaw-star-E016-Demon-of-the-Water-Planet/cap_00-19-05_79d4.jpg,Outlaw Star Ep 16: Demon of the Water Planet @ 00:19:05,https://animehistory.org/gallery/screencaps/outlaw-star/episode-16/,https://animehistory.org/gallery/screencaps/outlaw-star/episode-16/?page=3,3,2026-10-07T01:49:53.239257+00:00,5dda24ea8fa6fe3b736552d3407398b8abac0c0d4fad63dbfbb9ef7a4d061ec8,,UNVERIFIED
EP-16,Demon of the Water Planet,00:19:09,1149,852369,https://animehistory.org/uploads/screencaps/outlaw-star-E016-Demon-of-the-Water-Planet/cap_00-19-09_514a.jpg,Outlaw Star Ep 16: Demon of the Water Planet @ 00:19:09,https://animehistory.org/gallery/screencaps/outlaw-star/episode-16/,https://animehistory.org/gallery/screencaps/outlaw-star/episode-16/?page=3,3,2026-10-07T01:49:53.239257+00:00,5dda24ea8fa6fe3b736552d3407398b8abac0c0d4fad63dbfbb9ef7a4d061ec8,,UNVERIFIED
EP-16,Demon of the Water Planet,00:19:13,1153,852370,https://animehistory.org/uploads/screencaps/outlaw-star-E016-Demon-of-the-Water-Planet/cap_00-19-13_4e8c.jpg,Outlaw Star Ep 16: Demon of the Water Planet @ 00:19:13,https://animehistory.org/gallery/screencaps/outlaw-star/episode-16/,https://animehistory.org/gallery/screencaps/outlaw-star/episode-16/?page=3,3,2026-10-07T01:49:53.239257+00:00,5dda24ea8fa6fe3b736552d3407398b8abac0c0d4fad63dbfbb9ef7a4d061ec8,,UNVERIFIED
EP-16,Demon of the Water Planet,00:19:16,1156,852371,https://animehistory.org/uploads/screencaps/outlaw-star-E016-Demon-of-the-Water-Planet/cap_00-19-16_7fe0.jpg,Outlaw Star Ep 16: Demon of the Water Planet @ 00:19:16,https://animehistory.org/gallery/screencaps/outlaw-star/episode-16/,https://animehistory.org/gallery/screencaps/outlaw-star/episode-16/?page=3,3,2026-10-07T01:49:53.239257+00:00,5dda24ea8fa6fe3b736552d3407398b8abac0c0d4fad63dbfbb9ef7a4d061ec8,,UNVERIFIED
EP-16,Demon of the Water Planet,00:19:20,1160,852372,https://animehistory.org/uploads/screencaps/outlaw-star-E016-Demon-of-the-Water-Planet/cap_00-19-20_23fd.jpg,Outlaw Star Ep 16: Demon of the Water Planet @ 00:19:20,https://animehistory.org/gallery/screencaps/outlaw-star/episode-16/,https://animehistory.org/gallery/screencaps/outlaw-star/episode-16/?page=3,3,2026-10-07T01:49:53.239257+00:00,5dda24ea8fa6fe3b736552d3407398b8abac0c0d4fad63dbfbb9ef7a4d061ec8,,UNVERIFIED
EP-16,Demon of the Water Planet,00:19:23,1163,852373,https://animehistory.org/uploads/screencaps/outlaw-star-E016-Demon-of-the-Water-Planet/cap_00-19-23_1406.jpg,Outlaw Star Ep 16: Demon of the Water Planet @ 00:19:23,https://animehistory.org/gallery/screencaps/outlaw-star/episode-16/,https://animehistory.org/gallery/screencaps/outlaw-star/episode-16/?page=3,3,2026-10-07T01:49:53.239257+00:00,5dda24ea8fa6fe3b736552d3407398b8abac0c0d4fad63dbfbb9ef7a4d061ec8,,UNVERIFIED
EP-16,Demon of the Water Planet,00:19:27,1167,852374,https://animehistory.org/uploads/screencaps/outlaw-star-E016-Demon-of-the-Water-Planet/cap_00-19-27_17ab.jpg,Outlaw Star Ep 16: Demon of the Water Planet @ 00:19:27,https://animehistory.org/gallery/screencaps/outlaw-star/episode-16/,https://animehistory.org/gallery/screencaps/outlaw-star/episode-16/?page=3,3,2026-10-07T01:49:53.239257+00:00,5dda24ea8fa6fe3b736552d3407398b8abac0c0d4fad63dbfbb9ef7a4d061ec8,,UNVERIFIED
EP-16,Demon of the Water Planet,00:19:31,1171,852375,https://animehistory.org/uploads/screencaps/outlaw-star-E016-Demon-of-the-Water-Planet/cap_00-19-31_5dc8.jpg,Outlaw Star Ep 16: Demon of the Water Planet @ 00:19:31,https://animehistory.org/gallery/screencaps/outlaw-star/episode-16/,https://animehistory.org/gallery/screencaps/outlaw-star/episode-16/?page=3,3,2026-10-07T01:49:53.239257+00:00,5dda24ea8fa6fe3b736552d3407398b8abac0c0d4fad63dbfbb9ef7a4d061ec8,,UNVERIFIED
EP-16,Demon of the Water Planet,00:19:34,1174,852376,https://animehistory.org/uploads/screencaps/outlaw-star-E016-Demon-of-the-Water-Planet/cap_00-19-34_5fd5.jpg,Outlaw Star Ep 16: Demon of the Water Planet @ 00:19:34,https://animehistory.org/gallery/screencaps/outlaw-star/episode-16/,https://animehistory.org/gallery/screencaps/outlaw-star/episode-16/?page=3,3,2026-10-07T01:49:53.239257+00:00,5dda24ea8fa6fe3b736552d3407398b8abac0c0d4fad63dbfbb9ef7a4d061ec8,,UNVERIFIED
EP-16,Demon of the Water Planet,00:19:38,1178,852377,https://animehistory.org/uploads/screencaps/outlaw-star-E016-Demon-of-the-Water-Planet/cap_00-19-38_3f3a.jpg,Outlaw Star Ep 16: Demon of the Water Planet @ 00:19:38,https://animehistory.org/gallery/screencaps/outlaw-star/episode-16/,https://animehistory.org/gallery/screencaps/outlaw-star/episode-16/?page=3,3,2026-10-07T01:49:53.239257+00:00,5dda24ea8fa6fe3b736552d3407398b8abac0c0d4fad63dbfbb9ef7a4d061ec8,,UNVERIFIED
EP-16,Demon of the Water Planet,00:19:42,1182,852378,https://animehistory.org/uploads/screencaps/outlaw-star-E016-Demon-of-the-Water-Planet/cap_00-19-42_7edc.jpg,Outlaw Star Ep 16: Demon of the Water Planet @ 00:19:42,https://animehistory.org/gallery/screencaps/outlaw-star/episode-16/,https://animehistory.org/gallery/screencaps/outlaw-star/episode-16/?page=3,3,2026-10-07T01:49:53.239257+00:00,5dda24ea8fa6fe3b736552d3407398b8abac0c0d4fad63dbfbb9ef7a4d061ec8,,UNVERIFIED
EP-16,Demon of the Water Planet,00:19:45,1185,852379,https://animehistory.org/uploads/screencaps/outlaw-star-E016-Demon-of-the-Water-Planet/cap_00-19-45_6d0e.jpg,Outlaw Star Ep 16: Demon of the Water Planet @ 00:19:45,https://animehistory.org/gallery/screencaps/outlaw-star/episode-16/,https://animehistory.org/gallery/screencaps/outlaw-star/episode-16/?page=3,3,2026-10-07T01:49:53.239257+00:00,5dda24ea8fa6fe3b736552d3407398b8abac0c0d4fad63dbfbb9ef7a4d061ec8,,UNVERIFIED
EP-16,Demon of the Water Planet,00:19:49,1189,852380,https://animehistory.org/uploads/screencaps/outlaw-star-E016-Demon-of-the-Water-Planet/cap_00-19-49_338e.jpg,Outlaw Star Ep 16: Demon of the Water Planet @ 00:19:49,https://animehistory.org/gallery/screencaps/outlaw-star/episode-16/,https://animehistory.org/gallery/screencaps/outlaw-star/episode-16/?page=3,3,2026-10-07T01:49:53.239257+00:00,5dda24ea8fa6fe3b736552d3407398b8abac0c0d4fad63dbfbb9ef7a4d061ec8,,UNVERIFIED
EP-16,Demon of the Water Planet,00:19:53,1193,852381,https://animehistory.org/uploads/screencaps/outlaw-star-E016-Demon-of-the-Water-Planet/cap_00-19-53_278b.jpg,Outlaw Star Ep 16: Demon of the Water Planet @ 00:19:53,https://animehistory.org/gallery/screencaps/outlaw-star/episode-16/,https://animehistory.org/gallery/screencaps/outlaw-star/episode-16/?page=3,3,2026-10-07T01:49:53.239257+00:00,5dda24ea8fa6fe3b736552d3407398b8abac0c0d4fad63dbfbb9ef7a4d061ec8,,UNVERIFIED
EP-16,Demon of the Water Planet,00:19:56,1196,852382,https://animehistory.org/uploads/screencaps/outlaw-star-E016-Demon-of-the-Water-Planet/cap_00-19-56_3c12.jpg,Outlaw Star Ep 16: Demon of the Water Planet @ 00:19:56,https://animehistory.org/gallery/screencaps/outlaw-star/episode-16/,https://animehistory.org/gallery/screencaps/outlaw-star/episode-16/?page=3,3,2026-10-07T01:49:53.239257+00:00,5dda24ea8fa6fe3b736552d3407398b8abac0c0d4fad63dbfbb9ef7a4d061ec8,,UNVERIFIED
EP-16,Demon of the Water Planet,00:20:00,1200,852383,https://animehistory.org/uploads/screencaps/outlaw-star-E016-Demon-of-the-Water-Planet/cap_00-20-00_7eeb.jpg,Outlaw Star Ep 16: Demon of the Water Planet @ 00:20:00,https://animehistory.org/gallery/screencaps/outlaw-star/episode-16/,https://animehistory.org/gallery/screencaps/outlaw-star/episode-16/?page=4,4,2026-10-07T01:49:54.436608+00:00,d3c187f5011b9d0584b2dc25339a29dc0fef526e526439dda9e0ba0b3054941f,,UNVERIFIED
EP-16,Demon of the Water Planet,00:20:04,1204,852384,https://animehistory.org/uploads/screencaps/outlaw-star-E016-Demon-of-the-Water-Planet/cap_00-20-04_51e7.jpg,Outlaw Star Ep 16: Demon of the Water Planet @ 00:20:04,https://animehistory.org/gallery/screencaps/outlaw-star/episode-16/,https://animehistory.org/gallery/screencaps/outlaw-star/episode-16/?page=4,4,2026-10-07T01:49:54.436608+00:00,d3c187f5011b9d0584b2dc25339a29dc0fef526e526439dda9e0ba0b3054941f,,UNVERIFIED
EP-16,Demon of the Water Planet,00:20:07,1207,852385,https://animehistory.org/uploads/screencaps/outlaw-star-E016-Demon-of-the-Water-Planet/cap_00-20-07_6841.jpg,Outlaw Star Ep 16: Demon of the Water Planet @ 00:20:07,https://animehistory.org/gallery/screencaps/outlaw-star/episode-16/,https://animehistory.org/gallery/screencaps/outlaw-star/episode-16/?page=4,4,2026-10-07T01:49:54.436608+00:00,d3c187f5011b9d0584b2dc25339a29dc0fef526e526439dda9e0ba0b3054941f,,UNVERIFIED
EP-16,Demon of the Water Planet,00:20:11,1211,852386,https://animehistory.org/uploads/screencaps/outlaw-star-E016-Demon-of-the-Water-Planet/cap_00-20-11_60d3.jpg,Outlaw Star Ep 16: Demon of the Water Planet @ 00:20:11,https://animehistory.org/gallery/screencaps/outlaw-star/episode-16/,https://animehistory.org/gallery/screencaps/outlaw-star/episode-16/?page=4,4,2026-10-07T01:49:54.436608+00:00,d3c187f5011b9d0584b2dc25339a29dc0fef526e526439dda9e0ba0b3054941f,,UNVERIFIED
EP-16,Demon of the Water Planet,00:20:15,1215,852387,https://animehistory.org/uploads/screencaps/outlaw-star-E016-Demon-of-the-Water-Planet/cap_00-20-15_41d7.jpg,Outlaw Star Ep 16: Demon of the Water Planet @ 00:20:15,https://animehistory.org/gallery/screencaps/outlaw-star/episode-16/,https://animehistory.org/gallery/screencaps/outlaw-star/episode-16/?page=4,4,2026-10-07T01:49:54.436608+00:00,d3c187f5011b9d0584b2dc25339a29dc0fef526e526439dda9e0ba0b3054941f,,UNVERIFIED
EP-16,Demon of the Water Planet,00:20:18,1218,852388,https://animehistory.org/uploads/screencaps/outlaw-star-E016-Demon-of-the-Water-Planet/cap_00-20-18_54e7.jpg,Outlaw Star Ep 16: Demon of the Water Planet @ 00:20:18,https://animehistory.org/gallery/screencaps/outlaw-star/episode-16/,https://animehistory.org/gallery/screencaps/outlaw-star/episode-16/?page=4,4,2026-10-07T01:49:54.436608+00:00,d3c187f5011b9d0584b2dc25339a29dc0fef526e526439dda9e0ba0b3054941f,,UNVERIFIED
EP-16,Demon of the Water Planet,00:20:22,1222,852389,https://animehistory.org/uploads/screencaps/outlaw-star-E016-Demon-of-the-Water-Planet/cap_00-20-22_2a9f.jpg,Outlaw Star Ep 16: Demon of the Water Planet @ 00:20:22,https://animehistory.org/gallery/screencaps/outlaw-star/episode-16/,https://animehistory.org/gallery/screencaps/outlaw-star/episode-16/?page=4,4,2026-10-07T01:49:54.436608+00:00,d3c187f5011b9d0584b2dc25339a29dc0fef526e526439dda9e0ba0b3054941f,,UNVERIFIED
EP-16,Demon of the Water Planet,00:20:26,1226,852390,https://animehistory.org/uploads/screencaps/outlaw-star-E016-Demon-of-the-Water-Planet/cap_00-20-26_53ba.jpg,Outlaw Star Ep 16: Demon of the Water Planet @ 00:20:26,https://animehistory.org/gallery/screencaps/outlaw-star/episode-16/,https://animehistory.org/gallery/screencaps/outlaw-star/episode-16/?page=4,4,2026-10-07T01:49:54.436608+00:00,d3c187f5011b9d0584b2dc25339a29dc0fef526e526439dda9e0ba0b3054941f,,UNVERIFIED
EP-16,Demon of the Water Planet,00:20:29,1229,852391,https://animehistory.org/uploads/screencaps/outlaw-star-E016-Demon-of-the-Water-Planet/cap_00-20-29_1ef5.jpg,Outlaw Star Ep 16: Demon of the Water Planet @ 00:20:29,https://animehistory.org/gallery/screencaps/outlaw-star/episode-16/,https://animehistory.org/gallery/screencaps/outlaw-star/episode-16/?page=4,4,2026-10-07T01:49:54.436608+00:00,d3c187f5011b9d0584b2dc25339a29dc0fef526e526439dda9e0ba0b3054941f,,UNVERIFIED
EP-16,Demon of the Water Planet,00:20:33,1233,852392,https://animehistory.org/uploads/screencaps/outlaw-star-E016-Demon-of-the-Water-Planet/cap_00-20-33_6083.jpg,Outlaw Star Ep 16: Demon of the Water Planet @ 00:20:33,https://animehistory.org/gallery/screencaps/outlaw-star/episode-16/,https://animehistory.org/gallery/screencaps/outlaw-star/episode-16/?page=4,4,2026-10-07T01:49:54.436608+00:00,d3c187f5011b9d0584b2dc25339a29dc0fef526e526439dda9e0ba0b3054941f,,UNVERIFIED
EP-16,Demon of the Water Planet,00:20:37,1237,852393,https://animehistory.org/uploads/screencaps/outlaw-star-E016-Demon-of-the-Water-Planet/cap_00-20-37_21d2.jpg,Outlaw Star Ep 16: Demon of the Water Planet @ 00:20:37,https://animehistory.org/gallery/screencaps/outlaw-star/episode-16/,https://animehistory.org/gallery/screencaps/outlaw-star/episode-16/?page=4,4,2026-10-07T01:49:54.436608+00:00,d3c187f5011b9d0584b2dc25339a29dc0fef526e526439dda9e0ba0b3054941f,,UNVERIFIED
EP-16,Demon of the Water Planet,00:20:40,1240,852394,https://animehistory.org/uploads/screencaps/outlaw-star-E016-Demon-of-the-Water-Planet/cap_00-20-40_6f2b.jpg,Outlaw Star Ep 16: Demon of the Water Planet @ 00:20:40,https://animehistory.org/gallery/screencaps/outlaw-star/episode-16/,https://animehistory.org/gallery/screencaps/outlaw-star/episode-16/?page=4,4,2026-10-07T01:49:54.436608+00:00,d3c187f5011b9d0584b2dc25339a29dc0fef526e526439dda9e0ba0b3054941f,,UNVERIFIED
EP-16,Demon of the Water Planet,00:20:44,1244,852395,https://animehistory.org/uploads/screencaps/outlaw-star-E016-Demon-of-the-Water-Planet/cap_00-20-44_655d.jpg,Outlaw Star Ep 16: Demon of the Water Planet @ 00:20:44,https://animehistory.org/gallery/screencaps/outlaw-star/episode-16/,https://animehistory.org/gallery/screencaps/outlaw-star/episode-16/?page=4,4,2026-10-07T01:49:54.436608+00:00,d3c187f5011b9d0584b2dc25339a29dc0fef526e526439dda9e0ba0b3054941f,,UNVERIFIED
EP-16,Demon of the Water Planet,00:20:48,1248,852396,https://animehistory.org/uploads/screencaps/outlaw-star-E016-Demon-of-the-Water-Planet/cap_00-20-48_6510.jpg,Outlaw Star Ep 16: Demon of the Water Planet @ 00:20:48,https://animehistory.org/gallery/screencaps/outlaw-star/episode-16/,https://animehistory.org/gallery/screencaps/outlaw-star/episode-16/?page=4,4,2026-10-07T01:49:54.436608+00:00,d3c187f5011b9d0584b2dc25339a29dc0fef526e526439dda9e0ba0b3054941f,,UNVERIFIED
EP-16,Demon of the Water Planet,00:20:51,1251,852397,https://animehistory.org/uploads/screencaps/outlaw-star-E016-Demon-of-the-Water-Planet/cap_00-20-51_7588.jpg,Outlaw Star Ep 16: Demon of the Water Planet @ 00:20:51,https://animehistory.org/gallery/screencaps/outlaw-star/episode-16/,https://animehistory.org/gallery/screencaps/outlaw-star/episode-16/?page=4,4,2026-10-07T01:49:54.436608+00:00,d3c187f5011b9d0584b2dc25339a29dc0fef526e526439dda9e0ba0b3054941f,,UNVERIFIED
EP-16,Demon of the Water Planet,00:20:55,1255,852398,https://animehistory.org/uploads/screencaps/outlaw-star-E016-Demon-of-the-Water-Planet/cap_00-20-55_3e01.jpg,Outlaw Star Ep 16: Demon of the Water Planet @ 00:20:55,https://animehistory.org/gallery/screencaps/outlaw-star/episode-16/,https://animehistory.org/gallery/screencaps/outlaw-star/episode-16/?page=4,4,2026-10-07T01:49:54.436608+00:00,d3c187f5011b9d0584b2dc25339a29dc0fef526e526439dda9e0ba0b3054941f,,UNVERIFIED
EP-16,Demon of the Water Planet,00:20:59,1259,852399,https://animehistory.org/uploads/screencaps/outlaw-star-E016-Demon-of-the-Water-Planet/cap_00-20-59_7693.jpg,Outlaw Star Ep 16: Demon of the Water Planet @ 00:20:59,https://animehistory.org/gallery/screencaps/outlaw-star/episode-16/,https://animehistory.org/gallery/screencaps/outlaw-star/episode-16/?page=4,4,2026-10-07T01:49:54.436608+00:00,d3c187f5011b9d0584b2dc25339a29dc0fef526e526439dda9e0ba0b3054941f,,UNVERIFIED
EP-16,Demon of the Water Planet,00:21:02,1262,852400,https://animehistory.org/uploads/screencaps/outlaw-star-E016-Demon-of-the-Water-Planet/cap_00-21-02_4aec.jpg,Outlaw Star Ep 16: Demon of the Water Planet @ 00:21:02,https://animehistory.org/gallery/screencaps/outlaw-star/episode-16/,https://animehistory.org/gallery/screencaps/outlaw-star/episode-16/?page=4,4,2026-10-07T01:49:54.436608+00:00,d3c187f5011b9d0584b2dc25339a29dc0fef526e526439dda9e0ba0b3054941f,,UNVERIFIED
EP-16,Demon of the Water Planet,00:21:06,1266,852401,https://animehistory.org/uploads/screencaps/outlaw-star-E016-Demon-of-the-Water-Planet/cap_00-21-06_2a09.jpg,Outlaw Star Ep 16: Demon of the Water Planet @ 00:21:06,https://animehistory.org/gallery/screencaps/outlaw-star/episode-16/,https://animehistory.org/gallery/screencaps/outlaw-star/episode-16/?page=4,4,2026-10-07T01:49:54.436608+00:00,d3c187f5011b9d0584b2dc25339a29dc0fef526e526439dda9e0ba0b3054941f,,UNVERIFIED
EP-16,Demon of the Water Planet,00:21:10,1270,852402,https://animehistory.org/uploads/screencaps/outlaw-star-E016-Demon-of-the-Water-Planet/cap_00-21-10_1dd0.jpg,Outlaw Star Ep 16: Demon of the Water Planet @ 00:21:10,https://animehistory.org/gallery/screencaps/outlaw-star/episode-16/,https://animehistory.org/gallery/screencaps/outlaw-star/episode-16/?page=4,4,2026-10-07T01:49:54.436608+00:00,d3c187f5011b9d0584b2dc25339a29dc0fef526e526439dda9e0ba0b3054941f,,UNVERIFIED
EP-16,Demon of the Water Planet,00:21:13,1273,852403,https://animehistory.org/uploads/screencaps/outlaw-star-E016-Demon-of-the-Water-Planet/cap_00-21-13_35f0.jpg,Outlaw Star Ep 16: Demon of the Water Planet @ 00:21:13,https://animehistory.org/gallery/screencaps/outlaw-star/episode-16/,https://animehistory.org/gallery/screencaps/outlaw-star/episode-16/?page=4,4,2026-10-07T01:49:54.436608+00:00,d3c187f5011b9d0584b2dc25339a29dc0fef526e526439dda9e0ba0b3054941f,,UNVERIFIED
EP-16,Demon of the Water Planet,00:21:17,1277,852404,https://animehistory.org/uploads/screencaps/outlaw-star-E016-Demon-of-the-Water-Planet/cap_00-21-17_4d39.jpg,Outlaw Star Ep 16: Demon of the Water Planet @ 00:21:17,https://animehistory.org/gallery/screencaps/outlaw-star/episode-16/,https://animehistory.org/gallery/screencaps/outlaw-star/episode-16/?page=4,4,2026-10-07T01:49:54.436608+00:00,d3c187f5011b9d0584b2dc25339a29dc0fef526e526439dda9e0ba0b3054941f,,UNVERIFIED
EP-16,Demon of the Water Planet,00:21:20,1280,852405,https://animehistory.org/uploads/screencaps/outlaw-star-E016-Demon-of-the-Water-Planet/cap_00-21-20_548c.jpg,Outlaw Star Ep 16: Demon of the Water Planet @ 00:21:20,https://animehistory.org/gallery/screencaps/outlaw-star/episode-16/,https://animehistory.org/gallery/screencaps/outlaw-star/episode-16/?page=4,4,2026-10-07T01:49:54.436608+00:00,d3c187f5011b9d0584b2dc25339a29dc0fef526e526439dda9e0ba0b3054941f,,UNVERIFIED
EP-16,Demon of the Water Planet,00:21:24,1284,852406,https://animehistory.org/uploads/screencaps/outlaw-star-E016-Demon-of-the-Water-Planet/cap_00-21-24_478c.jpg,Outlaw Star Ep 16: Demon of the Water Planet @ 00:21:24,https://animehistory.org/gallery/screencaps/outlaw-star/episode-16/,https://animehistory.org/gallery/screencaps/outlaw-star/episode-16/?page=4,4,2026-10-07T01:49:54.436608+00:00,d3c187f5011b9d0584b2dc25339a29dc0fef526e526439dda9e0ba0b3054941f,,UNVERIFIED
EP-16,Demon of the Water Planet,00:21:28,1288,852407,https://animehistory.org/uploads/screencaps/outlaw-star-E016-Demon-of-the-Water-Planet/cap_00-21-28_7afa.jpg,Outlaw Star Ep 16: Demon of the Water Planet @ 00:21:28,https://animehistory.org/gallery/screencaps/outlaw-star/episode-16/,https://animehistory.org/gallery/screencaps/outlaw-star/episode-16/?page=4,4,2026-10-07T01:49:54.436608+00:00,d3c187f5011b9d0584b2dc25339a29dc0fef526e526439dda9e0ba0b3054941f,,UNVERIFIED
EP-16,Demon of the Water Planet,00:21:31,1291,852408,https://animehistory.org/uploads/screencaps/outlaw-star-E016-Demon-of-the-Water-Planet/cap_00-21-31_6bff.jpg,Outlaw Star Ep 16: Demon of the Water Planet @ 00:21:31,https://animehistory.org/gallery/screencaps/outlaw-star/episode-16/,https://animehistory.org/gallery/screencaps/outlaw-star/episode-16/?page=4,4,2026-10-07T01:49:54.436608+00:00,d3c187f5011b9d0584b2dc25339a29dc0fef526e526439dda9e0ba0b3054941f,,UNVERIFIED
EP-16,Demon of the Water Planet,00:21:35,1295,852409,https://animehistory.org/uploads/screencaps/outlaw-star-E016-Demon-of-the-Water-Planet/cap_00-21-35_7421.jpg,Outlaw Star Ep 16: Demon of the Water Planet @ 00:21:35,https://animehistory.org/gallery/screencaps/outlaw-star/episode-16/,https://animehistory.org/gallery/screencaps/outlaw-star/episode-16/?page=4,4,2026-10-07T01:49:54.436608+00:00,d3c187f5011b9d0584b2dc25339a29dc0fef526e526439dda9e0ba0b3054941f,,UNVERIFIED
EP-16,Demon of the Water Planet,00:21:39,1299,852410,https://animehistory.org/uploads/screencaps/outlaw-star-E016-Demon-of-the-Water-Planet/cap_00-21-39_25de.jpg,Outlaw Star Ep 16: Demon of the Water Planet @ 00:21:39,https://animehistory.org/gallery/screencaps/outlaw-star/episode-16/,https://animehistory.org/gallery/screencaps/outlaw-star/episode-16/?page=4,4,2026-10-07T01:49:54.436608+00:00,d3c187f5011b9d0584b2dc25339a29dc0fef526e526439dda9e0ba0b3054941f,,UNVERIFIED
EP-16,Demon of the Water Planet,00:21:42,1302,852411,https://animehistory.org/uploads/screencaps/outlaw-star-E016-Demon-of-the-Water-Planet/cap_00-21-42_0988.jpg,Outlaw Star Ep 16: Demon of the Water Planet @ 00:21:42,https://animehistory.org/gallery/screencaps/outlaw-star/episode-16/,https://animehistory.org/gallery/screencaps/outlaw-star/episode-16/?page=4,4,2026-10-07T01:49:54.436608+00:00,d3c187f5011b9d0584b2dc25339a29dc0fef526e526439dda9e0ba0b3054941f,,UNVERIFIED
EP-16,Demon of the Water Planet,00:21:46,1306,852412,https://animehistory.org/uploads/screencaps/outlaw-star-E016-Demon-of-the-Water-Planet/cap_00-21-46_5b57.jpg,Outlaw Star Ep 16: Demon of the Water Planet @ 00:21:46,https://animehistory.org/gallery/screencaps/outlaw-star/episode-16/,https://animehistory.org/gallery/screencaps/outlaw-star/episode-16/?page=4,4,2026-10-07T01:49:54.436608+00:00,d3c187f5011b9d0584b2dc25339a29dc0fef526e526439dda9e0ba0b3054941f,,UNVERIFIED
EP-16,Demon of the Water Planet,00:21:50,1310,852413,https://animehistory.org/uploads/screencaps/outlaw-star-E016-Demon-of-the-Water-Planet/cap_00-21-50_63cf.jpg,Outlaw Star Ep 16: Demon of the Water Planet @ 00:21:50,https://animehistory.org/gallery/screencaps/outlaw-star/episode-16/,https://animehistory.org/gallery/screencaps/outlaw-star/episode-16/?page=4,4,2026-10-07T01:49:54.436608+00:00,d3c187f5011b9d0584b2dc25339a29dc0fef526e526439dda9e0ba0b3054941f,,UNVERIFIED
EP-16,Demon of the Water Planet,00:21:53,1313,852414,https://animehistory.org/uploads/screencaps/outlaw-star-E016-Demon-of-the-Water-Planet/cap_00-21-53_6748.jpg,Outlaw Star Ep 16: Demon of the Water Planet @ 00:21:53,https://animehistory.org/gallery/screencaps/outlaw-star/episode-16/,https://animehistory.org/gallery/screencaps/outlaw-star/episode-16/?page=4,4,2026-10-07T01:49:54.436608+00:00,d3c187f5011b9d0584b2dc25339a29dc0fef526e526439dda9e0ba0b3054941f,,UNVERIFIED
EP-16,Demon of the Water Planet,00:21:57,1317,852415,https://animehistory.org/uploads/screencaps/outlaw-star-E016-Demon-of-the-Water-Planet/cap_00-21-57_4a4b.jpg,Outlaw Star Ep 16: Demon of the Water Planet @ 00:21:57,https://animehistory.org/gallery/screencaps/outlaw-star/episode-16/,https://animehistory.org/gallery/screencaps/outlaw-star/episode-16/?page=4,4,2026-10-07T01:49:54.436608+00:00,d3c187f5011b9d0584b2dc25339a29dc0fef526e526439dda9e0ba0b3054941f,,UNVERIFIED
EP-16,Demon of the Water Planet,00:22:01,1321,852416,https://animehistory.org/uploads/screencaps/outlaw-star-E016-Demon-of-the-Water-Planet/cap_00-22-01_7f4b.jpg,Outlaw Star Ep 16: Demon of the Water Planet @ 00:22:01,https://animehistory.org/gallery/screencaps/outlaw-star/episode-16/,https://animehistory.org/gallery/screencaps/outlaw-star/episode-16/?page=4,4,2026-10-07T01:49:54.436608+00:00,d3c187f5011b9d0584b2dc25339a29dc0fef526e526439dda9e0ba0b3054941f,,UNVERIFIED
EP-16,Demon of the Water Planet,00:22:04,1324,852417,https://animehistory.org/uploads/screencaps/outlaw-star-E016-Demon-of-the-Water-Planet/cap_00-22-04_5ac4.jpg,Outlaw Star Ep 16: Demon of the Water Planet @ 00:22:04,https://animehistory.org/gallery/screencaps/outlaw-star/episode-16/,https://animehistory.org/gallery/screencaps/outlaw-star/episode-16/?page=4,4,2026-10-07T01:49:54.436608+00:00,d3c187f5011b9d0584b2dc25339a29dc0fef526e526439dda9e0ba0b3054941f,,UNVERIFIED
EP-16,Demon of the Water Planet,00:22:08,1328,852418,https://animehistory.org/uploads/screencaps/outlaw-star-E016-Demon-of-the-Water-Planet/cap_00-22-08_0f24.jpg,Outlaw Star Ep 16: Demon of the Water Planet @ 00:22:08,https://animehistory.org/gallery/screencaps/outlaw-star/episode-16/,https://animehistory.org/gallery/screencaps/outlaw-star/episode-16/?page=4,4,2026-10-07T01:49:54.436608+00:00,d3c187f5011b9d0584b2dc25339a29dc0fef526e526439dda9e0ba0b3054941f,,UNVERIFIED
EP-16,Demon of the Water Planet,00:22:12,1332,852419,https://animehistory.org/uploads/screencaps/outlaw-star-E016-Demon-of-the-Water-Planet/cap_00-22-12_7f42.jpg,Outlaw Star Ep 16: Demon of the Water Planet @ 00:22:12,https://animehistory.org/gallery/screencaps/outlaw-star/episode-16/,https://animehistory.org/gallery/screencaps/outlaw-star/episode-16/?page=4,4,2026-10-07T01:49:54.436608+00:00,d3c187f5011b9d0584b2dc25339a29dc0fef526e526439dda9e0ba0b3054941f,,UNVERIFIED
EP-16,Demon of the Water Planet,00:22:15,1335,852420,https://animehistory.org/uploads/screencaps/outlaw-star-E016-Demon-of-the-Water-Planet/cap_00-22-15_44fc.jpg,Outlaw Star Ep 16: Demon of the Water Planet @ 00:22:15,https://animehistory.org/gallery/screencaps/outlaw-star/episode-16/,https://animehistory.org/gallery/screencaps/outlaw-star/episode-16/?page=4,4,2026-10-07T01:49:54.436608+00:00,d3c187f5011b9d0584b2dc25339a29dc0fef526e526439dda9e0ba0b3054941f,,UNVERIFIED
EP-16,Demon of the Water Planet,00:22:19,1339,852421,https://animehistory.org/uploads/screencaps/outlaw-star-E016-Demon-of-the-Water-Planet/cap_00-22-19_2ef3.jpg,Outlaw Star Ep 16: Demon of the Water Planet @ 00:22:19,https://animehistory.org/gallery/screencaps/outlaw-star/episode-16/,https://animehistory.org/gallery/screencaps/outlaw-star/episode-16/?page=4,4,2026-10-07T01:49:54.436608+00:00,d3c187f5011b9d0584b2dc25339a29dc0fef526e526439dda9e0ba0b3054941f,,UNVERIFIED
EP-16,Demon of the Water Planet,00:22:23,1343,852422,https://animehistory.org/uploads/screencaps/outlaw-star-E016-Demon-of-the-Water-Planet/cap_00-22-23_6a3f.jpg,Outlaw Star Ep 16: Demon of the Water Planet @ 00:22:23,https://animehistory.org/gallery/screencaps/outlaw-star/episode-16/,https://animehistory.org/gallery/screencaps/outlaw-star/episode-16/?page=4,4,2026-10-07T01:49:54.436608+00:00,d3c187f5011b9d0584b2dc25339a29dc0fef526e526439dda9e0ba0b3054941f,,UNVERIFIED
EP-16,Demon of the Water Planet,00:22:26,1346,852423,https://animehistory.org/uploads/screencaps/outlaw-star-E016-Demon-of-the-Water-Planet/cap_00-22-26_0a54.jpg,Outlaw Star Ep 16: Demon of the Water Planet @ 00:22:26,https://animehistory.org/gallery/screencaps/outlaw-star/episode-16/,https://animehistory.org/gallery/screencaps/outlaw-star/episode-16/?page=4,4,2026-10-07T01:49:54.436608+00:00,d3c187f5011b9d0584b2dc25339a29dc0fef526e526439dda9e0ba0b3054941f,,UNVERIFIED
EP-16,Demon of the Water Planet,00:22:30,1350,852424,https://animehistory.org/uploads/screencaps/outlaw-star-E016-Demon-of-the-Water-Planet/cap_00-22-30_5290.jpg,Outlaw Star Ep 16: Demon of the Water Planet @ 00:22:30,https://animehistory.org/gallery/screencaps/outlaw-star/episode-16/,https://animehistory.org/gallery/screencaps/outlaw-star/episode-16/?page=4,4,2026-10-07T01:49:54.436608+00:00,d3c187f5011b9d0584b2dc25339a29dc0fef526e526439dda9e0ba0b3054941f,,UNVERIFIED
EP-16,Demon of the Water Planet,00:22:34,1354,852425,https://animehistory.org/uploads/screencaps/outlaw-star-E016-Demon-of-the-Water-Planet/cap_00-22-34_6a89.jpg,Outlaw Star Ep 16: Demon of the Water Planet @ 00:22:34,https://animehistory.org/gallery/screencaps/outlaw-star/episode-16/,https://animehistory.org/gallery/screencaps/outlaw-star/episode-16/?page=4,4,2026-10-07T01:49:54.436608+00:00,d3c187f5011b9d0584b2dc25339a29dc0fef526e526439dda9e0ba0b3054941f,,UNVERIFIED
EP-16,Demon of the Water Planet,00:22:37,1357,852426,https://animehistory.org/uploads/screencaps/outlaw-star-E016-Demon-of-the-Water-Planet/cap_00-22-37_10c9.jpg,Outlaw Star Ep 16: Demon of the Water Planet @ 00:22:37,https://animehistory.org/gallery/screencaps/outlaw-star/episode-16/,https://animehistory.org/gallery/screencaps/outlaw-star/episode-16/?page=4,4,2026-10-07T01:49:54.436608+00:00,d3c187f5011b9d0584b2dc25339a29dc0fef526e526439dda9e0ba0b3054941f,,UNVERIFIED
EP-16,Demon of the Water Planet,00:22:41,1361,852427,https://animehistory.org/uploads/screencaps/outlaw-star-E016-Demon-of-the-Water-Planet/cap_00-22-41_23a1.jpg,Outlaw Star Ep 16: Demon of the Water Planet @ 00:22:41,https://animehistory.org/gallery/screencaps/outlaw-star/episode-16/,https://animehistory.org/gallery/screencaps/outlaw-star/episode-16/?page=4,4,2026-10-07T01:49:54.436608+00:00,d3c187f5011b9d0584b2dc25339a29dc0fef526e526439dda9e0ba0b3054941f,,UNVERIFIED
EP-16,Demon of the Water Planet,00:22:45,1365,852428,https://animehistory.org/uploads/screencaps/outlaw-star-E016-Demon-of-the-Water-Planet/cap_00-22-45_1b50.jpg,Outlaw Star Ep 16: Demon of the Water Planet @ 00:22:45,https://animehistory.org/gallery/screencaps/outlaw-star/episode-16/,https://animehistory.org/gallery/screencaps/outlaw-star/episode-16/?page=4,4,2026-10-07T01:49:54.436608+00:00,d3c187f5011b9d0584b2dc25339a29dc0fef526e526439dda9e0ba0b3054941f,,UNVERIFIED
EP-16,Demon of the Water Planet,00:22:48,1368,852429,https://animehistory.org/uploads/screencaps/outlaw-star-E016-Demon-of-the-Water-Planet/cap_00-22-48_4cf3.jpg,Outlaw Star Ep 16: Demon of the Water Planet @ 00:22:48,https://animehistory.org/gallery/screencaps/outlaw-star/episode-16/,https://animehistory.org/gallery/screencaps/outlaw-star/episode-16/?page=4,4,2026-10-07T01:49:54.436608+00:00,d3c187f5011b9d0584b2dc25339a29dc0fef526e526439dda9e0ba0b3054941f,,UNVERIFIED
EP-16,Demon of the Water Planet,00:22:52,1372,852430,https://animehistory.org/uploads/screencaps/outlaw-star-E016-Demon-of-the-Water-Planet/cap_00-22-52_212e.jpg,Outlaw Star Ep 16: Demon of the Water Planet @ 00:22:52,https://animehistory.org/gallery/screencaps/outlaw-star/episode-16/,https://animehistory.org/gallery/screencaps/outlaw-star/episode-16/?page=4,4,2026-10-07T01:49:54.436608+00:00,d3c187f5011b9d0584b2dc25339a29dc0fef526e526439dda9e0ba0b3054941f,,UNVERIFIED
EP-16,Demon of the Water Planet,00:22:56,1376,852431,https://animehistory.org/uploads/screencaps/outlaw-star-E016-Demon-of-the-Water-Planet/cap_00-22-56_2ba6.jpg,Outlaw Star Ep 16: Demon of the Water Planet @ 00:22:56,https://animehistory.org/gallery/screencaps/outlaw-star/episode-16/,https://animehistory.org/gallery/screencaps/outlaw-star/episode-16/?page=4,4,2026-10-07T01:49:54.436608+00:00,d3c187f5011b9d0584b2dc25339a29dc0fef526e526439dda9e0ba0b3054941f,,UNVERIFIED
EP-16,Demon of the Water Planet,00:22:59,1379,852432,https://animehistory.org/uploads/screencaps/outlaw-star-E016-Demon-of-the-Water-Planet/cap_00-22-59_4c00.jpg,Outlaw Star Ep 16: Demon of the Water Planet @ 00:22:59,https://animehistory.org/gallery/screencaps/outlaw-star/episode-16/,https://animehistory.org/gallery/screencaps/outlaw-star/episode-16/?page=4,4,2026-10-07T01:49:54.436608+00:00,d3c187f5011b9d0584b2dc25339a29dc0fef526e526439dda9e0ba0b3054941f,,UNVERIFIED
EP-16,Demon of the Water Planet,00:23:03,1383,852433,https://animehistory.org/uploads/screencaps/outlaw-star-E016-Demon-of-the-Water-Planet/cap_00-23-03_442a.jpg,Outlaw Star Ep 16: Demon of the Water Planet @ 00:23:03,https://animehistory.org/gallery/screencaps/outlaw-star/episode-16/,https://animehistory.org/gallery/screencaps/outlaw-star/episode-16/?page=4,4,2026-10-07T01:49:54.436608+00:00,d3c187f5011b9d0584b2dc25339a29dc0fef526e526439dda9e0ba0b3054941f,,UNVERIFIED
EP-16,Demon of the Water Planet,00:23:07,1387,852434,https://animehistory.org/uploads/screencaps/outlaw-star-E016-Demon-of-the-Water-Planet/cap_00-23-07_0de4.jpg,Outlaw Star Ep 16: Demon of the Water Planet @ 00:23:07,https://animehistory.org/gallery/screencaps/outlaw-star/episode-16/,https://animehistory.org/gallery/screencaps/outlaw-star/episode-16/?page=4,4,2026-10-07T01:49:54.436608+00:00,d3c187f5011b9d0584b2dc25339a29dc0fef526e526439dda9e0ba0b3054941f,,UNVERIFIED
EP-16,Demon of the Water Planet,00:23:10,1390,852435,https://animehistory.org/uploads/screencaps/outlaw-star-E016-Demon-of-the-Water-Planet/cap_00-23-10_642f.jpg,Outlaw Star Ep 16: Demon of the Water Planet @ 00:23:10,https://animehistory.org/gallery/screencaps/outlaw-star/episode-16/,https://animehistory.org/gallery/screencaps/outlaw-star/episode-16/?page=4,4,2026-10-07T01:49:54.436608+00:00,d3c187f5011b9d0584b2dc25339a29dc0fef526e526439dda9e0ba0b3054941f,,UNVERIFIED
EP-16,Demon of the Water Planet,00:23:14,1394,852436,https://animehistory.org/uploads/screencaps/outlaw-star-E016-Demon-of-the-Water-Planet/cap_00-23-14_67dc.jpg,Outlaw Star Ep 16: Demon of the Water Planet @ 00:23:14,https://animehistory.org/gallery/screencaps/outlaw-star/episode-16/,https://animehistory.org/gallery/screencaps/outlaw-star/episode-16/?page=4,4,2026-10-07T01:49:54.436608+00:00,d3c187f5011b9d0584b2dc25339a29dc0fef526e526439dda9e0ba0b3054941f,,UNVERIFIED
