episode_id,episode_title,web_timestamp,web_seconds,image_id,image_url,caption,gallery_url,source_page_url,source_page,retrieved_utc,html_sha256,local_timestamp,alignment_status
EP-01,Outlaw World,00:01:43,103,846773,https://animehistory.org/uploads/screencaps/outlaw-star-E001-Outlaw-World/cap_00-01-43_7e5c.jpg,Outlaw Star Ep 1: Outlaw World @ 00:01:43,https://animehistory.org/gallery/screencaps/outlaw-star/episode-1/,https://animehistory.org/gallery/screencaps/outlaw-star/episode-1/,1,2026-10-07T01:48:32.604907+00:00,56b412e7a3c0fb93251b1e57e4485f341a885ae57316fc0c17d6895211b9ab94,,UNVERIFIED
EP-01,Outlaw World,00:01:46,106,846774,https://animehistory.org/uploads/screencaps/outlaw-star-E001-Outlaw-World/cap_00-01-46_3310.jpg,Outlaw Star Ep 1: Outlaw World @ 00:01:46,https://animehistory.org/gallery/screencaps/outlaw-star/episode-1/,https://animehistory.org/gallery/screencaps/outlaw-star/episode-1/,1,2026-10-07T01:48:32.604907+00:00,56b412e7a3c0fb93251b1e57e4485f341a885ae57316fc0c17d6895211b9ab94,,UNVERIFIED
EP-01,Outlaw World,00:01:50,110,846775,https://animehistory.org/uploads/screencaps/outlaw-star-E001-Outlaw-World/cap_00-01-50_2b58.jpg,Outlaw Star Ep 1: Outlaw World @ 00:01:50,https://animehistory.org/gallery/screencaps/outlaw-star/episode-1/,https://animehistory.org/gallery/screencaps/outlaw-star/episode-1/,1,2026-10-07T01:48:32.604907+00:00,56b412e7a3c0fb93251b1e57e4485f341a885ae57316fc0c17d6895211b9ab94,,UNVERIFIED
EP-01,Outlaw World,00:01:53,113,846776,https://animehistory.org/uploads/screencaps/outlaw-star-E001-Outlaw-World/cap_00-01-53_58f2.jpg,Outlaw Star Ep 1: Outlaw World @ 00:01:53,https://animehistory.org/gallery/screencaps/outlaw-star/episode-1/,https://animehistory.org/gallery/screencaps/outlaw-star/episode-1/,1,2026-10-07T01:48:32.604907+00:00,56b412e7a3c0fb93251b1e57e4485f341a885ae57316fc0c17d6895211b9ab94,,UNVERIFIED
EP-01,Outlaw World,00:01:57,117,846777,https://animehistory.org/uploads/screencaps/outlaw-star-E001-Outlaw-World/cap_00-01-57_7e6c.jpg,Outlaw Star Ep 1: Outlaw World @ 00:01:57,https://animehistory.org/gallery/screencaps/outlaw-star/episode-1/,https://animehistory.org/gallery/screencaps/outlaw-star/episode-1/,1,2026-10-07T01:48:32.604907+00:00,56b412e7a3c0fb93251b1e57e4485f341a885ae57316fc0c17d6895211b9ab94,,UNVERIFIED
EP-01,Outlaw World,00:02:00,120,846778,https://animehistory.org/uploads/screencaps/outlaw-star-E001-Outlaw-World/cap_00-02-00_587b.jpg,Outlaw Star Ep 1: Outlaw World @ 00:02:00,https://animehistory.org/gallery/screencaps/outlaw-star/episode-1/,https://animehistory.org/gallery/screencaps/outlaw-star/episode-1/,1,2026-10-07T01:48:32.604907+00:00,56b412e7a3c0fb93251b1e57e4485f341a885ae57316fc0c17d6895211b9ab94,,UNVERIFIED
EP-01,Outlaw World,00:02:04,124,846779,https://animehistory.org/uploads/screencaps/outlaw-star-E001-Outlaw-World/cap_00-02-04_49a6.jpg,Outlaw Star Ep 1: Outlaw World @ 00:02:04,https://animehistory.org/gallery/screencaps/outlaw-star/episode-1/,https://animehistory.org/gallery/screencaps/outlaw-star/episode-1/,1,2026-10-07T01:48:32.604907+00:00,56b412e7a3c0fb93251b1e57e4485f341a885ae57316fc0c17d6895211b9ab94,,UNVERIFIED
EP-01,Outlaw World,00:02:07,127,846780,https://animehistory.org/uploads/screencaps/outlaw-star-E001-Outlaw-World/cap_00-02-07_66ea.jpg,Outlaw Star Ep 1: Outlaw World @ 00:02:07,https://animehistory.org/gallery/screencaps/outlaw-star/episode-1/,https://animehistory.org/gallery/screencaps/outlaw-star/episode-1/,1,2026-10-07T01:48:32.604907+00:00,56b412e7a3c0fb93251b1e57e4485f341a885ae57316fc0c17d6895211b9ab94,,UNVERIFIED
EP-01,Outlaw World,00:02:11,131,846781,https://animehistory.org/uploads/screencaps/outlaw-star-E001-Outlaw-World/cap_00-02-11_00c6.jpg,Outlaw Star Ep 1: Outlaw World @ 00:02:11,https://animehistory.org/gallery/screencaps/outlaw-star/episode-1/,https://animehistory.org/gallery/screencaps/outlaw-star/episode-1/,1,2026-10-07T01:48:32.604907+00:00,56b412e7a3c0fb93251b1e57e4485f341a885ae57316fc0c17d6895211b9ab94,,UNVERIFIED
EP-01,Outlaw World,00:02:14,134,846782,https://animehistory.org/uploads/screencaps/outlaw-star-E001-Outlaw-World/cap_00-02-14_36b9.jpg,Outlaw Star Ep 1: Outlaw World @ 00:02:14,https://animehistory.org/gallery/screencaps/outlaw-star/episode-1/,https://animehistory.org/gallery/screencaps/outlaw-star/episode-1/,1,2026-10-07T01:48:32.604907+00:00,56b412e7a3c0fb93251b1e57e4485f341a885ae57316fc0c17d6895211b9ab94,,UNVERIFIED
EP-01,Outlaw World,00:02:18,138,846783,https://animehistory.org/uploads/screencaps/outlaw-star-E001-Outlaw-World/cap_00-02-18_0dbb.jpg,Outlaw Star Ep 1: Outlaw World @ 00:02:18,https://animehistory.org/gallery/screencaps/outlaw-star/episode-1/,https://animehistory.org/gallery/screencaps/outlaw-star/episode-1/,1,2026-10-07T01:48:32.604907+00:00,56b412e7a3c0fb93251b1e57e4485f341a885ae57316fc0c17d6895211b9ab94,,UNVERIFIED
EP-01,Outlaw World,00:02:21,141,846784,https://animehistory.org/uploads/screencaps/outlaw-star-E001-Outlaw-World/cap_00-02-21_622f.jpg,Outlaw Star Ep 1: Outlaw World @ 00:02:21,https://animehistory.org/gallery/screencaps/outlaw-star/episode-1/,https://animehistory.org/gallery/screencaps/outlaw-star/episode-1/,1,2026-10-07T01:48:32.604907+00:00,56b412e7a3c0fb93251b1e57e4485f341a885ae57316fc0c17d6895211b9ab94,,UNVERIFIED
EP-01,Outlaw World,00:02:24,144,846785,https://animehistory.org/uploads/screencaps/outlaw-star-E001-Outlaw-World/cap_00-02-24_607e.jpg,Outlaw Star Ep 1: Outlaw World @ 00:02:24,https://animehistory.org/gallery/screencaps/outlaw-star/episode-1/,https://animehistory.org/gallery/screencaps/outlaw-star/episode-1/,1,2026-10-07T01:48:32.604907+00:00,56b412e7a3c0fb93251b1e57e4485f341a885ae57316fc0c17d6895211b9ab94,,UNVERIFIED
EP-01,Outlaw World,00:02:28,148,846786,https://animehistory.org/uploads/screencaps/outlaw-star-E001-Outlaw-World/cap_00-02-28_5ed4.jpg,Outlaw Star Ep 1: Outlaw World @ 00:02:28,https://animehistory.org/gallery/screencaps/outlaw-star/episode-1/,https://animehistory.org/gallery/screencaps/outlaw-star/episode-1/,1,2026-10-07T01:48:32.604907+00:00,56b412e7a3c0fb93251b1e57e4485f341a885ae57316fc0c17d6895211b9ab94,,UNVERIFIED
EP-01,Outlaw World,00:02:31,151,846787,https://animehistory.org/uploads/screencaps/outlaw-star-E001-Outlaw-World/cap_00-02-31_5fe3.jpg,Outlaw Star Ep 1: Outlaw World @ 00:02:31,https://animehistory.org/gallery/screencaps/outlaw-star/episode-1/,https://animehistory.org/gallery/screencaps/outlaw-star/episode-1/,1,2026-10-07T01:48:32.604907+00:00,56b412e7a3c0fb93251b1e57e4485f341a885ae57316fc0c17d6895211b9ab94,,UNVERIFIED
EP-01,Outlaw World,00:02:35,155,846788,https://animehistory.org/uploads/screencaps/outlaw-star-E001-Outlaw-World/cap_00-02-35_062a.jpg,Outlaw Star Ep 1: Outlaw World @ 00:02:35,https://animehistory.org/gallery/screencaps/outlaw-star/episode-1/,https://animehistory.org/gallery/screencaps/outlaw-star/episode-1/,1,2026-10-07T01:48:32.604907+00:00,56b412e7a3c0fb93251b1e57e4485f341a885ae57316fc0c17d6895211b9ab94,,UNVERIFIED
EP-01,Outlaw World,00:02:38,158,846789,https://animehistory.org/uploads/screencaps/outlaw-star-E001-Outlaw-World/cap_00-02-38_7db4.jpg,Outlaw Star Ep 1: Outlaw World @ 00:02:38,https://animehistory.org/gallery/screencaps/outlaw-star/episode-1/,https://animehistory.org/gallery/screencaps/outlaw-star/episode-1/,1,2026-10-07T01:48:32.604907+00:00,56b412e7a3c0fb93251b1e57e4485f341a885ae57316fc0c17d6895211b9ab94,,UNVERIFIED
EP-01,Outlaw World,00:02:42,162,846790,https://animehistory.org/uploads/screencaps/outlaw-star-E001-Outlaw-World/cap_00-02-42_4688.jpg,Outlaw Star Ep 1: Outlaw World @ 00:02:42,https://animehistory.org/gallery/screencaps/outlaw-star/episode-1/,https://animehistory.org/gallery/screencaps/outlaw-star/episode-1/,1,2026-10-07T01:48:32.604907+00:00,56b412e7a3c0fb93251b1e57e4485f341a885ae57316fc0c17d6895211b9ab94,,UNVERIFIED
EP-01,Outlaw World,00:02:45,165,846791,https://animehistory.org/uploads/screencaps/outlaw-star-E001-Outlaw-World/cap_00-02-45_5169.jpg,Outlaw Star Ep 1: Outlaw World @ 00:02:45,https://animehistory.org/gallery/screencaps/outlaw-star/episode-1/,https://animehistory.org/gallery/screencaps/outlaw-star/episode-1/,1,2026-10-07T01:48:32.604907+00:00,56b412e7a3c0fb93251b1e57e4485f341a885ae57316fc0c17d6895211b9ab94,,UNVERIFIED
EP-01,Outlaw World,00:02:49,169,846792,https://animehistory.org/uploads/screencaps/outlaw-star-E001-Outlaw-World/cap_00-02-49_5aee.jpg,Outlaw Star Ep 1: Outlaw World @ 00:02:49,https://animehistory.org/gallery/screencaps/outlaw-star/episode-1/,https://animehistory.org/gallery/screencaps/outlaw-star/episode-1/,1,2026-10-07T01:48:32.604907+00:00,56b412e7a3c0fb93251b1e57e4485f341a885ae57316fc0c17d6895211b9ab94,,UNVERIFIED
EP-01,Outlaw World,00:02:52,172,846793,https://animehistory.org/uploads/screencaps/outlaw-star-E001-Outlaw-World/cap_00-02-52_7087.jpg,Outlaw Star Ep 1: Outlaw World @ 00:02:52,https://animehistory.org/gallery/screencaps/outlaw-star/episode-1/,https://animehistory.org/gallery/screencaps/outlaw-star/episode-1/,1,2026-10-07T01:48:32.604907+00:00,56b412e7a3c0fb93251b1e57e4485f341a885ae57316fc0c17d6895211b9ab94,,UNVERIFIED
EP-01,Outlaw World,00:02:56,176,846794,https://animehistory.org/uploads/screencaps/outlaw-star-E001-Outlaw-World/cap_00-02-56_1d5d.jpg,Outlaw Star Ep 1: Outlaw World @ 00:02:56,https://animehistory.org/gallery/screencaps/outlaw-star/episode-1/,https://animehistory.org/gallery/screencaps/outlaw-star/episode-1/,1,2026-10-07T01:48:32.604907+00:00,56b412e7a3c0fb93251b1e57e4485f341a885ae57316fc0c17d6895211b9ab94,,UNVERIFIED
EP-01,Outlaw World,00:02:59,179,846795,https://animehistory.org/uploads/screencaps/outlaw-star-E001-Outlaw-World/cap_00-02-59_45e9.jpg,Outlaw Star Ep 1: Outlaw World @ 00:02:59,https://animehistory.org/gallery/screencaps/outlaw-star/episode-1/,https://animehistory.org/gallery/screencaps/outlaw-star/episode-1/,1,2026-10-07T01:48:32.604907+00:00,56b412e7a3c0fb93251b1e57e4485f341a885ae57316fc0c17d6895211b9ab94,,UNVERIFIED
EP-01,Outlaw World,00:03:02,182,846796,https://animehistory.org/uploads/screencaps/outlaw-star-E001-Outlaw-World/cap_00-03-02_3dcd.jpg,Outlaw Star Ep 1: Outlaw World @ 00:03:02,https://animehistory.org/gallery/screencaps/outlaw-star/episode-1/,https://animehistory.org/gallery/screencaps/outlaw-star/episode-1/,1,2026-10-07T01:48:32.604907+00:00,56b412e7a3c0fb93251b1e57e4485f341a885ae57316fc0c17d6895211b9ab94,,UNVERIFIED
EP-01,Outlaw World,00:03:06,186,846797,https://animehistory.org/uploads/screencaps/outlaw-star-E001-Outlaw-World/cap_00-03-06_5821.jpg,Outlaw Star Ep 1: Outlaw World @ 00:03:06,https://animehistory.org/gallery/screencaps/outlaw-star/episode-1/,https://animehistory.org/gallery/screencaps/outlaw-star/episode-1/,1,2026-10-07T01:48:32.604907+00:00,56b412e7a3c0fb93251b1e57e4485f341a885ae57316fc0c17d6895211b9ab94,,UNVERIFIED
EP-01,Outlaw World,00:03:09,189,846798,https://animehistory.org/uploads/screencaps/outlaw-star-E001-Outlaw-World/cap_00-03-09_47e4.jpg,Outlaw Star Ep 1: Outlaw World @ 00:03:09,https://animehistory.org/gallery/screencaps/outlaw-star/episode-1/,https://animehistory.org/gallery/screencaps/outlaw-star/episode-1/,1,2026-10-07T01:48:32.604907+00:00,56b412e7a3c0fb93251b1e57e4485f341a885ae57316fc0c17d6895211b9ab94,,UNVERIFIED
EP-01,Outlaw World,00:03:13,193,846799,https://animehistory.org/uploads/screencaps/outlaw-star-E001-Outlaw-World/cap_00-03-13_4a03.jpg,Outlaw Star Ep 1: Outlaw World @ 00:03:13,https://animehistory.org/gallery/screencaps/outlaw-star/episode-1/,https://animehistory.org/gallery/screencaps/outlaw-star/episode-1/,1,2026-10-07T01:48:32.604907+00:00,56b412e7a3c0fb93251b1e57e4485f341a885ae57316fc0c17d6895211b9ab94,,UNVERIFIED
EP-01,Outlaw World,00:03:16,196,846800,https://animehistory.org/uploads/screencaps/outlaw-star-E001-Outlaw-World/cap_00-03-16_7968.jpg,Outlaw Star Ep 1: Outlaw World @ 00:03:16,https://animehistory.org/gallery/screencaps/outlaw-star/episode-1/,https://animehistory.org/gallery/screencaps/outlaw-star/episode-1/,1,2026-10-07T01:48:32.604907+00:00,56b412e7a3c0fb93251b1e57e4485f341a885ae57316fc0c17d6895211b9ab94,,UNVERIFIED
EP-01,Outlaw World,00:03:20,200,846801,https://animehistory.org/uploads/screencaps/outlaw-star-E001-Outlaw-World/cap_00-03-20_7af6.jpg,Outlaw Star Ep 1: Outlaw World @ 00:03:20,https://animehistory.org/gallery/screencaps/outlaw-star/episode-1/,https://animehistory.org/gallery/screencaps/outlaw-star/episode-1/,1,2026-10-07T01:48:32.604907+00:00,56b412e7a3c0fb93251b1e57e4485f341a885ae57316fc0c17d6895211b9ab94,,UNVERIFIED
EP-01,Outlaw World,00:03:23,203,846802,https://animehistory.org/uploads/screencaps/outlaw-star-E001-Outlaw-World/cap_00-03-23_7258.jpg,Outlaw Star Ep 1: Outlaw World @ 00:03:23,https://animehistory.org/gallery/screencaps/outlaw-star/episode-1/,https://animehistory.org/gallery/screencaps/outlaw-star/episode-1/,1,2026-10-07T01:48:32.604907+00:00,56b412e7a3c0fb93251b1e57e4485f341a885ae57316fc0c17d6895211b9ab94,,UNVERIFIED
EP-01,Outlaw World,00:03:27,207,846803,https://animehistory.org/uploads/screencaps/outlaw-star-E001-Outlaw-World/cap_00-03-27_06b6.jpg,Outlaw Star Ep 1: Outlaw World @ 00:03:27,https://animehistory.org/gallery/screencaps/outlaw-star/episode-1/,https://animehistory.org/gallery/screencaps/outlaw-star/episode-1/,1,2026-10-07T01:48:32.604907+00:00,56b412e7a3c0fb93251b1e57e4485f341a885ae57316fc0c17d6895211b9ab94,,UNVERIFIED
EP-01,Outlaw World,00:03:30,210,846804,https://animehistory.org/uploads/screencaps/outlaw-star-E001-Outlaw-World/cap_00-03-30_6a07.jpg,Outlaw Star Ep 1: Outlaw World @ 00:03:30,https://animehistory.org/gallery/screencaps/outlaw-star/episode-1/,https://animehistory.org/gallery/screencaps/outlaw-star/episode-1/,1,2026-10-07T01:48:32.604907+00:00,56b412e7a3c0fb93251b1e57e4485f341a885ae57316fc0c17d6895211b9ab94,,UNVERIFIED
EP-01,Outlaw World,00:03:34,214,846805,https://animehistory.org/uploads/screencaps/outlaw-star-E001-Outlaw-World/cap_00-03-34_0633.jpg,Outlaw Star Ep 1: Outlaw World @ 00:03:34,https://animehistory.org/gallery/screencaps/outlaw-star/episode-1/,https://animehistory.org/gallery/screencaps/outlaw-star/episode-1/,1,2026-10-07T01:48:32.604907+00:00,56b412e7a3c0fb93251b1e57e4485f341a885ae57316fc0c17d6895211b9ab94,,UNVERIFIED
EP-01,Outlaw World,00:03:37,217,846806,https://animehistory.org/uploads/screencaps/outlaw-star-E001-Outlaw-World/cap_00-03-37_7473.jpg,Outlaw Star Ep 1: Outlaw World @ 00:03:37,https://animehistory.org/gallery/screencaps/outlaw-star/episode-1/,https://animehistory.org/gallery/screencaps/outlaw-star/episode-1/,1,2026-10-07T01:48:32.604907+00:00,56b412e7a3c0fb93251b1e57e4485f341a885ae57316fc0c17d6895211b9ab94,,UNVERIFIED
EP-01,Outlaw World,00:03:40,220,846807,https://animehistory.org/uploads/screencaps/outlaw-star-E001-Outlaw-World/cap_00-03-40_6739.jpg,Outlaw Star Ep 1: Outlaw World @ 00:03:40,https://animehistory.org/gallery/screencaps/outlaw-star/episode-1/,https://animehistory.org/gallery/screencaps/outlaw-star/episode-1/,1,2026-10-07T01:48:32.604907+00:00,56b412e7a3c0fb93251b1e57e4485f341a885ae57316fc0c17d6895211b9ab94,,UNVERIFIED
EP-01,Outlaw World,00:03:44,224,846808,https://animehistory.org/uploads/screencaps/outlaw-star-E001-Outlaw-World/cap_00-03-44_09d5.jpg,Outlaw Star Ep 1: Outlaw World @ 00:03:44,https://animehistory.org/gallery/screencaps/outlaw-star/episode-1/,https://animehistory.org/gallery/screencaps/outlaw-star/episode-1/,1,2026-10-07T01:48:32.604907+00:00,56b412e7a3c0fb93251b1e57e4485f341a885ae57316fc0c17d6895211b9ab94,,UNVERIFIED
EP-01,Outlaw World,00:03:47,227,846809,https://animehistory.org/uploads/screencaps/outlaw-star-E001-Outlaw-World/cap_00-03-47_4e2a.jpg,Outlaw Star Ep 1: Outlaw World @ 00:03:47,https://animehistory.org/gallery/screencaps/outlaw-star/episode-1/,https://animehistory.org/gallery/screencaps/outlaw-star/episode-1/,1,2026-10-07T01:48:32.604907+00:00,56b412e7a3c0fb93251b1e57e4485f341a885ae57316fc0c17d6895211b9ab94,,UNVERIFIED
EP-01,Outlaw World,00:03:51,231,846810,https://animehistory.org/uploads/screencaps/outlaw-star-E001-Outlaw-World/cap_00-03-51_314c.jpg,Outlaw Star Ep 1: Outlaw World @ 00:03:51,https://animehistory.org/gallery/screencaps/outlaw-star/episode-1/,https://animehistory.org/gallery/screencaps/outlaw-star/episode-1/,1,2026-10-07T01:48:32.604907+00:00,56b412e7a3c0fb93251b1e57e4485f341a885ae57316fc0c17d6895211b9ab94,,UNVERIFIED
EP-01,Outlaw World,00:03:54,234,846811,https://animehistory.org/uploads/screencaps/outlaw-star-E001-Outlaw-World/cap_00-03-54_29e9.jpg,Outlaw Star Ep 1: Outlaw World @ 00:03:54,https://animehistory.org/gallery/screencaps/outlaw-star/episode-1/,https://animehistory.org/gallery/screencaps/outlaw-star/episode-1/,1,2026-10-07T01:48:32.604907+00:00,56b412e7a3c0fb93251b1e57e4485f341a885ae57316fc0c17d6895211b9ab94,,UNVERIFIED
EP-01,Outlaw World,00:03:58,238,846812,https://animehistory.org/uploads/screencaps/outlaw-star-E001-Outlaw-World/cap_00-03-58_1cd4.jpg,Outlaw Star Ep 1: Outlaw World @ 00:03:58,https://animehistory.org/gallery/screencaps/outlaw-star/episode-1/,https://animehistory.org/gallery/screencaps/outlaw-star/episode-1/,1,2026-10-07T01:48:32.604907+00:00,56b412e7a3c0fb93251b1e57e4485f341a885ae57316fc0c17d6895211b9ab94,,UNVERIFIED
EP-01,Outlaw World,00:04:01,241,846813,https://animehistory.org/uploads/screencaps/outlaw-star-E001-Outlaw-World/cap_00-04-01_2aff.jpg,Outlaw Star Ep 1: Outlaw World @ 00:04:01,https://animehistory.org/gallery/screencaps/outlaw-star/episode-1/,https://animehistory.org/gallery/screencaps/outlaw-star/episode-1/,1,2026-10-07T01:48:32.604907+00:00,56b412e7a3c0fb93251b1e57e4485f341a885ae57316fc0c17d6895211b9ab94,,UNVERIFIED
EP-01,Outlaw World,00:04:05,245,846814,https://animehistory.org/uploads/screencaps/outlaw-star-E001-Outlaw-World/cap_00-04-05_4050.jpg,Outlaw Star Ep 1: Outlaw World @ 00:04:05,https://animehistory.org/gallery/screencaps/outlaw-star/episode-1/,https://animehistory.org/gallery/screencaps/outlaw-star/episode-1/,1,2026-10-07T01:48:32.604907+00:00,56b412e7a3c0fb93251b1e57e4485f341a885ae57316fc0c17d6895211b9ab94,,UNVERIFIED
EP-01,Outlaw World,00:04:08,248,846815,https://animehistory.org/uploads/screencaps/outlaw-star-E001-Outlaw-World/cap_00-04-08_229f.jpg,Outlaw Star Ep 1: Outlaw World @ 00:04:08,https://animehistory.org/gallery/screencaps/outlaw-star/episode-1/,https://animehistory.org/gallery/screencaps/outlaw-star/episode-1/,1,2026-10-07T01:48:32.604907+00:00,56b412e7a3c0fb93251b1e57e4485f341a885ae57316fc0c17d6895211b9ab94,,UNVERIFIED
EP-01,Outlaw World,00:04:12,252,846816,https://animehistory.org/uploads/screencaps/outlaw-star-E001-Outlaw-World/cap_00-04-12_1ede.jpg,Outlaw Star Ep 1: Outlaw World @ 00:04:12,https://animehistory.org/gallery/screencaps/outlaw-star/episode-1/,https://animehistory.org/gallery/screencaps/outlaw-star/episode-1/,1,2026-10-07T01:48:32.604907+00:00,56b412e7a3c0fb93251b1e57e4485f341a885ae57316fc0c17d6895211b9ab94,,UNVERIFIED
EP-01,Outlaw World,00:04:15,255,846817,https://animehistory.org/uploads/screencaps/outlaw-star-E001-Outlaw-World/cap_00-04-15_6c75.jpg,Outlaw Star Ep 1: Outlaw World @ 00:04:15,https://animehistory.org/gallery/screencaps/outlaw-star/episode-1/,https://animehistory.org/gallery/screencaps/outlaw-star/episode-1/,1,2026-10-07T01:48:32.604907+00:00,56b412e7a3c0fb93251b1e57e4485f341a885ae57316fc0c17d6895211b9ab94,,UNVERIFIED
EP-01,Outlaw World,00:04:18,258,846818,https://animehistory.org/uploads/screencaps/outlaw-star-E001-Outlaw-World/cap_00-04-18_1349.jpg,Outlaw Star Ep 1: Outlaw World @ 00:04:18,https://animehistory.org/gallery/screencaps/outlaw-star/episode-1/,https://animehistory.org/gallery/screencaps/outlaw-star/episode-1/,1,2026-10-07T01:48:32.604907+00:00,56b412e7a3c0fb93251b1e57e4485f341a885ae57316fc0c17d6895211b9ab94,,UNVERIFIED
EP-01,Outlaw World,00:04:22,262,846819,https://animehistory.org/uploads/screencaps/outlaw-star-E001-Outlaw-World/cap_00-04-22_7bef.jpg,Outlaw Star Ep 1: Outlaw World @ 00:04:22,https://animehistory.org/gallery/screencaps/outlaw-star/episode-1/,https://animehistory.org/gallery/screencaps/outlaw-star/episode-1/,1,2026-10-07T01:48:32.604907+00:00,56b412e7a3c0fb93251b1e57e4485f341a885ae57316fc0c17d6895211b9ab94,,UNVERIFIED
EP-01,Outlaw World,00:04:25,265,846820,https://animehistory.org/uploads/screencaps/outlaw-star-E001-Outlaw-World/cap_00-04-25_7215.jpg,Outlaw Star Ep 1: Outlaw World @ 00:04:25,https://animehistory.org/gallery/screencaps/outlaw-star/episode-1/,https://animehistory.org/gallery/screencaps/outlaw-star/episode-1/,1,2026-10-07T01:48:32.604907+00:00,56b412e7a3c0fb93251b1e57e4485f341a885ae57316fc0c17d6895211b9ab94,,UNVERIFIED
EP-01,Outlaw World,00:04:29,269,846821,https://animehistory.org/uploads/screencaps/outlaw-star-E001-Outlaw-World/cap_00-04-29_0eab.jpg,Outlaw Star Ep 1: Outlaw World @ 00:04:29,https://animehistory.org/gallery/screencaps/outlaw-star/episode-1/,https://animehistory.org/gallery/screencaps/outlaw-star/episode-1/,1,2026-10-07T01:48:32.604907+00:00,56b412e7a3c0fb93251b1e57e4485f341a885ae57316fc0c17d6895211b9ab94,,UNVERIFIED
EP-01,Outlaw World,00:04:32,272,846822,https://animehistory.org/uploads/screencaps/outlaw-star-E001-Outlaw-World/cap_00-04-32_18d7.jpg,Outlaw Star Ep 1: Outlaw World @ 00:04:32,https://animehistory.org/gallery/screencaps/outlaw-star/episode-1/,https://animehistory.org/gallery/screencaps/outlaw-star/episode-1/,1,2026-10-07T01:48:32.604907+00:00,56b412e7a3c0fb93251b1e57e4485f341a885ae57316fc0c17d6895211b9ab94,,UNVERIFIED
EP-01,Outlaw World,00:04:36,276,846823,https://animehistory.org/uploads/screencaps/outlaw-star-E001-Outlaw-World/cap_00-04-36_569d.jpg,Outlaw Star Ep 1: Outlaw World @ 00:04:36,https://animehistory.org/gallery/screencaps/outlaw-star/episode-1/,https://animehistory.org/gallery/screencaps/outlaw-star/episode-1/,1,2026-10-07T01:48:32.604907+00:00,56b412e7a3c0fb93251b1e57e4485f341a885ae57316fc0c17d6895211b9ab94,,UNVERIFIED
EP-01,Outlaw World,00:04:39,279,846824,https://animehistory.org/uploads/screencaps/outlaw-star-E001-Outlaw-World/cap_00-04-39_33dc.jpg,Outlaw Star Ep 1: Outlaw World @ 00:04:39,https://animehistory.org/gallery/screencaps/outlaw-star/episode-1/,https://animehistory.org/gallery/screencaps/outlaw-star/episode-1/,1,2026-10-07T01:48:32.604907+00:00,56b412e7a3c0fb93251b1e57e4485f341a885ae57316fc0c17d6895211b9ab94,,UNVERIFIED
EP-01,Outlaw World,00:04:43,283,846825,https://animehistory.org/uploads/screencaps/outlaw-star-E001-Outlaw-World/cap_00-04-43_36e0.jpg,Outlaw Star Ep 1: Outlaw World @ 00:04:43,https://animehistory.org/gallery/screencaps/outlaw-star/episode-1/,https://animehistory.org/gallery/screencaps/outlaw-star/episode-1/,1,2026-10-07T01:48:32.604907+00:00,56b412e7a3c0fb93251b1e57e4485f341a885ae57316fc0c17d6895211b9ab94,,UNVERIFIED
EP-01,Outlaw World,00:04:46,286,846826,https://animehistory.org/uploads/screencaps/outlaw-star-E001-Outlaw-World/cap_00-04-46_23ee.jpg,Outlaw Star Ep 1: Outlaw World @ 00:04:46,https://animehistory.org/gallery/screencaps/outlaw-star/episode-1/,https://animehistory.org/gallery/screencaps/outlaw-star/episode-1/,1,2026-10-07T01:48:32.604907+00:00,56b412e7a3c0fb93251b1e57e4485f341a885ae57316fc0c17d6895211b9ab94,,UNVERIFIED
EP-01,Outlaw World,00:04:50,290,846827,https://animehistory.org/uploads/screencaps/outlaw-star-E001-Outlaw-World/cap_00-04-50_4b0a.jpg,Outlaw Star Ep 1: Outlaw World @ 00:04:50,https://animehistory.org/gallery/screencaps/outlaw-star/episode-1/,https://animehistory.org/gallery/screencaps/outlaw-star/episode-1/,1,2026-10-07T01:48:32.604907+00:00,56b412e7a3c0fb93251b1e57e4485f341a885ae57316fc0c17d6895211b9ab94,,UNVERIFIED
EP-01,Outlaw World,00:04:53,293,846828,https://animehistory.org/uploads/screencaps/outlaw-star-E001-Outlaw-World/cap_00-04-53_5e3e.jpg,Outlaw Star Ep 1: Outlaw World @ 00:04:53,https://animehistory.org/gallery/screencaps/outlaw-star/episode-1/,https://animehistory.org/gallery/screencaps/outlaw-star/episode-1/,1,2026-10-07T01:48:32.604907+00:00,56b412e7a3c0fb93251b1e57e4485f341a885ae57316fc0c17d6895211b9ab94,,UNVERIFIED
EP-01,Outlaw World,00:04:57,297,846829,https://animehistory.org/uploads/screencaps/outlaw-star-E001-Outlaw-World/cap_00-04-57_6d00.jpg,Outlaw Star Ep 1: Outlaw World @ 00:04:57,https://animehistory.org/gallery/screencaps/outlaw-star/episode-1/,https://animehistory.org/gallery/screencaps/outlaw-star/episode-1/,1,2026-10-07T01:48:32.604907+00:00,56b412e7a3c0fb93251b1e57e4485f341a885ae57316fc0c17d6895211b9ab94,,UNVERIFIED
EP-01,Outlaw World,00:05:00,300,846830,https://animehistory.org/uploads/screencaps/outlaw-star-E001-Outlaw-World/cap_00-05-00_2eb6.jpg,Outlaw Star Ep 1: Outlaw World @ 00:05:00,https://animehistory.org/gallery/screencaps/outlaw-star/episode-1/,https://animehistory.org/gallery/screencaps/outlaw-star/episode-1/,1,2026-10-07T01:48:32.604907+00:00,56b412e7a3c0fb93251b1e57e4485f341a885ae57316fc0c17d6895211b9ab94,,UNVERIFIED
EP-01,Outlaw World,00:05:03,303,846831,https://animehistory.org/uploads/screencaps/outlaw-star-E001-Outlaw-World/cap_00-05-03_268a.jpg,Outlaw Star Ep 1: Outlaw World @ 00:05:03,https://animehistory.org/gallery/screencaps/outlaw-star/episode-1/,https://animehistory.org/gallery/screencaps/outlaw-star/episode-1/,1,2026-10-07T01:48:32.604907+00:00,56b412e7a3c0fb93251b1e57e4485f341a885ae57316fc0c17d6895211b9ab94,,UNVERIFIED
EP-01,Outlaw World,00:05:07,307,846832,https://animehistory.org/uploads/screencaps/outlaw-star-E001-Outlaw-World/cap_00-05-07_1c63.jpg,Outlaw Star Ep 1: Outlaw World @ 00:05:07,https://animehistory.org/gallery/screencaps/outlaw-star/episode-1/,https://animehistory.org/gallery/screencaps/outlaw-star/episode-1/,1,2026-10-07T01:48:32.604907+00:00,56b412e7a3c0fb93251b1e57e4485f341a885ae57316fc0c17d6895211b9ab94,,UNVERIFIED
EP-01,Outlaw World,00:05:10,310,846833,https://animehistory.org/uploads/screencaps/outlaw-star-E001-Outlaw-World/cap_00-05-10_08d4.jpg,Outlaw Star Ep 1: Outlaw World @ 00:05:10,https://animehistory.org/gallery/screencaps/outlaw-star/episode-1/,https://animehistory.org/gallery/screencaps/outlaw-star/episode-1/,1,2026-10-07T01:48:32.604907+00:00,56b412e7a3c0fb93251b1e57e4485f341a885ae57316fc0c17d6895211b9ab94,,UNVERIFIED
EP-01,Outlaw World,00:05:14,314,846834,https://animehistory.org/uploads/screencaps/outlaw-star-E001-Outlaw-World/cap_00-05-14_1822.jpg,Outlaw Star Ep 1: Outlaw World @ 00:05:14,https://animehistory.org/gallery/screencaps/outlaw-star/episode-1/,https://animehistory.org/gallery/screencaps/outlaw-star/episode-1/,1,2026-10-07T01:48:32.604907+00:00,56b412e7a3c0fb93251b1e57e4485f341a885ae57316fc0c17d6895211b9ab94,,UNVERIFIED
EP-01,Outlaw World,00:05:17,317,846835,https://animehistory.org/uploads/screencaps/outlaw-star-E001-Outlaw-World/cap_00-05-17_39cb.jpg,Outlaw Star Ep 1: Outlaw World @ 00:05:17,https://animehistory.org/gallery/screencaps/outlaw-star/episode-1/,https://animehistory.org/gallery/screencaps/outlaw-star/episode-1/,1,2026-10-07T01:48:32.604907+00:00,56b412e7a3c0fb93251b1e57e4485f341a885ae57316fc0c17d6895211b9ab94,,UNVERIFIED
EP-01,Outlaw World,00:05:21,321,846836,https://animehistory.org/uploads/screencaps/outlaw-star-E001-Outlaw-World/cap_00-05-21_4b03.jpg,Outlaw Star Ep 1: Outlaw World @ 00:05:21,https://animehistory.org/gallery/screencaps/outlaw-star/episode-1/,https://animehistory.org/gallery/screencaps/outlaw-star/episode-1/,1,2026-10-07T01:48:32.604907+00:00,56b412e7a3c0fb93251b1e57e4485f341a885ae57316fc0c17d6895211b9ab94,,UNVERIFIED
EP-01,Outlaw World,00:05:24,324,846837,https://animehistory.org/uploads/screencaps/outlaw-star-E001-Outlaw-World/cap_00-05-24_471f.jpg,Outlaw Star Ep 1: Outlaw World @ 00:05:24,https://animehistory.org/gallery/screencaps/outlaw-star/episode-1/,https://animehistory.org/gallery/screencaps/outlaw-star/episode-1/,1,2026-10-07T01:48:32.604907+00:00,56b412e7a3c0fb93251b1e57e4485f341a885ae57316fc0c17d6895211b9ab94,,UNVERIFIED
EP-01,Outlaw World,00:05:28,328,846838,https://animehistory.org/uploads/screencaps/outlaw-star-E001-Outlaw-World/cap_00-05-28_7a49.jpg,Outlaw Star Ep 1: Outlaw World @ 00:05:28,https://animehistory.org/gallery/screencaps/outlaw-star/episode-1/,https://animehistory.org/gallery/screencaps/outlaw-star/episode-1/,1,2026-10-07T01:48:32.604907+00:00,56b412e7a3c0fb93251b1e57e4485f341a885ae57316fc0c17d6895211b9ab94,,UNVERIFIED
EP-01,Outlaw World,00:05:31,331,846839,https://animehistory.org/uploads/screencaps/outlaw-star-E001-Outlaw-World/cap_00-05-31_2909.jpg,Outlaw Star Ep 1: Outlaw World @ 00:05:31,https://animehistory.org/gallery/screencaps/outlaw-star/episode-1/,https://animehistory.org/gallery/screencaps/outlaw-star/episode-1/,1,2026-10-07T01:48:32.604907+00:00,56b412e7a3c0fb93251b1e57e4485f341a885ae57316fc0c17d6895211b9ab94,,UNVERIFIED
EP-01,Outlaw World,00:05:35,335,846840,https://animehistory.org/uploads/screencaps/outlaw-star-E001-Outlaw-World/cap_00-05-35_1106.jpg,Outlaw Star Ep 1: Outlaw World @ 00:05:35,https://animehistory.org/gallery/screencaps/outlaw-star/episode-1/,https://animehistory.org/gallery/screencaps/outlaw-star/episode-1/,1,2026-10-07T01:48:32.604907+00:00,56b412e7a3c0fb93251b1e57e4485f341a885ae57316fc0c17d6895211b9ab94,,UNVERIFIED
EP-01,Outlaw World,00:05:38,338,846841,https://animehistory.org/uploads/screencaps/outlaw-star-E001-Outlaw-World/cap_00-05-38_729e.jpg,Outlaw Star Ep 1: Outlaw World @ 00:05:38,https://animehistory.org/gallery/screencaps/outlaw-star/episode-1/,https://animehistory.org/gallery/screencaps/outlaw-star/episode-1/,1,2026-10-07T01:48:32.604907+00:00,56b412e7a3c0fb93251b1e57e4485f341a885ae57316fc0c17d6895211b9ab94,,UNVERIFIED
EP-01,Outlaw World,00:05:41,341,846842,https://animehistory.org/uploads/screencaps/outlaw-star-E001-Outlaw-World/cap_00-05-41_0850.jpg,Outlaw Star Ep 1: Outlaw World @ 00:05:41,https://animehistory.org/gallery/screencaps/outlaw-star/episode-1/,https://animehistory.org/gallery/screencaps/outlaw-star/episode-1/,1,2026-10-07T01:48:32.604907+00:00,56b412e7a3c0fb93251b1e57e4485f341a885ae57316fc0c17d6895211b9ab94,,UNVERIFIED
EP-01,Outlaw World,00:05:45,345,846843,https://animehistory.org/uploads/screencaps/outlaw-star-E001-Outlaw-World/cap_00-05-45_7f8d.jpg,Outlaw Star Ep 1: Outlaw World @ 00:05:45,https://animehistory.org/gallery/screencaps/outlaw-star/episode-1/,https://animehistory.org/gallery/screencaps/outlaw-star/episode-1/,1,2026-10-07T01:48:32.604907+00:00,56b412e7a3c0fb93251b1e57e4485f341a885ae57316fc0c17d6895211b9ab94,,UNVERIFIED
EP-01,Outlaw World,00:05:48,348,846844,https://animehistory.org/uploads/screencaps/outlaw-star-E001-Outlaw-World/cap_00-05-48_35c7.jpg,Outlaw Star Ep 1: Outlaw World @ 00:05:48,https://animehistory.org/gallery/screencaps/outlaw-star/episode-1/,https://animehistory.org/gallery/screencaps/outlaw-star/episode-1/,1,2026-10-07T01:48:32.604907+00:00,56b412e7a3c0fb93251b1e57e4485f341a885ae57316fc0c17d6895211b9ab94,,UNVERIFIED
EP-01,Outlaw World,00:05:52,352,846845,https://animehistory.org/uploads/screencaps/outlaw-star-E001-Outlaw-World/cap_00-05-52_31ba.jpg,Outlaw Star Ep 1: Outlaw World @ 00:05:52,https://animehistory.org/gallery/screencaps/outlaw-star/episode-1/,https://animehistory.org/gallery/screencaps/outlaw-star/episode-1/,1,2026-10-07T01:48:32.604907+00:00,56b412e7a3c0fb93251b1e57e4485f341a885ae57316fc0c17d6895211b9ab94,,UNVERIFIED
EP-01,Outlaw World,00:05:55,355,846846,https://animehistory.org/uploads/screencaps/outlaw-star-E001-Outlaw-World/cap_00-05-55_7561.jpg,Outlaw Star Ep 1: Outlaw World @ 00:05:55,https://animehistory.org/gallery/screencaps/outlaw-star/episode-1/,https://animehistory.org/gallery/screencaps/outlaw-star/episode-1/,1,2026-10-07T01:48:32.604907+00:00,56b412e7a3c0fb93251b1e57e4485f341a885ae57316fc0c17d6895211b9ab94,,UNVERIFIED
EP-01,Outlaw World,00:05:59,359,846847,https://animehistory.org/uploads/screencaps/outlaw-star-E001-Outlaw-World/cap_00-05-59_4628.jpg,Outlaw Star Ep 1: Outlaw World @ 00:05:59,https://animehistory.org/gallery/screencaps/outlaw-star/episode-1/,https://animehistory.org/gallery/screencaps/outlaw-star/episode-1/,1,2026-10-07T01:48:32.604907+00:00,56b412e7a3c0fb93251b1e57e4485f341a885ae57316fc0c17d6895211b9ab94,,UNVERIFIED
EP-01,Outlaw World,00:06:02,362,846848,https://animehistory.org/uploads/screencaps/outlaw-star-E001-Outlaw-World/cap_00-06-02_750a.jpg,Outlaw Star Ep 1: Outlaw World @ 00:06:02,https://animehistory.org/gallery/screencaps/outlaw-star/episode-1/,https://animehistory.org/gallery/screencaps/outlaw-star/episode-1/,1,2026-10-07T01:48:32.604907+00:00,56b412e7a3c0fb93251b1e57e4485f341a885ae57316fc0c17d6895211b9ab94,,UNVERIFIED
EP-01,Outlaw World,00:06:06,366,846849,https://animehistory.org/uploads/screencaps/outlaw-star-E001-Outlaw-World/cap_00-06-06_78f9.jpg,Outlaw Star Ep 1: Outlaw World @ 00:06:06,https://animehistory.org/gallery/screencaps/outlaw-star/episode-1/,https://animehistory.org/gallery/screencaps/outlaw-star/episode-1/,1,2026-10-07T01:48:32.604907+00:00,56b412e7a3c0fb93251b1e57e4485f341a885ae57316fc0c17d6895211b9ab94,,UNVERIFIED
EP-01,Outlaw World,00:06:09,369,846850,https://animehistory.org/uploads/screencaps/outlaw-star-E001-Outlaw-World/cap_00-06-09_50a7.jpg,Outlaw Star Ep 1: Outlaw World @ 00:06:09,https://animehistory.org/gallery/screencaps/outlaw-star/episode-1/,https://animehistory.org/gallery/screencaps/outlaw-star/episode-1/,1,2026-10-07T01:48:32.604907+00:00,56b412e7a3c0fb93251b1e57e4485f341a885ae57316fc0c17d6895211b9ab94,,UNVERIFIED
EP-01,Outlaw World,00:06:13,373,846851,https://animehistory.org/uploads/screencaps/outlaw-star-E001-Outlaw-World/cap_00-06-13_266c.jpg,Outlaw Star Ep 1: Outlaw World @ 00:06:13,https://animehistory.org/gallery/screencaps/outlaw-star/episode-1/,https://animehistory.org/gallery/screencaps/outlaw-star/episode-1/,1,2026-10-07T01:48:32.604907+00:00,56b412e7a3c0fb93251b1e57e4485f341a885ae57316fc0c17d6895211b9ab94,,UNVERIFIED
EP-01,Outlaw World,00:06:16,376,846852,https://animehistory.org/uploads/screencaps/outlaw-star-E001-Outlaw-World/cap_00-06-16_14e8.jpg,Outlaw Star Ep 1: Outlaw World @ 00:06:16,https://animehistory.org/gallery/screencaps/outlaw-star/episode-1/,https://animehistory.org/gallery/screencaps/outlaw-star/episode-1/,1,2026-10-07T01:48:32.604907+00:00,56b412e7a3c0fb93251b1e57e4485f341a885ae57316fc0c17d6895211b9ab94,,UNVERIFIED
EP-01,Outlaw World,00:06:19,379,846853,https://animehistory.org/uploads/screencaps/outlaw-star-E001-Outlaw-World/cap_00-06-19_1b39.jpg,Outlaw Star Ep 1: Outlaw World @ 00:06:19,https://animehistory.org/gallery/screencaps/outlaw-star/episode-1/,https://animehistory.org/gallery/screencaps/outlaw-star/episode-1/,1,2026-10-07T01:48:32.604907+00:00,56b412e7a3c0fb93251b1e57e4485f341a885ae57316fc0c17d6895211b9ab94,,UNVERIFIED
EP-01,Outlaw World,00:06:23,383,846854,https://animehistory.org/uploads/screencaps/outlaw-star-E001-Outlaw-World/cap_00-06-23_6d01.jpg,Outlaw Star Ep 1: Outlaw World @ 00:06:23,https://animehistory.org/gallery/screencaps/outlaw-star/episode-1/,https://animehistory.org/gallery/screencaps/outlaw-star/episode-1/,1,2026-10-07T01:48:32.604907+00:00,56b412e7a3c0fb93251b1e57e4485f341a885ae57316fc0c17d6895211b9ab94,,UNVERIFIED
EP-01,Outlaw World,00:06:26,386,846855,https://animehistory.org/uploads/screencaps/outlaw-star-E001-Outlaw-World/cap_00-06-26_63c8.jpg,Outlaw Star Ep 1: Outlaw World @ 00:06:26,https://animehistory.org/gallery/screencaps/outlaw-star/episode-1/,https://animehistory.org/gallery/screencaps/outlaw-star/episode-1/,1,2026-10-07T01:48:32.604907+00:00,56b412e7a3c0fb93251b1e57e4485f341a885ae57316fc0c17d6895211b9ab94,,UNVERIFIED
EP-01,Outlaw World,00:06:30,390,846856,https://animehistory.org/uploads/screencaps/outlaw-star-E001-Outlaw-World/cap_00-06-30_717a.jpg,Outlaw Star Ep 1: Outlaw World @ 00:06:30,https://animehistory.org/gallery/screencaps/outlaw-star/episode-1/,https://animehistory.org/gallery/screencaps/outlaw-star/episode-1/,1,2026-10-07T01:48:32.604907+00:00,56b412e7a3c0fb93251b1e57e4485f341a885ae57316fc0c17d6895211b9ab94,,UNVERIFIED
EP-01,Outlaw World,00:06:33,393,846857,https://animehistory.org/uploads/screencaps/outlaw-star-E001-Outlaw-World/cap_00-06-33_1891.jpg,Outlaw Star Ep 1: Outlaw World @ 00:06:33,https://animehistory.org/gallery/screencaps/outlaw-star/episode-1/,https://animehistory.org/gallery/screencaps/outlaw-star/episode-1/,1,2026-10-07T01:48:32.604907+00:00,56b412e7a3c0fb93251b1e57e4485f341a885ae57316fc0c17d6895211b9ab94,,UNVERIFIED
EP-01,Outlaw World,00:06:37,397,846858,https://animehistory.org/uploads/screencaps/outlaw-star-E001-Outlaw-World/cap_00-06-37_365d.jpg,Outlaw Star Ep 1: Outlaw World @ 00:06:37,https://animehistory.org/gallery/screencaps/outlaw-star/episode-1/,https://animehistory.org/gallery/screencaps/outlaw-star/episode-1/,1,2026-10-07T01:48:32.604907+00:00,56b412e7a3c0fb93251b1e57e4485f341a885ae57316fc0c17d6895211b9ab94,,UNVERIFIED
EP-01,Outlaw World,00:06:40,400,846859,https://animehistory.org/uploads/screencaps/outlaw-star-E001-Outlaw-World/cap_00-06-40_2b65.jpg,Outlaw Star Ep 1: Outlaw World @ 00:06:40,https://animehistory.org/gallery/screencaps/outlaw-star/episode-1/,https://animehistory.org/gallery/screencaps/outlaw-star/episode-1/,1,2026-10-07T01:48:32.604907+00:00,56b412e7a3c0fb93251b1e57e4485f341a885ae57316fc0c17d6895211b9ab94,,UNVERIFIED
EP-01,Outlaw World,00:06:44,404,846860,https://animehistory.org/uploads/screencaps/outlaw-star-E001-Outlaw-World/cap_00-06-44_04c3.jpg,Outlaw Star Ep 1: Outlaw World @ 00:06:44,https://animehistory.org/gallery/screencaps/outlaw-star/episode-1/,https://animehistory.org/gallery/screencaps/outlaw-star/episode-1/,1,2026-10-07T01:48:32.604907+00:00,56b412e7a3c0fb93251b1e57e4485f341a885ae57316fc0c17d6895211b9ab94,,UNVERIFIED
EP-01,Outlaw World,00:06:47,407,846861,https://animehistory.org/uploads/screencaps/outlaw-star-E001-Outlaw-World/cap_00-06-47_3cae.jpg,Outlaw Star Ep 1: Outlaw World @ 00:06:47,https://animehistory.org/gallery/screencaps/outlaw-star/episode-1/,https://animehistory.org/gallery/screencaps/outlaw-star/episode-1/,1,2026-10-07T01:48:32.604907+00:00,56b412e7a3c0fb93251b1e57e4485f341a885ae57316fc0c17d6895211b9ab94,,UNVERIFIED
EP-01,Outlaw World,00:06:51,411,846862,https://animehistory.org/uploads/screencaps/outlaw-star-E001-Outlaw-World/cap_00-06-51_0047.jpg,Outlaw Star Ep 1: Outlaw World @ 00:06:51,https://animehistory.org/gallery/screencaps/outlaw-star/episode-1/,https://animehistory.org/gallery/screencaps/outlaw-star/episode-1/,1,2026-10-07T01:48:32.604907+00:00,56b412e7a3c0fb93251b1e57e4485f341a885ae57316fc0c17d6895211b9ab94,,UNVERIFIED
EP-01,Outlaw World,00:06:54,414,846863,https://animehistory.org/uploads/screencaps/outlaw-star-E001-Outlaw-World/cap_00-06-54_278f.jpg,Outlaw Star Ep 1: Outlaw World @ 00:06:54,https://animehistory.org/gallery/screencaps/outlaw-star/episode-1/,https://animehistory.org/gallery/screencaps/outlaw-star/episode-1/,1,2026-10-07T01:48:32.604907+00:00,56b412e7a3c0fb93251b1e57e4485f341a885ae57316fc0c17d6895211b9ab94,,UNVERIFIED
EP-01,Outlaw World,00:06:57,417,846864,https://animehistory.org/uploads/screencaps/outlaw-star-E001-Outlaw-World/cap_00-06-57_003e.jpg,Outlaw Star Ep 1: Outlaw World @ 00:06:57,https://animehistory.org/gallery/screencaps/outlaw-star/episode-1/,https://animehistory.org/gallery/screencaps/outlaw-star/episode-1/,1,2026-10-07T01:48:32.604907+00:00,56b412e7a3c0fb93251b1e57e4485f341a885ae57316fc0c17d6895211b9ab94,,UNVERIFIED
EP-01,Outlaw World,00:07:01,421,846865,https://animehistory.org/uploads/screencaps/outlaw-star-E001-Outlaw-World/cap_00-07-01_0832.jpg,Outlaw Star Ep 1: Outlaw World @ 00:07:01,https://animehistory.org/gallery/screencaps/outlaw-star/episode-1/,https://animehistory.org/gallery/screencaps/outlaw-star/episode-1/,1,2026-10-07T01:48:32.604907+00:00,56b412e7a3c0fb93251b1e57e4485f341a885ae57316fc0c17d6895211b9ab94,,UNVERIFIED
EP-01,Outlaw World,00:07:04,424,846866,https://animehistory.org/uploads/screencaps/outlaw-star-E001-Outlaw-World/cap_00-07-04_6302.jpg,Outlaw Star Ep 1: Outlaw World @ 00:07:04,https://animehistory.org/gallery/screencaps/outlaw-star/episode-1/,https://animehistory.org/gallery/screencaps/outlaw-star/episode-1/,1,2026-10-07T01:48:32.604907+00:00,56b412e7a3c0fb93251b1e57e4485f341a885ae57316fc0c17d6895211b9ab94,,UNVERIFIED
EP-01,Outlaw World,00:07:08,428,846867,https://animehistory.org/uploads/screencaps/outlaw-star-E001-Outlaw-World/cap_00-07-08_1487.jpg,Outlaw Star Ep 1: Outlaw World @ 00:07:08,https://animehistory.org/gallery/screencaps/outlaw-star/episode-1/,https://animehistory.org/gallery/screencaps/outlaw-star/episode-1/,1,2026-10-07T01:48:32.604907+00:00,56b412e7a3c0fb93251b1e57e4485f341a885ae57316fc0c17d6895211b9ab94,,UNVERIFIED
EP-01,Outlaw World,00:07:11,431,846868,https://animehistory.org/uploads/screencaps/outlaw-star-E001-Outlaw-World/cap_00-07-11_321c.jpg,Outlaw Star Ep 1: Outlaw World @ 00:07:11,https://animehistory.org/gallery/screencaps/outlaw-star/episode-1/,https://animehistory.org/gallery/screencaps/outlaw-star/episode-1/,1,2026-10-07T01:48:32.604907+00:00,56b412e7a3c0fb93251b1e57e4485f341a885ae57316fc0c17d6895211b9ab94,,UNVERIFIED
EP-01,Outlaw World,00:07:15,435,846869,https://animehistory.org/uploads/screencaps/outlaw-star-E001-Outlaw-World/cap_00-07-15_6491.jpg,Outlaw Star Ep 1: Outlaw World @ 00:07:15,https://animehistory.org/gallery/screencaps/outlaw-star/episode-1/,https://animehistory.org/gallery/screencaps/outlaw-star/episode-1/,1,2026-10-07T01:48:32.604907+00:00,56b412e7a3c0fb93251b1e57e4485f341a885ae57316fc0c17d6895211b9ab94,,UNVERIFIED
EP-01,Outlaw World,00:07:18,438,846870,https://animehistory.org/uploads/screencaps/outlaw-star-E001-Outlaw-World/cap_00-07-18_620f.jpg,Outlaw Star Ep 1: Outlaw World @ 00:07:18,https://animehistory.org/gallery/screencaps/outlaw-star/episode-1/,https://animehistory.org/gallery/screencaps/outlaw-star/episode-1/,1,2026-10-07T01:48:32.604907+00:00,56b412e7a3c0fb93251b1e57e4485f341a885ae57316fc0c17d6895211b9ab94,,UNVERIFIED
EP-01,Outlaw World,00:07:22,442,846871,https://animehistory.org/uploads/screencaps/outlaw-star-E001-Outlaw-World/cap_00-07-22_12aa.jpg,Outlaw Star Ep 1: Outlaw World @ 00:07:22,https://animehistory.org/gallery/screencaps/outlaw-star/episode-1/,https://animehistory.org/gallery/screencaps/outlaw-star/episode-1/,1,2026-10-07T01:48:32.604907+00:00,56b412e7a3c0fb93251b1e57e4485f341a885ae57316fc0c17d6895211b9ab94,,UNVERIFIED
EP-01,Outlaw World,00:07:25,445,846872,https://animehistory.org/uploads/screencaps/outlaw-star-E001-Outlaw-World/cap_00-07-25_7068.jpg,Outlaw Star Ep 1: Outlaw World @ 00:07:25,https://animehistory.org/gallery/screencaps/outlaw-star/episode-1/,https://animehistory.org/gallery/screencaps/outlaw-star/episode-1/,1,2026-10-07T01:48:32.604907+00:00,56b412e7a3c0fb93251b1e57e4485f341a885ae57316fc0c17d6895211b9ab94,,UNVERIFIED
EP-01,Outlaw World,00:07:29,449,846873,https://animehistory.org/uploads/screencaps/outlaw-star-E001-Outlaw-World/cap_00-07-29_2bef.jpg,Outlaw Star Ep 1: Outlaw World @ 00:07:29,https://animehistory.org/gallery/screencaps/outlaw-star/episode-1/,https://animehistory.org/gallery/screencaps/outlaw-star/episode-1/?page=2,2,2026-10-07T01:48:33.689921+00:00,752fcf4f866d02a6a2122fdaeae7274e429450d8adff8b1a7a72101942e9f03b,,UNVERIFIED
EP-01,Outlaw World,00:07:32,452,846874,https://animehistory.org/uploads/screencaps/outlaw-star-E001-Outlaw-World/cap_00-07-32_69b5.jpg,Outlaw Star Ep 1: Outlaw World @ 00:07:32,https://animehistory.org/gallery/screencaps/outlaw-star/episode-1/,https://animehistory.org/gallery/screencaps/outlaw-star/episode-1/?page=2,2,2026-10-07T01:48:33.689921+00:00,752fcf4f866d02a6a2122fdaeae7274e429450d8adff8b1a7a72101942e9f03b,,UNVERIFIED
EP-01,Outlaw World,00:07:36,456,846875,https://animehistory.org/uploads/screencaps/outlaw-star-E001-Outlaw-World/cap_00-07-36_441d.jpg,Outlaw Star Ep 1: Outlaw World @ 00:07:36,https://animehistory.org/gallery/screencaps/outlaw-star/episode-1/,https://animehistory.org/gallery/screencaps/outlaw-star/episode-1/?page=2,2,2026-10-07T01:48:33.689921+00:00,752fcf4f866d02a6a2122fdaeae7274e429450d8adff8b1a7a72101942e9f03b,,UNVERIFIED
EP-01,Outlaw World,00:07:39,459,846876,https://animehistory.org/uploads/screencaps/outlaw-star-E001-Outlaw-World/cap_00-07-39_2f9c.jpg,Outlaw Star Ep 1: Outlaw World @ 00:07:39,https://animehistory.org/gallery/screencaps/outlaw-star/episode-1/,https://animehistory.org/gallery/screencaps/outlaw-star/episode-1/?page=2,2,2026-10-07T01:48:33.689921+00:00,752fcf4f866d02a6a2122fdaeae7274e429450d8adff8b1a7a72101942e9f03b,,UNVERIFIED
EP-01,Outlaw World,00:07:42,462,846877,https://animehistory.org/uploads/screencaps/outlaw-star-E001-Outlaw-World/cap_00-07-42_6b44.jpg,Outlaw Star Ep 1: Outlaw World @ 00:07:42,https://animehistory.org/gallery/screencaps/outlaw-star/episode-1/,https://animehistory.org/gallery/screencaps/outlaw-star/episode-1/?page=2,2,2026-10-07T01:48:33.689921+00:00,752fcf4f866d02a6a2122fdaeae7274e429450d8adff8b1a7a72101942e9f03b,,UNVERIFIED
EP-01,Outlaw World,00:07:46,466,846878,https://animehistory.org/uploads/screencaps/outlaw-star-E001-Outlaw-World/cap_00-07-46_05e5.jpg,Outlaw Star Ep 1: Outlaw World @ 00:07:46,https://animehistory.org/gallery/screencaps/outlaw-star/episode-1/,https://animehistory.org/gallery/screencaps/outlaw-star/episode-1/?page=2,2,2026-10-07T01:48:33.689921+00:00,752fcf4f866d02a6a2122fdaeae7274e429450d8adff8b1a7a72101942e9f03b,,UNVERIFIED
EP-01,Outlaw World,00:07:49,469,846879,https://animehistory.org/uploads/screencaps/outlaw-star-E001-Outlaw-World/cap_00-07-49_6370.jpg,Outlaw Star Ep 1: Outlaw World @ 00:07:49,https://animehistory.org/gallery/screencaps/outlaw-star/episode-1/,https://animehistory.org/gallery/screencaps/outlaw-star/episode-1/?page=2,2,2026-10-07T01:48:33.689921+00:00,752fcf4f866d02a6a2122fdaeae7274e429450d8adff8b1a7a72101942e9f03b,,UNVERIFIED
EP-01,Outlaw World,00:07:53,473,846880,https://animehistory.org/uploads/screencaps/outlaw-star-E001-Outlaw-World/cap_00-07-53_2aac.jpg,Outlaw Star Ep 1: Outlaw World @ 00:07:53,https://animehistory.org/gallery/screencaps/outlaw-star/episode-1/,https://animehistory.org/gallery/screencaps/outlaw-star/episode-1/?page=2,2,2026-10-07T01:48:33.689921+00:00,752fcf4f866d02a6a2122fdaeae7274e429450d8adff8b1a7a72101942e9f03b,,UNVERIFIED
EP-01,Outlaw World,00:07:56,476,846881,https://animehistory.org/uploads/screencaps/outlaw-star-E001-Outlaw-World/cap_00-07-56_4096.jpg,Outlaw Star Ep 1: Outlaw World @ 00:07:56,https://animehistory.org/gallery/screencaps/outlaw-star/episode-1/,https://animehistory.org/gallery/screencaps/outlaw-star/episode-1/?page=2,2,2026-10-07T01:48:33.689921+00:00,752fcf4f866d02a6a2122fdaeae7274e429450d8adff8b1a7a72101942e9f03b,,UNVERIFIED
EP-01,Outlaw World,00:08:00,480,846882,https://animehistory.org/uploads/screencaps/outlaw-star-E001-Outlaw-World/cap_00-08-00_7f70.jpg,Outlaw Star Ep 1: Outlaw World @ 00:08:00,https://animehistory.org/gallery/screencaps/outlaw-star/episode-1/,https://animehistory.org/gallery/screencaps/outlaw-star/episode-1/?page=2,2,2026-10-07T01:48:33.689921+00:00,752fcf4f866d02a6a2122fdaeae7274e429450d8adff8b1a7a72101942e9f03b,,UNVERIFIED
EP-01,Outlaw World,00:08:03,483,846883,https://animehistory.org/uploads/screencaps/outlaw-star-E001-Outlaw-World/cap_00-08-03_395b.jpg,Outlaw Star Ep 1: Outlaw World @ 00:08:03,https://animehistory.org/gallery/screencaps/outlaw-star/episode-1/,https://animehistory.org/gallery/screencaps/outlaw-star/episode-1/?page=2,2,2026-10-07T01:48:33.689921+00:00,752fcf4f866d02a6a2122fdaeae7274e429450d8adff8b1a7a72101942e9f03b,,UNVERIFIED
EP-01,Outlaw World,00:08:07,487,846884,https://animehistory.org/uploads/screencaps/outlaw-star-E001-Outlaw-World/cap_00-08-07_379f.jpg,Outlaw Star Ep 1: Outlaw World @ 00:08:07,https://animehistory.org/gallery/screencaps/outlaw-star/episode-1/,https://animehistory.org/gallery/screencaps/outlaw-star/episode-1/?page=2,2,2026-10-07T01:48:33.689921+00:00,752fcf4f866d02a6a2122fdaeae7274e429450d8adff8b1a7a72101942e9f03b,,UNVERIFIED
EP-01,Outlaw World,00:08:10,490,846885,https://animehistory.org/uploads/screencaps/outlaw-star-E001-Outlaw-World/cap_00-08-10_174a.jpg,Outlaw Star Ep 1: Outlaw World @ 00:08:10,https://animehistory.org/gallery/screencaps/outlaw-star/episode-1/,https://animehistory.org/gallery/screencaps/outlaw-star/episode-1/?page=2,2,2026-10-07T01:48:33.689921+00:00,752fcf4f866d02a6a2122fdaeae7274e429450d8adff8b1a7a72101942e9f03b,,UNVERIFIED
EP-01,Outlaw World,00:08:14,494,846886,https://animehistory.org/uploads/screencaps/outlaw-star-E001-Outlaw-World/cap_00-08-14_25ff.jpg,Outlaw Star Ep 1: Outlaw World @ 00:08:14,https://animehistory.org/gallery/screencaps/outlaw-star/episode-1/,https://animehistory.org/gallery/screencaps/outlaw-star/episode-1/?page=2,2,2026-10-07T01:48:33.689921+00:00,752fcf4f866d02a6a2122fdaeae7274e429450d8adff8b1a7a72101942e9f03b,,UNVERIFIED
EP-01,Outlaw World,00:08:17,497,846887,https://animehistory.org/uploads/screencaps/outlaw-star-E001-Outlaw-World/cap_00-08-17_245e.jpg,Outlaw Star Ep 1: Outlaw World @ 00:08:17,https://animehistory.org/gallery/screencaps/outlaw-star/episode-1/,https://animehistory.org/gallery/screencaps/outlaw-star/episode-1/?page=2,2,2026-10-07T01:48:33.689921+00:00,752fcf4f866d02a6a2122fdaeae7274e429450d8adff8b1a7a72101942e9f03b,,UNVERIFIED
EP-01,Outlaw World,00:08:20,500,846888,https://animehistory.org/uploads/screencaps/outlaw-star-E001-Outlaw-World/cap_00-08-20_0f72.jpg,Outlaw Star Ep 1: Outlaw World @ 00:08:20,https://animehistory.org/gallery/screencaps/outlaw-star/episode-1/,https://animehistory.org/gallery/screencaps/outlaw-star/episode-1/?page=2,2,2026-10-07T01:48:33.689921+00:00,752fcf4f866d02a6a2122fdaeae7274e429450d8adff8b1a7a72101942e9f03b,,UNVERIFIED
EP-01,Outlaw World,00:08:24,504,846889,https://animehistory.org/uploads/screencaps/outlaw-star-E001-Outlaw-World/cap_00-08-24_2ca5.jpg,Outlaw Star Ep 1: Outlaw World @ 00:08:24,https://animehistory.org/gallery/screencaps/outlaw-star/episode-1/,https://animehistory.org/gallery/screencaps/outlaw-star/episode-1/?page=2,2,2026-10-07T01:48:33.689921+00:00,752fcf4f866d02a6a2122fdaeae7274e429450d8adff8b1a7a72101942e9f03b,,UNVERIFIED
EP-01,Outlaw World,00:08:27,507,846890,https://animehistory.org/uploads/screencaps/outlaw-star-E001-Outlaw-World/cap_00-08-27_7d50.jpg,Outlaw Star Ep 1: Outlaw World @ 00:08:27,https://animehistory.org/gallery/screencaps/outlaw-star/episode-1/,https://animehistory.org/gallery/screencaps/outlaw-star/episode-1/?page=2,2,2026-10-07T01:48:33.689921+00:00,752fcf4f866d02a6a2122fdaeae7274e429450d8adff8b1a7a72101942e9f03b,,UNVERIFIED
EP-01,Outlaw World,00:08:31,511,846891,https://animehistory.org/uploads/screencaps/outlaw-star-E001-Outlaw-World/cap_00-08-31_687e.jpg,Outlaw Star Ep 1: Outlaw World @ 00:08:31,https://animehistory.org/gallery/screencaps/outlaw-star/episode-1/,https://animehistory.org/gallery/screencaps/outlaw-star/episode-1/?page=2,2,2026-10-07T01:48:33.689921+00:00,752fcf4f866d02a6a2122fdaeae7274e429450d8adff8b1a7a72101942e9f03b,,UNVERIFIED
EP-01,Outlaw World,00:08:34,514,846892,https://animehistory.org/uploads/screencaps/outlaw-star-E001-Outlaw-World/cap_00-08-34_1760.jpg,Outlaw Star Ep 1: Outlaw World @ 00:08:34,https://animehistory.org/gallery/screencaps/outlaw-star/episode-1/,https://animehistory.org/gallery/screencaps/outlaw-star/episode-1/?page=2,2,2026-10-07T01:48:33.689921+00:00,752fcf4f866d02a6a2122fdaeae7274e429450d8adff8b1a7a72101942e9f03b,,UNVERIFIED
EP-01,Outlaw World,00:08:38,518,846893,https://animehistory.org/uploads/screencaps/outlaw-star-E001-Outlaw-World/cap_00-08-38_2706.jpg,Outlaw Star Ep 1: Outlaw World @ 00:08:38,https://animehistory.org/gallery/screencaps/outlaw-star/episode-1/,https://animehistory.org/gallery/screencaps/outlaw-star/episode-1/?page=2,2,2026-10-07T01:48:33.689921+00:00,752fcf4f866d02a6a2122fdaeae7274e429450d8adff8b1a7a72101942e9f03b,,UNVERIFIED
EP-01,Outlaw World,00:08:41,521,846894,https://animehistory.org/uploads/screencaps/outlaw-star-E001-Outlaw-World/cap_00-08-41_4782.jpg,Outlaw Star Ep 1: Outlaw World @ 00:08:41,https://animehistory.org/gallery/screencaps/outlaw-star/episode-1/,https://animehistory.org/gallery/screencaps/outlaw-star/episode-1/?page=2,2,2026-10-07T01:48:33.689921+00:00,752fcf4f866d02a6a2122fdaeae7274e429450d8adff8b1a7a72101942e9f03b,,UNVERIFIED
EP-01,Outlaw World,00:08:45,525,846895,https://animehistory.org/uploads/screencaps/outlaw-star-E001-Outlaw-World/cap_00-08-45_6736.jpg,Outlaw Star Ep 1: Outlaw World @ 00:08:45,https://animehistory.org/gallery/screencaps/outlaw-star/episode-1/,https://animehistory.org/gallery/screencaps/outlaw-star/episode-1/?page=2,2,2026-10-07T01:48:33.689921+00:00,752fcf4f866d02a6a2122fdaeae7274e429450d8adff8b1a7a72101942e9f03b,,UNVERIFIED
EP-01,Outlaw World,00:08:48,528,846896,https://animehistory.org/uploads/screencaps/outlaw-star-E001-Outlaw-World/cap_00-08-48_20f4.jpg,Outlaw Star Ep 1: Outlaw World @ 00:08:48,https://animehistory.org/gallery/screencaps/outlaw-star/episode-1/,https://animehistory.org/gallery/screencaps/outlaw-star/episode-1/?page=2,2,2026-10-07T01:48:33.689921+00:00,752fcf4f866d02a6a2122fdaeae7274e429450d8adff8b1a7a72101942e9f03b,,UNVERIFIED
EP-01,Outlaw World,00:08:52,532,846897,https://animehistory.org/uploads/screencaps/outlaw-star-E001-Outlaw-World/cap_00-08-52_17e5.jpg,Outlaw Star Ep 1: Outlaw World @ 00:08:52,https://animehistory.org/gallery/screencaps/outlaw-star/episode-1/,https://animehistory.org/gallery/screencaps/outlaw-star/episode-1/?page=2,2,2026-10-07T01:48:33.689921+00:00,752fcf4f866d02a6a2122fdaeae7274e429450d8adff8b1a7a72101942e9f03b,,UNVERIFIED
EP-01,Outlaw World,00:08:55,535,846898,https://animehistory.org/uploads/screencaps/outlaw-star-E001-Outlaw-World/cap_00-08-55_6d99.jpg,Outlaw Star Ep 1: Outlaw World @ 00:08:55,https://animehistory.org/gallery/screencaps/outlaw-star/episode-1/,https://animehistory.org/gallery/screencaps/outlaw-star/episode-1/?page=2,2,2026-10-07T01:48:33.689921+00:00,752fcf4f866d02a6a2122fdaeae7274e429450d8adff8b1a7a72101942e9f03b,,UNVERIFIED
EP-01,Outlaw World,00:08:58,538,846899,https://animehistory.org/uploads/screencaps/outlaw-star-E001-Outlaw-World/cap_00-08-58_0bc3.jpg,Outlaw Star Ep 1: Outlaw World @ 00:08:58,https://animehistory.org/gallery/screencaps/outlaw-star/episode-1/,https://animehistory.org/gallery/screencaps/outlaw-star/episode-1/?page=2,2,2026-10-07T01:48:33.689921+00:00,752fcf4f866d02a6a2122fdaeae7274e429450d8adff8b1a7a72101942e9f03b,,UNVERIFIED
EP-01,Outlaw World,00:09:02,542,846900,https://animehistory.org/uploads/screencaps/outlaw-star-E001-Outlaw-World/cap_00-09-02_70f9.jpg,Outlaw Star Ep 1: Outlaw World @ 00:09:02,https://animehistory.org/gallery/screencaps/outlaw-star/episode-1/,https://animehistory.org/gallery/screencaps/outlaw-star/episode-1/?page=2,2,2026-10-07T01:48:33.689921+00:00,752fcf4f866d02a6a2122fdaeae7274e429450d8adff8b1a7a72101942e9f03b,,UNVERIFIED
EP-01,Outlaw World,00:09:05,545,846901,https://animehistory.org/uploads/screencaps/outlaw-star-E001-Outlaw-World/cap_00-09-05_1052.jpg,Outlaw Star Ep 1: Outlaw World @ 00:09:05,https://animehistory.org/gallery/screencaps/outlaw-star/episode-1/,https://animehistory.org/gallery/screencaps/outlaw-star/episode-1/?page=2,2,2026-10-07T01:48:33.689921+00:00,752fcf4f866d02a6a2122fdaeae7274e429450d8adff8b1a7a72101942e9f03b,,UNVERIFIED
EP-01,Outlaw World,00:09:09,549,846902,https://animehistory.org/uploads/screencaps/outlaw-star-E001-Outlaw-World/cap_00-09-09_456a.jpg,Outlaw Star Ep 1: Outlaw World @ 00:09:09,https://animehistory.org/gallery/screencaps/outlaw-star/episode-1/,https://animehistory.org/gallery/screencaps/outlaw-star/episode-1/?page=2,2,2026-10-07T01:48:33.689921+00:00,752fcf4f866d02a6a2122fdaeae7274e429450d8adff8b1a7a72101942e9f03b,,UNVERIFIED
EP-01,Outlaw World,00:09:12,552,846903,https://animehistory.org/uploads/screencaps/outlaw-star-E001-Outlaw-World/cap_00-09-12_4dcb.jpg,Outlaw Star Ep 1: Outlaw World @ 00:09:12,https://animehistory.org/gallery/screencaps/outlaw-star/episode-1/,https://animehistory.org/gallery/screencaps/outlaw-star/episode-1/?page=2,2,2026-10-07T01:48:33.689921+00:00,752fcf4f866d02a6a2122fdaeae7274e429450d8adff8b1a7a72101942e9f03b,,UNVERIFIED
EP-01,Outlaw World,00:09:16,556,846904,https://animehistory.org/uploads/screencaps/outlaw-star-E001-Outlaw-World/cap_00-09-16_43af.jpg,Outlaw Star Ep 1: Outlaw World @ 00:09:16,https://animehistory.org/gallery/screencaps/outlaw-star/episode-1/,https://animehistory.org/gallery/screencaps/outlaw-star/episode-1/?page=2,2,2026-10-07T01:48:33.689921+00:00,752fcf4f866d02a6a2122fdaeae7274e429450d8adff8b1a7a72101942e9f03b,,UNVERIFIED
EP-01,Outlaw World,00:09:19,559,846905,https://animehistory.org/uploads/screencaps/outlaw-star-E001-Outlaw-World/cap_00-09-19_5f4f.jpg,Outlaw Star Ep 1: Outlaw World @ 00:09:19,https://animehistory.org/gallery/screencaps/outlaw-star/episode-1/,https://animehistory.org/gallery/screencaps/outlaw-star/episode-1/?page=2,2,2026-10-07T01:48:33.689921+00:00,752fcf4f866d02a6a2122fdaeae7274e429450d8adff8b1a7a72101942e9f03b,,UNVERIFIED
EP-01,Outlaw World,00:09:23,563,846906,https://animehistory.org/uploads/screencaps/outlaw-star-E001-Outlaw-World/cap_00-09-23_07b0.jpg,Outlaw Star Ep 1: Outlaw World @ 00:09:23,https://animehistory.org/gallery/screencaps/outlaw-star/episode-1/,https://animehistory.org/gallery/screencaps/outlaw-star/episode-1/?page=2,2,2026-10-07T01:48:33.689921+00:00,752fcf4f866d02a6a2122fdaeae7274e429450d8adff8b1a7a72101942e9f03b,,UNVERIFIED
EP-01,Outlaw World,00:09:26,566,846907,https://animehistory.org/uploads/screencaps/outlaw-star-E001-Outlaw-World/cap_00-09-26_36ed.jpg,Outlaw Star Ep 1: Outlaw World @ 00:09:26,https://animehistory.org/gallery/screencaps/outlaw-star/episode-1/,https://animehistory.org/gallery/screencaps/outlaw-star/episode-1/?page=2,2,2026-10-07T01:48:33.689921+00:00,752fcf4f866d02a6a2122fdaeae7274e429450d8adff8b1a7a72101942e9f03b,,UNVERIFIED
EP-01,Outlaw World,00:09:30,570,846908,https://animehistory.org/uploads/screencaps/outlaw-star-E001-Outlaw-World/cap_00-09-30_7ff2.jpg,Outlaw Star Ep 1: Outlaw World @ 00:09:30,https://animehistory.org/gallery/screencaps/outlaw-star/episode-1/,https://animehistory.org/gallery/screencaps/outlaw-star/episode-1/?page=2,2,2026-10-07T01:48:33.689921+00:00,752fcf4f866d02a6a2122fdaeae7274e429450d8adff8b1a7a72101942e9f03b,,UNVERIFIED
EP-01,Outlaw World,00:09:33,573,846909,https://animehistory.org/uploads/screencaps/outlaw-star-E001-Outlaw-World/cap_00-09-33_7c2e.jpg,Outlaw Star Ep 1: Outlaw World @ 00:09:33,https://animehistory.org/gallery/screencaps/outlaw-star/episode-1/,https://animehistory.org/gallery/screencaps/outlaw-star/episode-1/?page=2,2,2026-10-07T01:48:33.689921+00:00,752fcf4f866d02a6a2122fdaeae7274e429450d8adff8b1a7a72101942e9f03b,,UNVERIFIED
EP-01,Outlaw World,00:09:36,576,846910,https://animehistory.org/uploads/screencaps/outlaw-star-E001-Outlaw-World/cap_00-09-36_4bc6.jpg,Outlaw Star Ep 1: Outlaw World @ 00:09:36,https://animehistory.org/gallery/screencaps/outlaw-star/episode-1/,https://animehistory.org/gallery/screencaps/outlaw-star/episode-1/?page=2,2,2026-10-07T01:48:33.689921+00:00,752fcf4f866d02a6a2122fdaeae7274e429450d8adff8b1a7a72101942e9f03b,,UNVERIFIED
EP-01,Outlaw World,00:09:40,580,846911,https://animehistory.org/uploads/screencaps/outlaw-star-E001-Outlaw-World/cap_00-09-40_6cb6.jpg,Outlaw Star Ep 1: Outlaw World @ 00:09:40,https://animehistory.org/gallery/screencaps/outlaw-star/episode-1/,https://animehistory.org/gallery/screencaps/outlaw-star/episode-1/?page=2,2,2026-10-07T01:48:33.689921+00:00,752fcf4f866d02a6a2122fdaeae7274e429450d8adff8b1a7a72101942e9f03b,,UNVERIFIED
EP-01,Outlaw World,00:09:43,583,846912,https://animehistory.org/uploads/screencaps/outlaw-star-E001-Outlaw-World/cap_00-09-43_0bc4.jpg,Outlaw Star Ep 1: Outlaw World @ 00:09:43,https://animehistory.org/gallery/screencaps/outlaw-star/episode-1/,https://animehistory.org/gallery/screencaps/outlaw-star/episode-1/?page=2,2,2026-10-07T01:48:33.689921+00:00,752fcf4f866d02a6a2122fdaeae7274e429450d8adff8b1a7a72101942e9f03b,,UNVERIFIED
EP-01,Outlaw World,00:09:47,587,846913,https://animehistory.org/uploads/screencaps/outlaw-star-E001-Outlaw-World/cap_00-09-47_4f86.jpg,Outlaw Star Ep 1: Outlaw World @ 00:09:47,https://animehistory.org/gallery/screencaps/outlaw-star/episode-1/,https://animehistory.org/gallery/screencaps/outlaw-star/episode-1/?page=2,2,2026-10-07T01:48:33.689921+00:00,752fcf4f866d02a6a2122fdaeae7274e429450d8adff8b1a7a72101942e9f03b,,UNVERIFIED
EP-01,Outlaw World,00:09:50,590,846914,https://animehistory.org/uploads/screencaps/outlaw-star-E001-Outlaw-World/cap_00-09-50_05ed.jpg,Outlaw Star Ep 1: Outlaw World @ 00:09:50,https://animehistory.org/gallery/screencaps/outlaw-star/episode-1/,https://animehistory.org/gallery/screencaps/outlaw-star/episode-1/?page=2,2,2026-10-07T01:48:33.689921+00:00,752fcf4f866d02a6a2122fdaeae7274e429450d8adff8b1a7a72101942e9f03b,,UNVERIFIED
EP-01,Outlaw World,00:09:54,594,846915,https://animehistory.org/uploads/screencaps/outlaw-star-E001-Outlaw-World/cap_00-09-54_0e40.jpg,Outlaw Star Ep 1: Outlaw World @ 00:09:54,https://animehistory.org/gallery/screencaps/outlaw-star/episode-1/,https://animehistory.org/gallery/screencaps/outlaw-star/episode-1/?page=2,2,2026-10-07T01:48:33.689921+00:00,752fcf4f866d02a6a2122fdaeae7274e429450d8adff8b1a7a72101942e9f03b,,UNVERIFIED
EP-01,Outlaw World,00:09:57,597,846916,https://animehistory.org/uploads/screencaps/outlaw-star-E001-Outlaw-World/cap_00-09-57_5ccc.jpg,Outlaw Star Ep 1: Outlaw World @ 00:09:57,https://animehistory.org/gallery/screencaps/outlaw-star/episode-1/,https://animehistory.org/gallery/screencaps/outlaw-star/episode-1/?page=2,2,2026-10-07T01:48:33.689921+00:00,752fcf4f866d02a6a2122fdaeae7274e429450d8adff8b1a7a72101942e9f03b,,UNVERIFIED
EP-01,Outlaw World,00:10:01,601,846917,https://animehistory.org/uploads/screencaps/outlaw-star-E001-Outlaw-World/cap_00-10-01_41ee.jpg,Outlaw Star Ep 1: Outlaw World @ 00:10:01,https://animehistory.org/gallery/screencaps/outlaw-star/episode-1/,https://animehistory.org/gallery/screencaps/outlaw-star/episode-1/?page=2,2,2026-10-07T01:48:33.689921+00:00,752fcf4f866d02a6a2122fdaeae7274e429450d8adff8b1a7a72101942e9f03b,,UNVERIFIED
EP-01,Outlaw World,00:10:04,604,846918,https://animehistory.org/uploads/screencaps/outlaw-star-E001-Outlaw-World/cap_00-10-04_6a8e.jpg,Outlaw Star Ep 1: Outlaw World @ 00:10:04,https://animehistory.org/gallery/screencaps/outlaw-star/episode-1/,https://animehistory.org/gallery/screencaps/outlaw-star/episode-1/?page=2,2,2026-10-07T01:48:33.689921+00:00,752fcf4f866d02a6a2122fdaeae7274e429450d8adff8b1a7a72101942e9f03b,,UNVERIFIED
EP-01,Outlaw World,00:10:08,608,846919,https://animehistory.org/uploads/screencaps/outlaw-star-E001-Outlaw-World/cap_00-10-08_39e0.jpg,Outlaw Star Ep 1: Outlaw World @ 00:10:08,https://animehistory.org/gallery/screencaps/outlaw-star/episode-1/,https://animehistory.org/gallery/screencaps/outlaw-star/episode-1/?page=2,2,2026-10-07T01:48:33.689921+00:00,752fcf4f866d02a6a2122fdaeae7274e429450d8adff8b1a7a72101942e9f03b,,UNVERIFIED
EP-01,Outlaw World,00:10:11,611,846920,https://animehistory.org/uploads/screencaps/outlaw-star-E001-Outlaw-World/cap_00-10-11_1c65.jpg,Outlaw Star Ep 1: Outlaw World @ 00:10:11,https://animehistory.org/gallery/screencaps/outlaw-star/episode-1/,https://animehistory.org/gallery/screencaps/outlaw-star/episode-1/?page=2,2,2026-10-07T01:48:33.689921+00:00,752fcf4f866d02a6a2122fdaeae7274e429450d8adff8b1a7a72101942e9f03b,,UNVERIFIED
EP-01,Outlaw World,00:10:14,614,846921,https://animehistory.org/uploads/screencaps/outlaw-star-E001-Outlaw-World/cap_00-10-14_2990.jpg,Outlaw Star Ep 1: Outlaw World @ 00:10:14,https://animehistory.org/gallery/screencaps/outlaw-star/episode-1/,https://animehistory.org/gallery/screencaps/outlaw-star/episode-1/?page=2,2,2026-10-07T01:48:33.689921+00:00,752fcf4f866d02a6a2122fdaeae7274e429450d8adff8b1a7a72101942e9f03b,,UNVERIFIED
EP-01,Outlaw World,00:10:18,618,846922,https://animehistory.org/uploads/screencaps/outlaw-star-E001-Outlaw-World/cap_00-10-18_7edd.jpg,Outlaw Star Ep 1: Outlaw World @ 00:10:18,https://animehistory.org/gallery/screencaps/outlaw-star/episode-1/,https://animehistory.org/gallery/screencaps/outlaw-star/episode-1/?page=2,2,2026-10-07T01:48:33.689921+00:00,752fcf4f866d02a6a2122fdaeae7274e429450d8adff8b1a7a72101942e9f03b,,UNVERIFIED
EP-01,Outlaw World,00:10:21,621,846923,https://animehistory.org/uploads/screencaps/outlaw-star-E001-Outlaw-World/cap_00-10-21_0226.jpg,Outlaw Star Ep 1: Outlaw World @ 00:10:21,https://animehistory.org/gallery/screencaps/outlaw-star/episode-1/,https://animehistory.org/gallery/screencaps/outlaw-star/episode-1/?page=2,2,2026-10-07T01:48:33.689921+00:00,752fcf4f866d02a6a2122fdaeae7274e429450d8adff8b1a7a72101942e9f03b,,UNVERIFIED
EP-01,Outlaw World,00:10:25,625,846924,https://animehistory.org/uploads/screencaps/outlaw-star-E001-Outlaw-World/cap_00-10-25_243a.jpg,Outlaw Star Ep 1: Outlaw World @ 00:10:25,https://animehistory.org/gallery/screencaps/outlaw-star/episode-1/,https://animehistory.org/gallery/screencaps/outlaw-star/episode-1/?page=2,2,2026-10-07T01:48:33.689921+00:00,752fcf4f866d02a6a2122fdaeae7274e429450d8adff8b1a7a72101942e9f03b,,UNVERIFIED
EP-01,Outlaw World,00:10:28,628,846925,https://animehistory.org/uploads/screencaps/outlaw-star-E001-Outlaw-World/cap_00-10-28_5569.jpg,Outlaw Star Ep 1: Outlaw World @ 00:10:28,https://animehistory.org/gallery/screencaps/outlaw-star/episode-1/,https://animehistory.org/gallery/screencaps/outlaw-star/episode-1/?page=2,2,2026-10-07T01:48:33.689921+00:00,752fcf4f866d02a6a2122fdaeae7274e429450d8adff8b1a7a72101942e9f03b,,UNVERIFIED
EP-01,Outlaw World,00:10:32,632,846926,https://animehistory.org/uploads/screencaps/outlaw-star-E001-Outlaw-World/cap_00-10-32_1712.jpg,Outlaw Star Ep 1: Outlaw World @ 00:10:32,https://animehistory.org/gallery/screencaps/outlaw-star/episode-1/,https://animehistory.org/gallery/screencaps/outlaw-star/episode-1/?page=2,2,2026-10-07T01:48:33.689921+00:00,752fcf4f866d02a6a2122fdaeae7274e429450d8adff8b1a7a72101942e9f03b,,UNVERIFIED
EP-01,Outlaw World,00:10:35,635,846927,https://animehistory.org/uploads/screencaps/outlaw-star-E001-Outlaw-World/cap_00-10-35_420e.jpg,Outlaw Star Ep 1: Outlaw World @ 00:10:35,https://animehistory.org/gallery/screencaps/outlaw-star/episode-1/,https://animehistory.org/gallery/screencaps/outlaw-star/episode-1/?page=2,2,2026-10-07T01:48:33.689921+00:00,752fcf4f866d02a6a2122fdaeae7274e429450d8adff8b1a7a72101942e9f03b,,UNVERIFIED
EP-01,Outlaw World,00:10:39,639,846928,https://animehistory.org/uploads/screencaps/outlaw-star-E001-Outlaw-World/cap_00-10-39_7512.jpg,Outlaw Star Ep 1: Outlaw World @ 00:10:39,https://animehistory.org/gallery/screencaps/outlaw-star/episode-1/,https://animehistory.org/gallery/screencaps/outlaw-star/episode-1/?page=2,2,2026-10-07T01:48:33.689921+00:00,752fcf4f866d02a6a2122fdaeae7274e429450d8adff8b1a7a72101942e9f03b,,UNVERIFIED
EP-01,Outlaw World,00:10:42,642,846929,https://animehistory.org/uploads/screencaps/outlaw-star-E001-Outlaw-World/cap_00-10-42_72f5.jpg,Outlaw Star Ep 1: Outlaw World @ 00:10:42,https://animehistory.org/gallery/screencaps/outlaw-star/episode-1/,https://animehistory.org/gallery/screencaps/outlaw-star/episode-1/?page=2,2,2026-10-07T01:48:33.689921+00:00,752fcf4f866d02a6a2122fdaeae7274e429450d8adff8b1a7a72101942e9f03b,,UNVERIFIED
EP-01,Outlaw World,00:10:46,646,846930,https://animehistory.org/uploads/screencaps/outlaw-star-E001-Outlaw-World/cap_00-10-46_38ef.jpg,Outlaw Star Ep 1: Outlaw World @ 00:10:46,https://animehistory.org/gallery/screencaps/outlaw-star/episode-1/,https://animehistory.org/gallery/screencaps/outlaw-star/episode-1/?page=2,2,2026-10-07T01:48:33.689921+00:00,752fcf4f866d02a6a2122fdaeae7274e429450d8adff8b1a7a72101942e9f03b,,UNVERIFIED
EP-01,Outlaw World,00:10:49,649,846931,https://animehistory.org/uploads/screencaps/outlaw-star-E001-Outlaw-World/cap_00-10-49_7899.jpg,Outlaw Star Ep 1: Outlaw World @ 00:10:49,https://animehistory.org/gallery/screencaps/outlaw-star/episode-1/,https://animehistory.org/gallery/screencaps/outlaw-star/episode-1/?page=2,2,2026-10-07T01:48:33.689921+00:00,752fcf4f866d02a6a2122fdaeae7274e429450d8adff8b1a7a72101942e9f03b,,UNVERIFIED
EP-01,Outlaw World,00:10:53,653,846932,https://animehistory.org/uploads/screencaps/outlaw-star-E001-Outlaw-World/cap_00-10-53_3927.jpg,Outlaw Star Ep 1: Outlaw World @ 00:10:53,https://animehistory.org/gallery/screencaps/outlaw-star/episode-1/,https://animehistory.org/gallery/screencaps/outlaw-star/episode-1/?page=2,2,2026-10-07T01:48:33.689921+00:00,752fcf4f866d02a6a2122fdaeae7274e429450d8adff8b1a7a72101942e9f03b,,UNVERIFIED
EP-01,Outlaw World,00:10:56,656,846933,https://animehistory.org/uploads/screencaps/outlaw-star-E001-Outlaw-World/cap_00-10-56_1d3a.jpg,Outlaw Star Ep 1: Outlaw World @ 00:10:56,https://animehistory.org/gallery/screencaps/outlaw-star/episode-1/,https://animehistory.org/gallery/screencaps/outlaw-star/episode-1/?page=2,2,2026-10-07T01:48:33.689921+00:00,752fcf4f866d02a6a2122fdaeae7274e429450d8adff8b1a7a72101942e9f03b,,UNVERIFIED
EP-01,Outlaw World,00:10:59,659,846934,https://animehistory.org/uploads/screencaps/outlaw-star-E001-Outlaw-World/cap_00-10-59_2610.jpg,Outlaw Star Ep 1: Outlaw World @ 00:10:59,https://animehistory.org/gallery/screencaps/outlaw-star/episode-1/,https://animehistory.org/gallery/screencaps/outlaw-star/episode-1/?page=2,2,2026-10-07T01:48:33.689921+00:00,752fcf4f866d02a6a2122fdaeae7274e429450d8adff8b1a7a72101942e9f03b,,UNVERIFIED
EP-01,Outlaw World,00:11:03,663,846935,https://animehistory.org/uploads/screencaps/outlaw-star-E001-Outlaw-World/cap_00-11-03_245f.jpg,Outlaw Star Ep 1: Outlaw World @ 00:11:03,https://animehistory.org/gallery/screencaps/outlaw-star/episode-1/,https://animehistory.org/gallery/screencaps/outlaw-star/episode-1/?page=2,2,2026-10-07T01:48:33.689921+00:00,752fcf4f866d02a6a2122fdaeae7274e429450d8adff8b1a7a72101942e9f03b,,UNVERIFIED
EP-01,Outlaw World,00:11:06,666,846936,https://animehistory.org/uploads/screencaps/outlaw-star-E001-Outlaw-World/cap_00-11-06_164c.jpg,Outlaw Star Ep 1: Outlaw World @ 00:11:06,https://animehistory.org/gallery/screencaps/outlaw-star/episode-1/,https://animehistory.org/gallery/screencaps/outlaw-star/episode-1/?page=2,2,2026-10-07T01:48:33.689921+00:00,752fcf4f866d02a6a2122fdaeae7274e429450d8adff8b1a7a72101942e9f03b,,UNVERIFIED
EP-01,Outlaw World,00:11:10,670,846937,https://animehistory.org/uploads/screencaps/outlaw-star-E001-Outlaw-World/cap_00-11-10_0165.jpg,Outlaw Star Ep 1: Outlaw World @ 00:11:10,https://animehistory.org/gallery/screencaps/outlaw-star/episode-1/,https://animehistory.org/gallery/screencaps/outlaw-star/episode-1/?page=2,2,2026-10-07T01:48:33.689921+00:00,752fcf4f866d02a6a2122fdaeae7274e429450d8adff8b1a7a72101942e9f03b,,UNVERIFIED
EP-01,Outlaw World,00:11:13,673,846938,https://animehistory.org/uploads/screencaps/outlaw-star-E001-Outlaw-World/cap_00-11-13_59a4.jpg,Outlaw Star Ep 1: Outlaw World @ 00:11:13,https://animehistory.org/gallery/screencaps/outlaw-star/episode-1/,https://animehistory.org/gallery/screencaps/outlaw-star/episode-1/?page=2,2,2026-10-07T01:48:33.689921+00:00,752fcf4f866d02a6a2122fdaeae7274e429450d8adff8b1a7a72101942e9f03b,,UNVERIFIED
EP-01,Outlaw World,00:11:17,677,846939,https://animehistory.org/uploads/screencaps/outlaw-star-E001-Outlaw-World/cap_00-11-17_49d0.jpg,Outlaw Star Ep 1: Outlaw World @ 00:11:17,https://animehistory.org/gallery/screencaps/outlaw-star/episode-1/,https://animehistory.org/gallery/screencaps/outlaw-star/episode-1/?page=2,2,2026-10-07T01:48:33.689921+00:00,752fcf4f866d02a6a2122fdaeae7274e429450d8adff8b1a7a72101942e9f03b,,UNVERIFIED
EP-01,Outlaw World,00:11:20,680,846940,https://animehistory.org/uploads/screencaps/outlaw-star-E001-Outlaw-World/cap_00-11-20_4f21.jpg,Outlaw Star Ep 1: Outlaw World @ 00:11:20,https://animehistory.org/gallery/screencaps/outlaw-star/episode-1/,https://animehistory.org/gallery/screencaps/outlaw-star/episode-1/?page=2,2,2026-10-07T01:48:33.689921+00:00,752fcf4f866d02a6a2122fdaeae7274e429450d8adff8b1a7a72101942e9f03b,,UNVERIFIED
EP-01,Outlaw World,00:11:24,684,846941,https://animehistory.org/uploads/screencaps/outlaw-star-E001-Outlaw-World/cap_00-11-24_720a.jpg,Outlaw Star Ep 1: Outlaw World @ 00:11:24,https://animehistory.org/gallery/screencaps/outlaw-star/episode-1/,https://animehistory.org/gallery/screencaps/outlaw-star/episode-1/?page=2,2,2026-10-07T01:48:33.689921+00:00,752fcf4f866d02a6a2122fdaeae7274e429450d8adff8b1a7a72101942e9f03b,,UNVERIFIED
EP-01,Outlaw World,00:11:27,687,846942,https://animehistory.org/uploads/screencaps/outlaw-star-E001-Outlaw-World/cap_00-11-27_1973.jpg,Outlaw Star Ep 1: Outlaw World @ 00:11:27,https://animehistory.org/gallery/screencaps/outlaw-star/episode-1/,https://animehistory.org/gallery/screencaps/outlaw-star/episode-1/?page=2,2,2026-10-07T01:48:33.689921+00:00,752fcf4f866d02a6a2122fdaeae7274e429450d8adff8b1a7a72101942e9f03b,,UNVERIFIED
EP-01,Outlaw World,00:11:31,691,846943,https://animehistory.org/uploads/screencaps/outlaw-star-E001-Outlaw-World/cap_00-11-31_2c2f.jpg,Outlaw Star Ep 1: Outlaw World @ 00:11:31,https://animehistory.org/gallery/screencaps/outlaw-star/episode-1/,https://animehistory.org/gallery/screencaps/outlaw-star/episode-1/?page=2,2,2026-10-07T01:48:33.689921+00:00,752fcf4f866d02a6a2122fdaeae7274e429450d8adff8b1a7a72101942e9f03b,,UNVERIFIED
EP-01,Outlaw World,00:11:34,694,846944,https://animehistory.org/uploads/screencaps/outlaw-star-E001-Outlaw-World/cap_00-11-34_7b6c.jpg,Outlaw Star Ep 1: Outlaw World @ 00:11:34,https://animehistory.org/gallery/screencaps/outlaw-star/episode-1/,https://animehistory.org/gallery/screencaps/outlaw-star/episode-1/?page=2,2,2026-10-07T01:48:33.689921+00:00,752fcf4f866d02a6a2122fdaeae7274e429450d8adff8b1a7a72101942e9f03b,,UNVERIFIED
EP-01,Outlaw World,00:11:37,697,846945,https://animehistory.org/uploads/screencaps/outlaw-star-E001-Outlaw-World/cap_00-11-37_117c.jpg,Outlaw Star Ep 1: Outlaw World @ 00:11:37,https://animehistory.org/gallery/screencaps/outlaw-star/episode-1/,https://animehistory.org/gallery/screencaps/outlaw-star/episode-1/?page=2,2,2026-10-07T01:48:33.689921+00:00,752fcf4f866d02a6a2122fdaeae7274e429450d8adff8b1a7a72101942e9f03b,,UNVERIFIED
EP-01,Outlaw World,00:11:41,701,846946,https://animehistory.org/uploads/screencaps/outlaw-star-E001-Outlaw-World/cap_00-11-41_2696.jpg,Outlaw Star Ep 1: Outlaw World @ 00:11:41,https://animehistory.org/gallery/screencaps/outlaw-star/episode-1/,https://animehistory.org/gallery/screencaps/outlaw-star/episode-1/?page=2,2,2026-10-07T01:48:33.689921+00:00,752fcf4f866d02a6a2122fdaeae7274e429450d8adff8b1a7a72101942e9f03b,,UNVERIFIED
EP-01,Outlaw World,00:11:44,704,846947,https://animehistory.org/uploads/screencaps/outlaw-star-E001-Outlaw-World/cap_00-11-44_0424.jpg,Outlaw Star Ep 1: Outlaw World @ 00:11:44,https://animehistory.org/gallery/screencaps/outlaw-star/episode-1/,https://animehistory.org/gallery/screencaps/outlaw-star/episode-1/?page=2,2,2026-10-07T01:48:33.689921+00:00,752fcf4f866d02a6a2122fdaeae7274e429450d8adff8b1a7a72101942e9f03b,,UNVERIFIED
EP-01,Outlaw World,00:11:48,708,846948,https://animehistory.org/uploads/screencaps/outlaw-star-E001-Outlaw-World/cap_00-11-48_6fcd.jpg,Outlaw Star Ep 1: Outlaw World @ 00:11:48,https://animehistory.org/gallery/screencaps/outlaw-star/episode-1/,https://animehistory.org/gallery/screencaps/outlaw-star/episode-1/?page=2,2,2026-10-07T01:48:33.689921+00:00,752fcf4f866d02a6a2122fdaeae7274e429450d8adff8b1a7a72101942e9f03b,,UNVERIFIED
EP-01,Outlaw World,00:11:51,711,846949,https://animehistory.org/uploads/screencaps/outlaw-star-E001-Outlaw-World/cap_00-11-51_15d1.jpg,Outlaw Star Ep 1: Outlaw World @ 00:11:51,https://animehistory.org/gallery/screencaps/outlaw-star/episode-1/,https://animehistory.org/gallery/screencaps/outlaw-star/episode-1/?page=2,2,2026-10-07T01:48:33.689921+00:00,752fcf4f866d02a6a2122fdaeae7274e429450d8adff8b1a7a72101942e9f03b,,UNVERIFIED
EP-01,Outlaw World,00:11:55,715,846950,https://animehistory.org/uploads/screencaps/outlaw-star-E001-Outlaw-World/cap_00-11-55_5669.jpg,Outlaw Star Ep 1: Outlaw World @ 00:11:55,https://animehistory.org/gallery/screencaps/outlaw-star/episode-1/,https://animehistory.org/gallery/screencaps/outlaw-star/episode-1/?page=2,2,2026-10-07T01:48:33.689921+00:00,752fcf4f866d02a6a2122fdaeae7274e429450d8adff8b1a7a72101942e9f03b,,UNVERIFIED
EP-01,Outlaw World,00:11:58,718,846951,https://animehistory.org/uploads/screencaps/outlaw-star-E001-Outlaw-World/cap_00-11-58_77cb.jpg,Outlaw Star Ep 1: Outlaw World @ 00:11:58,https://animehistory.org/gallery/screencaps/outlaw-star/episode-1/,https://animehistory.org/gallery/screencaps/outlaw-star/episode-1/?page=2,2,2026-10-07T01:48:33.689921+00:00,752fcf4f866d02a6a2122fdaeae7274e429450d8adff8b1a7a72101942e9f03b,,UNVERIFIED
EP-01,Outlaw World,00:12:02,722,846952,https://animehistory.org/uploads/screencaps/outlaw-star-E001-Outlaw-World/cap_00-12-02_7311.jpg,Outlaw Star Ep 1: Outlaw World @ 00:12:02,https://animehistory.org/gallery/screencaps/outlaw-star/episode-1/,https://animehistory.org/gallery/screencaps/outlaw-star/episode-1/?page=2,2,2026-10-07T01:48:33.689921+00:00,752fcf4f866d02a6a2122fdaeae7274e429450d8adff8b1a7a72101942e9f03b,,UNVERIFIED
EP-01,Outlaw World,00:12:05,725,846953,https://animehistory.org/uploads/screencaps/outlaw-star-E001-Outlaw-World/cap_00-12-05_5057.jpg,Outlaw Star Ep 1: Outlaw World @ 00:12:05,https://animehistory.org/gallery/screencaps/outlaw-star/episode-1/,https://animehistory.org/gallery/screencaps/outlaw-star/episode-1/?page=2,2,2026-10-07T01:48:33.689921+00:00,752fcf4f866d02a6a2122fdaeae7274e429450d8adff8b1a7a72101942e9f03b,,UNVERIFIED
EP-01,Outlaw World,00:12:09,729,846954,https://animehistory.org/uploads/screencaps/outlaw-star-E001-Outlaw-World/cap_00-12-09_25ea.jpg,Outlaw Star Ep 1: Outlaw World @ 00:12:09,https://animehistory.org/gallery/screencaps/outlaw-star/episode-1/,https://animehistory.org/gallery/screencaps/outlaw-star/episode-1/?page=2,2,2026-10-07T01:48:33.689921+00:00,752fcf4f866d02a6a2122fdaeae7274e429450d8adff8b1a7a72101942e9f03b,,UNVERIFIED
EP-01,Outlaw World,00:12:12,732,846955,https://animehistory.org/uploads/screencaps/outlaw-star-E001-Outlaw-World/cap_00-12-12_1033.jpg,Outlaw Star Ep 1: Outlaw World @ 00:12:12,https://animehistory.org/gallery/screencaps/outlaw-star/episode-1/,https://animehistory.org/gallery/screencaps/outlaw-star/episode-1/?page=2,2,2026-10-07T01:48:33.689921+00:00,752fcf4f866d02a6a2122fdaeae7274e429450d8adff8b1a7a72101942e9f03b,,UNVERIFIED
EP-01,Outlaw World,00:12:15,735,846956,https://animehistory.org/uploads/screencaps/outlaw-star-E001-Outlaw-World/cap_00-12-15_2934.jpg,Outlaw Star Ep 1: Outlaw World @ 00:12:15,https://animehistory.org/gallery/screencaps/outlaw-star/episode-1/,https://animehistory.org/gallery/screencaps/outlaw-star/episode-1/?page=2,2,2026-10-07T01:48:33.689921+00:00,752fcf4f866d02a6a2122fdaeae7274e429450d8adff8b1a7a72101942e9f03b,,UNVERIFIED
EP-01,Outlaw World,00:12:19,739,846957,https://animehistory.org/uploads/screencaps/outlaw-star-E001-Outlaw-World/cap_00-12-19_101b.jpg,Outlaw Star Ep 1: Outlaw World @ 00:12:19,https://animehistory.org/gallery/screencaps/outlaw-star/episode-1/,https://animehistory.org/gallery/screencaps/outlaw-star/episode-1/?page=2,2,2026-10-07T01:48:33.689921+00:00,752fcf4f866d02a6a2122fdaeae7274e429450d8adff8b1a7a72101942e9f03b,,UNVERIFIED
EP-01,Outlaw World,00:12:22,742,846958,https://animehistory.org/uploads/screencaps/outlaw-star-E001-Outlaw-World/cap_00-12-22_2bc6.jpg,Outlaw Star Ep 1: Outlaw World @ 00:12:22,https://animehistory.org/gallery/screencaps/outlaw-star/episode-1/,https://animehistory.org/gallery/screencaps/outlaw-star/episode-1/?page=2,2,2026-10-07T01:48:33.689921+00:00,752fcf4f866d02a6a2122fdaeae7274e429450d8adff8b1a7a72101942e9f03b,,UNVERIFIED
EP-01,Outlaw World,00:12:26,746,846959,https://animehistory.org/uploads/screencaps/outlaw-star-E001-Outlaw-World/cap_00-12-26_3aab.jpg,Outlaw Star Ep 1: Outlaw World @ 00:12:26,https://animehistory.org/gallery/screencaps/outlaw-star/episode-1/,https://animehistory.org/gallery/screencaps/outlaw-star/episode-1/?page=2,2,2026-10-07T01:48:33.689921+00:00,752fcf4f866d02a6a2122fdaeae7274e429450d8adff8b1a7a72101942e9f03b,,UNVERIFIED
EP-01,Outlaw World,00:12:29,749,846960,https://animehistory.org/uploads/screencaps/outlaw-star-E001-Outlaw-World/cap_00-12-29_02ed.jpg,Outlaw Star Ep 1: Outlaw World @ 00:12:29,https://animehistory.org/gallery/screencaps/outlaw-star/episode-1/,https://animehistory.org/gallery/screencaps/outlaw-star/episode-1/?page=2,2,2026-10-07T01:48:33.689921+00:00,752fcf4f866d02a6a2122fdaeae7274e429450d8adff8b1a7a72101942e9f03b,,UNVERIFIED
EP-01,Outlaw World,00:12:33,753,846961,https://animehistory.org/uploads/screencaps/outlaw-star-E001-Outlaw-World/cap_00-12-33_08ae.jpg,Outlaw Star Ep 1: Outlaw World @ 00:12:33,https://animehistory.org/gallery/screencaps/outlaw-star/episode-1/,https://animehistory.org/gallery/screencaps/outlaw-star/episode-1/?page=2,2,2026-10-07T01:48:33.689921+00:00,752fcf4f866d02a6a2122fdaeae7274e429450d8adff8b1a7a72101942e9f03b,,UNVERIFIED
EP-01,Outlaw World,00:12:36,756,846962,https://animehistory.org/uploads/screencaps/outlaw-star-E001-Outlaw-World/cap_00-12-36_4221.jpg,Outlaw Star Ep 1: Outlaw World @ 00:12:36,https://animehistory.org/gallery/screencaps/outlaw-star/episode-1/,https://animehistory.org/gallery/screencaps/outlaw-star/episode-1/?page=2,2,2026-10-07T01:48:33.689921+00:00,752fcf4f866d02a6a2122fdaeae7274e429450d8adff8b1a7a72101942e9f03b,,UNVERIFIED
EP-01,Outlaw World,00:12:40,760,846963,https://animehistory.org/uploads/screencaps/outlaw-star-E001-Outlaw-World/cap_00-12-40_07d5.jpg,Outlaw Star Ep 1: Outlaw World @ 00:12:40,https://animehistory.org/gallery/screencaps/outlaw-star/episode-1/,https://animehistory.org/gallery/screencaps/outlaw-star/episode-1/?page=2,2,2026-10-07T01:48:33.689921+00:00,752fcf4f866d02a6a2122fdaeae7274e429450d8adff8b1a7a72101942e9f03b,,UNVERIFIED
EP-01,Outlaw World,00:12:43,763,846964,https://animehistory.org/uploads/screencaps/outlaw-star-E001-Outlaw-World/cap_00-12-43_543b.jpg,Outlaw Star Ep 1: Outlaw World @ 00:12:43,https://animehistory.org/gallery/screencaps/outlaw-star/episode-1/,https://animehistory.org/gallery/screencaps/outlaw-star/episode-1/?page=2,2,2026-10-07T01:48:33.689921+00:00,752fcf4f866d02a6a2122fdaeae7274e429450d8adff8b1a7a72101942e9f03b,,UNVERIFIED
EP-01,Outlaw World,00:12:47,767,846965,https://animehistory.org/uploads/screencaps/outlaw-star-E001-Outlaw-World/cap_00-12-47_7e9a.jpg,Outlaw Star Ep 1: Outlaw World @ 00:12:47,https://animehistory.org/gallery/screencaps/outlaw-star/episode-1/,https://animehistory.org/gallery/screencaps/outlaw-star/episode-1/?page=2,2,2026-10-07T01:48:33.689921+00:00,752fcf4f866d02a6a2122fdaeae7274e429450d8adff8b1a7a72101942e9f03b,,UNVERIFIED
EP-01,Outlaw World,00:12:50,770,846966,https://animehistory.org/uploads/screencaps/outlaw-star-E001-Outlaw-World/cap_00-12-50_13d4.jpg,Outlaw Star Ep 1: Outlaw World @ 00:12:50,https://animehistory.org/gallery/screencaps/outlaw-star/episode-1/,https://animehistory.org/gallery/screencaps/outlaw-star/episode-1/?page=2,2,2026-10-07T01:48:33.689921+00:00,752fcf4f866d02a6a2122fdaeae7274e429450d8adff8b1a7a72101942e9f03b,,UNVERIFIED
EP-01,Outlaw World,00:12:53,773,846967,https://animehistory.org/uploads/screencaps/outlaw-star-E001-Outlaw-World/cap_00-12-53_14f0.jpg,Outlaw Star Ep 1: Outlaw World @ 00:12:53,https://animehistory.org/gallery/screencaps/outlaw-star/episode-1/,https://animehistory.org/gallery/screencaps/outlaw-star/episode-1/?page=2,2,2026-10-07T01:48:33.689921+00:00,752fcf4f866d02a6a2122fdaeae7274e429450d8adff8b1a7a72101942e9f03b,,UNVERIFIED
EP-01,Outlaw World,00:12:57,777,846968,https://animehistory.org/uploads/screencaps/outlaw-star-E001-Outlaw-World/cap_00-12-57_2276.jpg,Outlaw Star Ep 1: Outlaw World @ 00:12:57,https://animehistory.org/gallery/screencaps/outlaw-star/episode-1/,https://animehistory.org/gallery/screencaps/outlaw-star/episode-1/?page=2,2,2026-10-07T01:48:33.689921+00:00,752fcf4f866d02a6a2122fdaeae7274e429450d8adff8b1a7a72101942e9f03b,,UNVERIFIED
EP-01,Outlaw World,00:13:00,780,846969,https://animehistory.org/uploads/screencaps/outlaw-star-E001-Outlaw-World/cap_00-13-00_0717.jpg,Outlaw Star Ep 1: Outlaw World @ 00:13:00,https://animehistory.org/gallery/screencaps/outlaw-star/episode-1/,https://animehistory.org/gallery/screencaps/outlaw-star/episode-1/?page=2,2,2026-10-07T01:48:33.689921+00:00,752fcf4f866d02a6a2122fdaeae7274e429450d8adff8b1a7a72101942e9f03b,,UNVERIFIED
EP-01,Outlaw World,00:13:04,784,846970,https://animehistory.org/uploads/screencaps/outlaw-star-E001-Outlaw-World/cap_00-13-04_1fd7.jpg,Outlaw Star Ep 1: Outlaw World @ 00:13:04,https://animehistory.org/gallery/screencaps/outlaw-star/episode-1/,https://animehistory.org/gallery/screencaps/outlaw-star/episode-1/?page=2,2,2026-10-07T01:48:33.689921+00:00,752fcf4f866d02a6a2122fdaeae7274e429450d8adff8b1a7a72101942e9f03b,,UNVERIFIED
EP-01,Outlaw World,00:13:07,787,846971,https://animehistory.org/uploads/screencaps/outlaw-star-E001-Outlaw-World/cap_00-13-07_18e5.jpg,Outlaw Star Ep 1: Outlaw World @ 00:13:07,https://animehistory.org/gallery/screencaps/outlaw-star/episode-1/,https://animehistory.org/gallery/screencaps/outlaw-star/episode-1/?page=2,2,2026-10-07T01:48:33.689921+00:00,752fcf4f866d02a6a2122fdaeae7274e429450d8adff8b1a7a72101942e9f03b,,UNVERIFIED
EP-01,Outlaw World,00:13:11,791,846972,https://animehistory.org/uploads/screencaps/outlaw-star-E001-Outlaw-World/cap_00-13-11_4356.jpg,Outlaw Star Ep 1: Outlaw World @ 00:13:11,https://animehistory.org/gallery/screencaps/outlaw-star/episode-1/,https://animehistory.org/gallery/screencaps/outlaw-star/episode-1/?page=2,2,2026-10-07T01:48:33.689921+00:00,752fcf4f866d02a6a2122fdaeae7274e429450d8adff8b1a7a72101942e9f03b,,UNVERIFIED
EP-01,Outlaw World,00:13:14,794,846973,https://animehistory.org/uploads/screencaps/outlaw-star-E001-Outlaw-World/cap_00-13-14_0c47.jpg,Outlaw Star Ep 1: Outlaw World @ 00:13:14,https://animehistory.org/gallery/screencaps/outlaw-star/episode-1/,https://animehistory.org/gallery/screencaps/outlaw-star/episode-1/?page=3,3,2026-10-07T01:48:34.774422+00:00,34300013865ddbdb5d835f569b03388e6df1d5619d41409ba1e04986c7d38629,,UNVERIFIED
EP-01,Outlaw World,00:13:18,798,846974,https://animehistory.org/uploads/screencaps/outlaw-star-E001-Outlaw-World/cap_00-13-18_0f1a.jpg,Outlaw Star Ep 1: Outlaw World @ 00:13:18,https://animehistory.org/gallery/screencaps/outlaw-star/episode-1/,https://animehistory.org/gallery/screencaps/outlaw-star/episode-1/?page=3,3,2026-10-07T01:48:34.774422+00:00,34300013865ddbdb5d835f569b03388e6df1d5619d41409ba1e04986c7d38629,,UNVERIFIED
EP-01,Outlaw World,00:13:21,801,846975,https://animehistory.org/uploads/screencaps/outlaw-star-E001-Outlaw-World/cap_00-13-21_2923.jpg,Outlaw Star Ep 1: Outlaw World @ 00:13:21,https://animehistory.org/gallery/screencaps/outlaw-star/episode-1/,https://animehistory.org/gallery/screencaps/outlaw-star/episode-1/?page=3,3,2026-10-07T01:48:34.774422+00:00,34300013865ddbdb5d835f569b03388e6df1d5619d41409ba1e04986c7d38629,,UNVERIFIED
EP-01,Outlaw World,00:13:25,805,846976,https://animehistory.org/uploads/screencaps/outlaw-star-E001-Outlaw-World/cap_00-13-25_0b16.jpg,Outlaw Star Ep 1: Outlaw World @ 00:13:25,https://animehistory.org/gallery/screencaps/outlaw-star/episode-1/,https://animehistory.org/gallery/screencaps/outlaw-star/episode-1/?page=3,3,2026-10-07T01:48:34.774422+00:00,34300013865ddbdb5d835f569b03388e6df1d5619d41409ba1e04986c7d38629,,UNVERIFIED
EP-01,Outlaw World,00:13:28,808,846977,https://animehistory.org/uploads/screencaps/outlaw-star-E001-Outlaw-World/cap_00-13-28_4c0b.jpg,Outlaw Star Ep 1: Outlaw World @ 00:13:28,https://animehistory.org/gallery/screencaps/outlaw-star/episode-1/,https://animehistory.org/gallery/screencaps/outlaw-star/episode-1/?page=3,3,2026-10-07T01:48:34.774422+00:00,34300013865ddbdb5d835f569b03388e6df1d5619d41409ba1e04986c7d38629,,UNVERIFIED
EP-01,Outlaw World,00:13:32,812,846978,https://animehistory.org/uploads/screencaps/outlaw-star-E001-Outlaw-World/cap_00-13-32_261f.jpg,Outlaw Star Ep 1: Outlaw World @ 00:13:32,https://animehistory.org/gallery/screencaps/outlaw-star/episode-1/,https://animehistory.org/gallery/screencaps/outlaw-star/episode-1/?page=3,3,2026-10-07T01:48:34.774422+00:00,34300013865ddbdb5d835f569b03388e6df1d5619d41409ba1e04986c7d38629,,UNVERIFIED
EP-01,Outlaw World,00:13:35,815,846979,https://animehistory.org/uploads/screencaps/outlaw-star-E001-Outlaw-World/cap_00-13-35_6e1b.jpg,Outlaw Star Ep 1: Outlaw World @ 00:13:35,https://animehistory.org/gallery/screencaps/outlaw-star/episode-1/,https://animehistory.org/gallery/screencaps/outlaw-star/episode-1/?page=3,3,2026-10-07T01:48:34.774422+00:00,34300013865ddbdb5d835f569b03388e6df1d5619d41409ba1e04986c7d38629,,UNVERIFIED
EP-01,Outlaw World,00:13:38,818,846980,https://animehistory.org/uploads/screencaps/outlaw-star-E001-Outlaw-World/cap_00-13-38_7b22.jpg,Outlaw Star Ep 1: Outlaw World @ 00:13:38,https://animehistory.org/gallery/screencaps/outlaw-star/episode-1/,https://animehistory.org/gallery/screencaps/outlaw-star/episode-1/?page=3,3,2026-10-07T01:48:34.774422+00:00,34300013865ddbdb5d835f569b03388e6df1d5619d41409ba1e04986c7d38629,,UNVERIFIED
EP-01,Outlaw World,00:13:42,822,846981,https://animehistory.org/uploads/screencaps/outlaw-star-E001-Outlaw-World/cap_00-13-42_5bf3.jpg,Outlaw Star Ep 1: Outlaw World @ 00:13:42,https://animehistory.org/gallery/screencaps/outlaw-star/episode-1/,https://animehistory.org/gallery/screencaps/outlaw-star/episode-1/?page=3,3,2026-10-07T01:48:34.774422+00:00,34300013865ddbdb5d835f569b03388e6df1d5619d41409ba1e04986c7d38629,,UNVERIFIED
EP-01,Outlaw World,00:13:45,825,846982,https://animehistory.org/uploads/screencaps/outlaw-star-E001-Outlaw-World/cap_00-13-45_256f.jpg,Outlaw Star Ep 1: Outlaw World @ 00:13:45,https://animehistory.org/gallery/screencaps/outlaw-star/episode-1/,https://animehistory.org/gallery/screencaps/outlaw-star/episode-1/?page=3,3,2026-10-07T01:48:34.774422+00:00,34300013865ddbdb5d835f569b03388e6df1d5619d41409ba1e04986c7d38629,,UNVERIFIED
EP-01,Outlaw World,00:13:49,829,846983,https://animehistory.org/uploads/screencaps/outlaw-star-E001-Outlaw-World/cap_00-13-49_31a6.jpg,Outlaw Star Ep 1: Outlaw World @ 00:13:49,https://animehistory.org/gallery/screencaps/outlaw-star/episode-1/,https://animehistory.org/gallery/screencaps/outlaw-star/episode-1/?page=3,3,2026-10-07T01:48:34.774422+00:00,34300013865ddbdb5d835f569b03388e6df1d5619d41409ba1e04986c7d38629,,UNVERIFIED
EP-01,Outlaw World,00:13:52,832,846984,https://animehistory.org/uploads/screencaps/outlaw-star-E001-Outlaw-World/cap_00-13-52_5270.jpg,Outlaw Star Ep 1: Outlaw World @ 00:13:52,https://animehistory.org/gallery/screencaps/outlaw-star/episode-1/,https://animehistory.org/gallery/screencaps/outlaw-star/episode-1/?page=3,3,2026-10-07T01:48:34.774422+00:00,34300013865ddbdb5d835f569b03388e6df1d5619d41409ba1e04986c7d38629,,UNVERIFIED
EP-01,Outlaw World,00:13:56,836,846985,https://animehistory.org/uploads/screencaps/outlaw-star-E001-Outlaw-World/cap_00-13-56_4d7a.jpg,Outlaw Star Ep 1: Outlaw World @ 00:13:56,https://animehistory.org/gallery/screencaps/outlaw-star/episode-1/,https://animehistory.org/gallery/screencaps/outlaw-star/episode-1/?page=3,3,2026-10-07T01:48:34.774422+00:00,34300013865ddbdb5d835f569b03388e6df1d5619d41409ba1e04986c7d38629,,UNVERIFIED
EP-01,Outlaw World,00:13:59,839,846986,https://animehistory.org/uploads/screencaps/outlaw-star-E001-Outlaw-World/cap_00-13-59_6e09.jpg,Outlaw Star Ep 1: Outlaw World @ 00:13:59,https://animehistory.org/gallery/screencaps/outlaw-star/episode-1/,https://animehistory.org/gallery/screencaps/outlaw-star/episode-1/?page=3,3,2026-10-07T01:48:34.774422+00:00,34300013865ddbdb5d835f569b03388e6df1d5619d41409ba1e04986c7d38629,,UNVERIFIED
EP-01,Outlaw World,00:14:03,843,846987,https://animehistory.org/uploads/screencaps/outlaw-star-E001-Outlaw-World/cap_00-14-03_539d.jpg,Outlaw Star Ep 1: Outlaw World @ 00:14:03,https://animehistory.org/gallery/screencaps/outlaw-star/episode-1/,https://animehistory.org/gallery/screencaps/outlaw-star/episode-1/?page=3,3,2026-10-07T01:48:34.774422+00:00,34300013865ddbdb5d835f569b03388e6df1d5619d41409ba1e04986c7d38629,,UNVERIFIED
EP-01,Outlaw World,00:14:06,846,846988,https://animehistory.org/uploads/screencaps/outlaw-star-E001-Outlaw-World/cap_00-14-06_450c.jpg,Outlaw Star Ep 1: Outlaw World @ 00:14:06,https://animehistory.org/gallery/screencaps/outlaw-star/episode-1/,https://animehistory.org/gallery/screencaps/outlaw-star/episode-1/?page=3,3,2026-10-07T01:48:34.774422+00:00,34300013865ddbdb5d835f569b03388e6df1d5619d41409ba1e04986c7d38629,,UNVERIFIED
EP-01,Outlaw World,00:14:10,850,846989,https://animehistory.org/uploads/screencaps/outlaw-star-E001-Outlaw-World/cap_00-14-10_35b5.jpg,Outlaw Star Ep 1: Outlaw World @ 00:14:10,https://animehistory.org/gallery/screencaps/outlaw-star/episode-1/,https://animehistory.org/gallery/screencaps/outlaw-star/episode-1/?page=3,3,2026-10-07T01:48:34.774422+00:00,34300013865ddbdb5d835f569b03388e6df1d5619d41409ba1e04986c7d38629,,UNVERIFIED
EP-01,Outlaw World,00:14:13,853,846990,https://animehistory.org/uploads/screencaps/outlaw-star-E001-Outlaw-World/cap_00-14-13_2898.jpg,Outlaw Star Ep 1: Outlaw World @ 00:14:13,https://animehistory.org/gallery/screencaps/outlaw-star/episode-1/,https://animehistory.org/gallery/screencaps/outlaw-star/episode-1/?page=3,3,2026-10-07T01:48:34.774422+00:00,34300013865ddbdb5d835f569b03388e6df1d5619d41409ba1e04986c7d38629,,UNVERIFIED
EP-01,Outlaw World,00:14:16,856,846991,https://animehistory.org/uploads/screencaps/outlaw-star-E001-Outlaw-World/cap_00-14-16_70bc.jpg,Outlaw Star Ep 1: Outlaw World @ 00:14:16,https://animehistory.org/gallery/screencaps/outlaw-star/episode-1/,https://animehistory.org/gallery/screencaps/outlaw-star/episode-1/?page=3,3,2026-10-07T01:48:34.774422+00:00,34300013865ddbdb5d835f569b03388e6df1d5619d41409ba1e04986c7d38629,,UNVERIFIED
EP-01,Outlaw World,00:14:20,860,846992,https://animehistory.org/uploads/screencaps/outlaw-star-E001-Outlaw-World/cap_00-14-20_05ea.jpg,Outlaw Star Ep 1: Outlaw World @ 00:14:20,https://animehistory.org/gallery/screencaps/outlaw-star/episode-1/,https://animehistory.org/gallery/screencaps/outlaw-star/episode-1/?page=3,3,2026-10-07T01:48:34.774422+00:00,34300013865ddbdb5d835f569b03388e6df1d5619d41409ba1e04986c7d38629,,UNVERIFIED
EP-01,Outlaw World,00:14:23,863,846993,https://animehistory.org/uploads/screencaps/outlaw-star-E001-Outlaw-World/cap_00-14-23_5616.jpg,Outlaw Star Ep 1: Outlaw World @ 00:14:23,https://animehistory.org/gallery/screencaps/outlaw-star/episode-1/,https://animehistory.org/gallery/screencaps/outlaw-star/episode-1/?page=3,3,2026-10-07T01:48:34.774422+00:00,34300013865ddbdb5d835f569b03388e6df1d5619d41409ba1e04986c7d38629,,UNVERIFIED
EP-01,Outlaw World,00:14:27,867,846994,https://animehistory.org/uploads/screencaps/outlaw-star-E001-Outlaw-World/cap_00-14-27_6866.jpg,Outlaw Star Ep 1: Outlaw World @ 00:14:27,https://animehistory.org/gallery/screencaps/outlaw-star/episode-1/,https://animehistory.org/gallery/screencaps/outlaw-star/episode-1/?page=3,3,2026-10-07T01:48:34.774422+00:00,34300013865ddbdb5d835f569b03388e6df1d5619d41409ba1e04986c7d38629,,UNVERIFIED
EP-01,Outlaw World,00:14:30,870,846995,https://animehistory.org/uploads/screencaps/outlaw-star-E001-Outlaw-World/cap_00-14-30_6008.jpg,Outlaw Star Ep 1: Outlaw World @ 00:14:30,https://animehistory.org/gallery/screencaps/outlaw-star/episode-1/,https://animehistory.org/gallery/screencaps/outlaw-star/episode-1/?page=3,3,2026-10-07T01:48:34.774422+00:00,34300013865ddbdb5d835f569b03388e6df1d5619d41409ba1e04986c7d38629,,UNVERIFIED
EP-01,Outlaw World,00:14:34,874,846996,https://animehistory.org/uploads/screencaps/outlaw-star-E001-Outlaw-World/cap_00-14-34_706d.jpg,Outlaw Star Ep 1: Outlaw World @ 00:14:34,https://animehistory.org/gallery/screencaps/outlaw-star/episode-1/,https://animehistory.org/gallery/screencaps/outlaw-star/episode-1/?page=3,3,2026-10-07T01:48:34.774422+00:00,34300013865ddbdb5d835f569b03388e6df1d5619d41409ba1e04986c7d38629,,UNVERIFIED
EP-01,Outlaw World,00:14:37,877,846997,https://animehistory.org/uploads/screencaps/outlaw-star-E001-Outlaw-World/cap_00-14-37_760a.jpg,Outlaw Star Ep 1: Outlaw World @ 00:14:37,https://animehistory.org/gallery/screencaps/outlaw-star/episode-1/,https://animehistory.org/gallery/screencaps/outlaw-star/episode-1/?page=3,3,2026-10-07T01:48:34.774422+00:00,34300013865ddbdb5d835f569b03388e6df1d5619d41409ba1e04986c7d38629,,UNVERIFIED
EP-01,Outlaw World,00:14:41,881,846998,https://animehistory.org/uploads/screencaps/outlaw-star-E001-Outlaw-World/cap_00-14-41_713c.jpg,Outlaw Star Ep 1: Outlaw World @ 00:14:41,https://animehistory.org/gallery/screencaps/outlaw-star/episode-1/,https://animehistory.org/gallery/screencaps/outlaw-star/episode-1/?page=3,3,2026-10-07T01:48:34.774422+00:00,34300013865ddbdb5d835f569b03388e6df1d5619d41409ba1e04986c7d38629,,UNVERIFIED
EP-01,Outlaw World,00:14:44,884,846999,https://animehistory.org/uploads/screencaps/outlaw-star-E001-Outlaw-World/cap_00-14-44_0e5f.jpg,Outlaw Star Ep 1: Outlaw World @ 00:14:44,https://animehistory.org/gallery/screencaps/outlaw-star/episode-1/,https://animehistory.org/gallery/screencaps/outlaw-star/episode-1/?page=3,3,2026-10-07T01:48:34.774422+00:00,34300013865ddbdb5d835f569b03388e6df1d5619d41409ba1e04986c7d38629,,UNVERIFIED
EP-01,Outlaw World,00:14:48,888,847000,https://animehistory.org/uploads/screencaps/outlaw-star-E001-Outlaw-World/cap_00-14-48_6e6b.jpg,Outlaw Star Ep 1: Outlaw World @ 00:14:48,https://animehistory.org/gallery/screencaps/outlaw-star/episode-1/,https://animehistory.org/gallery/screencaps/outlaw-star/episode-1/?page=3,3,2026-10-07T01:48:34.774422+00:00,34300013865ddbdb5d835f569b03388e6df1d5619d41409ba1e04986c7d38629,,UNVERIFIED
EP-01,Outlaw World,00:14:51,891,847001,https://animehistory.org/uploads/screencaps/outlaw-star-E001-Outlaw-World/cap_00-14-51_2ef2.jpg,Outlaw Star Ep 1: Outlaw World @ 00:14:51,https://animehistory.org/gallery/screencaps/outlaw-star/episode-1/,https://animehistory.org/gallery/screencaps/outlaw-star/episode-1/?page=3,3,2026-10-07T01:48:34.774422+00:00,34300013865ddbdb5d835f569b03388e6df1d5619d41409ba1e04986c7d38629,,UNVERIFIED
EP-01,Outlaw World,00:14:54,894,847002,https://animehistory.org/uploads/screencaps/outlaw-star-E001-Outlaw-World/cap_00-14-54_595f.jpg,Outlaw Star Ep 1: Outlaw World @ 00:14:54,https://animehistory.org/gallery/screencaps/outlaw-star/episode-1/,https://animehistory.org/gallery/screencaps/outlaw-star/episode-1/?page=3,3,2026-10-07T01:48:34.774422+00:00,34300013865ddbdb5d835f569b03388e6df1d5619d41409ba1e04986c7d38629,,UNVERIFIED
EP-01,Outlaw World,00:14:58,898,847003,https://animehistory.org/uploads/screencaps/outlaw-star-E001-Outlaw-World/cap_00-14-58_3752.jpg,Outlaw Star Ep 1: Outlaw World @ 00:14:58,https://animehistory.org/gallery/screencaps/outlaw-star/episode-1/,https://animehistory.org/gallery/screencaps/outlaw-star/episode-1/?page=3,3,2026-10-07T01:48:34.774422+00:00,34300013865ddbdb5d835f569b03388e6df1d5619d41409ba1e04986c7d38629,,UNVERIFIED
EP-01,Outlaw World,00:15:01,901,847004,https://animehistory.org/uploads/screencaps/outlaw-star-E001-Outlaw-World/cap_00-15-01_16f5.jpg,Outlaw Star Ep 1: Outlaw World @ 00:15:01,https://animehistory.org/gallery/screencaps/outlaw-star/episode-1/,https://animehistory.org/gallery/screencaps/outlaw-star/episode-1/?page=3,3,2026-10-07T01:48:34.774422+00:00,34300013865ddbdb5d835f569b03388e6df1d5619d41409ba1e04986c7d38629,,UNVERIFIED
EP-01,Outlaw World,00:15:05,905,847005,https://animehistory.org/uploads/screencaps/outlaw-star-E001-Outlaw-World/cap_00-15-05_265a.jpg,Outlaw Star Ep 1: Outlaw World @ 00:15:05,https://animehistory.org/gallery/screencaps/outlaw-star/episode-1/,https://animehistory.org/gallery/screencaps/outlaw-star/episode-1/?page=3,3,2026-10-07T01:48:34.774422+00:00,34300013865ddbdb5d835f569b03388e6df1d5619d41409ba1e04986c7d38629,,UNVERIFIED
EP-01,Outlaw World,00:15:08,908,847006,https://animehistory.org/uploads/screencaps/outlaw-star-E001-Outlaw-World/cap_00-15-08_2751.jpg,Outlaw Star Ep 1: Outlaw World @ 00:15:08,https://animehistory.org/gallery/screencaps/outlaw-star/episode-1/,https://animehistory.org/gallery/screencaps/outlaw-star/episode-1/?page=3,3,2026-10-07T01:48:34.774422+00:00,34300013865ddbdb5d835f569b03388e6df1d5619d41409ba1e04986c7d38629,,UNVERIFIED
EP-01,Outlaw World,00:15:12,912,847007,https://animehistory.org/uploads/screencaps/outlaw-star-E001-Outlaw-World/cap_00-15-12_010a.jpg,Outlaw Star Ep 1: Outlaw World @ 00:15:12,https://animehistory.org/gallery/screencaps/outlaw-star/episode-1/,https://animehistory.org/gallery/screencaps/outlaw-star/episode-1/?page=3,3,2026-10-07T01:48:34.774422+00:00,34300013865ddbdb5d835f569b03388e6df1d5619d41409ba1e04986c7d38629,,UNVERIFIED
EP-01,Outlaw World,00:15:15,915,847008,https://animehistory.org/uploads/screencaps/outlaw-star-E001-Outlaw-World/cap_00-15-15_7638.jpg,Outlaw Star Ep 1: Outlaw World @ 00:15:15,https://animehistory.org/gallery/screencaps/outlaw-star/episode-1/,https://animehistory.org/gallery/screencaps/outlaw-star/episode-1/?page=3,3,2026-10-07T01:48:34.774422+00:00,34300013865ddbdb5d835f569b03388e6df1d5619d41409ba1e04986c7d38629,,UNVERIFIED
EP-01,Outlaw World,00:15:19,919,847009,https://animehistory.org/uploads/screencaps/outlaw-star-E001-Outlaw-World/cap_00-15-19_6f41.jpg,Outlaw Star Ep 1: Outlaw World @ 00:15:19,https://animehistory.org/gallery/screencaps/outlaw-star/episode-1/,https://animehistory.org/gallery/screencaps/outlaw-star/episode-1/?page=3,3,2026-10-07T01:48:34.774422+00:00,34300013865ddbdb5d835f569b03388e6df1d5619d41409ba1e04986c7d38629,,UNVERIFIED
EP-01,Outlaw World,00:15:22,922,847010,https://animehistory.org/uploads/screencaps/outlaw-star-E001-Outlaw-World/cap_00-15-22_7b8c.jpg,Outlaw Star Ep 1: Outlaw World @ 00:15:22,https://animehistory.org/gallery/screencaps/outlaw-star/episode-1/,https://animehistory.org/gallery/screencaps/outlaw-star/episode-1/?page=3,3,2026-10-07T01:48:34.774422+00:00,34300013865ddbdb5d835f569b03388e6df1d5619d41409ba1e04986c7d38629,,UNVERIFIED
EP-01,Outlaw World,00:15:26,926,847011,https://animehistory.org/uploads/screencaps/outlaw-star-E001-Outlaw-World/cap_00-15-26_5f3b.jpg,Outlaw Star Ep 1: Outlaw World @ 00:15:26,https://animehistory.org/gallery/screencaps/outlaw-star/episode-1/,https://animehistory.org/gallery/screencaps/outlaw-star/episode-1/?page=3,3,2026-10-07T01:48:34.774422+00:00,34300013865ddbdb5d835f569b03388e6df1d5619d41409ba1e04986c7d38629,,UNVERIFIED
EP-01,Outlaw World,00:15:29,929,847012,https://animehistory.org/uploads/screencaps/outlaw-star-E001-Outlaw-World/cap_00-15-29_1a1f.jpg,Outlaw Star Ep 1: Outlaw World @ 00:15:29,https://animehistory.org/gallery/screencaps/outlaw-star/episode-1/,https://animehistory.org/gallery/screencaps/outlaw-star/episode-1/?page=3,3,2026-10-07T01:48:34.774422+00:00,34300013865ddbdb5d835f569b03388e6df1d5619d41409ba1e04986c7d38629,,UNVERIFIED
EP-01,Outlaw World,00:15:32,932,847013,https://animehistory.org/uploads/screencaps/outlaw-star-E001-Outlaw-World/cap_00-15-32_4e53.jpg,Outlaw Star Ep 1: Outlaw World @ 00:15:32,https://animehistory.org/gallery/screencaps/outlaw-star/episode-1/,https://animehistory.org/gallery/screencaps/outlaw-star/episode-1/?page=3,3,2026-10-07T01:48:34.774422+00:00,34300013865ddbdb5d835f569b03388e6df1d5619d41409ba1e04986c7d38629,,UNVERIFIED
EP-01,Outlaw World,00:15:36,936,847014,https://animehistory.org/uploads/screencaps/outlaw-star-E001-Outlaw-World/cap_00-15-36_5666.jpg,Outlaw Star Ep 1: Outlaw World @ 00:15:36,https://animehistory.org/gallery/screencaps/outlaw-star/episode-1/,https://animehistory.org/gallery/screencaps/outlaw-star/episode-1/?page=3,3,2026-10-07T01:48:34.774422+00:00,34300013865ddbdb5d835f569b03388e6df1d5619d41409ba1e04986c7d38629,,UNVERIFIED
EP-01,Outlaw World,00:15:39,939,847015,https://animehistory.org/uploads/screencaps/outlaw-star-E001-Outlaw-World/cap_00-15-39_7f0e.jpg,Outlaw Star Ep 1: Outlaw World @ 00:15:39,https://animehistory.org/gallery/screencaps/outlaw-star/episode-1/,https://animehistory.org/gallery/screencaps/outlaw-star/episode-1/?page=3,3,2026-10-07T01:48:34.774422+00:00,34300013865ddbdb5d835f569b03388e6df1d5619d41409ba1e04986c7d38629,,UNVERIFIED
EP-01,Outlaw World,00:15:43,943,847016,https://animehistory.org/uploads/screencaps/outlaw-star-E001-Outlaw-World/cap_00-15-43_0736.jpg,Outlaw Star Ep 1: Outlaw World @ 00:15:43,https://animehistory.org/gallery/screencaps/outlaw-star/episode-1/,https://animehistory.org/gallery/screencaps/outlaw-star/episode-1/?page=3,3,2026-10-07T01:48:34.774422+00:00,34300013865ddbdb5d835f569b03388e6df1d5619d41409ba1e04986c7d38629,,UNVERIFIED
EP-01,Outlaw World,00:15:46,946,847017,https://animehistory.org/uploads/screencaps/outlaw-star-E001-Outlaw-World/cap_00-15-46_6b7e.jpg,Outlaw Star Ep 1: Outlaw World @ 00:15:46,https://animehistory.org/gallery/screencaps/outlaw-star/episode-1/,https://animehistory.org/gallery/screencaps/outlaw-star/episode-1/?page=3,3,2026-10-07T01:48:34.774422+00:00,34300013865ddbdb5d835f569b03388e6df1d5619d41409ba1e04986c7d38629,,UNVERIFIED
EP-01,Outlaw World,00:15:50,950,847018,https://animehistory.org/uploads/screencaps/outlaw-star-E001-Outlaw-World/cap_00-15-50_0211.jpg,Outlaw Star Ep 1: Outlaw World @ 00:15:50,https://animehistory.org/gallery/screencaps/outlaw-star/episode-1/,https://animehistory.org/gallery/screencaps/outlaw-star/episode-1/?page=3,3,2026-10-07T01:48:34.774422+00:00,34300013865ddbdb5d835f569b03388e6df1d5619d41409ba1e04986c7d38629,,UNVERIFIED
EP-01,Outlaw World,00:15:53,953,847019,https://animehistory.org/uploads/screencaps/outlaw-star-E001-Outlaw-World/cap_00-15-53_416c.jpg,Outlaw Star Ep 1: Outlaw World @ 00:15:53,https://animehistory.org/gallery/screencaps/outlaw-star/episode-1/,https://animehistory.org/gallery/screencaps/outlaw-star/episode-1/?page=3,3,2026-10-07T01:48:34.774422+00:00,34300013865ddbdb5d835f569b03388e6df1d5619d41409ba1e04986c7d38629,,UNVERIFIED
EP-01,Outlaw World,00:15:57,957,847020,https://animehistory.org/uploads/screencaps/outlaw-star-E001-Outlaw-World/cap_00-15-57_5262.jpg,Outlaw Star Ep 1: Outlaw World @ 00:15:57,https://animehistory.org/gallery/screencaps/outlaw-star/episode-1/,https://animehistory.org/gallery/screencaps/outlaw-star/episode-1/?page=3,3,2026-10-07T01:48:34.774422+00:00,34300013865ddbdb5d835f569b03388e6df1d5619d41409ba1e04986c7d38629,,UNVERIFIED
EP-01,Outlaw World,00:16:00,960,847021,https://animehistory.org/uploads/screencaps/outlaw-star-E001-Outlaw-World/cap_00-16-00_015e.jpg,Outlaw Star Ep 1: Outlaw World @ 00:16:00,https://animehistory.org/gallery/screencaps/outlaw-star/episode-1/,https://animehistory.org/gallery/screencaps/outlaw-star/episode-1/?page=3,3,2026-10-07T01:48:34.774422+00:00,34300013865ddbdb5d835f569b03388e6df1d5619d41409ba1e04986c7d38629,,UNVERIFIED
EP-01,Outlaw World,00:16:04,964,847022,https://animehistory.org/uploads/screencaps/outlaw-star-E001-Outlaw-World/cap_00-16-04_0a1d.jpg,Outlaw Star Ep 1: Outlaw World @ 00:16:04,https://animehistory.org/gallery/screencaps/outlaw-star/episode-1/,https://animehistory.org/gallery/screencaps/outlaw-star/episode-1/?page=3,3,2026-10-07T01:48:34.774422+00:00,34300013865ddbdb5d835f569b03388e6df1d5619d41409ba1e04986c7d38629,,UNVERIFIED
EP-01,Outlaw World,00:16:07,967,847023,https://animehistory.org/uploads/screencaps/outlaw-star-E001-Outlaw-World/cap_00-16-07_7fad.jpg,Outlaw Star Ep 1: Outlaw World @ 00:16:07,https://animehistory.org/gallery/screencaps/outlaw-star/episode-1/,https://animehistory.org/gallery/screencaps/outlaw-star/episode-1/?page=3,3,2026-10-07T01:48:34.774422+00:00,34300013865ddbdb5d835f569b03388e6df1d5619d41409ba1e04986c7d38629,,UNVERIFIED
EP-01,Outlaw World,00:16:10,970,847024,https://animehistory.org/uploads/screencaps/outlaw-star-E001-Outlaw-World/cap_00-16-10_12cf.jpg,Outlaw Star Ep 1: Outlaw World @ 00:16:10,https://animehistory.org/gallery/screencaps/outlaw-star/episode-1/,https://animehistory.org/gallery/screencaps/outlaw-star/episode-1/?page=3,3,2026-10-07T01:48:34.774422+00:00,34300013865ddbdb5d835f569b03388e6df1d5619d41409ba1e04986c7d38629,,UNVERIFIED
EP-01,Outlaw World,00:16:14,974,847025,https://animehistory.org/uploads/screencaps/outlaw-star-E001-Outlaw-World/cap_00-16-14_3306.jpg,Outlaw Star Ep 1: Outlaw World @ 00:16:14,https://animehistory.org/gallery/screencaps/outlaw-star/episode-1/,https://animehistory.org/gallery/screencaps/outlaw-star/episode-1/?page=3,3,2026-10-07T01:48:34.774422+00:00,34300013865ddbdb5d835f569b03388e6df1d5619d41409ba1e04986c7d38629,,UNVERIFIED
EP-01,Outlaw World,00:16:17,977,847026,https://animehistory.org/uploads/screencaps/outlaw-star-E001-Outlaw-World/cap_00-16-17_2d63.jpg,Outlaw Star Ep 1: Outlaw World @ 00:16:17,https://animehistory.org/gallery/screencaps/outlaw-star/episode-1/,https://animehistory.org/gallery/screencaps/outlaw-star/episode-1/?page=3,3,2026-10-07T01:48:34.774422+00:00,34300013865ddbdb5d835f569b03388e6df1d5619d41409ba1e04986c7d38629,,UNVERIFIED
EP-01,Outlaw World,00:16:21,981,847027,https://animehistory.org/uploads/screencaps/outlaw-star-E001-Outlaw-World/cap_00-16-21_3c4c.jpg,Outlaw Star Ep 1: Outlaw World @ 00:16:21,https://animehistory.org/gallery/screencaps/outlaw-star/episode-1/,https://animehistory.org/gallery/screencaps/outlaw-star/episode-1/?page=3,3,2026-10-07T01:48:34.774422+00:00,34300013865ddbdb5d835f569b03388e6df1d5619d41409ba1e04986c7d38629,,UNVERIFIED
EP-01,Outlaw World,00:16:24,984,847028,https://animehistory.org/uploads/screencaps/outlaw-star-E001-Outlaw-World/cap_00-16-24_51c9.jpg,Outlaw Star Ep 1: Outlaw World @ 00:16:24,https://animehistory.org/gallery/screencaps/outlaw-star/episode-1/,https://animehistory.org/gallery/screencaps/outlaw-star/episode-1/?page=3,3,2026-10-07T01:48:34.774422+00:00,34300013865ddbdb5d835f569b03388e6df1d5619d41409ba1e04986c7d38629,,UNVERIFIED
EP-01,Outlaw World,00:16:28,988,847029,https://animehistory.org/uploads/screencaps/outlaw-star-E001-Outlaw-World/cap_00-16-28_7755.jpg,Outlaw Star Ep 1: Outlaw World @ 00:16:28,https://animehistory.org/gallery/screencaps/outlaw-star/episode-1/,https://animehistory.org/gallery/screencaps/outlaw-star/episode-1/?page=3,3,2026-10-07T01:48:34.774422+00:00,34300013865ddbdb5d835f569b03388e6df1d5619d41409ba1e04986c7d38629,,UNVERIFIED
EP-01,Outlaw World,00:16:31,991,847030,https://animehistory.org/uploads/screencaps/outlaw-star-E001-Outlaw-World/cap_00-16-31_6151.jpg,Outlaw Star Ep 1: Outlaw World @ 00:16:31,https://animehistory.org/gallery/screencaps/outlaw-star/episode-1/,https://animehistory.org/gallery/screencaps/outlaw-star/episode-1/?page=3,3,2026-10-07T01:48:34.774422+00:00,34300013865ddbdb5d835f569b03388e6df1d5619d41409ba1e04986c7d38629,,UNVERIFIED
EP-01,Outlaw World,00:16:35,995,847031,https://animehistory.org/uploads/screencaps/outlaw-star-E001-Outlaw-World/cap_00-16-35_2353.jpg,Outlaw Star Ep 1: Outlaw World @ 00:16:35,https://animehistory.org/gallery/screencaps/outlaw-star/episode-1/,https://animehistory.org/gallery/screencaps/outlaw-star/episode-1/?page=3,3,2026-10-07T01:48:34.774422+00:00,34300013865ddbdb5d835f569b03388e6df1d5619d41409ba1e04986c7d38629,,UNVERIFIED
EP-01,Outlaw World,00:16:38,998,847032,https://animehistory.org/uploads/screencaps/outlaw-star-E001-Outlaw-World/cap_00-16-38_6f5f.jpg,Outlaw Star Ep 1: Outlaw World @ 00:16:38,https://animehistory.org/gallery/screencaps/outlaw-star/episode-1/,https://animehistory.org/gallery/screencaps/outlaw-star/episode-1/?page=3,3,2026-10-07T01:48:34.774422+00:00,34300013865ddbdb5d835f569b03388e6df1d5619d41409ba1e04986c7d38629,,UNVERIFIED
EP-01,Outlaw World,00:16:42,1002,847033,https://animehistory.org/uploads/screencaps/outlaw-star-E001-Outlaw-World/cap_00-16-42_34aa.jpg,Outlaw Star Ep 1: Outlaw World @ 00:16:42,https://animehistory.org/gallery/screencaps/outlaw-star/episode-1/,https://animehistory.org/gallery/screencaps/outlaw-star/episode-1/?page=3,3,2026-10-07T01:48:34.774422+00:00,34300013865ddbdb5d835f569b03388e6df1d5619d41409ba1e04986c7d38629,,UNVERIFIED
EP-01,Outlaw World,00:16:45,1005,847034,https://animehistory.org/uploads/screencaps/outlaw-star-E001-Outlaw-World/cap_00-16-45_339a.jpg,Outlaw Star Ep 1: Outlaw World @ 00:16:45,https://animehistory.org/gallery/screencaps/outlaw-star/episode-1/,https://animehistory.org/gallery/screencaps/outlaw-star/episode-1/?page=3,3,2026-10-07T01:48:34.774422+00:00,34300013865ddbdb5d835f569b03388e6df1d5619d41409ba1e04986c7d38629,,UNVERIFIED
EP-01,Outlaw World,00:16:49,1009,847035,https://animehistory.org/uploads/screencaps/outlaw-star-E001-Outlaw-World/cap_00-16-49_2d5f.jpg,Outlaw Star Ep 1: Outlaw World @ 00:16:49,https://animehistory.org/gallery/screencaps/outlaw-star/episode-1/,https://animehistory.org/gallery/screencaps/outlaw-star/episode-1/?page=3,3,2026-10-07T01:48:34.774422+00:00,34300013865ddbdb5d835f569b03388e6df1d5619d41409ba1e04986c7d38629,,UNVERIFIED
EP-01,Outlaw World,00:16:52,1012,847036,https://animehistory.org/uploads/screencaps/outlaw-star-E001-Outlaw-World/cap_00-16-52_4bc6.jpg,Outlaw Star Ep 1: Outlaw World @ 00:16:52,https://animehistory.org/gallery/screencaps/outlaw-star/episode-1/,https://animehistory.org/gallery/screencaps/outlaw-star/episode-1/?page=3,3,2026-10-07T01:48:34.774422+00:00,34300013865ddbdb5d835f569b03388e6df1d5619d41409ba1e04986c7d38629,,UNVERIFIED
EP-01,Outlaw World,00:16:55,1015,847037,https://animehistory.org/uploads/screencaps/outlaw-star-E001-Outlaw-World/cap_00-16-55_096f.jpg,Outlaw Star Ep 1: Outlaw World @ 00:16:55,https://animehistory.org/gallery/screencaps/outlaw-star/episode-1/,https://animehistory.org/gallery/screencaps/outlaw-star/episode-1/?page=3,3,2026-10-07T01:48:34.774422+00:00,34300013865ddbdb5d835f569b03388e6df1d5619d41409ba1e04986c7d38629,,UNVERIFIED
EP-01,Outlaw World,00:16:59,1019,847038,https://animehistory.org/uploads/screencaps/outlaw-star-E001-Outlaw-World/cap_00-16-59_0302.jpg,Outlaw Star Ep 1: Outlaw World @ 00:16:59,https://animehistory.org/gallery/screencaps/outlaw-star/episode-1/,https://animehistory.org/gallery/screencaps/outlaw-star/episode-1/?page=3,3,2026-10-07T01:48:34.774422+00:00,34300013865ddbdb5d835f569b03388e6df1d5619d41409ba1e04986c7d38629,,UNVERIFIED
EP-01,Outlaw World,00:17:02,1022,847039,https://animehistory.org/uploads/screencaps/outlaw-star-E001-Outlaw-World/cap_00-17-02_0971.jpg,Outlaw Star Ep 1: Outlaw World @ 00:17:02,https://animehistory.org/gallery/screencaps/outlaw-star/episode-1/,https://animehistory.org/gallery/screencaps/outlaw-star/episode-1/?page=3,3,2026-10-07T01:48:34.774422+00:00,34300013865ddbdb5d835f569b03388e6df1d5619d41409ba1e04986c7d38629,,UNVERIFIED
EP-01,Outlaw World,00:17:06,1026,847040,https://animehistory.org/uploads/screencaps/outlaw-star-E001-Outlaw-World/cap_00-17-06_3879.jpg,Outlaw Star Ep 1: Outlaw World @ 00:17:06,https://animehistory.org/gallery/screencaps/outlaw-star/episode-1/,https://animehistory.org/gallery/screencaps/outlaw-star/episode-1/?page=3,3,2026-10-07T01:48:34.774422+00:00,34300013865ddbdb5d835f569b03388e6df1d5619d41409ba1e04986c7d38629,,UNVERIFIED
EP-01,Outlaw World,00:17:09,1029,847041,https://animehistory.org/uploads/screencaps/outlaw-star-E001-Outlaw-World/cap_00-17-09_3a10.jpg,Outlaw Star Ep 1: Outlaw World @ 00:17:09,https://animehistory.org/gallery/screencaps/outlaw-star/episode-1/,https://animehistory.org/gallery/screencaps/outlaw-star/episode-1/?page=3,3,2026-10-07T01:48:34.774422+00:00,34300013865ddbdb5d835f569b03388e6df1d5619d41409ba1e04986c7d38629,,UNVERIFIED
EP-01,Outlaw World,00:17:13,1033,847042,https://animehistory.org/uploads/screencaps/outlaw-star-E001-Outlaw-World/cap_00-17-13_10f2.jpg,Outlaw Star Ep 1: Outlaw World @ 00:17:13,https://animehistory.org/gallery/screencaps/outlaw-star/episode-1/,https://animehistory.org/gallery/screencaps/outlaw-star/episode-1/?page=3,3,2026-10-07T01:48:34.774422+00:00,34300013865ddbdb5d835f569b03388e6df1d5619d41409ba1e04986c7d38629,,UNVERIFIED
EP-01,Outlaw World,00:17:16,1036,847043,https://animehistory.org/uploads/screencaps/outlaw-star-E001-Outlaw-World/cap_00-17-16_2291.jpg,Outlaw Star Ep 1: Outlaw World @ 00:17:16,https://animehistory.org/gallery/screencaps/outlaw-star/episode-1/,https://animehistory.org/gallery/screencaps/outlaw-star/episode-1/?page=3,3,2026-10-07T01:48:34.774422+00:00,34300013865ddbdb5d835f569b03388e6df1d5619d41409ba1e04986c7d38629,,UNVERIFIED
EP-01,Outlaw World,00:17:20,1040,847044,https://animehistory.org/uploads/screencaps/outlaw-star-E001-Outlaw-World/cap_00-17-20_7c3b.jpg,Outlaw Star Ep 1: Outlaw World @ 00:17:20,https://animehistory.org/gallery/screencaps/outlaw-star/episode-1/,https://animehistory.org/gallery/screencaps/outlaw-star/episode-1/?page=3,3,2026-10-07T01:48:34.774422+00:00,34300013865ddbdb5d835f569b03388e6df1d5619d41409ba1e04986c7d38629,,UNVERIFIED
EP-01,Outlaw World,00:17:23,1043,847045,https://animehistory.org/uploads/screencaps/outlaw-star-E001-Outlaw-World/cap_00-17-23_76bf.jpg,Outlaw Star Ep 1: Outlaw World @ 00:17:23,https://animehistory.org/gallery/screencaps/outlaw-star/episode-1/,https://animehistory.org/gallery/screencaps/outlaw-star/episode-1/?page=3,3,2026-10-07T01:48:34.774422+00:00,34300013865ddbdb5d835f569b03388e6df1d5619d41409ba1e04986c7d38629,,UNVERIFIED
EP-01,Outlaw World,00:17:27,1047,847046,https://animehistory.org/uploads/screencaps/outlaw-star-E001-Outlaw-World/cap_00-17-27_7a26.jpg,Outlaw Star Ep 1: Outlaw World @ 00:17:27,https://animehistory.org/gallery/screencaps/outlaw-star/episode-1/,https://animehistory.org/gallery/screencaps/outlaw-star/episode-1/?page=3,3,2026-10-07T01:48:34.774422+00:00,34300013865ddbdb5d835f569b03388e6df1d5619d41409ba1e04986c7d38629,,UNVERIFIED
EP-01,Outlaw World,00:17:30,1050,847047,https://animehistory.org/uploads/screencaps/outlaw-star-E001-Outlaw-World/cap_00-17-30_38cc.jpg,Outlaw Star Ep 1: Outlaw World @ 00:17:30,https://animehistory.org/gallery/screencaps/outlaw-star/episode-1/,https://animehistory.org/gallery/screencaps/outlaw-star/episode-1/?page=3,3,2026-10-07T01:48:34.774422+00:00,34300013865ddbdb5d835f569b03388e6df1d5619d41409ba1e04986c7d38629,,UNVERIFIED
EP-01,Outlaw World,00:17:33,1053,847048,https://animehistory.org/uploads/screencaps/outlaw-star-E001-Outlaw-World/cap_00-17-33_6e3c.jpg,Outlaw Star Ep 1: Outlaw World @ 00:17:33,https://animehistory.org/gallery/screencaps/outlaw-star/episode-1/,https://animehistory.org/gallery/screencaps/outlaw-star/episode-1/?page=3,3,2026-10-07T01:48:34.774422+00:00,34300013865ddbdb5d835f569b03388e6df1d5619d41409ba1e04986c7d38629,,UNVERIFIED
EP-01,Outlaw World,00:17:37,1057,847049,https://animehistory.org/uploads/screencaps/outlaw-star-E001-Outlaw-World/cap_00-17-37_5706.jpg,Outlaw Star Ep 1: Outlaw World @ 00:17:37,https://animehistory.org/gallery/screencaps/outlaw-star/episode-1/,https://animehistory.org/gallery/screencaps/outlaw-star/episode-1/?page=3,3,2026-10-07T01:48:34.774422+00:00,34300013865ddbdb5d835f569b03388e6df1d5619d41409ba1e04986c7d38629,,UNVERIFIED
EP-01,Outlaw World,00:17:40,1060,847050,https://animehistory.org/uploads/screencaps/outlaw-star-E001-Outlaw-World/cap_00-17-40_0dd6.jpg,Outlaw Star Ep 1: Outlaw World @ 00:17:40,https://animehistory.org/gallery/screencaps/outlaw-star/episode-1/,https://animehistory.org/gallery/screencaps/outlaw-star/episode-1/?page=3,3,2026-10-07T01:48:34.774422+00:00,34300013865ddbdb5d835f569b03388e6df1d5619d41409ba1e04986c7d38629,,UNVERIFIED
EP-01,Outlaw World,00:17:44,1064,847051,https://animehistory.org/uploads/screencaps/outlaw-star-E001-Outlaw-World/cap_00-17-44_32f2.jpg,Outlaw Star Ep 1: Outlaw World @ 00:17:44,https://animehistory.org/gallery/screencaps/outlaw-star/episode-1/,https://animehistory.org/gallery/screencaps/outlaw-star/episode-1/?page=3,3,2026-10-07T01:48:34.774422+00:00,34300013865ddbdb5d835f569b03388e6df1d5619d41409ba1e04986c7d38629,,UNVERIFIED
EP-01,Outlaw World,00:17:47,1067,847052,https://animehistory.org/uploads/screencaps/outlaw-star-E001-Outlaw-World/cap_00-17-47_5f24.jpg,Outlaw Star Ep 1: Outlaw World @ 00:17:47,https://animehistory.org/gallery/screencaps/outlaw-star/episode-1/,https://animehistory.org/gallery/screencaps/outlaw-star/episode-1/?page=3,3,2026-10-07T01:48:34.774422+00:00,34300013865ddbdb5d835f569b03388e6df1d5619d41409ba1e04986c7d38629,,UNVERIFIED
EP-01,Outlaw World,00:17:51,1071,847053,https://animehistory.org/uploads/screencaps/outlaw-star-E001-Outlaw-World/cap_00-17-51_26c1.jpg,Outlaw Star Ep 1: Outlaw World @ 00:17:51,https://animehistory.org/gallery/screencaps/outlaw-star/episode-1/,https://animehistory.org/gallery/screencaps/outlaw-star/episode-1/?page=3,3,2026-10-07T01:48:34.774422+00:00,34300013865ddbdb5d835f569b03388e6df1d5619d41409ba1e04986c7d38629,,UNVERIFIED
EP-01,Outlaw World,00:17:54,1074,847054,https://animehistory.org/uploads/screencaps/outlaw-star-E001-Outlaw-World/cap_00-17-54_2064.jpg,Outlaw Star Ep 1: Outlaw World @ 00:17:54,https://animehistory.org/gallery/screencaps/outlaw-star/episode-1/,https://animehistory.org/gallery/screencaps/outlaw-star/episode-1/?page=3,3,2026-10-07T01:48:34.774422+00:00,34300013865ddbdb5d835f569b03388e6df1d5619d41409ba1e04986c7d38629,,UNVERIFIED
EP-01,Outlaw World,00:17:58,1078,847055,https://animehistory.org/uploads/screencaps/outlaw-star-E001-Outlaw-World/cap_00-17-58_2f19.jpg,Outlaw Star Ep 1: Outlaw World @ 00:17:58,https://animehistory.org/gallery/screencaps/outlaw-star/episode-1/,https://animehistory.org/gallery/screencaps/outlaw-star/episode-1/?page=3,3,2026-10-07T01:48:34.774422+00:00,34300013865ddbdb5d835f569b03388e6df1d5619d41409ba1e04986c7d38629,,UNVERIFIED
EP-01,Outlaw World,00:18:01,1081,847056,https://animehistory.org/uploads/screencaps/outlaw-star-E001-Outlaw-World/cap_00-18-01_521b.jpg,Outlaw Star Ep 1: Outlaw World @ 00:18:01,https://animehistory.org/gallery/screencaps/outlaw-star/episode-1/,https://animehistory.org/gallery/screencaps/outlaw-star/episode-1/?page=3,3,2026-10-07T01:48:34.774422+00:00,34300013865ddbdb5d835f569b03388e6df1d5619d41409ba1e04986c7d38629,,UNVERIFIED
EP-01,Outlaw World,00:18:05,1085,847057,https://animehistory.org/uploads/screencaps/outlaw-star-E001-Outlaw-World/cap_00-18-05_1846.jpg,Outlaw Star Ep 1: Outlaw World @ 00:18:05,https://animehistory.org/gallery/screencaps/outlaw-star/episode-1/,https://animehistory.org/gallery/screencaps/outlaw-star/episode-1/?page=3,3,2026-10-07T01:48:34.774422+00:00,34300013865ddbdb5d835f569b03388e6df1d5619d41409ba1e04986c7d38629,,UNVERIFIED
EP-01,Outlaw World,00:18:08,1088,847058,https://animehistory.org/uploads/screencaps/outlaw-star-E001-Outlaw-World/cap_00-18-08_13d9.jpg,Outlaw Star Ep 1: Outlaw World @ 00:18:08,https://animehistory.org/gallery/screencaps/outlaw-star/episode-1/,https://animehistory.org/gallery/screencaps/outlaw-star/episode-1/?page=3,3,2026-10-07T01:48:34.774422+00:00,34300013865ddbdb5d835f569b03388e6df1d5619d41409ba1e04986c7d38629,,UNVERIFIED
EP-01,Outlaw World,00:18:11,1091,847059,https://animehistory.org/uploads/screencaps/outlaw-star-E001-Outlaw-World/cap_00-18-11_29e6.jpg,Outlaw Star Ep 1: Outlaw World @ 00:18:11,https://animehistory.org/gallery/screencaps/outlaw-star/episode-1/,https://animehistory.org/gallery/screencaps/outlaw-star/episode-1/?page=3,3,2026-10-07T01:48:34.774422+00:00,34300013865ddbdb5d835f569b03388e6df1d5619d41409ba1e04986c7d38629,,UNVERIFIED
EP-01,Outlaw World,00:18:15,1095,847060,https://animehistory.org/uploads/screencaps/outlaw-star-E001-Outlaw-World/cap_00-18-15_2566.jpg,Outlaw Star Ep 1: Outlaw World @ 00:18:15,https://animehistory.org/gallery/screencaps/outlaw-star/episode-1/,https://animehistory.org/gallery/screencaps/outlaw-star/episode-1/?page=3,3,2026-10-07T01:48:34.774422+00:00,34300013865ddbdb5d835f569b03388e6df1d5619d41409ba1e04986c7d38629,,UNVERIFIED
EP-01,Outlaw World,00:18:18,1098,847061,https://animehistory.org/uploads/screencaps/outlaw-star-E001-Outlaw-World/cap_00-18-18_5a93.jpg,Outlaw Star Ep 1: Outlaw World @ 00:18:18,https://animehistory.org/gallery/screencaps/outlaw-star/episode-1/,https://animehistory.org/gallery/screencaps/outlaw-star/episode-1/?page=3,3,2026-10-07T01:48:34.774422+00:00,34300013865ddbdb5d835f569b03388e6df1d5619d41409ba1e04986c7d38629,,UNVERIFIED
EP-01,Outlaw World,00:18:22,1102,847062,https://animehistory.org/uploads/screencaps/outlaw-star-E001-Outlaw-World/cap_00-18-22_49ba.jpg,Outlaw Star Ep 1: Outlaw World @ 00:18:22,https://animehistory.org/gallery/screencaps/outlaw-star/episode-1/,https://animehistory.org/gallery/screencaps/outlaw-star/episode-1/?page=3,3,2026-10-07T01:48:34.774422+00:00,34300013865ddbdb5d835f569b03388e6df1d5619d41409ba1e04986c7d38629,,UNVERIFIED
EP-01,Outlaw World,00:18:25,1105,847063,https://animehistory.org/uploads/screencaps/outlaw-star-E001-Outlaw-World/cap_00-18-25_2cc8.jpg,Outlaw Star Ep 1: Outlaw World @ 00:18:25,https://animehistory.org/gallery/screencaps/outlaw-star/episode-1/,https://animehistory.org/gallery/screencaps/outlaw-star/episode-1/?page=3,3,2026-10-07T01:48:34.774422+00:00,34300013865ddbdb5d835f569b03388e6df1d5619d41409ba1e04986c7d38629,,UNVERIFIED
EP-01,Outlaw World,00:18:29,1109,847064,https://animehistory.org/uploads/screencaps/outlaw-star-E001-Outlaw-World/cap_00-18-29_12be.jpg,Outlaw Star Ep 1: Outlaw World @ 00:18:29,https://animehistory.org/gallery/screencaps/outlaw-star/episode-1/,https://animehistory.org/gallery/screencaps/outlaw-star/episode-1/?page=3,3,2026-10-07T01:48:34.774422+00:00,34300013865ddbdb5d835f569b03388e6df1d5619d41409ba1e04986c7d38629,,UNVERIFIED
EP-01,Outlaw World,00:18:32,1112,847065,https://animehistory.org/uploads/screencaps/outlaw-star-E001-Outlaw-World/cap_00-18-32_2aab.jpg,Outlaw Star Ep 1: Outlaw World @ 00:18:32,https://animehistory.org/gallery/screencaps/outlaw-star/episode-1/,https://animehistory.org/gallery/screencaps/outlaw-star/episode-1/?page=3,3,2026-10-07T01:48:34.774422+00:00,34300013865ddbdb5d835f569b03388e6df1d5619d41409ba1e04986c7d38629,,UNVERIFIED
EP-01,Outlaw World,00:18:36,1116,847066,https://animehistory.org/uploads/screencaps/outlaw-star-E001-Outlaw-World/cap_00-18-36_1314.jpg,Outlaw Star Ep 1: Outlaw World @ 00:18:36,https://animehistory.org/gallery/screencaps/outlaw-star/episode-1/,https://animehistory.org/gallery/screencaps/outlaw-star/episode-1/?page=3,3,2026-10-07T01:48:34.774422+00:00,34300013865ddbdb5d835f569b03388e6df1d5619d41409ba1e04986c7d38629,,UNVERIFIED
EP-01,Outlaw World,00:18:39,1119,847067,https://animehistory.org/uploads/screencaps/outlaw-star-E001-Outlaw-World/cap_00-18-39_1582.jpg,Outlaw Star Ep 1: Outlaw World @ 00:18:39,https://animehistory.org/gallery/screencaps/outlaw-star/episode-1/,https://animehistory.org/gallery/screencaps/outlaw-star/episode-1/?page=3,3,2026-10-07T01:48:34.774422+00:00,34300013865ddbdb5d835f569b03388e6df1d5619d41409ba1e04986c7d38629,,UNVERIFIED
EP-01,Outlaw World,00:18:43,1123,847068,https://animehistory.org/uploads/screencaps/outlaw-star-E001-Outlaw-World/cap_00-18-43_35e1.jpg,Outlaw Star Ep 1: Outlaw World @ 00:18:43,https://animehistory.org/gallery/screencaps/outlaw-star/episode-1/,https://animehistory.org/gallery/screencaps/outlaw-star/episode-1/?page=3,3,2026-10-07T01:48:34.774422+00:00,34300013865ddbdb5d835f569b03388e6df1d5619d41409ba1e04986c7d38629,,UNVERIFIED
EP-01,Outlaw World,00:18:46,1126,847069,https://animehistory.org/uploads/screencaps/outlaw-star-E001-Outlaw-World/cap_00-18-46_36b1.jpg,Outlaw Star Ep 1: Outlaw World @ 00:18:46,https://animehistory.org/gallery/screencaps/outlaw-star/episode-1/,https://animehistory.org/gallery/screencaps/outlaw-star/episode-1/?page=3,3,2026-10-07T01:48:34.774422+00:00,34300013865ddbdb5d835f569b03388e6df1d5619d41409ba1e04986c7d38629,,UNVERIFIED
EP-01,Outlaw World,00:18:49,1129,847070,https://animehistory.org/uploads/screencaps/outlaw-star-E001-Outlaw-World/cap_00-18-49_1182.jpg,Outlaw Star Ep 1: Outlaw World @ 00:18:49,https://animehistory.org/gallery/screencaps/outlaw-star/episode-1/,https://animehistory.org/gallery/screencaps/outlaw-star/episode-1/?page=3,3,2026-10-07T01:48:34.774422+00:00,34300013865ddbdb5d835f569b03388e6df1d5619d41409ba1e04986c7d38629,,UNVERIFIED
EP-01,Outlaw World,00:18:53,1133,847071,https://animehistory.org/uploads/screencaps/outlaw-star-E001-Outlaw-World/cap_00-18-53_3449.jpg,Outlaw Star Ep 1: Outlaw World @ 00:18:53,https://animehistory.org/gallery/screencaps/outlaw-star/episode-1/,https://animehistory.org/gallery/screencaps/outlaw-star/episode-1/?page=3,3,2026-10-07T01:48:34.774422+00:00,34300013865ddbdb5d835f569b03388e6df1d5619d41409ba1e04986c7d38629,,UNVERIFIED
EP-01,Outlaw World,00:18:56,1136,847072,https://animehistory.org/uploads/screencaps/outlaw-star-E001-Outlaw-World/cap_00-18-56_67a4.jpg,Outlaw Star Ep 1: Outlaw World @ 00:18:56,https://animehistory.org/gallery/screencaps/outlaw-star/episode-1/,https://animehistory.org/gallery/screencaps/outlaw-star/episode-1/?page=3,3,2026-10-07T01:48:34.774422+00:00,34300013865ddbdb5d835f569b03388e6df1d5619d41409ba1e04986c7d38629,,UNVERIFIED
EP-01,Outlaw World,00:19:00,1140,847073,https://animehistory.org/uploads/screencaps/outlaw-star-E001-Outlaw-World/cap_00-19-00_6dce.jpg,Outlaw Star Ep 1: Outlaw World @ 00:19:00,https://animehistory.org/gallery/screencaps/outlaw-star/episode-1/,https://animehistory.org/gallery/screencaps/outlaw-star/episode-1/?page=4,4,2026-10-07T01:48:35.799743+00:00,01cb1a11e982ba82ad07741f82363a6d30e82142cd6431847addc1237777dd7b,,UNVERIFIED
EP-01,Outlaw World,00:19:03,1143,847074,https://animehistory.org/uploads/screencaps/outlaw-star-E001-Outlaw-World/cap_00-19-03_7532.jpg,Outlaw Star Ep 1: Outlaw World @ 00:19:03,https://animehistory.org/gallery/screencaps/outlaw-star/episode-1/,https://animehistory.org/gallery/screencaps/outlaw-star/episode-1/?page=4,4,2026-10-07T01:48:35.799743+00:00,01cb1a11e982ba82ad07741f82363a6d30e82142cd6431847addc1237777dd7b,,UNVERIFIED
EP-01,Outlaw World,00:19:07,1147,847075,https://animehistory.org/uploads/screencaps/outlaw-star-E001-Outlaw-World/cap_00-19-07_390c.jpg,Outlaw Star Ep 1: Outlaw World @ 00:19:07,https://animehistory.org/gallery/screencaps/outlaw-star/episode-1/,https://animehistory.org/gallery/screencaps/outlaw-star/episode-1/?page=4,4,2026-10-07T01:48:35.799743+00:00,01cb1a11e982ba82ad07741f82363a6d30e82142cd6431847addc1237777dd7b,,UNVERIFIED
EP-01,Outlaw World,00:19:10,1150,847076,https://animehistory.org/uploads/screencaps/outlaw-star-E001-Outlaw-World/cap_00-19-10_294f.jpg,Outlaw Star Ep 1: Outlaw World @ 00:19:10,https://animehistory.org/gallery/screencaps/outlaw-star/episode-1/,https://animehistory.org/gallery/screencaps/outlaw-star/episode-1/?page=4,4,2026-10-07T01:48:35.799743+00:00,01cb1a11e982ba82ad07741f82363a6d30e82142cd6431847addc1237777dd7b,,UNVERIFIED
EP-01,Outlaw World,00:19:14,1154,847077,https://animehistory.org/uploads/screencaps/outlaw-star-E001-Outlaw-World/cap_00-19-14_377a.jpg,Outlaw Star Ep 1: Outlaw World @ 00:19:14,https://animehistory.org/gallery/screencaps/outlaw-star/episode-1/,https://animehistory.org/gallery/screencaps/outlaw-star/episode-1/?page=4,4,2026-10-07T01:48:35.799743+00:00,01cb1a11e982ba82ad07741f82363a6d30e82142cd6431847addc1237777dd7b,,UNVERIFIED
EP-01,Outlaw World,00:19:17,1157,847078,https://animehistory.org/uploads/screencaps/outlaw-star-E001-Outlaw-World/cap_00-19-17_2b5b.jpg,Outlaw Star Ep 1: Outlaw World @ 00:19:17,https://animehistory.org/gallery/screencaps/outlaw-star/episode-1/,https://animehistory.org/gallery/screencaps/outlaw-star/episode-1/?page=4,4,2026-10-07T01:48:35.799743+00:00,01cb1a11e982ba82ad07741f82363a6d30e82142cd6431847addc1237777dd7b,,UNVERIFIED
EP-01,Outlaw World,00:19:21,1161,847079,https://animehistory.org/uploads/screencaps/outlaw-star-E001-Outlaw-World/cap_00-19-21_3961.jpg,Outlaw Star Ep 1: Outlaw World @ 00:19:21,https://animehistory.org/gallery/screencaps/outlaw-star/episode-1/,https://animehistory.org/gallery/screencaps/outlaw-star/episode-1/?page=4,4,2026-10-07T01:48:35.799743+00:00,01cb1a11e982ba82ad07741f82363a6d30e82142cd6431847addc1237777dd7b,,UNVERIFIED
EP-01,Outlaw World,00:19:24,1164,847080,https://animehistory.org/uploads/screencaps/outlaw-star-E001-Outlaw-World/cap_00-19-24_2f32.jpg,Outlaw Star Ep 1: Outlaw World @ 00:19:24,https://animehistory.org/gallery/screencaps/outlaw-star/episode-1/,https://animehistory.org/gallery/screencaps/outlaw-star/episode-1/?page=4,4,2026-10-07T01:48:35.799743+00:00,01cb1a11e982ba82ad07741f82363a6d30e82142cd6431847addc1237777dd7b,,UNVERIFIED
EP-01,Outlaw World,00:19:28,1168,847081,https://animehistory.org/uploads/screencaps/outlaw-star-E001-Outlaw-World/cap_00-19-28_5ed4.jpg,Outlaw Star Ep 1: Outlaw World @ 00:19:28,https://animehistory.org/gallery/screencaps/outlaw-star/episode-1/,https://animehistory.org/gallery/screencaps/outlaw-star/episode-1/?page=4,4,2026-10-07T01:48:35.799743+00:00,01cb1a11e982ba82ad07741f82363a6d30e82142cd6431847addc1237777dd7b,,UNVERIFIED
EP-01,Outlaw World,00:19:31,1171,847082,https://animehistory.org/uploads/screencaps/outlaw-star-E001-Outlaw-World/cap_00-19-31_4802.jpg,Outlaw Star Ep 1: Outlaw World @ 00:19:31,https://animehistory.org/gallery/screencaps/outlaw-star/episode-1/,https://animehistory.org/gallery/screencaps/outlaw-star/episode-1/?page=4,4,2026-10-07T01:48:35.799743+00:00,01cb1a11e982ba82ad07741f82363a6d30e82142cd6431847addc1237777dd7b,,UNVERIFIED
EP-01,Outlaw World,00:19:34,1174,847083,https://animehistory.org/uploads/screencaps/outlaw-star-E001-Outlaw-World/cap_00-19-34_0c22.jpg,Outlaw Star Ep 1: Outlaw World @ 00:19:34,https://animehistory.org/gallery/screencaps/outlaw-star/episode-1/,https://animehistory.org/gallery/screencaps/outlaw-star/episode-1/?page=4,4,2026-10-07T01:48:35.799743+00:00,01cb1a11e982ba82ad07741f82363a6d30e82142cd6431847addc1237777dd7b,,UNVERIFIED
EP-01,Outlaw World,00:19:38,1178,847084,https://animehistory.org/uploads/screencaps/outlaw-star-E001-Outlaw-World/cap_00-19-38_39e5.jpg,Outlaw Star Ep 1: Outlaw World @ 00:19:38,https://animehistory.org/gallery/screencaps/outlaw-star/episode-1/,https://animehistory.org/gallery/screencaps/outlaw-star/episode-1/?page=4,4,2026-10-07T01:48:35.799743+00:00,01cb1a11e982ba82ad07741f82363a6d30e82142cd6431847addc1237777dd7b,,UNVERIFIED
EP-01,Outlaw World,00:19:41,1181,847085,https://animehistory.org/uploads/screencaps/outlaw-star-E001-Outlaw-World/cap_00-19-41_74b7.jpg,Outlaw Star Ep 1: Outlaw World @ 00:19:41,https://animehistory.org/gallery/screencaps/outlaw-star/episode-1/,https://animehistory.org/gallery/screencaps/outlaw-star/episode-1/?page=4,4,2026-10-07T01:48:35.799743+00:00,01cb1a11e982ba82ad07741f82363a6d30e82142cd6431847addc1237777dd7b,,UNVERIFIED
EP-01,Outlaw World,00:19:45,1185,847086,https://animehistory.org/uploads/screencaps/outlaw-star-E001-Outlaw-World/cap_00-19-45_0594.jpg,Outlaw Star Ep 1: Outlaw World @ 00:19:45,https://animehistory.org/gallery/screencaps/outlaw-star/episode-1/,https://animehistory.org/gallery/screencaps/outlaw-star/episode-1/?page=4,4,2026-10-07T01:48:35.799743+00:00,01cb1a11e982ba82ad07741f82363a6d30e82142cd6431847addc1237777dd7b,,UNVERIFIED
EP-01,Outlaw World,00:19:48,1188,847087,https://animehistory.org/uploads/screencaps/outlaw-star-E001-Outlaw-World/cap_00-19-48_2c92.jpg,Outlaw Star Ep 1: Outlaw World @ 00:19:48,https://animehistory.org/gallery/screencaps/outlaw-star/episode-1/,https://animehistory.org/gallery/screencaps/outlaw-star/episode-1/?page=4,4,2026-10-07T01:48:35.799743+00:00,01cb1a11e982ba82ad07741f82363a6d30e82142cd6431847addc1237777dd7b,,UNVERIFIED
EP-01,Outlaw World,00:19:52,1192,847088,https://animehistory.org/uploads/screencaps/outlaw-star-E001-Outlaw-World/cap_00-19-52_41ef.jpg,Outlaw Star Ep 1: Outlaw World @ 00:19:52,https://animehistory.org/gallery/screencaps/outlaw-star/episode-1/,https://animehistory.org/gallery/screencaps/outlaw-star/episode-1/?page=4,4,2026-10-07T01:48:35.799743+00:00,01cb1a11e982ba82ad07741f82363a6d30e82142cd6431847addc1237777dd7b,,UNVERIFIED
EP-01,Outlaw World,00:19:55,1195,847089,https://animehistory.org/uploads/screencaps/outlaw-star-E001-Outlaw-World/cap_00-19-55_246b.jpg,Outlaw Star Ep 1: Outlaw World @ 00:19:55,https://animehistory.org/gallery/screencaps/outlaw-star/episode-1/,https://animehistory.org/gallery/screencaps/outlaw-star/episode-1/?page=4,4,2026-10-07T01:48:35.799743+00:00,01cb1a11e982ba82ad07741f82363a6d30e82142cd6431847addc1237777dd7b,,UNVERIFIED
EP-01,Outlaw World,00:19:59,1199,847090,https://animehistory.org/uploads/screencaps/outlaw-star-E001-Outlaw-World/cap_00-19-59_062b.jpg,Outlaw Star Ep 1: Outlaw World @ 00:19:59,https://animehistory.org/gallery/screencaps/outlaw-star/episode-1/,https://animehistory.org/gallery/screencaps/outlaw-star/episode-1/?page=4,4,2026-10-07T01:48:35.799743+00:00,01cb1a11e982ba82ad07741f82363a6d30e82142cd6431847addc1237777dd7b,,UNVERIFIED
EP-01,Outlaw World,00:20:02,1202,847091,https://animehistory.org/uploads/screencaps/outlaw-star-E001-Outlaw-World/cap_00-20-02_3992.jpg,Outlaw Star Ep 1: Outlaw World @ 00:20:02,https://animehistory.org/gallery/screencaps/outlaw-star/episode-1/,https://animehistory.org/gallery/screencaps/outlaw-star/episode-1/?page=4,4,2026-10-07T01:48:35.799743+00:00,01cb1a11e982ba82ad07741f82363a6d30e82142cd6431847addc1237777dd7b,,UNVERIFIED
EP-01,Outlaw World,00:20:06,1206,847092,https://animehistory.org/uploads/screencaps/outlaw-star-E001-Outlaw-World/cap_00-20-06_07b3.jpg,Outlaw Star Ep 1: Outlaw World @ 00:20:06,https://animehistory.org/gallery/screencaps/outlaw-star/episode-1/,https://animehistory.org/gallery/screencaps/outlaw-star/episode-1/?page=4,4,2026-10-07T01:48:35.799743+00:00,01cb1a11e982ba82ad07741f82363a6d30e82142cd6431847addc1237777dd7b,,UNVERIFIED
EP-01,Outlaw World,00:20:09,1209,847093,https://animehistory.org/uploads/screencaps/outlaw-star-E001-Outlaw-World/cap_00-20-09_1d69.jpg,Outlaw Star Ep 1: Outlaw World @ 00:20:09,https://animehistory.org/gallery/screencaps/outlaw-star/episode-1/,https://animehistory.org/gallery/screencaps/outlaw-star/episode-1/?page=4,4,2026-10-07T01:48:35.799743+00:00,01cb1a11e982ba82ad07741f82363a6d30e82142cd6431847addc1237777dd7b,,UNVERIFIED
EP-01,Outlaw World,00:20:12,1212,847094,https://animehistory.org/uploads/screencaps/outlaw-star-E001-Outlaw-World/cap_00-20-12_65a2.jpg,Outlaw Star Ep 1: Outlaw World @ 00:20:12,https://animehistory.org/gallery/screencaps/outlaw-star/episode-1/,https://animehistory.org/gallery/screencaps/outlaw-star/episode-1/?page=4,4,2026-10-07T01:48:35.799743+00:00,01cb1a11e982ba82ad07741f82363a6d30e82142cd6431847addc1237777dd7b,,UNVERIFIED
EP-01,Outlaw World,00:20:16,1216,847095,https://animehistory.org/uploads/screencaps/outlaw-star-E001-Outlaw-World/cap_00-20-16_01d5.jpg,Outlaw Star Ep 1: Outlaw World @ 00:20:16,https://animehistory.org/gallery/screencaps/outlaw-star/episode-1/,https://animehistory.org/gallery/screencaps/outlaw-star/episode-1/?page=4,4,2026-10-07T01:48:35.799743+00:00,01cb1a11e982ba82ad07741f82363a6d30e82142cd6431847addc1237777dd7b,,UNVERIFIED
EP-01,Outlaw World,00:20:19,1219,847096,https://animehistory.org/uploads/screencaps/outlaw-star-E001-Outlaw-World/cap_00-20-19_52cb.jpg,Outlaw Star Ep 1: Outlaw World @ 00:20:19,https://animehistory.org/gallery/screencaps/outlaw-star/episode-1/,https://animehistory.org/gallery/screencaps/outlaw-star/episode-1/?page=4,4,2026-10-07T01:48:35.799743+00:00,01cb1a11e982ba82ad07741f82363a6d30e82142cd6431847addc1237777dd7b,,UNVERIFIED
EP-01,Outlaw World,00:20:23,1223,847097,https://animehistory.org/uploads/screencaps/outlaw-star-E001-Outlaw-World/cap_00-20-23_4a62.jpg,Outlaw Star Ep 1: Outlaw World @ 00:20:23,https://animehistory.org/gallery/screencaps/outlaw-star/episode-1/,https://animehistory.org/gallery/screencaps/outlaw-star/episode-1/?page=4,4,2026-10-07T01:48:35.799743+00:00,01cb1a11e982ba82ad07741f82363a6d30e82142cd6431847addc1237777dd7b,,UNVERIFIED
EP-01,Outlaw World,00:20:26,1226,847098,https://animehistory.org/uploads/screencaps/outlaw-star-E001-Outlaw-World/cap_00-20-26_70a3.jpg,Outlaw Star Ep 1: Outlaw World @ 00:20:26,https://animehistory.org/gallery/screencaps/outlaw-star/episode-1/,https://animehistory.org/gallery/screencaps/outlaw-star/episode-1/?page=4,4,2026-10-07T01:48:35.799743+00:00,01cb1a11e982ba82ad07741f82363a6d30e82142cd6431847addc1237777dd7b,,UNVERIFIED
EP-01,Outlaw World,00:20:30,1230,847099,https://animehistory.org/uploads/screencaps/outlaw-star-E001-Outlaw-World/cap_00-20-30_2c8c.jpg,Outlaw Star Ep 1: Outlaw World @ 00:20:30,https://animehistory.org/gallery/screencaps/outlaw-star/episode-1/,https://animehistory.org/gallery/screencaps/outlaw-star/episode-1/?page=4,4,2026-10-07T01:48:35.799743+00:00,01cb1a11e982ba82ad07741f82363a6d30e82142cd6431847addc1237777dd7b,,UNVERIFIED
EP-01,Outlaw World,00:20:33,1233,847100,https://animehistory.org/uploads/screencaps/outlaw-star-E001-Outlaw-World/cap_00-20-33_2541.jpg,Outlaw Star Ep 1: Outlaw World @ 00:20:33,https://animehistory.org/gallery/screencaps/outlaw-star/episode-1/,https://animehistory.org/gallery/screencaps/outlaw-star/episode-1/?page=4,4,2026-10-07T01:48:35.799743+00:00,01cb1a11e982ba82ad07741f82363a6d30e82142cd6431847addc1237777dd7b,,UNVERIFIED
EP-01,Outlaw World,00:20:37,1237,847101,https://animehistory.org/uploads/screencaps/outlaw-star-E001-Outlaw-World/cap_00-20-37_0494.jpg,Outlaw Star Ep 1: Outlaw World @ 00:20:37,https://animehistory.org/gallery/screencaps/outlaw-star/episode-1/,https://animehistory.org/gallery/screencaps/outlaw-star/episode-1/?page=4,4,2026-10-07T01:48:35.799743+00:00,01cb1a11e982ba82ad07741f82363a6d30e82142cd6431847addc1237777dd7b,,UNVERIFIED
EP-01,Outlaw World,00:20:40,1240,847102,https://animehistory.org/uploads/screencaps/outlaw-star-E001-Outlaw-World/cap_00-20-40_0a86.jpg,Outlaw Star Ep 1: Outlaw World @ 00:20:40,https://animehistory.org/gallery/screencaps/outlaw-star/episode-1/,https://animehistory.org/gallery/screencaps/outlaw-star/episode-1/?page=4,4,2026-10-07T01:48:35.799743+00:00,01cb1a11e982ba82ad07741f82363a6d30e82142cd6431847addc1237777dd7b,,UNVERIFIED
EP-01,Outlaw World,00:20:44,1244,847103,https://animehistory.org/uploads/screencaps/outlaw-star-E001-Outlaw-World/cap_00-20-44_254c.jpg,Outlaw Star Ep 1: Outlaw World @ 00:20:44,https://animehistory.org/gallery/screencaps/outlaw-star/episode-1/,https://animehistory.org/gallery/screencaps/outlaw-star/episode-1/?page=4,4,2026-10-07T01:48:35.799743+00:00,01cb1a11e982ba82ad07741f82363a6d30e82142cd6431847addc1237777dd7b,,UNVERIFIED
EP-01,Outlaw World,00:20:47,1247,847104,https://animehistory.org/uploads/screencaps/outlaw-star-E001-Outlaw-World/cap_00-20-47_74d0.jpg,Outlaw Star Ep 1: Outlaw World @ 00:20:47,https://animehistory.org/gallery/screencaps/outlaw-star/episode-1/,https://animehistory.org/gallery/screencaps/outlaw-star/episode-1/?page=4,4,2026-10-07T01:48:35.799743+00:00,01cb1a11e982ba82ad07741f82363a6d30e82142cd6431847addc1237777dd7b,,UNVERIFIED
EP-01,Outlaw World,00:20:50,1250,847105,https://animehistory.org/uploads/screencaps/outlaw-star-E001-Outlaw-World/cap_00-20-50_2620.jpg,Outlaw Star Ep 1: Outlaw World @ 00:20:50,https://animehistory.org/gallery/screencaps/outlaw-star/episode-1/,https://animehistory.org/gallery/screencaps/outlaw-star/episode-1/?page=4,4,2026-10-07T01:48:35.799743+00:00,01cb1a11e982ba82ad07741f82363a6d30e82142cd6431847addc1237777dd7b,,UNVERIFIED
EP-01,Outlaw World,00:20:54,1254,847106,https://animehistory.org/uploads/screencaps/outlaw-star-E001-Outlaw-World/cap_00-20-54_7414.jpg,Outlaw Star Ep 1: Outlaw World @ 00:20:54,https://animehistory.org/gallery/screencaps/outlaw-star/episode-1/,https://animehistory.org/gallery/screencaps/outlaw-star/episode-1/?page=4,4,2026-10-07T01:48:35.799743+00:00,01cb1a11e982ba82ad07741f82363a6d30e82142cd6431847addc1237777dd7b,,UNVERIFIED
EP-01,Outlaw World,00:20:57,1257,847107,https://animehistory.org/uploads/screencaps/outlaw-star-E001-Outlaw-World/cap_00-20-57_01cb.jpg,Outlaw Star Ep 1: Outlaw World @ 00:20:57,https://animehistory.org/gallery/screencaps/outlaw-star/episode-1/,https://animehistory.org/gallery/screencaps/outlaw-star/episode-1/?page=4,4,2026-10-07T01:48:35.799743+00:00,01cb1a11e982ba82ad07741f82363a6d30e82142cd6431847addc1237777dd7b,,UNVERIFIED
EP-01,Outlaw World,00:21:01,1261,847108,https://animehistory.org/uploads/screencaps/outlaw-star-E001-Outlaw-World/cap_00-21-01_473c.jpg,Outlaw Star Ep 1: Outlaw World @ 00:21:01,https://animehistory.org/gallery/screencaps/outlaw-star/episode-1/,https://animehistory.org/gallery/screencaps/outlaw-star/episode-1/?page=4,4,2026-10-07T01:48:35.799743+00:00,01cb1a11e982ba82ad07741f82363a6d30e82142cd6431847addc1237777dd7b,,UNVERIFIED
EP-01,Outlaw World,00:21:04,1264,847109,https://animehistory.org/uploads/screencaps/outlaw-star-E001-Outlaw-World/cap_00-21-04_339f.jpg,Outlaw Star Ep 1: Outlaw World @ 00:21:04,https://animehistory.org/gallery/screencaps/outlaw-star/episode-1/,https://animehistory.org/gallery/screencaps/outlaw-star/episode-1/?page=4,4,2026-10-07T01:48:35.799743+00:00,01cb1a11e982ba82ad07741f82363a6d30e82142cd6431847addc1237777dd7b,,UNVERIFIED
EP-01,Outlaw World,00:21:08,1268,847110,https://animehistory.org/uploads/screencaps/outlaw-star-E001-Outlaw-World/cap_00-21-08_3a8c.jpg,Outlaw Star Ep 1: Outlaw World @ 00:21:08,https://animehistory.org/gallery/screencaps/outlaw-star/episode-1/,https://animehistory.org/gallery/screencaps/outlaw-star/episode-1/?page=4,4,2026-10-07T01:48:35.799743+00:00,01cb1a11e982ba82ad07741f82363a6d30e82142cd6431847addc1237777dd7b,,UNVERIFIED
EP-01,Outlaw World,00:21:11,1271,847111,https://animehistory.org/uploads/screencaps/outlaw-star-E001-Outlaw-World/cap_00-21-11_749b.jpg,Outlaw Star Ep 1: Outlaw World @ 00:21:11,https://animehistory.org/gallery/screencaps/outlaw-star/episode-1/,https://animehistory.org/gallery/screencaps/outlaw-star/episode-1/?page=4,4,2026-10-07T01:48:35.799743+00:00,01cb1a11e982ba82ad07741f82363a6d30e82142cd6431847addc1237777dd7b,,UNVERIFIED
EP-01,Outlaw World,00:21:15,1275,847112,https://animehistory.org/uploads/screencaps/outlaw-star-E001-Outlaw-World/cap_00-21-15_6a88.jpg,Outlaw Star Ep 1: Outlaw World @ 00:21:15,https://animehistory.org/gallery/screencaps/outlaw-star/episode-1/,https://animehistory.org/gallery/screencaps/outlaw-star/episode-1/?page=4,4,2026-10-07T01:48:35.799743+00:00,01cb1a11e982ba82ad07741f82363a6d30e82142cd6431847addc1237777dd7b,,UNVERIFIED
EP-01,Outlaw World,00:21:18,1278,847113,https://animehistory.org/uploads/screencaps/outlaw-star-E001-Outlaw-World/cap_00-21-18_425e.jpg,Outlaw Star Ep 1: Outlaw World @ 00:21:18,https://animehistory.org/gallery/screencaps/outlaw-star/episode-1/,https://animehistory.org/gallery/screencaps/outlaw-star/episode-1/?page=4,4,2026-10-07T01:48:35.799743+00:00,01cb1a11e982ba82ad07741f82363a6d30e82142cd6431847addc1237777dd7b,,UNVERIFIED
EP-01,Outlaw World,00:21:22,1282,847114,https://animehistory.org/uploads/screencaps/outlaw-star-E001-Outlaw-World/cap_00-21-22_1364.jpg,Outlaw Star Ep 1: Outlaw World @ 00:21:22,https://animehistory.org/gallery/screencaps/outlaw-star/episode-1/,https://animehistory.org/gallery/screencaps/outlaw-star/episode-1/?page=4,4,2026-10-07T01:48:35.799743+00:00,01cb1a11e982ba82ad07741f82363a6d30e82142cd6431847addc1237777dd7b,,UNVERIFIED
EP-01,Outlaw World,00:21:25,1285,847115,https://animehistory.org/uploads/screencaps/outlaw-star-E001-Outlaw-World/cap_00-21-25_0d63.jpg,Outlaw Star Ep 1: Outlaw World @ 00:21:25,https://animehistory.org/gallery/screencaps/outlaw-star/episode-1/,https://animehistory.org/gallery/screencaps/outlaw-star/episode-1/?page=4,4,2026-10-07T01:48:35.799743+00:00,01cb1a11e982ba82ad07741f82363a6d30e82142cd6431847addc1237777dd7b,,UNVERIFIED
EP-01,Outlaw World,00:21:28,1288,847116,https://animehistory.org/uploads/screencaps/outlaw-star-E001-Outlaw-World/cap_00-21-28_6604.jpg,Outlaw Star Ep 1: Outlaw World @ 00:21:28,https://animehistory.org/gallery/screencaps/outlaw-star/episode-1/,https://animehistory.org/gallery/screencaps/outlaw-star/episode-1/?page=4,4,2026-10-07T01:48:35.799743+00:00,01cb1a11e982ba82ad07741f82363a6d30e82142cd6431847addc1237777dd7b,,UNVERIFIED
EP-01,Outlaw World,00:21:32,1292,847117,https://animehistory.org/uploads/screencaps/outlaw-star-E001-Outlaw-World/cap_00-21-32_6851.jpg,Outlaw Star Ep 1: Outlaw World @ 00:21:32,https://animehistory.org/gallery/screencaps/outlaw-star/episode-1/,https://animehistory.org/gallery/screencaps/outlaw-star/episode-1/?page=4,4,2026-10-07T01:48:35.799743+00:00,01cb1a11e982ba82ad07741f82363a6d30e82142cd6431847addc1237777dd7b,,UNVERIFIED
EP-01,Outlaw World,00:21:35,1295,847118,https://animehistory.org/uploads/screencaps/outlaw-star-E001-Outlaw-World/cap_00-21-35_42d6.jpg,Outlaw Star Ep 1: Outlaw World @ 00:21:35,https://animehistory.org/gallery/screencaps/outlaw-star/episode-1/,https://animehistory.org/gallery/screencaps/outlaw-star/episode-1/?page=4,4,2026-10-07T01:48:35.799743+00:00,01cb1a11e982ba82ad07741f82363a6d30e82142cd6431847addc1237777dd7b,,UNVERIFIED
EP-01,Outlaw World,00:21:39,1299,847119,https://animehistory.org/uploads/screencaps/outlaw-star-E001-Outlaw-World/cap_00-21-39_11fc.jpg,Outlaw Star Ep 1: Outlaw World @ 00:21:39,https://animehistory.org/gallery/screencaps/outlaw-star/episode-1/,https://animehistory.org/gallery/screencaps/outlaw-star/episode-1/?page=4,4,2026-10-07T01:48:35.799743+00:00,01cb1a11e982ba82ad07741f82363a6d30e82142cd6431847addc1237777dd7b,,UNVERIFIED
EP-01,Outlaw World,00:21:42,1302,847120,https://animehistory.org/uploads/screencaps/outlaw-star-E001-Outlaw-World/cap_00-21-42_5339.jpg,Outlaw Star Ep 1: Outlaw World @ 00:21:42,https://animehistory.org/gallery/screencaps/outlaw-star/episode-1/,https://animehistory.org/gallery/screencaps/outlaw-star/episode-1/?page=4,4,2026-10-07T01:48:35.799743+00:00,01cb1a11e982ba82ad07741f82363a6d30e82142cd6431847addc1237777dd7b,,UNVERIFIED
EP-01,Outlaw World,00:21:46,1306,847121,https://animehistory.org/uploads/screencaps/outlaw-star-E001-Outlaw-World/cap_00-21-46_48de.jpg,Outlaw Star Ep 1: Outlaw World @ 00:21:46,https://animehistory.org/gallery/screencaps/outlaw-star/episode-1/,https://animehistory.org/gallery/screencaps/outlaw-star/episode-1/?page=4,4,2026-10-07T01:48:35.799743+00:00,01cb1a11e982ba82ad07741f82363a6d30e82142cd6431847addc1237777dd7b,,UNVERIFIED
EP-01,Outlaw World,00:21:49,1309,847122,https://animehistory.org/uploads/screencaps/outlaw-star-E001-Outlaw-World/cap_00-21-49_4f8a.jpg,Outlaw Star Ep 1: Outlaw World @ 00:21:49,https://animehistory.org/gallery/screencaps/outlaw-star/episode-1/,https://animehistory.org/gallery/screencaps/outlaw-star/episode-1/?page=4,4,2026-10-07T01:48:35.799743+00:00,01cb1a11e982ba82ad07741f82363a6d30e82142cd6431847addc1237777dd7b,,UNVERIFIED
EP-01,Outlaw World,00:21:53,1313,847123,https://animehistory.org/uploads/screencaps/outlaw-star-E001-Outlaw-World/cap_00-21-53_7616.jpg,Outlaw Star Ep 1: Outlaw World @ 00:21:53,https://animehistory.org/gallery/screencaps/outlaw-star/episode-1/,https://animehistory.org/gallery/screencaps/outlaw-star/episode-1/?page=4,4,2026-10-07T01:48:35.799743+00:00,01cb1a11e982ba82ad07741f82363a6d30e82142cd6431847addc1237777dd7b,,UNVERIFIED
EP-01,Outlaw World,00:21:56,1316,847124,https://animehistory.org/uploads/screencaps/outlaw-star-E001-Outlaw-World/cap_00-21-56_3219.jpg,Outlaw Star Ep 1: Outlaw World @ 00:21:56,https://animehistory.org/gallery/screencaps/outlaw-star/episode-1/,https://animehistory.org/gallery/screencaps/outlaw-star/episode-1/?page=4,4,2026-10-07T01:48:35.799743+00:00,01cb1a11e982ba82ad07741f82363a6d30e82142cd6431847addc1237777dd7b,,UNVERIFIED
EP-01,Outlaw World,00:22:00,1320,847125,https://animehistory.org/uploads/screencaps/outlaw-star-E001-Outlaw-World/cap_00-22-00_6d62.jpg,Outlaw Star Ep 1: Outlaw World @ 00:22:00,https://animehistory.org/gallery/screencaps/outlaw-star/episode-1/,https://animehistory.org/gallery/screencaps/outlaw-star/episode-1/?page=4,4,2026-10-07T01:48:35.799743+00:00,01cb1a11e982ba82ad07741f82363a6d30e82142cd6431847addc1237777dd7b,,UNVERIFIED
EP-01,Outlaw World,00:22:03,1323,847126,https://animehistory.org/uploads/screencaps/outlaw-star-E001-Outlaw-World/cap_00-22-03_3c09.jpg,Outlaw Star Ep 1: Outlaw World @ 00:22:03,https://animehistory.org/gallery/screencaps/outlaw-star/episode-1/,https://animehistory.org/gallery/screencaps/outlaw-star/episode-1/?page=4,4,2026-10-07T01:48:35.799743+00:00,01cb1a11e982ba82ad07741f82363a6d30e82142cd6431847addc1237777dd7b,,UNVERIFIED
