episode_id,episode_title,web_timestamp,web_seconds,image_id,image_url,caption,gallery_url,source_page_url,source_page,retrieved_utc,html_sha256,local_timestamp,alignment_status
EP-24,Cutting the Galactic Leyline,00:01:43,103,854915,https://animehistory.org/uploads/screencaps/outlaw-star-E024-Cutting-the-Galactic-Leyline/cap_00-01-43_5621.jpg,Outlaw Star Ep 24: Cutting the Galactic Leyline @ 00:01:43,https://animehistory.org/gallery/screencaps/outlaw-star/episode-24/,https://animehistory.org/gallery/screencaps/outlaw-star/episode-24/,1,2026-10-07T01:50:33.573492+00:00,5494cb5d4e1b9e2114d17ebb0556977852fd984cd676cc029bd139d60c50ff46,,UNVERIFIED
EP-24,Cutting the Galactic Leyline,00:01:47,107,854916,https://animehistory.org/uploads/screencaps/outlaw-star-E024-Cutting-the-Galactic-Leyline/cap_00-01-47_50d8.jpg,Outlaw Star Ep 24: Cutting the Galactic Leyline @ 00:01:47,https://animehistory.org/gallery/screencaps/outlaw-star/episode-24/,https://animehistory.org/gallery/screencaps/outlaw-star/episode-24/,1,2026-10-07T01:50:33.573492+00:00,5494cb5d4e1b9e2114d17ebb0556977852fd984cd676cc029bd139d60c50ff46,,UNVERIFIED
EP-24,Cutting the Galactic Leyline,00:01:50,110,854917,https://animehistory.org/uploads/screencaps/outlaw-star-E024-Cutting-the-Galactic-Leyline/cap_00-01-50_1e20.jpg,Outlaw Star Ep 24: Cutting the Galactic Leyline @ 00:01:50,https://animehistory.org/gallery/screencaps/outlaw-star/episode-24/,https://animehistory.org/gallery/screencaps/outlaw-star/episode-24/,1,2026-10-07T01:50:33.573492+00:00,5494cb5d4e1b9e2114d17ebb0556977852fd984cd676cc029bd139d60c50ff46,,UNVERIFIED
EP-24,Cutting the Galactic Leyline,00:01:54,114,854918,https://animehistory.org/uploads/screencaps/outlaw-star-E024-Cutting-the-Galactic-Leyline/cap_00-01-54_421f.jpg,Outlaw Star Ep 24: Cutting the Galactic Leyline @ 00:01:54,https://animehistory.org/gallery/screencaps/outlaw-star/episode-24/,https://animehistory.org/gallery/screencaps/outlaw-star/episode-24/,1,2026-10-07T01:50:33.573492+00:00,5494cb5d4e1b9e2114d17ebb0556977852fd984cd676cc029bd139d60c50ff46,,UNVERIFIED
EP-24,Cutting the Galactic Leyline,00:01:58,118,854919,https://animehistory.org/uploads/screencaps/outlaw-star-E024-Cutting-the-Galactic-Leyline/cap_00-01-58_4e04.jpg,Outlaw Star Ep 24: Cutting the Galactic Leyline @ 00:01:58,https://animehistory.org/gallery/screencaps/outlaw-star/episode-24/,https://animehistory.org/gallery/screencaps/outlaw-star/episode-24/,1,2026-10-07T01:50:33.573492+00:00,5494cb5d4e1b9e2114d17ebb0556977852fd984cd676cc029bd139d60c50ff46,,UNVERIFIED
EP-24,Cutting the Galactic Leyline,00:02:01,121,854920,https://animehistory.org/uploads/screencaps/outlaw-star-E024-Cutting-the-Galactic-Leyline/cap_00-02-01_7786.jpg,Outlaw Star Ep 24: Cutting the Galactic Leyline @ 00:02:01,https://animehistory.org/gallery/screencaps/outlaw-star/episode-24/,https://animehistory.org/gallery/screencaps/outlaw-star/episode-24/,1,2026-10-07T01:50:33.573492+00:00,5494cb5d4e1b9e2114d17ebb0556977852fd984cd676cc029bd139d60c50ff46,,UNVERIFIED
EP-24,Cutting the Galactic Leyline,00:02:05,125,854921,https://animehistory.org/uploads/screencaps/outlaw-star-E024-Cutting-the-Galactic-Leyline/cap_00-02-05_2b34.jpg,Outlaw Star Ep 24: Cutting the Galactic Leyline @ 00:02:05,https://animehistory.org/gallery/screencaps/outlaw-star/episode-24/,https://animehistory.org/gallery/screencaps/outlaw-star/episode-24/,1,2026-10-07T01:50:33.573492+00:00,5494cb5d4e1b9e2114d17ebb0556977852fd984cd676cc029bd139d60c50ff46,,UNVERIFIED
EP-24,Cutting the Galactic Leyline,00:02:09,129,854922,https://animehistory.org/uploads/screencaps/outlaw-star-E024-Cutting-the-Galactic-Leyline/cap_00-02-09_5562.jpg,Outlaw Star Ep 24: Cutting the Galactic Leyline @ 00:02:09,https://animehistory.org/gallery/screencaps/outlaw-star/episode-24/,https://animehistory.org/gallery/screencaps/outlaw-star/episode-24/,1,2026-10-07T01:50:33.573492+00:00,5494cb5d4e1b9e2114d17ebb0556977852fd984cd676cc029bd139d60c50ff46,,UNVERIFIED
EP-24,Cutting the Galactic Leyline,00:02:12,132,854923,https://animehistory.org/uploads/screencaps/outlaw-star-E024-Cutting-the-Galactic-Leyline/cap_00-02-12_04af.jpg,Outlaw Star Ep 24: Cutting the Galactic Leyline @ 00:02:12,https://animehistory.org/gallery/screencaps/outlaw-star/episode-24/,https://animehistory.org/gallery/screencaps/outlaw-star/episode-24/,1,2026-10-07T01:50:33.573492+00:00,5494cb5d4e1b9e2114d17ebb0556977852fd984cd676cc029bd139d60c50ff46,,UNVERIFIED
EP-24,Cutting the Galactic Leyline,00:02:16,136,854924,https://animehistory.org/uploads/screencaps/outlaw-star-E024-Cutting-the-Galactic-Leyline/cap_00-02-16_62d1.jpg,Outlaw Star Ep 24: Cutting the Galactic Leyline @ 00:02:16,https://animehistory.org/gallery/screencaps/outlaw-star/episode-24/,https://animehistory.org/gallery/screencaps/outlaw-star/episode-24/,1,2026-10-07T01:50:33.573492+00:00,5494cb5d4e1b9e2114d17ebb0556977852fd984cd676cc029bd139d60c50ff46,,UNVERIFIED
EP-24,Cutting the Galactic Leyline,00:02:20,140,854925,https://animehistory.org/uploads/screencaps/outlaw-star-E024-Cutting-the-Galactic-Leyline/cap_00-02-20_5e3a.jpg,Outlaw Star Ep 24: Cutting the Galactic Leyline @ 00:02:20,https://animehistory.org/gallery/screencaps/outlaw-star/episode-24/,https://animehistory.org/gallery/screencaps/outlaw-star/episode-24/,1,2026-10-07T01:50:33.573492+00:00,5494cb5d4e1b9e2114d17ebb0556977852fd984cd676cc029bd139d60c50ff46,,UNVERIFIED
EP-24,Cutting the Galactic Leyline,00:02:23,143,854926,https://animehistory.org/uploads/screencaps/outlaw-star-E024-Cutting-the-Galactic-Leyline/cap_00-02-23_307a.jpg,Outlaw Star Ep 24: Cutting the Galactic Leyline @ 00:02:23,https://animehistory.org/gallery/screencaps/outlaw-star/episode-24/,https://animehistory.org/gallery/screencaps/outlaw-star/episode-24/,1,2026-10-07T01:50:33.573492+00:00,5494cb5d4e1b9e2114d17ebb0556977852fd984cd676cc029bd139d60c50ff46,,UNVERIFIED
EP-24,Cutting the Galactic Leyline,00:02:27,147,854927,https://animehistory.org/uploads/screencaps/outlaw-star-E024-Cutting-the-Galactic-Leyline/cap_00-02-27_449a.jpg,Outlaw Star Ep 24: Cutting the Galactic Leyline @ 00:02:27,https://animehistory.org/gallery/screencaps/outlaw-star/episode-24/,https://animehistory.org/gallery/screencaps/outlaw-star/episode-24/,1,2026-10-07T01:50:33.573492+00:00,5494cb5d4e1b9e2114d17ebb0556977852fd984cd676cc029bd139d60c50ff46,,UNVERIFIED
EP-24,Cutting the Galactic Leyline,00:02:30,150,854928,https://animehistory.org/uploads/screencaps/outlaw-star-E024-Cutting-the-Galactic-Leyline/cap_00-02-30_05b4.jpg,Outlaw Star Ep 24: Cutting the Galactic Leyline @ 00:02:30,https://animehistory.org/gallery/screencaps/outlaw-star/episode-24/,https://animehistory.org/gallery/screencaps/outlaw-star/episode-24/,1,2026-10-07T01:50:33.573492+00:00,5494cb5d4e1b9e2114d17ebb0556977852fd984cd676cc029bd139d60c50ff46,,UNVERIFIED
EP-24,Cutting the Galactic Leyline,00:02:34,154,854929,https://animehistory.org/uploads/screencaps/outlaw-star-E024-Cutting-the-Galactic-Leyline/cap_00-02-34_5dec.jpg,Outlaw Star Ep 24: Cutting the Galactic Leyline @ 00:02:34,https://animehistory.org/gallery/screencaps/outlaw-star/episode-24/,https://animehistory.org/gallery/screencaps/outlaw-star/episode-24/,1,2026-10-07T01:50:33.573492+00:00,5494cb5d4e1b9e2114d17ebb0556977852fd984cd676cc029bd139d60c50ff46,,UNVERIFIED
EP-24,Cutting the Galactic Leyline,00:02:38,158,854930,https://animehistory.org/uploads/screencaps/outlaw-star-E024-Cutting-the-Galactic-Leyline/cap_00-02-38_1470.jpg,Outlaw Star Ep 24: Cutting the Galactic Leyline @ 00:02:38,https://animehistory.org/gallery/screencaps/outlaw-star/episode-24/,https://animehistory.org/gallery/screencaps/outlaw-star/episode-24/,1,2026-10-07T01:50:33.573492+00:00,5494cb5d4e1b9e2114d17ebb0556977852fd984cd676cc029bd139d60c50ff46,,UNVERIFIED
EP-24,Cutting the Galactic Leyline,00:02:41,161,854931,https://animehistory.org/uploads/screencaps/outlaw-star-E024-Cutting-the-Galactic-Leyline/cap_00-02-41_0d34.jpg,Outlaw Star Ep 24: Cutting the Galactic Leyline @ 00:02:41,https://animehistory.org/gallery/screencaps/outlaw-star/episode-24/,https://animehistory.org/gallery/screencaps/outlaw-star/episode-24/,1,2026-10-07T01:50:33.573492+00:00,5494cb5d4e1b9e2114d17ebb0556977852fd984cd676cc029bd139d60c50ff46,,UNVERIFIED
EP-24,Cutting the Galactic Leyline,00:02:45,165,854932,https://animehistory.org/uploads/screencaps/outlaw-star-E024-Cutting-the-Galactic-Leyline/cap_00-02-45_6d13.jpg,Outlaw Star Ep 24: Cutting the Galactic Leyline @ 00:02:45,https://animehistory.org/gallery/screencaps/outlaw-star/episode-24/,https://animehistory.org/gallery/screencaps/outlaw-star/episode-24/,1,2026-10-07T01:50:33.573492+00:00,5494cb5d4e1b9e2114d17ebb0556977852fd984cd676cc029bd139d60c50ff46,,UNVERIFIED
EP-24,Cutting the Galactic Leyline,00:02:49,169,854933,https://animehistory.org/uploads/screencaps/outlaw-star-E024-Cutting-the-Galactic-Leyline/cap_00-02-49_3a40.jpg,Outlaw Star Ep 24: Cutting the Galactic Leyline @ 00:02:49,https://animehistory.org/gallery/screencaps/outlaw-star/episode-24/,https://animehistory.org/gallery/screencaps/outlaw-star/episode-24/,1,2026-10-07T01:50:33.573492+00:00,5494cb5d4e1b9e2114d17ebb0556977852fd984cd676cc029bd139d60c50ff46,,UNVERIFIED
EP-24,Cutting the Galactic Leyline,00:02:52,172,854934,https://animehistory.org/uploads/screencaps/outlaw-star-E024-Cutting-the-Galactic-Leyline/cap_00-02-52_37d8.jpg,Outlaw Star Ep 24: Cutting the Galactic Leyline @ 00:02:52,https://animehistory.org/gallery/screencaps/outlaw-star/episode-24/,https://animehistory.org/gallery/screencaps/outlaw-star/episode-24/,1,2026-10-07T01:50:33.573492+00:00,5494cb5d4e1b9e2114d17ebb0556977852fd984cd676cc029bd139d60c50ff46,,UNVERIFIED
EP-24,Cutting the Galactic Leyline,00:02:56,176,854935,https://animehistory.org/uploads/screencaps/outlaw-star-E024-Cutting-the-Galactic-Leyline/cap_00-02-56_78e8.jpg,Outlaw Star Ep 24: Cutting the Galactic Leyline @ 00:02:56,https://animehistory.org/gallery/screencaps/outlaw-star/episode-24/,https://animehistory.org/gallery/screencaps/outlaw-star/episode-24/,1,2026-10-07T01:50:33.573492+00:00,5494cb5d4e1b9e2114d17ebb0556977852fd984cd676cc029bd139d60c50ff46,,UNVERIFIED
EP-24,Cutting the Galactic Leyline,00:03:00,180,854936,https://animehistory.org/uploads/screencaps/outlaw-star-E024-Cutting-the-Galactic-Leyline/cap_00-03-00_22d5.jpg,Outlaw Star Ep 24: Cutting the Galactic Leyline @ 00:03:00,https://animehistory.org/gallery/screencaps/outlaw-star/episode-24/,https://animehistory.org/gallery/screencaps/outlaw-star/episode-24/,1,2026-10-07T01:50:33.573492+00:00,5494cb5d4e1b9e2114d17ebb0556977852fd984cd676cc029bd139d60c50ff46,,UNVERIFIED
EP-24,Cutting the Galactic Leyline,00:03:03,183,854937,https://animehistory.org/uploads/screencaps/outlaw-star-E024-Cutting-the-Galactic-Leyline/cap_00-03-03_0066.jpg,Outlaw Star Ep 24: Cutting the Galactic Leyline @ 00:03:03,https://animehistory.org/gallery/screencaps/outlaw-star/episode-24/,https://animehistory.org/gallery/screencaps/outlaw-star/episode-24/,1,2026-10-07T01:50:33.573492+00:00,5494cb5d4e1b9e2114d17ebb0556977852fd984cd676cc029bd139d60c50ff46,,UNVERIFIED
EP-24,Cutting the Galactic Leyline,00:03:07,187,854938,https://animehistory.org/uploads/screencaps/outlaw-star-E024-Cutting-the-Galactic-Leyline/cap_00-03-07_79eb.jpg,Outlaw Star Ep 24: Cutting the Galactic Leyline @ 00:03:07,https://animehistory.org/gallery/screencaps/outlaw-star/episode-24/,https://animehistory.org/gallery/screencaps/outlaw-star/episode-24/,1,2026-10-07T01:50:33.573492+00:00,5494cb5d4e1b9e2114d17ebb0556977852fd984cd676cc029bd139d60c50ff46,,UNVERIFIED
EP-24,Cutting the Galactic Leyline,00:03:11,191,854939,https://animehistory.org/uploads/screencaps/outlaw-star-E024-Cutting-the-Galactic-Leyline/cap_00-03-11_0656.jpg,Outlaw Star Ep 24: Cutting the Galactic Leyline @ 00:03:11,https://animehistory.org/gallery/screencaps/outlaw-star/episode-24/,https://animehistory.org/gallery/screencaps/outlaw-star/episode-24/,1,2026-10-07T01:50:33.573492+00:00,5494cb5d4e1b9e2114d17ebb0556977852fd984cd676cc029bd139d60c50ff46,,UNVERIFIED
EP-24,Cutting the Galactic Leyline,00:03:14,194,854940,https://animehistory.org/uploads/screencaps/outlaw-star-E024-Cutting-the-Galactic-Leyline/cap_00-03-14_2f00.jpg,Outlaw Star Ep 24: Cutting the Galactic Leyline @ 00:03:14,https://animehistory.org/gallery/screencaps/outlaw-star/episode-24/,https://animehistory.org/gallery/screencaps/outlaw-star/episode-24/,1,2026-10-07T01:50:33.573492+00:00,5494cb5d4e1b9e2114d17ebb0556977852fd984cd676cc029bd139d60c50ff46,,UNVERIFIED
EP-24,Cutting the Galactic Leyline,00:03:18,198,854941,https://animehistory.org/uploads/screencaps/outlaw-star-E024-Cutting-the-Galactic-Leyline/cap_00-03-18_26b9.jpg,Outlaw Star Ep 24: Cutting the Galactic Leyline @ 00:03:18,https://animehistory.org/gallery/screencaps/outlaw-star/episode-24/,https://animehistory.org/gallery/screencaps/outlaw-star/episode-24/,1,2026-10-07T01:50:33.573492+00:00,5494cb5d4e1b9e2114d17ebb0556977852fd984cd676cc029bd139d60c50ff46,,UNVERIFIED
EP-24,Cutting the Galactic Leyline,00:03:21,201,854942,https://animehistory.org/uploads/screencaps/outlaw-star-E024-Cutting-the-Galactic-Leyline/cap_00-03-21_792e.jpg,Outlaw Star Ep 24: Cutting the Galactic Leyline @ 00:03:21,https://animehistory.org/gallery/screencaps/outlaw-star/episode-24/,https://animehistory.org/gallery/screencaps/outlaw-star/episode-24/,1,2026-10-07T01:50:33.573492+00:00,5494cb5d4e1b9e2114d17ebb0556977852fd984cd676cc029bd139d60c50ff46,,UNVERIFIED
EP-24,Cutting the Galactic Leyline,00:03:25,205,854943,https://animehistory.org/uploads/screencaps/outlaw-star-E024-Cutting-the-Galactic-Leyline/cap_00-03-25_3ce3.jpg,Outlaw Star Ep 24: Cutting the Galactic Leyline @ 00:03:25,https://animehistory.org/gallery/screencaps/outlaw-star/episode-24/,https://animehistory.org/gallery/screencaps/outlaw-star/episode-24/,1,2026-10-07T01:50:33.573492+00:00,5494cb5d4e1b9e2114d17ebb0556977852fd984cd676cc029bd139d60c50ff46,,UNVERIFIED
EP-24,Cutting the Galactic Leyline,00:03:29,209,854944,https://animehistory.org/uploads/screencaps/outlaw-star-E024-Cutting-the-Galactic-Leyline/cap_00-03-29_6d8f.jpg,Outlaw Star Ep 24: Cutting the Galactic Leyline @ 00:03:29,https://animehistory.org/gallery/screencaps/outlaw-star/episode-24/,https://animehistory.org/gallery/screencaps/outlaw-star/episode-24/,1,2026-10-07T01:50:33.573492+00:00,5494cb5d4e1b9e2114d17ebb0556977852fd984cd676cc029bd139d60c50ff46,,UNVERIFIED
EP-24,Cutting the Galactic Leyline,00:03:32,212,854945,https://animehistory.org/uploads/screencaps/outlaw-star-E024-Cutting-the-Galactic-Leyline/cap_00-03-32_212e.jpg,Outlaw Star Ep 24: Cutting the Galactic Leyline @ 00:03:32,https://animehistory.org/gallery/screencaps/outlaw-star/episode-24/,https://animehistory.org/gallery/screencaps/outlaw-star/episode-24/,1,2026-10-07T01:50:33.573492+00:00,5494cb5d4e1b9e2114d17ebb0556977852fd984cd676cc029bd139d60c50ff46,,UNVERIFIED
EP-24,Cutting the Galactic Leyline,00:03:36,216,854946,https://animehistory.org/uploads/screencaps/outlaw-star-E024-Cutting-the-Galactic-Leyline/cap_00-03-36_67c8.jpg,Outlaw Star Ep 24: Cutting the Galactic Leyline @ 00:03:36,https://animehistory.org/gallery/screencaps/outlaw-star/episode-24/,https://animehistory.org/gallery/screencaps/outlaw-star/episode-24/,1,2026-10-07T01:50:33.573492+00:00,5494cb5d4e1b9e2114d17ebb0556977852fd984cd676cc029bd139d60c50ff46,,UNVERIFIED
EP-24,Cutting the Galactic Leyline,00:03:40,220,854947,https://animehistory.org/uploads/screencaps/outlaw-star-E024-Cutting-the-Galactic-Leyline/cap_00-03-40_4d66.jpg,Outlaw Star Ep 24: Cutting the Galactic Leyline @ 00:03:40,https://animehistory.org/gallery/screencaps/outlaw-star/episode-24/,https://animehistory.org/gallery/screencaps/outlaw-star/episode-24/,1,2026-10-07T01:50:33.573492+00:00,5494cb5d4e1b9e2114d17ebb0556977852fd984cd676cc029bd139d60c50ff46,,UNVERIFIED
EP-24,Cutting the Galactic Leyline,00:03:43,223,854948,https://animehistory.org/uploads/screencaps/outlaw-star-E024-Cutting-the-Galactic-Leyline/cap_00-03-43_4cea.jpg,Outlaw Star Ep 24: Cutting the Galactic Leyline @ 00:03:43,https://animehistory.org/gallery/screencaps/outlaw-star/episode-24/,https://animehistory.org/gallery/screencaps/outlaw-star/episode-24/,1,2026-10-07T01:50:33.573492+00:00,5494cb5d4e1b9e2114d17ebb0556977852fd984cd676cc029bd139d60c50ff46,,UNVERIFIED
EP-24,Cutting the Galactic Leyline,00:03:47,227,854949,https://animehistory.org/uploads/screencaps/outlaw-star-E024-Cutting-the-Galactic-Leyline/cap_00-03-47_493b.jpg,Outlaw Star Ep 24: Cutting the Galactic Leyline @ 00:03:47,https://animehistory.org/gallery/screencaps/outlaw-star/episode-24/,https://animehistory.org/gallery/screencaps/outlaw-star/episode-24/,1,2026-10-07T01:50:33.573492+00:00,5494cb5d4e1b9e2114d17ebb0556977852fd984cd676cc029bd139d60c50ff46,,UNVERIFIED
EP-24,Cutting the Galactic Leyline,00:03:51,231,854950,https://animehistory.org/uploads/screencaps/outlaw-star-E024-Cutting-the-Galactic-Leyline/cap_00-03-51_01ac.jpg,Outlaw Star Ep 24: Cutting the Galactic Leyline @ 00:03:51,https://animehistory.org/gallery/screencaps/outlaw-star/episode-24/,https://animehistory.org/gallery/screencaps/outlaw-star/episode-24/,1,2026-10-07T01:50:33.573492+00:00,5494cb5d4e1b9e2114d17ebb0556977852fd984cd676cc029bd139d60c50ff46,,UNVERIFIED
EP-24,Cutting the Galactic Leyline,00:03:54,234,854951,https://animehistory.org/uploads/screencaps/outlaw-star-E024-Cutting-the-Galactic-Leyline/cap_00-03-54_28bd.jpg,Outlaw Star Ep 24: Cutting the Galactic Leyline @ 00:03:54,https://animehistory.org/gallery/screencaps/outlaw-star/episode-24/,https://animehistory.org/gallery/screencaps/outlaw-star/episode-24/,1,2026-10-07T01:50:33.573492+00:00,5494cb5d4e1b9e2114d17ebb0556977852fd984cd676cc029bd139d60c50ff46,,UNVERIFIED
EP-24,Cutting the Galactic Leyline,00:03:58,238,854952,https://animehistory.org/uploads/screencaps/outlaw-star-E024-Cutting-the-Galactic-Leyline/cap_00-03-58_7bf2.jpg,Outlaw Star Ep 24: Cutting the Galactic Leyline @ 00:03:58,https://animehistory.org/gallery/screencaps/outlaw-star/episode-24/,https://animehistory.org/gallery/screencaps/outlaw-star/episode-24/,1,2026-10-07T01:50:33.573492+00:00,5494cb5d4e1b9e2114d17ebb0556977852fd984cd676cc029bd139d60c50ff46,,UNVERIFIED
EP-24,Cutting the Galactic Leyline,00:04:02,242,854953,https://animehistory.org/uploads/screencaps/outlaw-star-E024-Cutting-the-Galactic-Leyline/cap_00-04-02_0f91.jpg,Outlaw Star Ep 24: Cutting the Galactic Leyline @ 00:04:02,https://animehistory.org/gallery/screencaps/outlaw-star/episode-24/,https://animehistory.org/gallery/screencaps/outlaw-star/episode-24/,1,2026-10-07T01:50:33.573492+00:00,5494cb5d4e1b9e2114d17ebb0556977852fd984cd676cc029bd139d60c50ff46,,UNVERIFIED
EP-24,Cutting the Galactic Leyline,00:04:05,245,854954,https://animehistory.org/uploads/screencaps/outlaw-star-E024-Cutting-the-Galactic-Leyline/cap_00-04-05_45c8.jpg,Outlaw Star Ep 24: Cutting the Galactic Leyline @ 00:04:05,https://animehistory.org/gallery/screencaps/outlaw-star/episode-24/,https://animehistory.org/gallery/screencaps/outlaw-star/episode-24/,1,2026-10-07T01:50:33.573492+00:00,5494cb5d4e1b9e2114d17ebb0556977852fd984cd676cc029bd139d60c50ff46,,UNVERIFIED
EP-24,Cutting the Galactic Leyline,00:04:09,249,854955,https://animehistory.org/uploads/screencaps/outlaw-star-E024-Cutting-the-Galactic-Leyline/cap_00-04-09_2adf.jpg,Outlaw Star Ep 24: Cutting the Galactic Leyline @ 00:04:09,https://animehistory.org/gallery/screencaps/outlaw-star/episode-24/,https://animehistory.org/gallery/screencaps/outlaw-star/episode-24/,1,2026-10-07T01:50:33.573492+00:00,5494cb5d4e1b9e2114d17ebb0556977852fd984cd676cc029bd139d60c50ff46,,UNVERIFIED
EP-24,Cutting the Galactic Leyline,00:04:12,252,854956,https://animehistory.org/uploads/screencaps/outlaw-star-E024-Cutting-the-Galactic-Leyline/cap_00-04-12_4927.jpg,Outlaw Star Ep 24: Cutting the Galactic Leyline @ 00:04:12,https://animehistory.org/gallery/screencaps/outlaw-star/episode-24/,https://animehistory.org/gallery/screencaps/outlaw-star/episode-24/,1,2026-10-07T01:50:33.573492+00:00,5494cb5d4e1b9e2114d17ebb0556977852fd984cd676cc029bd139d60c50ff46,,UNVERIFIED
EP-24,Cutting the Galactic Leyline,00:04:16,256,854957,https://animehistory.org/uploads/screencaps/outlaw-star-E024-Cutting-the-Galactic-Leyline/cap_00-04-16_6938.jpg,Outlaw Star Ep 24: Cutting the Galactic Leyline @ 00:04:16,https://animehistory.org/gallery/screencaps/outlaw-star/episode-24/,https://animehistory.org/gallery/screencaps/outlaw-star/episode-24/,1,2026-10-07T01:50:33.573492+00:00,5494cb5d4e1b9e2114d17ebb0556977852fd984cd676cc029bd139d60c50ff46,,UNVERIFIED
EP-24,Cutting the Galactic Leyline,00:04:20,260,854958,https://animehistory.org/uploads/screencaps/outlaw-star-E024-Cutting-the-Galactic-Leyline/cap_00-04-20_70d4.jpg,Outlaw Star Ep 24: Cutting the Galactic Leyline @ 00:04:20,https://animehistory.org/gallery/screencaps/outlaw-star/episode-24/,https://animehistory.org/gallery/screencaps/outlaw-star/episode-24/,1,2026-10-07T01:50:33.573492+00:00,5494cb5d4e1b9e2114d17ebb0556977852fd984cd676cc029bd139d60c50ff46,,UNVERIFIED
EP-24,Cutting the Galactic Leyline,00:04:23,263,854959,https://animehistory.org/uploads/screencaps/outlaw-star-E024-Cutting-the-Galactic-Leyline/cap_00-04-23_7b65.jpg,Outlaw Star Ep 24: Cutting the Galactic Leyline @ 00:04:23,https://animehistory.org/gallery/screencaps/outlaw-star/episode-24/,https://animehistory.org/gallery/screencaps/outlaw-star/episode-24/,1,2026-10-07T01:50:33.573492+00:00,5494cb5d4e1b9e2114d17ebb0556977852fd984cd676cc029bd139d60c50ff46,,UNVERIFIED
EP-24,Cutting the Galactic Leyline,00:04:27,267,854960,https://animehistory.org/uploads/screencaps/outlaw-star-E024-Cutting-the-Galactic-Leyline/cap_00-04-27_02c0.jpg,Outlaw Star Ep 24: Cutting the Galactic Leyline @ 00:04:27,https://animehistory.org/gallery/screencaps/outlaw-star/episode-24/,https://animehistory.org/gallery/screencaps/outlaw-star/episode-24/,1,2026-10-07T01:50:33.573492+00:00,5494cb5d4e1b9e2114d17ebb0556977852fd984cd676cc029bd139d60c50ff46,,UNVERIFIED
EP-24,Cutting the Galactic Leyline,00:04:31,271,854961,https://animehistory.org/uploads/screencaps/outlaw-star-E024-Cutting-the-Galactic-Leyline/cap_00-04-31_340a.jpg,Outlaw Star Ep 24: Cutting the Galactic Leyline @ 00:04:31,https://animehistory.org/gallery/screencaps/outlaw-star/episode-24/,https://animehistory.org/gallery/screencaps/outlaw-star/episode-24/,1,2026-10-07T01:50:33.573492+00:00,5494cb5d4e1b9e2114d17ebb0556977852fd984cd676cc029bd139d60c50ff46,,UNVERIFIED
EP-24,Cutting the Galactic Leyline,00:04:34,274,854962,https://animehistory.org/uploads/screencaps/outlaw-star-E024-Cutting-the-Galactic-Leyline/cap_00-04-34_0e52.jpg,Outlaw Star Ep 24: Cutting the Galactic Leyline @ 00:04:34,https://animehistory.org/gallery/screencaps/outlaw-star/episode-24/,https://animehistory.org/gallery/screencaps/outlaw-star/episode-24/,1,2026-10-07T01:50:33.573492+00:00,5494cb5d4e1b9e2114d17ebb0556977852fd984cd676cc029bd139d60c50ff46,,UNVERIFIED
EP-24,Cutting the Galactic Leyline,00:04:38,278,854963,https://animehistory.org/uploads/screencaps/outlaw-star-E024-Cutting-the-Galactic-Leyline/cap_00-04-38_2873.jpg,Outlaw Star Ep 24: Cutting the Galactic Leyline @ 00:04:38,https://animehistory.org/gallery/screencaps/outlaw-star/episode-24/,https://animehistory.org/gallery/screencaps/outlaw-star/episode-24/,1,2026-10-07T01:50:33.573492+00:00,5494cb5d4e1b9e2114d17ebb0556977852fd984cd676cc029bd139d60c50ff46,,UNVERIFIED
EP-24,Cutting the Galactic Leyline,00:04:42,282,854964,https://animehistory.org/uploads/screencaps/outlaw-star-E024-Cutting-the-Galactic-Leyline/cap_00-04-42_5130.jpg,Outlaw Star Ep 24: Cutting the Galactic Leyline @ 00:04:42,https://animehistory.org/gallery/screencaps/outlaw-star/episode-24/,https://animehistory.org/gallery/screencaps/outlaw-star/episode-24/,1,2026-10-07T01:50:33.573492+00:00,5494cb5d4e1b9e2114d17ebb0556977852fd984cd676cc029bd139d60c50ff46,,UNVERIFIED
EP-24,Cutting the Galactic Leyline,00:04:45,285,854965,https://animehistory.org/uploads/screencaps/outlaw-star-E024-Cutting-the-Galactic-Leyline/cap_00-04-45_3a98.jpg,Outlaw Star Ep 24: Cutting the Galactic Leyline @ 00:04:45,https://animehistory.org/gallery/screencaps/outlaw-star/episode-24/,https://animehistory.org/gallery/screencaps/outlaw-star/episode-24/,1,2026-10-07T01:50:33.573492+00:00,5494cb5d4e1b9e2114d17ebb0556977852fd984cd676cc029bd139d60c50ff46,,UNVERIFIED
EP-24,Cutting the Galactic Leyline,00:04:49,289,854966,https://animehistory.org/uploads/screencaps/outlaw-star-E024-Cutting-the-Galactic-Leyline/cap_00-04-49_1bcb.jpg,Outlaw Star Ep 24: Cutting the Galactic Leyline @ 00:04:49,https://animehistory.org/gallery/screencaps/outlaw-star/episode-24/,https://animehistory.org/gallery/screencaps/outlaw-star/episode-24/,1,2026-10-07T01:50:33.573492+00:00,5494cb5d4e1b9e2114d17ebb0556977852fd984cd676cc029bd139d60c50ff46,,UNVERIFIED
EP-24,Cutting the Galactic Leyline,00:04:53,293,854967,https://animehistory.org/uploads/screencaps/outlaw-star-E024-Cutting-the-Galactic-Leyline/cap_00-04-53_3f9f.jpg,Outlaw Star Ep 24: Cutting the Galactic Leyline @ 00:04:53,https://animehistory.org/gallery/screencaps/outlaw-star/episode-24/,https://animehistory.org/gallery/screencaps/outlaw-star/episode-24/,1,2026-10-07T01:50:33.573492+00:00,5494cb5d4e1b9e2114d17ebb0556977852fd984cd676cc029bd139d60c50ff46,,UNVERIFIED
EP-24,Cutting the Galactic Leyline,00:04:56,296,854968,https://animehistory.org/uploads/screencaps/outlaw-star-E024-Cutting-the-Galactic-Leyline/cap_00-04-56_64ca.jpg,Outlaw Star Ep 24: Cutting the Galactic Leyline @ 00:04:56,https://animehistory.org/gallery/screencaps/outlaw-star/episode-24/,https://animehistory.org/gallery/screencaps/outlaw-star/episode-24/,1,2026-10-07T01:50:33.573492+00:00,5494cb5d4e1b9e2114d17ebb0556977852fd984cd676cc029bd139d60c50ff46,,UNVERIFIED
EP-24,Cutting the Galactic Leyline,00:05:00,300,854969,https://animehistory.org/uploads/screencaps/outlaw-star-E024-Cutting-the-Galactic-Leyline/cap_00-05-00_3b24.jpg,Outlaw Star Ep 24: Cutting the Galactic Leyline @ 00:05:00,https://animehistory.org/gallery/screencaps/outlaw-star/episode-24/,https://animehistory.org/gallery/screencaps/outlaw-star/episode-24/,1,2026-10-07T01:50:33.573492+00:00,5494cb5d4e1b9e2114d17ebb0556977852fd984cd676cc029bd139d60c50ff46,,UNVERIFIED
EP-24,Cutting the Galactic Leyline,00:05:03,303,854970,https://animehistory.org/uploads/screencaps/outlaw-star-E024-Cutting-the-Galactic-Leyline/cap_00-05-03_61a0.jpg,Outlaw Star Ep 24: Cutting the Galactic Leyline @ 00:05:03,https://animehistory.org/gallery/screencaps/outlaw-star/episode-24/,https://animehistory.org/gallery/screencaps/outlaw-star/episode-24/,1,2026-10-07T01:50:33.573492+00:00,5494cb5d4e1b9e2114d17ebb0556977852fd984cd676cc029bd139d60c50ff46,,UNVERIFIED
EP-24,Cutting the Galactic Leyline,00:05:07,307,854971,https://animehistory.org/uploads/screencaps/outlaw-star-E024-Cutting-the-Galactic-Leyline/cap_00-05-07_2574.jpg,Outlaw Star Ep 24: Cutting the Galactic Leyline @ 00:05:07,https://animehistory.org/gallery/screencaps/outlaw-star/episode-24/,https://animehistory.org/gallery/screencaps/outlaw-star/episode-24/,1,2026-10-07T01:50:33.573492+00:00,5494cb5d4e1b9e2114d17ebb0556977852fd984cd676cc029bd139d60c50ff46,,UNVERIFIED
EP-24,Cutting the Galactic Leyline,00:05:11,311,854972,https://animehistory.org/uploads/screencaps/outlaw-star-E024-Cutting-the-Galactic-Leyline/cap_00-05-11_4498.jpg,Outlaw Star Ep 24: Cutting the Galactic Leyline @ 00:05:11,https://animehistory.org/gallery/screencaps/outlaw-star/episode-24/,https://animehistory.org/gallery/screencaps/outlaw-star/episode-24/,1,2026-10-07T01:50:33.573492+00:00,5494cb5d4e1b9e2114d17ebb0556977852fd984cd676cc029bd139d60c50ff46,,UNVERIFIED
EP-24,Cutting the Galactic Leyline,00:05:14,314,854973,https://animehistory.org/uploads/screencaps/outlaw-star-E024-Cutting-the-Galactic-Leyline/cap_00-05-14_0a6f.jpg,Outlaw Star Ep 24: Cutting the Galactic Leyline @ 00:05:14,https://animehistory.org/gallery/screencaps/outlaw-star/episode-24/,https://animehistory.org/gallery/screencaps/outlaw-star/episode-24/,1,2026-10-07T01:50:33.573492+00:00,5494cb5d4e1b9e2114d17ebb0556977852fd984cd676cc029bd139d60c50ff46,,UNVERIFIED
EP-24,Cutting the Galactic Leyline,00:05:18,318,854974,https://animehistory.org/uploads/screencaps/outlaw-star-E024-Cutting-the-Galactic-Leyline/cap_00-05-18_4baf.jpg,Outlaw Star Ep 24: Cutting the Galactic Leyline @ 00:05:18,https://animehistory.org/gallery/screencaps/outlaw-star/episode-24/,https://animehistory.org/gallery/screencaps/outlaw-star/episode-24/,1,2026-10-07T01:50:33.573492+00:00,5494cb5d4e1b9e2114d17ebb0556977852fd984cd676cc029bd139d60c50ff46,,UNVERIFIED
EP-24,Cutting the Galactic Leyline,00:05:22,322,854975,https://animehistory.org/uploads/screencaps/outlaw-star-E024-Cutting-the-Galactic-Leyline/cap_00-05-22_78cd.jpg,Outlaw Star Ep 24: Cutting the Galactic Leyline @ 00:05:22,https://animehistory.org/gallery/screencaps/outlaw-star/episode-24/,https://animehistory.org/gallery/screencaps/outlaw-star/episode-24/,1,2026-10-07T01:50:33.573492+00:00,5494cb5d4e1b9e2114d17ebb0556977852fd984cd676cc029bd139d60c50ff46,,UNVERIFIED
EP-24,Cutting the Galactic Leyline,00:05:25,325,854976,https://animehistory.org/uploads/screencaps/outlaw-star-E024-Cutting-the-Galactic-Leyline/cap_00-05-25_13a0.jpg,Outlaw Star Ep 24: Cutting the Galactic Leyline @ 00:05:25,https://animehistory.org/gallery/screencaps/outlaw-star/episode-24/,https://animehistory.org/gallery/screencaps/outlaw-star/episode-24/,1,2026-10-07T01:50:33.573492+00:00,5494cb5d4e1b9e2114d17ebb0556977852fd984cd676cc029bd139d60c50ff46,,UNVERIFIED
EP-24,Cutting the Galactic Leyline,00:05:29,329,854977,https://animehistory.org/uploads/screencaps/outlaw-star-E024-Cutting-the-Galactic-Leyline/cap_00-05-29_456e.jpg,Outlaw Star Ep 24: Cutting the Galactic Leyline @ 00:05:29,https://animehistory.org/gallery/screencaps/outlaw-star/episode-24/,https://animehistory.org/gallery/screencaps/outlaw-star/episode-24/,1,2026-10-07T01:50:33.573492+00:00,5494cb5d4e1b9e2114d17ebb0556977852fd984cd676cc029bd139d60c50ff46,,UNVERIFIED
EP-24,Cutting the Galactic Leyline,00:05:33,333,854978,https://animehistory.org/uploads/screencaps/outlaw-star-E024-Cutting-the-Galactic-Leyline/cap_00-05-33_6794.jpg,Outlaw Star Ep 24: Cutting the Galactic Leyline @ 00:05:33,https://animehistory.org/gallery/screencaps/outlaw-star/episode-24/,https://animehistory.org/gallery/screencaps/outlaw-star/episode-24/,1,2026-10-07T01:50:33.573492+00:00,5494cb5d4e1b9e2114d17ebb0556977852fd984cd676cc029bd139d60c50ff46,,UNVERIFIED
EP-24,Cutting the Galactic Leyline,00:05:36,336,854979,https://animehistory.org/uploads/screencaps/outlaw-star-E024-Cutting-the-Galactic-Leyline/cap_00-05-36_1d0f.jpg,Outlaw Star Ep 24: Cutting the Galactic Leyline @ 00:05:36,https://animehistory.org/gallery/screencaps/outlaw-star/episode-24/,https://animehistory.org/gallery/screencaps/outlaw-star/episode-24/,1,2026-10-07T01:50:33.573492+00:00,5494cb5d4e1b9e2114d17ebb0556977852fd984cd676cc029bd139d60c50ff46,,UNVERIFIED
EP-24,Cutting the Galactic Leyline,00:05:40,340,854980,https://animehistory.org/uploads/screencaps/outlaw-star-E024-Cutting-the-Galactic-Leyline/cap_00-05-40_4f6a.jpg,Outlaw Star Ep 24: Cutting the Galactic Leyline @ 00:05:40,https://animehistory.org/gallery/screencaps/outlaw-star/episode-24/,https://animehistory.org/gallery/screencaps/outlaw-star/episode-24/,1,2026-10-07T01:50:33.573492+00:00,5494cb5d4e1b9e2114d17ebb0556977852fd984cd676cc029bd139d60c50ff46,,UNVERIFIED
EP-24,Cutting the Galactic Leyline,00:05:44,344,854981,https://animehistory.org/uploads/screencaps/outlaw-star-E024-Cutting-the-Galactic-Leyline/cap_00-05-44_0b77.jpg,Outlaw Star Ep 24: Cutting the Galactic Leyline @ 00:05:44,https://animehistory.org/gallery/screencaps/outlaw-star/episode-24/,https://animehistory.org/gallery/screencaps/outlaw-star/episode-24/,1,2026-10-07T01:50:33.573492+00:00,5494cb5d4e1b9e2114d17ebb0556977852fd984cd676cc029bd139d60c50ff46,,UNVERIFIED
EP-24,Cutting the Galactic Leyline,00:05:47,347,854982,https://animehistory.org/uploads/screencaps/outlaw-star-E024-Cutting-the-Galactic-Leyline/cap_00-05-47_692b.jpg,Outlaw Star Ep 24: Cutting the Galactic Leyline @ 00:05:47,https://animehistory.org/gallery/screencaps/outlaw-star/episode-24/,https://animehistory.org/gallery/screencaps/outlaw-star/episode-24/,1,2026-10-07T01:50:33.573492+00:00,5494cb5d4e1b9e2114d17ebb0556977852fd984cd676cc029bd139d60c50ff46,,UNVERIFIED
EP-24,Cutting the Galactic Leyline,00:05:51,351,854983,https://animehistory.org/uploads/screencaps/outlaw-star-E024-Cutting-the-Galactic-Leyline/cap_00-05-51_5fac.jpg,Outlaw Star Ep 24: Cutting the Galactic Leyline @ 00:05:51,https://animehistory.org/gallery/screencaps/outlaw-star/episode-24/,https://animehistory.org/gallery/screencaps/outlaw-star/episode-24/,1,2026-10-07T01:50:33.573492+00:00,5494cb5d4e1b9e2114d17ebb0556977852fd984cd676cc029bd139d60c50ff46,,UNVERIFIED
EP-24,Cutting the Galactic Leyline,00:05:54,354,854984,https://animehistory.org/uploads/screencaps/outlaw-star-E024-Cutting-the-Galactic-Leyline/cap_00-05-54_50a6.jpg,Outlaw Star Ep 24: Cutting the Galactic Leyline @ 00:05:54,https://animehistory.org/gallery/screencaps/outlaw-star/episode-24/,https://animehistory.org/gallery/screencaps/outlaw-star/episode-24/,1,2026-10-07T01:50:33.573492+00:00,5494cb5d4e1b9e2114d17ebb0556977852fd984cd676cc029bd139d60c50ff46,,UNVERIFIED
EP-24,Cutting the Galactic Leyline,00:05:58,358,854985,https://animehistory.org/uploads/screencaps/outlaw-star-E024-Cutting-the-Galactic-Leyline/cap_00-05-58_74ab.jpg,Outlaw Star Ep 24: Cutting the Galactic Leyline @ 00:05:58,https://animehistory.org/gallery/screencaps/outlaw-star/episode-24/,https://animehistory.org/gallery/screencaps/outlaw-star/episode-24/,1,2026-10-07T01:50:33.573492+00:00,5494cb5d4e1b9e2114d17ebb0556977852fd984cd676cc029bd139d60c50ff46,,UNVERIFIED
EP-24,Cutting the Galactic Leyline,00:06:02,362,854986,https://animehistory.org/uploads/screencaps/outlaw-star-E024-Cutting-the-Galactic-Leyline/cap_00-06-02_1594.jpg,Outlaw Star Ep 24: Cutting the Galactic Leyline @ 00:06:02,https://animehistory.org/gallery/screencaps/outlaw-star/episode-24/,https://animehistory.org/gallery/screencaps/outlaw-star/episode-24/,1,2026-10-07T01:50:33.573492+00:00,5494cb5d4e1b9e2114d17ebb0556977852fd984cd676cc029bd139d60c50ff46,,UNVERIFIED
EP-24,Cutting the Galactic Leyline,00:06:05,365,854987,https://animehistory.org/uploads/screencaps/outlaw-star-E024-Cutting-the-Galactic-Leyline/cap_00-06-05_4e15.jpg,Outlaw Star Ep 24: Cutting the Galactic Leyline @ 00:06:05,https://animehistory.org/gallery/screencaps/outlaw-star/episode-24/,https://animehistory.org/gallery/screencaps/outlaw-star/episode-24/,1,2026-10-07T01:50:33.573492+00:00,5494cb5d4e1b9e2114d17ebb0556977852fd984cd676cc029bd139d60c50ff46,,UNVERIFIED
EP-24,Cutting the Galactic Leyline,00:06:09,369,854988,https://animehistory.org/uploads/screencaps/outlaw-star-E024-Cutting-the-Galactic-Leyline/cap_00-06-09_0769.jpg,Outlaw Star Ep 24: Cutting the Galactic Leyline @ 00:06:09,https://animehistory.org/gallery/screencaps/outlaw-star/episode-24/,https://animehistory.org/gallery/screencaps/outlaw-star/episode-24/,1,2026-10-07T01:50:33.573492+00:00,5494cb5d4e1b9e2114d17ebb0556977852fd984cd676cc029bd139d60c50ff46,,UNVERIFIED
EP-24,Cutting the Galactic Leyline,00:06:13,373,854989,https://animehistory.org/uploads/screencaps/outlaw-star-E024-Cutting-the-Galactic-Leyline/cap_00-06-13_6fa9.jpg,Outlaw Star Ep 24: Cutting the Galactic Leyline @ 00:06:13,https://animehistory.org/gallery/screencaps/outlaw-star/episode-24/,https://animehistory.org/gallery/screencaps/outlaw-star/episode-24/,1,2026-10-07T01:50:33.573492+00:00,5494cb5d4e1b9e2114d17ebb0556977852fd984cd676cc029bd139d60c50ff46,,UNVERIFIED
EP-24,Cutting the Galactic Leyline,00:06:16,376,854990,https://animehistory.org/uploads/screencaps/outlaw-star-E024-Cutting-the-Galactic-Leyline/cap_00-06-16_64cd.jpg,Outlaw Star Ep 24: Cutting the Galactic Leyline @ 00:06:16,https://animehistory.org/gallery/screencaps/outlaw-star/episode-24/,https://animehistory.org/gallery/screencaps/outlaw-star/episode-24/,1,2026-10-07T01:50:33.573492+00:00,5494cb5d4e1b9e2114d17ebb0556977852fd984cd676cc029bd139d60c50ff46,,UNVERIFIED
EP-24,Cutting the Galactic Leyline,00:06:20,380,854991,https://animehistory.org/uploads/screencaps/outlaw-star-E024-Cutting-the-Galactic-Leyline/cap_00-06-20_4106.jpg,Outlaw Star Ep 24: Cutting the Galactic Leyline @ 00:06:20,https://animehistory.org/gallery/screencaps/outlaw-star/episode-24/,https://animehistory.org/gallery/screencaps/outlaw-star/episode-24/,1,2026-10-07T01:50:33.573492+00:00,5494cb5d4e1b9e2114d17ebb0556977852fd984cd676cc029bd139d60c50ff46,,UNVERIFIED
EP-24,Cutting the Galactic Leyline,00:06:24,384,854992,https://animehistory.org/uploads/screencaps/outlaw-star-E024-Cutting-the-Galactic-Leyline/cap_00-06-24_259c.jpg,Outlaw Star Ep 24: Cutting the Galactic Leyline @ 00:06:24,https://animehistory.org/gallery/screencaps/outlaw-star/episode-24/,https://animehistory.org/gallery/screencaps/outlaw-star/episode-24/,1,2026-10-07T01:50:33.573492+00:00,5494cb5d4e1b9e2114d17ebb0556977852fd984cd676cc029bd139d60c50ff46,,UNVERIFIED
EP-24,Cutting the Galactic Leyline,00:06:27,387,854993,https://animehistory.org/uploads/screencaps/outlaw-star-E024-Cutting-the-Galactic-Leyline/cap_00-06-27_5e53.jpg,Outlaw Star Ep 24: Cutting the Galactic Leyline @ 00:06:27,https://animehistory.org/gallery/screencaps/outlaw-star/episode-24/,https://animehistory.org/gallery/screencaps/outlaw-star/episode-24/,1,2026-10-07T01:50:33.573492+00:00,5494cb5d4e1b9e2114d17ebb0556977852fd984cd676cc029bd139d60c50ff46,,UNVERIFIED
EP-24,Cutting the Galactic Leyline,00:06:31,391,854994,https://animehistory.org/uploads/screencaps/outlaw-star-E024-Cutting-the-Galactic-Leyline/cap_00-06-31_2a66.jpg,Outlaw Star Ep 24: Cutting the Galactic Leyline @ 00:06:31,https://animehistory.org/gallery/screencaps/outlaw-star/episode-24/,https://animehistory.org/gallery/screencaps/outlaw-star/episode-24/,1,2026-10-07T01:50:33.573492+00:00,5494cb5d4e1b9e2114d17ebb0556977852fd984cd676cc029bd139d60c50ff46,,UNVERIFIED
EP-24,Cutting the Galactic Leyline,00:06:35,395,854995,https://animehistory.org/uploads/screencaps/outlaw-star-E024-Cutting-the-Galactic-Leyline/cap_00-06-35_59b1.jpg,Outlaw Star Ep 24: Cutting the Galactic Leyline @ 00:06:35,https://animehistory.org/gallery/screencaps/outlaw-star/episode-24/,https://animehistory.org/gallery/screencaps/outlaw-star/episode-24/,1,2026-10-07T01:50:33.573492+00:00,5494cb5d4e1b9e2114d17ebb0556977852fd984cd676cc029bd139d60c50ff46,,UNVERIFIED
EP-24,Cutting the Galactic Leyline,00:06:38,398,854996,https://animehistory.org/uploads/screencaps/outlaw-star-E024-Cutting-the-Galactic-Leyline/cap_00-06-38_4a7d.jpg,Outlaw Star Ep 24: Cutting the Galactic Leyline @ 00:06:38,https://animehistory.org/gallery/screencaps/outlaw-star/episode-24/,https://animehistory.org/gallery/screencaps/outlaw-star/episode-24/,1,2026-10-07T01:50:33.573492+00:00,5494cb5d4e1b9e2114d17ebb0556977852fd984cd676cc029bd139d60c50ff46,,UNVERIFIED
EP-24,Cutting the Galactic Leyline,00:06:42,402,854997,https://animehistory.org/uploads/screencaps/outlaw-star-E024-Cutting-the-Galactic-Leyline/cap_00-06-42_6747.jpg,Outlaw Star Ep 24: Cutting the Galactic Leyline @ 00:06:42,https://animehistory.org/gallery/screencaps/outlaw-star/episode-24/,https://animehistory.org/gallery/screencaps/outlaw-star/episode-24/,1,2026-10-07T01:50:33.573492+00:00,5494cb5d4e1b9e2114d17ebb0556977852fd984cd676cc029bd139d60c50ff46,,UNVERIFIED
EP-24,Cutting the Galactic Leyline,00:06:45,405,854998,https://animehistory.org/uploads/screencaps/outlaw-star-E024-Cutting-the-Galactic-Leyline/cap_00-06-45_292e.jpg,Outlaw Star Ep 24: Cutting the Galactic Leyline @ 00:06:45,https://animehistory.org/gallery/screencaps/outlaw-star/episode-24/,https://animehistory.org/gallery/screencaps/outlaw-star/episode-24/,1,2026-10-07T01:50:33.573492+00:00,5494cb5d4e1b9e2114d17ebb0556977852fd984cd676cc029bd139d60c50ff46,,UNVERIFIED
EP-24,Cutting the Galactic Leyline,00:06:49,409,854999,https://animehistory.org/uploads/screencaps/outlaw-star-E024-Cutting-the-Galactic-Leyline/cap_00-06-49_1bbf.jpg,Outlaw Star Ep 24: Cutting the Galactic Leyline @ 00:06:49,https://animehistory.org/gallery/screencaps/outlaw-star/episode-24/,https://animehistory.org/gallery/screencaps/outlaw-star/episode-24/,1,2026-10-07T01:50:33.573492+00:00,5494cb5d4e1b9e2114d17ebb0556977852fd984cd676cc029bd139d60c50ff46,,UNVERIFIED
EP-24,Cutting the Galactic Leyline,00:06:53,413,855000,https://animehistory.org/uploads/screencaps/outlaw-star-E024-Cutting-the-Galactic-Leyline/cap_00-06-53_1de3.jpg,Outlaw Star Ep 24: Cutting the Galactic Leyline @ 00:06:53,https://animehistory.org/gallery/screencaps/outlaw-star/episode-24/,https://animehistory.org/gallery/screencaps/outlaw-star/episode-24/,1,2026-10-07T01:50:33.573492+00:00,5494cb5d4e1b9e2114d17ebb0556977852fd984cd676cc029bd139d60c50ff46,,UNVERIFIED
EP-24,Cutting the Galactic Leyline,00:06:56,416,855001,https://animehistory.org/uploads/screencaps/outlaw-star-E024-Cutting-the-Galactic-Leyline/cap_00-06-56_7b91.jpg,Outlaw Star Ep 24: Cutting the Galactic Leyline @ 00:06:56,https://animehistory.org/gallery/screencaps/outlaw-star/episode-24/,https://animehistory.org/gallery/screencaps/outlaw-star/episode-24/,1,2026-10-07T01:50:33.573492+00:00,5494cb5d4e1b9e2114d17ebb0556977852fd984cd676cc029bd139d60c50ff46,,UNVERIFIED
EP-24,Cutting the Galactic Leyline,00:07:00,420,855002,https://animehistory.org/uploads/screencaps/outlaw-star-E024-Cutting-the-Galactic-Leyline/cap_00-07-00_309d.jpg,Outlaw Star Ep 24: Cutting the Galactic Leyline @ 00:07:00,https://animehistory.org/gallery/screencaps/outlaw-star/episode-24/,https://animehistory.org/gallery/screencaps/outlaw-star/episode-24/,1,2026-10-07T01:50:33.573492+00:00,5494cb5d4e1b9e2114d17ebb0556977852fd984cd676cc029bd139d60c50ff46,,UNVERIFIED
EP-24,Cutting the Galactic Leyline,00:07:04,424,855003,https://animehistory.org/uploads/screencaps/outlaw-star-E024-Cutting-the-Galactic-Leyline/cap_00-07-04_6315.jpg,Outlaw Star Ep 24: Cutting the Galactic Leyline @ 00:07:04,https://animehistory.org/gallery/screencaps/outlaw-star/episode-24/,https://animehistory.org/gallery/screencaps/outlaw-star/episode-24/,1,2026-10-07T01:50:33.573492+00:00,5494cb5d4e1b9e2114d17ebb0556977852fd984cd676cc029bd139d60c50ff46,,UNVERIFIED
EP-24,Cutting the Galactic Leyline,00:07:07,427,855004,https://animehistory.org/uploads/screencaps/outlaw-star-E024-Cutting-the-Galactic-Leyline/cap_00-07-07_6a37.jpg,Outlaw Star Ep 24: Cutting the Galactic Leyline @ 00:07:07,https://animehistory.org/gallery/screencaps/outlaw-star/episode-24/,https://animehistory.org/gallery/screencaps/outlaw-star/episode-24/,1,2026-10-07T01:50:33.573492+00:00,5494cb5d4e1b9e2114d17ebb0556977852fd984cd676cc029bd139d60c50ff46,,UNVERIFIED
EP-24,Cutting the Galactic Leyline,00:07:11,431,855005,https://animehistory.org/uploads/screencaps/outlaw-star-E024-Cutting-the-Galactic-Leyline/cap_00-07-11_7301.jpg,Outlaw Star Ep 24: Cutting the Galactic Leyline @ 00:07:11,https://animehistory.org/gallery/screencaps/outlaw-star/episode-24/,https://animehistory.org/gallery/screencaps/outlaw-star/episode-24/,1,2026-10-07T01:50:33.573492+00:00,5494cb5d4e1b9e2114d17ebb0556977852fd984cd676cc029bd139d60c50ff46,,UNVERIFIED
EP-24,Cutting the Galactic Leyline,00:07:15,435,855006,https://animehistory.org/uploads/screencaps/outlaw-star-E024-Cutting-the-Galactic-Leyline/cap_00-07-15_0d57.jpg,Outlaw Star Ep 24: Cutting the Galactic Leyline @ 00:07:15,https://animehistory.org/gallery/screencaps/outlaw-star/episode-24/,https://animehistory.org/gallery/screencaps/outlaw-star/episode-24/,1,2026-10-07T01:50:33.573492+00:00,5494cb5d4e1b9e2114d17ebb0556977852fd984cd676cc029bd139d60c50ff46,,UNVERIFIED
EP-24,Cutting the Galactic Leyline,00:07:18,438,855007,https://animehistory.org/uploads/screencaps/outlaw-star-E024-Cutting-the-Galactic-Leyline/cap_00-07-18_3920.jpg,Outlaw Star Ep 24: Cutting the Galactic Leyline @ 00:07:18,https://animehistory.org/gallery/screencaps/outlaw-star/episode-24/,https://animehistory.org/gallery/screencaps/outlaw-star/episode-24/,1,2026-10-07T01:50:33.573492+00:00,5494cb5d4e1b9e2114d17ebb0556977852fd984cd676cc029bd139d60c50ff46,,UNVERIFIED
EP-24,Cutting the Galactic Leyline,00:07:22,442,855008,https://animehistory.org/uploads/screencaps/outlaw-star-E024-Cutting-the-Galactic-Leyline/cap_00-07-22_265c.jpg,Outlaw Star Ep 24: Cutting the Galactic Leyline @ 00:07:22,https://animehistory.org/gallery/screencaps/outlaw-star/episode-24/,https://animehistory.org/gallery/screencaps/outlaw-star/episode-24/,1,2026-10-07T01:50:33.573492+00:00,5494cb5d4e1b9e2114d17ebb0556977852fd984cd676cc029bd139d60c50ff46,,UNVERIFIED
EP-24,Cutting the Galactic Leyline,00:07:26,446,855009,https://animehistory.org/uploads/screencaps/outlaw-star-E024-Cutting-the-Galactic-Leyline/cap_00-07-26_0291.jpg,Outlaw Star Ep 24: Cutting the Galactic Leyline @ 00:07:26,https://animehistory.org/gallery/screencaps/outlaw-star/episode-24/,https://animehistory.org/gallery/screencaps/outlaw-star/episode-24/,1,2026-10-07T01:50:33.573492+00:00,5494cb5d4e1b9e2114d17ebb0556977852fd984cd676cc029bd139d60c50ff46,,UNVERIFIED
EP-24,Cutting the Galactic Leyline,00:07:29,449,855010,https://animehistory.org/uploads/screencaps/outlaw-star-E024-Cutting-the-Galactic-Leyline/cap_00-07-29_2816.jpg,Outlaw Star Ep 24: Cutting the Galactic Leyline @ 00:07:29,https://animehistory.org/gallery/screencaps/outlaw-star/episode-24/,https://animehistory.org/gallery/screencaps/outlaw-star/episode-24/,1,2026-10-07T01:50:33.573492+00:00,5494cb5d4e1b9e2114d17ebb0556977852fd984cd676cc029bd139d60c50ff46,,UNVERIFIED
EP-24,Cutting the Galactic Leyline,00:07:33,453,855011,https://animehistory.org/uploads/screencaps/outlaw-star-E024-Cutting-the-Galactic-Leyline/cap_00-07-33_3ec9.jpg,Outlaw Star Ep 24: Cutting the Galactic Leyline @ 00:07:33,https://animehistory.org/gallery/screencaps/outlaw-star/episode-24/,https://animehistory.org/gallery/screencaps/outlaw-star/episode-24/,1,2026-10-07T01:50:33.573492+00:00,5494cb5d4e1b9e2114d17ebb0556977852fd984cd676cc029bd139d60c50ff46,,UNVERIFIED
EP-24,Cutting the Galactic Leyline,00:07:36,456,855012,https://animehistory.org/uploads/screencaps/outlaw-star-E024-Cutting-the-Galactic-Leyline/cap_00-07-36_1d3d.jpg,Outlaw Star Ep 24: Cutting the Galactic Leyline @ 00:07:36,https://animehistory.org/gallery/screencaps/outlaw-star/episode-24/,https://animehistory.org/gallery/screencaps/outlaw-star/episode-24/,1,2026-10-07T01:50:33.573492+00:00,5494cb5d4e1b9e2114d17ebb0556977852fd984cd676cc029bd139d60c50ff46,,UNVERIFIED
EP-24,Cutting the Galactic Leyline,00:07:40,460,855013,https://animehistory.org/uploads/screencaps/outlaw-star-E024-Cutting-the-Galactic-Leyline/cap_00-07-40_13d3.jpg,Outlaw Star Ep 24: Cutting the Galactic Leyline @ 00:07:40,https://animehistory.org/gallery/screencaps/outlaw-star/episode-24/,https://animehistory.org/gallery/screencaps/outlaw-star/episode-24/,1,2026-10-07T01:50:33.573492+00:00,5494cb5d4e1b9e2114d17ebb0556977852fd984cd676cc029bd139d60c50ff46,,UNVERIFIED
EP-24,Cutting the Galactic Leyline,00:07:44,464,855014,https://animehistory.org/uploads/screencaps/outlaw-star-E024-Cutting-the-Galactic-Leyline/cap_00-07-44_3071.jpg,Outlaw Star Ep 24: Cutting the Galactic Leyline @ 00:07:44,https://animehistory.org/gallery/screencaps/outlaw-star/episode-24/,https://animehistory.org/gallery/screencaps/outlaw-star/episode-24/,1,2026-10-07T01:50:33.573492+00:00,5494cb5d4e1b9e2114d17ebb0556977852fd984cd676cc029bd139d60c50ff46,,UNVERIFIED
EP-24,Cutting the Galactic Leyline,00:07:47,467,855015,https://animehistory.org/uploads/screencaps/outlaw-star-E024-Cutting-the-Galactic-Leyline/cap_00-07-47_06f5.jpg,Outlaw Star Ep 24: Cutting the Galactic Leyline @ 00:07:47,https://animehistory.org/gallery/screencaps/outlaw-star/episode-24/,https://animehistory.org/gallery/screencaps/outlaw-star/episode-24/?page=2,2,2026-10-07T01:50:35.042139+00:00,60e90715bdc07973b0fe1dda776234fe52b80284f5afba32159ebb1f13b097ce,,UNVERIFIED
EP-24,Cutting the Galactic Leyline,00:07:51,471,855016,https://animehistory.org/uploads/screencaps/outlaw-star-E024-Cutting-the-Galactic-Leyline/cap_00-07-51_1254.jpg,Outlaw Star Ep 24: Cutting the Galactic Leyline @ 00:07:51,https://animehistory.org/gallery/screencaps/outlaw-star/episode-24/,https://animehistory.org/gallery/screencaps/outlaw-star/episode-24/?page=2,2,2026-10-07T01:50:35.042139+00:00,60e90715bdc07973b0fe1dda776234fe52b80284f5afba32159ebb1f13b097ce,,UNVERIFIED
EP-24,Cutting the Galactic Leyline,00:07:55,475,855017,https://animehistory.org/uploads/screencaps/outlaw-star-E024-Cutting-the-Galactic-Leyline/cap_00-07-55_0a0b.jpg,Outlaw Star Ep 24: Cutting the Galactic Leyline @ 00:07:55,https://animehistory.org/gallery/screencaps/outlaw-star/episode-24/,https://animehistory.org/gallery/screencaps/outlaw-star/episode-24/?page=2,2,2026-10-07T01:50:35.042139+00:00,60e90715bdc07973b0fe1dda776234fe52b80284f5afba32159ebb1f13b097ce,,UNVERIFIED
EP-24,Cutting the Galactic Leyline,00:07:58,478,855018,https://animehistory.org/uploads/screencaps/outlaw-star-E024-Cutting-the-Galactic-Leyline/cap_00-07-58_2e8a.jpg,Outlaw Star Ep 24: Cutting the Galactic Leyline @ 00:07:58,https://animehistory.org/gallery/screencaps/outlaw-star/episode-24/,https://animehistory.org/gallery/screencaps/outlaw-star/episode-24/?page=2,2,2026-10-07T01:50:35.042139+00:00,60e90715bdc07973b0fe1dda776234fe52b80284f5afba32159ebb1f13b097ce,,UNVERIFIED
EP-24,Cutting the Galactic Leyline,00:08:02,482,855019,https://animehistory.org/uploads/screencaps/outlaw-star-E024-Cutting-the-Galactic-Leyline/cap_00-08-02_7db4.jpg,Outlaw Star Ep 24: Cutting the Galactic Leyline @ 00:08:02,https://animehistory.org/gallery/screencaps/outlaw-star/episode-24/,https://animehistory.org/gallery/screencaps/outlaw-star/episode-24/?page=2,2,2026-10-07T01:50:35.042139+00:00,60e90715bdc07973b0fe1dda776234fe52b80284f5afba32159ebb1f13b097ce,,UNVERIFIED
EP-24,Cutting the Galactic Leyline,00:08:06,486,855020,https://animehistory.org/uploads/screencaps/outlaw-star-E024-Cutting-the-Galactic-Leyline/cap_00-08-06_4b34.jpg,Outlaw Star Ep 24: Cutting the Galactic Leyline @ 00:08:06,https://animehistory.org/gallery/screencaps/outlaw-star/episode-24/,https://animehistory.org/gallery/screencaps/outlaw-star/episode-24/?page=2,2,2026-10-07T01:50:35.042139+00:00,60e90715bdc07973b0fe1dda776234fe52b80284f5afba32159ebb1f13b097ce,,UNVERIFIED
EP-24,Cutting the Galactic Leyline,00:08:09,489,855021,https://animehistory.org/uploads/screencaps/outlaw-star-E024-Cutting-the-Galactic-Leyline/cap_00-08-09_6c23.jpg,Outlaw Star Ep 24: Cutting the Galactic Leyline @ 00:08:09,https://animehistory.org/gallery/screencaps/outlaw-star/episode-24/,https://animehistory.org/gallery/screencaps/outlaw-star/episode-24/?page=2,2,2026-10-07T01:50:35.042139+00:00,60e90715bdc07973b0fe1dda776234fe52b80284f5afba32159ebb1f13b097ce,,UNVERIFIED
EP-24,Cutting the Galactic Leyline,00:08:13,493,855022,https://animehistory.org/uploads/screencaps/outlaw-star-E024-Cutting-the-Galactic-Leyline/cap_00-08-13_1e97.jpg,Outlaw Star Ep 24: Cutting the Galactic Leyline @ 00:08:13,https://animehistory.org/gallery/screencaps/outlaw-star/episode-24/,https://animehistory.org/gallery/screencaps/outlaw-star/episode-24/?page=2,2,2026-10-07T01:50:35.042139+00:00,60e90715bdc07973b0fe1dda776234fe52b80284f5afba32159ebb1f13b097ce,,UNVERIFIED
EP-24,Cutting the Galactic Leyline,00:08:17,497,855023,https://animehistory.org/uploads/screencaps/outlaw-star-E024-Cutting-the-Galactic-Leyline/cap_00-08-17_5eca.jpg,Outlaw Star Ep 24: Cutting the Galactic Leyline @ 00:08:17,https://animehistory.org/gallery/screencaps/outlaw-star/episode-24/,https://animehistory.org/gallery/screencaps/outlaw-star/episode-24/?page=2,2,2026-10-07T01:50:35.042139+00:00,60e90715bdc07973b0fe1dda776234fe52b80284f5afba32159ebb1f13b097ce,,UNVERIFIED
EP-24,Cutting the Galactic Leyline,00:08:20,500,855024,https://animehistory.org/uploads/screencaps/outlaw-star-E024-Cutting-the-Galactic-Leyline/cap_00-08-20_6e44.jpg,Outlaw Star Ep 24: Cutting the Galactic Leyline @ 00:08:20,https://animehistory.org/gallery/screencaps/outlaw-star/episode-24/,https://animehistory.org/gallery/screencaps/outlaw-star/episode-24/?page=2,2,2026-10-07T01:50:35.042139+00:00,60e90715bdc07973b0fe1dda776234fe52b80284f5afba32159ebb1f13b097ce,,UNVERIFIED
EP-24,Cutting the Galactic Leyline,00:08:24,504,855025,https://animehistory.org/uploads/screencaps/outlaw-star-E024-Cutting-the-Galactic-Leyline/cap_00-08-24_41c3.jpg,Outlaw Star Ep 24: Cutting the Galactic Leyline @ 00:08:24,https://animehistory.org/gallery/screencaps/outlaw-star/episode-24/,https://animehistory.org/gallery/screencaps/outlaw-star/episode-24/?page=2,2,2026-10-07T01:50:35.042139+00:00,60e90715bdc07973b0fe1dda776234fe52b80284f5afba32159ebb1f13b097ce,,UNVERIFIED
EP-24,Cutting the Galactic Leyline,00:08:27,507,855026,https://animehistory.org/uploads/screencaps/outlaw-star-E024-Cutting-the-Galactic-Leyline/cap_00-08-27_1052.jpg,Outlaw Star Ep 24: Cutting the Galactic Leyline @ 00:08:27,https://animehistory.org/gallery/screencaps/outlaw-star/episode-24/,https://animehistory.org/gallery/screencaps/outlaw-star/episode-24/?page=2,2,2026-10-07T01:50:35.042139+00:00,60e90715bdc07973b0fe1dda776234fe52b80284f5afba32159ebb1f13b097ce,,UNVERIFIED
EP-24,Cutting the Galactic Leyline,00:08:31,511,855027,https://animehistory.org/uploads/screencaps/outlaw-star-E024-Cutting-the-Galactic-Leyline/cap_00-08-31_60b3.jpg,Outlaw Star Ep 24: Cutting the Galactic Leyline @ 00:08:31,https://animehistory.org/gallery/screencaps/outlaw-star/episode-24/,https://animehistory.org/gallery/screencaps/outlaw-star/episode-24/?page=2,2,2026-10-07T01:50:35.042139+00:00,60e90715bdc07973b0fe1dda776234fe52b80284f5afba32159ebb1f13b097ce,,UNVERIFIED
EP-24,Cutting the Galactic Leyline,00:08:35,515,855028,https://animehistory.org/uploads/screencaps/outlaw-star-E024-Cutting-the-Galactic-Leyline/cap_00-08-35_3c34.jpg,Outlaw Star Ep 24: Cutting the Galactic Leyline @ 00:08:35,https://animehistory.org/gallery/screencaps/outlaw-star/episode-24/,https://animehistory.org/gallery/screencaps/outlaw-star/episode-24/?page=2,2,2026-10-07T01:50:35.042139+00:00,60e90715bdc07973b0fe1dda776234fe52b80284f5afba32159ebb1f13b097ce,,UNVERIFIED
EP-24,Cutting the Galactic Leyline,00:08:38,518,855029,https://animehistory.org/uploads/screencaps/outlaw-star-E024-Cutting-the-Galactic-Leyline/cap_00-08-38_5fd2.jpg,Outlaw Star Ep 24: Cutting the Galactic Leyline @ 00:08:38,https://animehistory.org/gallery/screencaps/outlaw-star/episode-24/,https://animehistory.org/gallery/screencaps/outlaw-star/episode-24/?page=2,2,2026-10-07T01:50:35.042139+00:00,60e90715bdc07973b0fe1dda776234fe52b80284f5afba32159ebb1f13b097ce,,UNVERIFIED
EP-24,Cutting the Galactic Leyline,00:08:42,522,855030,https://animehistory.org/uploads/screencaps/outlaw-star-E024-Cutting-the-Galactic-Leyline/cap_00-08-42_30bc.jpg,Outlaw Star Ep 24: Cutting the Galactic Leyline @ 00:08:42,https://animehistory.org/gallery/screencaps/outlaw-star/episode-24/,https://animehistory.org/gallery/screencaps/outlaw-star/episode-24/?page=2,2,2026-10-07T01:50:35.042139+00:00,60e90715bdc07973b0fe1dda776234fe52b80284f5afba32159ebb1f13b097ce,,UNVERIFIED
EP-24,Cutting the Galactic Leyline,00:08:46,526,855031,https://animehistory.org/uploads/screencaps/outlaw-star-E024-Cutting-the-Galactic-Leyline/cap_00-08-46_2300.jpg,Outlaw Star Ep 24: Cutting the Galactic Leyline @ 00:08:46,https://animehistory.org/gallery/screencaps/outlaw-star/episode-24/,https://animehistory.org/gallery/screencaps/outlaw-star/episode-24/?page=2,2,2026-10-07T01:50:35.042139+00:00,60e90715bdc07973b0fe1dda776234fe52b80284f5afba32159ebb1f13b097ce,,UNVERIFIED
EP-24,Cutting the Galactic Leyline,00:08:49,529,855032,https://animehistory.org/uploads/screencaps/outlaw-star-E024-Cutting-the-Galactic-Leyline/cap_00-08-49_550d.jpg,Outlaw Star Ep 24: Cutting the Galactic Leyline @ 00:08:49,https://animehistory.org/gallery/screencaps/outlaw-star/episode-24/,https://animehistory.org/gallery/screencaps/outlaw-star/episode-24/?page=2,2,2026-10-07T01:50:35.042139+00:00,60e90715bdc07973b0fe1dda776234fe52b80284f5afba32159ebb1f13b097ce,,UNVERIFIED
EP-24,Cutting the Galactic Leyline,00:08:53,533,855033,https://animehistory.org/uploads/screencaps/outlaw-star-E024-Cutting-the-Galactic-Leyline/cap_00-08-53_6a67.jpg,Outlaw Star Ep 24: Cutting the Galactic Leyline @ 00:08:53,https://animehistory.org/gallery/screencaps/outlaw-star/episode-24/,https://animehistory.org/gallery/screencaps/outlaw-star/episode-24/?page=2,2,2026-10-07T01:50:35.042139+00:00,60e90715bdc07973b0fe1dda776234fe52b80284f5afba32159ebb1f13b097ce,,UNVERIFIED
EP-24,Cutting the Galactic Leyline,00:08:57,537,855034,https://animehistory.org/uploads/screencaps/outlaw-star-E024-Cutting-the-Galactic-Leyline/cap_00-08-57_1b66.jpg,Outlaw Star Ep 24: Cutting the Galactic Leyline @ 00:08:57,https://animehistory.org/gallery/screencaps/outlaw-star/episode-24/,https://animehistory.org/gallery/screencaps/outlaw-star/episode-24/?page=2,2,2026-10-07T01:50:35.042139+00:00,60e90715bdc07973b0fe1dda776234fe52b80284f5afba32159ebb1f13b097ce,,UNVERIFIED
EP-24,Cutting the Galactic Leyline,00:09:00,540,855035,https://animehistory.org/uploads/screencaps/outlaw-star-E024-Cutting-the-Galactic-Leyline/cap_00-09-00_54c7.jpg,Outlaw Star Ep 24: Cutting the Galactic Leyline @ 00:09:00,https://animehistory.org/gallery/screencaps/outlaw-star/episode-24/,https://animehistory.org/gallery/screencaps/outlaw-star/episode-24/?page=2,2,2026-10-07T01:50:35.042139+00:00,60e90715bdc07973b0fe1dda776234fe52b80284f5afba32159ebb1f13b097ce,,UNVERIFIED
EP-24,Cutting the Galactic Leyline,00:09:04,544,855036,https://animehistory.org/uploads/screencaps/outlaw-star-E024-Cutting-the-Galactic-Leyline/cap_00-09-04_52e8.jpg,Outlaw Star Ep 24: Cutting the Galactic Leyline @ 00:09:04,https://animehistory.org/gallery/screencaps/outlaw-star/episode-24/,https://animehistory.org/gallery/screencaps/outlaw-star/episode-24/?page=2,2,2026-10-07T01:50:35.042139+00:00,60e90715bdc07973b0fe1dda776234fe52b80284f5afba32159ebb1f13b097ce,,UNVERIFIED
EP-24,Cutting the Galactic Leyline,00:09:07,547,855037,https://animehistory.org/uploads/screencaps/outlaw-star-E024-Cutting-the-Galactic-Leyline/cap_00-09-07_7f4e.jpg,Outlaw Star Ep 24: Cutting the Galactic Leyline @ 00:09:07,https://animehistory.org/gallery/screencaps/outlaw-star/episode-24/,https://animehistory.org/gallery/screencaps/outlaw-star/episode-24/?page=2,2,2026-10-07T01:50:35.042139+00:00,60e90715bdc07973b0fe1dda776234fe52b80284f5afba32159ebb1f13b097ce,,UNVERIFIED
EP-24,Cutting the Galactic Leyline,00:09:11,551,855038,https://animehistory.org/uploads/screencaps/outlaw-star-E024-Cutting-the-Galactic-Leyline/cap_00-09-11_36fb.jpg,Outlaw Star Ep 24: Cutting the Galactic Leyline @ 00:09:11,https://animehistory.org/gallery/screencaps/outlaw-star/episode-24/,https://animehistory.org/gallery/screencaps/outlaw-star/episode-24/?page=2,2,2026-10-07T01:50:35.042139+00:00,60e90715bdc07973b0fe1dda776234fe52b80284f5afba32159ebb1f13b097ce,,UNVERIFIED
EP-24,Cutting the Galactic Leyline,00:09:15,555,855039,https://animehistory.org/uploads/screencaps/outlaw-star-E024-Cutting-the-Galactic-Leyline/cap_00-09-15_719e.jpg,Outlaw Star Ep 24: Cutting the Galactic Leyline @ 00:09:15,https://animehistory.org/gallery/screencaps/outlaw-star/episode-24/,https://animehistory.org/gallery/screencaps/outlaw-star/episode-24/?page=2,2,2026-10-07T01:50:35.042139+00:00,60e90715bdc07973b0fe1dda776234fe52b80284f5afba32159ebb1f13b097ce,,UNVERIFIED
EP-24,Cutting the Galactic Leyline,00:09:18,558,855040,https://animehistory.org/uploads/screencaps/outlaw-star-E024-Cutting-the-Galactic-Leyline/cap_00-09-18_04c9.jpg,Outlaw Star Ep 24: Cutting the Galactic Leyline @ 00:09:18,https://animehistory.org/gallery/screencaps/outlaw-star/episode-24/,https://animehistory.org/gallery/screencaps/outlaw-star/episode-24/?page=2,2,2026-10-07T01:50:35.042139+00:00,60e90715bdc07973b0fe1dda776234fe52b80284f5afba32159ebb1f13b097ce,,UNVERIFIED
EP-24,Cutting the Galactic Leyline,00:09:22,562,855041,https://animehistory.org/uploads/screencaps/outlaw-star-E024-Cutting-the-Galactic-Leyline/cap_00-09-22_198a.jpg,Outlaw Star Ep 24: Cutting the Galactic Leyline @ 00:09:22,https://animehistory.org/gallery/screencaps/outlaw-star/episode-24/,https://animehistory.org/gallery/screencaps/outlaw-star/episode-24/?page=2,2,2026-10-07T01:50:35.042139+00:00,60e90715bdc07973b0fe1dda776234fe52b80284f5afba32159ebb1f13b097ce,,UNVERIFIED
EP-24,Cutting the Galactic Leyline,00:09:26,566,855042,https://animehistory.org/uploads/screencaps/outlaw-star-E024-Cutting-the-Galactic-Leyline/cap_00-09-26_3495.jpg,Outlaw Star Ep 24: Cutting the Galactic Leyline @ 00:09:26,https://animehistory.org/gallery/screencaps/outlaw-star/episode-24/,https://animehistory.org/gallery/screencaps/outlaw-star/episode-24/?page=2,2,2026-10-07T01:50:35.042139+00:00,60e90715bdc07973b0fe1dda776234fe52b80284f5afba32159ebb1f13b097ce,,UNVERIFIED
EP-24,Cutting the Galactic Leyline,00:09:29,569,855043,https://animehistory.org/uploads/screencaps/outlaw-star-E024-Cutting-the-Galactic-Leyline/cap_00-09-29_1766.jpg,Outlaw Star Ep 24: Cutting the Galactic Leyline @ 00:09:29,https://animehistory.org/gallery/screencaps/outlaw-star/episode-24/,https://animehistory.org/gallery/screencaps/outlaw-star/episode-24/?page=2,2,2026-10-07T01:50:35.042139+00:00,60e90715bdc07973b0fe1dda776234fe52b80284f5afba32159ebb1f13b097ce,,UNVERIFIED
EP-24,Cutting the Galactic Leyline,00:09:33,573,855044,https://animehistory.org/uploads/screencaps/outlaw-star-E024-Cutting-the-Galactic-Leyline/cap_00-09-33_383b.jpg,Outlaw Star Ep 24: Cutting the Galactic Leyline @ 00:09:33,https://animehistory.org/gallery/screencaps/outlaw-star/episode-24/,https://animehistory.org/gallery/screencaps/outlaw-star/episode-24/?page=2,2,2026-10-07T01:50:35.042139+00:00,60e90715bdc07973b0fe1dda776234fe52b80284f5afba32159ebb1f13b097ce,,UNVERIFIED
EP-24,Cutting the Galactic Leyline,00:09:37,577,855045,https://animehistory.org/uploads/screencaps/outlaw-star-E024-Cutting-the-Galactic-Leyline/cap_00-09-37_661b.jpg,Outlaw Star Ep 24: Cutting the Galactic Leyline @ 00:09:37,https://animehistory.org/gallery/screencaps/outlaw-star/episode-24/,https://animehistory.org/gallery/screencaps/outlaw-star/episode-24/?page=2,2,2026-10-07T01:50:35.042139+00:00,60e90715bdc07973b0fe1dda776234fe52b80284f5afba32159ebb1f13b097ce,,UNVERIFIED
EP-24,Cutting the Galactic Leyline,00:09:40,580,855046,https://animehistory.org/uploads/screencaps/outlaw-star-E024-Cutting-the-Galactic-Leyline/cap_00-09-40_70cf.jpg,Outlaw Star Ep 24: Cutting the Galactic Leyline @ 00:09:40,https://animehistory.org/gallery/screencaps/outlaw-star/episode-24/,https://animehistory.org/gallery/screencaps/outlaw-star/episode-24/?page=2,2,2026-10-07T01:50:35.042139+00:00,60e90715bdc07973b0fe1dda776234fe52b80284f5afba32159ebb1f13b097ce,,UNVERIFIED
EP-24,Cutting the Galactic Leyline,00:09:44,584,855047,https://animehistory.org/uploads/screencaps/outlaw-star-E024-Cutting-the-Galactic-Leyline/cap_00-09-44_723e.jpg,Outlaw Star Ep 24: Cutting the Galactic Leyline @ 00:09:44,https://animehistory.org/gallery/screencaps/outlaw-star/episode-24/,https://animehistory.org/gallery/screencaps/outlaw-star/episode-24/?page=2,2,2026-10-07T01:50:35.042139+00:00,60e90715bdc07973b0fe1dda776234fe52b80284f5afba32159ebb1f13b097ce,,UNVERIFIED
EP-24,Cutting the Galactic Leyline,00:09:48,588,855048,https://animehistory.org/uploads/screencaps/outlaw-star-E024-Cutting-the-Galactic-Leyline/cap_00-09-48_2bd8.jpg,Outlaw Star Ep 24: Cutting the Galactic Leyline @ 00:09:48,https://animehistory.org/gallery/screencaps/outlaw-star/episode-24/,https://animehistory.org/gallery/screencaps/outlaw-star/episode-24/?page=2,2,2026-10-07T01:50:35.042139+00:00,60e90715bdc07973b0fe1dda776234fe52b80284f5afba32159ebb1f13b097ce,,UNVERIFIED
EP-24,Cutting the Galactic Leyline,00:09:51,591,855049,https://animehistory.org/uploads/screencaps/outlaw-star-E024-Cutting-the-Galactic-Leyline/cap_00-09-51_0a1e.jpg,Outlaw Star Ep 24: Cutting the Galactic Leyline @ 00:09:51,https://animehistory.org/gallery/screencaps/outlaw-star/episode-24/,https://animehistory.org/gallery/screencaps/outlaw-star/episode-24/?page=2,2,2026-10-07T01:50:35.042139+00:00,60e90715bdc07973b0fe1dda776234fe52b80284f5afba32159ebb1f13b097ce,,UNVERIFIED
EP-24,Cutting the Galactic Leyline,00:09:55,595,855050,https://animehistory.org/uploads/screencaps/outlaw-star-E024-Cutting-the-Galactic-Leyline/cap_00-09-55_68a0.jpg,Outlaw Star Ep 24: Cutting the Galactic Leyline @ 00:09:55,https://animehistory.org/gallery/screencaps/outlaw-star/episode-24/,https://animehistory.org/gallery/screencaps/outlaw-star/episode-24/?page=2,2,2026-10-07T01:50:35.042139+00:00,60e90715bdc07973b0fe1dda776234fe52b80284f5afba32159ebb1f13b097ce,,UNVERIFIED
EP-24,Cutting the Galactic Leyline,00:09:58,598,855051,https://animehistory.org/uploads/screencaps/outlaw-star-E024-Cutting-the-Galactic-Leyline/cap_00-09-58_0ab6.jpg,Outlaw Star Ep 24: Cutting the Galactic Leyline @ 00:09:58,https://animehistory.org/gallery/screencaps/outlaw-star/episode-24/,https://animehistory.org/gallery/screencaps/outlaw-star/episode-24/?page=2,2,2026-10-07T01:50:35.042139+00:00,60e90715bdc07973b0fe1dda776234fe52b80284f5afba32159ebb1f13b097ce,,UNVERIFIED
EP-24,Cutting the Galactic Leyline,00:10:02,602,855052,https://animehistory.org/uploads/screencaps/outlaw-star-E024-Cutting-the-Galactic-Leyline/cap_00-10-02_3f12.jpg,Outlaw Star Ep 24: Cutting the Galactic Leyline @ 00:10:02,https://animehistory.org/gallery/screencaps/outlaw-star/episode-24/,https://animehistory.org/gallery/screencaps/outlaw-star/episode-24/?page=2,2,2026-10-07T01:50:35.042139+00:00,60e90715bdc07973b0fe1dda776234fe52b80284f5afba32159ebb1f13b097ce,,UNVERIFIED
EP-24,Cutting the Galactic Leyline,00:10:06,606,855053,https://animehistory.org/uploads/screencaps/outlaw-star-E024-Cutting-the-Galactic-Leyline/cap_00-10-06_586d.jpg,Outlaw Star Ep 24: Cutting the Galactic Leyline @ 00:10:06,https://animehistory.org/gallery/screencaps/outlaw-star/episode-24/,https://animehistory.org/gallery/screencaps/outlaw-star/episode-24/?page=2,2,2026-10-07T01:50:35.042139+00:00,60e90715bdc07973b0fe1dda776234fe52b80284f5afba32159ebb1f13b097ce,,UNVERIFIED
EP-24,Cutting the Galactic Leyline,00:10:09,609,855054,https://animehistory.org/uploads/screencaps/outlaw-star-E024-Cutting-the-Galactic-Leyline/cap_00-10-09_4809.jpg,Outlaw Star Ep 24: Cutting the Galactic Leyline @ 00:10:09,https://animehistory.org/gallery/screencaps/outlaw-star/episode-24/,https://animehistory.org/gallery/screencaps/outlaw-star/episode-24/?page=2,2,2026-10-07T01:50:35.042139+00:00,60e90715bdc07973b0fe1dda776234fe52b80284f5afba32159ebb1f13b097ce,,UNVERIFIED
EP-24,Cutting the Galactic Leyline,00:10:13,613,855055,https://animehistory.org/uploads/screencaps/outlaw-star-E024-Cutting-the-Galactic-Leyline/cap_00-10-13_5a46.jpg,Outlaw Star Ep 24: Cutting the Galactic Leyline @ 00:10:13,https://animehistory.org/gallery/screencaps/outlaw-star/episode-24/,https://animehistory.org/gallery/screencaps/outlaw-star/episode-24/?page=2,2,2026-10-07T01:50:35.042139+00:00,60e90715bdc07973b0fe1dda776234fe52b80284f5afba32159ebb1f13b097ce,,UNVERIFIED
EP-24,Cutting the Galactic Leyline,00:10:17,617,855056,https://animehistory.org/uploads/screencaps/outlaw-star-E024-Cutting-the-Galactic-Leyline/cap_00-10-17_4f22.jpg,Outlaw Star Ep 24: Cutting the Galactic Leyline @ 00:10:17,https://animehistory.org/gallery/screencaps/outlaw-star/episode-24/,https://animehistory.org/gallery/screencaps/outlaw-star/episode-24/?page=2,2,2026-10-07T01:50:35.042139+00:00,60e90715bdc07973b0fe1dda776234fe52b80284f5afba32159ebb1f13b097ce,,UNVERIFIED
EP-24,Cutting the Galactic Leyline,00:10:20,620,855057,https://animehistory.org/uploads/screencaps/outlaw-star-E024-Cutting-the-Galactic-Leyline/cap_00-10-20_0172.jpg,Outlaw Star Ep 24: Cutting the Galactic Leyline @ 00:10:20,https://animehistory.org/gallery/screencaps/outlaw-star/episode-24/,https://animehistory.org/gallery/screencaps/outlaw-star/episode-24/?page=2,2,2026-10-07T01:50:35.042139+00:00,60e90715bdc07973b0fe1dda776234fe52b80284f5afba32159ebb1f13b097ce,,UNVERIFIED
EP-24,Cutting the Galactic Leyline,00:10:24,624,855058,https://animehistory.org/uploads/screencaps/outlaw-star-E024-Cutting-the-Galactic-Leyline/cap_00-10-24_5521.jpg,Outlaw Star Ep 24: Cutting the Galactic Leyline @ 00:10:24,https://animehistory.org/gallery/screencaps/outlaw-star/episode-24/,https://animehistory.org/gallery/screencaps/outlaw-star/episode-24/?page=2,2,2026-10-07T01:50:35.042139+00:00,60e90715bdc07973b0fe1dda776234fe52b80284f5afba32159ebb1f13b097ce,,UNVERIFIED
EP-24,Cutting the Galactic Leyline,00:10:28,628,855059,https://animehistory.org/uploads/screencaps/outlaw-star-E024-Cutting-the-Galactic-Leyline/cap_00-10-28_2f62.jpg,Outlaw Star Ep 24: Cutting the Galactic Leyline @ 00:10:28,https://animehistory.org/gallery/screencaps/outlaw-star/episode-24/,https://animehistory.org/gallery/screencaps/outlaw-star/episode-24/?page=2,2,2026-10-07T01:50:35.042139+00:00,60e90715bdc07973b0fe1dda776234fe52b80284f5afba32159ebb1f13b097ce,,UNVERIFIED
EP-24,Cutting the Galactic Leyline,00:10:31,631,855060,https://animehistory.org/uploads/screencaps/outlaw-star-E024-Cutting-the-Galactic-Leyline/cap_00-10-31_0a9b.jpg,Outlaw Star Ep 24: Cutting the Galactic Leyline @ 00:10:31,https://animehistory.org/gallery/screencaps/outlaw-star/episode-24/,https://animehistory.org/gallery/screencaps/outlaw-star/episode-24/?page=2,2,2026-10-07T01:50:35.042139+00:00,60e90715bdc07973b0fe1dda776234fe52b80284f5afba32159ebb1f13b097ce,,UNVERIFIED
EP-24,Cutting the Galactic Leyline,00:10:35,635,855061,https://animehistory.org/uploads/screencaps/outlaw-star-E024-Cutting-the-Galactic-Leyline/cap_00-10-35_5c47.jpg,Outlaw Star Ep 24: Cutting the Galactic Leyline @ 00:10:35,https://animehistory.org/gallery/screencaps/outlaw-star/episode-24/,https://animehistory.org/gallery/screencaps/outlaw-star/episode-24/?page=2,2,2026-10-07T01:50:35.042139+00:00,60e90715bdc07973b0fe1dda776234fe52b80284f5afba32159ebb1f13b097ce,,UNVERIFIED
EP-24,Cutting the Galactic Leyline,00:10:39,639,855062,https://animehistory.org/uploads/screencaps/outlaw-star-E024-Cutting-the-Galactic-Leyline/cap_00-10-39_3e45.jpg,Outlaw Star Ep 24: Cutting the Galactic Leyline @ 00:10:39,https://animehistory.org/gallery/screencaps/outlaw-star/episode-24/,https://animehistory.org/gallery/screencaps/outlaw-star/episode-24/?page=2,2,2026-10-07T01:50:35.042139+00:00,60e90715bdc07973b0fe1dda776234fe52b80284f5afba32159ebb1f13b097ce,,UNVERIFIED
EP-24,Cutting the Galactic Leyline,00:10:42,642,855063,https://animehistory.org/uploads/screencaps/outlaw-star-E024-Cutting-the-Galactic-Leyline/cap_00-10-42_5e16.jpg,Outlaw Star Ep 24: Cutting the Galactic Leyline @ 00:10:42,https://animehistory.org/gallery/screencaps/outlaw-star/episode-24/,https://animehistory.org/gallery/screencaps/outlaw-star/episode-24/?page=2,2,2026-10-07T01:50:35.042139+00:00,60e90715bdc07973b0fe1dda776234fe52b80284f5afba32159ebb1f13b097ce,,UNVERIFIED
EP-24,Cutting the Galactic Leyline,00:10:46,646,855064,https://animehistory.org/uploads/screencaps/outlaw-star-E024-Cutting-the-Galactic-Leyline/cap_00-10-46_4f8c.jpg,Outlaw Star Ep 24: Cutting the Galactic Leyline @ 00:10:46,https://animehistory.org/gallery/screencaps/outlaw-star/episode-24/,https://animehistory.org/gallery/screencaps/outlaw-star/episode-24/?page=2,2,2026-10-07T01:50:35.042139+00:00,60e90715bdc07973b0fe1dda776234fe52b80284f5afba32159ebb1f13b097ce,,UNVERIFIED
EP-24,Cutting the Galactic Leyline,00:10:49,649,855065,https://animehistory.org/uploads/screencaps/outlaw-star-E024-Cutting-the-Galactic-Leyline/cap_00-10-49_255c.jpg,Outlaw Star Ep 24: Cutting the Galactic Leyline @ 00:10:49,https://animehistory.org/gallery/screencaps/outlaw-star/episode-24/,https://animehistory.org/gallery/screencaps/outlaw-star/episode-24/?page=2,2,2026-10-07T01:50:35.042139+00:00,60e90715bdc07973b0fe1dda776234fe52b80284f5afba32159ebb1f13b097ce,,UNVERIFIED
EP-24,Cutting the Galactic Leyline,00:10:53,653,855066,https://animehistory.org/uploads/screencaps/outlaw-star-E024-Cutting-the-Galactic-Leyline/cap_00-10-53_0b8c.jpg,Outlaw Star Ep 24: Cutting the Galactic Leyline @ 00:10:53,https://animehistory.org/gallery/screencaps/outlaw-star/episode-24/,https://animehistory.org/gallery/screencaps/outlaw-star/episode-24/?page=2,2,2026-10-07T01:50:35.042139+00:00,60e90715bdc07973b0fe1dda776234fe52b80284f5afba32159ebb1f13b097ce,,UNVERIFIED
EP-24,Cutting the Galactic Leyline,00:10:57,657,855067,https://animehistory.org/uploads/screencaps/outlaw-star-E024-Cutting-the-Galactic-Leyline/cap_00-10-57_1a38.jpg,Outlaw Star Ep 24: Cutting the Galactic Leyline @ 00:10:57,https://animehistory.org/gallery/screencaps/outlaw-star/episode-24/,https://animehistory.org/gallery/screencaps/outlaw-star/episode-24/?page=2,2,2026-10-07T01:50:35.042139+00:00,60e90715bdc07973b0fe1dda776234fe52b80284f5afba32159ebb1f13b097ce,,UNVERIFIED
EP-24,Cutting the Galactic Leyline,00:11:00,660,855068,https://animehistory.org/uploads/screencaps/outlaw-star-E024-Cutting-the-Galactic-Leyline/cap_00-11-00_2ec9.jpg,Outlaw Star Ep 24: Cutting the Galactic Leyline @ 00:11:00,https://animehistory.org/gallery/screencaps/outlaw-star/episode-24/,https://animehistory.org/gallery/screencaps/outlaw-star/episode-24/?page=2,2,2026-10-07T01:50:35.042139+00:00,60e90715bdc07973b0fe1dda776234fe52b80284f5afba32159ebb1f13b097ce,,UNVERIFIED
EP-24,Cutting the Galactic Leyline,00:11:04,664,855069,https://animehistory.org/uploads/screencaps/outlaw-star-E024-Cutting-the-Galactic-Leyline/cap_00-11-04_0813.jpg,Outlaw Star Ep 24: Cutting the Galactic Leyline @ 00:11:04,https://animehistory.org/gallery/screencaps/outlaw-star/episode-24/,https://animehistory.org/gallery/screencaps/outlaw-star/episode-24/?page=2,2,2026-10-07T01:50:35.042139+00:00,60e90715bdc07973b0fe1dda776234fe52b80284f5afba32159ebb1f13b097ce,,UNVERIFIED
EP-24,Cutting the Galactic Leyline,00:11:08,668,855070,https://animehistory.org/uploads/screencaps/outlaw-star-E024-Cutting-the-Galactic-Leyline/cap_00-11-08_7f3e.jpg,Outlaw Star Ep 24: Cutting the Galactic Leyline @ 00:11:08,https://animehistory.org/gallery/screencaps/outlaw-star/episode-24/,https://animehistory.org/gallery/screencaps/outlaw-star/episode-24/?page=2,2,2026-10-07T01:50:35.042139+00:00,60e90715bdc07973b0fe1dda776234fe52b80284f5afba32159ebb1f13b097ce,,UNVERIFIED
EP-24,Cutting the Galactic Leyline,00:11:11,671,855071,https://animehistory.org/uploads/screencaps/outlaw-star-E024-Cutting-the-Galactic-Leyline/cap_00-11-11_2e0f.jpg,Outlaw Star Ep 24: Cutting the Galactic Leyline @ 00:11:11,https://animehistory.org/gallery/screencaps/outlaw-star/episode-24/,https://animehistory.org/gallery/screencaps/outlaw-star/episode-24/?page=2,2,2026-10-07T01:50:35.042139+00:00,60e90715bdc07973b0fe1dda776234fe52b80284f5afba32159ebb1f13b097ce,,UNVERIFIED
EP-24,Cutting the Galactic Leyline,00:11:15,675,855072,https://animehistory.org/uploads/screencaps/outlaw-star-E024-Cutting-the-Galactic-Leyline/cap_00-11-15_3bb6.jpg,Outlaw Star Ep 24: Cutting the Galactic Leyline @ 00:11:15,https://animehistory.org/gallery/screencaps/outlaw-star/episode-24/,https://animehistory.org/gallery/screencaps/outlaw-star/episode-24/?page=2,2,2026-10-07T01:50:35.042139+00:00,60e90715bdc07973b0fe1dda776234fe52b80284f5afba32159ebb1f13b097ce,,UNVERIFIED
EP-24,Cutting the Galactic Leyline,00:11:19,679,855073,https://animehistory.org/uploads/screencaps/outlaw-star-E024-Cutting-the-Galactic-Leyline/cap_00-11-19_6f9e.jpg,Outlaw Star Ep 24: Cutting the Galactic Leyline @ 00:11:19,https://animehistory.org/gallery/screencaps/outlaw-star/episode-24/,https://animehistory.org/gallery/screencaps/outlaw-star/episode-24/?page=2,2,2026-10-07T01:50:35.042139+00:00,60e90715bdc07973b0fe1dda776234fe52b80284f5afba32159ebb1f13b097ce,,UNVERIFIED
EP-24,Cutting the Galactic Leyline,00:11:22,682,855074,https://animehistory.org/uploads/screencaps/outlaw-star-E024-Cutting-the-Galactic-Leyline/cap_00-11-22_08ea.jpg,Outlaw Star Ep 24: Cutting the Galactic Leyline @ 00:11:22,https://animehistory.org/gallery/screencaps/outlaw-star/episode-24/,https://animehistory.org/gallery/screencaps/outlaw-star/episode-24/?page=2,2,2026-10-07T01:50:35.042139+00:00,60e90715bdc07973b0fe1dda776234fe52b80284f5afba32159ebb1f13b097ce,,UNVERIFIED
EP-24,Cutting the Galactic Leyline,00:11:26,686,855075,https://animehistory.org/uploads/screencaps/outlaw-star-E024-Cutting-the-Galactic-Leyline/cap_00-11-26_41ee.jpg,Outlaw Star Ep 24: Cutting the Galactic Leyline @ 00:11:26,https://animehistory.org/gallery/screencaps/outlaw-star/episode-24/,https://animehistory.org/gallery/screencaps/outlaw-star/episode-24/?page=2,2,2026-10-07T01:50:35.042139+00:00,60e90715bdc07973b0fe1dda776234fe52b80284f5afba32159ebb1f13b097ce,,UNVERIFIED
EP-24,Cutting the Galactic Leyline,00:11:30,690,855076,https://animehistory.org/uploads/screencaps/outlaw-star-E024-Cutting-the-Galactic-Leyline/cap_00-11-30_66dc.jpg,Outlaw Star Ep 24: Cutting the Galactic Leyline @ 00:11:30,https://animehistory.org/gallery/screencaps/outlaw-star/episode-24/,https://animehistory.org/gallery/screencaps/outlaw-star/episode-24/?page=2,2,2026-10-07T01:50:35.042139+00:00,60e90715bdc07973b0fe1dda776234fe52b80284f5afba32159ebb1f13b097ce,,UNVERIFIED
EP-24,Cutting the Galactic Leyline,00:11:33,693,855077,https://animehistory.org/uploads/screencaps/outlaw-star-E024-Cutting-the-Galactic-Leyline/cap_00-11-33_4852.jpg,Outlaw Star Ep 24: Cutting the Galactic Leyline @ 00:11:33,https://animehistory.org/gallery/screencaps/outlaw-star/episode-24/,https://animehistory.org/gallery/screencaps/outlaw-star/episode-24/?page=2,2,2026-10-07T01:50:35.042139+00:00,60e90715bdc07973b0fe1dda776234fe52b80284f5afba32159ebb1f13b097ce,,UNVERIFIED
EP-24,Cutting the Galactic Leyline,00:11:37,697,855078,https://animehistory.org/uploads/screencaps/outlaw-star-E024-Cutting-the-Galactic-Leyline/cap_00-11-37_4265.jpg,Outlaw Star Ep 24: Cutting the Galactic Leyline @ 00:11:37,https://animehistory.org/gallery/screencaps/outlaw-star/episode-24/,https://animehistory.org/gallery/screencaps/outlaw-star/episode-24/?page=2,2,2026-10-07T01:50:35.042139+00:00,60e90715bdc07973b0fe1dda776234fe52b80284f5afba32159ebb1f13b097ce,,UNVERIFIED
EP-24,Cutting the Galactic Leyline,00:11:40,700,855079,https://animehistory.org/uploads/screencaps/outlaw-star-E024-Cutting-the-Galactic-Leyline/cap_00-11-40_6e45.jpg,Outlaw Star Ep 24: Cutting the Galactic Leyline @ 00:11:40,https://animehistory.org/gallery/screencaps/outlaw-star/episode-24/,https://animehistory.org/gallery/screencaps/outlaw-star/episode-24/?page=2,2,2026-10-07T01:50:35.042139+00:00,60e90715bdc07973b0fe1dda776234fe52b80284f5afba32159ebb1f13b097ce,,UNVERIFIED
EP-24,Cutting the Galactic Leyline,00:11:44,704,855080,https://animehistory.org/uploads/screencaps/outlaw-star-E024-Cutting-the-Galactic-Leyline/cap_00-11-44_0e57.jpg,Outlaw Star Ep 24: Cutting the Galactic Leyline @ 00:11:44,https://animehistory.org/gallery/screencaps/outlaw-star/episode-24/,https://animehistory.org/gallery/screencaps/outlaw-star/episode-24/?page=2,2,2026-10-07T01:50:35.042139+00:00,60e90715bdc07973b0fe1dda776234fe52b80284f5afba32159ebb1f13b097ce,,UNVERIFIED
EP-24,Cutting the Galactic Leyline,00:11:48,708,855081,https://animehistory.org/uploads/screencaps/outlaw-star-E024-Cutting-the-Galactic-Leyline/cap_00-11-48_76eb.jpg,Outlaw Star Ep 24: Cutting the Galactic Leyline @ 00:11:48,https://animehistory.org/gallery/screencaps/outlaw-star/episode-24/,https://animehistory.org/gallery/screencaps/outlaw-star/episode-24/?page=2,2,2026-10-07T01:50:35.042139+00:00,60e90715bdc07973b0fe1dda776234fe52b80284f5afba32159ebb1f13b097ce,,UNVERIFIED
EP-24,Cutting the Galactic Leyline,00:11:51,711,855082,https://animehistory.org/uploads/screencaps/outlaw-star-E024-Cutting-the-Galactic-Leyline/cap_00-11-51_19fd.jpg,Outlaw Star Ep 24: Cutting the Galactic Leyline @ 00:11:51,https://animehistory.org/gallery/screencaps/outlaw-star/episode-24/,https://animehistory.org/gallery/screencaps/outlaw-star/episode-24/?page=2,2,2026-10-07T01:50:35.042139+00:00,60e90715bdc07973b0fe1dda776234fe52b80284f5afba32159ebb1f13b097ce,,UNVERIFIED
EP-24,Cutting the Galactic Leyline,00:11:55,715,855083,https://animehistory.org/uploads/screencaps/outlaw-star-E024-Cutting-the-Galactic-Leyline/cap_00-11-55_2c09.jpg,Outlaw Star Ep 24: Cutting the Galactic Leyline @ 00:11:55,https://animehistory.org/gallery/screencaps/outlaw-star/episode-24/,https://animehistory.org/gallery/screencaps/outlaw-star/episode-24/?page=2,2,2026-10-07T01:50:35.042139+00:00,60e90715bdc07973b0fe1dda776234fe52b80284f5afba32159ebb1f13b097ce,,UNVERIFIED
EP-24,Cutting the Galactic Leyline,00:11:59,719,855084,https://animehistory.org/uploads/screencaps/outlaw-star-E024-Cutting-the-Galactic-Leyline/cap_00-11-59_2d95.jpg,Outlaw Star Ep 24: Cutting the Galactic Leyline @ 00:11:59,https://animehistory.org/gallery/screencaps/outlaw-star/episode-24/,https://animehistory.org/gallery/screencaps/outlaw-star/episode-24/?page=2,2,2026-10-07T01:50:35.042139+00:00,60e90715bdc07973b0fe1dda776234fe52b80284f5afba32159ebb1f13b097ce,,UNVERIFIED
EP-24,Cutting the Galactic Leyline,00:12:02,722,855085,https://animehistory.org/uploads/screencaps/outlaw-star-E024-Cutting-the-Galactic-Leyline/cap_00-12-02_3741.jpg,Outlaw Star Ep 24: Cutting the Galactic Leyline @ 00:12:02,https://animehistory.org/gallery/screencaps/outlaw-star/episode-24/,https://animehistory.org/gallery/screencaps/outlaw-star/episode-24/?page=2,2,2026-10-07T01:50:35.042139+00:00,60e90715bdc07973b0fe1dda776234fe52b80284f5afba32159ebb1f13b097ce,,UNVERIFIED
EP-24,Cutting the Galactic Leyline,00:12:06,726,855086,https://animehistory.org/uploads/screencaps/outlaw-star-E024-Cutting-the-Galactic-Leyline/cap_00-12-06_18c9.jpg,Outlaw Star Ep 24: Cutting the Galactic Leyline @ 00:12:06,https://animehistory.org/gallery/screencaps/outlaw-star/episode-24/,https://animehistory.org/gallery/screencaps/outlaw-star/episode-24/?page=2,2,2026-10-07T01:50:35.042139+00:00,60e90715bdc07973b0fe1dda776234fe52b80284f5afba32159ebb1f13b097ce,,UNVERIFIED
EP-24,Cutting the Galactic Leyline,00:12:10,730,855087,https://animehistory.org/uploads/screencaps/outlaw-star-E024-Cutting-the-Galactic-Leyline/cap_00-12-10_61ca.jpg,Outlaw Star Ep 24: Cutting the Galactic Leyline @ 00:12:10,https://animehistory.org/gallery/screencaps/outlaw-star/episode-24/,https://animehistory.org/gallery/screencaps/outlaw-star/episode-24/?page=2,2,2026-10-07T01:50:35.042139+00:00,60e90715bdc07973b0fe1dda776234fe52b80284f5afba32159ebb1f13b097ce,,UNVERIFIED
EP-24,Cutting the Galactic Leyline,00:12:13,733,855088,https://animehistory.org/uploads/screencaps/outlaw-star-E024-Cutting-the-Galactic-Leyline/cap_00-12-13_2ee6.jpg,Outlaw Star Ep 24: Cutting the Galactic Leyline @ 00:12:13,https://animehistory.org/gallery/screencaps/outlaw-star/episode-24/,https://animehistory.org/gallery/screencaps/outlaw-star/episode-24/?page=2,2,2026-10-07T01:50:35.042139+00:00,60e90715bdc07973b0fe1dda776234fe52b80284f5afba32159ebb1f13b097ce,,UNVERIFIED
EP-24,Cutting the Galactic Leyline,00:12:17,737,855089,https://animehistory.org/uploads/screencaps/outlaw-star-E024-Cutting-the-Galactic-Leyline/cap_00-12-17_47c5.jpg,Outlaw Star Ep 24: Cutting the Galactic Leyline @ 00:12:17,https://animehistory.org/gallery/screencaps/outlaw-star/episode-24/,https://animehistory.org/gallery/screencaps/outlaw-star/episode-24/?page=2,2,2026-10-07T01:50:35.042139+00:00,60e90715bdc07973b0fe1dda776234fe52b80284f5afba32159ebb1f13b097ce,,UNVERIFIED
EP-24,Cutting the Galactic Leyline,00:12:21,741,855090,https://animehistory.org/uploads/screencaps/outlaw-star-E024-Cutting-the-Galactic-Leyline/cap_00-12-21_2cf8.jpg,Outlaw Star Ep 24: Cutting the Galactic Leyline @ 00:12:21,https://animehistory.org/gallery/screencaps/outlaw-star/episode-24/,https://animehistory.org/gallery/screencaps/outlaw-star/episode-24/?page=2,2,2026-10-07T01:50:35.042139+00:00,60e90715bdc07973b0fe1dda776234fe52b80284f5afba32159ebb1f13b097ce,,UNVERIFIED
EP-24,Cutting the Galactic Leyline,00:12:24,744,855091,https://animehistory.org/uploads/screencaps/outlaw-star-E024-Cutting-the-Galactic-Leyline/cap_00-12-24_3ae4.jpg,Outlaw Star Ep 24: Cutting the Galactic Leyline @ 00:12:24,https://animehistory.org/gallery/screencaps/outlaw-star/episode-24/,https://animehistory.org/gallery/screencaps/outlaw-star/episode-24/?page=2,2,2026-10-07T01:50:35.042139+00:00,60e90715bdc07973b0fe1dda776234fe52b80284f5afba32159ebb1f13b097ce,,UNVERIFIED
EP-24,Cutting the Galactic Leyline,00:12:28,748,855092,https://animehistory.org/uploads/screencaps/outlaw-star-E024-Cutting-the-Galactic-Leyline/cap_00-12-28_08cf.jpg,Outlaw Star Ep 24: Cutting the Galactic Leyline @ 00:12:28,https://animehistory.org/gallery/screencaps/outlaw-star/episode-24/,https://animehistory.org/gallery/screencaps/outlaw-star/episode-24/?page=2,2,2026-10-07T01:50:35.042139+00:00,60e90715bdc07973b0fe1dda776234fe52b80284f5afba32159ebb1f13b097ce,,UNVERIFIED
EP-24,Cutting the Galactic Leyline,00:12:31,751,855093,https://animehistory.org/uploads/screencaps/outlaw-star-E024-Cutting-the-Galactic-Leyline/cap_00-12-31_3534.jpg,Outlaw Star Ep 24: Cutting the Galactic Leyline @ 00:12:31,https://animehistory.org/gallery/screencaps/outlaw-star/episode-24/,https://animehistory.org/gallery/screencaps/outlaw-star/episode-24/?page=2,2,2026-10-07T01:50:35.042139+00:00,60e90715bdc07973b0fe1dda776234fe52b80284f5afba32159ebb1f13b097ce,,UNVERIFIED
EP-24,Cutting the Galactic Leyline,00:12:35,755,855094,https://animehistory.org/uploads/screencaps/outlaw-star-E024-Cutting-the-Galactic-Leyline/cap_00-12-35_2dfc.jpg,Outlaw Star Ep 24: Cutting the Galactic Leyline @ 00:12:35,https://animehistory.org/gallery/screencaps/outlaw-star/episode-24/,https://animehistory.org/gallery/screencaps/outlaw-star/episode-24/?page=2,2,2026-10-07T01:50:35.042139+00:00,60e90715bdc07973b0fe1dda776234fe52b80284f5afba32159ebb1f13b097ce,,UNVERIFIED
EP-24,Cutting the Galactic Leyline,00:12:39,759,855095,https://animehistory.org/uploads/screencaps/outlaw-star-E024-Cutting-the-Galactic-Leyline/cap_00-12-39_4337.jpg,Outlaw Star Ep 24: Cutting the Galactic Leyline @ 00:12:39,https://animehistory.org/gallery/screencaps/outlaw-star/episode-24/,https://animehistory.org/gallery/screencaps/outlaw-star/episode-24/?page=2,2,2026-10-07T01:50:35.042139+00:00,60e90715bdc07973b0fe1dda776234fe52b80284f5afba32159ebb1f13b097ce,,UNVERIFIED
EP-24,Cutting the Galactic Leyline,00:12:42,762,855096,https://animehistory.org/uploads/screencaps/outlaw-star-E024-Cutting-the-Galactic-Leyline/cap_00-12-42_42e1.jpg,Outlaw Star Ep 24: Cutting the Galactic Leyline @ 00:12:42,https://animehistory.org/gallery/screencaps/outlaw-star/episode-24/,https://animehistory.org/gallery/screencaps/outlaw-star/episode-24/?page=2,2,2026-10-07T01:50:35.042139+00:00,60e90715bdc07973b0fe1dda776234fe52b80284f5afba32159ebb1f13b097ce,,UNVERIFIED
EP-24,Cutting the Galactic Leyline,00:12:46,766,855097,https://animehistory.org/uploads/screencaps/outlaw-star-E024-Cutting-the-Galactic-Leyline/cap_00-12-46_7d99.jpg,Outlaw Star Ep 24: Cutting the Galactic Leyline @ 00:12:46,https://animehistory.org/gallery/screencaps/outlaw-star/episode-24/,https://animehistory.org/gallery/screencaps/outlaw-star/episode-24/?page=2,2,2026-10-07T01:50:35.042139+00:00,60e90715bdc07973b0fe1dda776234fe52b80284f5afba32159ebb1f13b097ce,,UNVERIFIED
EP-24,Cutting the Galactic Leyline,00:12:50,770,855098,https://animehistory.org/uploads/screencaps/outlaw-star-E024-Cutting-the-Galactic-Leyline/cap_00-12-50_13dd.jpg,Outlaw Star Ep 24: Cutting the Galactic Leyline @ 00:12:50,https://animehistory.org/gallery/screencaps/outlaw-star/episode-24/,https://animehistory.org/gallery/screencaps/outlaw-star/episode-24/?page=2,2,2026-10-07T01:50:35.042139+00:00,60e90715bdc07973b0fe1dda776234fe52b80284f5afba32159ebb1f13b097ce,,UNVERIFIED
EP-24,Cutting the Galactic Leyline,00:12:53,773,855099,https://animehistory.org/uploads/screencaps/outlaw-star-E024-Cutting-the-Galactic-Leyline/cap_00-12-53_48f4.jpg,Outlaw Star Ep 24: Cutting the Galactic Leyline @ 00:12:53,https://animehistory.org/gallery/screencaps/outlaw-star/episode-24/,https://animehistory.org/gallery/screencaps/outlaw-star/episode-24/?page=2,2,2026-10-07T01:50:35.042139+00:00,60e90715bdc07973b0fe1dda776234fe52b80284f5afba32159ebb1f13b097ce,,UNVERIFIED
EP-24,Cutting the Galactic Leyline,00:12:57,777,855100,https://animehistory.org/uploads/screencaps/outlaw-star-E024-Cutting-the-Galactic-Leyline/cap_00-12-57_7a96.jpg,Outlaw Star Ep 24: Cutting the Galactic Leyline @ 00:12:57,https://animehistory.org/gallery/screencaps/outlaw-star/episode-24/,https://animehistory.org/gallery/screencaps/outlaw-star/episode-24/?page=2,2,2026-10-07T01:50:35.042139+00:00,60e90715bdc07973b0fe1dda776234fe52b80284f5afba32159ebb1f13b097ce,,UNVERIFIED
EP-24,Cutting the Galactic Leyline,00:13:01,781,855101,https://animehistory.org/uploads/screencaps/outlaw-star-E024-Cutting-the-Galactic-Leyline/cap_00-13-01_1a8e.jpg,Outlaw Star Ep 24: Cutting the Galactic Leyline @ 00:13:01,https://animehistory.org/gallery/screencaps/outlaw-star/episode-24/,https://animehistory.org/gallery/screencaps/outlaw-star/episode-24/?page=2,2,2026-10-07T01:50:35.042139+00:00,60e90715bdc07973b0fe1dda776234fe52b80284f5afba32159ebb1f13b097ce,,UNVERIFIED
EP-24,Cutting the Galactic Leyline,00:13:04,784,855102,https://animehistory.org/uploads/screencaps/outlaw-star-E024-Cutting-the-Galactic-Leyline/cap_00-13-04_7666.jpg,Outlaw Star Ep 24: Cutting the Galactic Leyline @ 00:13:04,https://animehistory.org/gallery/screencaps/outlaw-star/episode-24/,https://animehistory.org/gallery/screencaps/outlaw-star/episode-24/?page=2,2,2026-10-07T01:50:35.042139+00:00,60e90715bdc07973b0fe1dda776234fe52b80284f5afba32159ebb1f13b097ce,,UNVERIFIED
EP-24,Cutting the Galactic Leyline,00:13:08,788,855103,https://animehistory.org/uploads/screencaps/outlaw-star-E024-Cutting-the-Galactic-Leyline/cap_00-13-08_42d2.jpg,Outlaw Star Ep 24: Cutting the Galactic Leyline @ 00:13:08,https://animehistory.org/gallery/screencaps/outlaw-star/episode-24/,https://animehistory.org/gallery/screencaps/outlaw-star/episode-24/?page=2,2,2026-10-07T01:50:35.042139+00:00,60e90715bdc07973b0fe1dda776234fe52b80284f5afba32159ebb1f13b097ce,,UNVERIFIED
EP-24,Cutting the Galactic Leyline,00:13:12,792,855104,https://animehistory.org/uploads/screencaps/outlaw-star-E024-Cutting-the-Galactic-Leyline/cap_00-13-12_7900.jpg,Outlaw Star Ep 24: Cutting the Galactic Leyline @ 00:13:12,https://animehistory.org/gallery/screencaps/outlaw-star/episode-24/,https://animehistory.org/gallery/screencaps/outlaw-star/episode-24/?page=2,2,2026-10-07T01:50:35.042139+00:00,60e90715bdc07973b0fe1dda776234fe52b80284f5afba32159ebb1f13b097ce,,UNVERIFIED
EP-24,Cutting the Galactic Leyline,00:13:15,795,855105,https://animehistory.org/uploads/screencaps/outlaw-star-E024-Cutting-the-Galactic-Leyline/cap_00-13-15_1b32.jpg,Outlaw Star Ep 24: Cutting the Galactic Leyline @ 00:13:15,https://animehistory.org/gallery/screencaps/outlaw-star/episode-24/,https://animehistory.org/gallery/screencaps/outlaw-star/episode-24/?page=2,2,2026-10-07T01:50:35.042139+00:00,60e90715bdc07973b0fe1dda776234fe52b80284f5afba32159ebb1f13b097ce,,UNVERIFIED
EP-24,Cutting the Galactic Leyline,00:13:19,799,855106,https://animehistory.org/uploads/screencaps/outlaw-star-E024-Cutting-the-Galactic-Leyline/cap_00-13-19_6581.jpg,Outlaw Star Ep 24: Cutting the Galactic Leyline @ 00:13:19,https://animehistory.org/gallery/screencaps/outlaw-star/episode-24/,https://animehistory.org/gallery/screencaps/outlaw-star/episode-24/?page=2,2,2026-10-07T01:50:35.042139+00:00,60e90715bdc07973b0fe1dda776234fe52b80284f5afba32159ebb1f13b097ce,,UNVERIFIED
EP-24,Cutting the Galactic Leyline,00:13:22,802,855107,https://animehistory.org/uploads/screencaps/outlaw-star-E024-Cutting-the-Galactic-Leyline/cap_00-13-22_19b7.jpg,Outlaw Star Ep 24: Cutting the Galactic Leyline @ 00:13:22,https://animehistory.org/gallery/screencaps/outlaw-star/episode-24/,https://animehistory.org/gallery/screencaps/outlaw-star/episode-24/?page=2,2,2026-10-07T01:50:35.042139+00:00,60e90715bdc07973b0fe1dda776234fe52b80284f5afba32159ebb1f13b097ce,,UNVERIFIED
EP-24,Cutting the Galactic Leyline,00:13:26,806,855108,https://animehistory.org/uploads/screencaps/outlaw-star-E024-Cutting-the-Galactic-Leyline/cap_00-13-26_5f4c.jpg,Outlaw Star Ep 24: Cutting the Galactic Leyline @ 00:13:26,https://animehistory.org/gallery/screencaps/outlaw-star/episode-24/,https://animehistory.org/gallery/screencaps/outlaw-star/episode-24/?page=2,2,2026-10-07T01:50:35.042139+00:00,60e90715bdc07973b0fe1dda776234fe52b80284f5afba32159ebb1f13b097ce,,UNVERIFIED
EP-24,Cutting the Galactic Leyline,00:13:30,810,855109,https://animehistory.org/uploads/screencaps/outlaw-star-E024-Cutting-the-Galactic-Leyline/cap_00-13-30_1a76.jpg,Outlaw Star Ep 24: Cutting the Galactic Leyline @ 00:13:30,https://animehistory.org/gallery/screencaps/outlaw-star/episode-24/,https://animehistory.org/gallery/screencaps/outlaw-star/episode-24/?page=2,2,2026-10-07T01:50:35.042139+00:00,60e90715bdc07973b0fe1dda776234fe52b80284f5afba32159ebb1f13b097ce,,UNVERIFIED
EP-24,Cutting the Galactic Leyline,00:13:33,813,855110,https://animehistory.org/uploads/screencaps/outlaw-star-E024-Cutting-the-Galactic-Leyline/cap_00-13-33_30c5.jpg,Outlaw Star Ep 24: Cutting the Galactic Leyline @ 00:13:33,https://animehistory.org/gallery/screencaps/outlaw-star/episode-24/,https://animehistory.org/gallery/screencaps/outlaw-star/episode-24/?page=2,2,2026-10-07T01:50:35.042139+00:00,60e90715bdc07973b0fe1dda776234fe52b80284f5afba32159ebb1f13b097ce,,UNVERIFIED
EP-24,Cutting the Galactic Leyline,00:13:37,817,855111,https://animehistory.org/uploads/screencaps/outlaw-star-E024-Cutting-the-Galactic-Leyline/cap_00-13-37_7516.jpg,Outlaw Star Ep 24: Cutting the Galactic Leyline @ 00:13:37,https://animehistory.org/gallery/screencaps/outlaw-star/episode-24/,https://animehistory.org/gallery/screencaps/outlaw-star/episode-24/?page=2,2,2026-10-07T01:50:35.042139+00:00,60e90715bdc07973b0fe1dda776234fe52b80284f5afba32159ebb1f13b097ce,,UNVERIFIED
EP-24,Cutting the Galactic Leyline,00:13:41,821,855112,https://animehistory.org/uploads/screencaps/outlaw-star-E024-Cutting-the-Galactic-Leyline/cap_00-13-41_2b4b.jpg,Outlaw Star Ep 24: Cutting the Galactic Leyline @ 00:13:41,https://animehistory.org/gallery/screencaps/outlaw-star/episode-24/,https://animehistory.org/gallery/screencaps/outlaw-star/episode-24/?page=2,2,2026-10-07T01:50:35.042139+00:00,60e90715bdc07973b0fe1dda776234fe52b80284f5afba32159ebb1f13b097ce,,UNVERIFIED
EP-24,Cutting the Galactic Leyline,00:13:44,824,855113,https://animehistory.org/uploads/screencaps/outlaw-star-E024-Cutting-the-Galactic-Leyline/cap_00-13-44_7a11.jpg,Outlaw Star Ep 24: Cutting the Galactic Leyline @ 00:13:44,https://animehistory.org/gallery/screencaps/outlaw-star/episode-24/,https://animehistory.org/gallery/screencaps/outlaw-star/episode-24/?page=2,2,2026-10-07T01:50:35.042139+00:00,60e90715bdc07973b0fe1dda776234fe52b80284f5afba32159ebb1f13b097ce,,UNVERIFIED
EP-24,Cutting the Galactic Leyline,00:13:48,828,855114,https://animehistory.org/uploads/screencaps/outlaw-star-E024-Cutting-the-Galactic-Leyline/cap_00-13-48_57cf.jpg,Outlaw Star Ep 24: Cutting the Galactic Leyline @ 00:13:48,https://animehistory.org/gallery/screencaps/outlaw-star/episode-24/,https://animehistory.org/gallery/screencaps/outlaw-star/episode-24/?page=2,2,2026-10-07T01:50:35.042139+00:00,60e90715bdc07973b0fe1dda776234fe52b80284f5afba32159ebb1f13b097ce,,UNVERIFIED
EP-24,Cutting the Galactic Leyline,00:13:52,832,855115,https://animehistory.org/uploads/screencaps/outlaw-star-E024-Cutting-the-Galactic-Leyline/cap_00-13-52_239f.jpg,Outlaw Star Ep 24: Cutting the Galactic Leyline @ 00:13:52,https://animehistory.org/gallery/screencaps/outlaw-star/episode-24/,https://animehistory.org/gallery/screencaps/outlaw-star/episode-24/?page=3,3,2026-10-07T01:50:36.462526+00:00,38017b978c609282474b308adf6416c85d9dc84d478565fe4deb52c07686bd10,,UNVERIFIED
EP-24,Cutting the Galactic Leyline,00:13:55,835,855116,https://animehistory.org/uploads/screencaps/outlaw-star-E024-Cutting-the-Galactic-Leyline/cap_00-13-55_1b75.jpg,Outlaw Star Ep 24: Cutting the Galactic Leyline @ 00:13:55,https://animehistory.org/gallery/screencaps/outlaw-star/episode-24/,https://animehistory.org/gallery/screencaps/outlaw-star/episode-24/?page=3,3,2026-10-07T01:50:36.462526+00:00,38017b978c609282474b308adf6416c85d9dc84d478565fe4deb52c07686bd10,,UNVERIFIED
EP-24,Cutting the Galactic Leyline,00:13:59,839,855117,https://animehistory.org/uploads/screencaps/outlaw-star-E024-Cutting-the-Galactic-Leyline/cap_00-13-59_5772.jpg,Outlaw Star Ep 24: Cutting the Galactic Leyline @ 00:13:59,https://animehistory.org/gallery/screencaps/outlaw-star/episode-24/,https://animehistory.org/gallery/screencaps/outlaw-star/episode-24/?page=3,3,2026-10-07T01:50:36.462526+00:00,38017b978c609282474b308adf6416c85d9dc84d478565fe4deb52c07686bd10,,UNVERIFIED
EP-24,Cutting the Galactic Leyline,00:14:03,843,855118,https://animehistory.org/uploads/screencaps/outlaw-star-E024-Cutting-the-Galactic-Leyline/cap_00-14-03_14f0.jpg,Outlaw Star Ep 24: Cutting the Galactic Leyline @ 00:14:03,https://animehistory.org/gallery/screencaps/outlaw-star/episode-24/,https://animehistory.org/gallery/screencaps/outlaw-star/episode-24/?page=3,3,2026-10-07T01:50:36.462526+00:00,38017b978c609282474b308adf6416c85d9dc84d478565fe4deb52c07686bd10,,UNVERIFIED
EP-24,Cutting the Galactic Leyline,00:14:06,846,855119,https://animehistory.org/uploads/screencaps/outlaw-star-E024-Cutting-the-Galactic-Leyline/cap_00-14-06_3fa5.jpg,Outlaw Star Ep 24: Cutting the Galactic Leyline @ 00:14:06,https://animehistory.org/gallery/screencaps/outlaw-star/episode-24/,https://animehistory.org/gallery/screencaps/outlaw-star/episode-24/?page=3,3,2026-10-07T01:50:36.462526+00:00,38017b978c609282474b308adf6416c85d9dc84d478565fe4deb52c07686bd10,,UNVERIFIED
EP-24,Cutting the Galactic Leyline,00:14:10,850,855120,https://animehistory.org/uploads/screencaps/outlaw-star-E024-Cutting-the-Galactic-Leyline/cap_00-14-10_36a0.jpg,Outlaw Star Ep 24: Cutting the Galactic Leyline @ 00:14:10,https://animehistory.org/gallery/screencaps/outlaw-star/episode-24/,https://animehistory.org/gallery/screencaps/outlaw-star/episode-24/?page=3,3,2026-10-07T01:50:36.462526+00:00,38017b978c609282474b308adf6416c85d9dc84d478565fe4deb52c07686bd10,,UNVERIFIED
EP-24,Cutting the Galactic Leyline,00:14:13,853,855121,https://animehistory.org/uploads/screencaps/outlaw-star-E024-Cutting-the-Galactic-Leyline/cap_00-14-13_277e.jpg,Outlaw Star Ep 24: Cutting the Galactic Leyline @ 00:14:13,https://animehistory.org/gallery/screencaps/outlaw-star/episode-24/,https://animehistory.org/gallery/screencaps/outlaw-star/episode-24/?page=3,3,2026-10-07T01:50:36.462526+00:00,38017b978c609282474b308adf6416c85d9dc84d478565fe4deb52c07686bd10,,UNVERIFIED
EP-24,Cutting the Galactic Leyline,00:14:17,857,855122,https://animehistory.org/uploads/screencaps/outlaw-star-E024-Cutting-the-Galactic-Leyline/cap_00-14-17_20d5.jpg,Outlaw Star Ep 24: Cutting the Galactic Leyline @ 00:14:17,https://animehistory.org/gallery/screencaps/outlaw-star/episode-24/,https://animehistory.org/gallery/screencaps/outlaw-star/episode-24/?page=3,3,2026-10-07T01:50:36.462526+00:00,38017b978c609282474b308adf6416c85d9dc84d478565fe4deb52c07686bd10,,UNVERIFIED
EP-24,Cutting the Galactic Leyline,00:14:21,861,855123,https://animehistory.org/uploads/screencaps/outlaw-star-E024-Cutting-the-Galactic-Leyline/cap_00-14-21_70dc.jpg,Outlaw Star Ep 24: Cutting the Galactic Leyline @ 00:14:21,https://animehistory.org/gallery/screencaps/outlaw-star/episode-24/,https://animehistory.org/gallery/screencaps/outlaw-star/episode-24/?page=3,3,2026-10-07T01:50:36.462526+00:00,38017b978c609282474b308adf6416c85d9dc84d478565fe4deb52c07686bd10,,UNVERIFIED
EP-24,Cutting the Galactic Leyline,00:14:24,864,855124,https://animehistory.org/uploads/screencaps/outlaw-star-E024-Cutting-the-Galactic-Leyline/cap_00-14-24_1237.jpg,Outlaw Star Ep 24: Cutting the Galactic Leyline @ 00:14:24,https://animehistory.org/gallery/screencaps/outlaw-star/episode-24/,https://animehistory.org/gallery/screencaps/outlaw-star/episode-24/?page=3,3,2026-10-07T01:50:36.462526+00:00,38017b978c609282474b308adf6416c85d9dc84d478565fe4deb52c07686bd10,,UNVERIFIED
EP-24,Cutting the Galactic Leyline,00:14:28,868,855125,https://animehistory.org/uploads/screencaps/outlaw-star-E024-Cutting-the-Galactic-Leyline/cap_00-14-28_32ac.jpg,Outlaw Star Ep 24: Cutting the Galactic Leyline @ 00:14:28,https://animehistory.org/gallery/screencaps/outlaw-star/episode-24/,https://animehistory.org/gallery/screencaps/outlaw-star/episode-24/?page=3,3,2026-10-07T01:50:36.462526+00:00,38017b978c609282474b308adf6416c85d9dc84d478565fe4deb52c07686bd10,,UNVERIFIED
EP-24,Cutting the Galactic Leyline,00:14:32,872,855126,https://animehistory.org/uploads/screencaps/outlaw-star-E024-Cutting-the-Galactic-Leyline/cap_00-14-32_4fd8.jpg,Outlaw Star Ep 24: Cutting the Galactic Leyline @ 00:14:32,https://animehistory.org/gallery/screencaps/outlaw-star/episode-24/,https://animehistory.org/gallery/screencaps/outlaw-star/episode-24/?page=3,3,2026-10-07T01:50:36.462526+00:00,38017b978c609282474b308adf6416c85d9dc84d478565fe4deb52c07686bd10,,UNVERIFIED
EP-24,Cutting the Galactic Leyline,00:14:35,875,855127,https://animehistory.org/uploads/screencaps/outlaw-star-E024-Cutting-the-Galactic-Leyline/cap_00-14-35_7560.jpg,Outlaw Star Ep 24: Cutting the Galactic Leyline @ 00:14:35,https://animehistory.org/gallery/screencaps/outlaw-star/episode-24/,https://animehistory.org/gallery/screencaps/outlaw-star/episode-24/?page=3,3,2026-10-07T01:50:36.462526+00:00,38017b978c609282474b308adf6416c85d9dc84d478565fe4deb52c07686bd10,,UNVERIFIED
EP-24,Cutting the Galactic Leyline,00:14:39,879,855128,https://animehistory.org/uploads/screencaps/outlaw-star-E024-Cutting-the-Galactic-Leyline/cap_00-14-39_01b5.jpg,Outlaw Star Ep 24: Cutting the Galactic Leyline @ 00:14:39,https://animehistory.org/gallery/screencaps/outlaw-star/episode-24/,https://animehistory.org/gallery/screencaps/outlaw-star/episode-24/?page=3,3,2026-10-07T01:50:36.462526+00:00,38017b978c609282474b308adf6416c85d9dc84d478565fe4deb52c07686bd10,,UNVERIFIED
EP-24,Cutting the Galactic Leyline,00:14:43,883,855129,https://animehistory.org/uploads/screencaps/outlaw-star-E024-Cutting-the-Galactic-Leyline/cap_00-14-43_6632.jpg,Outlaw Star Ep 24: Cutting the Galactic Leyline @ 00:14:43,https://animehistory.org/gallery/screencaps/outlaw-star/episode-24/,https://animehistory.org/gallery/screencaps/outlaw-star/episode-24/?page=3,3,2026-10-07T01:50:36.462526+00:00,38017b978c609282474b308adf6416c85d9dc84d478565fe4deb52c07686bd10,,UNVERIFIED
EP-24,Cutting the Galactic Leyline,00:14:46,886,855130,https://animehistory.org/uploads/screencaps/outlaw-star-E024-Cutting-the-Galactic-Leyline/cap_00-14-46_5790.jpg,Outlaw Star Ep 24: Cutting the Galactic Leyline @ 00:14:46,https://animehistory.org/gallery/screencaps/outlaw-star/episode-24/,https://animehistory.org/gallery/screencaps/outlaw-star/episode-24/?page=3,3,2026-10-07T01:50:36.462526+00:00,38017b978c609282474b308adf6416c85d9dc84d478565fe4deb52c07686bd10,,UNVERIFIED
EP-24,Cutting the Galactic Leyline,00:14:50,890,855131,https://animehistory.org/uploads/screencaps/outlaw-star-E024-Cutting-the-Galactic-Leyline/cap_00-14-50_0cb4.jpg,Outlaw Star Ep 24: Cutting the Galactic Leyline @ 00:14:50,https://animehistory.org/gallery/screencaps/outlaw-star/episode-24/,https://animehistory.org/gallery/screencaps/outlaw-star/episode-24/?page=3,3,2026-10-07T01:50:36.462526+00:00,38017b978c609282474b308adf6416c85d9dc84d478565fe4deb52c07686bd10,,UNVERIFIED
EP-24,Cutting the Galactic Leyline,00:14:54,894,855132,https://animehistory.org/uploads/screencaps/outlaw-star-E024-Cutting-the-Galactic-Leyline/cap_00-14-54_76d4.jpg,Outlaw Star Ep 24: Cutting the Galactic Leyline @ 00:14:54,https://animehistory.org/gallery/screencaps/outlaw-star/episode-24/,https://animehistory.org/gallery/screencaps/outlaw-star/episode-24/?page=3,3,2026-10-07T01:50:36.462526+00:00,38017b978c609282474b308adf6416c85d9dc84d478565fe4deb52c07686bd10,,UNVERIFIED
EP-24,Cutting the Galactic Leyline,00:14:57,897,855133,https://animehistory.org/uploads/screencaps/outlaw-star-E024-Cutting-the-Galactic-Leyline/cap_00-14-57_3d72.jpg,Outlaw Star Ep 24: Cutting the Galactic Leyline @ 00:14:57,https://animehistory.org/gallery/screencaps/outlaw-star/episode-24/,https://animehistory.org/gallery/screencaps/outlaw-star/episode-24/?page=3,3,2026-10-07T01:50:36.462526+00:00,38017b978c609282474b308adf6416c85d9dc84d478565fe4deb52c07686bd10,,UNVERIFIED
EP-24,Cutting the Galactic Leyline,00:15:01,901,855134,https://animehistory.org/uploads/screencaps/outlaw-star-E024-Cutting-the-Galactic-Leyline/cap_00-15-01_472d.jpg,Outlaw Star Ep 24: Cutting the Galactic Leyline @ 00:15:01,https://animehistory.org/gallery/screencaps/outlaw-star/episode-24/,https://animehistory.org/gallery/screencaps/outlaw-star/episode-24/?page=3,3,2026-10-07T01:50:36.462526+00:00,38017b978c609282474b308adf6416c85d9dc84d478565fe4deb52c07686bd10,,UNVERIFIED
EP-24,Cutting the Galactic Leyline,00:15:04,904,855135,https://animehistory.org/uploads/screencaps/outlaw-star-E024-Cutting-the-Galactic-Leyline/cap_00-15-04_4ad2.jpg,Outlaw Star Ep 24: Cutting the Galactic Leyline @ 00:15:04,https://animehistory.org/gallery/screencaps/outlaw-star/episode-24/,https://animehistory.org/gallery/screencaps/outlaw-star/episode-24/?page=3,3,2026-10-07T01:50:36.462526+00:00,38017b978c609282474b308adf6416c85d9dc84d478565fe4deb52c07686bd10,,UNVERIFIED
EP-24,Cutting the Galactic Leyline,00:15:08,908,855136,https://animehistory.org/uploads/screencaps/outlaw-star-E024-Cutting-the-Galactic-Leyline/cap_00-15-08_2e99.jpg,Outlaw Star Ep 24: Cutting the Galactic Leyline @ 00:15:08,https://animehistory.org/gallery/screencaps/outlaw-star/episode-24/,https://animehistory.org/gallery/screencaps/outlaw-star/episode-24/?page=3,3,2026-10-07T01:50:36.462526+00:00,38017b978c609282474b308adf6416c85d9dc84d478565fe4deb52c07686bd10,,UNVERIFIED
EP-24,Cutting the Galactic Leyline,00:15:12,912,855137,https://animehistory.org/uploads/screencaps/outlaw-star-E024-Cutting-the-Galactic-Leyline/cap_00-15-12_5282.jpg,Outlaw Star Ep 24: Cutting the Galactic Leyline @ 00:15:12,https://animehistory.org/gallery/screencaps/outlaw-star/episode-24/,https://animehistory.org/gallery/screencaps/outlaw-star/episode-24/?page=3,3,2026-10-07T01:50:36.462526+00:00,38017b978c609282474b308adf6416c85d9dc84d478565fe4deb52c07686bd10,,UNVERIFIED
EP-24,Cutting the Galactic Leyline,00:15:15,915,855138,https://animehistory.org/uploads/screencaps/outlaw-star-E024-Cutting-the-Galactic-Leyline/cap_00-15-15_463d.jpg,Outlaw Star Ep 24: Cutting the Galactic Leyline @ 00:15:15,https://animehistory.org/gallery/screencaps/outlaw-star/episode-24/,https://animehistory.org/gallery/screencaps/outlaw-star/episode-24/?page=3,3,2026-10-07T01:50:36.462526+00:00,38017b978c609282474b308adf6416c85d9dc84d478565fe4deb52c07686bd10,,UNVERIFIED
EP-24,Cutting the Galactic Leyline,00:15:19,919,855139,https://animehistory.org/uploads/screencaps/outlaw-star-E024-Cutting-the-Galactic-Leyline/cap_00-15-19_5951.jpg,Outlaw Star Ep 24: Cutting the Galactic Leyline @ 00:15:19,https://animehistory.org/gallery/screencaps/outlaw-star/episode-24/,https://animehistory.org/gallery/screencaps/outlaw-star/episode-24/?page=3,3,2026-10-07T01:50:36.462526+00:00,38017b978c609282474b308adf6416c85d9dc84d478565fe4deb52c07686bd10,,UNVERIFIED
EP-24,Cutting the Galactic Leyline,00:15:23,923,855140,https://animehistory.org/uploads/screencaps/outlaw-star-E024-Cutting-the-Galactic-Leyline/cap_00-15-23_1385.jpg,Outlaw Star Ep 24: Cutting the Galactic Leyline @ 00:15:23,https://animehistory.org/gallery/screencaps/outlaw-star/episode-24/,https://animehistory.org/gallery/screencaps/outlaw-star/episode-24/?page=3,3,2026-10-07T01:50:36.462526+00:00,38017b978c609282474b308adf6416c85d9dc84d478565fe4deb52c07686bd10,,UNVERIFIED
EP-24,Cutting the Galactic Leyline,00:15:26,926,855141,https://animehistory.org/uploads/screencaps/outlaw-star-E024-Cutting-the-Galactic-Leyline/cap_00-15-26_4a80.jpg,Outlaw Star Ep 24: Cutting the Galactic Leyline @ 00:15:26,https://animehistory.org/gallery/screencaps/outlaw-star/episode-24/,https://animehistory.org/gallery/screencaps/outlaw-star/episode-24/?page=3,3,2026-10-07T01:50:36.462526+00:00,38017b978c609282474b308adf6416c85d9dc84d478565fe4deb52c07686bd10,,UNVERIFIED
EP-24,Cutting the Galactic Leyline,00:15:30,930,855142,https://animehistory.org/uploads/screencaps/outlaw-star-E024-Cutting-the-Galactic-Leyline/cap_00-15-30_54b6.jpg,Outlaw Star Ep 24: Cutting the Galactic Leyline @ 00:15:30,https://animehistory.org/gallery/screencaps/outlaw-star/episode-24/,https://animehistory.org/gallery/screencaps/outlaw-star/episode-24/?page=3,3,2026-10-07T01:50:36.462526+00:00,38017b978c609282474b308adf6416c85d9dc84d478565fe4deb52c07686bd10,,UNVERIFIED
EP-24,Cutting the Galactic Leyline,00:15:34,934,855143,https://animehistory.org/uploads/screencaps/outlaw-star-E024-Cutting-the-Galactic-Leyline/cap_00-15-34_7e75.jpg,Outlaw Star Ep 24: Cutting the Galactic Leyline @ 00:15:34,https://animehistory.org/gallery/screencaps/outlaw-star/episode-24/,https://animehistory.org/gallery/screencaps/outlaw-star/episode-24/?page=3,3,2026-10-07T01:50:36.462526+00:00,38017b978c609282474b308adf6416c85d9dc84d478565fe4deb52c07686bd10,,UNVERIFIED
EP-24,Cutting the Galactic Leyline,00:15:37,937,855144,https://animehistory.org/uploads/screencaps/outlaw-star-E024-Cutting-the-Galactic-Leyline/cap_00-15-37_3271.jpg,Outlaw Star Ep 24: Cutting the Galactic Leyline @ 00:15:37,https://animehistory.org/gallery/screencaps/outlaw-star/episode-24/,https://animehistory.org/gallery/screencaps/outlaw-star/episode-24/?page=3,3,2026-10-07T01:50:36.462526+00:00,38017b978c609282474b308adf6416c85d9dc84d478565fe4deb52c07686bd10,,UNVERIFIED
EP-24,Cutting the Galactic Leyline,00:15:41,941,855145,https://animehistory.org/uploads/screencaps/outlaw-star-E024-Cutting-the-Galactic-Leyline/cap_00-15-41_23fb.jpg,Outlaw Star Ep 24: Cutting the Galactic Leyline @ 00:15:41,https://animehistory.org/gallery/screencaps/outlaw-star/episode-24/,https://animehistory.org/gallery/screencaps/outlaw-star/episode-24/?page=3,3,2026-10-07T01:50:36.462526+00:00,38017b978c609282474b308adf6416c85d9dc84d478565fe4deb52c07686bd10,,UNVERIFIED
EP-24,Cutting the Galactic Leyline,00:15:45,945,855146,https://animehistory.org/uploads/screencaps/outlaw-star-E024-Cutting-the-Galactic-Leyline/cap_00-15-45_6703.jpg,Outlaw Star Ep 24: Cutting the Galactic Leyline @ 00:15:45,https://animehistory.org/gallery/screencaps/outlaw-star/episode-24/,https://animehistory.org/gallery/screencaps/outlaw-star/episode-24/?page=3,3,2026-10-07T01:50:36.462526+00:00,38017b978c609282474b308adf6416c85d9dc84d478565fe4deb52c07686bd10,,UNVERIFIED
EP-24,Cutting the Galactic Leyline,00:15:48,948,855147,https://animehistory.org/uploads/screencaps/outlaw-star-E024-Cutting-the-Galactic-Leyline/cap_00-15-48_060b.jpg,Outlaw Star Ep 24: Cutting the Galactic Leyline @ 00:15:48,https://animehistory.org/gallery/screencaps/outlaw-star/episode-24/,https://animehistory.org/gallery/screencaps/outlaw-star/episode-24/?page=3,3,2026-10-07T01:50:36.462526+00:00,38017b978c609282474b308adf6416c85d9dc84d478565fe4deb52c07686bd10,,UNVERIFIED
EP-24,Cutting the Galactic Leyline,00:15:52,952,855148,https://animehistory.org/uploads/screencaps/outlaw-star-E024-Cutting-the-Galactic-Leyline/cap_00-15-52_1017.jpg,Outlaw Star Ep 24: Cutting the Galactic Leyline @ 00:15:52,https://animehistory.org/gallery/screencaps/outlaw-star/episode-24/,https://animehistory.org/gallery/screencaps/outlaw-star/episode-24/?page=3,3,2026-10-07T01:50:36.462526+00:00,38017b978c609282474b308adf6416c85d9dc84d478565fe4deb52c07686bd10,,UNVERIFIED
EP-24,Cutting the Galactic Leyline,00:15:55,955,855149,https://animehistory.org/uploads/screencaps/outlaw-star-E024-Cutting-the-Galactic-Leyline/cap_00-15-55_2c4e.jpg,Outlaw Star Ep 24: Cutting the Galactic Leyline @ 00:15:55,https://animehistory.org/gallery/screencaps/outlaw-star/episode-24/,https://animehistory.org/gallery/screencaps/outlaw-star/episode-24/?page=3,3,2026-10-07T01:50:36.462526+00:00,38017b978c609282474b308adf6416c85d9dc84d478565fe4deb52c07686bd10,,UNVERIFIED
EP-24,Cutting the Galactic Leyline,00:15:59,959,855150,https://animehistory.org/uploads/screencaps/outlaw-star-E024-Cutting-the-Galactic-Leyline/cap_00-15-59_2dfc.jpg,Outlaw Star Ep 24: Cutting the Galactic Leyline @ 00:15:59,https://animehistory.org/gallery/screencaps/outlaw-star/episode-24/,https://animehistory.org/gallery/screencaps/outlaw-star/episode-24/?page=3,3,2026-10-07T01:50:36.462526+00:00,38017b978c609282474b308adf6416c85d9dc84d478565fe4deb52c07686bd10,,UNVERIFIED
EP-24,Cutting the Galactic Leyline,00:16:03,963,855151,https://animehistory.org/uploads/screencaps/outlaw-star-E024-Cutting-the-Galactic-Leyline/cap_00-16-03_227f.jpg,Outlaw Star Ep 24: Cutting the Galactic Leyline @ 00:16:03,https://animehistory.org/gallery/screencaps/outlaw-star/episode-24/,https://animehistory.org/gallery/screencaps/outlaw-star/episode-24/?page=3,3,2026-10-07T01:50:36.462526+00:00,38017b978c609282474b308adf6416c85d9dc84d478565fe4deb52c07686bd10,,UNVERIFIED
EP-24,Cutting the Galactic Leyline,00:16:06,966,855152,https://animehistory.org/uploads/screencaps/outlaw-star-E024-Cutting-the-Galactic-Leyline/cap_00-16-06_3de7.jpg,Outlaw Star Ep 24: Cutting the Galactic Leyline @ 00:16:06,https://animehistory.org/gallery/screencaps/outlaw-star/episode-24/,https://animehistory.org/gallery/screencaps/outlaw-star/episode-24/?page=3,3,2026-10-07T01:50:36.462526+00:00,38017b978c609282474b308adf6416c85d9dc84d478565fe4deb52c07686bd10,,UNVERIFIED
EP-24,Cutting the Galactic Leyline,00:16:10,970,855153,https://animehistory.org/uploads/screencaps/outlaw-star-E024-Cutting-the-Galactic-Leyline/cap_00-16-10_1f4c.jpg,Outlaw Star Ep 24: Cutting the Galactic Leyline @ 00:16:10,https://animehistory.org/gallery/screencaps/outlaw-star/episode-24/,https://animehistory.org/gallery/screencaps/outlaw-star/episode-24/?page=3,3,2026-10-07T01:50:36.462526+00:00,38017b978c609282474b308adf6416c85d9dc84d478565fe4deb52c07686bd10,,UNVERIFIED
EP-24,Cutting the Galactic Leyline,00:16:14,974,855154,https://animehistory.org/uploads/screencaps/outlaw-star-E024-Cutting-the-Galactic-Leyline/cap_00-16-14_2990.jpg,Outlaw Star Ep 24: Cutting the Galactic Leyline @ 00:16:14,https://animehistory.org/gallery/screencaps/outlaw-star/episode-24/,https://animehistory.org/gallery/screencaps/outlaw-star/episode-24/?page=3,3,2026-10-07T01:50:36.462526+00:00,38017b978c609282474b308adf6416c85d9dc84d478565fe4deb52c07686bd10,,UNVERIFIED
EP-24,Cutting the Galactic Leyline,00:16:17,977,855155,https://animehistory.org/uploads/screencaps/outlaw-star-E024-Cutting-the-Galactic-Leyline/cap_00-16-17_4ff2.jpg,Outlaw Star Ep 24: Cutting the Galactic Leyline @ 00:16:17,https://animehistory.org/gallery/screencaps/outlaw-star/episode-24/,https://animehistory.org/gallery/screencaps/outlaw-star/episode-24/?page=3,3,2026-10-07T01:50:36.462526+00:00,38017b978c609282474b308adf6416c85d9dc84d478565fe4deb52c07686bd10,,UNVERIFIED
EP-24,Cutting the Galactic Leyline,00:16:21,981,855156,https://animehistory.org/uploads/screencaps/outlaw-star-E024-Cutting-the-Galactic-Leyline/cap_00-16-21_5d13.jpg,Outlaw Star Ep 24: Cutting the Galactic Leyline @ 00:16:21,https://animehistory.org/gallery/screencaps/outlaw-star/episode-24/,https://animehistory.org/gallery/screencaps/outlaw-star/episode-24/?page=3,3,2026-10-07T01:50:36.462526+00:00,38017b978c609282474b308adf6416c85d9dc84d478565fe4deb52c07686bd10,,UNVERIFIED
EP-24,Cutting the Galactic Leyline,00:16:25,985,855157,https://animehistory.org/uploads/screencaps/outlaw-star-E024-Cutting-the-Galactic-Leyline/cap_00-16-25_0080.jpg,Outlaw Star Ep 24: Cutting the Galactic Leyline @ 00:16:25,https://animehistory.org/gallery/screencaps/outlaw-star/episode-24/,https://animehistory.org/gallery/screencaps/outlaw-star/episode-24/?page=3,3,2026-10-07T01:50:36.462526+00:00,38017b978c609282474b308adf6416c85d9dc84d478565fe4deb52c07686bd10,,UNVERIFIED
EP-24,Cutting the Galactic Leyline,00:16:28,988,855158,https://animehistory.org/uploads/screencaps/outlaw-star-E024-Cutting-the-Galactic-Leyline/cap_00-16-28_6266.jpg,Outlaw Star Ep 24: Cutting the Galactic Leyline @ 00:16:28,https://animehistory.org/gallery/screencaps/outlaw-star/episode-24/,https://animehistory.org/gallery/screencaps/outlaw-star/episode-24/?page=3,3,2026-10-07T01:50:36.462526+00:00,38017b978c609282474b308adf6416c85d9dc84d478565fe4deb52c07686bd10,,UNVERIFIED
EP-24,Cutting the Galactic Leyline,00:16:32,992,855159,https://animehistory.org/uploads/screencaps/outlaw-star-E024-Cutting-the-Galactic-Leyline/cap_00-16-32_0dff.jpg,Outlaw Star Ep 24: Cutting the Galactic Leyline @ 00:16:32,https://animehistory.org/gallery/screencaps/outlaw-star/episode-24/,https://animehistory.org/gallery/screencaps/outlaw-star/episode-24/?page=3,3,2026-10-07T01:50:36.462526+00:00,38017b978c609282474b308adf6416c85d9dc84d478565fe4deb52c07686bd10,,UNVERIFIED
EP-24,Cutting the Galactic Leyline,00:16:35,995,855160,https://animehistory.org/uploads/screencaps/outlaw-star-E024-Cutting-the-Galactic-Leyline/cap_00-16-35_25ef.jpg,Outlaw Star Ep 24: Cutting the Galactic Leyline @ 00:16:35,https://animehistory.org/gallery/screencaps/outlaw-star/episode-24/,https://animehistory.org/gallery/screencaps/outlaw-star/episode-24/?page=3,3,2026-10-07T01:50:36.462526+00:00,38017b978c609282474b308adf6416c85d9dc84d478565fe4deb52c07686bd10,,UNVERIFIED
EP-24,Cutting the Galactic Leyline,00:16:39,999,855161,https://animehistory.org/uploads/screencaps/outlaw-star-E024-Cutting-the-Galactic-Leyline/cap_00-16-39_5cea.jpg,Outlaw Star Ep 24: Cutting the Galactic Leyline @ 00:16:39,https://animehistory.org/gallery/screencaps/outlaw-star/episode-24/,https://animehistory.org/gallery/screencaps/outlaw-star/episode-24/?page=3,3,2026-10-07T01:50:36.462526+00:00,38017b978c609282474b308adf6416c85d9dc84d478565fe4deb52c07686bd10,,UNVERIFIED
EP-24,Cutting the Galactic Leyline,00:16:43,1003,855162,https://animehistory.org/uploads/screencaps/outlaw-star-E024-Cutting-the-Galactic-Leyline/cap_00-16-43_62f2.jpg,Outlaw Star Ep 24: Cutting the Galactic Leyline @ 00:16:43,https://animehistory.org/gallery/screencaps/outlaw-star/episode-24/,https://animehistory.org/gallery/screencaps/outlaw-star/episode-24/?page=3,3,2026-10-07T01:50:36.462526+00:00,38017b978c609282474b308adf6416c85d9dc84d478565fe4deb52c07686bd10,,UNVERIFIED
EP-24,Cutting the Galactic Leyline,00:16:46,1006,855163,https://animehistory.org/uploads/screencaps/outlaw-star-E024-Cutting-the-Galactic-Leyline/cap_00-16-46_7a5d.jpg,Outlaw Star Ep 24: Cutting the Galactic Leyline @ 00:16:46,https://animehistory.org/gallery/screencaps/outlaw-star/episode-24/,https://animehistory.org/gallery/screencaps/outlaw-star/episode-24/?page=3,3,2026-10-07T01:50:36.462526+00:00,38017b978c609282474b308adf6416c85d9dc84d478565fe4deb52c07686bd10,,UNVERIFIED
EP-24,Cutting the Galactic Leyline,00:16:50,1010,855164,https://animehistory.org/uploads/screencaps/outlaw-star-E024-Cutting-the-Galactic-Leyline/cap_00-16-50_7b63.jpg,Outlaw Star Ep 24: Cutting the Galactic Leyline @ 00:16:50,https://animehistory.org/gallery/screencaps/outlaw-star/episode-24/,https://animehistory.org/gallery/screencaps/outlaw-star/episode-24/?page=3,3,2026-10-07T01:50:36.462526+00:00,38017b978c609282474b308adf6416c85d9dc84d478565fe4deb52c07686bd10,,UNVERIFIED
EP-24,Cutting the Galactic Leyline,00:16:54,1014,855165,https://animehistory.org/uploads/screencaps/outlaw-star-E024-Cutting-the-Galactic-Leyline/cap_00-16-54_176e.jpg,Outlaw Star Ep 24: Cutting the Galactic Leyline @ 00:16:54,https://animehistory.org/gallery/screencaps/outlaw-star/episode-24/,https://animehistory.org/gallery/screencaps/outlaw-star/episode-24/?page=3,3,2026-10-07T01:50:36.462526+00:00,38017b978c609282474b308adf6416c85d9dc84d478565fe4deb52c07686bd10,,UNVERIFIED
EP-24,Cutting the Galactic Leyline,00:16:57,1017,855166,https://animehistory.org/uploads/screencaps/outlaw-star-E024-Cutting-the-Galactic-Leyline/cap_00-16-57_1910.jpg,Outlaw Star Ep 24: Cutting the Galactic Leyline @ 00:16:57,https://animehistory.org/gallery/screencaps/outlaw-star/episode-24/,https://animehistory.org/gallery/screencaps/outlaw-star/episode-24/?page=3,3,2026-10-07T01:50:36.462526+00:00,38017b978c609282474b308adf6416c85d9dc84d478565fe4deb52c07686bd10,,UNVERIFIED
EP-24,Cutting the Galactic Leyline,00:17:01,1021,855167,https://animehistory.org/uploads/screencaps/outlaw-star-E024-Cutting-the-Galactic-Leyline/cap_00-17-01_2ea3.jpg,Outlaw Star Ep 24: Cutting the Galactic Leyline @ 00:17:01,https://animehistory.org/gallery/screencaps/outlaw-star/episode-24/,https://animehistory.org/gallery/screencaps/outlaw-star/episode-24/?page=3,3,2026-10-07T01:50:36.462526+00:00,38017b978c609282474b308adf6416c85d9dc84d478565fe4deb52c07686bd10,,UNVERIFIED
EP-24,Cutting the Galactic Leyline,00:17:05,1025,855168,https://animehistory.org/uploads/screencaps/outlaw-star-E024-Cutting-the-Galactic-Leyline/cap_00-17-05_272a.jpg,Outlaw Star Ep 24: Cutting the Galactic Leyline @ 00:17:05,https://animehistory.org/gallery/screencaps/outlaw-star/episode-24/,https://animehistory.org/gallery/screencaps/outlaw-star/episode-24/?page=3,3,2026-10-07T01:50:36.462526+00:00,38017b978c609282474b308adf6416c85d9dc84d478565fe4deb52c07686bd10,,UNVERIFIED
EP-24,Cutting the Galactic Leyline,00:17:08,1028,855169,https://animehistory.org/uploads/screencaps/outlaw-star-E024-Cutting-the-Galactic-Leyline/cap_00-17-08_7c78.jpg,Outlaw Star Ep 24: Cutting the Galactic Leyline @ 00:17:08,https://animehistory.org/gallery/screencaps/outlaw-star/episode-24/,https://animehistory.org/gallery/screencaps/outlaw-star/episode-24/?page=3,3,2026-10-07T01:50:36.462526+00:00,38017b978c609282474b308adf6416c85d9dc84d478565fe4deb52c07686bd10,,UNVERIFIED
EP-24,Cutting the Galactic Leyline,00:17:12,1032,855170,https://animehistory.org/uploads/screencaps/outlaw-star-E024-Cutting-the-Galactic-Leyline/cap_00-17-12_0a53.jpg,Outlaw Star Ep 24: Cutting the Galactic Leyline @ 00:17:12,https://animehistory.org/gallery/screencaps/outlaw-star/episode-24/,https://animehistory.org/gallery/screencaps/outlaw-star/episode-24/?page=3,3,2026-10-07T01:50:36.462526+00:00,38017b978c609282474b308adf6416c85d9dc84d478565fe4deb52c07686bd10,,UNVERIFIED
EP-24,Cutting the Galactic Leyline,00:17:16,1036,855171,https://animehistory.org/uploads/screencaps/outlaw-star-E024-Cutting-the-Galactic-Leyline/cap_00-17-16_4c8a.jpg,Outlaw Star Ep 24: Cutting the Galactic Leyline @ 00:17:16,https://animehistory.org/gallery/screencaps/outlaw-star/episode-24/,https://animehistory.org/gallery/screencaps/outlaw-star/episode-24/?page=3,3,2026-10-07T01:50:36.462526+00:00,38017b978c609282474b308adf6416c85d9dc84d478565fe4deb52c07686bd10,,UNVERIFIED
EP-24,Cutting the Galactic Leyline,00:17:19,1039,855172,https://animehistory.org/uploads/screencaps/outlaw-star-E024-Cutting-the-Galactic-Leyline/cap_00-17-19_31b7.jpg,Outlaw Star Ep 24: Cutting the Galactic Leyline @ 00:17:19,https://animehistory.org/gallery/screencaps/outlaw-star/episode-24/,https://animehistory.org/gallery/screencaps/outlaw-star/episode-24/?page=3,3,2026-10-07T01:50:36.462526+00:00,38017b978c609282474b308adf6416c85d9dc84d478565fe4deb52c07686bd10,,UNVERIFIED
EP-24,Cutting the Galactic Leyline,00:17:23,1043,855173,https://animehistory.org/uploads/screencaps/outlaw-star-E024-Cutting-the-Galactic-Leyline/cap_00-17-23_1979.jpg,Outlaw Star Ep 24: Cutting the Galactic Leyline @ 00:17:23,https://animehistory.org/gallery/screencaps/outlaw-star/episode-24/,https://animehistory.org/gallery/screencaps/outlaw-star/episode-24/?page=3,3,2026-10-07T01:50:36.462526+00:00,38017b978c609282474b308adf6416c85d9dc84d478565fe4deb52c07686bd10,,UNVERIFIED
EP-24,Cutting the Galactic Leyline,00:17:26,1046,855174,https://animehistory.org/uploads/screencaps/outlaw-star-E024-Cutting-the-Galactic-Leyline/cap_00-17-26_66cb.jpg,Outlaw Star Ep 24: Cutting the Galactic Leyline @ 00:17:26,https://animehistory.org/gallery/screencaps/outlaw-star/episode-24/,https://animehistory.org/gallery/screencaps/outlaw-star/episode-24/?page=3,3,2026-10-07T01:50:36.462526+00:00,38017b978c609282474b308adf6416c85d9dc84d478565fe4deb52c07686bd10,,UNVERIFIED
EP-24,Cutting the Galactic Leyline,00:17:30,1050,855175,https://animehistory.org/uploads/screencaps/outlaw-star-E024-Cutting-the-Galactic-Leyline/cap_00-17-30_1453.jpg,Outlaw Star Ep 24: Cutting the Galactic Leyline @ 00:17:30,https://animehistory.org/gallery/screencaps/outlaw-star/episode-24/,https://animehistory.org/gallery/screencaps/outlaw-star/episode-24/?page=3,3,2026-10-07T01:50:36.462526+00:00,38017b978c609282474b308adf6416c85d9dc84d478565fe4deb52c07686bd10,,UNVERIFIED
EP-24,Cutting the Galactic Leyline,00:17:34,1054,855176,https://animehistory.org/uploads/screencaps/outlaw-star-E024-Cutting-the-Galactic-Leyline/cap_00-17-34_1912.jpg,Outlaw Star Ep 24: Cutting the Galactic Leyline @ 00:17:34,https://animehistory.org/gallery/screencaps/outlaw-star/episode-24/,https://animehistory.org/gallery/screencaps/outlaw-star/episode-24/?page=3,3,2026-10-07T01:50:36.462526+00:00,38017b978c609282474b308adf6416c85d9dc84d478565fe4deb52c07686bd10,,UNVERIFIED
EP-24,Cutting the Galactic Leyline,00:17:37,1057,855177,https://animehistory.org/uploads/screencaps/outlaw-star-E024-Cutting-the-Galactic-Leyline/cap_00-17-37_3e15.jpg,Outlaw Star Ep 24: Cutting the Galactic Leyline @ 00:17:37,https://animehistory.org/gallery/screencaps/outlaw-star/episode-24/,https://animehistory.org/gallery/screencaps/outlaw-star/episode-24/?page=3,3,2026-10-07T01:50:36.462526+00:00,38017b978c609282474b308adf6416c85d9dc84d478565fe4deb52c07686bd10,,UNVERIFIED
EP-24,Cutting the Galactic Leyline,00:17:41,1061,855178,https://animehistory.org/uploads/screencaps/outlaw-star-E024-Cutting-the-Galactic-Leyline/cap_00-17-41_5154.jpg,Outlaw Star Ep 24: Cutting the Galactic Leyline @ 00:17:41,https://animehistory.org/gallery/screencaps/outlaw-star/episode-24/,https://animehistory.org/gallery/screencaps/outlaw-star/episode-24/?page=3,3,2026-10-07T01:50:36.462526+00:00,38017b978c609282474b308adf6416c85d9dc84d478565fe4deb52c07686bd10,,UNVERIFIED
EP-24,Cutting the Galactic Leyline,00:17:45,1065,855179,https://animehistory.org/uploads/screencaps/outlaw-star-E024-Cutting-the-Galactic-Leyline/cap_00-17-45_48ba.jpg,Outlaw Star Ep 24: Cutting the Galactic Leyline @ 00:17:45,https://animehistory.org/gallery/screencaps/outlaw-star/episode-24/,https://animehistory.org/gallery/screencaps/outlaw-star/episode-24/?page=3,3,2026-10-07T01:50:36.462526+00:00,38017b978c609282474b308adf6416c85d9dc84d478565fe4deb52c07686bd10,,UNVERIFIED
EP-24,Cutting the Galactic Leyline,00:17:48,1068,855180,https://animehistory.org/uploads/screencaps/outlaw-star-E024-Cutting-the-Galactic-Leyline/cap_00-17-48_0345.jpg,Outlaw Star Ep 24: Cutting the Galactic Leyline @ 00:17:48,https://animehistory.org/gallery/screencaps/outlaw-star/episode-24/,https://animehistory.org/gallery/screencaps/outlaw-star/episode-24/?page=3,3,2026-10-07T01:50:36.462526+00:00,38017b978c609282474b308adf6416c85d9dc84d478565fe4deb52c07686bd10,,UNVERIFIED
EP-24,Cutting the Galactic Leyline,00:17:52,1072,855181,https://animehistory.org/uploads/screencaps/outlaw-star-E024-Cutting-the-Galactic-Leyline/cap_00-17-52_4bac.jpg,Outlaw Star Ep 24: Cutting the Galactic Leyline @ 00:17:52,https://animehistory.org/gallery/screencaps/outlaw-star/episode-24/,https://animehistory.org/gallery/screencaps/outlaw-star/episode-24/?page=3,3,2026-10-07T01:50:36.462526+00:00,38017b978c609282474b308adf6416c85d9dc84d478565fe4deb52c07686bd10,,UNVERIFIED
EP-24,Cutting the Galactic Leyline,00:17:56,1076,855182,https://animehistory.org/uploads/screencaps/outlaw-star-E024-Cutting-the-Galactic-Leyline/cap_00-17-56_2c41.jpg,Outlaw Star Ep 24: Cutting the Galactic Leyline @ 00:17:56,https://animehistory.org/gallery/screencaps/outlaw-star/episode-24/,https://animehistory.org/gallery/screencaps/outlaw-star/episode-24/?page=3,3,2026-10-07T01:50:36.462526+00:00,38017b978c609282474b308adf6416c85d9dc84d478565fe4deb52c07686bd10,,UNVERIFIED
EP-24,Cutting the Galactic Leyline,00:17:59,1079,855183,https://animehistory.org/uploads/screencaps/outlaw-star-E024-Cutting-the-Galactic-Leyline/cap_00-17-59_1474.jpg,Outlaw Star Ep 24: Cutting the Galactic Leyline @ 00:17:59,https://animehistory.org/gallery/screencaps/outlaw-star/episode-24/,https://animehistory.org/gallery/screencaps/outlaw-star/episode-24/?page=3,3,2026-10-07T01:50:36.462526+00:00,38017b978c609282474b308adf6416c85d9dc84d478565fe4deb52c07686bd10,,UNVERIFIED
EP-24,Cutting the Galactic Leyline,00:18:03,1083,855184,https://animehistory.org/uploads/screencaps/outlaw-star-E024-Cutting-the-Galactic-Leyline/cap_00-18-03_25f6.jpg,Outlaw Star Ep 24: Cutting the Galactic Leyline @ 00:18:03,https://animehistory.org/gallery/screencaps/outlaw-star/episode-24/,https://animehistory.org/gallery/screencaps/outlaw-star/episode-24/?page=3,3,2026-10-07T01:50:36.462526+00:00,38017b978c609282474b308adf6416c85d9dc84d478565fe4deb52c07686bd10,,UNVERIFIED
EP-24,Cutting the Galactic Leyline,00:18:07,1087,855185,https://animehistory.org/uploads/screencaps/outlaw-star-E024-Cutting-the-Galactic-Leyline/cap_00-18-07_1b59.jpg,Outlaw Star Ep 24: Cutting the Galactic Leyline @ 00:18:07,https://animehistory.org/gallery/screencaps/outlaw-star/episode-24/,https://animehistory.org/gallery/screencaps/outlaw-star/episode-24/?page=3,3,2026-10-07T01:50:36.462526+00:00,38017b978c609282474b308adf6416c85d9dc84d478565fe4deb52c07686bd10,,UNVERIFIED
EP-24,Cutting the Galactic Leyline,00:18:10,1090,855186,https://animehistory.org/uploads/screencaps/outlaw-star-E024-Cutting-the-Galactic-Leyline/cap_00-18-10_7750.jpg,Outlaw Star Ep 24: Cutting the Galactic Leyline @ 00:18:10,https://animehistory.org/gallery/screencaps/outlaw-star/episode-24/,https://animehistory.org/gallery/screencaps/outlaw-star/episode-24/?page=3,3,2026-10-07T01:50:36.462526+00:00,38017b978c609282474b308adf6416c85d9dc84d478565fe4deb52c07686bd10,,UNVERIFIED
EP-24,Cutting the Galactic Leyline,00:18:14,1094,855187,https://animehistory.org/uploads/screencaps/outlaw-star-E024-Cutting-the-Galactic-Leyline/cap_00-18-14_6128.jpg,Outlaw Star Ep 24: Cutting the Galactic Leyline @ 00:18:14,https://animehistory.org/gallery/screencaps/outlaw-star/episode-24/,https://animehistory.org/gallery/screencaps/outlaw-star/episode-24/?page=3,3,2026-10-07T01:50:36.462526+00:00,38017b978c609282474b308adf6416c85d9dc84d478565fe4deb52c07686bd10,,UNVERIFIED
EP-24,Cutting the Galactic Leyline,00:18:17,1097,855188,https://animehistory.org/uploads/screencaps/outlaw-star-E024-Cutting-the-Galactic-Leyline/cap_00-18-17_6402.jpg,Outlaw Star Ep 24: Cutting the Galactic Leyline @ 00:18:17,https://animehistory.org/gallery/screencaps/outlaw-star/episode-24/,https://animehistory.org/gallery/screencaps/outlaw-star/episode-24/?page=3,3,2026-10-07T01:50:36.462526+00:00,38017b978c609282474b308adf6416c85d9dc84d478565fe4deb52c07686bd10,,UNVERIFIED
EP-24,Cutting the Galactic Leyline,00:18:21,1101,855189,https://animehistory.org/uploads/screencaps/outlaw-star-E024-Cutting-the-Galactic-Leyline/cap_00-18-21_1e46.jpg,Outlaw Star Ep 24: Cutting the Galactic Leyline @ 00:18:21,https://animehistory.org/gallery/screencaps/outlaw-star/episode-24/,https://animehistory.org/gallery/screencaps/outlaw-star/episode-24/?page=3,3,2026-10-07T01:50:36.462526+00:00,38017b978c609282474b308adf6416c85d9dc84d478565fe4deb52c07686bd10,,UNVERIFIED
EP-24,Cutting the Galactic Leyline,00:18:25,1105,855190,https://animehistory.org/uploads/screencaps/outlaw-star-E024-Cutting-the-Galactic-Leyline/cap_00-18-25_3c5f.jpg,Outlaw Star Ep 24: Cutting the Galactic Leyline @ 00:18:25,https://animehistory.org/gallery/screencaps/outlaw-star/episode-24/,https://animehistory.org/gallery/screencaps/outlaw-star/episode-24/?page=3,3,2026-10-07T01:50:36.462526+00:00,38017b978c609282474b308adf6416c85d9dc84d478565fe4deb52c07686bd10,,UNVERIFIED
EP-24,Cutting the Galactic Leyline,00:18:28,1108,855191,https://animehistory.org/uploads/screencaps/outlaw-star-E024-Cutting-the-Galactic-Leyline/cap_00-18-28_2c18.jpg,Outlaw Star Ep 24: Cutting the Galactic Leyline @ 00:18:28,https://animehistory.org/gallery/screencaps/outlaw-star/episode-24/,https://animehistory.org/gallery/screencaps/outlaw-star/episode-24/?page=3,3,2026-10-07T01:50:36.462526+00:00,38017b978c609282474b308adf6416c85d9dc84d478565fe4deb52c07686bd10,,UNVERIFIED
EP-24,Cutting the Galactic Leyline,00:18:32,1112,855192,https://animehistory.org/uploads/screencaps/outlaw-star-E024-Cutting-the-Galactic-Leyline/cap_00-18-32_3ab3.jpg,Outlaw Star Ep 24: Cutting the Galactic Leyline @ 00:18:32,https://animehistory.org/gallery/screencaps/outlaw-star/episode-24/,https://animehistory.org/gallery/screencaps/outlaw-star/episode-24/?page=3,3,2026-10-07T01:50:36.462526+00:00,38017b978c609282474b308adf6416c85d9dc84d478565fe4deb52c07686bd10,,UNVERIFIED
EP-24,Cutting the Galactic Leyline,00:18:36,1116,855193,https://animehistory.org/uploads/screencaps/outlaw-star-E024-Cutting-the-Galactic-Leyline/cap_00-18-36_24b3.jpg,Outlaw Star Ep 24: Cutting the Galactic Leyline @ 00:18:36,https://animehistory.org/gallery/screencaps/outlaw-star/episode-24/,https://animehistory.org/gallery/screencaps/outlaw-star/episode-24/?page=3,3,2026-10-07T01:50:36.462526+00:00,38017b978c609282474b308adf6416c85d9dc84d478565fe4deb52c07686bd10,,UNVERIFIED
EP-24,Cutting the Galactic Leyline,00:18:39,1119,855194,https://animehistory.org/uploads/screencaps/outlaw-star-E024-Cutting-the-Galactic-Leyline/cap_00-18-39_54b3.jpg,Outlaw Star Ep 24: Cutting the Galactic Leyline @ 00:18:39,https://animehistory.org/gallery/screencaps/outlaw-star/episode-24/,https://animehistory.org/gallery/screencaps/outlaw-star/episode-24/?page=3,3,2026-10-07T01:50:36.462526+00:00,38017b978c609282474b308adf6416c85d9dc84d478565fe4deb52c07686bd10,,UNVERIFIED
EP-24,Cutting the Galactic Leyline,00:18:43,1123,855195,https://animehistory.org/uploads/screencaps/outlaw-star-E024-Cutting-the-Galactic-Leyline/cap_00-18-43_1f32.jpg,Outlaw Star Ep 24: Cutting the Galactic Leyline @ 00:18:43,https://animehistory.org/gallery/screencaps/outlaw-star/episode-24/,https://animehistory.org/gallery/screencaps/outlaw-star/episode-24/?page=3,3,2026-10-07T01:50:36.462526+00:00,38017b978c609282474b308adf6416c85d9dc84d478565fe4deb52c07686bd10,,UNVERIFIED
EP-24,Cutting the Galactic Leyline,00:18:47,1127,855196,https://animehistory.org/uploads/screencaps/outlaw-star-E024-Cutting-the-Galactic-Leyline/cap_00-18-47_3963.jpg,Outlaw Star Ep 24: Cutting the Galactic Leyline @ 00:18:47,https://animehistory.org/gallery/screencaps/outlaw-star/episode-24/,https://animehistory.org/gallery/screencaps/outlaw-star/episode-24/?page=3,3,2026-10-07T01:50:36.462526+00:00,38017b978c609282474b308adf6416c85d9dc84d478565fe4deb52c07686bd10,,UNVERIFIED
EP-24,Cutting the Galactic Leyline,00:18:50,1130,855197,https://animehistory.org/uploads/screencaps/outlaw-star-E024-Cutting-the-Galactic-Leyline/cap_00-18-50_6f52.jpg,Outlaw Star Ep 24: Cutting the Galactic Leyline @ 00:18:50,https://animehistory.org/gallery/screencaps/outlaw-star/episode-24/,https://animehistory.org/gallery/screencaps/outlaw-star/episode-24/?page=3,3,2026-10-07T01:50:36.462526+00:00,38017b978c609282474b308adf6416c85d9dc84d478565fe4deb52c07686bd10,,UNVERIFIED
EP-24,Cutting the Galactic Leyline,00:18:54,1134,855198,https://animehistory.org/uploads/screencaps/outlaw-star-E024-Cutting-the-Galactic-Leyline/cap_00-18-54_3d1d.jpg,Outlaw Star Ep 24: Cutting the Galactic Leyline @ 00:18:54,https://animehistory.org/gallery/screencaps/outlaw-star/episode-24/,https://animehistory.org/gallery/screencaps/outlaw-star/episode-24/?page=3,3,2026-10-07T01:50:36.462526+00:00,38017b978c609282474b308adf6416c85d9dc84d478565fe4deb52c07686bd10,,UNVERIFIED
EP-24,Cutting the Galactic Leyline,00:18:58,1138,855199,https://animehistory.org/uploads/screencaps/outlaw-star-E024-Cutting-the-Galactic-Leyline/cap_00-18-58_196e.jpg,Outlaw Star Ep 24: Cutting the Galactic Leyline @ 00:18:58,https://animehistory.org/gallery/screencaps/outlaw-star/episode-24/,https://animehistory.org/gallery/screencaps/outlaw-star/episode-24/?page=3,3,2026-10-07T01:50:36.462526+00:00,38017b978c609282474b308adf6416c85d9dc84d478565fe4deb52c07686bd10,,UNVERIFIED
EP-24,Cutting the Galactic Leyline,00:19:01,1141,855200,https://animehistory.org/uploads/screencaps/outlaw-star-E024-Cutting-the-Galactic-Leyline/cap_00-19-01_6fc7.jpg,Outlaw Star Ep 24: Cutting the Galactic Leyline @ 00:19:01,https://animehistory.org/gallery/screencaps/outlaw-star/episode-24/,https://animehistory.org/gallery/screencaps/outlaw-star/episode-24/?page=3,3,2026-10-07T01:50:36.462526+00:00,38017b978c609282474b308adf6416c85d9dc84d478565fe4deb52c07686bd10,,UNVERIFIED
EP-24,Cutting the Galactic Leyline,00:19:05,1145,855201,https://animehistory.org/uploads/screencaps/outlaw-star-E024-Cutting-the-Galactic-Leyline/cap_00-19-05_6cca.jpg,Outlaw Star Ep 24: Cutting the Galactic Leyline @ 00:19:05,https://animehistory.org/gallery/screencaps/outlaw-star/episode-24/,https://animehistory.org/gallery/screencaps/outlaw-star/episode-24/?page=3,3,2026-10-07T01:50:36.462526+00:00,38017b978c609282474b308adf6416c85d9dc84d478565fe4deb52c07686bd10,,UNVERIFIED
EP-24,Cutting the Galactic Leyline,00:19:08,1148,855202,https://animehistory.org/uploads/screencaps/outlaw-star-E024-Cutting-the-Galactic-Leyline/cap_00-19-08_781f.jpg,Outlaw Star Ep 24: Cutting the Galactic Leyline @ 00:19:08,https://animehistory.org/gallery/screencaps/outlaw-star/episode-24/,https://animehistory.org/gallery/screencaps/outlaw-star/episode-24/?page=3,3,2026-10-07T01:50:36.462526+00:00,38017b978c609282474b308adf6416c85d9dc84d478565fe4deb52c07686bd10,,UNVERIFIED
EP-24,Cutting the Galactic Leyline,00:19:12,1152,855203,https://animehistory.org/uploads/screencaps/outlaw-star-E024-Cutting-the-Galactic-Leyline/cap_00-19-12_17f9.jpg,Outlaw Star Ep 24: Cutting the Galactic Leyline @ 00:19:12,https://animehistory.org/gallery/screencaps/outlaw-star/episode-24/,https://animehistory.org/gallery/screencaps/outlaw-star/episode-24/?page=3,3,2026-10-07T01:50:36.462526+00:00,38017b978c609282474b308adf6416c85d9dc84d478565fe4deb52c07686bd10,,UNVERIFIED
EP-24,Cutting the Galactic Leyline,00:19:16,1156,855204,https://animehistory.org/uploads/screencaps/outlaw-star-E024-Cutting-the-Galactic-Leyline/cap_00-19-16_1ecf.jpg,Outlaw Star Ep 24: Cutting the Galactic Leyline @ 00:19:16,https://animehistory.org/gallery/screencaps/outlaw-star/episode-24/,https://animehistory.org/gallery/screencaps/outlaw-star/episode-24/?page=3,3,2026-10-07T01:50:36.462526+00:00,38017b978c609282474b308adf6416c85d9dc84d478565fe4deb52c07686bd10,,UNVERIFIED
EP-24,Cutting the Galactic Leyline,00:19:19,1159,855205,https://animehistory.org/uploads/screencaps/outlaw-star-E024-Cutting-the-Galactic-Leyline/cap_00-19-19_36c5.jpg,Outlaw Star Ep 24: Cutting the Galactic Leyline @ 00:19:19,https://animehistory.org/gallery/screencaps/outlaw-star/episode-24/,https://animehistory.org/gallery/screencaps/outlaw-star/episode-24/?page=3,3,2026-10-07T01:50:36.462526+00:00,38017b978c609282474b308adf6416c85d9dc84d478565fe4deb52c07686bd10,,UNVERIFIED
EP-24,Cutting the Galactic Leyline,00:19:23,1163,855206,https://animehistory.org/uploads/screencaps/outlaw-star-E024-Cutting-the-Galactic-Leyline/cap_00-19-23_4fb5.jpg,Outlaw Star Ep 24: Cutting the Galactic Leyline @ 00:19:23,https://animehistory.org/gallery/screencaps/outlaw-star/episode-24/,https://animehistory.org/gallery/screencaps/outlaw-star/episode-24/?page=3,3,2026-10-07T01:50:36.462526+00:00,38017b978c609282474b308adf6416c85d9dc84d478565fe4deb52c07686bd10,,UNVERIFIED
EP-24,Cutting the Galactic Leyline,00:19:27,1167,855207,https://animehistory.org/uploads/screencaps/outlaw-star-E024-Cutting-the-Galactic-Leyline/cap_00-19-27_3f7c.jpg,Outlaw Star Ep 24: Cutting the Galactic Leyline @ 00:19:27,https://animehistory.org/gallery/screencaps/outlaw-star/episode-24/,https://animehistory.org/gallery/screencaps/outlaw-star/episode-24/?page=3,3,2026-10-07T01:50:36.462526+00:00,38017b978c609282474b308adf6416c85d9dc84d478565fe4deb52c07686bd10,,UNVERIFIED
EP-24,Cutting the Galactic Leyline,00:19:30,1170,855208,https://animehistory.org/uploads/screencaps/outlaw-star-E024-Cutting-the-Galactic-Leyline/cap_00-19-30_6a3c.jpg,Outlaw Star Ep 24: Cutting the Galactic Leyline @ 00:19:30,https://animehistory.org/gallery/screencaps/outlaw-star/episode-24/,https://animehistory.org/gallery/screencaps/outlaw-star/episode-24/?page=3,3,2026-10-07T01:50:36.462526+00:00,38017b978c609282474b308adf6416c85d9dc84d478565fe4deb52c07686bd10,,UNVERIFIED
EP-24,Cutting the Galactic Leyline,00:19:34,1174,855209,https://animehistory.org/uploads/screencaps/outlaw-star-E024-Cutting-the-Galactic-Leyline/cap_00-19-34_1a10.jpg,Outlaw Star Ep 24: Cutting the Galactic Leyline @ 00:19:34,https://animehistory.org/gallery/screencaps/outlaw-star/episode-24/,https://animehistory.org/gallery/screencaps/outlaw-star/episode-24/?page=3,3,2026-10-07T01:50:36.462526+00:00,38017b978c609282474b308adf6416c85d9dc84d478565fe4deb52c07686bd10,,UNVERIFIED
EP-24,Cutting the Galactic Leyline,00:19:38,1178,855210,https://animehistory.org/uploads/screencaps/outlaw-star-E024-Cutting-the-Galactic-Leyline/cap_00-19-38_4899.jpg,Outlaw Star Ep 24: Cutting the Galactic Leyline @ 00:19:38,https://animehistory.org/gallery/screencaps/outlaw-star/episode-24/,https://animehistory.org/gallery/screencaps/outlaw-star/episode-24/?page=3,3,2026-10-07T01:50:36.462526+00:00,38017b978c609282474b308adf6416c85d9dc84d478565fe4deb52c07686bd10,,UNVERIFIED
EP-24,Cutting the Galactic Leyline,00:19:41,1181,855211,https://animehistory.org/uploads/screencaps/outlaw-star-E024-Cutting-the-Galactic-Leyline/cap_00-19-41_61b7.jpg,Outlaw Star Ep 24: Cutting the Galactic Leyline @ 00:19:41,https://animehistory.org/gallery/screencaps/outlaw-star/episode-24/,https://animehistory.org/gallery/screencaps/outlaw-star/episode-24/?page=3,3,2026-10-07T01:50:36.462526+00:00,38017b978c609282474b308adf6416c85d9dc84d478565fe4deb52c07686bd10,,UNVERIFIED
EP-24,Cutting the Galactic Leyline,00:19:45,1185,855212,https://animehistory.org/uploads/screencaps/outlaw-star-E024-Cutting-the-Galactic-Leyline/cap_00-19-45_491b.jpg,Outlaw Star Ep 24: Cutting the Galactic Leyline @ 00:19:45,https://animehistory.org/gallery/screencaps/outlaw-star/episode-24/,https://animehistory.org/gallery/screencaps/outlaw-star/episode-24/?page=3,3,2026-10-07T01:50:36.462526+00:00,38017b978c609282474b308adf6416c85d9dc84d478565fe4deb52c07686bd10,,UNVERIFIED
EP-24,Cutting the Galactic Leyline,00:19:49,1189,855213,https://animehistory.org/uploads/screencaps/outlaw-star-E024-Cutting-the-Galactic-Leyline/cap_00-19-49_5dfd.jpg,Outlaw Star Ep 24: Cutting the Galactic Leyline @ 00:19:49,https://animehistory.org/gallery/screencaps/outlaw-star/episode-24/,https://animehistory.org/gallery/screencaps/outlaw-star/episode-24/?page=3,3,2026-10-07T01:50:36.462526+00:00,38017b978c609282474b308adf6416c85d9dc84d478565fe4deb52c07686bd10,,UNVERIFIED
EP-24,Cutting the Galactic Leyline,00:19:52,1192,855214,https://animehistory.org/uploads/screencaps/outlaw-star-E024-Cutting-the-Galactic-Leyline/cap_00-19-52_7cdf.jpg,Outlaw Star Ep 24: Cutting the Galactic Leyline @ 00:19:52,https://animehistory.org/gallery/screencaps/outlaw-star/episode-24/,https://animehistory.org/gallery/screencaps/outlaw-star/episode-24/?page=3,3,2026-10-07T01:50:36.462526+00:00,38017b978c609282474b308adf6416c85d9dc84d478565fe4deb52c07686bd10,,UNVERIFIED
EP-24,Cutting the Galactic Leyline,00:19:56,1196,855215,https://animehistory.org/uploads/screencaps/outlaw-star-E024-Cutting-the-Galactic-Leyline/cap_00-19-56_3c56.jpg,Outlaw Star Ep 24: Cutting the Galactic Leyline @ 00:19:56,https://animehistory.org/gallery/screencaps/outlaw-star/episode-24/,https://animehistory.org/gallery/screencaps/outlaw-star/episode-24/?page=4,4,2026-10-07T01:50:37.619351+00:00,0f6922e0673be92c53b21b62a32fb2ea74967ab6f662668ea7356fd3e8f7031e,,UNVERIFIED
EP-24,Cutting the Galactic Leyline,00:19:59,1199,855216,https://animehistory.org/uploads/screencaps/outlaw-star-E024-Cutting-the-Galactic-Leyline/cap_00-19-59_465d.jpg,Outlaw Star Ep 24: Cutting the Galactic Leyline @ 00:19:59,https://animehistory.org/gallery/screencaps/outlaw-star/episode-24/,https://animehistory.org/gallery/screencaps/outlaw-star/episode-24/?page=4,4,2026-10-07T01:50:37.619351+00:00,0f6922e0673be92c53b21b62a32fb2ea74967ab6f662668ea7356fd3e8f7031e,,UNVERIFIED
EP-24,Cutting the Galactic Leyline,00:20:03,1203,855217,https://animehistory.org/uploads/screencaps/outlaw-star-E024-Cutting-the-Galactic-Leyline/cap_00-20-03_003e.jpg,Outlaw Star Ep 24: Cutting the Galactic Leyline @ 00:20:03,https://animehistory.org/gallery/screencaps/outlaw-star/episode-24/,https://animehistory.org/gallery/screencaps/outlaw-star/episode-24/?page=4,4,2026-10-07T01:50:37.619351+00:00,0f6922e0673be92c53b21b62a32fb2ea74967ab6f662668ea7356fd3e8f7031e,,UNVERIFIED
EP-24,Cutting the Galactic Leyline,00:20:07,1207,855218,https://animehistory.org/uploads/screencaps/outlaw-star-E024-Cutting-the-Galactic-Leyline/cap_00-20-07_0d14.jpg,Outlaw Star Ep 24: Cutting the Galactic Leyline @ 00:20:07,https://animehistory.org/gallery/screencaps/outlaw-star/episode-24/,https://animehistory.org/gallery/screencaps/outlaw-star/episode-24/?page=4,4,2026-10-07T01:50:37.619351+00:00,0f6922e0673be92c53b21b62a32fb2ea74967ab6f662668ea7356fd3e8f7031e,,UNVERIFIED
EP-24,Cutting the Galactic Leyline,00:20:10,1210,855219,https://animehistory.org/uploads/screencaps/outlaw-star-E024-Cutting-the-Galactic-Leyline/cap_00-20-10_7dd7.jpg,Outlaw Star Ep 24: Cutting the Galactic Leyline @ 00:20:10,https://animehistory.org/gallery/screencaps/outlaw-star/episode-24/,https://animehistory.org/gallery/screencaps/outlaw-star/episode-24/?page=4,4,2026-10-07T01:50:37.619351+00:00,0f6922e0673be92c53b21b62a32fb2ea74967ab6f662668ea7356fd3e8f7031e,,UNVERIFIED
EP-24,Cutting the Galactic Leyline,00:20:14,1214,855220,https://animehistory.org/uploads/screencaps/outlaw-star-E024-Cutting-the-Galactic-Leyline/cap_00-20-14_321f.jpg,Outlaw Star Ep 24: Cutting the Galactic Leyline @ 00:20:14,https://animehistory.org/gallery/screencaps/outlaw-star/episode-24/,https://animehistory.org/gallery/screencaps/outlaw-star/episode-24/?page=4,4,2026-10-07T01:50:37.619351+00:00,0f6922e0673be92c53b21b62a32fb2ea74967ab6f662668ea7356fd3e8f7031e,,UNVERIFIED
EP-24,Cutting the Galactic Leyline,00:20:18,1218,855221,https://animehistory.org/uploads/screencaps/outlaw-star-E024-Cutting-the-Galactic-Leyline/cap_00-20-18_5763.jpg,Outlaw Star Ep 24: Cutting the Galactic Leyline @ 00:20:18,https://animehistory.org/gallery/screencaps/outlaw-star/episode-24/,https://animehistory.org/gallery/screencaps/outlaw-star/episode-24/?page=4,4,2026-10-07T01:50:37.619351+00:00,0f6922e0673be92c53b21b62a32fb2ea74967ab6f662668ea7356fd3e8f7031e,,UNVERIFIED
EP-24,Cutting the Galactic Leyline,00:20:21,1221,855222,https://animehistory.org/uploads/screencaps/outlaw-star-E024-Cutting-the-Galactic-Leyline/cap_00-20-21_3cae.jpg,Outlaw Star Ep 24: Cutting the Galactic Leyline @ 00:20:21,https://animehistory.org/gallery/screencaps/outlaw-star/episode-24/,https://animehistory.org/gallery/screencaps/outlaw-star/episode-24/?page=4,4,2026-10-07T01:50:37.619351+00:00,0f6922e0673be92c53b21b62a32fb2ea74967ab6f662668ea7356fd3e8f7031e,,UNVERIFIED
EP-24,Cutting the Galactic Leyline,00:20:25,1225,855223,https://animehistory.org/uploads/screencaps/outlaw-star-E024-Cutting-the-Galactic-Leyline/cap_00-20-25_5068.jpg,Outlaw Star Ep 24: Cutting the Galactic Leyline @ 00:20:25,https://animehistory.org/gallery/screencaps/outlaw-star/episode-24/,https://animehistory.org/gallery/screencaps/outlaw-star/episode-24/?page=4,4,2026-10-07T01:50:37.619351+00:00,0f6922e0673be92c53b21b62a32fb2ea74967ab6f662668ea7356fd3e8f7031e,,UNVERIFIED
EP-24,Cutting the Galactic Leyline,00:20:29,1229,855224,https://animehistory.org/uploads/screencaps/outlaw-star-E024-Cutting-the-Galactic-Leyline/cap_00-20-29_36b2.jpg,Outlaw Star Ep 24: Cutting the Galactic Leyline @ 00:20:29,https://animehistory.org/gallery/screencaps/outlaw-star/episode-24/,https://animehistory.org/gallery/screencaps/outlaw-star/episode-24/?page=4,4,2026-10-07T01:50:37.619351+00:00,0f6922e0673be92c53b21b62a32fb2ea74967ab6f662668ea7356fd3e8f7031e,,UNVERIFIED
EP-24,Cutting the Galactic Leyline,00:20:32,1232,855225,https://animehistory.org/uploads/screencaps/outlaw-star-E024-Cutting-the-Galactic-Leyline/cap_00-20-32_6ec5.jpg,Outlaw Star Ep 24: Cutting the Galactic Leyline @ 00:20:32,https://animehistory.org/gallery/screencaps/outlaw-star/episode-24/,https://animehistory.org/gallery/screencaps/outlaw-star/episode-24/?page=4,4,2026-10-07T01:50:37.619351+00:00,0f6922e0673be92c53b21b62a32fb2ea74967ab6f662668ea7356fd3e8f7031e,,UNVERIFIED
EP-24,Cutting the Galactic Leyline,00:20:36,1236,855226,https://animehistory.org/uploads/screencaps/outlaw-star-E024-Cutting-the-Galactic-Leyline/cap_00-20-36_0e73.jpg,Outlaw Star Ep 24: Cutting the Galactic Leyline @ 00:20:36,https://animehistory.org/gallery/screencaps/outlaw-star/episode-24/,https://animehistory.org/gallery/screencaps/outlaw-star/episode-24/?page=4,4,2026-10-07T01:50:37.619351+00:00,0f6922e0673be92c53b21b62a32fb2ea74967ab6f662668ea7356fd3e8f7031e,,UNVERIFIED
EP-24,Cutting the Galactic Leyline,00:20:40,1240,855227,https://animehistory.org/uploads/screencaps/outlaw-star-E024-Cutting-the-Galactic-Leyline/cap_00-20-40_6948.jpg,Outlaw Star Ep 24: Cutting the Galactic Leyline @ 00:20:40,https://animehistory.org/gallery/screencaps/outlaw-star/episode-24/,https://animehistory.org/gallery/screencaps/outlaw-star/episode-24/?page=4,4,2026-10-07T01:50:37.619351+00:00,0f6922e0673be92c53b21b62a32fb2ea74967ab6f662668ea7356fd3e8f7031e,,UNVERIFIED
EP-24,Cutting the Galactic Leyline,00:20:43,1243,855228,https://animehistory.org/uploads/screencaps/outlaw-star-E024-Cutting-the-Galactic-Leyline/cap_00-20-43_484e.jpg,Outlaw Star Ep 24: Cutting the Galactic Leyline @ 00:20:43,https://animehistory.org/gallery/screencaps/outlaw-star/episode-24/,https://animehistory.org/gallery/screencaps/outlaw-star/episode-24/?page=4,4,2026-10-07T01:50:37.619351+00:00,0f6922e0673be92c53b21b62a32fb2ea74967ab6f662668ea7356fd3e8f7031e,,UNVERIFIED
EP-24,Cutting the Galactic Leyline,00:20:47,1247,855229,https://animehistory.org/uploads/screencaps/outlaw-star-E024-Cutting-the-Galactic-Leyline/cap_00-20-47_4ced.jpg,Outlaw Star Ep 24: Cutting the Galactic Leyline @ 00:20:47,https://animehistory.org/gallery/screencaps/outlaw-star/episode-24/,https://animehistory.org/gallery/screencaps/outlaw-star/episode-24/?page=4,4,2026-10-07T01:50:37.619351+00:00,0f6922e0673be92c53b21b62a32fb2ea74967ab6f662668ea7356fd3e8f7031e,,UNVERIFIED
EP-24,Cutting the Galactic Leyline,00:20:50,1250,855230,https://animehistory.org/uploads/screencaps/outlaw-star-E024-Cutting-the-Galactic-Leyline/cap_00-20-50_03d8.jpg,Outlaw Star Ep 24: Cutting the Galactic Leyline @ 00:20:50,https://animehistory.org/gallery/screencaps/outlaw-star/episode-24/,https://animehistory.org/gallery/screencaps/outlaw-star/episode-24/?page=4,4,2026-10-07T01:50:37.619351+00:00,0f6922e0673be92c53b21b62a32fb2ea74967ab6f662668ea7356fd3e8f7031e,,UNVERIFIED
EP-24,Cutting the Galactic Leyline,00:20:54,1254,855231,https://animehistory.org/uploads/screencaps/outlaw-star-E024-Cutting-the-Galactic-Leyline/cap_00-20-54_5bd7.jpg,Outlaw Star Ep 24: Cutting the Galactic Leyline @ 00:20:54,https://animehistory.org/gallery/screencaps/outlaw-star/episode-24/,https://animehistory.org/gallery/screencaps/outlaw-star/episode-24/?page=4,4,2026-10-07T01:50:37.619351+00:00,0f6922e0673be92c53b21b62a32fb2ea74967ab6f662668ea7356fd3e8f7031e,,UNVERIFIED
EP-24,Cutting the Galactic Leyline,00:20:58,1258,855232,https://animehistory.org/uploads/screencaps/outlaw-star-E024-Cutting-the-Galactic-Leyline/cap_00-20-58_5176.jpg,Outlaw Star Ep 24: Cutting the Galactic Leyline @ 00:20:58,https://animehistory.org/gallery/screencaps/outlaw-star/episode-24/,https://animehistory.org/gallery/screencaps/outlaw-star/episode-24/?page=4,4,2026-10-07T01:50:37.619351+00:00,0f6922e0673be92c53b21b62a32fb2ea74967ab6f662668ea7356fd3e8f7031e,,UNVERIFIED
EP-24,Cutting the Galactic Leyline,00:21:01,1261,855233,https://animehistory.org/uploads/screencaps/outlaw-star-E024-Cutting-the-Galactic-Leyline/cap_00-21-01_6be7.jpg,Outlaw Star Ep 24: Cutting the Galactic Leyline @ 00:21:01,https://animehistory.org/gallery/screencaps/outlaw-star/episode-24/,https://animehistory.org/gallery/screencaps/outlaw-star/episode-24/?page=4,4,2026-10-07T01:50:37.619351+00:00,0f6922e0673be92c53b21b62a32fb2ea74967ab6f662668ea7356fd3e8f7031e,,UNVERIFIED
EP-24,Cutting the Galactic Leyline,00:21:05,1265,855234,https://animehistory.org/uploads/screencaps/outlaw-star-E024-Cutting-the-Galactic-Leyline/cap_00-21-05_1088.jpg,Outlaw Star Ep 24: Cutting the Galactic Leyline @ 00:21:05,https://animehistory.org/gallery/screencaps/outlaw-star/episode-24/,https://animehistory.org/gallery/screencaps/outlaw-star/episode-24/?page=4,4,2026-10-07T01:50:37.619351+00:00,0f6922e0673be92c53b21b62a32fb2ea74967ab6f662668ea7356fd3e8f7031e,,UNVERIFIED
EP-24,Cutting the Galactic Leyline,00:21:09,1269,855235,https://animehistory.org/uploads/screencaps/outlaw-star-E024-Cutting-the-Galactic-Leyline/cap_00-21-09_0a29.jpg,Outlaw Star Ep 24: Cutting the Galactic Leyline @ 00:21:09,https://animehistory.org/gallery/screencaps/outlaw-star/episode-24/,https://animehistory.org/gallery/screencaps/outlaw-star/episode-24/?page=4,4,2026-10-07T01:50:37.619351+00:00,0f6922e0673be92c53b21b62a32fb2ea74967ab6f662668ea7356fd3e8f7031e,,UNVERIFIED
EP-24,Cutting the Galactic Leyline,00:21:12,1272,855236,https://animehistory.org/uploads/screencaps/outlaw-star-E024-Cutting-the-Galactic-Leyline/cap_00-21-12_12a5.jpg,Outlaw Star Ep 24: Cutting the Galactic Leyline @ 00:21:12,https://animehistory.org/gallery/screencaps/outlaw-star/episode-24/,https://animehistory.org/gallery/screencaps/outlaw-star/episode-24/?page=4,4,2026-10-07T01:50:37.619351+00:00,0f6922e0673be92c53b21b62a32fb2ea74967ab6f662668ea7356fd3e8f7031e,,UNVERIFIED
EP-24,Cutting the Galactic Leyline,00:21:16,1276,855237,https://animehistory.org/uploads/screencaps/outlaw-star-E024-Cutting-the-Galactic-Leyline/cap_00-21-16_484e.jpg,Outlaw Star Ep 24: Cutting the Galactic Leyline @ 00:21:16,https://animehistory.org/gallery/screencaps/outlaw-star/episode-24/,https://animehistory.org/gallery/screencaps/outlaw-star/episode-24/?page=4,4,2026-10-07T01:50:37.619351+00:00,0f6922e0673be92c53b21b62a32fb2ea74967ab6f662668ea7356fd3e8f7031e,,UNVERIFIED
EP-24,Cutting the Galactic Leyline,00:21:20,1280,855238,https://animehistory.org/uploads/screencaps/outlaw-star-E024-Cutting-the-Galactic-Leyline/cap_00-21-20_2788.jpg,Outlaw Star Ep 24: Cutting the Galactic Leyline @ 00:21:20,https://animehistory.org/gallery/screencaps/outlaw-star/episode-24/,https://animehistory.org/gallery/screencaps/outlaw-star/episode-24/?page=4,4,2026-10-07T01:50:37.619351+00:00,0f6922e0673be92c53b21b62a32fb2ea74967ab6f662668ea7356fd3e8f7031e,,UNVERIFIED
EP-24,Cutting the Galactic Leyline,00:21:23,1283,855239,https://animehistory.org/uploads/screencaps/outlaw-star-E024-Cutting-the-Galactic-Leyline/cap_00-21-23_3e13.jpg,Outlaw Star Ep 24: Cutting the Galactic Leyline @ 00:21:23,https://animehistory.org/gallery/screencaps/outlaw-star/episode-24/,https://animehistory.org/gallery/screencaps/outlaw-star/episode-24/?page=4,4,2026-10-07T01:50:37.619351+00:00,0f6922e0673be92c53b21b62a32fb2ea74967ab6f662668ea7356fd3e8f7031e,,UNVERIFIED
EP-24,Cutting the Galactic Leyline,00:21:27,1287,855240,https://animehistory.org/uploads/screencaps/outlaw-star-E024-Cutting-the-Galactic-Leyline/cap_00-21-27_3474.jpg,Outlaw Star Ep 24: Cutting the Galactic Leyline @ 00:21:27,https://animehistory.org/gallery/screencaps/outlaw-star/episode-24/,https://animehistory.org/gallery/screencaps/outlaw-star/episode-24/?page=4,4,2026-10-07T01:50:37.619351+00:00,0f6922e0673be92c53b21b62a32fb2ea74967ab6f662668ea7356fd3e8f7031e,,UNVERIFIED
EP-24,Cutting the Galactic Leyline,00:21:31,1291,855241,https://animehistory.org/uploads/screencaps/outlaw-star-E024-Cutting-the-Galactic-Leyline/cap_00-21-31_765a.jpg,Outlaw Star Ep 24: Cutting the Galactic Leyline @ 00:21:31,https://animehistory.org/gallery/screencaps/outlaw-star/episode-24/,https://animehistory.org/gallery/screencaps/outlaw-star/episode-24/?page=4,4,2026-10-07T01:50:37.619351+00:00,0f6922e0673be92c53b21b62a32fb2ea74967ab6f662668ea7356fd3e8f7031e,,UNVERIFIED
EP-24,Cutting the Galactic Leyline,00:21:34,1294,855242,https://animehistory.org/uploads/screencaps/outlaw-star-E024-Cutting-the-Galactic-Leyline/cap_00-21-34_75dc.jpg,Outlaw Star Ep 24: Cutting the Galactic Leyline @ 00:21:34,https://animehistory.org/gallery/screencaps/outlaw-star/episode-24/,https://animehistory.org/gallery/screencaps/outlaw-star/episode-24/?page=4,4,2026-10-07T01:50:37.619351+00:00,0f6922e0673be92c53b21b62a32fb2ea74967ab6f662668ea7356fd3e8f7031e,,UNVERIFIED
EP-24,Cutting the Galactic Leyline,00:21:38,1298,855243,https://animehistory.org/uploads/screencaps/outlaw-star-E024-Cutting-the-Galactic-Leyline/cap_00-21-38_3696.jpg,Outlaw Star Ep 24: Cutting the Galactic Leyline @ 00:21:38,https://animehistory.org/gallery/screencaps/outlaw-star/episode-24/,https://animehistory.org/gallery/screencaps/outlaw-star/episode-24/?page=4,4,2026-10-07T01:50:37.619351+00:00,0f6922e0673be92c53b21b62a32fb2ea74967ab6f662668ea7356fd3e8f7031e,,UNVERIFIED
EP-24,Cutting the Galactic Leyline,00:21:41,1301,855244,https://animehistory.org/uploads/screencaps/outlaw-star-E024-Cutting-the-Galactic-Leyline/cap_00-21-41_60d8.jpg,Outlaw Star Ep 24: Cutting the Galactic Leyline @ 00:21:41,https://animehistory.org/gallery/screencaps/outlaw-star/episode-24/,https://animehistory.org/gallery/screencaps/outlaw-star/episode-24/?page=4,4,2026-10-07T01:50:37.619351+00:00,0f6922e0673be92c53b21b62a32fb2ea74967ab6f662668ea7356fd3e8f7031e,,UNVERIFIED
EP-24,Cutting the Galactic Leyline,00:21:45,1305,855245,https://animehistory.org/uploads/screencaps/outlaw-star-E024-Cutting-the-Galactic-Leyline/cap_00-21-45_1a5d.jpg,Outlaw Star Ep 24: Cutting the Galactic Leyline @ 00:21:45,https://animehistory.org/gallery/screencaps/outlaw-star/episode-24/,https://animehistory.org/gallery/screencaps/outlaw-star/episode-24/?page=4,4,2026-10-07T01:50:37.619351+00:00,0f6922e0673be92c53b21b62a32fb2ea74967ab6f662668ea7356fd3e8f7031e,,UNVERIFIED
EP-24,Cutting the Galactic Leyline,00:21:49,1309,855246,https://animehistory.org/uploads/screencaps/outlaw-star-E024-Cutting-the-Galactic-Leyline/cap_00-21-49_2332.jpg,Outlaw Star Ep 24: Cutting the Galactic Leyline @ 00:21:49,https://animehistory.org/gallery/screencaps/outlaw-star/episode-24/,https://animehistory.org/gallery/screencaps/outlaw-star/episode-24/?page=4,4,2026-10-07T01:50:37.619351+00:00,0f6922e0673be92c53b21b62a32fb2ea74967ab6f662668ea7356fd3e8f7031e,,UNVERIFIED
EP-24,Cutting the Galactic Leyline,00:21:52,1312,855247,https://animehistory.org/uploads/screencaps/outlaw-star-E024-Cutting-the-Galactic-Leyline/cap_00-21-52_4ef5.jpg,Outlaw Star Ep 24: Cutting the Galactic Leyline @ 00:21:52,https://animehistory.org/gallery/screencaps/outlaw-star/episode-24/,https://animehistory.org/gallery/screencaps/outlaw-star/episode-24/?page=4,4,2026-10-07T01:50:37.619351+00:00,0f6922e0673be92c53b21b62a32fb2ea74967ab6f662668ea7356fd3e8f7031e,,UNVERIFIED
EP-24,Cutting the Galactic Leyline,00:21:56,1316,855248,https://animehistory.org/uploads/screencaps/outlaw-star-E024-Cutting-the-Galactic-Leyline/cap_00-21-56_4e4b.jpg,Outlaw Star Ep 24: Cutting the Galactic Leyline @ 00:21:56,https://animehistory.org/gallery/screencaps/outlaw-star/episode-24/,https://animehistory.org/gallery/screencaps/outlaw-star/episode-24/?page=4,4,2026-10-07T01:50:37.619351+00:00,0f6922e0673be92c53b21b62a32fb2ea74967ab6f662668ea7356fd3e8f7031e,,UNVERIFIED
EP-24,Cutting the Galactic Leyline,00:22:00,1320,855249,https://animehistory.org/uploads/screencaps/outlaw-star-E024-Cutting-the-Galactic-Leyline/cap_00-22-00_306b.jpg,Outlaw Star Ep 24: Cutting the Galactic Leyline @ 00:22:00,https://animehistory.org/gallery/screencaps/outlaw-star/episode-24/,https://animehistory.org/gallery/screencaps/outlaw-star/episode-24/?page=4,4,2026-10-07T01:50:37.619351+00:00,0f6922e0673be92c53b21b62a32fb2ea74967ab6f662668ea7356fd3e8f7031e,,UNVERIFIED
EP-24,Cutting the Galactic Leyline,00:22:03,1323,855250,https://animehistory.org/uploads/screencaps/outlaw-star-E024-Cutting-the-Galactic-Leyline/cap_00-22-03_4c8f.jpg,Outlaw Star Ep 24: Cutting the Galactic Leyline @ 00:22:03,https://animehistory.org/gallery/screencaps/outlaw-star/episode-24/,https://animehistory.org/gallery/screencaps/outlaw-star/episode-24/?page=4,4,2026-10-07T01:50:37.619351+00:00,0f6922e0673be92c53b21b62a32fb2ea74967ab6f662668ea7356fd3e8f7031e,,UNVERIFIED
EP-24,Cutting the Galactic Leyline,00:22:07,1327,855251,https://animehistory.org/uploads/screencaps/outlaw-star-E024-Cutting-the-Galactic-Leyline/cap_00-22-07_2cc4.jpg,Outlaw Star Ep 24: Cutting the Galactic Leyline @ 00:22:07,https://animehistory.org/gallery/screencaps/outlaw-star/episode-24/,https://animehistory.org/gallery/screencaps/outlaw-star/episode-24/?page=4,4,2026-10-07T01:50:37.619351+00:00,0f6922e0673be92c53b21b62a32fb2ea74967ab6f662668ea7356fd3e8f7031e,,UNVERIFIED
EP-24,Cutting the Galactic Leyline,00:22:11,1331,855252,https://animehistory.org/uploads/screencaps/outlaw-star-E024-Cutting-the-Galactic-Leyline/cap_00-22-11_2ca0.jpg,Outlaw Star Ep 24: Cutting the Galactic Leyline @ 00:22:11,https://animehistory.org/gallery/screencaps/outlaw-star/episode-24/,https://animehistory.org/gallery/screencaps/outlaw-star/episode-24/?page=4,4,2026-10-07T01:50:37.619351+00:00,0f6922e0673be92c53b21b62a32fb2ea74967ab6f662668ea7356fd3e8f7031e,,UNVERIFIED
EP-24,Cutting the Galactic Leyline,00:22:14,1334,855253,https://animehistory.org/uploads/screencaps/outlaw-star-E024-Cutting-the-Galactic-Leyline/cap_00-22-14_7e50.jpg,Outlaw Star Ep 24: Cutting the Galactic Leyline @ 00:22:14,https://animehistory.org/gallery/screencaps/outlaw-star/episode-24/,https://animehistory.org/gallery/screencaps/outlaw-star/episode-24/?page=4,4,2026-10-07T01:50:37.619351+00:00,0f6922e0673be92c53b21b62a32fb2ea74967ab6f662668ea7356fd3e8f7031e,,UNVERIFIED
EP-24,Cutting the Galactic Leyline,00:22:18,1338,855254,https://animehistory.org/uploads/screencaps/outlaw-star-E024-Cutting-the-Galactic-Leyline/cap_00-22-18_4d84.jpg,Outlaw Star Ep 24: Cutting the Galactic Leyline @ 00:22:18,https://animehistory.org/gallery/screencaps/outlaw-star/episode-24/,https://animehistory.org/gallery/screencaps/outlaw-star/episode-24/?page=4,4,2026-10-07T01:50:37.619351+00:00,0f6922e0673be92c53b21b62a32fb2ea74967ab6f662668ea7356fd3e8f7031e,,UNVERIFIED
EP-24,Cutting the Galactic Leyline,00:22:22,1342,855255,https://animehistory.org/uploads/screencaps/outlaw-star-E024-Cutting-the-Galactic-Leyline/cap_00-22-22_6013.jpg,Outlaw Star Ep 24: Cutting the Galactic Leyline @ 00:22:22,https://animehistory.org/gallery/screencaps/outlaw-star/episode-24/,https://animehistory.org/gallery/screencaps/outlaw-star/episode-24/?page=4,4,2026-10-07T01:50:37.619351+00:00,0f6922e0673be92c53b21b62a32fb2ea74967ab6f662668ea7356fd3e8f7031e,,UNVERIFIED
EP-24,Cutting the Galactic Leyline,00:22:25,1345,855256,https://animehistory.org/uploads/screencaps/outlaw-star-E024-Cutting-the-Galactic-Leyline/cap_00-22-25_4fe2.jpg,Outlaw Star Ep 24: Cutting the Galactic Leyline @ 00:22:25,https://animehistory.org/gallery/screencaps/outlaw-star/episode-24/,https://animehistory.org/gallery/screencaps/outlaw-star/episode-24/?page=4,4,2026-10-07T01:50:37.619351+00:00,0f6922e0673be92c53b21b62a32fb2ea74967ab6f662668ea7356fd3e8f7031e,,UNVERIFIED
EP-24,Cutting the Galactic Leyline,00:22:29,1349,855257,https://animehistory.org/uploads/screencaps/outlaw-star-E024-Cutting-the-Galactic-Leyline/cap_00-22-29_2c99.jpg,Outlaw Star Ep 24: Cutting the Galactic Leyline @ 00:22:29,https://animehistory.org/gallery/screencaps/outlaw-star/episode-24/,https://animehistory.org/gallery/screencaps/outlaw-star/episode-24/?page=4,4,2026-10-07T01:50:37.619351+00:00,0f6922e0673be92c53b21b62a32fb2ea74967ab6f662668ea7356fd3e8f7031e,,UNVERIFIED
EP-24,Cutting the Galactic Leyline,00:22:32,1352,855258,https://animehistory.org/uploads/screencaps/outlaw-star-E024-Cutting-the-Galactic-Leyline/cap_00-22-32_1a78.jpg,Outlaw Star Ep 24: Cutting the Galactic Leyline @ 00:22:32,https://animehistory.org/gallery/screencaps/outlaw-star/episode-24/,https://animehistory.org/gallery/screencaps/outlaw-star/episode-24/?page=4,4,2026-10-07T01:50:37.619351+00:00,0f6922e0673be92c53b21b62a32fb2ea74967ab6f662668ea7356fd3e8f7031e,,UNVERIFIED
EP-24,Cutting the Galactic Leyline,00:22:36,1356,855259,https://animehistory.org/uploads/screencaps/outlaw-star-E024-Cutting-the-Galactic-Leyline/cap_00-22-36_224b.jpg,Outlaw Star Ep 24: Cutting the Galactic Leyline @ 00:22:36,https://animehistory.org/gallery/screencaps/outlaw-star/episode-24/,https://animehistory.org/gallery/screencaps/outlaw-star/episode-24/?page=4,4,2026-10-07T01:50:37.619351+00:00,0f6922e0673be92c53b21b62a32fb2ea74967ab6f662668ea7356fd3e8f7031e,,UNVERIFIED
EP-24,Cutting the Galactic Leyline,00:22:40,1360,855260,https://animehistory.org/uploads/screencaps/outlaw-star-E024-Cutting-the-Galactic-Leyline/cap_00-22-40_165c.jpg,Outlaw Star Ep 24: Cutting the Galactic Leyline @ 00:22:40,https://animehistory.org/gallery/screencaps/outlaw-star/episode-24/,https://animehistory.org/gallery/screencaps/outlaw-star/episode-24/?page=4,4,2026-10-07T01:50:37.619351+00:00,0f6922e0673be92c53b21b62a32fb2ea74967ab6f662668ea7356fd3e8f7031e,,UNVERIFIED
EP-24,Cutting the Galactic Leyline,00:22:43,1363,855261,https://animehistory.org/uploads/screencaps/outlaw-star-E024-Cutting-the-Galactic-Leyline/cap_00-22-43_2980.jpg,Outlaw Star Ep 24: Cutting the Galactic Leyline @ 00:22:43,https://animehistory.org/gallery/screencaps/outlaw-star/episode-24/,https://animehistory.org/gallery/screencaps/outlaw-star/episode-24/?page=4,4,2026-10-07T01:50:37.619351+00:00,0f6922e0673be92c53b21b62a32fb2ea74967ab6f662668ea7356fd3e8f7031e,,UNVERIFIED
EP-24,Cutting the Galactic Leyline,00:22:47,1367,855262,https://animehistory.org/uploads/screencaps/outlaw-star-E024-Cutting-the-Galactic-Leyline/cap_00-22-47_3628.jpg,Outlaw Star Ep 24: Cutting the Galactic Leyline @ 00:22:47,https://animehistory.org/gallery/screencaps/outlaw-star/episode-24/,https://animehistory.org/gallery/screencaps/outlaw-star/episode-24/?page=4,4,2026-10-07T01:50:37.619351+00:00,0f6922e0673be92c53b21b62a32fb2ea74967ab6f662668ea7356fd3e8f7031e,,UNVERIFIED
EP-24,Cutting the Galactic Leyline,00:22:51,1371,855263,https://animehistory.org/uploads/screencaps/outlaw-star-E024-Cutting-the-Galactic-Leyline/cap_00-22-51_51d9.jpg,Outlaw Star Ep 24: Cutting the Galactic Leyline @ 00:22:51,https://animehistory.org/gallery/screencaps/outlaw-star/episode-24/,https://animehistory.org/gallery/screencaps/outlaw-star/episode-24/?page=4,4,2026-10-07T01:50:37.619351+00:00,0f6922e0673be92c53b21b62a32fb2ea74967ab6f662668ea7356fd3e8f7031e,,UNVERIFIED
EP-24,Cutting the Galactic Leyline,00:22:54,1374,855264,https://animehistory.org/uploads/screencaps/outlaw-star-E024-Cutting-the-Galactic-Leyline/cap_00-22-54_38d8.jpg,Outlaw Star Ep 24: Cutting the Galactic Leyline @ 00:22:54,https://animehistory.org/gallery/screencaps/outlaw-star/episode-24/,https://animehistory.org/gallery/screencaps/outlaw-star/episode-24/?page=4,4,2026-10-07T01:50:37.619351+00:00,0f6922e0673be92c53b21b62a32fb2ea74967ab6f662668ea7356fd3e8f7031e,,UNVERIFIED
EP-24,Cutting the Galactic Leyline,00:22:58,1378,855265,https://animehistory.org/uploads/screencaps/outlaw-star-E024-Cutting-the-Galactic-Leyline/cap_00-22-58_6247.jpg,Outlaw Star Ep 24: Cutting the Galactic Leyline @ 00:22:58,https://animehistory.org/gallery/screencaps/outlaw-star/episode-24/,https://animehistory.org/gallery/screencaps/outlaw-star/episode-24/?page=4,4,2026-10-07T01:50:37.619351+00:00,0f6922e0673be92c53b21b62a32fb2ea74967ab6f662668ea7356fd3e8f7031e,,UNVERIFIED
EP-24,Cutting the Galactic Leyline,00:23:02,1382,855266,https://animehistory.org/uploads/screencaps/outlaw-star-E024-Cutting-the-Galactic-Leyline/cap_00-23-02_1db4.jpg,Outlaw Star Ep 24: Cutting the Galactic Leyline @ 00:23:02,https://animehistory.org/gallery/screencaps/outlaw-star/episode-24/,https://animehistory.org/gallery/screencaps/outlaw-star/episode-24/?page=4,4,2026-10-07T01:50:37.619351+00:00,0f6922e0673be92c53b21b62a32fb2ea74967ab6f662668ea7356fd3e8f7031e,,UNVERIFIED
EP-24,Cutting the Galactic Leyline,00:23:05,1385,855267,https://animehistory.org/uploads/screencaps/outlaw-star-E024-Cutting-the-Galactic-Leyline/cap_00-23-05_6409.jpg,Outlaw Star Ep 24: Cutting the Galactic Leyline @ 00:23:05,https://animehistory.org/gallery/screencaps/outlaw-star/episode-24/,https://animehistory.org/gallery/screencaps/outlaw-star/episode-24/?page=4,4,2026-10-07T01:50:37.619351+00:00,0f6922e0673be92c53b21b62a32fb2ea74967ab6f662668ea7356fd3e8f7031e,,UNVERIFIED
EP-24,Cutting the Galactic Leyline,00:23:09,1389,855268,https://animehistory.org/uploads/screencaps/outlaw-star-E024-Cutting-the-Galactic-Leyline/cap_00-23-09_4fb6.jpg,Outlaw Star Ep 24: Cutting the Galactic Leyline @ 00:23:09,https://animehistory.org/gallery/screencaps/outlaw-star/episode-24/,https://animehistory.org/gallery/screencaps/outlaw-star/episode-24/?page=4,4,2026-10-07T01:50:37.619351+00:00,0f6922e0673be92c53b21b62a32fb2ea74967ab6f662668ea7356fd3e8f7031e,,UNVERIFIED
