episode_id,episode_title,web_timestamp,web_seconds,image_id,image_url,caption,gallery_url,source_page_url,source_page,retrieved_utc,html_sha256,local_timestamp,alignment_status
EP-09,A Journey of Adventure! Huh?,00:01:43,103,849605,https://animehistory.org/uploads/screencaps/outlaw-star-E009-A-Journey-of-Adventure-Huh/cap_00-01-43_1a1e.jpg,Outlaw Star Ep 9: A Journey of Adventure! Huh? @ 00:01:43,https://animehistory.org/gallery/screencaps/outlaw-star/episode-9/,https://animehistory.org/gallery/screencaps/outlaw-star/episode-9/,1,2026-10-07T01:49:13.221816+00:00,c2b77ee80bec5dc416b2d31205fbb220d87f7d6232d9ab404556bba0f31c4dc1,,UNVERIFIED
EP-09,A Journey of Adventure! Huh?,00:01:47,107,849606,https://animehistory.org/uploads/screencaps/outlaw-star-E009-A-Journey-of-Adventure-Huh/cap_00-01-47_62ef.jpg,Outlaw Star Ep 9: A Journey of Adventure! Huh? @ 00:01:47,https://animehistory.org/gallery/screencaps/outlaw-star/episode-9/,https://animehistory.org/gallery/screencaps/outlaw-star/episode-9/,1,2026-10-07T01:49:13.221816+00:00,c2b77ee80bec5dc416b2d31205fbb220d87f7d6232d9ab404556bba0f31c4dc1,,UNVERIFIED
EP-09,A Journey of Adventure! Huh?,00:01:50,110,849607,https://animehistory.org/uploads/screencaps/outlaw-star-E009-A-Journey-of-Adventure-Huh/cap_00-01-50_64a5.jpg,Outlaw Star Ep 9: A Journey of Adventure! Huh? @ 00:01:50,https://animehistory.org/gallery/screencaps/outlaw-star/episode-9/,https://animehistory.org/gallery/screencaps/outlaw-star/episode-9/,1,2026-10-07T01:49:13.221816+00:00,c2b77ee80bec5dc416b2d31205fbb220d87f7d6232d9ab404556bba0f31c4dc1,,UNVERIFIED
EP-09,A Journey of Adventure! Huh?,00:01:54,114,849608,https://animehistory.org/uploads/screencaps/outlaw-star-E009-A-Journey-of-Adventure-Huh/cap_00-01-54_4f5d.jpg,Outlaw Star Ep 9: A Journey of Adventure! Huh? @ 00:01:54,https://animehistory.org/gallery/screencaps/outlaw-star/episode-9/,https://animehistory.org/gallery/screencaps/outlaw-star/episode-9/,1,2026-10-07T01:49:13.221816+00:00,c2b77ee80bec5dc416b2d31205fbb220d87f7d6232d9ab404556bba0f31c4dc1,,UNVERIFIED
EP-09,A Journey of Adventure! Huh?,00:01:58,118,849609,https://animehistory.org/uploads/screencaps/outlaw-star-E009-A-Journey-of-Adventure-Huh/cap_00-01-58_1a5a.jpg,Outlaw Star Ep 9: A Journey of Adventure! Huh? @ 00:01:58,https://animehistory.org/gallery/screencaps/outlaw-star/episode-9/,https://animehistory.org/gallery/screencaps/outlaw-star/episode-9/,1,2026-10-07T01:49:13.221816+00:00,c2b77ee80bec5dc416b2d31205fbb220d87f7d6232d9ab404556bba0f31c4dc1,,UNVERIFIED
EP-09,A Journey of Adventure! Huh?,00:02:01,121,849610,https://animehistory.org/uploads/screencaps/outlaw-star-E009-A-Journey-of-Adventure-Huh/cap_00-02-01_5138.jpg,Outlaw Star Ep 9: A Journey of Adventure! Huh? @ 00:02:01,https://animehistory.org/gallery/screencaps/outlaw-star/episode-9/,https://animehistory.org/gallery/screencaps/outlaw-star/episode-9/,1,2026-10-07T01:49:13.221816+00:00,c2b77ee80bec5dc416b2d31205fbb220d87f7d6232d9ab404556bba0f31c4dc1,,UNVERIFIED
EP-09,A Journey of Adventure! Huh?,00:02:05,125,849611,https://animehistory.org/uploads/screencaps/outlaw-star-E009-A-Journey-of-Adventure-Huh/cap_00-02-05_641d.jpg,Outlaw Star Ep 9: A Journey of Adventure! Huh? @ 00:02:05,https://animehistory.org/gallery/screencaps/outlaw-star/episode-9/,https://animehistory.org/gallery/screencaps/outlaw-star/episode-9/,1,2026-10-07T01:49:13.221816+00:00,c2b77ee80bec5dc416b2d31205fbb220d87f7d6232d9ab404556bba0f31c4dc1,,UNVERIFIED
EP-09,A Journey of Adventure! Huh?,00:02:09,129,849612,https://animehistory.org/uploads/screencaps/outlaw-star-E009-A-Journey-of-Adventure-Huh/cap_00-02-09_67f5.jpg,Outlaw Star Ep 9: A Journey of Adventure! Huh? @ 00:02:09,https://animehistory.org/gallery/screencaps/outlaw-star/episode-9/,https://animehistory.org/gallery/screencaps/outlaw-star/episode-9/,1,2026-10-07T01:49:13.221816+00:00,c2b77ee80bec5dc416b2d31205fbb220d87f7d6232d9ab404556bba0f31c4dc1,,UNVERIFIED
EP-09,A Journey of Adventure! Huh?,00:02:12,132,849613,https://animehistory.org/uploads/screencaps/outlaw-star-E009-A-Journey-of-Adventure-Huh/cap_00-02-12_05b4.jpg,Outlaw Star Ep 9: A Journey of Adventure! Huh? @ 00:02:12,https://animehistory.org/gallery/screencaps/outlaw-star/episode-9/,https://animehistory.org/gallery/screencaps/outlaw-star/episode-9/,1,2026-10-07T01:49:13.221816+00:00,c2b77ee80bec5dc416b2d31205fbb220d87f7d6232d9ab404556bba0f31c4dc1,,UNVERIFIED
EP-09,A Journey of Adventure! Huh?,00:02:16,136,849614,https://animehistory.org/uploads/screencaps/outlaw-star-E009-A-Journey-of-Adventure-Huh/cap_00-02-16_7d8e.jpg,Outlaw Star Ep 9: A Journey of Adventure! Huh? @ 00:02:16,https://animehistory.org/gallery/screencaps/outlaw-star/episode-9/,https://animehistory.org/gallery/screencaps/outlaw-star/episode-9/,1,2026-10-07T01:49:13.221816+00:00,c2b77ee80bec5dc416b2d31205fbb220d87f7d6232d9ab404556bba0f31c4dc1,,UNVERIFIED
EP-09,A Journey of Adventure! Huh?,00:02:20,140,849615,https://animehistory.org/uploads/screencaps/outlaw-star-E009-A-Journey-of-Adventure-Huh/cap_00-02-20_6c1a.jpg,Outlaw Star Ep 9: A Journey of Adventure! Huh? @ 00:02:20,https://animehistory.org/gallery/screencaps/outlaw-star/episode-9/,https://animehistory.org/gallery/screencaps/outlaw-star/episode-9/,1,2026-10-07T01:49:13.221816+00:00,c2b77ee80bec5dc416b2d31205fbb220d87f7d6232d9ab404556bba0f31c4dc1,,UNVERIFIED
EP-09,A Journey of Adventure! Huh?,00:02:23,143,849616,https://animehistory.org/uploads/screencaps/outlaw-star-E009-A-Journey-of-Adventure-Huh/cap_00-02-23_1f7f.jpg,Outlaw Star Ep 9: A Journey of Adventure! Huh? @ 00:02:23,https://animehistory.org/gallery/screencaps/outlaw-star/episode-9/,https://animehistory.org/gallery/screencaps/outlaw-star/episode-9/,1,2026-10-07T01:49:13.221816+00:00,c2b77ee80bec5dc416b2d31205fbb220d87f7d6232d9ab404556bba0f31c4dc1,,UNVERIFIED
EP-09,A Journey of Adventure! Huh?,00:02:27,147,849617,https://animehistory.org/uploads/screencaps/outlaw-star-E009-A-Journey-of-Adventure-Huh/cap_00-02-27_7eec.jpg,Outlaw Star Ep 9: A Journey of Adventure! Huh? @ 00:02:27,https://animehistory.org/gallery/screencaps/outlaw-star/episode-9/,https://animehistory.org/gallery/screencaps/outlaw-star/episode-9/,1,2026-10-07T01:49:13.221816+00:00,c2b77ee80bec5dc416b2d31205fbb220d87f7d6232d9ab404556bba0f31c4dc1,,UNVERIFIED
EP-09,A Journey of Adventure! Huh?,00:02:30,150,849618,https://animehistory.org/uploads/screencaps/outlaw-star-E009-A-Journey-of-Adventure-Huh/cap_00-02-30_078f.jpg,Outlaw Star Ep 9: A Journey of Adventure! Huh? @ 00:02:30,https://animehistory.org/gallery/screencaps/outlaw-star/episode-9/,https://animehistory.org/gallery/screencaps/outlaw-star/episode-9/,1,2026-10-07T01:49:13.221816+00:00,c2b77ee80bec5dc416b2d31205fbb220d87f7d6232d9ab404556bba0f31c4dc1,,UNVERIFIED
EP-09,A Journey of Adventure! Huh?,00:02:34,154,849619,https://animehistory.org/uploads/screencaps/outlaw-star-E009-A-Journey-of-Adventure-Huh/cap_00-02-34_5ce4.jpg,Outlaw Star Ep 9: A Journey of Adventure! Huh? @ 00:02:34,https://animehistory.org/gallery/screencaps/outlaw-star/episode-9/,https://animehistory.org/gallery/screencaps/outlaw-star/episode-9/,1,2026-10-07T01:49:13.221816+00:00,c2b77ee80bec5dc416b2d31205fbb220d87f7d6232d9ab404556bba0f31c4dc1,,UNVERIFIED
EP-09,A Journey of Adventure! Huh?,00:02:38,158,849620,https://animehistory.org/uploads/screencaps/outlaw-star-E009-A-Journey-of-Adventure-Huh/cap_00-02-38_1fd6.jpg,Outlaw Star Ep 9: A Journey of Adventure! Huh? @ 00:02:38,https://animehistory.org/gallery/screencaps/outlaw-star/episode-9/,https://animehistory.org/gallery/screencaps/outlaw-star/episode-9/,1,2026-10-07T01:49:13.221816+00:00,c2b77ee80bec5dc416b2d31205fbb220d87f7d6232d9ab404556bba0f31c4dc1,,UNVERIFIED
EP-09,A Journey of Adventure! Huh?,00:02:41,161,849621,https://animehistory.org/uploads/screencaps/outlaw-star-E009-A-Journey-of-Adventure-Huh/cap_00-02-41_3cfa.jpg,Outlaw Star Ep 9: A Journey of Adventure! Huh? @ 00:02:41,https://animehistory.org/gallery/screencaps/outlaw-star/episode-9/,https://animehistory.org/gallery/screencaps/outlaw-star/episode-9/,1,2026-10-07T01:49:13.221816+00:00,c2b77ee80bec5dc416b2d31205fbb220d87f7d6232d9ab404556bba0f31c4dc1,,UNVERIFIED
EP-09,A Journey of Adventure! Huh?,00:02:45,165,849622,https://animehistory.org/uploads/screencaps/outlaw-star-E009-A-Journey-of-Adventure-Huh/cap_00-02-45_724e.jpg,Outlaw Star Ep 9: A Journey of Adventure! Huh? @ 00:02:45,https://animehistory.org/gallery/screencaps/outlaw-star/episode-9/,https://animehistory.org/gallery/screencaps/outlaw-star/episode-9/,1,2026-10-07T01:49:13.221816+00:00,c2b77ee80bec5dc416b2d31205fbb220d87f7d6232d9ab404556bba0f31c4dc1,,UNVERIFIED
EP-09,A Journey of Adventure! Huh?,00:02:49,169,849623,https://animehistory.org/uploads/screencaps/outlaw-star-E009-A-Journey-of-Adventure-Huh/cap_00-02-49_6d46.jpg,Outlaw Star Ep 9: A Journey of Adventure! Huh? @ 00:02:49,https://animehistory.org/gallery/screencaps/outlaw-star/episode-9/,https://animehistory.org/gallery/screencaps/outlaw-star/episode-9/,1,2026-10-07T01:49:13.221816+00:00,c2b77ee80bec5dc416b2d31205fbb220d87f7d6232d9ab404556bba0f31c4dc1,,UNVERIFIED
EP-09,A Journey of Adventure! Huh?,00:02:52,172,849624,https://animehistory.org/uploads/screencaps/outlaw-star-E009-A-Journey-of-Adventure-Huh/cap_00-02-52_2e8e.jpg,Outlaw Star Ep 9: A Journey of Adventure! Huh? @ 00:02:52,https://animehistory.org/gallery/screencaps/outlaw-star/episode-9/,https://animehistory.org/gallery/screencaps/outlaw-star/episode-9/,1,2026-10-07T01:49:13.221816+00:00,c2b77ee80bec5dc416b2d31205fbb220d87f7d6232d9ab404556bba0f31c4dc1,,UNVERIFIED
EP-09,A Journey of Adventure! Huh?,00:02:56,176,849625,https://animehistory.org/uploads/screencaps/outlaw-star-E009-A-Journey-of-Adventure-Huh/cap_00-02-56_6f28.jpg,Outlaw Star Ep 9: A Journey of Adventure! Huh? @ 00:02:56,https://animehistory.org/gallery/screencaps/outlaw-star/episode-9/,https://animehistory.org/gallery/screencaps/outlaw-star/episode-9/,1,2026-10-07T01:49:13.221816+00:00,c2b77ee80bec5dc416b2d31205fbb220d87f7d6232d9ab404556bba0f31c4dc1,,UNVERIFIED
EP-09,A Journey of Adventure! Huh?,00:03:00,180,849626,https://animehistory.org/uploads/screencaps/outlaw-star-E009-A-Journey-of-Adventure-Huh/cap_00-03-00_37f1.jpg,Outlaw Star Ep 9: A Journey of Adventure! Huh? @ 00:03:00,https://animehistory.org/gallery/screencaps/outlaw-star/episode-9/,https://animehistory.org/gallery/screencaps/outlaw-star/episode-9/,1,2026-10-07T01:49:13.221816+00:00,c2b77ee80bec5dc416b2d31205fbb220d87f7d6232d9ab404556bba0f31c4dc1,,UNVERIFIED
EP-09,A Journey of Adventure! Huh?,00:03:03,183,849627,https://animehistory.org/uploads/screencaps/outlaw-star-E009-A-Journey-of-Adventure-Huh/cap_00-03-03_7646.jpg,Outlaw Star Ep 9: A Journey of Adventure! Huh? @ 00:03:03,https://animehistory.org/gallery/screencaps/outlaw-star/episode-9/,https://animehistory.org/gallery/screencaps/outlaw-star/episode-9/,1,2026-10-07T01:49:13.221816+00:00,c2b77ee80bec5dc416b2d31205fbb220d87f7d6232d9ab404556bba0f31c4dc1,,UNVERIFIED
EP-09,A Journey of Adventure! Huh?,00:03:07,187,849628,https://animehistory.org/uploads/screencaps/outlaw-star-E009-A-Journey-of-Adventure-Huh/cap_00-03-07_2d9e.jpg,Outlaw Star Ep 9: A Journey of Adventure! Huh? @ 00:03:07,https://animehistory.org/gallery/screencaps/outlaw-star/episode-9/,https://animehistory.org/gallery/screencaps/outlaw-star/episode-9/,1,2026-10-07T01:49:13.221816+00:00,c2b77ee80bec5dc416b2d31205fbb220d87f7d6232d9ab404556bba0f31c4dc1,,UNVERIFIED
EP-09,A Journey of Adventure! Huh?,00:03:10,190,849629,https://animehistory.org/uploads/screencaps/outlaw-star-E009-A-Journey-of-Adventure-Huh/cap_00-03-10_251e.jpg,Outlaw Star Ep 9: A Journey of Adventure! Huh? @ 00:03:10,https://animehistory.org/gallery/screencaps/outlaw-star/episode-9/,https://animehistory.org/gallery/screencaps/outlaw-star/episode-9/,1,2026-10-07T01:49:13.221816+00:00,c2b77ee80bec5dc416b2d31205fbb220d87f7d6232d9ab404556bba0f31c4dc1,,UNVERIFIED
EP-09,A Journey of Adventure! Huh?,00:03:14,194,849630,https://animehistory.org/uploads/screencaps/outlaw-star-E009-A-Journey-of-Adventure-Huh/cap_00-03-14_62db.jpg,Outlaw Star Ep 9: A Journey of Adventure! Huh? @ 00:03:14,https://animehistory.org/gallery/screencaps/outlaw-star/episode-9/,https://animehistory.org/gallery/screencaps/outlaw-star/episode-9/,1,2026-10-07T01:49:13.221816+00:00,c2b77ee80bec5dc416b2d31205fbb220d87f7d6232d9ab404556bba0f31c4dc1,,UNVERIFIED
EP-09,A Journey of Adventure! Huh?,00:03:18,198,849631,https://animehistory.org/uploads/screencaps/outlaw-star-E009-A-Journey-of-Adventure-Huh/cap_00-03-18_7034.jpg,Outlaw Star Ep 9: A Journey of Adventure! Huh? @ 00:03:18,https://animehistory.org/gallery/screencaps/outlaw-star/episode-9/,https://animehistory.org/gallery/screencaps/outlaw-star/episode-9/,1,2026-10-07T01:49:13.221816+00:00,c2b77ee80bec5dc416b2d31205fbb220d87f7d6232d9ab404556bba0f31c4dc1,,UNVERIFIED
EP-09,A Journey of Adventure! Huh?,00:03:21,201,849632,https://animehistory.org/uploads/screencaps/outlaw-star-E009-A-Journey-of-Adventure-Huh/cap_00-03-21_28f9.jpg,Outlaw Star Ep 9: A Journey of Adventure! Huh? @ 00:03:21,https://animehistory.org/gallery/screencaps/outlaw-star/episode-9/,https://animehistory.org/gallery/screencaps/outlaw-star/episode-9/,1,2026-10-07T01:49:13.221816+00:00,c2b77ee80bec5dc416b2d31205fbb220d87f7d6232d9ab404556bba0f31c4dc1,,UNVERIFIED
EP-09,A Journey of Adventure! Huh?,00:03:25,205,849633,https://animehistory.org/uploads/screencaps/outlaw-star-E009-A-Journey-of-Adventure-Huh/cap_00-03-25_178c.jpg,Outlaw Star Ep 9: A Journey of Adventure! Huh? @ 00:03:25,https://animehistory.org/gallery/screencaps/outlaw-star/episode-9/,https://animehistory.org/gallery/screencaps/outlaw-star/episode-9/,1,2026-10-07T01:49:13.221816+00:00,c2b77ee80bec5dc416b2d31205fbb220d87f7d6232d9ab404556bba0f31c4dc1,,UNVERIFIED
EP-09,A Journey of Adventure! Huh?,00:03:29,209,849634,https://animehistory.org/uploads/screencaps/outlaw-star-E009-A-Journey-of-Adventure-Huh/cap_00-03-29_2c53.jpg,Outlaw Star Ep 9: A Journey of Adventure! Huh? @ 00:03:29,https://animehistory.org/gallery/screencaps/outlaw-star/episode-9/,https://animehistory.org/gallery/screencaps/outlaw-star/episode-9/,1,2026-10-07T01:49:13.221816+00:00,c2b77ee80bec5dc416b2d31205fbb220d87f7d6232d9ab404556bba0f31c4dc1,,UNVERIFIED
EP-09,A Journey of Adventure! Huh?,00:03:32,212,849635,https://animehistory.org/uploads/screencaps/outlaw-star-E009-A-Journey-of-Adventure-Huh/cap_00-03-32_0081.jpg,Outlaw Star Ep 9: A Journey of Adventure! Huh? @ 00:03:32,https://animehistory.org/gallery/screencaps/outlaw-star/episode-9/,https://animehistory.org/gallery/screencaps/outlaw-star/episode-9/,1,2026-10-07T01:49:13.221816+00:00,c2b77ee80bec5dc416b2d31205fbb220d87f7d6232d9ab404556bba0f31c4dc1,,UNVERIFIED
EP-09,A Journey of Adventure! Huh?,00:03:36,216,849636,https://animehistory.org/uploads/screencaps/outlaw-star-E009-A-Journey-of-Adventure-Huh/cap_00-03-36_6c7e.jpg,Outlaw Star Ep 9: A Journey of Adventure! Huh? @ 00:03:36,https://animehistory.org/gallery/screencaps/outlaw-star/episode-9/,https://animehistory.org/gallery/screencaps/outlaw-star/episode-9/,1,2026-10-07T01:49:13.221816+00:00,c2b77ee80bec5dc416b2d31205fbb220d87f7d6232d9ab404556bba0f31c4dc1,,UNVERIFIED
EP-09,A Journey of Adventure! Huh?,00:03:40,220,849637,https://animehistory.org/uploads/screencaps/outlaw-star-E009-A-Journey-of-Adventure-Huh/cap_00-03-40_25d1.jpg,Outlaw Star Ep 9: A Journey of Adventure! Huh? @ 00:03:40,https://animehistory.org/gallery/screencaps/outlaw-star/episode-9/,https://animehistory.org/gallery/screencaps/outlaw-star/episode-9/,1,2026-10-07T01:49:13.221816+00:00,c2b77ee80bec5dc416b2d31205fbb220d87f7d6232d9ab404556bba0f31c4dc1,,UNVERIFIED
EP-09,A Journey of Adventure! Huh?,00:03:43,223,849638,https://animehistory.org/uploads/screencaps/outlaw-star-E009-A-Journey-of-Adventure-Huh/cap_00-03-43_3d0a.jpg,Outlaw Star Ep 9: A Journey of Adventure! Huh? @ 00:03:43,https://animehistory.org/gallery/screencaps/outlaw-star/episode-9/,https://animehistory.org/gallery/screencaps/outlaw-star/episode-9/,1,2026-10-07T01:49:13.221816+00:00,c2b77ee80bec5dc416b2d31205fbb220d87f7d6232d9ab404556bba0f31c4dc1,,UNVERIFIED
EP-09,A Journey of Adventure! Huh?,00:03:47,227,849639,https://animehistory.org/uploads/screencaps/outlaw-star-E009-A-Journey-of-Adventure-Huh/cap_00-03-47_585d.jpg,Outlaw Star Ep 9: A Journey of Adventure! Huh? @ 00:03:47,https://animehistory.org/gallery/screencaps/outlaw-star/episode-9/,https://animehistory.org/gallery/screencaps/outlaw-star/episode-9/,1,2026-10-07T01:49:13.221816+00:00,c2b77ee80bec5dc416b2d31205fbb220d87f7d6232d9ab404556bba0f31c4dc1,,UNVERIFIED
EP-09,A Journey of Adventure! Huh?,00:03:50,230,849640,https://animehistory.org/uploads/screencaps/outlaw-star-E009-A-Journey-of-Adventure-Huh/cap_00-03-50_14f7.jpg,Outlaw Star Ep 9: A Journey of Adventure! Huh? @ 00:03:50,https://animehistory.org/gallery/screencaps/outlaw-star/episode-9/,https://animehistory.org/gallery/screencaps/outlaw-star/episode-9/,1,2026-10-07T01:49:13.221816+00:00,c2b77ee80bec5dc416b2d31205fbb220d87f7d6232d9ab404556bba0f31c4dc1,,UNVERIFIED
EP-09,A Journey of Adventure! Huh?,00:03:54,234,849641,https://animehistory.org/uploads/screencaps/outlaw-star-E009-A-Journey-of-Adventure-Huh/cap_00-03-54_6d26.jpg,Outlaw Star Ep 9: A Journey of Adventure! Huh? @ 00:03:54,https://animehistory.org/gallery/screencaps/outlaw-star/episode-9/,https://animehistory.org/gallery/screencaps/outlaw-star/episode-9/,1,2026-10-07T01:49:13.221816+00:00,c2b77ee80bec5dc416b2d31205fbb220d87f7d6232d9ab404556bba0f31c4dc1,,UNVERIFIED
EP-09,A Journey of Adventure! Huh?,00:03:58,238,849642,https://animehistory.org/uploads/screencaps/outlaw-star-E009-A-Journey-of-Adventure-Huh/cap_00-03-58_7330.jpg,Outlaw Star Ep 9: A Journey of Adventure! Huh? @ 00:03:58,https://animehistory.org/gallery/screencaps/outlaw-star/episode-9/,https://animehistory.org/gallery/screencaps/outlaw-star/episode-9/,1,2026-10-07T01:49:13.221816+00:00,c2b77ee80bec5dc416b2d31205fbb220d87f7d6232d9ab404556bba0f31c4dc1,,UNVERIFIED
EP-09,A Journey of Adventure! Huh?,00:04:01,241,849643,https://animehistory.org/uploads/screencaps/outlaw-star-E009-A-Journey-of-Adventure-Huh/cap_00-04-01_1a9d.jpg,Outlaw Star Ep 9: A Journey of Adventure! Huh? @ 00:04:01,https://animehistory.org/gallery/screencaps/outlaw-star/episode-9/,https://animehistory.org/gallery/screencaps/outlaw-star/episode-9/,1,2026-10-07T01:49:13.221816+00:00,c2b77ee80bec5dc416b2d31205fbb220d87f7d6232d9ab404556bba0f31c4dc1,,UNVERIFIED
EP-09,A Journey of Adventure! Huh?,00:04:05,245,849644,https://animehistory.org/uploads/screencaps/outlaw-star-E009-A-Journey-of-Adventure-Huh/cap_00-04-05_7583.jpg,Outlaw Star Ep 9: A Journey of Adventure! Huh? @ 00:04:05,https://animehistory.org/gallery/screencaps/outlaw-star/episode-9/,https://animehistory.org/gallery/screencaps/outlaw-star/episode-9/,1,2026-10-07T01:49:13.221816+00:00,c2b77ee80bec5dc416b2d31205fbb220d87f7d6232d9ab404556bba0f31c4dc1,,UNVERIFIED
EP-09,A Journey of Adventure! Huh?,00:04:09,249,849645,https://animehistory.org/uploads/screencaps/outlaw-star-E009-A-Journey-of-Adventure-Huh/cap_00-04-09_1e58.jpg,Outlaw Star Ep 9: A Journey of Adventure! Huh? @ 00:04:09,https://animehistory.org/gallery/screencaps/outlaw-star/episode-9/,https://animehistory.org/gallery/screencaps/outlaw-star/episode-9/,1,2026-10-07T01:49:13.221816+00:00,c2b77ee80bec5dc416b2d31205fbb220d87f7d6232d9ab404556bba0f31c4dc1,,UNVERIFIED
EP-09,A Journey of Adventure! Huh?,00:04:12,252,849646,https://animehistory.org/uploads/screencaps/outlaw-star-E009-A-Journey-of-Adventure-Huh/cap_00-04-12_5f85.jpg,Outlaw Star Ep 9: A Journey of Adventure! Huh? @ 00:04:12,https://animehistory.org/gallery/screencaps/outlaw-star/episode-9/,https://animehistory.org/gallery/screencaps/outlaw-star/episode-9/,1,2026-10-07T01:49:13.221816+00:00,c2b77ee80bec5dc416b2d31205fbb220d87f7d6232d9ab404556bba0f31c4dc1,,UNVERIFIED
EP-09,A Journey of Adventure! Huh?,00:04:16,256,849647,https://animehistory.org/uploads/screencaps/outlaw-star-E009-A-Journey-of-Adventure-Huh/cap_00-04-16_5a4e.jpg,Outlaw Star Ep 9: A Journey of Adventure! Huh? @ 00:04:16,https://animehistory.org/gallery/screencaps/outlaw-star/episode-9/,https://animehistory.org/gallery/screencaps/outlaw-star/episode-9/,1,2026-10-07T01:49:13.221816+00:00,c2b77ee80bec5dc416b2d31205fbb220d87f7d6232d9ab404556bba0f31c4dc1,,UNVERIFIED
EP-09,A Journey of Adventure! Huh?,00:04:20,260,849648,https://animehistory.org/uploads/screencaps/outlaw-star-E009-A-Journey-of-Adventure-Huh/cap_00-04-20_1781.jpg,Outlaw Star Ep 9: A Journey of Adventure! Huh? @ 00:04:20,https://animehistory.org/gallery/screencaps/outlaw-star/episode-9/,https://animehistory.org/gallery/screencaps/outlaw-star/episode-9/,1,2026-10-07T01:49:13.221816+00:00,c2b77ee80bec5dc416b2d31205fbb220d87f7d6232d9ab404556bba0f31c4dc1,,UNVERIFIED
EP-09,A Journey of Adventure! Huh?,00:04:23,263,849649,https://animehistory.org/uploads/screencaps/outlaw-star-E009-A-Journey-of-Adventure-Huh/cap_00-04-23_6f1d.jpg,Outlaw Star Ep 9: A Journey of Adventure! Huh? @ 00:04:23,https://animehistory.org/gallery/screencaps/outlaw-star/episode-9/,https://animehistory.org/gallery/screencaps/outlaw-star/episode-9/,1,2026-10-07T01:49:13.221816+00:00,c2b77ee80bec5dc416b2d31205fbb220d87f7d6232d9ab404556bba0f31c4dc1,,UNVERIFIED
EP-09,A Journey of Adventure! Huh?,00:04:27,267,849650,https://animehistory.org/uploads/screencaps/outlaw-star-E009-A-Journey-of-Adventure-Huh/cap_00-04-27_757e.jpg,Outlaw Star Ep 9: A Journey of Adventure! Huh? @ 00:04:27,https://animehistory.org/gallery/screencaps/outlaw-star/episode-9/,https://animehistory.org/gallery/screencaps/outlaw-star/episode-9/,1,2026-10-07T01:49:13.221816+00:00,c2b77ee80bec5dc416b2d31205fbb220d87f7d6232d9ab404556bba0f31c4dc1,,UNVERIFIED
EP-09,A Journey of Adventure! Huh?,00:04:30,270,849651,https://animehistory.org/uploads/screencaps/outlaw-star-E009-A-Journey-of-Adventure-Huh/cap_00-04-30_3b04.jpg,Outlaw Star Ep 9: A Journey of Adventure! Huh? @ 00:04:30,https://animehistory.org/gallery/screencaps/outlaw-star/episode-9/,https://animehistory.org/gallery/screencaps/outlaw-star/episode-9/,1,2026-10-07T01:49:13.221816+00:00,c2b77ee80bec5dc416b2d31205fbb220d87f7d6232d9ab404556bba0f31c4dc1,,UNVERIFIED
EP-09,A Journey of Adventure! Huh?,00:04:34,274,849652,https://animehistory.org/uploads/screencaps/outlaw-star-E009-A-Journey-of-Adventure-Huh/cap_00-04-34_683b.jpg,Outlaw Star Ep 9: A Journey of Adventure! Huh? @ 00:04:34,https://animehistory.org/gallery/screencaps/outlaw-star/episode-9/,https://animehistory.org/gallery/screencaps/outlaw-star/episode-9/,1,2026-10-07T01:49:13.221816+00:00,c2b77ee80bec5dc416b2d31205fbb220d87f7d6232d9ab404556bba0f31c4dc1,,UNVERIFIED
EP-09,A Journey of Adventure! Huh?,00:04:38,278,849653,https://animehistory.org/uploads/screencaps/outlaw-star-E009-A-Journey-of-Adventure-Huh/cap_00-04-38_3569.jpg,Outlaw Star Ep 9: A Journey of Adventure! Huh? @ 00:04:38,https://animehistory.org/gallery/screencaps/outlaw-star/episode-9/,https://animehistory.org/gallery/screencaps/outlaw-star/episode-9/,1,2026-10-07T01:49:13.221816+00:00,c2b77ee80bec5dc416b2d31205fbb220d87f7d6232d9ab404556bba0f31c4dc1,,UNVERIFIED
EP-09,A Journey of Adventure! Huh?,00:04:41,281,849654,https://animehistory.org/uploads/screencaps/outlaw-star-E009-A-Journey-of-Adventure-Huh/cap_00-04-41_7425.jpg,Outlaw Star Ep 9: A Journey of Adventure! Huh? @ 00:04:41,https://animehistory.org/gallery/screencaps/outlaw-star/episode-9/,https://animehistory.org/gallery/screencaps/outlaw-star/episode-9/,1,2026-10-07T01:49:13.221816+00:00,c2b77ee80bec5dc416b2d31205fbb220d87f7d6232d9ab404556bba0f31c4dc1,,UNVERIFIED
EP-09,A Journey of Adventure! Huh?,00:04:45,285,849655,https://animehistory.org/uploads/screencaps/outlaw-star-E009-A-Journey-of-Adventure-Huh/cap_00-04-45_161f.jpg,Outlaw Star Ep 9: A Journey of Adventure! Huh? @ 00:04:45,https://animehistory.org/gallery/screencaps/outlaw-star/episode-9/,https://animehistory.org/gallery/screencaps/outlaw-star/episode-9/,1,2026-10-07T01:49:13.221816+00:00,c2b77ee80bec5dc416b2d31205fbb220d87f7d6232d9ab404556bba0f31c4dc1,,UNVERIFIED
EP-09,A Journey of Adventure! Huh?,00:04:49,289,849656,https://animehistory.org/uploads/screencaps/outlaw-star-E009-A-Journey-of-Adventure-Huh/cap_00-04-49_73fd.jpg,Outlaw Star Ep 9: A Journey of Adventure! Huh? @ 00:04:49,https://animehistory.org/gallery/screencaps/outlaw-star/episode-9/,https://animehistory.org/gallery/screencaps/outlaw-star/episode-9/,1,2026-10-07T01:49:13.221816+00:00,c2b77ee80bec5dc416b2d31205fbb220d87f7d6232d9ab404556bba0f31c4dc1,,UNVERIFIED
EP-09,A Journey of Adventure! Huh?,00:04:52,292,849657,https://animehistory.org/uploads/screencaps/outlaw-star-E009-A-Journey-of-Adventure-Huh/cap_00-04-52_0b75.jpg,Outlaw Star Ep 9: A Journey of Adventure! Huh? @ 00:04:52,https://animehistory.org/gallery/screencaps/outlaw-star/episode-9/,https://animehistory.org/gallery/screencaps/outlaw-star/episode-9/,1,2026-10-07T01:49:13.221816+00:00,c2b77ee80bec5dc416b2d31205fbb220d87f7d6232d9ab404556bba0f31c4dc1,,UNVERIFIED
EP-09,A Journey of Adventure! Huh?,00:04:56,296,849658,https://animehistory.org/uploads/screencaps/outlaw-star-E009-A-Journey-of-Adventure-Huh/cap_00-04-56_133c.jpg,Outlaw Star Ep 9: A Journey of Adventure! Huh? @ 00:04:56,https://animehistory.org/gallery/screencaps/outlaw-star/episode-9/,https://animehistory.org/gallery/screencaps/outlaw-star/episode-9/,1,2026-10-07T01:49:13.221816+00:00,c2b77ee80bec5dc416b2d31205fbb220d87f7d6232d9ab404556bba0f31c4dc1,,UNVERIFIED
EP-09,A Journey of Adventure! Huh?,00:05:00,300,849659,https://animehistory.org/uploads/screencaps/outlaw-star-E009-A-Journey-of-Adventure-Huh/cap_00-05-00_456e.jpg,Outlaw Star Ep 9: A Journey of Adventure! Huh? @ 00:05:00,https://animehistory.org/gallery/screencaps/outlaw-star/episode-9/,https://animehistory.org/gallery/screencaps/outlaw-star/episode-9/,1,2026-10-07T01:49:13.221816+00:00,c2b77ee80bec5dc416b2d31205fbb220d87f7d6232d9ab404556bba0f31c4dc1,,UNVERIFIED
EP-09,A Journey of Adventure! Huh?,00:05:03,303,849660,https://animehistory.org/uploads/screencaps/outlaw-star-E009-A-Journey-of-Adventure-Huh/cap_00-05-03_4ca6.jpg,Outlaw Star Ep 9: A Journey of Adventure! Huh? @ 00:05:03,https://animehistory.org/gallery/screencaps/outlaw-star/episode-9/,https://animehistory.org/gallery/screencaps/outlaw-star/episode-9/,1,2026-10-07T01:49:13.221816+00:00,c2b77ee80bec5dc416b2d31205fbb220d87f7d6232d9ab404556bba0f31c4dc1,,UNVERIFIED
EP-09,A Journey of Adventure! Huh?,00:05:07,307,849661,https://animehistory.org/uploads/screencaps/outlaw-star-E009-A-Journey-of-Adventure-Huh/cap_00-05-07_695d.jpg,Outlaw Star Ep 9: A Journey of Adventure! Huh? @ 00:05:07,https://animehistory.org/gallery/screencaps/outlaw-star/episode-9/,https://animehistory.org/gallery/screencaps/outlaw-star/episode-9/,1,2026-10-07T01:49:13.221816+00:00,c2b77ee80bec5dc416b2d31205fbb220d87f7d6232d9ab404556bba0f31c4dc1,,UNVERIFIED
EP-09,A Journey of Adventure! Huh?,00:05:10,310,849662,https://animehistory.org/uploads/screencaps/outlaw-star-E009-A-Journey-of-Adventure-Huh/cap_00-05-10_5654.jpg,Outlaw Star Ep 9: A Journey of Adventure! Huh? @ 00:05:10,https://animehistory.org/gallery/screencaps/outlaw-star/episode-9/,https://animehistory.org/gallery/screencaps/outlaw-star/episode-9/,1,2026-10-07T01:49:13.221816+00:00,c2b77ee80bec5dc416b2d31205fbb220d87f7d6232d9ab404556bba0f31c4dc1,,UNVERIFIED
EP-09,A Journey of Adventure! Huh?,00:05:14,314,849663,https://animehistory.org/uploads/screencaps/outlaw-star-E009-A-Journey-of-Adventure-Huh/cap_00-05-14_59a0.jpg,Outlaw Star Ep 9: A Journey of Adventure! Huh? @ 00:05:14,https://animehistory.org/gallery/screencaps/outlaw-star/episode-9/,https://animehistory.org/gallery/screencaps/outlaw-star/episode-9/,1,2026-10-07T01:49:13.221816+00:00,c2b77ee80bec5dc416b2d31205fbb220d87f7d6232d9ab404556bba0f31c4dc1,,UNVERIFIED
EP-09,A Journey of Adventure! Huh?,00:05:18,318,849664,https://animehistory.org/uploads/screencaps/outlaw-star-E009-A-Journey-of-Adventure-Huh/cap_00-05-18_0477.jpg,Outlaw Star Ep 9: A Journey of Adventure! Huh? @ 00:05:18,https://animehistory.org/gallery/screencaps/outlaw-star/episode-9/,https://animehistory.org/gallery/screencaps/outlaw-star/episode-9/,1,2026-10-07T01:49:13.221816+00:00,c2b77ee80bec5dc416b2d31205fbb220d87f7d6232d9ab404556bba0f31c4dc1,,UNVERIFIED
EP-09,A Journey of Adventure! Huh?,00:05:21,321,849665,https://animehistory.org/uploads/screencaps/outlaw-star-E009-A-Journey-of-Adventure-Huh/cap_00-05-21_25b3.jpg,Outlaw Star Ep 9: A Journey of Adventure! Huh? @ 00:05:21,https://animehistory.org/gallery/screencaps/outlaw-star/episode-9/,https://animehistory.org/gallery/screencaps/outlaw-star/episode-9/,1,2026-10-07T01:49:13.221816+00:00,c2b77ee80bec5dc416b2d31205fbb220d87f7d6232d9ab404556bba0f31c4dc1,,UNVERIFIED
EP-09,A Journey of Adventure! Huh?,00:05:25,325,849666,https://animehistory.org/uploads/screencaps/outlaw-star-E009-A-Journey-of-Adventure-Huh/cap_00-05-25_548c.jpg,Outlaw Star Ep 9: A Journey of Adventure! Huh? @ 00:05:25,https://animehistory.org/gallery/screencaps/outlaw-star/episode-9/,https://animehistory.org/gallery/screencaps/outlaw-star/episode-9/,1,2026-10-07T01:49:13.221816+00:00,c2b77ee80bec5dc416b2d31205fbb220d87f7d6232d9ab404556bba0f31c4dc1,,UNVERIFIED
EP-09,A Journey of Adventure! Huh?,00:05:29,329,849667,https://animehistory.org/uploads/screencaps/outlaw-star-E009-A-Journey-of-Adventure-Huh/cap_00-05-29_51be.jpg,Outlaw Star Ep 9: A Journey of Adventure! Huh? @ 00:05:29,https://animehistory.org/gallery/screencaps/outlaw-star/episode-9/,https://animehistory.org/gallery/screencaps/outlaw-star/episode-9/,1,2026-10-07T01:49:13.221816+00:00,c2b77ee80bec5dc416b2d31205fbb220d87f7d6232d9ab404556bba0f31c4dc1,,UNVERIFIED
EP-09,A Journey of Adventure! Huh?,00:05:32,332,849668,https://animehistory.org/uploads/screencaps/outlaw-star-E009-A-Journey-of-Adventure-Huh/cap_00-05-32_0945.jpg,Outlaw Star Ep 9: A Journey of Adventure! Huh? @ 00:05:32,https://animehistory.org/gallery/screencaps/outlaw-star/episode-9/,https://animehistory.org/gallery/screencaps/outlaw-star/episode-9/,1,2026-10-07T01:49:13.221816+00:00,c2b77ee80bec5dc416b2d31205fbb220d87f7d6232d9ab404556bba0f31c4dc1,,UNVERIFIED
EP-09,A Journey of Adventure! Huh?,00:05:36,336,849669,https://animehistory.org/uploads/screencaps/outlaw-star-E009-A-Journey-of-Adventure-Huh/cap_00-05-36_2a62.jpg,Outlaw Star Ep 9: A Journey of Adventure! Huh? @ 00:05:36,https://animehistory.org/gallery/screencaps/outlaw-star/episode-9/,https://animehistory.org/gallery/screencaps/outlaw-star/episode-9/,1,2026-10-07T01:49:13.221816+00:00,c2b77ee80bec5dc416b2d31205fbb220d87f7d6232d9ab404556bba0f31c4dc1,,UNVERIFIED
EP-09,A Journey of Adventure! Huh?,00:05:40,340,849670,https://animehistory.org/uploads/screencaps/outlaw-star-E009-A-Journey-of-Adventure-Huh/cap_00-05-40_44d7.jpg,Outlaw Star Ep 9: A Journey of Adventure! Huh? @ 00:05:40,https://animehistory.org/gallery/screencaps/outlaw-star/episode-9/,https://animehistory.org/gallery/screencaps/outlaw-star/episode-9/,1,2026-10-07T01:49:13.221816+00:00,c2b77ee80bec5dc416b2d31205fbb220d87f7d6232d9ab404556bba0f31c4dc1,,UNVERIFIED
EP-09,A Journey of Adventure! Huh?,00:05:43,343,849671,https://animehistory.org/uploads/screencaps/outlaw-star-E009-A-Journey-of-Adventure-Huh/cap_00-05-43_0e34.jpg,Outlaw Star Ep 9: A Journey of Adventure! Huh? @ 00:05:43,https://animehistory.org/gallery/screencaps/outlaw-star/episode-9/,https://animehistory.org/gallery/screencaps/outlaw-star/episode-9/,1,2026-10-07T01:49:13.221816+00:00,c2b77ee80bec5dc416b2d31205fbb220d87f7d6232d9ab404556bba0f31c4dc1,,UNVERIFIED
EP-09,A Journey of Adventure! Huh?,00:05:47,347,849672,https://animehistory.org/uploads/screencaps/outlaw-star-E009-A-Journey-of-Adventure-Huh/cap_00-05-47_0737.jpg,Outlaw Star Ep 9: A Journey of Adventure! Huh? @ 00:05:47,https://animehistory.org/gallery/screencaps/outlaw-star/episode-9/,https://animehistory.org/gallery/screencaps/outlaw-star/episode-9/,1,2026-10-07T01:49:13.221816+00:00,c2b77ee80bec5dc416b2d31205fbb220d87f7d6232d9ab404556bba0f31c4dc1,,UNVERIFIED
EP-09,A Journey of Adventure! Huh?,00:05:50,350,849673,https://animehistory.org/uploads/screencaps/outlaw-star-E009-A-Journey-of-Adventure-Huh/cap_00-05-50_7cad.jpg,Outlaw Star Ep 9: A Journey of Adventure! Huh? @ 00:05:50,https://animehistory.org/gallery/screencaps/outlaw-star/episode-9/,https://animehistory.org/gallery/screencaps/outlaw-star/episode-9/,1,2026-10-07T01:49:13.221816+00:00,c2b77ee80bec5dc416b2d31205fbb220d87f7d6232d9ab404556bba0f31c4dc1,,UNVERIFIED
EP-09,A Journey of Adventure! Huh?,00:05:54,354,849674,https://animehistory.org/uploads/screencaps/outlaw-star-E009-A-Journey-of-Adventure-Huh/cap_00-05-54_4add.jpg,Outlaw Star Ep 9: A Journey of Adventure! Huh? @ 00:05:54,https://animehistory.org/gallery/screencaps/outlaw-star/episode-9/,https://animehistory.org/gallery/screencaps/outlaw-star/episode-9/,1,2026-10-07T01:49:13.221816+00:00,c2b77ee80bec5dc416b2d31205fbb220d87f7d6232d9ab404556bba0f31c4dc1,,UNVERIFIED
EP-09,A Journey of Adventure! Huh?,00:05:58,358,849675,https://animehistory.org/uploads/screencaps/outlaw-star-E009-A-Journey-of-Adventure-Huh/cap_00-05-58_0914.jpg,Outlaw Star Ep 9: A Journey of Adventure! Huh? @ 00:05:58,https://animehistory.org/gallery/screencaps/outlaw-star/episode-9/,https://animehistory.org/gallery/screencaps/outlaw-star/episode-9/,1,2026-10-07T01:49:13.221816+00:00,c2b77ee80bec5dc416b2d31205fbb220d87f7d6232d9ab404556bba0f31c4dc1,,UNVERIFIED
EP-09,A Journey of Adventure! Huh?,00:06:01,361,849676,https://animehistory.org/uploads/screencaps/outlaw-star-E009-A-Journey-of-Adventure-Huh/cap_00-06-01_0322.jpg,Outlaw Star Ep 9: A Journey of Adventure! Huh? @ 00:06:01,https://animehistory.org/gallery/screencaps/outlaw-star/episode-9/,https://animehistory.org/gallery/screencaps/outlaw-star/episode-9/,1,2026-10-07T01:49:13.221816+00:00,c2b77ee80bec5dc416b2d31205fbb220d87f7d6232d9ab404556bba0f31c4dc1,,UNVERIFIED
EP-09,A Journey of Adventure! Huh?,00:06:05,365,849677,https://animehistory.org/uploads/screencaps/outlaw-star-E009-A-Journey-of-Adventure-Huh/cap_00-06-05_657b.jpg,Outlaw Star Ep 9: A Journey of Adventure! Huh? @ 00:06:05,https://animehistory.org/gallery/screencaps/outlaw-star/episode-9/,https://animehistory.org/gallery/screencaps/outlaw-star/episode-9/,1,2026-10-07T01:49:13.221816+00:00,c2b77ee80bec5dc416b2d31205fbb220d87f7d6232d9ab404556bba0f31c4dc1,,UNVERIFIED
EP-09,A Journey of Adventure! Huh?,00:06:09,369,849678,https://animehistory.org/uploads/screencaps/outlaw-star-E009-A-Journey-of-Adventure-Huh/cap_00-06-09_2f54.jpg,Outlaw Star Ep 9: A Journey of Adventure! Huh? @ 00:06:09,https://animehistory.org/gallery/screencaps/outlaw-star/episode-9/,https://animehistory.org/gallery/screencaps/outlaw-star/episode-9/,1,2026-10-07T01:49:13.221816+00:00,c2b77ee80bec5dc416b2d31205fbb220d87f7d6232d9ab404556bba0f31c4dc1,,UNVERIFIED
EP-09,A Journey of Adventure! Huh?,00:06:12,372,849679,https://animehistory.org/uploads/screencaps/outlaw-star-E009-A-Journey-of-Adventure-Huh/cap_00-06-12_2cc0.jpg,Outlaw Star Ep 9: A Journey of Adventure! Huh? @ 00:06:12,https://animehistory.org/gallery/screencaps/outlaw-star/episode-9/,https://animehistory.org/gallery/screencaps/outlaw-star/episode-9/,1,2026-10-07T01:49:13.221816+00:00,c2b77ee80bec5dc416b2d31205fbb220d87f7d6232d9ab404556bba0f31c4dc1,,UNVERIFIED
EP-09,A Journey of Adventure! Huh?,00:06:16,376,849680,https://animehistory.org/uploads/screencaps/outlaw-star-E009-A-Journey-of-Adventure-Huh/cap_00-06-16_0a26.jpg,Outlaw Star Ep 9: A Journey of Adventure! Huh? @ 00:06:16,https://animehistory.org/gallery/screencaps/outlaw-star/episode-9/,https://animehistory.org/gallery/screencaps/outlaw-star/episode-9/,1,2026-10-07T01:49:13.221816+00:00,c2b77ee80bec5dc416b2d31205fbb220d87f7d6232d9ab404556bba0f31c4dc1,,UNVERIFIED
EP-09,A Journey of Adventure! Huh?,00:06:20,380,849681,https://animehistory.org/uploads/screencaps/outlaw-star-E009-A-Journey-of-Adventure-Huh/cap_00-06-20_5887.jpg,Outlaw Star Ep 9: A Journey of Adventure! Huh? @ 00:06:20,https://animehistory.org/gallery/screencaps/outlaw-star/episode-9/,https://animehistory.org/gallery/screencaps/outlaw-star/episode-9/,1,2026-10-07T01:49:13.221816+00:00,c2b77ee80bec5dc416b2d31205fbb220d87f7d6232d9ab404556bba0f31c4dc1,,UNVERIFIED
EP-09,A Journey of Adventure! Huh?,00:06:23,383,849682,https://animehistory.org/uploads/screencaps/outlaw-star-E009-A-Journey-of-Adventure-Huh/cap_00-06-23_4405.jpg,Outlaw Star Ep 9: A Journey of Adventure! Huh? @ 00:06:23,https://animehistory.org/gallery/screencaps/outlaw-star/episode-9/,https://animehistory.org/gallery/screencaps/outlaw-star/episode-9/,1,2026-10-07T01:49:13.221816+00:00,c2b77ee80bec5dc416b2d31205fbb220d87f7d6232d9ab404556bba0f31c4dc1,,UNVERIFIED
EP-09,A Journey of Adventure! Huh?,00:06:27,387,849683,https://animehistory.org/uploads/screencaps/outlaw-star-E009-A-Journey-of-Adventure-Huh/cap_00-06-27_7209.jpg,Outlaw Star Ep 9: A Journey of Adventure! Huh? @ 00:06:27,https://animehistory.org/gallery/screencaps/outlaw-star/episode-9/,https://animehistory.org/gallery/screencaps/outlaw-star/episode-9/,1,2026-10-07T01:49:13.221816+00:00,c2b77ee80bec5dc416b2d31205fbb220d87f7d6232d9ab404556bba0f31c4dc1,,UNVERIFIED
EP-09,A Journey of Adventure! Huh?,00:06:30,390,849684,https://animehistory.org/uploads/screencaps/outlaw-star-E009-A-Journey-of-Adventure-Huh/cap_00-06-30_0098.jpg,Outlaw Star Ep 9: A Journey of Adventure! Huh? @ 00:06:30,https://animehistory.org/gallery/screencaps/outlaw-star/episode-9/,https://animehistory.org/gallery/screencaps/outlaw-star/episode-9/,1,2026-10-07T01:49:13.221816+00:00,c2b77ee80bec5dc416b2d31205fbb220d87f7d6232d9ab404556bba0f31c4dc1,,UNVERIFIED
EP-09,A Journey of Adventure! Huh?,00:06:34,394,849685,https://animehistory.org/uploads/screencaps/outlaw-star-E009-A-Journey-of-Adventure-Huh/cap_00-06-34_6463.jpg,Outlaw Star Ep 9: A Journey of Adventure! Huh? @ 00:06:34,https://animehistory.org/gallery/screencaps/outlaw-star/episode-9/,https://animehistory.org/gallery/screencaps/outlaw-star/episode-9/,1,2026-10-07T01:49:13.221816+00:00,c2b77ee80bec5dc416b2d31205fbb220d87f7d6232d9ab404556bba0f31c4dc1,,UNVERIFIED
EP-09,A Journey of Adventure! Huh?,00:06:38,398,849686,https://animehistory.org/uploads/screencaps/outlaw-star-E009-A-Journey-of-Adventure-Huh/cap_00-06-38_01de.jpg,Outlaw Star Ep 9: A Journey of Adventure! Huh? @ 00:06:38,https://animehistory.org/gallery/screencaps/outlaw-star/episode-9/,https://animehistory.org/gallery/screencaps/outlaw-star/episode-9/,1,2026-10-07T01:49:13.221816+00:00,c2b77ee80bec5dc416b2d31205fbb220d87f7d6232d9ab404556bba0f31c4dc1,,UNVERIFIED
EP-09,A Journey of Adventure! Huh?,00:06:41,401,849687,https://animehistory.org/uploads/screencaps/outlaw-star-E009-A-Journey-of-Adventure-Huh/cap_00-06-41_50ec.jpg,Outlaw Star Ep 9: A Journey of Adventure! Huh? @ 00:06:41,https://animehistory.org/gallery/screencaps/outlaw-star/episode-9/,https://animehistory.org/gallery/screencaps/outlaw-star/episode-9/,1,2026-10-07T01:49:13.221816+00:00,c2b77ee80bec5dc416b2d31205fbb220d87f7d6232d9ab404556bba0f31c4dc1,,UNVERIFIED
EP-09,A Journey of Adventure! Huh?,00:06:45,405,849688,https://animehistory.org/uploads/screencaps/outlaw-star-E009-A-Journey-of-Adventure-Huh/cap_00-06-45_4830.jpg,Outlaw Star Ep 9: A Journey of Adventure! Huh? @ 00:06:45,https://animehistory.org/gallery/screencaps/outlaw-star/episode-9/,https://animehistory.org/gallery/screencaps/outlaw-star/episode-9/,1,2026-10-07T01:49:13.221816+00:00,c2b77ee80bec5dc416b2d31205fbb220d87f7d6232d9ab404556bba0f31c4dc1,,UNVERIFIED
EP-09,A Journey of Adventure! Huh?,00:06:49,409,849689,https://animehistory.org/uploads/screencaps/outlaw-star-E009-A-Journey-of-Adventure-Huh/cap_00-06-49_4836.jpg,Outlaw Star Ep 9: A Journey of Adventure! Huh? @ 00:06:49,https://animehistory.org/gallery/screencaps/outlaw-star/episode-9/,https://animehistory.org/gallery/screencaps/outlaw-star/episode-9/,1,2026-10-07T01:49:13.221816+00:00,c2b77ee80bec5dc416b2d31205fbb220d87f7d6232d9ab404556bba0f31c4dc1,,UNVERIFIED
EP-09,A Journey of Adventure! Huh?,00:06:52,412,849690,https://animehistory.org/uploads/screencaps/outlaw-star-E009-A-Journey-of-Adventure-Huh/cap_00-06-52_2b19.jpg,Outlaw Star Ep 9: A Journey of Adventure! Huh? @ 00:06:52,https://animehistory.org/gallery/screencaps/outlaw-star/episode-9/,https://animehistory.org/gallery/screencaps/outlaw-star/episode-9/,1,2026-10-07T01:49:13.221816+00:00,c2b77ee80bec5dc416b2d31205fbb220d87f7d6232d9ab404556bba0f31c4dc1,,UNVERIFIED
EP-09,A Journey of Adventure! Huh?,00:06:56,416,849691,https://animehistory.org/uploads/screencaps/outlaw-star-E009-A-Journey-of-Adventure-Huh/cap_00-06-56_72f6.jpg,Outlaw Star Ep 9: A Journey of Adventure! Huh? @ 00:06:56,https://animehistory.org/gallery/screencaps/outlaw-star/episode-9/,https://animehistory.org/gallery/screencaps/outlaw-star/episode-9/,1,2026-10-07T01:49:13.221816+00:00,c2b77ee80bec5dc416b2d31205fbb220d87f7d6232d9ab404556bba0f31c4dc1,,UNVERIFIED
EP-09,A Journey of Adventure! Huh?,00:07:00,420,849692,https://animehistory.org/uploads/screencaps/outlaw-star-E009-A-Journey-of-Adventure-Huh/cap_00-07-00_5694.jpg,Outlaw Star Ep 9: A Journey of Adventure! Huh? @ 00:07:00,https://animehistory.org/gallery/screencaps/outlaw-star/episode-9/,https://animehistory.org/gallery/screencaps/outlaw-star/episode-9/,1,2026-10-07T01:49:13.221816+00:00,c2b77ee80bec5dc416b2d31205fbb220d87f7d6232d9ab404556bba0f31c4dc1,,UNVERIFIED
EP-09,A Journey of Adventure! Huh?,00:07:03,423,849693,https://animehistory.org/uploads/screencaps/outlaw-star-E009-A-Journey-of-Adventure-Huh/cap_00-07-03_35f9.jpg,Outlaw Star Ep 9: A Journey of Adventure! Huh? @ 00:07:03,https://animehistory.org/gallery/screencaps/outlaw-star/episode-9/,https://animehistory.org/gallery/screencaps/outlaw-star/episode-9/,1,2026-10-07T01:49:13.221816+00:00,c2b77ee80bec5dc416b2d31205fbb220d87f7d6232d9ab404556bba0f31c4dc1,,UNVERIFIED
EP-09,A Journey of Adventure! Huh?,00:07:07,427,849694,https://animehistory.org/uploads/screencaps/outlaw-star-E009-A-Journey-of-Adventure-Huh/cap_00-07-07_1503.jpg,Outlaw Star Ep 9: A Journey of Adventure! Huh? @ 00:07:07,https://animehistory.org/gallery/screencaps/outlaw-star/episode-9/,https://animehistory.org/gallery/screencaps/outlaw-star/episode-9/,1,2026-10-07T01:49:13.221816+00:00,c2b77ee80bec5dc416b2d31205fbb220d87f7d6232d9ab404556bba0f31c4dc1,,UNVERIFIED
EP-09,A Journey of Adventure! Huh?,00:07:10,430,849695,https://animehistory.org/uploads/screencaps/outlaw-star-E009-A-Journey-of-Adventure-Huh/cap_00-07-10_7b08.jpg,Outlaw Star Ep 9: A Journey of Adventure! Huh? @ 00:07:10,https://animehistory.org/gallery/screencaps/outlaw-star/episode-9/,https://animehistory.org/gallery/screencaps/outlaw-star/episode-9/,1,2026-10-07T01:49:13.221816+00:00,c2b77ee80bec5dc416b2d31205fbb220d87f7d6232d9ab404556bba0f31c4dc1,,UNVERIFIED
EP-09,A Journey of Adventure! Huh?,00:07:14,434,849696,https://animehistory.org/uploads/screencaps/outlaw-star-E009-A-Journey-of-Adventure-Huh/cap_00-07-14_7242.jpg,Outlaw Star Ep 9: A Journey of Adventure! Huh? @ 00:07:14,https://animehistory.org/gallery/screencaps/outlaw-star/episode-9/,https://animehistory.org/gallery/screencaps/outlaw-star/episode-9/,1,2026-10-07T01:49:13.221816+00:00,c2b77ee80bec5dc416b2d31205fbb220d87f7d6232d9ab404556bba0f31c4dc1,,UNVERIFIED
EP-09,A Journey of Adventure! Huh?,00:07:18,438,849697,https://animehistory.org/uploads/screencaps/outlaw-star-E009-A-Journey-of-Adventure-Huh/cap_00-07-18_58d7.jpg,Outlaw Star Ep 9: A Journey of Adventure! Huh? @ 00:07:18,https://animehistory.org/gallery/screencaps/outlaw-star/episode-9/,https://animehistory.org/gallery/screencaps/outlaw-star/episode-9/,1,2026-10-07T01:49:13.221816+00:00,c2b77ee80bec5dc416b2d31205fbb220d87f7d6232d9ab404556bba0f31c4dc1,,UNVERIFIED
EP-09,A Journey of Adventure! Huh?,00:07:21,441,849698,https://animehistory.org/uploads/screencaps/outlaw-star-E009-A-Journey-of-Adventure-Huh/cap_00-07-21_0acc.jpg,Outlaw Star Ep 9: A Journey of Adventure! Huh? @ 00:07:21,https://animehistory.org/gallery/screencaps/outlaw-star/episode-9/,https://animehistory.org/gallery/screencaps/outlaw-star/episode-9/,1,2026-10-07T01:49:13.221816+00:00,c2b77ee80bec5dc416b2d31205fbb220d87f7d6232d9ab404556bba0f31c4dc1,,UNVERIFIED
EP-09,A Journey of Adventure! Huh?,00:07:25,445,849699,https://animehistory.org/uploads/screencaps/outlaw-star-E009-A-Journey-of-Adventure-Huh/cap_00-07-25_7fcc.jpg,Outlaw Star Ep 9: A Journey of Adventure! Huh? @ 00:07:25,https://animehistory.org/gallery/screencaps/outlaw-star/episode-9/,https://animehistory.org/gallery/screencaps/outlaw-star/episode-9/,1,2026-10-07T01:49:13.221816+00:00,c2b77ee80bec5dc416b2d31205fbb220d87f7d6232d9ab404556bba0f31c4dc1,,UNVERIFIED
EP-09,A Journey of Adventure! Huh?,00:07:29,449,849700,https://animehistory.org/uploads/screencaps/outlaw-star-E009-A-Journey-of-Adventure-Huh/cap_00-07-29_4ad5.jpg,Outlaw Star Ep 9: A Journey of Adventure! Huh? @ 00:07:29,https://animehistory.org/gallery/screencaps/outlaw-star/episode-9/,https://animehistory.org/gallery/screencaps/outlaw-star/episode-9/,1,2026-10-07T01:49:13.221816+00:00,c2b77ee80bec5dc416b2d31205fbb220d87f7d6232d9ab404556bba0f31c4dc1,,UNVERIFIED
EP-09,A Journey of Adventure! Huh?,00:07:32,452,849701,https://animehistory.org/uploads/screencaps/outlaw-star-E009-A-Journey-of-Adventure-Huh/cap_00-07-32_36e8.jpg,Outlaw Star Ep 9: A Journey of Adventure! Huh? @ 00:07:32,https://animehistory.org/gallery/screencaps/outlaw-star/episode-9/,https://animehistory.org/gallery/screencaps/outlaw-star/episode-9/,1,2026-10-07T01:49:13.221816+00:00,c2b77ee80bec5dc416b2d31205fbb220d87f7d6232d9ab404556bba0f31c4dc1,,UNVERIFIED
EP-09,A Journey of Adventure! Huh?,00:07:36,456,849702,https://animehistory.org/uploads/screencaps/outlaw-star-E009-A-Journey-of-Adventure-Huh/cap_00-07-36_193f.jpg,Outlaw Star Ep 9: A Journey of Adventure! Huh? @ 00:07:36,https://animehistory.org/gallery/screencaps/outlaw-star/episode-9/,https://animehistory.org/gallery/screencaps/outlaw-star/episode-9/,1,2026-10-07T01:49:13.221816+00:00,c2b77ee80bec5dc416b2d31205fbb220d87f7d6232d9ab404556bba0f31c4dc1,,UNVERIFIED
EP-09,A Journey of Adventure! Huh?,00:07:40,460,849703,https://animehistory.org/uploads/screencaps/outlaw-star-E009-A-Journey-of-Adventure-Huh/cap_00-07-40_3047.jpg,Outlaw Star Ep 9: A Journey of Adventure! Huh? @ 00:07:40,https://animehistory.org/gallery/screencaps/outlaw-star/episode-9/,https://animehistory.org/gallery/screencaps/outlaw-star/episode-9/,1,2026-10-07T01:49:13.221816+00:00,c2b77ee80bec5dc416b2d31205fbb220d87f7d6232d9ab404556bba0f31c4dc1,,UNVERIFIED
EP-09,A Journey of Adventure! Huh?,00:07:43,463,849704,https://animehistory.org/uploads/screencaps/outlaw-star-E009-A-Journey-of-Adventure-Huh/cap_00-07-43_557e.jpg,Outlaw Star Ep 9: A Journey of Adventure! Huh? @ 00:07:43,https://animehistory.org/gallery/screencaps/outlaw-star/episode-9/,https://animehistory.org/gallery/screencaps/outlaw-star/episode-9/,1,2026-10-07T01:49:13.221816+00:00,c2b77ee80bec5dc416b2d31205fbb220d87f7d6232d9ab404556bba0f31c4dc1,,UNVERIFIED
EP-09,A Journey of Adventure! Huh?,00:07:47,467,849705,https://animehistory.org/uploads/screencaps/outlaw-star-E009-A-Journey-of-Adventure-Huh/cap_00-07-47_2ad2.jpg,Outlaw Star Ep 9: A Journey of Adventure! Huh? @ 00:07:47,https://animehistory.org/gallery/screencaps/outlaw-star/episode-9/,https://animehistory.org/gallery/screencaps/outlaw-star/episode-9/?page=2,2,2026-10-07T01:49:14.537708+00:00,6e925ed36e28f1a6ba8582a70e39e4c22f5ad7a55a926b1a092a98cf31049d72,,UNVERIFIED
EP-09,A Journey of Adventure! Huh?,00:07:50,470,849706,https://animehistory.org/uploads/screencaps/outlaw-star-E009-A-Journey-of-Adventure-Huh/cap_00-07-50_5873.jpg,Outlaw Star Ep 9: A Journey of Adventure! Huh? @ 00:07:50,https://animehistory.org/gallery/screencaps/outlaw-star/episode-9/,https://animehistory.org/gallery/screencaps/outlaw-star/episode-9/?page=2,2,2026-10-07T01:49:14.537708+00:00,6e925ed36e28f1a6ba8582a70e39e4c22f5ad7a55a926b1a092a98cf31049d72,,UNVERIFIED
EP-09,A Journey of Adventure! Huh?,00:07:54,474,849707,https://animehistory.org/uploads/screencaps/outlaw-star-E009-A-Journey-of-Adventure-Huh/cap_00-07-54_0b4a.jpg,Outlaw Star Ep 9: A Journey of Adventure! Huh? @ 00:07:54,https://animehistory.org/gallery/screencaps/outlaw-star/episode-9/,https://animehistory.org/gallery/screencaps/outlaw-star/episode-9/?page=2,2,2026-10-07T01:49:14.537708+00:00,6e925ed36e28f1a6ba8582a70e39e4c22f5ad7a55a926b1a092a98cf31049d72,,UNVERIFIED
EP-09,A Journey of Adventure! Huh?,00:07:58,478,849708,https://animehistory.org/uploads/screencaps/outlaw-star-E009-A-Journey-of-Adventure-Huh/cap_00-07-58_3e08.jpg,Outlaw Star Ep 9: A Journey of Adventure! Huh? @ 00:07:58,https://animehistory.org/gallery/screencaps/outlaw-star/episode-9/,https://animehistory.org/gallery/screencaps/outlaw-star/episode-9/?page=2,2,2026-10-07T01:49:14.537708+00:00,6e925ed36e28f1a6ba8582a70e39e4c22f5ad7a55a926b1a092a98cf31049d72,,UNVERIFIED
EP-09,A Journey of Adventure! Huh?,00:08:01,481,849709,https://animehistory.org/uploads/screencaps/outlaw-star-E009-A-Journey-of-Adventure-Huh/cap_00-08-01_57e7.jpg,Outlaw Star Ep 9: A Journey of Adventure! Huh? @ 00:08:01,https://animehistory.org/gallery/screencaps/outlaw-star/episode-9/,https://animehistory.org/gallery/screencaps/outlaw-star/episode-9/?page=2,2,2026-10-07T01:49:14.537708+00:00,6e925ed36e28f1a6ba8582a70e39e4c22f5ad7a55a926b1a092a98cf31049d72,,UNVERIFIED
EP-09,A Journey of Adventure! Huh?,00:08:05,485,849710,https://animehistory.org/uploads/screencaps/outlaw-star-E009-A-Journey-of-Adventure-Huh/cap_00-08-05_2994.jpg,Outlaw Star Ep 9: A Journey of Adventure! Huh? @ 00:08:05,https://animehistory.org/gallery/screencaps/outlaw-star/episode-9/,https://animehistory.org/gallery/screencaps/outlaw-star/episode-9/?page=2,2,2026-10-07T01:49:14.537708+00:00,6e925ed36e28f1a6ba8582a70e39e4c22f5ad7a55a926b1a092a98cf31049d72,,UNVERIFIED
EP-09,A Journey of Adventure! Huh?,00:08:09,489,849711,https://animehistory.org/uploads/screencaps/outlaw-star-E009-A-Journey-of-Adventure-Huh/cap_00-08-09_01fd.jpg,Outlaw Star Ep 9: A Journey of Adventure! Huh? @ 00:08:09,https://animehistory.org/gallery/screencaps/outlaw-star/episode-9/,https://animehistory.org/gallery/screencaps/outlaw-star/episode-9/?page=2,2,2026-10-07T01:49:14.537708+00:00,6e925ed36e28f1a6ba8582a70e39e4c22f5ad7a55a926b1a092a98cf31049d72,,UNVERIFIED
EP-09,A Journey of Adventure! Huh?,00:08:12,492,849712,https://animehistory.org/uploads/screencaps/outlaw-star-E009-A-Journey-of-Adventure-Huh/cap_00-08-12_4c05.jpg,Outlaw Star Ep 9: A Journey of Adventure! Huh? @ 00:08:12,https://animehistory.org/gallery/screencaps/outlaw-star/episode-9/,https://animehistory.org/gallery/screencaps/outlaw-star/episode-9/?page=2,2,2026-10-07T01:49:14.537708+00:00,6e925ed36e28f1a6ba8582a70e39e4c22f5ad7a55a926b1a092a98cf31049d72,,UNVERIFIED
EP-09,A Journey of Adventure! Huh?,00:08:16,496,849713,https://animehistory.org/uploads/screencaps/outlaw-star-E009-A-Journey-of-Adventure-Huh/cap_00-08-16_14a3.jpg,Outlaw Star Ep 9: A Journey of Adventure! Huh? @ 00:08:16,https://animehistory.org/gallery/screencaps/outlaw-star/episode-9/,https://animehistory.org/gallery/screencaps/outlaw-star/episode-9/?page=2,2,2026-10-07T01:49:14.537708+00:00,6e925ed36e28f1a6ba8582a70e39e4c22f5ad7a55a926b1a092a98cf31049d72,,UNVERIFIED
EP-09,A Journey of Adventure! Huh?,00:08:20,500,849714,https://animehistory.org/uploads/screencaps/outlaw-star-E009-A-Journey-of-Adventure-Huh/cap_00-08-20_5cff.jpg,Outlaw Star Ep 9: A Journey of Adventure! Huh? @ 00:08:20,https://animehistory.org/gallery/screencaps/outlaw-star/episode-9/,https://animehistory.org/gallery/screencaps/outlaw-star/episode-9/?page=2,2,2026-10-07T01:49:14.537708+00:00,6e925ed36e28f1a6ba8582a70e39e4c22f5ad7a55a926b1a092a98cf31049d72,,UNVERIFIED
EP-09,A Journey of Adventure! Huh?,00:08:23,503,849715,https://animehistory.org/uploads/screencaps/outlaw-star-E009-A-Journey-of-Adventure-Huh/cap_00-08-23_53ab.jpg,Outlaw Star Ep 9: A Journey of Adventure! Huh? @ 00:08:23,https://animehistory.org/gallery/screencaps/outlaw-star/episode-9/,https://animehistory.org/gallery/screencaps/outlaw-star/episode-9/?page=2,2,2026-10-07T01:49:14.537708+00:00,6e925ed36e28f1a6ba8582a70e39e4c22f5ad7a55a926b1a092a98cf31049d72,,UNVERIFIED
EP-09,A Journey of Adventure! Huh?,00:08:27,507,849716,https://animehistory.org/uploads/screencaps/outlaw-star-E009-A-Journey-of-Adventure-Huh/cap_00-08-27_7a45.jpg,Outlaw Star Ep 9: A Journey of Adventure! Huh? @ 00:08:27,https://animehistory.org/gallery/screencaps/outlaw-star/episode-9/,https://animehistory.org/gallery/screencaps/outlaw-star/episode-9/?page=2,2,2026-10-07T01:49:14.537708+00:00,6e925ed36e28f1a6ba8582a70e39e4c22f5ad7a55a926b1a092a98cf31049d72,,UNVERIFIED
EP-09,A Journey of Adventure! Huh?,00:08:30,510,849717,https://animehistory.org/uploads/screencaps/outlaw-star-E009-A-Journey-of-Adventure-Huh/cap_00-08-30_3088.jpg,Outlaw Star Ep 9: A Journey of Adventure! Huh? @ 00:08:30,https://animehistory.org/gallery/screencaps/outlaw-star/episode-9/,https://animehistory.org/gallery/screencaps/outlaw-star/episode-9/?page=2,2,2026-10-07T01:49:14.537708+00:00,6e925ed36e28f1a6ba8582a70e39e4c22f5ad7a55a926b1a092a98cf31049d72,,UNVERIFIED
EP-09,A Journey of Adventure! Huh?,00:08:34,514,849718,https://animehistory.org/uploads/screencaps/outlaw-star-E009-A-Journey-of-Adventure-Huh/cap_00-08-34_2e28.jpg,Outlaw Star Ep 9: A Journey of Adventure! Huh? @ 00:08:34,https://animehistory.org/gallery/screencaps/outlaw-star/episode-9/,https://animehistory.org/gallery/screencaps/outlaw-star/episode-9/?page=2,2,2026-10-07T01:49:14.537708+00:00,6e925ed36e28f1a6ba8582a70e39e4c22f5ad7a55a926b1a092a98cf31049d72,,UNVERIFIED
EP-09,A Journey of Adventure! Huh?,00:08:38,518,849719,https://animehistory.org/uploads/screencaps/outlaw-star-E009-A-Journey-of-Adventure-Huh/cap_00-08-38_1d8e.jpg,Outlaw Star Ep 9: A Journey of Adventure! Huh? @ 00:08:38,https://animehistory.org/gallery/screencaps/outlaw-star/episode-9/,https://animehistory.org/gallery/screencaps/outlaw-star/episode-9/?page=2,2,2026-10-07T01:49:14.537708+00:00,6e925ed36e28f1a6ba8582a70e39e4c22f5ad7a55a926b1a092a98cf31049d72,,UNVERIFIED
EP-09,A Journey of Adventure! Huh?,00:08:41,521,849720,https://animehistory.org/uploads/screencaps/outlaw-star-E009-A-Journey-of-Adventure-Huh/cap_00-08-41_08c1.jpg,Outlaw Star Ep 9: A Journey of Adventure! Huh? @ 00:08:41,https://animehistory.org/gallery/screencaps/outlaw-star/episode-9/,https://animehistory.org/gallery/screencaps/outlaw-star/episode-9/?page=2,2,2026-10-07T01:49:14.537708+00:00,6e925ed36e28f1a6ba8582a70e39e4c22f5ad7a55a926b1a092a98cf31049d72,,UNVERIFIED
EP-09,A Journey of Adventure! Huh?,00:08:45,525,849721,https://animehistory.org/uploads/screencaps/outlaw-star-E009-A-Journey-of-Adventure-Huh/cap_00-08-45_4a0d.jpg,Outlaw Star Ep 9: A Journey of Adventure! Huh? @ 00:08:45,https://animehistory.org/gallery/screencaps/outlaw-star/episode-9/,https://animehistory.org/gallery/screencaps/outlaw-star/episode-9/?page=2,2,2026-10-07T01:49:14.537708+00:00,6e925ed36e28f1a6ba8582a70e39e4c22f5ad7a55a926b1a092a98cf31049d72,,UNVERIFIED
EP-09,A Journey of Adventure! Huh?,00:08:49,529,849722,https://animehistory.org/uploads/screencaps/outlaw-star-E009-A-Journey-of-Adventure-Huh/cap_00-08-49_4587.jpg,Outlaw Star Ep 9: A Journey of Adventure! Huh? @ 00:08:49,https://animehistory.org/gallery/screencaps/outlaw-star/episode-9/,https://animehistory.org/gallery/screencaps/outlaw-star/episode-9/?page=2,2,2026-10-07T01:49:14.537708+00:00,6e925ed36e28f1a6ba8582a70e39e4c22f5ad7a55a926b1a092a98cf31049d72,,UNVERIFIED
EP-09,A Journey of Adventure! Huh?,00:08:52,532,849723,https://animehistory.org/uploads/screencaps/outlaw-star-E009-A-Journey-of-Adventure-Huh/cap_00-08-52_4baa.jpg,Outlaw Star Ep 9: A Journey of Adventure! Huh? @ 00:08:52,https://animehistory.org/gallery/screencaps/outlaw-star/episode-9/,https://animehistory.org/gallery/screencaps/outlaw-star/episode-9/?page=2,2,2026-10-07T01:49:14.537708+00:00,6e925ed36e28f1a6ba8582a70e39e4c22f5ad7a55a926b1a092a98cf31049d72,,UNVERIFIED
EP-09,A Journey of Adventure! Huh?,00:08:56,536,849724,https://animehistory.org/uploads/screencaps/outlaw-star-E009-A-Journey-of-Adventure-Huh/cap_00-08-56_0981.jpg,Outlaw Star Ep 9: A Journey of Adventure! Huh? @ 00:08:56,https://animehistory.org/gallery/screencaps/outlaw-star/episode-9/,https://animehistory.org/gallery/screencaps/outlaw-star/episode-9/?page=2,2,2026-10-07T01:49:14.537708+00:00,6e925ed36e28f1a6ba8582a70e39e4c22f5ad7a55a926b1a092a98cf31049d72,,UNVERIFIED
EP-09,A Journey of Adventure! Huh?,00:09:00,540,849725,https://animehistory.org/uploads/screencaps/outlaw-star-E009-A-Journey-of-Adventure-Huh/cap_00-09-00_71cf.jpg,Outlaw Star Ep 9: A Journey of Adventure! Huh? @ 00:09:00,https://animehistory.org/gallery/screencaps/outlaw-star/episode-9/,https://animehistory.org/gallery/screencaps/outlaw-star/episode-9/?page=2,2,2026-10-07T01:49:14.537708+00:00,6e925ed36e28f1a6ba8582a70e39e4c22f5ad7a55a926b1a092a98cf31049d72,,UNVERIFIED
EP-09,A Journey of Adventure! Huh?,00:09:03,543,849726,https://animehistory.org/uploads/screencaps/outlaw-star-E009-A-Journey-of-Adventure-Huh/cap_00-09-03_108d.jpg,Outlaw Star Ep 9: A Journey of Adventure! Huh? @ 00:09:03,https://animehistory.org/gallery/screencaps/outlaw-star/episode-9/,https://animehistory.org/gallery/screencaps/outlaw-star/episode-9/?page=2,2,2026-10-07T01:49:14.537708+00:00,6e925ed36e28f1a6ba8582a70e39e4c22f5ad7a55a926b1a092a98cf31049d72,,UNVERIFIED
EP-09,A Journey of Adventure! Huh?,00:09:07,547,849727,https://animehistory.org/uploads/screencaps/outlaw-star-E009-A-Journey-of-Adventure-Huh/cap_00-09-07_217f.jpg,Outlaw Star Ep 9: A Journey of Adventure! Huh? @ 00:09:07,https://animehistory.org/gallery/screencaps/outlaw-star/episode-9/,https://animehistory.org/gallery/screencaps/outlaw-star/episode-9/?page=2,2,2026-10-07T01:49:14.537708+00:00,6e925ed36e28f1a6ba8582a70e39e4c22f5ad7a55a926b1a092a98cf31049d72,,UNVERIFIED
EP-09,A Journey of Adventure! Huh?,00:09:10,550,849728,https://animehistory.org/uploads/screencaps/outlaw-star-E009-A-Journey-of-Adventure-Huh/cap_00-09-10_502d.jpg,Outlaw Star Ep 9: A Journey of Adventure! Huh? @ 00:09:10,https://animehistory.org/gallery/screencaps/outlaw-star/episode-9/,https://animehistory.org/gallery/screencaps/outlaw-star/episode-9/?page=2,2,2026-10-07T01:49:14.537708+00:00,6e925ed36e28f1a6ba8582a70e39e4c22f5ad7a55a926b1a092a98cf31049d72,,UNVERIFIED
EP-09,A Journey of Adventure! Huh?,00:09:14,554,849729,https://animehistory.org/uploads/screencaps/outlaw-star-E009-A-Journey-of-Adventure-Huh/cap_00-09-14_23be.jpg,Outlaw Star Ep 9: A Journey of Adventure! Huh? @ 00:09:14,https://animehistory.org/gallery/screencaps/outlaw-star/episode-9/,https://animehistory.org/gallery/screencaps/outlaw-star/episode-9/?page=2,2,2026-10-07T01:49:14.537708+00:00,6e925ed36e28f1a6ba8582a70e39e4c22f5ad7a55a926b1a092a98cf31049d72,,UNVERIFIED
EP-09,A Journey of Adventure! Huh?,00:09:18,558,849730,https://animehistory.org/uploads/screencaps/outlaw-star-E009-A-Journey-of-Adventure-Huh/cap_00-09-18_7295.jpg,Outlaw Star Ep 9: A Journey of Adventure! Huh? @ 00:09:18,https://animehistory.org/gallery/screencaps/outlaw-star/episode-9/,https://animehistory.org/gallery/screencaps/outlaw-star/episode-9/?page=2,2,2026-10-07T01:49:14.537708+00:00,6e925ed36e28f1a6ba8582a70e39e4c22f5ad7a55a926b1a092a98cf31049d72,,UNVERIFIED
EP-09,A Journey of Adventure! Huh?,00:09:21,561,849731,https://animehistory.org/uploads/screencaps/outlaw-star-E009-A-Journey-of-Adventure-Huh/cap_00-09-21_7a32.jpg,Outlaw Star Ep 9: A Journey of Adventure! Huh? @ 00:09:21,https://animehistory.org/gallery/screencaps/outlaw-star/episode-9/,https://animehistory.org/gallery/screencaps/outlaw-star/episode-9/?page=2,2,2026-10-07T01:49:14.537708+00:00,6e925ed36e28f1a6ba8582a70e39e4c22f5ad7a55a926b1a092a98cf31049d72,,UNVERIFIED
EP-09,A Journey of Adventure! Huh?,00:09:25,565,849732,https://animehistory.org/uploads/screencaps/outlaw-star-E009-A-Journey-of-Adventure-Huh/cap_00-09-25_3715.jpg,Outlaw Star Ep 9: A Journey of Adventure! Huh? @ 00:09:25,https://animehistory.org/gallery/screencaps/outlaw-star/episode-9/,https://animehistory.org/gallery/screencaps/outlaw-star/episode-9/?page=2,2,2026-10-07T01:49:14.537708+00:00,6e925ed36e28f1a6ba8582a70e39e4c22f5ad7a55a926b1a092a98cf31049d72,,UNVERIFIED
EP-09,A Journey of Adventure! Huh?,00:09:29,569,849733,https://animehistory.org/uploads/screencaps/outlaw-star-E009-A-Journey-of-Adventure-Huh/cap_00-09-29_2f07.jpg,Outlaw Star Ep 9: A Journey of Adventure! Huh? @ 00:09:29,https://animehistory.org/gallery/screencaps/outlaw-star/episode-9/,https://animehistory.org/gallery/screencaps/outlaw-star/episode-9/?page=2,2,2026-10-07T01:49:14.537708+00:00,6e925ed36e28f1a6ba8582a70e39e4c22f5ad7a55a926b1a092a98cf31049d72,,UNVERIFIED
EP-09,A Journey of Adventure! Huh?,00:09:32,572,849734,https://animehistory.org/uploads/screencaps/outlaw-star-E009-A-Journey-of-Adventure-Huh/cap_00-09-32_1a56.jpg,Outlaw Star Ep 9: A Journey of Adventure! Huh? @ 00:09:32,https://animehistory.org/gallery/screencaps/outlaw-star/episode-9/,https://animehistory.org/gallery/screencaps/outlaw-star/episode-9/?page=2,2,2026-10-07T01:49:14.537708+00:00,6e925ed36e28f1a6ba8582a70e39e4c22f5ad7a55a926b1a092a98cf31049d72,,UNVERIFIED
EP-09,A Journey of Adventure! Huh?,00:09:36,576,849735,https://animehistory.org/uploads/screencaps/outlaw-star-E009-A-Journey-of-Adventure-Huh/cap_00-09-36_328f.jpg,Outlaw Star Ep 9: A Journey of Adventure! Huh? @ 00:09:36,https://animehistory.org/gallery/screencaps/outlaw-star/episode-9/,https://animehistory.org/gallery/screencaps/outlaw-star/episode-9/?page=2,2,2026-10-07T01:49:14.537708+00:00,6e925ed36e28f1a6ba8582a70e39e4c22f5ad7a55a926b1a092a98cf31049d72,,UNVERIFIED
EP-09,A Journey of Adventure! Huh?,00:09:40,580,849736,https://animehistory.org/uploads/screencaps/outlaw-star-E009-A-Journey-of-Adventure-Huh/cap_00-09-40_0adf.jpg,Outlaw Star Ep 9: A Journey of Adventure! Huh? @ 00:09:40,https://animehistory.org/gallery/screencaps/outlaw-star/episode-9/,https://animehistory.org/gallery/screencaps/outlaw-star/episode-9/?page=2,2,2026-10-07T01:49:14.537708+00:00,6e925ed36e28f1a6ba8582a70e39e4c22f5ad7a55a926b1a092a98cf31049d72,,UNVERIFIED
EP-09,A Journey of Adventure! Huh?,00:09:43,583,849737,https://animehistory.org/uploads/screencaps/outlaw-star-E009-A-Journey-of-Adventure-Huh/cap_00-09-43_1b65.jpg,Outlaw Star Ep 9: A Journey of Adventure! Huh? @ 00:09:43,https://animehistory.org/gallery/screencaps/outlaw-star/episode-9/,https://animehistory.org/gallery/screencaps/outlaw-star/episode-9/?page=2,2,2026-10-07T01:49:14.537708+00:00,6e925ed36e28f1a6ba8582a70e39e4c22f5ad7a55a926b1a092a98cf31049d72,,UNVERIFIED
EP-09,A Journey of Adventure! Huh?,00:09:47,587,849738,https://animehistory.org/uploads/screencaps/outlaw-star-E009-A-Journey-of-Adventure-Huh/cap_00-09-47_74a9.jpg,Outlaw Star Ep 9: A Journey of Adventure! Huh? @ 00:09:47,https://animehistory.org/gallery/screencaps/outlaw-star/episode-9/,https://animehistory.org/gallery/screencaps/outlaw-star/episode-9/?page=2,2,2026-10-07T01:49:14.537708+00:00,6e925ed36e28f1a6ba8582a70e39e4c22f5ad7a55a926b1a092a98cf31049d72,,UNVERIFIED
EP-09,A Journey of Adventure! Huh?,00:09:50,590,849739,https://animehistory.org/uploads/screencaps/outlaw-star-E009-A-Journey-of-Adventure-Huh/cap_00-09-50_3e29.jpg,Outlaw Star Ep 9: A Journey of Adventure! Huh? @ 00:09:50,https://animehistory.org/gallery/screencaps/outlaw-star/episode-9/,https://animehistory.org/gallery/screencaps/outlaw-star/episode-9/?page=2,2,2026-10-07T01:49:14.537708+00:00,6e925ed36e28f1a6ba8582a70e39e4c22f5ad7a55a926b1a092a98cf31049d72,,UNVERIFIED
EP-09,A Journey of Adventure! Huh?,00:09:54,594,849740,https://animehistory.org/uploads/screencaps/outlaw-star-E009-A-Journey-of-Adventure-Huh/cap_00-09-54_26fc.jpg,Outlaw Star Ep 9: A Journey of Adventure! Huh? @ 00:09:54,https://animehistory.org/gallery/screencaps/outlaw-star/episode-9/,https://animehistory.org/gallery/screencaps/outlaw-star/episode-9/?page=2,2,2026-10-07T01:49:14.537708+00:00,6e925ed36e28f1a6ba8582a70e39e4c22f5ad7a55a926b1a092a98cf31049d72,,UNVERIFIED
EP-09,A Journey of Adventure! Huh?,00:09:58,598,849741,https://animehistory.org/uploads/screencaps/outlaw-star-E009-A-Journey-of-Adventure-Huh/cap_00-09-58_7853.jpg,Outlaw Star Ep 9: A Journey of Adventure! Huh? @ 00:09:58,https://animehistory.org/gallery/screencaps/outlaw-star/episode-9/,https://animehistory.org/gallery/screencaps/outlaw-star/episode-9/?page=2,2,2026-10-07T01:49:14.537708+00:00,6e925ed36e28f1a6ba8582a70e39e4c22f5ad7a55a926b1a092a98cf31049d72,,UNVERIFIED
EP-09,A Journey of Adventure! Huh?,00:10:01,601,849742,https://animehistory.org/uploads/screencaps/outlaw-star-E009-A-Journey-of-Adventure-Huh/cap_00-10-01_0d9a.jpg,Outlaw Star Ep 9: A Journey of Adventure! Huh? @ 00:10:01,https://animehistory.org/gallery/screencaps/outlaw-star/episode-9/,https://animehistory.org/gallery/screencaps/outlaw-star/episode-9/?page=2,2,2026-10-07T01:49:14.537708+00:00,6e925ed36e28f1a6ba8582a70e39e4c22f5ad7a55a926b1a092a98cf31049d72,,UNVERIFIED
EP-09,A Journey of Adventure! Huh?,00:10:05,605,849743,https://animehistory.org/uploads/screencaps/outlaw-star-E009-A-Journey-of-Adventure-Huh/cap_00-10-05_56c0.jpg,Outlaw Star Ep 9: A Journey of Adventure! Huh? @ 00:10:05,https://animehistory.org/gallery/screencaps/outlaw-star/episode-9/,https://animehistory.org/gallery/screencaps/outlaw-star/episode-9/?page=2,2,2026-10-07T01:49:14.537708+00:00,6e925ed36e28f1a6ba8582a70e39e4c22f5ad7a55a926b1a092a98cf31049d72,,UNVERIFIED
EP-09,A Journey of Adventure! Huh?,00:10:09,609,849744,https://animehistory.org/uploads/screencaps/outlaw-star-E009-A-Journey-of-Adventure-Huh/cap_00-10-09_452f.jpg,Outlaw Star Ep 9: A Journey of Adventure! Huh? @ 00:10:09,https://animehistory.org/gallery/screencaps/outlaw-star/episode-9/,https://animehistory.org/gallery/screencaps/outlaw-star/episode-9/?page=2,2,2026-10-07T01:49:14.537708+00:00,6e925ed36e28f1a6ba8582a70e39e4c22f5ad7a55a926b1a092a98cf31049d72,,UNVERIFIED
EP-09,A Journey of Adventure! Huh?,00:10:12,612,849745,https://animehistory.org/uploads/screencaps/outlaw-star-E009-A-Journey-of-Adventure-Huh/cap_00-10-12_1612.jpg,Outlaw Star Ep 9: A Journey of Adventure! Huh? @ 00:10:12,https://animehistory.org/gallery/screencaps/outlaw-star/episode-9/,https://animehistory.org/gallery/screencaps/outlaw-star/episode-9/?page=2,2,2026-10-07T01:49:14.537708+00:00,6e925ed36e28f1a6ba8582a70e39e4c22f5ad7a55a926b1a092a98cf31049d72,,UNVERIFIED
EP-09,A Journey of Adventure! Huh?,00:10:16,616,849746,https://animehistory.org/uploads/screencaps/outlaw-star-E009-A-Journey-of-Adventure-Huh/cap_00-10-16_2cad.jpg,Outlaw Star Ep 9: A Journey of Adventure! Huh? @ 00:10:16,https://animehistory.org/gallery/screencaps/outlaw-star/episode-9/,https://animehistory.org/gallery/screencaps/outlaw-star/episode-9/?page=2,2,2026-10-07T01:49:14.537708+00:00,6e925ed36e28f1a6ba8582a70e39e4c22f5ad7a55a926b1a092a98cf31049d72,,UNVERIFIED
EP-09,A Journey of Adventure! Huh?,00:10:20,620,849747,https://animehistory.org/uploads/screencaps/outlaw-star-E009-A-Journey-of-Adventure-Huh/cap_00-10-20_1412.jpg,Outlaw Star Ep 9: A Journey of Adventure! Huh? @ 00:10:20,https://animehistory.org/gallery/screencaps/outlaw-star/episode-9/,https://animehistory.org/gallery/screencaps/outlaw-star/episode-9/?page=2,2,2026-10-07T01:49:14.537708+00:00,6e925ed36e28f1a6ba8582a70e39e4c22f5ad7a55a926b1a092a98cf31049d72,,UNVERIFIED
EP-09,A Journey of Adventure! Huh?,00:10:23,623,849748,https://animehistory.org/uploads/screencaps/outlaw-star-E009-A-Journey-of-Adventure-Huh/cap_00-10-23_02ea.jpg,Outlaw Star Ep 9: A Journey of Adventure! Huh? @ 00:10:23,https://animehistory.org/gallery/screencaps/outlaw-star/episode-9/,https://animehistory.org/gallery/screencaps/outlaw-star/episode-9/?page=2,2,2026-10-07T01:49:14.537708+00:00,6e925ed36e28f1a6ba8582a70e39e4c22f5ad7a55a926b1a092a98cf31049d72,,UNVERIFIED
EP-09,A Journey of Adventure! Huh?,00:10:27,627,849749,https://animehistory.org/uploads/screencaps/outlaw-star-E009-A-Journey-of-Adventure-Huh/cap_00-10-27_16bf.jpg,Outlaw Star Ep 9: A Journey of Adventure! Huh? @ 00:10:27,https://animehistory.org/gallery/screencaps/outlaw-star/episode-9/,https://animehistory.org/gallery/screencaps/outlaw-star/episode-9/?page=2,2,2026-10-07T01:49:14.537708+00:00,6e925ed36e28f1a6ba8582a70e39e4c22f5ad7a55a926b1a092a98cf31049d72,,UNVERIFIED
EP-09,A Journey of Adventure! Huh?,00:10:30,630,849750,https://animehistory.org/uploads/screencaps/outlaw-star-E009-A-Journey-of-Adventure-Huh/cap_00-10-30_680d.jpg,Outlaw Star Ep 9: A Journey of Adventure! Huh? @ 00:10:30,https://animehistory.org/gallery/screencaps/outlaw-star/episode-9/,https://animehistory.org/gallery/screencaps/outlaw-star/episode-9/?page=2,2,2026-10-07T01:49:14.537708+00:00,6e925ed36e28f1a6ba8582a70e39e4c22f5ad7a55a926b1a092a98cf31049d72,,UNVERIFIED
EP-09,A Journey of Adventure! Huh?,00:10:34,634,849751,https://animehistory.org/uploads/screencaps/outlaw-star-E009-A-Journey-of-Adventure-Huh/cap_00-10-34_75ce.jpg,Outlaw Star Ep 9: A Journey of Adventure! Huh? @ 00:10:34,https://animehistory.org/gallery/screencaps/outlaw-star/episode-9/,https://animehistory.org/gallery/screencaps/outlaw-star/episode-9/?page=2,2,2026-10-07T01:49:14.537708+00:00,6e925ed36e28f1a6ba8582a70e39e4c22f5ad7a55a926b1a092a98cf31049d72,,UNVERIFIED
EP-09,A Journey of Adventure! Huh?,00:10:38,638,849752,https://animehistory.org/uploads/screencaps/outlaw-star-E009-A-Journey-of-Adventure-Huh/cap_00-10-38_0d20.jpg,Outlaw Star Ep 9: A Journey of Adventure! Huh? @ 00:10:38,https://animehistory.org/gallery/screencaps/outlaw-star/episode-9/,https://animehistory.org/gallery/screencaps/outlaw-star/episode-9/?page=2,2,2026-10-07T01:49:14.537708+00:00,6e925ed36e28f1a6ba8582a70e39e4c22f5ad7a55a926b1a092a98cf31049d72,,UNVERIFIED
EP-09,A Journey of Adventure! Huh?,00:10:41,641,849753,https://animehistory.org/uploads/screencaps/outlaw-star-E009-A-Journey-of-Adventure-Huh/cap_00-10-41_39a7.jpg,Outlaw Star Ep 9: A Journey of Adventure! Huh? @ 00:10:41,https://animehistory.org/gallery/screencaps/outlaw-star/episode-9/,https://animehistory.org/gallery/screencaps/outlaw-star/episode-9/?page=2,2,2026-10-07T01:49:14.537708+00:00,6e925ed36e28f1a6ba8582a70e39e4c22f5ad7a55a926b1a092a98cf31049d72,,UNVERIFIED
EP-09,A Journey of Adventure! Huh?,00:10:45,645,849754,https://animehistory.org/uploads/screencaps/outlaw-star-E009-A-Journey-of-Adventure-Huh/cap_00-10-45_1c32.jpg,Outlaw Star Ep 9: A Journey of Adventure! Huh? @ 00:10:45,https://animehistory.org/gallery/screencaps/outlaw-star/episode-9/,https://animehistory.org/gallery/screencaps/outlaw-star/episode-9/?page=2,2,2026-10-07T01:49:14.537708+00:00,6e925ed36e28f1a6ba8582a70e39e4c22f5ad7a55a926b1a092a98cf31049d72,,UNVERIFIED
EP-09,A Journey of Adventure! Huh?,00:10:49,649,849755,https://animehistory.org/uploads/screencaps/outlaw-star-E009-A-Journey-of-Adventure-Huh/cap_00-10-49_0c17.jpg,Outlaw Star Ep 9: A Journey of Adventure! Huh? @ 00:10:49,https://animehistory.org/gallery/screencaps/outlaw-star/episode-9/,https://animehistory.org/gallery/screencaps/outlaw-star/episode-9/?page=2,2,2026-10-07T01:49:14.537708+00:00,6e925ed36e28f1a6ba8582a70e39e4c22f5ad7a55a926b1a092a98cf31049d72,,UNVERIFIED
EP-09,A Journey of Adventure! Huh?,00:10:52,652,849756,https://animehistory.org/uploads/screencaps/outlaw-star-E009-A-Journey-of-Adventure-Huh/cap_00-10-52_2140.jpg,Outlaw Star Ep 9: A Journey of Adventure! Huh? @ 00:10:52,https://animehistory.org/gallery/screencaps/outlaw-star/episode-9/,https://animehistory.org/gallery/screencaps/outlaw-star/episode-9/?page=2,2,2026-10-07T01:49:14.537708+00:00,6e925ed36e28f1a6ba8582a70e39e4c22f5ad7a55a926b1a092a98cf31049d72,,UNVERIFIED
EP-09,A Journey of Adventure! Huh?,00:10:56,656,849757,https://animehistory.org/uploads/screencaps/outlaw-star-E009-A-Journey-of-Adventure-Huh/cap_00-10-56_0a52.jpg,Outlaw Star Ep 9: A Journey of Adventure! Huh? @ 00:10:56,https://animehistory.org/gallery/screencaps/outlaw-star/episode-9/,https://animehistory.org/gallery/screencaps/outlaw-star/episode-9/?page=2,2,2026-10-07T01:49:14.537708+00:00,6e925ed36e28f1a6ba8582a70e39e4c22f5ad7a55a926b1a092a98cf31049d72,,UNVERIFIED
EP-09,A Journey of Adventure! Huh?,00:11:00,660,849758,https://animehistory.org/uploads/screencaps/outlaw-star-E009-A-Journey-of-Adventure-Huh/cap_00-11-00_6cc1.jpg,Outlaw Star Ep 9: A Journey of Adventure! Huh? @ 00:11:00,https://animehistory.org/gallery/screencaps/outlaw-star/episode-9/,https://animehistory.org/gallery/screencaps/outlaw-star/episode-9/?page=2,2,2026-10-07T01:49:14.537708+00:00,6e925ed36e28f1a6ba8582a70e39e4c22f5ad7a55a926b1a092a98cf31049d72,,UNVERIFIED
EP-09,A Journey of Adventure! Huh?,00:11:03,663,849759,https://animehistory.org/uploads/screencaps/outlaw-star-E009-A-Journey-of-Adventure-Huh/cap_00-11-03_6b0d.jpg,Outlaw Star Ep 9: A Journey of Adventure! Huh? @ 00:11:03,https://animehistory.org/gallery/screencaps/outlaw-star/episode-9/,https://animehistory.org/gallery/screencaps/outlaw-star/episode-9/?page=2,2,2026-10-07T01:49:14.537708+00:00,6e925ed36e28f1a6ba8582a70e39e4c22f5ad7a55a926b1a092a98cf31049d72,,UNVERIFIED
EP-09,A Journey of Adventure! Huh?,00:11:07,667,849760,https://animehistory.org/uploads/screencaps/outlaw-star-E009-A-Journey-of-Adventure-Huh/cap_00-11-07_3034.jpg,Outlaw Star Ep 9: A Journey of Adventure! Huh? @ 00:11:07,https://animehistory.org/gallery/screencaps/outlaw-star/episode-9/,https://animehistory.org/gallery/screencaps/outlaw-star/episode-9/?page=2,2,2026-10-07T01:49:14.537708+00:00,6e925ed36e28f1a6ba8582a70e39e4c22f5ad7a55a926b1a092a98cf31049d72,,UNVERIFIED
EP-09,A Journey of Adventure! Huh?,00:11:10,670,849761,https://animehistory.org/uploads/screencaps/outlaw-star-E009-A-Journey-of-Adventure-Huh/cap_00-11-10_0b7c.jpg,Outlaw Star Ep 9: A Journey of Adventure! Huh? @ 00:11:10,https://animehistory.org/gallery/screencaps/outlaw-star/episode-9/,https://animehistory.org/gallery/screencaps/outlaw-star/episode-9/?page=2,2,2026-10-07T01:49:14.537708+00:00,6e925ed36e28f1a6ba8582a70e39e4c22f5ad7a55a926b1a092a98cf31049d72,,UNVERIFIED
EP-09,A Journey of Adventure! Huh?,00:11:14,674,849762,https://animehistory.org/uploads/screencaps/outlaw-star-E009-A-Journey-of-Adventure-Huh/cap_00-11-14_7baf.jpg,Outlaw Star Ep 9: A Journey of Adventure! Huh? @ 00:11:14,https://animehistory.org/gallery/screencaps/outlaw-star/episode-9/,https://animehistory.org/gallery/screencaps/outlaw-star/episode-9/?page=2,2,2026-10-07T01:49:14.537708+00:00,6e925ed36e28f1a6ba8582a70e39e4c22f5ad7a55a926b1a092a98cf31049d72,,UNVERIFIED
EP-09,A Journey of Adventure! Huh?,00:11:18,678,849763,https://animehistory.org/uploads/screencaps/outlaw-star-E009-A-Journey-of-Adventure-Huh/cap_00-11-18_024b.jpg,Outlaw Star Ep 9: A Journey of Adventure! Huh? @ 00:11:18,https://animehistory.org/gallery/screencaps/outlaw-star/episode-9/,https://animehistory.org/gallery/screencaps/outlaw-star/episode-9/?page=2,2,2026-10-07T01:49:14.537708+00:00,6e925ed36e28f1a6ba8582a70e39e4c22f5ad7a55a926b1a092a98cf31049d72,,UNVERIFIED
EP-09,A Journey of Adventure! Huh?,00:11:21,681,849764,https://animehistory.org/uploads/screencaps/outlaw-star-E009-A-Journey-of-Adventure-Huh/cap_00-11-21_698f.jpg,Outlaw Star Ep 9: A Journey of Adventure! Huh? @ 00:11:21,https://animehistory.org/gallery/screencaps/outlaw-star/episode-9/,https://animehistory.org/gallery/screencaps/outlaw-star/episode-9/?page=2,2,2026-10-07T01:49:14.537708+00:00,6e925ed36e28f1a6ba8582a70e39e4c22f5ad7a55a926b1a092a98cf31049d72,,UNVERIFIED
EP-09,A Journey of Adventure! Huh?,00:11:25,685,849765,https://animehistory.org/uploads/screencaps/outlaw-star-E009-A-Journey-of-Adventure-Huh/cap_00-11-25_5849.jpg,Outlaw Star Ep 9: A Journey of Adventure! Huh? @ 00:11:25,https://animehistory.org/gallery/screencaps/outlaw-star/episode-9/,https://animehistory.org/gallery/screencaps/outlaw-star/episode-9/?page=2,2,2026-10-07T01:49:14.537708+00:00,6e925ed36e28f1a6ba8582a70e39e4c22f5ad7a55a926b1a092a98cf31049d72,,UNVERIFIED
EP-09,A Journey of Adventure! Huh?,00:11:29,689,849766,https://animehistory.org/uploads/screencaps/outlaw-star-E009-A-Journey-of-Adventure-Huh/cap_00-11-29_30e7.jpg,Outlaw Star Ep 9: A Journey of Adventure! Huh? @ 00:11:29,https://animehistory.org/gallery/screencaps/outlaw-star/episode-9/,https://animehistory.org/gallery/screencaps/outlaw-star/episode-9/?page=2,2,2026-10-07T01:49:14.537708+00:00,6e925ed36e28f1a6ba8582a70e39e4c22f5ad7a55a926b1a092a98cf31049d72,,UNVERIFIED
EP-09,A Journey of Adventure! Huh?,00:11:32,692,849767,https://animehistory.org/uploads/screencaps/outlaw-star-E009-A-Journey-of-Adventure-Huh/cap_00-11-32_36f4.jpg,Outlaw Star Ep 9: A Journey of Adventure! Huh? @ 00:11:32,https://animehistory.org/gallery/screencaps/outlaw-star/episode-9/,https://animehistory.org/gallery/screencaps/outlaw-star/episode-9/?page=2,2,2026-10-07T01:49:14.537708+00:00,6e925ed36e28f1a6ba8582a70e39e4c22f5ad7a55a926b1a092a98cf31049d72,,UNVERIFIED
EP-09,A Journey of Adventure! Huh?,00:11:36,696,849768,https://animehistory.org/uploads/screencaps/outlaw-star-E009-A-Journey-of-Adventure-Huh/cap_00-11-36_23ca.jpg,Outlaw Star Ep 9: A Journey of Adventure! Huh? @ 00:11:36,https://animehistory.org/gallery/screencaps/outlaw-star/episode-9/,https://animehistory.org/gallery/screencaps/outlaw-star/episode-9/?page=2,2,2026-10-07T01:49:14.537708+00:00,6e925ed36e28f1a6ba8582a70e39e4c22f5ad7a55a926b1a092a98cf31049d72,,UNVERIFIED
EP-09,A Journey of Adventure! Huh?,00:11:40,700,849769,https://animehistory.org/uploads/screencaps/outlaw-star-E009-A-Journey-of-Adventure-Huh/cap_00-11-40_7978.jpg,Outlaw Star Ep 9: A Journey of Adventure! Huh? @ 00:11:40,https://animehistory.org/gallery/screencaps/outlaw-star/episode-9/,https://animehistory.org/gallery/screencaps/outlaw-star/episode-9/?page=2,2,2026-10-07T01:49:14.537708+00:00,6e925ed36e28f1a6ba8582a70e39e4c22f5ad7a55a926b1a092a98cf31049d72,,UNVERIFIED
EP-09,A Journey of Adventure! Huh?,00:11:43,703,849770,https://animehistory.org/uploads/screencaps/outlaw-star-E009-A-Journey-of-Adventure-Huh/cap_00-11-43_12bd.jpg,Outlaw Star Ep 9: A Journey of Adventure! Huh? @ 00:11:43,https://animehistory.org/gallery/screencaps/outlaw-star/episode-9/,https://animehistory.org/gallery/screencaps/outlaw-star/episode-9/?page=2,2,2026-10-07T01:49:14.537708+00:00,6e925ed36e28f1a6ba8582a70e39e4c22f5ad7a55a926b1a092a98cf31049d72,,UNVERIFIED
EP-09,A Journey of Adventure! Huh?,00:11:47,707,849771,https://animehistory.org/uploads/screencaps/outlaw-star-E009-A-Journey-of-Adventure-Huh/cap_00-11-47_7215.jpg,Outlaw Star Ep 9: A Journey of Adventure! Huh? @ 00:11:47,https://animehistory.org/gallery/screencaps/outlaw-star/episode-9/,https://animehistory.org/gallery/screencaps/outlaw-star/episode-9/?page=2,2,2026-10-07T01:49:14.537708+00:00,6e925ed36e28f1a6ba8582a70e39e4c22f5ad7a55a926b1a092a98cf31049d72,,UNVERIFIED
EP-09,A Journey of Adventure! Huh?,00:11:50,710,849772,https://animehistory.org/uploads/screencaps/outlaw-star-E009-A-Journey-of-Adventure-Huh/cap_00-11-50_56d9.jpg,Outlaw Star Ep 9: A Journey of Adventure! Huh? @ 00:11:50,https://animehistory.org/gallery/screencaps/outlaw-star/episode-9/,https://animehistory.org/gallery/screencaps/outlaw-star/episode-9/?page=2,2,2026-10-07T01:49:14.537708+00:00,6e925ed36e28f1a6ba8582a70e39e4c22f5ad7a55a926b1a092a98cf31049d72,,UNVERIFIED
EP-09,A Journey of Adventure! Huh?,00:11:54,714,849773,https://animehistory.org/uploads/screencaps/outlaw-star-E009-A-Journey-of-Adventure-Huh/cap_00-11-54_6437.jpg,Outlaw Star Ep 9: A Journey of Adventure! Huh? @ 00:11:54,https://animehistory.org/gallery/screencaps/outlaw-star/episode-9/,https://animehistory.org/gallery/screencaps/outlaw-star/episode-9/?page=2,2,2026-10-07T01:49:14.537708+00:00,6e925ed36e28f1a6ba8582a70e39e4c22f5ad7a55a926b1a092a98cf31049d72,,UNVERIFIED
EP-09,A Journey of Adventure! Huh?,00:11:58,718,849774,https://animehistory.org/uploads/screencaps/outlaw-star-E009-A-Journey-of-Adventure-Huh/cap_00-11-58_66b3.jpg,Outlaw Star Ep 9: A Journey of Adventure! Huh? @ 00:11:58,https://animehistory.org/gallery/screencaps/outlaw-star/episode-9/,https://animehistory.org/gallery/screencaps/outlaw-star/episode-9/?page=2,2,2026-10-07T01:49:14.537708+00:00,6e925ed36e28f1a6ba8582a70e39e4c22f5ad7a55a926b1a092a98cf31049d72,,UNVERIFIED
EP-09,A Journey of Adventure! Huh?,00:12:01,721,849775,https://animehistory.org/uploads/screencaps/outlaw-star-E009-A-Journey-of-Adventure-Huh/cap_00-12-01_33e6.jpg,Outlaw Star Ep 9: A Journey of Adventure! Huh? @ 00:12:01,https://animehistory.org/gallery/screencaps/outlaw-star/episode-9/,https://animehistory.org/gallery/screencaps/outlaw-star/episode-9/?page=2,2,2026-10-07T01:49:14.537708+00:00,6e925ed36e28f1a6ba8582a70e39e4c22f5ad7a55a926b1a092a98cf31049d72,,UNVERIFIED
EP-09,A Journey of Adventure! Huh?,00:12:05,725,849776,https://animehistory.org/uploads/screencaps/outlaw-star-E009-A-Journey-of-Adventure-Huh/cap_00-12-05_225a.jpg,Outlaw Star Ep 9: A Journey of Adventure! Huh? @ 00:12:05,https://animehistory.org/gallery/screencaps/outlaw-star/episode-9/,https://animehistory.org/gallery/screencaps/outlaw-star/episode-9/?page=2,2,2026-10-07T01:49:14.537708+00:00,6e925ed36e28f1a6ba8582a70e39e4c22f5ad7a55a926b1a092a98cf31049d72,,UNVERIFIED
EP-09,A Journey of Adventure! Huh?,00:12:09,729,849777,https://animehistory.org/uploads/screencaps/outlaw-star-E009-A-Journey-of-Adventure-Huh/cap_00-12-09_55ab.jpg,Outlaw Star Ep 9: A Journey of Adventure! Huh? @ 00:12:09,https://animehistory.org/gallery/screencaps/outlaw-star/episode-9/,https://animehistory.org/gallery/screencaps/outlaw-star/episode-9/?page=2,2,2026-10-07T01:49:14.537708+00:00,6e925ed36e28f1a6ba8582a70e39e4c22f5ad7a55a926b1a092a98cf31049d72,,UNVERIFIED
EP-09,A Journey of Adventure! Huh?,00:12:12,732,849778,https://animehistory.org/uploads/screencaps/outlaw-star-E009-A-Journey-of-Adventure-Huh/cap_00-12-12_2473.jpg,Outlaw Star Ep 9: A Journey of Adventure! Huh? @ 00:12:12,https://animehistory.org/gallery/screencaps/outlaw-star/episode-9/,https://animehistory.org/gallery/screencaps/outlaw-star/episode-9/?page=2,2,2026-10-07T01:49:14.537708+00:00,6e925ed36e28f1a6ba8582a70e39e4c22f5ad7a55a926b1a092a98cf31049d72,,UNVERIFIED
EP-09,A Journey of Adventure! Huh?,00:12:16,736,849779,https://animehistory.org/uploads/screencaps/outlaw-star-E009-A-Journey-of-Adventure-Huh/cap_00-12-16_6da4.jpg,Outlaw Star Ep 9: A Journey of Adventure! Huh? @ 00:12:16,https://animehistory.org/gallery/screencaps/outlaw-star/episode-9/,https://animehistory.org/gallery/screencaps/outlaw-star/episode-9/?page=2,2,2026-10-07T01:49:14.537708+00:00,6e925ed36e28f1a6ba8582a70e39e4c22f5ad7a55a926b1a092a98cf31049d72,,UNVERIFIED
EP-09,A Journey of Adventure! Huh?,00:12:20,740,849780,https://animehistory.org/uploads/screencaps/outlaw-star-E009-A-Journey-of-Adventure-Huh/cap_00-12-20_5c3a.jpg,Outlaw Star Ep 9: A Journey of Adventure! Huh? @ 00:12:20,https://animehistory.org/gallery/screencaps/outlaw-star/episode-9/,https://animehistory.org/gallery/screencaps/outlaw-star/episode-9/?page=2,2,2026-10-07T01:49:14.537708+00:00,6e925ed36e28f1a6ba8582a70e39e4c22f5ad7a55a926b1a092a98cf31049d72,,UNVERIFIED
EP-09,A Journey of Adventure! Huh?,00:12:23,743,849781,https://animehistory.org/uploads/screencaps/outlaw-star-E009-A-Journey-of-Adventure-Huh/cap_00-12-23_7a8e.jpg,Outlaw Star Ep 9: A Journey of Adventure! Huh? @ 00:12:23,https://animehistory.org/gallery/screencaps/outlaw-star/episode-9/,https://animehistory.org/gallery/screencaps/outlaw-star/episode-9/?page=2,2,2026-10-07T01:49:14.537708+00:00,6e925ed36e28f1a6ba8582a70e39e4c22f5ad7a55a926b1a092a98cf31049d72,,UNVERIFIED
EP-09,A Journey of Adventure! Huh?,00:12:27,747,849782,https://animehistory.org/uploads/screencaps/outlaw-star-E009-A-Journey-of-Adventure-Huh/cap_00-12-27_4680.jpg,Outlaw Star Ep 9: A Journey of Adventure! Huh? @ 00:12:27,https://animehistory.org/gallery/screencaps/outlaw-star/episode-9/,https://animehistory.org/gallery/screencaps/outlaw-star/episode-9/?page=2,2,2026-10-07T01:49:14.537708+00:00,6e925ed36e28f1a6ba8582a70e39e4c22f5ad7a55a926b1a092a98cf31049d72,,UNVERIFIED
EP-09,A Journey of Adventure! Huh?,00:12:30,750,849783,https://animehistory.org/uploads/screencaps/outlaw-star-E009-A-Journey-of-Adventure-Huh/cap_00-12-30_79f2.jpg,Outlaw Star Ep 9: A Journey of Adventure! Huh? @ 00:12:30,https://animehistory.org/gallery/screencaps/outlaw-star/episode-9/,https://animehistory.org/gallery/screencaps/outlaw-star/episode-9/?page=2,2,2026-10-07T01:49:14.537708+00:00,6e925ed36e28f1a6ba8582a70e39e4c22f5ad7a55a926b1a092a98cf31049d72,,UNVERIFIED
EP-09,A Journey of Adventure! Huh?,00:12:34,754,849784,https://animehistory.org/uploads/screencaps/outlaw-star-E009-A-Journey-of-Adventure-Huh/cap_00-12-34_39f0.jpg,Outlaw Star Ep 9: A Journey of Adventure! Huh? @ 00:12:34,https://animehistory.org/gallery/screencaps/outlaw-star/episode-9/,https://animehistory.org/gallery/screencaps/outlaw-star/episode-9/?page=2,2,2026-10-07T01:49:14.537708+00:00,6e925ed36e28f1a6ba8582a70e39e4c22f5ad7a55a926b1a092a98cf31049d72,,UNVERIFIED
EP-09,A Journey of Adventure! Huh?,00:12:38,758,849785,https://animehistory.org/uploads/screencaps/outlaw-star-E009-A-Journey-of-Adventure-Huh/cap_00-12-38_55dd.jpg,Outlaw Star Ep 9: A Journey of Adventure! Huh? @ 00:12:38,https://animehistory.org/gallery/screencaps/outlaw-star/episode-9/,https://animehistory.org/gallery/screencaps/outlaw-star/episode-9/?page=2,2,2026-10-07T01:49:14.537708+00:00,6e925ed36e28f1a6ba8582a70e39e4c22f5ad7a55a926b1a092a98cf31049d72,,UNVERIFIED
EP-09,A Journey of Adventure! Huh?,00:12:41,761,849786,https://animehistory.org/uploads/screencaps/outlaw-star-E009-A-Journey-of-Adventure-Huh/cap_00-12-41_4806.jpg,Outlaw Star Ep 9: A Journey of Adventure! Huh? @ 00:12:41,https://animehistory.org/gallery/screencaps/outlaw-star/episode-9/,https://animehistory.org/gallery/screencaps/outlaw-star/episode-9/?page=2,2,2026-10-07T01:49:14.537708+00:00,6e925ed36e28f1a6ba8582a70e39e4c22f5ad7a55a926b1a092a98cf31049d72,,UNVERIFIED
EP-09,A Journey of Adventure! Huh?,00:12:45,765,849787,https://animehistory.org/uploads/screencaps/outlaw-star-E009-A-Journey-of-Adventure-Huh/cap_00-12-45_15d7.jpg,Outlaw Star Ep 9: A Journey of Adventure! Huh? @ 00:12:45,https://animehistory.org/gallery/screencaps/outlaw-star/episode-9/,https://animehistory.org/gallery/screencaps/outlaw-star/episode-9/?page=2,2,2026-10-07T01:49:14.537708+00:00,6e925ed36e28f1a6ba8582a70e39e4c22f5ad7a55a926b1a092a98cf31049d72,,UNVERIFIED
EP-09,A Journey of Adventure! Huh?,00:12:49,769,849788,https://animehistory.org/uploads/screencaps/outlaw-star-E009-A-Journey-of-Adventure-Huh/cap_00-12-49_1dd6.jpg,Outlaw Star Ep 9: A Journey of Adventure! Huh? @ 00:12:49,https://animehistory.org/gallery/screencaps/outlaw-star/episode-9/,https://animehistory.org/gallery/screencaps/outlaw-star/episode-9/?page=2,2,2026-10-07T01:49:14.537708+00:00,6e925ed36e28f1a6ba8582a70e39e4c22f5ad7a55a926b1a092a98cf31049d72,,UNVERIFIED
EP-09,A Journey of Adventure! Huh?,00:12:52,772,849789,https://animehistory.org/uploads/screencaps/outlaw-star-E009-A-Journey-of-Adventure-Huh/cap_00-12-52_7d5c.jpg,Outlaw Star Ep 9: A Journey of Adventure! Huh? @ 00:12:52,https://animehistory.org/gallery/screencaps/outlaw-star/episode-9/,https://animehistory.org/gallery/screencaps/outlaw-star/episode-9/?page=2,2,2026-10-07T01:49:14.537708+00:00,6e925ed36e28f1a6ba8582a70e39e4c22f5ad7a55a926b1a092a98cf31049d72,,UNVERIFIED
EP-09,A Journey of Adventure! Huh?,00:12:56,776,849790,https://animehistory.org/uploads/screencaps/outlaw-star-E009-A-Journey-of-Adventure-Huh/cap_00-12-56_5f67.jpg,Outlaw Star Ep 9: A Journey of Adventure! Huh? @ 00:12:56,https://animehistory.org/gallery/screencaps/outlaw-star/episode-9/,https://animehistory.org/gallery/screencaps/outlaw-star/episode-9/?page=2,2,2026-10-07T01:49:14.537708+00:00,6e925ed36e28f1a6ba8582a70e39e4c22f5ad7a55a926b1a092a98cf31049d72,,UNVERIFIED
EP-09,A Journey of Adventure! Huh?,00:13:00,780,849791,https://animehistory.org/uploads/screencaps/outlaw-star-E009-A-Journey-of-Adventure-Huh/cap_00-13-00_56c4.jpg,Outlaw Star Ep 9: A Journey of Adventure! Huh? @ 00:13:00,https://animehistory.org/gallery/screencaps/outlaw-star/episode-9/,https://animehistory.org/gallery/screencaps/outlaw-star/episode-9/?page=2,2,2026-10-07T01:49:14.537708+00:00,6e925ed36e28f1a6ba8582a70e39e4c22f5ad7a55a926b1a092a98cf31049d72,,UNVERIFIED
EP-09,A Journey of Adventure! Huh?,00:13:03,783,849792,https://animehistory.org/uploads/screencaps/outlaw-star-E009-A-Journey-of-Adventure-Huh/cap_00-13-03_758e.jpg,Outlaw Star Ep 9: A Journey of Adventure! Huh? @ 00:13:03,https://animehistory.org/gallery/screencaps/outlaw-star/episode-9/,https://animehistory.org/gallery/screencaps/outlaw-star/episode-9/?page=2,2,2026-10-07T01:49:14.537708+00:00,6e925ed36e28f1a6ba8582a70e39e4c22f5ad7a55a926b1a092a98cf31049d72,,UNVERIFIED
EP-09,A Journey of Adventure! Huh?,00:13:07,787,849793,https://animehistory.org/uploads/screencaps/outlaw-star-E009-A-Journey-of-Adventure-Huh/cap_00-13-07_52db.jpg,Outlaw Star Ep 9: A Journey of Adventure! Huh? @ 00:13:07,https://animehistory.org/gallery/screencaps/outlaw-star/episode-9/,https://animehistory.org/gallery/screencaps/outlaw-star/episode-9/?page=2,2,2026-10-07T01:49:14.537708+00:00,6e925ed36e28f1a6ba8582a70e39e4c22f5ad7a55a926b1a092a98cf31049d72,,UNVERIFIED
EP-09,A Journey of Adventure! Huh?,00:13:10,790,849794,https://animehistory.org/uploads/screencaps/outlaw-star-E009-A-Journey-of-Adventure-Huh/cap_00-13-10_4ece.jpg,Outlaw Star Ep 9: A Journey of Adventure! Huh? @ 00:13:10,https://animehistory.org/gallery/screencaps/outlaw-star/episode-9/,https://animehistory.org/gallery/screencaps/outlaw-star/episode-9/?page=2,2,2026-10-07T01:49:14.537708+00:00,6e925ed36e28f1a6ba8582a70e39e4c22f5ad7a55a926b1a092a98cf31049d72,,UNVERIFIED
EP-09,A Journey of Adventure! Huh?,00:13:14,794,849795,https://animehistory.org/uploads/screencaps/outlaw-star-E009-A-Journey-of-Adventure-Huh/cap_00-13-14_250e.jpg,Outlaw Star Ep 9: A Journey of Adventure! Huh? @ 00:13:14,https://animehistory.org/gallery/screencaps/outlaw-star/episode-9/,https://animehistory.org/gallery/screencaps/outlaw-star/episode-9/?page=2,2,2026-10-07T01:49:14.537708+00:00,6e925ed36e28f1a6ba8582a70e39e4c22f5ad7a55a926b1a092a98cf31049d72,,UNVERIFIED
EP-09,A Journey of Adventure! Huh?,00:13:18,798,849796,https://animehistory.org/uploads/screencaps/outlaw-star-E009-A-Journey-of-Adventure-Huh/cap_00-13-18_6940.jpg,Outlaw Star Ep 9: A Journey of Adventure! Huh? @ 00:13:18,https://animehistory.org/gallery/screencaps/outlaw-star/episode-9/,https://animehistory.org/gallery/screencaps/outlaw-star/episode-9/?page=2,2,2026-10-07T01:49:14.537708+00:00,6e925ed36e28f1a6ba8582a70e39e4c22f5ad7a55a926b1a092a98cf31049d72,,UNVERIFIED
EP-09,A Journey of Adventure! Huh?,00:13:21,801,849797,https://animehistory.org/uploads/screencaps/outlaw-star-E009-A-Journey-of-Adventure-Huh/cap_00-13-21_0683.jpg,Outlaw Star Ep 9: A Journey of Adventure! Huh? @ 00:13:21,https://animehistory.org/gallery/screencaps/outlaw-star/episode-9/,https://animehistory.org/gallery/screencaps/outlaw-star/episode-9/?page=2,2,2026-10-07T01:49:14.537708+00:00,6e925ed36e28f1a6ba8582a70e39e4c22f5ad7a55a926b1a092a98cf31049d72,,UNVERIFIED
EP-09,A Journey of Adventure! Huh?,00:13:25,805,849798,https://animehistory.org/uploads/screencaps/outlaw-star-E009-A-Journey-of-Adventure-Huh/cap_00-13-25_6030.jpg,Outlaw Star Ep 9: A Journey of Adventure! Huh? @ 00:13:25,https://animehistory.org/gallery/screencaps/outlaw-star/episode-9/,https://animehistory.org/gallery/screencaps/outlaw-star/episode-9/?page=2,2,2026-10-07T01:49:14.537708+00:00,6e925ed36e28f1a6ba8582a70e39e4c22f5ad7a55a926b1a092a98cf31049d72,,UNVERIFIED
EP-09,A Journey of Adventure! Huh?,00:13:29,809,849799,https://animehistory.org/uploads/screencaps/outlaw-star-E009-A-Journey-of-Adventure-Huh/cap_00-13-29_0513.jpg,Outlaw Star Ep 9: A Journey of Adventure! Huh? @ 00:13:29,https://animehistory.org/gallery/screencaps/outlaw-star/episode-9/,https://animehistory.org/gallery/screencaps/outlaw-star/episode-9/?page=2,2,2026-10-07T01:49:14.537708+00:00,6e925ed36e28f1a6ba8582a70e39e4c22f5ad7a55a926b1a092a98cf31049d72,,UNVERIFIED
EP-09,A Journey of Adventure! Huh?,00:13:32,812,849800,https://animehistory.org/uploads/screencaps/outlaw-star-E009-A-Journey-of-Adventure-Huh/cap_00-13-32_263d.jpg,Outlaw Star Ep 9: A Journey of Adventure! Huh? @ 00:13:32,https://animehistory.org/gallery/screencaps/outlaw-star/episode-9/,https://animehistory.org/gallery/screencaps/outlaw-star/episode-9/?page=2,2,2026-10-07T01:49:14.537708+00:00,6e925ed36e28f1a6ba8582a70e39e4c22f5ad7a55a926b1a092a98cf31049d72,,UNVERIFIED
EP-09,A Journey of Adventure! Huh?,00:13:36,816,849801,https://animehistory.org/uploads/screencaps/outlaw-star-E009-A-Journey-of-Adventure-Huh/cap_00-13-36_0300.jpg,Outlaw Star Ep 9: A Journey of Adventure! Huh? @ 00:13:36,https://animehistory.org/gallery/screencaps/outlaw-star/episode-9/,https://animehistory.org/gallery/screencaps/outlaw-star/episode-9/?page=2,2,2026-10-07T01:49:14.537708+00:00,6e925ed36e28f1a6ba8582a70e39e4c22f5ad7a55a926b1a092a98cf31049d72,,UNVERIFIED
EP-09,A Journey of Adventure! Huh?,00:13:40,820,849802,https://animehistory.org/uploads/screencaps/outlaw-star-E009-A-Journey-of-Adventure-Huh/cap_00-13-40_6b87.jpg,Outlaw Star Ep 9: A Journey of Adventure! Huh? @ 00:13:40,https://animehistory.org/gallery/screencaps/outlaw-star/episode-9/,https://animehistory.org/gallery/screencaps/outlaw-star/episode-9/?page=2,2,2026-10-07T01:49:14.537708+00:00,6e925ed36e28f1a6ba8582a70e39e4c22f5ad7a55a926b1a092a98cf31049d72,,UNVERIFIED
EP-09,A Journey of Adventure! Huh?,00:13:43,823,849803,https://animehistory.org/uploads/screencaps/outlaw-star-E009-A-Journey-of-Adventure-Huh/cap_00-13-43_1c94.jpg,Outlaw Star Ep 9: A Journey of Adventure! Huh? @ 00:13:43,https://animehistory.org/gallery/screencaps/outlaw-star/episode-9/,https://animehistory.org/gallery/screencaps/outlaw-star/episode-9/?page=2,2,2026-10-07T01:49:14.537708+00:00,6e925ed36e28f1a6ba8582a70e39e4c22f5ad7a55a926b1a092a98cf31049d72,,UNVERIFIED
EP-09,A Journey of Adventure! Huh?,00:13:47,827,849804,https://animehistory.org/uploads/screencaps/outlaw-star-E009-A-Journey-of-Adventure-Huh/cap_00-13-47_3275.jpg,Outlaw Star Ep 9: A Journey of Adventure! Huh? @ 00:13:47,https://animehistory.org/gallery/screencaps/outlaw-star/episode-9/,https://animehistory.org/gallery/screencaps/outlaw-star/episode-9/?page=2,2,2026-10-07T01:49:14.537708+00:00,6e925ed36e28f1a6ba8582a70e39e4c22f5ad7a55a926b1a092a98cf31049d72,,UNVERIFIED
EP-09,A Journey of Adventure! Huh?,00:13:50,830,849805,https://animehistory.org/uploads/screencaps/outlaw-star-E009-A-Journey-of-Adventure-Huh/cap_00-13-50_08f3.jpg,Outlaw Star Ep 9: A Journey of Adventure! Huh? @ 00:13:50,https://animehistory.org/gallery/screencaps/outlaw-star/episode-9/,https://animehistory.org/gallery/screencaps/outlaw-star/episode-9/?page=3,3,2026-10-07T01:49:15.939999+00:00,59c0f3716b0b2efe64396989b9657137b91de7b8f53082a6391c2f6f66e3e852,,UNVERIFIED
EP-09,A Journey of Adventure! Huh?,00:13:54,834,849806,https://animehistory.org/uploads/screencaps/outlaw-star-E009-A-Journey-of-Adventure-Huh/cap_00-13-54_1931.jpg,Outlaw Star Ep 9: A Journey of Adventure! Huh? @ 00:13:54,https://animehistory.org/gallery/screencaps/outlaw-star/episode-9/,https://animehistory.org/gallery/screencaps/outlaw-star/episode-9/?page=3,3,2026-10-07T01:49:15.939999+00:00,59c0f3716b0b2efe64396989b9657137b91de7b8f53082a6391c2f6f66e3e852,,UNVERIFIED
EP-09,A Journey of Adventure! Huh?,00:13:58,838,849807,https://animehistory.org/uploads/screencaps/outlaw-star-E009-A-Journey-of-Adventure-Huh/cap_00-13-58_679e.jpg,Outlaw Star Ep 9: A Journey of Adventure! Huh? @ 00:13:58,https://animehistory.org/gallery/screencaps/outlaw-star/episode-9/,https://animehistory.org/gallery/screencaps/outlaw-star/episode-9/?page=3,3,2026-10-07T01:49:15.939999+00:00,59c0f3716b0b2efe64396989b9657137b91de7b8f53082a6391c2f6f66e3e852,,UNVERIFIED
EP-09,A Journey of Adventure! Huh?,00:14:01,841,849808,https://animehistory.org/uploads/screencaps/outlaw-star-E009-A-Journey-of-Adventure-Huh/cap_00-14-01_4a8e.jpg,Outlaw Star Ep 9: A Journey of Adventure! Huh? @ 00:14:01,https://animehistory.org/gallery/screencaps/outlaw-star/episode-9/,https://animehistory.org/gallery/screencaps/outlaw-star/episode-9/?page=3,3,2026-10-07T01:49:15.939999+00:00,59c0f3716b0b2efe64396989b9657137b91de7b8f53082a6391c2f6f66e3e852,,UNVERIFIED
EP-09,A Journey of Adventure! Huh?,00:14:05,845,849809,https://animehistory.org/uploads/screencaps/outlaw-star-E009-A-Journey-of-Adventure-Huh/cap_00-14-05_724f.jpg,Outlaw Star Ep 9: A Journey of Adventure! Huh? @ 00:14:05,https://animehistory.org/gallery/screencaps/outlaw-star/episode-9/,https://animehistory.org/gallery/screencaps/outlaw-star/episode-9/?page=3,3,2026-10-07T01:49:15.939999+00:00,59c0f3716b0b2efe64396989b9657137b91de7b8f53082a6391c2f6f66e3e852,,UNVERIFIED
EP-09,A Journey of Adventure! Huh?,00:14:09,849,849810,https://animehistory.org/uploads/screencaps/outlaw-star-E009-A-Journey-of-Adventure-Huh/cap_00-14-09_4910.jpg,Outlaw Star Ep 9: A Journey of Adventure! Huh? @ 00:14:09,https://animehistory.org/gallery/screencaps/outlaw-star/episode-9/,https://animehistory.org/gallery/screencaps/outlaw-star/episode-9/?page=3,3,2026-10-07T01:49:15.939999+00:00,59c0f3716b0b2efe64396989b9657137b91de7b8f53082a6391c2f6f66e3e852,,UNVERIFIED
EP-09,A Journey of Adventure! Huh?,00:14:12,852,849811,https://animehistory.org/uploads/screencaps/outlaw-star-E009-A-Journey-of-Adventure-Huh/cap_00-14-12_49d2.jpg,Outlaw Star Ep 9: A Journey of Adventure! Huh? @ 00:14:12,https://animehistory.org/gallery/screencaps/outlaw-star/episode-9/,https://animehistory.org/gallery/screencaps/outlaw-star/episode-9/?page=3,3,2026-10-07T01:49:15.939999+00:00,59c0f3716b0b2efe64396989b9657137b91de7b8f53082a6391c2f6f66e3e852,,UNVERIFIED
EP-09,A Journey of Adventure! Huh?,00:14:16,856,849812,https://animehistory.org/uploads/screencaps/outlaw-star-E009-A-Journey-of-Adventure-Huh/cap_00-14-16_2af5.jpg,Outlaw Star Ep 9: A Journey of Adventure! Huh? @ 00:14:16,https://animehistory.org/gallery/screencaps/outlaw-star/episode-9/,https://animehistory.org/gallery/screencaps/outlaw-star/episode-9/?page=3,3,2026-10-07T01:49:15.939999+00:00,59c0f3716b0b2efe64396989b9657137b91de7b8f53082a6391c2f6f66e3e852,,UNVERIFIED
EP-09,A Journey of Adventure! Huh?,00:14:20,860,849813,https://animehistory.org/uploads/screencaps/outlaw-star-E009-A-Journey-of-Adventure-Huh/cap_00-14-20_28c8.jpg,Outlaw Star Ep 9: A Journey of Adventure! Huh? @ 00:14:20,https://animehistory.org/gallery/screencaps/outlaw-star/episode-9/,https://animehistory.org/gallery/screencaps/outlaw-star/episode-9/?page=3,3,2026-10-07T01:49:15.939999+00:00,59c0f3716b0b2efe64396989b9657137b91de7b8f53082a6391c2f6f66e3e852,,UNVERIFIED
EP-09,A Journey of Adventure! Huh?,00:14:23,863,849814,https://animehistory.org/uploads/screencaps/outlaw-star-E009-A-Journey-of-Adventure-Huh/cap_00-14-23_67ef.jpg,Outlaw Star Ep 9: A Journey of Adventure! Huh? @ 00:14:23,https://animehistory.org/gallery/screencaps/outlaw-star/episode-9/,https://animehistory.org/gallery/screencaps/outlaw-star/episode-9/?page=3,3,2026-10-07T01:49:15.939999+00:00,59c0f3716b0b2efe64396989b9657137b91de7b8f53082a6391c2f6f66e3e852,,UNVERIFIED
EP-09,A Journey of Adventure! Huh?,00:14:27,867,849815,https://animehistory.org/uploads/screencaps/outlaw-star-E009-A-Journey-of-Adventure-Huh/cap_00-14-27_60ea.jpg,Outlaw Star Ep 9: A Journey of Adventure! Huh? @ 00:14:27,https://animehistory.org/gallery/screencaps/outlaw-star/episode-9/,https://animehistory.org/gallery/screencaps/outlaw-star/episode-9/?page=3,3,2026-10-07T01:49:15.939999+00:00,59c0f3716b0b2efe64396989b9657137b91de7b8f53082a6391c2f6f66e3e852,,UNVERIFIED
EP-09,A Journey of Adventure! Huh?,00:14:30,870,849816,https://animehistory.org/uploads/screencaps/outlaw-star-E009-A-Journey-of-Adventure-Huh/cap_00-14-30_5e0a.jpg,Outlaw Star Ep 9: A Journey of Adventure! Huh? @ 00:14:30,https://animehistory.org/gallery/screencaps/outlaw-star/episode-9/,https://animehistory.org/gallery/screencaps/outlaw-star/episode-9/?page=3,3,2026-10-07T01:49:15.939999+00:00,59c0f3716b0b2efe64396989b9657137b91de7b8f53082a6391c2f6f66e3e852,,UNVERIFIED
EP-09,A Journey of Adventure! Huh?,00:14:34,874,849817,https://animehistory.org/uploads/screencaps/outlaw-star-E009-A-Journey-of-Adventure-Huh/cap_00-14-34_788c.jpg,Outlaw Star Ep 9: A Journey of Adventure! Huh? @ 00:14:34,https://animehistory.org/gallery/screencaps/outlaw-star/episode-9/,https://animehistory.org/gallery/screencaps/outlaw-star/episode-9/?page=3,3,2026-10-07T01:49:15.939999+00:00,59c0f3716b0b2efe64396989b9657137b91de7b8f53082a6391c2f6f66e3e852,,UNVERIFIED
EP-09,A Journey of Adventure! Huh?,00:14:38,878,849818,https://animehistory.org/uploads/screencaps/outlaw-star-E009-A-Journey-of-Adventure-Huh/cap_00-14-38_3cd0.jpg,Outlaw Star Ep 9: A Journey of Adventure! Huh? @ 00:14:38,https://animehistory.org/gallery/screencaps/outlaw-star/episode-9/,https://animehistory.org/gallery/screencaps/outlaw-star/episode-9/?page=3,3,2026-10-07T01:49:15.939999+00:00,59c0f3716b0b2efe64396989b9657137b91de7b8f53082a6391c2f6f66e3e852,,UNVERIFIED
EP-09,A Journey of Adventure! Huh?,00:14:41,881,849819,https://animehistory.org/uploads/screencaps/outlaw-star-E009-A-Journey-of-Adventure-Huh/cap_00-14-41_7ddc.jpg,Outlaw Star Ep 9: A Journey of Adventure! Huh? @ 00:14:41,https://animehistory.org/gallery/screencaps/outlaw-star/episode-9/,https://animehistory.org/gallery/screencaps/outlaw-star/episode-9/?page=3,3,2026-10-07T01:49:15.939999+00:00,59c0f3716b0b2efe64396989b9657137b91de7b8f53082a6391c2f6f66e3e852,,UNVERIFIED
EP-09,A Journey of Adventure! Huh?,00:14:45,885,849820,https://animehistory.org/uploads/screencaps/outlaw-star-E009-A-Journey-of-Adventure-Huh/cap_00-14-45_3c21.jpg,Outlaw Star Ep 9: A Journey of Adventure! Huh? @ 00:14:45,https://animehistory.org/gallery/screencaps/outlaw-star/episode-9/,https://animehistory.org/gallery/screencaps/outlaw-star/episode-9/?page=3,3,2026-10-07T01:49:15.939999+00:00,59c0f3716b0b2efe64396989b9657137b91de7b8f53082a6391c2f6f66e3e852,,UNVERIFIED
EP-09,A Journey of Adventure! Huh?,00:14:49,889,849821,https://animehistory.org/uploads/screencaps/outlaw-star-E009-A-Journey-of-Adventure-Huh/cap_00-14-49_124e.jpg,Outlaw Star Ep 9: A Journey of Adventure! Huh? @ 00:14:49,https://animehistory.org/gallery/screencaps/outlaw-star/episode-9/,https://animehistory.org/gallery/screencaps/outlaw-star/episode-9/?page=3,3,2026-10-07T01:49:15.939999+00:00,59c0f3716b0b2efe64396989b9657137b91de7b8f53082a6391c2f6f66e3e852,,UNVERIFIED
EP-09,A Journey of Adventure! Huh?,00:14:52,892,849822,https://animehistory.org/uploads/screencaps/outlaw-star-E009-A-Journey-of-Adventure-Huh/cap_00-14-52_608a.jpg,Outlaw Star Ep 9: A Journey of Adventure! Huh? @ 00:14:52,https://animehistory.org/gallery/screencaps/outlaw-star/episode-9/,https://animehistory.org/gallery/screencaps/outlaw-star/episode-9/?page=3,3,2026-10-07T01:49:15.939999+00:00,59c0f3716b0b2efe64396989b9657137b91de7b8f53082a6391c2f6f66e3e852,,UNVERIFIED
EP-09,A Journey of Adventure! Huh?,00:14:56,896,849823,https://animehistory.org/uploads/screencaps/outlaw-star-E009-A-Journey-of-Adventure-Huh/cap_00-14-56_6b3a.jpg,Outlaw Star Ep 9: A Journey of Adventure! Huh? @ 00:14:56,https://animehistory.org/gallery/screencaps/outlaw-star/episode-9/,https://animehistory.org/gallery/screencaps/outlaw-star/episode-9/?page=3,3,2026-10-07T01:49:15.939999+00:00,59c0f3716b0b2efe64396989b9657137b91de7b8f53082a6391c2f6f66e3e852,,UNVERIFIED
EP-09,A Journey of Adventure! Huh?,00:15:00,900,849824,https://animehistory.org/uploads/screencaps/outlaw-star-E009-A-Journey-of-Adventure-Huh/cap_00-15-00_6621.jpg,Outlaw Star Ep 9: A Journey of Adventure! Huh? @ 00:15:00,https://animehistory.org/gallery/screencaps/outlaw-star/episode-9/,https://animehistory.org/gallery/screencaps/outlaw-star/episode-9/?page=3,3,2026-10-07T01:49:15.939999+00:00,59c0f3716b0b2efe64396989b9657137b91de7b8f53082a6391c2f6f66e3e852,,UNVERIFIED
EP-09,A Journey of Adventure! Huh?,00:15:03,903,849825,https://animehistory.org/uploads/screencaps/outlaw-star-E009-A-Journey-of-Adventure-Huh/cap_00-15-03_6fa7.jpg,Outlaw Star Ep 9: A Journey of Adventure! Huh? @ 00:15:03,https://animehistory.org/gallery/screencaps/outlaw-star/episode-9/,https://animehistory.org/gallery/screencaps/outlaw-star/episode-9/?page=3,3,2026-10-07T01:49:15.939999+00:00,59c0f3716b0b2efe64396989b9657137b91de7b8f53082a6391c2f6f66e3e852,,UNVERIFIED
EP-09,A Journey of Adventure! Huh?,00:15:07,907,849826,https://animehistory.org/uploads/screencaps/outlaw-star-E009-A-Journey-of-Adventure-Huh/cap_00-15-07_63b7.jpg,Outlaw Star Ep 9: A Journey of Adventure! Huh? @ 00:15:07,https://animehistory.org/gallery/screencaps/outlaw-star/episode-9/,https://animehistory.org/gallery/screencaps/outlaw-star/episode-9/?page=3,3,2026-10-07T01:49:15.939999+00:00,59c0f3716b0b2efe64396989b9657137b91de7b8f53082a6391c2f6f66e3e852,,UNVERIFIED
EP-09,A Journey of Adventure! Huh?,00:15:10,910,849827,https://animehistory.org/uploads/screencaps/outlaw-star-E009-A-Journey-of-Adventure-Huh/cap_00-15-10_7992.jpg,Outlaw Star Ep 9: A Journey of Adventure! Huh? @ 00:15:10,https://animehistory.org/gallery/screencaps/outlaw-star/episode-9/,https://animehistory.org/gallery/screencaps/outlaw-star/episode-9/?page=3,3,2026-10-07T01:49:15.939999+00:00,59c0f3716b0b2efe64396989b9657137b91de7b8f53082a6391c2f6f66e3e852,,UNVERIFIED
EP-09,A Journey of Adventure! Huh?,00:15:14,914,849828,https://animehistory.org/uploads/screencaps/outlaw-star-E009-A-Journey-of-Adventure-Huh/cap_00-15-14_3dcf.jpg,Outlaw Star Ep 9: A Journey of Adventure! Huh? @ 00:15:14,https://animehistory.org/gallery/screencaps/outlaw-star/episode-9/,https://animehistory.org/gallery/screencaps/outlaw-star/episode-9/?page=3,3,2026-10-07T01:49:15.939999+00:00,59c0f3716b0b2efe64396989b9657137b91de7b8f53082a6391c2f6f66e3e852,,UNVERIFIED
EP-09,A Journey of Adventure! Huh?,00:15:18,918,849829,https://animehistory.org/uploads/screencaps/outlaw-star-E009-A-Journey-of-Adventure-Huh/cap_00-15-18_055e.jpg,Outlaw Star Ep 9: A Journey of Adventure! Huh? @ 00:15:18,https://animehistory.org/gallery/screencaps/outlaw-star/episode-9/,https://animehistory.org/gallery/screencaps/outlaw-star/episode-9/?page=3,3,2026-10-07T01:49:15.939999+00:00,59c0f3716b0b2efe64396989b9657137b91de7b8f53082a6391c2f6f66e3e852,,UNVERIFIED
EP-09,A Journey of Adventure! Huh?,00:15:21,921,849830,https://animehistory.org/uploads/screencaps/outlaw-star-E009-A-Journey-of-Adventure-Huh/cap_00-15-21_2cf1.jpg,Outlaw Star Ep 9: A Journey of Adventure! Huh? @ 00:15:21,https://animehistory.org/gallery/screencaps/outlaw-star/episode-9/,https://animehistory.org/gallery/screencaps/outlaw-star/episode-9/?page=3,3,2026-10-07T01:49:15.939999+00:00,59c0f3716b0b2efe64396989b9657137b91de7b8f53082a6391c2f6f66e3e852,,UNVERIFIED
EP-09,A Journey of Adventure! Huh?,00:15:25,925,849831,https://animehistory.org/uploads/screencaps/outlaw-star-E009-A-Journey-of-Adventure-Huh/cap_00-15-25_0205.jpg,Outlaw Star Ep 9: A Journey of Adventure! Huh? @ 00:15:25,https://animehistory.org/gallery/screencaps/outlaw-star/episode-9/,https://animehistory.org/gallery/screencaps/outlaw-star/episode-9/?page=3,3,2026-10-07T01:49:15.939999+00:00,59c0f3716b0b2efe64396989b9657137b91de7b8f53082a6391c2f6f66e3e852,,UNVERIFIED
EP-09,A Journey of Adventure! Huh?,00:15:29,929,849832,https://animehistory.org/uploads/screencaps/outlaw-star-E009-A-Journey-of-Adventure-Huh/cap_00-15-29_6f35.jpg,Outlaw Star Ep 9: A Journey of Adventure! Huh? @ 00:15:29,https://animehistory.org/gallery/screencaps/outlaw-star/episode-9/,https://animehistory.org/gallery/screencaps/outlaw-star/episode-9/?page=3,3,2026-10-07T01:49:15.939999+00:00,59c0f3716b0b2efe64396989b9657137b91de7b8f53082a6391c2f6f66e3e852,,UNVERIFIED
EP-09,A Journey of Adventure! Huh?,00:15:32,932,849833,https://animehistory.org/uploads/screencaps/outlaw-star-E009-A-Journey-of-Adventure-Huh/cap_00-15-32_544c.jpg,Outlaw Star Ep 9: A Journey of Adventure! Huh? @ 00:15:32,https://animehistory.org/gallery/screencaps/outlaw-star/episode-9/,https://animehistory.org/gallery/screencaps/outlaw-star/episode-9/?page=3,3,2026-10-07T01:49:15.939999+00:00,59c0f3716b0b2efe64396989b9657137b91de7b8f53082a6391c2f6f66e3e852,,UNVERIFIED
EP-09,A Journey of Adventure! Huh?,00:15:36,936,849834,https://animehistory.org/uploads/screencaps/outlaw-star-E009-A-Journey-of-Adventure-Huh/cap_00-15-36_7753.jpg,Outlaw Star Ep 9: A Journey of Adventure! Huh? @ 00:15:36,https://animehistory.org/gallery/screencaps/outlaw-star/episode-9/,https://animehistory.org/gallery/screencaps/outlaw-star/episode-9/?page=3,3,2026-10-07T01:49:15.939999+00:00,59c0f3716b0b2efe64396989b9657137b91de7b8f53082a6391c2f6f66e3e852,,UNVERIFIED
EP-09,A Journey of Adventure! Huh?,00:15:40,940,849835,https://animehistory.org/uploads/screencaps/outlaw-star-E009-A-Journey-of-Adventure-Huh/cap_00-15-40_6c0d.jpg,Outlaw Star Ep 9: A Journey of Adventure! Huh? @ 00:15:40,https://animehistory.org/gallery/screencaps/outlaw-star/episode-9/,https://animehistory.org/gallery/screencaps/outlaw-star/episode-9/?page=3,3,2026-10-07T01:49:15.939999+00:00,59c0f3716b0b2efe64396989b9657137b91de7b8f53082a6391c2f6f66e3e852,,UNVERIFIED
EP-09,A Journey of Adventure! Huh?,00:15:43,943,849836,https://animehistory.org/uploads/screencaps/outlaw-star-E009-A-Journey-of-Adventure-Huh/cap_00-15-43_182e.jpg,Outlaw Star Ep 9: A Journey of Adventure! Huh? @ 00:15:43,https://animehistory.org/gallery/screencaps/outlaw-star/episode-9/,https://animehistory.org/gallery/screencaps/outlaw-star/episode-9/?page=3,3,2026-10-07T01:49:15.939999+00:00,59c0f3716b0b2efe64396989b9657137b91de7b8f53082a6391c2f6f66e3e852,,UNVERIFIED
EP-09,A Journey of Adventure! Huh?,00:15:47,947,849837,https://animehistory.org/uploads/screencaps/outlaw-star-E009-A-Journey-of-Adventure-Huh/cap_00-15-47_549c.jpg,Outlaw Star Ep 9: A Journey of Adventure! Huh? @ 00:15:47,https://animehistory.org/gallery/screencaps/outlaw-star/episode-9/,https://animehistory.org/gallery/screencaps/outlaw-star/episode-9/?page=3,3,2026-10-07T01:49:15.939999+00:00,59c0f3716b0b2efe64396989b9657137b91de7b8f53082a6391c2f6f66e3e852,,UNVERIFIED
EP-09,A Journey of Adventure! Huh?,00:15:50,950,849838,https://animehistory.org/uploads/screencaps/outlaw-star-E009-A-Journey-of-Adventure-Huh/cap_00-15-50_049d.jpg,Outlaw Star Ep 9: A Journey of Adventure! Huh? @ 00:15:50,https://animehistory.org/gallery/screencaps/outlaw-star/episode-9/,https://animehistory.org/gallery/screencaps/outlaw-star/episode-9/?page=3,3,2026-10-07T01:49:15.939999+00:00,59c0f3716b0b2efe64396989b9657137b91de7b8f53082a6391c2f6f66e3e852,,UNVERIFIED
EP-09,A Journey of Adventure! Huh?,00:15:54,954,849839,https://animehistory.org/uploads/screencaps/outlaw-star-E009-A-Journey-of-Adventure-Huh/cap_00-15-54_5274.jpg,Outlaw Star Ep 9: A Journey of Adventure! Huh? @ 00:15:54,https://animehistory.org/gallery/screencaps/outlaw-star/episode-9/,https://animehistory.org/gallery/screencaps/outlaw-star/episode-9/?page=3,3,2026-10-07T01:49:15.939999+00:00,59c0f3716b0b2efe64396989b9657137b91de7b8f53082a6391c2f6f66e3e852,,UNVERIFIED
EP-09,A Journey of Adventure! Huh?,00:15:58,958,849840,https://animehistory.org/uploads/screencaps/outlaw-star-E009-A-Journey-of-Adventure-Huh/cap_00-15-58_2156.jpg,Outlaw Star Ep 9: A Journey of Adventure! Huh? @ 00:15:58,https://animehistory.org/gallery/screencaps/outlaw-star/episode-9/,https://animehistory.org/gallery/screencaps/outlaw-star/episode-9/?page=3,3,2026-10-07T01:49:15.939999+00:00,59c0f3716b0b2efe64396989b9657137b91de7b8f53082a6391c2f6f66e3e852,,UNVERIFIED
EP-09,A Journey of Adventure! Huh?,00:16:01,961,849841,https://animehistory.org/uploads/screencaps/outlaw-star-E009-A-Journey-of-Adventure-Huh/cap_00-16-01_0516.jpg,Outlaw Star Ep 9: A Journey of Adventure! Huh? @ 00:16:01,https://animehistory.org/gallery/screencaps/outlaw-star/episode-9/,https://animehistory.org/gallery/screencaps/outlaw-star/episode-9/?page=3,3,2026-10-07T01:49:15.939999+00:00,59c0f3716b0b2efe64396989b9657137b91de7b8f53082a6391c2f6f66e3e852,,UNVERIFIED
EP-09,A Journey of Adventure! Huh?,00:16:05,965,849842,https://animehistory.org/uploads/screencaps/outlaw-star-E009-A-Journey-of-Adventure-Huh/cap_00-16-05_2c00.jpg,Outlaw Star Ep 9: A Journey of Adventure! Huh? @ 00:16:05,https://animehistory.org/gallery/screencaps/outlaw-star/episode-9/,https://animehistory.org/gallery/screencaps/outlaw-star/episode-9/?page=3,3,2026-10-07T01:49:15.939999+00:00,59c0f3716b0b2efe64396989b9657137b91de7b8f53082a6391c2f6f66e3e852,,UNVERIFIED
EP-09,A Journey of Adventure! Huh?,00:16:09,969,849843,https://animehistory.org/uploads/screencaps/outlaw-star-E009-A-Journey-of-Adventure-Huh/cap_00-16-09_0398.jpg,Outlaw Star Ep 9: A Journey of Adventure! Huh? @ 00:16:09,https://animehistory.org/gallery/screencaps/outlaw-star/episode-9/,https://animehistory.org/gallery/screencaps/outlaw-star/episode-9/?page=3,3,2026-10-07T01:49:15.939999+00:00,59c0f3716b0b2efe64396989b9657137b91de7b8f53082a6391c2f6f66e3e852,,UNVERIFIED
EP-09,A Journey of Adventure! Huh?,00:16:12,972,849844,https://animehistory.org/uploads/screencaps/outlaw-star-E009-A-Journey-of-Adventure-Huh/cap_00-16-12_5eb7.jpg,Outlaw Star Ep 9: A Journey of Adventure! Huh? @ 00:16:12,https://animehistory.org/gallery/screencaps/outlaw-star/episode-9/,https://animehistory.org/gallery/screencaps/outlaw-star/episode-9/?page=3,3,2026-10-07T01:49:15.939999+00:00,59c0f3716b0b2efe64396989b9657137b91de7b8f53082a6391c2f6f66e3e852,,UNVERIFIED
EP-09,A Journey of Adventure! Huh?,00:16:16,976,849845,https://animehistory.org/uploads/screencaps/outlaw-star-E009-A-Journey-of-Adventure-Huh/cap_00-16-16_58c6.jpg,Outlaw Star Ep 9: A Journey of Adventure! Huh? @ 00:16:16,https://animehistory.org/gallery/screencaps/outlaw-star/episode-9/,https://animehistory.org/gallery/screencaps/outlaw-star/episode-9/?page=3,3,2026-10-07T01:49:15.939999+00:00,59c0f3716b0b2efe64396989b9657137b91de7b8f53082a6391c2f6f66e3e852,,UNVERIFIED
EP-09,A Journey of Adventure! Huh?,00:16:20,980,849846,https://animehistory.org/uploads/screencaps/outlaw-star-E009-A-Journey-of-Adventure-Huh/cap_00-16-20_52a2.jpg,Outlaw Star Ep 9: A Journey of Adventure! Huh? @ 00:16:20,https://animehistory.org/gallery/screencaps/outlaw-star/episode-9/,https://animehistory.org/gallery/screencaps/outlaw-star/episode-9/?page=3,3,2026-10-07T01:49:15.939999+00:00,59c0f3716b0b2efe64396989b9657137b91de7b8f53082a6391c2f6f66e3e852,,UNVERIFIED
EP-09,A Journey of Adventure! Huh?,00:16:23,983,849847,https://animehistory.org/uploads/screencaps/outlaw-star-E009-A-Journey-of-Adventure-Huh/cap_00-16-23_111a.jpg,Outlaw Star Ep 9: A Journey of Adventure! Huh? @ 00:16:23,https://animehistory.org/gallery/screencaps/outlaw-star/episode-9/,https://animehistory.org/gallery/screencaps/outlaw-star/episode-9/?page=3,3,2026-10-07T01:49:15.939999+00:00,59c0f3716b0b2efe64396989b9657137b91de7b8f53082a6391c2f6f66e3e852,,UNVERIFIED
EP-09,A Journey of Adventure! Huh?,00:16:27,987,849848,https://animehistory.org/uploads/screencaps/outlaw-star-E009-A-Journey-of-Adventure-Huh/cap_00-16-27_32d0.jpg,Outlaw Star Ep 9: A Journey of Adventure! Huh? @ 00:16:27,https://animehistory.org/gallery/screencaps/outlaw-star/episode-9/,https://animehistory.org/gallery/screencaps/outlaw-star/episode-9/?page=3,3,2026-10-07T01:49:15.939999+00:00,59c0f3716b0b2efe64396989b9657137b91de7b8f53082a6391c2f6f66e3e852,,UNVERIFIED
EP-09,A Journey of Adventure! Huh?,00:16:30,990,849849,https://animehistory.org/uploads/screencaps/outlaw-star-E009-A-Journey-of-Adventure-Huh/cap_00-16-30_432c.jpg,Outlaw Star Ep 9: A Journey of Adventure! Huh? @ 00:16:30,https://animehistory.org/gallery/screencaps/outlaw-star/episode-9/,https://animehistory.org/gallery/screencaps/outlaw-star/episode-9/?page=3,3,2026-10-07T01:49:15.939999+00:00,59c0f3716b0b2efe64396989b9657137b91de7b8f53082a6391c2f6f66e3e852,,UNVERIFIED
EP-09,A Journey of Adventure! Huh?,00:16:34,994,849850,https://animehistory.org/uploads/screencaps/outlaw-star-E009-A-Journey-of-Adventure-Huh/cap_00-16-34_3101.jpg,Outlaw Star Ep 9: A Journey of Adventure! Huh? @ 00:16:34,https://animehistory.org/gallery/screencaps/outlaw-star/episode-9/,https://animehistory.org/gallery/screencaps/outlaw-star/episode-9/?page=3,3,2026-10-07T01:49:15.939999+00:00,59c0f3716b0b2efe64396989b9657137b91de7b8f53082a6391c2f6f66e3e852,,UNVERIFIED
EP-09,A Journey of Adventure! Huh?,00:16:38,998,849851,https://animehistory.org/uploads/screencaps/outlaw-star-E009-A-Journey-of-Adventure-Huh/cap_00-16-38_539b.jpg,Outlaw Star Ep 9: A Journey of Adventure! Huh? @ 00:16:38,https://animehistory.org/gallery/screencaps/outlaw-star/episode-9/,https://animehistory.org/gallery/screencaps/outlaw-star/episode-9/?page=3,3,2026-10-07T01:49:15.939999+00:00,59c0f3716b0b2efe64396989b9657137b91de7b8f53082a6391c2f6f66e3e852,,UNVERIFIED
EP-09,A Journey of Adventure! Huh?,00:16:41,1001,849852,https://animehistory.org/uploads/screencaps/outlaw-star-E009-A-Journey-of-Adventure-Huh/cap_00-16-41_58d8.jpg,Outlaw Star Ep 9: A Journey of Adventure! Huh? @ 00:16:41,https://animehistory.org/gallery/screencaps/outlaw-star/episode-9/,https://animehistory.org/gallery/screencaps/outlaw-star/episode-9/?page=3,3,2026-10-07T01:49:15.939999+00:00,59c0f3716b0b2efe64396989b9657137b91de7b8f53082a6391c2f6f66e3e852,,UNVERIFIED
EP-09,A Journey of Adventure! Huh?,00:16:45,1005,849853,https://animehistory.org/uploads/screencaps/outlaw-star-E009-A-Journey-of-Adventure-Huh/cap_00-16-45_6648.jpg,Outlaw Star Ep 9: A Journey of Adventure! Huh? @ 00:16:45,https://animehistory.org/gallery/screencaps/outlaw-star/episode-9/,https://animehistory.org/gallery/screencaps/outlaw-star/episode-9/?page=3,3,2026-10-07T01:49:15.939999+00:00,59c0f3716b0b2efe64396989b9657137b91de7b8f53082a6391c2f6f66e3e852,,UNVERIFIED
EP-09,A Journey of Adventure! Huh?,00:16:49,1009,849854,https://animehistory.org/uploads/screencaps/outlaw-star-E009-A-Journey-of-Adventure-Huh/cap_00-16-49_7855.jpg,Outlaw Star Ep 9: A Journey of Adventure! Huh? @ 00:16:49,https://animehistory.org/gallery/screencaps/outlaw-star/episode-9/,https://animehistory.org/gallery/screencaps/outlaw-star/episode-9/?page=3,3,2026-10-07T01:49:15.939999+00:00,59c0f3716b0b2efe64396989b9657137b91de7b8f53082a6391c2f6f66e3e852,,UNVERIFIED
EP-09,A Journey of Adventure! Huh?,00:16:52,1012,849855,https://animehistory.org/uploads/screencaps/outlaw-star-E009-A-Journey-of-Adventure-Huh/cap_00-16-52_1604.jpg,Outlaw Star Ep 9: A Journey of Adventure! Huh? @ 00:16:52,https://animehistory.org/gallery/screencaps/outlaw-star/episode-9/,https://animehistory.org/gallery/screencaps/outlaw-star/episode-9/?page=3,3,2026-10-07T01:49:15.939999+00:00,59c0f3716b0b2efe64396989b9657137b91de7b8f53082a6391c2f6f66e3e852,,UNVERIFIED
EP-09,A Journey of Adventure! Huh?,00:16:56,1016,849856,https://animehistory.org/uploads/screencaps/outlaw-star-E009-A-Journey-of-Adventure-Huh/cap_00-16-56_256a.jpg,Outlaw Star Ep 9: A Journey of Adventure! Huh? @ 00:16:56,https://animehistory.org/gallery/screencaps/outlaw-star/episode-9/,https://animehistory.org/gallery/screencaps/outlaw-star/episode-9/?page=3,3,2026-10-07T01:49:15.939999+00:00,59c0f3716b0b2efe64396989b9657137b91de7b8f53082a6391c2f6f66e3e852,,UNVERIFIED
EP-09,A Journey of Adventure! Huh?,00:17:00,1020,849857,https://animehistory.org/uploads/screencaps/outlaw-star-E009-A-Journey-of-Adventure-Huh/cap_00-17-00_231d.jpg,Outlaw Star Ep 9: A Journey of Adventure! Huh? @ 00:17:00,https://animehistory.org/gallery/screencaps/outlaw-star/episode-9/,https://animehistory.org/gallery/screencaps/outlaw-star/episode-9/?page=3,3,2026-10-07T01:49:15.939999+00:00,59c0f3716b0b2efe64396989b9657137b91de7b8f53082a6391c2f6f66e3e852,,UNVERIFIED
EP-09,A Journey of Adventure! Huh?,00:17:03,1023,849858,https://animehistory.org/uploads/screencaps/outlaw-star-E009-A-Journey-of-Adventure-Huh/cap_00-17-03_6170.jpg,Outlaw Star Ep 9: A Journey of Adventure! Huh? @ 00:17:03,https://animehistory.org/gallery/screencaps/outlaw-star/episode-9/,https://animehistory.org/gallery/screencaps/outlaw-star/episode-9/?page=3,3,2026-10-07T01:49:15.939999+00:00,59c0f3716b0b2efe64396989b9657137b91de7b8f53082a6391c2f6f66e3e852,,UNVERIFIED
EP-09,A Journey of Adventure! Huh?,00:17:07,1027,849859,https://animehistory.org/uploads/screencaps/outlaw-star-E009-A-Journey-of-Adventure-Huh/cap_00-17-07_01b4.jpg,Outlaw Star Ep 9: A Journey of Adventure! Huh? @ 00:17:07,https://animehistory.org/gallery/screencaps/outlaw-star/episode-9/,https://animehistory.org/gallery/screencaps/outlaw-star/episode-9/?page=3,3,2026-10-07T01:49:15.939999+00:00,59c0f3716b0b2efe64396989b9657137b91de7b8f53082a6391c2f6f66e3e852,,UNVERIFIED
EP-09,A Journey of Adventure! Huh?,00:17:10,1030,849860,https://animehistory.org/uploads/screencaps/outlaw-star-E009-A-Journey-of-Adventure-Huh/cap_00-17-10_7538.jpg,Outlaw Star Ep 9: A Journey of Adventure! Huh? @ 00:17:10,https://animehistory.org/gallery/screencaps/outlaw-star/episode-9/,https://animehistory.org/gallery/screencaps/outlaw-star/episode-9/?page=3,3,2026-10-07T01:49:15.939999+00:00,59c0f3716b0b2efe64396989b9657137b91de7b8f53082a6391c2f6f66e3e852,,UNVERIFIED
EP-09,A Journey of Adventure! Huh?,00:17:14,1034,849861,https://animehistory.org/uploads/screencaps/outlaw-star-E009-A-Journey-of-Adventure-Huh/cap_00-17-14_061f.jpg,Outlaw Star Ep 9: A Journey of Adventure! Huh? @ 00:17:14,https://animehistory.org/gallery/screencaps/outlaw-star/episode-9/,https://animehistory.org/gallery/screencaps/outlaw-star/episode-9/?page=3,3,2026-10-07T01:49:15.939999+00:00,59c0f3716b0b2efe64396989b9657137b91de7b8f53082a6391c2f6f66e3e852,,UNVERIFIED
EP-09,A Journey of Adventure! Huh?,00:17:18,1038,849862,https://animehistory.org/uploads/screencaps/outlaw-star-E009-A-Journey-of-Adventure-Huh/cap_00-17-18_6005.jpg,Outlaw Star Ep 9: A Journey of Adventure! Huh? @ 00:17:18,https://animehistory.org/gallery/screencaps/outlaw-star/episode-9/,https://animehistory.org/gallery/screencaps/outlaw-star/episode-9/?page=3,3,2026-10-07T01:49:15.939999+00:00,59c0f3716b0b2efe64396989b9657137b91de7b8f53082a6391c2f6f66e3e852,,UNVERIFIED
EP-09,A Journey of Adventure! Huh?,00:17:21,1041,849863,https://animehistory.org/uploads/screencaps/outlaw-star-E009-A-Journey-of-Adventure-Huh/cap_00-17-21_30e1.jpg,Outlaw Star Ep 9: A Journey of Adventure! Huh? @ 00:17:21,https://animehistory.org/gallery/screencaps/outlaw-star/episode-9/,https://animehistory.org/gallery/screencaps/outlaw-star/episode-9/?page=3,3,2026-10-07T01:49:15.939999+00:00,59c0f3716b0b2efe64396989b9657137b91de7b8f53082a6391c2f6f66e3e852,,UNVERIFIED
EP-09,A Journey of Adventure! Huh?,00:17:25,1045,849864,https://animehistory.org/uploads/screencaps/outlaw-star-E009-A-Journey-of-Adventure-Huh/cap_00-17-25_35d2.jpg,Outlaw Star Ep 9: A Journey of Adventure! Huh? @ 00:17:25,https://animehistory.org/gallery/screencaps/outlaw-star/episode-9/,https://animehistory.org/gallery/screencaps/outlaw-star/episode-9/?page=3,3,2026-10-07T01:49:15.939999+00:00,59c0f3716b0b2efe64396989b9657137b91de7b8f53082a6391c2f6f66e3e852,,UNVERIFIED
EP-09,A Journey of Adventure! Huh?,00:17:29,1049,849865,https://animehistory.org/uploads/screencaps/outlaw-star-E009-A-Journey-of-Adventure-Huh/cap_00-17-29_4719.jpg,Outlaw Star Ep 9: A Journey of Adventure! Huh? @ 00:17:29,https://animehistory.org/gallery/screencaps/outlaw-star/episode-9/,https://animehistory.org/gallery/screencaps/outlaw-star/episode-9/?page=3,3,2026-10-07T01:49:15.939999+00:00,59c0f3716b0b2efe64396989b9657137b91de7b8f53082a6391c2f6f66e3e852,,UNVERIFIED
EP-09,A Journey of Adventure! Huh?,00:17:32,1052,849866,https://animehistory.org/uploads/screencaps/outlaw-star-E009-A-Journey-of-Adventure-Huh/cap_00-17-32_2468.jpg,Outlaw Star Ep 9: A Journey of Adventure! Huh? @ 00:17:32,https://animehistory.org/gallery/screencaps/outlaw-star/episode-9/,https://animehistory.org/gallery/screencaps/outlaw-star/episode-9/?page=3,3,2026-10-07T01:49:15.939999+00:00,59c0f3716b0b2efe64396989b9657137b91de7b8f53082a6391c2f6f66e3e852,,UNVERIFIED
EP-09,A Journey of Adventure! Huh?,00:17:36,1056,849867,https://animehistory.org/uploads/screencaps/outlaw-star-E009-A-Journey-of-Adventure-Huh/cap_00-17-36_4d7e.jpg,Outlaw Star Ep 9: A Journey of Adventure! Huh? @ 00:17:36,https://animehistory.org/gallery/screencaps/outlaw-star/episode-9/,https://animehistory.org/gallery/screencaps/outlaw-star/episode-9/?page=3,3,2026-10-07T01:49:15.939999+00:00,59c0f3716b0b2efe64396989b9657137b91de7b8f53082a6391c2f6f66e3e852,,UNVERIFIED
EP-09,A Journey of Adventure! Huh?,00:17:40,1060,849868,https://animehistory.org/uploads/screencaps/outlaw-star-E009-A-Journey-of-Adventure-Huh/cap_00-17-40_068b.jpg,Outlaw Star Ep 9: A Journey of Adventure! Huh? @ 00:17:40,https://animehistory.org/gallery/screencaps/outlaw-star/episode-9/,https://animehistory.org/gallery/screencaps/outlaw-star/episode-9/?page=3,3,2026-10-07T01:49:15.939999+00:00,59c0f3716b0b2efe64396989b9657137b91de7b8f53082a6391c2f6f66e3e852,,UNVERIFIED
EP-09,A Journey of Adventure! Huh?,00:17:43,1063,849869,https://animehistory.org/uploads/screencaps/outlaw-star-E009-A-Journey-of-Adventure-Huh/cap_00-17-43_21fe.jpg,Outlaw Star Ep 9: A Journey of Adventure! Huh? @ 00:17:43,https://animehistory.org/gallery/screencaps/outlaw-star/episode-9/,https://animehistory.org/gallery/screencaps/outlaw-star/episode-9/?page=3,3,2026-10-07T01:49:15.939999+00:00,59c0f3716b0b2efe64396989b9657137b91de7b8f53082a6391c2f6f66e3e852,,UNVERIFIED
EP-09,A Journey of Adventure! Huh?,00:17:47,1067,849870,https://animehistory.org/uploads/screencaps/outlaw-star-E009-A-Journey-of-Adventure-Huh/cap_00-17-47_0eaa.jpg,Outlaw Star Ep 9: A Journey of Adventure! Huh? @ 00:17:47,https://animehistory.org/gallery/screencaps/outlaw-star/episode-9/,https://animehistory.org/gallery/screencaps/outlaw-star/episode-9/?page=3,3,2026-10-07T01:49:15.939999+00:00,59c0f3716b0b2efe64396989b9657137b91de7b8f53082a6391c2f6f66e3e852,,UNVERIFIED
EP-09,A Journey of Adventure! Huh?,00:17:50,1070,849871,https://animehistory.org/uploads/screencaps/outlaw-star-E009-A-Journey-of-Adventure-Huh/cap_00-17-50_31c7.jpg,Outlaw Star Ep 9: A Journey of Adventure! Huh? @ 00:17:50,https://animehistory.org/gallery/screencaps/outlaw-star/episode-9/,https://animehistory.org/gallery/screencaps/outlaw-star/episode-9/?page=3,3,2026-10-07T01:49:15.939999+00:00,59c0f3716b0b2efe64396989b9657137b91de7b8f53082a6391c2f6f66e3e852,,UNVERIFIED
EP-09,A Journey of Adventure! Huh?,00:17:54,1074,849872,https://animehistory.org/uploads/screencaps/outlaw-star-E009-A-Journey-of-Adventure-Huh/cap_00-17-54_7367.jpg,Outlaw Star Ep 9: A Journey of Adventure! Huh? @ 00:17:54,https://animehistory.org/gallery/screencaps/outlaw-star/episode-9/,https://animehistory.org/gallery/screencaps/outlaw-star/episode-9/?page=3,3,2026-10-07T01:49:15.939999+00:00,59c0f3716b0b2efe64396989b9657137b91de7b8f53082a6391c2f6f66e3e852,,UNVERIFIED
EP-09,A Journey of Adventure! Huh?,00:17:58,1078,849873,https://animehistory.org/uploads/screencaps/outlaw-star-E009-A-Journey-of-Adventure-Huh/cap_00-17-58_49cc.jpg,Outlaw Star Ep 9: A Journey of Adventure! Huh? @ 00:17:58,https://animehistory.org/gallery/screencaps/outlaw-star/episode-9/,https://animehistory.org/gallery/screencaps/outlaw-star/episode-9/?page=3,3,2026-10-07T01:49:15.939999+00:00,59c0f3716b0b2efe64396989b9657137b91de7b8f53082a6391c2f6f66e3e852,,UNVERIFIED
EP-09,A Journey of Adventure! Huh?,00:18:01,1081,849874,https://animehistory.org/uploads/screencaps/outlaw-star-E009-A-Journey-of-Adventure-Huh/cap_00-18-01_7287.jpg,Outlaw Star Ep 9: A Journey of Adventure! Huh? @ 00:18:01,https://animehistory.org/gallery/screencaps/outlaw-star/episode-9/,https://animehistory.org/gallery/screencaps/outlaw-star/episode-9/?page=3,3,2026-10-07T01:49:15.939999+00:00,59c0f3716b0b2efe64396989b9657137b91de7b8f53082a6391c2f6f66e3e852,,UNVERIFIED
EP-09,A Journey of Adventure! Huh?,00:18:05,1085,849875,https://animehistory.org/uploads/screencaps/outlaw-star-E009-A-Journey-of-Adventure-Huh/cap_00-18-05_521a.jpg,Outlaw Star Ep 9: A Journey of Adventure! Huh? @ 00:18:05,https://animehistory.org/gallery/screencaps/outlaw-star/episode-9/,https://animehistory.org/gallery/screencaps/outlaw-star/episode-9/?page=3,3,2026-10-07T01:49:15.939999+00:00,59c0f3716b0b2efe64396989b9657137b91de7b8f53082a6391c2f6f66e3e852,,UNVERIFIED
EP-09,A Journey of Adventure! Huh?,00:18:09,1089,849876,https://animehistory.org/uploads/screencaps/outlaw-star-E009-A-Journey-of-Adventure-Huh/cap_00-18-09_55e3.jpg,Outlaw Star Ep 9: A Journey of Adventure! Huh? @ 00:18:09,https://animehistory.org/gallery/screencaps/outlaw-star/episode-9/,https://animehistory.org/gallery/screencaps/outlaw-star/episode-9/?page=3,3,2026-10-07T01:49:15.939999+00:00,59c0f3716b0b2efe64396989b9657137b91de7b8f53082a6391c2f6f66e3e852,,UNVERIFIED
EP-09,A Journey of Adventure! Huh?,00:18:12,1092,849877,https://animehistory.org/uploads/screencaps/outlaw-star-E009-A-Journey-of-Adventure-Huh/cap_00-18-12_5105.jpg,Outlaw Star Ep 9: A Journey of Adventure! Huh? @ 00:18:12,https://animehistory.org/gallery/screencaps/outlaw-star/episode-9/,https://animehistory.org/gallery/screencaps/outlaw-star/episode-9/?page=3,3,2026-10-07T01:49:15.939999+00:00,59c0f3716b0b2efe64396989b9657137b91de7b8f53082a6391c2f6f66e3e852,,UNVERIFIED
EP-09,A Journey of Adventure! Huh?,00:18:16,1096,849878,https://animehistory.org/uploads/screencaps/outlaw-star-E009-A-Journey-of-Adventure-Huh/cap_00-18-16_30eb.jpg,Outlaw Star Ep 9: A Journey of Adventure! Huh? @ 00:18:16,https://animehistory.org/gallery/screencaps/outlaw-star/episode-9/,https://animehistory.org/gallery/screencaps/outlaw-star/episode-9/?page=3,3,2026-10-07T01:49:15.939999+00:00,59c0f3716b0b2efe64396989b9657137b91de7b8f53082a6391c2f6f66e3e852,,UNVERIFIED
EP-09,A Journey of Adventure! Huh?,00:18:20,1100,849879,https://animehistory.org/uploads/screencaps/outlaw-star-E009-A-Journey-of-Adventure-Huh/cap_00-18-20_4ee2.jpg,Outlaw Star Ep 9: A Journey of Adventure! Huh? @ 00:18:20,https://animehistory.org/gallery/screencaps/outlaw-star/episode-9/,https://animehistory.org/gallery/screencaps/outlaw-star/episode-9/?page=3,3,2026-10-07T01:49:15.939999+00:00,59c0f3716b0b2efe64396989b9657137b91de7b8f53082a6391c2f6f66e3e852,,UNVERIFIED
EP-09,A Journey of Adventure! Huh?,00:18:23,1103,849880,https://animehistory.org/uploads/screencaps/outlaw-star-E009-A-Journey-of-Adventure-Huh/cap_00-18-23_5e7c.jpg,Outlaw Star Ep 9: A Journey of Adventure! Huh? @ 00:18:23,https://animehistory.org/gallery/screencaps/outlaw-star/episode-9/,https://animehistory.org/gallery/screencaps/outlaw-star/episode-9/?page=3,3,2026-10-07T01:49:15.939999+00:00,59c0f3716b0b2efe64396989b9657137b91de7b8f53082a6391c2f6f66e3e852,,UNVERIFIED
EP-09,A Journey of Adventure! Huh?,00:18:27,1107,849881,https://animehistory.org/uploads/screencaps/outlaw-star-E009-A-Journey-of-Adventure-Huh/cap_00-18-27_0b50.jpg,Outlaw Star Ep 9: A Journey of Adventure! Huh? @ 00:18:27,https://animehistory.org/gallery/screencaps/outlaw-star/episode-9/,https://animehistory.org/gallery/screencaps/outlaw-star/episode-9/?page=3,3,2026-10-07T01:49:15.939999+00:00,59c0f3716b0b2efe64396989b9657137b91de7b8f53082a6391c2f6f66e3e852,,UNVERIFIED
EP-09,A Journey of Adventure! Huh?,00:18:30,1110,849882,https://animehistory.org/uploads/screencaps/outlaw-star-E009-A-Journey-of-Adventure-Huh/cap_00-18-30_6f08.jpg,Outlaw Star Ep 9: A Journey of Adventure! Huh? @ 00:18:30,https://animehistory.org/gallery/screencaps/outlaw-star/episode-9/,https://animehistory.org/gallery/screencaps/outlaw-star/episode-9/?page=3,3,2026-10-07T01:49:15.939999+00:00,59c0f3716b0b2efe64396989b9657137b91de7b8f53082a6391c2f6f66e3e852,,UNVERIFIED
EP-09,A Journey of Adventure! Huh?,00:18:34,1114,849883,https://animehistory.org/uploads/screencaps/outlaw-star-E009-A-Journey-of-Adventure-Huh/cap_00-18-34_4c24.jpg,Outlaw Star Ep 9: A Journey of Adventure! Huh? @ 00:18:34,https://animehistory.org/gallery/screencaps/outlaw-star/episode-9/,https://animehistory.org/gallery/screencaps/outlaw-star/episode-9/?page=3,3,2026-10-07T01:49:15.939999+00:00,59c0f3716b0b2efe64396989b9657137b91de7b8f53082a6391c2f6f66e3e852,,UNVERIFIED
EP-09,A Journey of Adventure! Huh?,00:18:38,1118,849884,https://animehistory.org/uploads/screencaps/outlaw-star-E009-A-Journey-of-Adventure-Huh/cap_00-18-38_1ce2.jpg,Outlaw Star Ep 9: A Journey of Adventure! Huh? @ 00:18:38,https://animehistory.org/gallery/screencaps/outlaw-star/episode-9/,https://animehistory.org/gallery/screencaps/outlaw-star/episode-9/?page=3,3,2026-10-07T01:49:15.939999+00:00,59c0f3716b0b2efe64396989b9657137b91de7b8f53082a6391c2f6f66e3e852,,UNVERIFIED
EP-09,A Journey of Adventure! Huh?,00:18:41,1121,849885,https://animehistory.org/uploads/screencaps/outlaw-star-E009-A-Journey-of-Adventure-Huh/cap_00-18-41_466f.jpg,Outlaw Star Ep 9: A Journey of Adventure! Huh? @ 00:18:41,https://animehistory.org/gallery/screencaps/outlaw-star/episode-9/,https://animehistory.org/gallery/screencaps/outlaw-star/episode-9/?page=3,3,2026-10-07T01:49:15.939999+00:00,59c0f3716b0b2efe64396989b9657137b91de7b8f53082a6391c2f6f66e3e852,,UNVERIFIED
EP-09,A Journey of Adventure! Huh?,00:18:45,1125,849886,https://animehistory.org/uploads/screencaps/outlaw-star-E009-A-Journey-of-Adventure-Huh/cap_00-18-45_61fc.jpg,Outlaw Star Ep 9: A Journey of Adventure! Huh? @ 00:18:45,https://animehistory.org/gallery/screencaps/outlaw-star/episode-9/,https://animehistory.org/gallery/screencaps/outlaw-star/episode-9/?page=3,3,2026-10-07T01:49:15.939999+00:00,59c0f3716b0b2efe64396989b9657137b91de7b8f53082a6391c2f6f66e3e852,,UNVERIFIED
EP-09,A Journey of Adventure! Huh?,00:18:49,1129,849887,https://animehistory.org/uploads/screencaps/outlaw-star-E009-A-Journey-of-Adventure-Huh/cap_00-18-49_1784.jpg,Outlaw Star Ep 9: A Journey of Adventure! Huh? @ 00:18:49,https://animehistory.org/gallery/screencaps/outlaw-star/episode-9/,https://animehistory.org/gallery/screencaps/outlaw-star/episode-9/?page=3,3,2026-10-07T01:49:15.939999+00:00,59c0f3716b0b2efe64396989b9657137b91de7b8f53082a6391c2f6f66e3e852,,UNVERIFIED
EP-09,A Journey of Adventure! Huh?,00:18:52,1132,849888,https://animehistory.org/uploads/screencaps/outlaw-star-E009-A-Journey-of-Adventure-Huh/cap_00-18-52_1be1.jpg,Outlaw Star Ep 9: A Journey of Adventure! Huh? @ 00:18:52,https://animehistory.org/gallery/screencaps/outlaw-star/episode-9/,https://animehistory.org/gallery/screencaps/outlaw-star/episode-9/?page=3,3,2026-10-07T01:49:15.939999+00:00,59c0f3716b0b2efe64396989b9657137b91de7b8f53082a6391c2f6f66e3e852,,UNVERIFIED
EP-09,A Journey of Adventure! Huh?,00:18:56,1136,849889,https://animehistory.org/uploads/screencaps/outlaw-star-E009-A-Journey-of-Adventure-Huh/cap_00-18-56_6a60.jpg,Outlaw Star Ep 9: A Journey of Adventure! Huh? @ 00:18:56,https://animehistory.org/gallery/screencaps/outlaw-star/episode-9/,https://animehistory.org/gallery/screencaps/outlaw-star/episode-9/?page=3,3,2026-10-07T01:49:15.939999+00:00,59c0f3716b0b2efe64396989b9657137b91de7b8f53082a6391c2f6f66e3e852,,UNVERIFIED
EP-09,A Journey of Adventure! Huh?,00:19:00,1140,849890,https://animehistory.org/uploads/screencaps/outlaw-star-E009-A-Journey-of-Adventure-Huh/cap_00-19-00_28b5.jpg,Outlaw Star Ep 9: A Journey of Adventure! Huh? @ 00:19:00,https://animehistory.org/gallery/screencaps/outlaw-star/episode-9/,https://animehistory.org/gallery/screencaps/outlaw-star/episode-9/?page=3,3,2026-10-07T01:49:15.939999+00:00,59c0f3716b0b2efe64396989b9657137b91de7b8f53082a6391c2f6f66e3e852,,UNVERIFIED
EP-09,A Journey of Adventure! Huh?,00:19:03,1143,849891,https://animehistory.org/uploads/screencaps/outlaw-star-E009-A-Journey-of-Adventure-Huh/cap_00-19-03_4417.jpg,Outlaw Star Ep 9: A Journey of Adventure! Huh? @ 00:19:03,https://animehistory.org/gallery/screencaps/outlaw-star/episode-9/,https://animehistory.org/gallery/screencaps/outlaw-star/episode-9/?page=3,3,2026-10-07T01:49:15.939999+00:00,59c0f3716b0b2efe64396989b9657137b91de7b8f53082a6391c2f6f66e3e852,,UNVERIFIED
EP-09,A Journey of Adventure! Huh?,00:19:07,1147,849892,https://animehistory.org/uploads/screencaps/outlaw-star-E009-A-Journey-of-Adventure-Huh/cap_00-19-07_2c55.jpg,Outlaw Star Ep 9: A Journey of Adventure! Huh? @ 00:19:07,https://animehistory.org/gallery/screencaps/outlaw-star/episode-9/,https://animehistory.org/gallery/screencaps/outlaw-star/episode-9/?page=3,3,2026-10-07T01:49:15.939999+00:00,59c0f3716b0b2efe64396989b9657137b91de7b8f53082a6391c2f6f66e3e852,,UNVERIFIED
EP-09,A Journey of Adventure! Huh?,00:19:10,1150,849893,https://animehistory.org/uploads/screencaps/outlaw-star-E009-A-Journey-of-Adventure-Huh/cap_00-19-10_2443.jpg,Outlaw Star Ep 9: A Journey of Adventure! Huh? @ 00:19:10,https://animehistory.org/gallery/screencaps/outlaw-star/episode-9/,https://animehistory.org/gallery/screencaps/outlaw-star/episode-9/?page=3,3,2026-10-07T01:49:15.939999+00:00,59c0f3716b0b2efe64396989b9657137b91de7b8f53082a6391c2f6f66e3e852,,UNVERIFIED
EP-09,A Journey of Adventure! Huh?,00:19:14,1154,849894,https://animehistory.org/uploads/screencaps/outlaw-star-E009-A-Journey-of-Adventure-Huh/cap_00-19-14_48ae.jpg,Outlaw Star Ep 9: A Journey of Adventure! Huh? @ 00:19:14,https://animehistory.org/gallery/screencaps/outlaw-star/episode-9/,https://animehistory.org/gallery/screencaps/outlaw-star/episode-9/?page=3,3,2026-10-07T01:49:15.939999+00:00,59c0f3716b0b2efe64396989b9657137b91de7b8f53082a6391c2f6f66e3e852,,UNVERIFIED
EP-09,A Journey of Adventure! Huh?,00:19:18,1158,849895,https://animehistory.org/uploads/screencaps/outlaw-star-E009-A-Journey-of-Adventure-Huh/cap_00-19-18_78e5.jpg,Outlaw Star Ep 9: A Journey of Adventure! Huh? @ 00:19:18,https://animehistory.org/gallery/screencaps/outlaw-star/episode-9/,https://animehistory.org/gallery/screencaps/outlaw-star/episode-9/?page=3,3,2026-10-07T01:49:15.939999+00:00,59c0f3716b0b2efe64396989b9657137b91de7b8f53082a6391c2f6f66e3e852,,UNVERIFIED
EP-09,A Journey of Adventure! Huh?,00:19:21,1161,849896,https://animehistory.org/uploads/screencaps/outlaw-star-E009-A-Journey-of-Adventure-Huh/cap_00-19-21_31fe.jpg,Outlaw Star Ep 9: A Journey of Adventure! Huh? @ 00:19:21,https://animehistory.org/gallery/screencaps/outlaw-star/episode-9/,https://animehistory.org/gallery/screencaps/outlaw-star/episode-9/?page=3,3,2026-10-07T01:49:15.939999+00:00,59c0f3716b0b2efe64396989b9657137b91de7b8f53082a6391c2f6f66e3e852,,UNVERIFIED
EP-09,A Journey of Adventure! Huh?,00:19:25,1165,849897,https://animehistory.org/uploads/screencaps/outlaw-star-E009-A-Journey-of-Adventure-Huh/cap_00-19-25_33e4.jpg,Outlaw Star Ep 9: A Journey of Adventure! Huh? @ 00:19:25,https://animehistory.org/gallery/screencaps/outlaw-star/episode-9/,https://animehistory.org/gallery/screencaps/outlaw-star/episode-9/?page=3,3,2026-10-07T01:49:15.939999+00:00,59c0f3716b0b2efe64396989b9657137b91de7b8f53082a6391c2f6f66e3e852,,UNVERIFIED
EP-09,A Journey of Adventure! Huh?,00:19:29,1169,849898,https://animehistory.org/uploads/screencaps/outlaw-star-E009-A-Journey-of-Adventure-Huh/cap_00-19-29_3392.jpg,Outlaw Star Ep 9: A Journey of Adventure! Huh? @ 00:19:29,https://animehistory.org/gallery/screencaps/outlaw-star/episode-9/,https://animehistory.org/gallery/screencaps/outlaw-star/episode-9/?page=3,3,2026-10-07T01:49:15.939999+00:00,59c0f3716b0b2efe64396989b9657137b91de7b8f53082a6391c2f6f66e3e852,,UNVERIFIED
EP-09,A Journey of Adventure! Huh?,00:19:32,1172,849899,https://animehistory.org/uploads/screencaps/outlaw-star-E009-A-Journey-of-Adventure-Huh/cap_00-19-32_1a47.jpg,Outlaw Star Ep 9: A Journey of Adventure! Huh? @ 00:19:32,https://animehistory.org/gallery/screencaps/outlaw-star/episode-9/,https://animehistory.org/gallery/screencaps/outlaw-star/episode-9/?page=3,3,2026-10-07T01:49:15.939999+00:00,59c0f3716b0b2efe64396989b9657137b91de7b8f53082a6391c2f6f66e3e852,,UNVERIFIED
EP-09,A Journey of Adventure! Huh?,00:19:36,1176,849900,https://animehistory.org/uploads/screencaps/outlaw-star-E009-A-Journey-of-Adventure-Huh/cap_00-19-36_0eaa.jpg,Outlaw Star Ep 9: A Journey of Adventure! Huh? @ 00:19:36,https://animehistory.org/gallery/screencaps/outlaw-star/episode-9/,https://animehistory.org/gallery/screencaps/outlaw-star/episode-9/?page=3,3,2026-10-07T01:49:15.939999+00:00,59c0f3716b0b2efe64396989b9657137b91de7b8f53082a6391c2f6f66e3e852,,UNVERIFIED
EP-09,A Journey of Adventure! Huh?,00:19:40,1180,849901,https://animehistory.org/uploads/screencaps/outlaw-star-E009-A-Journey-of-Adventure-Huh/cap_00-19-40_3444.jpg,Outlaw Star Ep 9: A Journey of Adventure! Huh? @ 00:19:40,https://animehistory.org/gallery/screencaps/outlaw-star/episode-9/,https://animehistory.org/gallery/screencaps/outlaw-star/episode-9/?page=3,3,2026-10-07T01:49:15.939999+00:00,59c0f3716b0b2efe64396989b9657137b91de7b8f53082a6391c2f6f66e3e852,,UNVERIFIED
EP-09,A Journey of Adventure! Huh?,00:19:43,1183,849902,https://animehistory.org/uploads/screencaps/outlaw-star-E009-A-Journey-of-Adventure-Huh/cap_00-19-43_2465.jpg,Outlaw Star Ep 9: A Journey of Adventure! Huh? @ 00:19:43,https://animehistory.org/gallery/screencaps/outlaw-star/episode-9/,https://animehistory.org/gallery/screencaps/outlaw-star/episode-9/?page=3,3,2026-10-07T01:49:15.939999+00:00,59c0f3716b0b2efe64396989b9657137b91de7b8f53082a6391c2f6f66e3e852,,UNVERIFIED
EP-09,A Journey of Adventure! Huh?,00:19:47,1187,849903,https://animehistory.org/uploads/screencaps/outlaw-star-E009-A-Journey-of-Adventure-Huh/cap_00-19-47_68e7.jpg,Outlaw Star Ep 9: A Journey of Adventure! Huh? @ 00:19:47,https://animehistory.org/gallery/screencaps/outlaw-star/episode-9/,https://animehistory.org/gallery/screencaps/outlaw-star/episode-9/?page=3,3,2026-10-07T01:49:15.939999+00:00,59c0f3716b0b2efe64396989b9657137b91de7b8f53082a6391c2f6f66e3e852,,UNVERIFIED
EP-09,A Journey of Adventure! Huh?,00:19:50,1190,849904,https://animehistory.org/uploads/screencaps/outlaw-star-E009-A-Journey-of-Adventure-Huh/cap_00-19-50_27b1.jpg,Outlaw Star Ep 9: A Journey of Adventure! Huh? @ 00:19:50,https://animehistory.org/gallery/screencaps/outlaw-star/episode-9/,https://animehistory.org/gallery/screencaps/outlaw-star/episode-9/?page=3,3,2026-10-07T01:49:15.939999+00:00,59c0f3716b0b2efe64396989b9657137b91de7b8f53082a6391c2f6f66e3e852,,UNVERIFIED
EP-09,A Journey of Adventure! Huh?,00:19:54,1194,849905,https://animehistory.org/uploads/screencaps/outlaw-star-E009-A-Journey-of-Adventure-Huh/cap_00-19-54_28b6.jpg,Outlaw Star Ep 9: A Journey of Adventure! Huh? @ 00:19:54,https://animehistory.org/gallery/screencaps/outlaw-star/episode-9/,https://animehistory.org/gallery/screencaps/outlaw-star/episode-9/?page=4,4,2026-10-07T01:49:17.185172+00:00,0d9f1ab2a4d9593e93e20db4df9c1bb05913dcb4db3f79592da924a1c583723c,,UNVERIFIED
EP-09,A Journey of Adventure! Huh?,00:19:58,1198,849906,https://animehistory.org/uploads/screencaps/outlaw-star-E009-A-Journey-of-Adventure-Huh/cap_00-19-58_29de.jpg,Outlaw Star Ep 9: A Journey of Adventure! Huh? @ 00:19:58,https://animehistory.org/gallery/screencaps/outlaw-star/episode-9/,https://animehistory.org/gallery/screencaps/outlaw-star/episode-9/?page=4,4,2026-10-07T01:49:17.185172+00:00,0d9f1ab2a4d9593e93e20db4df9c1bb05913dcb4db3f79592da924a1c583723c,,UNVERIFIED
EP-09,A Journey of Adventure! Huh?,00:20:01,1201,849907,https://animehistory.org/uploads/screencaps/outlaw-star-E009-A-Journey-of-Adventure-Huh/cap_00-20-01_7eb7.jpg,Outlaw Star Ep 9: A Journey of Adventure! Huh? @ 00:20:01,https://animehistory.org/gallery/screencaps/outlaw-star/episode-9/,https://animehistory.org/gallery/screencaps/outlaw-star/episode-9/?page=4,4,2026-10-07T01:49:17.185172+00:00,0d9f1ab2a4d9593e93e20db4df9c1bb05913dcb4db3f79592da924a1c583723c,,UNVERIFIED
EP-09,A Journey of Adventure! Huh?,00:20:05,1205,849908,https://animehistory.org/uploads/screencaps/outlaw-star-E009-A-Journey-of-Adventure-Huh/cap_00-20-05_3287.jpg,Outlaw Star Ep 9: A Journey of Adventure! Huh? @ 00:20:05,https://animehistory.org/gallery/screencaps/outlaw-star/episode-9/,https://animehistory.org/gallery/screencaps/outlaw-star/episode-9/?page=4,4,2026-10-07T01:49:17.185172+00:00,0d9f1ab2a4d9593e93e20db4df9c1bb05913dcb4db3f79592da924a1c583723c,,UNVERIFIED
EP-09,A Journey of Adventure! Huh?,00:20:09,1209,849909,https://animehistory.org/uploads/screencaps/outlaw-star-E009-A-Journey-of-Adventure-Huh/cap_00-20-09_7891.jpg,Outlaw Star Ep 9: A Journey of Adventure! Huh? @ 00:20:09,https://animehistory.org/gallery/screencaps/outlaw-star/episode-9/,https://animehistory.org/gallery/screencaps/outlaw-star/episode-9/?page=4,4,2026-10-07T01:49:17.185172+00:00,0d9f1ab2a4d9593e93e20db4df9c1bb05913dcb4db3f79592da924a1c583723c,,UNVERIFIED
EP-09,A Journey of Adventure! Huh?,00:20:12,1212,849910,https://animehistory.org/uploads/screencaps/outlaw-star-E009-A-Journey-of-Adventure-Huh/cap_00-20-12_6f97.jpg,Outlaw Star Ep 9: A Journey of Adventure! Huh? @ 00:20:12,https://animehistory.org/gallery/screencaps/outlaw-star/episode-9/,https://animehistory.org/gallery/screencaps/outlaw-star/episode-9/?page=4,4,2026-10-07T01:49:17.185172+00:00,0d9f1ab2a4d9593e93e20db4df9c1bb05913dcb4db3f79592da924a1c583723c,,UNVERIFIED
EP-09,A Journey of Adventure! Huh?,00:20:16,1216,849911,https://animehistory.org/uploads/screencaps/outlaw-star-E009-A-Journey-of-Adventure-Huh/cap_00-20-16_115b.jpg,Outlaw Star Ep 9: A Journey of Adventure! Huh? @ 00:20:16,https://animehistory.org/gallery/screencaps/outlaw-star/episode-9/,https://animehistory.org/gallery/screencaps/outlaw-star/episode-9/?page=4,4,2026-10-07T01:49:17.185172+00:00,0d9f1ab2a4d9593e93e20db4df9c1bb05913dcb4db3f79592da924a1c583723c,,UNVERIFIED
EP-09,A Journey of Adventure! Huh?,00:20:20,1220,849912,https://animehistory.org/uploads/screencaps/outlaw-star-E009-A-Journey-of-Adventure-Huh/cap_00-20-20_0699.jpg,Outlaw Star Ep 9: A Journey of Adventure! Huh? @ 00:20:20,https://animehistory.org/gallery/screencaps/outlaw-star/episode-9/,https://animehistory.org/gallery/screencaps/outlaw-star/episode-9/?page=4,4,2026-10-07T01:49:17.185172+00:00,0d9f1ab2a4d9593e93e20db4df9c1bb05913dcb4db3f79592da924a1c583723c,,UNVERIFIED
EP-09,A Journey of Adventure! Huh?,00:20:23,1223,849913,https://animehistory.org/uploads/screencaps/outlaw-star-E009-A-Journey-of-Adventure-Huh/cap_00-20-23_4524.jpg,Outlaw Star Ep 9: A Journey of Adventure! Huh? @ 00:20:23,https://animehistory.org/gallery/screencaps/outlaw-star/episode-9/,https://animehistory.org/gallery/screencaps/outlaw-star/episode-9/?page=4,4,2026-10-07T01:49:17.185172+00:00,0d9f1ab2a4d9593e93e20db4df9c1bb05913dcb4db3f79592da924a1c583723c,,UNVERIFIED
EP-09,A Journey of Adventure! Huh?,00:20:27,1227,849914,https://animehistory.org/uploads/screencaps/outlaw-star-E009-A-Journey-of-Adventure-Huh/cap_00-20-27_4718.jpg,Outlaw Star Ep 9: A Journey of Adventure! Huh? @ 00:20:27,https://animehistory.org/gallery/screencaps/outlaw-star/episode-9/,https://animehistory.org/gallery/screencaps/outlaw-star/episode-9/?page=4,4,2026-10-07T01:49:17.185172+00:00,0d9f1ab2a4d9593e93e20db4df9c1bb05913dcb4db3f79592da924a1c583723c,,UNVERIFIED
EP-09,A Journey of Adventure! Huh?,00:20:30,1230,849915,https://animehistory.org/uploads/screencaps/outlaw-star-E009-A-Journey-of-Adventure-Huh/cap_00-20-30_0724.jpg,Outlaw Star Ep 9: A Journey of Adventure! Huh? @ 00:20:30,https://animehistory.org/gallery/screencaps/outlaw-star/episode-9/,https://animehistory.org/gallery/screencaps/outlaw-star/episode-9/?page=4,4,2026-10-07T01:49:17.185172+00:00,0d9f1ab2a4d9593e93e20db4df9c1bb05913dcb4db3f79592da924a1c583723c,,UNVERIFIED
EP-09,A Journey of Adventure! Huh?,00:20:34,1234,849916,https://animehistory.org/uploads/screencaps/outlaw-star-E009-A-Journey-of-Adventure-Huh/cap_00-20-34_0c19.jpg,Outlaw Star Ep 9: A Journey of Adventure! Huh? @ 00:20:34,https://animehistory.org/gallery/screencaps/outlaw-star/episode-9/,https://animehistory.org/gallery/screencaps/outlaw-star/episode-9/?page=4,4,2026-10-07T01:49:17.185172+00:00,0d9f1ab2a4d9593e93e20db4df9c1bb05913dcb4db3f79592da924a1c583723c,,UNVERIFIED
EP-09,A Journey of Adventure! Huh?,00:20:38,1238,849917,https://animehistory.org/uploads/screencaps/outlaw-star-E009-A-Journey-of-Adventure-Huh/cap_00-20-38_3a75.jpg,Outlaw Star Ep 9: A Journey of Adventure! Huh? @ 00:20:38,https://animehistory.org/gallery/screencaps/outlaw-star/episode-9/,https://animehistory.org/gallery/screencaps/outlaw-star/episode-9/?page=4,4,2026-10-07T01:49:17.185172+00:00,0d9f1ab2a4d9593e93e20db4df9c1bb05913dcb4db3f79592da924a1c583723c,,UNVERIFIED
EP-09,A Journey of Adventure! Huh?,00:20:41,1241,849918,https://animehistory.org/uploads/screencaps/outlaw-star-E009-A-Journey-of-Adventure-Huh/cap_00-20-41_6926.jpg,Outlaw Star Ep 9: A Journey of Adventure! Huh? @ 00:20:41,https://animehistory.org/gallery/screencaps/outlaw-star/episode-9/,https://animehistory.org/gallery/screencaps/outlaw-star/episode-9/?page=4,4,2026-10-07T01:49:17.185172+00:00,0d9f1ab2a4d9593e93e20db4df9c1bb05913dcb4db3f79592da924a1c583723c,,UNVERIFIED
EP-09,A Journey of Adventure! Huh?,00:20:45,1245,849919,https://animehistory.org/uploads/screencaps/outlaw-star-E009-A-Journey-of-Adventure-Huh/cap_00-20-45_4329.jpg,Outlaw Star Ep 9: A Journey of Adventure! Huh? @ 00:20:45,https://animehistory.org/gallery/screencaps/outlaw-star/episode-9/,https://animehistory.org/gallery/screencaps/outlaw-star/episode-9/?page=4,4,2026-10-07T01:49:17.185172+00:00,0d9f1ab2a4d9593e93e20db4df9c1bb05913dcb4db3f79592da924a1c583723c,,UNVERIFIED
EP-09,A Journey of Adventure! Huh?,00:20:49,1249,849920,https://animehistory.org/uploads/screencaps/outlaw-star-E009-A-Journey-of-Adventure-Huh/cap_00-20-49_6948.jpg,Outlaw Star Ep 9: A Journey of Adventure! Huh? @ 00:20:49,https://animehistory.org/gallery/screencaps/outlaw-star/episode-9/,https://animehistory.org/gallery/screencaps/outlaw-star/episode-9/?page=4,4,2026-10-07T01:49:17.185172+00:00,0d9f1ab2a4d9593e93e20db4df9c1bb05913dcb4db3f79592da924a1c583723c,,UNVERIFIED
EP-09,A Journey of Adventure! Huh?,00:20:52,1252,849921,https://animehistory.org/uploads/screencaps/outlaw-star-E009-A-Journey-of-Adventure-Huh/cap_00-20-52_19ab.jpg,Outlaw Star Ep 9: A Journey of Adventure! Huh? @ 00:20:52,https://animehistory.org/gallery/screencaps/outlaw-star/episode-9/,https://animehistory.org/gallery/screencaps/outlaw-star/episode-9/?page=4,4,2026-10-07T01:49:17.185172+00:00,0d9f1ab2a4d9593e93e20db4df9c1bb05913dcb4db3f79592da924a1c583723c,,UNVERIFIED
EP-09,A Journey of Adventure! Huh?,00:20:56,1256,849922,https://animehistory.org/uploads/screencaps/outlaw-star-E009-A-Journey-of-Adventure-Huh/cap_00-20-56_5bb8.jpg,Outlaw Star Ep 9: A Journey of Adventure! Huh? @ 00:20:56,https://animehistory.org/gallery/screencaps/outlaw-star/episode-9/,https://animehistory.org/gallery/screencaps/outlaw-star/episode-9/?page=4,4,2026-10-07T01:49:17.185172+00:00,0d9f1ab2a4d9593e93e20db4df9c1bb05913dcb4db3f79592da924a1c583723c,,UNVERIFIED
EP-09,A Journey of Adventure! Huh?,00:21:00,1260,849923,https://animehistory.org/uploads/screencaps/outlaw-star-E009-A-Journey-of-Adventure-Huh/cap_00-21-00_3770.jpg,Outlaw Star Ep 9: A Journey of Adventure! Huh? @ 00:21:00,https://animehistory.org/gallery/screencaps/outlaw-star/episode-9/,https://animehistory.org/gallery/screencaps/outlaw-star/episode-9/?page=4,4,2026-10-07T01:49:17.185172+00:00,0d9f1ab2a4d9593e93e20db4df9c1bb05913dcb4db3f79592da924a1c583723c,,UNVERIFIED
EP-09,A Journey of Adventure! Huh?,00:21:03,1263,849924,https://animehistory.org/uploads/screencaps/outlaw-star-E009-A-Journey-of-Adventure-Huh/cap_00-21-03_7f05.jpg,Outlaw Star Ep 9: A Journey of Adventure! Huh? @ 00:21:03,https://animehistory.org/gallery/screencaps/outlaw-star/episode-9/,https://animehistory.org/gallery/screencaps/outlaw-star/episode-9/?page=4,4,2026-10-07T01:49:17.185172+00:00,0d9f1ab2a4d9593e93e20db4df9c1bb05913dcb4db3f79592da924a1c583723c,,UNVERIFIED
EP-09,A Journey of Adventure! Huh?,00:21:07,1267,849925,https://animehistory.org/uploads/screencaps/outlaw-star-E009-A-Journey-of-Adventure-Huh/cap_00-21-07_5f04.jpg,Outlaw Star Ep 9: A Journey of Adventure! Huh? @ 00:21:07,https://animehistory.org/gallery/screencaps/outlaw-star/episode-9/,https://animehistory.org/gallery/screencaps/outlaw-star/episode-9/?page=4,4,2026-10-07T01:49:17.185172+00:00,0d9f1ab2a4d9593e93e20db4df9c1bb05913dcb4db3f79592da924a1c583723c,,UNVERIFIED
EP-09,A Journey of Adventure! Huh?,00:21:10,1270,849926,https://animehistory.org/uploads/screencaps/outlaw-star-E009-A-Journey-of-Adventure-Huh/cap_00-21-10_0d24.jpg,Outlaw Star Ep 9: A Journey of Adventure! Huh? @ 00:21:10,https://animehistory.org/gallery/screencaps/outlaw-star/episode-9/,https://animehistory.org/gallery/screencaps/outlaw-star/episode-9/?page=4,4,2026-10-07T01:49:17.185172+00:00,0d9f1ab2a4d9593e93e20db4df9c1bb05913dcb4db3f79592da924a1c583723c,,UNVERIFIED
EP-09,A Journey of Adventure! Huh?,00:21:14,1274,849927,https://animehistory.org/uploads/screencaps/outlaw-star-E009-A-Journey-of-Adventure-Huh/cap_00-21-14_24fb.jpg,Outlaw Star Ep 9: A Journey of Adventure! Huh? @ 00:21:14,https://animehistory.org/gallery/screencaps/outlaw-star/episode-9/,https://animehistory.org/gallery/screencaps/outlaw-star/episode-9/?page=4,4,2026-10-07T01:49:17.185172+00:00,0d9f1ab2a4d9593e93e20db4df9c1bb05913dcb4db3f79592da924a1c583723c,,UNVERIFIED
EP-09,A Journey of Adventure! Huh?,00:21:18,1278,849928,https://animehistory.org/uploads/screencaps/outlaw-star-E009-A-Journey-of-Adventure-Huh/cap_00-21-18_439d.jpg,Outlaw Star Ep 9: A Journey of Adventure! Huh? @ 00:21:18,https://animehistory.org/gallery/screencaps/outlaw-star/episode-9/,https://animehistory.org/gallery/screencaps/outlaw-star/episode-9/?page=4,4,2026-10-07T01:49:17.185172+00:00,0d9f1ab2a4d9593e93e20db4df9c1bb05913dcb4db3f79592da924a1c583723c,,UNVERIFIED
EP-09,A Journey of Adventure! Huh?,00:21:21,1281,849929,https://animehistory.org/uploads/screencaps/outlaw-star-E009-A-Journey-of-Adventure-Huh/cap_00-21-21_6aa3.jpg,Outlaw Star Ep 9: A Journey of Adventure! Huh? @ 00:21:21,https://animehistory.org/gallery/screencaps/outlaw-star/episode-9/,https://animehistory.org/gallery/screencaps/outlaw-star/episode-9/?page=4,4,2026-10-07T01:49:17.185172+00:00,0d9f1ab2a4d9593e93e20db4df9c1bb05913dcb4db3f79592da924a1c583723c,,UNVERIFIED
EP-09,A Journey of Adventure! Huh?,00:21:25,1285,849930,https://animehistory.org/uploads/screencaps/outlaw-star-E009-A-Journey-of-Adventure-Huh/cap_00-21-25_00a5.jpg,Outlaw Star Ep 9: A Journey of Adventure! Huh? @ 00:21:25,https://animehistory.org/gallery/screencaps/outlaw-star/episode-9/,https://animehistory.org/gallery/screencaps/outlaw-star/episode-9/?page=4,4,2026-10-07T01:49:17.185172+00:00,0d9f1ab2a4d9593e93e20db4df9c1bb05913dcb4db3f79592da924a1c583723c,,UNVERIFIED
EP-09,A Journey of Adventure! Huh?,00:21:29,1289,849931,https://animehistory.org/uploads/screencaps/outlaw-star-E009-A-Journey-of-Adventure-Huh/cap_00-21-29_4bc0.jpg,Outlaw Star Ep 9: A Journey of Adventure! Huh? @ 00:21:29,https://animehistory.org/gallery/screencaps/outlaw-star/episode-9/,https://animehistory.org/gallery/screencaps/outlaw-star/episode-9/?page=4,4,2026-10-07T01:49:17.185172+00:00,0d9f1ab2a4d9593e93e20db4df9c1bb05913dcb4db3f79592da924a1c583723c,,UNVERIFIED
EP-09,A Journey of Adventure! Huh?,00:21:32,1292,849932,https://animehistory.org/uploads/screencaps/outlaw-star-E009-A-Journey-of-Adventure-Huh/cap_00-21-32_4464.jpg,Outlaw Star Ep 9: A Journey of Adventure! Huh? @ 00:21:32,https://animehistory.org/gallery/screencaps/outlaw-star/episode-9/,https://animehistory.org/gallery/screencaps/outlaw-star/episode-9/?page=4,4,2026-10-07T01:49:17.185172+00:00,0d9f1ab2a4d9593e93e20db4df9c1bb05913dcb4db3f79592da924a1c583723c,,UNVERIFIED
EP-09,A Journey of Adventure! Huh?,00:21:36,1296,849933,https://animehistory.org/uploads/screencaps/outlaw-star-E009-A-Journey-of-Adventure-Huh/cap_00-21-36_2b53.jpg,Outlaw Star Ep 9: A Journey of Adventure! Huh? @ 00:21:36,https://animehistory.org/gallery/screencaps/outlaw-star/episode-9/,https://animehistory.org/gallery/screencaps/outlaw-star/episode-9/?page=4,4,2026-10-07T01:49:17.185172+00:00,0d9f1ab2a4d9593e93e20db4df9c1bb05913dcb4db3f79592da924a1c583723c,,UNVERIFIED
EP-09,A Journey of Adventure! Huh?,00:21:40,1300,849934,https://animehistory.org/uploads/screencaps/outlaw-star-E009-A-Journey-of-Adventure-Huh/cap_00-21-40_237f.jpg,Outlaw Star Ep 9: A Journey of Adventure! Huh? @ 00:21:40,https://animehistory.org/gallery/screencaps/outlaw-star/episode-9/,https://animehistory.org/gallery/screencaps/outlaw-star/episode-9/?page=4,4,2026-10-07T01:49:17.185172+00:00,0d9f1ab2a4d9593e93e20db4df9c1bb05913dcb4db3f79592da924a1c583723c,,UNVERIFIED
EP-09,A Journey of Adventure! Huh?,00:21:43,1303,849935,https://animehistory.org/uploads/screencaps/outlaw-star-E009-A-Journey-of-Adventure-Huh/cap_00-21-43_3d2a.jpg,Outlaw Star Ep 9: A Journey of Adventure! Huh? @ 00:21:43,https://animehistory.org/gallery/screencaps/outlaw-star/episode-9/,https://animehistory.org/gallery/screencaps/outlaw-star/episode-9/?page=4,4,2026-10-07T01:49:17.185172+00:00,0d9f1ab2a4d9593e93e20db4df9c1bb05913dcb4db3f79592da924a1c583723c,,UNVERIFIED
EP-09,A Journey of Adventure! Huh?,00:21:47,1307,849936,https://animehistory.org/uploads/screencaps/outlaw-star-E009-A-Journey-of-Adventure-Huh/cap_00-21-47_63c4.jpg,Outlaw Star Ep 9: A Journey of Adventure! Huh? @ 00:21:47,https://animehistory.org/gallery/screencaps/outlaw-star/episode-9/,https://animehistory.org/gallery/screencaps/outlaw-star/episode-9/?page=4,4,2026-10-07T01:49:17.185172+00:00,0d9f1ab2a4d9593e93e20db4df9c1bb05913dcb4db3f79592da924a1c583723c,,UNVERIFIED
EP-09,A Journey of Adventure! Huh?,00:21:50,1310,849937,https://animehistory.org/uploads/screencaps/outlaw-star-E009-A-Journey-of-Adventure-Huh/cap_00-21-50_1be0.jpg,Outlaw Star Ep 9: A Journey of Adventure! Huh? @ 00:21:50,https://animehistory.org/gallery/screencaps/outlaw-star/episode-9/,https://animehistory.org/gallery/screencaps/outlaw-star/episode-9/?page=4,4,2026-10-07T01:49:17.185172+00:00,0d9f1ab2a4d9593e93e20db4df9c1bb05913dcb4db3f79592da924a1c583723c,,UNVERIFIED
EP-09,A Journey of Adventure! Huh?,00:21:54,1314,849938,https://animehistory.org/uploads/screencaps/outlaw-star-E009-A-Journey-of-Adventure-Huh/cap_00-21-54_7673.jpg,Outlaw Star Ep 9: A Journey of Adventure! Huh? @ 00:21:54,https://animehistory.org/gallery/screencaps/outlaw-star/episode-9/,https://animehistory.org/gallery/screencaps/outlaw-star/episode-9/?page=4,4,2026-10-07T01:49:17.185172+00:00,0d9f1ab2a4d9593e93e20db4df9c1bb05913dcb4db3f79592da924a1c583723c,,UNVERIFIED
EP-09,A Journey of Adventure! Huh?,00:21:58,1318,849939,https://animehistory.org/uploads/screencaps/outlaw-star-E009-A-Journey-of-Adventure-Huh/cap_00-21-58_09eb.jpg,Outlaw Star Ep 9: A Journey of Adventure! Huh? @ 00:21:58,https://animehistory.org/gallery/screencaps/outlaw-star/episode-9/,https://animehistory.org/gallery/screencaps/outlaw-star/episode-9/?page=4,4,2026-10-07T01:49:17.185172+00:00,0d9f1ab2a4d9593e93e20db4df9c1bb05913dcb4db3f79592da924a1c583723c,,UNVERIFIED
EP-09,A Journey of Adventure! Huh?,00:22:01,1321,849940,https://animehistory.org/uploads/screencaps/outlaw-star-E009-A-Journey-of-Adventure-Huh/cap_00-22-01_7fae.jpg,Outlaw Star Ep 9: A Journey of Adventure! Huh? @ 00:22:01,https://animehistory.org/gallery/screencaps/outlaw-star/episode-9/,https://animehistory.org/gallery/screencaps/outlaw-star/episode-9/?page=4,4,2026-10-07T01:49:17.185172+00:00,0d9f1ab2a4d9593e93e20db4df9c1bb05913dcb4db3f79592da924a1c583723c,,UNVERIFIED
EP-09,A Journey of Adventure! Huh?,00:22:05,1325,849941,https://animehistory.org/uploads/screencaps/outlaw-star-E009-A-Journey-of-Adventure-Huh/cap_00-22-05_6ca5.jpg,Outlaw Star Ep 9: A Journey of Adventure! Huh? @ 00:22:05,https://animehistory.org/gallery/screencaps/outlaw-star/episode-9/,https://animehistory.org/gallery/screencaps/outlaw-star/episode-9/?page=4,4,2026-10-07T01:49:17.185172+00:00,0d9f1ab2a4d9593e93e20db4df9c1bb05913dcb4db3f79592da924a1c583723c,,UNVERIFIED
EP-09,A Journey of Adventure! Huh?,00:22:09,1329,849942,https://animehistory.org/uploads/screencaps/outlaw-star-E009-A-Journey-of-Adventure-Huh/cap_00-22-09_1412.jpg,Outlaw Star Ep 9: A Journey of Adventure! Huh? @ 00:22:09,https://animehistory.org/gallery/screencaps/outlaw-star/episode-9/,https://animehistory.org/gallery/screencaps/outlaw-star/episode-9/?page=4,4,2026-10-07T01:49:17.185172+00:00,0d9f1ab2a4d9593e93e20db4df9c1bb05913dcb4db3f79592da924a1c583723c,,UNVERIFIED
EP-09,A Journey of Adventure! Huh?,00:22:12,1332,849943,https://animehistory.org/uploads/screencaps/outlaw-star-E009-A-Journey-of-Adventure-Huh/cap_00-22-12_25ae.jpg,Outlaw Star Ep 9: A Journey of Adventure! Huh? @ 00:22:12,https://animehistory.org/gallery/screencaps/outlaw-star/episode-9/,https://animehistory.org/gallery/screencaps/outlaw-star/episode-9/?page=4,4,2026-10-07T01:49:17.185172+00:00,0d9f1ab2a4d9593e93e20db4df9c1bb05913dcb4db3f79592da924a1c583723c,,UNVERIFIED
EP-09,A Journey of Adventure! Huh?,00:22:16,1336,849944,https://animehistory.org/uploads/screencaps/outlaw-star-E009-A-Journey-of-Adventure-Huh/cap_00-22-16_22a8.jpg,Outlaw Star Ep 9: A Journey of Adventure! Huh? @ 00:22:16,https://animehistory.org/gallery/screencaps/outlaw-star/episode-9/,https://animehistory.org/gallery/screencaps/outlaw-star/episode-9/?page=4,4,2026-10-07T01:49:17.185172+00:00,0d9f1ab2a4d9593e93e20db4df9c1bb05913dcb4db3f79592da924a1c583723c,,UNVERIFIED
EP-09,A Journey of Adventure! Huh?,00:22:20,1340,849945,https://animehistory.org/uploads/screencaps/outlaw-star-E009-A-Journey-of-Adventure-Huh/cap_00-22-20_6167.jpg,Outlaw Star Ep 9: A Journey of Adventure! Huh? @ 00:22:20,https://animehistory.org/gallery/screencaps/outlaw-star/episode-9/,https://animehistory.org/gallery/screencaps/outlaw-star/episode-9/?page=4,4,2026-10-07T01:49:17.185172+00:00,0d9f1ab2a4d9593e93e20db4df9c1bb05913dcb4db3f79592da924a1c583723c,,UNVERIFIED
EP-09,A Journey of Adventure! Huh?,00:22:23,1343,849946,https://animehistory.org/uploads/screencaps/outlaw-star-E009-A-Journey-of-Adventure-Huh/cap_00-22-23_5e4d.jpg,Outlaw Star Ep 9: A Journey of Adventure! Huh? @ 00:22:23,https://animehistory.org/gallery/screencaps/outlaw-star/episode-9/,https://animehistory.org/gallery/screencaps/outlaw-star/episode-9/?page=4,4,2026-10-07T01:49:17.185172+00:00,0d9f1ab2a4d9593e93e20db4df9c1bb05913dcb4db3f79592da924a1c583723c,,UNVERIFIED
EP-09,A Journey of Adventure! Huh?,00:22:27,1347,849947,https://animehistory.org/uploads/screencaps/outlaw-star-E009-A-Journey-of-Adventure-Huh/cap_00-22-27_7c1a.jpg,Outlaw Star Ep 9: A Journey of Adventure! Huh? @ 00:22:27,https://animehistory.org/gallery/screencaps/outlaw-star/episode-9/,https://animehistory.org/gallery/screencaps/outlaw-star/episode-9/?page=4,4,2026-10-07T01:49:17.185172+00:00,0d9f1ab2a4d9593e93e20db4df9c1bb05913dcb4db3f79592da924a1c583723c,,UNVERIFIED
EP-09,A Journey of Adventure! Huh?,00:22:30,1350,849948,https://animehistory.org/uploads/screencaps/outlaw-star-E009-A-Journey-of-Adventure-Huh/cap_00-22-30_6707.jpg,Outlaw Star Ep 9: A Journey of Adventure! Huh? @ 00:22:30,https://animehistory.org/gallery/screencaps/outlaw-star/episode-9/,https://animehistory.org/gallery/screencaps/outlaw-star/episode-9/?page=4,4,2026-10-07T01:49:17.185172+00:00,0d9f1ab2a4d9593e93e20db4df9c1bb05913dcb4db3f79592da924a1c583723c,,UNVERIFIED
EP-09,A Journey of Adventure! Huh?,00:22:34,1354,849949,https://animehistory.org/uploads/screencaps/outlaw-star-E009-A-Journey-of-Adventure-Huh/cap_00-22-34_101e.jpg,Outlaw Star Ep 9: A Journey of Adventure! Huh? @ 00:22:34,https://animehistory.org/gallery/screencaps/outlaw-star/episode-9/,https://animehistory.org/gallery/screencaps/outlaw-star/episode-9/?page=4,4,2026-10-07T01:49:17.185172+00:00,0d9f1ab2a4d9593e93e20db4df9c1bb05913dcb4db3f79592da924a1c583723c,,UNVERIFIED
EP-09,A Journey of Adventure! Huh?,00:22:38,1358,849950,https://animehistory.org/uploads/screencaps/outlaw-star-E009-A-Journey-of-Adventure-Huh/cap_00-22-38_648a.jpg,Outlaw Star Ep 9: A Journey of Adventure! Huh? @ 00:22:38,https://animehistory.org/gallery/screencaps/outlaw-star/episode-9/,https://animehistory.org/gallery/screencaps/outlaw-star/episode-9/?page=4,4,2026-10-07T01:49:17.185172+00:00,0d9f1ab2a4d9593e93e20db4df9c1bb05913dcb4db3f79592da924a1c583723c,,UNVERIFIED
EP-09,A Journey of Adventure! Huh?,00:22:41,1361,849951,https://animehistory.org/uploads/screencaps/outlaw-star-E009-A-Journey-of-Adventure-Huh/cap_00-22-41_0a93.jpg,Outlaw Star Ep 9: A Journey of Adventure! Huh? @ 00:22:41,https://animehistory.org/gallery/screencaps/outlaw-star/episode-9/,https://animehistory.org/gallery/screencaps/outlaw-star/episode-9/?page=4,4,2026-10-07T01:49:17.185172+00:00,0d9f1ab2a4d9593e93e20db4df9c1bb05913dcb4db3f79592da924a1c583723c,,UNVERIFIED
EP-09,A Journey of Adventure! Huh?,00:22:45,1365,849952,https://animehistory.org/uploads/screencaps/outlaw-star-E009-A-Journey-of-Adventure-Huh/cap_00-22-45_42d2.jpg,Outlaw Star Ep 9: A Journey of Adventure! Huh? @ 00:22:45,https://animehistory.org/gallery/screencaps/outlaw-star/episode-9/,https://animehistory.org/gallery/screencaps/outlaw-star/episode-9/?page=4,4,2026-10-07T01:49:17.185172+00:00,0d9f1ab2a4d9593e93e20db4df9c1bb05913dcb4db3f79592da924a1c583723c,,UNVERIFIED
EP-09,A Journey of Adventure! Huh?,00:22:49,1369,849953,https://animehistory.org/uploads/screencaps/outlaw-star-E009-A-Journey-of-Adventure-Huh/cap_00-22-49_626d.jpg,Outlaw Star Ep 9: A Journey of Adventure! Huh? @ 00:22:49,https://animehistory.org/gallery/screencaps/outlaw-star/episode-9/,https://animehistory.org/gallery/screencaps/outlaw-star/episode-9/?page=4,4,2026-10-07T01:49:17.185172+00:00,0d9f1ab2a4d9593e93e20db4df9c1bb05913dcb4db3f79592da924a1c583723c,,UNVERIFIED
EP-09,A Journey of Adventure! Huh?,00:22:52,1372,849954,https://animehistory.org/uploads/screencaps/outlaw-star-E009-A-Journey-of-Adventure-Huh/cap_00-22-52_397f.jpg,Outlaw Star Ep 9: A Journey of Adventure! Huh? @ 00:22:52,https://animehistory.org/gallery/screencaps/outlaw-star/episode-9/,https://animehistory.org/gallery/screencaps/outlaw-star/episode-9/?page=4,4,2026-10-07T01:49:17.185172+00:00,0d9f1ab2a4d9593e93e20db4df9c1bb05913dcb4db3f79592da924a1c583723c,,UNVERIFIED
EP-09,A Journey of Adventure! Huh?,00:22:56,1376,849955,https://animehistory.org/uploads/screencaps/outlaw-star-E009-A-Journey-of-Adventure-Huh/cap_00-22-56_58aa.jpg,Outlaw Star Ep 9: A Journey of Adventure! Huh? @ 00:22:56,https://animehistory.org/gallery/screencaps/outlaw-star/episode-9/,https://animehistory.org/gallery/screencaps/outlaw-star/episode-9/?page=4,4,2026-10-07T01:49:17.185172+00:00,0d9f1ab2a4d9593e93e20db4df9c1bb05913dcb4db3f79592da924a1c583723c,,UNVERIFIED
EP-09,A Journey of Adventure! Huh?,00:23:00,1380,849956,https://animehistory.org/uploads/screencaps/outlaw-star-E009-A-Journey-of-Adventure-Huh/cap_00-23-00_60b0.jpg,Outlaw Star Ep 9: A Journey of Adventure! Huh? @ 00:23:00,https://animehistory.org/gallery/screencaps/outlaw-star/episode-9/,https://animehistory.org/gallery/screencaps/outlaw-star/episode-9/?page=4,4,2026-10-07T01:49:17.185172+00:00,0d9f1ab2a4d9593e93e20db4df9c1bb05913dcb4db3f79592da924a1c583723c,,UNVERIFIED
EP-09,A Journey of Adventure! Huh?,00:23:03,1383,849957,https://animehistory.org/uploads/screencaps/outlaw-star-E009-A-Journey-of-Adventure-Huh/cap_00-23-03_2b91.jpg,Outlaw Star Ep 9: A Journey of Adventure! Huh? @ 00:23:03,https://animehistory.org/gallery/screencaps/outlaw-star/episode-9/,https://animehistory.org/gallery/screencaps/outlaw-star/episode-9/?page=4,4,2026-10-07T01:49:17.185172+00:00,0d9f1ab2a4d9593e93e20db4df9c1bb05913dcb4db3f79592da924a1c583723c,,UNVERIFIED
EP-09,A Journey of Adventure! Huh?,00:23:07,1387,849958,https://animehistory.org/uploads/screencaps/outlaw-star-E009-A-Journey-of-Adventure-Huh/cap_00-23-07_3374.jpg,Outlaw Star Ep 9: A Journey of Adventure! Huh? @ 00:23:07,https://animehistory.org/gallery/screencaps/outlaw-star/episode-9/,https://animehistory.org/gallery/screencaps/outlaw-star/episode-9/?page=4,4,2026-10-07T01:49:17.185172+00:00,0d9f1ab2a4d9593e93e20db4df9c1bb05913dcb4db3f79592da924a1c583723c,,UNVERIFIED
