episode_id,episode_title,web_timestamp,web_seconds,image_id,image_url,caption,gallery_url,source_page_url,source_page,retrieved_utc,html_sha256,local_timestamp,alignment_status
EP-13,Advance Guard from Another World,00:01:43,103,851021,https://animehistory.org/uploads/screencaps/outlaw-star-E013-Advance-Guard-from-Another-World/cap_00-01-43_65cd.jpg,Outlaw Star Ep 13: Advance Guard from Another World @ 00:01:43,https://animehistory.org/gallery/screencaps/outlaw-star/episode-13/,https://animehistory.org/gallery/screencaps/outlaw-star/episode-13/,1,2026-10-07T01:49:34.606694+00:00,8eb7d90d14487556fa57d07f4f432bbf1b8824fd6519fe38342e31ae27023cf3,,UNVERIFIED
EP-13,Advance Guard from Another World,00:01:47,107,851022,https://animehistory.org/uploads/screencaps/outlaw-star-E013-Advance-Guard-from-Another-World/cap_00-01-47_7fbf.jpg,Outlaw Star Ep 13: Advance Guard from Another World @ 00:01:47,https://animehistory.org/gallery/screencaps/outlaw-star/episode-13/,https://animehistory.org/gallery/screencaps/outlaw-star/episode-13/,1,2026-10-07T01:49:34.606694+00:00,8eb7d90d14487556fa57d07f4f432bbf1b8824fd6519fe38342e31ae27023cf3,,UNVERIFIED
EP-13,Advance Guard from Another World,00:01:50,110,851023,https://animehistory.org/uploads/screencaps/outlaw-star-E013-Advance-Guard-from-Another-World/cap_00-01-50_0b5e.jpg,Outlaw Star Ep 13: Advance Guard from Another World @ 00:01:50,https://animehistory.org/gallery/screencaps/outlaw-star/episode-13/,https://animehistory.org/gallery/screencaps/outlaw-star/episode-13/,1,2026-10-07T01:49:34.606694+00:00,8eb7d90d14487556fa57d07f4f432bbf1b8824fd6519fe38342e31ae27023cf3,,UNVERIFIED
EP-13,Advance Guard from Another World,00:01:54,114,851024,https://animehistory.org/uploads/screencaps/outlaw-star-E013-Advance-Guard-from-Another-World/cap_00-01-54_443f.jpg,Outlaw Star Ep 13: Advance Guard from Another World @ 00:01:54,https://animehistory.org/gallery/screencaps/outlaw-star/episode-13/,https://animehistory.org/gallery/screencaps/outlaw-star/episode-13/,1,2026-10-07T01:49:34.606694+00:00,8eb7d90d14487556fa57d07f4f432bbf1b8824fd6519fe38342e31ae27023cf3,,UNVERIFIED
EP-13,Advance Guard from Another World,00:01:58,118,851025,https://animehistory.org/uploads/screencaps/outlaw-star-E013-Advance-Guard-from-Another-World/cap_00-01-58_4b0b.jpg,Outlaw Star Ep 13: Advance Guard from Another World @ 00:01:58,https://animehistory.org/gallery/screencaps/outlaw-star/episode-13/,https://animehistory.org/gallery/screencaps/outlaw-star/episode-13/,1,2026-10-07T01:49:34.606694+00:00,8eb7d90d14487556fa57d07f4f432bbf1b8824fd6519fe38342e31ae27023cf3,,UNVERIFIED
EP-13,Advance Guard from Another World,00:02:01,121,851026,https://animehistory.org/uploads/screencaps/outlaw-star-E013-Advance-Guard-from-Another-World/cap_00-02-01_02d6.jpg,Outlaw Star Ep 13: Advance Guard from Another World @ 00:02:01,https://animehistory.org/gallery/screencaps/outlaw-star/episode-13/,https://animehistory.org/gallery/screencaps/outlaw-star/episode-13/,1,2026-10-07T01:49:34.606694+00:00,8eb7d90d14487556fa57d07f4f432bbf1b8824fd6519fe38342e31ae27023cf3,,UNVERIFIED
EP-13,Advance Guard from Another World,00:02:05,125,851027,https://animehistory.org/uploads/screencaps/outlaw-star-E013-Advance-Guard-from-Another-World/cap_00-02-05_1d1e.jpg,Outlaw Star Ep 13: Advance Guard from Another World @ 00:02:05,https://animehistory.org/gallery/screencaps/outlaw-star/episode-13/,https://animehistory.org/gallery/screencaps/outlaw-star/episode-13/,1,2026-10-07T01:49:34.606694+00:00,8eb7d90d14487556fa57d07f4f432bbf1b8824fd6519fe38342e31ae27023cf3,,UNVERIFIED
EP-13,Advance Guard from Another World,00:02:09,129,851028,https://animehistory.org/uploads/screencaps/outlaw-star-E013-Advance-Guard-from-Another-World/cap_00-02-09_146d.jpg,Outlaw Star Ep 13: Advance Guard from Another World @ 00:02:09,https://animehistory.org/gallery/screencaps/outlaw-star/episode-13/,https://animehistory.org/gallery/screencaps/outlaw-star/episode-13/,1,2026-10-07T01:49:34.606694+00:00,8eb7d90d14487556fa57d07f4f432bbf1b8824fd6519fe38342e31ae27023cf3,,UNVERIFIED
EP-13,Advance Guard from Another World,00:02:12,132,851029,https://animehistory.org/uploads/screencaps/outlaw-star-E013-Advance-Guard-from-Another-World/cap_00-02-12_7f78.jpg,Outlaw Star Ep 13: Advance Guard from Another World @ 00:02:12,https://animehistory.org/gallery/screencaps/outlaw-star/episode-13/,https://animehistory.org/gallery/screencaps/outlaw-star/episode-13/,1,2026-10-07T01:49:34.606694+00:00,8eb7d90d14487556fa57d07f4f432bbf1b8824fd6519fe38342e31ae27023cf3,,UNVERIFIED
EP-13,Advance Guard from Another World,00:02:16,136,851030,https://animehistory.org/uploads/screencaps/outlaw-star-E013-Advance-Guard-from-Another-World/cap_00-02-16_4ec5.jpg,Outlaw Star Ep 13: Advance Guard from Another World @ 00:02:16,https://animehistory.org/gallery/screencaps/outlaw-star/episode-13/,https://animehistory.org/gallery/screencaps/outlaw-star/episode-13/,1,2026-10-07T01:49:34.606694+00:00,8eb7d90d14487556fa57d07f4f432bbf1b8824fd6519fe38342e31ae27023cf3,,UNVERIFIED
EP-13,Advance Guard from Another World,00:02:20,140,851031,https://animehistory.org/uploads/screencaps/outlaw-star-E013-Advance-Guard-from-Another-World/cap_00-02-20_7f76.jpg,Outlaw Star Ep 13: Advance Guard from Another World @ 00:02:20,https://animehistory.org/gallery/screencaps/outlaw-star/episode-13/,https://animehistory.org/gallery/screencaps/outlaw-star/episode-13/,1,2026-10-07T01:49:34.606694+00:00,8eb7d90d14487556fa57d07f4f432bbf1b8824fd6519fe38342e31ae27023cf3,,UNVERIFIED
EP-13,Advance Guard from Another World,00:02:23,143,851032,https://animehistory.org/uploads/screencaps/outlaw-star-E013-Advance-Guard-from-Another-World/cap_00-02-23_3456.jpg,Outlaw Star Ep 13: Advance Guard from Another World @ 00:02:23,https://animehistory.org/gallery/screencaps/outlaw-star/episode-13/,https://animehistory.org/gallery/screencaps/outlaw-star/episode-13/,1,2026-10-07T01:49:34.606694+00:00,8eb7d90d14487556fa57d07f4f432bbf1b8824fd6519fe38342e31ae27023cf3,,UNVERIFIED
EP-13,Advance Guard from Another World,00:02:27,147,851033,https://animehistory.org/uploads/screencaps/outlaw-star-E013-Advance-Guard-from-Another-World/cap_00-02-27_7530.jpg,Outlaw Star Ep 13: Advance Guard from Another World @ 00:02:27,https://animehistory.org/gallery/screencaps/outlaw-star/episode-13/,https://animehistory.org/gallery/screencaps/outlaw-star/episode-13/,1,2026-10-07T01:49:34.606694+00:00,8eb7d90d14487556fa57d07f4f432bbf1b8824fd6519fe38342e31ae27023cf3,,UNVERIFIED
EP-13,Advance Guard from Another World,00:02:31,151,851034,https://animehistory.org/uploads/screencaps/outlaw-star-E013-Advance-Guard-from-Another-World/cap_00-02-31_58a9.jpg,Outlaw Star Ep 13: Advance Guard from Another World @ 00:02:31,https://animehistory.org/gallery/screencaps/outlaw-star/episode-13/,https://animehistory.org/gallery/screencaps/outlaw-star/episode-13/,1,2026-10-07T01:49:34.606694+00:00,8eb7d90d14487556fa57d07f4f432bbf1b8824fd6519fe38342e31ae27023cf3,,UNVERIFIED
EP-13,Advance Guard from Another World,00:02:34,154,851035,https://animehistory.org/uploads/screencaps/outlaw-star-E013-Advance-Guard-from-Another-World/cap_00-02-34_4288.jpg,Outlaw Star Ep 13: Advance Guard from Another World @ 00:02:34,https://animehistory.org/gallery/screencaps/outlaw-star/episode-13/,https://animehistory.org/gallery/screencaps/outlaw-star/episode-13/,1,2026-10-07T01:49:34.606694+00:00,8eb7d90d14487556fa57d07f4f432bbf1b8824fd6519fe38342e31ae27023cf3,,UNVERIFIED
EP-13,Advance Guard from Another World,00:02:38,158,851036,https://animehistory.org/uploads/screencaps/outlaw-star-E013-Advance-Guard-from-Another-World/cap_00-02-38_47c9.jpg,Outlaw Star Ep 13: Advance Guard from Another World @ 00:02:38,https://animehistory.org/gallery/screencaps/outlaw-star/episode-13/,https://animehistory.org/gallery/screencaps/outlaw-star/episode-13/,1,2026-10-07T01:49:34.606694+00:00,8eb7d90d14487556fa57d07f4f432bbf1b8824fd6519fe38342e31ae27023cf3,,UNVERIFIED
EP-13,Advance Guard from Another World,00:02:42,162,851037,https://animehistory.org/uploads/screencaps/outlaw-star-E013-Advance-Guard-from-Another-World/cap_00-02-42_61d8.jpg,Outlaw Star Ep 13: Advance Guard from Another World @ 00:02:42,https://animehistory.org/gallery/screencaps/outlaw-star/episode-13/,https://animehistory.org/gallery/screencaps/outlaw-star/episode-13/,1,2026-10-07T01:49:34.606694+00:00,8eb7d90d14487556fa57d07f4f432bbf1b8824fd6519fe38342e31ae27023cf3,,UNVERIFIED
EP-13,Advance Guard from Another World,00:02:45,165,851038,https://animehistory.org/uploads/screencaps/outlaw-star-E013-Advance-Guard-from-Another-World/cap_00-02-45_7ad7.jpg,Outlaw Star Ep 13: Advance Guard from Another World @ 00:02:45,https://animehistory.org/gallery/screencaps/outlaw-star/episode-13/,https://animehistory.org/gallery/screencaps/outlaw-star/episode-13/,1,2026-10-07T01:49:34.606694+00:00,8eb7d90d14487556fa57d07f4f432bbf1b8824fd6519fe38342e31ae27023cf3,,UNVERIFIED
EP-13,Advance Guard from Another World,00:02:49,169,851039,https://animehistory.org/uploads/screencaps/outlaw-star-E013-Advance-Guard-from-Another-World/cap_00-02-49_7cd1.jpg,Outlaw Star Ep 13: Advance Guard from Another World @ 00:02:49,https://animehistory.org/gallery/screencaps/outlaw-star/episode-13/,https://animehistory.org/gallery/screencaps/outlaw-star/episode-13/,1,2026-10-07T01:49:34.606694+00:00,8eb7d90d14487556fa57d07f4f432bbf1b8824fd6519fe38342e31ae27023cf3,,UNVERIFIED
EP-13,Advance Guard from Another World,00:02:52,172,851040,https://animehistory.org/uploads/screencaps/outlaw-star-E013-Advance-Guard-from-Another-World/cap_00-02-52_1f28.jpg,Outlaw Star Ep 13: Advance Guard from Another World @ 00:02:52,https://animehistory.org/gallery/screencaps/outlaw-star/episode-13/,https://animehistory.org/gallery/screencaps/outlaw-star/episode-13/,1,2026-10-07T01:49:34.606694+00:00,8eb7d90d14487556fa57d07f4f432bbf1b8824fd6519fe38342e31ae27023cf3,,UNVERIFIED
EP-13,Advance Guard from Another World,00:02:56,176,851041,https://animehistory.org/uploads/screencaps/outlaw-star-E013-Advance-Guard-from-Another-World/cap_00-02-56_0278.jpg,Outlaw Star Ep 13: Advance Guard from Another World @ 00:02:56,https://animehistory.org/gallery/screencaps/outlaw-star/episode-13/,https://animehistory.org/gallery/screencaps/outlaw-star/episode-13/,1,2026-10-07T01:49:34.606694+00:00,8eb7d90d14487556fa57d07f4f432bbf1b8824fd6519fe38342e31ae27023cf3,,UNVERIFIED
EP-13,Advance Guard from Another World,00:03:00,180,851042,https://animehistory.org/uploads/screencaps/outlaw-star-E013-Advance-Guard-from-Another-World/cap_00-03-00_6123.jpg,Outlaw Star Ep 13: Advance Guard from Another World @ 00:03:00,https://animehistory.org/gallery/screencaps/outlaw-star/episode-13/,https://animehistory.org/gallery/screencaps/outlaw-star/episode-13/,1,2026-10-07T01:49:34.606694+00:00,8eb7d90d14487556fa57d07f4f432bbf1b8824fd6519fe38342e31ae27023cf3,,UNVERIFIED
EP-13,Advance Guard from Another World,00:03:03,183,851043,https://animehistory.org/uploads/screencaps/outlaw-star-E013-Advance-Guard-from-Another-World/cap_00-03-03_7ecf.jpg,Outlaw Star Ep 13: Advance Guard from Another World @ 00:03:03,https://animehistory.org/gallery/screencaps/outlaw-star/episode-13/,https://animehistory.org/gallery/screencaps/outlaw-star/episode-13/,1,2026-10-07T01:49:34.606694+00:00,8eb7d90d14487556fa57d07f4f432bbf1b8824fd6519fe38342e31ae27023cf3,,UNVERIFIED
EP-13,Advance Guard from Another World,00:03:07,187,851044,https://animehistory.org/uploads/screencaps/outlaw-star-E013-Advance-Guard-from-Another-World/cap_00-03-07_30bc.jpg,Outlaw Star Ep 13: Advance Guard from Another World @ 00:03:07,https://animehistory.org/gallery/screencaps/outlaw-star/episode-13/,https://animehistory.org/gallery/screencaps/outlaw-star/episode-13/,1,2026-10-07T01:49:34.606694+00:00,8eb7d90d14487556fa57d07f4f432bbf1b8824fd6519fe38342e31ae27023cf3,,UNVERIFIED
EP-13,Advance Guard from Another World,00:03:11,191,851045,https://animehistory.org/uploads/screencaps/outlaw-star-E013-Advance-Guard-from-Another-World/cap_00-03-11_7fff.jpg,Outlaw Star Ep 13: Advance Guard from Another World @ 00:03:11,https://animehistory.org/gallery/screencaps/outlaw-star/episode-13/,https://animehistory.org/gallery/screencaps/outlaw-star/episode-13/,1,2026-10-07T01:49:34.606694+00:00,8eb7d90d14487556fa57d07f4f432bbf1b8824fd6519fe38342e31ae27023cf3,,UNVERIFIED
EP-13,Advance Guard from Another World,00:03:14,194,851046,https://animehistory.org/uploads/screencaps/outlaw-star-E013-Advance-Guard-from-Another-World/cap_00-03-14_2428.jpg,Outlaw Star Ep 13: Advance Guard from Another World @ 00:03:14,https://animehistory.org/gallery/screencaps/outlaw-star/episode-13/,https://animehistory.org/gallery/screencaps/outlaw-star/episode-13/,1,2026-10-07T01:49:34.606694+00:00,8eb7d90d14487556fa57d07f4f432bbf1b8824fd6519fe38342e31ae27023cf3,,UNVERIFIED
EP-13,Advance Guard from Another World,00:03:18,198,851047,https://animehistory.org/uploads/screencaps/outlaw-star-E013-Advance-Guard-from-Another-World/cap_00-03-18_33ad.jpg,Outlaw Star Ep 13: Advance Guard from Another World @ 00:03:18,https://animehistory.org/gallery/screencaps/outlaw-star/episode-13/,https://animehistory.org/gallery/screencaps/outlaw-star/episode-13/,1,2026-10-07T01:49:34.606694+00:00,8eb7d90d14487556fa57d07f4f432bbf1b8824fd6519fe38342e31ae27023cf3,,UNVERIFIED
EP-13,Advance Guard from Another World,00:03:22,202,851048,https://animehistory.org/uploads/screencaps/outlaw-star-E013-Advance-Guard-from-Another-World/cap_00-03-22_7311.jpg,Outlaw Star Ep 13: Advance Guard from Another World @ 00:03:22,https://animehistory.org/gallery/screencaps/outlaw-star/episode-13/,https://animehistory.org/gallery/screencaps/outlaw-star/episode-13/,1,2026-10-07T01:49:34.606694+00:00,8eb7d90d14487556fa57d07f4f432bbf1b8824fd6519fe38342e31ae27023cf3,,UNVERIFIED
EP-13,Advance Guard from Another World,00:03:25,205,851049,https://animehistory.org/uploads/screencaps/outlaw-star-E013-Advance-Guard-from-Another-World/cap_00-03-25_397a.jpg,Outlaw Star Ep 13: Advance Guard from Another World @ 00:03:25,https://animehistory.org/gallery/screencaps/outlaw-star/episode-13/,https://animehistory.org/gallery/screencaps/outlaw-star/episode-13/,1,2026-10-07T01:49:34.606694+00:00,8eb7d90d14487556fa57d07f4f432bbf1b8824fd6519fe38342e31ae27023cf3,,UNVERIFIED
EP-13,Advance Guard from Another World,00:03:29,209,851050,https://animehistory.org/uploads/screencaps/outlaw-star-E013-Advance-Guard-from-Another-World/cap_00-03-29_1798.jpg,Outlaw Star Ep 13: Advance Guard from Another World @ 00:03:29,https://animehistory.org/gallery/screencaps/outlaw-star/episode-13/,https://animehistory.org/gallery/screencaps/outlaw-star/episode-13/,1,2026-10-07T01:49:34.606694+00:00,8eb7d90d14487556fa57d07f4f432bbf1b8824fd6519fe38342e31ae27023cf3,,UNVERIFIED
EP-13,Advance Guard from Another World,00:03:33,213,851051,https://animehistory.org/uploads/screencaps/outlaw-star-E013-Advance-Guard-from-Another-World/cap_00-03-33_1ecc.jpg,Outlaw Star Ep 13: Advance Guard from Another World @ 00:03:33,https://animehistory.org/gallery/screencaps/outlaw-star/episode-13/,https://animehistory.org/gallery/screencaps/outlaw-star/episode-13/,1,2026-10-07T01:49:34.606694+00:00,8eb7d90d14487556fa57d07f4f432bbf1b8824fd6519fe38342e31ae27023cf3,,UNVERIFIED
EP-13,Advance Guard from Another World,00:03:36,216,851052,https://animehistory.org/uploads/screencaps/outlaw-star-E013-Advance-Guard-from-Another-World/cap_00-03-36_0a01.jpg,Outlaw Star Ep 13: Advance Guard from Another World @ 00:03:36,https://animehistory.org/gallery/screencaps/outlaw-star/episode-13/,https://animehistory.org/gallery/screencaps/outlaw-star/episode-13/,1,2026-10-07T01:49:34.606694+00:00,8eb7d90d14487556fa57d07f4f432bbf1b8824fd6519fe38342e31ae27023cf3,,UNVERIFIED
EP-13,Advance Guard from Another World,00:03:40,220,851053,https://animehistory.org/uploads/screencaps/outlaw-star-E013-Advance-Guard-from-Another-World/cap_00-03-40_1db4.jpg,Outlaw Star Ep 13: Advance Guard from Another World @ 00:03:40,https://animehistory.org/gallery/screencaps/outlaw-star/episode-13/,https://animehistory.org/gallery/screencaps/outlaw-star/episode-13/,1,2026-10-07T01:49:34.606694+00:00,8eb7d90d14487556fa57d07f4f432bbf1b8824fd6519fe38342e31ae27023cf3,,UNVERIFIED
EP-13,Advance Guard from Another World,00:03:44,224,851054,https://animehistory.org/uploads/screencaps/outlaw-star-E013-Advance-Guard-from-Another-World/cap_00-03-44_6ed1.jpg,Outlaw Star Ep 13: Advance Guard from Another World @ 00:03:44,https://animehistory.org/gallery/screencaps/outlaw-star/episode-13/,https://animehistory.org/gallery/screencaps/outlaw-star/episode-13/,1,2026-10-07T01:49:34.606694+00:00,8eb7d90d14487556fa57d07f4f432bbf1b8824fd6519fe38342e31ae27023cf3,,UNVERIFIED
EP-13,Advance Guard from Another World,00:03:47,227,851055,https://animehistory.org/uploads/screencaps/outlaw-star-E013-Advance-Guard-from-Another-World/cap_00-03-47_6214.jpg,Outlaw Star Ep 13: Advance Guard from Another World @ 00:03:47,https://animehistory.org/gallery/screencaps/outlaw-star/episode-13/,https://animehistory.org/gallery/screencaps/outlaw-star/episode-13/,1,2026-10-07T01:49:34.606694+00:00,8eb7d90d14487556fa57d07f4f432bbf1b8824fd6519fe38342e31ae27023cf3,,UNVERIFIED
EP-13,Advance Guard from Another World,00:03:51,231,851056,https://animehistory.org/uploads/screencaps/outlaw-star-E013-Advance-Guard-from-Another-World/cap_00-03-51_5c63.jpg,Outlaw Star Ep 13: Advance Guard from Another World @ 00:03:51,https://animehistory.org/gallery/screencaps/outlaw-star/episode-13/,https://animehistory.org/gallery/screencaps/outlaw-star/episode-13/,1,2026-10-07T01:49:34.606694+00:00,8eb7d90d14487556fa57d07f4f432bbf1b8824fd6519fe38342e31ae27023cf3,,UNVERIFIED
EP-13,Advance Guard from Another World,00:03:54,234,851057,https://animehistory.org/uploads/screencaps/outlaw-star-E013-Advance-Guard-from-Another-World/cap_00-03-54_0874.jpg,Outlaw Star Ep 13: Advance Guard from Another World @ 00:03:54,https://animehistory.org/gallery/screencaps/outlaw-star/episode-13/,https://animehistory.org/gallery/screencaps/outlaw-star/episode-13/,1,2026-10-07T01:49:34.606694+00:00,8eb7d90d14487556fa57d07f4f432bbf1b8824fd6519fe38342e31ae27023cf3,,UNVERIFIED
EP-13,Advance Guard from Another World,00:03:58,238,851058,https://animehistory.org/uploads/screencaps/outlaw-star-E013-Advance-Guard-from-Another-World/cap_00-03-58_67cc.jpg,Outlaw Star Ep 13: Advance Guard from Another World @ 00:03:58,https://animehistory.org/gallery/screencaps/outlaw-star/episode-13/,https://animehistory.org/gallery/screencaps/outlaw-star/episode-13/,1,2026-10-07T01:49:34.606694+00:00,8eb7d90d14487556fa57d07f4f432bbf1b8824fd6519fe38342e31ae27023cf3,,UNVERIFIED
EP-13,Advance Guard from Another World,00:04:02,242,851059,https://animehistory.org/uploads/screencaps/outlaw-star-E013-Advance-Guard-from-Another-World/cap_00-04-02_725e.jpg,Outlaw Star Ep 13: Advance Guard from Another World @ 00:04:02,https://animehistory.org/gallery/screencaps/outlaw-star/episode-13/,https://animehistory.org/gallery/screencaps/outlaw-star/episode-13/,1,2026-10-07T01:49:34.606694+00:00,8eb7d90d14487556fa57d07f4f432bbf1b8824fd6519fe38342e31ae27023cf3,,UNVERIFIED
EP-13,Advance Guard from Another World,00:04:05,245,851060,https://animehistory.org/uploads/screencaps/outlaw-star-E013-Advance-Guard-from-Another-World/cap_00-04-05_422a.jpg,Outlaw Star Ep 13: Advance Guard from Another World @ 00:04:05,https://animehistory.org/gallery/screencaps/outlaw-star/episode-13/,https://animehistory.org/gallery/screencaps/outlaw-star/episode-13/,1,2026-10-07T01:49:34.606694+00:00,8eb7d90d14487556fa57d07f4f432bbf1b8824fd6519fe38342e31ae27023cf3,,UNVERIFIED
EP-13,Advance Guard from Another World,00:04:09,249,851061,https://animehistory.org/uploads/screencaps/outlaw-star-E013-Advance-Guard-from-Another-World/cap_00-04-09_630f.jpg,Outlaw Star Ep 13: Advance Guard from Another World @ 00:04:09,https://animehistory.org/gallery/screencaps/outlaw-star/episode-13/,https://animehistory.org/gallery/screencaps/outlaw-star/episode-13/,1,2026-10-07T01:49:34.606694+00:00,8eb7d90d14487556fa57d07f4f432bbf1b8824fd6519fe38342e31ae27023cf3,,UNVERIFIED
EP-13,Advance Guard from Another World,00:04:13,253,851062,https://animehistory.org/uploads/screencaps/outlaw-star-E013-Advance-Guard-from-Another-World/cap_00-04-13_54f9.jpg,Outlaw Star Ep 13: Advance Guard from Another World @ 00:04:13,https://animehistory.org/gallery/screencaps/outlaw-star/episode-13/,https://animehistory.org/gallery/screencaps/outlaw-star/episode-13/,1,2026-10-07T01:49:34.606694+00:00,8eb7d90d14487556fa57d07f4f432bbf1b8824fd6519fe38342e31ae27023cf3,,UNVERIFIED
EP-13,Advance Guard from Another World,00:04:16,256,851063,https://animehistory.org/uploads/screencaps/outlaw-star-E013-Advance-Guard-from-Another-World/cap_00-04-16_12d0.jpg,Outlaw Star Ep 13: Advance Guard from Another World @ 00:04:16,https://animehistory.org/gallery/screencaps/outlaw-star/episode-13/,https://animehistory.org/gallery/screencaps/outlaw-star/episode-13/,1,2026-10-07T01:49:34.606694+00:00,8eb7d90d14487556fa57d07f4f432bbf1b8824fd6519fe38342e31ae27023cf3,,UNVERIFIED
EP-13,Advance Guard from Another World,00:04:20,260,851064,https://animehistory.org/uploads/screencaps/outlaw-star-E013-Advance-Guard-from-Another-World/cap_00-04-20_575f.jpg,Outlaw Star Ep 13: Advance Guard from Another World @ 00:04:20,https://animehistory.org/gallery/screencaps/outlaw-star/episode-13/,https://animehistory.org/gallery/screencaps/outlaw-star/episode-13/,1,2026-10-07T01:49:34.606694+00:00,8eb7d90d14487556fa57d07f4f432bbf1b8824fd6519fe38342e31ae27023cf3,,UNVERIFIED
EP-13,Advance Guard from Another World,00:04:24,264,851065,https://animehistory.org/uploads/screencaps/outlaw-star-E013-Advance-Guard-from-Another-World/cap_00-04-24_082a.jpg,Outlaw Star Ep 13: Advance Guard from Another World @ 00:04:24,https://animehistory.org/gallery/screencaps/outlaw-star/episode-13/,https://animehistory.org/gallery/screencaps/outlaw-star/episode-13/,1,2026-10-07T01:49:34.606694+00:00,8eb7d90d14487556fa57d07f4f432bbf1b8824fd6519fe38342e31ae27023cf3,,UNVERIFIED
EP-13,Advance Guard from Another World,00:04:27,267,851066,https://animehistory.org/uploads/screencaps/outlaw-star-E013-Advance-Guard-from-Another-World/cap_00-04-27_51b4.jpg,Outlaw Star Ep 13: Advance Guard from Another World @ 00:04:27,https://animehistory.org/gallery/screencaps/outlaw-star/episode-13/,https://animehistory.org/gallery/screencaps/outlaw-star/episode-13/,1,2026-10-07T01:49:34.606694+00:00,8eb7d90d14487556fa57d07f4f432bbf1b8824fd6519fe38342e31ae27023cf3,,UNVERIFIED
EP-13,Advance Guard from Another World,00:04:31,271,851067,https://animehistory.org/uploads/screencaps/outlaw-star-E013-Advance-Guard-from-Another-World/cap_00-04-31_469f.jpg,Outlaw Star Ep 13: Advance Guard from Another World @ 00:04:31,https://animehistory.org/gallery/screencaps/outlaw-star/episode-13/,https://animehistory.org/gallery/screencaps/outlaw-star/episode-13/,1,2026-10-07T01:49:34.606694+00:00,8eb7d90d14487556fa57d07f4f432bbf1b8824fd6519fe38342e31ae27023cf3,,UNVERIFIED
EP-13,Advance Guard from Another World,00:04:35,275,851068,https://animehistory.org/uploads/screencaps/outlaw-star-E013-Advance-Guard-from-Another-World/cap_00-04-35_5b7e.jpg,Outlaw Star Ep 13: Advance Guard from Another World @ 00:04:35,https://animehistory.org/gallery/screencaps/outlaw-star/episode-13/,https://animehistory.org/gallery/screencaps/outlaw-star/episode-13/,1,2026-10-07T01:49:34.606694+00:00,8eb7d90d14487556fa57d07f4f432bbf1b8824fd6519fe38342e31ae27023cf3,,UNVERIFIED
EP-13,Advance Guard from Another World,00:04:38,278,851069,https://animehistory.org/uploads/screencaps/outlaw-star-E013-Advance-Guard-from-Another-World/cap_00-04-38_4722.jpg,Outlaw Star Ep 13: Advance Guard from Another World @ 00:04:38,https://animehistory.org/gallery/screencaps/outlaw-star/episode-13/,https://animehistory.org/gallery/screencaps/outlaw-star/episode-13/,1,2026-10-07T01:49:34.606694+00:00,8eb7d90d14487556fa57d07f4f432bbf1b8824fd6519fe38342e31ae27023cf3,,UNVERIFIED
EP-13,Advance Guard from Another World,00:04:42,282,851070,https://animehistory.org/uploads/screencaps/outlaw-star-E013-Advance-Guard-from-Another-World/cap_00-04-42_09b0.jpg,Outlaw Star Ep 13: Advance Guard from Another World @ 00:04:42,https://animehistory.org/gallery/screencaps/outlaw-star/episode-13/,https://animehistory.org/gallery/screencaps/outlaw-star/episode-13/,1,2026-10-07T01:49:34.606694+00:00,8eb7d90d14487556fa57d07f4f432bbf1b8824fd6519fe38342e31ae27023cf3,,UNVERIFIED
EP-13,Advance Guard from Another World,00:04:46,286,851071,https://animehistory.org/uploads/screencaps/outlaw-star-E013-Advance-Guard-from-Another-World/cap_00-04-46_5598.jpg,Outlaw Star Ep 13: Advance Guard from Another World @ 00:04:46,https://animehistory.org/gallery/screencaps/outlaw-star/episode-13/,https://animehistory.org/gallery/screencaps/outlaw-star/episode-13/,1,2026-10-07T01:49:34.606694+00:00,8eb7d90d14487556fa57d07f4f432bbf1b8824fd6519fe38342e31ae27023cf3,,UNVERIFIED
EP-13,Advance Guard from Another World,00:04:49,289,851072,https://animehistory.org/uploads/screencaps/outlaw-star-E013-Advance-Guard-from-Another-World/cap_00-04-49_2779.jpg,Outlaw Star Ep 13: Advance Guard from Another World @ 00:04:49,https://animehistory.org/gallery/screencaps/outlaw-star/episode-13/,https://animehistory.org/gallery/screencaps/outlaw-star/episode-13/,1,2026-10-07T01:49:34.606694+00:00,8eb7d90d14487556fa57d07f4f432bbf1b8824fd6519fe38342e31ae27023cf3,,UNVERIFIED
EP-13,Advance Guard from Another World,00:04:53,293,851073,https://animehistory.org/uploads/screencaps/outlaw-star-E013-Advance-Guard-from-Another-World/cap_00-04-53_10c5.jpg,Outlaw Star Ep 13: Advance Guard from Another World @ 00:04:53,https://animehistory.org/gallery/screencaps/outlaw-star/episode-13/,https://animehistory.org/gallery/screencaps/outlaw-star/episode-13/,1,2026-10-07T01:49:34.606694+00:00,8eb7d90d14487556fa57d07f4f432bbf1b8824fd6519fe38342e31ae27023cf3,,UNVERIFIED
EP-13,Advance Guard from Another World,00:04:56,296,851074,https://animehistory.org/uploads/screencaps/outlaw-star-E013-Advance-Guard-from-Another-World/cap_00-04-56_493e.jpg,Outlaw Star Ep 13: Advance Guard from Another World @ 00:04:56,https://animehistory.org/gallery/screencaps/outlaw-star/episode-13/,https://animehistory.org/gallery/screencaps/outlaw-star/episode-13/,1,2026-10-07T01:49:34.606694+00:00,8eb7d90d14487556fa57d07f4f432bbf1b8824fd6519fe38342e31ae27023cf3,,UNVERIFIED
EP-13,Advance Guard from Another World,00:05:00,300,851075,https://animehistory.org/uploads/screencaps/outlaw-star-E013-Advance-Guard-from-Another-World/cap_00-05-00_3e16.jpg,Outlaw Star Ep 13: Advance Guard from Another World @ 00:05:00,https://animehistory.org/gallery/screencaps/outlaw-star/episode-13/,https://animehistory.org/gallery/screencaps/outlaw-star/episode-13/,1,2026-10-07T01:49:34.606694+00:00,8eb7d90d14487556fa57d07f4f432bbf1b8824fd6519fe38342e31ae27023cf3,,UNVERIFIED
EP-13,Advance Guard from Another World,00:05:04,304,851076,https://animehistory.org/uploads/screencaps/outlaw-star-E013-Advance-Guard-from-Another-World/cap_00-05-04_3dd6.jpg,Outlaw Star Ep 13: Advance Guard from Another World @ 00:05:04,https://animehistory.org/gallery/screencaps/outlaw-star/episode-13/,https://animehistory.org/gallery/screencaps/outlaw-star/episode-13/,1,2026-10-07T01:49:34.606694+00:00,8eb7d90d14487556fa57d07f4f432bbf1b8824fd6519fe38342e31ae27023cf3,,UNVERIFIED
EP-13,Advance Guard from Another World,00:05:07,307,851077,https://animehistory.org/uploads/screencaps/outlaw-star-E013-Advance-Guard-from-Another-World/cap_00-05-07_4177.jpg,Outlaw Star Ep 13: Advance Guard from Another World @ 00:05:07,https://animehistory.org/gallery/screencaps/outlaw-star/episode-13/,https://animehistory.org/gallery/screencaps/outlaw-star/episode-13/,1,2026-10-07T01:49:34.606694+00:00,8eb7d90d14487556fa57d07f4f432bbf1b8824fd6519fe38342e31ae27023cf3,,UNVERIFIED
EP-13,Advance Guard from Another World,00:05:11,311,851078,https://animehistory.org/uploads/screencaps/outlaw-star-E013-Advance-Guard-from-Another-World/cap_00-05-11_60dd.jpg,Outlaw Star Ep 13: Advance Guard from Another World @ 00:05:11,https://animehistory.org/gallery/screencaps/outlaw-star/episode-13/,https://animehistory.org/gallery/screencaps/outlaw-star/episode-13/,1,2026-10-07T01:49:34.606694+00:00,8eb7d90d14487556fa57d07f4f432bbf1b8824fd6519fe38342e31ae27023cf3,,UNVERIFIED
EP-13,Advance Guard from Another World,00:05:15,315,851079,https://animehistory.org/uploads/screencaps/outlaw-star-E013-Advance-Guard-from-Another-World/cap_00-05-15_1056.jpg,Outlaw Star Ep 13: Advance Guard from Another World @ 00:05:15,https://animehistory.org/gallery/screencaps/outlaw-star/episode-13/,https://animehistory.org/gallery/screencaps/outlaw-star/episode-13/,1,2026-10-07T01:49:34.606694+00:00,8eb7d90d14487556fa57d07f4f432bbf1b8824fd6519fe38342e31ae27023cf3,,UNVERIFIED
EP-13,Advance Guard from Another World,00:05:18,318,851080,https://animehistory.org/uploads/screencaps/outlaw-star-E013-Advance-Guard-from-Another-World/cap_00-05-18_3f84.jpg,Outlaw Star Ep 13: Advance Guard from Another World @ 00:05:18,https://animehistory.org/gallery/screencaps/outlaw-star/episode-13/,https://animehistory.org/gallery/screencaps/outlaw-star/episode-13/,1,2026-10-07T01:49:34.606694+00:00,8eb7d90d14487556fa57d07f4f432bbf1b8824fd6519fe38342e31ae27023cf3,,UNVERIFIED
EP-13,Advance Guard from Another World,00:05:22,322,851081,https://animehistory.org/uploads/screencaps/outlaw-star-E013-Advance-Guard-from-Another-World/cap_00-05-22_4fd3.jpg,Outlaw Star Ep 13: Advance Guard from Another World @ 00:05:22,https://animehistory.org/gallery/screencaps/outlaw-star/episode-13/,https://animehistory.org/gallery/screencaps/outlaw-star/episode-13/,1,2026-10-07T01:49:34.606694+00:00,8eb7d90d14487556fa57d07f4f432bbf1b8824fd6519fe38342e31ae27023cf3,,UNVERIFIED
EP-13,Advance Guard from Another World,00:05:26,326,851082,https://animehistory.org/uploads/screencaps/outlaw-star-E013-Advance-Guard-from-Another-World/cap_00-05-26_7e45.jpg,Outlaw Star Ep 13: Advance Guard from Another World @ 00:05:26,https://animehistory.org/gallery/screencaps/outlaw-star/episode-13/,https://animehistory.org/gallery/screencaps/outlaw-star/episode-13/,1,2026-10-07T01:49:34.606694+00:00,8eb7d90d14487556fa57d07f4f432bbf1b8824fd6519fe38342e31ae27023cf3,,UNVERIFIED
EP-13,Advance Guard from Another World,00:05:29,329,851083,https://animehistory.org/uploads/screencaps/outlaw-star-E013-Advance-Guard-from-Another-World/cap_00-05-29_7f84.jpg,Outlaw Star Ep 13: Advance Guard from Another World @ 00:05:29,https://animehistory.org/gallery/screencaps/outlaw-star/episode-13/,https://animehistory.org/gallery/screencaps/outlaw-star/episode-13/,1,2026-10-07T01:49:34.606694+00:00,8eb7d90d14487556fa57d07f4f432bbf1b8824fd6519fe38342e31ae27023cf3,,UNVERIFIED
EP-13,Advance Guard from Another World,00:05:33,333,851084,https://animehistory.org/uploads/screencaps/outlaw-star-E013-Advance-Guard-from-Another-World/cap_00-05-33_6a48.jpg,Outlaw Star Ep 13: Advance Guard from Another World @ 00:05:33,https://animehistory.org/gallery/screencaps/outlaw-star/episode-13/,https://animehistory.org/gallery/screencaps/outlaw-star/episode-13/,1,2026-10-07T01:49:34.606694+00:00,8eb7d90d14487556fa57d07f4f432bbf1b8824fd6519fe38342e31ae27023cf3,,UNVERIFIED
EP-13,Advance Guard from Another World,00:05:37,337,851085,https://animehistory.org/uploads/screencaps/outlaw-star-E013-Advance-Guard-from-Another-World/cap_00-05-37_0c85.jpg,Outlaw Star Ep 13: Advance Guard from Another World @ 00:05:37,https://animehistory.org/gallery/screencaps/outlaw-star/episode-13/,https://animehistory.org/gallery/screencaps/outlaw-star/episode-13/,1,2026-10-07T01:49:34.606694+00:00,8eb7d90d14487556fa57d07f4f432bbf1b8824fd6519fe38342e31ae27023cf3,,UNVERIFIED
EP-13,Advance Guard from Another World,00:05:40,340,851086,https://animehistory.org/uploads/screencaps/outlaw-star-E013-Advance-Guard-from-Another-World/cap_00-05-40_6283.jpg,Outlaw Star Ep 13: Advance Guard from Another World @ 00:05:40,https://animehistory.org/gallery/screencaps/outlaw-star/episode-13/,https://animehistory.org/gallery/screencaps/outlaw-star/episode-13/,1,2026-10-07T01:49:34.606694+00:00,8eb7d90d14487556fa57d07f4f432bbf1b8824fd6519fe38342e31ae27023cf3,,UNVERIFIED
EP-13,Advance Guard from Another World,00:05:44,344,851087,https://animehistory.org/uploads/screencaps/outlaw-star-E013-Advance-Guard-from-Another-World/cap_00-05-44_48c3.jpg,Outlaw Star Ep 13: Advance Guard from Another World @ 00:05:44,https://animehistory.org/gallery/screencaps/outlaw-star/episode-13/,https://animehistory.org/gallery/screencaps/outlaw-star/episode-13/,1,2026-10-07T01:49:34.606694+00:00,8eb7d90d14487556fa57d07f4f432bbf1b8824fd6519fe38342e31ae27023cf3,,UNVERIFIED
EP-13,Advance Guard from Another World,00:05:48,348,851088,https://animehistory.org/uploads/screencaps/outlaw-star-E013-Advance-Guard-from-Another-World/cap_00-05-48_5acd.jpg,Outlaw Star Ep 13: Advance Guard from Another World @ 00:05:48,https://animehistory.org/gallery/screencaps/outlaw-star/episode-13/,https://animehistory.org/gallery/screencaps/outlaw-star/episode-13/,1,2026-10-07T01:49:34.606694+00:00,8eb7d90d14487556fa57d07f4f432bbf1b8824fd6519fe38342e31ae27023cf3,,UNVERIFIED
EP-13,Advance Guard from Another World,00:05:51,351,851089,https://animehistory.org/uploads/screencaps/outlaw-star-E013-Advance-Guard-from-Another-World/cap_00-05-51_43c7.jpg,Outlaw Star Ep 13: Advance Guard from Another World @ 00:05:51,https://animehistory.org/gallery/screencaps/outlaw-star/episode-13/,https://animehistory.org/gallery/screencaps/outlaw-star/episode-13/,1,2026-10-07T01:49:34.606694+00:00,8eb7d90d14487556fa57d07f4f432bbf1b8824fd6519fe38342e31ae27023cf3,,UNVERIFIED
EP-13,Advance Guard from Another World,00:05:55,355,851090,https://animehistory.org/uploads/screencaps/outlaw-star-E013-Advance-Guard-from-Another-World/cap_00-05-55_118f.jpg,Outlaw Star Ep 13: Advance Guard from Another World @ 00:05:55,https://animehistory.org/gallery/screencaps/outlaw-star/episode-13/,https://animehistory.org/gallery/screencaps/outlaw-star/episode-13/,1,2026-10-07T01:49:34.606694+00:00,8eb7d90d14487556fa57d07f4f432bbf1b8824fd6519fe38342e31ae27023cf3,,UNVERIFIED
EP-13,Advance Guard from Another World,00:05:58,358,851091,https://animehistory.org/uploads/screencaps/outlaw-star-E013-Advance-Guard-from-Another-World/cap_00-05-58_41db.jpg,Outlaw Star Ep 13: Advance Guard from Another World @ 00:05:58,https://animehistory.org/gallery/screencaps/outlaw-star/episode-13/,https://animehistory.org/gallery/screencaps/outlaw-star/episode-13/,1,2026-10-07T01:49:34.606694+00:00,8eb7d90d14487556fa57d07f4f432bbf1b8824fd6519fe38342e31ae27023cf3,,UNVERIFIED
EP-13,Advance Guard from Another World,00:06:02,362,851092,https://animehistory.org/uploads/screencaps/outlaw-star-E013-Advance-Guard-from-Another-World/cap_00-06-02_1139.jpg,Outlaw Star Ep 13: Advance Guard from Another World @ 00:06:02,https://animehistory.org/gallery/screencaps/outlaw-star/episode-13/,https://animehistory.org/gallery/screencaps/outlaw-star/episode-13/,1,2026-10-07T01:49:34.606694+00:00,8eb7d90d14487556fa57d07f4f432bbf1b8824fd6519fe38342e31ae27023cf3,,UNVERIFIED
EP-13,Advance Guard from Another World,00:06:06,366,851093,https://animehistory.org/uploads/screencaps/outlaw-star-E013-Advance-Guard-from-Another-World/cap_00-06-06_74f5.jpg,Outlaw Star Ep 13: Advance Guard from Another World @ 00:06:06,https://animehistory.org/gallery/screencaps/outlaw-star/episode-13/,https://animehistory.org/gallery/screencaps/outlaw-star/episode-13/,1,2026-10-07T01:49:34.606694+00:00,8eb7d90d14487556fa57d07f4f432bbf1b8824fd6519fe38342e31ae27023cf3,,UNVERIFIED
EP-13,Advance Guard from Another World,00:06:09,369,851094,https://animehistory.org/uploads/screencaps/outlaw-star-E013-Advance-Guard-from-Another-World/cap_00-06-09_42f9.jpg,Outlaw Star Ep 13: Advance Guard from Another World @ 00:06:09,https://animehistory.org/gallery/screencaps/outlaw-star/episode-13/,https://animehistory.org/gallery/screencaps/outlaw-star/episode-13/,1,2026-10-07T01:49:34.606694+00:00,8eb7d90d14487556fa57d07f4f432bbf1b8824fd6519fe38342e31ae27023cf3,,UNVERIFIED
EP-13,Advance Guard from Another World,00:06:13,373,851095,https://animehistory.org/uploads/screencaps/outlaw-star-E013-Advance-Guard-from-Another-World/cap_00-06-13_1f77.jpg,Outlaw Star Ep 13: Advance Guard from Another World @ 00:06:13,https://animehistory.org/gallery/screencaps/outlaw-star/episode-13/,https://animehistory.org/gallery/screencaps/outlaw-star/episode-13/,1,2026-10-07T01:49:34.606694+00:00,8eb7d90d14487556fa57d07f4f432bbf1b8824fd6519fe38342e31ae27023cf3,,UNVERIFIED
EP-13,Advance Guard from Another World,00:06:17,377,851096,https://animehistory.org/uploads/screencaps/outlaw-star-E013-Advance-Guard-from-Another-World/cap_00-06-17_0704.jpg,Outlaw Star Ep 13: Advance Guard from Another World @ 00:06:17,https://animehistory.org/gallery/screencaps/outlaw-star/episode-13/,https://animehistory.org/gallery/screencaps/outlaw-star/episode-13/,1,2026-10-07T01:49:34.606694+00:00,8eb7d90d14487556fa57d07f4f432bbf1b8824fd6519fe38342e31ae27023cf3,,UNVERIFIED
EP-13,Advance Guard from Another World,00:06:20,380,851097,https://animehistory.org/uploads/screencaps/outlaw-star-E013-Advance-Guard-from-Another-World/cap_00-06-20_595c.jpg,Outlaw Star Ep 13: Advance Guard from Another World @ 00:06:20,https://animehistory.org/gallery/screencaps/outlaw-star/episode-13/,https://animehistory.org/gallery/screencaps/outlaw-star/episode-13/,1,2026-10-07T01:49:34.606694+00:00,8eb7d90d14487556fa57d07f4f432bbf1b8824fd6519fe38342e31ae27023cf3,,UNVERIFIED
EP-13,Advance Guard from Another World,00:06:24,384,851098,https://animehistory.org/uploads/screencaps/outlaw-star-E013-Advance-Guard-from-Another-World/cap_00-06-24_6e10.jpg,Outlaw Star Ep 13: Advance Guard from Another World @ 00:06:24,https://animehistory.org/gallery/screencaps/outlaw-star/episode-13/,https://animehistory.org/gallery/screencaps/outlaw-star/episode-13/,1,2026-10-07T01:49:34.606694+00:00,8eb7d90d14487556fa57d07f4f432bbf1b8824fd6519fe38342e31ae27023cf3,,UNVERIFIED
EP-13,Advance Guard from Another World,00:06:28,388,851099,https://animehistory.org/uploads/screencaps/outlaw-star-E013-Advance-Guard-from-Another-World/cap_00-06-28_7428.jpg,Outlaw Star Ep 13: Advance Guard from Another World @ 00:06:28,https://animehistory.org/gallery/screencaps/outlaw-star/episode-13/,https://animehistory.org/gallery/screencaps/outlaw-star/episode-13/,1,2026-10-07T01:49:34.606694+00:00,8eb7d90d14487556fa57d07f4f432bbf1b8824fd6519fe38342e31ae27023cf3,,UNVERIFIED
EP-13,Advance Guard from Another World,00:06:31,391,851100,https://animehistory.org/uploads/screencaps/outlaw-star-E013-Advance-Guard-from-Another-World/cap_00-06-31_186b.jpg,Outlaw Star Ep 13: Advance Guard from Another World @ 00:06:31,https://animehistory.org/gallery/screencaps/outlaw-star/episode-13/,https://animehistory.org/gallery/screencaps/outlaw-star/episode-13/,1,2026-10-07T01:49:34.606694+00:00,8eb7d90d14487556fa57d07f4f432bbf1b8824fd6519fe38342e31ae27023cf3,,UNVERIFIED
EP-13,Advance Guard from Another World,00:06:35,395,851101,https://animehistory.org/uploads/screencaps/outlaw-star-E013-Advance-Guard-from-Another-World/cap_00-06-35_0ca4.jpg,Outlaw Star Ep 13: Advance Guard from Another World @ 00:06:35,https://animehistory.org/gallery/screencaps/outlaw-star/episode-13/,https://animehistory.org/gallery/screencaps/outlaw-star/episode-13/,1,2026-10-07T01:49:34.606694+00:00,8eb7d90d14487556fa57d07f4f432bbf1b8824fd6519fe38342e31ae27023cf3,,UNVERIFIED
EP-13,Advance Guard from Another World,00:06:39,399,851102,https://animehistory.org/uploads/screencaps/outlaw-star-E013-Advance-Guard-from-Another-World/cap_00-06-39_38f4.jpg,Outlaw Star Ep 13: Advance Guard from Another World @ 00:06:39,https://animehistory.org/gallery/screencaps/outlaw-star/episode-13/,https://animehistory.org/gallery/screencaps/outlaw-star/episode-13/,1,2026-10-07T01:49:34.606694+00:00,8eb7d90d14487556fa57d07f4f432bbf1b8824fd6519fe38342e31ae27023cf3,,UNVERIFIED
EP-13,Advance Guard from Another World,00:06:42,402,851103,https://animehistory.org/uploads/screencaps/outlaw-star-E013-Advance-Guard-from-Another-World/cap_00-06-42_6ffa.jpg,Outlaw Star Ep 13: Advance Guard from Another World @ 00:06:42,https://animehistory.org/gallery/screencaps/outlaw-star/episode-13/,https://animehistory.org/gallery/screencaps/outlaw-star/episode-13/,1,2026-10-07T01:49:34.606694+00:00,8eb7d90d14487556fa57d07f4f432bbf1b8824fd6519fe38342e31ae27023cf3,,UNVERIFIED
EP-13,Advance Guard from Another World,00:06:46,406,851104,https://animehistory.org/uploads/screencaps/outlaw-star-E013-Advance-Guard-from-Another-World/cap_00-06-46_0979.jpg,Outlaw Star Ep 13: Advance Guard from Another World @ 00:06:46,https://animehistory.org/gallery/screencaps/outlaw-star/episode-13/,https://animehistory.org/gallery/screencaps/outlaw-star/episode-13/,1,2026-10-07T01:49:34.606694+00:00,8eb7d90d14487556fa57d07f4f432bbf1b8824fd6519fe38342e31ae27023cf3,,UNVERIFIED
EP-13,Advance Guard from Another World,00:06:50,410,851105,https://animehistory.org/uploads/screencaps/outlaw-star-E013-Advance-Guard-from-Another-World/cap_00-06-50_7669.jpg,Outlaw Star Ep 13: Advance Guard from Another World @ 00:06:50,https://animehistory.org/gallery/screencaps/outlaw-star/episode-13/,https://animehistory.org/gallery/screencaps/outlaw-star/episode-13/,1,2026-10-07T01:49:34.606694+00:00,8eb7d90d14487556fa57d07f4f432bbf1b8824fd6519fe38342e31ae27023cf3,,UNVERIFIED
EP-13,Advance Guard from Another World,00:06:53,413,851106,https://animehistory.org/uploads/screencaps/outlaw-star-E013-Advance-Guard-from-Another-World/cap_00-06-53_6abb.jpg,Outlaw Star Ep 13: Advance Guard from Another World @ 00:06:53,https://animehistory.org/gallery/screencaps/outlaw-star/episode-13/,https://animehistory.org/gallery/screencaps/outlaw-star/episode-13/,1,2026-10-07T01:49:34.606694+00:00,8eb7d90d14487556fa57d07f4f432bbf1b8824fd6519fe38342e31ae27023cf3,,UNVERIFIED
EP-13,Advance Guard from Another World,00:06:57,417,851107,https://animehistory.org/uploads/screencaps/outlaw-star-E013-Advance-Guard-from-Another-World/cap_00-06-57_24b7.jpg,Outlaw Star Ep 13: Advance Guard from Another World @ 00:06:57,https://animehistory.org/gallery/screencaps/outlaw-star/episode-13/,https://animehistory.org/gallery/screencaps/outlaw-star/episode-13/,1,2026-10-07T01:49:34.606694+00:00,8eb7d90d14487556fa57d07f4f432bbf1b8824fd6519fe38342e31ae27023cf3,,UNVERIFIED
EP-13,Advance Guard from Another World,00:07:01,421,851108,https://animehistory.org/uploads/screencaps/outlaw-star-E013-Advance-Guard-from-Another-World/cap_00-07-01_57cc.jpg,Outlaw Star Ep 13: Advance Guard from Another World @ 00:07:01,https://animehistory.org/gallery/screencaps/outlaw-star/episode-13/,https://animehistory.org/gallery/screencaps/outlaw-star/episode-13/,1,2026-10-07T01:49:34.606694+00:00,8eb7d90d14487556fa57d07f4f432bbf1b8824fd6519fe38342e31ae27023cf3,,UNVERIFIED
EP-13,Advance Guard from Another World,00:07:04,424,851109,https://animehistory.org/uploads/screencaps/outlaw-star-E013-Advance-Guard-from-Another-World/cap_00-07-04_6792.jpg,Outlaw Star Ep 13: Advance Guard from Another World @ 00:07:04,https://animehistory.org/gallery/screencaps/outlaw-star/episode-13/,https://animehistory.org/gallery/screencaps/outlaw-star/episode-13/,1,2026-10-07T01:49:34.606694+00:00,8eb7d90d14487556fa57d07f4f432bbf1b8824fd6519fe38342e31ae27023cf3,,UNVERIFIED
EP-13,Advance Guard from Another World,00:07:08,428,851110,https://animehistory.org/uploads/screencaps/outlaw-star-E013-Advance-Guard-from-Another-World/cap_00-07-08_7961.jpg,Outlaw Star Ep 13: Advance Guard from Another World @ 00:07:08,https://animehistory.org/gallery/screencaps/outlaw-star/episode-13/,https://animehistory.org/gallery/screencaps/outlaw-star/episode-13/,1,2026-10-07T01:49:34.606694+00:00,8eb7d90d14487556fa57d07f4f432bbf1b8824fd6519fe38342e31ae27023cf3,,UNVERIFIED
EP-13,Advance Guard from Another World,00:07:11,431,851111,https://animehistory.org/uploads/screencaps/outlaw-star-E013-Advance-Guard-from-Another-World/cap_00-07-11_3e94.jpg,Outlaw Star Ep 13: Advance Guard from Another World @ 00:07:11,https://animehistory.org/gallery/screencaps/outlaw-star/episode-13/,https://animehistory.org/gallery/screencaps/outlaw-star/episode-13/,1,2026-10-07T01:49:34.606694+00:00,8eb7d90d14487556fa57d07f4f432bbf1b8824fd6519fe38342e31ae27023cf3,,UNVERIFIED
EP-13,Advance Guard from Another World,00:07:15,435,851112,https://animehistory.org/uploads/screencaps/outlaw-star-E013-Advance-Guard-from-Another-World/cap_00-07-15_6716.jpg,Outlaw Star Ep 13: Advance Guard from Another World @ 00:07:15,https://animehistory.org/gallery/screencaps/outlaw-star/episode-13/,https://animehistory.org/gallery/screencaps/outlaw-star/episode-13/,1,2026-10-07T01:49:34.606694+00:00,8eb7d90d14487556fa57d07f4f432bbf1b8824fd6519fe38342e31ae27023cf3,,UNVERIFIED
EP-13,Advance Guard from Another World,00:07:19,439,851113,https://animehistory.org/uploads/screencaps/outlaw-star-E013-Advance-Guard-from-Another-World/cap_00-07-19_5e92.jpg,Outlaw Star Ep 13: Advance Guard from Another World @ 00:07:19,https://animehistory.org/gallery/screencaps/outlaw-star/episode-13/,https://animehistory.org/gallery/screencaps/outlaw-star/episode-13/,1,2026-10-07T01:49:34.606694+00:00,8eb7d90d14487556fa57d07f4f432bbf1b8824fd6519fe38342e31ae27023cf3,,UNVERIFIED
EP-13,Advance Guard from Another World,00:07:22,442,851114,https://animehistory.org/uploads/screencaps/outlaw-star-E013-Advance-Guard-from-Another-World/cap_00-07-22_4762.jpg,Outlaw Star Ep 13: Advance Guard from Another World @ 00:07:22,https://animehistory.org/gallery/screencaps/outlaw-star/episode-13/,https://animehistory.org/gallery/screencaps/outlaw-star/episode-13/,1,2026-10-07T01:49:34.606694+00:00,8eb7d90d14487556fa57d07f4f432bbf1b8824fd6519fe38342e31ae27023cf3,,UNVERIFIED
EP-13,Advance Guard from Another World,00:07:26,446,851115,https://animehistory.org/uploads/screencaps/outlaw-star-E013-Advance-Guard-from-Another-World/cap_00-07-26_447e.jpg,Outlaw Star Ep 13: Advance Guard from Another World @ 00:07:26,https://animehistory.org/gallery/screencaps/outlaw-star/episode-13/,https://animehistory.org/gallery/screencaps/outlaw-star/episode-13/,1,2026-10-07T01:49:34.606694+00:00,8eb7d90d14487556fa57d07f4f432bbf1b8824fd6519fe38342e31ae27023cf3,,UNVERIFIED
EP-13,Advance Guard from Another World,00:07:30,450,851116,https://animehistory.org/uploads/screencaps/outlaw-star-E013-Advance-Guard-from-Another-World/cap_00-07-30_4d01.jpg,Outlaw Star Ep 13: Advance Guard from Another World @ 00:07:30,https://animehistory.org/gallery/screencaps/outlaw-star/episode-13/,https://animehistory.org/gallery/screencaps/outlaw-star/episode-13/,1,2026-10-07T01:49:34.606694+00:00,8eb7d90d14487556fa57d07f4f432bbf1b8824fd6519fe38342e31ae27023cf3,,UNVERIFIED
EP-13,Advance Guard from Another World,00:07:33,453,851117,https://animehistory.org/uploads/screencaps/outlaw-star-E013-Advance-Guard-from-Another-World/cap_00-07-33_781c.jpg,Outlaw Star Ep 13: Advance Guard from Another World @ 00:07:33,https://animehistory.org/gallery/screencaps/outlaw-star/episode-13/,https://animehistory.org/gallery/screencaps/outlaw-star/episode-13/,1,2026-10-07T01:49:34.606694+00:00,8eb7d90d14487556fa57d07f4f432bbf1b8824fd6519fe38342e31ae27023cf3,,UNVERIFIED
EP-13,Advance Guard from Another World,00:07:37,457,851118,https://animehistory.org/uploads/screencaps/outlaw-star-E013-Advance-Guard-from-Another-World/cap_00-07-37_1b45.jpg,Outlaw Star Ep 13: Advance Guard from Another World @ 00:07:37,https://animehistory.org/gallery/screencaps/outlaw-star/episode-13/,https://animehistory.org/gallery/screencaps/outlaw-star/episode-13/,1,2026-10-07T01:49:34.606694+00:00,8eb7d90d14487556fa57d07f4f432bbf1b8824fd6519fe38342e31ae27023cf3,,UNVERIFIED
EP-13,Advance Guard from Another World,00:07:41,461,851119,https://animehistory.org/uploads/screencaps/outlaw-star-E013-Advance-Guard-from-Another-World/cap_00-07-41_667d.jpg,Outlaw Star Ep 13: Advance Guard from Another World @ 00:07:41,https://animehistory.org/gallery/screencaps/outlaw-star/episode-13/,https://animehistory.org/gallery/screencaps/outlaw-star/episode-13/,1,2026-10-07T01:49:34.606694+00:00,8eb7d90d14487556fa57d07f4f432bbf1b8824fd6519fe38342e31ae27023cf3,,UNVERIFIED
EP-13,Advance Guard from Another World,00:07:44,464,851120,https://animehistory.org/uploads/screencaps/outlaw-star-E013-Advance-Guard-from-Another-World/cap_00-07-44_0579.jpg,Outlaw Star Ep 13: Advance Guard from Another World @ 00:07:44,https://animehistory.org/gallery/screencaps/outlaw-star/episode-13/,https://animehistory.org/gallery/screencaps/outlaw-star/episode-13/,1,2026-10-07T01:49:34.606694+00:00,8eb7d90d14487556fa57d07f4f432bbf1b8824fd6519fe38342e31ae27023cf3,,UNVERIFIED
EP-13,Advance Guard from Another World,00:07:48,468,851121,https://animehistory.org/uploads/screencaps/outlaw-star-E013-Advance-Guard-from-Another-World/cap_00-07-48_45e6.jpg,Outlaw Star Ep 13: Advance Guard from Another World @ 00:07:48,https://animehistory.org/gallery/screencaps/outlaw-star/episode-13/,https://animehistory.org/gallery/screencaps/outlaw-star/episode-13/?page=2,2,2026-10-07T01:49:36.003772+00:00,c32bce889c186613fa8a976b1e404060ebd9dbf751d4175542924b1ff8909ff8,,UNVERIFIED
EP-13,Advance Guard from Another World,00:07:52,472,851122,https://animehistory.org/uploads/screencaps/outlaw-star-E013-Advance-Guard-from-Another-World/cap_00-07-52_0f10.jpg,Outlaw Star Ep 13: Advance Guard from Another World @ 00:07:52,https://animehistory.org/gallery/screencaps/outlaw-star/episode-13/,https://animehistory.org/gallery/screencaps/outlaw-star/episode-13/?page=2,2,2026-10-07T01:49:36.003772+00:00,c32bce889c186613fa8a976b1e404060ebd9dbf751d4175542924b1ff8909ff8,,UNVERIFIED
EP-13,Advance Guard from Another World,00:07:55,475,851123,https://animehistory.org/uploads/screencaps/outlaw-star-E013-Advance-Guard-from-Another-World/cap_00-07-55_6a86.jpg,Outlaw Star Ep 13: Advance Guard from Another World @ 00:07:55,https://animehistory.org/gallery/screencaps/outlaw-star/episode-13/,https://animehistory.org/gallery/screencaps/outlaw-star/episode-13/?page=2,2,2026-10-07T01:49:36.003772+00:00,c32bce889c186613fa8a976b1e404060ebd9dbf751d4175542924b1ff8909ff8,,UNVERIFIED
EP-13,Advance Guard from Another World,00:07:59,479,851124,https://animehistory.org/uploads/screencaps/outlaw-star-E013-Advance-Guard-from-Another-World/cap_00-07-59_58ff.jpg,Outlaw Star Ep 13: Advance Guard from Another World @ 00:07:59,https://animehistory.org/gallery/screencaps/outlaw-star/episode-13/,https://animehistory.org/gallery/screencaps/outlaw-star/episode-13/?page=2,2,2026-10-07T01:49:36.003772+00:00,c32bce889c186613fa8a976b1e404060ebd9dbf751d4175542924b1ff8909ff8,,UNVERIFIED
EP-13,Advance Guard from Another World,00:08:03,483,851125,https://animehistory.org/uploads/screencaps/outlaw-star-E013-Advance-Guard-from-Another-World/cap_00-08-03_1ed3.jpg,Outlaw Star Ep 13: Advance Guard from Another World @ 00:08:03,https://animehistory.org/gallery/screencaps/outlaw-star/episode-13/,https://animehistory.org/gallery/screencaps/outlaw-star/episode-13/?page=2,2,2026-10-07T01:49:36.003772+00:00,c32bce889c186613fa8a976b1e404060ebd9dbf751d4175542924b1ff8909ff8,,UNVERIFIED
EP-13,Advance Guard from Another World,00:08:06,486,851126,https://animehistory.org/uploads/screencaps/outlaw-star-E013-Advance-Guard-from-Another-World/cap_00-08-06_4979.jpg,Outlaw Star Ep 13: Advance Guard from Another World @ 00:08:06,https://animehistory.org/gallery/screencaps/outlaw-star/episode-13/,https://animehistory.org/gallery/screencaps/outlaw-star/episode-13/?page=2,2,2026-10-07T01:49:36.003772+00:00,c32bce889c186613fa8a976b1e404060ebd9dbf751d4175542924b1ff8909ff8,,UNVERIFIED
EP-13,Advance Guard from Another World,00:08:10,490,851127,https://animehistory.org/uploads/screencaps/outlaw-star-E013-Advance-Guard-from-Another-World/cap_00-08-10_356f.jpg,Outlaw Star Ep 13: Advance Guard from Another World @ 00:08:10,https://animehistory.org/gallery/screencaps/outlaw-star/episode-13/,https://animehistory.org/gallery/screencaps/outlaw-star/episode-13/?page=2,2,2026-10-07T01:49:36.003772+00:00,c32bce889c186613fa8a976b1e404060ebd9dbf751d4175542924b1ff8909ff8,,UNVERIFIED
EP-13,Advance Guard from Another World,00:08:13,493,851128,https://animehistory.org/uploads/screencaps/outlaw-star-E013-Advance-Guard-from-Another-World/cap_00-08-13_0893.jpg,Outlaw Star Ep 13: Advance Guard from Another World @ 00:08:13,https://animehistory.org/gallery/screencaps/outlaw-star/episode-13/,https://animehistory.org/gallery/screencaps/outlaw-star/episode-13/?page=2,2,2026-10-07T01:49:36.003772+00:00,c32bce889c186613fa8a976b1e404060ebd9dbf751d4175542924b1ff8909ff8,,UNVERIFIED
EP-13,Advance Guard from Another World,00:08:17,497,851129,https://animehistory.org/uploads/screencaps/outlaw-star-E013-Advance-Guard-from-Another-World/cap_00-08-17_37d5.jpg,Outlaw Star Ep 13: Advance Guard from Another World @ 00:08:17,https://animehistory.org/gallery/screencaps/outlaw-star/episode-13/,https://animehistory.org/gallery/screencaps/outlaw-star/episode-13/?page=2,2,2026-10-07T01:49:36.003772+00:00,c32bce889c186613fa8a976b1e404060ebd9dbf751d4175542924b1ff8909ff8,,UNVERIFIED
EP-13,Advance Guard from Another World,00:08:21,501,851130,https://animehistory.org/uploads/screencaps/outlaw-star-E013-Advance-Guard-from-Another-World/cap_00-08-21_0ae2.jpg,Outlaw Star Ep 13: Advance Guard from Another World @ 00:08:21,https://animehistory.org/gallery/screencaps/outlaw-star/episode-13/,https://animehistory.org/gallery/screencaps/outlaw-star/episode-13/?page=2,2,2026-10-07T01:49:36.003772+00:00,c32bce889c186613fa8a976b1e404060ebd9dbf751d4175542924b1ff8909ff8,,UNVERIFIED
EP-13,Advance Guard from Another World,00:08:24,504,851131,https://animehistory.org/uploads/screencaps/outlaw-star-E013-Advance-Guard-from-Another-World/cap_00-08-24_7125.jpg,Outlaw Star Ep 13: Advance Guard from Another World @ 00:08:24,https://animehistory.org/gallery/screencaps/outlaw-star/episode-13/,https://animehistory.org/gallery/screencaps/outlaw-star/episode-13/?page=2,2,2026-10-07T01:49:36.003772+00:00,c32bce889c186613fa8a976b1e404060ebd9dbf751d4175542924b1ff8909ff8,,UNVERIFIED
EP-13,Advance Guard from Another World,00:08:28,508,851132,https://animehistory.org/uploads/screencaps/outlaw-star-E013-Advance-Guard-from-Another-World/cap_00-08-28_4255.jpg,Outlaw Star Ep 13: Advance Guard from Another World @ 00:08:28,https://animehistory.org/gallery/screencaps/outlaw-star/episode-13/,https://animehistory.org/gallery/screencaps/outlaw-star/episode-13/?page=2,2,2026-10-07T01:49:36.003772+00:00,c32bce889c186613fa8a976b1e404060ebd9dbf751d4175542924b1ff8909ff8,,UNVERIFIED
EP-13,Advance Guard from Another World,00:08:32,512,851133,https://animehistory.org/uploads/screencaps/outlaw-star-E013-Advance-Guard-from-Another-World/cap_00-08-32_42de.jpg,Outlaw Star Ep 13: Advance Guard from Another World @ 00:08:32,https://animehistory.org/gallery/screencaps/outlaw-star/episode-13/,https://animehistory.org/gallery/screencaps/outlaw-star/episode-13/?page=2,2,2026-10-07T01:49:36.003772+00:00,c32bce889c186613fa8a976b1e404060ebd9dbf751d4175542924b1ff8909ff8,,UNVERIFIED
EP-13,Advance Guard from Another World,00:08:35,515,851134,https://animehistory.org/uploads/screencaps/outlaw-star-E013-Advance-Guard-from-Another-World/cap_00-08-35_3ff8.jpg,Outlaw Star Ep 13: Advance Guard from Another World @ 00:08:35,https://animehistory.org/gallery/screencaps/outlaw-star/episode-13/,https://animehistory.org/gallery/screencaps/outlaw-star/episode-13/?page=2,2,2026-10-07T01:49:36.003772+00:00,c32bce889c186613fa8a976b1e404060ebd9dbf751d4175542924b1ff8909ff8,,UNVERIFIED
EP-13,Advance Guard from Another World,00:08:39,519,851135,https://animehistory.org/uploads/screencaps/outlaw-star-E013-Advance-Guard-from-Another-World/cap_00-08-39_43d7.jpg,Outlaw Star Ep 13: Advance Guard from Another World @ 00:08:39,https://animehistory.org/gallery/screencaps/outlaw-star/episode-13/,https://animehistory.org/gallery/screencaps/outlaw-star/episode-13/?page=2,2,2026-10-07T01:49:36.003772+00:00,c32bce889c186613fa8a976b1e404060ebd9dbf751d4175542924b1ff8909ff8,,UNVERIFIED
EP-13,Advance Guard from Another World,00:08:43,523,851136,https://animehistory.org/uploads/screencaps/outlaw-star-E013-Advance-Guard-from-Another-World/cap_00-08-43_6850.jpg,Outlaw Star Ep 13: Advance Guard from Another World @ 00:08:43,https://animehistory.org/gallery/screencaps/outlaw-star/episode-13/,https://animehistory.org/gallery/screencaps/outlaw-star/episode-13/?page=2,2,2026-10-07T01:49:36.003772+00:00,c32bce889c186613fa8a976b1e404060ebd9dbf751d4175542924b1ff8909ff8,,UNVERIFIED
EP-13,Advance Guard from Another World,00:08:46,526,851137,https://animehistory.org/uploads/screencaps/outlaw-star-E013-Advance-Guard-from-Another-World/cap_00-08-46_5b62.jpg,Outlaw Star Ep 13: Advance Guard from Another World @ 00:08:46,https://animehistory.org/gallery/screencaps/outlaw-star/episode-13/,https://animehistory.org/gallery/screencaps/outlaw-star/episode-13/?page=2,2,2026-10-07T01:49:36.003772+00:00,c32bce889c186613fa8a976b1e404060ebd9dbf751d4175542924b1ff8909ff8,,UNVERIFIED
EP-13,Advance Guard from Another World,00:08:50,530,851138,https://animehistory.org/uploads/screencaps/outlaw-star-E013-Advance-Guard-from-Another-World/cap_00-08-50_159b.jpg,Outlaw Star Ep 13: Advance Guard from Another World @ 00:08:50,https://animehistory.org/gallery/screencaps/outlaw-star/episode-13/,https://animehistory.org/gallery/screencaps/outlaw-star/episode-13/?page=2,2,2026-10-07T01:49:36.003772+00:00,c32bce889c186613fa8a976b1e404060ebd9dbf751d4175542924b1ff8909ff8,,UNVERIFIED
EP-13,Advance Guard from Another World,00:08:54,534,851139,https://animehistory.org/uploads/screencaps/outlaw-star-E013-Advance-Guard-from-Another-World/cap_00-08-54_19b1.jpg,Outlaw Star Ep 13: Advance Guard from Another World @ 00:08:54,https://animehistory.org/gallery/screencaps/outlaw-star/episode-13/,https://animehistory.org/gallery/screencaps/outlaw-star/episode-13/?page=2,2,2026-10-07T01:49:36.003772+00:00,c32bce889c186613fa8a976b1e404060ebd9dbf751d4175542924b1ff8909ff8,,UNVERIFIED
EP-13,Advance Guard from Another World,00:08:57,537,851140,https://animehistory.org/uploads/screencaps/outlaw-star-E013-Advance-Guard-from-Another-World/cap_00-08-57_3351.jpg,Outlaw Star Ep 13: Advance Guard from Another World @ 00:08:57,https://animehistory.org/gallery/screencaps/outlaw-star/episode-13/,https://animehistory.org/gallery/screencaps/outlaw-star/episode-13/?page=2,2,2026-10-07T01:49:36.003772+00:00,c32bce889c186613fa8a976b1e404060ebd9dbf751d4175542924b1ff8909ff8,,UNVERIFIED
EP-13,Advance Guard from Another World,00:09:01,541,851141,https://animehistory.org/uploads/screencaps/outlaw-star-E013-Advance-Guard-from-Another-World/cap_00-09-01_3e63.jpg,Outlaw Star Ep 13: Advance Guard from Another World @ 00:09:01,https://animehistory.org/gallery/screencaps/outlaw-star/episode-13/,https://animehistory.org/gallery/screencaps/outlaw-star/episode-13/?page=2,2,2026-10-07T01:49:36.003772+00:00,c32bce889c186613fa8a976b1e404060ebd9dbf751d4175542924b1ff8909ff8,,UNVERIFIED
EP-13,Advance Guard from Another World,00:09:05,545,851142,https://animehistory.org/uploads/screencaps/outlaw-star-E013-Advance-Guard-from-Another-World/cap_00-09-05_2c80.jpg,Outlaw Star Ep 13: Advance Guard from Another World @ 00:09:05,https://animehistory.org/gallery/screencaps/outlaw-star/episode-13/,https://animehistory.org/gallery/screencaps/outlaw-star/episode-13/?page=2,2,2026-10-07T01:49:36.003772+00:00,c32bce889c186613fa8a976b1e404060ebd9dbf751d4175542924b1ff8909ff8,,UNVERIFIED
EP-13,Advance Guard from Another World,00:09:08,548,851143,https://animehistory.org/uploads/screencaps/outlaw-star-E013-Advance-Guard-from-Another-World/cap_00-09-08_11e0.jpg,Outlaw Star Ep 13: Advance Guard from Another World @ 00:09:08,https://animehistory.org/gallery/screencaps/outlaw-star/episode-13/,https://animehistory.org/gallery/screencaps/outlaw-star/episode-13/?page=2,2,2026-10-07T01:49:36.003772+00:00,c32bce889c186613fa8a976b1e404060ebd9dbf751d4175542924b1ff8909ff8,,UNVERIFIED
EP-13,Advance Guard from Another World,00:09:12,552,851144,https://animehistory.org/uploads/screencaps/outlaw-star-E013-Advance-Guard-from-Another-World/cap_00-09-12_7144.jpg,Outlaw Star Ep 13: Advance Guard from Another World @ 00:09:12,https://animehistory.org/gallery/screencaps/outlaw-star/episode-13/,https://animehistory.org/gallery/screencaps/outlaw-star/episode-13/?page=2,2,2026-10-07T01:49:36.003772+00:00,c32bce889c186613fa8a976b1e404060ebd9dbf751d4175542924b1ff8909ff8,,UNVERIFIED
EP-13,Advance Guard from Another World,00:09:15,555,851145,https://animehistory.org/uploads/screencaps/outlaw-star-E013-Advance-Guard-from-Another-World/cap_00-09-15_026b.jpg,Outlaw Star Ep 13: Advance Guard from Another World @ 00:09:15,https://animehistory.org/gallery/screencaps/outlaw-star/episode-13/,https://animehistory.org/gallery/screencaps/outlaw-star/episode-13/?page=2,2,2026-10-07T01:49:36.003772+00:00,c32bce889c186613fa8a976b1e404060ebd9dbf751d4175542924b1ff8909ff8,,UNVERIFIED
EP-13,Advance Guard from Another World,00:09:19,559,851146,https://animehistory.org/uploads/screencaps/outlaw-star-E013-Advance-Guard-from-Another-World/cap_00-09-19_3a5b.jpg,Outlaw Star Ep 13: Advance Guard from Another World @ 00:09:19,https://animehistory.org/gallery/screencaps/outlaw-star/episode-13/,https://animehistory.org/gallery/screencaps/outlaw-star/episode-13/?page=2,2,2026-10-07T01:49:36.003772+00:00,c32bce889c186613fa8a976b1e404060ebd9dbf751d4175542924b1ff8909ff8,,UNVERIFIED
EP-13,Advance Guard from Another World,00:09:23,563,851147,https://animehistory.org/uploads/screencaps/outlaw-star-E013-Advance-Guard-from-Another-World/cap_00-09-23_3e94.jpg,Outlaw Star Ep 13: Advance Guard from Another World @ 00:09:23,https://animehistory.org/gallery/screencaps/outlaw-star/episode-13/,https://animehistory.org/gallery/screencaps/outlaw-star/episode-13/?page=2,2,2026-10-07T01:49:36.003772+00:00,c32bce889c186613fa8a976b1e404060ebd9dbf751d4175542924b1ff8909ff8,,UNVERIFIED
EP-13,Advance Guard from Another World,00:09:26,566,851148,https://animehistory.org/uploads/screencaps/outlaw-star-E013-Advance-Guard-from-Another-World/cap_00-09-26_75f1.jpg,Outlaw Star Ep 13: Advance Guard from Another World @ 00:09:26,https://animehistory.org/gallery/screencaps/outlaw-star/episode-13/,https://animehistory.org/gallery/screencaps/outlaw-star/episode-13/?page=2,2,2026-10-07T01:49:36.003772+00:00,c32bce889c186613fa8a976b1e404060ebd9dbf751d4175542924b1ff8909ff8,,UNVERIFIED
EP-13,Advance Guard from Another World,00:09:30,570,851149,https://animehistory.org/uploads/screencaps/outlaw-star-E013-Advance-Guard-from-Another-World/cap_00-09-30_0d0a.jpg,Outlaw Star Ep 13: Advance Guard from Another World @ 00:09:30,https://animehistory.org/gallery/screencaps/outlaw-star/episode-13/,https://animehistory.org/gallery/screencaps/outlaw-star/episode-13/?page=2,2,2026-10-07T01:49:36.003772+00:00,c32bce889c186613fa8a976b1e404060ebd9dbf751d4175542924b1ff8909ff8,,UNVERIFIED
EP-13,Advance Guard from Another World,00:09:34,574,851150,https://animehistory.org/uploads/screencaps/outlaw-star-E013-Advance-Guard-from-Another-World/cap_00-09-34_621f.jpg,Outlaw Star Ep 13: Advance Guard from Another World @ 00:09:34,https://animehistory.org/gallery/screencaps/outlaw-star/episode-13/,https://animehistory.org/gallery/screencaps/outlaw-star/episode-13/?page=2,2,2026-10-07T01:49:36.003772+00:00,c32bce889c186613fa8a976b1e404060ebd9dbf751d4175542924b1ff8909ff8,,UNVERIFIED
EP-13,Advance Guard from Another World,00:09:37,577,851151,https://animehistory.org/uploads/screencaps/outlaw-star-E013-Advance-Guard-from-Another-World/cap_00-09-37_280d.jpg,Outlaw Star Ep 13: Advance Guard from Another World @ 00:09:37,https://animehistory.org/gallery/screencaps/outlaw-star/episode-13/,https://animehistory.org/gallery/screencaps/outlaw-star/episode-13/?page=2,2,2026-10-07T01:49:36.003772+00:00,c32bce889c186613fa8a976b1e404060ebd9dbf751d4175542924b1ff8909ff8,,UNVERIFIED
EP-13,Advance Guard from Another World,00:09:41,581,851152,https://animehistory.org/uploads/screencaps/outlaw-star-E013-Advance-Guard-from-Another-World/cap_00-09-41_1518.jpg,Outlaw Star Ep 13: Advance Guard from Another World @ 00:09:41,https://animehistory.org/gallery/screencaps/outlaw-star/episode-13/,https://animehistory.org/gallery/screencaps/outlaw-star/episode-13/?page=2,2,2026-10-07T01:49:36.003772+00:00,c32bce889c186613fa8a976b1e404060ebd9dbf751d4175542924b1ff8909ff8,,UNVERIFIED
EP-13,Advance Guard from Another World,00:09:45,585,851153,https://animehistory.org/uploads/screencaps/outlaw-star-E013-Advance-Guard-from-Another-World/cap_00-09-45_6c2b.jpg,Outlaw Star Ep 13: Advance Guard from Another World @ 00:09:45,https://animehistory.org/gallery/screencaps/outlaw-star/episode-13/,https://animehistory.org/gallery/screencaps/outlaw-star/episode-13/?page=2,2,2026-10-07T01:49:36.003772+00:00,c32bce889c186613fa8a976b1e404060ebd9dbf751d4175542924b1ff8909ff8,,UNVERIFIED
EP-13,Advance Guard from Another World,00:09:48,588,851154,https://animehistory.org/uploads/screencaps/outlaw-star-E013-Advance-Guard-from-Another-World/cap_00-09-48_3629.jpg,Outlaw Star Ep 13: Advance Guard from Another World @ 00:09:48,https://animehistory.org/gallery/screencaps/outlaw-star/episode-13/,https://animehistory.org/gallery/screencaps/outlaw-star/episode-13/?page=2,2,2026-10-07T01:49:36.003772+00:00,c32bce889c186613fa8a976b1e404060ebd9dbf751d4175542924b1ff8909ff8,,UNVERIFIED
EP-13,Advance Guard from Another World,00:09:52,592,851155,https://animehistory.org/uploads/screencaps/outlaw-star-E013-Advance-Guard-from-Another-World/cap_00-09-52_507d.jpg,Outlaw Star Ep 13: Advance Guard from Another World @ 00:09:52,https://animehistory.org/gallery/screencaps/outlaw-star/episode-13/,https://animehistory.org/gallery/screencaps/outlaw-star/episode-13/?page=2,2,2026-10-07T01:49:36.003772+00:00,c32bce889c186613fa8a976b1e404060ebd9dbf751d4175542924b1ff8909ff8,,UNVERIFIED
EP-13,Advance Guard from Another World,00:09:56,596,851156,https://animehistory.org/uploads/screencaps/outlaw-star-E013-Advance-Guard-from-Another-World/cap_00-09-56_6032.jpg,Outlaw Star Ep 13: Advance Guard from Another World @ 00:09:56,https://animehistory.org/gallery/screencaps/outlaw-star/episode-13/,https://animehistory.org/gallery/screencaps/outlaw-star/episode-13/?page=2,2,2026-10-07T01:49:36.003772+00:00,c32bce889c186613fa8a976b1e404060ebd9dbf751d4175542924b1ff8909ff8,,UNVERIFIED
EP-13,Advance Guard from Another World,00:09:59,599,851157,https://animehistory.org/uploads/screencaps/outlaw-star-E013-Advance-Guard-from-Another-World/cap_00-09-59_79fb.jpg,Outlaw Star Ep 13: Advance Guard from Another World @ 00:09:59,https://animehistory.org/gallery/screencaps/outlaw-star/episode-13/,https://animehistory.org/gallery/screencaps/outlaw-star/episode-13/?page=2,2,2026-10-07T01:49:36.003772+00:00,c32bce889c186613fa8a976b1e404060ebd9dbf751d4175542924b1ff8909ff8,,UNVERIFIED
EP-13,Advance Guard from Another World,00:10:03,603,851158,https://animehistory.org/uploads/screencaps/outlaw-star-E013-Advance-Guard-from-Another-World/cap_00-10-03_7efc.jpg,Outlaw Star Ep 13: Advance Guard from Another World @ 00:10:03,https://animehistory.org/gallery/screencaps/outlaw-star/episode-13/,https://animehistory.org/gallery/screencaps/outlaw-star/episode-13/?page=2,2,2026-10-07T01:49:36.003772+00:00,c32bce889c186613fa8a976b1e404060ebd9dbf751d4175542924b1ff8909ff8,,UNVERIFIED
EP-13,Advance Guard from Another World,00:10:07,607,851159,https://animehistory.org/uploads/screencaps/outlaw-star-E013-Advance-Guard-from-Another-World/cap_00-10-07_313a.jpg,Outlaw Star Ep 13: Advance Guard from Another World @ 00:10:07,https://animehistory.org/gallery/screencaps/outlaw-star/episode-13/,https://animehistory.org/gallery/screencaps/outlaw-star/episode-13/?page=2,2,2026-10-07T01:49:36.003772+00:00,c32bce889c186613fa8a976b1e404060ebd9dbf751d4175542924b1ff8909ff8,,UNVERIFIED
EP-13,Advance Guard from Another World,00:10:10,610,851160,https://animehistory.org/uploads/screencaps/outlaw-star-E013-Advance-Guard-from-Another-World/cap_00-10-10_0aa1.jpg,Outlaw Star Ep 13: Advance Guard from Another World @ 00:10:10,https://animehistory.org/gallery/screencaps/outlaw-star/episode-13/,https://animehistory.org/gallery/screencaps/outlaw-star/episode-13/?page=2,2,2026-10-07T01:49:36.003772+00:00,c32bce889c186613fa8a976b1e404060ebd9dbf751d4175542924b1ff8909ff8,,UNVERIFIED
EP-13,Advance Guard from Another World,00:10:14,614,851161,https://animehistory.org/uploads/screencaps/outlaw-star-E013-Advance-Guard-from-Another-World/cap_00-10-14_378b.jpg,Outlaw Star Ep 13: Advance Guard from Another World @ 00:10:14,https://animehistory.org/gallery/screencaps/outlaw-star/episode-13/,https://animehistory.org/gallery/screencaps/outlaw-star/episode-13/?page=2,2,2026-10-07T01:49:36.003772+00:00,c32bce889c186613fa8a976b1e404060ebd9dbf751d4175542924b1ff8909ff8,,UNVERIFIED
EP-13,Advance Guard from Another World,00:10:17,617,851162,https://animehistory.org/uploads/screencaps/outlaw-star-E013-Advance-Guard-from-Another-World/cap_00-10-17_46ab.jpg,Outlaw Star Ep 13: Advance Guard from Another World @ 00:10:17,https://animehistory.org/gallery/screencaps/outlaw-star/episode-13/,https://animehistory.org/gallery/screencaps/outlaw-star/episode-13/?page=2,2,2026-10-07T01:49:36.003772+00:00,c32bce889c186613fa8a976b1e404060ebd9dbf751d4175542924b1ff8909ff8,,UNVERIFIED
EP-13,Advance Guard from Another World,00:10:21,621,851163,https://animehistory.org/uploads/screencaps/outlaw-star-E013-Advance-Guard-from-Another-World/cap_00-10-21_6fb7.jpg,Outlaw Star Ep 13: Advance Guard from Another World @ 00:10:21,https://animehistory.org/gallery/screencaps/outlaw-star/episode-13/,https://animehistory.org/gallery/screencaps/outlaw-star/episode-13/?page=2,2,2026-10-07T01:49:36.003772+00:00,c32bce889c186613fa8a976b1e404060ebd9dbf751d4175542924b1ff8909ff8,,UNVERIFIED
EP-13,Advance Guard from Another World,00:10:25,625,851164,https://animehistory.org/uploads/screencaps/outlaw-star-E013-Advance-Guard-from-Another-World/cap_00-10-25_6c83.jpg,Outlaw Star Ep 13: Advance Guard from Another World @ 00:10:25,https://animehistory.org/gallery/screencaps/outlaw-star/episode-13/,https://animehistory.org/gallery/screencaps/outlaw-star/episode-13/?page=2,2,2026-10-07T01:49:36.003772+00:00,c32bce889c186613fa8a976b1e404060ebd9dbf751d4175542924b1ff8909ff8,,UNVERIFIED
EP-13,Advance Guard from Another World,00:10:28,628,851165,https://animehistory.org/uploads/screencaps/outlaw-star-E013-Advance-Guard-from-Another-World/cap_00-10-28_7d5b.jpg,Outlaw Star Ep 13: Advance Guard from Another World @ 00:10:28,https://animehistory.org/gallery/screencaps/outlaw-star/episode-13/,https://animehistory.org/gallery/screencaps/outlaw-star/episode-13/?page=2,2,2026-10-07T01:49:36.003772+00:00,c32bce889c186613fa8a976b1e404060ebd9dbf751d4175542924b1ff8909ff8,,UNVERIFIED
EP-13,Advance Guard from Another World,00:10:32,632,851166,https://animehistory.org/uploads/screencaps/outlaw-star-E013-Advance-Guard-from-Another-World/cap_00-10-32_4e60.jpg,Outlaw Star Ep 13: Advance Guard from Another World @ 00:10:32,https://animehistory.org/gallery/screencaps/outlaw-star/episode-13/,https://animehistory.org/gallery/screencaps/outlaw-star/episode-13/?page=2,2,2026-10-07T01:49:36.003772+00:00,c32bce889c186613fa8a976b1e404060ebd9dbf751d4175542924b1ff8909ff8,,UNVERIFIED
EP-13,Advance Guard from Another World,00:10:36,636,851167,https://animehistory.org/uploads/screencaps/outlaw-star-E013-Advance-Guard-from-Another-World/cap_00-10-36_4855.jpg,Outlaw Star Ep 13: Advance Guard from Another World @ 00:10:36,https://animehistory.org/gallery/screencaps/outlaw-star/episode-13/,https://animehistory.org/gallery/screencaps/outlaw-star/episode-13/?page=2,2,2026-10-07T01:49:36.003772+00:00,c32bce889c186613fa8a976b1e404060ebd9dbf751d4175542924b1ff8909ff8,,UNVERIFIED
EP-13,Advance Guard from Another World,00:10:39,639,851168,https://animehistory.org/uploads/screencaps/outlaw-star-E013-Advance-Guard-from-Another-World/cap_00-10-39_33cb.jpg,Outlaw Star Ep 13: Advance Guard from Another World @ 00:10:39,https://animehistory.org/gallery/screencaps/outlaw-star/episode-13/,https://animehistory.org/gallery/screencaps/outlaw-star/episode-13/?page=2,2,2026-10-07T01:49:36.003772+00:00,c32bce889c186613fa8a976b1e404060ebd9dbf751d4175542924b1ff8909ff8,,UNVERIFIED
EP-13,Advance Guard from Another World,00:10:43,643,851169,https://animehistory.org/uploads/screencaps/outlaw-star-E013-Advance-Guard-from-Another-World/cap_00-10-43_4144.jpg,Outlaw Star Ep 13: Advance Guard from Another World @ 00:10:43,https://animehistory.org/gallery/screencaps/outlaw-star/episode-13/,https://animehistory.org/gallery/screencaps/outlaw-star/episode-13/?page=2,2,2026-10-07T01:49:36.003772+00:00,c32bce889c186613fa8a976b1e404060ebd9dbf751d4175542924b1ff8909ff8,,UNVERIFIED
EP-13,Advance Guard from Another World,00:10:47,647,851170,https://animehistory.org/uploads/screencaps/outlaw-star-E013-Advance-Guard-from-Another-World/cap_00-10-47_4506.jpg,Outlaw Star Ep 13: Advance Guard from Another World @ 00:10:47,https://animehistory.org/gallery/screencaps/outlaw-star/episode-13/,https://animehistory.org/gallery/screencaps/outlaw-star/episode-13/?page=2,2,2026-10-07T01:49:36.003772+00:00,c32bce889c186613fa8a976b1e404060ebd9dbf751d4175542924b1ff8909ff8,,UNVERIFIED
EP-13,Advance Guard from Another World,00:10:50,650,851171,https://animehistory.org/uploads/screencaps/outlaw-star-E013-Advance-Guard-from-Another-World/cap_00-10-50_59b8.jpg,Outlaw Star Ep 13: Advance Guard from Another World @ 00:10:50,https://animehistory.org/gallery/screencaps/outlaw-star/episode-13/,https://animehistory.org/gallery/screencaps/outlaw-star/episode-13/?page=2,2,2026-10-07T01:49:36.003772+00:00,c32bce889c186613fa8a976b1e404060ebd9dbf751d4175542924b1ff8909ff8,,UNVERIFIED
EP-13,Advance Guard from Another World,00:10:54,654,851172,https://animehistory.org/uploads/screencaps/outlaw-star-E013-Advance-Guard-from-Another-World/cap_00-10-54_32ff.jpg,Outlaw Star Ep 13: Advance Guard from Another World @ 00:10:54,https://animehistory.org/gallery/screencaps/outlaw-star/episode-13/,https://animehistory.org/gallery/screencaps/outlaw-star/episode-13/?page=2,2,2026-10-07T01:49:36.003772+00:00,c32bce889c186613fa8a976b1e404060ebd9dbf751d4175542924b1ff8909ff8,,UNVERIFIED
EP-13,Advance Guard from Another World,00:10:58,658,851173,https://animehistory.org/uploads/screencaps/outlaw-star-E013-Advance-Guard-from-Another-World/cap_00-10-58_1296.jpg,Outlaw Star Ep 13: Advance Guard from Another World @ 00:10:58,https://animehistory.org/gallery/screencaps/outlaw-star/episode-13/,https://animehistory.org/gallery/screencaps/outlaw-star/episode-13/?page=2,2,2026-10-07T01:49:36.003772+00:00,c32bce889c186613fa8a976b1e404060ebd9dbf751d4175542924b1ff8909ff8,,UNVERIFIED
EP-13,Advance Guard from Another World,00:11:01,661,851174,https://animehistory.org/uploads/screencaps/outlaw-star-E013-Advance-Guard-from-Another-World/cap_00-11-01_30ea.jpg,Outlaw Star Ep 13: Advance Guard from Another World @ 00:11:01,https://animehistory.org/gallery/screencaps/outlaw-star/episode-13/,https://animehistory.org/gallery/screencaps/outlaw-star/episode-13/?page=2,2,2026-10-07T01:49:36.003772+00:00,c32bce889c186613fa8a976b1e404060ebd9dbf751d4175542924b1ff8909ff8,,UNVERIFIED
EP-13,Advance Guard from Another World,00:11:05,665,851175,https://animehistory.org/uploads/screencaps/outlaw-star-E013-Advance-Guard-from-Another-World/cap_00-11-05_0afc.jpg,Outlaw Star Ep 13: Advance Guard from Another World @ 00:11:05,https://animehistory.org/gallery/screencaps/outlaw-star/episode-13/,https://animehistory.org/gallery/screencaps/outlaw-star/episode-13/?page=2,2,2026-10-07T01:49:36.003772+00:00,c32bce889c186613fa8a976b1e404060ebd9dbf751d4175542924b1ff8909ff8,,UNVERIFIED
EP-13,Advance Guard from Another World,00:11:09,669,851176,https://animehistory.org/uploads/screencaps/outlaw-star-E013-Advance-Guard-from-Another-World/cap_00-11-09_196c.jpg,Outlaw Star Ep 13: Advance Guard from Another World @ 00:11:09,https://animehistory.org/gallery/screencaps/outlaw-star/episode-13/,https://animehistory.org/gallery/screencaps/outlaw-star/episode-13/?page=2,2,2026-10-07T01:49:36.003772+00:00,c32bce889c186613fa8a976b1e404060ebd9dbf751d4175542924b1ff8909ff8,,UNVERIFIED
EP-13,Advance Guard from Another World,00:11:12,672,851177,https://animehistory.org/uploads/screencaps/outlaw-star-E013-Advance-Guard-from-Another-World/cap_00-11-12_149f.jpg,Outlaw Star Ep 13: Advance Guard from Another World @ 00:11:12,https://animehistory.org/gallery/screencaps/outlaw-star/episode-13/,https://animehistory.org/gallery/screencaps/outlaw-star/episode-13/?page=2,2,2026-10-07T01:49:36.003772+00:00,c32bce889c186613fa8a976b1e404060ebd9dbf751d4175542924b1ff8909ff8,,UNVERIFIED
EP-13,Advance Guard from Another World,00:11:16,676,851178,https://animehistory.org/uploads/screencaps/outlaw-star-E013-Advance-Guard-from-Another-World/cap_00-11-16_5d6b.jpg,Outlaw Star Ep 13: Advance Guard from Another World @ 00:11:16,https://animehistory.org/gallery/screencaps/outlaw-star/episode-13/,https://animehistory.org/gallery/screencaps/outlaw-star/episode-13/?page=2,2,2026-10-07T01:49:36.003772+00:00,c32bce889c186613fa8a976b1e404060ebd9dbf751d4175542924b1ff8909ff8,,UNVERIFIED
EP-13,Advance Guard from Another World,00:11:20,680,851179,https://animehistory.org/uploads/screencaps/outlaw-star-E013-Advance-Guard-from-Another-World/cap_00-11-20_12c5.jpg,Outlaw Star Ep 13: Advance Guard from Another World @ 00:11:20,https://animehistory.org/gallery/screencaps/outlaw-star/episode-13/,https://animehistory.org/gallery/screencaps/outlaw-star/episode-13/?page=2,2,2026-10-07T01:49:36.003772+00:00,c32bce889c186613fa8a976b1e404060ebd9dbf751d4175542924b1ff8909ff8,,UNVERIFIED
EP-13,Advance Guard from Another World,00:11:23,683,851180,https://animehistory.org/uploads/screencaps/outlaw-star-E013-Advance-Guard-from-Another-World/cap_00-11-23_33a5.jpg,Outlaw Star Ep 13: Advance Guard from Another World @ 00:11:23,https://animehistory.org/gallery/screencaps/outlaw-star/episode-13/,https://animehistory.org/gallery/screencaps/outlaw-star/episode-13/?page=2,2,2026-10-07T01:49:36.003772+00:00,c32bce889c186613fa8a976b1e404060ebd9dbf751d4175542924b1ff8909ff8,,UNVERIFIED
EP-13,Advance Guard from Another World,00:11:27,687,851181,https://animehistory.org/uploads/screencaps/outlaw-star-E013-Advance-Guard-from-Another-World/cap_00-11-27_194b.jpg,Outlaw Star Ep 13: Advance Guard from Another World @ 00:11:27,https://animehistory.org/gallery/screencaps/outlaw-star/episode-13/,https://animehistory.org/gallery/screencaps/outlaw-star/episode-13/?page=2,2,2026-10-07T01:49:36.003772+00:00,c32bce889c186613fa8a976b1e404060ebd9dbf751d4175542924b1ff8909ff8,,UNVERIFIED
EP-13,Advance Guard from Another World,00:11:30,690,851182,https://animehistory.org/uploads/screencaps/outlaw-star-E013-Advance-Guard-from-Another-World/cap_00-11-30_4588.jpg,Outlaw Star Ep 13: Advance Guard from Another World @ 00:11:30,https://animehistory.org/gallery/screencaps/outlaw-star/episode-13/,https://animehistory.org/gallery/screencaps/outlaw-star/episode-13/?page=2,2,2026-10-07T01:49:36.003772+00:00,c32bce889c186613fa8a976b1e404060ebd9dbf751d4175542924b1ff8909ff8,,UNVERIFIED
EP-13,Advance Guard from Another World,00:11:34,694,851183,https://animehistory.org/uploads/screencaps/outlaw-star-E013-Advance-Guard-from-Another-World/cap_00-11-34_604b.jpg,Outlaw Star Ep 13: Advance Guard from Another World @ 00:11:34,https://animehistory.org/gallery/screencaps/outlaw-star/episode-13/,https://animehistory.org/gallery/screencaps/outlaw-star/episode-13/?page=2,2,2026-10-07T01:49:36.003772+00:00,c32bce889c186613fa8a976b1e404060ebd9dbf751d4175542924b1ff8909ff8,,UNVERIFIED
EP-13,Advance Guard from Another World,00:11:38,698,851184,https://animehistory.org/uploads/screencaps/outlaw-star-E013-Advance-Guard-from-Another-World/cap_00-11-38_3afe.jpg,Outlaw Star Ep 13: Advance Guard from Another World @ 00:11:38,https://animehistory.org/gallery/screencaps/outlaw-star/episode-13/,https://animehistory.org/gallery/screencaps/outlaw-star/episode-13/?page=2,2,2026-10-07T01:49:36.003772+00:00,c32bce889c186613fa8a976b1e404060ebd9dbf751d4175542924b1ff8909ff8,,UNVERIFIED
EP-13,Advance Guard from Another World,00:11:41,701,851185,https://animehistory.org/uploads/screencaps/outlaw-star-E013-Advance-Guard-from-Another-World/cap_00-11-41_5384.jpg,Outlaw Star Ep 13: Advance Guard from Another World @ 00:11:41,https://animehistory.org/gallery/screencaps/outlaw-star/episode-13/,https://animehistory.org/gallery/screencaps/outlaw-star/episode-13/?page=2,2,2026-10-07T01:49:36.003772+00:00,c32bce889c186613fa8a976b1e404060ebd9dbf751d4175542924b1ff8909ff8,,UNVERIFIED
EP-13,Advance Guard from Another World,00:11:45,705,851186,https://animehistory.org/uploads/screencaps/outlaw-star-E013-Advance-Guard-from-Another-World/cap_00-11-45_2d6d.jpg,Outlaw Star Ep 13: Advance Guard from Another World @ 00:11:45,https://animehistory.org/gallery/screencaps/outlaw-star/episode-13/,https://animehistory.org/gallery/screencaps/outlaw-star/episode-13/?page=2,2,2026-10-07T01:49:36.003772+00:00,c32bce889c186613fa8a976b1e404060ebd9dbf751d4175542924b1ff8909ff8,,UNVERIFIED
EP-13,Advance Guard from Another World,00:11:49,709,851187,https://animehistory.org/uploads/screencaps/outlaw-star-E013-Advance-Guard-from-Another-World/cap_00-11-49_4719.jpg,Outlaw Star Ep 13: Advance Guard from Another World @ 00:11:49,https://animehistory.org/gallery/screencaps/outlaw-star/episode-13/,https://animehistory.org/gallery/screencaps/outlaw-star/episode-13/?page=2,2,2026-10-07T01:49:36.003772+00:00,c32bce889c186613fa8a976b1e404060ebd9dbf751d4175542924b1ff8909ff8,,UNVERIFIED
EP-13,Advance Guard from Another World,00:11:52,712,851188,https://animehistory.org/uploads/screencaps/outlaw-star-E013-Advance-Guard-from-Another-World/cap_00-11-52_2239.jpg,Outlaw Star Ep 13: Advance Guard from Another World @ 00:11:52,https://animehistory.org/gallery/screencaps/outlaw-star/episode-13/,https://animehistory.org/gallery/screencaps/outlaw-star/episode-13/?page=2,2,2026-10-07T01:49:36.003772+00:00,c32bce889c186613fa8a976b1e404060ebd9dbf751d4175542924b1ff8909ff8,,UNVERIFIED
EP-13,Advance Guard from Another World,00:11:56,716,851189,https://animehistory.org/uploads/screencaps/outlaw-star-E013-Advance-Guard-from-Another-World/cap_00-11-56_5ecc.jpg,Outlaw Star Ep 13: Advance Guard from Another World @ 00:11:56,https://animehistory.org/gallery/screencaps/outlaw-star/episode-13/,https://animehistory.org/gallery/screencaps/outlaw-star/episode-13/?page=2,2,2026-10-07T01:49:36.003772+00:00,c32bce889c186613fa8a976b1e404060ebd9dbf751d4175542924b1ff8909ff8,,UNVERIFIED
EP-13,Advance Guard from Another World,00:12:00,720,851190,https://animehistory.org/uploads/screencaps/outlaw-star-E013-Advance-Guard-from-Another-World/cap_00-12-00_18e6.jpg,Outlaw Star Ep 13: Advance Guard from Another World @ 00:12:00,https://animehistory.org/gallery/screencaps/outlaw-star/episode-13/,https://animehistory.org/gallery/screencaps/outlaw-star/episode-13/?page=2,2,2026-10-07T01:49:36.003772+00:00,c32bce889c186613fa8a976b1e404060ebd9dbf751d4175542924b1ff8909ff8,,UNVERIFIED
EP-13,Advance Guard from Another World,00:12:03,723,851191,https://animehistory.org/uploads/screencaps/outlaw-star-E013-Advance-Guard-from-Another-World/cap_00-12-03_7ee9.jpg,Outlaw Star Ep 13: Advance Guard from Another World @ 00:12:03,https://animehistory.org/gallery/screencaps/outlaw-star/episode-13/,https://animehistory.org/gallery/screencaps/outlaw-star/episode-13/?page=2,2,2026-10-07T01:49:36.003772+00:00,c32bce889c186613fa8a976b1e404060ebd9dbf751d4175542924b1ff8909ff8,,UNVERIFIED
EP-13,Advance Guard from Another World,00:12:07,727,851192,https://animehistory.org/uploads/screencaps/outlaw-star-E013-Advance-Guard-from-Another-World/cap_00-12-07_69d3.jpg,Outlaw Star Ep 13: Advance Guard from Another World @ 00:12:07,https://animehistory.org/gallery/screencaps/outlaw-star/episode-13/,https://animehistory.org/gallery/screencaps/outlaw-star/episode-13/?page=2,2,2026-10-07T01:49:36.003772+00:00,c32bce889c186613fa8a976b1e404060ebd9dbf751d4175542924b1ff8909ff8,,UNVERIFIED
EP-13,Advance Guard from Another World,00:12:11,731,851193,https://animehistory.org/uploads/screencaps/outlaw-star-E013-Advance-Guard-from-Another-World/cap_00-12-11_179d.jpg,Outlaw Star Ep 13: Advance Guard from Another World @ 00:12:11,https://animehistory.org/gallery/screencaps/outlaw-star/episode-13/,https://animehistory.org/gallery/screencaps/outlaw-star/episode-13/?page=2,2,2026-10-07T01:49:36.003772+00:00,c32bce889c186613fa8a976b1e404060ebd9dbf751d4175542924b1ff8909ff8,,UNVERIFIED
EP-13,Advance Guard from Another World,00:12:14,734,851194,https://animehistory.org/uploads/screencaps/outlaw-star-E013-Advance-Guard-from-Another-World/cap_00-12-14_77c3.jpg,Outlaw Star Ep 13: Advance Guard from Another World @ 00:12:14,https://animehistory.org/gallery/screencaps/outlaw-star/episode-13/,https://animehistory.org/gallery/screencaps/outlaw-star/episode-13/?page=2,2,2026-10-07T01:49:36.003772+00:00,c32bce889c186613fa8a976b1e404060ebd9dbf751d4175542924b1ff8909ff8,,UNVERIFIED
EP-13,Advance Guard from Another World,00:12:18,738,851195,https://animehistory.org/uploads/screencaps/outlaw-star-E013-Advance-Guard-from-Another-World/cap_00-12-18_66da.jpg,Outlaw Star Ep 13: Advance Guard from Another World @ 00:12:18,https://animehistory.org/gallery/screencaps/outlaw-star/episode-13/,https://animehistory.org/gallery/screencaps/outlaw-star/episode-13/?page=2,2,2026-10-07T01:49:36.003772+00:00,c32bce889c186613fa8a976b1e404060ebd9dbf751d4175542924b1ff8909ff8,,UNVERIFIED
EP-13,Advance Guard from Another World,00:12:22,742,851196,https://animehistory.org/uploads/screencaps/outlaw-star-E013-Advance-Guard-from-Another-World/cap_00-12-22_63d4.jpg,Outlaw Star Ep 13: Advance Guard from Another World @ 00:12:22,https://animehistory.org/gallery/screencaps/outlaw-star/episode-13/,https://animehistory.org/gallery/screencaps/outlaw-star/episode-13/?page=2,2,2026-10-07T01:49:36.003772+00:00,c32bce889c186613fa8a976b1e404060ebd9dbf751d4175542924b1ff8909ff8,,UNVERIFIED
EP-13,Advance Guard from Another World,00:12:25,745,851197,https://animehistory.org/uploads/screencaps/outlaw-star-E013-Advance-Guard-from-Another-World/cap_00-12-25_2786.jpg,Outlaw Star Ep 13: Advance Guard from Another World @ 00:12:25,https://animehistory.org/gallery/screencaps/outlaw-star/episode-13/,https://animehistory.org/gallery/screencaps/outlaw-star/episode-13/?page=2,2,2026-10-07T01:49:36.003772+00:00,c32bce889c186613fa8a976b1e404060ebd9dbf751d4175542924b1ff8909ff8,,UNVERIFIED
EP-13,Advance Guard from Another World,00:12:29,749,851198,https://animehistory.org/uploads/screencaps/outlaw-star-E013-Advance-Guard-from-Another-World/cap_00-12-29_10a4.jpg,Outlaw Star Ep 13: Advance Guard from Another World @ 00:12:29,https://animehistory.org/gallery/screencaps/outlaw-star/episode-13/,https://animehistory.org/gallery/screencaps/outlaw-star/episode-13/?page=2,2,2026-10-07T01:49:36.003772+00:00,c32bce889c186613fa8a976b1e404060ebd9dbf751d4175542924b1ff8909ff8,,UNVERIFIED
EP-13,Advance Guard from Another World,00:12:32,752,851199,https://animehistory.org/uploads/screencaps/outlaw-star-E013-Advance-Guard-from-Another-World/cap_00-12-32_4050.jpg,Outlaw Star Ep 13: Advance Guard from Another World @ 00:12:32,https://animehistory.org/gallery/screencaps/outlaw-star/episode-13/,https://animehistory.org/gallery/screencaps/outlaw-star/episode-13/?page=2,2,2026-10-07T01:49:36.003772+00:00,c32bce889c186613fa8a976b1e404060ebd9dbf751d4175542924b1ff8909ff8,,UNVERIFIED
EP-13,Advance Guard from Another World,00:12:36,756,851200,https://animehistory.org/uploads/screencaps/outlaw-star-E013-Advance-Guard-from-Another-World/cap_00-12-36_3104.jpg,Outlaw Star Ep 13: Advance Guard from Another World @ 00:12:36,https://animehistory.org/gallery/screencaps/outlaw-star/episode-13/,https://animehistory.org/gallery/screencaps/outlaw-star/episode-13/?page=2,2,2026-10-07T01:49:36.003772+00:00,c32bce889c186613fa8a976b1e404060ebd9dbf751d4175542924b1ff8909ff8,,UNVERIFIED
EP-13,Advance Guard from Another World,00:12:40,760,851201,https://animehistory.org/uploads/screencaps/outlaw-star-E013-Advance-Guard-from-Another-World/cap_00-12-40_6ef5.jpg,Outlaw Star Ep 13: Advance Guard from Another World @ 00:12:40,https://animehistory.org/gallery/screencaps/outlaw-star/episode-13/,https://animehistory.org/gallery/screencaps/outlaw-star/episode-13/?page=2,2,2026-10-07T01:49:36.003772+00:00,c32bce889c186613fa8a976b1e404060ebd9dbf751d4175542924b1ff8909ff8,,UNVERIFIED
EP-13,Advance Guard from Another World,00:12:43,763,851202,https://animehistory.org/uploads/screencaps/outlaw-star-E013-Advance-Guard-from-Another-World/cap_00-12-43_3cb5.jpg,Outlaw Star Ep 13: Advance Guard from Another World @ 00:12:43,https://animehistory.org/gallery/screencaps/outlaw-star/episode-13/,https://animehistory.org/gallery/screencaps/outlaw-star/episode-13/?page=2,2,2026-10-07T01:49:36.003772+00:00,c32bce889c186613fa8a976b1e404060ebd9dbf751d4175542924b1ff8909ff8,,UNVERIFIED
EP-13,Advance Guard from Another World,00:12:47,767,851203,https://animehistory.org/uploads/screencaps/outlaw-star-E013-Advance-Guard-from-Another-World/cap_00-12-47_2491.jpg,Outlaw Star Ep 13: Advance Guard from Another World @ 00:12:47,https://animehistory.org/gallery/screencaps/outlaw-star/episode-13/,https://animehistory.org/gallery/screencaps/outlaw-star/episode-13/?page=2,2,2026-10-07T01:49:36.003772+00:00,c32bce889c186613fa8a976b1e404060ebd9dbf751d4175542924b1ff8909ff8,,UNVERIFIED
EP-13,Advance Guard from Another World,00:12:51,771,851204,https://animehistory.org/uploads/screencaps/outlaw-star-E013-Advance-Guard-from-Another-World/cap_00-12-51_106c.jpg,Outlaw Star Ep 13: Advance Guard from Another World @ 00:12:51,https://animehistory.org/gallery/screencaps/outlaw-star/episode-13/,https://animehistory.org/gallery/screencaps/outlaw-star/episode-13/?page=2,2,2026-10-07T01:49:36.003772+00:00,c32bce889c186613fa8a976b1e404060ebd9dbf751d4175542924b1ff8909ff8,,UNVERIFIED
EP-13,Advance Guard from Another World,00:12:54,774,851205,https://animehistory.org/uploads/screencaps/outlaw-star-E013-Advance-Guard-from-Another-World/cap_00-12-54_62cb.jpg,Outlaw Star Ep 13: Advance Guard from Another World @ 00:12:54,https://animehistory.org/gallery/screencaps/outlaw-star/episode-13/,https://animehistory.org/gallery/screencaps/outlaw-star/episode-13/?page=2,2,2026-10-07T01:49:36.003772+00:00,c32bce889c186613fa8a976b1e404060ebd9dbf751d4175542924b1ff8909ff8,,UNVERIFIED
EP-13,Advance Guard from Another World,00:12:58,778,851206,https://animehistory.org/uploads/screencaps/outlaw-star-E013-Advance-Guard-from-Another-World/cap_00-12-58_123b.jpg,Outlaw Star Ep 13: Advance Guard from Another World @ 00:12:58,https://animehistory.org/gallery/screencaps/outlaw-star/episode-13/,https://animehistory.org/gallery/screencaps/outlaw-star/episode-13/?page=2,2,2026-10-07T01:49:36.003772+00:00,c32bce889c186613fa8a976b1e404060ebd9dbf751d4175542924b1ff8909ff8,,UNVERIFIED
EP-13,Advance Guard from Another World,00:13:02,782,851207,https://animehistory.org/uploads/screencaps/outlaw-star-E013-Advance-Guard-from-Another-World/cap_00-13-02_2076.jpg,Outlaw Star Ep 13: Advance Guard from Another World @ 00:13:02,https://animehistory.org/gallery/screencaps/outlaw-star/episode-13/,https://animehistory.org/gallery/screencaps/outlaw-star/episode-13/?page=2,2,2026-10-07T01:49:36.003772+00:00,c32bce889c186613fa8a976b1e404060ebd9dbf751d4175542924b1ff8909ff8,,UNVERIFIED
EP-13,Advance Guard from Another World,00:13:05,785,851208,https://animehistory.org/uploads/screencaps/outlaw-star-E013-Advance-Guard-from-Another-World/cap_00-13-05_53d3.jpg,Outlaw Star Ep 13: Advance Guard from Another World @ 00:13:05,https://animehistory.org/gallery/screencaps/outlaw-star/episode-13/,https://animehistory.org/gallery/screencaps/outlaw-star/episode-13/?page=2,2,2026-10-07T01:49:36.003772+00:00,c32bce889c186613fa8a976b1e404060ebd9dbf751d4175542924b1ff8909ff8,,UNVERIFIED
EP-13,Advance Guard from Another World,00:13:09,789,851209,https://animehistory.org/uploads/screencaps/outlaw-star-E013-Advance-Guard-from-Another-World/cap_00-13-09_54d1.jpg,Outlaw Star Ep 13: Advance Guard from Another World @ 00:13:09,https://animehistory.org/gallery/screencaps/outlaw-star/episode-13/,https://animehistory.org/gallery/screencaps/outlaw-star/episode-13/?page=2,2,2026-10-07T01:49:36.003772+00:00,c32bce889c186613fa8a976b1e404060ebd9dbf751d4175542924b1ff8909ff8,,UNVERIFIED
EP-13,Advance Guard from Another World,00:13:13,793,851210,https://animehistory.org/uploads/screencaps/outlaw-star-E013-Advance-Guard-from-Another-World/cap_00-13-13_6756.jpg,Outlaw Star Ep 13: Advance Guard from Another World @ 00:13:13,https://animehistory.org/gallery/screencaps/outlaw-star/episode-13/,https://animehistory.org/gallery/screencaps/outlaw-star/episode-13/?page=2,2,2026-10-07T01:49:36.003772+00:00,c32bce889c186613fa8a976b1e404060ebd9dbf751d4175542924b1ff8909ff8,,UNVERIFIED
EP-13,Advance Guard from Another World,00:13:16,796,851211,https://animehistory.org/uploads/screencaps/outlaw-star-E013-Advance-Guard-from-Another-World/cap_00-13-16_3b89.jpg,Outlaw Star Ep 13: Advance Guard from Another World @ 00:13:16,https://animehistory.org/gallery/screencaps/outlaw-star/episode-13/,https://animehistory.org/gallery/screencaps/outlaw-star/episode-13/?page=2,2,2026-10-07T01:49:36.003772+00:00,c32bce889c186613fa8a976b1e404060ebd9dbf751d4175542924b1ff8909ff8,,UNVERIFIED
EP-13,Advance Guard from Another World,00:13:20,800,851212,https://animehistory.org/uploads/screencaps/outlaw-star-E013-Advance-Guard-from-Another-World/cap_00-13-20_6e94.jpg,Outlaw Star Ep 13: Advance Guard from Another World @ 00:13:20,https://animehistory.org/gallery/screencaps/outlaw-star/episode-13/,https://animehistory.org/gallery/screencaps/outlaw-star/episode-13/?page=2,2,2026-10-07T01:49:36.003772+00:00,c32bce889c186613fa8a976b1e404060ebd9dbf751d4175542924b1ff8909ff8,,UNVERIFIED
EP-13,Advance Guard from Another World,00:13:24,804,851213,https://animehistory.org/uploads/screencaps/outlaw-star-E013-Advance-Guard-from-Another-World/cap_00-13-24_6be0.jpg,Outlaw Star Ep 13: Advance Guard from Another World @ 00:13:24,https://animehistory.org/gallery/screencaps/outlaw-star/episode-13/,https://animehistory.org/gallery/screencaps/outlaw-star/episode-13/?page=2,2,2026-10-07T01:49:36.003772+00:00,c32bce889c186613fa8a976b1e404060ebd9dbf751d4175542924b1ff8909ff8,,UNVERIFIED
EP-13,Advance Guard from Another World,00:13:27,807,851214,https://animehistory.org/uploads/screencaps/outlaw-star-E013-Advance-Guard-from-Another-World/cap_00-13-27_4309.jpg,Outlaw Star Ep 13: Advance Guard from Another World @ 00:13:27,https://animehistory.org/gallery/screencaps/outlaw-star/episode-13/,https://animehistory.org/gallery/screencaps/outlaw-star/episode-13/?page=2,2,2026-10-07T01:49:36.003772+00:00,c32bce889c186613fa8a976b1e404060ebd9dbf751d4175542924b1ff8909ff8,,UNVERIFIED
EP-13,Advance Guard from Another World,00:13:31,811,851215,https://animehistory.org/uploads/screencaps/outlaw-star-E013-Advance-Guard-from-Another-World/cap_00-13-31_7b5a.jpg,Outlaw Star Ep 13: Advance Guard from Another World @ 00:13:31,https://animehistory.org/gallery/screencaps/outlaw-star/episode-13/,https://animehistory.org/gallery/screencaps/outlaw-star/episode-13/?page=2,2,2026-10-07T01:49:36.003772+00:00,c32bce889c186613fa8a976b1e404060ebd9dbf751d4175542924b1ff8909ff8,,UNVERIFIED
EP-13,Advance Guard from Another World,00:13:34,814,851216,https://animehistory.org/uploads/screencaps/outlaw-star-E013-Advance-Guard-from-Another-World/cap_00-13-34_5764.jpg,Outlaw Star Ep 13: Advance Guard from Another World @ 00:13:34,https://animehistory.org/gallery/screencaps/outlaw-star/episode-13/,https://animehistory.org/gallery/screencaps/outlaw-star/episode-13/?page=2,2,2026-10-07T01:49:36.003772+00:00,c32bce889c186613fa8a976b1e404060ebd9dbf751d4175542924b1ff8909ff8,,UNVERIFIED
EP-13,Advance Guard from Another World,00:13:38,818,851217,https://animehistory.org/uploads/screencaps/outlaw-star-E013-Advance-Guard-from-Another-World/cap_00-13-38_3bec.jpg,Outlaw Star Ep 13: Advance Guard from Another World @ 00:13:38,https://animehistory.org/gallery/screencaps/outlaw-star/episode-13/,https://animehistory.org/gallery/screencaps/outlaw-star/episode-13/?page=2,2,2026-10-07T01:49:36.003772+00:00,c32bce889c186613fa8a976b1e404060ebd9dbf751d4175542924b1ff8909ff8,,UNVERIFIED
EP-13,Advance Guard from Another World,00:13:42,822,851218,https://animehistory.org/uploads/screencaps/outlaw-star-E013-Advance-Guard-from-Another-World/cap_00-13-42_7be8.jpg,Outlaw Star Ep 13: Advance Guard from Another World @ 00:13:42,https://animehistory.org/gallery/screencaps/outlaw-star/episode-13/,https://animehistory.org/gallery/screencaps/outlaw-star/episode-13/?page=2,2,2026-10-07T01:49:36.003772+00:00,c32bce889c186613fa8a976b1e404060ebd9dbf751d4175542924b1ff8909ff8,,UNVERIFIED
EP-13,Advance Guard from Another World,00:13:45,825,851219,https://animehistory.org/uploads/screencaps/outlaw-star-E013-Advance-Guard-from-Another-World/cap_00-13-45_0fa5.jpg,Outlaw Star Ep 13: Advance Guard from Another World @ 00:13:45,https://animehistory.org/gallery/screencaps/outlaw-star/episode-13/,https://animehistory.org/gallery/screencaps/outlaw-star/episode-13/?page=2,2,2026-10-07T01:49:36.003772+00:00,c32bce889c186613fa8a976b1e404060ebd9dbf751d4175542924b1ff8909ff8,,UNVERIFIED
EP-13,Advance Guard from Another World,00:13:49,829,851220,https://animehistory.org/uploads/screencaps/outlaw-star-E013-Advance-Guard-from-Another-World/cap_00-13-49_7960.jpg,Outlaw Star Ep 13: Advance Guard from Another World @ 00:13:49,https://animehistory.org/gallery/screencaps/outlaw-star/episode-13/,https://animehistory.org/gallery/screencaps/outlaw-star/episode-13/?page=2,2,2026-10-07T01:49:36.003772+00:00,c32bce889c186613fa8a976b1e404060ebd9dbf751d4175542924b1ff8909ff8,,UNVERIFIED
EP-13,Advance Guard from Another World,00:13:53,833,851221,https://animehistory.org/uploads/screencaps/outlaw-star-E013-Advance-Guard-from-Another-World/cap_00-13-53_46bf.jpg,Outlaw Star Ep 13: Advance Guard from Another World @ 00:13:53,https://animehistory.org/gallery/screencaps/outlaw-star/episode-13/,https://animehistory.org/gallery/screencaps/outlaw-star/episode-13/?page=3,3,2026-10-07T01:49:37.336742+00:00,37b154de9a4926605c422bce3caa25533b2198ea89c5e5468571afe12f01c611,,UNVERIFIED
EP-13,Advance Guard from Another World,00:13:56,836,851222,https://animehistory.org/uploads/screencaps/outlaw-star-E013-Advance-Guard-from-Another-World/cap_00-13-56_42c5.jpg,Outlaw Star Ep 13: Advance Guard from Another World @ 00:13:56,https://animehistory.org/gallery/screencaps/outlaw-star/episode-13/,https://animehistory.org/gallery/screencaps/outlaw-star/episode-13/?page=3,3,2026-10-07T01:49:37.336742+00:00,37b154de9a4926605c422bce3caa25533b2198ea89c5e5468571afe12f01c611,,UNVERIFIED
EP-13,Advance Guard from Another World,00:14:00,840,851223,https://animehistory.org/uploads/screencaps/outlaw-star-E013-Advance-Guard-from-Another-World/cap_00-14-00_31d0.jpg,Outlaw Star Ep 13: Advance Guard from Another World @ 00:14:00,https://animehistory.org/gallery/screencaps/outlaw-star/episode-13/,https://animehistory.org/gallery/screencaps/outlaw-star/episode-13/?page=3,3,2026-10-07T01:49:37.336742+00:00,37b154de9a4926605c422bce3caa25533b2198ea89c5e5468571afe12f01c611,,UNVERIFIED
EP-13,Advance Guard from Another World,00:14:04,844,851224,https://animehistory.org/uploads/screencaps/outlaw-star-E013-Advance-Guard-from-Another-World/cap_00-14-04_3b86.jpg,Outlaw Star Ep 13: Advance Guard from Another World @ 00:14:04,https://animehistory.org/gallery/screencaps/outlaw-star/episode-13/,https://animehistory.org/gallery/screencaps/outlaw-star/episode-13/?page=3,3,2026-10-07T01:49:37.336742+00:00,37b154de9a4926605c422bce3caa25533b2198ea89c5e5468571afe12f01c611,,UNVERIFIED
EP-13,Advance Guard from Another World,00:14:07,847,851225,https://animehistory.org/uploads/screencaps/outlaw-star-E013-Advance-Guard-from-Another-World/cap_00-14-07_2dd1.jpg,Outlaw Star Ep 13: Advance Guard from Another World @ 00:14:07,https://animehistory.org/gallery/screencaps/outlaw-star/episode-13/,https://animehistory.org/gallery/screencaps/outlaw-star/episode-13/?page=3,3,2026-10-07T01:49:37.336742+00:00,37b154de9a4926605c422bce3caa25533b2198ea89c5e5468571afe12f01c611,,UNVERIFIED
EP-13,Advance Guard from Another World,00:14:11,851,851226,https://animehistory.org/uploads/screencaps/outlaw-star-E013-Advance-Guard-from-Another-World/cap_00-14-11_0ab2.jpg,Outlaw Star Ep 13: Advance Guard from Another World @ 00:14:11,https://animehistory.org/gallery/screencaps/outlaw-star/episode-13/,https://animehistory.org/gallery/screencaps/outlaw-star/episode-13/?page=3,3,2026-10-07T01:49:37.336742+00:00,37b154de9a4926605c422bce3caa25533b2198ea89c5e5468571afe12f01c611,,UNVERIFIED
EP-13,Advance Guard from Another World,00:14:15,855,851227,https://animehistory.org/uploads/screencaps/outlaw-star-E013-Advance-Guard-from-Another-World/cap_00-14-15_5c4e.jpg,Outlaw Star Ep 13: Advance Guard from Another World @ 00:14:15,https://animehistory.org/gallery/screencaps/outlaw-star/episode-13/,https://animehistory.org/gallery/screencaps/outlaw-star/episode-13/?page=3,3,2026-10-07T01:49:37.336742+00:00,37b154de9a4926605c422bce3caa25533b2198ea89c5e5468571afe12f01c611,,UNVERIFIED
EP-13,Advance Guard from Another World,00:14:18,858,851228,https://animehistory.org/uploads/screencaps/outlaw-star-E013-Advance-Guard-from-Another-World/cap_00-14-18_5e81.jpg,Outlaw Star Ep 13: Advance Guard from Another World @ 00:14:18,https://animehistory.org/gallery/screencaps/outlaw-star/episode-13/,https://animehistory.org/gallery/screencaps/outlaw-star/episode-13/?page=3,3,2026-10-07T01:49:37.336742+00:00,37b154de9a4926605c422bce3caa25533b2198ea89c5e5468571afe12f01c611,,UNVERIFIED
EP-13,Advance Guard from Another World,00:14:22,862,851229,https://animehistory.org/uploads/screencaps/outlaw-star-E013-Advance-Guard-from-Another-World/cap_00-14-22_61b7.jpg,Outlaw Star Ep 13: Advance Guard from Another World @ 00:14:22,https://animehistory.org/gallery/screencaps/outlaw-star/episode-13/,https://animehistory.org/gallery/screencaps/outlaw-star/episode-13/?page=3,3,2026-10-07T01:49:37.336742+00:00,37b154de9a4926605c422bce3caa25533b2198ea89c5e5468571afe12f01c611,,UNVERIFIED
EP-13,Advance Guard from Another World,00:14:26,866,851230,https://animehistory.org/uploads/screencaps/outlaw-star-E013-Advance-Guard-from-Another-World/cap_00-14-26_352e.jpg,Outlaw Star Ep 13: Advance Guard from Another World @ 00:14:26,https://animehistory.org/gallery/screencaps/outlaw-star/episode-13/,https://animehistory.org/gallery/screencaps/outlaw-star/episode-13/?page=3,3,2026-10-07T01:49:37.336742+00:00,37b154de9a4926605c422bce3caa25533b2198ea89c5e5468571afe12f01c611,,UNVERIFIED
EP-13,Advance Guard from Another World,00:14:29,869,851231,https://animehistory.org/uploads/screencaps/outlaw-star-E013-Advance-Guard-from-Another-World/cap_00-14-29_4450.jpg,Outlaw Star Ep 13: Advance Guard from Another World @ 00:14:29,https://animehistory.org/gallery/screencaps/outlaw-star/episode-13/,https://animehistory.org/gallery/screencaps/outlaw-star/episode-13/?page=3,3,2026-10-07T01:49:37.336742+00:00,37b154de9a4926605c422bce3caa25533b2198ea89c5e5468571afe12f01c611,,UNVERIFIED
EP-13,Advance Guard from Another World,00:14:33,873,851232,https://animehistory.org/uploads/screencaps/outlaw-star-E013-Advance-Guard-from-Another-World/cap_00-14-33_0a9f.jpg,Outlaw Star Ep 13: Advance Guard from Another World @ 00:14:33,https://animehistory.org/gallery/screencaps/outlaw-star/episode-13/,https://animehistory.org/gallery/screencaps/outlaw-star/episode-13/?page=3,3,2026-10-07T01:49:37.336742+00:00,37b154de9a4926605c422bce3caa25533b2198ea89c5e5468571afe12f01c611,,UNVERIFIED
EP-13,Advance Guard from Another World,00:14:36,876,851233,https://animehistory.org/uploads/screencaps/outlaw-star-E013-Advance-Guard-from-Another-World/cap_00-14-36_2417.jpg,Outlaw Star Ep 13: Advance Guard from Another World @ 00:14:36,https://animehistory.org/gallery/screencaps/outlaw-star/episode-13/,https://animehistory.org/gallery/screencaps/outlaw-star/episode-13/?page=3,3,2026-10-07T01:49:37.336742+00:00,37b154de9a4926605c422bce3caa25533b2198ea89c5e5468571afe12f01c611,,UNVERIFIED
EP-13,Advance Guard from Another World,00:14:40,880,851234,https://animehistory.org/uploads/screencaps/outlaw-star-E013-Advance-Guard-from-Another-World/cap_00-14-40_6928.jpg,Outlaw Star Ep 13: Advance Guard from Another World @ 00:14:40,https://animehistory.org/gallery/screencaps/outlaw-star/episode-13/,https://animehistory.org/gallery/screencaps/outlaw-star/episode-13/?page=3,3,2026-10-07T01:49:37.336742+00:00,37b154de9a4926605c422bce3caa25533b2198ea89c5e5468571afe12f01c611,,UNVERIFIED
EP-13,Advance Guard from Another World,00:14:44,884,851235,https://animehistory.org/uploads/screencaps/outlaw-star-E013-Advance-Guard-from-Another-World/cap_00-14-44_09d9.jpg,Outlaw Star Ep 13: Advance Guard from Another World @ 00:14:44,https://animehistory.org/gallery/screencaps/outlaw-star/episode-13/,https://animehistory.org/gallery/screencaps/outlaw-star/episode-13/?page=3,3,2026-10-07T01:49:37.336742+00:00,37b154de9a4926605c422bce3caa25533b2198ea89c5e5468571afe12f01c611,,UNVERIFIED
EP-13,Advance Guard from Another World,00:14:47,887,851236,https://animehistory.org/uploads/screencaps/outlaw-star-E013-Advance-Guard-from-Another-World/cap_00-14-47_37d1.jpg,Outlaw Star Ep 13: Advance Guard from Another World @ 00:14:47,https://animehistory.org/gallery/screencaps/outlaw-star/episode-13/,https://animehistory.org/gallery/screencaps/outlaw-star/episode-13/?page=3,3,2026-10-07T01:49:37.336742+00:00,37b154de9a4926605c422bce3caa25533b2198ea89c5e5468571afe12f01c611,,UNVERIFIED
EP-13,Advance Guard from Another World,00:14:51,891,851237,https://animehistory.org/uploads/screencaps/outlaw-star-E013-Advance-Guard-from-Another-World/cap_00-14-51_39e4.jpg,Outlaw Star Ep 13: Advance Guard from Another World @ 00:14:51,https://animehistory.org/gallery/screencaps/outlaw-star/episode-13/,https://animehistory.org/gallery/screencaps/outlaw-star/episode-13/?page=3,3,2026-10-07T01:49:37.336742+00:00,37b154de9a4926605c422bce3caa25533b2198ea89c5e5468571afe12f01c611,,UNVERIFIED
EP-13,Advance Guard from Another World,00:14:55,895,851238,https://animehistory.org/uploads/screencaps/outlaw-star-E013-Advance-Guard-from-Another-World/cap_00-14-55_730c.jpg,Outlaw Star Ep 13: Advance Guard from Another World @ 00:14:55,https://animehistory.org/gallery/screencaps/outlaw-star/episode-13/,https://animehistory.org/gallery/screencaps/outlaw-star/episode-13/?page=3,3,2026-10-07T01:49:37.336742+00:00,37b154de9a4926605c422bce3caa25533b2198ea89c5e5468571afe12f01c611,,UNVERIFIED
EP-13,Advance Guard from Another World,00:14:58,898,851239,https://animehistory.org/uploads/screencaps/outlaw-star-E013-Advance-Guard-from-Another-World/cap_00-14-58_3589.jpg,Outlaw Star Ep 13: Advance Guard from Another World @ 00:14:58,https://animehistory.org/gallery/screencaps/outlaw-star/episode-13/,https://animehistory.org/gallery/screencaps/outlaw-star/episode-13/?page=3,3,2026-10-07T01:49:37.336742+00:00,37b154de9a4926605c422bce3caa25533b2198ea89c5e5468571afe12f01c611,,UNVERIFIED
EP-13,Advance Guard from Another World,00:15:02,902,851240,https://animehistory.org/uploads/screencaps/outlaw-star-E013-Advance-Guard-from-Another-World/cap_00-15-02_665b.jpg,Outlaw Star Ep 13: Advance Guard from Another World @ 00:15:02,https://animehistory.org/gallery/screencaps/outlaw-star/episode-13/,https://animehistory.org/gallery/screencaps/outlaw-star/episode-13/?page=3,3,2026-10-07T01:49:37.336742+00:00,37b154de9a4926605c422bce3caa25533b2198ea89c5e5468571afe12f01c611,,UNVERIFIED
EP-13,Advance Guard from Another World,00:15:06,906,851241,https://animehistory.org/uploads/screencaps/outlaw-star-E013-Advance-Guard-from-Another-World/cap_00-15-06_381b.jpg,Outlaw Star Ep 13: Advance Guard from Another World @ 00:15:06,https://animehistory.org/gallery/screencaps/outlaw-star/episode-13/,https://animehistory.org/gallery/screencaps/outlaw-star/episode-13/?page=3,3,2026-10-07T01:49:37.336742+00:00,37b154de9a4926605c422bce3caa25533b2198ea89c5e5468571afe12f01c611,,UNVERIFIED
EP-13,Advance Guard from Another World,00:15:09,909,851242,https://animehistory.org/uploads/screencaps/outlaw-star-E013-Advance-Guard-from-Another-World/cap_00-15-09_0be4.jpg,Outlaw Star Ep 13: Advance Guard from Another World @ 00:15:09,https://animehistory.org/gallery/screencaps/outlaw-star/episode-13/,https://animehistory.org/gallery/screencaps/outlaw-star/episode-13/?page=3,3,2026-10-07T01:49:37.336742+00:00,37b154de9a4926605c422bce3caa25533b2198ea89c5e5468571afe12f01c611,,UNVERIFIED
EP-13,Advance Guard from Another World,00:15:13,913,851243,https://animehistory.org/uploads/screencaps/outlaw-star-E013-Advance-Guard-from-Another-World/cap_00-15-13_4d26.jpg,Outlaw Star Ep 13: Advance Guard from Another World @ 00:15:13,https://animehistory.org/gallery/screencaps/outlaw-star/episode-13/,https://animehistory.org/gallery/screencaps/outlaw-star/episode-13/?page=3,3,2026-10-07T01:49:37.336742+00:00,37b154de9a4926605c422bce3caa25533b2198ea89c5e5468571afe12f01c611,,UNVERIFIED
EP-13,Advance Guard from Another World,00:15:17,917,851244,https://animehistory.org/uploads/screencaps/outlaw-star-E013-Advance-Guard-from-Another-World/cap_00-15-17_6d5d.jpg,Outlaw Star Ep 13: Advance Guard from Another World @ 00:15:17,https://animehistory.org/gallery/screencaps/outlaw-star/episode-13/,https://animehistory.org/gallery/screencaps/outlaw-star/episode-13/?page=3,3,2026-10-07T01:49:37.336742+00:00,37b154de9a4926605c422bce3caa25533b2198ea89c5e5468571afe12f01c611,,UNVERIFIED
EP-13,Advance Guard from Another World,00:15:20,920,851245,https://animehistory.org/uploads/screencaps/outlaw-star-E013-Advance-Guard-from-Another-World/cap_00-15-20_2250.jpg,Outlaw Star Ep 13: Advance Guard from Another World @ 00:15:20,https://animehistory.org/gallery/screencaps/outlaw-star/episode-13/,https://animehistory.org/gallery/screencaps/outlaw-star/episode-13/?page=3,3,2026-10-07T01:49:37.336742+00:00,37b154de9a4926605c422bce3caa25533b2198ea89c5e5468571afe12f01c611,,UNVERIFIED
EP-13,Advance Guard from Another World,00:15:24,924,851246,https://animehistory.org/uploads/screencaps/outlaw-star-E013-Advance-Guard-from-Another-World/cap_00-15-24_00fb.jpg,Outlaw Star Ep 13: Advance Guard from Another World @ 00:15:24,https://animehistory.org/gallery/screencaps/outlaw-star/episode-13/,https://animehistory.org/gallery/screencaps/outlaw-star/episode-13/?page=3,3,2026-10-07T01:49:37.336742+00:00,37b154de9a4926605c422bce3caa25533b2198ea89c5e5468571afe12f01c611,,UNVERIFIED
EP-13,Advance Guard from Another World,00:15:28,928,851247,https://animehistory.org/uploads/screencaps/outlaw-star-E013-Advance-Guard-from-Another-World/cap_00-15-28_52d3.jpg,Outlaw Star Ep 13: Advance Guard from Another World @ 00:15:28,https://animehistory.org/gallery/screencaps/outlaw-star/episode-13/,https://animehistory.org/gallery/screencaps/outlaw-star/episode-13/?page=3,3,2026-10-07T01:49:37.336742+00:00,37b154de9a4926605c422bce3caa25533b2198ea89c5e5468571afe12f01c611,,UNVERIFIED
EP-13,Advance Guard from Another World,00:15:31,931,851248,https://animehistory.org/uploads/screencaps/outlaw-star-E013-Advance-Guard-from-Another-World/cap_00-15-31_235a.jpg,Outlaw Star Ep 13: Advance Guard from Another World @ 00:15:31,https://animehistory.org/gallery/screencaps/outlaw-star/episode-13/,https://animehistory.org/gallery/screencaps/outlaw-star/episode-13/?page=3,3,2026-10-07T01:49:37.336742+00:00,37b154de9a4926605c422bce3caa25533b2198ea89c5e5468571afe12f01c611,,UNVERIFIED
EP-13,Advance Guard from Another World,00:15:35,935,851249,https://animehistory.org/uploads/screencaps/outlaw-star-E013-Advance-Guard-from-Another-World/cap_00-15-35_0727.jpg,Outlaw Star Ep 13: Advance Guard from Another World @ 00:15:35,https://animehistory.org/gallery/screencaps/outlaw-star/episode-13/,https://animehistory.org/gallery/screencaps/outlaw-star/episode-13/?page=3,3,2026-10-07T01:49:37.336742+00:00,37b154de9a4926605c422bce3caa25533b2198ea89c5e5468571afe12f01c611,,UNVERIFIED
EP-13,Advance Guard from Another World,00:15:39,939,851250,https://animehistory.org/uploads/screencaps/outlaw-star-E013-Advance-Guard-from-Another-World/cap_00-15-39_321e.jpg,Outlaw Star Ep 13: Advance Guard from Another World @ 00:15:39,https://animehistory.org/gallery/screencaps/outlaw-star/episode-13/,https://animehistory.org/gallery/screencaps/outlaw-star/episode-13/?page=3,3,2026-10-07T01:49:37.336742+00:00,37b154de9a4926605c422bce3caa25533b2198ea89c5e5468571afe12f01c611,,UNVERIFIED
EP-13,Advance Guard from Another World,00:15:42,942,851251,https://animehistory.org/uploads/screencaps/outlaw-star-E013-Advance-Guard-from-Another-World/cap_00-15-42_4a01.jpg,Outlaw Star Ep 13: Advance Guard from Another World @ 00:15:42,https://animehistory.org/gallery/screencaps/outlaw-star/episode-13/,https://animehistory.org/gallery/screencaps/outlaw-star/episode-13/?page=3,3,2026-10-07T01:49:37.336742+00:00,37b154de9a4926605c422bce3caa25533b2198ea89c5e5468571afe12f01c611,,UNVERIFIED
EP-13,Advance Guard from Another World,00:15:46,946,851252,https://animehistory.org/uploads/screencaps/outlaw-star-E013-Advance-Guard-from-Another-World/cap_00-15-46_5d69.jpg,Outlaw Star Ep 13: Advance Guard from Another World @ 00:15:46,https://animehistory.org/gallery/screencaps/outlaw-star/episode-13/,https://animehistory.org/gallery/screencaps/outlaw-star/episode-13/?page=3,3,2026-10-07T01:49:37.336742+00:00,37b154de9a4926605c422bce3caa25533b2198ea89c5e5468571afe12f01c611,,UNVERIFIED
EP-13,Advance Guard from Another World,00:15:49,949,851253,https://animehistory.org/uploads/screencaps/outlaw-star-E013-Advance-Guard-from-Another-World/cap_00-15-49_3391.jpg,Outlaw Star Ep 13: Advance Guard from Another World @ 00:15:49,https://animehistory.org/gallery/screencaps/outlaw-star/episode-13/,https://animehistory.org/gallery/screencaps/outlaw-star/episode-13/?page=3,3,2026-10-07T01:49:37.336742+00:00,37b154de9a4926605c422bce3caa25533b2198ea89c5e5468571afe12f01c611,,UNVERIFIED
EP-13,Advance Guard from Another World,00:15:53,953,851254,https://animehistory.org/uploads/screencaps/outlaw-star-E013-Advance-Guard-from-Another-World/cap_00-15-53_7dfc.jpg,Outlaw Star Ep 13: Advance Guard from Another World @ 00:15:53,https://animehistory.org/gallery/screencaps/outlaw-star/episode-13/,https://animehistory.org/gallery/screencaps/outlaw-star/episode-13/?page=3,3,2026-10-07T01:49:37.336742+00:00,37b154de9a4926605c422bce3caa25533b2198ea89c5e5468571afe12f01c611,,UNVERIFIED
EP-13,Advance Guard from Another World,00:15:57,957,851255,https://animehistory.org/uploads/screencaps/outlaw-star-E013-Advance-Guard-from-Another-World/cap_00-15-57_549c.jpg,Outlaw Star Ep 13: Advance Guard from Another World @ 00:15:57,https://animehistory.org/gallery/screencaps/outlaw-star/episode-13/,https://animehistory.org/gallery/screencaps/outlaw-star/episode-13/?page=3,3,2026-10-07T01:49:37.336742+00:00,37b154de9a4926605c422bce3caa25533b2198ea89c5e5468571afe12f01c611,,UNVERIFIED
EP-13,Advance Guard from Another World,00:16:00,960,851256,https://animehistory.org/uploads/screencaps/outlaw-star-E013-Advance-Guard-from-Another-World/cap_00-16-00_696d.jpg,Outlaw Star Ep 13: Advance Guard from Another World @ 00:16:00,https://animehistory.org/gallery/screencaps/outlaw-star/episode-13/,https://animehistory.org/gallery/screencaps/outlaw-star/episode-13/?page=3,3,2026-10-07T01:49:37.336742+00:00,37b154de9a4926605c422bce3caa25533b2198ea89c5e5468571afe12f01c611,,UNVERIFIED
EP-13,Advance Guard from Another World,00:16:04,964,851257,https://animehistory.org/uploads/screencaps/outlaw-star-E013-Advance-Guard-from-Another-World/cap_00-16-04_1dc1.jpg,Outlaw Star Ep 13: Advance Guard from Another World @ 00:16:04,https://animehistory.org/gallery/screencaps/outlaw-star/episode-13/,https://animehistory.org/gallery/screencaps/outlaw-star/episode-13/?page=3,3,2026-10-07T01:49:37.336742+00:00,37b154de9a4926605c422bce3caa25533b2198ea89c5e5468571afe12f01c611,,UNVERIFIED
EP-13,Advance Guard from Another World,00:16:08,968,851258,https://animehistory.org/uploads/screencaps/outlaw-star-E013-Advance-Guard-from-Another-World/cap_00-16-08_7b45.jpg,Outlaw Star Ep 13: Advance Guard from Another World @ 00:16:08,https://animehistory.org/gallery/screencaps/outlaw-star/episode-13/,https://animehistory.org/gallery/screencaps/outlaw-star/episode-13/?page=3,3,2026-10-07T01:49:37.336742+00:00,37b154de9a4926605c422bce3caa25533b2198ea89c5e5468571afe12f01c611,,UNVERIFIED
EP-13,Advance Guard from Another World,00:16:11,971,851259,https://animehistory.org/uploads/screencaps/outlaw-star-E013-Advance-Guard-from-Another-World/cap_00-16-11_0b8c.jpg,Outlaw Star Ep 13: Advance Guard from Another World @ 00:16:11,https://animehistory.org/gallery/screencaps/outlaw-star/episode-13/,https://animehistory.org/gallery/screencaps/outlaw-star/episode-13/?page=3,3,2026-10-07T01:49:37.336742+00:00,37b154de9a4926605c422bce3caa25533b2198ea89c5e5468571afe12f01c611,,UNVERIFIED
EP-13,Advance Guard from Another World,00:16:15,975,851260,https://animehistory.org/uploads/screencaps/outlaw-star-E013-Advance-Guard-from-Another-World/cap_00-16-15_45f5.jpg,Outlaw Star Ep 13: Advance Guard from Another World @ 00:16:15,https://animehistory.org/gallery/screencaps/outlaw-star/episode-13/,https://animehistory.org/gallery/screencaps/outlaw-star/episode-13/?page=3,3,2026-10-07T01:49:37.336742+00:00,37b154de9a4926605c422bce3caa25533b2198ea89c5e5468571afe12f01c611,,UNVERIFIED
EP-13,Advance Guard from Another World,00:16:19,979,851261,https://animehistory.org/uploads/screencaps/outlaw-star-E013-Advance-Guard-from-Another-World/cap_00-16-19_6372.jpg,Outlaw Star Ep 13: Advance Guard from Another World @ 00:16:19,https://animehistory.org/gallery/screencaps/outlaw-star/episode-13/,https://animehistory.org/gallery/screencaps/outlaw-star/episode-13/?page=3,3,2026-10-07T01:49:37.336742+00:00,37b154de9a4926605c422bce3caa25533b2198ea89c5e5468571afe12f01c611,,UNVERIFIED
EP-13,Advance Guard from Another World,00:16:22,982,851262,https://animehistory.org/uploads/screencaps/outlaw-star-E013-Advance-Guard-from-Another-World/cap_00-16-22_71b4.jpg,Outlaw Star Ep 13: Advance Guard from Another World @ 00:16:22,https://animehistory.org/gallery/screencaps/outlaw-star/episode-13/,https://animehistory.org/gallery/screencaps/outlaw-star/episode-13/?page=3,3,2026-10-07T01:49:37.336742+00:00,37b154de9a4926605c422bce3caa25533b2198ea89c5e5468571afe12f01c611,,UNVERIFIED
EP-13,Advance Guard from Another World,00:16:26,986,851263,https://animehistory.org/uploads/screencaps/outlaw-star-E013-Advance-Guard-from-Another-World/cap_00-16-26_5853.jpg,Outlaw Star Ep 13: Advance Guard from Another World @ 00:16:26,https://animehistory.org/gallery/screencaps/outlaw-star/episode-13/,https://animehistory.org/gallery/screencaps/outlaw-star/episode-13/?page=3,3,2026-10-07T01:49:37.336742+00:00,37b154de9a4926605c422bce3caa25533b2198ea89c5e5468571afe12f01c611,,UNVERIFIED
EP-13,Advance Guard from Another World,00:16:30,990,851264,https://animehistory.org/uploads/screencaps/outlaw-star-E013-Advance-Guard-from-Another-World/cap_00-16-30_6ab2.jpg,Outlaw Star Ep 13: Advance Guard from Another World @ 00:16:30,https://animehistory.org/gallery/screencaps/outlaw-star/episode-13/,https://animehistory.org/gallery/screencaps/outlaw-star/episode-13/?page=3,3,2026-10-07T01:49:37.336742+00:00,37b154de9a4926605c422bce3caa25533b2198ea89c5e5468571afe12f01c611,,UNVERIFIED
EP-13,Advance Guard from Another World,00:16:33,993,851265,https://animehistory.org/uploads/screencaps/outlaw-star-E013-Advance-Guard-from-Another-World/cap_00-16-33_0043.jpg,Outlaw Star Ep 13: Advance Guard from Another World @ 00:16:33,https://animehistory.org/gallery/screencaps/outlaw-star/episode-13/,https://animehistory.org/gallery/screencaps/outlaw-star/episode-13/?page=3,3,2026-10-07T01:49:37.336742+00:00,37b154de9a4926605c422bce3caa25533b2198ea89c5e5468571afe12f01c611,,UNVERIFIED
EP-13,Advance Guard from Another World,00:16:37,997,851266,https://animehistory.org/uploads/screencaps/outlaw-star-E013-Advance-Guard-from-Another-World/cap_00-16-37_3f83.jpg,Outlaw Star Ep 13: Advance Guard from Another World @ 00:16:37,https://animehistory.org/gallery/screencaps/outlaw-star/episode-13/,https://animehistory.org/gallery/screencaps/outlaw-star/episode-13/?page=3,3,2026-10-07T01:49:37.336742+00:00,37b154de9a4926605c422bce3caa25533b2198ea89c5e5468571afe12f01c611,,UNVERIFIED
EP-13,Advance Guard from Another World,00:16:41,1001,851267,https://animehistory.org/uploads/screencaps/outlaw-star-E013-Advance-Guard-from-Another-World/cap_00-16-41_5708.jpg,Outlaw Star Ep 13: Advance Guard from Another World @ 00:16:41,https://animehistory.org/gallery/screencaps/outlaw-star/episode-13/,https://animehistory.org/gallery/screencaps/outlaw-star/episode-13/?page=3,3,2026-10-07T01:49:37.336742+00:00,37b154de9a4926605c422bce3caa25533b2198ea89c5e5468571afe12f01c611,,UNVERIFIED
EP-13,Advance Guard from Another World,00:16:44,1004,851268,https://animehistory.org/uploads/screencaps/outlaw-star-E013-Advance-Guard-from-Another-World/cap_00-16-44_4bfb.jpg,Outlaw Star Ep 13: Advance Guard from Another World @ 00:16:44,https://animehistory.org/gallery/screencaps/outlaw-star/episode-13/,https://animehistory.org/gallery/screencaps/outlaw-star/episode-13/?page=3,3,2026-10-07T01:49:37.336742+00:00,37b154de9a4926605c422bce3caa25533b2198ea89c5e5468571afe12f01c611,,UNVERIFIED
EP-13,Advance Guard from Another World,00:16:48,1008,851269,https://animehistory.org/uploads/screencaps/outlaw-star-E013-Advance-Guard-from-Another-World/cap_00-16-48_2186.jpg,Outlaw Star Ep 13: Advance Guard from Another World @ 00:16:48,https://animehistory.org/gallery/screencaps/outlaw-star/episode-13/,https://animehistory.org/gallery/screencaps/outlaw-star/episode-13/?page=3,3,2026-10-07T01:49:37.336742+00:00,37b154de9a4926605c422bce3caa25533b2198ea89c5e5468571afe12f01c611,,UNVERIFIED
EP-13,Advance Guard from Another World,00:16:51,1011,851270,https://animehistory.org/uploads/screencaps/outlaw-star-E013-Advance-Guard-from-Another-World/cap_00-16-51_7e1d.jpg,Outlaw Star Ep 13: Advance Guard from Another World @ 00:16:51,https://animehistory.org/gallery/screencaps/outlaw-star/episode-13/,https://animehistory.org/gallery/screencaps/outlaw-star/episode-13/?page=3,3,2026-10-07T01:49:37.336742+00:00,37b154de9a4926605c422bce3caa25533b2198ea89c5e5468571afe12f01c611,,UNVERIFIED
EP-13,Advance Guard from Another World,00:16:55,1015,851271,https://animehistory.org/uploads/screencaps/outlaw-star-E013-Advance-Guard-from-Another-World/cap_00-16-55_6673.jpg,Outlaw Star Ep 13: Advance Guard from Another World @ 00:16:55,https://animehistory.org/gallery/screencaps/outlaw-star/episode-13/,https://animehistory.org/gallery/screencaps/outlaw-star/episode-13/?page=3,3,2026-10-07T01:49:37.336742+00:00,37b154de9a4926605c422bce3caa25533b2198ea89c5e5468571afe12f01c611,,UNVERIFIED
EP-13,Advance Guard from Another World,00:16:59,1019,851272,https://animehistory.org/uploads/screencaps/outlaw-star-E013-Advance-Guard-from-Another-World/cap_00-16-59_5c49.jpg,Outlaw Star Ep 13: Advance Guard from Another World @ 00:16:59,https://animehistory.org/gallery/screencaps/outlaw-star/episode-13/,https://animehistory.org/gallery/screencaps/outlaw-star/episode-13/?page=3,3,2026-10-07T01:49:37.336742+00:00,37b154de9a4926605c422bce3caa25533b2198ea89c5e5468571afe12f01c611,,UNVERIFIED
EP-13,Advance Guard from Another World,00:17:02,1022,851273,https://animehistory.org/uploads/screencaps/outlaw-star-E013-Advance-Guard-from-Another-World/cap_00-17-02_0b7c.jpg,Outlaw Star Ep 13: Advance Guard from Another World @ 00:17:02,https://animehistory.org/gallery/screencaps/outlaw-star/episode-13/,https://animehistory.org/gallery/screencaps/outlaw-star/episode-13/?page=3,3,2026-10-07T01:49:37.336742+00:00,37b154de9a4926605c422bce3caa25533b2198ea89c5e5468571afe12f01c611,,UNVERIFIED
EP-13,Advance Guard from Another World,00:17:06,1026,851274,https://animehistory.org/uploads/screencaps/outlaw-star-E013-Advance-Guard-from-Another-World/cap_00-17-06_0aee.jpg,Outlaw Star Ep 13: Advance Guard from Another World @ 00:17:06,https://animehistory.org/gallery/screencaps/outlaw-star/episode-13/,https://animehistory.org/gallery/screencaps/outlaw-star/episode-13/?page=3,3,2026-10-07T01:49:37.336742+00:00,37b154de9a4926605c422bce3caa25533b2198ea89c5e5468571afe12f01c611,,UNVERIFIED
EP-13,Advance Guard from Another World,00:17:10,1030,851275,https://animehistory.org/uploads/screencaps/outlaw-star-E013-Advance-Guard-from-Another-World/cap_00-17-10_7f07.jpg,Outlaw Star Ep 13: Advance Guard from Another World @ 00:17:10,https://animehistory.org/gallery/screencaps/outlaw-star/episode-13/,https://animehistory.org/gallery/screencaps/outlaw-star/episode-13/?page=3,3,2026-10-07T01:49:37.336742+00:00,37b154de9a4926605c422bce3caa25533b2198ea89c5e5468571afe12f01c611,,UNVERIFIED
EP-13,Advance Guard from Another World,00:17:13,1033,851276,https://animehistory.org/uploads/screencaps/outlaw-star-E013-Advance-Guard-from-Another-World/cap_00-17-13_6ad1.jpg,Outlaw Star Ep 13: Advance Guard from Another World @ 00:17:13,https://animehistory.org/gallery/screencaps/outlaw-star/episode-13/,https://animehistory.org/gallery/screencaps/outlaw-star/episode-13/?page=3,3,2026-10-07T01:49:37.336742+00:00,37b154de9a4926605c422bce3caa25533b2198ea89c5e5468571afe12f01c611,,UNVERIFIED
EP-13,Advance Guard from Another World,00:17:17,1037,851277,https://animehistory.org/uploads/screencaps/outlaw-star-E013-Advance-Guard-from-Another-World/cap_00-17-17_7240.jpg,Outlaw Star Ep 13: Advance Guard from Another World @ 00:17:17,https://animehistory.org/gallery/screencaps/outlaw-star/episode-13/,https://animehistory.org/gallery/screencaps/outlaw-star/episode-13/?page=3,3,2026-10-07T01:49:37.336742+00:00,37b154de9a4926605c422bce3caa25533b2198ea89c5e5468571afe12f01c611,,UNVERIFIED
EP-13,Advance Guard from Another World,00:17:21,1041,851278,https://animehistory.org/uploads/screencaps/outlaw-star-E013-Advance-Guard-from-Another-World/cap_00-17-21_1c65.jpg,Outlaw Star Ep 13: Advance Guard from Another World @ 00:17:21,https://animehistory.org/gallery/screencaps/outlaw-star/episode-13/,https://animehistory.org/gallery/screencaps/outlaw-star/episode-13/?page=3,3,2026-10-07T01:49:37.336742+00:00,37b154de9a4926605c422bce3caa25533b2198ea89c5e5468571afe12f01c611,,UNVERIFIED
EP-13,Advance Guard from Another World,00:17:24,1044,851279,https://animehistory.org/uploads/screencaps/outlaw-star-E013-Advance-Guard-from-Another-World/cap_00-17-24_777d.jpg,Outlaw Star Ep 13: Advance Guard from Another World @ 00:17:24,https://animehistory.org/gallery/screencaps/outlaw-star/episode-13/,https://animehistory.org/gallery/screencaps/outlaw-star/episode-13/?page=3,3,2026-10-07T01:49:37.336742+00:00,37b154de9a4926605c422bce3caa25533b2198ea89c5e5468571afe12f01c611,,UNVERIFIED
EP-13,Advance Guard from Another World,00:17:28,1048,851280,https://animehistory.org/uploads/screencaps/outlaw-star-E013-Advance-Guard-from-Another-World/cap_00-17-28_6bb9.jpg,Outlaw Star Ep 13: Advance Guard from Another World @ 00:17:28,https://animehistory.org/gallery/screencaps/outlaw-star/episode-13/,https://animehistory.org/gallery/screencaps/outlaw-star/episode-13/?page=3,3,2026-10-07T01:49:37.336742+00:00,37b154de9a4926605c422bce3caa25533b2198ea89c5e5468571afe12f01c611,,UNVERIFIED
EP-13,Advance Guard from Another World,00:17:32,1052,851281,https://animehistory.org/uploads/screencaps/outlaw-star-E013-Advance-Guard-from-Another-World/cap_00-17-32_5f68.jpg,Outlaw Star Ep 13: Advance Guard from Another World @ 00:17:32,https://animehistory.org/gallery/screencaps/outlaw-star/episode-13/,https://animehistory.org/gallery/screencaps/outlaw-star/episode-13/?page=3,3,2026-10-07T01:49:37.336742+00:00,37b154de9a4926605c422bce3caa25533b2198ea89c5e5468571afe12f01c611,,UNVERIFIED
EP-13,Advance Guard from Another World,00:17:35,1055,851282,https://animehistory.org/uploads/screencaps/outlaw-star-E013-Advance-Guard-from-Another-World/cap_00-17-35_7eac.jpg,Outlaw Star Ep 13: Advance Guard from Another World @ 00:17:35,https://animehistory.org/gallery/screencaps/outlaw-star/episode-13/,https://animehistory.org/gallery/screencaps/outlaw-star/episode-13/?page=3,3,2026-10-07T01:49:37.336742+00:00,37b154de9a4926605c422bce3caa25533b2198ea89c5e5468571afe12f01c611,,UNVERIFIED
EP-13,Advance Guard from Another World,00:17:39,1059,851283,https://animehistory.org/uploads/screencaps/outlaw-star-E013-Advance-Guard-from-Another-World/cap_00-17-39_3cc6.jpg,Outlaw Star Ep 13: Advance Guard from Another World @ 00:17:39,https://animehistory.org/gallery/screencaps/outlaw-star/episode-13/,https://animehistory.org/gallery/screencaps/outlaw-star/episode-13/?page=3,3,2026-10-07T01:49:37.336742+00:00,37b154de9a4926605c422bce3caa25533b2198ea89c5e5468571afe12f01c611,,UNVERIFIED
EP-13,Advance Guard from Another World,00:17:43,1063,851284,https://animehistory.org/uploads/screencaps/outlaw-star-E013-Advance-Guard-from-Another-World/cap_00-17-43_6130.jpg,Outlaw Star Ep 13: Advance Guard from Another World @ 00:17:43,https://animehistory.org/gallery/screencaps/outlaw-star/episode-13/,https://animehistory.org/gallery/screencaps/outlaw-star/episode-13/?page=3,3,2026-10-07T01:49:37.336742+00:00,37b154de9a4926605c422bce3caa25533b2198ea89c5e5468571afe12f01c611,,UNVERIFIED
EP-13,Advance Guard from Another World,00:17:46,1066,851285,https://animehistory.org/uploads/screencaps/outlaw-star-E013-Advance-Guard-from-Another-World/cap_00-17-46_1e31.jpg,Outlaw Star Ep 13: Advance Guard from Another World @ 00:17:46,https://animehistory.org/gallery/screencaps/outlaw-star/episode-13/,https://animehistory.org/gallery/screencaps/outlaw-star/episode-13/?page=3,3,2026-10-07T01:49:37.336742+00:00,37b154de9a4926605c422bce3caa25533b2198ea89c5e5468571afe12f01c611,,UNVERIFIED
EP-13,Advance Guard from Another World,00:17:50,1070,851286,https://animehistory.org/uploads/screencaps/outlaw-star-E013-Advance-Guard-from-Another-World/cap_00-17-50_00ea.jpg,Outlaw Star Ep 13: Advance Guard from Another World @ 00:17:50,https://animehistory.org/gallery/screencaps/outlaw-star/episode-13/,https://animehistory.org/gallery/screencaps/outlaw-star/episode-13/?page=3,3,2026-10-07T01:49:37.336742+00:00,37b154de9a4926605c422bce3caa25533b2198ea89c5e5468571afe12f01c611,,UNVERIFIED
EP-13,Advance Guard from Another World,00:17:53,1073,851287,https://animehistory.org/uploads/screencaps/outlaw-star-E013-Advance-Guard-from-Another-World/cap_00-17-53_5795.jpg,Outlaw Star Ep 13: Advance Guard from Another World @ 00:17:53,https://animehistory.org/gallery/screencaps/outlaw-star/episode-13/,https://animehistory.org/gallery/screencaps/outlaw-star/episode-13/?page=3,3,2026-10-07T01:49:37.336742+00:00,37b154de9a4926605c422bce3caa25533b2198ea89c5e5468571afe12f01c611,,UNVERIFIED
EP-13,Advance Guard from Another World,00:17:57,1077,851288,https://animehistory.org/uploads/screencaps/outlaw-star-E013-Advance-Guard-from-Another-World/cap_00-17-57_58f5.jpg,Outlaw Star Ep 13: Advance Guard from Another World @ 00:17:57,https://animehistory.org/gallery/screencaps/outlaw-star/episode-13/,https://animehistory.org/gallery/screencaps/outlaw-star/episode-13/?page=3,3,2026-10-07T01:49:37.336742+00:00,37b154de9a4926605c422bce3caa25533b2198ea89c5e5468571afe12f01c611,,UNVERIFIED
EP-13,Advance Guard from Another World,00:18:01,1081,851289,https://animehistory.org/uploads/screencaps/outlaw-star-E013-Advance-Guard-from-Another-World/cap_00-18-01_470a.jpg,Outlaw Star Ep 13: Advance Guard from Another World @ 00:18:01,https://animehistory.org/gallery/screencaps/outlaw-star/episode-13/,https://animehistory.org/gallery/screencaps/outlaw-star/episode-13/?page=3,3,2026-10-07T01:49:37.336742+00:00,37b154de9a4926605c422bce3caa25533b2198ea89c5e5468571afe12f01c611,,UNVERIFIED
EP-13,Advance Guard from Another World,00:18:04,1084,851290,https://animehistory.org/uploads/screencaps/outlaw-star-E013-Advance-Guard-from-Another-World/cap_00-18-04_69b2.jpg,Outlaw Star Ep 13: Advance Guard from Another World @ 00:18:04,https://animehistory.org/gallery/screencaps/outlaw-star/episode-13/,https://animehistory.org/gallery/screencaps/outlaw-star/episode-13/?page=3,3,2026-10-07T01:49:37.336742+00:00,37b154de9a4926605c422bce3caa25533b2198ea89c5e5468571afe12f01c611,,UNVERIFIED
EP-13,Advance Guard from Another World,00:18:08,1088,851291,https://animehistory.org/uploads/screencaps/outlaw-star-E013-Advance-Guard-from-Another-World/cap_00-18-08_3959.jpg,Outlaw Star Ep 13: Advance Guard from Another World @ 00:18:08,https://animehistory.org/gallery/screencaps/outlaw-star/episode-13/,https://animehistory.org/gallery/screencaps/outlaw-star/episode-13/?page=3,3,2026-10-07T01:49:37.336742+00:00,37b154de9a4926605c422bce3caa25533b2198ea89c5e5468571afe12f01c611,,UNVERIFIED
EP-13,Advance Guard from Another World,00:18:12,1092,851292,https://animehistory.org/uploads/screencaps/outlaw-star-E013-Advance-Guard-from-Another-World/cap_00-18-12_5083.jpg,Outlaw Star Ep 13: Advance Guard from Another World @ 00:18:12,https://animehistory.org/gallery/screencaps/outlaw-star/episode-13/,https://animehistory.org/gallery/screencaps/outlaw-star/episode-13/?page=3,3,2026-10-07T01:49:37.336742+00:00,37b154de9a4926605c422bce3caa25533b2198ea89c5e5468571afe12f01c611,,UNVERIFIED
EP-13,Advance Guard from Another World,00:18:15,1095,851293,https://animehistory.org/uploads/screencaps/outlaw-star-E013-Advance-Guard-from-Another-World/cap_00-18-15_00d9.jpg,Outlaw Star Ep 13: Advance Guard from Another World @ 00:18:15,https://animehistory.org/gallery/screencaps/outlaw-star/episode-13/,https://animehistory.org/gallery/screencaps/outlaw-star/episode-13/?page=3,3,2026-10-07T01:49:37.336742+00:00,37b154de9a4926605c422bce3caa25533b2198ea89c5e5468571afe12f01c611,,UNVERIFIED
EP-13,Advance Guard from Another World,00:18:19,1099,851294,https://animehistory.org/uploads/screencaps/outlaw-star-E013-Advance-Guard-from-Another-World/cap_00-18-19_174b.jpg,Outlaw Star Ep 13: Advance Guard from Another World @ 00:18:19,https://animehistory.org/gallery/screencaps/outlaw-star/episode-13/,https://animehistory.org/gallery/screencaps/outlaw-star/episode-13/?page=3,3,2026-10-07T01:49:37.336742+00:00,37b154de9a4926605c422bce3caa25533b2198ea89c5e5468571afe12f01c611,,UNVERIFIED
EP-13,Advance Guard from Another World,00:18:23,1103,851295,https://animehistory.org/uploads/screencaps/outlaw-star-E013-Advance-Guard-from-Another-World/cap_00-18-23_66d6.jpg,Outlaw Star Ep 13: Advance Guard from Another World @ 00:18:23,https://animehistory.org/gallery/screencaps/outlaw-star/episode-13/,https://animehistory.org/gallery/screencaps/outlaw-star/episode-13/?page=3,3,2026-10-07T01:49:37.336742+00:00,37b154de9a4926605c422bce3caa25533b2198ea89c5e5468571afe12f01c611,,UNVERIFIED
EP-13,Advance Guard from Another World,00:18:26,1106,851296,https://animehistory.org/uploads/screencaps/outlaw-star-E013-Advance-Guard-from-Another-World/cap_00-18-26_4857.jpg,Outlaw Star Ep 13: Advance Guard from Another World @ 00:18:26,https://animehistory.org/gallery/screencaps/outlaw-star/episode-13/,https://animehistory.org/gallery/screencaps/outlaw-star/episode-13/?page=3,3,2026-10-07T01:49:37.336742+00:00,37b154de9a4926605c422bce3caa25533b2198ea89c5e5468571afe12f01c611,,UNVERIFIED
EP-13,Advance Guard from Another World,00:18:30,1110,851297,https://animehistory.org/uploads/screencaps/outlaw-star-E013-Advance-Guard-from-Another-World/cap_00-18-30_654b.jpg,Outlaw Star Ep 13: Advance Guard from Another World @ 00:18:30,https://animehistory.org/gallery/screencaps/outlaw-star/episode-13/,https://animehistory.org/gallery/screencaps/outlaw-star/episode-13/?page=3,3,2026-10-07T01:49:37.336742+00:00,37b154de9a4926605c422bce3caa25533b2198ea89c5e5468571afe12f01c611,,UNVERIFIED
EP-13,Advance Guard from Another World,00:18:34,1114,851298,https://animehistory.org/uploads/screencaps/outlaw-star-E013-Advance-Guard-from-Another-World/cap_00-18-34_4ac1.jpg,Outlaw Star Ep 13: Advance Guard from Another World @ 00:18:34,https://animehistory.org/gallery/screencaps/outlaw-star/episode-13/,https://animehistory.org/gallery/screencaps/outlaw-star/episode-13/?page=3,3,2026-10-07T01:49:37.336742+00:00,37b154de9a4926605c422bce3caa25533b2198ea89c5e5468571afe12f01c611,,UNVERIFIED
EP-13,Advance Guard from Another World,00:18:37,1117,851299,https://animehistory.org/uploads/screencaps/outlaw-star-E013-Advance-Guard-from-Another-World/cap_00-18-37_37fa.jpg,Outlaw Star Ep 13: Advance Guard from Another World @ 00:18:37,https://animehistory.org/gallery/screencaps/outlaw-star/episode-13/,https://animehistory.org/gallery/screencaps/outlaw-star/episode-13/?page=3,3,2026-10-07T01:49:37.336742+00:00,37b154de9a4926605c422bce3caa25533b2198ea89c5e5468571afe12f01c611,,UNVERIFIED
EP-13,Advance Guard from Another World,00:18:41,1121,851300,https://animehistory.org/uploads/screencaps/outlaw-star-E013-Advance-Guard-from-Another-World/cap_00-18-41_3706.jpg,Outlaw Star Ep 13: Advance Guard from Another World @ 00:18:41,https://animehistory.org/gallery/screencaps/outlaw-star/episode-13/,https://animehistory.org/gallery/screencaps/outlaw-star/episode-13/?page=3,3,2026-10-07T01:49:37.336742+00:00,37b154de9a4926605c422bce3caa25533b2198ea89c5e5468571afe12f01c611,,UNVERIFIED
EP-13,Advance Guard from Another World,00:18:45,1125,851301,https://animehistory.org/uploads/screencaps/outlaw-star-E013-Advance-Guard-from-Another-World/cap_00-18-45_7924.jpg,Outlaw Star Ep 13: Advance Guard from Another World @ 00:18:45,https://animehistory.org/gallery/screencaps/outlaw-star/episode-13/,https://animehistory.org/gallery/screencaps/outlaw-star/episode-13/?page=3,3,2026-10-07T01:49:37.336742+00:00,37b154de9a4926605c422bce3caa25533b2198ea89c5e5468571afe12f01c611,,UNVERIFIED
EP-13,Advance Guard from Another World,00:18:48,1128,851302,https://animehistory.org/uploads/screencaps/outlaw-star-E013-Advance-Guard-from-Another-World/cap_00-18-48_0519.jpg,Outlaw Star Ep 13: Advance Guard from Another World @ 00:18:48,https://animehistory.org/gallery/screencaps/outlaw-star/episode-13/,https://animehistory.org/gallery/screencaps/outlaw-star/episode-13/?page=3,3,2026-10-07T01:49:37.336742+00:00,37b154de9a4926605c422bce3caa25533b2198ea89c5e5468571afe12f01c611,,UNVERIFIED
EP-13,Advance Guard from Another World,00:18:52,1132,851303,https://animehistory.org/uploads/screencaps/outlaw-star-E013-Advance-Guard-from-Another-World/cap_00-18-52_1f5b.jpg,Outlaw Star Ep 13: Advance Guard from Another World @ 00:18:52,https://animehistory.org/gallery/screencaps/outlaw-star/episode-13/,https://animehistory.org/gallery/screencaps/outlaw-star/episode-13/?page=3,3,2026-10-07T01:49:37.336742+00:00,37b154de9a4926605c422bce3caa25533b2198ea89c5e5468571afe12f01c611,,UNVERIFIED
EP-13,Advance Guard from Another World,00:18:55,1135,851304,https://animehistory.org/uploads/screencaps/outlaw-star-E013-Advance-Guard-from-Another-World/cap_00-18-55_5e2a.jpg,Outlaw Star Ep 13: Advance Guard from Another World @ 00:18:55,https://animehistory.org/gallery/screencaps/outlaw-star/episode-13/,https://animehistory.org/gallery/screencaps/outlaw-star/episode-13/?page=3,3,2026-10-07T01:49:37.336742+00:00,37b154de9a4926605c422bce3caa25533b2198ea89c5e5468571afe12f01c611,,UNVERIFIED
EP-13,Advance Guard from Another World,00:18:59,1139,851305,https://animehistory.org/uploads/screencaps/outlaw-star-E013-Advance-Guard-from-Another-World/cap_00-18-59_1531.jpg,Outlaw Star Ep 13: Advance Guard from Another World @ 00:18:59,https://animehistory.org/gallery/screencaps/outlaw-star/episode-13/,https://animehistory.org/gallery/screencaps/outlaw-star/episode-13/?page=3,3,2026-10-07T01:49:37.336742+00:00,37b154de9a4926605c422bce3caa25533b2198ea89c5e5468571afe12f01c611,,UNVERIFIED
EP-13,Advance Guard from Another World,00:19:03,1143,851306,https://animehistory.org/uploads/screencaps/outlaw-star-E013-Advance-Guard-from-Another-World/cap_00-19-03_3908.jpg,Outlaw Star Ep 13: Advance Guard from Another World @ 00:19:03,https://animehistory.org/gallery/screencaps/outlaw-star/episode-13/,https://animehistory.org/gallery/screencaps/outlaw-star/episode-13/?page=3,3,2026-10-07T01:49:37.336742+00:00,37b154de9a4926605c422bce3caa25533b2198ea89c5e5468571afe12f01c611,,UNVERIFIED
EP-13,Advance Guard from Another World,00:19:06,1146,851307,https://animehistory.org/uploads/screencaps/outlaw-star-E013-Advance-Guard-from-Another-World/cap_00-19-06_4e3e.jpg,Outlaw Star Ep 13: Advance Guard from Another World @ 00:19:06,https://animehistory.org/gallery/screencaps/outlaw-star/episode-13/,https://animehistory.org/gallery/screencaps/outlaw-star/episode-13/?page=3,3,2026-10-07T01:49:37.336742+00:00,37b154de9a4926605c422bce3caa25533b2198ea89c5e5468571afe12f01c611,,UNVERIFIED
EP-13,Advance Guard from Another World,00:19:10,1150,851308,https://animehistory.org/uploads/screencaps/outlaw-star-E013-Advance-Guard-from-Another-World/cap_00-19-10_41c7.jpg,Outlaw Star Ep 13: Advance Guard from Another World @ 00:19:10,https://animehistory.org/gallery/screencaps/outlaw-star/episode-13/,https://animehistory.org/gallery/screencaps/outlaw-star/episode-13/?page=3,3,2026-10-07T01:49:37.336742+00:00,37b154de9a4926605c422bce3caa25533b2198ea89c5e5468571afe12f01c611,,UNVERIFIED
EP-13,Advance Guard from Another World,00:19:14,1154,851309,https://animehistory.org/uploads/screencaps/outlaw-star-E013-Advance-Guard-from-Another-World/cap_00-19-14_59eb.jpg,Outlaw Star Ep 13: Advance Guard from Another World @ 00:19:14,https://animehistory.org/gallery/screencaps/outlaw-star/episode-13/,https://animehistory.org/gallery/screencaps/outlaw-star/episode-13/?page=3,3,2026-10-07T01:49:37.336742+00:00,37b154de9a4926605c422bce3caa25533b2198ea89c5e5468571afe12f01c611,,UNVERIFIED
EP-13,Advance Guard from Another World,00:19:17,1157,851310,https://animehistory.org/uploads/screencaps/outlaw-star-E013-Advance-Guard-from-Another-World/cap_00-19-17_225d.jpg,Outlaw Star Ep 13: Advance Guard from Another World @ 00:19:17,https://animehistory.org/gallery/screencaps/outlaw-star/episode-13/,https://animehistory.org/gallery/screencaps/outlaw-star/episode-13/?page=3,3,2026-10-07T01:49:37.336742+00:00,37b154de9a4926605c422bce3caa25533b2198ea89c5e5468571afe12f01c611,,UNVERIFIED
EP-13,Advance Guard from Another World,00:19:21,1161,851311,https://animehistory.org/uploads/screencaps/outlaw-star-E013-Advance-Guard-from-Another-World/cap_00-19-21_419c.jpg,Outlaw Star Ep 13: Advance Guard from Another World @ 00:19:21,https://animehistory.org/gallery/screencaps/outlaw-star/episode-13/,https://animehistory.org/gallery/screencaps/outlaw-star/episode-13/?page=3,3,2026-10-07T01:49:37.336742+00:00,37b154de9a4926605c422bce3caa25533b2198ea89c5e5468571afe12f01c611,,UNVERIFIED
EP-13,Advance Guard from Another World,00:19:25,1165,851312,https://animehistory.org/uploads/screencaps/outlaw-star-E013-Advance-Guard-from-Another-World/cap_00-19-25_7795.jpg,Outlaw Star Ep 13: Advance Guard from Another World @ 00:19:25,https://animehistory.org/gallery/screencaps/outlaw-star/episode-13/,https://animehistory.org/gallery/screencaps/outlaw-star/episode-13/?page=3,3,2026-10-07T01:49:37.336742+00:00,37b154de9a4926605c422bce3caa25533b2198ea89c5e5468571afe12f01c611,,UNVERIFIED
EP-13,Advance Guard from Another World,00:19:28,1168,851313,https://animehistory.org/uploads/screencaps/outlaw-star-E013-Advance-Guard-from-Another-World/cap_00-19-28_3f9b.jpg,Outlaw Star Ep 13: Advance Guard from Another World @ 00:19:28,https://animehistory.org/gallery/screencaps/outlaw-star/episode-13/,https://animehistory.org/gallery/screencaps/outlaw-star/episode-13/?page=3,3,2026-10-07T01:49:37.336742+00:00,37b154de9a4926605c422bce3caa25533b2198ea89c5e5468571afe12f01c611,,UNVERIFIED
EP-13,Advance Guard from Another World,00:19:32,1172,851314,https://animehistory.org/uploads/screencaps/outlaw-star-E013-Advance-Guard-from-Another-World/cap_00-19-32_352c.jpg,Outlaw Star Ep 13: Advance Guard from Another World @ 00:19:32,https://animehistory.org/gallery/screencaps/outlaw-star/episode-13/,https://animehistory.org/gallery/screencaps/outlaw-star/episode-13/?page=3,3,2026-10-07T01:49:37.336742+00:00,37b154de9a4926605c422bce3caa25533b2198ea89c5e5468571afe12f01c611,,UNVERIFIED
EP-13,Advance Guard from Another World,00:19:36,1176,851315,https://animehistory.org/uploads/screencaps/outlaw-star-E013-Advance-Guard-from-Another-World/cap_00-19-36_130d.jpg,Outlaw Star Ep 13: Advance Guard from Another World @ 00:19:36,https://animehistory.org/gallery/screencaps/outlaw-star/episode-13/,https://animehistory.org/gallery/screencaps/outlaw-star/episode-13/?page=3,3,2026-10-07T01:49:37.336742+00:00,37b154de9a4926605c422bce3caa25533b2198ea89c5e5468571afe12f01c611,,UNVERIFIED
EP-13,Advance Guard from Another World,00:19:39,1179,851316,https://animehistory.org/uploads/screencaps/outlaw-star-E013-Advance-Guard-from-Another-World/cap_00-19-39_6c10.jpg,Outlaw Star Ep 13: Advance Guard from Another World @ 00:19:39,https://animehistory.org/gallery/screencaps/outlaw-star/episode-13/,https://animehistory.org/gallery/screencaps/outlaw-star/episode-13/?page=3,3,2026-10-07T01:49:37.336742+00:00,37b154de9a4926605c422bce3caa25533b2198ea89c5e5468571afe12f01c611,,UNVERIFIED
EP-13,Advance Guard from Another World,00:19:43,1183,851317,https://animehistory.org/uploads/screencaps/outlaw-star-E013-Advance-Guard-from-Another-World/cap_00-19-43_53d8.jpg,Outlaw Star Ep 13: Advance Guard from Another World @ 00:19:43,https://animehistory.org/gallery/screencaps/outlaw-star/episode-13/,https://animehistory.org/gallery/screencaps/outlaw-star/episode-13/?page=3,3,2026-10-07T01:49:37.336742+00:00,37b154de9a4926605c422bce3caa25533b2198ea89c5e5468571afe12f01c611,,UNVERIFIED
EP-13,Advance Guard from Another World,00:19:47,1187,851318,https://animehistory.org/uploads/screencaps/outlaw-star-E013-Advance-Guard-from-Another-World/cap_00-19-47_2a24.jpg,Outlaw Star Ep 13: Advance Guard from Another World @ 00:19:47,https://animehistory.org/gallery/screencaps/outlaw-star/episode-13/,https://animehistory.org/gallery/screencaps/outlaw-star/episode-13/?page=3,3,2026-10-07T01:49:37.336742+00:00,37b154de9a4926605c422bce3caa25533b2198ea89c5e5468571afe12f01c611,,UNVERIFIED
EP-13,Advance Guard from Another World,00:19:50,1190,851319,https://animehistory.org/uploads/screencaps/outlaw-star-E013-Advance-Guard-from-Another-World/cap_00-19-50_12f0.jpg,Outlaw Star Ep 13: Advance Guard from Another World @ 00:19:50,https://animehistory.org/gallery/screencaps/outlaw-star/episode-13/,https://animehistory.org/gallery/screencaps/outlaw-star/episode-13/?page=3,3,2026-10-07T01:49:37.336742+00:00,37b154de9a4926605c422bce3caa25533b2198ea89c5e5468571afe12f01c611,,UNVERIFIED
EP-13,Advance Guard from Another World,00:19:54,1194,851320,https://animehistory.org/uploads/screencaps/outlaw-star-E013-Advance-Guard-from-Another-World/cap_00-19-54_6c92.jpg,Outlaw Star Ep 13: Advance Guard from Another World @ 00:19:54,https://animehistory.org/gallery/screencaps/outlaw-star/episode-13/,https://animehistory.org/gallery/screencaps/outlaw-star/episode-13/?page=3,3,2026-10-07T01:49:37.336742+00:00,37b154de9a4926605c422bce3caa25533b2198ea89c5e5468571afe12f01c611,,UNVERIFIED
EP-13,Advance Guard from Another World,00:19:58,1198,851321,https://animehistory.org/uploads/screencaps/outlaw-star-E013-Advance-Guard-from-Another-World/cap_00-19-58_6f8e.jpg,Outlaw Star Ep 13: Advance Guard from Another World @ 00:19:58,https://animehistory.org/gallery/screencaps/outlaw-star/episode-13/,https://animehistory.org/gallery/screencaps/outlaw-star/episode-13/?page=4,4,2026-10-07T01:49:38.606646+00:00,431f8b8ce9cbecdc424a1b629a8757a3f4c609af406d16e0d99eca60008191f0,,UNVERIFIED
EP-13,Advance Guard from Another World,00:20:01,1201,851322,https://animehistory.org/uploads/screencaps/outlaw-star-E013-Advance-Guard-from-Another-World/cap_00-20-01_3232.jpg,Outlaw Star Ep 13: Advance Guard from Another World @ 00:20:01,https://animehistory.org/gallery/screencaps/outlaw-star/episode-13/,https://animehistory.org/gallery/screencaps/outlaw-star/episode-13/?page=4,4,2026-10-07T01:49:38.606646+00:00,431f8b8ce9cbecdc424a1b629a8757a3f4c609af406d16e0d99eca60008191f0,,UNVERIFIED
EP-13,Advance Guard from Another World,00:20:05,1205,851323,https://animehistory.org/uploads/screencaps/outlaw-star-E013-Advance-Guard-from-Another-World/cap_00-20-05_1399.jpg,Outlaw Star Ep 13: Advance Guard from Another World @ 00:20:05,https://animehistory.org/gallery/screencaps/outlaw-star/episode-13/,https://animehistory.org/gallery/screencaps/outlaw-star/episode-13/?page=4,4,2026-10-07T01:49:38.606646+00:00,431f8b8ce9cbecdc424a1b629a8757a3f4c609af406d16e0d99eca60008191f0,,UNVERIFIED
EP-13,Advance Guard from Another World,00:20:08,1208,851324,https://animehistory.org/uploads/screencaps/outlaw-star-E013-Advance-Guard-from-Another-World/cap_00-20-08_64c5.jpg,Outlaw Star Ep 13: Advance Guard from Another World @ 00:20:08,https://animehistory.org/gallery/screencaps/outlaw-star/episode-13/,https://animehistory.org/gallery/screencaps/outlaw-star/episode-13/?page=4,4,2026-10-07T01:49:38.606646+00:00,431f8b8ce9cbecdc424a1b629a8757a3f4c609af406d16e0d99eca60008191f0,,UNVERIFIED
EP-13,Advance Guard from Another World,00:20:12,1212,851325,https://animehistory.org/uploads/screencaps/outlaw-star-E013-Advance-Guard-from-Another-World/cap_00-20-12_1de2.jpg,Outlaw Star Ep 13: Advance Guard from Another World @ 00:20:12,https://animehistory.org/gallery/screencaps/outlaw-star/episode-13/,https://animehistory.org/gallery/screencaps/outlaw-star/episode-13/?page=4,4,2026-10-07T01:49:38.606646+00:00,431f8b8ce9cbecdc424a1b629a8757a3f4c609af406d16e0d99eca60008191f0,,UNVERIFIED
EP-13,Advance Guard from Another World,00:20:16,1216,851326,https://animehistory.org/uploads/screencaps/outlaw-star-E013-Advance-Guard-from-Another-World/cap_00-20-16_5443.jpg,Outlaw Star Ep 13: Advance Guard from Another World @ 00:20:16,https://animehistory.org/gallery/screencaps/outlaw-star/episode-13/,https://animehistory.org/gallery/screencaps/outlaw-star/episode-13/?page=4,4,2026-10-07T01:49:38.606646+00:00,431f8b8ce9cbecdc424a1b629a8757a3f4c609af406d16e0d99eca60008191f0,,UNVERIFIED
EP-13,Advance Guard from Another World,00:20:19,1219,851327,https://animehistory.org/uploads/screencaps/outlaw-star-E013-Advance-Guard-from-Another-World/cap_00-20-19_1b95.jpg,Outlaw Star Ep 13: Advance Guard from Another World @ 00:20:19,https://animehistory.org/gallery/screencaps/outlaw-star/episode-13/,https://animehistory.org/gallery/screencaps/outlaw-star/episode-13/?page=4,4,2026-10-07T01:49:38.606646+00:00,431f8b8ce9cbecdc424a1b629a8757a3f4c609af406d16e0d99eca60008191f0,,UNVERIFIED
EP-13,Advance Guard from Another World,00:20:23,1223,851328,https://animehistory.org/uploads/screencaps/outlaw-star-E013-Advance-Guard-from-Another-World/cap_00-20-23_074c.jpg,Outlaw Star Ep 13: Advance Guard from Another World @ 00:20:23,https://animehistory.org/gallery/screencaps/outlaw-star/episode-13/,https://animehistory.org/gallery/screencaps/outlaw-star/episode-13/?page=4,4,2026-10-07T01:49:38.606646+00:00,431f8b8ce9cbecdc424a1b629a8757a3f4c609af406d16e0d99eca60008191f0,,UNVERIFIED
EP-13,Advance Guard from Another World,00:20:27,1227,851329,https://animehistory.org/uploads/screencaps/outlaw-star-E013-Advance-Guard-from-Another-World/cap_00-20-27_5ef3.jpg,Outlaw Star Ep 13: Advance Guard from Another World @ 00:20:27,https://animehistory.org/gallery/screencaps/outlaw-star/episode-13/,https://animehistory.org/gallery/screencaps/outlaw-star/episode-13/?page=4,4,2026-10-07T01:49:38.606646+00:00,431f8b8ce9cbecdc424a1b629a8757a3f4c609af406d16e0d99eca60008191f0,,UNVERIFIED
EP-13,Advance Guard from Another World,00:20:30,1230,851330,https://animehistory.org/uploads/screencaps/outlaw-star-E013-Advance-Guard-from-Another-World/cap_00-20-30_5a38.jpg,Outlaw Star Ep 13: Advance Guard from Another World @ 00:20:30,https://animehistory.org/gallery/screencaps/outlaw-star/episode-13/,https://animehistory.org/gallery/screencaps/outlaw-star/episode-13/?page=4,4,2026-10-07T01:49:38.606646+00:00,431f8b8ce9cbecdc424a1b629a8757a3f4c609af406d16e0d99eca60008191f0,,UNVERIFIED
EP-13,Advance Guard from Another World,00:20:34,1234,851331,https://animehistory.org/uploads/screencaps/outlaw-star-E013-Advance-Guard-from-Another-World/cap_00-20-34_7a6c.jpg,Outlaw Star Ep 13: Advance Guard from Another World @ 00:20:34,https://animehistory.org/gallery/screencaps/outlaw-star/episode-13/,https://animehistory.org/gallery/screencaps/outlaw-star/episode-13/?page=4,4,2026-10-07T01:49:38.606646+00:00,431f8b8ce9cbecdc424a1b629a8757a3f4c609af406d16e0d99eca60008191f0,,UNVERIFIED
EP-13,Advance Guard from Another World,00:20:38,1238,851332,https://animehistory.org/uploads/screencaps/outlaw-star-E013-Advance-Guard-from-Another-World/cap_00-20-38_0229.jpg,Outlaw Star Ep 13: Advance Guard from Another World @ 00:20:38,https://animehistory.org/gallery/screencaps/outlaw-star/episode-13/,https://animehistory.org/gallery/screencaps/outlaw-star/episode-13/?page=4,4,2026-10-07T01:49:38.606646+00:00,431f8b8ce9cbecdc424a1b629a8757a3f4c609af406d16e0d99eca60008191f0,,UNVERIFIED
EP-13,Advance Guard from Another World,00:20:41,1241,851333,https://animehistory.org/uploads/screencaps/outlaw-star-E013-Advance-Guard-from-Another-World/cap_00-20-41_7d79.jpg,Outlaw Star Ep 13: Advance Guard from Another World @ 00:20:41,https://animehistory.org/gallery/screencaps/outlaw-star/episode-13/,https://animehistory.org/gallery/screencaps/outlaw-star/episode-13/?page=4,4,2026-10-07T01:49:38.606646+00:00,431f8b8ce9cbecdc424a1b629a8757a3f4c609af406d16e0d99eca60008191f0,,UNVERIFIED
EP-13,Advance Guard from Another World,00:20:45,1245,851334,https://animehistory.org/uploads/screencaps/outlaw-star-E013-Advance-Guard-from-Another-World/cap_00-20-45_6bd7.jpg,Outlaw Star Ep 13: Advance Guard from Another World @ 00:20:45,https://animehistory.org/gallery/screencaps/outlaw-star/episode-13/,https://animehistory.org/gallery/screencaps/outlaw-star/episode-13/?page=4,4,2026-10-07T01:49:38.606646+00:00,431f8b8ce9cbecdc424a1b629a8757a3f4c609af406d16e0d99eca60008191f0,,UNVERIFIED
EP-13,Advance Guard from Another World,00:20:49,1249,851335,https://animehistory.org/uploads/screencaps/outlaw-star-E013-Advance-Guard-from-Another-World/cap_00-20-49_222b.jpg,Outlaw Star Ep 13: Advance Guard from Another World @ 00:20:49,https://animehistory.org/gallery/screencaps/outlaw-star/episode-13/,https://animehistory.org/gallery/screencaps/outlaw-star/episode-13/?page=4,4,2026-10-07T01:49:38.606646+00:00,431f8b8ce9cbecdc424a1b629a8757a3f4c609af406d16e0d99eca60008191f0,,UNVERIFIED
EP-13,Advance Guard from Another World,00:20:52,1252,851336,https://animehistory.org/uploads/screencaps/outlaw-star-E013-Advance-Guard-from-Another-World/cap_00-20-52_5133.jpg,Outlaw Star Ep 13: Advance Guard from Another World @ 00:20:52,https://animehistory.org/gallery/screencaps/outlaw-star/episode-13/,https://animehistory.org/gallery/screencaps/outlaw-star/episode-13/?page=4,4,2026-10-07T01:49:38.606646+00:00,431f8b8ce9cbecdc424a1b629a8757a3f4c609af406d16e0d99eca60008191f0,,UNVERIFIED
EP-13,Advance Guard from Another World,00:20:56,1256,851337,https://animehistory.org/uploads/screencaps/outlaw-star-E013-Advance-Guard-from-Another-World/cap_00-20-56_4539.jpg,Outlaw Star Ep 13: Advance Guard from Another World @ 00:20:56,https://animehistory.org/gallery/screencaps/outlaw-star/episode-13/,https://animehistory.org/gallery/screencaps/outlaw-star/episode-13/?page=4,4,2026-10-07T01:49:38.606646+00:00,431f8b8ce9cbecdc424a1b629a8757a3f4c609af406d16e0d99eca60008191f0,,UNVERIFIED
EP-13,Advance Guard from Another World,00:21:00,1260,851338,https://animehistory.org/uploads/screencaps/outlaw-star-E013-Advance-Guard-from-Another-World/cap_00-21-00_29c3.jpg,Outlaw Star Ep 13: Advance Guard from Another World @ 00:21:00,https://animehistory.org/gallery/screencaps/outlaw-star/episode-13/,https://animehistory.org/gallery/screencaps/outlaw-star/episode-13/?page=4,4,2026-10-07T01:49:38.606646+00:00,431f8b8ce9cbecdc424a1b629a8757a3f4c609af406d16e0d99eca60008191f0,,UNVERIFIED
EP-13,Advance Guard from Another World,00:21:03,1263,851339,https://animehistory.org/uploads/screencaps/outlaw-star-E013-Advance-Guard-from-Another-World/cap_00-21-03_56b1.jpg,Outlaw Star Ep 13: Advance Guard from Another World @ 00:21:03,https://animehistory.org/gallery/screencaps/outlaw-star/episode-13/,https://animehistory.org/gallery/screencaps/outlaw-star/episode-13/?page=4,4,2026-10-07T01:49:38.606646+00:00,431f8b8ce9cbecdc424a1b629a8757a3f4c609af406d16e0d99eca60008191f0,,UNVERIFIED
EP-13,Advance Guard from Another World,00:21:07,1267,851340,https://animehistory.org/uploads/screencaps/outlaw-star-E013-Advance-Guard-from-Another-World/cap_00-21-07_1d90.jpg,Outlaw Star Ep 13: Advance Guard from Another World @ 00:21:07,https://animehistory.org/gallery/screencaps/outlaw-star/episode-13/,https://animehistory.org/gallery/screencaps/outlaw-star/episode-13/?page=4,4,2026-10-07T01:49:38.606646+00:00,431f8b8ce9cbecdc424a1b629a8757a3f4c609af406d16e0d99eca60008191f0,,UNVERIFIED
EP-13,Advance Guard from Another World,00:21:10,1270,851341,https://animehistory.org/uploads/screencaps/outlaw-star-E013-Advance-Guard-from-Another-World/cap_00-21-10_5dd0.jpg,Outlaw Star Ep 13: Advance Guard from Another World @ 00:21:10,https://animehistory.org/gallery/screencaps/outlaw-star/episode-13/,https://animehistory.org/gallery/screencaps/outlaw-star/episode-13/?page=4,4,2026-10-07T01:49:38.606646+00:00,431f8b8ce9cbecdc424a1b629a8757a3f4c609af406d16e0d99eca60008191f0,,UNVERIFIED
EP-13,Advance Guard from Another World,00:21:14,1274,851342,https://animehistory.org/uploads/screencaps/outlaw-star-E013-Advance-Guard-from-Another-World/cap_00-21-14_38f4.jpg,Outlaw Star Ep 13: Advance Guard from Another World @ 00:21:14,https://animehistory.org/gallery/screencaps/outlaw-star/episode-13/,https://animehistory.org/gallery/screencaps/outlaw-star/episode-13/?page=4,4,2026-10-07T01:49:38.606646+00:00,431f8b8ce9cbecdc424a1b629a8757a3f4c609af406d16e0d99eca60008191f0,,UNVERIFIED
EP-13,Advance Guard from Another World,00:21:18,1278,851343,https://animehistory.org/uploads/screencaps/outlaw-star-E013-Advance-Guard-from-Another-World/cap_00-21-18_6bd4.jpg,Outlaw Star Ep 13: Advance Guard from Another World @ 00:21:18,https://animehistory.org/gallery/screencaps/outlaw-star/episode-13/,https://animehistory.org/gallery/screencaps/outlaw-star/episode-13/?page=4,4,2026-10-07T01:49:38.606646+00:00,431f8b8ce9cbecdc424a1b629a8757a3f4c609af406d16e0d99eca60008191f0,,UNVERIFIED
EP-13,Advance Guard from Another World,00:21:21,1281,851344,https://animehistory.org/uploads/screencaps/outlaw-star-E013-Advance-Guard-from-Another-World/cap_00-21-21_0a7a.jpg,Outlaw Star Ep 13: Advance Guard from Another World @ 00:21:21,https://animehistory.org/gallery/screencaps/outlaw-star/episode-13/,https://animehistory.org/gallery/screencaps/outlaw-star/episode-13/?page=4,4,2026-10-07T01:49:38.606646+00:00,431f8b8ce9cbecdc424a1b629a8757a3f4c609af406d16e0d99eca60008191f0,,UNVERIFIED
EP-13,Advance Guard from Another World,00:21:25,1285,851345,https://animehistory.org/uploads/screencaps/outlaw-star-E013-Advance-Guard-from-Another-World/cap_00-21-25_165c.jpg,Outlaw Star Ep 13: Advance Guard from Another World @ 00:21:25,https://animehistory.org/gallery/screencaps/outlaw-star/episode-13/,https://animehistory.org/gallery/screencaps/outlaw-star/episode-13/?page=4,4,2026-10-07T01:49:38.606646+00:00,431f8b8ce9cbecdc424a1b629a8757a3f4c609af406d16e0d99eca60008191f0,,UNVERIFIED
EP-13,Advance Guard from Another World,00:21:29,1289,851346,https://animehistory.org/uploads/screencaps/outlaw-star-E013-Advance-Guard-from-Another-World/cap_00-21-29_3c46.jpg,Outlaw Star Ep 13: Advance Guard from Another World @ 00:21:29,https://animehistory.org/gallery/screencaps/outlaw-star/episode-13/,https://animehistory.org/gallery/screencaps/outlaw-star/episode-13/?page=4,4,2026-10-07T01:49:38.606646+00:00,431f8b8ce9cbecdc424a1b629a8757a3f4c609af406d16e0d99eca60008191f0,,UNVERIFIED
EP-13,Advance Guard from Another World,00:21:32,1292,851347,https://animehistory.org/uploads/screencaps/outlaw-star-E013-Advance-Guard-from-Another-World/cap_00-21-32_24ef.jpg,Outlaw Star Ep 13: Advance Guard from Another World @ 00:21:32,https://animehistory.org/gallery/screencaps/outlaw-star/episode-13/,https://animehistory.org/gallery/screencaps/outlaw-star/episode-13/?page=4,4,2026-10-07T01:49:38.606646+00:00,431f8b8ce9cbecdc424a1b629a8757a3f4c609af406d16e0d99eca60008191f0,,UNVERIFIED
EP-13,Advance Guard from Another World,00:21:36,1296,851348,https://animehistory.org/uploads/screencaps/outlaw-star-E013-Advance-Guard-from-Another-World/cap_00-21-36_0634.jpg,Outlaw Star Ep 13: Advance Guard from Another World @ 00:21:36,https://animehistory.org/gallery/screencaps/outlaw-star/episode-13/,https://animehistory.org/gallery/screencaps/outlaw-star/episode-13/?page=4,4,2026-10-07T01:49:38.606646+00:00,431f8b8ce9cbecdc424a1b629a8757a3f4c609af406d16e0d99eca60008191f0,,UNVERIFIED
EP-13,Advance Guard from Another World,00:21:40,1300,851349,https://animehistory.org/uploads/screencaps/outlaw-star-E013-Advance-Guard-from-Another-World/cap_00-21-40_1bf8.jpg,Outlaw Star Ep 13: Advance Guard from Another World @ 00:21:40,https://animehistory.org/gallery/screencaps/outlaw-star/episode-13/,https://animehistory.org/gallery/screencaps/outlaw-star/episode-13/?page=4,4,2026-10-07T01:49:38.606646+00:00,431f8b8ce9cbecdc424a1b629a8757a3f4c609af406d16e0d99eca60008191f0,,UNVERIFIED
EP-13,Advance Guard from Another World,00:21:43,1303,851350,https://animehistory.org/uploads/screencaps/outlaw-star-E013-Advance-Guard-from-Another-World/cap_00-21-43_0581.jpg,Outlaw Star Ep 13: Advance Guard from Another World @ 00:21:43,https://animehistory.org/gallery/screencaps/outlaw-star/episode-13/,https://animehistory.org/gallery/screencaps/outlaw-star/episode-13/?page=4,4,2026-10-07T01:49:38.606646+00:00,431f8b8ce9cbecdc424a1b629a8757a3f4c609af406d16e0d99eca60008191f0,,UNVERIFIED
EP-13,Advance Guard from Another World,00:21:47,1307,851351,https://animehistory.org/uploads/screencaps/outlaw-star-E013-Advance-Guard-from-Another-World/cap_00-21-47_77ed.jpg,Outlaw Star Ep 13: Advance Guard from Another World @ 00:21:47,https://animehistory.org/gallery/screencaps/outlaw-star/episode-13/,https://animehistory.org/gallery/screencaps/outlaw-star/episode-13/?page=4,4,2026-10-07T01:49:38.606646+00:00,431f8b8ce9cbecdc424a1b629a8757a3f4c609af406d16e0d99eca60008191f0,,UNVERIFIED
EP-13,Advance Guard from Another World,00:21:51,1311,851352,https://animehistory.org/uploads/screencaps/outlaw-star-E013-Advance-Guard-from-Another-World/cap_00-21-51_592f.jpg,Outlaw Star Ep 13: Advance Guard from Another World @ 00:21:51,https://animehistory.org/gallery/screencaps/outlaw-star/episode-13/,https://animehistory.org/gallery/screencaps/outlaw-star/episode-13/?page=4,4,2026-10-07T01:49:38.606646+00:00,431f8b8ce9cbecdc424a1b629a8757a3f4c609af406d16e0d99eca60008191f0,,UNVERIFIED
EP-13,Advance Guard from Another World,00:21:54,1314,851353,https://animehistory.org/uploads/screencaps/outlaw-star-E013-Advance-Guard-from-Another-World/cap_00-21-54_4ecc.jpg,Outlaw Star Ep 13: Advance Guard from Another World @ 00:21:54,https://animehistory.org/gallery/screencaps/outlaw-star/episode-13/,https://animehistory.org/gallery/screencaps/outlaw-star/episode-13/?page=4,4,2026-10-07T01:49:38.606646+00:00,431f8b8ce9cbecdc424a1b629a8757a3f4c609af406d16e0d99eca60008191f0,,UNVERIFIED
EP-13,Advance Guard from Another World,00:21:58,1318,851354,https://animehistory.org/uploads/screencaps/outlaw-star-E013-Advance-Guard-from-Another-World/cap_00-21-58_2e3b.jpg,Outlaw Star Ep 13: Advance Guard from Another World @ 00:21:58,https://animehistory.org/gallery/screencaps/outlaw-star/episode-13/,https://animehistory.org/gallery/screencaps/outlaw-star/episode-13/?page=4,4,2026-10-07T01:49:38.606646+00:00,431f8b8ce9cbecdc424a1b629a8757a3f4c609af406d16e0d99eca60008191f0,,UNVERIFIED
EP-13,Advance Guard from Another World,00:22:02,1322,851355,https://animehistory.org/uploads/screencaps/outlaw-star-E013-Advance-Guard-from-Another-World/cap_00-22-02_05f9.jpg,Outlaw Star Ep 13: Advance Guard from Another World @ 00:22:02,https://animehistory.org/gallery/screencaps/outlaw-star/episode-13/,https://animehistory.org/gallery/screencaps/outlaw-star/episode-13/?page=4,4,2026-10-07T01:49:38.606646+00:00,431f8b8ce9cbecdc424a1b629a8757a3f4c609af406d16e0d99eca60008191f0,,UNVERIFIED
EP-13,Advance Guard from Another World,00:22:05,1325,851356,https://animehistory.org/uploads/screencaps/outlaw-star-E013-Advance-Guard-from-Another-World/cap_00-22-05_2abc.jpg,Outlaw Star Ep 13: Advance Guard from Another World @ 00:22:05,https://animehistory.org/gallery/screencaps/outlaw-star/episode-13/,https://animehistory.org/gallery/screencaps/outlaw-star/episode-13/?page=4,4,2026-10-07T01:49:38.606646+00:00,431f8b8ce9cbecdc424a1b629a8757a3f4c609af406d16e0d99eca60008191f0,,UNVERIFIED
EP-13,Advance Guard from Another World,00:22:09,1329,851357,https://animehistory.org/uploads/screencaps/outlaw-star-E013-Advance-Guard-from-Another-World/cap_00-22-09_746d.jpg,Outlaw Star Ep 13: Advance Guard from Another World @ 00:22:09,https://animehistory.org/gallery/screencaps/outlaw-star/episode-13/,https://animehistory.org/gallery/screencaps/outlaw-star/episode-13/?page=4,4,2026-10-07T01:49:38.606646+00:00,431f8b8ce9cbecdc424a1b629a8757a3f4c609af406d16e0d99eca60008191f0,,UNVERIFIED
EP-13,Advance Guard from Another World,00:22:12,1332,851358,https://animehistory.org/uploads/screencaps/outlaw-star-E013-Advance-Guard-from-Another-World/cap_00-22-12_2361.jpg,Outlaw Star Ep 13: Advance Guard from Another World @ 00:22:12,https://animehistory.org/gallery/screencaps/outlaw-star/episode-13/,https://animehistory.org/gallery/screencaps/outlaw-star/episode-13/?page=4,4,2026-10-07T01:49:38.606646+00:00,431f8b8ce9cbecdc424a1b629a8757a3f4c609af406d16e0d99eca60008191f0,,UNVERIFIED
EP-13,Advance Guard from Another World,00:22:16,1336,851359,https://animehistory.org/uploads/screencaps/outlaw-star-E013-Advance-Guard-from-Another-World/cap_00-22-16_798d.jpg,Outlaw Star Ep 13: Advance Guard from Another World @ 00:22:16,https://animehistory.org/gallery/screencaps/outlaw-star/episode-13/,https://animehistory.org/gallery/screencaps/outlaw-star/episode-13/?page=4,4,2026-10-07T01:49:38.606646+00:00,431f8b8ce9cbecdc424a1b629a8757a3f4c609af406d16e0d99eca60008191f0,,UNVERIFIED
EP-13,Advance Guard from Another World,00:22:20,1340,851360,https://animehistory.org/uploads/screencaps/outlaw-star-E013-Advance-Guard-from-Another-World/cap_00-22-20_616b.jpg,Outlaw Star Ep 13: Advance Guard from Another World @ 00:22:20,https://animehistory.org/gallery/screencaps/outlaw-star/episode-13/,https://animehistory.org/gallery/screencaps/outlaw-star/episode-13/?page=4,4,2026-10-07T01:49:38.606646+00:00,431f8b8ce9cbecdc424a1b629a8757a3f4c609af406d16e0d99eca60008191f0,,UNVERIFIED
EP-13,Advance Guard from Another World,00:22:23,1343,851361,https://animehistory.org/uploads/screencaps/outlaw-star-E013-Advance-Guard-from-Another-World/cap_00-22-23_1106.jpg,Outlaw Star Ep 13: Advance Guard from Another World @ 00:22:23,https://animehistory.org/gallery/screencaps/outlaw-star/episode-13/,https://animehistory.org/gallery/screencaps/outlaw-star/episode-13/?page=4,4,2026-10-07T01:49:38.606646+00:00,431f8b8ce9cbecdc424a1b629a8757a3f4c609af406d16e0d99eca60008191f0,,UNVERIFIED
EP-13,Advance Guard from Another World,00:22:27,1347,851362,https://animehistory.org/uploads/screencaps/outlaw-star-E013-Advance-Guard-from-Another-World/cap_00-22-27_7f87.jpg,Outlaw Star Ep 13: Advance Guard from Another World @ 00:22:27,https://animehistory.org/gallery/screencaps/outlaw-star/episode-13/,https://animehistory.org/gallery/screencaps/outlaw-star/episode-13/?page=4,4,2026-10-07T01:49:38.606646+00:00,431f8b8ce9cbecdc424a1b629a8757a3f4c609af406d16e0d99eca60008191f0,,UNVERIFIED
EP-13,Advance Guard from Another World,00:22:31,1351,851363,https://animehistory.org/uploads/screencaps/outlaw-star-E013-Advance-Guard-from-Another-World/cap_00-22-31_0f1b.jpg,Outlaw Star Ep 13: Advance Guard from Another World @ 00:22:31,https://animehistory.org/gallery/screencaps/outlaw-star/episode-13/,https://animehistory.org/gallery/screencaps/outlaw-star/episode-13/?page=4,4,2026-10-07T01:49:38.606646+00:00,431f8b8ce9cbecdc424a1b629a8757a3f4c609af406d16e0d99eca60008191f0,,UNVERIFIED
EP-13,Advance Guard from Another World,00:22:34,1354,851364,https://animehistory.org/uploads/screencaps/outlaw-star-E013-Advance-Guard-from-Another-World/cap_00-22-34_688a.jpg,Outlaw Star Ep 13: Advance Guard from Another World @ 00:22:34,https://animehistory.org/gallery/screencaps/outlaw-star/episode-13/,https://animehistory.org/gallery/screencaps/outlaw-star/episode-13/?page=4,4,2026-10-07T01:49:38.606646+00:00,431f8b8ce9cbecdc424a1b629a8757a3f4c609af406d16e0d99eca60008191f0,,UNVERIFIED
EP-13,Advance Guard from Another World,00:22:38,1358,851365,https://animehistory.org/uploads/screencaps/outlaw-star-E013-Advance-Guard-from-Another-World/cap_00-22-38_13dc.jpg,Outlaw Star Ep 13: Advance Guard from Another World @ 00:22:38,https://animehistory.org/gallery/screencaps/outlaw-star/episode-13/,https://animehistory.org/gallery/screencaps/outlaw-star/episode-13/?page=4,4,2026-10-07T01:49:38.606646+00:00,431f8b8ce9cbecdc424a1b629a8757a3f4c609af406d16e0d99eca60008191f0,,UNVERIFIED
EP-13,Advance Guard from Another World,00:22:42,1362,851366,https://animehistory.org/uploads/screencaps/outlaw-star-E013-Advance-Guard-from-Another-World/cap_00-22-42_6683.jpg,Outlaw Star Ep 13: Advance Guard from Another World @ 00:22:42,https://animehistory.org/gallery/screencaps/outlaw-star/episode-13/,https://animehistory.org/gallery/screencaps/outlaw-star/episode-13/?page=4,4,2026-10-07T01:49:38.606646+00:00,431f8b8ce9cbecdc424a1b629a8757a3f4c609af406d16e0d99eca60008191f0,,UNVERIFIED
EP-13,Advance Guard from Another World,00:22:45,1365,851367,https://animehistory.org/uploads/screencaps/outlaw-star-E013-Advance-Guard-from-Another-World/cap_00-22-45_7482.jpg,Outlaw Star Ep 13: Advance Guard from Another World @ 00:22:45,https://animehistory.org/gallery/screencaps/outlaw-star/episode-13/,https://animehistory.org/gallery/screencaps/outlaw-star/episode-13/?page=4,4,2026-10-07T01:49:38.606646+00:00,431f8b8ce9cbecdc424a1b629a8757a3f4c609af406d16e0d99eca60008191f0,,UNVERIFIED
EP-13,Advance Guard from Another World,00:22:49,1369,851368,https://animehistory.org/uploads/screencaps/outlaw-star-E013-Advance-Guard-from-Another-World/cap_00-22-49_7cb4.jpg,Outlaw Star Ep 13: Advance Guard from Another World @ 00:22:49,https://animehistory.org/gallery/screencaps/outlaw-star/episode-13/,https://animehistory.org/gallery/screencaps/outlaw-star/episode-13/?page=4,4,2026-10-07T01:49:38.606646+00:00,431f8b8ce9cbecdc424a1b629a8757a3f4c609af406d16e0d99eca60008191f0,,UNVERIFIED
EP-13,Advance Guard from Another World,00:22:53,1373,851369,https://animehistory.org/uploads/screencaps/outlaw-star-E013-Advance-Guard-from-Another-World/cap_00-22-53_3e0b.jpg,Outlaw Star Ep 13: Advance Guard from Another World @ 00:22:53,https://animehistory.org/gallery/screencaps/outlaw-star/episode-13/,https://animehistory.org/gallery/screencaps/outlaw-star/episode-13/?page=4,4,2026-10-07T01:49:38.606646+00:00,431f8b8ce9cbecdc424a1b629a8757a3f4c609af406d16e0d99eca60008191f0,,UNVERIFIED
EP-13,Advance Guard from Another World,00:22:56,1376,851370,https://animehistory.org/uploads/screencaps/outlaw-star-E013-Advance-Guard-from-Another-World/cap_00-22-56_4c01.jpg,Outlaw Star Ep 13: Advance Guard from Another World @ 00:22:56,https://animehistory.org/gallery/screencaps/outlaw-star/episode-13/,https://animehistory.org/gallery/screencaps/outlaw-star/episode-13/?page=4,4,2026-10-07T01:49:38.606646+00:00,431f8b8ce9cbecdc424a1b629a8757a3f4c609af406d16e0d99eca60008191f0,,UNVERIFIED
EP-13,Advance Guard from Another World,00:23:00,1380,851371,https://animehistory.org/uploads/screencaps/outlaw-star-E013-Advance-Guard-from-Another-World/cap_00-23-00_60af.jpg,Outlaw Star Ep 13: Advance Guard from Another World @ 00:23:00,https://animehistory.org/gallery/screencaps/outlaw-star/episode-13/,https://animehistory.org/gallery/screencaps/outlaw-star/episode-13/?page=4,4,2026-10-07T01:49:38.606646+00:00,431f8b8ce9cbecdc424a1b629a8757a3f4c609af406d16e0d99eca60008191f0,,UNVERIFIED
EP-13,Advance Guard from Another World,00:23:04,1384,851372,https://animehistory.org/uploads/screencaps/outlaw-star-E013-Advance-Guard-from-Another-World/cap_00-23-04_2bdb.jpg,Outlaw Star Ep 13: Advance Guard from Another World @ 00:23:04,https://animehistory.org/gallery/screencaps/outlaw-star/episode-13/,https://animehistory.org/gallery/screencaps/outlaw-star/episode-13/?page=4,4,2026-10-07T01:49:38.606646+00:00,431f8b8ce9cbecdc424a1b629a8757a3f4c609af406d16e0d99eca60008191f0,,UNVERIFIED
EP-13,Advance Guard from Another World,00:23:07,1387,851373,https://animehistory.org/uploads/screencaps/outlaw-star-E013-Advance-Guard-from-Another-World/cap_00-23-07_2688.jpg,Outlaw Star Ep 13: Advance Guard from Another World @ 00:23:07,https://animehistory.org/gallery/screencaps/outlaw-star/episode-13/,https://animehistory.org/gallery/screencaps/outlaw-star/episode-13/?page=4,4,2026-10-07T01:49:38.606646+00:00,431f8b8ce9cbecdc424a1b629a8757a3f4c609af406d16e0d99eca60008191f0,,UNVERIFIED
EP-13,Advance Guard from Another World,00:23:11,1391,851374,https://animehistory.org/uploads/screencaps/outlaw-star-E013-Advance-Guard-from-Another-World/cap_00-23-11_34ed.jpg,Outlaw Star Ep 13: Advance Guard from Another World @ 00:23:11,https://animehistory.org/gallery/screencaps/outlaw-star/episode-13/,https://animehistory.org/gallery/screencaps/outlaw-star/episode-13/?page=4,4,2026-10-07T01:49:38.606646+00:00,431f8b8ce9cbecdc424a1b629a8757a3f4c609af406d16e0d99eca60008191f0,,UNVERIFIED
