episode_id,episode_title,web_timestamp,web_seconds,image_id,image_url,caption,gallery_url,source_page_url,source_page,retrieved_utc,html_sha256,local_timestamp,alignment_status
EP-20,Cats and Girls and Spaceships,00:01:43,103,853499,https://animehistory.org/uploads/screencaps/outlaw-star-E020-Cats-and-Girls-and-Spaceships/cap_00-01-43_77ae.jpg,Outlaw Star Ep 20: Cats and Girls and Spaceships @ 00:01:43,https://animehistory.org/gallery/screencaps/outlaw-star/episode-20/,https://animehistory.org/gallery/screencaps/outlaw-star/episode-20/,1,2026-10-07T01:50:11.753793+00:00,9b4cdb6bcce2c0c8d2a864a3be718aa651ec66f2bb44c09bd6a6fa2c7d8e76a0,,UNVERIFIED
EP-20,Cats and Girls and Spaceships,00:01:47,107,853500,https://animehistory.org/uploads/screencaps/outlaw-star-E020-Cats-and-Girls-and-Spaceships/cap_00-01-47_796f.jpg,Outlaw Star Ep 20: Cats and Girls and Spaceships @ 00:01:47,https://animehistory.org/gallery/screencaps/outlaw-star/episode-20/,https://animehistory.org/gallery/screencaps/outlaw-star/episode-20/,1,2026-10-07T01:50:11.753793+00:00,9b4cdb6bcce2c0c8d2a864a3be718aa651ec66f2bb44c09bd6a6fa2c7d8e76a0,,UNVERIFIED
EP-20,Cats and Girls and Spaceships,00:01:50,110,853501,https://animehistory.org/uploads/screencaps/outlaw-star-E020-Cats-and-Girls-and-Spaceships/cap_00-01-50_6b7c.jpg,Outlaw Star Ep 20: Cats and Girls and Spaceships @ 00:01:50,https://animehistory.org/gallery/screencaps/outlaw-star/episode-20/,https://animehistory.org/gallery/screencaps/outlaw-star/episode-20/,1,2026-10-07T01:50:11.753793+00:00,9b4cdb6bcce2c0c8d2a864a3be718aa651ec66f2bb44c09bd6a6fa2c7d8e76a0,,UNVERIFIED
EP-20,Cats and Girls and Spaceships,00:01:54,114,853502,https://animehistory.org/uploads/screencaps/outlaw-star-E020-Cats-and-Girls-and-Spaceships/cap_00-01-54_0746.jpg,Outlaw Star Ep 20: Cats and Girls and Spaceships @ 00:01:54,https://animehistory.org/gallery/screencaps/outlaw-star/episode-20/,https://animehistory.org/gallery/screencaps/outlaw-star/episode-20/,1,2026-10-07T01:50:11.753793+00:00,9b4cdb6bcce2c0c8d2a864a3be718aa651ec66f2bb44c09bd6a6fa2c7d8e76a0,,UNVERIFIED
EP-20,Cats and Girls and Spaceships,00:01:58,118,853503,https://animehistory.org/uploads/screencaps/outlaw-star-E020-Cats-and-Girls-and-Spaceships/cap_00-01-58_218a.jpg,Outlaw Star Ep 20: Cats and Girls and Spaceships @ 00:01:58,https://animehistory.org/gallery/screencaps/outlaw-star/episode-20/,https://animehistory.org/gallery/screencaps/outlaw-star/episode-20/,1,2026-10-07T01:50:11.753793+00:00,9b4cdb6bcce2c0c8d2a864a3be718aa651ec66f2bb44c09bd6a6fa2c7d8e76a0,,UNVERIFIED
EP-20,Cats and Girls and Spaceships,00:02:01,121,853504,https://animehistory.org/uploads/screencaps/outlaw-star-E020-Cats-and-Girls-and-Spaceships/cap_00-02-01_5f83.jpg,Outlaw Star Ep 20: Cats and Girls and Spaceships @ 00:02:01,https://animehistory.org/gallery/screencaps/outlaw-star/episode-20/,https://animehistory.org/gallery/screencaps/outlaw-star/episode-20/,1,2026-10-07T01:50:11.753793+00:00,9b4cdb6bcce2c0c8d2a864a3be718aa651ec66f2bb44c09bd6a6fa2c7d8e76a0,,UNVERIFIED
EP-20,Cats and Girls and Spaceships,00:02:05,125,853505,https://animehistory.org/uploads/screencaps/outlaw-star-E020-Cats-and-Girls-and-Spaceships/cap_00-02-05_205d.jpg,Outlaw Star Ep 20: Cats and Girls and Spaceships @ 00:02:05,https://animehistory.org/gallery/screencaps/outlaw-star/episode-20/,https://animehistory.org/gallery/screencaps/outlaw-star/episode-20/,1,2026-10-07T01:50:11.753793+00:00,9b4cdb6bcce2c0c8d2a864a3be718aa651ec66f2bb44c09bd6a6fa2c7d8e76a0,,UNVERIFIED
EP-20,Cats and Girls and Spaceships,00:02:09,129,853506,https://animehistory.org/uploads/screencaps/outlaw-star-E020-Cats-and-Girls-and-Spaceships/cap_00-02-09_7ade.jpg,Outlaw Star Ep 20: Cats and Girls and Spaceships @ 00:02:09,https://animehistory.org/gallery/screencaps/outlaw-star/episode-20/,https://animehistory.org/gallery/screencaps/outlaw-star/episode-20/,1,2026-10-07T01:50:11.753793+00:00,9b4cdb6bcce2c0c8d2a864a3be718aa651ec66f2bb44c09bd6a6fa2c7d8e76a0,,UNVERIFIED
EP-20,Cats and Girls and Spaceships,00:02:12,132,853507,https://animehistory.org/uploads/screencaps/outlaw-star-E020-Cats-and-Girls-and-Spaceships/cap_00-02-12_7d33.jpg,Outlaw Star Ep 20: Cats and Girls and Spaceships @ 00:02:12,https://animehistory.org/gallery/screencaps/outlaw-star/episode-20/,https://animehistory.org/gallery/screencaps/outlaw-star/episode-20/,1,2026-10-07T01:50:11.753793+00:00,9b4cdb6bcce2c0c8d2a864a3be718aa651ec66f2bb44c09bd6a6fa2c7d8e76a0,,UNVERIFIED
EP-20,Cats and Girls and Spaceships,00:02:16,136,853508,https://animehistory.org/uploads/screencaps/outlaw-star-E020-Cats-and-Girls-and-Spaceships/cap_00-02-16_697e.jpg,Outlaw Star Ep 20: Cats and Girls and Spaceships @ 00:02:16,https://animehistory.org/gallery/screencaps/outlaw-star/episode-20/,https://animehistory.org/gallery/screencaps/outlaw-star/episode-20/,1,2026-10-07T01:50:11.753793+00:00,9b4cdb6bcce2c0c8d2a864a3be718aa651ec66f2bb44c09bd6a6fa2c7d8e76a0,,UNVERIFIED
EP-20,Cats and Girls and Spaceships,00:02:20,140,853509,https://animehistory.org/uploads/screencaps/outlaw-star-E020-Cats-and-Girls-and-Spaceships/cap_00-02-20_0b71.jpg,Outlaw Star Ep 20: Cats and Girls and Spaceships @ 00:02:20,https://animehistory.org/gallery/screencaps/outlaw-star/episode-20/,https://animehistory.org/gallery/screencaps/outlaw-star/episode-20/,1,2026-10-07T01:50:11.753793+00:00,9b4cdb6bcce2c0c8d2a864a3be718aa651ec66f2bb44c09bd6a6fa2c7d8e76a0,,UNVERIFIED
EP-20,Cats and Girls and Spaceships,00:02:23,143,853510,https://animehistory.org/uploads/screencaps/outlaw-star-E020-Cats-and-Girls-and-Spaceships/cap_00-02-23_7dc1.jpg,Outlaw Star Ep 20: Cats and Girls and Spaceships @ 00:02:23,https://animehistory.org/gallery/screencaps/outlaw-star/episode-20/,https://animehistory.org/gallery/screencaps/outlaw-star/episode-20/,1,2026-10-07T01:50:11.753793+00:00,9b4cdb6bcce2c0c8d2a864a3be718aa651ec66f2bb44c09bd6a6fa2c7d8e76a0,,UNVERIFIED
EP-20,Cats and Girls and Spaceships,00:02:27,147,853511,https://animehistory.org/uploads/screencaps/outlaw-star-E020-Cats-and-Girls-and-Spaceships/cap_00-02-27_12ae.jpg,Outlaw Star Ep 20: Cats and Girls and Spaceships @ 00:02:27,https://animehistory.org/gallery/screencaps/outlaw-star/episode-20/,https://animehistory.org/gallery/screencaps/outlaw-star/episode-20/,1,2026-10-07T01:50:11.753793+00:00,9b4cdb6bcce2c0c8d2a864a3be718aa651ec66f2bb44c09bd6a6fa2c7d8e76a0,,UNVERIFIED
EP-20,Cats and Girls and Spaceships,00:02:30,150,853512,https://animehistory.org/uploads/screencaps/outlaw-star-E020-Cats-and-Girls-and-Spaceships/cap_00-02-30_2768.jpg,Outlaw Star Ep 20: Cats and Girls and Spaceships @ 00:02:30,https://animehistory.org/gallery/screencaps/outlaw-star/episode-20/,https://animehistory.org/gallery/screencaps/outlaw-star/episode-20/,1,2026-10-07T01:50:11.753793+00:00,9b4cdb6bcce2c0c8d2a864a3be718aa651ec66f2bb44c09bd6a6fa2c7d8e76a0,,UNVERIFIED
EP-20,Cats and Girls and Spaceships,00:02:34,154,853513,https://animehistory.org/uploads/screencaps/outlaw-star-E020-Cats-and-Girls-and-Spaceships/cap_00-02-34_0bd5.jpg,Outlaw Star Ep 20: Cats and Girls and Spaceships @ 00:02:34,https://animehistory.org/gallery/screencaps/outlaw-star/episode-20/,https://animehistory.org/gallery/screencaps/outlaw-star/episode-20/,1,2026-10-07T01:50:11.753793+00:00,9b4cdb6bcce2c0c8d2a864a3be718aa651ec66f2bb44c09bd6a6fa2c7d8e76a0,,UNVERIFIED
EP-20,Cats and Girls and Spaceships,00:02:38,158,853514,https://animehistory.org/uploads/screencaps/outlaw-star-E020-Cats-and-Girls-and-Spaceships/cap_00-02-38_2a59.jpg,Outlaw Star Ep 20: Cats and Girls and Spaceships @ 00:02:38,https://animehistory.org/gallery/screencaps/outlaw-star/episode-20/,https://animehistory.org/gallery/screencaps/outlaw-star/episode-20/,1,2026-10-07T01:50:11.753793+00:00,9b4cdb6bcce2c0c8d2a864a3be718aa651ec66f2bb44c09bd6a6fa2c7d8e76a0,,UNVERIFIED
EP-20,Cats and Girls and Spaceships,00:02:41,161,853515,https://animehistory.org/uploads/screencaps/outlaw-star-E020-Cats-and-Girls-and-Spaceships/cap_00-02-41_0e78.jpg,Outlaw Star Ep 20: Cats and Girls and Spaceships @ 00:02:41,https://animehistory.org/gallery/screencaps/outlaw-star/episode-20/,https://animehistory.org/gallery/screencaps/outlaw-star/episode-20/,1,2026-10-07T01:50:11.753793+00:00,9b4cdb6bcce2c0c8d2a864a3be718aa651ec66f2bb44c09bd6a6fa2c7d8e76a0,,UNVERIFIED
EP-20,Cats and Girls and Spaceships,00:02:45,165,853516,https://animehistory.org/uploads/screencaps/outlaw-star-E020-Cats-and-Girls-and-Spaceships/cap_00-02-45_71f4.jpg,Outlaw Star Ep 20: Cats and Girls and Spaceships @ 00:02:45,https://animehistory.org/gallery/screencaps/outlaw-star/episode-20/,https://animehistory.org/gallery/screencaps/outlaw-star/episode-20/,1,2026-10-07T01:50:11.753793+00:00,9b4cdb6bcce2c0c8d2a864a3be718aa651ec66f2bb44c09bd6a6fa2c7d8e76a0,,UNVERIFIED
EP-20,Cats and Girls and Spaceships,00:02:49,169,853517,https://animehistory.org/uploads/screencaps/outlaw-star-E020-Cats-and-Girls-and-Spaceships/cap_00-02-49_7f8f.jpg,Outlaw Star Ep 20: Cats and Girls and Spaceships @ 00:02:49,https://animehistory.org/gallery/screencaps/outlaw-star/episode-20/,https://animehistory.org/gallery/screencaps/outlaw-star/episode-20/,1,2026-10-07T01:50:11.753793+00:00,9b4cdb6bcce2c0c8d2a864a3be718aa651ec66f2bb44c09bd6a6fa2c7d8e76a0,,UNVERIFIED
EP-20,Cats and Girls and Spaceships,00:02:52,172,853518,https://animehistory.org/uploads/screencaps/outlaw-star-E020-Cats-and-Girls-and-Spaceships/cap_00-02-52_0182.jpg,Outlaw Star Ep 20: Cats and Girls and Spaceships @ 00:02:52,https://animehistory.org/gallery/screencaps/outlaw-star/episode-20/,https://animehistory.org/gallery/screencaps/outlaw-star/episode-20/,1,2026-10-07T01:50:11.753793+00:00,9b4cdb6bcce2c0c8d2a864a3be718aa651ec66f2bb44c09bd6a6fa2c7d8e76a0,,UNVERIFIED
EP-20,Cats and Girls and Spaceships,00:02:56,176,853519,https://animehistory.org/uploads/screencaps/outlaw-star-E020-Cats-and-Girls-and-Spaceships/cap_00-02-56_2d17.jpg,Outlaw Star Ep 20: Cats and Girls and Spaceships @ 00:02:56,https://animehistory.org/gallery/screencaps/outlaw-star/episode-20/,https://animehistory.org/gallery/screencaps/outlaw-star/episode-20/,1,2026-10-07T01:50:11.753793+00:00,9b4cdb6bcce2c0c8d2a864a3be718aa651ec66f2bb44c09bd6a6fa2c7d8e76a0,,UNVERIFIED
EP-20,Cats and Girls and Spaceships,00:03:00,180,853520,https://animehistory.org/uploads/screencaps/outlaw-star-E020-Cats-and-Girls-and-Spaceships/cap_00-03-00_5dba.jpg,Outlaw Star Ep 20: Cats and Girls and Spaceships @ 00:03:00,https://animehistory.org/gallery/screencaps/outlaw-star/episode-20/,https://animehistory.org/gallery/screencaps/outlaw-star/episode-20/,1,2026-10-07T01:50:11.753793+00:00,9b4cdb6bcce2c0c8d2a864a3be718aa651ec66f2bb44c09bd6a6fa2c7d8e76a0,,UNVERIFIED
EP-20,Cats and Girls and Spaceships,00:03:03,183,853521,https://animehistory.org/uploads/screencaps/outlaw-star-E020-Cats-and-Girls-and-Spaceships/cap_00-03-03_1fc2.jpg,Outlaw Star Ep 20: Cats and Girls and Spaceships @ 00:03:03,https://animehistory.org/gallery/screencaps/outlaw-star/episode-20/,https://animehistory.org/gallery/screencaps/outlaw-star/episode-20/,1,2026-10-07T01:50:11.753793+00:00,9b4cdb6bcce2c0c8d2a864a3be718aa651ec66f2bb44c09bd6a6fa2c7d8e76a0,,UNVERIFIED
EP-20,Cats and Girls and Spaceships,00:03:07,187,853522,https://animehistory.org/uploads/screencaps/outlaw-star-E020-Cats-and-Girls-and-Spaceships/cap_00-03-07_4615.jpg,Outlaw Star Ep 20: Cats and Girls and Spaceships @ 00:03:07,https://animehistory.org/gallery/screencaps/outlaw-star/episode-20/,https://animehistory.org/gallery/screencaps/outlaw-star/episode-20/,1,2026-10-07T01:50:11.753793+00:00,9b4cdb6bcce2c0c8d2a864a3be718aa651ec66f2bb44c09bd6a6fa2c7d8e76a0,,UNVERIFIED
EP-20,Cats and Girls and Spaceships,00:03:10,190,853523,https://animehistory.org/uploads/screencaps/outlaw-star-E020-Cats-and-Girls-and-Spaceships/cap_00-03-10_2465.jpg,Outlaw Star Ep 20: Cats and Girls and Spaceships @ 00:03:10,https://animehistory.org/gallery/screencaps/outlaw-star/episode-20/,https://animehistory.org/gallery/screencaps/outlaw-star/episode-20/,1,2026-10-07T01:50:11.753793+00:00,9b4cdb6bcce2c0c8d2a864a3be718aa651ec66f2bb44c09bd6a6fa2c7d8e76a0,,UNVERIFIED
EP-20,Cats and Girls and Spaceships,00:03:14,194,853524,https://animehistory.org/uploads/screencaps/outlaw-star-E020-Cats-and-Girls-and-Spaceships/cap_00-03-14_6661.jpg,Outlaw Star Ep 20: Cats and Girls and Spaceships @ 00:03:14,https://animehistory.org/gallery/screencaps/outlaw-star/episode-20/,https://animehistory.org/gallery/screencaps/outlaw-star/episode-20/,1,2026-10-07T01:50:11.753793+00:00,9b4cdb6bcce2c0c8d2a864a3be718aa651ec66f2bb44c09bd6a6fa2c7d8e76a0,,UNVERIFIED
EP-20,Cats and Girls and Spaceships,00:03:18,198,853525,https://animehistory.org/uploads/screencaps/outlaw-star-E020-Cats-and-Girls-and-Spaceships/cap_00-03-18_0461.jpg,Outlaw Star Ep 20: Cats and Girls and Spaceships @ 00:03:18,https://animehistory.org/gallery/screencaps/outlaw-star/episode-20/,https://animehistory.org/gallery/screencaps/outlaw-star/episode-20/,1,2026-10-07T01:50:11.753793+00:00,9b4cdb6bcce2c0c8d2a864a3be718aa651ec66f2bb44c09bd6a6fa2c7d8e76a0,,UNVERIFIED
EP-20,Cats and Girls and Spaceships,00:03:21,201,853526,https://animehistory.org/uploads/screencaps/outlaw-star-E020-Cats-and-Girls-and-Spaceships/cap_00-03-21_2370.jpg,Outlaw Star Ep 20: Cats and Girls and Spaceships @ 00:03:21,https://animehistory.org/gallery/screencaps/outlaw-star/episode-20/,https://animehistory.org/gallery/screencaps/outlaw-star/episode-20/,1,2026-10-07T01:50:11.753793+00:00,9b4cdb6bcce2c0c8d2a864a3be718aa651ec66f2bb44c09bd6a6fa2c7d8e76a0,,UNVERIFIED
EP-20,Cats and Girls and Spaceships,00:03:25,205,853527,https://animehistory.org/uploads/screencaps/outlaw-star-E020-Cats-and-Girls-and-Spaceships/cap_00-03-25_0e45.jpg,Outlaw Star Ep 20: Cats and Girls and Spaceships @ 00:03:25,https://animehistory.org/gallery/screencaps/outlaw-star/episode-20/,https://animehistory.org/gallery/screencaps/outlaw-star/episode-20/,1,2026-10-07T01:50:11.753793+00:00,9b4cdb6bcce2c0c8d2a864a3be718aa651ec66f2bb44c09bd6a6fa2c7d8e76a0,,UNVERIFIED
EP-20,Cats and Girls and Spaceships,00:03:29,209,853528,https://animehistory.org/uploads/screencaps/outlaw-star-E020-Cats-and-Girls-and-Spaceships/cap_00-03-29_3573.jpg,Outlaw Star Ep 20: Cats and Girls and Spaceships @ 00:03:29,https://animehistory.org/gallery/screencaps/outlaw-star/episode-20/,https://animehistory.org/gallery/screencaps/outlaw-star/episode-20/,1,2026-10-07T01:50:11.753793+00:00,9b4cdb6bcce2c0c8d2a864a3be718aa651ec66f2bb44c09bd6a6fa2c7d8e76a0,,UNVERIFIED
EP-20,Cats and Girls and Spaceships,00:03:32,212,853529,https://animehistory.org/uploads/screencaps/outlaw-star-E020-Cats-and-Girls-and-Spaceships/cap_00-03-32_7e81.jpg,Outlaw Star Ep 20: Cats and Girls and Spaceships @ 00:03:32,https://animehistory.org/gallery/screencaps/outlaw-star/episode-20/,https://animehistory.org/gallery/screencaps/outlaw-star/episode-20/,1,2026-10-07T01:50:11.753793+00:00,9b4cdb6bcce2c0c8d2a864a3be718aa651ec66f2bb44c09bd6a6fa2c7d8e76a0,,UNVERIFIED
EP-20,Cats and Girls and Spaceships,00:03:36,216,853530,https://animehistory.org/uploads/screencaps/outlaw-star-E020-Cats-and-Girls-and-Spaceships/cap_00-03-36_32cd.jpg,Outlaw Star Ep 20: Cats and Girls and Spaceships @ 00:03:36,https://animehistory.org/gallery/screencaps/outlaw-star/episode-20/,https://animehistory.org/gallery/screencaps/outlaw-star/episode-20/,1,2026-10-07T01:50:11.753793+00:00,9b4cdb6bcce2c0c8d2a864a3be718aa651ec66f2bb44c09bd6a6fa2c7d8e76a0,,UNVERIFIED
EP-20,Cats and Girls and Spaceships,00:03:40,220,853531,https://animehistory.org/uploads/screencaps/outlaw-star-E020-Cats-and-Girls-and-Spaceships/cap_00-03-40_33f4.jpg,Outlaw Star Ep 20: Cats and Girls and Spaceships @ 00:03:40,https://animehistory.org/gallery/screencaps/outlaw-star/episode-20/,https://animehistory.org/gallery/screencaps/outlaw-star/episode-20/,1,2026-10-07T01:50:11.753793+00:00,9b4cdb6bcce2c0c8d2a864a3be718aa651ec66f2bb44c09bd6a6fa2c7d8e76a0,,UNVERIFIED
EP-20,Cats and Girls and Spaceships,00:03:43,223,853532,https://animehistory.org/uploads/screencaps/outlaw-star-E020-Cats-and-Girls-and-Spaceships/cap_00-03-43_0041.jpg,Outlaw Star Ep 20: Cats and Girls and Spaceships @ 00:03:43,https://animehistory.org/gallery/screencaps/outlaw-star/episode-20/,https://animehistory.org/gallery/screencaps/outlaw-star/episode-20/,1,2026-10-07T01:50:11.753793+00:00,9b4cdb6bcce2c0c8d2a864a3be718aa651ec66f2bb44c09bd6a6fa2c7d8e76a0,,UNVERIFIED
EP-20,Cats and Girls and Spaceships,00:03:47,227,853533,https://animehistory.org/uploads/screencaps/outlaw-star-E020-Cats-and-Girls-and-Spaceships/cap_00-03-47_3e62.jpg,Outlaw Star Ep 20: Cats and Girls and Spaceships @ 00:03:47,https://animehistory.org/gallery/screencaps/outlaw-star/episode-20/,https://animehistory.org/gallery/screencaps/outlaw-star/episode-20/,1,2026-10-07T01:50:11.753793+00:00,9b4cdb6bcce2c0c8d2a864a3be718aa651ec66f2bb44c09bd6a6fa2c7d8e76a0,,UNVERIFIED
EP-20,Cats and Girls and Spaceships,00:03:50,230,853534,https://animehistory.org/uploads/screencaps/outlaw-star-E020-Cats-and-Girls-and-Spaceships/cap_00-03-50_1ee8.jpg,Outlaw Star Ep 20: Cats and Girls and Spaceships @ 00:03:50,https://animehistory.org/gallery/screencaps/outlaw-star/episode-20/,https://animehistory.org/gallery/screencaps/outlaw-star/episode-20/,1,2026-10-07T01:50:11.753793+00:00,9b4cdb6bcce2c0c8d2a864a3be718aa651ec66f2bb44c09bd6a6fa2c7d8e76a0,,UNVERIFIED
EP-20,Cats and Girls and Spaceships,00:03:54,234,853535,https://animehistory.org/uploads/screencaps/outlaw-star-E020-Cats-and-Girls-and-Spaceships/cap_00-03-54_4fd0.jpg,Outlaw Star Ep 20: Cats and Girls and Spaceships @ 00:03:54,https://animehistory.org/gallery/screencaps/outlaw-star/episode-20/,https://animehistory.org/gallery/screencaps/outlaw-star/episode-20/,1,2026-10-07T01:50:11.753793+00:00,9b4cdb6bcce2c0c8d2a864a3be718aa651ec66f2bb44c09bd6a6fa2c7d8e76a0,,UNVERIFIED
EP-20,Cats and Girls and Spaceships,00:03:58,238,853536,https://animehistory.org/uploads/screencaps/outlaw-star-E020-Cats-and-Girls-and-Spaceships/cap_00-03-58_205d.jpg,Outlaw Star Ep 20: Cats and Girls and Spaceships @ 00:03:58,https://animehistory.org/gallery/screencaps/outlaw-star/episode-20/,https://animehistory.org/gallery/screencaps/outlaw-star/episode-20/,1,2026-10-07T01:50:11.753793+00:00,9b4cdb6bcce2c0c8d2a864a3be718aa651ec66f2bb44c09bd6a6fa2c7d8e76a0,,UNVERIFIED
EP-20,Cats and Girls and Spaceships,00:04:01,241,853537,https://animehistory.org/uploads/screencaps/outlaw-star-E020-Cats-and-Girls-and-Spaceships/cap_00-04-01_2274.jpg,Outlaw Star Ep 20: Cats and Girls and Spaceships @ 00:04:01,https://animehistory.org/gallery/screencaps/outlaw-star/episode-20/,https://animehistory.org/gallery/screencaps/outlaw-star/episode-20/,1,2026-10-07T01:50:11.753793+00:00,9b4cdb6bcce2c0c8d2a864a3be718aa651ec66f2bb44c09bd6a6fa2c7d8e76a0,,UNVERIFIED
EP-20,Cats and Girls and Spaceships,00:04:05,245,853538,https://animehistory.org/uploads/screencaps/outlaw-star-E020-Cats-and-Girls-and-Spaceships/cap_00-04-05_7fc9.jpg,Outlaw Star Ep 20: Cats and Girls and Spaceships @ 00:04:05,https://animehistory.org/gallery/screencaps/outlaw-star/episode-20/,https://animehistory.org/gallery/screencaps/outlaw-star/episode-20/,1,2026-10-07T01:50:11.753793+00:00,9b4cdb6bcce2c0c8d2a864a3be718aa651ec66f2bb44c09bd6a6fa2c7d8e76a0,,UNVERIFIED
EP-20,Cats and Girls and Spaceships,00:04:09,249,853539,https://animehistory.org/uploads/screencaps/outlaw-star-E020-Cats-and-Girls-and-Spaceships/cap_00-04-09_217d.jpg,Outlaw Star Ep 20: Cats and Girls and Spaceships @ 00:04:09,https://animehistory.org/gallery/screencaps/outlaw-star/episode-20/,https://animehistory.org/gallery/screencaps/outlaw-star/episode-20/,1,2026-10-07T01:50:11.753793+00:00,9b4cdb6bcce2c0c8d2a864a3be718aa651ec66f2bb44c09bd6a6fa2c7d8e76a0,,UNVERIFIED
EP-20,Cats and Girls and Spaceships,00:04:12,252,853540,https://animehistory.org/uploads/screencaps/outlaw-star-E020-Cats-and-Girls-and-Spaceships/cap_00-04-12_540a.jpg,Outlaw Star Ep 20: Cats and Girls and Spaceships @ 00:04:12,https://animehistory.org/gallery/screencaps/outlaw-star/episode-20/,https://animehistory.org/gallery/screencaps/outlaw-star/episode-20/,1,2026-10-07T01:50:11.753793+00:00,9b4cdb6bcce2c0c8d2a864a3be718aa651ec66f2bb44c09bd6a6fa2c7d8e76a0,,UNVERIFIED
EP-20,Cats and Girls and Spaceships,00:04:16,256,853541,https://animehistory.org/uploads/screencaps/outlaw-star-E020-Cats-and-Girls-and-Spaceships/cap_00-04-16_4545.jpg,Outlaw Star Ep 20: Cats and Girls and Spaceships @ 00:04:16,https://animehistory.org/gallery/screencaps/outlaw-star/episode-20/,https://animehistory.org/gallery/screencaps/outlaw-star/episode-20/,1,2026-10-07T01:50:11.753793+00:00,9b4cdb6bcce2c0c8d2a864a3be718aa651ec66f2bb44c09bd6a6fa2c7d8e76a0,,UNVERIFIED
EP-20,Cats and Girls and Spaceships,00:04:20,260,853542,https://animehistory.org/uploads/screencaps/outlaw-star-E020-Cats-and-Girls-and-Spaceships/cap_00-04-20_7c4b.jpg,Outlaw Star Ep 20: Cats and Girls and Spaceships @ 00:04:20,https://animehistory.org/gallery/screencaps/outlaw-star/episode-20/,https://animehistory.org/gallery/screencaps/outlaw-star/episode-20/,1,2026-10-07T01:50:11.753793+00:00,9b4cdb6bcce2c0c8d2a864a3be718aa651ec66f2bb44c09bd6a6fa2c7d8e76a0,,UNVERIFIED
EP-20,Cats and Girls and Spaceships,00:04:23,263,853543,https://animehistory.org/uploads/screencaps/outlaw-star-E020-Cats-and-Girls-and-Spaceships/cap_00-04-23_38e7.jpg,Outlaw Star Ep 20: Cats and Girls and Spaceships @ 00:04:23,https://animehistory.org/gallery/screencaps/outlaw-star/episode-20/,https://animehistory.org/gallery/screencaps/outlaw-star/episode-20/,1,2026-10-07T01:50:11.753793+00:00,9b4cdb6bcce2c0c8d2a864a3be718aa651ec66f2bb44c09bd6a6fa2c7d8e76a0,,UNVERIFIED
EP-20,Cats and Girls and Spaceships,00:04:27,267,853544,https://animehistory.org/uploads/screencaps/outlaw-star-E020-Cats-and-Girls-and-Spaceships/cap_00-04-27_1af6.jpg,Outlaw Star Ep 20: Cats and Girls and Spaceships @ 00:04:27,https://animehistory.org/gallery/screencaps/outlaw-star/episode-20/,https://animehistory.org/gallery/screencaps/outlaw-star/episode-20/,1,2026-10-07T01:50:11.753793+00:00,9b4cdb6bcce2c0c8d2a864a3be718aa651ec66f2bb44c09bd6a6fa2c7d8e76a0,,UNVERIFIED
EP-20,Cats and Girls and Spaceships,00:04:30,270,853545,https://animehistory.org/uploads/screencaps/outlaw-star-E020-Cats-and-Girls-and-Spaceships/cap_00-04-30_5543.jpg,Outlaw Star Ep 20: Cats and Girls and Spaceships @ 00:04:30,https://animehistory.org/gallery/screencaps/outlaw-star/episode-20/,https://animehistory.org/gallery/screencaps/outlaw-star/episode-20/,1,2026-10-07T01:50:11.753793+00:00,9b4cdb6bcce2c0c8d2a864a3be718aa651ec66f2bb44c09bd6a6fa2c7d8e76a0,,UNVERIFIED
EP-20,Cats and Girls and Spaceships,00:04:34,274,853546,https://animehistory.org/uploads/screencaps/outlaw-star-E020-Cats-and-Girls-and-Spaceships/cap_00-04-34_439a.jpg,Outlaw Star Ep 20: Cats and Girls and Spaceships @ 00:04:34,https://animehistory.org/gallery/screencaps/outlaw-star/episode-20/,https://animehistory.org/gallery/screencaps/outlaw-star/episode-20/,1,2026-10-07T01:50:11.753793+00:00,9b4cdb6bcce2c0c8d2a864a3be718aa651ec66f2bb44c09bd6a6fa2c7d8e76a0,,UNVERIFIED
EP-20,Cats and Girls and Spaceships,00:04:38,278,853547,https://animehistory.org/uploads/screencaps/outlaw-star-E020-Cats-and-Girls-and-Spaceships/cap_00-04-38_38e3.jpg,Outlaw Star Ep 20: Cats and Girls and Spaceships @ 00:04:38,https://animehistory.org/gallery/screencaps/outlaw-star/episode-20/,https://animehistory.org/gallery/screencaps/outlaw-star/episode-20/,1,2026-10-07T01:50:11.753793+00:00,9b4cdb6bcce2c0c8d2a864a3be718aa651ec66f2bb44c09bd6a6fa2c7d8e76a0,,UNVERIFIED
EP-20,Cats and Girls and Spaceships,00:04:41,281,853548,https://animehistory.org/uploads/screencaps/outlaw-star-E020-Cats-and-Girls-and-Spaceships/cap_00-04-41_0c2f.jpg,Outlaw Star Ep 20: Cats and Girls and Spaceships @ 00:04:41,https://animehistory.org/gallery/screencaps/outlaw-star/episode-20/,https://animehistory.org/gallery/screencaps/outlaw-star/episode-20/,1,2026-10-07T01:50:11.753793+00:00,9b4cdb6bcce2c0c8d2a864a3be718aa651ec66f2bb44c09bd6a6fa2c7d8e76a0,,UNVERIFIED
EP-20,Cats and Girls and Spaceships,00:04:45,285,853549,https://animehistory.org/uploads/screencaps/outlaw-star-E020-Cats-and-Girls-and-Spaceships/cap_00-04-45_1410.jpg,Outlaw Star Ep 20: Cats and Girls and Spaceships @ 00:04:45,https://animehistory.org/gallery/screencaps/outlaw-star/episode-20/,https://animehistory.org/gallery/screencaps/outlaw-star/episode-20/,1,2026-10-07T01:50:11.753793+00:00,9b4cdb6bcce2c0c8d2a864a3be718aa651ec66f2bb44c09bd6a6fa2c7d8e76a0,,UNVERIFIED
EP-20,Cats and Girls and Spaceships,00:04:49,289,853550,https://animehistory.org/uploads/screencaps/outlaw-star-E020-Cats-and-Girls-and-Spaceships/cap_00-04-49_7f6d.jpg,Outlaw Star Ep 20: Cats and Girls and Spaceships @ 00:04:49,https://animehistory.org/gallery/screencaps/outlaw-star/episode-20/,https://animehistory.org/gallery/screencaps/outlaw-star/episode-20/,1,2026-10-07T01:50:11.753793+00:00,9b4cdb6bcce2c0c8d2a864a3be718aa651ec66f2bb44c09bd6a6fa2c7d8e76a0,,UNVERIFIED
EP-20,Cats and Girls and Spaceships,00:04:52,292,853551,https://animehistory.org/uploads/screencaps/outlaw-star-E020-Cats-and-Girls-and-Spaceships/cap_00-04-52_08a9.jpg,Outlaw Star Ep 20: Cats and Girls and Spaceships @ 00:04:52,https://animehistory.org/gallery/screencaps/outlaw-star/episode-20/,https://animehistory.org/gallery/screencaps/outlaw-star/episode-20/,1,2026-10-07T01:50:11.753793+00:00,9b4cdb6bcce2c0c8d2a864a3be718aa651ec66f2bb44c09bd6a6fa2c7d8e76a0,,UNVERIFIED
EP-20,Cats and Girls and Spaceships,00:04:56,296,853552,https://animehistory.org/uploads/screencaps/outlaw-star-E020-Cats-and-Girls-and-Spaceships/cap_00-04-56_228e.jpg,Outlaw Star Ep 20: Cats and Girls and Spaceships @ 00:04:56,https://animehistory.org/gallery/screencaps/outlaw-star/episode-20/,https://animehistory.org/gallery/screencaps/outlaw-star/episode-20/,1,2026-10-07T01:50:11.753793+00:00,9b4cdb6bcce2c0c8d2a864a3be718aa651ec66f2bb44c09bd6a6fa2c7d8e76a0,,UNVERIFIED
EP-20,Cats and Girls and Spaceships,00:05:00,300,853553,https://animehistory.org/uploads/screencaps/outlaw-star-E020-Cats-and-Girls-and-Spaceships/cap_00-05-00_1b76.jpg,Outlaw Star Ep 20: Cats and Girls and Spaceships @ 00:05:00,https://animehistory.org/gallery/screencaps/outlaw-star/episode-20/,https://animehistory.org/gallery/screencaps/outlaw-star/episode-20/,1,2026-10-07T01:50:11.753793+00:00,9b4cdb6bcce2c0c8d2a864a3be718aa651ec66f2bb44c09bd6a6fa2c7d8e76a0,,UNVERIFIED
EP-20,Cats and Girls and Spaceships,00:05:03,303,853554,https://animehistory.org/uploads/screencaps/outlaw-star-E020-Cats-and-Girls-and-Spaceships/cap_00-05-03_740d.jpg,Outlaw Star Ep 20: Cats and Girls and Spaceships @ 00:05:03,https://animehistory.org/gallery/screencaps/outlaw-star/episode-20/,https://animehistory.org/gallery/screencaps/outlaw-star/episode-20/,1,2026-10-07T01:50:11.753793+00:00,9b4cdb6bcce2c0c8d2a864a3be718aa651ec66f2bb44c09bd6a6fa2c7d8e76a0,,UNVERIFIED
EP-20,Cats and Girls and Spaceships,00:05:07,307,853555,https://animehistory.org/uploads/screencaps/outlaw-star-E020-Cats-and-Girls-and-Spaceships/cap_00-05-07_045b.jpg,Outlaw Star Ep 20: Cats and Girls and Spaceships @ 00:05:07,https://animehistory.org/gallery/screencaps/outlaw-star/episode-20/,https://animehistory.org/gallery/screencaps/outlaw-star/episode-20/,1,2026-10-07T01:50:11.753793+00:00,9b4cdb6bcce2c0c8d2a864a3be718aa651ec66f2bb44c09bd6a6fa2c7d8e76a0,,UNVERIFIED
EP-20,Cats and Girls and Spaceships,00:05:10,310,853556,https://animehistory.org/uploads/screencaps/outlaw-star-E020-Cats-and-Girls-and-Spaceships/cap_00-05-10_7fd1.jpg,Outlaw Star Ep 20: Cats and Girls and Spaceships @ 00:05:10,https://animehistory.org/gallery/screencaps/outlaw-star/episode-20/,https://animehistory.org/gallery/screencaps/outlaw-star/episode-20/,1,2026-10-07T01:50:11.753793+00:00,9b4cdb6bcce2c0c8d2a864a3be718aa651ec66f2bb44c09bd6a6fa2c7d8e76a0,,UNVERIFIED
EP-20,Cats and Girls and Spaceships,00:05:14,314,853557,https://animehistory.org/uploads/screencaps/outlaw-star-E020-Cats-and-Girls-and-Spaceships/cap_00-05-14_5c61.jpg,Outlaw Star Ep 20: Cats and Girls and Spaceships @ 00:05:14,https://animehistory.org/gallery/screencaps/outlaw-star/episode-20/,https://animehistory.org/gallery/screencaps/outlaw-star/episode-20/,1,2026-10-07T01:50:11.753793+00:00,9b4cdb6bcce2c0c8d2a864a3be718aa651ec66f2bb44c09bd6a6fa2c7d8e76a0,,UNVERIFIED
EP-20,Cats and Girls and Spaceships,00:05:18,318,853558,https://animehistory.org/uploads/screencaps/outlaw-star-E020-Cats-and-Girls-and-Spaceships/cap_00-05-18_7a9a.jpg,Outlaw Star Ep 20: Cats and Girls and Spaceships @ 00:05:18,https://animehistory.org/gallery/screencaps/outlaw-star/episode-20/,https://animehistory.org/gallery/screencaps/outlaw-star/episode-20/,1,2026-10-07T01:50:11.753793+00:00,9b4cdb6bcce2c0c8d2a864a3be718aa651ec66f2bb44c09bd6a6fa2c7d8e76a0,,UNVERIFIED
EP-20,Cats and Girls and Spaceships,00:05:21,321,853559,https://animehistory.org/uploads/screencaps/outlaw-star-E020-Cats-and-Girls-and-Spaceships/cap_00-05-21_108a.jpg,Outlaw Star Ep 20: Cats and Girls and Spaceships @ 00:05:21,https://animehistory.org/gallery/screencaps/outlaw-star/episode-20/,https://animehistory.org/gallery/screencaps/outlaw-star/episode-20/,1,2026-10-07T01:50:11.753793+00:00,9b4cdb6bcce2c0c8d2a864a3be718aa651ec66f2bb44c09bd6a6fa2c7d8e76a0,,UNVERIFIED
EP-20,Cats and Girls and Spaceships,00:05:25,325,853560,https://animehistory.org/uploads/screencaps/outlaw-star-E020-Cats-and-Girls-and-Spaceships/cap_00-05-25_7485.jpg,Outlaw Star Ep 20: Cats and Girls and Spaceships @ 00:05:25,https://animehistory.org/gallery/screencaps/outlaw-star/episode-20/,https://animehistory.org/gallery/screencaps/outlaw-star/episode-20/,1,2026-10-07T01:50:11.753793+00:00,9b4cdb6bcce2c0c8d2a864a3be718aa651ec66f2bb44c09bd6a6fa2c7d8e76a0,,UNVERIFIED
EP-20,Cats and Girls and Spaceships,00:05:29,329,853561,https://animehistory.org/uploads/screencaps/outlaw-star-E020-Cats-and-Girls-and-Spaceships/cap_00-05-29_1d5a.jpg,Outlaw Star Ep 20: Cats and Girls and Spaceships @ 00:05:29,https://animehistory.org/gallery/screencaps/outlaw-star/episode-20/,https://animehistory.org/gallery/screencaps/outlaw-star/episode-20/,1,2026-10-07T01:50:11.753793+00:00,9b4cdb6bcce2c0c8d2a864a3be718aa651ec66f2bb44c09bd6a6fa2c7d8e76a0,,UNVERIFIED
EP-20,Cats and Girls and Spaceships,00:05:32,332,853562,https://animehistory.org/uploads/screencaps/outlaw-star-E020-Cats-and-Girls-and-Spaceships/cap_00-05-32_6287.jpg,Outlaw Star Ep 20: Cats and Girls and Spaceships @ 00:05:32,https://animehistory.org/gallery/screencaps/outlaw-star/episode-20/,https://animehistory.org/gallery/screencaps/outlaw-star/episode-20/,1,2026-10-07T01:50:11.753793+00:00,9b4cdb6bcce2c0c8d2a864a3be718aa651ec66f2bb44c09bd6a6fa2c7d8e76a0,,UNVERIFIED
EP-20,Cats and Girls and Spaceships,00:05:36,336,853563,https://animehistory.org/uploads/screencaps/outlaw-star-E020-Cats-and-Girls-and-Spaceships/cap_00-05-36_2071.jpg,Outlaw Star Ep 20: Cats and Girls and Spaceships @ 00:05:36,https://animehistory.org/gallery/screencaps/outlaw-star/episode-20/,https://animehistory.org/gallery/screencaps/outlaw-star/episode-20/,1,2026-10-07T01:50:11.753793+00:00,9b4cdb6bcce2c0c8d2a864a3be718aa651ec66f2bb44c09bd6a6fa2c7d8e76a0,,UNVERIFIED
EP-20,Cats and Girls and Spaceships,00:05:40,340,853564,https://animehistory.org/uploads/screencaps/outlaw-star-E020-Cats-and-Girls-and-Spaceships/cap_00-05-40_774d.jpg,Outlaw Star Ep 20: Cats and Girls and Spaceships @ 00:05:40,https://animehistory.org/gallery/screencaps/outlaw-star/episode-20/,https://animehistory.org/gallery/screencaps/outlaw-star/episode-20/,1,2026-10-07T01:50:11.753793+00:00,9b4cdb6bcce2c0c8d2a864a3be718aa651ec66f2bb44c09bd6a6fa2c7d8e76a0,,UNVERIFIED
EP-20,Cats and Girls and Spaceships,00:05:43,343,853565,https://animehistory.org/uploads/screencaps/outlaw-star-E020-Cats-and-Girls-and-Spaceships/cap_00-05-43_7a4f.jpg,Outlaw Star Ep 20: Cats and Girls and Spaceships @ 00:05:43,https://animehistory.org/gallery/screencaps/outlaw-star/episode-20/,https://animehistory.org/gallery/screencaps/outlaw-star/episode-20/,1,2026-10-07T01:50:11.753793+00:00,9b4cdb6bcce2c0c8d2a864a3be718aa651ec66f2bb44c09bd6a6fa2c7d8e76a0,,UNVERIFIED
EP-20,Cats and Girls and Spaceships,00:05:47,347,853566,https://animehistory.org/uploads/screencaps/outlaw-star-E020-Cats-and-Girls-and-Spaceships/cap_00-05-47_3c96.jpg,Outlaw Star Ep 20: Cats and Girls and Spaceships @ 00:05:47,https://animehistory.org/gallery/screencaps/outlaw-star/episode-20/,https://animehistory.org/gallery/screencaps/outlaw-star/episode-20/,1,2026-10-07T01:50:11.753793+00:00,9b4cdb6bcce2c0c8d2a864a3be718aa651ec66f2bb44c09bd6a6fa2c7d8e76a0,,UNVERIFIED
EP-20,Cats and Girls and Spaceships,00:05:50,350,853567,https://animehistory.org/uploads/screencaps/outlaw-star-E020-Cats-and-Girls-and-Spaceships/cap_00-05-50_60ce.jpg,Outlaw Star Ep 20: Cats and Girls and Spaceships @ 00:05:50,https://animehistory.org/gallery/screencaps/outlaw-star/episode-20/,https://animehistory.org/gallery/screencaps/outlaw-star/episode-20/,1,2026-10-07T01:50:11.753793+00:00,9b4cdb6bcce2c0c8d2a864a3be718aa651ec66f2bb44c09bd6a6fa2c7d8e76a0,,UNVERIFIED
EP-20,Cats and Girls and Spaceships,00:05:54,354,853568,https://animehistory.org/uploads/screencaps/outlaw-star-E020-Cats-and-Girls-and-Spaceships/cap_00-05-54_216b.jpg,Outlaw Star Ep 20: Cats and Girls and Spaceships @ 00:05:54,https://animehistory.org/gallery/screencaps/outlaw-star/episode-20/,https://animehistory.org/gallery/screencaps/outlaw-star/episode-20/,1,2026-10-07T01:50:11.753793+00:00,9b4cdb6bcce2c0c8d2a864a3be718aa651ec66f2bb44c09bd6a6fa2c7d8e76a0,,UNVERIFIED
EP-20,Cats and Girls and Spaceships,00:05:58,358,853569,https://animehistory.org/uploads/screencaps/outlaw-star-E020-Cats-and-Girls-and-Spaceships/cap_00-05-58_68d3.jpg,Outlaw Star Ep 20: Cats and Girls and Spaceships @ 00:05:58,https://animehistory.org/gallery/screencaps/outlaw-star/episode-20/,https://animehistory.org/gallery/screencaps/outlaw-star/episode-20/,1,2026-10-07T01:50:11.753793+00:00,9b4cdb6bcce2c0c8d2a864a3be718aa651ec66f2bb44c09bd6a6fa2c7d8e76a0,,UNVERIFIED
EP-20,Cats and Girls and Spaceships,00:06:01,361,853570,https://animehistory.org/uploads/screencaps/outlaw-star-E020-Cats-and-Girls-and-Spaceships/cap_00-06-01_5f18.jpg,Outlaw Star Ep 20: Cats and Girls and Spaceships @ 00:06:01,https://animehistory.org/gallery/screencaps/outlaw-star/episode-20/,https://animehistory.org/gallery/screencaps/outlaw-star/episode-20/,1,2026-10-07T01:50:11.753793+00:00,9b4cdb6bcce2c0c8d2a864a3be718aa651ec66f2bb44c09bd6a6fa2c7d8e76a0,,UNVERIFIED
EP-20,Cats and Girls and Spaceships,00:06:05,365,853571,https://animehistory.org/uploads/screencaps/outlaw-star-E020-Cats-and-Girls-and-Spaceships/cap_00-06-05_0299.jpg,Outlaw Star Ep 20: Cats and Girls and Spaceships @ 00:06:05,https://animehistory.org/gallery/screencaps/outlaw-star/episode-20/,https://animehistory.org/gallery/screencaps/outlaw-star/episode-20/,1,2026-10-07T01:50:11.753793+00:00,9b4cdb6bcce2c0c8d2a864a3be718aa651ec66f2bb44c09bd6a6fa2c7d8e76a0,,UNVERIFIED
EP-20,Cats and Girls and Spaceships,00:06:09,369,853572,https://animehistory.org/uploads/screencaps/outlaw-star-E020-Cats-and-Girls-and-Spaceships/cap_00-06-09_1f90.jpg,Outlaw Star Ep 20: Cats and Girls and Spaceships @ 00:06:09,https://animehistory.org/gallery/screencaps/outlaw-star/episode-20/,https://animehistory.org/gallery/screencaps/outlaw-star/episode-20/,1,2026-10-07T01:50:11.753793+00:00,9b4cdb6bcce2c0c8d2a864a3be718aa651ec66f2bb44c09bd6a6fa2c7d8e76a0,,UNVERIFIED
EP-20,Cats and Girls and Spaceships,00:06:12,372,853573,https://animehistory.org/uploads/screencaps/outlaw-star-E020-Cats-and-Girls-and-Spaceships/cap_00-06-12_7cb7.jpg,Outlaw Star Ep 20: Cats and Girls and Spaceships @ 00:06:12,https://animehistory.org/gallery/screencaps/outlaw-star/episode-20/,https://animehistory.org/gallery/screencaps/outlaw-star/episode-20/,1,2026-10-07T01:50:11.753793+00:00,9b4cdb6bcce2c0c8d2a864a3be718aa651ec66f2bb44c09bd6a6fa2c7d8e76a0,,UNVERIFIED
EP-20,Cats and Girls and Spaceships,00:06:16,376,853574,https://animehistory.org/uploads/screencaps/outlaw-star-E020-Cats-and-Girls-and-Spaceships/cap_00-06-16_6e1e.jpg,Outlaw Star Ep 20: Cats and Girls and Spaceships @ 00:06:16,https://animehistory.org/gallery/screencaps/outlaw-star/episode-20/,https://animehistory.org/gallery/screencaps/outlaw-star/episode-20/,1,2026-10-07T01:50:11.753793+00:00,9b4cdb6bcce2c0c8d2a864a3be718aa651ec66f2bb44c09bd6a6fa2c7d8e76a0,,UNVERIFIED
EP-20,Cats and Girls and Spaceships,00:06:20,380,853575,https://animehistory.org/uploads/screencaps/outlaw-star-E020-Cats-and-Girls-and-Spaceships/cap_00-06-20_6d41.jpg,Outlaw Star Ep 20: Cats and Girls and Spaceships @ 00:06:20,https://animehistory.org/gallery/screencaps/outlaw-star/episode-20/,https://animehistory.org/gallery/screencaps/outlaw-star/episode-20/,1,2026-10-07T01:50:11.753793+00:00,9b4cdb6bcce2c0c8d2a864a3be718aa651ec66f2bb44c09bd6a6fa2c7d8e76a0,,UNVERIFIED
EP-20,Cats and Girls and Spaceships,00:06:23,383,853576,https://animehistory.org/uploads/screencaps/outlaw-star-E020-Cats-and-Girls-and-Spaceships/cap_00-06-23_67d8.jpg,Outlaw Star Ep 20: Cats and Girls and Spaceships @ 00:06:23,https://animehistory.org/gallery/screencaps/outlaw-star/episode-20/,https://animehistory.org/gallery/screencaps/outlaw-star/episode-20/,1,2026-10-07T01:50:11.753793+00:00,9b4cdb6bcce2c0c8d2a864a3be718aa651ec66f2bb44c09bd6a6fa2c7d8e76a0,,UNVERIFIED
EP-20,Cats and Girls and Spaceships,00:06:27,387,853577,https://animehistory.org/uploads/screencaps/outlaw-star-E020-Cats-and-Girls-and-Spaceships/cap_00-06-27_2ebd.jpg,Outlaw Star Ep 20: Cats and Girls and Spaceships @ 00:06:27,https://animehistory.org/gallery/screencaps/outlaw-star/episode-20/,https://animehistory.org/gallery/screencaps/outlaw-star/episode-20/,1,2026-10-07T01:50:11.753793+00:00,9b4cdb6bcce2c0c8d2a864a3be718aa651ec66f2bb44c09bd6a6fa2c7d8e76a0,,UNVERIFIED
EP-20,Cats and Girls and Spaceships,00:06:30,390,853578,https://animehistory.org/uploads/screencaps/outlaw-star-E020-Cats-and-Girls-and-Spaceships/cap_00-06-30_684e.jpg,Outlaw Star Ep 20: Cats and Girls and Spaceships @ 00:06:30,https://animehistory.org/gallery/screencaps/outlaw-star/episode-20/,https://animehistory.org/gallery/screencaps/outlaw-star/episode-20/,1,2026-10-07T01:50:11.753793+00:00,9b4cdb6bcce2c0c8d2a864a3be718aa651ec66f2bb44c09bd6a6fa2c7d8e76a0,,UNVERIFIED
EP-20,Cats and Girls and Spaceships,00:06:34,394,853579,https://animehistory.org/uploads/screencaps/outlaw-star-E020-Cats-and-Girls-and-Spaceships/cap_00-06-34_5b0d.jpg,Outlaw Star Ep 20: Cats and Girls and Spaceships @ 00:06:34,https://animehistory.org/gallery/screencaps/outlaw-star/episode-20/,https://animehistory.org/gallery/screencaps/outlaw-star/episode-20/,1,2026-10-07T01:50:11.753793+00:00,9b4cdb6bcce2c0c8d2a864a3be718aa651ec66f2bb44c09bd6a6fa2c7d8e76a0,,UNVERIFIED
EP-20,Cats and Girls and Spaceships,00:06:38,398,853580,https://animehistory.org/uploads/screencaps/outlaw-star-E020-Cats-and-Girls-and-Spaceships/cap_00-06-38_6ab7.jpg,Outlaw Star Ep 20: Cats and Girls and Spaceships @ 00:06:38,https://animehistory.org/gallery/screencaps/outlaw-star/episode-20/,https://animehistory.org/gallery/screencaps/outlaw-star/episode-20/,1,2026-10-07T01:50:11.753793+00:00,9b4cdb6bcce2c0c8d2a864a3be718aa651ec66f2bb44c09bd6a6fa2c7d8e76a0,,UNVERIFIED
EP-20,Cats and Girls and Spaceships,00:06:41,401,853581,https://animehistory.org/uploads/screencaps/outlaw-star-E020-Cats-and-Girls-and-Spaceships/cap_00-06-41_5db0.jpg,Outlaw Star Ep 20: Cats and Girls and Spaceships @ 00:06:41,https://animehistory.org/gallery/screencaps/outlaw-star/episode-20/,https://animehistory.org/gallery/screencaps/outlaw-star/episode-20/,1,2026-10-07T01:50:11.753793+00:00,9b4cdb6bcce2c0c8d2a864a3be718aa651ec66f2bb44c09bd6a6fa2c7d8e76a0,,UNVERIFIED
EP-20,Cats and Girls and Spaceships,00:06:45,405,853582,https://animehistory.org/uploads/screencaps/outlaw-star-E020-Cats-and-Girls-and-Spaceships/cap_00-06-45_29b9.jpg,Outlaw Star Ep 20: Cats and Girls and Spaceships @ 00:06:45,https://animehistory.org/gallery/screencaps/outlaw-star/episode-20/,https://animehistory.org/gallery/screencaps/outlaw-star/episode-20/,1,2026-10-07T01:50:11.753793+00:00,9b4cdb6bcce2c0c8d2a864a3be718aa651ec66f2bb44c09bd6a6fa2c7d8e76a0,,UNVERIFIED
EP-20,Cats and Girls and Spaceships,00:06:49,409,853583,https://animehistory.org/uploads/screencaps/outlaw-star-E020-Cats-and-Girls-and-Spaceships/cap_00-06-49_78e8.jpg,Outlaw Star Ep 20: Cats and Girls and Spaceships @ 00:06:49,https://animehistory.org/gallery/screencaps/outlaw-star/episode-20/,https://animehistory.org/gallery/screencaps/outlaw-star/episode-20/,1,2026-10-07T01:50:11.753793+00:00,9b4cdb6bcce2c0c8d2a864a3be718aa651ec66f2bb44c09bd6a6fa2c7d8e76a0,,UNVERIFIED
EP-20,Cats and Girls and Spaceships,00:06:52,412,853584,https://animehistory.org/uploads/screencaps/outlaw-star-E020-Cats-and-Girls-and-Spaceships/cap_00-06-52_2b22.jpg,Outlaw Star Ep 20: Cats and Girls and Spaceships @ 00:06:52,https://animehistory.org/gallery/screencaps/outlaw-star/episode-20/,https://animehistory.org/gallery/screencaps/outlaw-star/episode-20/,1,2026-10-07T01:50:11.753793+00:00,9b4cdb6bcce2c0c8d2a864a3be718aa651ec66f2bb44c09bd6a6fa2c7d8e76a0,,UNVERIFIED
EP-20,Cats and Girls and Spaceships,00:06:56,416,853585,https://animehistory.org/uploads/screencaps/outlaw-star-E020-Cats-and-Girls-and-Spaceships/cap_00-06-56_4c5c.jpg,Outlaw Star Ep 20: Cats and Girls and Spaceships @ 00:06:56,https://animehistory.org/gallery/screencaps/outlaw-star/episode-20/,https://animehistory.org/gallery/screencaps/outlaw-star/episode-20/,1,2026-10-07T01:50:11.753793+00:00,9b4cdb6bcce2c0c8d2a864a3be718aa651ec66f2bb44c09bd6a6fa2c7d8e76a0,,UNVERIFIED
EP-20,Cats and Girls and Spaceships,00:07:00,420,853586,https://animehistory.org/uploads/screencaps/outlaw-star-E020-Cats-and-Girls-and-Spaceships/cap_00-07-00_3095.jpg,Outlaw Star Ep 20: Cats and Girls and Spaceships @ 00:07:00,https://animehistory.org/gallery/screencaps/outlaw-star/episode-20/,https://animehistory.org/gallery/screencaps/outlaw-star/episode-20/,1,2026-10-07T01:50:11.753793+00:00,9b4cdb6bcce2c0c8d2a864a3be718aa651ec66f2bb44c09bd6a6fa2c7d8e76a0,,UNVERIFIED
EP-20,Cats and Girls and Spaceships,00:07:03,423,853587,https://animehistory.org/uploads/screencaps/outlaw-star-E020-Cats-and-Girls-and-Spaceships/cap_00-07-03_7e0a.jpg,Outlaw Star Ep 20: Cats and Girls and Spaceships @ 00:07:03,https://animehistory.org/gallery/screencaps/outlaw-star/episode-20/,https://animehistory.org/gallery/screencaps/outlaw-star/episode-20/,1,2026-10-07T01:50:11.753793+00:00,9b4cdb6bcce2c0c8d2a864a3be718aa651ec66f2bb44c09bd6a6fa2c7d8e76a0,,UNVERIFIED
EP-20,Cats and Girls and Spaceships,00:07:07,427,853588,https://animehistory.org/uploads/screencaps/outlaw-star-E020-Cats-and-Girls-and-Spaceships/cap_00-07-07_2b43.jpg,Outlaw Star Ep 20: Cats and Girls and Spaceships @ 00:07:07,https://animehistory.org/gallery/screencaps/outlaw-star/episode-20/,https://animehistory.org/gallery/screencaps/outlaw-star/episode-20/,1,2026-10-07T01:50:11.753793+00:00,9b4cdb6bcce2c0c8d2a864a3be718aa651ec66f2bb44c09bd6a6fa2c7d8e76a0,,UNVERIFIED
EP-20,Cats and Girls and Spaceships,00:07:10,430,853589,https://animehistory.org/uploads/screencaps/outlaw-star-E020-Cats-and-Girls-and-Spaceships/cap_00-07-10_1448.jpg,Outlaw Star Ep 20: Cats and Girls and Spaceships @ 00:07:10,https://animehistory.org/gallery/screencaps/outlaw-star/episode-20/,https://animehistory.org/gallery/screencaps/outlaw-star/episode-20/,1,2026-10-07T01:50:11.753793+00:00,9b4cdb6bcce2c0c8d2a864a3be718aa651ec66f2bb44c09bd6a6fa2c7d8e76a0,,UNVERIFIED
EP-20,Cats and Girls and Spaceships,00:07:14,434,853590,https://animehistory.org/uploads/screencaps/outlaw-star-E020-Cats-and-Girls-and-Spaceships/cap_00-07-14_1f36.jpg,Outlaw Star Ep 20: Cats and Girls and Spaceships @ 00:07:14,https://animehistory.org/gallery/screencaps/outlaw-star/episode-20/,https://animehistory.org/gallery/screencaps/outlaw-star/episode-20/,1,2026-10-07T01:50:11.753793+00:00,9b4cdb6bcce2c0c8d2a864a3be718aa651ec66f2bb44c09bd6a6fa2c7d8e76a0,,UNVERIFIED
EP-20,Cats and Girls and Spaceships,00:07:18,438,853591,https://animehistory.org/uploads/screencaps/outlaw-star-E020-Cats-and-Girls-and-Spaceships/cap_00-07-18_2fac.jpg,Outlaw Star Ep 20: Cats and Girls and Spaceships @ 00:07:18,https://animehistory.org/gallery/screencaps/outlaw-star/episode-20/,https://animehistory.org/gallery/screencaps/outlaw-star/episode-20/,1,2026-10-07T01:50:11.753793+00:00,9b4cdb6bcce2c0c8d2a864a3be718aa651ec66f2bb44c09bd6a6fa2c7d8e76a0,,UNVERIFIED
EP-20,Cats and Girls and Spaceships,00:07:21,441,853592,https://animehistory.org/uploads/screencaps/outlaw-star-E020-Cats-and-Girls-and-Spaceships/cap_00-07-21_76f7.jpg,Outlaw Star Ep 20: Cats and Girls and Spaceships @ 00:07:21,https://animehistory.org/gallery/screencaps/outlaw-star/episode-20/,https://animehistory.org/gallery/screencaps/outlaw-star/episode-20/,1,2026-10-07T01:50:11.753793+00:00,9b4cdb6bcce2c0c8d2a864a3be718aa651ec66f2bb44c09bd6a6fa2c7d8e76a0,,UNVERIFIED
EP-20,Cats and Girls and Spaceships,00:07:25,445,853593,https://animehistory.org/uploads/screencaps/outlaw-star-E020-Cats-and-Girls-and-Spaceships/cap_00-07-25_576b.jpg,Outlaw Star Ep 20: Cats and Girls and Spaceships @ 00:07:25,https://animehistory.org/gallery/screencaps/outlaw-star/episode-20/,https://animehistory.org/gallery/screencaps/outlaw-star/episode-20/,1,2026-10-07T01:50:11.753793+00:00,9b4cdb6bcce2c0c8d2a864a3be718aa651ec66f2bb44c09bd6a6fa2c7d8e76a0,,UNVERIFIED
EP-20,Cats and Girls and Spaceships,00:07:29,449,853594,https://animehistory.org/uploads/screencaps/outlaw-star-E020-Cats-and-Girls-and-Spaceships/cap_00-07-29_370c.jpg,Outlaw Star Ep 20: Cats and Girls and Spaceships @ 00:07:29,https://animehistory.org/gallery/screencaps/outlaw-star/episode-20/,https://animehistory.org/gallery/screencaps/outlaw-star/episode-20/,1,2026-10-07T01:50:11.753793+00:00,9b4cdb6bcce2c0c8d2a864a3be718aa651ec66f2bb44c09bd6a6fa2c7d8e76a0,,UNVERIFIED
EP-20,Cats and Girls and Spaceships,00:07:32,452,853595,https://animehistory.org/uploads/screencaps/outlaw-star-E020-Cats-and-Girls-and-Spaceships/cap_00-07-32_5b58.jpg,Outlaw Star Ep 20: Cats and Girls and Spaceships @ 00:07:32,https://animehistory.org/gallery/screencaps/outlaw-star/episode-20/,https://animehistory.org/gallery/screencaps/outlaw-star/episode-20/,1,2026-10-07T01:50:11.753793+00:00,9b4cdb6bcce2c0c8d2a864a3be718aa651ec66f2bb44c09bd6a6fa2c7d8e76a0,,UNVERIFIED
EP-20,Cats and Girls and Spaceships,00:07:36,456,853596,https://animehistory.org/uploads/screencaps/outlaw-star-E020-Cats-and-Girls-and-Spaceships/cap_00-07-36_6350.jpg,Outlaw Star Ep 20: Cats and Girls and Spaceships @ 00:07:36,https://animehistory.org/gallery/screencaps/outlaw-star/episode-20/,https://animehistory.org/gallery/screencaps/outlaw-star/episode-20/,1,2026-10-07T01:50:11.753793+00:00,9b4cdb6bcce2c0c8d2a864a3be718aa651ec66f2bb44c09bd6a6fa2c7d8e76a0,,UNVERIFIED
EP-20,Cats and Girls and Spaceships,00:07:40,460,853597,https://animehistory.org/uploads/screencaps/outlaw-star-E020-Cats-and-Girls-and-Spaceships/cap_00-07-40_399e.jpg,Outlaw Star Ep 20: Cats and Girls and Spaceships @ 00:07:40,https://animehistory.org/gallery/screencaps/outlaw-star/episode-20/,https://animehistory.org/gallery/screencaps/outlaw-star/episode-20/,1,2026-10-07T01:50:11.753793+00:00,9b4cdb6bcce2c0c8d2a864a3be718aa651ec66f2bb44c09bd6a6fa2c7d8e76a0,,UNVERIFIED
EP-20,Cats and Girls and Spaceships,00:07:43,463,853598,https://animehistory.org/uploads/screencaps/outlaw-star-E020-Cats-and-Girls-and-Spaceships/cap_00-07-43_6c01.jpg,Outlaw Star Ep 20: Cats and Girls and Spaceships @ 00:07:43,https://animehistory.org/gallery/screencaps/outlaw-star/episode-20/,https://animehistory.org/gallery/screencaps/outlaw-star/episode-20/,1,2026-10-07T01:50:11.753793+00:00,9b4cdb6bcce2c0c8d2a864a3be718aa651ec66f2bb44c09bd6a6fa2c7d8e76a0,,UNVERIFIED
EP-20,Cats and Girls and Spaceships,00:07:47,467,853599,https://animehistory.org/uploads/screencaps/outlaw-star-E020-Cats-and-Girls-and-Spaceships/cap_00-07-47_4132.jpg,Outlaw Star Ep 20: Cats and Girls and Spaceships @ 00:07:47,https://animehistory.org/gallery/screencaps/outlaw-star/episode-20/,https://animehistory.org/gallery/screencaps/outlaw-star/episode-20/?page=2,2,2026-10-07T01:50:13.352787+00:00,f2aecdda93f4ec202e38a2852a69f25c8fb38d9e2acf1be756bfd01e809f62f2,,UNVERIFIED
EP-20,Cats and Girls and Spaceships,00:07:50,470,853600,https://animehistory.org/uploads/screencaps/outlaw-star-E020-Cats-and-Girls-and-Spaceships/cap_00-07-50_19e2.jpg,Outlaw Star Ep 20: Cats and Girls and Spaceships @ 00:07:50,https://animehistory.org/gallery/screencaps/outlaw-star/episode-20/,https://animehistory.org/gallery/screencaps/outlaw-star/episode-20/?page=2,2,2026-10-07T01:50:13.352787+00:00,f2aecdda93f4ec202e38a2852a69f25c8fb38d9e2acf1be756bfd01e809f62f2,,UNVERIFIED
EP-20,Cats and Girls and Spaceships,00:07:54,474,853601,https://animehistory.org/uploads/screencaps/outlaw-star-E020-Cats-and-Girls-and-Spaceships/cap_00-07-54_13b7.jpg,Outlaw Star Ep 20: Cats and Girls and Spaceships @ 00:07:54,https://animehistory.org/gallery/screencaps/outlaw-star/episode-20/,https://animehistory.org/gallery/screencaps/outlaw-star/episode-20/?page=2,2,2026-10-07T01:50:13.352787+00:00,f2aecdda93f4ec202e38a2852a69f25c8fb38d9e2acf1be756bfd01e809f62f2,,UNVERIFIED
EP-20,Cats and Girls and Spaceships,00:07:58,478,853602,https://animehistory.org/uploads/screencaps/outlaw-star-E020-Cats-and-Girls-and-Spaceships/cap_00-07-58_6b83.jpg,Outlaw Star Ep 20: Cats and Girls and Spaceships @ 00:07:58,https://animehistory.org/gallery/screencaps/outlaw-star/episode-20/,https://animehistory.org/gallery/screencaps/outlaw-star/episode-20/?page=2,2,2026-10-07T01:50:13.352787+00:00,f2aecdda93f4ec202e38a2852a69f25c8fb38d9e2acf1be756bfd01e809f62f2,,UNVERIFIED
EP-20,Cats and Girls and Spaceships,00:08:01,481,853603,https://animehistory.org/uploads/screencaps/outlaw-star-E020-Cats-and-Girls-and-Spaceships/cap_00-08-01_2a20.jpg,Outlaw Star Ep 20: Cats and Girls and Spaceships @ 00:08:01,https://animehistory.org/gallery/screencaps/outlaw-star/episode-20/,https://animehistory.org/gallery/screencaps/outlaw-star/episode-20/?page=2,2,2026-10-07T01:50:13.352787+00:00,f2aecdda93f4ec202e38a2852a69f25c8fb38d9e2acf1be756bfd01e809f62f2,,UNVERIFIED
EP-20,Cats and Girls and Spaceships,00:08:05,485,853604,https://animehistory.org/uploads/screencaps/outlaw-star-E020-Cats-and-Girls-and-Spaceships/cap_00-08-05_7614.jpg,Outlaw Star Ep 20: Cats and Girls and Spaceships @ 00:08:05,https://animehistory.org/gallery/screencaps/outlaw-star/episode-20/,https://animehistory.org/gallery/screencaps/outlaw-star/episode-20/?page=2,2,2026-10-07T01:50:13.352787+00:00,f2aecdda93f4ec202e38a2852a69f25c8fb38d9e2acf1be756bfd01e809f62f2,,UNVERIFIED
EP-20,Cats and Girls and Spaceships,00:08:09,489,853605,https://animehistory.org/uploads/screencaps/outlaw-star-E020-Cats-and-Girls-and-Spaceships/cap_00-08-09_1b64.jpg,Outlaw Star Ep 20: Cats and Girls and Spaceships @ 00:08:09,https://animehistory.org/gallery/screencaps/outlaw-star/episode-20/,https://animehistory.org/gallery/screencaps/outlaw-star/episode-20/?page=2,2,2026-10-07T01:50:13.352787+00:00,f2aecdda93f4ec202e38a2852a69f25c8fb38d9e2acf1be756bfd01e809f62f2,,UNVERIFIED
EP-20,Cats and Girls and Spaceships,00:08:12,492,853606,https://animehistory.org/uploads/screencaps/outlaw-star-E020-Cats-and-Girls-and-Spaceships/cap_00-08-12_28e6.jpg,Outlaw Star Ep 20: Cats and Girls and Spaceships @ 00:08:12,https://animehistory.org/gallery/screencaps/outlaw-star/episode-20/,https://animehistory.org/gallery/screencaps/outlaw-star/episode-20/?page=2,2,2026-10-07T01:50:13.352787+00:00,f2aecdda93f4ec202e38a2852a69f25c8fb38d9e2acf1be756bfd01e809f62f2,,UNVERIFIED
EP-20,Cats and Girls and Spaceships,00:08:16,496,853607,https://animehistory.org/uploads/screencaps/outlaw-star-E020-Cats-and-Girls-and-Spaceships/cap_00-08-16_47f1.jpg,Outlaw Star Ep 20: Cats and Girls and Spaceships @ 00:08:16,https://animehistory.org/gallery/screencaps/outlaw-star/episode-20/,https://animehistory.org/gallery/screencaps/outlaw-star/episode-20/?page=2,2,2026-10-07T01:50:13.352787+00:00,f2aecdda93f4ec202e38a2852a69f25c8fb38d9e2acf1be756bfd01e809f62f2,,UNVERIFIED
EP-20,Cats and Girls and Spaceships,00:08:20,500,853608,https://animehistory.org/uploads/screencaps/outlaw-star-E020-Cats-and-Girls-and-Spaceships/cap_00-08-20_6804.jpg,Outlaw Star Ep 20: Cats and Girls and Spaceships @ 00:08:20,https://animehistory.org/gallery/screencaps/outlaw-star/episode-20/,https://animehistory.org/gallery/screencaps/outlaw-star/episode-20/?page=2,2,2026-10-07T01:50:13.352787+00:00,f2aecdda93f4ec202e38a2852a69f25c8fb38d9e2acf1be756bfd01e809f62f2,,UNVERIFIED
EP-20,Cats and Girls and Spaceships,00:08:23,503,853609,https://animehistory.org/uploads/screencaps/outlaw-star-E020-Cats-and-Girls-and-Spaceships/cap_00-08-23_55b6.jpg,Outlaw Star Ep 20: Cats and Girls and Spaceships @ 00:08:23,https://animehistory.org/gallery/screencaps/outlaw-star/episode-20/,https://animehistory.org/gallery/screencaps/outlaw-star/episode-20/?page=2,2,2026-10-07T01:50:13.352787+00:00,f2aecdda93f4ec202e38a2852a69f25c8fb38d9e2acf1be756bfd01e809f62f2,,UNVERIFIED
EP-20,Cats and Girls and Spaceships,00:08:27,507,853610,https://animehistory.org/uploads/screencaps/outlaw-star-E020-Cats-and-Girls-and-Spaceships/cap_00-08-27_3065.jpg,Outlaw Star Ep 20: Cats and Girls and Spaceships @ 00:08:27,https://animehistory.org/gallery/screencaps/outlaw-star/episode-20/,https://animehistory.org/gallery/screencaps/outlaw-star/episode-20/?page=2,2,2026-10-07T01:50:13.352787+00:00,f2aecdda93f4ec202e38a2852a69f25c8fb38d9e2acf1be756bfd01e809f62f2,,UNVERIFIED
EP-20,Cats and Girls and Spaceships,00:08:30,510,853611,https://animehistory.org/uploads/screencaps/outlaw-star-E020-Cats-and-Girls-and-Spaceships/cap_00-08-30_212b.jpg,Outlaw Star Ep 20: Cats and Girls and Spaceships @ 00:08:30,https://animehistory.org/gallery/screencaps/outlaw-star/episode-20/,https://animehistory.org/gallery/screencaps/outlaw-star/episode-20/?page=2,2,2026-10-07T01:50:13.352787+00:00,f2aecdda93f4ec202e38a2852a69f25c8fb38d9e2acf1be756bfd01e809f62f2,,UNVERIFIED
EP-20,Cats and Girls and Spaceships,00:08:34,514,853612,https://animehistory.org/uploads/screencaps/outlaw-star-E020-Cats-and-Girls-and-Spaceships/cap_00-08-34_39ae.jpg,Outlaw Star Ep 20: Cats and Girls and Spaceships @ 00:08:34,https://animehistory.org/gallery/screencaps/outlaw-star/episode-20/,https://animehistory.org/gallery/screencaps/outlaw-star/episode-20/?page=2,2,2026-10-07T01:50:13.352787+00:00,f2aecdda93f4ec202e38a2852a69f25c8fb38d9e2acf1be756bfd01e809f62f2,,UNVERIFIED
EP-20,Cats and Girls and Spaceships,00:08:38,518,853613,https://animehistory.org/uploads/screencaps/outlaw-star-E020-Cats-and-Girls-and-Spaceships/cap_00-08-38_6eae.jpg,Outlaw Star Ep 20: Cats and Girls and Spaceships @ 00:08:38,https://animehistory.org/gallery/screencaps/outlaw-star/episode-20/,https://animehistory.org/gallery/screencaps/outlaw-star/episode-20/?page=2,2,2026-10-07T01:50:13.352787+00:00,f2aecdda93f4ec202e38a2852a69f25c8fb38d9e2acf1be756bfd01e809f62f2,,UNVERIFIED
EP-20,Cats and Girls and Spaceships,00:08:41,521,853614,https://animehistory.org/uploads/screencaps/outlaw-star-E020-Cats-and-Girls-and-Spaceships/cap_00-08-41_550c.jpg,Outlaw Star Ep 20: Cats and Girls and Spaceships @ 00:08:41,https://animehistory.org/gallery/screencaps/outlaw-star/episode-20/,https://animehistory.org/gallery/screencaps/outlaw-star/episode-20/?page=2,2,2026-10-07T01:50:13.352787+00:00,f2aecdda93f4ec202e38a2852a69f25c8fb38d9e2acf1be756bfd01e809f62f2,,UNVERIFIED
EP-20,Cats and Girls and Spaceships,00:08:45,525,853615,https://animehistory.org/uploads/screencaps/outlaw-star-E020-Cats-and-Girls-and-Spaceships/cap_00-08-45_797c.jpg,Outlaw Star Ep 20: Cats and Girls and Spaceships @ 00:08:45,https://animehistory.org/gallery/screencaps/outlaw-star/episode-20/,https://animehistory.org/gallery/screencaps/outlaw-star/episode-20/?page=2,2,2026-10-07T01:50:13.352787+00:00,f2aecdda93f4ec202e38a2852a69f25c8fb38d9e2acf1be756bfd01e809f62f2,,UNVERIFIED
EP-20,Cats and Girls and Spaceships,00:08:49,529,853616,https://animehistory.org/uploads/screencaps/outlaw-star-E020-Cats-and-Girls-and-Spaceships/cap_00-08-49_1acc.jpg,Outlaw Star Ep 20: Cats and Girls and Spaceships @ 00:08:49,https://animehistory.org/gallery/screencaps/outlaw-star/episode-20/,https://animehistory.org/gallery/screencaps/outlaw-star/episode-20/?page=2,2,2026-10-07T01:50:13.352787+00:00,f2aecdda93f4ec202e38a2852a69f25c8fb38d9e2acf1be756bfd01e809f62f2,,UNVERIFIED
EP-20,Cats and Girls and Spaceships,00:08:52,532,853617,https://animehistory.org/uploads/screencaps/outlaw-star-E020-Cats-and-Girls-and-Spaceships/cap_00-08-52_1317.jpg,Outlaw Star Ep 20: Cats and Girls and Spaceships @ 00:08:52,https://animehistory.org/gallery/screencaps/outlaw-star/episode-20/,https://animehistory.org/gallery/screencaps/outlaw-star/episode-20/?page=2,2,2026-10-07T01:50:13.352787+00:00,f2aecdda93f4ec202e38a2852a69f25c8fb38d9e2acf1be756bfd01e809f62f2,,UNVERIFIED
EP-20,Cats and Girls and Spaceships,00:08:56,536,853618,https://animehistory.org/uploads/screencaps/outlaw-star-E020-Cats-and-Girls-and-Spaceships/cap_00-08-56_519f.jpg,Outlaw Star Ep 20: Cats and Girls and Spaceships @ 00:08:56,https://animehistory.org/gallery/screencaps/outlaw-star/episode-20/,https://animehistory.org/gallery/screencaps/outlaw-star/episode-20/?page=2,2,2026-10-07T01:50:13.352787+00:00,f2aecdda93f4ec202e38a2852a69f25c8fb38d9e2acf1be756bfd01e809f62f2,,UNVERIFIED
EP-20,Cats and Girls and Spaceships,00:09:00,540,853619,https://animehistory.org/uploads/screencaps/outlaw-star-E020-Cats-and-Girls-and-Spaceships/cap_00-09-00_2cd9.jpg,Outlaw Star Ep 20: Cats and Girls and Spaceships @ 00:09:00,https://animehistory.org/gallery/screencaps/outlaw-star/episode-20/,https://animehistory.org/gallery/screencaps/outlaw-star/episode-20/?page=2,2,2026-10-07T01:50:13.352787+00:00,f2aecdda93f4ec202e38a2852a69f25c8fb38d9e2acf1be756bfd01e809f62f2,,UNVERIFIED
EP-20,Cats and Girls and Spaceships,00:09:03,543,853620,https://animehistory.org/uploads/screencaps/outlaw-star-E020-Cats-and-Girls-and-Spaceships/cap_00-09-03_40bc.jpg,Outlaw Star Ep 20: Cats and Girls and Spaceships @ 00:09:03,https://animehistory.org/gallery/screencaps/outlaw-star/episode-20/,https://animehistory.org/gallery/screencaps/outlaw-star/episode-20/?page=2,2,2026-10-07T01:50:13.352787+00:00,f2aecdda93f4ec202e38a2852a69f25c8fb38d9e2acf1be756bfd01e809f62f2,,UNVERIFIED
EP-20,Cats and Girls and Spaceships,00:09:07,547,853621,https://animehistory.org/uploads/screencaps/outlaw-star-E020-Cats-and-Girls-and-Spaceships/cap_00-09-07_334b.jpg,Outlaw Star Ep 20: Cats and Girls and Spaceships @ 00:09:07,https://animehistory.org/gallery/screencaps/outlaw-star/episode-20/,https://animehistory.org/gallery/screencaps/outlaw-star/episode-20/?page=2,2,2026-10-07T01:50:13.352787+00:00,f2aecdda93f4ec202e38a2852a69f25c8fb38d9e2acf1be756bfd01e809f62f2,,UNVERIFIED
EP-20,Cats and Girls and Spaceships,00:09:10,550,853622,https://animehistory.org/uploads/screencaps/outlaw-star-E020-Cats-and-Girls-and-Spaceships/cap_00-09-10_4309.jpg,Outlaw Star Ep 20: Cats and Girls and Spaceships @ 00:09:10,https://animehistory.org/gallery/screencaps/outlaw-star/episode-20/,https://animehistory.org/gallery/screencaps/outlaw-star/episode-20/?page=2,2,2026-10-07T01:50:13.352787+00:00,f2aecdda93f4ec202e38a2852a69f25c8fb38d9e2acf1be756bfd01e809f62f2,,UNVERIFIED
EP-20,Cats and Girls and Spaceships,00:09:14,554,853623,https://animehistory.org/uploads/screencaps/outlaw-star-E020-Cats-and-Girls-and-Spaceships/cap_00-09-14_76af.jpg,Outlaw Star Ep 20: Cats and Girls and Spaceships @ 00:09:14,https://animehistory.org/gallery/screencaps/outlaw-star/episode-20/,https://animehistory.org/gallery/screencaps/outlaw-star/episode-20/?page=2,2,2026-10-07T01:50:13.352787+00:00,f2aecdda93f4ec202e38a2852a69f25c8fb38d9e2acf1be756bfd01e809f62f2,,UNVERIFIED
EP-20,Cats and Girls and Spaceships,00:09:18,558,853624,https://animehistory.org/uploads/screencaps/outlaw-star-E020-Cats-and-Girls-and-Spaceships/cap_00-09-18_2143.jpg,Outlaw Star Ep 20: Cats and Girls and Spaceships @ 00:09:18,https://animehistory.org/gallery/screencaps/outlaw-star/episode-20/,https://animehistory.org/gallery/screencaps/outlaw-star/episode-20/?page=2,2,2026-10-07T01:50:13.352787+00:00,f2aecdda93f4ec202e38a2852a69f25c8fb38d9e2acf1be756bfd01e809f62f2,,UNVERIFIED
EP-20,Cats and Girls and Spaceships,00:09:21,561,853625,https://animehistory.org/uploads/screencaps/outlaw-star-E020-Cats-and-Girls-and-Spaceships/cap_00-09-21_6377.jpg,Outlaw Star Ep 20: Cats and Girls and Spaceships @ 00:09:21,https://animehistory.org/gallery/screencaps/outlaw-star/episode-20/,https://animehistory.org/gallery/screencaps/outlaw-star/episode-20/?page=2,2,2026-10-07T01:50:13.352787+00:00,f2aecdda93f4ec202e38a2852a69f25c8fb38d9e2acf1be756bfd01e809f62f2,,UNVERIFIED
EP-20,Cats and Girls and Spaceships,00:09:25,565,853626,https://animehistory.org/uploads/screencaps/outlaw-star-E020-Cats-and-Girls-and-Spaceships/cap_00-09-25_0c1c.jpg,Outlaw Star Ep 20: Cats and Girls and Spaceships @ 00:09:25,https://animehistory.org/gallery/screencaps/outlaw-star/episode-20/,https://animehistory.org/gallery/screencaps/outlaw-star/episode-20/?page=2,2,2026-10-07T01:50:13.352787+00:00,f2aecdda93f4ec202e38a2852a69f25c8fb38d9e2acf1be756bfd01e809f62f2,,UNVERIFIED
EP-20,Cats and Girls and Spaceships,00:09:29,569,853627,https://animehistory.org/uploads/screencaps/outlaw-star-E020-Cats-and-Girls-and-Spaceships/cap_00-09-29_2517.jpg,Outlaw Star Ep 20: Cats and Girls and Spaceships @ 00:09:29,https://animehistory.org/gallery/screencaps/outlaw-star/episode-20/,https://animehistory.org/gallery/screencaps/outlaw-star/episode-20/?page=2,2,2026-10-07T01:50:13.352787+00:00,f2aecdda93f4ec202e38a2852a69f25c8fb38d9e2acf1be756bfd01e809f62f2,,UNVERIFIED
EP-20,Cats and Girls and Spaceships,00:09:32,572,853628,https://animehistory.org/uploads/screencaps/outlaw-star-E020-Cats-and-Girls-and-Spaceships/cap_00-09-32_1143.jpg,Outlaw Star Ep 20: Cats and Girls and Spaceships @ 00:09:32,https://animehistory.org/gallery/screencaps/outlaw-star/episode-20/,https://animehistory.org/gallery/screencaps/outlaw-star/episode-20/?page=2,2,2026-10-07T01:50:13.352787+00:00,f2aecdda93f4ec202e38a2852a69f25c8fb38d9e2acf1be756bfd01e809f62f2,,UNVERIFIED
EP-20,Cats and Girls and Spaceships,00:09:36,576,853629,https://animehistory.org/uploads/screencaps/outlaw-star-E020-Cats-and-Girls-and-Spaceships/cap_00-09-36_7593.jpg,Outlaw Star Ep 20: Cats and Girls and Spaceships @ 00:09:36,https://animehistory.org/gallery/screencaps/outlaw-star/episode-20/,https://animehistory.org/gallery/screencaps/outlaw-star/episode-20/?page=2,2,2026-10-07T01:50:13.352787+00:00,f2aecdda93f4ec202e38a2852a69f25c8fb38d9e2acf1be756bfd01e809f62f2,,UNVERIFIED
EP-20,Cats and Girls and Spaceships,00:09:40,580,853630,https://animehistory.org/uploads/screencaps/outlaw-star-E020-Cats-and-Girls-and-Spaceships/cap_00-09-40_4a66.jpg,Outlaw Star Ep 20: Cats and Girls and Spaceships @ 00:09:40,https://animehistory.org/gallery/screencaps/outlaw-star/episode-20/,https://animehistory.org/gallery/screencaps/outlaw-star/episode-20/?page=2,2,2026-10-07T01:50:13.352787+00:00,f2aecdda93f4ec202e38a2852a69f25c8fb38d9e2acf1be756bfd01e809f62f2,,UNVERIFIED
EP-20,Cats and Girls and Spaceships,00:09:43,583,853631,https://animehistory.org/uploads/screencaps/outlaw-star-E020-Cats-and-Girls-and-Spaceships/cap_00-09-43_5ea3.jpg,Outlaw Star Ep 20: Cats and Girls and Spaceships @ 00:09:43,https://animehistory.org/gallery/screencaps/outlaw-star/episode-20/,https://animehistory.org/gallery/screencaps/outlaw-star/episode-20/?page=2,2,2026-10-07T01:50:13.352787+00:00,f2aecdda93f4ec202e38a2852a69f25c8fb38d9e2acf1be756bfd01e809f62f2,,UNVERIFIED
EP-20,Cats and Girls and Spaceships,00:09:47,587,853632,https://animehistory.org/uploads/screencaps/outlaw-star-E020-Cats-and-Girls-and-Spaceships/cap_00-09-47_7776.jpg,Outlaw Star Ep 20: Cats and Girls and Spaceships @ 00:09:47,https://animehistory.org/gallery/screencaps/outlaw-star/episode-20/,https://animehistory.org/gallery/screencaps/outlaw-star/episode-20/?page=2,2,2026-10-07T01:50:13.352787+00:00,f2aecdda93f4ec202e38a2852a69f25c8fb38d9e2acf1be756bfd01e809f62f2,,UNVERIFIED
EP-20,Cats and Girls and Spaceships,00:09:50,590,853633,https://animehistory.org/uploads/screencaps/outlaw-star-E020-Cats-and-Girls-and-Spaceships/cap_00-09-50_11ce.jpg,Outlaw Star Ep 20: Cats and Girls and Spaceships @ 00:09:50,https://animehistory.org/gallery/screencaps/outlaw-star/episode-20/,https://animehistory.org/gallery/screencaps/outlaw-star/episode-20/?page=2,2,2026-10-07T01:50:13.352787+00:00,f2aecdda93f4ec202e38a2852a69f25c8fb38d9e2acf1be756bfd01e809f62f2,,UNVERIFIED
EP-20,Cats and Girls and Spaceships,00:09:54,594,853634,https://animehistory.org/uploads/screencaps/outlaw-star-E020-Cats-and-Girls-and-Spaceships/cap_00-09-54_6597.jpg,Outlaw Star Ep 20: Cats and Girls and Spaceships @ 00:09:54,https://animehistory.org/gallery/screencaps/outlaw-star/episode-20/,https://animehistory.org/gallery/screencaps/outlaw-star/episode-20/?page=2,2,2026-10-07T01:50:13.352787+00:00,f2aecdda93f4ec202e38a2852a69f25c8fb38d9e2acf1be756bfd01e809f62f2,,UNVERIFIED
EP-20,Cats and Girls and Spaceships,00:09:58,598,853635,https://animehistory.org/uploads/screencaps/outlaw-star-E020-Cats-and-Girls-and-Spaceships/cap_00-09-58_0a99.jpg,Outlaw Star Ep 20: Cats and Girls and Spaceships @ 00:09:58,https://animehistory.org/gallery/screencaps/outlaw-star/episode-20/,https://animehistory.org/gallery/screencaps/outlaw-star/episode-20/?page=2,2,2026-10-07T01:50:13.352787+00:00,f2aecdda93f4ec202e38a2852a69f25c8fb38d9e2acf1be756bfd01e809f62f2,,UNVERIFIED
EP-20,Cats and Girls and Spaceships,00:10:01,601,853636,https://animehistory.org/uploads/screencaps/outlaw-star-E020-Cats-and-Girls-and-Spaceships/cap_00-10-01_1e4e.jpg,Outlaw Star Ep 20: Cats and Girls and Spaceships @ 00:10:01,https://animehistory.org/gallery/screencaps/outlaw-star/episode-20/,https://animehistory.org/gallery/screencaps/outlaw-star/episode-20/?page=2,2,2026-10-07T01:50:13.352787+00:00,f2aecdda93f4ec202e38a2852a69f25c8fb38d9e2acf1be756bfd01e809f62f2,,UNVERIFIED
EP-20,Cats and Girls and Spaceships,00:10:05,605,853637,https://animehistory.org/uploads/screencaps/outlaw-star-E020-Cats-and-Girls-and-Spaceships/cap_00-10-05_4d39.jpg,Outlaw Star Ep 20: Cats and Girls and Spaceships @ 00:10:05,https://animehistory.org/gallery/screencaps/outlaw-star/episode-20/,https://animehistory.org/gallery/screencaps/outlaw-star/episode-20/?page=2,2,2026-10-07T01:50:13.352787+00:00,f2aecdda93f4ec202e38a2852a69f25c8fb38d9e2acf1be756bfd01e809f62f2,,UNVERIFIED
EP-20,Cats and Girls and Spaceships,00:10:09,609,853638,https://animehistory.org/uploads/screencaps/outlaw-star-E020-Cats-and-Girls-and-Spaceships/cap_00-10-09_147c.jpg,Outlaw Star Ep 20: Cats and Girls and Spaceships @ 00:10:09,https://animehistory.org/gallery/screencaps/outlaw-star/episode-20/,https://animehistory.org/gallery/screencaps/outlaw-star/episode-20/?page=2,2,2026-10-07T01:50:13.352787+00:00,f2aecdda93f4ec202e38a2852a69f25c8fb38d9e2acf1be756bfd01e809f62f2,,UNVERIFIED
EP-20,Cats and Girls and Spaceships,00:10:12,612,853639,https://animehistory.org/uploads/screencaps/outlaw-star-E020-Cats-and-Girls-and-Spaceships/cap_00-10-12_58e4.jpg,Outlaw Star Ep 20: Cats and Girls and Spaceships @ 00:10:12,https://animehistory.org/gallery/screencaps/outlaw-star/episode-20/,https://animehistory.org/gallery/screencaps/outlaw-star/episode-20/?page=2,2,2026-10-07T01:50:13.352787+00:00,f2aecdda93f4ec202e38a2852a69f25c8fb38d9e2acf1be756bfd01e809f62f2,,UNVERIFIED
EP-20,Cats and Girls and Spaceships,00:10:16,616,853640,https://animehistory.org/uploads/screencaps/outlaw-star-E020-Cats-and-Girls-and-Spaceships/cap_00-10-16_4a21.jpg,Outlaw Star Ep 20: Cats and Girls and Spaceships @ 00:10:16,https://animehistory.org/gallery/screencaps/outlaw-star/episode-20/,https://animehistory.org/gallery/screencaps/outlaw-star/episode-20/?page=2,2,2026-10-07T01:50:13.352787+00:00,f2aecdda93f4ec202e38a2852a69f25c8fb38d9e2acf1be756bfd01e809f62f2,,UNVERIFIED
EP-20,Cats and Girls and Spaceships,00:10:20,620,853641,https://animehistory.org/uploads/screencaps/outlaw-star-E020-Cats-and-Girls-and-Spaceships/cap_00-10-20_4975.jpg,Outlaw Star Ep 20: Cats and Girls and Spaceships @ 00:10:20,https://animehistory.org/gallery/screencaps/outlaw-star/episode-20/,https://animehistory.org/gallery/screencaps/outlaw-star/episode-20/?page=2,2,2026-10-07T01:50:13.352787+00:00,f2aecdda93f4ec202e38a2852a69f25c8fb38d9e2acf1be756bfd01e809f62f2,,UNVERIFIED
EP-20,Cats and Girls and Spaceships,00:10:23,623,853642,https://animehistory.org/uploads/screencaps/outlaw-star-E020-Cats-and-Girls-and-Spaceships/cap_00-10-23_16e7.jpg,Outlaw Star Ep 20: Cats and Girls and Spaceships @ 00:10:23,https://animehistory.org/gallery/screencaps/outlaw-star/episode-20/,https://animehistory.org/gallery/screencaps/outlaw-star/episode-20/?page=2,2,2026-10-07T01:50:13.352787+00:00,f2aecdda93f4ec202e38a2852a69f25c8fb38d9e2acf1be756bfd01e809f62f2,,UNVERIFIED
EP-20,Cats and Girls and Spaceships,00:10:27,627,853643,https://animehistory.org/uploads/screencaps/outlaw-star-E020-Cats-and-Girls-and-Spaceships/cap_00-10-27_71e7.jpg,Outlaw Star Ep 20: Cats and Girls and Spaceships @ 00:10:27,https://animehistory.org/gallery/screencaps/outlaw-star/episode-20/,https://animehistory.org/gallery/screencaps/outlaw-star/episode-20/?page=2,2,2026-10-07T01:50:13.352787+00:00,f2aecdda93f4ec202e38a2852a69f25c8fb38d9e2acf1be756bfd01e809f62f2,,UNVERIFIED
EP-20,Cats and Girls and Spaceships,00:10:30,630,853644,https://animehistory.org/uploads/screencaps/outlaw-star-E020-Cats-and-Girls-and-Spaceships/cap_00-10-30_3917.jpg,Outlaw Star Ep 20: Cats and Girls and Spaceships @ 00:10:30,https://animehistory.org/gallery/screencaps/outlaw-star/episode-20/,https://animehistory.org/gallery/screencaps/outlaw-star/episode-20/?page=2,2,2026-10-07T01:50:13.352787+00:00,f2aecdda93f4ec202e38a2852a69f25c8fb38d9e2acf1be756bfd01e809f62f2,,UNVERIFIED
EP-20,Cats and Girls and Spaceships,00:10:34,634,853645,https://animehistory.org/uploads/screencaps/outlaw-star-E020-Cats-and-Girls-and-Spaceships/cap_00-10-34_6afe.jpg,Outlaw Star Ep 20: Cats and Girls and Spaceships @ 00:10:34,https://animehistory.org/gallery/screencaps/outlaw-star/episode-20/,https://animehistory.org/gallery/screencaps/outlaw-star/episode-20/?page=2,2,2026-10-07T01:50:13.352787+00:00,f2aecdda93f4ec202e38a2852a69f25c8fb38d9e2acf1be756bfd01e809f62f2,,UNVERIFIED
EP-20,Cats and Girls and Spaceships,00:10:38,638,853646,https://animehistory.org/uploads/screencaps/outlaw-star-E020-Cats-and-Girls-and-Spaceships/cap_00-10-38_5e4f.jpg,Outlaw Star Ep 20: Cats and Girls and Spaceships @ 00:10:38,https://animehistory.org/gallery/screencaps/outlaw-star/episode-20/,https://animehistory.org/gallery/screencaps/outlaw-star/episode-20/?page=2,2,2026-10-07T01:50:13.352787+00:00,f2aecdda93f4ec202e38a2852a69f25c8fb38d9e2acf1be756bfd01e809f62f2,,UNVERIFIED
EP-20,Cats and Girls and Spaceships,00:10:41,641,853647,https://animehistory.org/uploads/screencaps/outlaw-star-E020-Cats-and-Girls-and-Spaceships/cap_00-10-41_563f.jpg,Outlaw Star Ep 20: Cats and Girls and Spaceships @ 00:10:41,https://animehistory.org/gallery/screencaps/outlaw-star/episode-20/,https://animehistory.org/gallery/screencaps/outlaw-star/episode-20/?page=2,2,2026-10-07T01:50:13.352787+00:00,f2aecdda93f4ec202e38a2852a69f25c8fb38d9e2acf1be756bfd01e809f62f2,,UNVERIFIED
EP-20,Cats and Girls and Spaceships,00:10:45,645,853648,https://animehistory.org/uploads/screencaps/outlaw-star-E020-Cats-and-Girls-and-Spaceships/cap_00-10-45_3b05.jpg,Outlaw Star Ep 20: Cats and Girls and Spaceships @ 00:10:45,https://animehistory.org/gallery/screencaps/outlaw-star/episode-20/,https://animehistory.org/gallery/screencaps/outlaw-star/episode-20/?page=2,2,2026-10-07T01:50:13.352787+00:00,f2aecdda93f4ec202e38a2852a69f25c8fb38d9e2acf1be756bfd01e809f62f2,,UNVERIFIED
EP-20,Cats and Girls and Spaceships,00:10:49,649,853649,https://animehistory.org/uploads/screencaps/outlaw-star-E020-Cats-and-Girls-and-Spaceships/cap_00-10-49_5c31.jpg,Outlaw Star Ep 20: Cats and Girls and Spaceships @ 00:10:49,https://animehistory.org/gallery/screencaps/outlaw-star/episode-20/,https://animehistory.org/gallery/screencaps/outlaw-star/episode-20/?page=2,2,2026-10-07T01:50:13.352787+00:00,f2aecdda93f4ec202e38a2852a69f25c8fb38d9e2acf1be756bfd01e809f62f2,,UNVERIFIED
EP-20,Cats and Girls and Spaceships,00:10:52,652,853650,https://animehistory.org/uploads/screencaps/outlaw-star-E020-Cats-and-Girls-and-Spaceships/cap_00-10-52_7ac7.jpg,Outlaw Star Ep 20: Cats and Girls and Spaceships @ 00:10:52,https://animehistory.org/gallery/screencaps/outlaw-star/episode-20/,https://animehistory.org/gallery/screencaps/outlaw-star/episode-20/?page=2,2,2026-10-07T01:50:13.352787+00:00,f2aecdda93f4ec202e38a2852a69f25c8fb38d9e2acf1be756bfd01e809f62f2,,UNVERIFIED
EP-20,Cats and Girls and Spaceships,00:10:56,656,853651,https://animehistory.org/uploads/screencaps/outlaw-star-E020-Cats-and-Girls-and-Spaceships/cap_00-10-56_42bf.jpg,Outlaw Star Ep 20: Cats and Girls and Spaceships @ 00:10:56,https://animehistory.org/gallery/screencaps/outlaw-star/episode-20/,https://animehistory.org/gallery/screencaps/outlaw-star/episode-20/?page=2,2,2026-10-07T01:50:13.352787+00:00,f2aecdda93f4ec202e38a2852a69f25c8fb38d9e2acf1be756bfd01e809f62f2,,UNVERIFIED
EP-20,Cats and Girls and Spaceships,00:11:00,660,853652,https://animehistory.org/uploads/screencaps/outlaw-star-E020-Cats-and-Girls-and-Spaceships/cap_00-11-00_498f.jpg,Outlaw Star Ep 20: Cats and Girls and Spaceships @ 00:11:00,https://animehistory.org/gallery/screencaps/outlaw-star/episode-20/,https://animehistory.org/gallery/screencaps/outlaw-star/episode-20/?page=2,2,2026-10-07T01:50:13.352787+00:00,f2aecdda93f4ec202e38a2852a69f25c8fb38d9e2acf1be756bfd01e809f62f2,,UNVERIFIED
EP-20,Cats and Girls and Spaceships,00:11:03,663,853653,https://animehistory.org/uploads/screencaps/outlaw-star-E020-Cats-and-Girls-and-Spaceships/cap_00-11-03_375e.jpg,Outlaw Star Ep 20: Cats and Girls and Spaceships @ 00:11:03,https://animehistory.org/gallery/screencaps/outlaw-star/episode-20/,https://animehistory.org/gallery/screencaps/outlaw-star/episode-20/?page=2,2,2026-10-07T01:50:13.352787+00:00,f2aecdda93f4ec202e38a2852a69f25c8fb38d9e2acf1be756bfd01e809f62f2,,UNVERIFIED
EP-20,Cats and Girls and Spaceships,00:11:07,667,853654,https://animehistory.org/uploads/screencaps/outlaw-star-E020-Cats-and-Girls-and-Spaceships/cap_00-11-07_488b.jpg,Outlaw Star Ep 20: Cats and Girls and Spaceships @ 00:11:07,https://animehistory.org/gallery/screencaps/outlaw-star/episode-20/,https://animehistory.org/gallery/screencaps/outlaw-star/episode-20/?page=2,2,2026-10-07T01:50:13.352787+00:00,f2aecdda93f4ec202e38a2852a69f25c8fb38d9e2acf1be756bfd01e809f62f2,,UNVERIFIED
EP-20,Cats and Girls and Spaceships,00:11:10,670,853655,https://animehistory.org/uploads/screencaps/outlaw-star-E020-Cats-and-Girls-and-Spaceships/cap_00-11-10_53bc.jpg,Outlaw Star Ep 20: Cats and Girls and Spaceships @ 00:11:10,https://animehistory.org/gallery/screencaps/outlaw-star/episode-20/,https://animehistory.org/gallery/screencaps/outlaw-star/episode-20/?page=2,2,2026-10-07T01:50:13.352787+00:00,f2aecdda93f4ec202e38a2852a69f25c8fb38d9e2acf1be756bfd01e809f62f2,,UNVERIFIED
EP-20,Cats and Girls and Spaceships,00:11:14,674,853656,https://animehistory.org/uploads/screencaps/outlaw-star-E020-Cats-and-Girls-and-Spaceships/cap_00-11-14_0ccc.jpg,Outlaw Star Ep 20: Cats and Girls and Spaceships @ 00:11:14,https://animehistory.org/gallery/screencaps/outlaw-star/episode-20/,https://animehistory.org/gallery/screencaps/outlaw-star/episode-20/?page=2,2,2026-10-07T01:50:13.352787+00:00,f2aecdda93f4ec202e38a2852a69f25c8fb38d9e2acf1be756bfd01e809f62f2,,UNVERIFIED
EP-20,Cats and Girls and Spaceships,00:11:18,678,853657,https://animehistory.org/uploads/screencaps/outlaw-star-E020-Cats-and-Girls-and-Spaceships/cap_00-11-18_0fdf.jpg,Outlaw Star Ep 20: Cats and Girls and Spaceships @ 00:11:18,https://animehistory.org/gallery/screencaps/outlaw-star/episode-20/,https://animehistory.org/gallery/screencaps/outlaw-star/episode-20/?page=2,2,2026-10-07T01:50:13.352787+00:00,f2aecdda93f4ec202e38a2852a69f25c8fb38d9e2acf1be756bfd01e809f62f2,,UNVERIFIED
EP-20,Cats and Girls and Spaceships,00:11:21,681,853658,https://animehistory.org/uploads/screencaps/outlaw-star-E020-Cats-and-Girls-and-Spaceships/cap_00-11-21_4457.jpg,Outlaw Star Ep 20: Cats and Girls and Spaceships @ 00:11:21,https://animehistory.org/gallery/screencaps/outlaw-star/episode-20/,https://animehistory.org/gallery/screencaps/outlaw-star/episode-20/?page=2,2,2026-10-07T01:50:13.352787+00:00,f2aecdda93f4ec202e38a2852a69f25c8fb38d9e2acf1be756bfd01e809f62f2,,UNVERIFIED
EP-20,Cats and Girls and Spaceships,00:11:25,685,853659,https://animehistory.org/uploads/screencaps/outlaw-star-E020-Cats-and-Girls-and-Spaceships/cap_00-11-25_3eb4.jpg,Outlaw Star Ep 20: Cats and Girls and Spaceships @ 00:11:25,https://animehistory.org/gallery/screencaps/outlaw-star/episode-20/,https://animehistory.org/gallery/screencaps/outlaw-star/episode-20/?page=2,2,2026-10-07T01:50:13.352787+00:00,f2aecdda93f4ec202e38a2852a69f25c8fb38d9e2acf1be756bfd01e809f62f2,,UNVERIFIED
EP-20,Cats and Girls and Spaceships,00:11:29,689,853660,https://animehistory.org/uploads/screencaps/outlaw-star-E020-Cats-and-Girls-and-Spaceships/cap_00-11-29_2381.jpg,Outlaw Star Ep 20: Cats and Girls and Spaceships @ 00:11:29,https://animehistory.org/gallery/screencaps/outlaw-star/episode-20/,https://animehistory.org/gallery/screencaps/outlaw-star/episode-20/?page=2,2,2026-10-07T01:50:13.352787+00:00,f2aecdda93f4ec202e38a2852a69f25c8fb38d9e2acf1be756bfd01e809f62f2,,UNVERIFIED
EP-20,Cats and Girls and Spaceships,00:11:32,692,853661,https://animehistory.org/uploads/screencaps/outlaw-star-E020-Cats-and-Girls-and-Spaceships/cap_00-11-32_71a7.jpg,Outlaw Star Ep 20: Cats and Girls and Spaceships @ 00:11:32,https://animehistory.org/gallery/screencaps/outlaw-star/episode-20/,https://animehistory.org/gallery/screencaps/outlaw-star/episode-20/?page=2,2,2026-10-07T01:50:13.352787+00:00,f2aecdda93f4ec202e38a2852a69f25c8fb38d9e2acf1be756bfd01e809f62f2,,UNVERIFIED
EP-20,Cats and Girls and Spaceships,00:11:36,696,853662,https://animehistory.org/uploads/screencaps/outlaw-star-E020-Cats-and-Girls-and-Spaceships/cap_00-11-36_3f6b.jpg,Outlaw Star Ep 20: Cats and Girls and Spaceships @ 00:11:36,https://animehistory.org/gallery/screencaps/outlaw-star/episode-20/,https://animehistory.org/gallery/screencaps/outlaw-star/episode-20/?page=2,2,2026-10-07T01:50:13.352787+00:00,f2aecdda93f4ec202e38a2852a69f25c8fb38d9e2acf1be756bfd01e809f62f2,,UNVERIFIED
EP-20,Cats and Girls and Spaceships,00:11:40,700,853663,https://animehistory.org/uploads/screencaps/outlaw-star-E020-Cats-and-Girls-and-Spaceships/cap_00-11-40_2965.jpg,Outlaw Star Ep 20: Cats and Girls and Spaceships @ 00:11:40,https://animehistory.org/gallery/screencaps/outlaw-star/episode-20/,https://animehistory.org/gallery/screencaps/outlaw-star/episode-20/?page=2,2,2026-10-07T01:50:13.352787+00:00,f2aecdda93f4ec202e38a2852a69f25c8fb38d9e2acf1be756bfd01e809f62f2,,UNVERIFIED
EP-20,Cats and Girls and Spaceships,00:11:43,703,853664,https://animehistory.org/uploads/screencaps/outlaw-star-E020-Cats-and-Girls-and-Spaceships/cap_00-11-43_33a7.jpg,Outlaw Star Ep 20: Cats and Girls and Spaceships @ 00:11:43,https://animehistory.org/gallery/screencaps/outlaw-star/episode-20/,https://animehistory.org/gallery/screencaps/outlaw-star/episode-20/?page=2,2,2026-10-07T01:50:13.352787+00:00,f2aecdda93f4ec202e38a2852a69f25c8fb38d9e2acf1be756bfd01e809f62f2,,UNVERIFIED
EP-20,Cats and Girls and Spaceships,00:11:47,707,853665,https://animehistory.org/uploads/screencaps/outlaw-star-E020-Cats-and-Girls-and-Spaceships/cap_00-11-47_119c.jpg,Outlaw Star Ep 20: Cats and Girls and Spaceships @ 00:11:47,https://animehistory.org/gallery/screencaps/outlaw-star/episode-20/,https://animehistory.org/gallery/screencaps/outlaw-star/episode-20/?page=2,2,2026-10-07T01:50:13.352787+00:00,f2aecdda93f4ec202e38a2852a69f25c8fb38d9e2acf1be756bfd01e809f62f2,,UNVERIFIED
EP-20,Cats and Girls and Spaceships,00:11:50,710,853666,https://animehistory.org/uploads/screencaps/outlaw-star-E020-Cats-and-Girls-and-Spaceships/cap_00-11-50_3615.jpg,Outlaw Star Ep 20: Cats and Girls and Spaceships @ 00:11:50,https://animehistory.org/gallery/screencaps/outlaw-star/episode-20/,https://animehistory.org/gallery/screencaps/outlaw-star/episode-20/?page=2,2,2026-10-07T01:50:13.352787+00:00,f2aecdda93f4ec202e38a2852a69f25c8fb38d9e2acf1be756bfd01e809f62f2,,UNVERIFIED
EP-20,Cats and Girls and Spaceships,00:11:54,714,853667,https://animehistory.org/uploads/screencaps/outlaw-star-E020-Cats-and-Girls-and-Spaceships/cap_00-11-54_3042.jpg,Outlaw Star Ep 20: Cats and Girls and Spaceships @ 00:11:54,https://animehistory.org/gallery/screencaps/outlaw-star/episode-20/,https://animehistory.org/gallery/screencaps/outlaw-star/episode-20/?page=2,2,2026-10-07T01:50:13.352787+00:00,f2aecdda93f4ec202e38a2852a69f25c8fb38d9e2acf1be756bfd01e809f62f2,,UNVERIFIED
EP-20,Cats and Girls and Spaceships,00:11:58,718,853668,https://animehistory.org/uploads/screencaps/outlaw-star-E020-Cats-and-Girls-and-Spaceships/cap_00-11-58_5a13.jpg,Outlaw Star Ep 20: Cats and Girls and Spaceships @ 00:11:58,https://animehistory.org/gallery/screencaps/outlaw-star/episode-20/,https://animehistory.org/gallery/screencaps/outlaw-star/episode-20/?page=2,2,2026-10-07T01:50:13.352787+00:00,f2aecdda93f4ec202e38a2852a69f25c8fb38d9e2acf1be756bfd01e809f62f2,,UNVERIFIED
EP-20,Cats and Girls and Spaceships,00:12:01,721,853669,https://animehistory.org/uploads/screencaps/outlaw-star-E020-Cats-and-Girls-and-Spaceships/cap_00-12-01_2b6c.jpg,Outlaw Star Ep 20: Cats and Girls and Spaceships @ 00:12:01,https://animehistory.org/gallery/screencaps/outlaw-star/episode-20/,https://animehistory.org/gallery/screencaps/outlaw-star/episode-20/?page=2,2,2026-10-07T01:50:13.352787+00:00,f2aecdda93f4ec202e38a2852a69f25c8fb38d9e2acf1be756bfd01e809f62f2,,UNVERIFIED
EP-20,Cats and Girls and Spaceships,00:12:05,725,853670,https://animehistory.org/uploads/screencaps/outlaw-star-E020-Cats-and-Girls-and-Spaceships/cap_00-12-05_53a4.jpg,Outlaw Star Ep 20: Cats and Girls and Spaceships @ 00:12:05,https://animehistory.org/gallery/screencaps/outlaw-star/episode-20/,https://animehistory.org/gallery/screencaps/outlaw-star/episode-20/?page=2,2,2026-10-07T01:50:13.352787+00:00,f2aecdda93f4ec202e38a2852a69f25c8fb38d9e2acf1be756bfd01e809f62f2,,UNVERIFIED
EP-20,Cats and Girls and Spaceships,00:12:09,729,853671,https://animehistory.org/uploads/screencaps/outlaw-star-E020-Cats-and-Girls-and-Spaceships/cap_00-12-09_0f66.jpg,Outlaw Star Ep 20: Cats and Girls and Spaceships @ 00:12:09,https://animehistory.org/gallery/screencaps/outlaw-star/episode-20/,https://animehistory.org/gallery/screencaps/outlaw-star/episode-20/?page=2,2,2026-10-07T01:50:13.352787+00:00,f2aecdda93f4ec202e38a2852a69f25c8fb38d9e2acf1be756bfd01e809f62f2,,UNVERIFIED
EP-20,Cats and Girls and Spaceships,00:12:12,732,853672,https://animehistory.org/uploads/screencaps/outlaw-star-E020-Cats-and-Girls-and-Spaceships/cap_00-12-12_007a.jpg,Outlaw Star Ep 20: Cats and Girls and Spaceships @ 00:12:12,https://animehistory.org/gallery/screencaps/outlaw-star/episode-20/,https://animehistory.org/gallery/screencaps/outlaw-star/episode-20/?page=2,2,2026-10-07T01:50:13.352787+00:00,f2aecdda93f4ec202e38a2852a69f25c8fb38d9e2acf1be756bfd01e809f62f2,,UNVERIFIED
EP-20,Cats and Girls and Spaceships,00:12:16,736,853673,https://animehistory.org/uploads/screencaps/outlaw-star-E020-Cats-and-Girls-and-Spaceships/cap_00-12-16_4e2c.jpg,Outlaw Star Ep 20: Cats and Girls and Spaceships @ 00:12:16,https://animehistory.org/gallery/screencaps/outlaw-star/episode-20/,https://animehistory.org/gallery/screencaps/outlaw-star/episode-20/?page=2,2,2026-10-07T01:50:13.352787+00:00,f2aecdda93f4ec202e38a2852a69f25c8fb38d9e2acf1be756bfd01e809f62f2,,UNVERIFIED
EP-20,Cats and Girls and Spaceships,00:12:20,740,853674,https://animehistory.org/uploads/screencaps/outlaw-star-E020-Cats-and-Girls-and-Spaceships/cap_00-12-20_4dbf.jpg,Outlaw Star Ep 20: Cats and Girls and Spaceships @ 00:12:20,https://animehistory.org/gallery/screencaps/outlaw-star/episode-20/,https://animehistory.org/gallery/screencaps/outlaw-star/episode-20/?page=2,2,2026-10-07T01:50:13.352787+00:00,f2aecdda93f4ec202e38a2852a69f25c8fb38d9e2acf1be756bfd01e809f62f2,,UNVERIFIED
EP-20,Cats and Girls and Spaceships,00:12:23,743,853675,https://animehistory.org/uploads/screencaps/outlaw-star-E020-Cats-and-Girls-and-Spaceships/cap_00-12-23_51d5.jpg,Outlaw Star Ep 20: Cats and Girls and Spaceships @ 00:12:23,https://animehistory.org/gallery/screencaps/outlaw-star/episode-20/,https://animehistory.org/gallery/screencaps/outlaw-star/episode-20/?page=2,2,2026-10-07T01:50:13.352787+00:00,f2aecdda93f4ec202e38a2852a69f25c8fb38d9e2acf1be756bfd01e809f62f2,,UNVERIFIED
EP-20,Cats and Girls and Spaceships,00:12:27,747,853676,https://animehistory.org/uploads/screencaps/outlaw-star-E020-Cats-and-Girls-and-Spaceships/cap_00-12-27_1c6a.jpg,Outlaw Star Ep 20: Cats and Girls and Spaceships @ 00:12:27,https://animehistory.org/gallery/screencaps/outlaw-star/episode-20/,https://animehistory.org/gallery/screencaps/outlaw-star/episode-20/?page=2,2,2026-10-07T01:50:13.352787+00:00,f2aecdda93f4ec202e38a2852a69f25c8fb38d9e2acf1be756bfd01e809f62f2,,UNVERIFIED
EP-20,Cats and Girls and Spaceships,00:12:30,750,853677,https://animehistory.org/uploads/screencaps/outlaw-star-E020-Cats-and-Girls-and-Spaceships/cap_00-12-30_3316.jpg,Outlaw Star Ep 20: Cats and Girls and Spaceships @ 00:12:30,https://animehistory.org/gallery/screencaps/outlaw-star/episode-20/,https://animehistory.org/gallery/screencaps/outlaw-star/episode-20/?page=2,2,2026-10-07T01:50:13.352787+00:00,f2aecdda93f4ec202e38a2852a69f25c8fb38d9e2acf1be756bfd01e809f62f2,,UNVERIFIED
EP-20,Cats and Girls and Spaceships,00:12:34,754,853678,https://animehistory.org/uploads/screencaps/outlaw-star-E020-Cats-and-Girls-and-Spaceships/cap_00-12-34_1a9d.jpg,Outlaw Star Ep 20: Cats and Girls and Spaceships @ 00:12:34,https://animehistory.org/gallery/screencaps/outlaw-star/episode-20/,https://animehistory.org/gallery/screencaps/outlaw-star/episode-20/?page=2,2,2026-10-07T01:50:13.352787+00:00,f2aecdda93f4ec202e38a2852a69f25c8fb38d9e2acf1be756bfd01e809f62f2,,UNVERIFIED
EP-20,Cats and Girls and Spaceships,00:12:38,758,853679,https://animehistory.org/uploads/screencaps/outlaw-star-E020-Cats-and-Girls-and-Spaceships/cap_00-12-38_6ec0.jpg,Outlaw Star Ep 20: Cats and Girls and Spaceships @ 00:12:38,https://animehistory.org/gallery/screencaps/outlaw-star/episode-20/,https://animehistory.org/gallery/screencaps/outlaw-star/episode-20/?page=2,2,2026-10-07T01:50:13.352787+00:00,f2aecdda93f4ec202e38a2852a69f25c8fb38d9e2acf1be756bfd01e809f62f2,,UNVERIFIED
EP-20,Cats and Girls and Spaceships,00:12:41,761,853680,https://animehistory.org/uploads/screencaps/outlaw-star-E020-Cats-and-Girls-and-Spaceships/cap_00-12-41_4b14.jpg,Outlaw Star Ep 20: Cats and Girls and Spaceships @ 00:12:41,https://animehistory.org/gallery/screencaps/outlaw-star/episode-20/,https://animehistory.org/gallery/screencaps/outlaw-star/episode-20/?page=2,2,2026-10-07T01:50:13.352787+00:00,f2aecdda93f4ec202e38a2852a69f25c8fb38d9e2acf1be756bfd01e809f62f2,,UNVERIFIED
EP-20,Cats and Girls and Spaceships,00:12:45,765,853681,https://animehistory.org/uploads/screencaps/outlaw-star-E020-Cats-and-Girls-and-Spaceships/cap_00-12-45_0226.jpg,Outlaw Star Ep 20: Cats and Girls and Spaceships @ 00:12:45,https://animehistory.org/gallery/screencaps/outlaw-star/episode-20/,https://animehistory.org/gallery/screencaps/outlaw-star/episode-20/?page=2,2,2026-10-07T01:50:13.352787+00:00,f2aecdda93f4ec202e38a2852a69f25c8fb38d9e2acf1be756bfd01e809f62f2,,UNVERIFIED
EP-20,Cats and Girls and Spaceships,00:12:49,769,853682,https://animehistory.org/uploads/screencaps/outlaw-star-E020-Cats-and-Girls-and-Spaceships/cap_00-12-49_533e.jpg,Outlaw Star Ep 20: Cats and Girls and Spaceships @ 00:12:49,https://animehistory.org/gallery/screencaps/outlaw-star/episode-20/,https://animehistory.org/gallery/screencaps/outlaw-star/episode-20/?page=2,2,2026-10-07T01:50:13.352787+00:00,f2aecdda93f4ec202e38a2852a69f25c8fb38d9e2acf1be756bfd01e809f62f2,,UNVERIFIED
EP-20,Cats and Girls and Spaceships,00:12:52,772,853683,https://animehistory.org/uploads/screencaps/outlaw-star-E020-Cats-and-Girls-and-Spaceships/cap_00-12-52_149a.jpg,Outlaw Star Ep 20: Cats and Girls and Spaceships @ 00:12:52,https://animehistory.org/gallery/screencaps/outlaw-star/episode-20/,https://animehistory.org/gallery/screencaps/outlaw-star/episode-20/?page=2,2,2026-10-07T01:50:13.352787+00:00,f2aecdda93f4ec202e38a2852a69f25c8fb38d9e2acf1be756bfd01e809f62f2,,UNVERIFIED
EP-20,Cats and Girls and Spaceships,00:12:56,776,853684,https://animehistory.org/uploads/screencaps/outlaw-star-E020-Cats-and-Girls-and-Spaceships/cap_00-12-56_645b.jpg,Outlaw Star Ep 20: Cats and Girls and Spaceships @ 00:12:56,https://animehistory.org/gallery/screencaps/outlaw-star/episode-20/,https://animehistory.org/gallery/screencaps/outlaw-star/episode-20/?page=2,2,2026-10-07T01:50:13.352787+00:00,f2aecdda93f4ec202e38a2852a69f25c8fb38d9e2acf1be756bfd01e809f62f2,,UNVERIFIED
EP-20,Cats and Girls and Spaceships,00:13:00,780,853685,https://animehistory.org/uploads/screencaps/outlaw-star-E020-Cats-and-Girls-and-Spaceships/cap_00-13-00_5e73.jpg,Outlaw Star Ep 20: Cats and Girls and Spaceships @ 00:13:00,https://animehistory.org/gallery/screencaps/outlaw-star/episode-20/,https://animehistory.org/gallery/screencaps/outlaw-star/episode-20/?page=2,2,2026-10-07T01:50:13.352787+00:00,f2aecdda93f4ec202e38a2852a69f25c8fb38d9e2acf1be756bfd01e809f62f2,,UNVERIFIED
EP-20,Cats and Girls and Spaceships,00:13:03,783,853686,https://animehistory.org/uploads/screencaps/outlaw-star-E020-Cats-and-Girls-and-Spaceships/cap_00-13-03_0127.jpg,Outlaw Star Ep 20: Cats and Girls and Spaceships @ 00:13:03,https://animehistory.org/gallery/screencaps/outlaw-star/episode-20/,https://animehistory.org/gallery/screencaps/outlaw-star/episode-20/?page=2,2,2026-10-07T01:50:13.352787+00:00,f2aecdda93f4ec202e38a2852a69f25c8fb38d9e2acf1be756bfd01e809f62f2,,UNVERIFIED
EP-20,Cats and Girls and Spaceships,00:13:07,787,853687,https://animehistory.org/uploads/screencaps/outlaw-star-E020-Cats-and-Girls-and-Spaceships/cap_00-13-07_117f.jpg,Outlaw Star Ep 20: Cats and Girls and Spaceships @ 00:13:07,https://animehistory.org/gallery/screencaps/outlaw-star/episode-20/,https://animehistory.org/gallery/screencaps/outlaw-star/episode-20/?page=2,2,2026-10-07T01:50:13.352787+00:00,f2aecdda93f4ec202e38a2852a69f25c8fb38d9e2acf1be756bfd01e809f62f2,,UNVERIFIED
EP-20,Cats and Girls and Spaceships,00:13:10,790,853688,https://animehistory.org/uploads/screencaps/outlaw-star-E020-Cats-and-Girls-and-Spaceships/cap_00-13-10_397c.jpg,Outlaw Star Ep 20: Cats and Girls and Spaceships @ 00:13:10,https://animehistory.org/gallery/screencaps/outlaw-star/episode-20/,https://animehistory.org/gallery/screencaps/outlaw-star/episode-20/?page=2,2,2026-10-07T01:50:13.352787+00:00,f2aecdda93f4ec202e38a2852a69f25c8fb38d9e2acf1be756bfd01e809f62f2,,UNVERIFIED
EP-20,Cats and Girls and Spaceships,00:13:14,794,853689,https://animehistory.org/uploads/screencaps/outlaw-star-E020-Cats-and-Girls-and-Spaceships/cap_00-13-14_358f.jpg,Outlaw Star Ep 20: Cats and Girls and Spaceships @ 00:13:14,https://animehistory.org/gallery/screencaps/outlaw-star/episode-20/,https://animehistory.org/gallery/screencaps/outlaw-star/episode-20/?page=2,2,2026-10-07T01:50:13.352787+00:00,f2aecdda93f4ec202e38a2852a69f25c8fb38d9e2acf1be756bfd01e809f62f2,,UNVERIFIED
EP-20,Cats and Girls and Spaceships,00:13:18,798,853690,https://animehistory.org/uploads/screencaps/outlaw-star-E020-Cats-and-Girls-and-Spaceships/cap_00-13-18_774a.jpg,Outlaw Star Ep 20: Cats and Girls and Spaceships @ 00:13:18,https://animehistory.org/gallery/screencaps/outlaw-star/episode-20/,https://animehistory.org/gallery/screencaps/outlaw-star/episode-20/?page=2,2,2026-10-07T01:50:13.352787+00:00,f2aecdda93f4ec202e38a2852a69f25c8fb38d9e2acf1be756bfd01e809f62f2,,UNVERIFIED
EP-20,Cats and Girls and Spaceships,00:13:21,801,853691,https://animehistory.org/uploads/screencaps/outlaw-star-E020-Cats-and-Girls-and-Spaceships/cap_00-13-21_659f.jpg,Outlaw Star Ep 20: Cats and Girls and Spaceships @ 00:13:21,https://animehistory.org/gallery/screencaps/outlaw-star/episode-20/,https://animehistory.org/gallery/screencaps/outlaw-star/episode-20/?page=2,2,2026-10-07T01:50:13.352787+00:00,f2aecdda93f4ec202e38a2852a69f25c8fb38d9e2acf1be756bfd01e809f62f2,,UNVERIFIED
EP-20,Cats and Girls and Spaceships,00:13:25,805,853692,https://animehistory.org/uploads/screencaps/outlaw-star-E020-Cats-and-Girls-and-Spaceships/cap_00-13-25_3390.jpg,Outlaw Star Ep 20: Cats and Girls and Spaceships @ 00:13:25,https://animehistory.org/gallery/screencaps/outlaw-star/episode-20/,https://animehistory.org/gallery/screencaps/outlaw-star/episode-20/?page=2,2,2026-10-07T01:50:13.352787+00:00,f2aecdda93f4ec202e38a2852a69f25c8fb38d9e2acf1be756bfd01e809f62f2,,UNVERIFIED
EP-20,Cats and Girls and Spaceships,00:13:29,809,853693,https://animehistory.org/uploads/screencaps/outlaw-star-E020-Cats-and-Girls-and-Spaceships/cap_00-13-29_30d7.jpg,Outlaw Star Ep 20: Cats and Girls and Spaceships @ 00:13:29,https://animehistory.org/gallery/screencaps/outlaw-star/episode-20/,https://animehistory.org/gallery/screencaps/outlaw-star/episode-20/?page=2,2,2026-10-07T01:50:13.352787+00:00,f2aecdda93f4ec202e38a2852a69f25c8fb38d9e2acf1be756bfd01e809f62f2,,UNVERIFIED
EP-20,Cats and Girls and Spaceships,00:13:32,812,853694,https://animehistory.org/uploads/screencaps/outlaw-star-E020-Cats-and-Girls-and-Spaceships/cap_00-13-32_2957.jpg,Outlaw Star Ep 20: Cats and Girls and Spaceships @ 00:13:32,https://animehistory.org/gallery/screencaps/outlaw-star/episode-20/,https://animehistory.org/gallery/screencaps/outlaw-star/episode-20/?page=2,2,2026-10-07T01:50:13.352787+00:00,f2aecdda93f4ec202e38a2852a69f25c8fb38d9e2acf1be756bfd01e809f62f2,,UNVERIFIED
EP-20,Cats and Girls and Spaceships,00:13:36,816,853695,https://animehistory.org/uploads/screencaps/outlaw-star-E020-Cats-and-Girls-and-Spaceships/cap_00-13-36_32b2.jpg,Outlaw Star Ep 20: Cats and Girls and Spaceships @ 00:13:36,https://animehistory.org/gallery/screencaps/outlaw-star/episode-20/,https://animehistory.org/gallery/screencaps/outlaw-star/episode-20/?page=2,2,2026-10-07T01:50:13.352787+00:00,f2aecdda93f4ec202e38a2852a69f25c8fb38d9e2acf1be756bfd01e809f62f2,,UNVERIFIED
EP-20,Cats and Girls and Spaceships,00:13:40,820,853696,https://animehistory.org/uploads/screencaps/outlaw-star-E020-Cats-and-Girls-and-Spaceships/cap_00-13-40_50c2.jpg,Outlaw Star Ep 20: Cats and Girls and Spaceships @ 00:13:40,https://animehistory.org/gallery/screencaps/outlaw-star/episode-20/,https://animehistory.org/gallery/screencaps/outlaw-star/episode-20/?page=2,2,2026-10-07T01:50:13.352787+00:00,f2aecdda93f4ec202e38a2852a69f25c8fb38d9e2acf1be756bfd01e809f62f2,,UNVERIFIED
EP-20,Cats and Girls and Spaceships,00:13:43,823,853697,https://animehistory.org/uploads/screencaps/outlaw-star-E020-Cats-and-Girls-and-Spaceships/cap_00-13-43_0305.jpg,Outlaw Star Ep 20: Cats and Girls and Spaceships @ 00:13:43,https://animehistory.org/gallery/screencaps/outlaw-star/episode-20/,https://animehistory.org/gallery/screencaps/outlaw-star/episode-20/?page=2,2,2026-10-07T01:50:13.352787+00:00,f2aecdda93f4ec202e38a2852a69f25c8fb38d9e2acf1be756bfd01e809f62f2,,UNVERIFIED
EP-20,Cats and Girls and Spaceships,00:13:47,827,853698,https://animehistory.org/uploads/screencaps/outlaw-star-E020-Cats-and-Girls-and-Spaceships/cap_00-13-47_7d7f.jpg,Outlaw Star Ep 20: Cats and Girls and Spaceships @ 00:13:47,https://animehistory.org/gallery/screencaps/outlaw-star/episode-20/,https://animehistory.org/gallery/screencaps/outlaw-star/episode-20/?page=2,2,2026-10-07T01:50:13.352787+00:00,f2aecdda93f4ec202e38a2852a69f25c8fb38d9e2acf1be756bfd01e809f62f2,,UNVERIFIED
EP-20,Cats and Girls and Spaceships,00:13:50,830,853699,https://animehistory.org/uploads/screencaps/outlaw-star-E020-Cats-and-Girls-and-Spaceships/cap_00-13-50_6bb9.jpg,Outlaw Star Ep 20: Cats and Girls and Spaceships @ 00:13:50,https://animehistory.org/gallery/screencaps/outlaw-star/episode-20/,https://animehistory.org/gallery/screencaps/outlaw-star/episode-20/?page=3,3,2026-10-07T01:50:14.744962+00:00,135d3eeb9c4f93276329b3cc44b3c07c5d889decee2d7c52f10471ff864ce11a,,UNVERIFIED
EP-20,Cats and Girls and Spaceships,00:13:54,834,853700,https://animehistory.org/uploads/screencaps/outlaw-star-E020-Cats-and-Girls-and-Spaceships/cap_00-13-54_2dfd.jpg,Outlaw Star Ep 20: Cats and Girls and Spaceships @ 00:13:54,https://animehistory.org/gallery/screencaps/outlaw-star/episode-20/,https://animehistory.org/gallery/screencaps/outlaw-star/episode-20/?page=3,3,2026-10-07T01:50:14.744962+00:00,135d3eeb9c4f93276329b3cc44b3c07c5d889decee2d7c52f10471ff864ce11a,,UNVERIFIED
EP-20,Cats and Girls and Spaceships,00:13:58,838,853701,https://animehistory.org/uploads/screencaps/outlaw-star-E020-Cats-and-Girls-and-Spaceships/cap_00-13-58_0d63.jpg,Outlaw Star Ep 20: Cats and Girls and Spaceships @ 00:13:58,https://animehistory.org/gallery/screencaps/outlaw-star/episode-20/,https://animehistory.org/gallery/screencaps/outlaw-star/episode-20/?page=3,3,2026-10-07T01:50:14.744962+00:00,135d3eeb9c4f93276329b3cc44b3c07c5d889decee2d7c52f10471ff864ce11a,,UNVERIFIED
EP-20,Cats and Girls and Spaceships,00:14:01,841,853702,https://animehistory.org/uploads/screencaps/outlaw-star-E020-Cats-and-Girls-and-Spaceships/cap_00-14-01_0cbf.jpg,Outlaw Star Ep 20: Cats and Girls and Spaceships @ 00:14:01,https://animehistory.org/gallery/screencaps/outlaw-star/episode-20/,https://animehistory.org/gallery/screencaps/outlaw-star/episode-20/?page=3,3,2026-10-07T01:50:14.744962+00:00,135d3eeb9c4f93276329b3cc44b3c07c5d889decee2d7c52f10471ff864ce11a,,UNVERIFIED
EP-20,Cats and Girls and Spaceships,00:14:05,845,853703,https://animehistory.org/uploads/screencaps/outlaw-star-E020-Cats-and-Girls-and-Spaceships/cap_00-14-05_22af.jpg,Outlaw Star Ep 20: Cats and Girls and Spaceships @ 00:14:05,https://animehistory.org/gallery/screencaps/outlaw-star/episode-20/,https://animehistory.org/gallery/screencaps/outlaw-star/episode-20/?page=3,3,2026-10-07T01:50:14.744962+00:00,135d3eeb9c4f93276329b3cc44b3c07c5d889decee2d7c52f10471ff864ce11a,,UNVERIFIED
EP-20,Cats and Girls and Spaceships,00:14:09,849,853704,https://animehistory.org/uploads/screencaps/outlaw-star-E020-Cats-and-Girls-and-Spaceships/cap_00-14-09_42bb.jpg,Outlaw Star Ep 20: Cats and Girls and Spaceships @ 00:14:09,https://animehistory.org/gallery/screencaps/outlaw-star/episode-20/,https://animehistory.org/gallery/screencaps/outlaw-star/episode-20/?page=3,3,2026-10-07T01:50:14.744962+00:00,135d3eeb9c4f93276329b3cc44b3c07c5d889decee2d7c52f10471ff864ce11a,,UNVERIFIED
EP-20,Cats and Girls and Spaceships,00:14:12,852,853705,https://animehistory.org/uploads/screencaps/outlaw-star-E020-Cats-and-Girls-and-Spaceships/cap_00-14-12_1d3b.jpg,Outlaw Star Ep 20: Cats and Girls and Spaceships @ 00:14:12,https://animehistory.org/gallery/screencaps/outlaw-star/episode-20/,https://animehistory.org/gallery/screencaps/outlaw-star/episode-20/?page=3,3,2026-10-07T01:50:14.744962+00:00,135d3eeb9c4f93276329b3cc44b3c07c5d889decee2d7c52f10471ff864ce11a,,UNVERIFIED
EP-20,Cats and Girls and Spaceships,00:14:16,856,853706,https://animehistory.org/uploads/screencaps/outlaw-star-E020-Cats-and-Girls-and-Spaceships/cap_00-14-16_7569.jpg,Outlaw Star Ep 20: Cats and Girls and Spaceships @ 00:14:16,https://animehistory.org/gallery/screencaps/outlaw-star/episode-20/,https://animehistory.org/gallery/screencaps/outlaw-star/episode-20/?page=3,3,2026-10-07T01:50:14.744962+00:00,135d3eeb9c4f93276329b3cc44b3c07c5d889decee2d7c52f10471ff864ce11a,,UNVERIFIED
EP-20,Cats and Girls and Spaceships,00:14:20,860,853707,https://animehistory.org/uploads/screencaps/outlaw-star-E020-Cats-and-Girls-and-Spaceships/cap_00-14-20_3660.jpg,Outlaw Star Ep 20: Cats and Girls and Spaceships @ 00:14:20,https://animehistory.org/gallery/screencaps/outlaw-star/episode-20/,https://animehistory.org/gallery/screencaps/outlaw-star/episode-20/?page=3,3,2026-10-07T01:50:14.744962+00:00,135d3eeb9c4f93276329b3cc44b3c07c5d889decee2d7c52f10471ff864ce11a,,UNVERIFIED
EP-20,Cats and Girls and Spaceships,00:14:23,863,853708,https://animehistory.org/uploads/screencaps/outlaw-star-E020-Cats-and-Girls-and-Spaceships/cap_00-14-23_0e77.jpg,Outlaw Star Ep 20: Cats and Girls and Spaceships @ 00:14:23,https://animehistory.org/gallery/screencaps/outlaw-star/episode-20/,https://animehistory.org/gallery/screencaps/outlaw-star/episode-20/?page=3,3,2026-10-07T01:50:14.744962+00:00,135d3eeb9c4f93276329b3cc44b3c07c5d889decee2d7c52f10471ff864ce11a,,UNVERIFIED
EP-20,Cats and Girls and Spaceships,00:14:27,867,853709,https://animehistory.org/uploads/screencaps/outlaw-star-E020-Cats-and-Girls-and-Spaceships/cap_00-14-27_44ef.jpg,Outlaw Star Ep 20: Cats and Girls and Spaceships @ 00:14:27,https://animehistory.org/gallery/screencaps/outlaw-star/episode-20/,https://animehistory.org/gallery/screencaps/outlaw-star/episode-20/?page=3,3,2026-10-07T01:50:14.744962+00:00,135d3eeb9c4f93276329b3cc44b3c07c5d889decee2d7c52f10471ff864ce11a,,UNVERIFIED
EP-20,Cats and Girls and Spaceships,00:14:30,870,853710,https://animehistory.org/uploads/screencaps/outlaw-star-E020-Cats-and-Girls-and-Spaceships/cap_00-14-30_2bca.jpg,Outlaw Star Ep 20: Cats and Girls and Spaceships @ 00:14:30,https://animehistory.org/gallery/screencaps/outlaw-star/episode-20/,https://animehistory.org/gallery/screencaps/outlaw-star/episode-20/?page=3,3,2026-10-07T01:50:14.744962+00:00,135d3eeb9c4f93276329b3cc44b3c07c5d889decee2d7c52f10471ff864ce11a,,UNVERIFIED
EP-20,Cats and Girls and Spaceships,00:14:34,874,853711,https://animehistory.org/uploads/screencaps/outlaw-star-E020-Cats-and-Girls-and-Spaceships/cap_00-14-34_165b.jpg,Outlaw Star Ep 20: Cats and Girls and Spaceships @ 00:14:34,https://animehistory.org/gallery/screencaps/outlaw-star/episode-20/,https://animehistory.org/gallery/screencaps/outlaw-star/episode-20/?page=3,3,2026-10-07T01:50:14.744962+00:00,135d3eeb9c4f93276329b3cc44b3c07c5d889decee2d7c52f10471ff864ce11a,,UNVERIFIED
EP-20,Cats and Girls and Spaceships,00:14:38,878,853712,https://animehistory.org/uploads/screencaps/outlaw-star-E020-Cats-and-Girls-and-Spaceships/cap_00-14-38_3d00.jpg,Outlaw Star Ep 20: Cats and Girls and Spaceships @ 00:14:38,https://animehistory.org/gallery/screencaps/outlaw-star/episode-20/,https://animehistory.org/gallery/screencaps/outlaw-star/episode-20/?page=3,3,2026-10-07T01:50:14.744962+00:00,135d3eeb9c4f93276329b3cc44b3c07c5d889decee2d7c52f10471ff864ce11a,,UNVERIFIED
EP-20,Cats and Girls and Spaceships,00:14:41,881,853713,https://animehistory.org/uploads/screencaps/outlaw-star-E020-Cats-and-Girls-and-Spaceships/cap_00-14-41_5a66.jpg,Outlaw Star Ep 20: Cats and Girls and Spaceships @ 00:14:41,https://animehistory.org/gallery/screencaps/outlaw-star/episode-20/,https://animehistory.org/gallery/screencaps/outlaw-star/episode-20/?page=3,3,2026-10-07T01:50:14.744962+00:00,135d3eeb9c4f93276329b3cc44b3c07c5d889decee2d7c52f10471ff864ce11a,,UNVERIFIED
EP-20,Cats and Girls and Spaceships,00:14:45,885,853714,https://animehistory.org/uploads/screencaps/outlaw-star-E020-Cats-and-Girls-and-Spaceships/cap_00-14-45_707a.jpg,Outlaw Star Ep 20: Cats and Girls and Spaceships @ 00:14:45,https://animehistory.org/gallery/screencaps/outlaw-star/episode-20/,https://animehistory.org/gallery/screencaps/outlaw-star/episode-20/?page=3,3,2026-10-07T01:50:14.744962+00:00,135d3eeb9c4f93276329b3cc44b3c07c5d889decee2d7c52f10471ff864ce11a,,UNVERIFIED
EP-20,Cats and Girls and Spaceships,00:14:49,889,853715,https://animehistory.org/uploads/screencaps/outlaw-star-E020-Cats-and-Girls-and-Spaceships/cap_00-14-49_7956.jpg,Outlaw Star Ep 20: Cats and Girls and Spaceships @ 00:14:49,https://animehistory.org/gallery/screencaps/outlaw-star/episode-20/,https://animehistory.org/gallery/screencaps/outlaw-star/episode-20/?page=3,3,2026-10-07T01:50:14.744962+00:00,135d3eeb9c4f93276329b3cc44b3c07c5d889decee2d7c52f10471ff864ce11a,,UNVERIFIED
EP-20,Cats and Girls and Spaceships,00:14:52,892,853716,https://animehistory.org/uploads/screencaps/outlaw-star-E020-Cats-and-Girls-and-Spaceships/cap_00-14-52_271e.jpg,Outlaw Star Ep 20: Cats and Girls and Spaceships @ 00:14:52,https://animehistory.org/gallery/screencaps/outlaw-star/episode-20/,https://animehistory.org/gallery/screencaps/outlaw-star/episode-20/?page=3,3,2026-10-07T01:50:14.744962+00:00,135d3eeb9c4f93276329b3cc44b3c07c5d889decee2d7c52f10471ff864ce11a,,UNVERIFIED
EP-20,Cats and Girls and Spaceships,00:14:56,896,853717,https://animehistory.org/uploads/screencaps/outlaw-star-E020-Cats-and-Girls-and-Spaceships/cap_00-14-56_1a4d.jpg,Outlaw Star Ep 20: Cats and Girls and Spaceships @ 00:14:56,https://animehistory.org/gallery/screencaps/outlaw-star/episode-20/,https://animehistory.org/gallery/screencaps/outlaw-star/episode-20/?page=3,3,2026-10-07T01:50:14.744962+00:00,135d3eeb9c4f93276329b3cc44b3c07c5d889decee2d7c52f10471ff864ce11a,,UNVERIFIED
EP-20,Cats and Girls and Spaceships,00:15:00,900,853718,https://animehistory.org/uploads/screencaps/outlaw-star-E020-Cats-and-Girls-and-Spaceships/cap_00-15-00_543d.jpg,Outlaw Star Ep 20: Cats and Girls and Spaceships @ 00:15:00,https://animehistory.org/gallery/screencaps/outlaw-star/episode-20/,https://animehistory.org/gallery/screencaps/outlaw-star/episode-20/?page=3,3,2026-10-07T01:50:14.744962+00:00,135d3eeb9c4f93276329b3cc44b3c07c5d889decee2d7c52f10471ff864ce11a,,UNVERIFIED
EP-20,Cats and Girls and Spaceships,00:15:03,903,853719,https://animehistory.org/uploads/screencaps/outlaw-star-E020-Cats-and-Girls-and-Spaceships/cap_00-15-03_6f41.jpg,Outlaw Star Ep 20: Cats and Girls and Spaceships @ 00:15:03,https://animehistory.org/gallery/screencaps/outlaw-star/episode-20/,https://animehistory.org/gallery/screencaps/outlaw-star/episode-20/?page=3,3,2026-10-07T01:50:14.744962+00:00,135d3eeb9c4f93276329b3cc44b3c07c5d889decee2d7c52f10471ff864ce11a,,UNVERIFIED
EP-20,Cats and Girls and Spaceships,00:15:07,907,853720,https://animehistory.org/uploads/screencaps/outlaw-star-E020-Cats-and-Girls-and-Spaceships/cap_00-15-07_5a64.jpg,Outlaw Star Ep 20: Cats and Girls and Spaceships @ 00:15:07,https://animehistory.org/gallery/screencaps/outlaw-star/episode-20/,https://animehistory.org/gallery/screencaps/outlaw-star/episode-20/?page=3,3,2026-10-07T01:50:14.744962+00:00,135d3eeb9c4f93276329b3cc44b3c07c5d889decee2d7c52f10471ff864ce11a,,UNVERIFIED
EP-20,Cats and Girls and Spaceships,00:15:10,910,853721,https://animehistory.org/uploads/screencaps/outlaw-star-E020-Cats-and-Girls-and-Spaceships/cap_00-15-10_1ff3.jpg,Outlaw Star Ep 20: Cats and Girls and Spaceships @ 00:15:10,https://animehistory.org/gallery/screencaps/outlaw-star/episode-20/,https://animehistory.org/gallery/screencaps/outlaw-star/episode-20/?page=3,3,2026-10-07T01:50:14.744962+00:00,135d3eeb9c4f93276329b3cc44b3c07c5d889decee2d7c52f10471ff864ce11a,,UNVERIFIED
EP-20,Cats and Girls and Spaceships,00:15:14,914,853722,https://animehistory.org/uploads/screencaps/outlaw-star-E020-Cats-and-Girls-and-Spaceships/cap_00-15-14_4147.jpg,Outlaw Star Ep 20: Cats and Girls and Spaceships @ 00:15:14,https://animehistory.org/gallery/screencaps/outlaw-star/episode-20/,https://animehistory.org/gallery/screencaps/outlaw-star/episode-20/?page=3,3,2026-10-07T01:50:14.744962+00:00,135d3eeb9c4f93276329b3cc44b3c07c5d889decee2d7c52f10471ff864ce11a,,UNVERIFIED
EP-20,Cats and Girls and Spaceships,00:15:18,918,853723,https://animehistory.org/uploads/screencaps/outlaw-star-E020-Cats-and-Girls-and-Spaceships/cap_00-15-18_5904.jpg,Outlaw Star Ep 20: Cats and Girls and Spaceships @ 00:15:18,https://animehistory.org/gallery/screencaps/outlaw-star/episode-20/,https://animehistory.org/gallery/screencaps/outlaw-star/episode-20/?page=3,3,2026-10-07T01:50:14.744962+00:00,135d3eeb9c4f93276329b3cc44b3c07c5d889decee2d7c52f10471ff864ce11a,,UNVERIFIED
EP-20,Cats and Girls and Spaceships,00:15:21,921,853724,https://animehistory.org/uploads/screencaps/outlaw-star-E020-Cats-and-Girls-and-Spaceships/cap_00-15-21_66f9.jpg,Outlaw Star Ep 20: Cats and Girls and Spaceships @ 00:15:21,https://animehistory.org/gallery/screencaps/outlaw-star/episode-20/,https://animehistory.org/gallery/screencaps/outlaw-star/episode-20/?page=3,3,2026-10-07T01:50:14.744962+00:00,135d3eeb9c4f93276329b3cc44b3c07c5d889decee2d7c52f10471ff864ce11a,,UNVERIFIED
EP-20,Cats and Girls and Spaceships,00:15:25,925,853725,https://animehistory.org/uploads/screencaps/outlaw-star-E020-Cats-and-Girls-and-Spaceships/cap_00-15-25_2452.jpg,Outlaw Star Ep 20: Cats and Girls and Spaceships @ 00:15:25,https://animehistory.org/gallery/screencaps/outlaw-star/episode-20/,https://animehistory.org/gallery/screencaps/outlaw-star/episode-20/?page=3,3,2026-10-07T01:50:14.744962+00:00,135d3eeb9c4f93276329b3cc44b3c07c5d889decee2d7c52f10471ff864ce11a,,UNVERIFIED
EP-20,Cats and Girls and Spaceships,00:15:29,929,853726,https://animehistory.org/uploads/screencaps/outlaw-star-E020-Cats-and-Girls-and-Spaceships/cap_00-15-29_02c3.jpg,Outlaw Star Ep 20: Cats and Girls and Spaceships @ 00:15:29,https://animehistory.org/gallery/screencaps/outlaw-star/episode-20/,https://animehistory.org/gallery/screencaps/outlaw-star/episode-20/?page=3,3,2026-10-07T01:50:14.744962+00:00,135d3eeb9c4f93276329b3cc44b3c07c5d889decee2d7c52f10471ff864ce11a,,UNVERIFIED
EP-20,Cats and Girls and Spaceships,00:15:32,932,853727,https://animehistory.org/uploads/screencaps/outlaw-star-E020-Cats-and-Girls-and-Spaceships/cap_00-15-32_2933.jpg,Outlaw Star Ep 20: Cats and Girls and Spaceships @ 00:15:32,https://animehistory.org/gallery/screencaps/outlaw-star/episode-20/,https://animehistory.org/gallery/screencaps/outlaw-star/episode-20/?page=3,3,2026-10-07T01:50:14.744962+00:00,135d3eeb9c4f93276329b3cc44b3c07c5d889decee2d7c52f10471ff864ce11a,,UNVERIFIED
EP-20,Cats and Girls and Spaceships,00:15:36,936,853728,https://animehistory.org/uploads/screencaps/outlaw-star-E020-Cats-and-Girls-and-Spaceships/cap_00-15-36_6c64.jpg,Outlaw Star Ep 20: Cats and Girls and Spaceships @ 00:15:36,https://animehistory.org/gallery/screencaps/outlaw-star/episode-20/,https://animehistory.org/gallery/screencaps/outlaw-star/episode-20/?page=3,3,2026-10-07T01:50:14.744962+00:00,135d3eeb9c4f93276329b3cc44b3c07c5d889decee2d7c52f10471ff864ce11a,,UNVERIFIED
EP-20,Cats and Girls and Spaceships,00:15:40,940,853729,https://animehistory.org/uploads/screencaps/outlaw-star-E020-Cats-and-Girls-and-Spaceships/cap_00-15-40_7bf6.jpg,Outlaw Star Ep 20: Cats and Girls and Spaceships @ 00:15:40,https://animehistory.org/gallery/screencaps/outlaw-star/episode-20/,https://animehistory.org/gallery/screencaps/outlaw-star/episode-20/?page=3,3,2026-10-07T01:50:14.744962+00:00,135d3eeb9c4f93276329b3cc44b3c07c5d889decee2d7c52f10471ff864ce11a,,UNVERIFIED
EP-20,Cats and Girls and Spaceships,00:15:43,943,853730,https://animehistory.org/uploads/screencaps/outlaw-star-E020-Cats-and-Girls-and-Spaceships/cap_00-15-43_1ac3.jpg,Outlaw Star Ep 20: Cats and Girls and Spaceships @ 00:15:43,https://animehistory.org/gallery/screencaps/outlaw-star/episode-20/,https://animehistory.org/gallery/screencaps/outlaw-star/episode-20/?page=3,3,2026-10-07T01:50:14.744962+00:00,135d3eeb9c4f93276329b3cc44b3c07c5d889decee2d7c52f10471ff864ce11a,,UNVERIFIED
EP-20,Cats and Girls and Spaceships,00:15:47,947,853731,https://animehistory.org/uploads/screencaps/outlaw-star-E020-Cats-and-Girls-and-Spaceships/cap_00-15-47_5d80.jpg,Outlaw Star Ep 20: Cats and Girls and Spaceships @ 00:15:47,https://animehistory.org/gallery/screencaps/outlaw-star/episode-20/,https://animehistory.org/gallery/screencaps/outlaw-star/episode-20/?page=3,3,2026-10-07T01:50:14.744962+00:00,135d3eeb9c4f93276329b3cc44b3c07c5d889decee2d7c52f10471ff864ce11a,,UNVERIFIED
EP-20,Cats and Girls and Spaceships,00:15:50,950,853732,https://animehistory.org/uploads/screencaps/outlaw-star-E020-Cats-and-Girls-and-Spaceships/cap_00-15-50_0562.jpg,Outlaw Star Ep 20: Cats and Girls and Spaceships @ 00:15:50,https://animehistory.org/gallery/screencaps/outlaw-star/episode-20/,https://animehistory.org/gallery/screencaps/outlaw-star/episode-20/?page=3,3,2026-10-07T01:50:14.744962+00:00,135d3eeb9c4f93276329b3cc44b3c07c5d889decee2d7c52f10471ff864ce11a,,UNVERIFIED
EP-20,Cats and Girls and Spaceships,00:15:54,954,853733,https://animehistory.org/uploads/screencaps/outlaw-star-E020-Cats-and-Girls-and-Spaceships/cap_00-15-54_2254.jpg,Outlaw Star Ep 20: Cats and Girls and Spaceships @ 00:15:54,https://animehistory.org/gallery/screencaps/outlaw-star/episode-20/,https://animehistory.org/gallery/screencaps/outlaw-star/episode-20/?page=3,3,2026-10-07T01:50:14.744962+00:00,135d3eeb9c4f93276329b3cc44b3c07c5d889decee2d7c52f10471ff864ce11a,,UNVERIFIED
EP-20,Cats and Girls and Spaceships,00:15:58,958,853734,https://animehistory.org/uploads/screencaps/outlaw-star-E020-Cats-and-Girls-and-Spaceships/cap_00-15-58_2754.jpg,Outlaw Star Ep 20: Cats and Girls and Spaceships @ 00:15:58,https://animehistory.org/gallery/screencaps/outlaw-star/episode-20/,https://animehistory.org/gallery/screencaps/outlaw-star/episode-20/?page=3,3,2026-10-07T01:50:14.744962+00:00,135d3eeb9c4f93276329b3cc44b3c07c5d889decee2d7c52f10471ff864ce11a,,UNVERIFIED
EP-20,Cats and Girls and Spaceships,00:16:01,961,853735,https://animehistory.org/uploads/screencaps/outlaw-star-E020-Cats-and-Girls-and-Spaceships/cap_00-16-01_54f7.jpg,Outlaw Star Ep 20: Cats and Girls and Spaceships @ 00:16:01,https://animehistory.org/gallery/screencaps/outlaw-star/episode-20/,https://animehistory.org/gallery/screencaps/outlaw-star/episode-20/?page=3,3,2026-10-07T01:50:14.744962+00:00,135d3eeb9c4f93276329b3cc44b3c07c5d889decee2d7c52f10471ff864ce11a,,UNVERIFIED
EP-20,Cats and Girls and Spaceships,00:16:05,965,853736,https://animehistory.org/uploads/screencaps/outlaw-star-E020-Cats-and-Girls-and-Spaceships/cap_00-16-05_5fb6.jpg,Outlaw Star Ep 20: Cats and Girls and Spaceships @ 00:16:05,https://animehistory.org/gallery/screencaps/outlaw-star/episode-20/,https://animehistory.org/gallery/screencaps/outlaw-star/episode-20/?page=3,3,2026-10-07T01:50:14.744962+00:00,135d3eeb9c4f93276329b3cc44b3c07c5d889decee2d7c52f10471ff864ce11a,,UNVERIFIED
EP-20,Cats and Girls and Spaceships,00:16:09,969,853737,https://animehistory.org/uploads/screencaps/outlaw-star-E020-Cats-and-Girls-and-Spaceships/cap_00-16-09_4b85.jpg,Outlaw Star Ep 20: Cats and Girls and Spaceships @ 00:16:09,https://animehistory.org/gallery/screencaps/outlaw-star/episode-20/,https://animehistory.org/gallery/screencaps/outlaw-star/episode-20/?page=3,3,2026-10-07T01:50:14.744962+00:00,135d3eeb9c4f93276329b3cc44b3c07c5d889decee2d7c52f10471ff864ce11a,,UNVERIFIED
EP-20,Cats and Girls and Spaceships,00:16:12,972,853738,https://animehistory.org/uploads/screencaps/outlaw-star-E020-Cats-and-Girls-and-Spaceships/cap_00-16-12_2291.jpg,Outlaw Star Ep 20: Cats and Girls and Spaceships @ 00:16:12,https://animehistory.org/gallery/screencaps/outlaw-star/episode-20/,https://animehistory.org/gallery/screencaps/outlaw-star/episode-20/?page=3,3,2026-10-07T01:50:14.744962+00:00,135d3eeb9c4f93276329b3cc44b3c07c5d889decee2d7c52f10471ff864ce11a,,UNVERIFIED
EP-20,Cats and Girls and Spaceships,00:16:16,976,853739,https://animehistory.org/uploads/screencaps/outlaw-star-E020-Cats-and-Girls-and-Spaceships/cap_00-16-16_38be.jpg,Outlaw Star Ep 20: Cats and Girls and Spaceships @ 00:16:16,https://animehistory.org/gallery/screencaps/outlaw-star/episode-20/,https://animehistory.org/gallery/screencaps/outlaw-star/episode-20/?page=3,3,2026-10-07T01:50:14.744962+00:00,135d3eeb9c4f93276329b3cc44b3c07c5d889decee2d7c52f10471ff864ce11a,,UNVERIFIED
EP-20,Cats and Girls and Spaceships,00:16:20,980,853740,https://animehistory.org/uploads/screencaps/outlaw-star-E020-Cats-and-Girls-and-Spaceships/cap_00-16-20_1144.jpg,Outlaw Star Ep 20: Cats and Girls and Spaceships @ 00:16:20,https://animehistory.org/gallery/screencaps/outlaw-star/episode-20/,https://animehistory.org/gallery/screencaps/outlaw-star/episode-20/?page=3,3,2026-10-07T01:50:14.744962+00:00,135d3eeb9c4f93276329b3cc44b3c07c5d889decee2d7c52f10471ff864ce11a,,UNVERIFIED
EP-20,Cats and Girls and Spaceships,00:16:23,983,853741,https://animehistory.org/uploads/screencaps/outlaw-star-E020-Cats-and-Girls-and-Spaceships/cap_00-16-23_653d.jpg,Outlaw Star Ep 20: Cats and Girls and Spaceships @ 00:16:23,https://animehistory.org/gallery/screencaps/outlaw-star/episode-20/,https://animehistory.org/gallery/screencaps/outlaw-star/episode-20/?page=3,3,2026-10-07T01:50:14.744962+00:00,135d3eeb9c4f93276329b3cc44b3c07c5d889decee2d7c52f10471ff864ce11a,,UNVERIFIED
EP-20,Cats and Girls and Spaceships,00:16:27,987,853742,https://animehistory.org/uploads/screencaps/outlaw-star-E020-Cats-and-Girls-and-Spaceships/cap_00-16-27_7634.jpg,Outlaw Star Ep 20: Cats and Girls and Spaceships @ 00:16:27,https://animehistory.org/gallery/screencaps/outlaw-star/episode-20/,https://animehistory.org/gallery/screencaps/outlaw-star/episode-20/?page=3,3,2026-10-07T01:50:14.744962+00:00,135d3eeb9c4f93276329b3cc44b3c07c5d889decee2d7c52f10471ff864ce11a,,UNVERIFIED
EP-20,Cats and Girls and Spaceships,00:16:30,990,853743,https://animehistory.org/uploads/screencaps/outlaw-star-E020-Cats-and-Girls-and-Spaceships/cap_00-16-30_5b0b.jpg,Outlaw Star Ep 20: Cats and Girls and Spaceships @ 00:16:30,https://animehistory.org/gallery/screencaps/outlaw-star/episode-20/,https://animehistory.org/gallery/screencaps/outlaw-star/episode-20/?page=3,3,2026-10-07T01:50:14.744962+00:00,135d3eeb9c4f93276329b3cc44b3c07c5d889decee2d7c52f10471ff864ce11a,,UNVERIFIED
EP-20,Cats and Girls and Spaceships,00:16:34,994,853744,https://animehistory.org/uploads/screencaps/outlaw-star-E020-Cats-and-Girls-and-Spaceships/cap_00-16-34_36c4.jpg,Outlaw Star Ep 20: Cats and Girls and Spaceships @ 00:16:34,https://animehistory.org/gallery/screencaps/outlaw-star/episode-20/,https://animehistory.org/gallery/screencaps/outlaw-star/episode-20/?page=3,3,2026-10-07T01:50:14.744962+00:00,135d3eeb9c4f93276329b3cc44b3c07c5d889decee2d7c52f10471ff864ce11a,,UNVERIFIED
EP-20,Cats and Girls and Spaceships,00:16:38,998,853745,https://animehistory.org/uploads/screencaps/outlaw-star-E020-Cats-and-Girls-and-Spaceships/cap_00-16-38_391a.jpg,Outlaw Star Ep 20: Cats and Girls and Spaceships @ 00:16:38,https://animehistory.org/gallery/screencaps/outlaw-star/episode-20/,https://animehistory.org/gallery/screencaps/outlaw-star/episode-20/?page=3,3,2026-10-07T01:50:14.744962+00:00,135d3eeb9c4f93276329b3cc44b3c07c5d889decee2d7c52f10471ff864ce11a,,UNVERIFIED
EP-20,Cats and Girls and Spaceships,00:16:41,1001,853746,https://animehistory.org/uploads/screencaps/outlaw-star-E020-Cats-and-Girls-and-Spaceships/cap_00-16-41_00e1.jpg,Outlaw Star Ep 20: Cats and Girls and Spaceships @ 00:16:41,https://animehistory.org/gallery/screencaps/outlaw-star/episode-20/,https://animehistory.org/gallery/screencaps/outlaw-star/episode-20/?page=3,3,2026-10-07T01:50:14.744962+00:00,135d3eeb9c4f93276329b3cc44b3c07c5d889decee2d7c52f10471ff864ce11a,,UNVERIFIED
EP-20,Cats and Girls and Spaceships,00:16:45,1005,853747,https://animehistory.org/uploads/screencaps/outlaw-star-E020-Cats-and-Girls-and-Spaceships/cap_00-16-45_63eb.jpg,Outlaw Star Ep 20: Cats and Girls and Spaceships @ 00:16:45,https://animehistory.org/gallery/screencaps/outlaw-star/episode-20/,https://animehistory.org/gallery/screencaps/outlaw-star/episode-20/?page=3,3,2026-10-07T01:50:14.744962+00:00,135d3eeb9c4f93276329b3cc44b3c07c5d889decee2d7c52f10471ff864ce11a,,UNVERIFIED
EP-20,Cats and Girls and Spaceships,00:16:49,1009,853748,https://animehistory.org/uploads/screencaps/outlaw-star-E020-Cats-and-Girls-and-Spaceships/cap_00-16-49_2333.jpg,Outlaw Star Ep 20: Cats and Girls and Spaceships @ 00:16:49,https://animehistory.org/gallery/screencaps/outlaw-star/episode-20/,https://animehistory.org/gallery/screencaps/outlaw-star/episode-20/?page=3,3,2026-10-07T01:50:14.744962+00:00,135d3eeb9c4f93276329b3cc44b3c07c5d889decee2d7c52f10471ff864ce11a,,UNVERIFIED
EP-20,Cats and Girls and Spaceships,00:16:52,1012,853749,https://animehistory.org/uploads/screencaps/outlaw-star-E020-Cats-and-Girls-and-Spaceships/cap_00-16-52_0041.jpg,Outlaw Star Ep 20: Cats and Girls and Spaceships @ 00:16:52,https://animehistory.org/gallery/screencaps/outlaw-star/episode-20/,https://animehistory.org/gallery/screencaps/outlaw-star/episode-20/?page=3,3,2026-10-07T01:50:14.744962+00:00,135d3eeb9c4f93276329b3cc44b3c07c5d889decee2d7c52f10471ff864ce11a,,UNVERIFIED
EP-20,Cats and Girls and Spaceships,00:16:56,1016,853750,https://animehistory.org/uploads/screencaps/outlaw-star-E020-Cats-and-Girls-and-Spaceships/cap_00-16-56_7e99.jpg,Outlaw Star Ep 20: Cats and Girls and Spaceships @ 00:16:56,https://animehistory.org/gallery/screencaps/outlaw-star/episode-20/,https://animehistory.org/gallery/screencaps/outlaw-star/episode-20/?page=3,3,2026-10-07T01:50:14.744962+00:00,135d3eeb9c4f93276329b3cc44b3c07c5d889decee2d7c52f10471ff864ce11a,,UNVERIFIED
EP-20,Cats and Girls and Spaceships,00:17:00,1020,853751,https://animehistory.org/uploads/screencaps/outlaw-star-E020-Cats-and-Girls-and-Spaceships/cap_00-17-00_68de.jpg,Outlaw Star Ep 20: Cats and Girls and Spaceships @ 00:17:00,https://animehistory.org/gallery/screencaps/outlaw-star/episode-20/,https://animehistory.org/gallery/screencaps/outlaw-star/episode-20/?page=3,3,2026-10-07T01:50:14.744962+00:00,135d3eeb9c4f93276329b3cc44b3c07c5d889decee2d7c52f10471ff864ce11a,,UNVERIFIED
EP-20,Cats and Girls and Spaceships,00:17:03,1023,853752,https://animehistory.org/uploads/screencaps/outlaw-star-E020-Cats-and-Girls-and-Spaceships/cap_00-17-03_0022.jpg,Outlaw Star Ep 20: Cats and Girls and Spaceships @ 00:17:03,https://animehistory.org/gallery/screencaps/outlaw-star/episode-20/,https://animehistory.org/gallery/screencaps/outlaw-star/episode-20/?page=3,3,2026-10-07T01:50:14.744962+00:00,135d3eeb9c4f93276329b3cc44b3c07c5d889decee2d7c52f10471ff864ce11a,,UNVERIFIED
EP-20,Cats and Girls and Spaceships,00:17:07,1027,853753,https://animehistory.org/uploads/screencaps/outlaw-star-E020-Cats-and-Girls-and-Spaceships/cap_00-17-07_2ac0.jpg,Outlaw Star Ep 20: Cats and Girls and Spaceships @ 00:17:07,https://animehistory.org/gallery/screencaps/outlaw-star/episode-20/,https://animehistory.org/gallery/screencaps/outlaw-star/episode-20/?page=3,3,2026-10-07T01:50:14.744962+00:00,135d3eeb9c4f93276329b3cc44b3c07c5d889decee2d7c52f10471ff864ce11a,,UNVERIFIED
EP-20,Cats and Girls and Spaceships,00:17:10,1030,853754,https://animehistory.org/uploads/screencaps/outlaw-star-E020-Cats-and-Girls-and-Spaceships/cap_00-17-10_7e91.jpg,Outlaw Star Ep 20: Cats and Girls and Spaceships @ 00:17:10,https://animehistory.org/gallery/screencaps/outlaw-star/episode-20/,https://animehistory.org/gallery/screencaps/outlaw-star/episode-20/?page=3,3,2026-10-07T01:50:14.744962+00:00,135d3eeb9c4f93276329b3cc44b3c07c5d889decee2d7c52f10471ff864ce11a,,UNVERIFIED
EP-20,Cats and Girls and Spaceships,00:17:14,1034,853755,https://animehistory.org/uploads/screencaps/outlaw-star-E020-Cats-and-Girls-and-Spaceships/cap_00-17-14_32cb.jpg,Outlaw Star Ep 20: Cats and Girls and Spaceships @ 00:17:14,https://animehistory.org/gallery/screencaps/outlaw-star/episode-20/,https://animehistory.org/gallery/screencaps/outlaw-star/episode-20/?page=3,3,2026-10-07T01:50:14.744962+00:00,135d3eeb9c4f93276329b3cc44b3c07c5d889decee2d7c52f10471ff864ce11a,,UNVERIFIED
EP-20,Cats and Girls and Spaceships,00:17:18,1038,853756,https://animehistory.org/uploads/screencaps/outlaw-star-E020-Cats-and-Girls-and-Spaceships/cap_00-17-18_5471.jpg,Outlaw Star Ep 20: Cats and Girls and Spaceships @ 00:17:18,https://animehistory.org/gallery/screencaps/outlaw-star/episode-20/,https://animehistory.org/gallery/screencaps/outlaw-star/episode-20/?page=3,3,2026-10-07T01:50:14.744962+00:00,135d3eeb9c4f93276329b3cc44b3c07c5d889decee2d7c52f10471ff864ce11a,,UNVERIFIED
EP-20,Cats and Girls and Spaceships,00:17:21,1041,853757,https://animehistory.org/uploads/screencaps/outlaw-star-E020-Cats-and-Girls-and-Spaceships/cap_00-17-21_5d95.jpg,Outlaw Star Ep 20: Cats and Girls and Spaceships @ 00:17:21,https://animehistory.org/gallery/screencaps/outlaw-star/episode-20/,https://animehistory.org/gallery/screencaps/outlaw-star/episode-20/?page=3,3,2026-10-07T01:50:14.744962+00:00,135d3eeb9c4f93276329b3cc44b3c07c5d889decee2d7c52f10471ff864ce11a,,UNVERIFIED
EP-20,Cats and Girls and Spaceships,00:17:25,1045,853758,https://animehistory.org/uploads/screencaps/outlaw-star-E020-Cats-and-Girls-and-Spaceships/cap_00-17-25_0ca8.jpg,Outlaw Star Ep 20: Cats and Girls and Spaceships @ 00:17:25,https://animehistory.org/gallery/screencaps/outlaw-star/episode-20/,https://animehistory.org/gallery/screencaps/outlaw-star/episode-20/?page=3,3,2026-10-07T01:50:14.744962+00:00,135d3eeb9c4f93276329b3cc44b3c07c5d889decee2d7c52f10471ff864ce11a,,UNVERIFIED
EP-20,Cats and Girls and Spaceships,00:17:29,1049,853759,https://animehistory.org/uploads/screencaps/outlaw-star-E020-Cats-and-Girls-and-Spaceships/cap_00-17-29_39ce.jpg,Outlaw Star Ep 20: Cats and Girls and Spaceships @ 00:17:29,https://animehistory.org/gallery/screencaps/outlaw-star/episode-20/,https://animehistory.org/gallery/screencaps/outlaw-star/episode-20/?page=3,3,2026-10-07T01:50:14.744962+00:00,135d3eeb9c4f93276329b3cc44b3c07c5d889decee2d7c52f10471ff864ce11a,,UNVERIFIED
EP-20,Cats and Girls and Spaceships,00:17:32,1052,853760,https://animehistory.org/uploads/screencaps/outlaw-star-E020-Cats-and-Girls-and-Spaceships/cap_00-17-32_17be.jpg,Outlaw Star Ep 20: Cats and Girls and Spaceships @ 00:17:32,https://animehistory.org/gallery/screencaps/outlaw-star/episode-20/,https://animehistory.org/gallery/screencaps/outlaw-star/episode-20/?page=3,3,2026-10-07T01:50:14.744962+00:00,135d3eeb9c4f93276329b3cc44b3c07c5d889decee2d7c52f10471ff864ce11a,,UNVERIFIED
EP-20,Cats and Girls and Spaceships,00:17:36,1056,853761,https://animehistory.org/uploads/screencaps/outlaw-star-E020-Cats-and-Girls-and-Spaceships/cap_00-17-36_18d8.jpg,Outlaw Star Ep 20: Cats and Girls and Spaceships @ 00:17:36,https://animehistory.org/gallery/screencaps/outlaw-star/episode-20/,https://animehistory.org/gallery/screencaps/outlaw-star/episode-20/?page=3,3,2026-10-07T01:50:14.744962+00:00,135d3eeb9c4f93276329b3cc44b3c07c5d889decee2d7c52f10471ff864ce11a,,UNVERIFIED
EP-20,Cats and Girls and Spaceships,00:17:40,1060,853762,https://animehistory.org/uploads/screencaps/outlaw-star-E020-Cats-and-Girls-and-Spaceships/cap_00-17-40_15ee.jpg,Outlaw Star Ep 20: Cats and Girls and Spaceships @ 00:17:40,https://animehistory.org/gallery/screencaps/outlaw-star/episode-20/,https://animehistory.org/gallery/screencaps/outlaw-star/episode-20/?page=3,3,2026-10-07T01:50:14.744962+00:00,135d3eeb9c4f93276329b3cc44b3c07c5d889decee2d7c52f10471ff864ce11a,,UNVERIFIED
EP-20,Cats and Girls and Spaceships,00:17:43,1063,853763,https://animehistory.org/uploads/screencaps/outlaw-star-E020-Cats-and-Girls-and-Spaceships/cap_00-17-43_5466.jpg,Outlaw Star Ep 20: Cats and Girls and Spaceships @ 00:17:43,https://animehistory.org/gallery/screencaps/outlaw-star/episode-20/,https://animehistory.org/gallery/screencaps/outlaw-star/episode-20/?page=3,3,2026-10-07T01:50:14.744962+00:00,135d3eeb9c4f93276329b3cc44b3c07c5d889decee2d7c52f10471ff864ce11a,,UNVERIFIED
EP-20,Cats and Girls and Spaceships,00:17:47,1067,853764,https://animehistory.org/uploads/screencaps/outlaw-star-E020-Cats-and-Girls-and-Spaceships/cap_00-17-47_40f4.jpg,Outlaw Star Ep 20: Cats and Girls and Spaceships @ 00:17:47,https://animehistory.org/gallery/screencaps/outlaw-star/episode-20/,https://animehistory.org/gallery/screencaps/outlaw-star/episode-20/?page=3,3,2026-10-07T01:50:14.744962+00:00,135d3eeb9c4f93276329b3cc44b3c07c5d889decee2d7c52f10471ff864ce11a,,UNVERIFIED
EP-20,Cats and Girls and Spaceships,00:17:50,1070,853765,https://animehistory.org/uploads/screencaps/outlaw-star-E020-Cats-and-Girls-and-Spaceships/cap_00-17-50_58b0.jpg,Outlaw Star Ep 20: Cats and Girls and Spaceships @ 00:17:50,https://animehistory.org/gallery/screencaps/outlaw-star/episode-20/,https://animehistory.org/gallery/screencaps/outlaw-star/episode-20/?page=3,3,2026-10-07T01:50:14.744962+00:00,135d3eeb9c4f93276329b3cc44b3c07c5d889decee2d7c52f10471ff864ce11a,,UNVERIFIED
EP-20,Cats and Girls and Spaceships,00:17:54,1074,853766,https://animehistory.org/uploads/screencaps/outlaw-star-E020-Cats-and-Girls-and-Spaceships/cap_00-17-54_7f91.jpg,Outlaw Star Ep 20: Cats and Girls and Spaceships @ 00:17:54,https://animehistory.org/gallery/screencaps/outlaw-star/episode-20/,https://animehistory.org/gallery/screencaps/outlaw-star/episode-20/?page=3,3,2026-10-07T01:50:14.744962+00:00,135d3eeb9c4f93276329b3cc44b3c07c5d889decee2d7c52f10471ff864ce11a,,UNVERIFIED
EP-20,Cats and Girls and Spaceships,00:17:58,1078,853767,https://animehistory.org/uploads/screencaps/outlaw-star-E020-Cats-and-Girls-and-Spaceships/cap_00-17-58_3d97.jpg,Outlaw Star Ep 20: Cats and Girls and Spaceships @ 00:17:58,https://animehistory.org/gallery/screencaps/outlaw-star/episode-20/,https://animehistory.org/gallery/screencaps/outlaw-star/episode-20/?page=3,3,2026-10-07T01:50:14.744962+00:00,135d3eeb9c4f93276329b3cc44b3c07c5d889decee2d7c52f10471ff864ce11a,,UNVERIFIED
EP-20,Cats and Girls and Spaceships,00:18:01,1081,853768,https://animehistory.org/uploads/screencaps/outlaw-star-E020-Cats-and-Girls-and-Spaceships/cap_00-18-01_2a45.jpg,Outlaw Star Ep 20: Cats and Girls and Spaceships @ 00:18:01,https://animehistory.org/gallery/screencaps/outlaw-star/episode-20/,https://animehistory.org/gallery/screencaps/outlaw-star/episode-20/?page=3,3,2026-10-07T01:50:14.744962+00:00,135d3eeb9c4f93276329b3cc44b3c07c5d889decee2d7c52f10471ff864ce11a,,UNVERIFIED
EP-20,Cats and Girls and Spaceships,00:18:05,1085,853769,https://animehistory.org/uploads/screencaps/outlaw-star-E020-Cats-and-Girls-and-Spaceships/cap_00-18-05_643b.jpg,Outlaw Star Ep 20: Cats and Girls and Spaceships @ 00:18:05,https://animehistory.org/gallery/screencaps/outlaw-star/episode-20/,https://animehistory.org/gallery/screencaps/outlaw-star/episode-20/?page=3,3,2026-10-07T01:50:14.744962+00:00,135d3eeb9c4f93276329b3cc44b3c07c5d889decee2d7c52f10471ff864ce11a,,UNVERIFIED
EP-20,Cats and Girls and Spaceships,00:18:09,1089,853770,https://animehistory.org/uploads/screencaps/outlaw-star-E020-Cats-and-Girls-and-Spaceships/cap_00-18-09_549d.jpg,Outlaw Star Ep 20: Cats and Girls and Spaceships @ 00:18:09,https://animehistory.org/gallery/screencaps/outlaw-star/episode-20/,https://animehistory.org/gallery/screencaps/outlaw-star/episode-20/?page=3,3,2026-10-07T01:50:14.744962+00:00,135d3eeb9c4f93276329b3cc44b3c07c5d889decee2d7c52f10471ff864ce11a,,UNVERIFIED
EP-20,Cats and Girls and Spaceships,00:18:12,1092,853771,https://animehistory.org/uploads/screencaps/outlaw-star-E020-Cats-and-Girls-and-Spaceships/cap_00-18-12_0b7d.jpg,Outlaw Star Ep 20: Cats and Girls and Spaceships @ 00:18:12,https://animehistory.org/gallery/screencaps/outlaw-star/episode-20/,https://animehistory.org/gallery/screencaps/outlaw-star/episode-20/?page=3,3,2026-10-07T01:50:14.744962+00:00,135d3eeb9c4f93276329b3cc44b3c07c5d889decee2d7c52f10471ff864ce11a,,UNVERIFIED
EP-20,Cats and Girls and Spaceships,00:18:16,1096,853772,https://animehistory.org/uploads/screencaps/outlaw-star-E020-Cats-and-Girls-and-Spaceships/cap_00-18-16_1981.jpg,Outlaw Star Ep 20: Cats and Girls and Spaceships @ 00:18:16,https://animehistory.org/gallery/screencaps/outlaw-star/episode-20/,https://animehistory.org/gallery/screencaps/outlaw-star/episode-20/?page=3,3,2026-10-07T01:50:14.744962+00:00,135d3eeb9c4f93276329b3cc44b3c07c5d889decee2d7c52f10471ff864ce11a,,UNVERIFIED
EP-20,Cats and Girls and Spaceships,00:18:20,1100,853773,https://animehistory.org/uploads/screencaps/outlaw-star-E020-Cats-and-Girls-and-Spaceships/cap_00-18-20_1ed1.jpg,Outlaw Star Ep 20: Cats and Girls and Spaceships @ 00:18:20,https://animehistory.org/gallery/screencaps/outlaw-star/episode-20/,https://animehistory.org/gallery/screencaps/outlaw-star/episode-20/?page=3,3,2026-10-07T01:50:14.744962+00:00,135d3eeb9c4f93276329b3cc44b3c07c5d889decee2d7c52f10471ff864ce11a,,UNVERIFIED
EP-20,Cats and Girls and Spaceships,00:18:23,1103,853774,https://animehistory.org/uploads/screencaps/outlaw-star-E020-Cats-and-Girls-and-Spaceships/cap_00-18-23_42c9.jpg,Outlaw Star Ep 20: Cats and Girls and Spaceships @ 00:18:23,https://animehistory.org/gallery/screencaps/outlaw-star/episode-20/,https://animehistory.org/gallery/screencaps/outlaw-star/episode-20/?page=3,3,2026-10-07T01:50:14.744962+00:00,135d3eeb9c4f93276329b3cc44b3c07c5d889decee2d7c52f10471ff864ce11a,,UNVERIFIED
EP-20,Cats and Girls and Spaceships,00:18:27,1107,853775,https://animehistory.org/uploads/screencaps/outlaw-star-E020-Cats-and-Girls-and-Spaceships/cap_00-18-27_46f3.jpg,Outlaw Star Ep 20: Cats and Girls and Spaceships @ 00:18:27,https://animehistory.org/gallery/screencaps/outlaw-star/episode-20/,https://animehistory.org/gallery/screencaps/outlaw-star/episode-20/?page=3,3,2026-10-07T01:50:14.744962+00:00,135d3eeb9c4f93276329b3cc44b3c07c5d889decee2d7c52f10471ff864ce11a,,UNVERIFIED
EP-20,Cats and Girls and Spaceships,00:18:30,1110,853776,https://animehistory.org/uploads/screencaps/outlaw-star-E020-Cats-and-Girls-and-Spaceships/cap_00-18-30_2cc7.jpg,Outlaw Star Ep 20: Cats and Girls and Spaceships @ 00:18:30,https://animehistory.org/gallery/screencaps/outlaw-star/episode-20/,https://animehistory.org/gallery/screencaps/outlaw-star/episode-20/?page=3,3,2026-10-07T01:50:14.744962+00:00,135d3eeb9c4f93276329b3cc44b3c07c5d889decee2d7c52f10471ff864ce11a,,UNVERIFIED
EP-20,Cats and Girls and Spaceships,00:18:34,1114,853777,https://animehistory.org/uploads/screencaps/outlaw-star-E020-Cats-and-Girls-and-Spaceships/cap_00-18-34_504f.jpg,Outlaw Star Ep 20: Cats and Girls and Spaceships @ 00:18:34,https://animehistory.org/gallery/screencaps/outlaw-star/episode-20/,https://animehistory.org/gallery/screencaps/outlaw-star/episode-20/?page=3,3,2026-10-07T01:50:14.744962+00:00,135d3eeb9c4f93276329b3cc44b3c07c5d889decee2d7c52f10471ff864ce11a,,UNVERIFIED
EP-20,Cats and Girls and Spaceships,00:18:38,1118,853778,https://animehistory.org/uploads/screencaps/outlaw-star-E020-Cats-and-Girls-and-Spaceships/cap_00-18-38_4375.jpg,Outlaw Star Ep 20: Cats and Girls and Spaceships @ 00:18:38,https://animehistory.org/gallery/screencaps/outlaw-star/episode-20/,https://animehistory.org/gallery/screencaps/outlaw-star/episode-20/?page=3,3,2026-10-07T01:50:14.744962+00:00,135d3eeb9c4f93276329b3cc44b3c07c5d889decee2d7c52f10471ff864ce11a,,UNVERIFIED
EP-20,Cats and Girls and Spaceships,00:18:41,1121,853779,https://animehistory.org/uploads/screencaps/outlaw-star-E020-Cats-and-Girls-and-Spaceships/cap_00-18-41_0ad0.jpg,Outlaw Star Ep 20: Cats and Girls and Spaceships @ 00:18:41,https://animehistory.org/gallery/screencaps/outlaw-star/episode-20/,https://animehistory.org/gallery/screencaps/outlaw-star/episode-20/?page=3,3,2026-10-07T01:50:14.744962+00:00,135d3eeb9c4f93276329b3cc44b3c07c5d889decee2d7c52f10471ff864ce11a,,UNVERIFIED
EP-20,Cats and Girls and Spaceships,00:18:45,1125,853780,https://animehistory.org/uploads/screencaps/outlaw-star-E020-Cats-and-Girls-and-Spaceships/cap_00-18-45_3774.jpg,Outlaw Star Ep 20: Cats and Girls and Spaceships @ 00:18:45,https://animehistory.org/gallery/screencaps/outlaw-star/episode-20/,https://animehistory.org/gallery/screencaps/outlaw-star/episode-20/?page=3,3,2026-10-07T01:50:14.744962+00:00,135d3eeb9c4f93276329b3cc44b3c07c5d889decee2d7c52f10471ff864ce11a,,UNVERIFIED
EP-20,Cats and Girls and Spaceships,00:18:49,1129,853781,https://animehistory.org/uploads/screencaps/outlaw-star-E020-Cats-and-Girls-and-Spaceships/cap_00-18-49_5c43.jpg,Outlaw Star Ep 20: Cats and Girls and Spaceships @ 00:18:49,https://animehistory.org/gallery/screencaps/outlaw-star/episode-20/,https://animehistory.org/gallery/screencaps/outlaw-star/episode-20/?page=3,3,2026-10-07T01:50:14.744962+00:00,135d3eeb9c4f93276329b3cc44b3c07c5d889decee2d7c52f10471ff864ce11a,,UNVERIFIED
EP-20,Cats and Girls and Spaceships,00:18:52,1132,853782,https://animehistory.org/uploads/screencaps/outlaw-star-E020-Cats-and-Girls-and-Spaceships/cap_00-18-52_3990.jpg,Outlaw Star Ep 20: Cats and Girls and Spaceships @ 00:18:52,https://animehistory.org/gallery/screencaps/outlaw-star/episode-20/,https://animehistory.org/gallery/screencaps/outlaw-star/episode-20/?page=3,3,2026-10-07T01:50:14.744962+00:00,135d3eeb9c4f93276329b3cc44b3c07c5d889decee2d7c52f10471ff864ce11a,,UNVERIFIED
EP-20,Cats and Girls and Spaceships,00:18:56,1136,853783,https://animehistory.org/uploads/screencaps/outlaw-star-E020-Cats-and-Girls-and-Spaceships/cap_00-18-56_1933.jpg,Outlaw Star Ep 20: Cats and Girls and Spaceships @ 00:18:56,https://animehistory.org/gallery/screencaps/outlaw-star/episode-20/,https://animehistory.org/gallery/screencaps/outlaw-star/episode-20/?page=3,3,2026-10-07T01:50:14.744962+00:00,135d3eeb9c4f93276329b3cc44b3c07c5d889decee2d7c52f10471ff864ce11a,,UNVERIFIED
EP-20,Cats and Girls and Spaceships,00:19:00,1140,853784,https://animehistory.org/uploads/screencaps/outlaw-star-E020-Cats-and-Girls-and-Spaceships/cap_00-19-00_6575.jpg,Outlaw Star Ep 20: Cats and Girls and Spaceships @ 00:19:00,https://animehistory.org/gallery/screencaps/outlaw-star/episode-20/,https://animehistory.org/gallery/screencaps/outlaw-star/episode-20/?page=3,3,2026-10-07T01:50:14.744962+00:00,135d3eeb9c4f93276329b3cc44b3c07c5d889decee2d7c52f10471ff864ce11a,,UNVERIFIED
EP-20,Cats and Girls and Spaceships,00:19:03,1143,853785,https://animehistory.org/uploads/screencaps/outlaw-star-E020-Cats-and-Girls-and-Spaceships/cap_00-19-03_238c.jpg,Outlaw Star Ep 20: Cats and Girls and Spaceships @ 00:19:03,https://animehistory.org/gallery/screencaps/outlaw-star/episode-20/,https://animehistory.org/gallery/screencaps/outlaw-star/episode-20/?page=3,3,2026-10-07T01:50:14.744962+00:00,135d3eeb9c4f93276329b3cc44b3c07c5d889decee2d7c52f10471ff864ce11a,,UNVERIFIED
EP-20,Cats and Girls and Spaceships,00:19:07,1147,853786,https://animehistory.org/uploads/screencaps/outlaw-star-E020-Cats-and-Girls-and-Spaceships/cap_00-19-07_6494.jpg,Outlaw Star Ep 20: Cats and Girls and Spaceships @ 00:19:07,https://animehistory.org/gallery/screencaps/outlaw-star/episode-20/,https://animehistory.org/gallery/screencaps/outlaw-star/episode-20/?page=3,3,2026-10-07T01:50:14.744962+00:00,135d3eeb9c4f93276329b3cc44b3c07c5d889decee2d7c52f10471ff864ce11a,,UNVERIFIED
EP-20,Cats and Girls and Spaceships,00:19:10,1150,853787,https://animehistory.org/uploads/screencaps/outlaw-star-E020-Cats-and-Girls-and-Spaceships/cap_00-19-10_3df4.jpg,Outlaw Star Ep 20: Cats and Girls and Spaceships @ 00:19:10,https://animehistory.org/gallery/screencaps/outlaw-star/episode-20/,https://animehistory.org/gallery/screencaps/outlaw-star/episode-20/?page=3,3,2026-10-07T01:50:14.744962+00:00,135d3eeb9c4f93276329b3cc44b3c07c5d889decee2d7c52f10471ff864ce11a,,UNVERIFIED
EP-20,Cats and Girls and Spaceships,00:19:14,1154,853788,https://animehistory.org/uploads/screencaps/outlaw-star-E020-Cats-and-Girls-and-Spaceships/cap_00-19-14_0751.jpg,Outlaw Star Ep 20: Cats and Girls and Spaceships @ 00:19:14,https://animehistory.org/gallery/screencaps/outlaw-star/episode-20/,https://animehistory.org/gallery/screencaps/outlaw-star/episode-20/?page=3,3,2026-10-07T01:50:14.744962+00:00,135d3eeb9c4f93276329b3cc44b3c07c5d889decee2d7c52f10471ff864ce11a,,UNVERIFIED
EP-20,Cats and Girls and Spaceships,00:19:18,1158,853789,https://animehistory.org/uploads/screencaps/outlaw-star-E020-Cats-and-Girls-and-Spaceships/cap_00-19-18_0b94.jpg,Outlaw Star Ep 20: Cats and Girls and Spaceships @ 00:19:18,https://animehistory.org/gallery/screencaps/outlaw-star/episode-20/,https://animehistory.org/gallery/screencaps/outlaw-star/episode-20/?page=3,3,2026-10-07T01:50:14.744962+00:00,135d3eeb9c4f93276329b3cc44b3c07c5d889decee2d7c52f10471ff864ce11a,,UNVERIFIED
EP-20,Cats and Girls and Spaceships,00:19:21,1161,853790,https://animehistory.org/uploads/screencaps/outlaw-star-E020-Cats-and-Girls-and-Spaceships/cap_00-19-21_7a64.jpg,Outlaw Star Ep 20: Cats and Girls and Spaceships @ 00:19:21,https://animehistory.org/gallery/screencaps/outlaw-star/episode-20/,https://animehistory.org/gallery/screencaps/outlaw-star/episode-20/?page=3,3,2026-10-07T01:50:14.744962+00:00,135d3eeb9c4f93276329b3cc44b3c07c5d889decee2d7c52f10471ff864ce11a,,UNVERIFIED
EP-20,Cats and Girls and Spaceships,00:19:25,1165,853791,https://animehistory.org/uploads/screencaps/outlaw-star-E020-Cats-and-Girls-and-Spaceships/cap_00-19-25_3c89.jpg,Outlaw Star Ep 20: Cats and Girls and Spaceships @ 00:19:25,https://animehistory.org/gallery/screencaps/outlaw-star/episode-20/,https://animehistory.org/gallery/screencaps/outlaw-star/episode-20/?page=3,3,2026-10-07T01:50:14.744962+00:00,135d3eeb9c4f93276329b3cc44b3c07c5d889decee2d7c52f10471ff864ce11a,,UNVERIFIED
EP-20,Cats and Girls and Spaceships,00:19:29,1169,853792,https://animehistory.org/uploads/screencaps/outlaw-star-E020-Cats-and-Girls-and-Spaceships/cap_00-19-29_1008.jpg,Outlaw Star Ep 20: Cats and Girls and Spaceships @ 00:19:29,https://animehistory.org/gallery/screencaps/outlaw-star/episode-20/,https://animehistory.org/gallery/screencaps/outlaw-star/episode-20/?page=3,3,2026-10-07T01:50:14.744962+00:00,135d3eeb9c4f93276329b3cc44b3c07c5d889decee2d7c52f10471ff864ce11a,,UNVERIFIED
EP-20,Cats and Girls and Spaceships,00:19:32,1172,853793,https://animehistory.org/uploads/screencaps/outlaw-star-E020-Cats-and-Girls-and-Spaceships/cap_00-19-32_11d8.jpg,Outlaw Star Ep 20: Cats and Girls and Spaceships @ 00:19:32,https://animehistory.org/gallery/screencaps/outlaw-star/episode-20/,https://animehistory.org/gallery/screencaps/outlaw-star/episode-20/?page=3,3,2026-10-07T01:50:14.744962+00:00,135d3eeb9c4f93276329b3cc44b3c07c5d889decee2d7c52f10471ff864ce11a,,UNVERIFIED
EP-20,Cats and Girls and Spaceships,00:19:36,1176,853794,https://animehistory.org/uploads/screencaps/outlaw-star-E020-Cats-and-Girls-and-Spaceships/cap_00-19-36_3671.jpg,Outlaw Star Ep 20: Cats and Girls and Spaceships @ 00:19:36,https://animehistory.org/gallery/screencaps/outlaw-star/episode-20/,https://animehistory.org/gallery/screencaps/outlaw-star/episode-20/?page=3,3,2026-10-07T01:50:14.744962+00:00,135d3eeb9c4f93276329b3cc44b3c07c5d889decee2d7c52f10471ff864ce11a,,UNVERIFIED
EP-20,Cats and Girls and Spaceships,00:19:40,1180,853795,https://animehistory.org/uploads/screencaps/outlaw-star-E020-Cats-and-Girls-and-Spaceships/cap_00-19-40_658e.jpg,Outlaw Star Ep 20: Cats and Girls and Spaceships @ 00:19:40,https://animehistory.org/gallery/screencaps/outlaw-star/episode-20/,https://animehistory.org/gallery/screencaps/outlaw-star/episode-20/?page=3,3,2026-10-07T01:50:14.744962+00:00,135d3eeb9c4f93276329b3cc44b3c07c5d889decee2d7c52f10471ff864ce11a,,UNVERIFIED
EP-20,Cats and Girls and Spaceships,00:19:43,1183,853796,https://animehistory.org/uploads/screencaps/outlaw-star-E020-Cats-and-Girls-and-Spaceships/cap_00-19-43_6e02.jpg,Outlaw Star Ep 20: Cats and Girls and Spaceships @ 00:19:43,https://animehistory.org/gallery/screencaps/outlaw-star/episode-20/,https://animehistory.org/gallery/screencaps/outlaw-star/episode-20/?page=3,3,2026-10-07T01:50:14.744962+00:00,135d3eeb9c4f93276329b3cc44b3c07c5d889decee2d7c52f10471ff864ce11a,,UNVERIFIED
EP-20,Cats and Girls and Spaceships,00:19:47,1187,853797,https://animehistory.org/uploads/screencaps/outlaw-star-E020-Cats-and-Girls-and-Spaceships/cap_00-19-47_3f6e.jpg,Outlaw Star Ep 20: Cats and Girls and Spaceships @ 00:19:47,https://animehistory.org/gallery/screencaps/outlaw-star/episode-20/,https://animehistory.org/gallery/screencaps/outlaw-star/episode-20/?page=3,3,2026-10-07T01:50:14.744962+00:00,135d3eeb9c4f93276329b3cc44b3c07c5d889decee2d7c52f10471ff864ce11a,,UNVERIFIED
EP-20,Cats and Girls and Spaceships,00:19:50,1190,853798,https://animehistory.org/uploads/screencaps/outlaw-star-E020-Cats-and-Girls-and-Spaceships/cap_00-19-50_33c3.jpg,Outlaw Star Ep 20: Cats and Girls and Spaceships @ 00:19:50,https://animehistory.org/gallery/screencaps/outlaw-star/episode-20/,https://animehistory.org/gallery/screencaps/outlaw-star/episode-20/?page=3,3,2026-10-07T01:50:14.744962+00:00,135d3eeb9c4f93276329b3cc44b3c07c5d889decee2d7c52f10471ff864ce11a,,UNVERIFIED
EP-20,Cats and Girls and Spaceships,00:19:54,1194,853799,https://animehistory.org/uploads/screencaps/outlaw-star-E020-Cats-and-Girls-and-Spaceships/cap_00-19-54_0204.jpg,Outlaw Star Ep 20: Cats and Girls and Spaceships @ 00:19:54,https://animehistory.org/gallery/screencaps/outlaw-star/episode-20/,https://animehistory.org/gallery/screencaps/outlaw-star/episode-20/?page=4,4,2026-10-07T01:50:16.001770+00:00,ad6e390dda5b4af835e17dccf23decaa015433ab3855e3315c3d706bec405a54,,UNVERIFIED
EP-20,Cats and Girls and Spaceships,00:19:58,1198,853800,https://animehistory.org/uploads/screencaps/outlaw-star-E020-Cats-and-Girls-and-Spaceships/cap_00-19-58_2630.jpg,Outlaw Star Ep 20: Cats and Girls and Spaceships @ 00:19:58,https://animehistory.org/gallery/screencaps/outlaw-star/episode-20/,https://animehistory.org/gallery/screencaps/outlaw-star/episode-20/?page=4,4,2026-10-07T01:50:16.001770+00:00,ad6e390dda5b4af835e17dccf23decaa015433ab3855e3315c3d706bec405a54,,UNVERIFIED
EP-20,Cats and Girls and Spaceships,00:20:01,1201,853801,https://animehistory.org/uploads/screencaps/outlaw-star-E020-Cats-and-Girls-and-Spaceships/cap_00-20-01_141b.jpg,Outlaw Star Ep 20: Cats and Girls and Spaceships @ 00:20:01,https://animehistory.org/gallery/screencaps/outlaw-star/episode-20/,https://animehistory.org/gallery/screencaps/outlaw-star/episode-20/?page=4,4,2026-10-07T01:50:16.001770+00:00,ad6e390dda5b4af835e17dccf23decaa015433ab3855e3315c3d706bec405a54,,UNVERIFIED
EP-20,Cats and Girls and Spaceships,00:20:05,1205,853802,https://animehistory.org/uploads/screencaps/outlaw-star-E020-Cats-and-Girls-and-Spaceships/cap_00-20-05_0254.jpg,Outlaw Star Ep 20: Cats and Girls and Spaceships @ 00:20:05,https://animehistory.org/gallery/screencaps/outlaw-star/episode-20/,https://animehistory.org/gallery/screencaps/outlaw-star/episode-20/?page=4,4,2026-10-07T01:50:16.001770+00:00,ad6e390dda5b4af835e17dccf23decaa015433ab3855e3315c3d706bec405a54,,UNVERIFIED
EP-20,Cats and Girls and Spaceships,00:20:09,1209,853803,https://animehistory.org/uploads/screencaps/outlaw-star-E020-Cats-and-Girls-and-Spaceships/cap_00-20-09_4a41.jpg,Outlaw Star Ep 20: Cats and Girls and Spaceships @ 00:20:09,https://animehistory.org/gallery/screencaps/outlaw-star/episode-20/,https://animehistory.org/gallery/screencaps/outlaw-star/episode-20/?page=4,4,2026-10-07T01:50:16.001770+00:00,ad6e390dda5b4af835e17dccf23decaa015433ab3855e3315c3d706bec405a54,,UNVERIFIED
EP-20,Cats and Girls and Spaceships,00:20:12,1212,853804,https://animehistory.org/uploads/screencaps/outlaw-star-E020-Cats-and-Girls-and-Spaceships/cap_00-20-12_3c62.jpg,Outlaw Star Ep 20: Cats and Girls and Spaceships @ 00:20:12,https://animehistory.org/gallery/screencaps/outlaw-star/episode-20/,https://animehistory.org/gallery/screencaps/outlaw-star/episode-20/?page=4,4,2026-10-07T01:50:16.001770+00:00,ad6e390dda5b4af835e17dccf23decaa015433ab3855e3315c3d706bec405a54,,UNVERIFIED
EP-20,Cats and Girls and Spaceships,00:20:16,1216,853805,https://animehistory.org/uploads/screencaps/outlaw-star-E020-Cats-and-Girls-and-Spaceships/cap_00-20-16_5843.jpg,Outlaw Star Ep 20: Cats and Girls and Spaceships @ 00:20:16,https://animehistory.org/gallery/screencaps/outlaw-star/episode-20/,https://animehistory.org/gallery/screencaps/outlaw-star/episode-20/?page=4,4,2026-10-07T01:50:16.001770+00:00,ad6e390dda5b4af835e17dccf23decaa015433ab3855e3315c3d706bec405a54,,UNVERIFIED
EP-20,Cats and Girls and Spaceships,00:20:20,1220,853806,https://animehistory.org/uploads/screencaps/outlaw-star-E020-Cats-and-Girls-and-Spaceships/cap_00-20-20_5ed1.jpg,Outlaw Star Ep 20: Cats and Girls and Spaceships @ 00:20:20,https://animehistory.org/gallery/screencaps/outlaw-star/episode-20/,https://animehistory.org/gallery/screencaps/outlaw-star/episode-20/?page=4,4,2026-10-07T01:50:16.001770+00:00,ad6e390dda5b4af835e17dccf23decaa015433ab3855e3315c3d706bec405a54,,UNVERIFIED
EP-20,Cats and Girls and Spaceships,00:20:23,1223,853807,https://animehistory.org/uploads/screencaps/outlaw-star-E020-Cats-and-Girls-and-Spaceships/cap_00-20-23_1aba.jpg,Outlaw Star Ep 20: Cats and Girls and Spaceships @ 00:20:23,https://animehistory.org/gallery/screencaps/outlaw-star/episode-20/,https://animehistory.org/gallery/screencaps/outlaw-star/episode-20/?page=4,4,2026-10-07T01:50:16.001770+00:00,ad6e390dda5b4af835e17dccf23decaa015433ab3855e3315c3d706bec405a54,,UNVERIFIED
EP-20,Cats and Girls and Spaceships,00:20:27,1227,853808,https://animehistory.org/uploads/screencaps/outlaw-star-E020-Cats-and-Girls-and-Spaceships/cap_00-20-27_1bf0.jpg,Outlaw Star Ep 20: Cats and Girls and Spaceships @ 00:20:27,https://animehistory.org/gallery/screencaps/outlaw-star/episode-20/,https://animehistory.org/gallery/screencaps/outlaw-star/episode-20/?page=4,4,2026-10-07T01:50:16.001770+00:00,ad6e390dda5b4af835e17dccf23decaa015433ab3855e3315c3d706bec405a54,,UNVERIFIED
EP-20,Cats and Girls and Spaceships,00:20:30,1230,853809,https://animehistory.org/uploads/screencaps/outlaw-star-E020-Cats-and-Girls-and-Spaceships/cap_00-20-30_4ac2.jpg,Outlaw Star Ep 20: Cats and Girls and Spaceships @ 00:20:30,https://animehistory.org/gallery/screencaps/outlaw-star/episode-20/,https://animehistory.org/gallery/screencaps/outlaw-star/episode-20/?page=4,4,2026-10-07T01:50:16.001770+00:00,ad6e390dda5b4af835e17dccf23decaa015433ab3855e3315c3d706bec405a54,,UNVERIFIED
EP-20,Cats and Girls and Spaceships,00:20:34,1234,853810,https://animehistory.org/uploads/screencaps/outlaw-star-E020-Cats-and-Girls-and-Spaceships/cap_00-20-34_7577.jpg,Outlaw Star Ep 20: Cats and Girls and Spaceships @ 00:20:34,https://animehistory.org/gallery/screencaps/outlaw-star/episode-20/,https://animehistory.org/gallery/screencaps/outlaw-star/episode-20/?page=4,4,2026-10-07T01:50:16.001770+00:00,ad6e390dda5b4af835e17dccf23decaa015433ab3855e3315c3d706bec405a54,,UNVERIFIED
EP-20,Cats and Girls and Spaceships,00:20:38,1238,853811,https://animehistory.org/uploads/screencaps/outlaw-star-E020-Cats-and-Girls-and-Spaceships/cap_00-20-38_18d5.jpg,Outlaw Star Ep 20: Cats and Girls and Spaceships @ 00:20:38,https://animehistory.org/gallery/screencaps/outlaw-star/episode-20/,https://animehistory.org/gallery/screencaps/outlaw-star/episode-20/?page=4,4,2026-10-07T01:50:16.001770+00:00,ad6e390dda5b4af835e17dccf23decaa015433ab3855e3315c3d706bec405a54,,UNVERIFIED
EP-20,Cats and Girls and Spaceships,00:20:41,1241,853812,https://animehistory.org/uploads/screencaps/outlaw-star-E020-Cats-and-Girls-and-Spaceships/cap_00-20-41_0e71.jpg,Outlaw Star Ep 20: Cats and Girls and Spaceships @ 00:20:41,https://animehistory.org/gallery/screencaps/outlaw-star/episode-20/,https://animehistory.org/gallery/screencaps/outlaw-star/episode-20/?page=4,4,2026-10-07T01:50:16.001770+00:00,ad6e390dda5b4af835e17dccf23decaa015433ab3855e3315c3d706bec405a54,,UNVERIFIED
EP-20,Cats and Girls and Spaceships,00:20:45,1245,853813,https://animehistory.org/uploads/screencaps/outlaw-star-E020-Cats-and-Girls-and-Spaceships/cap_00-20-45_4c5e.jpg,Outlaw Star Ep 20: Cats and Girls and Spaceships @ 00:20:45,https://animehistory.org/gallery/screencaps/outlaw-star/episode-20/,https://animehistory.org/gallery/screencaps/outlaw-star/episode-20/?page=4,4,2026-10-07T01:50:16.001770+00:00,ad6e390dda5b4af835e17dccf23decaa015433ab3855e3315c3d706bec405a54,,UNVERIFIED
EP-20,Cats and Girls and Spaceships,00:20:49,1249,853814,https://animehistory.org/uploads/screencaps/outlaw-star-E020-Cats-and-Girls-and-Spaceships/cap_00-20-49_2c39.jpg,Outlaw Star Ep 20: Cats and Girls and Spaceships @ 00:20:49,https://animehistory.org/gallery/screencaps/outlaw-star/episode-20/,https://animehistory.org/gallery/screencaps/outlaw-star/episode-20/?page=4,4,2026-10-07T01:50:16.001770+00:00,ad6e390dda5b4af835e17dccf23decaa015433ab3855e3315c3d706bec405a54,,UNVERIFIED
EP-20,Cats and Girls and Spaceships,00:20:52,1252,853815,https://animehistory.org/uploads/screencaps/outlaw-star-E020-Cats-and-Girls-and-Spaceships/cap_00-20-52_0ebc.jpg,Outlaw Star Ep 20: Cats and Girls and Spaceships @ 00:20:52,https://animehistory.org/gallery/screencaps/outlaw-star/episode-20/,https://animehistory.org/gallery/screencaps/outlaw-star/episode-20/?page=4,4,2026-10-07T01:50:16.001770+00:00,ad6e390dda5b4af835e17dccf23decaa015433ab3855e3315c3d706bec405a54,,UNVERIFIED
EP-20,Cats and Girls and Spaceships,00:20:56,1256,853816,https://animehistory.org/uploads/screencaps/outlaw-star-E020-Cats-and-Girls-and-Spaceships/cap_00-20-56_4c79.jpg,Outlaw Star Ep 20: Cats and Girls and Spaceships @ 00:20:56,https://animehistory.org/gallery/screencaps/outlaw-star/episode-20/,https://animehistory.org/gallery/screencaps/outlaw-star/episode-20/?page=4,4,2026-10-07T01:50:16.001770+00:00,ad6e390dda5b4af835e17dccf23decaa015433ab3855e3315c3d706bec405a54,,UNVERIFIED
EP-20,Cats and Girls and Spaceships,00:21:00,1260,853817,https://animehistory.org/uploads/screencaps/outlaw-star-E020-Cats-and-Girls-and-Spaceships/cap_00-21-00_5656.jpg,Outlaw Star Ep 20: Cats and Girls and Spaceships @ 00:21:00,https://animehistory.org/gallery/screencaps/outlaw-star/episode-20/,https://animehistory.org/gallery/screencaps/outlaw-star/episode-20/?page=4,4,2026-10-07T01:50:16.001770+00:00,ad6e390dda5b4af835e17dccf23decaa015433ab3855e3315c3d706bec405a54,,UNVERIFIED
EP-20,Cats and Girls and Spaceships,00:21:03,1263,853818,https://animehistory.org/uploads/screencaps/outlaw-star-E020-Cats-and-Girls-and-Spaceships/cap_00-21-03_46e7.jpg,Outlaw Star Ep 20: Cats and Girls and Spaceships @ 00:21:03,https://animehistory.org/gallery/screencaps/outlaw-star/episode-20/,https://animehistory.org/gallery/screencaps/outlaw-star/episode-20/?page=4,4,2026-10-07T01:50:16.001770+00:00,ad6e390dda5b4af835e17dccf23decaa015433ab3855e3315c3d706bec405a54,,UNVERIFIED
EP-20,Cats and Girls and Spaceships,00:21:07,1267,853819,https://animehistory.org/uploads/screencaps/outlaw-star-E020-Cats-and-Girls-and-Spaceships/cap_00-21-07_5da8.jpg,Outlaw Star Ep 20: Cats and Girls and Spaceships @ 00:21:07,https://animehistory.org/gallery/screencaps/outlaw-star/episode-20/,https://animehistory.org/gallery/screencaps/outlaw-star/episode-20/?page=4,4,2026-10-07T01:50:16.001770+00:00,ad6e390dda5b4af835e17dccf23decaa015433ab3855e3315c3d706bec405a54,,UNVERIFIED
EP-20,Cats and Girls and Spaceships,00:21:10,1270,853820,https://animehistory.org/uploads/screencaps/outlaw-star-E020-Cats-and-Girls-and-Spaceships/cap_00-21-10_4a5c.jpg,Outlaw Star Ep 20: Cats and Girls and Spaceships @ 00:21:10,https://animehistory.org/gallery/screencaps/outlaw-star/episode-20/,https://animehistory.org/gallery/screencaps/outlaw-star/episode-20/?page=4,4,2026-10-07T01:50:16.001770+00:00,ad6e390dda5b4af835e17dccf23decaa015433ab3855e3315c3d706bec405a54,,UNVERIFIED
EP-20,Cats and Girls and Spaceships,00:21:14,1274,853821,https://animehistory.org/uploads/screencaps/outlaw-star-E020-Cats-and-Girls-and-Spaceships/cap_00-21-14_5633.jpg,Outlaw Star Ep 20: Cats and Girls and Spaceships @ 00:21:14,https://animehistory.org/gallery/screencaps/outlaw-star/episode-20/,https://animehistory.org/gallery/screencaps/outlaw-star/episode-20/?page=4,4,2026-10-07T01:50:16.001770+00:00,ad6e390dda5b4af835e17dccf23decaa015433ab3855e3315c3d706bec405a54,,UNVERIFIED
EP-20,Cats and Girls and Spaceships,00:21:18,1278,853822,https://animehistory.org/uploads/screencaps/outlaw-star-E020-Cats-and-Girls-and-Spaceships/cap_00-21-18_1de3.jpg,Outlaw Star Ep 20: Cats and Girls and Spaceships @ 00:21:18,https://animehistory.org/gallery/screencaps/outlaw-star/episode-20/,https://animehistory.org/gallery/screencaps/outlaw-star/episode-20/?page=4,4,2026-10-07T01:50:16.001770+00:00,ad6e390dda5b4af835e17dccf23decaa015433ab3855e3315c3d706bec405a54,,UNVERIFIED
EP-20,Cats and Girls and Spaceships,00:21:21,1281,853823,https://animehistory.org/uploads/screencaps/outlaw-star-E020-Cats-and-Girls-and-Spaceships/cap_00-21-21_2321.jpg,Outlaw Star Ep 20: Cats and Girls and Spaceships @ 00:21:21,https://animehistory.org/gallery/screencaps/outlaw-star/episode-20/,https://animehistory.org/gallery/screencaps/outlaw-star/episode-20/?page=4,4,2026-10-07T01:50:16.001770+00:00,ad6e390dda5b4af835e17dccf23decaa015433ab3855e3315c3d706bec405a54,,UNVERIFIED
EP-20,Cats and Girls and Spaceships,00:21:25,1285,853824,https://animehistory.org/uploads/screencaps/outlaw-star-E020-Cats-and-Girls-and-Spaceships/cap_00-21-25_4750.jpg,Outlaw Star Ep 20: Cats and Girls and Spaceships @ 00:21:25,https://animehistory.org/gallery/screencaps/outlaw-star/episode-20/,https://animehistory.org/gallery/screencaps/outlaw-star/episode-20/?page=4,4,2026-10-07T01:50:16.001770+00:00,ad6e390dda5b4af835e17dccf23decaa015433ab3855e3315c3d706bec405a54,,UNVERIFIED
EP-20,Cats and Girls and Spaceships,00:21:29,1289,853825,https://animehistory.org/uploads/screencaps/outlaw-star-E020-Cats-and-Girls-and-Spaceships/cap_00-21-29_5a10.jpg,Outlaw Star Ep 20: Cats and Girls and Spaceships @ 00:21:29,https://animehistory.org/gallery/screencaps/outlaw-star/episode-20/,https://animehistory.org/gallery/screencaps/outlaw-star/episode-20/?page=4,4,2026-10-07T01:50:16.001770+00:00,ad6e390dda5b4af835e17dccf23decaa015433ab3855e3315c3d706bec405a54,,UNVERIFIED
EP-20,Cats and Girls and Spaceships,00:21:32,1292,853826,https://animehistory.org/uploads/screencaps/outlaw-star-E020-Cats-and-Girls-and-Spaceships/cap_00-21-32_74f0.jpg,Outlaw Star Ep 20: Cats and Girls and Spaceships @ 00:21:32,https://animehistory.org/gallery/screencaps/outlaw-star/episode-20/,https://animehistory.org/gallery/screencaps/outlaw-star/episode-20/?page=4,4,2026-10-07T01:50:16.001770+00:00,ad6e390dda5b4af835e17dccf23decaa015433ab3855e3315c3d706bec405a54,,UNVERIFIED
EP-20,Cats and Girls and Spaceships,00:21:36,1296,853827,https://animehistory.org/uploads/screencaps/outlaw-star-E020-Cats-and-Girls-and-Spaceships/cap_00-21-36_3521.jpg,Outlaw Star Ep 20: Cats and Girls and Spaceships @ 00:21:36,https://animehistory.org/gallery/screencaps/outlaw-star/episode-20/,https://animehistory.org/gallery/screencaps/outlaw-star/episode-20/?page=4,4,2026-10-07T01:50:16.001770+00:00,ad6e390dda5b4af835e17dccf23decaa015433ab3855e3315c3d706bec405a54,,UNVERIFIED
EP-20,Cats and Girls and Spaceships,00:21:40,1300,853828,https://animehistory.org/uploads/screencaps/outlaw-star-E020-Cats-and-Girls-and-Spaceships/cap_00-21-40_0f22.jpg,Outlaw Star Ep 20: Cats and Girls and Spaceships @ 00:21:40,https://animehistory.org/gallery/screencaps/outlaw-star/episode-20/,https://animehistory.org/gallery/screencaps/outlaw-star/episode-20/?page=4,4,2026-10-07T01:50:16.001770+00:00,ad6e390dda5b4af835e17dccf23decaa015433ab3855e3315c3d706bec405a54,,UNVERIFIED
EP-20,Cats and Girls and Spaceships,00:21:43,1303,853829,https://animehistory.org/uploads/screencaps/outlaw-star-E020-Cats-and-Girls-and-Spaceships/cap_00-21-43_15a1.jpg,Outlaw Star Ep 20: Cats and Girls and Spaceships @ 00:21:43,https://animehistory.org/gallery/screencaps/outlaw-star/episode-20/,https://animehistory.org/gallery/screencaps/outlaw-star/episode-20/?page=4,4,2026-10-07T01:50:16.001770+00:00,ad6e390dda5b4af835e17dccf23decaa015433ab3855e3315c3d706bec405a54,,UNVERIFIED
EP-20,Cats and Girls and Spaceships,00:21:47,1307,853830,https://animehistory.org/uploads/screencaps/outlaw-star-E020-Cats-and-Girls-and-Spaceships/cap_00-21-47_7867.jpg,Outlaw Star Ep 20: Cats and Girls and Spaceships @ 00:21:47,https://animehistory.org/gallery/screencaps/outlaw-star/episode-20/,https://animehistory.org/gallery/screencaps/outlaw-star/episode-20/?page=4,4,2026-10-07T01:50:16.001770+00:00,ad6e390dda5b4af835e17dccf23decaa015433ab3855e3315c3d706bec405a54,,UNVERIFIED
EP-20,Cats and Girls and Spaceships,00:21:50,1310,853831,https://animehistory.org/uploads/screencaps/outlaw-star-E020-Cats-and-Girls-and-Spaceships/cap_00-21-50_69a2.jpg,Outlaw Star Ep 20: Cats and Girls and Spaceships @ 00:21:50,https://animehistory.org/gallery/screencaps/outlaw-star/episode-20/,https://animehistory.org/gallery/screencaps/outlaw-star/episode-20/?page=4,4,2026-10-07T01:50:16.001770+00:00,ad6e390dda5b4af835e17dccf23decaa015433ab3855e3315c3d706bec405a54,,UNVERIFIED
EP-20,Cats and Girls and Spaceships,00:21:54,1314,853832,https://animehistory.org/uploads/screencaps/outlaw-star-E020-Cats-and-Girls-and-Spaceships/cap_00-21-54_3997.jpg,Outlaw Star Ep 20: Cats and Girls and Spaceships @ 00:21:54,https://animehistory.org/gallery/screencaps/outlaw-star/episode-20/,https://animehistory.org/gallery/screencaps/outlaw-star/episode-20/?page=4,4,2026-10-07T01:50:16.001770+00:00,ad6e390dda5b4af835e17dccf23decaa015433ab3855e3315c3d706bec405a54,,UNVERIFIED
EP-20,Cats and Girls and Spaceships,00:21:58,1318,853833,https://animehistory.org/uploads/screencaps/outlaw-star-E020-Cats-and-Girls-and-Spaceships/cap_00-21-58_1a97.jpg,Outlaw Star Ep 20: Cats and Girls and Spaceships @ 00:21:58,https://animehistory.org/gallery/screencaps/outlaw-star/episode-20/,https://animehistory.org/gallery/screencaps/outlaw-star/episode-20/?page=4,4,2026-10-07T01:50:16.001770+00:00,ad6e390dda5b4af835e17dccf23decaa015433ab3855e3315c3d706bec405a54,,UNVERIFIED
EP-20,Cats and Girls and Spaceships,00:22:01,1321,853834,https://animehistory.org/uploads/screencaps/outlaw-star-E020-Cats-and-Girls-and-Spaceships/cap_00-22-01_777a.jpg,Outlaw Star Ep 20: Cats and Girls and Spaceships @ 00:22:01,https://animehistory.org/gallery/screencaps/outlaw-star/episode-20/,https://animehistory.org/gallery/screencaps/outlaw-star/episode-20/?page=4,4,2026-10-07T01:50:16.001770+00:00,ad6e390dda5b4af835e17dccf23decaa015433ab3855e3315c3d706bec405a54,,UNVERIFIED
EP-20,Cats and Girls and Spaceships,00:22:05,1325,853835,https://animehistory.org/uploads/screencaps/outlaw-star-E020-Cats-and-Girls-and-Spaceships/cap_00-22-05_4a3f.jpg,Outlaw Star Ep 20: Cats and Girls and Spaceships @ 00:22:05,https://animehistory.org/gallery/screencaps/outlaw-star/episode-20/,https://animehistory.org/gallery/screencaps/outlaw-star/episode-20/?page=4,4,2026-10-07T01:50:16.001770+00:00,ad6e390dda5b4af835e17dccf23decaa015433ab3855e3315c3d706bec405a54,,UNVERIFIED
EP-20,Cats and Girls and Spaceships,00:22:09,1329,853836,https://animehistory.org/uploads/screencaps/outlaw-star-E020-Cats-and-Girls-and-Spaceships/cap_00-22-09_7200.jpg,Outlaw Star Ep 20: Cats and Girls and Spaceships @ 00:22:09,https://animehistory.org/gallery/screencaps/outlaw-star/episode-20/,https://animehistory.org/gallery/screencaps/outlaw-star/episode-20/?page=4,4,2026-10-07T01:50:16.001770+00:00,ad6e390dda5b4af835e17dccf23decaa015433ab3855e3315c3d706bec405a54,,UNVERIFIED
EP-20,Cats and Girls and Spaceships,00:22:12,1332,853837,https://animehistory.org/uploads/screencaps/outlaw-star-E020-Cats-and-Girls-and-Spaceships/cap_00-22-12_7d23.jpg,Outlaw Star Ep 20: Cats and Girls and Spaceships @ 00:22:12,https://animehistory.org/gallery/screencaps/outlaw-star/episode-20/,https://animehistory.org/gallery/screencaps/outlaw-star/episode-20/?page=4,4,2026-10-07T01:50:16.001770+00:00,ad6e390dda5b4af835e17dccf23decaa015433ab3855e3315c3d706bec405a54,,UNVERIFIED
EP-20,Cats and Girls and Spaceships,00:22:16,1336,853838,https://animehistory.org/uploads/screencaps/outlaw-star-E020-Cats-and-Girls-and-Spaceships/cap_00-22-16_79a2.jpg,Outlaw Star Ep 20: Cats and Girls and Spaceships @ 00:22:16,https://animehistory.org/gallery/screencaps/outlaw-star/episode-20/,https://animehistory.org/gallery/screencaps/outlaw-star/episode-20/?page=4,4,2026-10-07T01:50:16.001770+00:00,ad6e390dda5b4af835e17dccf23decaa015433ab3855e3315c3d706bec405a54,,UNVERIFIED
EP-20,Cats and Girls and Spaceships,00:22:20,1340,853839,https://animehistory.org/uploads/screencaps/outlaw-star-E020-Cats-and-Girls-and-Spaceships/cap_00-22-20_2d5a.jpg,Outlaw Star Ep 20: Cats and Girls and Spaceships @ 00:22:20,https://animehistory.org/gallery/screencaps/outlaw-star/episode-20/,https://animehistory.org/gallery/screencaps/outlaw-star/episode-20/?page=4,4,2026-10-07T01:50:16.001770+00:00,ad6e390dda5b4af835e17dccf23decaa015433ab3855e3315c3d706bec405a54,,UNVERIFIED
EP-20,Cats and Girls and Spaceships,00:22:23,1343,853840,https://animehistory.org/uploads/screencaps/outlaw-star-E020-Cats-and-Girls-and-Spaceships/cap_00-22-23_375b.jpg,Outlaw Star Ep 20: Cats and Girls and Spaceships @ 00:22:23,https://animehistory.org/gallery/screencaps/outlaw-star/episode-20/,https://animehistory.org/gallery/screencaps/outlaw-star/episode-20/?page=4,4,2026-10-07T01:50:16.001770+00:00,ad6e390dda5b4af835e17dccf23decaa015433ab3855e3315c3d706bec405a54,,UNVERIFIED
EP-20,Cats and Girls and Spaceships,00:22:27,1347,853841,https://animehistory.org/uploads/screencaps/outlaw-star-E020-Cats-and-Girls-and-Spaceships/cap_00-22-27_20e5.jpg,Outlaw Star Ep 20: Cats and Girls and Spaceships @ 00:22:27,https://animehistory.org/gallery/screencaps/outlaw-star/episode-20/,https://animehistory.org/gallery/screencaps/outlaw-star/episode-20/?page=4,4,2026-10-07T01:50:16.001770+00:00,ad6e390dda5b4af835e17dccf23decaa015433ab3855e3315c3d706bec405a54,,UNVERIFIED
EP-20,Cats and Girls and Spaceships,00:22:30,1350,853842,https://animehistory.org/uploads/screencaps/outlaw-star-E020-Cats-and-Girls-and-Spaceships/cap_00-22-30_39d1.jpg,Outlaw Star Ep 20: Cats and Girls and Spaceships @ 00:22:30,https://animehistory.org/gallery/screencaps/outlaw-star/episode-20/,https://animehistory.org/gallery/screencaps/outlaw-star/episode-20/?page=4,4,2026-10-07T01:50:16.001770+00:00,ad6e390dda5b4af835e17dccf23decaa015433ab3855e3315c3d706bec405a54,,UNVERIFIED
EP-20,Cats and Girls and Spaceships,00:22:34,1354,853843,https://animehistory.org/uploads/screencaps/outlaw-star-E020-Cats-and-Girls-and-Spaceships/cap_00-22-34_5bed.jpg,Outlaw Star Ep 20: Cats and Girls and Spaceships @ 00:22:34,https://animehistory.org/gallery/screencaps/outlaw-star/episode-20/,https://animehistory.org/gallery/screencaps/outlaw-star/episode-20/?page=4,4,2026-10-07T01:50:16.001770+00:00,ad6e390dda5b4af835e17dccf23decaa015433ab3855e3315c3d706bec405a54,,UNVERIFIED
EP-20,Cats and Girls and Spaceships,00:22:38,1358,853844,https://animehistory.org/uploads/screencaps/outlaw-star-E020-Cats-and-Girls-and-Spaceships/cap_00-22-38_2df8.jpg,Outlaw Star Ep 20: Cats and Girls and Spaceships @ 00:22:38,https://animehistory.org/gallery/screencaps/outlaw-star/episode-20/,https://animehistory.org/gallery/screencaps/outlaw-star/episode-20/?page=4,4,2026-10-07T01:50:16.001770+00:00,ad6e390dda5b4af835e17dccf23decaa015433ab3855e3315c3d706bec405a54,,UNVERIFIED
EP-20,Cats and Girls and Spaceships,00:22:41,1361,853845,https://animehistory.org/uploads/screencaps/outlaw-star-E020-Cats-and-Girls-and-Spaceships/cap_00-22-41_12d5.jpg,Outlaw Star Ep 20: Cats and Girls and Spaceships @ 00:22:41,https://animehistory.org/gallery/screencaps/outlaw-star/episode-20/,https://animehistory.org/gallery/screencaps/outlaw-star/episode-20/?page=4,4,2026-10-07T01:50:16.001770+00:00,ad6e390dda5b4af835e17dccf23decaa015433ab3855e3315c3d706bec405a54,,UNVERIFIED
EP-20,Cats and Girls and Spaceships,00:22:45,1365,853846,https://animehistory.org/uploads/screencaps/outlaw-star-E020-Cats-and-Girls-and-Spaceships/cap_00-22-45_3fc5.jpg,Outlaw Star Ep 20: Cats and Girls and Spaceships @ 00:22:45,https://animehistory.org/gallery/screencaps/outlaw-star/episode-20/,https://animehistory.org/gallery/screencaps/outlaw-star/episode-20/?page=4,4,2026-10-07T01:50:16.001770+00:00,ad6e390dda5b4af835e17dccf23decaa015433ab3855e3315c3d706bec405a54,,UNVERIFIED
EP-20,Cats and Girls and Spaceships,00:22:49,1369,853847,https://animehistory.org/uploads/screencaps/outlaw-star-E020-Cats-and-Girls-and-Spaceships/cap_00-22-49_35de.jpg,Outlaw Star Ep 20: Cats and Girls and Spaceships @ 00:22:49,https://animehistory.org/gallery/screencaps/outlaw-star/episode-20/,https://animehistory.org/gallery/screencaps/outlaw-star/episode-20/?page=4,4,2026-10-07T01:50:16.001770+00:00,ad6e390dda5b4af835e17dccf23decaa015433ab3855e3315c3d706bec405a54,,UNVERIFIED
EP-20,Cats and Girls and Spaceships,00:22:52,1372,853848,https://animehistory.org/uploads/screencaps/outlaw-star-E020-Cats-and-Girls-and-Spaceships/cap_00-22-52_7e9e.jpg,Outlaw Star Ep 20: Cats and Girls and Spaceships @ 00:22:52,https://animehistory.org/gallery/screencaps/outlaw-star/episode-20/,https://animehistory.org/gallery/screencaps/outlaw-star/episode-20/?page=4,4,2026-10-07T01:50:16.001770+00:00,ad6e390dda5b4af835e17dccf23decaa015433ab3855e3315c3d706bec405a54,,UNVERIFIED
EP-20,Cats and Girls and Spaceships,00:22:56,1376,853849,https://animehistory.org/uploads/screencaps/outlaw-star-E020-Cats-and-Girls-and-Spaceships/cap_00-22-56_62c4.jpg,Outlaw Star Ep 20: Cats and Girls and Spaceships @ 00:22:56,https://animehistory.org/gallery/screencaps/outlaw-star/episode-20/,https://animehistory.org/gallery/screencaps/outlaw-star/episode-20/?page=4,4,2026-10-07T01:50:16.001770+00:00,ad6e390dda5b4af835e17dccf23decaa015433ab3855e3315c3d706bec405a54,,UNVERIFIED
EP-20,Cats and Girls and Spaceships,00:23:00,1380,853850,https://animehistory.org/uploads/screencaps/outlaw-star-E020-Cats-and-Girls-and-Spaceships/cap_00-23-00_3748.jpg,Outlaw Star Ep 20: Cats and Girls and Spaceships @ 00:23:00,https://animehistory.org/gallery/screencaps/outlaw-star/episode-20/,https://animehistory.org/gallery/screencaps/outlaw-star/episode-20/?page=4,4,2026-10-07T01:50:16.001770+00:00,ad6e390dda5b4af835e17dccf23decaa015433ab3855e3315c3d706bec405a54,,UNVERIFIED
EP-20,Cats and Girls and Spaceships,00:23:03,1383,853851,https://animehistory.org/uploads/screencaps/outlaw-star-E020-Cats-and-Girls-and-Spaceships/cap_00-23-03_07a7.jpg,Outlaw Star Ep 20: Cats and Girls and Spaceships @ 00:23:03,https://animehistory.org/gallery/screencaps/outlaw-star/episode-20/,https://animehistory.org/gallery/screencaps/outlaw-star/episode-20/?page=4,4,2026-10-07T01:50:16.001770+00:00,ad6e390dda5b4af835e17dccf23decaa015433ab3855e3315c3d706bec405a54,,UNVERIFIED
EP-20,Cats and Girls and Spaceships,00:23:07,1387,853852,https://animehistory.org/uploads/screencaps/outlaw-star-E020-Cats-and-Girls-and-Spaceships/cap_00-23-07_0f85.jpg,Outlaw Star Ep 20: Cats and Girls and Spaceships @ 00:23:07,https://animehistory.org/gallery/screencaps/outlaw-star/episode-20/,https://animehistory.org/gallery/screencaps/outlaw-star/episode-20/?page=4,4,2026-10-07T01:50:16.001770+00:00,ad6e390dda5b4af835e17dccf23decaa015433ab3855e3315c3d706bec405a54,,UNVERIFIED
