episode_id,episode_title,web_timestamp,web_seconds,image_id,image_url,caption,gallery_url,source_page_url,source_page,retrieved_utc,html_sha256,local_timestamp,alignment_status
EP-25,Maze of Despair,00:01:43,103,855269,https://animehistory.org/uploads/screencaps/outlaw-star-E025-Maze-of-Despair/cap_00-01-43_24a0.jpg,Outlaw Star Ep 25: Maze of Despair @ 00:01:43,https://animehistory.org/gallery/screencaps/outlaw-star/episode-25/,https://animehistory.org/gallery/screencaps/outlaw-star/episode-25/,1,2026-10-07T01:50:38.900046+00:00,eea3141ada87930bc8457e365df372896faebd40bebd0ada0f9aba3b0e1d4243,,UNVERIFIED
EP-25,Maze of Despair,00:01:47,107,855270,https://animehistory.org/uploads/screencaps/outlaw-star-E025-Maze-of-Despair/cap_00-01-47_6c98.jpg,Outlaw Star Ep 25: Maze of Despair @ 00:01:47,https://animehistory.org/gallery/screencaps/outlaw-star/episode-25/,https://animehistory.org/gallery/screencaps/outlaw-star/episode-25/,1,2026-10-07T01:50:38.900046+00:00,eea3141ada87930bc8457e365df372896faebd40bebd0ada0f9aba3b0e1d4243,,UNVERIFIED
EP-25,Maze of Despair,00:01:51,111,855271,https://animehistory.org/uploads/screencaps/outlaw-star-E025-Maze-of-Despair/cap_00-01-51_548f.jpg,Outlaw Star Ep 25: Maze of Despair @ 00:01:51,https://animehistory.org/gallery/screencaps/outlaw-star/episode-25/,https://animehistory.org/gallery/screencaps/outlaw-star/episode-25/,1,2026-10-07T01:50:38.900046+00:00,eea3141ada87930bc8457e365df372896faebd40bebd0ada0f9aba3b0e1d4243,,UNVERIFIED
EP-25,Maze of Despair,00:01:54,114,855272,https://animehistory.org/uploads/screencaps/outlaw-star-E025-Maze-of-Despair/cap_00-01-54_1b75.jpg,Outlaw Star Ep 25: Maze of Despair @ 00:01:54,https://animehistory.org/gallery/screencaps/outlaw-star/episode-25/,https://animehistory.org/gallery/screencaps/outlaw-star/episode-25/,1,2026-10-07T01:50:38.900046+00:00,eea3141ada87930bc8457e365df372896faebd40bebd0ada0f9aba3b0e1d4243,,UNVERIFIED
EP-25,Maze of Despair,00:01:58,118,855273,https://animehistory.org/uploads/screencaps/outlaw-star-E025-Maze-of-Despair/cap_00-01-58_2855.jpg,Outlaw Star Ep 25: Maze of Despair @ 00:01:58,https://animehistory.org/gallery/screencaps/outlaw-star/episode-25/,https://animehistory.org/gallery/screencaps/outlaw-star/episode-25/,1,2026-10-07T01:50:38.900046+00:00,eea3141ada87930bc8457e365df372896faebd40bebd0ada0f9aba3b0e1d4243,,UNVERIFIED
EP-25,Maze of Despair,00:02:02,122,855274,https://animehistory.org/uploads/screencaps/outlaw-star-E025-Maze-of-Despair/cap_00-02-02_2064.jpg,Outlaw Star Ep 25: Maze of Despair @ 00:02:02,https://animehistory.org/gallery/screencaps/outlaw-star/episode-25/,https://animehistory.org/gallery/screencaps/outlaw-star/episode-25/,1,2026-10-07T01:50:38.900046+00:00,eea3141ada87930bc8457e365df372896faebd40bebd0ada0f9aba3b0e1d4243,,UNVERIFIED
EP-25,Maze of Despair,00:02:06,126,855275,https://animehistory.org/uploads/screencaps/outlaw-star-E025-Maze-of-Despair/cap_00-02-06_7dae.jpg,Outlaw Star Ep 25: Maze of Despair @ 00:02:06,https://animehistory.org/gallery/screencaps/outlaw-star/episode-25/,https://animehistory.org/gallery/screencaps/outlaw-star/episode-25/,1,2026-10-07T01:50:38.900046+00:00,eea3141ada87930bc8457e365df372896faebd40bebd0ada0f9aba3b0e1d4243,,UNVERIFIED
EP-25,Maze of Despair,00:02:09,129,855276,https://animehistory.org/uploads/screencaps/outlaw-star-E025-Maze-of-Despair/cap_00-02-09_2600.jpg,Outlaw Star Ep 25: Maze of Despair @ 00:02:09,https://animehistory.org/gallery/screencaps/outlaw-star/episode-25/,https://animehistory.org/gallery/screencaps/outlaw-star/episode-25/,1,2026-10-07T01:50:38.900046+00:00,eea3141ada87930bc8457e365df372896faebd40bebd0ada0f9aba3b0e1d4243,,UNVERIFIED
EP-25,Maze of Despair,00:02:13,133,855277,https://animehistory.org/uploads/screencaps/outlaw-star-E025-Maze-of-Despair/cap_00-02-13_3751.jpg,Outlaw Star Ep 25: Maze of Despair @ 00:02:13,https://animehistory.org/gallery/screencaps/outlaw-star/episode-25/,https://animehistory.org/gallery/screencaps/outlaw-star/episode-25/,1,2026-10-07T01:50:38.900046+00:00,eea3141ada87930bc8457e365df372896faebd40bebd0ada0f9aba3b0e1d4243,,UNVERIFIED
EP-25,Maze of Despair,00:02:17,137,855278,https://animehistory.org/uploads/screencaps/outlaw-star-E025-Maze-of-Despair/cap_00-02-17_3590.jpg,Outlaw Star Ep 25: Maze of Despair @ 00:02:17,https://animehistory.org/gallery/screencaps/outlaw-star/episode-25/,https://animehistory.org/gallery/screencaps/outlaw-star/episode-25/,1,2026-10-07T01:50:38.900046+00:00,eea3141ada87930bc8457e365df372896faebd40bebd0ada0f9aba3b0e1d4243,,UNVERIFIED
EP-25,Maze of Despair,00:02:20,140,855279,https://animehistory.org/uploads/screencaps/outlaw-star-E025-Maze-of-Despair/cap_00-02-20_6190.jpg,Outlaw Star Ep 25: Maze of Despair @ 00:02:20,https://animehistory.org/gallery/screencaps/outlaw-star/episode-25/,https://animehistory.org/gallery/screencaps/outlaw-star/episode-25/,1,2026-10-07T01:50:38.900046+00:00,eea3141ada87930bc8457e365df372896faebd40bebd0ada0f9aba3b0e1d4243,,UNVERIFIED
EP-25,Maze of Despair,00:02:24,144,855280,https://animehistory.org/uploads/screencaps/outlaw-star-E025-Maze-of-Despair/cap_00-02-24_2326.jpg,Outlaw Star Ep 25: Maze of Despair @ 00:02:24,https://animehistory.org/gallery/screencaps/outlaw-star/episode-25/,https://animehistory.org/gallery/screencaps/outlaw-star/episode-25/,1,2026-10-07T01:50:38.900046+00:00,eea3141ada87930bc8457e365df372896faebd40bebd0ada0f9aba3b0e1d4243,,UNVERIFIED
EP-25,Maze of Despair,00:02:28,148,855281,https://animehistory.org/uploads/screencaps/outlaw-star-E025-Maze-of-Despair/cap_00-02-28_2d58.jpg,Outlaw Star Ep 25: Maze of Despair @ 00:02:28,https://animehistory.org/gallery/screencaps/outlaw-star/episode-25/,https://animehistory.org/gallery/screencaps/outlaw-star/episode-25/,1,2026-10-07T01:50:38.900046+00:00,eea3141ada87930bc8457e365df372896faebd40bebd0ada0f9aba3b0e1d4243,,UNVERIFIED
EP-25,Maze of Despair,00:02:32,152,855282,https://animehistory.org/uploads/screencaps/outlaw-star-E025-Maze-of-Despair/cap_00-02-32_2229.jpg,Outlaw Star Ep 25: Maze of Despair @ 00:02:32,https://animehistory.org/gallery/screencaps/outlaw-star/episode-25/,https://animehistory.org/gallery/screencaps/outlaw-star/episode-25/,1,2026-10-07T01:50:38.900046+00:00,eea3141ada87930bc8457e365df372896faebd40bebd0ada0f9aba3b0e1d4243,,UNVERIFIED
EP-25,Maze of Despair,00:02:35,155,855283,https://animehistory.org/uploads/screencaps/outlaw-star-E025-Maze-of-Despair/cap_00-02-35_381f.jpg,Outlaw Star Ep 25: Maze of Despair @ 00:02:35,https://animehistory.org/gallery/screencaps/outlaw-star/episode-25/,https://animehistory.org/gallery/screencaps/outlaw-star/episode-25/,1,2026-10-07T01:50:38.900046+00:00,eea3141ada87930bc8457e365df372896faebd40bebd0ada0f9aba3b0e1d4243,,UNVERIFIED
EP-25,Maze of Despair,00:02:39,159,855284,https://animehistory.org/uploads/screencaps/outlaw-star-E025-Maze-of-Despair/cap_00-02-39_5851.jpg,Outlaw Star Ep 25: Maze of Despair @ 00:02:39,https://animehistory.org/gallery/screencaps/outlaw-star/episode-25/,https://animehistory.org/gallery/screencaps/outlaw-star/episode-25/,1,2026-10-07T01:50:38.900046+00:00,eea3141ada87930bc8457e365df372896faebd40bebd0ada0f9aba3b0e1d4243,,UNVERIFIED
EP-25,Maze of Despair,00:02:43,163,855285,https://animehistory.org/uploads/screencaps/outlaw-star-E025-Maze-of-Despair/cap_00-02-43_2eb4.jpg,Outlaw Star Ep 25: Maze of Despair @ 00:02:43,https://animehistory.org/gallery/screencaps/outlaw-star/episode-25/,https://animehistory.org/gallery/screencaps/outlaw-star/episode-25/,1,2026-10-07T01:50:38.900046+00:00,eea3141ada87930bc8457e365df372896faebd40bebd0ada0f9aba3b0e1d4243,,UNVERIFIED
EP-25,Maze of Despair,00:02:46,166,855286,https://animehistory.org/uploads/screencaps/outlaw-star-E025-Maze-of-Despair/cap_00-02-46_4e0c.jpg,Outlaw Star Ep 25: Maze of Despair @ 00:02:46,https://animehistory.org/gallery/screencaps/outlaw-star/episode-25/,https://animehistory.org/gallery/screencaps/outlaw-star/episode-25/,1,2026-10-07T01:50:38.900046+00:00,eea3141ada87930bc8457e365df372896faebd40bebd0ada0f9aba3b0e1d4243,,UNVERIFIED
EP-25,Maze of Despair,00:02:50,170,855287,https://animehistory.org/uploads/screencaps/outlaw-star-E025-Maze-of-Despair/cap_00-02-50_5877.jpg,Outlaw Star Ep 25: Maze of Despair @ 00:02:50,https://animehistory.org/gallery/screencaps/outlaw-star/episode-25/,https://animehistory.org/gallery/screencaps/outlaw-star/episode-25/,1,2026-10-07T01:50:38.900046+00:00,eea3141ada87930bc8457e365df372896faebd40bebd0ada0f9aba3b0e1d4243,,UNVERIFIED
EP-25,Maze of Despair,00:02:54,174,855288,https://animehistory.org/uploads/screencaps/outlaw-star-E025-Maze-of-Despair/cap_00-02-54_6398.jpg,Outlaw Star Ep 25: Maze of Despair @ 00:02:54,https://animehistory.org/gallery/screencaps/outlaw-star/episode-25/,https://animehistory.org/gallery/screencaps/outlaw-star/episode-25/,1,2026-10-07T01:50:38.900046+00:00,eea3141ada87930bc8457e365df372896faebd40bebd0ada0f9aba3b0e1d4243,,UNVERIFIED
EP-25,Maze of Despair,00:02:58,178,855289,https://animehistory.org/uploads/screencaps/outlaw-star-E025-Maze-of-Despair/cap_00-02-58_112a.jpg,Outlaw Star Ep 25: Maze of Despair @ 00:02:58,https://animehistory.org/gallery/screencaps/outlaw-star/episode-25/,https://animehistory.org/gallery/screencaps/outlaw-star/episode-25/,1,2026-10-07T01:50:38.900046+00:00,eea3141ada87930bc8457e365df372896faebd40bebd0ada0f9aba3b0e1d4243,,UNVERIFIED
EP-25,Maze of Despair,00:03:01,181,855290,https://animehistory.org/uploads/screencaps/outlaw-star-E025-Maze-of-Despair/cap_00-03-01_7282.jpg,Outlaw Star Ep 25: Maze of Despair @ 00:03:01,https://animehistory.org/gallery/screencaps/outlaw-star/episode-25/,https://animehistory.org/gallery/screencaps/outlaw-star/episode-25/,1,2026-10-07T01:50:38.900046+00:00,eea3141ada87930bc8457e365df372896faebd40bebd0ada0f9aba3b0e1d4243,,UNVERIFIED
EP-25,Maze of Despair,00:03:05,185,855291,https://animehistory.org/uploads/screencaps/outlaw-star-E025-Maze-of-Despair/cap_00-03-05_6ce8.jpg,Outlaw Star Ep 25: Maze of Despair @ 00:03:05,https://animehistory.org/gallery/screencaps/outlaw-star/episode-25/,https://animehistory.org/gallery/screencaps/outlaw-star/episode-25/,1,2026-10-07T01:50:38.900046+00:00,eea3141ada87930bc8457e365df372896faebd40bebd0ada0f9aba3b0e1d4243,,UNVERIFIED
EP-25,Maze of Despair,00:03:09,189,855292,https://animehistory.org/uploads/screencaps/outlaw-star-E025-Maze-of-Despair/cap_00-03-09_50e3.jpg,Outlaw Star Ep 25: Maze of Despair @ 00:03:09,https://animehistory.org/gallery/screencaps/outlaw-star/episode-25/,https://animehistory.org/gallery/screencaps/outlaw-star/episode-25/,1,2026-10-07T01:50:38.900046+00:00,eea3141ada87930bc8457e365df372896faebd40bebd0ada0f9aba3b0e1d4243,,UNVERIFIED
EP-25,Maze of Despair,00:03:12,192,855293,https://animehistory.org/uploads/screencaps/outlaw-star-E025-Maze-of-Despair/cap_00-03-12_4d2a.jpg,Outlaw Star Ep 25: Maze of Despair @ 00:03:12,https://animehistory.org/gallery/screencaps/outlaw-star/episode-25/,https://animehistory.org/gallery/screencaps/outlaw-star/episode-25/,1,2026-10-07T01:50:38.900046+00:00,eea3141ada87930bc8457e365df372896faebd40bebd0ada0f9aba3b0e1d4243,,UNVERIFIED
EP-25,Maze of Despair,00:03:16,196,855294,https://animehistory.org/uploads/screencaps/outlaw-star-E025-Maze-of-Despair/cap_00-03-16_119f.jpg,Outlaw Star Ep 25: Maze of Despair @ 00:03:16,https://animehistory.org/gallery/screencaps/outlaw-star/episode-25/,https://animehistory.org/gallery/screencaps/outlaw-star/episode-25/,1,2026-10-07T01:50:38.900046+00:00,eea3141ada87930bc8457e365df372896faebd40bebd0ada0f9aba3b0e1d4243,,UNVERIFIED
EP-25,Maze of Despair,00:03:20,200,855295,https://animehistory.org/uploads/screencaps/outlaw-star-E025-Maze-of-Despair/cap_00-03-20_7bad.jpg,Outlaw Star Ep 25: Maze of Despair @ 00:03:20,https://animehistory.org/gallery/screencaps/outlaw-star/episode-25/,https://animehistory.org/gallery/screencaps/outlaw-star/episode-25/,1,2026-10-07T01:50:38.900046+00:00,eea3141ada87930bc8457e365df372896faebd40bebd0ada0f9aba3b0e1d4243,,UNVERIFIED
EP-25,Maze of Despair,00:03:24,204,855296,https://animehistory.org/uploads/screencaps/outlaw-star-E025-Maze-of-Despair/cap_00-03-24_6bcf.jpg,Outlaw Star Ep 25: Maze of Despair @ 00:03:24,https://animehistory.org/gallery/screencaps/outlaw-star/episode-25/,https://animehistory.org/gallery/screencaps/outlaw-star/episode-25/,1,2026-10-07T01:50:38.900046+00:00,eea3141ada87930bc8457e365df372896faebd40bebd0ada0f9aba3b0e1d4243,,UNVERIFIED
EP-25,Maze of Despair,00:03:27,207,855297,https://animehistory.org/uploads/screencaps/outlaw-star-E025-Maze-of-Despair/cap_00-03-27_246e.jpg,Outlaw Star Ep 25: Maze of Despair @ 00:03:27,https://animehistory.org/gallery/screencaps/outlaw-star/episode-25/,https://animehistory.org/gallery/screencaps/outlaw-star/episode-25/,1,2026-10-07T01:50:38.900046+00:00,eea3141ada87930bc8457e365df372896faebd40bebd0ada0f9aba3b0e1d4243,,UNVERIFIED
EP-25,Maze of Despair,00:03:31,211,855298,https://animehistory.org/uploads/screencaps/outlaw-star-E025-Maze-of-Despair/cap_00-03-31_297a.jpg,Outlaw Star Ep 25: Maze of Despair @ 00:03:31,https://animehistory.org/gallery/screencaps/outlaw-star/episode-25/,https://animehistory.org/gallery/screencaps/outlaw-star/episode-25/,1,2026-10-07T01:50:38.900046+00:00,eea3141ada87930bc8457e365df372896faebd40bebd0ada0f9aba3b0e1d4243,,UNVERIFIED
EP-25,Maze of Despair,00:03:35,215,855299,https://animehistory.org/uploads/screencaps/outlaw-star-E025-Maze-of-Despair/cap_00-03-35_7871.jpg,Outlaw Star Ep 25: Maze of Despair @ 00:03:35,https://animehistory.org/gallery/screencaps/outlaw-star/episode-25/,https://animehistory.org/gallery/screencaps/outlaw-star/episode-25/,1,2026-10-07T01:50:38.900046+00:00,eea3141ada87930bc8457e365df372896faebd40bebd0ada0f9aba3b0e1d4243,,UNVERIFIED
EP-25,Maze of Despair,00:03:38,218,855300,https://animehistory.org/uploads/screencaps/outlaw-star-E025-Maze-of-Despair/cap_00-03-38_54c2.jpg,Outlaw Star Ep 25: Maze of Despair @ 00:03:38,https://animehistory.org/gallery/screencaps/outlaw-star/episode-25/,https://animehistory.org/gallery/screencaps/outlaw-star/episode-25/,1,2026-10-07T01:50:38.900046+00:00,eea3141ada87930bc8457e365df372896faebd40bebd0ada0f9aba3b0e1d4243,,UNVERIFIED
EP-25,Maze of Despair,00:03:42,222,855301,https://animehistory.org/uploads/screencaps/outlaw-star-E025-Maze-of-Despair/cap_00-03-42_239c.jpg,Outlaw Star Ep 25: Maze of Despair @ 00:03:42,https://animehistory.org/gallery/screencaps/outlaw-star/episode-25/,https://animehistory.org/gallery/screencaps/outlaw-star/episode-25/,1,2026-10-07T01:50:38.900046+00:00,eea3141ada87930bc8457e365df372896faebd40bebd0ada0f9aba3b0e1d4243,,UNVERIFIED
EP-25,Maze of Despair,00:03:46,226,855302,https://animehistory.org/uploads/screencaps/outlaw-star-E025-Maze-of-Despair/cap_00-03-46_7983.jpg,Outlaw Star Ep 25: Maze of Despair @ 00:03:46,https://animehistory.org/gallery/screencaps/outlaw-star/episode-25/,https://animehistory.org/gallery/screencaps/outlaw-star/episode-25/,1,2026-10-07T01:50:38.900046+00:00,eea3141ada87930bc8457e365df372896faebd40bebd0ada0f9aba3b0e1d4243,,UNVERIFIED
EP-25,Maze of Despair,00:03:50,230,855303,https://animehistory.org/uploads/screencaps/outlaw-star-E025-Maze-of-Despair/cap_00-03-50_61c2.jpg,Outlaw Star Ep 25: Maze of Despair @ 00:03:50,https://animehistory.org/gallery/screencaps/outlaw-star/episode-25/,https://animehistory.org/gallery/screencaps/outlaw-star/episode-25/,1,2026-10-07T01:50:38.900046+00:00,eea3141ada87930bc8457e365df372896faebd40bebd0ada0f9aba3b0e1d4243,,UNVERIFIED
EP-25,Maze of Despair,00:03:53,233,855304,https://animehistory.org/uploads/screencaps/outlaw-star-E025-Maze-of-Despair/cap_00-03-53_7281.jpg,Outlaw Star Ep 25: Maze of Despair @ 00:03:53,https://animehistory.org/gallery/screencaps/outlaw-star/episode-25/,https://animehistory.org/gallery/screencaps/outlaw-star/episode-25/,1,2026-10-07T01:50:38.900046+00:00,eea3141ada87930bc8457e365df372896faebd40bebd0ada0f9aba3b0e1d4243,,UNVERIFIED
EP-25,Maze of Despair,00:03:57,237,855305,https://animehistory.org/uploads/screencaps/outlaw-star-E025-Maze-of-Despair/cap_00-03-57_1dca.jpg,Outlaw Star Ep 25: Maze of Despair @ 00:03:57,https://animehistory.org/gallery/screencaps/outlaw-star/episode-25/,https://animehistory.org/gallery/screencaps/outlaw-star/episode-25/,1,2026-10-07T01:50:38.900046+00:00,eea3141ada87930bc8457e365df372896faebd40bebd0ada0f9aba3b0e1d4243,,UNVERIFIED
EP-25,Maze of Despair,00:04:01,241,855306,https://animehistory.org/uploads/screencaps/outlaw-star-E025-Maze-of-Despair/cap_00-04-01_19d6.jpg,Outlaw Star Ep 25: Maze of Despair @ 00:04:01,https://animehistory.org/gallery/screencaps/outlaw-star/episode-25/,https://animehistory.org/gallery/screencaps/outlaw-star/episode-25/,1,2026-10-07T01:50:38.900046+00:00,eea3141ada87930bc8457e365df372896faebd40bebd0ada0f9aba3b0e1d4243,,UNVERIFIED
EP-25,Maze of Despair,00:04:04,244,855307,https://animehistory.org/uploads/screencaps/outlaw-star-E025-Maze-of-Despair/cap_00-04-04_2a17.jpg,Outlaw Star Ep 25: Maze of Despair @ 00:04:04,https://animehistory.org/gallery/screencaps/outlaw-star/episode-25/,https://animehistory.org/gallery/screencaps/outlaw-star/episode-25/,1,2026-10-07T01:50:38.900046+00:00,eea3141ada87930bc8457e365df372896faebd40bebd0ada0f9aba3b0e1d4243,,UNVERIFIED
EP-25,Maze of Despair,00:04:08,248,855308,https://animehistory.org/uploads/screencaps/outlaw-star-E025-Maze-of-Despair/cap_00-04-08_336f.jpg,Outlaw Star Ep 25: Maze of Despair @ 00:04:08,https://animehistory.org/gallery/screencaps/outlaw-star/episode-25/,https://animehistory.org/gallery/screencaps/outlaw-star/episode-25/,1,2026-10-07T01:50:38.900046+00:00,eea3141ada87930bc8457e365df372896faebd40bebd0ada0f9aba3b0e1d4243,,UNVERIFIED
EP-25,Maze of Despair,00:04:12,252,855309,https://animehistory.org/uploads/screencaps/outlaw-star-E025-Maze-of-Despair/cap_00-04-12_5789.jpg,Outlaw Star Ep 25: Maze of Despair @ 00:04:12,https://animehistory.org/gallery/screencaps/outlaw-star/episode-25/,https://animehistory.org/gallery/screencaps/outlaw-star/episode-25/,1,2026-10-07T01:50:38.900046+00:00,eea3141ada87930bc8457e365df372896faebd40bebd0ada0f9aba3b0e1d4243,,UNVERIFIED
EP-25,Maze of Despair,00:04:16,256,855310,https://animehistory.org/uploads/screencaps/outlaw-star-E025-Maze-of-Despair/cap_00-04-16_74c6.jpg,Outlaw Star Ep 25: Maze of Despair @ 00:04:16,https://animehistory.org/gallery/screencaps/outlaw-star/episode-25/,https://animehistory.org/gallery/screencaps/outlaw-star/episode-25/,1,2026-10-07T01:50:38.900046+00:00,eea3141ada87930bc8457e365df372896faebd40bebd0ada0f9aba3b0e1d4243,,UNVERIFIED
EP-25,Maze of Despair,00:04:19,259,855311,https://animehistory.org/uploads/screencaps/outlaw-star-E025-Maze-of-Despair/cap_00-04-19_3c02.jpg,Outlaw Star Ep 25: Maze of Despair @ 00:04:19,https://animehistory.org/gallery/screencaps/outlaw-star/episode-25/,https://animehistory.org/gallery/screencaps/outlaw-star/episode-25/,1,2026-10-07T01:50:38.900046+00:00,eea3141ada87930bc8457e365df372896faebd40bebd0ada0f9aba3b0e1d4243,,UNVERIFIED
EP-25,Maze of Despair,00:04:23,263,855312,https://animehistory.org/uploads/screencaps/outlaw-star-E025-Maze-of-Despair/cap_00-04-23_76ad.jpg,Outlaw Star Ep 25: Maze of Despair @ 00:04:23,https://animehistory.org/gallery/screencaps/outlaw-star/episode-25/,https://animehistory.org/gallery/screencaps/outlaw-star/episode-25/,1,2026-10-07T01:50:38.900046+00:00,eea3141ada87930bc8457e365df372896faebd40bebd0ada0f9aba3b0e1d4243,,UNVERIFIED
EP-25,Maze of Despair,00:04:27,267,855313,https://animehistory.org/uploads/screencaps/outlaw-star-E025-Maze-of-Despair/cap_00-04-27_024b.jpg,Outlaw Star Ep 25: Maze of Despair @ 00:04:27,https://animehistory.org/gallery/screencaps/outlaw-star/episode-25/,https://animehistory.org/gallery/screencaps/outlaw-star/episode-25/,1,2026-10-07T01:50:38.900046+00:00,eea3141ada87930bc8457e365df372896faebd40bebd0ada0f9aba3b0e1d4243,,UNVERIFIED
EP-25,Maze of Despair,00:04:30,270,855314,https://animehistory.org/uploads/screencaps/outlaw-star-E025-Maze-of-Despair/cap_00-04-30_6941.jpg,Outlaw Star Ep 25: Maze of Despair @ 00:04:30,https://animehistory.org/gallery/screencaps/outlaw-star/episode-25/,https://animehistory.org/gallery/screencaps/outlaw-star/episode-25/,1,2026-10-07T01:50:38.900046+00:00,eea3141ada87930bc8457e365df372896faebd40bebd0ada0f9aba3b0e1d4243,,UNVERIFIED
EP-25,Maze of Despair,00:04:34,274,855315,https://animehistory.org/uploads/screencaps/outlaw-star-E025-Maze-of-Despair/cap_00-04-34_571e.jpg,Outlaw Star Ep 25: Maze of Despair @ 00:04:34,https://animehistory.org/gallery/screencaps/outlaw-star/episode-25/,https://animehistory.org/gallery/screencaps/outlaw-star/episode-25/,1,2026-10-07T01:50:38.900046+00:00,eea3141ada87930bc8457e365df372896faebd40bebd0ada0f9aba3b0e1d4243,,UNVERIFIED
EP-25,Maze of Despair,00:04:38,278,855316,https://animehistory.org/uploads/screencaps/outlaw-star-E025-Maze-of-Despair/cap_00-04-38_407d.jpg,Outlaw Star Ep 25: Maze of Despair @ 00:04:38,https://animehistory.org/gallery/screencaps/outlaw-star/episode-25/,https://animehistory.org/gallery/screencaps/outlaw-star/episode-25/,1,2026-10-07T01:50:38.900046+00:00,eea3141ada87930bc8457e365df372896faebd40bebd0ada0f9aba3b0e1d4243,,UNVERIFIED
EP-25,Maze of Despair,00:04:42,282,855317,https://animehistory.org/uploads/screencaps/outlaw-star-E025-Maze-of-Despair/cap_00-04-42_4143.jpg,Outlaw Star Ep 25: Maze of Despair @ 00:04:42,https://animehistory.org/gallery/screencaps/outlaw-star/episode-25/,https://animehistory.org/gallery/screencaps/outlaw-star/episode-25/,1,2026-10-07T01:50:38.900046+00:00,eea3141ada87930bc8457e365df372896faebd40bebd0ada0f9aba3b0e1d4243,,UNVERIFIED
EP-25,Maze of Despair,00:04:45,285,855318,https://animehistory.org/uploads/screencaps/outlaw-star-E025-Maze-of-Despair/cap_00-04-45_00f1.jpg,Outlaw Star Ep 25: Maze of Despair @ 00:04:45,https://animehistory.org/gallery/screencaps/outlaw-star/episode-25/,https://animehistory.org/gallery/screencaps/outlaw-star/episode-25/,1,2026-10-07T01:50:38.900046+00:00,eea3141ada87930bc8457e365df372896faebd40bebd0ada0f9aba3b0e1d4243,,UNVERIFIED
EP-25,Maze of Despair,00:04:49,289,855319,https://animehistory.org/uploads/screencaps/outlaw-star-E025-Maze-of-Despair/cap_00-04-49_6fc2.jpg,Outlaw Star Ep 25: Maze of Despair @ 00:04:49,https://animehistory.org/gallery/screencaps/outlaw-star/episode-25/,https://animehistory.org/gallery/screencaps/outlaw-star/episode-25/,1,2026-10-07T01:50:38.900046+00:00,eea3141ada87930bc8457e365df372896faebd40bebd0ada0f9aba3b0e1d4243,,UNVERIFIED
EP-25,Maze of Despair,00:04:53,293,855320,https://animehistory.org/uploads/screencaps/outlaw-star-E025-Maze-of-Despair/cap_00-04-53_45fc.jpg,Outlaw Star Ep 25: Maze of Despair @ 00:04:53,https://animehistory.org/gallery/screencaps/outlaw-star/episode-25/,https://animehistory.org/gallery/screencaps/outlaw-star/episode-25/,1,2026-10-07T01:50:38.900046+00:00,eea3141ada87930bc8457e365df372896faebd40bebd0ada0f9aba3b0e1d4243,,UNVERIFIED
EP-25,Maze of Despair,00:04:56,296,855321,https://animehistory.org/uploads/screencaps/outlaw-star-E025-Maze-of-Despair/cap_00-04-56_09f0.jpg,Outlaw Star Ep 25: Maze of Despair @ 00:04:56,https://animehistory.org/gallery/screencaps/outlaw-star/episode-25/,https://animehistory.org/gallery/screencaps/outlaw-star/episode-25/,1,2026-10-07T01:50:38.900046+00:00,eea3141ada87930bc8457e365df372896faebd40bebd0ada0f9aba3b0e1d4243,,UNVERIFIED
EP-25,Maze of Despair,00:05:00,300,855322,https://animehistory.org/uploads/screencaps/outlaw-star-E025-Maze-of-Despair/cap_00-05-00_5e48.jpg,Outlaw Star Ep 25: Maze of Despair @ 00:05:00,https://animehistory.org/gallery/screencaps/outlaw-star/episode-25/,https://animehistory.org/gallery/screencaps/outlaw-star/episode-25/,1,2026-10-07T01:50:38.900046+00:00,eea3141ada87930bc8457e365df372896faebd40bebd0ada0f9aba3b0e1d4243,,UNVERIFIED
EP-25,Maze of Despair,00:05:04,304,855323,https://animehistory.org/uploads/screencaps/outlaw-star-E025-Maze-of-Despair/cap_00-05-04_7290.jpg,Outlaw Star Ep 25: Maze of Despair @ 00:05:04,https://animehistory.org/gallery/screencaps/outlaw-star/episode-25/,https://animehistory.org/gallery/screencaps/outlaw-star/episode-25/,1,2026-10-07T01:50:38.900046+00:00,eea3141ada87930bc8457e365df372896faebd40bebd0ada0f9aba3b0e1d4243,,UNVERIFIED
EP-25,Maze of Despair,00:05:08,308,855324,https://animehistory.org/uploads/screencaps/outlaw-star-E025-Maze-of-Despair/cap_00-05-08_143c.jpg,Outlaw Star Ep 25: Maze of Despair @ 00:05:08,https://animehistory.org/gallery/screencaps/outlaw-star/episode-25/,https://animehistory.org/gallery/screencaps/outlaw-star/episode-25/,1,2026-10-07T01:50:38.900046+00:00,eea3141ada87930bc8457e365df372896faebd40bebd0ada0f9aba3b0e1d4243,,UNVERIFIED
EP-25,Maze of Despair,00:05:11,311,855325,https://animehistory.org/uploads/screencaps/outlaw-star-E025-Maze-of-Despair/cap_00-05-11_0296.jpg,Outlaw Star Ep 25: Maze of Despair @ 00:05:11,https://animehistory.org/gallery/screencaps/outlaw-star/episode-25/,https://animehistory.org/gallery/screencaps/outlaw-star/episode-25/,1,2026-10-07T01:50:38.900046+00:00,eea3141ada87930bc8457e365df372896faebd40bebd0ada0f9aba3b0e1d4243,,UNVERIFIED
EP-25,Maze of Despair,00:05:15,315,855326,https://animehistory.org/uploads/screencaps/outlaw-star-E025-Maze-of-Despair/cap_00-05-15_621f.jpg,Outlaw Star Ep 25: Maze of Despair @ 00:05:15,https://animehistory.org/gallery/screencaps/outlaw-star/episode-25/,https://animehistory.org/gallery/screencaps/outlaw-star/episode-25/,1,2026-10-07T01:50:38.900046+00:00,eea3141ada87930bc8457e365df372896faebd40bebd0ada0f9aba3b0e1d4243,,UNVERIFIED
EP-25,Maze of Despair,00:05:19,319,855327,https://animehistory.org/uploads/screencaps/outlaw-star-E025-Maze-of-Despair/cap_00-05-19_68cc.jpg,Outlaw Star Ep 25: Maze of Despair @ 00:05:19,https://animehistory.org/gallery/screencaps/outlaw-star/episode-25/,https://animehistory.org/gallery/screencaps/outlaw-star/episode-25/,1,2026-10-07T01:50:38.900046+00:00,eea3141ada87930bc8457e365df372896faebd40bebd0ada0f9aba3b0e1d4243,,UNVERIFIED
EP-25,Maze of Despair,00:05:22,322,855328,https://animehistory.org/uploads/screencaps/outlaw-star-E025-Maze-of-Despair/cap_00-05-22_2a8b.jpg,Outlaw Star Ep 25: Maze of Despair @ 00:05:22,https://animehistory.org/gallery/screencaps/outlaw-star/episode-25/,https://animehistory.org/gallery/screencaps/outlaw-star/episode-25/,1,2026-10-07T01:50:38.900046+00:00,eea3141ada87930bc8457e365df372896faebd40bebd0ada0f9aba3b0e1d4243,,UNVERIFIED
EP-25,Maze of Despair,00:05:26,326,855329,https://animehistory.org/uploads/screencaps/outlaw-star-E025-Maze-of-Despair/cap_00-05-26_3a4d.jpg,Outlaw Star Ep 25: Maze of Despair @ 00:05:26,https://animehistory.org/gallery/screencaps/outlaw-star/episode-25/,https://animehistory.org/gallery/screencaps/outlaw-star/episode-25/,1,2026-10-07T01:50:38.900046+00:00,eea3141ada87930bc8457e365df372896faebd40bebd0ada0f9aba3b0e1d4243,,UNVERIFIED
EP-25,Maze of Despair,00:05:30,330,855330,https://animehistory.org/uploads/screencaps/outlaw-star-E025-Maze-of-Despair/cap_00-05-30_728c.jpg,Outlaw Star Ep 25: Maze of Despair @ 00:05:30,https://animehistory.org/gallery/screencaps/outlaw-star/episode-25/,https://animehistory.org/gallery/screencaps/outlaw-star/episode-25/,1,2026-10-07T01:50:38.900046+00:00,eea3141ada87930bc8457e365df372896faebd40bebd0ada0f9aba3b0e1d4243,,UNVERIFIED
EP-25,Maze of Despair,00:05:34,334,855331,https://animehistory.org/uploads/screencaps/outlaw-star-E025-Maze-of-Despair/cap_00-05-34_1925.jpg,Outlaw Star Ep 25: Maze of Despair @ 00:05:34,https://animehistory.org/gallery/screencaps/outlaw-star/episode-25/,https://animehistory.org/gallery/screencaps/outlaw-star/episode-25/,1,2026-10-07T01:50:38.900046+00:00,eea3141ada87930bc8457e365df372896faebd40bebd0ada0f9aba3b0e1d4243,,UNVERIFIED
EP-25,Maze of Despair,00:05:37,337,855332,https://animehistory.org/uploads/screencaps/outlaw-star-E025-Maze-of-Despair/cap_00-05-37_3ecf.jpg,Outlaw Star Ep 25: Maze of Despair @ 00:05:37,https://animehistory.org/gallery/screencaps/outlaw-star/episode-25/,https://animehistory.org/gallery/screencaps/outlaw-star/episode-25/,1,2026-10-07T01:50:38.900046+00:00,eea3141ada87930bc8457e365df372896faebd40bebd0ada0f9aba3b0e1d4243,,UNVERIFIED
EP-25,Maze of Despair,00:05:41,341,855333,https://animehistory.org/uploads/screencaps/outlaw-star-E025-Maze-of-Despair/cap_00-05-41_1cfa.jpg,Outlaw Star Ep 25: Maze of Despair @ 00:05:41,https://animehistory.org/gallery/screencaps/outlaw-star/episode-25/,https://animehistory.org/gallery/screencaps/outlaw-star/episode-25/,1,2026-10-07T01:50:38.900046+00:00,eea3141ada87930bc8457e365df372896faebd40bebd0ada0f9aba3b0e1d4243,,UNVERIFIED
EP-25,Maze of Despair,00:05:45,345,855334,https://animehistory.org/uploads/screencaps/outlaw-star-E025-Maze-of-Despair/cap_00-05-45_6d51.jpg,Outlaw Star Ep 25: Maze of Despair @ 00:05:45,https://animehistory.org/gallery/screencaps/outlaw-star/episode-25/,https://animehistory.org/gallery/screencaps/outlaw-star/episode-25/,1,2026-10-07T01:50:38.900046+00:00,eea3141ada87930bc8457e365df372896faebd40bebd0ada0f9aba3b0e1d4243,,UNVERIFIED
EP-25,Maze of Despair,00:05:48,348,855335,https://animehistory.org/uploads/screencaps/outlaw-star-E025-Maze-of-Despair/cap_00-05-48_561f.jpg,Outlaw Star Ep 25: Maze of Despair @ 00:05:48,https://animehistory.org/gallery/screencaps/outlaw-star/episode-25/,https://animehistory.org/gallery/screencaps/outlaw-star/episode-25/,1,2026-10-07T01:50:38.900046+00:00,eea3141ada87930bc8457e365df372896faebd40bebd0ada0f9aba3b0e1d4243,,UNVERIFIED
EP-25,Maze of Despair,00:05:52,352,855336,https://animehistory.org/uploads/screencaps/outlaw-star-E025-Maze-of-Despair/cap_00-05-52_0980.jpg,Outlaw Star Ep 25: Maze of Despair @ 00:05:52,https://animehistory.org/gallery/screencaps/outlaw-star/episode-25/,https://animehistory.org/gallery/screencaps/outlaw-star/episode-25/,1,2026-10-07T01:50:38.900046+00:00,eea3141ada87930bc8457e365df372896faebd40bebd0ada0f9aba3b0e1d4243,,UNVERIFIED
EP-25,Maze of Despair,00:05:56,356,855337,https://animehistory.org/uploads/screencaps/outlaw-star-E025-Maze-of-Despair/cap_00-05-56_74c2.jpg,Outlaw Star Ep 25: Maze of Despair @ 00:05:56,https://animehistory.org/gallery/screencaps/outlaw-star/episode-25/,https://animehistory.org/gallery/screencaps/outlaw-star/episode-25/,1,2026-10-07T01:50:38.900046+00:00,eea3141ada87930bc8457e365df372896faebd40bebd0ada0f9aba3b0e1d4243,,UNVERIFIED
EP-25,Maze of Despair,00:06:00,360,855338,https://animehistory.org/uploads/screencaps/outlaw-star-E025-Maze-of-Despair/cap_00-06-00_1cc4.jpg,Outlaw Star Ep 25: Maze of Despair @ 00:06:00,https://animehistory.org/gallery/screencaps/outlaw-star/episode-25/,https://animehistory.org/gallery/screencaps/outlaw-star/episode-25/,1,2026-10-07T01:50:38.900046+00:00,eea3141ada87930bc8457e365df372896faebd40bebd0ada0f9aba3b0e1d4243,,UNVERIFIED
EP-25,Maze of Despair,00:06:03,363,855339,https://animehistory.org/uploads/screencaps/outlaw-star-E025-Maze-of-Despair/cap_00-06-03_7fa1.jpg,Outlaw Star Ep 25: Maze of Despair @ 00:06:03,https://animehistory.org/gallery/screencaps/outlaw-star/episode-25/,https://animehistory.org/gallery/screencaps/outlaw-star/episode-25/,1,2026-10-07T01:50:38.900046+00:00,eea3141ada87930bc8457e365df372896faebd40bebd0ada0f9aba3b0e1d4243,,UNVERIFIED
EP-25,Maze of Despair,00:06:07,367,855340,https://animehistory.org/uploads/screencaps/outlaw-star-E025-Maze-of-Despair/cap_00-06-07_7820.jpg,Outlaw Star Ep 25: Maze of Despair @ 00:06:07,https://animehistory.org/gallery/screencaps/outlaw-star/episode-25/,https://animehistory.org/gallery/screencaps/outlaw-star/episode-25/,1,2026-10-07T01:50:38.900046+00:00,eea3141ada87930bc8457e365df372896faebd40bebd0ada0f9aba3b0e1d4243,,UNVERIFIED
EP-25,Maze of Despair,00:06:11,371,855341,https://animehistory.org/uploads/screencaps/outlaw-star-E025-Maze-of-Despair/cap_00-06-11_5e2c.jpg,Outlaw Star Ep 25: Maze of Despair @ 00:06:11,https://animehistory.org/gallery/screencaps/outlaw-star/episode-25/,https://animehistory.org/gallery/screencaps/outlaw-star/episode-25/,1,2026-10-07T01:50:38.900046+00:00,eea3141ada87930bc8457e365df372896faebd40bebd0ada0f9aba3b0e1d4243,,UNVERIFIED
EP-25,Maze of Despair,00:06:14,374,855342,https://animehistory.org/uploads/screencaps/outlaw-star-E025-Maze-of-Despair/cap_00-06-14_7e0c.jpg,Outlaw Star Ep 25: Maze of Despair @ 00:06:14,https://animehistory.org/gallery/screencaps/outlaw-star/episode-25/,https://animehistory.org/gallery/screencaps/outlaw-star/episode-25/,1,2026-10-07T01:50:38.900046+00:00,eea3141ada87930bc8457e365df372896faebd40bebd0ada0f9aba3b0e1d4243,,UNVERIFIED
EP-25,Maze of Despair,00:06:18,378,855343,https://animehistory.org/uploads/screencaps/outlaw-star-E025-Maze-of-Despair/cap_00-06-18_3242.jpg,Outlaw Star Ep 25: Maze of Despair @ 00:06:18,https://animehistory.org/gallery/screencaps/outlaw-star/episode-25/,https://animehistory.org/gallery/screencaps/outlaw-star/episode-25/,1,2026-10-07T01:50:38.900046+00:00,eea3141ada87930bc8457e365df372896faebd40bebd0ada0f9aba3b0e1d4243,,UNVERIFIED
EP-25,Maze of Despair,00:06:22,382,855344,https://animehistory.org/uploads/screencaps/outlaw-star-E025-Maze-of-Despair/cap_00-06-22_3b34.jpg,Outlaw Star Ep 25: Maze of Despair @ 00:06:22,https://animehistory.org/gallery/screencaps/outlaw-star/episode-25/,https://animehistory.org/gallery/screencaps/outlaw-star/episode-25/,1,2026-10-07T01:50:38.900046+00:00,eea3141ada87930bc8457e365df372896faebd40bebd0ada0f9aba3b0e1d4243,,UNVERIFIED
EP-25,Maze of Despair,00:06:26,386,855345,https://animehistory.org/uploads/screencaps/outlaw-star-E025-Maze-of-Despair/cap_00-06-26_4fd5.jpg,Outlaw Star Ep 25: Maze of Despair @ 00:06:26,https://animehistory.org/gallery/screencaps/outlaw-star/episode-25/,https://animehistory.org/gallery/screencaps/outlaw-star/episode-25/,1,2026-10-07T01:50:38.900046+00:00,eea3141ada87930bc8457e365df372896faebd40bebd0ada0f9aba3b0e1d4243,,UNVERIFIED
EP-25,Maze of Despair,00:06:29,389,855346,https://animehistory.org/uploads/screencaps/outlaw-star-E025-Maze-of-Despair/cap_00-06-29_7a8a.jpg,Outlaw Star Ep 25: Maze of Despair @ 00:06:29,https://animehistory.org/gallery/screencaps/outlaw-star/episode-25/,https://animehistory.org/gallery/screencaps/outlaw-star/episode-25/,1,2026-10-07T01:50:38.900046+00:00,eea3141ada87930bc8457e365df372896faebd40bebd0ada0f9aba3b0e1d4243,,UNVERIFIED
EP-25,Maze of Despair,00:06:33,393,855347,https://animehistory.org/uploads/screencaps/outlaw-star-E025-Maze-of-Despair/cap_00-06-33_0e3a.jpg,Outlaw Star Ep 25: Maze of Despair @ 00:06:33,https://animehistory.org/gallery/screencaps/outlaw-star/episode-25/,https://animehistory.org/gallery/screencaps/outlaw-star/episode-25/,1,2026-10-07T01:50:38.900046+00:00,eea3141ada87930bc8457e365df372896faebd40bebd0ada0f9aba3b0e1d4243,,UNVERIFIED
EP-25,Maze of Despair,00:06:37,397,855348,https://animehistory.org/uploads/screencaps/outlaw-star-E025-Maze-of-Despair/cap_00-06-37_04f8.jpg,Outlaw Star Ep 25: Maze of Despair @ 00:06:37,https://animehistory.org/gallery/screencaps/outlaw-star/episode-25/,https://animehistory.org/gallery/screencaps/outlaw-star/episode-25/,1,2026-10-07T01:50:38.900046+00:00,eea3141ada87930bc8457e365df372896faebd40bebd0ada0f9aba3b0e1d4243,,UNVERIFIED
EP-25,Maze of Despair,00:06:40,400,855349,https://animehistory.org/uploads/screencaps/outlaw-star-E025-Maze-of-Despair/cap_00-06-40_01d3.jpg,Outlaw Star Ep 25: Maze of Despair @ 00:06:40,https://animehistory.org/gallery/screencaps/outlaw-star/episode-25/,https://animehistory.org/gallery/screencaps/outlaw-star/episode-25/,1,2026-10-07T01:50:38.900046+00:00,eea3141ada87930bc8457e365df372896faebd40bebd0ada0f9aba3b0e1d4243,,UNVERIFIED
EP-25,Maze of Despair,00:06:44,404,855350,https://animehistory.org/uploads/screencaps/outlaw-star-E025-Maze-of-Despair/cap_00-06-44_6cd6.jpg,Outlaw Star Ep 25: Maze of Despair @ 00:06:44,https://animehistory.org/gallery/screencaps/outlaw-star/episode-25/,https://animehistory.org/gallery/screencaps/outlaw-star/episode-25/,1,2026-10-07T01:50:38.900046+00:00,eea3141ada87930bc8457e365df372896faebd40bebd0ada0f9aba3b0e1d4243,,UNVERIFIED
EP-25,Maze of Despair,00:06:48,408,855351,https://animehistory.org/uploads/screencaps/outlaw-star-E025-Maze-of-Despair/cap_00-06-48_09e3.jpg,Outlaw Star Ep 25: Maze of Despair @ 00:06:48,https://animehistory.org/gallery/screencaps/outlaw-star/episode-25/,https://animehistory.org/gallery/screencaps/outlaw-star/episode-25/,1,2026-10-07T01:50:38.900046+00:00,eea3141ada87930bc8457e365df372896faebd40bebd0ada0f9aba3b0e1d4243,,UNVERIFIED
EP-25,Maze of Despair,00:06:52,412,855352,https://animehistory.org/uploads/screencaps/outlaw-star-E025-Maze-of-Despair/cap_00-06-52_5542.jpg,Outlaw Star Ep 25: Maze of Despair @ 00:06:52,https://animehistory.org/gallery/screencaps/outlaw-star/episode-25/,https://animehistory.org/gallery/screencaps/outlaw-star/episode-25/,1,2026-10-07T01:50:38.900046+00:00,eea3141ada87930bc8457e365df372896faebd40bebd0ada0f9aba3b0e1d4243,,UNVERIFIED
EP-25,Maze of Despair,00:06:55,415,855353,https://animehistory.org/uploads/screencaps/outlaw-star-E025-Maze-of-Despair/cap_00-06-55_6e0e.jpg,Outlaw Star Ep 25: Maze of Despair @ 00:06:55,https://animehistory.org/gallery/screencaps/outlaw-star/episode-25/,https://animehistory.org/gallery/screencaps/outlaw-star/episode-25/,1,2026-10-07T01:50:38.900046+00:00,eea3141ada87930bc8457e365df372896faebd40bebd0ada0f9aba3b0e1d4243,,UNVERIFIED
EP-25,Maze of Despair,00:06:59,419,855354,https://animehistory.org/uploads/screencaps/outlaw-star-E025-Maze-of-Despair/cap_00-06-59_3371.jpg,Outlaw Star Ep 25: Maze of Despair @ 00:06:59,https://animehistory.org/gallery/screencaps/outlaw-star/episode-25/,https://animehistory.org/gallery/screencaps/outlaw-star/episode-25/,1,2026-10-07T01:50:38.900046+00:00,eea3141ada87930bc8457e365df372896faebd40bebd0ada0f9aba3b0e1d4243,,UNVERIFIED
EP-25,Maze of Despair,00:07:03,423,855355,https://animehistory.org/uploads/screencaps/outlaw-star-E025-Maze-of-Despair/cap_00-07-03_28ff.jpg,Outlaw Star Ep 25: Maze of Despair @ 00:07:03,https://animehistory.org/gallery/screencaps/outlaw-star/episode-25/,https://animehistory.org/gallery/screencaps/outlaw-star/episode-25/,1,2026-10-07T01:50:38.900046+00:00,eea3141ada87930bc8457e365df372896faebd40bebd0ada0f9aba3b0e1d4243,,UNVERIFIED
EP-25,Maze of Despair,00:07:06,426,855356,https://animehistory.org/uploads/screencaps/outlaw-star-E025-Maze-of-Despair/cap_00-07-06_53c9.jpg,Outlaw Star Ep 25: Maze of Despair @ 00:07:06,https://animehistory.org/gallery/screencaps/outlaw-star/episode-25/,https://animehistory.org/gallery/screencaps/outlaw-star/episode-25/,1,2026-10-07T01:50:38.900046+00:00,eea3141ada87930bc8457e365df372896faebd40bebd0ada0f9aba3b0e1d4243,,UNVERIFIED
EP-25,Maze of Despair,00:07:10,430,855357,https://animehistory.org/uploads/screencaps/outlaw-star-E025-Maze-of-Despair/cap_00-07-10_3315.jpg,Outlaw Star Ep 25: Maze of Despair @ 00:07:10,https://animehistory.org/gallery/screencaps/outlaw-star/episode-25/,https://animehistory.org/gallery/screencaps/outlaw-star/episode-25/,1,2026-10-07T01:50:38.900046+00:00,eea3141ada87930bc8457e365df372896faebd40bebd0ada0f9aba3b0e1d4243,,UNVERIFIED
EP-25,Maze of Despair,00:07:14,434,855358,https://animehistory.org/uploads/screencaps/outlaw-star-E025-Maze-of-Despair/cap_00-07-14_5225.jpg,Outlaw Star Ep 25: Maze of Despair @ 00:07:14,https://animehistory.org/gallery/screencaps/outlaw-star/episode-25/,https://animehistory.org/gallery/screencaps/outlaw-star/episode-25/,1,2026-10-07T01:50:38.900046+00:00,eea3141ada87930bc8457e365df372896faebd40bebd0ada0f9aba3b0e1d4243,,UNVERIFIED
EP-25,Maze of Despair,00:07:18,438,855359,https://animehistory.org/uploads/screencaps/outlaw-star-E025-Maze-of-Despair/cap_00-07-18_1b8b.jpg,Outlaw Star Ep 25: Maze of Despair @ 00:07:18,https://animehistory.org/gallery/screencaps/outlaw-star/episode-25/,https://animehistory.org/gallery/screencaps/outlaw-star/episode-25/,1,2026-10-07T01:50:38.900046+00:00,eea3141ada87930bc8457e365df372896faebd40bebd0ada0f9aba3b0e1d4243,,UNVERIFIED
EP-25,Maze of Despair,00:07:21,441,855360,https://animehistory.org/uploads/screencaps/outlaw-star-E025-Maze-of-Despair/cap_00-07-21_7978.jpg,Outlaw Star Ep 25: Maze of Despair @ 00:07:21,https://animehistory.org/gallery/screencaps/outlaw-star/episode-25/,https://animehistory.org/gallery/screencaps/outlaw-star/episode-25/,1,2026-10-07T01:50:38.900046+00:00,eea3141ada87930bc8457e365df372896faebd40bebd0ada0f9aba3b0e1d4243,,UNVERIFIED
EP-25,Maze of Despair,00:07:25,445,855361,https://animehistory.org/uploads/screencaps/outlaw-star-E025-Maze-of-Despair/cap_00-07-25_532d.jpg,Outlaw Star Ep 25: Maze of Despair @ 00:07:25,https://animehistory.org/gallery/screencaps/outlaw-star/episode-25/,https://animehistory.org/gallery/screencaps/outlaw-star/episode-25/,1,2026-10-07T01:50:38.900046+00:00,eea3141ada87930bc8457e365df372896faebd40bebd0ada0f9aba3b0e1d4243,,UNVERIFIED
EP-25,Maze of Despair,00:07:29,449,855362,https://animehistory.org/uploads/screencaps/outlaw-star-E025-Maze-of-Despair/cap_00-07-29_5a79.jpg,Outlaw Star Ep 25: Maze of Despair @ 00:07:29,https://animehistory.org/gallery/screencaps/outlaw-star/episode-25/,https://animehistory.org/gallery/screencaps/outlaw-star/episode-25/,1,2026-10-07T01:50:38.900046+00:00,eea3141ada87930bc8457e365df372896faebd40bebd0ada0f9aba3b0e1d4243,,UNVERIFIED
EP-25,Maze of Despair,00:07:32,452,855363,https://animehistory.org/uploads/screencaps/outlaw-star-E025-Maze-of-Despair/cap_00-07-32_6449.jpg,Outlaw Star Ep 25: Maze of Despair @ 00:07:32,https://animehistory.org/gallery/screencaps/outlaw-star/episode-25/,https://animehistory.org/gallery/screencaps/outlaw-star/episode-25/,1,2026-10-07T01:50:38.900046+00:00,eea3141ada87930bc8457e365df372896faebd40bebd0ada0f9aba3b0e1d4243,,UNVERIFIED
EP-25,Maze of Despair,00:07:36,456,855364,https://animehistory.org/uploads/screencaps/outlaw-star-E025-Maze-of-Despair/cap_00-07-36_0a49.jpg,Outlaw Star Ep 25: Maze of Despair @ 00:07:36,https://animehistory.org/gallery/screencaps/outlaw-star/episode-25/,https://animehistory.org/gallery/screencaps/outlaw-star/episode-25/,1,2026-10-07T01:50:38.900046+00:00,eea3141ada87930bc8457e365df372896faebd40bebd0ada0f9aba3b0e1d4243,,UNVERIFIED
EP-25,Maze of Despair,00:07:40,460,855365,https://animehistory.org/uploads/screencaps/outlaw-star-E025-Maze-of-Despair/cap_00-07-40_5109.jpg,Outlaw Star Ep 25: Maze of Despair @ 00:07:40,https://animehistory.org/gallery/screencaps/outlaw-star/episode-25/,https://animehistory.org/gallery/screencaps/outlaw-star/episode-25/,1,2026-10-07T01:50:38.900046+00:00,eea3141ada87930bc8457e365df372896faebd40bebd0ada0f9aba3b0e1d4243,,UNVERIFIED
EP-25,Maze of Despair,00:07:44,464,855366,https://animehistory.org/uploads/screencaps/outlaw-star-E025-Maze-of-Despair/cap_00-07-44_1a69.jpg,Outlaw Star Ep 25: Maze of Despair @ 00:07:44,https://animehistory.org/gallery/screencaps/outlaw-star/episode-25/,https://animehistory.org/gallery/screencaps/outlaw-star/episode-25/,1,2026-10-07T01:50:38.900046+00:00,eea3141ada87930bc8457e365df372896faebd40bebd0ada0f9aba3b0e1d4243,,UNVERIFIED
EP-25,Maze of Despair,00:07:47,467,855367,https://animehistory.org/uploads/screencaps/outlaw-star-E025-Maze-of-Despair/cap_00-07-47_5b5d.jpg,Outlaw Star Ep 25: Maze of Despair @ 00:07:47,https://animehistory.org/gallery/screencaps/outlaw-star/episode-25/,https://animehistory.org/gallery/screencaps/outlaw-star/episode-25/,1,2026-10-07T01:50:38.900046+00:00,eea3141ada87930bc8457e365df372896faebd40bebd0ada0f9aba3b0e1d4243,,UNVERIFIED
EP-25,Maze of Despair,00:07:51,471,855368,https://animehistory.org/uploads/screencaps/outlaw-star-E025-Maze-of-Despair/cap_00-07-51_49fd.jpg,Outlaw Star Ep 25: Maze of Despair @ 00:07:51,https://animehistory.org/gallery/screencaps/outlaw-star/episode-25/,https://animehistory.org/gallery/screencaps/outlaw-star/episode-25/,1,2026-10-07T01:50:38.900046+00:00,eea3141ada87930bc8457e365df372896faebd40bebd0ada0f9aba3b0e1d4243,,UNVERIFIED
EP-25,Maze of Despair,00:07:55,475,855369,https://animehistory.org/uploads/screencaps/outlaw-star-E025-Maze-of-Despair/cap_00-07-55_7a5e.jpg,Outlaw Star Ep 25: Maze of Despair @ 00:07:55,https://animehistory.org/gallery/screencaps/outlaw-star/episode-25/,https://animehistory.org/gallery/screencaps/outlaw-star/episode-25/?page=2,2,2026-10-07T01:50:40.302231+00:00,2382075229e2c6b1f5fa8b5e2904f3129c143f24fb38fd5983c7555c69b3b687,,UNVERIFIED
EP-25,Maze of Despair,00:07:58,478,855370,https://animehistory.org/uploads/screencaps/outlaw-star-E025-Maze-of-Despair/cap_00-07-58_2201.jpg,Outlaw Star Ep 25: Maze of Despair @ 00:07:58,https://animehistory.org/gallery/screencaps/outlaw-star/episode-25/,https://animehistory.org/gallery/screencaps/outlaw-star/episode-25/?page=2,2,2026-10-07T01:50:40.302231+00:00,2382075229e2c6b1f5fa8b5e2904f3129c143f24fb38fd5983c7555c69b3b687,,UNVERIFIED
EP-25,Maze of Despair,00:08:02,482,855371,https://animehistory.org/uploads/screencaps/outlaw-star-E025-Maze-of-Despair/cap_00-08-02_371c.jpg,Outlaw Star Ep 25: Maze of Despair @ 00:08:02,https://animehistory.org/gallery/screencaps/outlaw-star/episode-25/,https://animehistory.org/gallery/screencaps/outlaw-star/episode-25/?page=2,2,2026-10-07T01:50:40.302231+00:00,2382075229e2c6b1f5fa8b5e2904f3129c143f24fb38fd5983c7555c69b3b687,,UNVERIFIED
EP-25,Maze of Despair,00:08:06,486,855372,https://animehistory.org/uploads/screencaps/outlaw-star-E025-Maze-of-Despair/cap_00-08-06_0b62.jpg,Outlaw Star Ep 25: Maze of Despair @ 00:08:06,https://animehistory.org/gallery/screencaps/outlaw-star/episode-25/,https://animehistory.org/gallery/screencaps/outlaw-star/episode-25/?page=2,2,2026-10-07T01:50:40.302231+00:00,2382075229e2c6b1f5fa8b5e2904f3129c143f24fb38fd5983c7555c69b3b687,,UNVERIFIED
EP-25,Maze of Despair,00:08:10,490,855373,https://animehistory.org/uploads/screencaps/outlaw-star-E025-Maze-of-Despair/cap_00-08-10_0139.jpg,Outlaw Star Ep 25: Maze of Despair @ 00:08:10,https://animehistory.org/gallery/screencaps/outlaw-star/episode-25/,https://animehistory.org/gallery/screencaps/outlaw-star/episode-25/?page=2,2,2026-10-07T01:50:40.302231+00:00,2382075229e2c6b1f5fa8b5e2904f3129c143f24fb38fd5983c7555c69b3b687,,UNVERIFIED
EP-25,Maze of Despair,00:08:13,493,855374,https://animehistory.org/uploads/screencaps/outlaw-star-E025-Maze-of-Despair/cap_00-08-13_1c9c.jpg,Outlaw Star Ep 25: Maze of Despair @ 00:08:13,https://animehistory.org/gallery/screencaps/outlaw-star/episode-25/,https://animehistory.org/gallery/screencaps/outlaw-star/episode-25/?page=2,2,2026-10-07T01:50:40.302231+00:00,2382075229e2c6b1f5fa8b5e2904f3129c143f24fb38fd5983c7555c69b3b687,,UNVERIFIED
EP-25,Maze of Despair,00:08:17,497,855375,https://animehistory.org/uploads/screencaps/outlaw-star-E025-Maze-of-Despair/cap_00-08-17_347d.jpg,Outlaw Star Ep 25: Maze of Despair @ 00:08:17,https://animehistory.org/gallery/screencaps/outlaw-star/episode-25/,https://animehistory.org/gallery/screencaps/outlaw-star/episode-25/?page=2,2,2026-10-07T01:50:40.302231+00:00,2382075229e2c6b1f5fa8b5e2904f3129c143f24fb38fd5983c7555c69b3b687,,UNVERIFIED
EP-25,Maze of Despair,00:08:21,501,855376,https://animehistory.org/uploads/screencaps/outlaw-star-E025-Maze-of-Despair/cap_00-08-21_1d9b.jpg,Outlaw Star Ep 25: Maze of Despair @ 00:08:21,https://animehistory.org/gallery/screencaps/outlaw-star/episode-25/,https://animehistory.org/gallery/screencaps/outlaw-star/episode-25/?page=2,2,2026-10-07T01:50:40.302231+00:00,2382075229e2c6b1f5fa8b5e2904f3129c143f24fb38fd5983c7555c69b3b687,,UNVERIFIED
EP-25,Maze of Despair,00:08:24,504,855377,https://animehistory.org/uploads/screencaps/outlaw-star-E025-Maze-of-Despair/cap_00-08-24_247c.jpg,Outlaw Star Ep 25: Maze of Despair @ 00:08:24,https://animehistory.org/gallery/screencaps/outlaw-star/episode-25/,https://animehistory.org/gallery/screencaps/outlaw-star/episode-25/?page=2,2,2026-10-07T01:50:40.302231+00:00,2382075229e2c6b1f5fa8b5e2904f3129c143f24fb38fd5983c7555c69b3b687,,UNVERIFIED
EP-25,Maze of Despair,00:08:28,508,855378,https://animehistory.org/uploads/screencaps/outlaw-star-E025-Maze-of-Despair/cap_00-08-28_5fc4.jpg,Outlaw Star Ep 25: Maze of Despair @ 00:08:28,https://animehistory.org/gallery/screencaps/outlaw-star/episode-25/,https://animehistory.org/gallery/screencaps/outlaw-star/episode-25/?page=2,2,2026-10-07T01:50:40.302231+00:00,2382075229e2c6b1f5fa8b5e2904f3129c143f24fb38fd5983c7555c69b3b687,,UNVERIFIED
EP-25,Maze of Despair,00:08:32,512,855379,https://animehistory.org/uploads/screencaps/outlaw-star-E025-Maze-of-Despair/cap_00-08-32_69b7.jpg,Outlaw Star Ep 25: Maze of Despair @ 00:08:32,https://animehistory.org/gallery/screencaps/outlaw-star/episode-25/,https://animehistory.org/gallery/screencaps/outlaw-star/episode-25/?page=2,2,2026-10-07T01:50:40.302231+00:00,2382075229e2c6b1f5fa8b5e2904f3129c143f24fb38fd5983c7555c69b3b687,,UNVERIFIED
EP-25,Maze of Despair,00:08:36,516,855380,https://animehistory.org/uploads/screencaps/outlaw-star-E025-Maze-of-Despair/cap_00-08-36_7f8c.jpg,Outlaw Star Ep 25: Maze of Despair @ 00:08:36,https://animehistory.org/gallery/screencaps/outlaw-star/episode-25/,https://animehistory.org/gallery/screencaps/outlaw-star/episode-25/?page=2,2,2026-10-07T01:50:40.302231+00:00,2382075229e2c6b1f5fa8b5e2904f3129c143f24fb38fd5983c7555c69b3b687,,UNVERIFIED
EP-25,Maze of Despair,00:08:39,519,855381,https://animehistory.org/uploads/screencaps/outlaw-star-E025-Maze-of-Despair/cap_00-08-39_20ea.jpg,Outlaw Star Ep 25: Maze of Despair @ 00:08:39,https://animehistory.org/gallery/screencaps/outlaw-star/episode-25/,https://animehistory.org/gallery/screencaps/outlaw-star/episode-25/?page=2,2,2026-10-07T01:50:40.302231+00:00,2382075229e2c6b1f5fa8b5e2904f3129c143f24fb38fd5983c7555c69b3b687,,UNVERIFIED
EP-25,Maze of Despair,00:08:43,523,855382,https://animehistory.org/uploads/screencaps/outlaw-star-E025-Maze-of-Despair/cap_00-08-43_5527.jpg,Outlaw Star Ep 25: Maze of Despair @ 00:08:43,https://animehistory.org/gallery/screencaps/outlaw-star/episode-25/,https://animehistory.org/gallery/screencaps/outlaw-star/episode-25/?page=2,2,2026-10-07T01:50:40.302231+00:00,2382075229e2c6b1f5fa8b5e2904f3129c143f24fb38fd5983c7555c69b3b687,,UNVERIFIED
EP-25,Maze of Despair,00:08:47,527,855383,https://animehistory.org/uploads/screencaps/outlaw-star-E025-Maze-of-Despair/cap_00-08-47_4222.jpg,Outlaw Star Ep 25: Maze of Despair @ 00:08:47,https://animehistory.org/gallery/screencaps/outlaw-star/episode-25/,https://animehistory.org/gallery/screencaps/outlaw-star/episode-25/?page=2,2,2026-10-07T01:50:40.302231+00:00,2382075229e2c6b1f5fa8b5e2904f3129c143f24fb38fd5983c7555c69b3b687,,UNVERIFIED
EP-25,Maze of Despair,00:08:50,530,855384,https://animehistory.org/uploads/screencaps/outlaw-star-E025-Maze-of-Despair/cap_00-08-50_73a9.jpg,Outlaw Star Ep 25: Maze of Despair @ 00:08:50,https://animehistory.org/gallery/screencaps/outlaw-star/episode-25/,https://animehistory.org/gallery/screencaps/outlaw-star/episode-25/?page=2,2,2026-10-07T01:50:40.302231+00:00,2382075229e2c6b1f5fa8b5e2904f3129c143f24fb38fd5983c7555c69b3b687,,UNVERIFIED
EP-25,Maze of Despair,00:08:54,534,855385,https://animehistory.org/uploads/screencaps/outlaw-star-E025-Maze-of-Despair/cap_00-08-54_1cf2.jpg,Outlaw Star Ep 25: Maze of Despair @ 00:08:54,https://animehistory.org/gallery/screencaps/outlaw-star/episode-25/,https://animehistory.org/gallery/screencaps/outlaw-star/episode-25/?page=2,2,2026-10-07T01:50:40.302231+00:00,2382075229e2c6b1f5fa8b5e2904f3129c143f24fb38fd5983c7555c69b3b687,,UNVERIFIED
EP-25,Maze of Despair,00:08:58,538,855386,https://animehistory.org/uploads/screencaps/outlaw-star-E025-Maze-of-Despair/cap_00-08-58_4652.jpg,Outlaw Star Ep 25: Maze of Despair @ 00:08:58,https://animehistory.org/gallery/screencaps/outlaw-star/episode-25/,https://animehistory.org/gallery/screencaps/outlaw-star/episode-25/?page=2,2,2026-10-07T01:50:40.302231+00:00,2382075229e2c6b1f5fa8b5e2904f3129c143f24fb38fd5983c7555c69b3b687,,UNVERIFIED
EP-25,Maze of Despair,00:09:02,542,855387,https://animehistory.org/uploads/screencaps/outlaw-star-E025-Maze-of-Despair/cap_00-09-02_2a9f.jpg,Outlaw Star Ep 25: Maze of Despair @ 00:09:02,https://animehistory.org/gallery/screencaps/outlaw-star/episode-25/,https://animehistory.org/gallery/screencaps/outlaw-star/episode-25/?page=2,2,2026-10-07T01:50:40.302231+00:00,2382075229e2c6b1f5fa8b5e2904f3129c143f24fb38fd5983c7555c69b3b687,,UNVERIFIED
EP-25,Maze of Despair,00:09:05,545,855388,https://animehistory.org/uploads/screencaps/outlaw-star-E025-Maze-of-Despair/cap_00-09-05_0f27.jpg,Outlaw Star Ep 25: Maze of Despair @ 00:09:05,https://animehistory.org/gallery/screencaps/outlaw-star/episode-25/,https://animehistory.org/gallery/screencaps/outlaw-star/episode-25/?page=2,2,2026-10-07T01:50:40.302231+00:00,2382075229e2c6b1f5fa8b5e2904f3129c143f24fb38fd5983c7555c69b3b687,,UNVERIFIED
EP-25,Maze of Despair,00:09:09,549,855389,https://animehistory.org/uploads/screencaps/outlaw-star-E025-Maze-of-Despair/cap_00-09-09_3740.jpg,Outlaw Star Ep 25: Maze of Despair @ 00:09:09,https://animehistory.org/gallery/screencaps/outlaw-star/episode-25/,https://animehistory.org/gallery/screencaps/outlaw-star/episode-25/?page=2,2,2026-10-07T01:50:40.302231+00:00,2382075229e2c6b1f5fa8b5e2904f3129c143f24fb38fd5983c7555c69b3b687,,UNVERIFIED
EP-25,Maze of Despair,00:09:13,553,855390,https://animehistory.org/uploads/screencaps/outlaw-star-E025-Maze-of-Despair/cap_00-09-13_0ffb.jpg,Outlaw Star Ep 25: Maze of Despair @ 00:09:13,https://animehistory.org/gallery/screencaps/outlaw-star/episode-25/,https://animehistory.org/gallery/screencaps/outlaw-star/episode-25/?page=2,2,2026-10-07T01:50:40.302231+00:00,2382075229e2c6b1f5fa8b5e2904f3129c143f24fb38fd5983c7555c69b3b687,,UNVERIFIED
EP-25,Maze of Despair,00:09:17,557,855391,https://animehistory.org/uploads/screencaps/outlaw-star-E025-Maze-of-Despair/cap_00-09-17_02af.jpg,Outlaw Star Ep 25: Maze of Despair @ 00:09:17,https://animehistory.org/gallery/screencaps/outlaw-star/episode-25/,https://animehistory.org/gallery/screencaps/outlaw-star/episode-25/?page=2,2,2026-10-07T01:50:40.302231+00:00,2382075229e2c6b1f5fa8b5e2904f3129c143f24fb38fd5983c7555c69b3b687,,UNVERIFIED
EP-25,Maze of Despair,00:09:20,560,855392,https://animehistory.org/uploads/screencaps/outlaw-star-E025-Maze-of-Despair/cap_00-09-20_0705.jpg,Outlaw Star Ep 25: Maze of Despair @ 00:09:20,https://animehistory.org/gallery/screencaps/outlaw-star/episode-25/,https://animehistory.org/gallery/screencaps/outlaw-star/episode-25/?page=2,2,2026-10-07T01:50:40.302231+00:00,2382075229e2c6b1f5fa8b5e2904f3129c143f24fb38fd5983c7555c69b3b687,,UNVERIFIED
EP-25,Maze of Despair,00:09:24,564,855393,https://animehistory.org/uploads/screencaps/outlaw-star-E025-Maze-of-Despair/cap_00-09-24_6c1d.jpg,Outlaw Star Ep 25: Maze of Despair @ 00:09:24,https://animehistory.org/gallery/screencaps/outlaw-star/episode-25/,https://animehistory.org/gallery/screencaps/outlaw-star/episode-25/?page=2,2,2026-10-07T01:50:40.302231+00:00,2382075229e2c6b1f5fa8b5e2904f3129c143f24fb38fd5983c7555c69b3b687,,UNVERIFIED
EP-25,Maze of Despair,00:09:28,568,855394,https://animehistory.org/uploads/screencaps/outlaw-star-E025-Maze-of-Despair/cap_00-09-28_6624.jpg,Outlaw Star Ep 25: Maze of Despair @ 00:09:28,https://animehistory.org/gallery/screencaps/outlaw-star/episode-25/,https://animehistory.org/gallery/screencaps/outlaw-star/episode-25/?page=2,2,2026-10-07T01:50:40.302231+00:00,2382075229e2c6b1f5fa8b5e2904f3129c143f24fb38fd5983c7555c69b3b687,,UNVERIFIED
EP-25,Maze of Despair,00:09:31,571,855395,https://animehistory.org/uploads/screencaps/outlaw-star-E025-Maze-of-Despair/cap_00-09-31_7e1b.jpg,Outlaw Star Ep 25: Maze of Despair @ 00:09:31,https://animehistory.org/gallery/screencaps/outlaw-star/episode-25/,https://animehistory.org/gallery/screencaps/outlaw-star/episode-25/?page=2,2,2026-10-07T01:50:40.302231+00:00,2382075229e2c6b1f5fa8b5e2904f3129c143f24fb38fd5983c7555c69b3b687,,UNVERIFIED
EP-25,Maze of Despair,00:09:35,575,855396,https://animehistory.org/uploads/screencaps/outlaw-star-E025-Maze-of-Despair/cap_00-09-35_45f4.jpg,Outlaw Star Ep 25: Maze of Despair @ 00:09:35,https://animehistory.org/gallery/screencaps/outlaw-star/episode-25/,https://animehistory.org/gallery/screencaps/outlaw-star/episode-25/?page=2,2,2026-10-07T01:50:40.302231+00:00,2382075229e2c6b1f5fa8b5e2904f3129c143f24fb38fd5983c7555c69b3b687,,UNVERIFIED
EP-25,Maze of Despair,00:09:39,579,855397,https://animehistory.org/uploads/screencaps/outlaw-star-E025-Maze-of-Despair/cap_00-09-39_071d.jpg,Outlaw Star Ep 25: Maze of Despair @ 00:09:39,https://animehistory.org/gallery/screencaps/outlaw-star/episode-25/,https://animehistory.org/gallery/screencaps/outlaw-star/episode-25/?page=2,2,2026-10-07T01:50:40.302231+00:00,2382075229e2c6b1f5fa8b5e2904f3129c143f24fb38fd5983c7555c69b3b687,,UNVERIFIED
EP-25,Maze of Despair,00:09:43,583,855398,https://animehistory.org/uploads/screencaps/outlaw-star-E025-Maze-of-Despair/cap_00-09-43_120a.jpg,Outlaw Star Ep 25: Maze of Despair @ 00:09:43,https://animehistory.org/gallery/screencaps/outlaw-star/episode-25/,https://animehistory.org/gallery/screencaps/outlaw-star/episode-25/?page=2,2,2026-10-07T01:50:40.302231+00:00,2382075229e2c6b1f5fa8b5e2904f3129c143f24fb38fd5983c7555c69b3b687,,UNVERIFIED
EP-25,Maze of Despair,00:09:46,586,855399,https://animehistory.org/uploads/screencaps/outlaw-star-E025-Maze-of-Despair/cap_00-09-46_50d2.jpg,Outlaw Star Ep 25: Maze of Despair @ 00:09:46,https://animehistory.org/gallery/screencaps/outlaw-star/episode-25/,https://animehistory.org/gallery/screencaps/outlaw-star/episode-25/?page=2,2,2026-10-07T01:50:40.302231+00:00,2382075229e2c6b1f5fa8b5e2904f3129c143f24fb38fd5983c7555c69b3b687,,UNVERIFIED
EP-25,Maze of Despair,00:09:50,590,855400,https://animehistory.org/uploads/screencaps/outlaw-star-E025-Maze-of-Despair/cap_00-09-50_457f.jpg,Outlaw Star Ep 25: Maze of Despair @ 00:09:50,https://animehistory.org/gallery/screencaps/outlaw-star/episode-25/,https://animehistory.org/gallery/screencaps/outlaw-star/episode-25/?page=2,2,2026-10-07T01:50:40.302231+00:00,2382075229e2c6b1f5fa8b5e2904f3129c143f24fb38fd5983c7555c69b3b687,,UNVERIFIED
EP-25,Maze of Despair,00:09:54,594,855401,https://animehistory.org/uploads/screencaps/outlaw-star-E025-Maze-of-Despair/cap_00-09-54_092f.jpg,Outlaw Star Ep 25: Maze of Despair @ 00:09:54,https://animehistory.org/gallery/screencaps/outlaw-star/episode-25/,https://animehistory.org/gallery/screencaps/outlaw-star/episode-25/?page=2,2,2026-10-07T01:50:40.302231+00:00,2382075229e2c6b1f5fa8b5e2904f3129c143f24fb38fd5983c7555c69b3b687,,UNVERIFIED
EP-25,Maze of Despair,00:09:57,597,855402,https://animehistory.org/uploads/screencaps/outlaw-star-E025-Maze-of-Despair/cap_00-09-57_1d46.jpg,Outlaw Star Ep 25: Maze of Despair @ 00:09:57,https://animehistory.org/gallery/screencaps/outlaw-star/episode-25/,https://animehistory.org/gallery/screencaps/outlaw-star/episode-25/?page=2,2,2026-10-07T01:50:40.302231+00:00,2382075229e2c6b1f5fa8b5e2904f3129c143f24fb38fd5983c7555c69b3b687,,UNVERIFIED
EP-25,Maze of Despair,00:10:01,601,855403,https://animehistory.org/uploads/screencaps/outlaw-star-E025-Maze-of-Despair/cap_00-10-01_4f72.jpg,Outlaw Star Ep 25: Maze of Despair @ 00:10:01,https://animehistory.org/gallery/screencaps/outlaw-star/episode-25/,https://animehistory.org/gallery/screencaps/outlaw-star/episode-25/?page=2,2,2026-10-07T01:50:40.302231+00:00,2382075229e2c6b1f5fa8b5e2904f3129c143f24fb38fd5983c7555c69b3b687,,UNVERIFIED
EP-25,Maze of Despair,00:10:05,605,855404,https://animehistory.org/uploads/screencaps/outlaw-star-E025-Maze-of-Despair/cap_00-10-05_50a4.jpg,Outlaw Star Ep 25: Maze of Despair @ 00:10:05,https://animehistory.org/gallery/screencaps/outlaw-star/episode-25/,https://animehistory.org/gallery/screencaps/outlaw-star/episode-25/?page=2,2,2026-10-07T01:50:40.302231+00:00,2382075229e2c6b1f5fa8b5e2904f3129c143f24fb38fd5983c7555c69b3b687,,UNVERIFIED
EP-25,Maze of Despair,00:10:09,609,855405,https://animehistory.org/uploads/screencaps/outlaw-star-E025-Maze-of-Despair/cap_00-10-09_51ac.jpg,Outlaw Star Ep 25: Maze of Despair @ 00:10:09,https://animehistory.org/gallery/screencaps/outlaw-star/episode-25/,https://animehistory.org/gallery/screencaps/outlaw-star/episode-25/?page=2,2,2026-10-07T01:50:40.302231+00:00,2382075229e2c6b1f5fa8b5e2904f3129c143f24fb38fd5983c7555c69b3b687,,UNVERIFIED
EP-25,Maze of Despair,00:10:12,612,855406,https://animehistory.org/uploads/screencaps/outlaw-star-E025-Maze-of-Despair/cap_00-10-12_4706.jpg,Outlaw Star Ep 25: Maze of Despair @ 00:10:12,https://animehistory.org/gallery/screencaps/outlaw-star/episode-25/,https://animehistory.org/gallery/screencaps/outlaw-star/episode-25/?page=2,2,2026-10-07T01:50:40.302231+00:00,2382075229e2c6b1f5fa8b5e2904f3129c143f24fb38fd5983c7555c69b3b687,,UNVERIFIED
EP-25,Maze of Despair,00:10:16,616,855407,https://animehistory.org/uploads/screencaps/outlaw-star-E025-Maze-of-Despair/cap_00-10-16_57fe.jpg,Outlaw Star Ep 25: Maze of Despair @ 00:10:16,https://animehistory.org/gallery/screencaps/outlaw-star/episode-25/,https://animehistory.org/gallery/screencaps/outlaw-star/episode-25/?page=2,2,2026-10-07T01:50:40.302231+00:00,2382075229e2c6b1f5fa8b5e2904f3129c143f24fb38fd5983c7555c69b3b687,,UNVERIFIED
EP-25,Maze of Despair,00:10:20,620,855408,https://animehistory.org/uploads/screencaps/outlaw-star-E025-Maze-of-Despair/cap_00-10-20_5a0a.jpg,Outlaw Star Ep 25: Maze of Despair @ 00:10:20,https://animehistory.org/gallery/screencaps/outlaw-star/episode-25/,https://animehistory.org/gallery/screencaps/outlaw-star/episode-25/?page=2,2,2026-10-07T01:50:40.302231+00:00,2382075229e2c6b1f5fa8b5e2904f3129c143f24fb38fd5983c7555c69b3b687,,UNVERIFIED
EP-25,Maze of Despair,00:10:23,623,855409,https://animehistory.org/uploads/screencaps/outlaw-star-E025-Maze-of-Despair/cap_00-10-23_3757.jpg,Outlaw Star Ep 25: Maze of Despair @ 00:10:23,https://animehistory.org/gallery/screencaps/outlaw-star/episode-25/,https://animehistory.org/gallery/screencaps/outlaw-star/episode-25/?page=2,2,2026-10-07T01:50:40.302231+00:00,2382075229e2c6b1f5fa8b5e2904f3129c143f24fb38fd5983c7555c69b3b687,,UNVERIFIED
EP-25,Maze of Despair,00:10:27,627,855410,https://animehistory.org/uploads/screencaps/outlaw-star-E025-Maze-of-Despair/cap_00-10-27_347a.jpg,Outlaw Star Ep 25: Maze of Despair @ 00:10:27,https://animehistory.org/gallery/screencaps/outlaw-star/episode-25/,https://animehistory.org/gallery/screencaps/outlaw-star/episode-25/?page=2,2,2026-10-07T01:50:40.302231+00:00,2382075229e2c6b1f5fa8b5e2904f3129c143f24fb38fd5983c7555c69b3b687,,UNVERIFIED
EP-25,Maze of Despair,00:10:31,631,855411,https://animehistory.org/uploads/screencaps/outlaw-star-E025-Maze-of-Despair/cap_00-10-31_0a4b.jpg,Outlaw Star Ep 25: Maze of Despair @ 00:10:31,https://animehistory.org/gallery/screencaps/outlaw-star/episode-25/,https://animehistory.org/gallery/screencaps/outlaw-star/episode-25/?page=2,2,2026-10-07T01:50:40.302231+00:00,2382075229e2c6b1f5fa8b5e2904f3129c143f24fb38fd5983c7555c69b3b687,,UNVERIFIED
EP-25,Maze of Despair,00:10:35,635,855412,https://animehistory.org/uploads/screencaps/outlaw-star-E025-Maze-of-Despair/cap_00-10-35_5c12.jpg,Outlaw Star Ep 25: Maze of Despair @ 00:10:35,https://animehistory.org/gallery/screencaps/outlaw-star/episode-25/,https://animehistory.org/gallery/screencaps/outlaw-star/episode-25/?page=2,2,2026-10-07T01:50:40.302231+00:00,2382075229e2c6b1f5fa8b5e2904f3129c143f24fb38fd5983c7555c69b3b687,,UNVERIFIED
EP-25,Maze of Despair,00:10:38,638,855413,https://animehistory.org/uploads/screencaps/outlaw-star-E025-Maze-of-Despair/cap_00-10-38_4334.jpg,Outlaw Star Ep 25: Maze of Despair @ 00:10:38,https://animehistory.org/gallery/screencaps/outlaw-star/episode-25/,https://animehistory.org/gallery/screencaps/outlaw-star/episode-25/?page=2,2,2026-10-07T01:50:40.302231+00:00,2382075229e2c6b1f5fa8b5e2904f3129c143f24fb38fd5983c7555c69b3b687,,UNVERIFIED
EP-25,Maze of Despair,00:10:42,642,855414,https://animehistory.org/uploads/screencaps/outlaw-star-E025-Maze-of-Despair/cap_00-10-42_0f7c.jpg,Outlaw Star Ep 25: Maze of Despair @ 00:10:42,https://animehistory.org/gallery/screencaps/outlaw-star/episode-25/,https://animehistory.org/gallery/screencaps/outlaw-star/episode-25/?page=2,2,2026-10-07T01:50:40.302231+00:00,2382075229e2c6b1f5fa8b5e2904f3129c143f24fb38fd5983c7555c69b3b687,,UNVERIFIED
EP-25,Maze of Despair,00:10:46,646,855415,https://animehistory.org/uploads/screencaps/outlaw-star-E025-Maze-of-Despair/cap_00-10-46_5d32.jpg,Outlaw Star Ep 25: Maze of Despair @ 00:10:46,https://animehistory.org/gallery/screencaps/outlaw-star/episode-25/,https://animehistory.org/gallery/screencaps/outlaw-star/episode-25/?page=2,2,2026-10-07T01:50:40.302231+00:00,2382075229e2c6b1f5fa8b5e2904f3129c143f24fb38fd5983c7555c69b3b687,,UNVERIFIED
EP-25,Maze of Despair,00:10:49,649,855416,https://animehistory.org/uploads/screencaps/outlaw-star-E025-Maze-of-Despair/cap_00-10-49_10f0.jpg,Outlaw Star Ep 25: Maze of Despair @ 00:10:49,https://animehistory.org/gallery/screencaps/outlaw-star/episode-25/,https://animehistory.org/gallery/screencaps/outlaw-star/episode-25/?page=2,2,2026-10-07T01:50:40.302231+00:00,2382075229e2c6b1f5fa8b5e2904f3129c143f24fb38fd5983c7555c69b3b687,,UNVERIFIED
EP-25,Maze of Despair,00:10:53,653,855417,https://animehistory.org/uploads/screencaps/outlaw-star-E025-Maze-of-Despair/cap_00-10-53_2c1e.jpg,Outlaw Star Ep 25: Maze of Despair @ 00:10:53,https://animehistory.org/gallery/screencaps/outlaw-star/episode-25/,https://animehistory.org/gallery/screencaps/outlaw-star/episode-25/?page=2,2,2026-10-07T01:50:40.302231+00:00,2382075229e2c6b1f5fa8b5e2904f3129c143f24fb38fd5983c7555c69b3b687,,UNVERIFIED
EP-25,Maze of Despair,00:10:57,657,855418,https://animehistory.org/uploads/screencaps/outlaw-star-E025-Maze-of-Despair/cap_00-10-57_4554.jpg,Outlaw Star Ep 25: Maze of Despair @ 00:10:57,https://animehistory.org/gallery/screencaps/outlaw-star/episode-25/,https://animehistory.org/gallery/screencaps/outlaw-star/episode-25/?page=2,2,2026-10-07T01:50:40.302231+00:00,2382075229e2c6b1f5fa8b5e2904f3129c143f24fb38fd5983c7555c69b3b687,,UNVERIFIED
EP-25,Maze of Despair,00:11:01,661,855419,https://animehistory.org/uploads/screencaps/outlaw-star-E025-Maze-of-Despair/cap_00-11-01_30a1.jpg,Outlaw Star Ep 25: Maze of Despair @ 00:11:01,https://animehistory.org/gallery/screencaps/outlaw-star/episode-25/,https://animehistory.org/gallery/screencaps/outlaw-star/episode-25/?page=2,2,2026-10-07T01:50:40.302231+00:00,2382075229e2c6b1f5fa8b5e2904f3129c143f24fb38fd5983c7555c69b3b687,,UNVERIFIED
EP-25,Maze of Despair,00:11:04,664,855420,https://animehistory.org/uploads/screencaps/outlaw-star-E025-Maze-of-Despair/cap_00-11-04_3b5a.jpg,Outlaw Star Ep 25: Maze of Despair @ 00:11:04,https://animehistory.org/gallery/screencaps/outlaw-star/episode-25/,https://animehistory.org/gallery/screencaps/outlaw-star/episode-25/?page=2,2,2026-10-07T01:50:40.302231+00:00,2382075229e2c6b1f5fa8b5e2904f3129c143f24fb38fd5983c7555c69b3b687,,UNVERIFIED
EP-25,Maze of Despair,00:11:08,668,855421,https://animehistory.org/uploads/screencaps/outlaw-star-E025-Maze-of-Despair/cap_00-11-08_0fbe.jpg,Outlaw Star Ep 25: Maze of Despair @ 00:11:08,https://animehistory.org/gallery/screencaps/outlaw-star/episode-25/,https://animehistory.org/gallery/screencaps/outlaw-star/episode-25/?page=2,2,2026-10-07T01:50:40.302231+00:00,2382075229e2c6b1f5fa8b5e2904f3129c143f24fb38fd5983c7555c69b3b687,,UNVERIFIED
EP-25,Maze of Despair,00:11:12,672,855422,https://animehistory.org/uploads/screencaps/outlaw-star-E025-Maze-of-Despair/cap_00-11-12_4283.jpg,Outlaw Star Ep 25: Maze of Despair @ 00:11:12,https://animehistory.org/gallery/screencaps/outlaw-star/episode-25/,https://animehistory.org/gallery/screencaps/outlaw-star/episode-25/?page=2,2,2026-10-07T01:50:40.302231+00:00,2382075229e2c6b1f5fa8b5e2904f3129c143f24fb38fd5983c7555c69b3b687,,UNVERIFIED
EP-25,Maze of Despair,00:11:15,675,855423,https://animehistory.org/uploads/screencaps/outlaw-star-E025-Maze-of-Despair/cap_00-11-15_2261.jpg,Outlaw Star Ep 25: Maze of Despair @ 00:11:15,https://animehistory.org/gallery/screencaps/outlaw-star/episode-25/,https://animehistory.org/gallery/screencaps/outlaw-star/episode-25/?page=2,2,2026-10-07T01:50:40.302231+00:00,2382075229e2c6b1f5fa8b5e2904f3129c143f24fb38fd5983c7555c69b3b687,,UNVERIFIED
EP-25,Maze of Despair,00:11:19,679,855424,https://animehistory.org/uploads/screencaps/outlaw-star-E025-Maze-of-Despair/cap_00-11-19_07b7.jpg,Outlaw Star Ep 25: Maze of Despair @ 00:11:19,https://animehistory.org/gallery/screencaps/outlaw-star/episode-25/,https://animehistory.org/gallery/screencaps/outlaw-star/episode-25/?page=2,2,2026-10-07T01:50:40.302231+00:00,2382075229e2c6b1f5fa8b5e2904f3129c143f24fb38fd5983c7555c69b3b687,,UNVERIFIED
EP-25,Maze of Despair,00:11:23,683,855425,https://animehistory.org/uploads/screencaps/outlaw-star-E025-Maze-of-Despair/cap_00-11-23_4ce4.jpg,Outlaw Star Ep 25: Maze of Despair @ 00:11:23,https://animehistory.org/gallery/screencaps/outlaw-star/episode-25/,https://animehistory.org/gallery/screencaps/outlaw-star/episode-25/?page=2,2,2026-10-07T01:50:40.302231+00:00,2382075229e2c6b1f5fa8b5e2904f3129c143f24fb38fd5983c7555c69b3b687,,UNVERIFIED
EP-25,Maze of Despair,00:11:27,687,855426,https://animehistory.org/uploads/screencaps/outlaw-star-E025-Maze-of-Despair/cap_00-11-27_4d88.jpg,Outlaw Star Ep 25: Maze of Despair @ 00:11:27,https://animehistory.org/gallery/screencaps/outlaw-star/episode-25/,https://animehistory.org/gallery/screencaps/outlaw-star/episode-25/?page=2,2,2026-10-07T01:50:40.302231+00:00,2382075229e2c6b1f5fa8b5e2904f3129c143f24fb38fd5983c7555c69b3b687,,UNVERIFIED
EP-25,Maze of Despair,00:11:30,690,855427,https://animehistory.org/uploads/screencaps/outlaw-star-E025-Maze-of-Despair/cap_00-11-30_02ea.jpg,Outlaw Star Ep 25: Maze of Despair @ 00:11:30,https://animehistory.org/gallery/screencaps/outlaw-star/episode-25/,https://animehistory.org/gallery/screencaps/outlaw-star/episode-25/?page=2,2,2026-10-07T01:50:40.302231+00:00,2382075229e2c6b1f5fa8b5e2904f3129c143f24fb38fd5983c7555c69b3b687,,UNVERIFIED
EP-25,Maze of Despair,00:11:34,694,855428,https://animehistory.org/uploads/screencaps/outlaw-star-E025-Maze-of-Despair/cap_00-11-34_652f.jpg,Outlaw Star Ep 25: Maze of Despair @ 00:11:34,https://animehistory.org/gallery/screencaps/outlaw-star/episode-25/,https://animehistory.org/gallery/screencaps/outlaw-star/episode-25/?page=2,2,2026-10-07T01:50:40.302231+00:00,2382075229e2c6b1f5fa8b5e2904f3129c143f24fb38fd5983c7555c69b3b687,,UNVERIFIED
EP-25,Maze of Despair,00:11:38,698,855429,https://animehistory.org/uploads/screencaps/outlaw-star-E025-Maze-of-Despair/cap_00-11-38_2aa0.jpg,Outlaw Star Ep 25: Maze of Despair @ 00:11:38,https://animehistory.org/gallery/screencaps/outlaw-star/episode-25/,https://animehistory.org/gallery/screencaps/outlaw-star/episode-25/?page=2,2,2026-10-07T01:50:40.302231+00:00,2382075229e2c6b1f5fa8b5e2904f3129c143f24fb38fd5983c7555c69b3b687,,UNVERIFIED
EP-25,Maze of Despair,00:11:41,701,855430,https://animehistory.org/uploads/screencaps/outlaw-star-E025-Maze-of-Despair/cap_00-11-41_4828.jpg,Outlaw Star Ep 25: Maze of Despair @ 00:11:41,https://animehistory.org/gallery/screencaps/outlaw-star/episode-25/,https://animehistory.org/gallery/screencaps/outlaw-star/episode-25/?page=2,2,2026-10-07T01:50:40.302231+00:00,2382075229e2c6b1f5fa8b5e2904f3129c143f24fb38fd5983c7555c69b3b687,,UNVERIFIED
EP-25,Maze of Despair,00:11:45,705,855431,https://animehistory.org/uploads/screencaps/outlaw-star-E025-Maze-of-Despair/cap_00-11-45_54f5.jpg,Outlaw Star Ep 25: Maze of Despair @ 00:11:45,https://animehistory.org/gallery/screencaps/outlaw-star/episode-25/,https://animehistory.org/gallery/screencaps/outlaw-star/episode-25/?page=2,2,2026-10-07T01:50:40.302231+00:00,2382075229e2c6b1f5fa8b5e2904f3129c143f24fb38fd5983c7555c69b3b687,,UNVERIFIED
EP-25,Maze of Despair,00:11:49,709,855432,https://animehistory.org/uploads/screencaps/outlaw-star-E025-Maze-of-Despair/cap_00-11-49_6dd6.jpg,Outlaw Star Ep 25: Maze of Despair @ 00:11:49,https://animehistory.org/gallery/screencaps/outlaw-star/episode-25/,https://animehistory.org/gallery/screencaps/outlaw-star/episode-25/?page=2,2,2026-10-07T01:50:40.302231+00:00,2382075229e2c6b1f5fa8b5e2904f3129c143f24fb38fd5983c7555c69b3b687,,UNVERIFIED
EP-25,Maze of Despair,00:11:53,713,855433,https://animehistory.org/uploads/screencaps/outlaw-star-E025-Maze-of-Despair/cap_00-11-53_172e.jpg,Outlaw Star Ep 25: Maze of Despair @ 00:11:53,https://animehistory.org/gallery/screencaps/outlaw-star/episode-25/,https://animehistory.org/gallery/screencaps/outlaw-star/episode-25/?page=2,2,2026-10-07T01:50:40.302231+00:00,2382075229e2c6b1f5fa8b5e2904f3129c143f24fb38fd5983c7555c69b3b687,,UNVERIFIED
EP-25,Maze of Despair,00:11:56,716,855434,https://animehistory.org/uploads/screencaps/outlaw-star-E025-Maze-of-Despair/cap_00-11-56_08cf.jpg,Outlaw Star Ep 25: Maze of Despair @ 00:11:56,https://animehistory.org/gallery/screencaps/outlaw-star/episode-25/,https://animehistory.org/gallery/screencaps/outlaw-star/episode-25/?page=2,2,2026-10-07T01:50:40.302231+00:00,2382075229e2c6b1f5fa8b5e2904f3129c143f24fb38fd5983c7555c69b3b687,,UNVERIFIED
EP-25,Maze of Despair,00:12:00,720,855435,https://animehistory.org/uploads/screencaps/outlaw-star-E025-Maze-of-Despair/cap_00-12-00_3efa.jpg,Outlaw Star Ep 25: Maze of Despair @ 00:12:00,https://animehistory.org/gallery/screencaps/outlaw-star/episode-25/,https://animehistory.org/gallery/screencaps/outlaw-star/episode-25/?page=2,2,2026-10-07T01:50:40.302231+00:00,2382075229e2c6b1f5fa8b5e2904f3129c143f24fb38fd5983c7555c69b3b687,,UNVERIFIED
EP-25,Maze of Despair,00:12:04,724,855436,https://animehistory.org/uploads/screencaps/outlaw-star-E025-Maze-of-Despair/cap_00-12-04_770b.jpg,Outlaw Star Ep 25: Maze of Despair @ 00:12:04,https://animehistory.org/gallery/screencaps/outlaw-star/episode-25/,https://animehistory.org/gallery/screencaps/outlaw-star/episode-25/?page=2,2,2026-10-07T01:50:40.302231+00:00,2382075229e2c6b1f5fa8b5e2904f3129c143f24fb38fd5983c7555c69b3b687,,UNVERIFIED
EP-25,Maze of Despair,00:12:07,727,855437,https://animehistory.org/uploads/screencaps/outlaw-star-E025-Maze-of-Despair/cap_00-12-07_7587.jpg,Outlaw Star Ep 25: Maze of Despair @ 00:12:07,https://animehistory.org/gallery/screencaps/outlaw-star/episode-25/,https://animehistory.org/gallery/screencaps/outlaw-star/episode-25/?page=2,2,2026-10-07T01:50:40.302231+00:00,2382075229e2c6b1f5fa8b5e2904f3129c143f24fb38fd5983c7555c69b3b687,,UNVERIFIED
EP-25,Maze of Despair,00:12:11,731,855438,https://animehistory.org/uploads/screencaps/outlaw-star-E025-Maze-of-Despair/cap_00-12-11_4495.jpg,Outlaw Star Ep 25: Maze of Despair @ 00:12:11,https://animehistory.org/gallery/screencaps/outlaw-star/episode-25/,https://animehistory.org/gallery/screencaps/outlaw-star/episode-25/?page=2,2,2026-10-07T01:50:40.302231+00:00,2382075229e2c6b1f5fa8b5e2904f3129c143f24fb38fd5983c7555c69b3b687,,UNVERIFIED
EP-25,Maze of Despair,00:12:15,735,855439,https://animehistory.org/uploads/screencaps/outlaw-star-E025-Maze-of-Despair/cap_00-12-15_3aaa.jpg,Outlaw Star Ep 25: Maze of Despair @ 00:12:15,https://animehistory.org/gallery/screencaps/outlaw-star/episode-25/,https://animehistory.org/gallery/screencaps/outlaw-star/episode-25/?page=2,2,2026-10-07T01:50:40.302231+00:00,2382075229e2c6b1f5fa8b5e2904f3129c143f24fb38fd5983c7555c69b3b687,,UNVERIFIED
EP-25,Maze of Despair,00:12:19,739,855440,https://animehistory.org/uploads/screencaps/outlaw-star-E025-Maze-of-Despair/cap_00-12-19_2866.jpg,Outlaw Star Ep 25: Maze of Despair @ 00:12:19,https://animehistory.org/gallery/screencaps/outlaw-star/episode-25/,https://animehistory.org/gallery/screencaps/outlaw-star/episode-25/?page=2,2,2026-10-07T01:50:40.302231+00:00,2382075229e2c6b1f5fa8b5e2904f3129c143f24fb38fd5983c7555c69b3b687,,UNVERIFIED
EP-25,Maze of Despair,00:12:22,742,855441,https://animehistory.org/uploads/screencaps/outlaw-star-E025-Maze-of-Despair/cap_00-12-22_10d2.jpg,Outlaw Star Ep 25: Maze of Despair @ 00:12:22,https://animehistory.org/gallery/screencaps/outlaw-star/episode-25/,https://animehistory.org/gallery/screencaps/outlaw-star/episode-25/?page=2,2,2026-10-07T01:50:40.302231+00:00,2382075229e2c6b1f5fa8b5e2904f3129c143f24fb38fd5983c7555c69b3b687,,UNVERIFIED
EP-25,Maze of Despair,00:12:26,746,855442,https://animehistory.org/uploads/screencaps/outlaw-star-E025-Maze-of-Despair/cap_00-12-26_43a9.jpg,Outlaw Star Ep 25: Maze of Despair @ 00:12:26,https://animehistory.org/gallery/screencaps/outlaw-star/episode-25/,https://animehistory.org/gallery/screencaps/outlaw-star/episode-25/?page=2,2,2026-10-07T01:50:40.302231+00:00,2382075229e2c6b1f5fa8b5e2904f3129c143f24fb38fd5983c7555c69b3b687,,UNVERIFIED
EP-25,Maze of Despair,00:12:30,750,855443,https://animehistory.org/uploads/screencaps/outlaw-star-E025-Maze-of-Despair/cap_00-12-30_1885.jpg,Outlaw Star Ep 25: Maze of Despair @ 00:12:30,https://animehistory.org/gallery/screencaps/outlaw-star/episode-25/,https://animehistory.org/gallery/screencaps/outlaw-star/episode-25/?page=2,2,2026-10-07T01:50:40.302231+00:00,2382075229e2c6b1f5fa8b5e2904f3129c143f24fb38fd5983c7555c69b3b687,,UNVERIFIED
EP-25,Maze of Despair,00:12:33,753,855444,https://animehistory.org/uploads/screencaps/outlaw-star-E025-Maze-of-Despair/cap_00-12-33_1f38.jpg,Outlaw Star Ep 25: Maze of Despair @ 00:12:33,https://animehistory.org/gallery/screencaps/outlaw-star/episode-25/,https://animehistory.org/gallery/screencaps/outlaw-star/episode-25/?page=2,2,2026-10-07T01:50:40.302231+00:00,2382075229e2c6b1f5fa8b5e2904f3129c143f24fb38fd5983c7555c69b3b687,,UNVERIFIED
EP-25,Maze of Despair,00:12:37,757,855445,https://animehistory.org/uploads/screencaps/outlaw-star-E025-Maze-of-Despair/cap_00-12-37_192d.jpg,Outlaw Star Ep 25: Maze of Despair @ 00:12:37,https://animehistory.org/gallery/screencaps/outlaw-star/episode-25/,https://animehistory.org/gallery/screencaps/outlaw-star/episode-25/?page=2,2,2026-10-07T01:50:40.302231+00:00,2382075229e2c6b1f5fa8b5e2904f3129c143f24fb38fd5983c7555c69b3b687,,UNVERIFIED
EP-25,Maze of Despair,00:12:41,761,855446,https://animehistory.org/uploads/screencaps/outlaw-star-E025-Maze-of-Despair/cap_00-12-41_4bfd.jpg,Outlaw Star Ep 25: Maze of Despair @ 00:12:41,https://animehistory.org/gallery/screencaps/outlaw-star/episode-25/,https://animehistory.org/gallery/screencaps/outlaw-star/episode-25/?page=2,2,2026-10-07T01:50:40.302231+00:00,2382075229e2c6b1f5fa8b5e2904f3129c143f24fb38fd5983c7555c69b3b687,,UNVERIFIED
EP-25,Maze of Despair,00:12:45,765,855447,https://animehistory.org/uploads/screencaps/outlaw-star-E025-Maze-of-Despair/cap_00-12-45_6979.jpg,Outlaw Star Ep 25: Maze of Despair @ 00:12:45,https://animehistory.org/gallery/screencaps/outlaw-star/episode-25/,https://animehistory.org/gallery/screencaps/outlaw-star/episode-25/?page=2,2,2026-10-07T01:50:40.302231+00:00,2382075229e2c6b1f5fa8b5e2904f3129c143f24fb38fd5983c7555c69b3b687,,UNVERIFIED
EP-25,Maze of Despair,00:12:48,768,855448,https://animehistory.org/uploads/screencaps/outlaw-star-E025-Maze-of-Despair/cap_00-12-48_4cd3.jpg,Outlaw Star Ep 25: Maze of Despair @ 00:12:48,https://animehistory.org/gallery/screencaps/outlaw-star/episode-25/,https://animehistory.org/gallery/screencaps/outlaw-star/episode-25/?page=2,2,2026-10-07T01:50:40.302231+00:00,2382075229e2c6b1f5fa8b5e2904f3129c143f24fb38fd5983c7555c69b3b687,,UNVERIFIED
EP-25,Maze of Despair,00:12:52,772,855449,https://animehistory.org/uploads/screencaps/outlaw-star-E025-Maze-of-Despair/cap_00-12-52_31ee.jpg,Outlaw Star Ep 25: Maze of Despair @ 00:12:52,https://animehistory.org/gallery/screencaps/outlaw-star/episode-25/,https://animehistory.org/gallery/screencaps/outlaw-star/episode-25/?page=2,2,2026-10-07T01:50:40.302231+00:00,2382075229e2c6b1f5fa8b5e2904f3129c143f24fb38fd5983c7555c69b3b687,,UNVERIFIED
EP-25,Maze of Despair,00:12:56,776,855450,https://animehistory.org/uploads/screencaps/outlaw-star-E025-Maze-of-Despair/cap_00-12-56_608b.jpg,Outlaw Star Ep 25: Maze of Despair @ 00:12:56,https://animehistory.org/gallery/screencaps/outlaw-star/episode-25/,https://animehistory.org/gallery/screencaps/outlaw-star/episode-25/?page=2,2,2026-10-07T01:50:40.302231+00:00,2382075229e2c6b1f5fa8b5e2904f3129c143f24fb38fd5983c7555c69b3b687,,UNVERIFIED
EP-25,Maze of Despair,00:12:59,779,855451,https://animehistory.org/uploads/screencaps/outlaw-star-E025-Maze-of-Despair/cap_00-12-59_626b.jpg,Outlaw Star Ep 25: Maze of Despair @ 00:12:59,https://animehistory.org/gallery/screencaps/outlaw-star/episode-25/,https://animehistory.org/gallery/screencaps/outlaw-star/episode-25/?page=2,2,2026-10-07T01:50:40.302231+00:00,2382075229e2c6b1f5fa8b5e2904f3129c143f24fb38fd5983c7555c69b3b687,,UNVERIFIED
EP-25,Maze of Despair,00:13:03,783,855452,https://animehistory.org/uploads/screencaps/outlaw-star-E025-Maze-of-Despair/cap_00-13-03_245d.jpg,Outlaw Star Ep 25: Maze of Despair @ 00:13:03,https://animehistory.org/gallery/screencaps/outlaw-star/episode-25/,https://animehistory.org/gallery/screencaps/outlaw-star/episode-25/?page=2,2,2026-10-07T01:50:40.302231+00:00,2382075229e2c6b1f5fa8b5e2904f3129c143f24fb38fd5983c7555c69b3b687,,UNVERIFIED
EP-25,Maze of Despair,00:13:07,787,855453,https://animehistory.org/uploads/screencaps/outlaw-star-E025-Maze-of-Despair/cap_00-13-07_197b.jpg,Outlaw Star Ep 25: Maze of Despair @ 00:13:07,https://animehistory.org/gallery/screencaps/outlaw-star/episode-25/,https://animehistory.org/gallery/screencaps/outlaw-star/episode-25/?page=2,2,2026-10-07T01:50:40.302231+00:00,2382075229e2c6b1f5fa8b5e2904f3129c143f24fb38fd5983c7555c69b3b687,,UNVERIFIED
EP-25,Maze of Despair,00:13:11,791,855454,https://animehistory.org/uploads/screencaps/outlaw-star-E025-Maze-of-Despair/cap_00-13-11_39b2.jpg,Outlaw Star Ep 25: Maze of Despair @ 00:13:11,https://animehistory.org/gallery/screencaps/outlaw-star/episode-25/,https://animehistory.org/gallery/screencaps/outlaw-star/episode-25/?page=2,2,2026-10-07T01:50:40.302231+00:00,2382075229e2c6b1f5fa8b5e2904f3129c143f24fb38fd5983c7555c69b3b687,,UNVERIFIED
EP-25,Maze of Despair,00:13:14,794,855455,https://animehistory.org/uploads/screencaps/outlaw-star-E025-Maze-of-Despair/cap_00-13-14_0574.jpg,Outlaw Star Ep 25: Maze of Despair @ 00:13:14,https://animehistory.org/gallery/screencaps/outlaw-star/episode-25/,https://animehistory.org/gallery/screencaps/outlaw-star/episode-25/?page=2,2,2026-10-07T01:50:40.302231+00:00,2382075229e2c6b1f5fa8b5e2904f3129c143f24fb38fd5983c7555c69b3b687,,UNVERIFIED
EP-25,Maze of Despair,00:13:18,798,855456,https://animehistory.org/uploads/screencaps/outlaw-star-E025-Maze-of-Despair/cap_00-13-18_058a.jpg,Outlaw Star Ep 25: Maze of Despair @ 00:13:18,https://animehistory.org/gallery/screencaps/outlaw-star/episode-25/,https://animehistory.org/gallery/screencaps/outlaw-star/episode-25/?page=2,2,2026-10-07T01:50:40.302231+00:00,2382075229e2c6b1f5fa8b5e2904f3129c143f24fb38fd5983c7555c69b3b687,,UNVERIFIED
EP-25,Maze of Despair,00:13:22,802,855457,https://animehistory.org/uploads/screencaps/outlaw-star-E025-Maze-of-Despair/cap_00-13-22_2774.jpg,Outlaw Star Ep 25: Maze of Despair @ 00:13:22,https://animehistory.org/gallery/screencaps/outlaw-star/episode-25/,https://animehistory.org/gallery/screencaps/outlaw-star/episode-25/?page=2,2,2026-10-07T01:50:40.302231+00:00,2382075229e2c6b1f5fa8b5e2904f3129c143f24fb38fd5983c7555c69b3b687,,UNVERIFIED
EP-25,Maze of Despair,00:13:25,805,855458,https://animehistory.org/uploads/screencaps/outlaw-star-E025-Maze-of-Despair/cap_00-13-25_21c9.jpg,Outlaw Star Ep 25: Maze of Despair @ 00:13:25,https://animehistory.org/gallery/screencaps/outlaw-star/episode-25/,https://animehistory.org/gallery/screencaps/outlaw-star/episode-25/?page=2,2,2026-10-07T01:50:40.302231+00:00,2382075229e2c6b1f5fa8b5e2904f3129c143f24fb38fd5983c7555c69b3b687,,UNVERIFIED
EP-25,Maze of Despair,00:13:29,809,855459,https://animehistory.org/uploads/screencaps/outlaw-star-E025-Maze-of-Despair/cap_00-13-29_066a.jpg,Outlaw Star Ep 25: Maze of Despair @ 00:13:29,https://animehistory.org/gallery/screencaps/outlaw-star/episode-25/,https://animehistory.org/gallery/screencaps/outlaw-star/episode-25/?page=2,2,2026-10-07T01:50:40.302231+00:00,2382075229e2c6b1f5fa8b5e2904f3129c143f24fb38fd5983c7555c69b3b687,,UNVERIFIED
EP-25,Maze of Despair,00:13:33,813,855460,https://animehistory.org/uploads/screencaps/outlaw-star-E025-Maze-of-Despair/cap_00-13-33_079d.jpg,Outlaw Star Ep 25: Maze of Despair @ 00:13:33,https://animehistory.org/gallery/screencaps/outlaw-star/episode-25/,https://animehistory.org/gallery/screencaps/outlaw-star/episode-25/?page=2,2,2026-10-07T01:50:40.302231+00:00,2382075229e2c6b1f5fa8b5e2904f3129c143f24fb38fd5983c7555c69b3b687,,UNVERIFIED
EP-25,Maze of Despair,00:13:37,817,855461,https://animehistory.org/uploads/screencaps/outlaw-star-E025-Maze-of-Despair/cap_00-13-37_55de.jpg,Outlaw Star Ep 25: Maze of Despair @ 00:13:37,https://animehistory.org/gallery/screencaps/outlaw-star/episode-25/,https://animehistory.org/gallery/screencaps/outlaw-star/episode-25/?page=2,2,2026-10-07T01:50:40.302231+00:00,2382075229e2c6b1f5fa8b5e2904f3129c143f24fb38fd5983c7555c69b3b687,,UNVERIFIED
EP-25,Maze of Despair,00:13:40,820,855462,https://animehistory.org/uploads/screencaps/outlaw-star-E025-Maze-of-Despair/cap_00-13-40_58e2.jpg,Outlaw Star Ep 25: Maze of Despair @ 00:13:40,https://animehistory.org/gallery/screencaps/outlaw-star/episode-25/,https://animehistory.org/gallery/screencaps/outlaw-star/episode-25/?page=2,2,2026-10-07T01:50:40.302231+00:00,2382075229e2c6b1f5fa8b5e2904f3129c143f24fb38fd5983c7555c69b3b687,,UNVERIFIED
EP-25,Maze of Despair,00:13:44,824,855463,https://animehistory.org/uploads/screencaps/outlaw-star-E025-Maze-of-Despair/cap_00-13-44_2113.jpg,Outlaw Star Ep 25: Maze of Despair @ 00:13:44,https://animehistory.org/gallery/screencaps/outlaw-star/episode-25/,https://animehistory.org/gallery/screencaps/outlaw-star/episode-25/?page=2,2,2026-10-07T01:50:40.302231+00:00,2382075229e2c6b1f5fa8b5e2904f3129c143f24fb38fd5983c7555c69b3b687,,UNVERIFIED
EP-25,Maze of Despair,00:13:48,828,855464,https://animehistory.org/uploads/screencaps/outlaw-star-E025-Maze-of-Despair/cap_00-13-48_0279.jpg,Outlaw Star Ep 25: Maze of Despair @ 00:13:48,https://animehistory.org/gallery/screencaps/outlaw-star/episode-25/,https://animehistory.org/gallery/screencaps/outlaw-star/episode-25/?page=2,2,2026-10-07T01:50:40.302231+00:00,2382075229e2c6b1f5fa8b5e2904f3129c143f24fb38fd5983c7555c69b3b687,,UNVERIFIED
EP-25,Maze of Despair,00:13:51,831,855465,https://animehistory.org/uploads/screencaps/outlaw-star-E025-Maze-of-Despair/cap_00-13-51_74c4.jpg,Outlaw Star Ep 25: Maze of Despair @ 00:13:51,https://animehistory.org/gallery/screencaps/outlaw-star/episode-25/,https://animehistory.org/gallery/screencaps/outlaw-star/episode-25/?page=2,2,2026-10-07T01:50:40.302231+00:00,2382075229e2c6b1f5fa8b5e2904f3129c143f24fb38fd5983c7555c69b3b687,,UNVERIFIED
EP-25,Maze of Despair,00:13:55,835,855466,https://animehistory.org/uploads/screencaps/outlaw-star-E025-Maze-of-Despair/cap_00-13-55_0a5a.jpg,Outlaw Star Ep 25: Maze of Despair @ 00:13:55,https://animehistory.org/gallery/screencaps/outlaw-star/episode-25/,https://animehistory.org/gallery/screencaps/outlaw-star/episode-25/?page=2,2,2026-10-07T01:50:40.302231+00:00,2382075229e2c6b1f5fa8b5e2904f3129c143f24fb38fd5983c7555c69b3b687,,UNVERIFIED
EP-25,Maze of Despair,00:13:59,839,855467,https://animehistory.org/uploads/screencaps/outlaw-star-E025-Maze-of-Despair/cap_00-13-59_17ed.jpg,Outlaw Star Ep 25: Maze of Despair @ 00:13:59,https://animehistory.org/gallery/screencaps/outlaw-star/episode-25/,https://animehistory.org/gallery/screencaps/outlaw-star/episode-25/?page=2,2,2026-10-07T01:50:40.302231+00:00,2382075229e2c6b1f5fa8b5e2904f3129c143f24fb38fd5983c7555c69b3b687,,UNVERIFIED
EP-25,Maze of Despair,00:14:03,843,855468,https://animehistory.org/uploads/screencaps/outlaw-star-E025-Maze-of-Despair/cap_00-14-03_52d0.jpg,Outlaw Star Ep 25: Maze of Despair @ 00:14:03,https://animehistory.org/gallery/screencaps/outlaw-star/episode-25/,https://animehistory.org/gallery/screencaps/outlaw-star/episode-25/?page=2,2,2026-10-07T01:50:40.302231+00:00,2382075229e2c6b1f5fa8b5e2904f3129c143f24fb38fd5983c7555c69b3b687,,UNVERIFIED
EP-25,Maze of Despair,00:14:06,846,855469,https://animehistory.org/uploads/screencaps/outlaw-star-E025-Maze-of-Despair/cap_00-14-06_384a.jpg,Outlaw Star Ep 25: Maze of Despair @ 00:14:06,https://animehistory.org/gallery/screencaps/outlaw-star/episode-25/,https://animehistory.org/gallery/screencaps/outlaw-star/episode-25/?page=3,3,2026-10-07T01:50:41.633013+00:00,cee9cd37c863c91e7e86c1a925757e1bc65460207e9f104bcc1da3cea94c0999,,UNVERIFIED
EP-25,Maze of Despair,00:14:10,850,855470,https://animehistory.org/uploads/screencaps/outlaw-star-E025-Maze-of-Despair/cap_00-14-10_38e1.jpg,Outlaw Star Ep 25: Maze of Despair @ 00:14:10,https://animehistory.org/gallery/screencaps/outlaw-star/episode-25/,https://animehistory.org/gallery/screencaps/outlaw-star/episode-25/?page=3,3,2026-10-07T01:50:41.633013+00:00,cee9cd37c863c91e7e86c1a925757e1bc65460207e9f104bcc1da3cea94c0999,,UNVERIFIED
EP-25,Maze of Despair,00:14:14,854,855471,https://animehistory.org/uploads/screencaps/outlaw-star-E025-Maze-of-Despair/cap_00-14-14_2807.jpg,Outlaw Star Ep 25: Maze of Despair @ 00:14:14,https://animehistory.org/gallery/screencaps/outlaw-star/episode-25/,https://animehistory.org/gallery/screencaps/outlaw-star/episode-25/?page=3,3,2026-10-07T01:50:41.633013+00:00,cee9cd37c863c91e7e86c1a925757e1bc65460207e9f104bcc1da3cea94c0999,,UNVERIFIED
EP-25,Maze of Despair,00:14:17,857,855472,https://animehistory.org/uploads/screencaps/outlaw-star-E025-Maze-of-Despair/cap_00-14-17_7928.jpg,Outlaw Star Ep 25: Maze of Despair @ 00:14:17,https://animehistory.org/gallery/screencaps/outlaw-star/episode-25/,https://animehistory.org/gallery/screencaps/outlaw-star/episode-25/?page=3,3,2026-10-07T01:50:41.633013+00:00,cee9cd37c863c91e7e86c1a925757e1bc65460207e9f104bcc1da3cea94c0999,,UNVERIFIED
EP-25,Maze of Despair,00:14:21,861,855473,https://animehistory.org/uploads/screencaps/outlaw-star-E025-Maze-of-Despair/cap_00-14-21_5da0.jpg,Outlaw Star Ep 25: Maze of Despair @ 00:14:21,https://animehistory.org/gallery/screencaps/outlaw-star/episode-25/,https://animehistory.org/gallery/screencaps/outlaw-star/episode-25/?page=3,3,2026-10-07T01:50:41.633013+00:00,cee9cd37c863c91e7e86c1a925757e1bc65460207e9f104bcc1da3cea94c0999,,UNVERIFIED
EP-25,Maze of Despair,00:14:25,865,855474,https://animehistory.org/uploads/screencaps/outlaw-star-E025-Maze-of-Despair/cap_00-14-25_7043.jpg,Outlaw Star Ep 25: Maze of Despair @ 00:14:25,https://animehistory.org/gallery/screencaps/outlaw-star/episode-25/,https://animehistory.org/gallery/screencaps/outlaw-star/episode-25/?page=3,3,2026-10-07T01:50:41.633013+00:00,cee9cd37c863c91e7e86c1a925757e1bc65460207e9f104bcc1da3cea94c0999,,UNVERIFIED
EP-25,Maze of Despair,00:14:29,869,855475,https://animehistory.org/uploads/screencaps/outlaw-star-E025-Maze-of-Despair/cap_00-14-29_52ff.jpg,Outlaw Star Ep 25: Maze of Despair @ 00:14:29,https://animehistory.org/gallery/screencaps/outlaw-star/episode-25/,https://animehistory.org/gallery/screencaps/outlaw-star/episode-25/?page=3,3,2026-10-07T01:50:41.633013+00:00,cee9cd37c863c91e7e86c1a925757e1bc65460207e9f104bcc1da3cea94c0999,,UNVERIFIED
EP-25,Maze of Despair,00:14:32,872,855476,https://animehistory.org/uploads/screencaps/outlaw-star-E025-Maze-of-Despair/cap_00-14-32_1436.jpg,Outlaw Star Ep 25: Maze of Despair @ 00:14:32,https://animehistory.org/gallery/screencaps/outlaw-star/episode-25/,https://animehistory.org/gallery/screencaps/outlaw-star/episode-25/?page=3,3,2026-10-07T01:50:41.633013+00:00,cee9cd37c863c91e7e86c1a925757e1bc65460207e9f104bcc1da3cea94c0999,,UNVERIFIED
EP-25,Maze of Despair,00:14:36,876,855477,https://animehistory.org/uploads/screencaps/outlaw-star-E025-Maze-of-Despair/cap_00-14-36_16de.jpg,Outlaw Star Ep 25: Maze of Despair @ 00:14:36,https://animehistory.org/gallery/screencaps/outlaw-star/episode-25/,https://animehistory.org/gallery/screencaps/outlaw-star/episode-25/?page=3,3,2026-10-07T01:50:41.633013+00:00,cee9cd37c863c91e7e86c1a925757e1bc65460207e9f104bcc1da3cea94c0999,,UNVERIFIED
EP-25,Maze of Despair,00:14:40,880,855478,https://animehistory.org/uploads/screencaps/outlaw-star-E025-Maze-of-Despair/cap_00-14-40_7cbe.jpg,Outlaw Star Ep 25: Maze of Despair @ 00:14:40,https://animehistory.org/gallery/screencaps/outlaw-star/episode-25/,https://animehistory.org/gallery/screencaps/outlaw-star/episode-25/?page=3,3,2026-10-07T01:50:41.633013+00:00,cee9cd37c863c91e7e86c1a925757e1bc65460207e9f104bcc1da3cea94c0999,,UNVERIFIED
EP-25,Maze of Despair,00:14:43,883,855479,https://animehistory.org/uploads/screencaps/outlaw-star-E025-Maze-of-Despair/cap_00-14-43_6b58.jpg,Outlaw Star Ep 25: Maze of Despair @ 00:14:43,https://animehistory.org/gallery/screencaps/outlaw-star/episode-25/,https://animehistory.org/gallery/screencaps/outlaw-star/episode-25/?page=3,3,2026-10-07T01:50:41.633013+00:00,cee9cd37c863c91e7e86c1a925757e1bc65460207e9f104bcc1da3cea94c0999,,UNVERIFIED
EP-25,Maze of Despair,00:14:47,887,855480,https://animehistory.org/uploads/screencaps/outlaw-star-E025-Maze-of-Despair/cap_00-14-47_2681.jpg,Outlaw Star Ep 25: Maze of Despair @ 00:14:47,https://animehistory.org/gallery/screencaps/outlaw-star/episode-25/,https://animehistory.org/gallery/screencaps/outlaw-star/episode-25/?page=3,3,2026-10-07T01:50:41.633013+00:00,cee9cd37c863c91e7e86c1a925757e1bc65460207e9f104bcc1da3cea94c0999,,UNVERIFIED
EP-25,Maze of Despair,00:14:51,891,855481,https://animehistory.org/uploads/screencaps/outlaw-star-E025-Maze-of-Despair/cap_00-14-51_0c2d.jpg,Outlaw Star Ep 25: Maze of Despair @ 00:14:51,https://animehistory.org/gallery/screencaps/outlaw-star/episode-25/,https://animehistory.org/gallery/screencaps/outlaw-star/episode-25/?page=3,3,2026-10-07T01:50:41.633013+00:00,cee9cd37c863c91e7e86c1a925757e1bc65460207e9f104bcc1da3cea94c0999,,UNVERIFIED
EP-25,Maze of Despair,00:14:55,895,855482,https://animehistory.org/uploads/screencaps/outlaw-star-E025-Maze-of-Despair/cap_00-14-55_0796.jpg,Outlaw Star Ep 25: Maze of Despair @ 00:14:55,https://animehistory.org/gallery/screencaps/outlaw-star/episode-25/,https://animehistory.org/gallery/screencaps/outlaw-star/episode-25/?page=3,3,2026-10-07T01:50:41.633013+00:00,cee9cd37c863c91e7e86c1a925757e1bc65460207e9f104bcc1da3cea94c0999,,UNVERIFIED
EP-25,Maze of Despair,00:14:58,898,855483,https://animehistory.org/uploads/screencaps/outlaw-star-E025-Maze-of-Despair/cap_00-14-58_36ef.jpg,Outlaw Star Ep 25: Maze of Despair @ 00:14:58,https://animehistory.org/gallery/screencaps/outlaw-star/episode-25/,https://animehistory.org/gallery/screencaps/outlaw-star/episode-25/?page=3,3,2026-10-07T01:50:41.633013+00:00,cee9cd37c863c91e7e86c1a925757e1bc65460207e9f104bcc1da3cea94c0999,,UNVERIFIED
EP-25,Maze of Despair,00:15:02,902,855484,https://animehistory.org/uploads/screencaps/outlaw-star-E025-Maze-of-Despair/cap_00-15-02_300c.jpg,Outlaw Star Ep 25: Maze of Despair @ 00:15:02,https://animehistory.org/gallery/screencaps/outlaw-star/episode-25/,https://animehistory.org/gallery/screencaps/outlaw-star/episode-25/?page=3,3,2026-10-07T01:50:41.633013+00:00,cee9cd37c863c91e7e86c1a925757e1bc65460207e9f104bcc1da3cea94c0999,,UNVERIFIED
EP-25,Maze of Despair,00:15:06,906,855485,https://animehistory.org/uploads/screencaps/outlaw-star-E025-Maze-of-Despair/cap_00-15-06_5b83.jpg,Outlaw Star Ep 25: Maze of Despair @ 00:15:06,https://animehistory.org/gallery/screencaps/outlaw-star/episode-25/,https://animehistory.org/gallery/screencaps/outlaw-star/episode-25/?page=3,3,2026-10-07T01:50:41.633013+00:00,cee9cd37c863c91e7e86c1a925757e1bc65460207e9f104bcc1da3cea94c0999,,UNVERIFIED
EP-25,Maze of Despair,00:15:09,909,855486,https://animehistory.org/uploads/screencaps/outlaw-star-E025-Maze-of-Despair/cap_00-15-09_72fe.jpg,Outlaw Star Ep 25: Maze of Despair @ 00:15:09,https://animehistory.org/gallery/screencaps/outlaw-star/episode-25/,https://animehistory.org/gallery/screencaps/outlaw-star/episode-25/?page=3,3,2026-10-07T01:50:41.633013+00:00,cee9cd37c863c91e7e86c1a925757e1bc65460207e9f104bcc1da3cea94c0999,,UNVERIFIED
EP-25,Maze of Despair,00:15:13,913,855487,https://animehistory.org/uploads/screencaps/outlaw-star-E025-Maze-of-Despair/cap_00-15-13_4775.jpg,Outlaw Star Ep 25: Maze of Despair @ 00:15:13,https://animehistory.org/gallery/screencaps/outlaw-star/episode-25/,https://animehistory.org/gallery/screencaps/outlaw-star/episode-25/?page=3,3,2026-10-07T01:50:41.633013+00:00,cee9cd37c863c91e7e86c1a925757e1bc65460207e9f104bcc1da3cea94c0999,,UNVERIFIED
EP-25,Maze of Despair,00:15:17,917,855488,https://animehistory.org/uploads/screencaps/outlaw-star-E025-Maze-of-Despair/cap_00-15-17_09c1.jpg,Outlaw Star Ep 25: Maze of Despair @ 00:15:17,https://animehistory.org/gallery/screencaps/outlaw-star/episode-25/,https://animehistory.org/gallery/screencaps/outlaw-star/episode-25/?page=3,3,2026-10-07T01:50:41.633013+00:00,cee9cd37c863c91e7e86c1a925757e1bc65460207e9f104bcc1da3cea94c0999,,UNVERIFIED
EP-25,Maze of Despair,00:15:21,921,855489,https://animehistory.org/uploads/screencaps/outlaw-star-E025-Maze-of-Despair/cap_00-15-21_4f87.jpg,Outlaw Star Ep 25: Maze of Despair @ 00:15:21,https://animehistory.org/gallery/screencaps/outlaw-star/episode-25/,https://animehistory.org/gallery/screencaps/outlaw-star/episode-25/?page=3,3,2026-10-07T01:50:41.633013+00:00,cee9cd37c863c91e7e86c1a925757e1bc65460207e9f104bcc1da3cea94c0999,,UNVERIFIED
EP-25,Maze of Despair,00:15:24,924,855490,https://animehistory.org/uploads/screencaps/outlaw-star-E025-Maze-of-Despair/cap_00-15-24_694a.jpg,Outlaw Star Ep 25: Maze of Despair @ 00:15:24,https://animehistory.org/gallery/screencaps/outlaw-star/episode-25/,https://animehistory.org/gallery/screencaps/outlaw-star/episode-25/?page=3,3,2026-10-07T01:50:41.633013+00:00,cee9cd37c863c91e7e86c1a925757e1bc65460207e9f104bcc1da3cea94c0999,,UNVERIFIED
EP-25,Maze of Despair,00:15:28,928,855491,https://animehistory.org/uploads/screencaps/outlaw-star-E025-Maze-of-Despair/cap_00-15-28_28ec.jpg,Outlaw Star Ep 25: Maze of Despair @ 00:15:28,https://animehistory.org/gallery/screencaps/outlaw-star/episode-25/,https://animehistory.org/gallery/screencaps/outlaw-star/episode-25/?page=3,3,2026-10-07T01:50:41.633013+00:00,cee9cd37c863c91e7e86c1a925757e1bc65460207e9f104bcc1da3cea94c0999,,UNVERIFIED
EP-25,Maze of Despair,00:15:32,932,855492,https://animehistory.org/uploads/screencaps/outlaw-star-E025-Maze-of-Despair/cap_00-15-32_0a6f.jpg,Outlaw Star Ep 25: Maze of Despair @ 00:15:32,https://animehistory.org/gallery/screencaps/outlaw-star/episode-25/,https://animehistory.org/gallery/screencaps/outlaw-star/episode-25/?page=3,3,2026-10-07T01:50:41.633013+00:00,cee9cd37c863c91e7e86c1a925757e1bc65460207e9f104bcc1da3cea94c0999,,UNVERIFIED
EP-25,Maze of Despair,00:15:35,935,855493,https://animehistory.org/uploads/screencaps/outlaw-star-E025-Maze-of-Despair/cap_00-15-35_7f98.jpg,Outlaw Star Ep 25: Maze of Despair @ 00:15:35,https://animehistory.org/gallery/screencaps/outlaw-star/episode-25/,https://animehistory.org/gallery/screencaps/outlaw-star/episode-25/?page=3,3,2026-10-07T01:50:41.633013+00:00,cee9cd37c863c91e7e86c1a925757e1bc65460207e9f104bcc1da3cea94c0999,,UNVERIFIED
EP-25,Maze of Despair,00:15:39,939,855494,https://animehistory.org/uploads/screencaps/outlaw-star-E025-Maze-of-Despair/cap_00-15-39_2205.jpg,Outlaw Star Ep 25: Maze of Despair @ 00:15:39,https://animehistory.org/gallery/screencaps/outlaw-star/episode-25/,https://animehistory.org/gallery/screencaps/outlaw-star/episode-25/?page=3,3,2026-10-07T01:50:41.633013+00:00,cee9cd37c863c91e7e86c1a925757e1bc65460207e9f104bcc1da3cea94c0999,,UNVERIFIED
EP-25,Maze of Despair,00:15:43,943,855495,https://animehistory.org/uploads/screencaps/outlaw-star-E025-Maze-of-Despair/cap_00-15-43_2852.jpg,Outlaw Star Ep 25: Maze of Despair @ 00:15:43,https://animehistory.org/gallery/screencaps/outlaw-star/episode-25/,https://animehistory.org/gallery/screencaps/outlaw-star/episode-25/?page=3,3,2026-10-07T01:50:41.633013+00:00,cee9cd37c863c91e7e86c1a925757e1bc65460207e9f104bcc1da3cea94c0999,,UNVERIFIED
EP-25,Maze of Despair,00:15:47,947,855496,https://animehistory.org/uploads/screencaps/outlaw-star-E025-Maze-of-Despair/cap_00-15-47_5a10.jpg,Outlaw Star Ep 25: Maze of Despair @ 00:15:47,https://animehistory.org/gallery/screencaps/outlaw-star/episode-25/,https://animehistory.org/gallery/screencaps/outlaw-star/episode-25/?page=3,3,2026-10-07T01:50:41.633013+00:00,cee9cd37c863c91e7e86c1a925757e1bc65460207e9f104bcc1da3cea94c0999,,UNVERIFIED
EP-25,Maze of Despair,00:15:50,950,855497,https://animehistory.org/uploads/screencaps/outlaw-star-E025-Maze-of-Despair/cap_00-15-50_2c6b.jpg,Outlaw Star Ep 25: Maze of Despair @ 00:15:50,https://animehistory.org/gallery/screencaps/outlaw-star/episode-25/,https://animehistory.org/gallery/screencaps/outlaw-star/episode-25/?page=3,3,2026-10-07T01:50:41.633013+00:00,cee9cd37c863c91e7e86c1a925757e1bc65460207e9f104bcc1da3cea94c0999,,UNVERIFIED
EP-25,Maze of Despair,00:15:54,954,855498,https://animehistory.org/uploads/screencaps/outlaw-star-E025-Maze-of-Despair/cap_00-15-54_51db.jpg,Outlaw Star Ep 25: Maze of Despair @ 00:15:54,https://animehistory.org/gallery/screencaps/outlaw-star/episode-25/,https://animehistory.org/gallery/screencaps/outlaw-star/episode-25/?page=3,3,2026-10-07T01:50:41.633013+00:00,cee9cd37c863c91e7e86c1a925757e1bc65460207e9f104bcc1da3cea94c0999,,UNVERIFIED
EP-25,Maze of Despair,00:15:58,958,855499,https://animehistory.org/uploads/screencaps/outlaw-star-E025-Maze-of-Despair/cap_00-15-58_2b7f.jpg,Outlaw Star Ep 25: Maze of Despair @ 00:15:58,https://animehistory.org/gallery/screencaps/outlaw-star/episode-25/,https://animehistory.org/gallery/screencaps/outlaw-star/episode-25/?page=3,3,2026-10-07T01:50:41.633013+00:00,cee9cd37c863c91e7e86c1a925757e1bc65460207e9f104bcc1da3cea94c0999,,UNVERIFIED
EP-25,Maze of Despair,00:16:01,961,855500,https://animehistory.org/uploads/screencaps/outlaw-star-E025-Maze-of-Despair/cap_00-16-01_1f3f.jpg,Outlaw Star Ep 25: Maze of Despair @ 00:16:01,https://animehistory.org/gallery/screencaps/outlaw-star/episode-25/,https://animehistory.org/gallery/screencaps/outlaw-star/episode-25/?page=3,3,2026-10-07T01:50:41.633013+00:00,cee9cd37c863c91e7e86c1a925757e1bc65460207e9f104bcc1da3cea94c0999,,UNVERIFIED
EP-25,Maze of Despair,00:16:05,965,855501,https://animehistory.org/uploads/screencaps/outlaw-star-E025-Maze-of-Despair/cap_00-16-05_7896.jpg,Outlaw Star Ep 25: Maze of Despair @ 00:16:05,https://animehistory.org/gallery/screencaps/outlaw-star/episode-25/,https://animehistory.org/gallery/screencaps/outlaw-star/episode-25/?page=3,3,2026-10-07T01:50:41.633013+00:00,cee9cd37c863c91e7e86c1a925757e1bc65460207e9f104bcc1da3cea94c0999,,UNVERIFIED
EP-25,Maze of Despair,00:16:09,969,855502,https://animehistory.org/uploads/screencaps/outlaw-star-E025-Maze-of-Despair/cap_00-16-09_6e39.jpg,Outlaw Star Ep 25: Maze of Despair @ 00:16:09,https://animehistory.org/gallery/screencaps/outlaw-star/episode-25/,https://animehistory.org/gallery/screencaps/outlaw-star/episode-25/?page=3,3,2026-10-07T01:50:41.633013+00:00,cee9cd37c863c91e7e86c1a925757e1bc65460207e9f104bcc1da3cea94c0999,,UNVERIFIED
EP-25,Maze of Despair,00:16:13,973,855503,https://animehistory.org/uploads/screencaps/outlaw-star-E025-Maze-of-Despair/cap_00-16-13_4f21.jpg,Outlaw Star Ep 25: Maze of Despair @ 00:16:13,https://animehistory.org/gallery/screencaps/outlaw-star/episode-25/,https://animehistory.org/gallery/screencaps/outlaw-star/episode-25/?page=3,3,2026-10-07T01:50:41.633013+00:00,cee9cd37c863c91e7e86c1a925757e1bc65460207e9f104bcc1da3cea94c0999,,UNVERIFIED
EP-25,Maze of Despair,00:16:16,976,855504,https://animehistory.org/uploads/screencaps/outlaw-star-E025-Maze-of-Despair/cap_00-16-16_3448.jpg,Outlaw Star Ep 25: Maze of Despair @ 00:16:16,https://animehistory.org/gallery/screencaps/outlaw-star/episode-25/,https://animehistory.org/gallery/screencaps/outlaw-star/episode-25/?page=3,3,2026-10-07T01:50:41.633013+00:00,cee9cd37c863c91e7e86c1a925757e1bc65460207e9f104bcc1da3cea94c0999,,UNVERIFIED
EP-25,Maze of Despair,00:16:20,980,855505,https://animehistory.org/uploads/screencaps/outlaw-star-E025-Maze-of-Despair/cap_00-16-20_7d1e.jpg,Outlaw Star Ep 25: Maze of Despair @ 00:16:20,https://animehistory.org/gallery/screencaps/outlaw-star/episode-25/,https://animehistory.org/gallery/screencaps/outlaw-star/episode-25/?page=3,3,2026-10-07T01:50:41.633013+00:00,cee9cd37c863c91e7e86c1a925757e1bc65460207e9f104bcc1da3cea94c0999,,UNVERIFIED
EP-25,Maze of Despair,00:16:24,984,855506,https://animehistory.org/uploads/screencaps/outlaw-star-E025-Maze-of-Despair/cap_00-16-24_5231.jpg,Outlaw Star Ep 25: Maze of Despair @ 00:16:24,https://animehistory.org/gallery/screencaps/outlaw-star/episode-25/,https://animehistory.org/gallery/screencaps/outlaw-star/episode-25/?page=3,3,2026-10-07T01:50:41.633013+00:00,cee9cd37c863c91e7e86c1a925757e1bc65460207e9f104bcc1da3cea94c0999,,UNVERIFIED
EP-25,Maze of Despair,00:16:28,988,855507,https://animehistory.org/uploads/screencaps/outlaw-star-E025-Maze-of-Despair/cap_00-16-28_0b7a.jpg,Outlaw Star Ep 25: Maze of Despair @ 00:16:28,https://animehistory.org/gallery/screencaps/outlaw-star/episode-25/,https://animehistory.org/gallery/screencaps/outlaw-star/episode-25/?page=3,3,2026-10-07T01:50:41.633013+00:00,cee9cd37c863c91e7e86c1a925757e1bc65460207e9f104bcc1da3cea94c0999,,UNVERIFIED
EP-25,Maze of Despair,00:16:31,991,855508,https://animehistory.org/uploads/screencaps/outlaw-star-E025-Maze-of-Despair/cap_00-16-31_0436.jpg,Outlaw Star Ep 25: Maze of Despair @ 00:16:31,https://animehistory.org/gallery/screencaps/outlaw-star/episode-25/,https://animehistory.org/gallery/screencaps/outlaw-star/episode-25/?page=3,3,2026-10-07T01:50:41.633013+00:00,cee9cd37c863c91e7e86c1a925757e1bc65460207e9f104bcc1da3cea94c0999,,UNVERIFIED
EP-25,Maze of Despair,00:16:35,995,855509,https://animehistory.org/uploads/screencaps/outlaw-star-E025-Maze-of-Despair/cap_00-16-35_6583.jpg,Outlaw Star Ep 25: Maze of Despair @ 00:16:35,https://animehistory.org/gallery/screencaps/outlaw-star/episode-25/,https://animehistory.org/gallery/screencaps/outlaw-star/episode-25/?page=3,3,2026-10-07T01:50:41.633013+00:00,cee9cd37c863c91e7e86c1a925757e1bc65460207e9f104bcc1da3cea94c0999,,UNVERIFIED
EP-25,Maze of Despair,00:16:39,999,855510,https://animehistory.org/uploads/screencaps/outlaw-star-E025-Maze-of-Despair/cap_00-16-39_6278.jpg,Outlaw Star Ep 25: Maze of Despair @ 00:16:39,https://animehistory.org/gallery/screencaps/outlaw-star/episode-25/,https://animehistory.org/gallery/screencaps/outlaw-star/episode-25/?page=3,3,2026-10-07T01:50:41.633013+00:00,cee9cd37c863c91e7e86c1a925757e1bc65460207e9f104bcc1da3cea94c0999,,UNVERIFIED
EP-25,Maze of Despair,00:16:42,1002,855511,https://animehistory.org/uploads/screencaps/outlaw-star-E025-Maze-of-Despair/cap_00-16-42_1f26.jpg,Outlaw Star Ep 25: Maze of Despair @ 00:16:42,https://animehistory.org/gallery/screencaps/outlaw-star/episode-25/,https://animehistory.org/gallery/screencaps/outlaw-star/episode-25/?page=3,3,2026-10-07T01:50:41.633013+00:00,cee9cd37c863c91e7e86c1a925757e1bc65460207e9f104bcc1da3cea94c0999,,UNVERIFIED
EP-25,Maze of Despair,00:16:46,1006,855512,https://animehistory.org/uploads/screencaps/outlaw-star-E025-Maze-of-Despair/cap_00-16-46_67fd.jpg,Outlaw Star Ep 25: Maze of Despair @ 00:16:46,https://animehistory.org/gallery/screencaps/outlaw-star/episode-25/,https://animehistory.org/gallery/screencaps/outlaw-star/episode-25/?page=3,3,2026-10-07T01:50:41.633013+00:00,cee9cd37c863c91e7e86c1a925757e1bc65460207e9f104bcc1da3cea94c0999,,UNVERIFIED
EP-25,Maze of Despair,00:16:50,1010,855513,https://animehistory.org/uploads/screencaps/outlaw-star-E025-Maze-of-Despair/cap_00-16-50_5cf2.jpg,Outlaw Star Ep 25: Maze of Despair @ 00:16:50,https://animehistory.org/gallery/screencaps/outlaw-star/episode-25/,https://animehistory.org/gallery/screencaps/outlaw-star/episode-25/?page=3,3,2026-10-07T01:50:41.633013+00:00,cee9cd37c863c91e7e86c1a925757e1bc65460207e9f104bcc1da3cea94c0999,,UNVERIFIED
EP-25,Maze of Despair,00:16:54,1014,855514,https://animehistory.org/uploads/screencaps/outlaw-star-E025-Maze-of-Despair/cap_00-16-54_72aa.jpg,Outlaw Star Ep 25: Maze of Despair @ 00:16:54,https://animehistory.org/gallery/screencaps/outlaw-star/episode-25/,https://animehistory.org/gallery/screencaps/outlaw-star/episode-25/?page=3,3,2026-10-07T01:50:41.633013+00:00,cee9cd37c863c91e7e86c1a925757e1bc65460207e9f104bcc1da3cea94c0999,,UNVERIFIED
EP-25,Maze of Despair,00:16:57,1017,855515,https://animehistory.org/uploads/screencaps/outlaw-star-E025-Maze-of-Despair/cap_00-16-57_1856.jpg,Outlaw Star Ep 25: Maze of Despair @ 00:16:57,https://animehistory.org/gallery/screencaps/outlaw-star/episode-25/,https://animehistory.org/gallery/screencaps/outlaw-star/episode-25/?page=3,3,2026-10-07T01:50:41.633013+00:00,cee9cd37c863c91e7e86c1a925757e1bc65460207e9f104bcc1da3cea94c0999,,UNVERIFIED
EP-25,Maze of Despair,00:17:01,1021,855516,https://animehistory.org/uploads/screencaps/outlaw-star-E025-Maze-of-Despair/cap_00-17-01_18a2.jpg,Outlaw Star Ep 25: Maze of Despair @ 00:17:01,https://animehistory.org/gallery/screencaps/outlaw-star/episode-25/,https://animehistory.org/gallery/screencaps/outlaw-star/episode-25/?page=3,3,2026-10-07T01:50:41.633013+00:00,cee9cd37c863c91e7e86c1a925757e1bc65460207e9f104bcc1da3cea94c0999,,UNVERIFIED
EP-25,Maze of Despair,00:17:05,1025,855517,https://animehistory.org/uploads/screencaps/outlaw-star-E025-Maze-of-Despair/cap_00-17-05_0b78.jpg,Outlaw Star Ep 25: Maze of Despair @ 00:17:05,https://animehistory.org/gallery/screencaps/outlaw-star/episode-25/,https://animehistory.org/gallery/screencaps/outlaw-star/episode-25/?page=3,3,2026-10-07T01:50:41.633013+00:00,cee9cd37c863c91e7e86c1a925757e1bc65460207e9f104bcc1da3cea94c0999,,UNVERIFIED
EP-25,Maze of Despair,00:17:08,1028,855518,https://animehistory.org/uploads/screencaps/outlaw-star-E025-Maze-of-Despair/cap_00-17-08_7af8.jpg,Outlaw Star Ep 25: Maze of Despair @ 00:17:08,https://animehistory.org/gallery/screencaps/outlaw-star/episode-25/,https://animehistory.org/gallery/screencaps/outlaw-star/episode-25/?page=3,3,2026-10-07T01:50:41.633013+00:00,cee9cd37c863c91e7e86c1a925757e1bc65460207e9f104bcc1da3cea94c0999,,UNVERIFIED
EP-25,Maze of Despair,00:17:12,1032,855519,https://animehistory.org/uploads/screencaps/outlaw-star-E025-Maze-of-Despair/cap_00-17-12_18ee.jpg,Outlaw Star Ep 25: Maze of Despair @ 00:17:12,https://animehistory.org/gallery/screencaps/outlaw-star/episode-25/,https://animehistory.org/gallery/screencaps/outlaw-star/episode-25/?page=3,3,2026-10-07T01:50:41.633013+00:00,cee9cd37c863c91e7e86c1a925757e1bc65460207e9f104bcc1da3cea94c0999,,UNVERIFIED
EP-25,Maze of Despair,00:17:16,1036,855520,https://animehistory.org/uploads/screencaps/outlaw-star-E025-Maze-of-Despair/cap_00-17-16_3a09.jpg,Outlaw Star Ep 25: Maze of Despair @ 00:17:16,https://animehistory.org/gallery/screencaps/outlaw-star/episode-25/,https://animehistory.org/gallery/screencaps/outlaw-star/episode-25/?page=3,3,2026-10-07T01:50:41.633013+00:00,cee9cd37c863c91e7e86c1a925757e1bc65460207e9f104bcc1da3cea94c0999,,UNVERIFIED
EP-25,Maze of Despair,00:17:20,1040,855521,https://animehistory.org/uploads/screencaps/outlaw-star-E025-Maze-of-Despair/cap_00-17-20_7ed9.jpg,Outlaw Star Ep 25: Maze of Despair @ 00:17:20,https://animehistory.org/gallery/screencaps/outlaw-star/episode-25/,https://animehistory.org/gallery/screencaps/outlaw-star/episode-25/?page=3,3,2026-10-07T01:50:41.633013+00:00,cee9cd37c863c91e7e86c1a925757e1bc65460207e9f104bcc1da3cea94c0999,,UNVERIFIED
EP-25,Maze of Despair,00:17:23,1043,855522,https://animehistory.org/uploads/screencaps/outlaw-star-E025-Maze-of-Despair/cap_00-17-23_1036.jpg,Outlaw Star Ep 25: Maze of Despair @ 00:17:23,https://animehistory.org/gallery/screencaps/outlaw-star/episode-25/,https://animehistory.org/gallery/screencaps/outlaw-star/episode-25/?page=3,3,2026-10-07T01:50:41.633013+00:00,cee9cd37c863c91e7e86c1a925757e1bc65460207e9f104bcc1da3cea94c0999,,UNVERIFIED
EP-25,Maze of Despair,00:17:27,1047,855523,https://animehistory.org/uploads/screencaps/outlaw-star-E025-Maze-of-Despair/cap_00-17-27_01c2.jpg,Outlaw Star Ep 25: Maze of Despair @ 00:17:27,https://animehistory.org/gallery/screencaps/outlaw-star/episode-25/,https://animehistory.org/gallery/screencaps/outlaw-star/episode-25/?page=3,3,2026-10-07T01:50:41.633013+00:00,cee9cd37c863c91e7e86c1a925757e1bc65460207e9f104bcc1da3cea94c0999,,UNVERIFIED
EP-25,Maze of Despair,00:17:31,1051,855524,https://animehistory.org/uploads/screencaps/outlaw-star-E025-Maze-of-Despair/cap_00-17-31_3e55.jpg,Outlaw Star Ep 25: Maze of Despair @ 00:17:31,https://animehistory.org/gallery/screencaps/outlaw-star/episode-25/,https://animehistory.org/gallery/screencaps/outlaw-star/episode-25/?page=3,3,2026-10-07T01:50:41.633013+00:00,cee9cd37c863c91e7e86c1a925757e1bc65460207e9f104bcc1da3cea94c0999,,UNVERIFIED
EP-25,Maze of Despair,00:17:34,1054,855525,https://animehistory.org/uploads/screencaps/outlaw-star-E025-Maze-of-Despair/cap_00-17-34_6890.jpg,Outlaw Star Ep 25: Maze of Despair @ 00:17:34,https://animehistory.org/gallery/screencaps/outlaw-star/episode-25/,https://animehistory.org/gallery/screencaps/outlaw-star/episode-25/?page=3,3,2026-10-07T01:50:41.633013+00:00,cee9cd37c863c91e7e86c1a925757e1bc65460207e9f104bcc1da3cea94c0999,,UNVERIFIED
EP-25,Maze of Despair,00:17:38,1058,855526,https://animehistory.org/uploads/screencaps/outlaw-star-E025-Maze-of-Despair/cap_00-17-38_65db.jpg,Outlaw Star Ep 25: Maze of Despair @ 00:17:38,https://animehistory.org/gallery/screencaps/outlaw-star/episode-25/,https://animehistory.org/gallery/screencaps/outlaw-star/episode-25/?page=3,3,2026-10-07T01:50:41.633013+00:00,cee9cd37c863c91e7e86c1a925757e1bc65460207e9f104bcc1da3cea94c0999,,UNVERIFIED
EP-25,Maze of Despair,00:17:42,1062,855527,https://animehistory.org/uploads/screencaps/outlaw-star-E025-Maze-of-Despair/cap_00-17-42_578e.jpg,Outlaw Star Ep 25: Maze of Despair @ 00:17:42,https://animehistory.org/gallery/screencaps/outlaw-star/episode-25/,https://animehistory.org/gallery/screencaps/outlaw-star/episode-25/?page=3,3,2026-10-07T01:50:41.633013+00:00,cee9cd37c863c91e7e86c1a925757e1bc65460207e9f104bcc1da3cea94c0999,,UNVERIFIED
EP-25,Maze of Despair,00:17:46,1066,855528,https://animehistory.org/uploads/screencaps/outlaw-star-E025-Maze-of-Despair/cap_00-17-46_252f.jpg,Outlaw Star Ep 25: Maze of Despair @ 00:17:46,https://animehistory.org/gallery/screencaps/outlaw-star/episode-25/,https://animehistory.org/gallery/screencaps/outlaw-star/episode-25/?page=3,3,2026-10-07T01:50:41.633013+00:00,cee9cd37c863c91e7e86c1a925757e1bc65460207e9f104bcc1da3cea94c0999,,UNVERIFIED
EP-25,Maze of Despair,00:17:49,1069,855529,https://animehistory.org/uploads/screencaps/outlaw-star-E025-Maze-of-Despair/cap_00-17-49_724e.jpg,Outlaw Star Ep 25: Maze of Despair @ 00:17:49,https://animehistory.org/gallery/screencaps/outlaw-star/episode-25/,https://animehistory.org/gallery/screencaps/outlaw-star/episode-25/?page=3,3,2026-10-07T01:50:41.633013+00:00,cee9cd37c863c91e7e86c1a925757e1bc65460207e9f104bcc1da3cea94c0999,,UNVERIFIED
EP-25,Maze of Despair,00:17:53,1073,855530,https://animehistory.org/uploads/screencaps/outlaw-star-E025-Maze-of-Despair/cap_00-17-53_6f69.jpg,Outlaw Star Ep 25: Maze of Despair @ 00:17:53,https://animehistory.org/gallery/screencaps/outlaw-star/episode-25/,https://animehistory.org/gallery/screencaps/outlaw-star/episode-25/?page=3,3,2026-10-07T01:50:41.633013+00:00,cee9cd37c863c91e7e86c1a925757e1bc65460207e9f104bcc1da3cea94c0999,,UNVERIFIED
EP-25,Maze of Despair,00:17:57,1077,855531,https://animehistory.org/uploads/screencaps/outlaw-star-E025-Maze-of-Despair/cap_00-17-57_7f34.jpg,Outlaw Star Ep 25: Maze of Despair @ 00:17:57,https://animehistory.org/gallery/screencaps/outlaw-star/episode-25/,https://animehistory.org/gallery/screencaps/outlaw-star/episode-25/?page=3,3,2026-10-07T01:50:41.633013+00:00,cee9cd37c863c91e7e86c1a925757e1bc65460207e9f104bcc1da3cea94c0999,,UNVERIFIED
EP-25,Maze of Despair,00:18:00,1080,855532,https://animehistory.org/uploads/screencaps/outlaw-star-E025-Maze-of-Despair/cap_00-18-00_5ab5.jpg,Outlaw Star Ep 25: Maze of Despair @ 00:18:00,https://animehistory.org/gallery/screencaps/outlaw-star/episode-25/,https://animehistory.org/gallery/screencaps/outlaw-star/episode-25/?page=3,3,2026-10-07T01:50:41.633013+00:00,cee9cd37c863c91e7e86c1a925757e1bc65460207e9f104bcc1da3cea94c0999,,UNVERIFIED
EP-25,Maze of Despair,00:18:04,1084,855533,https://animehistory.org/uploads/screencaps/outlaw-star-E025-Maze-of-Despair/cap_00-18-04_31c0.jpg,Outlaw Star Ep 25: Maze of Despair @ 00:18:04,https://animehistory.org/gallery/screencaps/outlaw-star/episode-25/,https://animehistory.org/gallery/screencaps/outlaw-star/episode-25/?page=3,3,2026-10-07T01:50:41.633013+00:00,cee9cd37c863c91e7e86c1a925757e1bc65460207e9f104bcc1da3cea94c0999,,UNVERIFIED
EP-25,Maze of Despair,00:18:08,1088,855534,https://animehistory.org/uploads/screencaps/outlaw-star-E025-Maze-of-Despair/cap_00-18-08_53ae.jpg,Outlaw Star Ep 25: Maze of Despair @ 00:18:08,https://animehistory.org/gallery/screencaps/outlaw-star/episode-25/,https://animehistory.org/gallery/screencaps/outlaw-star/episode-25/?page=3,3,2026-10-07T01:50:41.633013+00:00,cee9cd37c863c91e7e86c1a925757e1bc65460207e9f104bcc1da3cea94c0999,,UNVERIFIED
EP-25,Maze of Despair,00:18:12,1092,855535,https://animehistory.org/uploads/screencaps/outlaw-star-E025-Maze-of-Despair/cap_00-18-12_2f86.jpg,Outlaw Star Ep 25: Maze of Despair @ 00:18:12,https://animehistory.org/gallery/screencaps/outlaw-star/episode-25/,https://animehistory.org/gallery/screencaps/outlaw-star/episode-25/?page=3,3,2026-10-07T01:50:41.633013+00:00,cee9cd37c863c91e7e86c1a925757e1bc65460207e9f104bcc1da3cea94c0999,,UNVERIFIED
EP-25,Maze of Despair,00:18:15,1095,855536,https://animehistory.org/uploads/screencaps/outlaw-star-E025-Maze-of-Despair/cap_00-18-15_06e2.jpg,Outlaw Star Ep 25: Maze of Despair @ 00:18:15,https://animehistory.org/gallery/screencaps/outlaw-star/episode-25/,https://animehistory.org/gallery/screencaps/outlaw-star/episode-25/?page=3,3,2026-10-07T01:50:41.633013+00:00,cee9cd37c863c91e7e86c1a925757e1bc65460207e9f104bcc1da3cea94c0999,,UNVERIFIED
EP-25,Maze of Despair,00:18:19,1099,855537,https://animehistory.org/uploads/screencaps/outlaw-star-E025-Maze-of-Despair/cap_00-18-19_1758.jpg,Outlaw Star Ep 25: Maze of Despair @ 00:18:19,https://animehistory.org/gallery/screencaps/outlaw-star/episode-25/,https://animehistory.org/gallery/screencaps/outlaw-star/episode-25/?page=3,3,2026-10-07T01:50:41.633013+00:00,cee9cd37c863c91e7e86c1a925757e1bc65460207e9f104bcc1da3cea94c0999,,UNVERIFIED
EP-25,Maze of Despair,00:18:23,1103,855538,https://animehistory.org/uploads/screencaps/outlaw-star-E025-Maze-of-Despair/cap_00-18-23_5b9f.jpg,Outlaw Star Ep 25: Maze of Despair @ 00:18:23,https://animehistory.org/gallery/screencaps/outlaw-star/episode-25/,https://animehistory.org/gallery/screencaps/outlaw-star/episode-25/?page=3,3,2026-10-07T01:50:41.633013+00:00,cee9cd37c863c91e7e86c1a925757e1bc65460207e9f104bcc1da3cea94c0999,,UNVERIFIED
EP-25,Maze of Despair,00:18:26,1106,855539,https://animehistory.org/uploads/screencaps/outlaw-star-E025-Maze-of-Despair/cap_00-18-26_354f.jpg,Outlaw Star Ep 25: Maze of Despair @ 00:18:26,https://animehistory.org/gallery/screencaps/outlaw-star/episode-25/,https://animehistory.org/gallery/screencaps/outlaw-star/episode-25/?page=3,3,2026-10-07T01:50:41.633013+00:00,cee9cd37c863c91e7e86c1a925757e1bc65460207e9f104bcc1da3cea94c0999,,UNVERIFIED
EP-25,Maze of Despair,00:18:30,1110,855540,https://animehistory.org/uploads/screencaps/outlaw-star-E025-Maze-of-Despair/cap_00-18-30_618a.jpg,Outlaw Star Ep 25: Maze of Despair @ 00:18:30,https://animehistory.org/gallery/screencaps/outlaw-star/episode-25/,https://animehistory.org/gallery/screencaps/outlaw-star/episode-25/?page=3,3,2026-10-07T01:50:41.633013+00:00,cee9cd37c863c91e7e86c1a925757e1bc65460207e9f104bcc1da3cea94c0999,,UNVERIFIED
EP-25,Maze of Despair,00:18:34,1114,855541,https://animehistory.org/uploads/screencaps/outlaw-star-E025-Maze-of-Despair/cap_00-18-34_5ad5.jpg,Outlaw Star Ep 25: Maze of Despair @ 00:18:34,https://animehistory.org/gallery/screencaps/outlaw-star/episode-25/,https://animehistory.org/gallery/screencaps/outlaw-star/episode-25/?page=3,3,2026-10-07T01:50:41.633013+00:00,cee9cd37c863c91e7e86c1a925757e1bc65460207e9f104bcc1da3cea94c0999,,UNVERIFIED
EP-25,Maze of Despair,00:18:38,1118,855542,https://animehistory.org/uploads/screencaps/outlaw-star-E025-Maze-of-Despair/cap_00-18-38_7956.jpg,Outlaw Star Ep 25: Maze of Despair @ 00:18:38,https://animehistory.org/gallery/screencaps/outlaw-star/episode-25/,https://animehistory.org/gallery/screencaps/outlaw-star/episode-25/?page=3,3,2026-10-07T01:50:41.633013+00:00,cee9cd37c863c91e7e86c1a925757e1bc65460207e9f104bcc1da3cea94c0999,,UNVERIFIED
EP-25,Maze of Despair,00:18:41,1121,855543,https://animehistory.org/uploads/screencaps/outlaw-star-E025-Maze-of-Despair/cap_00-18-41_1cde.jpg,Outlaw Star Ep 25: Maze of Despair @ 00:18:41,https://animehistory.org/gallery/screencaps/outlaw-star/episode-25/,https://animehistory.org/gallery/screencaps/outlaw-star/episode-25/?page=3,3,2026-10-07T01:50:41.633013+00:00,cee9cd37c863c91e7e86c1a925757e1bc65460207e9f104bcc1da3cea94c0999,,UNVERIFIED
EP-25,Maze of Despair,00:18:45,1125,855544,https://animehistory.org/uploads/screencaps/outlaw-star-E025-Maze-of-Despair/cap_00-18-45_5f81.jpg,Outlaw Star Ep 25: Maze of Despair @ 00:18:45,https://animehistory.org/gallery/screencaps/outlaw-star/episode-25/,https://animehistory.org/gallery/screencaps/outlaw-star/episode-25/?page=3,3,2026-10-07T01:50:41.633013+00:00,cee9cd37c863c91e7e86c1a925757e1bc65460207e9f104bcc1da3cea94c0999,,UNVERIFIED
EP-25,Maze of Despair,00:18:49,1129,855545,https://animehistory.org/uploads/screencaps/outlaw-star-E025-Maze-of-Despair/cap_00-18-49_0d42.jpg,Outlaw Star Ep 25: Maze of Despair @ 00:18:49,https://animehistory.org/gallery/screencaps/outlaw-star/episode-25/,https://animehistory.org/gallery/screencaps/outlaw-star/episode-25/?page=3,3,2026-10-07T01:50:41.633013+00:00,cee9cd37c863c91e7e86c1a925757e1bc65460207e9f104bcc1da3cea94c0999,,UNVERIFIED
EP-25,Maze of Despair,00:18:52,1132,855546,https://animehistory.org/uploads/screencaps/outlaw-star-E025-Maze-of-Despair/cap_00-18-52_42b1.jpg,Outlaw Star Ep 25: Maze of Despair @ 00:18:52,https://animehistory.org/gallery/screencaps/outlaw-star/episode-25/,https://animehistory.org/gallery/screencaps/outlaw-star/episode-25/?page=3,3,2026-10-07T01:50:41.633013+00:00,cee9cd37c863c91e7e86c1a925757e1bc65460207e9f104bcc1da3cea94c0999,,UNVERIFIED
EP-25,Maze of Despair,00:18:56,1136,855547,https://animehistory.org/uploads/screencaps/outlaw-star-E025-Maze-of-Despair/cap_00-18-56_45ab.jpg,Outlaw Star Ep 25: Maze of Despair @ 00:18:56,https://animehistory.org/gallery/screencaps/outlaw-star/episode-25/,https://animehistory.org/gallery/screencaps/outlaw-star/episode-25/?page=3,3,2026-10-07T01:50:41.633013+00:00,cee9cd37c863c91e7e86c1a925757e1bc65460207e9f104bcc1da3cea94c0999,,UNVERIFIED
EP-25,Maze of Despair,00:19:00,1140,855548,https://animehistory.org/uploads/screencaps/outlaw-star-E025-Maze-of-Despair/cap_00-19-00_4f90.jpg,Outlaw Star Ep 25: Maze of Despair @ 00:19:00,https://animehistory.org/gallery/screencaps/outlaw-star/episode-25/,https://animehistory.org/gallery/screencaps/outlaw-star/episode-25/?page=3,3,2026-10-07T01:50:41.633013+00:00,cee9cd37c863c91e7e86c1a925757e1bc65460207e9f104bcc1da3cea94c0999,,UNVERIFIED
EP-25,Maze of Despair,00:19:04,1144,855549,https://animehistory.org/uploads/screencaps/outlaw-star-E025-Maze-of-Despair/cap_00-19-04_7b7b.jpg,Outlaw Star Ep 25: Maze of Despair @ 00:19:04,https://animehistory.org/gallery/screencaps/outlaw-star/episode-25/,https://animehistory.org/gallery/screencaps/outlaw-star/episode-25/?page=3,3,2026-10-07T01:50:41.633013+00:00,cee9cd37c863c91e7e86c1a925757e1bc65460207e9f104bcc1da3cea94c0999,,UNVERIFIED
EP-25,Maze of Despair,00:19:07,1147,855550,https://animehistory.org/uploads/screencaps/outlaw-star-E025-Maze-of-Despair/cap_00-19-07_0bed.jpg,Outlaw Star Ep 25: Maze of Despair @ 00:19:07,https://animehistory.org/gallery/screencaps/outlaw-star/episode-25/,https://animehistory.org/gallery/screencaps/outlaw-star/episode-25/?page=3,3,2026-10-07T01:50:41.633013+00:00,cee9cd37c863c91e7e86c1a925757e1bc65460207e9f104bcc1da3cea94c0999,,UNVERIFIED
EP-25,Maze of Despair,00:19:11,1151,855551,https://animehistory.org/uploads/screencaps/outlaw-star-E025-Maze-of-Despair/cap_00-19-11_16a5.jpg,Outlaw Star Ep 25: Maze of Despair @ 00:19:11,https://animehistory.org/gallery/screencaps/outlaw-star/episode-25/,https://animehistory.org/gallery/screencaps/outlaw-star/episode-25/?page=3,3,2026-10-07T01:50:41.633013+00:00,cee9cd37c863c91e7e86c1a925757e1bc65460207e9f104bcc1da3cea94c0999,,UNVERIFIED
EP-25,Maze of Despair,00:19:15,1155,855552,https://animehistory.org/uploads/screencaps/outlaw-star-E025-Maze-of-Despair/cap_00-19-15_1da7.jpg,Outlaw Star Ep 25: Maze of Despair @ 00:19:15,https://animehistory.org/gallery/screencaps/outlaw-star/episode-25/,https://animehistory.org/gallery/screencaps/outlaw-star/episode-25/?page=3,3,2026-10-07T01:50:41.633013+00:00,cee9cd37c863c91e7e86c1a925757e1bc65460207e9f104bcc1da3cea94c0999,,UNVERIFIED
EP-25,Maze of Despair,00:19:18,1158,855553,https://animehistory.org/uploads/screencaps/outlaw-star-E025-Maze-of-Despair/cap_00-19-18_01a6.jpg,Outlaw Star Ep 25: Maze of Despair @ 00:19:18,https://animehistory.org/gallery/screencaps/outlaw-star/episode-25/,https://animehistory.org/gallery/screencaps/outlaw-star/episode-25/?page=3,3,2026-10-07T01:50:41.633013+00:00,cee9cd37c863c91e7e86c1a925757e1bc65460207e9f104bcc1da3cea94c0999,,UNVERIFIED
EP-25,Maze of Despair,00:19:22,1162,855554,https://animehistory.org/uploads/screencaps/outlaw-star-E025-Maze-of-Despair/cap_00-19-22_5cdc.jpg,Outlaw Star Ep 25: Maze of Despair @ 00:19:22,https://animehistory.org/gallery/screencaps/outlaw-star/episode-25/,https://animehistory.org/gallery/screencaps/outlaw-star/episode-25/?page=3,3,2026-10-07T01:50:41.633013+00:00,cee9cd37c863c91e7e86c1a925757e1bc65460207e9f104bcc1da3cea94c0999,,UNVERIFIED
EP-25,Maze of Despair,00:19:26,1166,855555,https://animehistory.org/uploads/screencaps/outlaw-star-E025-Maze-of-Despair/cap_00-19-26_4dbc.jpg,Outlaw Star Ep 25: Maze of Despair @ 00:19:26,https://animehistory.org/gallery/screencaps/outlaw-star/episode-25/,https://animehistory.org/gallery/screencaps/outlaw-star/episode-25/?page=3,3,2026-10-07T01:50:41.633013+00:00,cee9cd37c863c91e7e86c1a925757e1bc65460207e9f104bcc1da3cea94c0999,,UNVERIFIED
EP-25,Maze of Despair,00:19:30,1170,855556,https://animehistory.org/uploads/screencaps/outlaw-star-E025-Maze-of-Despair/cap_00-19-30_739d.jpg,Outlaw Star Ep 25: Maze of Despair @ 00:19:30,https://animehistory.org/gallery/screencaps/outlaw-star/episode-25/,https://animehistory.org/gallery/screencaps/outlaw-star/episode-25/?page=3,3,2026-10-07T01:50:41.633013+00:00,cee9cd37c863c91e7e86c1a925757e1bc65460207e9f104bcc1da3cea94c0999,,UNVERIFIED
EP-25,Maze of Despair,00:19:33,1173,855557,https://animehistory.org/uploads/screencaps/outlaw-star-E025-Maze-of-Despair/cap_00-19-33_1c3f.jpg,Outlaw Star Ep 25: Maze of Despair @ 00:19:33,https://animehistory.org/gallery/screencaps/outlaw-star/episode-25/,https://animehistory.org/gallery/screencaps/outlaw-star/episode-25/?page=3,3,2026-10-07T01:50:41.633013+00:00,cee9cd37c863c91e7e86c1a925757e1bc65460207e9f104bcc1da3cea94c0999,,UNVERIFIED
EP-25,Maze of Despair,00:19:37,1177,855558,https://animehistory.org/uploads/screencaps/outlaw-star-E025-Maze-of-Despair/cap_00-19-37_748b.jpg,Outlaw Star Ep 25: Maze of Despair @ 00:19:37,https://animehistory.org/gallery/screencaps/outlaw-star/episode-25/,https://animehistory.org/gallery/screencaps/outlaw-star/episode-25/?page=3,3,2026-10-07T01:50:41.633013+00:00,cee9cd37c863c91e7e86c1a925757e1bc65460207e9f104bcc1da3cea94c0999,,UNVERIFIED
EP-25,Maze of Despair,00:19:41,1181,855559,https://animehistory.org/uploads/screencaps/outlaw-star-E025-Maze-of-Despair/cap_00-19-41_5876.jpg,Outlaw Star Ep 25: Maze of Despair @ 00:19:41,https://animehistory.org/gallery/screencaps/outlaw-star/episode-25/,https://animehistory.org/gallery/screencaps/outlaw-star/episode-25/?page=3,3,2026-10-07T01:50:41.633013+00:00,cee9cd37c863c91e7e86c1a925757e1bc65460207e9f104bcc1da3cea94c0999,,UNVERIFIED
EP-25,Maze of Despair,00:19:44,1184,855560,https://animehistory.org/uploads/screencaps/outlaw-star-E025-Maze-of-Despair/cap_00-19-44_1846.jpg,Outlaw Star Ep 25: Maze of Despair @ 00:19:44,https://animehistory.org/gallery/screencaps/outlaw-star/episode-25/,https://animehistory.org/gallery/screencaps/outlaw-star/episode-25/?page=3,3,2026-10-07T01:50:41.633013+00:00,cee9cd37c863c91e7e86c1a925757e1bc65460207e9f104bcc1da3cea94c0999,,UNVERIFIED
EP-25,Maze of Despair,00:19:48,1188,855561,https://animehistory.org/uploads/screencaps/outlaw-star-E025-Maze-of-Despair/cap_00-19-48_2eb9.jpg,Outlaw Star Ep 25: Maze of Despair @ 00:19:48,https://animehistory.org/gallery/screencaps/outlaw-star/episode-25/,https://animehistory.org/gallery/screencaps/outlaw-star/episode-25/?page=3,3,2026-10-07T01:50:41.633013+00:00,cee9cd37c863c91e7e86c1a925757e1bc65460207e9f104bcc1da3cea94c0999,,UNVERIFIED
EP-25,Maze of Despair,00:19:52,1192,855562,https://animehistory.org/uploads/screencaps/outlaw-star-E025-Maze-of-Despair/cap_00-19-52_4df3.jpg,Outlaw Star Ep 25: Maze of Despair @ 00:19:52,https://animehistory.org/gallery/screencaps/outlaw-star/episode-25/,https://animehistory.org/gallery/screencaps/outlaw-star/episode-25/?page=3,3,2026-10-07T01:50:41.633013+00:00,cee9cd37c863c91e7e86c1a925757e1bc65460207e9f104bcc1da3cea94c0999,,UNVERIFIED
EP-25,Maze of Despair,00:19:56,1196,855563,https://animehistory.org/uploads/screencaps/outlaw-star-E025-Maze-of-Despair/cap_00-19-56_647d.jpg,Outlaw Star Ep 25: Maze of Despair @ 00:19:56,https://animehistory.org/gallery/screencaps/outlaw-star/episode-25/,https://animehistory.org/gallery/screencaps/outlaw-star/episode-25/?page=3,3,2026-10-07T01:50:41.633013+00:00,cee9cd37c863c91e7e86c1a925757e1bc65460207e9f104bcc1da3cea94c0999,,UNVERIFIED
EP-25,Maze of Despair,00:19:59,1199,855564,https://animehistory.org/uploads/screencaps/outlaw-star-E025-Maze-of-Despair/cap_00-19-59_2305.jpg,Outlaw Star Ep 25: Maze of Despair @ 00:19:59,https://animehistory.org/gallery/screencaps/outlaw-star/episode-25/,https://animehistory.org/gallery/screencaps/outlaw-star/episode-25/?page=3,3,2026-10-07T01:50:41.633013+00:00,cee9cd37c863c91e7e86c1a925757e1bc65460207e9f104bcc1da3cea94c0999,,UNVERIFIED
EP-25,Maze of Despair,00:20:03,1203,855565,https://animehistory.org/uploads/screencaps/outlaw-star-E025-Maze-of-Despair/cap_00-20-03_46fb.jpg,Outlaw Star Ep 25: Maze of Despair @ 00:20:03,https://animehistory.org/gallery/screencaps/outlaw-star/episode-25/,https://animehistory.org/gallery/screencaps/outlaw-star/episode-25/?page=3,3,2026-10-07T01:50:41.633013+00:00,cee9cd37c863c91e7e86c1a925757e1bc65460207e9f104bcc1da3cea94c0999,,UNVERIFIED
EP-25,Maze of Despair,00:20:07,1207,855566,https://animehistory.org/uploads/screencaps/outlaw-star-E025-Maze-of-Despair/cap_00-20-07_50bf.jpg,Outlaw Star Ep 25: Maze of Despair @ 00:20:07,https://animehistory.org/gallery/screencaps/outlaw-star/episode-25/,https://animehistory.org/gallery/screencaps/outlaw-star/episode-25/?page=3,3,2026-10-07T01:50:41.633013+00:00,cee9cd37c863c91e7e86c1a925757e1bc65460207e9f104bcc1da3cea94c0999,,UNVERIFIED
EP-25,Maze of Despair,00:20:10,1210,855567,https://animehistory.org/uploads/screencaps/outlaw-star-E025-Maze-of-Despair/cap_00-20-10_2294.jpg,Outlaw Star Ep 25: Maze of Despair @ 00:20:10,https://animehistory.org/gallery/screencaps/outlaw-star/episode-25/,https://animehistory.org/gallery/screencaps/outlaw-star/episode-25/?page=3,3,2026-10-07T01:50:41.633013+00:00,cee9cd37c863c91e7e86c1a925757e1bc65460207e9f104bcc1da3cea94c0999,,UNVERIFIED
EP-25,Maze of Despair,00:20:14,1214,855568,https://animehistory.org/uploads/screencaps/outlaw-star-E025-Maze-of-Despair/cap_00-20-14_231e.jpg,Outlaw Star Ep 25: Maze of Despair @ 00:20:14,https://animehistory.org/gallery/screencaps/outlaw-star/episode-25/,https://animehistory.org/gallery/screencaps/outlaw-star/episode-25/?page=3,3,2026-10-07T01:50:41.633013+00:00,cee9cd37c863c91e7e86c1a925757e1bc65460207e9f104bcc1da3cea94c0999,,UNVERIFIED
EP-25,Maze of Despair,00:20:18,1218,855569,https://animehistory.org/uploads/screencaps/outlaw-star-E025-Maze-of-Despair/cap_00-20-18_0c69.jpg,Outlaw Star Ep 25: Maze of Despair @ 00:20:18,https://animehistory.org/gallery/screencaps/outlaw-star/episode-25/,https://animehistory.org/gallery/screencaps/outlaw-star/episode-25/?page=4,4,2026-10-07T01:50:42.840090+00:00,ab85ab37e7735de8245574861055ccc3f5e5af30998c260b318464da10554ac0,,UNVERIFIED
EP-25,Maze of Despair,00:20:22,1222,855570,https://animehistory.org/uploads/screencaps/outlaw-star-E025-Maze-of-Despair/cap_00-20-22_4942.jpg,Outlaw Star Ep 25: Maze of Despair @ 00:20:22,https://animehistory.org/gallery/screencaps/outlaw-star/episode-25/,https://animehistory.org/gallery/screencaps/outlaw-star/episode-25/?page=4,4,2026-10-07T01:50:42.840090+00:00,ab85ab37e7735de8245574861055ccc3f5e5af30998c260b318464da10554ac0,,UNVERIFIED
EP-25,Maze of Despair,00:20:25,1225,855571,https://animehistory.org/uploads/screencaps/outlaw-star-E025-Maze-of-Despair/cap_00-20-25_6ade.jpg,Outlaw Star Ep 25: Maze of Despair @ 00:20:25,https://animehistory.org/gallery/screencaps/outlaw-star/episode-25/,https://animehistory.org/gallery/screencaps/outlaw-star/episode-25/?page=4,4,2026-10-07T01:50:42.840090+00:00,ab85ab37e7735de8245574861055ccc3f5e5af30998c260b318464da10554ac0,,UNVERIFIED
EP-25,Maze of Despair,00:20:29,1229,855572,https://animehistory.org/uploads/screencaps/outlaw-star-E025-Maze-of-Despair/cap_00-20-29_4844.jpg,Outlaw Star Ep 25: Maze of Despair @ 00:20:29,https://animehistory.org/gallery/screencaps/outlaw-star/episode-25/,https://animehistory.org/gallery/screencaps/outlaw-star/episode-25/?page=4,4,2026-10-07T01:50:42.840090+00:00,ab85ab37e7735de8245574861055ccc3f5e5af30998c260b318464da10554ac0,,UNVERIFIED
EP-25,Maze of Despair,00:20:33,1233,855573,https://animehistory.org/uploads/screencaps/outlaw-star-E025-Maze-of-Despair/cap_00-20-33_3ae7.jpg,Outlaw Star Ep 25: Maze of Despair @ 00:20:33,https://animehistory.org/gallery/screencaps/outlaw-star/episode-25/,https://animehistory.org/gallery/screencaps/outlaw-star/episode-25/?page=4,4,2026-10-07T01:50:42.840090+00:00,ab85ab37e7735de8245574861055ccc3f5e5af30998c260b318464da10554ac0,,UNVERIFIED
EP-25,Maze of Despair,00:20:36,1236,855574,https://animehistory.org/uploads/screencaps/outlaw-star-E025-Maze-of-Despair/cap_00-20-36_6d6e.jpg,Outlaw Star Ep 25: Maze of Despair @ 00:20:36,https://animehistory.org/gallery/screencaps/outlaw-star/episode-25/,https://animehistory.org/gallery/screencaps/outlaw-star/episode-25/?page=4,4,2026-10-07T01:50:42.840090+00:00,ab85ab37e7735de8245574861055ccc3f5e5af30998c260b318464da10554ac0,,UNVERIFIED
EP-25,Maze of Despair,00:20:40,1240,855575,https://animehistory.org/uploads/screencaps/outlaw-star-E025-Maze-of-Despair/cap_00-20-40_034c.jpg,Outlaw Star Ep 25: Maze of Despair @ 00:20:40,https://animehistory.org/gallery/screencaps/outlaw-star/episode-25/,https://animehistory.org/gallery/screencaps/outlaw-star/episode-25/?page=4,4,2026-10-07T01:50:42.840090+00:00,ab85ab37e7735de8245574861055ccc3f5e5af30998c260b318464da10554ac0,,UNVERIFIED
EP-25,Maze of Despair,00:20:44,1244,855576,https://animehistory.org/uploads/screencaps/outlaw-star-E025-Maze-of-Despair/cap_00-20-44_73e3.jpg,Outlaw Star Ep 25: Maze of Despair @ 00:20:44,https://animehistory.org/gallery/screencaps/outlaw-star/episode-25/,https://animehistory.org/gallery/screencaps/outlaw-star/episode-25/?page=4,4,2026-10-07T01:50:42.840090+00:00,ab85ab37e7735de8245574861055ccc3f5e5af30998c260b318464da10554ac0,,UNVERIFIED
EP-25,Maze of Despair,00:20:48,1248,855577,https://animehistory.org/uploads/screencaps/outlaw-star-E025-Maze-of-Despair/cap_00-20-48_3a27.jpg,Outlaw Star Ep 25: Maze of Despair @ 00:20:48,https://animehistory.org/gallery/screencaps/outlaw-star/episode-25/,https://animehistory.org/gallery/screencaps/outlaw-star/episode-25/?page=4,4,2026-10-07T01:50:42.840090+00:00,ab85ab37e7735de8245574861055ccc3f5e5af30998c260b318464da10554ac0,,UNVERIFIED
EP-25,Maze of Despair,00:20:51,1251,855578,https://animehistory.org/uploads/screencaps/outlaw-star-E025-Maze-of-Despair/cap_00-20-51_0471.jpg,Outlaw Star Ep 25: Maze of Despair @ 00:20:51,https://animehistory.org/gallery/screencaps/outlaw-star/episode-25/,https://animehistory.org/gallery/screencaps/outlaw-star/episode-25/?page=4,4,2026-10-07T01:50:42.840090+00:00,ab85ab37e7735de8245574861055ccc3f5e5af30998c260b318464da10554ac0,,UNVERIFIED
EP-25,Maze of Despair,00:20:55,1255,855579,https://animehistory.org/uploads/screencaps/outlaw-star-E025-Maze-of-Despair/cap_00-20-55_7e2a.jpg,Outlaw Star Ep 25: Maze of Despair @ 00:20:55,https://animehistory.org/gallery/screencaps/outlaw-star/episode-25/,https://animehistory.org/gallery/screencaps/outlaw-star/episode-25/?page=4,4,2026-10-07T01:50:42.840090+00:00,ab85ab37e7735de8245574861055ccc3f5e5af30998c260b318464da10554ac0,,UNVERIFIED
EP-25,Maze of Despair,00:20:59,1259,855580,https://animehistory.org/uploads/screencaps/outlaw-star-E025-Maze-of-Despair/cap_00-20-59_0a36.jpg,Outlaw Star Ep 25: Maze of Despair @ 00:20:59,https://animehistory.org/gallery/screencaps/outlaw-star/episode-25/,https://animehistory.org/gallery/screencaps/outlaw-star/episode-25/?page=4,4,2026-10-07T01:50:42.840090+00:00,ab85ab37e7735de8245574861055ccc3f5e5af30998c260b318464da10554ac0,,UNVERIFIED
EP-25,Maze of Despair,00:21:02,1262,855581,https://animehistory.org/uploads/screencaps/outlaw-star-E025-Maze-of-Despair/cap_00-21-02_618a.jpg,Outlaw Star Ep 25: Maze of Despair @ 00:21:02,https://animehistory.org/gallery/screencaps/outlaw-star/episode-25/,https://animehistory.org/gallery/screencaps/outlaw-star/episode-25/?page=4,4,2026-10-07T01:50:42.840090+00:00,ab85ab37e7735de8245574861055ccc3f5e5af30998c260b318464da10554ac0,,UNVERIFIED
EP-25,Maze of Despair,00:21:06,1266,855582,https://animehistory.org/uploads/screencaps/outlaw-star-E025-Maze-of-Despair/cap_00-21-06_68e1.jpg,Outlaw Star Ep 25: Maze of Despair @ 00:21:06,https://animehistory.org/gallery/screencaps/outlaw-star/episode-25/,https://animehistory.org/gallery/screencaps/outlaw-star/episode-25/?page=4,4,2026-10-07T01:50:42.840090+00:00,ab85ab37e7735de8245574861055ccc3f5e5af30998c260b318464da10554ac0,,UNVERIFIED
EP-25,Maze of Despair,00:21:10,1270,855583,https://animehistory.org/uploads/screencaps/outlaw-star-E025-Maze-of-Despair/cap_00-21-10_213c.jpg,Outlaw Star Ep 25: Maze of Despair @ 00:21:10,https://animehistory.org/gallery/screencaps/outlaw-star/episode-25/,https://animehistory.org/gallery/screencaps/outlaw-star/episode-25/?page=4,4,2026-10-07T01:50:42.840090+00:00,ab85ab37e7735de8245574861055ccc3f5e5af30998c260b318464da10554ac0,,UNVERIFIED
EP-25,Maze of Despair,00:21:14,1274,855584,https://animehistory.org/uploads/screencaps/outlaw-star-E025-Maze-of-Despair/cap_00-21-14_2d44.jpg,Outlaw Star Ep 25: Maze of Despair @ 00:21:14,https://animehistory.org/gallery/screencaps/outlaw-star/episode-25/,https://animehistory.org/gallery/screencaps/outlaw-star/episode-25/?page=4,4,2026-10-07T01:50:42.840090+00:00,ab85ab37e7735de8245574861055ccc3f5e5af30998c260b318464da10554ac0,,UNVERIFIED
EP-25,Maze of Despair,00:21:17,1277,855585,https://animehistory.org/uploads/screencaps/outlaw-star-E025-Maze-of-Despair/cap_00-21-17_46e4.jpg,Outlaw Star Ep 25: Maze of Despair @ 00:21:17,https://animehistory.org/gallery/screencaps/outlaw-star/episode-25/,https://animehistory.org/gallery/screencaps/outlaw-star/episode-25/?page=4,4,2026-10-07T01:50:42.840090+00:00,ab85ab37e7735de8245574861055ccc3f5e5af30998c260b318464da10554ac0,,UNVERIFIED
EP-25,Maze of Despair,00:21:21,1281,855586,https://animehistory.org/uploads/screencaps/outlaw-star-E025-Maze-of-Despair/cap_00-21-21_3c31.jpg,Outlaw Star Ep 25: Maze of Despair @ 00:21:21,https://animehistory.org/gallery/screencaps/outlaw-star/episode-25/,https://animehistory.org/gallery/screencaps/outlaw-star/episode-25/?page=4,4,2026-10-07T01:50:42.840090+00:00,ab85ab37e7735de8245574861055ccc3f5e5af30998c260b318464da10554ac0,,UNVERIFIED
EP-25,Maze of Despair,00:21:25,1285,855587,https://animehistory.org/uploads/screencaps/outlaw-star-E025-Maze-of-Despair/cap_00-21-25_7ac6.jpg,Outlaw Star Ep 25: Maze of Despair @ 00:21:25,https://animehistory.org/gallery/screencaps/outlaw-star/episode-25/,https://animehistory.org/gallery/screencaps/outlaw-star/episode-25/?page=4,4,2026-10-07T01:50:42.840090+00:00,ab85ab37e7735de8245574861055ccc3f5e5af30998c260b318464da10554ac0,,UNVERIFIED
EP-25,Maze of Despair,00:21:28,1288,855588,https://animehistory.org/uploads/screencaps/outlaw-star-E025-Maze-of-Despair/cap_00-21-28_0cc3.jpg,Outlaw Star Ep 25: Maze of Despair @ 00:21:28,https://animehistory.org/gallery/screencaps/outlaw-star/episode-25/,https://animehistory.org/gallery/screencaps/outlaw-star/episode-25/?page=4,4,2026-10-07T01:50:42.840090+00:00,ab85ab37e7735de8245574861055ccc3f5e5af30998c260b318464da10554ac0,,UNVERIFIED
EP-25,Maze of Despair,00:21:32,1292,855589,https://animehistory.org/uploads/screencaps/outlaw-star-E025-Maze-of-Despair/cap_00-21-32_3bdb.jpg,Outlaw Star Ep 25: Maze of Despair @ 00:21:32,https://animehistory.org/gallery/screencaps/outlaw-star/episode-25/,https://animehistory.org/gallery/screencaps/outlaw-star/episode-25/?page=4,4,2026-10-07T01:50:42.840090+00:00,ab85ab37e7735de8245574861055ccc3f5e5af30998c260b318464da10554ac0,,UNVERIFIED
EP-25,Maze of Despair,00:21:36,1296,855590,https://animehistory.org/uploads/screencaps/outlaw-star-E025-Maze-of-Despair/cap_00-21-36_4057.jpg,Outlaw Star Ep 25: Maze of Despair @ 00:21:36,https://animehistory.org/gallery/screencaps/outlaw-star/episode-25/,https://animehistory.org/gallery/screencaps/outlaw-star/episode-25/?page=4,4,2026-10-07T01:50:42.840090+00:00,ab85ab37e7735de8245574861055ccc3f5e5af30998c260b318464da10554ac0,,UNVERIFIED
EP-25,Maze of Despair,00:21:40,1300,855591,https://animehistory.org/uploads/screencaps/outlaw-star-E025-Maze-of-Despair/cap_00-21-40_4711.jpg,Outlaw Star Ep 25: Maze of Despair @ 00:21:40,https://animehistory.org/gallery/screencaps/outlaw-star/episode-25/,https://animehistory.org/gallery/screencaps/outlaw-star/episode-25/?page=4,4,2026-10-07T01:50:42.840090+00:00,ab85ab37e7735de8245574861055ccc3f5e5af30998c260b318464da10554ac0,,UNVERIFIED
EP-25,Maze of Despair,00:21:43,1303,855592,https://animehistory.org/uploads/screencaps/outlaw-star-E025-Maze-of-Despair/cap_00-21-43_257c.jpg,Outlaw Star Ep 25: Maze of Despair @ 00:21:43,https://animehistory.org/gallery/screencaps/outlaw-star/episode-25/,https://animehistory.org/gallery/screencaps/outlaw-star/episode-25/?page=4,4,2026-10-07T01:50:42.840090+00:00,ab85ab37e7735de8245574861055ccc3f5e5af30998c260b318464da10554ac0,,UNVERIFIED
EP-25,Maze of Despair,00:21:47,1307,855593,https://animehistory.org/uploads/screencaps/outlaw-star-E025-Maze-of-Despair/cap_00-21-47_1f62.jpg,Outlaw Star Ep 25: Maze of Despair @ 00:21:47,https://animehistory.org/gallery/screencaps/outlaw-star/episode-25/,https://animehistory.org/gallery/screencaps/outlaw-star/episode-25/?page=4,4,2026-10-07T01:50:42.840090+00:00,ab85ab37e7735de8245574861055ccc3f5e5af30998c260b318464da10554ac0,,UNVERIFIED
EP-25,Maze of Despair,00:21:51,1311,855594,https://animehistory.org/uploads/screencaps/outlaw-star-E025-Maze-of-Despair/cap_00-21-51_390d.jpg,Outlaw Star Ep 25: Maze of Despair @ 00:21:51,https://animehistory.org/gallery/screencaps/outlaw-star/episode-25/,https://animehistory.org/gallery/screencaps/outlaw-star/episode-25/?page=4,4,2026-10-07T01:50:42.840090+00:00,ab85ab37e7735de8245574861055ccc3f5e5af30998c260b318464da10554ac0,,UNVERIFIED
EP-25,Maze of Despair,00:21:54,1314,855595,https://animehistory.org/uploads/screencaps/outlaw-star-E025-Maze-of-Despair/cap_00-21-54_581f.jpg,Outlaw Star Ep 25: Maze of Despair @ 00:21:54,https://animehistory.org/gallery/screencaps/outlaw-star/episode-25/,https://animehistory.org/gallery/screencaps/outlaw-star/episode-25/?page=4,4,2026-10-07T01:50:42.840090+00:00,ab85ab37e7735de8245574861055ccc3f5e5af30998c260b318464da10554ac0,,UNVERIFIED
EP-25,Maze of Despair,00:21:58,1318,855596,https://animehistory.org/uploads/screencaps/outlaw-star-E025-Maze-of-Despair/cap_00-21-58_0523.jpg,Outlaw Star Ep 25: Maze of Despair @ 00:21:58,https://animehistory.org/gallery/screencaps/outlaw-star/episode-25/,https://animehistory.org/gallery/screencaps/outlaw-star/episode-25/?page=4,4,2026-10-07T01:50:42.840090+00:00,ab85ab37e7735de8245574861055ccc3f5e5af30998c260b318464da10554ac0,,UNVERIFIED
EP-25,Maze of Despair,00:22:02,1322,855597,https://animehistory.org/uploads/screencaps/outlaw-star-E025-Maze-of-Despair/cap_00-22-02_7cf4.jpg,Outlaw Star Ep 25: Maze of Despair @ 00:22:02,https://animehistory.org/gallery/screencaps/outlaw-star/episode-25/,https://animehistory.org/gallery/screencaps/outlaw-star/episode-25/?page=4,4,2026-10-07T01:50:42.840090+00:00,ab85ab37e7735de8245574861055ccc3f5e5af30998c260b318464da10554ac0,,UNVERIFIED
EP-25,Maze of Despair,00:22:06,1326,855598,https://animehistory.org/uploads/screencaps/outlaw-star-E025-Maze-of-Despair/cap_00-22-06_694a.jpg,Outlaw Star Ep 25: Maze of Despair @ 00:22:06,https://animehistory.org/gallery/screencaps/outlaw-star/episode-25/,https://animehistory.org/gallery/screencaps/outlaw-star/episode-25/?page=4,4,2026-10-07T01:50:42.840090+00:00,ab85ab37e7735de8245574861055ccc3f5e5af30998c260b318464da10554ac0,,UNVERIFIED
EP-25,Maze of Despair,00:22:09,1329,855599,https://animehistory.org/uploads/screencaps/outlaw-star-E025-Maze-of-Despair/cap_00-22-09_61f3.jpg,Outlaw Star Ep 25: Maze of Despair @ 00:22:09,https://animehistory.org/gallery/screencaps/outlaw-star/episode-25/,https://animehistory.org/gallery/screencaps/outlaw-star/episode-25/?page=4,4,2026-10-07T01:50:42.840090+00:00,ab85ab37e7735de8245574861055ccc3f5e5af30998c260b318464da10554ac0,,UNVERIFIED
EP-25,Maze of Despair,00:22:13,1333,855600,https://animehistory.org/uploads/screencaps/outlaw-star-E025-Maze-of-Despair/cap_00-22-13_71eb.jpg,Outlaw Star Ep 25: Maze of Despair @ 00:22:13,https://animehistory.org/gallery/screencaps/outlaw-star/episode-25/,https://animehistory.org/gallery/screencaps/outlaw-star/episode-25/?page=4,4,2026-10-07T01:50:42.840090+00:00,ab85ab37e7735de8245574861055ccc3f5e5af30998c260b318464da10554ac0,,UNVERIFIED
EP-25,Maze of Despair,00:22:17,1337,855601,https://animehistory.org/uploads/screencaps/outlaw-star-E025-Maze-of-Despair/cap_00-22-17_6c11.jpg,Outlaw Star Ep 25: Maze of Despair @ 00:22:17,https://animehistory.org/gallery/screencaps/outlaw-star/episode-25/,https://animehistory.org/gallery/screencaps/outlaw-star/episode-25/?page=4,4,2026-10-07T01:50:42.840090+00:00,ab85ab37e7735de8245574861055ccc3f5e5af30998c260b318464da10554ac0,,UNVERIFIED
EP-25,Maze of Despair,00:22:20,1340,855602,https://animehistory.org/uploads/screencaps/outlaw-star-E025-Maze-of-Despair/cap_00-22-20_383a.jpg,Outlaw Star Ep 25: Maze of Despair @ 00:22:20,https://animehistory.org/gallery/screencaps/outlaw-star/episode-25/,https://animehistory.org/gallery/screencaps/outlaw-star/episode-25/?page=4,4,2026-10-07T01:50:42.840090+00:00,ab85ab37e7735de8245574861055ccc3f5e5af30998c260b318464da10554ac0,,UNVERIFIED
EP-25,Maze of Despair,00:22:24,1344,855603,https://animehistory.org/uploads/screencaps/outlaw-star-E025-Maze-of-Despair/cap_00-22-24_1e44.jpg,Outlaw Star Ep 25: Maze of Despair @ 00:22:24,https://animehistory.org/gallery/screencaps/outlaw-star/episode-25/,https://animehistory.org/gallery/screencaps/outlaw-star/episode-25/?page=4,4,2026-10-07T01:50:42.840090+00:00,ab85ab37e7735de8245574861055ccc3f5e5af30998c260b318464da10554ac0,,UNVERIFIED
EP-25,Maze of Despair,00:22:28,1348,855604,https://animehistory.org/uploads/screencaps/outlaw-star-E025-Maze-of-Despair/cap_00-22-28_440a.jpg,Outlaw Star Ep 25: Maze of Despair @ 00:22:28,https://animehistory.org/gallery/screencaps/outlaw-star/episode-25/,https://animehistory.org/gallery/screencaps/outlaw-star/episode-25/?page=4,4,2026-10-07T01:50:42.840090+00:00,ab85ab37e7735de8245574861055ccc3f5e5af30998c260b318464da10554ac0,,UNVERIFIED
EP-25,Maze of Despair,00:22:32,1352,855605,https://animehistory.org/uploads/screencaps/outlaw-star-E025-Maze-of-Despair/cap_00-22-32_6ea2.jpg,Outlaw Star Ep 25: Maze of Despair @ 00:22:32,https://animehistory.org/gallery/screencaps/outlaw-star/episode-25/,https://animehistory.org/gallery/screencaps/outlaw-star/episode-25/?page=4,4,2026-10-07T01:50:42.840090+00:00,ab85ab37e7735de8245574861055ccc3f5e5af30998c260b318464da10554ac0,,UNVERIFIED
EP-25,Maze of Despair,00:22:35,1355,855606,https://animehistory.org/uploads/screencaps/outlaw-star-E025-Maze-of-Despair/cap_00-22-35_5bf2.jpg,Outlaw Star Ep 25: Maze of Despair @ 00:22:35,https://animehistory.org/gallery/screencaps/outlaw-star/episode-25/,https://animehistory.org/gallery/screencaps/outlaw-star/episode-25/?page=4,4,2026-10-07T01:50:42.840090+00:00,ab85ab37e7735de8245574861055ccc3f5e5af30998c260b318464da10554ac0,,UNVERIFIED
EP-25,Maze of Despair,00:22:39,1359,855607,https://animehistory.org/uploads/screencaps/outlaw-star-E025-Maze-of-Despair/cap_00-22-39_64dc.jpg,Outlaw Star Ep 25: Maze of Despair @ 00:22:39,https://animehistory.org/gallery/screencaps/outlaw-star/episode-25/,https://animehistory.org/gallery/screencaps/outlaw-star/episode-25/?page=4,4,2026-10-07T01:50:42.840090+00:00,ab85ab37e7735de8245574861055ccc3f5e5af30998c260b318464da10554ac0,,UNVERIFIED
EP-25,Maze of Despair,00:22:43,1363,855608,https://animehistory.org/uploads/screencaps/outlaw-star-E025-Maze-of-Despair/cap_00-22-43_23a1.jpg,Outlaw Star Ep 25: Maze of Despair @ 00:22:43,https://animehistory.org/gallery/screencaps/outlaw-star/episode-25/,https://animehistory.org/gallery/screencaps/outlaw-star/episode-25/?page=4,4,2026-10-07T01:50:42.840090+00:00,ab85ab37e7735de8245574861055ccc3f5e5af30998c260b318464da10554ac0,,UNVERIFIED
EP-25,Maze of Despair,00:22:46,1366,855609,https://animehistory.org/uploads/screencaps/outlaw-star-E025-Maze-of-Despair/cap_00-22-46_5440.jpg,Outlaw Star Ep 25: Maze of Despair @ 00:22:46,https://animehistory.org/gallery/screencaps/outlaw-star/episode-25/,https://animehistory.org/gallery/screencaps/outlaw-star/episode-25/?page=4,4,2026-10-07T01:50:42.840090+00:00,ab85ab37e7735de8245574861055ccc3f5e5af30998c260b318464da10554ac0,,UNVERIFIED
EP-25,Maze of Despair,00:22:50,1370,855610,https://animehistory.org/uploads/screencaps/outlaw-star-E025-Maze-of-Despair/cap_00-22-50_6db6.jpg,Outlaw Star Ep 25: Maze of Despair @ 00:22:50,https://animehistory.org/gallery/screencaps/outlaw-star/episode-25/,https://animehistory.org/gallery/screencaps/outlaw-star/episode-25/?page=4,4,2026-10-07T01:50:42.840090+00:00,ab85ab37e7735de8245574861055ccc3f5e5af30998c260b318464da10554ac0,,UNVERIFIED
EP-25,Maze of Despair,00:22:54,1374,855611,https://animehistory.org/uploads/screencaps/outlaw-star-E025-Maze-of-Despair/cap_00-22-54_59fb.jpg,Outlaw Star Ep 25: Maze of Despair @ 00:22:54,https://animehistory.org/gallery/screencaps/outlaw-star/episode-25/,https://animehistory.org/gallery/screencaps/outlaw-star/episode-25/?page=4,4,2026-10-07T01:50:42.840090+00:00,ab85ab37e7735de8245574861055ccc3f5e5af30998c260b318464da10554ac0,,UNVERIFIED
EP-25,Maze of Despair,00:22:58,1378,855612,https://animehistory.org/uploads/screencaps/outlaw-star-E025-Maze-of-Despair/cap_00-22-58_06c2.jpg,Outlaw Star Ep 25: Maze of Despair @ 00:22:58,https://animehistory.org/gallery/screencaps/outlaw-star/episode-25/,https://animehistory.org/gallery/screencaps/outlaw-star/episode-25/?page=4,4,2026-10-07T01:50:42.840090+00:00,ab85ab37e7735de8245574861055ccc3f5e5af30998c260b318464da10554ac0,,UNVERIFIED
EP-25,Maze of Despair,00:23:01,1381,855613,https://animehistory.org/uploads/screencaps/outlaw-star-E025-Maze-of-Despair/cap_00-23-01_0191.jpg,Outlaw Star Ep 25: Maze of Despair @ 00:23:01,https://animehistory.org/gallery/screencaps/outlaw-star/episode-25/,https://animehistory.org/gallery/screencaps/outlaw-star/episode-25/?page=4,4,2026-10-07T01:50:42.840090+00:00,ab85ab37e7735de8245574861055ccc3f5e5af30998c260b318464da10554ac0,,UNVERIFIED
EP-25,Maze of Despair,00:23:05,1385,855614,https://animehistory.org/uploads/screencaps/outlaw-star-E025-Maze-of-Despair/cap_00-23-05_64d9.jpg,Outlaw Star Ep 25: Maze of Despair @ 00:23:05,https://animehistory.org/gallery/screencaps/outlaw-star/episode-25/,https://animehistory.org/gallery/screencaps/outlaw-star/episode-25/?page=4,4,2026-10-07T01:50:42.840090+00:00,ab85ab37e7735de8245574861055ccc3f5e5af30998c260b318464da10554ac0,,UNVERIFIED
EP-25,Maze of Despair,00:23:09,1389,855615,https://animehistory.org/uploads/screencaps/outlaw-star-E025-Maze-of-Despair/cap_00-23-09_0881.jpg,Outlaw Star Ep 25: Maze of Despair @ 00:23:09,https://animehistory.org/gallery/screencaps/outlaw-star/episode-25/,https://animehistory.org/gallery/screencaps/outlaw-star/episode-25/?page=4,4,2026-10-07T01:50:42.840090+00:00,ab85ab37e7735de8245574861055ccc3f5e5af30998c260b318464da10554ac0,,UNVERIFIED
EP-25,Maze of Despair,00:23:12,1392,855616,https://animehistory.org/uploads/screencaps/outlaw-star-E025-Maze-of-Despair/cap_00-23-12_12ba.jpg,Outlaw Star Ep 25: Maze of Despair @ 00:23:12,https://animehistory.org/gallery/screencaps/outlaw-star/episode-25/,https://animehistory.org/gallery/screencaps/outlaw-star/episode-25/?page=4,4,2026-10-07T01:50:42.840090+00:00,ab85ab37e7735de8245574861055ccc3f5e5af30998c260b318464da10554ac0,,UNVERIFIED
EP-25,Maze of Despair,00:23:16,1396,855617,https://animehistory.org/uploads/screencaps/outlaw-star-E025-Maze-of-Despair/cap_00-23-16_196a.jpg,Outlaw Star Ep 25: Maze of Despair @ 00:23:16,https://animehistory.org/gallery/screencaps/outlaw-star/episode-25/,https://animehistory.org/gallery/screencaps/outlaw-star/episode-25/?page=4,4,2026-10-07T01:50:42.840090+00:00,ab85ab37e7735de8245574861055ccc3f5e5af30998c260b318464da10554ac0,,UNVERIFIED
EP-25,Maze of Despair,00:23:20,1400,855618,https://animehistory.org/uploads/screencaps/outlaw-star-E025-Maze-of-Despair/cap_00-23-20_4d4f.jpg,Outlaw Star Ep 25: Maze of Despair @ 00:23:20,https://animehistory.org/gallery/screencaps/outlaw-star/episode-25/,https://animehistory.org/gallery/screencaps/outlaw-star/episode-25/?page=4,4,2026-10-07T01:50:42.840090+00:00,ab85ab37e7735de8245574861055ccc3f5e5af30998c260b318464da10554ac0,,UNVERIFIED
EP-25,Maze of Despair,00:23:24,1404,855619,https://animehistory.org/uploads/screencaps/outlaw-star-E025-Maze-of-Despair/cap_00-23-24_4ebe.jpg,Outlaw Star Ep 25: Maze of Despair @ 00:23:24,https://animehistory.org/gallery/screencaps/outlaw-star/episode-25/,https://animehistory.org/gallery/screencaps/outlaw-star/episode-25/?page=4,4,2026-10-07T01:50:42.840090+00:00,ab85ab37e7735de8245574861055ccc3f5e5af30998c260b318464da10554ac0,,UNVERIFIED
EP-25,Maze of Despair,00:23:27,1407,855620,https://animehistory.org/uploads/screencaps/outlaw-star-E025-Maze-of-Despair/cap_00-23-27_4fb2.jpg,Outlaw Star Ep 25: Maze of Despair @ 00:23:27,https://animehistory.org/gallery/screencaps/outlaw-star/episode-25/,https://animehistory.org/gallery/screencaps/outlaw-star/episode-25/?page=4,4,2026-10-07T01:50:42.840090+00:00,ab85ab37e7735de8245574861055ccc3f5e5af30998c260b318464da10554ac0,,UNVERIFIED
EP-25,Maze of Despair,00:23:31,1411,855621,https://animehistory.org/uploads/screencaps/outlaw-star-E025-Maze-of-Despair/cap_00-23-31_562d.jpg,Outlaw Star Ep 25: Maze of Despair @ 00:23:31,https://animehistory.org/gallery/screencaps/outlaw-star/episode-25/,https://animehistory.org/gallery/screencaps/outlaw-star/episode-25/?page=4,4,2026-10-07T01:50:42.840090+00:00,ab85ab37e7735de8245574861055ccc3f5e5af30998c260b318464da10554ac0,,UNVERIFIED
EP-25,Maze of Despair,00:23:35,1415,855622,https://animehistory.org/uploads/screencaps/outlaw-star-E025-Maze-of-Despair/cap_00-23-35_36bb.jpg,Outlaw Star Ep 25: Maze of Despair @ 00:23:35,https://animehistory.org/gallery/screencaps/outlaw-star/episode-25/,https://animehistory.org/gallery/screencaps/outlaw-star/episode-25/?page=4,4,2026-10-07T01:50:42.840090+00:00,ab85ab37e7735de8245574861055ccc3f5e5af30998c260b318464da10554ac0,,UNVERIFIED
