episode_id,episode_title,web_timestamp,web_seconds,image_id,image_url,caption,gallery_url,source_page_url,source_page,retrieved_utc,html_sha256,local_timestamp,alignment_status
EP-04,When the Hot Ice Melts,00:01:43,103,847835,https://animehistory.org/uploads/screencaps/outlaw-star-E004-When-the-Hot-Ice-Melts/cap_00-01-43_2f76.jpg,Outlaw Star Ep 4: When the Hot Ice Melts @ 00:01:43,https://animehistory.org/gallery/screencaps/outlaw-star/episode-4/,https://animehistory.org/gallery/screencaps/outlaw-star/episode-4/,1,2026-10-07T01:48:46.106631+00:00,4cf03836f416699f08e7277074d22140641d841f69bb3f89c2985f370c7135c6,,UNVERIFIED
EP-04,When the Hot Ice Melts,00:01:47,107,847836,https://animehistory.org/uploads/screencaps/outlaw-star-E004-When-the-Hot-Ice-Melts/cap_00-01-47_1558.jpg,Outlaw Star Ep 4: When the Hot Ice Melts @ 00:01:47,https://animehistory.org/gallery/screencaps/outlaw-star/episode-4/,https://animehistory.org/gallery/screencaps/outlaw-star/episode-4/,1,2026-10-07T01:48:46.106631+00:00,4cf03836f416699f08e7277074d22140641d841f69bb3f89c2985f370c7135c6,,UNVERIFIED
EP-04,When the Hot Ice Melts,00:01:50,110,847837,https://animehistory.org/uploads/screencaps/outlaw-star-E004-When-the-Hot-Ice-Melts/cap_00-01-50_523a.jpg,Outlaw Star Ep 4: When the Hot Ice Melts @ 00:01:50,https://animehistory.org/gallery/screencaps/outlaw-star/episode-4/,https://animehistory.org/gallery/screencaps/outlaw-star/episode-4/,1,2026-10-07T01:48:46.106631+00:00,4cf03836f416699f08e7277074d22140641d841f69bb3f89c2985f370c7135c6,,UNVERIFIED
EP-04,When the Hot Ice Melts,00:01:54,114,847838,https://animehistory.org/uploads/screencaps/outlaw-star-E004-When-the-Hot-Ice-Melts/cap_00-01-54_3145.jpg,Outlaw Star Ep 4: When the Hot Ice Melts @ 00:01:54,https://animehistory.org/gallery/screencaps/outlaw-star/episode-4/,https://animehistory.org/gallery/screencaps/outlaw-star/episode-4/,1,2026-10-07T01:48:46.106631+00:00,4cf03836f416699f08e7277074d22140641d841f69bb3f89c2985f370c7135c6,,UNVERIFIED
EP-04,When the Hot Ice Melts,00:01:58,118,847839,https://animehistory.org/uploads/screencaps/outlaw-star-E004-When-the-Hot-Ice-Melts/cap_00-01-58_5c38.jpg,Outlaw Star Ep 4: When the Hot Ice Melts @ 00:01:58,https://animehistory.org/gallery/screencaps/outlaw-star/episode-4/,https://animehistory.org/gallery/screencaps/outlaw-star/episode-4/,1,2026-10-07T01:48:46.106631+00:00,4cf03836f416699f08e7277074d22140641d841f69bb3f89c2985f370c7135c6,,UNVERIFIED
EP-04,When the Hot Ice Melts,00:02:01,121,847840,https://animehistory.org/uploads/screencaps/outlaw-star-E004-When-the-Hot-Ice-Melts/cap_00-02-01_14e4.jpg,Outlaw Star Ep 4: When the Hot Ice Melts @ 00:02:01,https://animehistory.org/gallery/screencaps/outlaw-star/episode-4/,https://animehistory.org/gallery/screencaps/outlaw-star/episode-4/,1,2026-10-07T01:48:46.106631+00:00,4cf03836f416699f08e7277074d22140641d841f69bb3f89c2985f370c7135c6,,UNVERIFIED
EP-04,When the Hot Ice Melts,00:02:05,125,847841,https://animehistory.org/uploads/screencaps/outlaw-star-E004-When-the-Hot-Ice-Melts/cap_00-02-05_466c.jpg,Outlaw Star Ep 4: When the Hot Ice Melts @ 00:02:05,https://animehistory.org/gallery/screencaps/outlaw-star/episode-4/,https://animehistory.org/gallery/screencaps/outlaw-star/episode-4/,1,2026-10-07T01:48:46.106631+00:00,4cf03836f416699f08e7277074d22140641d841f69bb3f89c2985f370c7135c6,,UNVERIFIED
EP-04,When the Hot Ice Melts,00:02:09,129,847842,https://animehistory.org/uploads/screencaps/outlaw-star-E004-When-the-Hot-Ice-Melts/cap_00-02-09_6eb0.jpg,Outlaw Star Ep 4: When the Hot Ice Melts @ 00:02:09,https://animehistory.org/gallery/screencaps/outlaw-star/episode-4/,https://animehistory.org/gallery/screencaps/outlaw-star/episode-4/,1,2026-10-07T01:48:46.106631+00:00,4cf03836f416699f08e7277074d22140641d841f69bb3f89c2985f370c7135c6,,UNVERIFIED
EP-04,When the Hot Ice Melts,00:02:12,132,847843,https://animehistory.org/uploads/screencaps/outlaw-star-E004-When-the-Hot-Ice-Melts/cap_00-02-12_7d96.jpg,Outlaw Star Ep 4: When the Hot Ice Melts @ 00:02:12,https://animehistory.org/gallery/screencaps/outlaw-star/episode-4/,https://animehistory.org/gallery/screencaps/outlaw-star/episode-4/,1,2026-10-07T01:48:46.106631+00:00,4cf03836f416699f08e7277074d22140641d841f69bb3f89c2985f370c7135c6,,UNVERIFIED
EP-04,When the Hot Ice Melts,00:02:16,136,847844,https://animehistory.org/uploads/screencaps/outlaw-star-E004-When-the-Hot-Ice-Melts/cap_00-02-16_125b.jpg,Outlaw Star Ep 4: When the Hot Ice Melts @ 00:02:16,https://animehistory.org/gallery/screencaps/outlaw-star/episode-4/,https://animehistory.org/gallery/screencaps/outlaw-star/episode-4/,1,2026-10-07T01:48:46.106631+00:00,4cf03836f416699f08e7277074d22140641d841f69bb3f89c2985f370c7135c6,,UNVERIFIED
EP-04,When the Hot Ice Melts,00:02:20,140,847845,https://animehistory.org/uploads/screencaps/outlaw-star-E004-When-the-Hot-Ice-Melts/cap_00-02-20_0b1a.jpg,Outlaw Star Ep 4: When the Hot Ice Melts @ 00:02:20,https://animehistory.org/gallery/screencaps/outlaw-star/episode-4/,https://animehistory.org/gallery/screencaps/outlaw-star/episode-4/,1,2026-10-07T01:48:46.106631+00:00,4cf03836f416699f08e7277074d22140641d841f69bb3f89c2985f370c7135c6,,UNVERIFIED
EP-04,When the Hot Ice Melts,00:02:23,143,847846,https://animehistory.org/uploads/screencaps/outlaw-star-E004-When-the-Hot-Ice-Melts/cap_00-02-23_7c38.jpg,Outlaw Star Ep 4: When the Hot Ice Melts @ 00:02:23,https://animehistory.org/gallery/screencaps/outlaw-star/episode-4/,https://animehistory.org/gallery/screencaps/outlaw-star/episode-4/,1,2026-10-07T01:48:46.106631+00:00,4cf03836f416699f08e7277074d22140641d841f69bb3f89c2985f370c7135c6,,UNVERIFIED
EP-04,When the Hot Ice Melts,00:02:27,147,847847,https://animehistory.org/uploads/screencaps/outlaw-star-E004-When-the-Hot-Ice-Melts/cap_00-02-27_688d.jpg,Outlaw Star Ep 4: When the Hot Ice Melts @ 00:02:27,https://animehistory.org/gallery/screencaps/outlaw-star/episode-4/,https://animehistory.org/gallery/screencaps/outlaw-star/episode-4/,1,2026-10-07T01:48:46.106631+00:00,4cf03836f416699f08e7277074d22140641d841f69bb3f89c2985f370c7135c6,,UNVERIFIED
EP-04,When the Hot Ice Melts,00:02:31,151,847848,https://animehistory.org/uploads/screencaps/outlaw-star-E004-When-the-Hot-Ice-Melts/cap_00-02-31_4291.jpg,Outlaw Star Ep 4: When the Hot Ice Melts @ 00:02:31,https://animehistory.org/gallery/screencaps/outlaw-star/episode-4/,https://animehistory.org/gallery/screencaps/outlaw-star/episode-4/,1,2026-10-07T01:48:46.106631+00:00,4cf03836f416699f08e7277074d22140641d841f69bb3f89c2985f370c7135c6,,UNVERIFIED
EP-04,When the Hot Ice Melts,00:02:34,154,847849,https://animehistory.org/uploads/screencaps/outlaw-star-E004-When-the-Hot-Ice-Melts/cap_00-02-34_6316.jpg,Outlaw Star Ep 4: When the Hot Ice Melts @ 00:02:34,https://animehistory.org/gallery/screencaps/outlaw-star/episode-4/,https://animehistory.org/gallery/screencaps/outlaw-star/episode-4/,1,2026-10-07T01:48:46.106631+00:00,4cf03836f416699f08e7277074d22140641d841f69bb3f89c2985f370c7135c6,,UNVERIFIED
EP-04,When the Hot Ice Melts,00:02:38,158,847850,https://animehistory.org/uploads/screencaps/outlaw-star-E004-When-the-Hot-Ice-Melts/cap_00-02-38_1c75.jpg,Outlaw Star Ep 4: When the Hot Ice Melts @ 00:02:38,https://animehistory.org/gallery/screencaps/outlaw-star/episode-4/,https://animehistory.org/gallery/screencaps/outlaw-star/episode-4/,1,2026-10-07T01:48:46.106631+00:00,4cf03836f416699f08e7277074d22140641d841f69bb3f89c2985f370c7135c6,,UNVERIFIED
EP-04,When the Hot Ice Melts,00:02:42,162,847851,https://animehistory.org/uploads/screencaps/outlaw-star-E004-When-the-Hot-Ice-Melts/cap_00-02-42_7f48.jpg,Outlaw Star Ep 4: When the Hot Ice Melts @ 00:02:42,https://animehistory.org/gallery/screencaps/outlaw-star/episode-4/,https://animehistory.org/gallery/screencaps/outlaw-star/episode-4/,1,2026-10-07T01:48:46.106631+00:00,4cf03836f416699f08e7277074d22140641d841f69bb3f89c2985f370c7135c6,,UNVERIFIED
EP-04,When the Hot Ice Melts,00:02:45,165,847852,https://animehistory.org/uploads/screencaps/outlaw-star-E004-When-the-Hot-Ice-Melts/cap_00-02-45_098d.jpg,Outlaw Star Ep 4: When the Hot Ice Melts @ 00:02:45,https://animehistory.org/gallery/screencaps/outlaw-star/episode-4/,https://animehistory.org/gallery/screencaps/outlaw-star/episode-4/,1,2026-10-07T01:48:46.106631+00:00,4cf03836f416699f08e7277074d22140641d841f69bb3f89c2985f370c7135c6,,UNVERIFIED
EP-04,When the Hot Ice Melts,00:02:49,169,847853,https://animehistory.org/uploads/screencaps/outlaw-star-E004-When-the-Hot-Ice-Melts/cap_00-02-49_53d7.jpg,Outlaw Star Ep 4: When the Hot Ice Melts @ 00:02:49,https://animehistory.org/gallery/screencaps/outlaw-star/episode-4/,https://animehistory.org/gallery/screencaps/outlaw-star/episode-4/,1,2026-10-07T01:48:46.106631+00:00,4cf03836f416699f08e7277074d22140641d841f69bb3f89c2985f370c7135c6,,UNVERIFIED
EP-04,When the Hot Ice Melts,00:02:53,173,847854,https://animehistory.org/uploads/screencaps/outlaw-star-E004-When-the-Hot-Ice-Melts/cap_00-02-53_7419.jpg,Outlaw Star Ep 4: When the Hot Ice Melts @ 00:02:53,https://animehistory.org/gallery/screencaps/outlaw-star/episode-4/,https://animehistory.org/gallery/screencaps/outlaw-star/episode-4/,1,2026-10-07T01:48:46.106631+00:00,4cf03836f416699f08e7277074d22140641d841f69bb3f89c2985f370c7135c6,,UNVERIFIED
EP-04,When the Hot Ice Melts,00:02:56,176,847855,https://animehistory.org/uploads/screencaps/outlaw-star-E004-When-the-Hot-Ice-Melts/cap_00-02-56_7f39.jpg,Outlaw Star Ep 4: When the Hot Ice Melts @ 00:02:56,https://animehistory.org/gallery/screencaps/outlaw-star/episode-4/,https://animehistory.org/gallery/screencaps/outlaw-star/episode-4/,1,2026-10-07T01:48:46.106631+00:00,4cf03836f416699f08e7277074d22140641d841f69bb3f89c2985f370c7135c6,,UNVERIFIED
EP-04,When the Hot Ice Melts,00:03:00,180,847856,https://animehistory.org/uploads/screencaps/outlaw-star-E004-When-the-Hot-Ice-Melts/cap_00-03-00_2ee1.jpg,Outlaw Star Ep 4: When the Hot Ice Melts @ 00:03:00,https://animehistory.org/gallery/screencaps/outlaw-star/episode-4/,https://animehistory.org/gallery/screencaps/outlaw-star/episode-4/,1,2026-10-07T01:48:46.106631+00:00,4cf03836f416699f08e7277074d22140641d841f69bb3f89c2985f370c7135c6,,UNVERIFIED
EP-04,When the Hot Ice Melts,00:03:04,184,847857,https://animehistory.org/uploads/screencaps/outlaw-star-E004-When-the-Hot-Ice-Melts/cap_00-03-04_4bd7.jpg,Outlaw Star Ep 4: When the Hot Ice Melts @ 00:03:04,https://animehistory.org/gallery/screencaps/outlaw-star/episode-4/,https://animehistory.org/gallery/screencaps/outlaw-star/episode-4/,1,2026-10-07T01:48:46.106631+00:00,4cf03836f416699f08e7277074d22140641d841f69bb3f89c2985f370c7135c6,,UNVERIFIED
EP-04,When the Hot Ice Melts,00:03:07,187,847858,https://animehistory.org/uploads/screencaps/outlaw-star-E004-When-the-Hot-Ice-Melts/cap_00-03-07_60a2.jpg,Outlaw Star Ep 4: When the Hot Ice Melts @ 00:03:07,https://animehistory.org/gallery/screencaps/outlaw-star/episode-4/,https://animehistory.org/gallery/screencaps/outlaw-star/episode-4/,1,2026-10-07T01:48:46.106631+00:00,4cf03836f416699f08e7277074d22140641d841f69bb3f89c2985f370c7135c6,,UNVERIFIED
EP-04,When the Hot Ice Melts,00:03:11,191,847859,https://animehistory.org/uploads/screencaps/outlaw-star-E004-When-the-Hot-Ice-Melts/cap_00-03-11_4343.jpg,Outlaw Star Ep 4: When the Hot Ice Melts @ 00:03:11,https://animehistory.org/gallery/screencaps/outlaw-star/episode-4/,https://animehistory.org/gallery/screencaps/outlaw-star/episode-4/,1,2026-10-07T01:48:46.106631+00:00,4cf03836f416699f08e7277074d22140641d841f69bb3f89c2985f370c7135c6,,UNVERIFIED
EP-04,When the Hot Ice Melts,00:03:15,195,847860,https://animehistory.org/uploads/screencaps/outlaw-star-E004-When-the-Hot-Ice-Melts/cap_00-03-15_77e0.jpg,Outlaw Star Ep 4: When the Hot Ice Melts @ 00:03:15,https://animehistory.org/gallery/screencaps/outlaw-star/episode-4/,https://animehistory.org/gallery/screencaps/outlaw-star/episode-4/,1,2026-10-07T01:48:46.106631+00:00,4cf03836f416699f08e7277074d22140641d841f69bb3f89c2985f370c7135c6,,UNVERIFIED
EP-04,When the Hot Ice Melts,00:03:18,198,847861,https://animehistory.org/uploads/screencaps/outlaw-star-E004-When-the-Hot-Ice-Melts/cap_00-03-18_264e.jpg,Outlaw Star Ep 4: When the Hot Ice Melts @ 00:03:18,https://animehistory.org/gallery/screencaps/outlaw-star/episode-4/,https://animehistory.org/gallery/screencaps/outlaw-star/episode-4/,1,2026-10-07T01:48:46.106631+00:00,4cf03836f416699f08e7277074d22140641d841f69bb3f89c2985f370c7135c6,,UNVERIFIED
EP-04,When the Hot Ice Melts,00:03:22,202,847862,https://animehistory.org/uploads/screencaps/outlaw-star-E004-When-the-Hot-Ice-Melts/cap_00-03-22_0668.jpg,Outlaw Star Ep 4: When the Hot Ice Melts @ 00:03:22,https://animehistory.org/gallery/screencaps/outlaw-star/episode-4/,https://animehistory.org/gallery/screencaps/outlaw-star/episode-4/,1,2026-10-07T01:48:46.106631+00:00,4cf03836f416699f08e7277074d22140641d841f69bb3f89c2985f370c7135c6,,UNVERIFIED
EP-04,When the Hot Ice Melts,00:03:26,206,847863,https://animehistory.org/uploads/screencaps/outlaw-star-E004-When-the-Hot-Ice-Melts/cap_00-03-26_4048.jpg,Outlaw Star Ep 4: When the Hot Ice Melts @ 00:03:26,https://animehistory.org/gallery/screencaps/outlaw-star/episode-4/,https://animehistory.org/gallery/screencaps/outlaw-star/episode-4/,1,2026-10-07T01:48:46.106631+00:00,4cf03836f416699f08e7277074d22140641d841f69bb3f89c2985f370c7135c6,,UNVERIFIED
EP-04,When the Hot Ice Melts,00:03:29,209,847864,https://animehistory.org/uploads/screencaps/outlaw-star-E004-When-the-Hot-Ice-Melts/cap_00-03-29_3922.jpg,Outlaw Star Ep 4: When the Hot Ice Melts @ 00:03:29,https://animehistory.org/gallery/screencaps/outlaw-star/episode-4/,https://animehistory.org/gallery/screencaps/outlaw-star/episode-4/,1,2026-10-07T01:48:46.106631+00:00,4cf03836f416699f08e7277074d22140641d841f69bb3f89c2985f370c7135c6,,UNVERIFIED
EP-04,When the Hot Ice Melts,00:03:33,213,847865,https://animehistory.org/uploads/screencaps/outlaw-star-E004-When-the-Hot-Ice-Melts/cap_00-03-33_7cb0.jpg,Outlaw Star Ep 4: When the Hot Ice Melts @ 00:03:33,https://animehistory.org/gallery/screencaps/outlaw-star/episode-4/,https://animehistory.org/gallery/screencaps/outlaw-star/episode-4/,1,2026-10-07T01:48:46.106631+00:00,4cf03836f416699f08e7277074d22140641d841f69bb3f89c2985f370c7135c6,,UNVERIFIED
EP-04,When the Hot Ice Melts,00:03:37,217,847866,https://animehistory.org/uploads/screencaps/outlaw-star-E004-When-the-Hot-Ice-Melts/cap_00-03-37_1849.jpg,Outlaw Star Ep 4: When the Hot Ice Melts @ 00:03:37,https://animehistory.org/gallery/screencaps/outlaw-star/episode-4/,https://animehistory.org/gallery/screencaps/outlaw-star/episode-4/,1,2026-10-07T01:48:46.106631+00:00,4cf03836f416699f08e7277074d22140641d841f69bb3f89c2985f370c7135c6,,UNVERIFIED
EP-04,When the Hot Ice Melts,00:03:40,220,847867,https://animehistory.org/uploads/screencaps/outlaw-star-E004-When-the-Hot-Ice-Melts/cap_00-03-40_1617.jpg,Outlaw Star Ep 4: When the Hot Ice Melts @ 00:03:40,https://animehistory.org/gallery/screencaps/outlaw-star/episode-4/,https://animehistory.org/gallery/screencaps/outlaw-star/episode-4/,1,2026-10-07T01:48:46.106631+00:00,4cf03836f416699f08e7277074d22140641d841f69bb3f89c2985f370c7135c6,,UNVERIFIED
EP-04,When the Hot Ice Melts,00:03:44,224,847868,https://animehistory.org/uploads/screencaps/outlaw-star-E004-When-the-Hot-Ice-Melts/cap_00-03-44_0041.jpg,Outlaw Star Ep 4: When the Hot Ice Melts @ 00:03:44,https://animehistory.org/gallery/screencaps/outlaw-star/episode-4/,https://animehistory.org/gallery/screencaps/outlaw-star/episode-4/,1,2026-10-07T01:48:46.106631+00:00,4cf03836f416699f08e7277074d22140641d841f69bb3f89c2985f370c7135c6,,UNVERIFIED
EP-04,When the Hot Ice Melts,00:03:47,227,847869,https://animehistory.org/uploads/screencaps/outlaw-star-E004-When-the-Hot-Ice-Melts/cap_00-03-47_6dbe.jpg,Outlaw Star Ep 4: When the Hot Ice Melts @ 00:03:47,https://animehistory.org/gallery/screencaps/outlaw-star/episode-4/,https://animehistory.org/gallery/screencaps/outlaw-star/episode-4/,1,2026-10-07T01:48:46.106631+00:00,4cf03836f416699f08e7277074d22140641d841f69bb3f89c2985f370c7135c6,,UNVERIFIED
EP-04,When the Hot Ice Melts,00:03:51,231,847870,https://animehistory.org/uploads/screencaps/outlaw-star-E004-When-the-Hot-Ice-Melts/cap_00-03-51_3fa9.jpg,Outlaw Star Ep 4: When the Hot Ice Melts @ 00:03:51,https://animehistory.org/gallery/screencaps/outlaw-star/episode-4/,https://animehistory.org/gallery/screencaps/outlaw-star/episode-4/,1,2026-10-07T01:48:46.106631+00:00,4cf03836f416699f08e7277074d22140641d841f69bb3f89c2985f370c7135c6,,UNVERIFIED
EP-04,When the Hot Ice Melts,00:03:55,235,847871,https://animehistory.org/uploads/screencaps/outlaw-star-E004-When-the-Hot-Ice-Melts/cap_00-03-55_4a85.jpg,Outlaw Star Ep 4: When the Hot Ice Melts @ 00:03:55,https://animehistory.org/gallery/screencaps/outlaw-star/episode-4/,https://animehistory.org/gallery/screencaps/outlaw-star/episode-4/,1,2026-10-07T01:48:46.106631+00:00,4cf03836f416699f08e7277074d22140641d841f69bb3f89c2985f370c7135c6,,UNVERIFIED
EP-04,When the Hot Ice Melts,00:03:58,238,847872,https://animehistory.org/uploads/screencaps/outlaw-star-E004-When-the-Hot-Ice-Melts/cap_00-03-58_4309.jpg,Outlaw Star Ep 4: When the Hot Ice Melts @ 00:03:58,https://animehistory.org/gallery/screencaps/outlaw-star/episode-4/,https://animehistory.org/gallery/screencaps/outlaw-star/episode-4/,1,2026-10-07T01:48:46.106631+00:00,4cf03836f416699f08e7277074d22140641d841f69bb3f89c2985f370c7135c6,,UNVERIFIED
EP-04,When the Hot Ice Melts,00:04:02,242,847873,https://animehistory.org/uploads/screencaps/outlaw-star-E004-When-the-Hot-Ice-Melts/cap_00-04-02_05d1.jpg,Outlaw Star Ep 4: When the Hot Ice Melts @ 00:04:02,https://animehistory.org/gallery/screencaps/outlaw-star/episode-4/,https://animehistory.org/gallery/screencaps/outlaw-star/episode-4/,1,2026-10-07T01:48:46.106631+00:00,4cf03836f416699f08e7277074d22140641d841f69bb3f89c2985f370c7135c6,,UNVERIFIED
EP-04,When the Hot Ice Melts,00:04:06,246,847874,https://animehistory.org/uploads/screencaps/outlaw-star-E004-When-the-Hot-Ice-Melts/cap_00-04-06_756d.jpg,Outlaw Star Ep 4: When the Hot Ice Melts @ 00:04:06,https://animehistory.org/gallery/screencaps/outlaw-star/episode-4/,https://animehistory.org/gallery/screencaps/outlaw-star/episode-4/,1,2026-10-07T01:48:46.106631+00:00,4cf03836f416699f08e7277074d22140641d841f69bb3f89c2985f370c7135c6,,UNVERIFIED
EP-04,When the Hot Ice Melts,00:04:09,249,847875,https://animehistory.org/uploads/screencaps/outlaw-star-E004-When-the-Hot-Ice-Melts/cap_00-04-09_607e.jpg,Outlaw Star Ep 4: When the Hot Ice Melts @ 00:04:09,https://animehistory.org/gallery/screencaps/outlaw-star/episode-4/,https://animehistory.org/gallery/screencaps/outlaw-star/episode-4/,1,2026-10-07T01:48:46.106631+00:00,4cf03836f416699f08e7277074d22140641d841f69bb3f89c2985f370c7135c6,,UNVERIFIED
EP-04,When the Hot Ice Melts,00:04:13,253,847876,https://animehistory.org/uploads/screencaps/outlaw-star-E004-When-the-Hot-Ice-Melts/cap_00-04-13_0371.jpg,Outlaw Star Ep 4: When the Hot Ice Melts @ 00:04:13,https://animehistory.org/gallery/screencaps/outlaw-star/episode-4/,https://animehistory.org/gallery/screencaps/outlaw-star/episode-4/,1,2026-10-07T01:48:46.106631+00:00,4cf03836f416699f08e7277074d22140641d841f69bb3f89c2985f370c7135c6,,UNVERIFIED
EP-04,When the Hot Ice Melts,00:04:17,257,847877,https://animehistory.org/uploads/screencaps/outlaw-star-E004-When-the-Hot-Ice-Melts/cap_00-04-17_14e8.jpg,Outlaw Star Ep 4: When the Hot Ice Melts @ 00:04:17,https://animehistory.org/gallery/screencaps/outlaw-star/episode-4/,https://animehistory.org/gallery/screencaps/outlaw-star/episode-4/,1,2026-10-07T01:48:46.106631+00:00,4cf03836f416699f08e7277074d22140641d841f69bb3f89c2985f370c7135c6,,UNVERIFIED
EP-04,When the Hot Ice Melts,00:04:20,260,847878,https://animehistory.org/uploads/screencaps/outlaw-star-E004-When-the-Hot-Ice-Melts/cap_00-04-20_0201.jpg,Outlaw Star Ep 4: When the Hot Ice Melts @ 00:04:20,https://animehistory.org/gallery/screencaps/outlaw-star/episode-4/,https://animehistory.org/gallery/screencaps/outlaw-star/episode-4/,1,2026-10-07T01:48:46.106631+00:00,4cf03836f416699f08e7277074d22140641d841f69bb3f89c2985f370c7135c6,,UNVERIFIED
EP-04,When the Hot Ice Melts,00:04:24,264,847879,https://animehistory.org/uploads/screencaps/outlaw-star-E004-When-the-Hot-Ice-Melts/cap_00-04-24_350f.jpg,Outlaw Star Ep 4: When the Hot Ice Melts @ 00:04:24,https://animehistory.org/gallery/screencaps/outlaw-star/episode-4/,https://animehistory.org/gallery/screencaps/outlaw-star/episode-4/,1,2026-10-07T01:48:46.106631+00:00,4cf03836f416699f08e7277074d22140641d841f69bb3f89c2985f370c7135c6,,UNVERIFIED
EP-04,When the Hot Ice Melts,00:04:28,268,847880,https://animehistory.org/uploads/screencaps/outlaw-star-E004-When-the-Hot-Ice-Melts/cap_00-04-28_38fa.jpg,Outlaw Star Ep 4: When the Hot Ice Melts @ 00:04:28,https://animehistory.org/gallery/screencaps/outlaw-star/episode-4/,https://animehistory.org/gallery/screencaps/outlaw-star/episode-4/,1,2026-10-07T01:48:46.106631+00:00,4cf03836f416699f08e7277074d22140641d841f69bb3f89c2985f370c7135c6,,UNVERIFIED
EP-04,When the Hot Ice Melts,00:04:31,271,847881,https://animehistory.org/uploads/screencaps/outlaw-star-E004-When-the-Hot-Ice-Melts/cap_00-04-31_5dd2.jpg,Outlaw Star Ep 4: When the Hot Ice Melts @ 00:04:31,https://animehistory.org/gallery/screencaps/outlaw-star/episode-4/,https://animehistory.org/gallery/screencaps/outlaw-star/episode-4/,1,2026-10-07T01:48:46.106631+00:00,4cf03836f416699f08e7277074d22140641d841f69bb3f89c2985f370c7135c6,,UNVERIFIED
EP-04,When the Hot Ice Melts,00:04:35,275,847882,https://animehistory.org/uploads/screencaps/outlaw-star-E004-When-the-Hot-Ice-Melts/cap_00-04-35_1467.jpg,Outlaw Star Ep 4: When the Hot Ice Melts @ 00:04:35,https://animehistory.org/gallery/screencaps/outlaw-star/episode-4/,https://animehistory.org/gallery/screencaps/outlaw-star/episode-4/,1,2026-10-07T01:48:46.106631+00:00,4cf03836f416699f08e7277074d22140641d841f69bb3f89c2985f370c7135c6,,UNVERIFIED
EP-04,When the Hot Ice Melts,00:04:39,279,847883,https://animehistory.org/uploads/screencaps/outlaw-star-E004-When-the-Hot-Ice-Melts/cap_00-04-39_529a.jpg,Outlaw Star Ep 4: When the Hot Ice Melts @ 00:04:39,https://animehistory.org/gallery/screencaps/outlaw-star/episode-4/,https://animehistory.org/gallery/screencaps/outlaw-star/episode-4/,1,2026-10-07T01:48:46.106631+00:00,4cf03836f416699f08e7277074d22140641d841f69bb3f89c2985f370c7135c6,,UNVERIFIED
EP-04,When the Hot Ice Melts,00:04:42,282,847884,https://animehistory.org/uploads/screencaps/outlaw-star-E004-When-the-Hot-Ice-Melts/cap_00-04-42_7cd1.jpg,Outlaw Star Ep 4: When the Hot Ice Melts @ 00:04:42,https://animehistory.org/gallery/screencaps/outlaw-star/episode-4/,https://animehistory.org/gallery/screencaps/outlaw-star/episode-4/,1,2026-10-07T01:48:46.106631+00:00,4cf03836f416699f08e7277074d22140641d841f69bb3f89c2985f370c7135c6,,UNVERIFIED
EP-04,When the Hot Ice Melts,00:04:46,286,847885,https://animehistory.org/uploads/screencaps/outlaw-star-E004-When-the-Hot-Ice-Melts/cap_00-04-46_5034.jpg,Outlaw Star Ep 4: When the Hot Ice Melts @ 00:04:46,https://animehistory.org/gallery/screencaps/outlaw-star/episode-4/,https://animehistory.org/gallery/screencaps/outlaw-star/episode-4/,1,2026-10-07T01:48:46.106631+00:00,4cf03836f416699f08e7277074d22140641d841f69bb3f89c2985f370c7135c6,,UNVERIFIED
EP-04,When the Hot Ice Melts,00:04:50,290,847886,https://animehistory.org/uploads/screencaps/outlaw-star-E004-When-the-Hot-Ice-Melts/cap_00-04-50_1092.jpg,Outlaw Star Ep 4: When the Hot Ice Melts @ 00:04:50,https://animehistory.org/gallery/screencaps/outlaw-star/episode-4/,https://animehistory.org/gallery/screencaps/outlaw-star/episode-4/,1,2026-10-07T01:48:46.106631+00:00,4cf03836f416699f08e7277074d22140641d841f69bb3f89c2985f370c7135c6,,UNVERIFIED
EP-04,When the Hot Ice Melts,00:04:53,293,847887,https://animehistory.org/uploads/screencaps/outlaw-star-E004-When-the-Hot-Ice-Melts/cap_00-04-53_1d9b.jpg,Outlaw Star Ep 4: When the Hot Ice Melts @ 00:04:53,https://animehistory.org/gallery/screencaps/outlaw-star/episode-4/,https://animehistory.org/gallery/screencaps/outlaw-star/episode-4/,1,2026-10-07T01:48:46.106631+00:00,4cf03836f416699f08e7277074d22140641d841f69bb3f89c2985f370c7135c6,,UNVERIFIED
EP-04,When the Hot Ice Melts,00:04:57,297,847888,https://animehistory.org/uploads/screencaps/outlaw-star-E004-When-the-Hot-Ice-Melts/cap_00-04-57_5e41.jpg,Outlaw Star Ep 4: When the Hot Ice Melts @ 00:04:57,https://animehistory.org/gallery/screencaps/outlaw-star/episode-4/,https://animehistory.org/gallery/screencaps/outlaw-star/episode-4/,1,2026-10-07T01:48:46.106631+00:00,4cf03836f416699f08e7277074d22140641d841f69bb3f89c2985f370c7135c6,,UNVERIFIED
EP-04,When the Hot Ice Melts,00:05:01,301,847889,https://animehistory.org/uploads/screencaps/outlaw-star-E004-When-the-Hot-Ice-Melts/cap_00-05-01_0ee9.jpg,Outlaw Star Ep 4: When the Hot Ice Melts @ 00:05:01,https://animehistory.org/gallery/screencaps/outlaw-star/episode-4/,https://animehistory.org/gallery/screencaps/outlaw-star/episode-4/,1,2026-10-07T01:48:46.106631+00:00,4cf03836f416699f08e7277074d22140641d841f69bb3f89c2985f370c7135c6,,UNVERIFIED
EP-04,When the Hot Ice Melts,00:05:04,304,847890,https://animehistory.org/uploads/screencaps/outlaw-star-E004-When-the-Hot-Ice-Melts/cap_00-05-04_3667.jpg,Outlaw Star Ep 4: When the Hot Ice Melts @ 00:05:04,https://animehistory.org/gallery/screencaps/outlaw-star/episode-4/,https://animehistory.org/gallery/screencaps/outlaw-star/episode-4/,1,2026-10-07T01:48:46.106631+00:00,4cf03836f416699f08e7277074d22140641d841f69bb3f89c2985f370c7135c6,,UNVERIFIED
EP-04,When the Hot Ice Melts,00:05:08,308,847891,https://animehistory.org/uploads/screencaps/outlaw-star-E004-When-the-Hot-Ice-Melts/cap_00-05-08_1fba.jpg,Outlaw Star Ep 4: When the Hot Ice Melts @ 00:05:08,https://animehistory.org/gallery/screencaps/outlaw-star/episode-4/,https://animehistory.org/gallery/screencaps/outlaw-star/episode-4/,1,2026-10-07T01:48:46.106631+00:00,4cf03836f416699f08e7277074d22140641d841f69bb3f89c2985f370c7135c6,,UNVERIFIED
EP-04,When the Hot Ice Melts,00:05:12,312,847892,https://animehistory.org/uploads/screencaps/outlaw-star-E004-When-the-Hot-Ice-Melts/cap_00-05-12_54f9.jpg,Outlaw Star Ep 4: When the Hot Ice Melts @ 00:05:12,https://animehistory.org/gallery/screencaps/outlaw-star/episode-4/,https://animehistory.org/gallery/screencaps/outlaw-star/episode-4/,1,2026-10-07T01:48:46.106631+00:00,4cf03836f416699f08e7277074d22140641d841f69bb3f89c2985f370c7135c6,,UNVERIFIED
EP-04,When the Hot Ice Melts,00:05:15,315,847893,https://animehistory.org/uploads/screencaps/outlaw-star-E004-When-the-Hot-Ice-Melts/cap_00-05-15_38fa.jpg,Outlaw Star Ep 4: When the Hot Ice Melts @ 00:05:15,https://animehistory.org/gallery/screencaps/outlaw-star/episode-4/,https://animehistory.org/gallery/screencaps/outlaw-star/episode-4/,1,2026-10-07T01:48:46.106631+00:00,4cf03836f416699f08e7277074d22140641d841f69bb3f89c2985f370c7135c6,,UNVERIFIED
EP-04,When the Hot Ice Melts,00:05:19,319,847894,https://animehistory.org/uploads/screencaps/outlaw-star-E004-When-the-Hot-Ice-Melts/cap_00-05-19_7e19.jpg,Outlaw Star Ep 4: When the Hot Ice Melts @ 00:05:19,https://animehistory.org/gallery/screencaps/outlaw-star/episode-4/,https://animehistory.org/gallery/screencaps/outlaw-star/episode-4/,1,2026-10-07T01:48:46.106631+00:00,4cf03836f416699f08e7277074d22140641d841f69bb3f89c2985f370c7135c6,,UNVERIFIED
EP-04,When the Hot Ice Melts,00:05:23,323,847895,https://animehistory.org/uploads/screencaps/outlaw-star-E004-When-the-Hot-Ice-Melts/cap_00-05-23_570d.jpg,Outlaw Star Ep 4: When the Hot Ice Melts @ 00:05:23,https://animehistory.org/gallery/screencaps/outlaw-star/episode-4/,https://animehistory.org/gallery/screencaps/outlaw-star/episode-4/,1,2026-10-07T01:48:46.106631+00:00,4cf03836f416699f08e7277074d22140641d841f69bb3f89c2985f370c7135c6,,UNVERIFIED
EP-04,When the Hot Ice Melts,00:05:26,326,847896,https://animehistory.org/uploads/screencaps/outlaw-star-E004-When-the-Hot-Ice-Melts/cap_00-05-26_0cfe.jpg,Outlaw Star Ep 4: When the Hot Ice Melts @ 00:05:26,https://animehistory.org/gallery/screencaps/outlaw-star/episode-4/,https://animehistory.org/gallery/screencaps/outlaw-star/episode-4/,1,2026-10-07T01:48:46.106631+00:00,4cf03836f416699f08e7277074d22140641d841f69bb3f89c2985f370c7135c6,,UNVERIFIED
EP-04,When the Hot Ice Melts,00:05:30,330,847897,https://animehistory.org/uploads/screencaps/outlaw-star-E004-When-the-Hot-Ice-Melts/cap_00-05-30_7efd.jpg,Outlaw Star Ep 4: When the Hot Ice Melts @ 00:05:30,https://animehistory.org/gallery/screencaps/outlaw-star/episode-4/,https://animehistory.org/gallery/screencaps/outlaw-star/episode-4/,1,2026-10-07T01:48:46.106631+00:00,4cf03836f416699f08e7277074d22140641d841f69bb3f89c2985f370c7135c6,,UNVERIFIED
EP-04,When the Hot Ice Melts,00:05:34,334,847898,https://animehistory.org/uploads/screencaps/outlaw-star-E004-When-the-Hot-Ice-Melts/cap_00-05-34_6c72.jpg,Outlaw Star Ep 4: When the Hot Ice Melts @ 00:05:34,https://animehistory.org/gallery/screencaps/outlaw-star/episode-4/,https://animehistory.org/gallery/screencaps/outlaw-star/episode-4/,1,2026-10-07T01:48:46.106631+00:00,4cf03836f416699f08e7277074d22140641d841f69bb3f89c2985f370c7135c6,,UNVERIFIED
EP-04,When the Hot Ice Melts,00:05:37,337,847899,https://animehistory.org/uploads/screencaps/outlaw-star-E004-When-the-Hot-Ice-Melts/cap_00-05-37_1c03.jpg,Outlaw Star Ep 4: When the Hot Ice Melts @ 00:05:37,https://animehistory.org/gallery/screencaps/outlaw-star/episode-4/,https://animehistory.org/gallery/screencaps/outlaw-star/episode-4/,1,2026-10-07T01:48:46.106631+00:00,4cf03836f416699f08e7277074d22140641d841f69bb3f89c2985f370c7135c6,,UNVERIFIED
EP-04,When the Hot Ice Melts,00:05:41,341,847900,https://animehistory.org/uploads/screencaps/outlaw-star-E004-When-the-Hot-Ice-Melts/cap_00-05-41_5cd0.jpg,Outlaw Star Ep 4: When the Hot Ice Melts @ 00:05:41,https://animehistory.org/gallery/screencaps/outlaw-star/episode-4/,https://animehistory.org/gallery/screencaps/outlaw-star/episode-4/,1,2026-10-07T01:48:46.106631+00:00,4cf03836f416699f08e7277074d22140641d841f69bb3f89c2985f370c7135c6,,UNVERIFIED
EP-04,When the Hot Ice Melts,00:05:44,344,847901,https://animehistory.org/uploads/screencaps/outlaw-star-E004-When-the-Hot-Ice-Melts/cap_00-05-44_1097.jpg,Outlaw Star Ep 4: When the Hot Ice Melts @ 00:05:44,https://animehistory.org/gallery/screencaps/outlaw-star/episode-4/,https://animehistory.org/gallery/screencaps/outlaw-star/episode-4/,1,2026-10-07T01:48:46.106631+00:00,4cf03836f416699f08e7277074d22140641d841f69bb3f89c2985f370c7135c6,,UNVERIFIED
EP-04,When the Hot Ice Melts,00:05:48,348,847902,https://animehistory.org/uploads/screencaps/outlaw-star-E004-When-the-Hot-Ice-Melts/cap_00-05-48_7929.jpg,Outlaw Star Ep 4: When the Hot Ice Melts @ 00:05:48,https://animehistory.org/gallery/screencaps/outlaw-star/episode-4/,https://animehistory.org/gallery/screencaps/outlaw-star/episode-4/,1,2026-10-07T01:48:46.106631+00:00,4cf03836f416699f08e7277074d22140641d841f69bb3f89c2985f370c7135c6,,UNVERIFIED
EP-04,When the Hot Ice Melts,00:05:52,352,847903,https://animehistory.org/uploads/screencaps/outlaw-star-E004-When-the-Hot-Ice-Melts/cap_00-05-52_3b26.jpg,Outlaw Star Ep 4: When the Hot Ice Melts @ 00:05:52,https://animehistory.org/gallery/screencaps/outlaw-star/episode-4/,https://animehistory.org/gallery/screencaps/outlaw-star/episode-4/,1,2026-10-07T01:48:46.106631+00:00,4cf03836f416699f08e7277074d22140641d841f69bb3f89c2985f370c7135c6,,UNVERIFIED
EP-04,When the Hot Ice Melts,00:05:55,355,847904,https://animehistory.org/uploads/screencaps/outlaw-star-E004-When-the-Hot-Ice-Melts/cap_00-05-55_577c.jpg,Outlaw Star Ep 4: When the Hot Ice Melts @ 00:05:55,https://animehistory.org/gallery/screencaps/outlaw-star/episode-4/,https://animehistory.org/gallery/screencaps/outlaw-star/episode-4/,1,2026-10-07T01:48:46.106631+00:00,4cf03836f416699f08e7277074d22140641d841f69bb3f89c2985f370c7135c6,,UNVERIFIED
EP-04,When the Hot Ice Melts,00:05:59,359,847905,https://animehistory.org/uploads/screencaps/outlaw-star-E004-When-the-Hot-Ice-Melts/cap_00-05-59_0d87.jpg,Outlaw Star Ep 4: When the Hot Ice Melts @ 00:05:59,https://animehistory.org/gallery/screencaps/outlaw-star/episode-4/,https://animehistory.org/gallery/screencaps/outlaw-star/episode-4/,1,2026-10-07T01:48:46.106631+00:00,4cf03836f416699f08e7277074d22140641d841f69bb3f89c2985f370c7135c6,,UNVERIFIED
EP-04,When the Hot Ice Melts,00:06:03,363,847906,https://animehistory.org/uploads/screencaps/outlaw-star-E004-When-the-Hot-Ice-Melts/cap_00-06-03_0604.jpg,Outlaw Star Ep 4: When the Hot Ice Melts @ 00:06:03,https://animehistory.org/gallery/screencaps/outlaw-star/episode-4/,https://animehistory.org/gallery/screencaps/outlaw-star/episode-4/,1,2026-10-07T01:48:46.106631+00:00,4cf03836f416699f08e7277074d22140641d841f69bb3f89c2985f370c7135c6,,UNVERIFIED
EP-04,When the Hot Ice Melts,00:06:06,366,847907,https://animehistory.org/uploads/screencaps/outlaw-star-E004-When-the-Hot-Ice-Melts/cap_00-06-06_3885.jpg,Outlaw Star Ep 4: When the Hot Ice Melts @ 00:06:06,https://animehistory.org/gallery/screencaps/outlaw-star/episode-4/,https://animehistory.org/gallery/screencaps/outlaw-star/episode-4/,1,2026-10-07T01:48:46.106631+00:00,4cf03836f416699f08e7277074d22140641d841f69bb3f89c2985f370c7135c6,,UNVERIFIED
EP-04,When the Hot Ice Melts,00:06:10,370,847908,https://animehistory.org/uploads/screencaps/outlaw-star-E004-When-the-Hot-Ice-Melts/cap_00-06-10_0cc0.jpg,Outlaw Star Ep 4: When the Hot Ice Melts @ 00:06:10,https://animehistory.org/gallery/screencaps/outlaw-star/episode-4/,https://animehistory.org/gallery/screencaps/outlaw-star/episode-4/,1,2026-10-07T01:48:46.106631+00:00,4cf03836f416699f08e7277074d22140641d841f69bb3f89c2985f370c7135c6,,UNVERIFIED
EP-04,When the Hot Ice Melts,00:06:14,374,847909,https://animehistory.org/uploads/screencaps/outlaw-star-E004-When-the-Hot-Ice-Melts/cap_00-06-14_599c.jpg,Outlaw Star Ep 4: When the Hot Ice Melts @ 00:06:14,https://animehistory.org/gallery/screencaps/outlaw-star/episode-4/,https://animehistory.org/gallery/screencaps/outlaw-star/episode-4/,1,2026-10-07T01:48:46.106631+00:00,4cf03836f416699f08e7277074d22140641d841f69bb3f89c2985f370c7135c6,,UNVERIFIED
EP-04,When the Hot Ice Melts,00:06:17,377,847910,https://animehistory.org/uploads/screencaps/outlaw-star-E004-When-the-Hot-Ice-Melts/cap_00-06-17_21c0.jpg,Outlaw Star Ep 4: When the Hot Ice Melts @ 00:06:17,https://animehistory.org/gallery/screencaps/outlaw-star/episode-4/,https://animehistory.org/gallery/screencaps/outlaw-star/episode-4/,1,2026-10-07T01:48:46.106631+00:00,4cf03836f416699f08e7277074d22140641d841f69bb3f89c2985f370c7135c6,,UNVERIFIED
EP-04,When the Hot Ice Melts,00:06:21,381,847911,https://animehistory.org/uploads/screencaps/outlaw-star-E004-When-the-Hot-Ice-Melts/cap_00-06-21_559e.jpg,Outlaw Star Ep 4: When the Hot Ice Melts @ 00:06:21,https://animehistory.org/gallery/screencaps/outlaw-star/episode-4/,https://animehistory.org/gallery/screencaps/outlaw-star/episode-4/,1,2026-10-07T01:48:46.106631+00:00,4cf03836f416699f08e7277074d22140641d841f69bb3f89c2985f370c7135c6,,UNVERIFIED
EP-04,When the Hot Ice Melts,00:06:25,385,847912,https://animehistory.org/uploads/screencaps/outlaw-star-E004-When-the-Hot-Ice-Melts/cap_00-06-25_016d.jpg,Outlaw Star Ep 4: When the Hot Ice Melts @ 00:06:25,https://animehistory.org/gallery/screencaps/outlaw-star/episode-4/,https://animehistory.org/gallery/screencaps/outlaw-star/episode-4/,1,2026-10-07T01:48:46.106631+00:00,4cf03836f416699f08e7277074d22140641d841f69bb3f89c2985f370c7135c6,,UNVERIFIED
EP-04,When the Hot Ice Melts,00:06:28,388,847913,https://animehistory.org/uploads/screencaps/outlaw-star-E004-When-the-Hot-Ice-Melts/cap_00-06-28_75b6.jpg,Outlaw Star Ep 4: When the Hot Ice Melts @ 00:06:28,https://animehistory.org/gallery/screencaps/outlaw-star/episode-4/,https://animehistory.org/gallery/screencaps/outlaw-star/episode-4/,1,2026-10-07T01:48:46.106631+00:00,4cf03836f416699f08e7277074d22140641d841f69bb3f89c2985f370c7135c6,,UNVERIFIED
EP-04,When the Hot Ice Melts,00:06:32,392,847914,https://animehistory.org/uploads/screencaps/outlaw-star-E004-When-the-Hot-Ice-Melts/cap_00-06-32_7a4d.jpg,Outlaw Star Ep 4: When the Hot Ice Melts @ 00:06:32,https://animehistory.org/gallery/screencaps/outlaw-star/episode-4/,https://animehistory.org/gallery/screencaps/outlaw-star/episode-4/,1,2026-10-07T01:48:46.106631+00:00,4cf03836f416699f08e7277074d22140641d841f69bb3f89c2985f370c7135c6,,UNVERIFIED
EP-04,When the Hot Ice Melts,00:06:36,396,847915,https://animehistory.org/uploads/screencaps/outlaw-star-E004-When-the-Hot-Ice-Melts/cap_00-06-36_016e.jpg,Outlaw Star Ep 4: When the Hot Ice Melts @ 00:06:36,https://animehistory.org/gallery/screencaps/outlaw-star/episode-4/,https://animehistory.org/gallery/screencaps/outlaw-star/episode-4/,1,2026-10-07T01:48:46.106631+00:00,4cf03836f416699f08e7277074d22140641d841f69bb3f89c2985f370c7135c6,,UNVERIFIED
EP-04,When the Hot Ice Melts,00:06:39,399,847916,https://animehistory.org/uploads/screencaps/outlaw-star-E004-When-the-Hot-Ice-Melts/cap_00-06-39_4a7b.jpg,Outlaw Star Ep 4: When the Hot Ice Melts @ 00:06:39,https://animehistory.org/gallery/screencaps/outlaw-star/episode-4/,https://animehistory.org/gallery/screencaps/outlaw-star/episode-4/,1,2026-10-07T01:48:46.106631+00:00,4cf03836f416699f08e7277074d22140641d841f69bb3f89c2985f370c7135c6,,UNVERIFIED
EP-04,When the Hot Ice Melts,00:06:43,403,847917,https://animehistory.org/uploads/screencaps/outlaw-star-E004-When-the-Hot-Ice-Melts/cap_00-06-43_39a0.jpg,Outlaw Star Ep 4: When the Hot Ice Melts @ 00:06:43,https://animehistory.org/gallery/screencaps/outlaw-star/episode-4/,https://animehistory.org/gallery/screencaps/outlaw-star/episode-4/,1,2026-10-07T01:48:46.106631+00:00,4cf03836f416699f08e7277074d22140641d841f69bb3f89c2985f370c7135c6,,UNVERIFIED
EP-04,When the Hot Ice Melts,00:06:47,407,847918,https://animehistory.org/uploads/screencaps/outlaw-star-E004-When-the-Hot-Ice-Melts/cap_00-06-47_0164.jpg,Outlaw Star Ep 4: When the Hot Ice Melts @ 00:06:47,https://animehistory.org/gallery/screencaps/outlaw-star/episode-4/,https://animehistory.org/gallery/screencaps/outlaw-star/episode-4/,1,2026-10-07T01:48:46.106631+00:00,4cf03836f416699f08e7277074d22140641d841f69bb3f89c2985f370c7135c6,,UNVERIFIED
EP-04,When the Hot Ice Melts,00:06:50,410,847919,https://animehistory.org/uploads/screencaps/outlaw-star-E004-When-the-Hot-Ice-Melts/cap_00-06-50_2a17.jpg,Outlaw Star Ep 4: When the Hot Ice Melts @ 00:06:50,https://animehistory.org/gallery/screencaps/outlaw-star/episode-4/,https://animehistory.org/gallery/screencaps/outlaw-star/episode-4/,1,2026-10-07T01:48:46.106631+00:00,4cf03836f416699f08e7277074d22140641d841f69bb3f89c2985f370c7135c6,,UNVERIFIED
EP-04,When the Hot Ice Melts,00:06:54,414,847920,https://animehistory.org/uploads/screencaps/outlaw-star-E004-When-the-Hot-Ice-Melts/cap_00-06-54_10d5.jpg,Outlaw Star Ep 4: When the Hot Ice Melts @ 00:06:54,https://animehistory.org/gallery/screencaps/outlaw-star/episode-4/,https://animehistory.org/gallery/screencaps/outlaw-star/episode-4/,1,2026-10-07T01:48:46.106631+00:00,4cf03836f416699f08e7277074d22140641d841f69bb3f89c2985f370c7135c6,,UNVERIFIED
EP-04,When the Hot Ice Melts,00:06:58,418,847921,https://animehistory.org/uploads/screencaps/outlaw-star-E004-When-the-Hot-Ice-Melts/cap_00-06-58_42d9.jpg,Outlaw Star Ep 4: When the Hot Ice Melts @ 00:06:58,https://animehistory.org/gallery/screencaps/outlaw-star/episode-4/,https://animehistory.org/gallery/screencaps/outlaw-star/episode-4/,1,2026-10-07T01:48:46.106631+00:00,4cf03836f416699f08e7277074d22140641d841f69bb3f89c2985f370c7135c6,,UNVERIFIED
EP-04,When the Hot Ice Melts,00:07:01,421,847922,https://animehistory.org/uploads/screencaps/outlaw-star-E004-When-the-Hot-Ice-Melts/cap_00-07-01_7522.jpg,Outlaw Star Ep 4: When the Hot Ice Melts @ 00:07:01,https://animehistory.org/gallery/screencaps/outlaw-star/episode-4/,https://animehistory.org/gallery/screencaps/outlaw-star/episode-4/,1,2026-10-07T01:48:46.106631+00:00,4cf03836f416699f08e7277074d22140641d841f69bb3f89c2985f370c7135c6,,UNVERIFIED
EP-04,When the Hot Ice Melts,00:07:05,425,847923,https://animehistory.org/uploads/screencaps/outlaw-star-E004-When-the-Hot-Ice-Melts/cap_00-07-05_16c7.jpg,Outlaw Star Ep 4: When the Hot Ice Melts @ 00:07:05,https://animehistory.org/gallery/screencaps/outlaw-star/episode-4/,https://animehistory.org/gallery/screencaps/outlaw-star/episode-4/,1,2026-10-07T01:48:46.106631+00:00,4cf03836f416699f08e7277074d22140641d841f69bb3f89c2985f370c7135c6,,UNVERIFIED
EP-04,When the Hot Ice Melts,00:07:09,429,847924,https://animehistory.org/uploads/screencaps/outlaw-star-E004-When-the-Hot-Ice-Melts/cap_00-07-09_3b55.jpg,Outlaw Star Ep 4: When the Hot Ice Melts @ 00:07:09,https://animehistory.org/gallery/screencaps/outlaw-star/episode-4/,https://animehistory.org/gallery/screencaps/outlaw-star/episode-4/,1,2026-10-07T01:48:46.106631+00:00,4cf03836f416699f08e7277074d22140641d841f69bb3f89c2985f370c7135c6,,UNVERIFIED
EP-04,When the Hot Ice Melts,00:07:12,432,847925,https://animehistory.org/uploads/screencaps/outlaw-star-E004-When-the-Hot-Ice-Melts/cap_00-07-12_53e9.jpg,Outlaw Star Ep 4: When the Hot Ice Melts @ 00:07:12,https://animehistory.org/gallery/screencaps/outlaw-star/episode-4/,https://animehistory.org/gallery/screencaps/outlaw-star/episode-4/,1,2026-10-07T01:48:46.106631+00:00,4cf03836f416699f08e7277074d22140641d841f69bb3f89c2985f370c7135c6,,UNVERIFIED
EP-04,When the Hot Ice Melts,00:07:16,436,847926,https://animehistory.org/uploads/screencaps/outlaw-star-E004-When-the-Hot-Ice-Melts/cap_00-07-16_23bc.jpg,Outlaw Star Ep 4: When the Hot Ice Melts @ 00:07:16,https://animehistory.org/gallery/screencaps/outlaw-star/episode-4/,https://animehistory.org/gallery/screencaps/outlaw-star/episode-4/,1,2026-10-07T01:48:46.106631+00:00,4cf03836f416699f08e7277074d22140641d841f69bb3f89c2985f370c7135c6,,UNVERIFIED
EP-04,When the Hot Ice Melts,00:07:20,440,847927,https://animehistory.org/uploads/screencaps/outlaw-star-E004-When-the-Hot-Ice-Melts/cap_00-07-20_0b1d.jpg,Outlaw Star Ep 4: When the Hot Ice Melts @ 00:07:20,https://animehistory.org/gallery/screencaps/outlaw-star/episode-4/,https://animehistory.org/gallery/screencaps/outlaw-star/episode-4/,1,2026-10-07T01:48:46.106631+00:00,4cf03836f416699f08e7277074d22140641d841f69bb3f89c2985f370c7135c6,,UNVERIFIED
EP-04,When the Hot Ice Melts,00:07:23,443,847928,https://animehistory.org/uploads/screencaps/outlaw-star-E004-When-the-Hot-Ice-Melts/cap_00-07-23_6189.jpg,Outlaw Star Ep 4: When the Hot Ice Melts @ 00:07:23,https://animehistory.org/gallery/screencaps/outlaw-star/episode-4/,https://animehistory.org/gallery/screencaps/outlaw-star/episode-4/,1,2026-10-07T01:48:46.106631+00:00,4cf03836f416699f08e7277074d22140641d841f69bb3f89c2985f370c7135c6,,UNVERIFIED
EP-04,When the Hot Ice Melts,00:07:27,447,847929,https://animehistory.org/uploads/screencaps/outlaw-star-E004-When-the-Hot-Ice-Melts/cap_00-07-27_3bbd.jpg,Outlaw Star Ep 4: When the Hot Ice Melts @ 00:07:27,https://animehistory.org/gallery/screencaps/outlaw-star/episode-4/,https://animehistory.org/gallery/screencaps/outlaw-star/episode-4/,1,2026-10-07T01:48:46.106631+00:00,4cf03836f416699f08e7277074d22140641d841f69bb3f89c2985f370c7135c6,,UNVERIFIED
EP-04,When the Hot Ice Melts,00:07:31,451,847930,https://animehistory.org/uploads/screencaps/outlaw-star-E004-When-the-Hot-Ice-Melts/cap_00-07-31_4895.jpg,Outlaw Star Ep 4: When the Hot Ice Melts @ 00:07:31,https://animehistory.org/gallery/screencaps/outlaw-star/episode-4/,https://animehistory.org/gallery/screencaps/outlaw-star/episode-4/,1,2026-10-07T01:48:46.106631+00:00,4cf03836f416699f08e7277074d22140641d841f69bb3f89c2985f370c7135c6,,UNVERIFIED
EP-04,When the Hot Ice Melts,00:07:34,454,847931,https://animehistory.org/uploads/screencaps/outlaw-star-E004-When-the-Hot-Ice-Melts/cap_00-07-34_489e.jpg,Outlaw Star Ep 4: When the Hot Ice Melts @ 00:07:34,https://animehistory.org/gallery/screencaps/outlaw-star/episode-4/,https://animehistory.org/gallery/screencaps/outlaw-star/episode-4/,1,2026-10-07T01:48:46.106631+00:00,4cf03836f416699f08e7277074d22140641d841f69bb3f89c2985f370c7135c6,,UNVERIFIED
EP-04,When the Hot Ice Melts,00:07:38,458,847932,https://animehistory.org/uploads/screencaps/outlaw-star-E004-When-the-Hot-Ice-Melts/cap_00-07-38_1fd7.jpg,Outlaw Star Ep 4: When the Hot Ice Melts @ 00:07:38,https://animehistory.org/gallery/screencaps/outlaw-star/episode-4/,https://animehistory.org/gallery/screencaps/outlaw-star/episode-4/,1,2026-10-07T01:48:46.106631+00:00,4cf03836f416699f08e7277074d22140641d841f69bb3f89c2985f370c7135c6,,UNVERIFIED
EP-04,When the Hot Ice Melts,00:07:41,461,847933,https://animehistory.org/uploads/screencaps/outlaw-star-E004-When-the-Hot-Ice-Melts/cap_00-07-41_17d6.jpg,Outlaw Star Ep 4: When the Hot Ice Melts @ 00:07:41,https://animehistory.org/gallery/screencaps/outlaw-star/episode-4/,https://animehistory.org/gallery/screencaps/outlaw-star/episode-4/,1,2026-10-07T01:48:46.106631+00:00,4cf03836f416699f08e7277074d22140641d841f69bb3f89c2985f370c7135c6,,UNVERIFIED
EP-04,When the Hot Ice Melts,00:07:45,465,847934,https://animehistory.org/uploads/screencaps/outlaw-star-E004-When-the-Hot-Ice-Melts/cap_00-07-45_573d.jpg,Outlaw Star Ep 4: When the Hot Ice Melts @ 00:07:45,https://animehistory.org/gallery/screencaps/outlaw-star/episode-4/,https://animehistory.org/gallery/screencaps/outlaw-star/episode-4/,1,2026-10-07T01:48:46.106631+00:00,4cf03836f416699f08e7277074d22140641d841f69bb3f89c2985f370c7135c6,,UNVERIFIED
EP-04,When the Hot Ice Melts,00:07:49,469,847935,https://animehistory.org/uploads/screencaps/outlaw-star-E004-When-the-Hot-Ice-Melts/cap_00-07-49_3627.jpg,Outlaw Star Ep 4: When the Hot Ice Melts @ 00:07:49,https://animehistory.org/gallery/screencaps/outlaw-star/episode-4/,https://animehistory.org/gallery/screencaps/outlaw-star/episode-4/?page=2,2,2026-10-07T01:48:47.538202+00:00,1749b8cb84d25c99c44649ce2dc403dbd1a0da2073391f3965cd52d36641e0f3,,UNVERIFIED
EP-04,When the Hot Ice Melts,00:07:52,472,847936,https://animehistory.org/uploads/screencaps/outlaw-star-E004-When-the-Hot-Ice-Melts/cap_00-07-52_5154.jpg,Outlaw Star Ep 4: When the Hot Ice Melts @ 00:07:52,https://animehistory.org/gallery/screencaps/outlaw-star/episode-4/,https://animehistory.org/gallery/screencaps/outlaw-star/episode-4/?page=2,2,2026-10-07T01:48:47.538202+00:00,1749b8cb84d25c99c44649ce2dc403dbd1a0da2073391f3965cd52d36641e0f3,,UNVERIFIED
EP-04,When the Hot Ice Melts,00:07:56,476,847937,https://animehistory.org/uploads/screencaps/outlaw-star-E004-When-the-Hot-Ice-Melts/cap_00-07-56_31a6.jpg,Outlaw Star Ep 4: When the Hot Ice Melts @ 00:07:56,https://animehistory.org/gallery/screencaps/outlaw-star/episode-4/,https://animehistory.org/gallery/screencaps/outlaw-star/episode-4/?page=2,2,2026-10-07T01:48:47.538202+00:00,1749b8cb84d25c99c44649ce2dc403dbd1a0da2073391f3965cd52d36641e0f3,,UNVERIFIED
EP-04,When the Hot Ice Melts,00:08:00,480,847938,https://animehistory.org/uploads/screencaps/outlaw-star-E004-When-the-Hot-Ice-Melts/cap_00-08-00_76dd.jpg,Outlaw Star Ep 4: When the Hot Ice Melts @ 00:08:00,https://animehistory.org/gallery/screencaps/outlaw-star/episode-4/,https://animehistory.org/gallery/screencaps/outlaw-star/episode-4/?page=2,2,2026-10-07T01:48:47.538202+00:00,1749b8cb84d25c99c44649ce2dc403dbd1a0da2073391f3965cd52d36641e0f3,,UNVERIFIED
EP-04,When the Hot Ice Melts,00:08:03,483,847939,https://animehistory.org/uploads/screencaps/outlaw-star-E004-When-the-Hot-Ice-Melts/cap_00-08-03_759e.jpg,Outlaw Star Ep 4: When the Hot Ice Melts @ 00:08:03,https://animehistory.org/gallery/screencaps/outlaw-star/episode-4/,https://animehistory.org/gallery/screencaps/outlaw-star/episode-4/?page=2,2,2026-10-07T01:48:47.538202+00:00,1749b8cb84d25c99c44649ce2dc403dbd1a0da2073391f3965cd52d36641e0f3,,UNVERIFIED
EP-04,When the Hot Ice Melts,00:08:07,487,847940,https://animehistory.org/uploads/screencaps/outlaw-star-E004-When-the-Hot-Ice-Melts/cap_00-08-07_2605.jpg,Outlaw Star Ep 4: When the Hot Ice Melts @ 00:08:07,https://animehistory.org/gallery/screencaps/outlaw-star/episode-4/,https://animehistory.org/gallery/screencaps/outlaw-star/episode-4/?page=2,2,2026-10-07T01:48:47.538202+00:00,1749b8cb84d25c99c44649ce2dc403dbd1a0da2073391f3965cd52d36641e0f3,,UNVERIFIED
EP-04,When the Hot Ice Melts,00:08:11,491,847941,https://animehistory.org/uploads/screencaps/outlaw-star-E004-When-the-Hot-Ice-Melts/cap_00-08-11_149d.jpg,Outlaw Star Ep 4: When the Hot Ice Melts @ 00:08:11,https://animehistory.org/gallery/screencaps/outlaw-star/episode-4/,https://animehistory.org/gallery/screencaps/outlaw-star/episode-4/?page=2,2,2026-10-07T01:48:47.538202+00:00,1749b8cb84d25c99c44649ce2dc403dbd1a0da2073391f3965cd52d36641e0f3,,UNVERIFIED
EP-04,When the Hot Ice Melts,00:08:14,494,847942,https://animehistory.org/uploads/screencaps/outlaw-star-E004-When-the-Hot-Ice-Melts/cap_00-08-14_1952.jpg,Outlaw Star Ep 4: When the Hot Ice Melts @ 00:08:14,https://animehistory.org/gallery/screencaps/outlaw-star/episode-4/,https://animehistory.org/gallery/screencaps/outlaw-star/episode-4/?page=2,2,2026-10-07T01:48:47.538202+00:00,1749b8cb84d25c99c44649ce2dc403dbd1a0da2073391f3965cd52d36641e0f3,,UNVERIFIED
EP-04,When the Hot Ice Melts,00:08:18,498,847943,https://animehistory.org/uploads/screencaps/outlaw-star-E004-When-the-Hot-Ice-Melts/cap_00-08-18_62d3.jpg,Outlaw Star Ep 4: When the Hot Ice Melts @ 00:08:18,https://animehistory.org/gallery/screencaps/outlaw-star/episode-4/,https://animehistory.org/gallery/screencaps/outlaw-star/episode-4/?page=2,2,2026-10-07T01:48:47.538202+00:00,1749b8cb84d25c99c44649ce2dc403dbd1a0da2073391f3965cd52d36641e0f3,,UNVERIFIED
EP-04,When the Hot Ice Melts,00:08:22,502,847944,https://animehistory.org/uploads/screencaps/outlaw-star-E004-When-the-Hot-Ice-Melts/cap_00-08-22_18a6.jpg,Outlaw Star Ep 4: When the Hot Ice Melts @ 00:08:22,https://animehistory.org/gallery/screencaps/outlaw-star/episode-4/,https://animehistory.org/gallery/screencaps/outlaw-star/episode-4/?page=2,2,2026-10-07T01:48:47.538202+00:00,1749b8cb84d25c99c44649ce2dc403dbd1a0da2073391f3965cd52d36641e0f3,,UNVERIFIED
EP-04,When the Hot Ice Melts,00:08:25,505,847945,https://animehistory.org/uploads/screencaps/outlaw-star-E004-When-the-Hot-Ice-Melts/cap_00-08-25_28a9.jpg,Outlaw Star Ep 4: When the Hot Ice Melts @ 00:08:25,https://animehistory.org/gallery/screencaps/outlaw-star/episode-4/,https://animehistory.org/gallery/screencaps/outlaw-star/episode-4/?page=2,2,2026-10-07T01:48:47.538202+00:00,1749b8cb84d25c99c44649ce2dc403dbd1a0da2073391f3965cd52d36641e0f3,,UNVERIFIED
EP-04,When the Hot Ice Melts,00:08:29,509,847946,https://animehistory.org/uploads/screencaps/outlaw-star-E004-When-the-Hot-Ice-Melts/cap_00-08-29_2293.jpg,Outlaw Star Ep 4: When the Hot Ice Melts @ 00:08:29,https://animehistory.org/gallery/screencaps/outlaw-star/episode-4/,https://animehistory.org/gallery/screencaps/outlaw-star/episode-4/?page=2,2,2026-10-07T01:48:47.538202+00:00,1749b8cb84d25c99c44649ce2dc403dbd1a0da2073391f3965cd52d36641e0f3,,UNVERIFIED
EP-04,When the Hot Ice Melts,00:08:33,513,847947,https://animehistory.org/uploads/screencaps/outlaw-star-E004-When-the-Hot-Ice-Melts/cap_00-08-33_6b93.jpg,Outlaw Star Ep 4: When the Hot Ice Melts @ 00:08:33,https://animehistory.org/gallery/screencaps/outlaw-star/episode-4/,https://animehistory.org/gallery/screencaps/outlaw-star/episode-4/?page=2,2,2026-10-07T01:48:47.538202+00:00,1749b8cb84d25c99c44649ce2dc403dbd1a0da2073391f3965cd52d36641e0f3,,UNVERIFIED
EP-04,When the Hot Ice Melts,00:08:36,516,847948,https://animehistory.org/uploads/screencaps/outlaw-star-E004-When-the-Hot-Ice-Melts/cap_00-08-36_25ac.jpg,Outlaw Star Ep 4: When the Hot Ice Melts @ 00:08:36,https://animehistory.org/gallery/screencaps/outlaw-star/episode-4/,https://animehistory.org/gallery/screencaps/outlaw-star/episode-4/?page=2,2,2026-10-07T01:48:47.538202+00:00,1749b8cb84d25c99c44649ce2dc403dbd1a0da2073391f3965cd52d36641e0f3,,UNVERIFIED
EP-04,When the Hot Ice Melts,00:08:40,520,847949,https://animehistory.org/uploads/screencaps/outlaw-star-E004-When-the-Hot-Ice-Melts/cap_00-08-40_4b09.jpg,Outlaw Star Ep 4: When the Hot Ice Melts @ 00:08:40,https://animehistory.org/gallery/screencaps/outlaw-star/episode-4/,https://animehistory.org/gallery/screencaps/outlaw-star/episode-4/?page=2,2,2026-10-07T01:48:47.538202+00:00,1749b8cb84d25c99c44649ce2dc403dbd1a0da2073391f3965cd52d36641e0f3,,UNVERIFIED
EP-04,When the Hot Ice Melts,00:08:44,524,847950,https://animehistory.org/uploads/screencaps/outlaw-star-E004-When-the-Hot-Ice-Melts/cap_00-08-44_3803.jpg,Outlaw Star Ep 4: When the Hot Ice Melts @ 00:08:44,https://animehistory.org/gallery/screencaps/outlaw-star/episode-4/,https://animehistory.org/gallery/screencaps/outlaw-star/episode-4/?page=2,2,2026-10-07T01:48:47.538202+00:00,1749b8cb84d25c99c44649ce2dc403dbd1a0da2073391f3965cd52d36641e0f3,,UNVERIFIED
EP-04,When the Hot Ice Melts,00:08:47,527,847951,https://animehistory.org/uploads/screencaps/outlaw-star-E004-When-the-Hot-Ice-Melts/cap_00-08-47_0908.jpg,Outlaw Star Ep 4: When the Hot Ice Melts @ 00:08:47,https://animehistory.org/gallery/screencaps/outlaw-star/episode-4/,https://animehistory.org/gallery/screencaps/outlaw-star/episode-4/?page=2,2,2026-10-07T01:48:47.538202+00:00,1749b8cb84d25c99c44649ce2dc403dbd1a0da2073391f3965cd52d36641e0f3,,UNVERIFIED
EP-04,When the Hot Ice Melts,00:08:51,531,847952,https://animehistory.org/uploads/screencaps/outlaw-star-E004-When-the-Hot-Ice-Melts/cap_00-08-51_6644.jpg,Outlaw Star Ep 4: When the Hot Ice Melts @ 00:08:51,https://animehistory.org/gallery/screencaps/outlaw-star/episode-4/,https://animehistory.org/gallery/screencaps/outlaw-star/episode-4/?page=2,2,2026-10-07T01:48:47.538202+00:00,1749b8cb84d25c99c44649ce2dc403dbd1a0da2073391f3965cd52d36641e0f3,,UNVERIFIED
EP-04,When the Hot Ice Melts,00:08:55,535,847953,https://animehistory.org/uploads/screencaps/outlaw-star-E004-When-the-Hot-Ice-Melts/cap_00-08-55_576d.jpg,Outlaw Star Ep 4: When the Hot Ice Melts @ 00:08:55,https://animehistory.org/gallery/screencaps/outlaw-star/episode-4/,https://animehistory.org/gallery/screencaps/outlaw-star/episode-4/?page=2,2,2026-10-07T01:48:47.538202+00:00,1749b8cb84d25c99c44649ce2dc403dbd1a0da2073391f3965cd52d36641e0f3,,UNVERIFIED
EP-04,When the Hot Ice Melts,00:08:58,538,847954,https://animehistory.org/uploads/screencaps/outlaw-star-E004-When-the-Hot-Ice-Melts/cap_00-08-58_69e8.jpg,Outlaw Star Ep 4: When the Hot Ice Melts @ 00:08:58,https://animehistory.org/gallery/screencaps/outlaw-star/episode-4/,https://animehistory.org/gallery/screencaps/outlaw-star/episode-4/?page=2,2,2026-10-07T01:48:47.538202+00:00,1749b8cb84d25c99c44649ce2dc403dbd1a0da2073391f3965cd52d36641e0f3,,UNVERIFIED
EP-04,When the Hot Ice Melts,00:09:02,542,847955,https://animehistory.org/uploads/screencaps/outlaw-star-E004-When-the-Hot-Ice-Melts/cap_00-09-02_0228.jpg,Outlaw Star Ep 4: When the Hot Ice Melts @ 00:09:02,https://animehistory.org/gallery/screencaps/outlaw-star/episode-4/,https://animehistory.org/gallery/screencaps/outlaw-star/episode-4/?page=2,2,2026-10-07T01:48:47.538202+00:00,1749b8cb84d25c99c44649ce2dc403dbd1a0da2073391f3965cd52d36641e0f3,,UNVERIFIED
EP-04,When the Hot Ice Melts,00:09:06,546,847956,https://animehistory.org/uploads/screencaps/outlaw-star-E004-When-the-Hot-Ice-Melts/cap_00-09-06_63bb.jpg,Outlaw Star Ep 4: When the Hot Ice Melts @ 00:09:06,https://animehistory.org/gallery/screencaps/outlaw-star/episode-4/,https://animehistory.org/gallery/screencaps/outlaw-star/episode-4/?page=2,2,2026-10-07T01:48:47.538202+00:00,1749b8cb84d25c99c44649ce2dc403dbd1a0da2073391f3965cd52d36641e0f3,,UNVERIFIED
EP-04,When the Hot Ice Melts,00:09:09,549,847957,https://animehistory.org/uploads/screencaps/outlaw-star-E004-When-the-Hot-Ice-Melts/cap_00-09-09_494f.jpg,Outlaw Star Ep 4: When the Hot Ice Melts @ 00:09:09,https://animehistory.org/gallery/screencaps/outlaw-star/episode-4/,https://animehistory.org/gallery/screencaps/outlaw-star/episode-4/?page=2,2,2026-10-07T01:48:47.538202+00:00,1749b8cb84d25c99c44649ce2dc403dbd1a0da2073391f3965cd52d36641e0f3,,UNVERIFIED
EP-04,When the Hot Ice Melts,00:09:13,553,847958,https://animehistory.org/uploads/screencaps/outlaw-star-E004-When-the-Hot-Ice-Melts/cap_00-09-13_59e5.jpg,Outlaw Star Ep 4: When the Hot Ice Melts @ 00:09:13,https://animehistory.org/gallery/screencaps/outlaw-star/episode-4/,https://animehistory.org/gallery/screencaps/outlaw-star/episode-4/?page=2,2,2026-10-07T01:48:47.538202+00:00,1749b8cb84d25c99c44649ce2dc403dbd1a0da2073391f3965cd52d36641e0f3,,UNVERIFIED
EP-04,When the Hot Ice Melts,00:09:17,557,847959,https://animehistory.org/uploads/screencaps/outlaw-star-E004-When-the-Hot-Ice-Melts/cap_00-09-17_0ae1.jpg,Outlaw Star Ep 4: When the Hot Ice Melts @ 00:09:17,https://animehistory.org/gallery/screencaps/outlaw-star/episode-4/,https://animehistory.org/gallery/screencaps/outlaw-star/episode-4/?page=2,2,2026-10-07T01:48:47.538202+00:00,1749b8cb84d25c99c44649ce2dc403dbd1a0da2073391f3965cd52d36641e0f3,,UNVERIFIED
EP-04,When the Hot Ice Melts,00:09:20,560,847960,https://animehistory.org/uploads/screencaps/outlaw-star-E004-When-the-Hot-Ice-Melts/cap_00-09-20_65a0.jpg,Outlaw Star Ep 4: When the Hot Ice Melts @ 00:09:20,https://animehistory.org/gallery/screencaps/outlaw-star/episode-4/,https://animehistory.org/gallery/screencaps/outlaw-star/episode-4/?page=2,2,2026-10-07T01:48:47.538202+00:00,1749b8cb84d25c99c44649ce2dc403dbd1a0da2073391f3965cd52d36641e0f3,,UNVERIFIED
EP-04,When the Hot Ice Melts,00:09:24,564,847961,https://animehistory.org/uploads/screencaps/outlaw-star-E004-When-the-Hot-Ice-Melts/cap_00-09-24_0416.jpg,Outlaw Star Ep 4: When the Hot Ice Melts @ 00:09:24,https://animehistory.org/gallery/screencaps/outlaw-star/episode-4/,https://animehistory.org/gallery/screencaps/outlaw-star/episode-4/?page=2,2,2026-10-07T01:48:47.538202+00:00,1749b8cb84d25c99c44649ce2dc403dbd1a0da2073391f3965cd52d36641e0f3,,UNVERIFIED
EP-04,When the Hot Ice Melts,00:09:28,568,847962,https://animehistory.org/uploads/screencaps/outlaw-star-E004-When-the-Hot-Ice-Melts/cap_00-09-28_0c06.jpg,Outlaw Star Ep 4: When the Hot Ice Melts @ 00:09:28,https://animehistory.org/gallery/screencaps/outlaw-star/episode-4/,https://animehistory.org/gallery/screencaps/outlaw-star/episode-4/?page=2,2,2026-10-07T01:48:47.538202+00:00,1749b8cb84d25c99c44649ce2dc403dbd1a0da2073391f3965cd52d36641e0f3,,UNVERIFIED
EP-04,When the Hot Ice Melts,00:09:31,571,847963,https://animehistory.org/uploads/screencaps/outlaw-star-E004-When-the-Hot-Ice-Melts/cap_00-09-31_7f1b.jpg,Outlaw Star Ep 4: When the Hot Ice Melts @ 00:09:31,https://animehistory.org/gallery/screencaps/outlaw-star/episode-4/,https://animehistory.org/gallery/screencaps/outlaw-star/episode-4/?page=2,2,2026-10-07T01:48:47.538202+00:00,1749b8cb84d25c99c44649ce2dc403dbd1a0da2073391f3965cd52d36641e0f3,,UNVERIFIED
EP-04,When the Hot Ice Melts,00:09:35,575,847964,https://animehistory.org/uploads/screencaps/outlaw-star-E004-When-the-Hot-Ice-Melts/cap_00-09-35_76bd.jpg,Outlaw Star Ep 4: When the Hot Ice Melts @ 00:09:35,https://animehistory.org/gallery/screencaps/outlaw-star/episode-4/,https://animehistory.org/gallery/screencaps/outlaw-star/episode-4/?page=2,2,2026-10-07T01:48:47.538202+00:00,1749b8cb84d25c99c44649ce2dc403dbd1a0da2073391f3965cd52d36641e0f3,,UNVERIFIED
EP-04,When the Hot Ice Melts,00:09:38,578,847965,https://animehistory.org/uploads/screencaps/outlaw-star-E004-When-the-Hot-Ice-Melts/cap_00-09-38_1799.jpg,Outlaw Star Ep 4: When the Hot Ice Melts @ 00:09:38,https://animehistory.org/gallery/screencaps/outlaw-star/episode-4/,https://animehistory.org/gallery/screencaps/outlaw-star/episode-4/?page=2,2,2026-10-07T01:48:47.538202+00:00,1749b8cb84d25c99c44649ce2dc403dbd1a0da2073391f3965cd52d36641e0f3,,UNVERIFIED
EP-04,When the Hot Ice Melts,00:09:42,582,847966,https://animehistory.org/uploads/screencaps/outlaw-star-E004-When-the-Hot-Ice-Melts/cap_00-09-42_1bf0.jpg,Outlaw Star Ep 4: When the Hot Ice Melts @ 00:09:42,https://animehistory.org/gallery/screencaps/outlaw-star/episode-4/,https://animehistory.org/gallery/screencaps/outlaw-star/episode-4/?page=2,2,2026-10-07T01:48:47.538202+00:00,1749b8cb84d25c99c44649ce2dc403dbd1a0da2073391f3965cd52d36641e0f3,,UNVERIFIED
EP-04,When the Hot Ice Melts,00:09:46,586,847967,https://animehistory.org/uploads/screencaps/outlaw-star-E004-When-the-Hot-Ice-Melts/cap_00-09-46_3fdd.jpg,Outlaw Star Ep 4: When the Hot Ice Melts @ 00:09:46,https://animehistory.org/gallery/screencaps/outlaw-star/episode-4/,https://animehistory.org/gallery/screencaps/outlaw-star/episode-4/?page=2,2,2026-10-07T01:48:47.538202+00:00,1749b8cb84d25c99c44649ce2dc403dbd1a0da2073391f3965cd52d36641e0f3,,UNVERIFIED
EP-04,When the Hot Ice Melts,00:09:49,589,847968,https://animehistory.org/uploads/screencaps/outlaw-star-E004-When-the-Hot-Ice-Melts/cap_00-09-49_6f0a.jpg,Outlaw Star Ep 4: When the Hot Ice Melts @ 00:09:49,https://animehistory.org/gallery/screencaps/outlaw-star/episode-4/,https://animehistory.org/gallery/screencaps/outlaw-star/episode-4/?page=2,2,2026-10-07T01:48:47.538202+00:00,1749b8cb84d25c99c44649ce2dc403dbd1a0da2073391f3965cd52d36641e0f3,,UNVERIFIED
EP-04,When the Hot Ice Melts,00:09:53,593,847969,https://animehistory.org/uploads/screencaps/outlaw-star-E004-When-the-Hot-Ice-Melts/cap_00-09-53_4bc9.jpg,Outlaw Star Ep 4: When the Hot Ice Melts @ 00:09:53,https://animehistory.org/gallery/screencaps/outlaw-star/episode-4/,https://animehistory.org/gallery/screencaps/outlaw-star/episode-4/?page=2,2,2026-10-07T01:48:47.538202+00:00,1749b8cb84d25c99c44649ce2dc403dbd1a0da2073391f3965cd52d36641e0f3,,UNVERIFIED
EP-04,When the Hot Ice Melts,00:09:57,597,847970,https://animehistory.org/uploads/screencaps/outlaw-star-E004-When-the-Hot-Ice-Melts/cap_00-09-57_5352.jpg,Outlaw Star Ep 4: When the Hot Ice Melts @ 00:09:57,https://animehistory.org/gallery/screencaps/outlaw-star/episode-4/,https://animehistory.org/gallery/screencaps/outlaw-star/episode-4/?page=2,2,2026-10-07T01:48:47.538202+00:00,1749b8cb84d25c99c44649ce2dc403dbd1a0da2073391f3965cd52d36641e0f3,,UNVERIFIED
EP-04,When the Hot Ice Melts,00:10:00,600,847971,https://animehistory.org/uploads/screencaps/outlaw-star-E004-When-the-Hot-Ice-Melts/cap_00-10-00_7b93.jpg,Outlaw Star Ep 4: When the Hot Ice Melts @ 00:10:00,https://animehistory.org/gallery/screencaps/outlaw-star/episode-4/,https://animehistory.org/gallery/screencaps/outlaw-star/episode-4/?page=2,2,2026-10-07T01:48:47.538202+00:00,1749b8cb84d25c99c44649ce2dc403dbd1a0da2073391f3965cd52d36641e0f3,,UNVERIFIED
EP-04,When the Hot Ice Melts,00:10:04,604,847972,https://animehistory.org/uploads/screencaps/outlaw-star-E004-When-the-Hot-Ice-Melts/cap_00-10-04_2f21.jpg,Outlaw Star Ep 4: When the Hot Ice Melts @ 00:10:04,https://animehistory.org/gallery/screencaps/outlaw-star/episode-4/,https://animehistory.org/gallery/screencaps/outlaw-star/episode-4/?page=2,2,2026-10-07T01:48:47.538202+00:00,1749b8cb84d25c99c44649ce2dc403dbd1a0da2073391f3965cd52d36641e0f3,,UNVERIFIED
EP-04,When the Hot Ice Melts,00:10:08,608,847973,https://animehistory.org/uploads/screencaps/outlaw-star-E004-When-the-Hot-Ice-Melts/cap_00-10-08_4bce.jpg,Outlaw Star Ep 4: When the Hot Ice Melts @ 00:10:08,https://animehistory.org/gallery/screencaps/outlaw-star/episode-4/,https://animehistory.org/gallery/screencaps/outlaw-star/episode-4/?page=2,2,2026-10-07T01:48:47.538202+00:00,1749b8cb84d25c99c44649ce2dc403dbd1a0da2073391f3965cd52d36641e0f3,,UNVERIFIED
EP-04,When the Hot Ice Melts,00:10:11,611,847974,https://animehistory.org/uploads/screencaps/outlaw-star-E004-When-the-Hot-Ice-Melts/cap_00-10-11_3f2b.jpg,Outlaw Star Ep 4: When the Hot Ice Melts @ 00:10:11,https://animehistory.org/gallery/screencaps/outlaw-star/episode-4/,https://animehistory.org/gallery/screencaps/outlaw-star/episode-4/?page=2,2,2026-10-07T01:48:47.538202+00:00,1749b8cb84d25c99c44649ce2dc403dbd1a0da2073391f3965cd52d36641e0f3,,UNVERIFIED
EP-04,When the Hot Ice Melts,00:10:15,615,847975,https://animehistory.org/uploads/screencaps/outlaw-star-E004-When-the-Hot-Ice-Melts/cap_00-10-15_3885.jpg,Outlaw Star Ep 4: When the Hot Ice Melts @ 00:10:15,https://animehistory.org/gallery/screencaps/outlaw-star/episode-4/,https://animehistory.org/gallery/screencaps/outlaw-star/episode-4/?page=2,2,2026-10-07T01:48:47.538202+00:00,1749b8cb84d25c99c44649ce2dc403dbd1a0da2073391f3965cd52d36641e0f3,,UNVERIFIED
EP-04,When the Hot Ice Melts,00:10:19,619,847976,https://animehistory.org/uploads/screencaps/outlaw-star-E004-When-the-Hot-Ice-Melts/cap_00-10-19_4dbe.jpg,Outlaw Star Ep 4: When the Hot Ice Melts @ 00:10:19,https://animehistory.org/gallery/screencaps/outlaw-star/episode-4/,https://animehistory.org/gallery/screencaps/outlaw-star/episode-4/?page=2,2,2026-10-07T01:48:47.538202+00:00,1749b8cb84d25c99c44649ce2dc403dbd1a0da2073391f3965cd52d36641e0f3,,UNVERIFIED
EP-04,When the Hot Ice Melts,00:10:22,622,847977,https://animehistory.org/uploads/screencaps/outlaw-star-E004-When-the-Hot-Ice-Melts/cap_00-10-22_7b5c.jpg,Outlaw Star Ep 4: When the Hot Ice Melts @ 00:10:22,https://animehistory.org/gallery/screencaps/outlaw-star/episode-4/,https://animehistory.org/gallery/screencaps/outlaw-star/episode-4/?page=2,2,2026-10-07T01:48:47.538202+00:00,1749b8cb84d25c99c44649ce2dc403dbd1a0da2073391f3965cd52d36641e0f3,,UNVERIFIED
EP-04,When the Hot Ice Melts,00:10:26,626,847978,https://animehistory.org/uploads/screencaps/outlaw-star-E004-When-the-Hot-Ice-Melts/cap_00-10-26_224d.jpg,Outlaw Star Ep 4: When the Hot Ice Melts @ 00:10:26,https://animehistory.org/gallery/screencaps/outlaw-star/episode-4/,https://animehistory.org/gallery/screencaps/outlaw-star/episode-4/?page=2,2,2026-10-07T01:48:47.538202+00:00,1749b8cb84d25c99c44649ce2dc403dbd1a0da2073391f3965cd52d36641e0f3,,UNVERIFIED
EP-04,When the Hot Ice Melts,00:10:30,630,847979,https://animehistory.org/uploads/screencaps/outlaw-star-E004-When-the-Hot-Ice-Melts/cap_00-10-30_4b56.jpg,Outlaw Star Ep 4: When the Hot Ice Melts @ 00:10:30,https://animehistory.org/gallery/screencaps/outlaw-star/episode-4/,https://animehistory.org/gallery/screencaps/outlaw-star/episode-4/?page=2,2,2026-10-07T01:48:47.538202+00:00,1749b8cb84d25c99c44649ce2dc403dbd1a0da2073391f3965cd52d36641e0f3,,UNVERIFIED
EP-04,When the Hot Ice Melts,00:10:33,633,847980,https://animehistory.org/uploads/screencaps/outlaw-star-E004-When-the-Hot-Ice-Melts/cap_00-10-33_460e.jpg,Outlaw Star Ep 4: When the Hot Ice Melts @ 00:10:33,https://animehistory.org/gallery/screencaps/outlaw-star/episode-4/,https://animehistory.org/gallery/screencaps/outlaw-star/episode-4/?page=2,2,2026-10-07T01:48:47.538202+00:00,1749b8cb84d25c99c44649ce2dc403dbd1a0da2073391f3965cd52d36641e0f3,,UNVERIFIED
EP-04,When the Hot Ice Melts,00:10:37,637,847981,https://animehistory.org/uploads/screencaps/outlaw-star-E004-When-the-Hot-Ice-Melts/cap_00-10-37_4170.jpg,Outlaw Star Ep 4: When the Hot Ice Melts @ 00:10:37,https://animehistory.org/gallery/screencaps/outlaw-star/episode-4/,https://animehistory.org/gallery/screencaps/outlaw-star/episode-4/?page=2,2,2026-10-07T01:48:47.538202+00:00,1749b8cb84d25c99c44649ce2dc403dbd1a0da2073391f3965cd52d36641e0f3,,UNVERIFIED
EP-04,When the Hot Ice Melts,00:10:41,641,847982,https://animehistory.org/uploads/screencaps/outlaw-star-E004-When-the-Hot-Ice-Melts/cap_00-10-41_2060.jpg,Outlaw Star Ep 4: When the Hot Ice Melts @ 00:10:41,https://animehistory.org/gallery/screencaps/outlaw-star/episode-4/,https://animehistory.org/gallery/screencaps/outlaw-star/episode-4/?page=2,2,2026-10-07T01:48:47.538202+00:00,1749b8cb84d25c99c44649ce2dc403dbd1a0da2073391f3965cd52d36641e0f3,,UNVERIFIED
EP-04,When the Hot Ice Melts,00:10:44,644,847983,https://animehistory.org/uploads/screencaps/outlaw-star-E004-When-the-Hot-Ice-Melts/cap_00-10-44_698e.jpg,Outlaw Star Ep 4: When the Hot Ice Melts @ 00:10:44,https://animehistory.org/gallery/screencaps/outlaw-star/episode-4/,https://animehistory.org/gallery/screencaps/outlaw-star/episode-4/?page=2,2,2026-10-07T01:48:47.538202+00:00,1749b8cb84d25c99c44649ce2dc403dbd1a0da2073391f3965cd52d36641e0f3,,UNVERIFIED
EP-04,When the Hot Ice Melts,00:10:48,648,847984,https://animehistory.org/uploads/screencaps/outlaw-star-E004-When-the-Hot-Ice-Melts/cap_00-10-48_4ee8.jpg,Outlaw Star Ep 4: When the Hot Ice Melts @ 00:10:48,https://animehistory.org/gallery/screencaps/outlaw-star/episode-4/,https://animehistory.org/gallery/screencaps/outlaw-star/episode-4/?page=2,2,2026-10-07T01:48:47.538202+00:00,1749b8cb84d25c99c44649ce2dc403dbd1a0da2073391f3965cd52d36641e0f3,,UNVERIFIED
EP-04,When the Hot Ice Melts,00:10:52,652,847985,https://animehistory.org/uploads/screencaps/outlaw-star-E004-When-the-Hot-Ice-Melts/cap_00-10-52_1db1.jpg,Outlaw Star Ep 4: When the Hot Ice Melts @ 00:10:52,https://animehistory.org/gallery/screencaps/outlaw-star/episode-4/,https://animehistory.org/gallery/screencaps/outlaw-star/episode-4/?page=2,2,2026-10-07T01:48:47.538202+00:00,1749b8cb84d25c99c44649ce2dc403dbd1a0da2073391f3965cd52d36641e0f3,,UNVERIFIED
EP-04,When the Hot Ice Melts,00:10:55,655,847986,https://animehistory.org/uploads/screencaps/outlaw-star-E004-When-the-Hot-Ice-Melts/cap_00-10-55_57e8.jpg,Outlaw Star Ep 4: When the Hot Ice Melts @ 00:10:55,https://animehistory.org/gallery/screencaps/outlaw-star/episode-4/,https://animehistory.org/gallery/screencaps/outlaw-star/episode-4/?page=2,2,2026-10-07T01:48:47.538202+00:00,1749b8cb84d25c99c44649ce2dc403dbd1a0da2073391f3965cd52d36641e0f3,,UNVERIFIED
EP-04,When the Hot Ice Melts,00:10:59,659,847987,https://animehistory.org/uploads/screencaps/outlaw-star-E004-When-the-Hot-Ice-Melts/cap_00-10-59_1c7e.jpg,Outlaw Star Ep 4: When the Hot Ice Melts @ 00:10:59,https://animehistory.org/gallery/screencaps/outlaw-star/episode-4/,https://animehistory.org/gallery/screencaps/outlaw-star/episode-4/?page=2,2,2026-10-07T01:48:47.538202+00:00,1749b8cb84d25c99c44649ce2dc403dbd1a0da2073391f3965cd52d36641e0f3,,UNVERIFIED
EP-04,When the Hot Ice Melts,00:11:03,663,847988,https://animehistory.org/uploads/screencaps/outlaw-star-E004-When-the-Hot-Ice-Melts/cap_00-11-03_7903.jpg,Outlaw Star Ep 4: When the Hot Ice Melts @ 00:11:03,https://animehistory.org/gallery/screencaps/outlaw-star/episode-4/,https://animehistory.org/gallery/screencaps/outlaw-star/episode-4/?page=2,2,2026-10-07T01:48:47.538202+00:00,1749b8cb84d25c99c44649ce2dc403dbd1a0da2073391f3965cd52d36641e0f3,,UNVERIFIED
EP-04,When the Hot Ice Melts,00:11:06,666,847989,https://animehistory.org/uploads/screencaps/outlaw-star-E004-When-the-Hot-Ice-Melts/cap_00-11-06_52cd.jpg,Outlaw Star Ep 4: When the Hot Ice Melts @ 00:11:06,https://animehistory.org/gallery/screencaps/outlaw-star/episode-4/,https://animehistory.org/gallery/screencaps/outlaw-star/episode-4/?page=2,2,2026-10-07T01:48:47.538202+00:00,1749b8cb84d25c99c44649ce2dc403dbd1a0da2073391f3965cd52d36641e0f3,,UNVERIFIED
EP-04,When the Hot Ice Melts,00:11:10,670,847990,https://animehistory.org/uploads/screencaps/outlaw-star-E004-When-the-Hot-Ice-Melts/cap_00-11-10_7bb8.jpg,Outlaw Star Ep 4: When the Hot Ice Melts @ 00:11:10,https://animehistory.org/gallery/screencaps/outlaw-star/episode-4/,https://animehistory.org/gallery/screencaps/outlaw-star/episode-4/?page=2,2,2026-10-07T01:48:47.538202+00:00,1749b8cb84d25c99c44649ce2dc403dbd1a0da2073391f3965cd52d36641e0f3,,UNVERIFIED
EP-04,When the Hot Ice Melts,00:11:14,674,847991,https://animehistory.org/uploads/screencaps/outlaw-star-E004-When-the-Hot-Ice-Melts/cap_00-11-14_4c05.jpg,Outlaw Star Ep 4: When the Hot Ice Melts @ 00:11:14,https://animehistory.org/gallery/screencaps/outlaw-star/episode-4/,https://animehistory.org/gallery/screencaps/outlaw-star/episode-4/?page=2,2,2026-10-07T01:48:47.538202+00:00,1749b8cb84d25c99c44649ce2dc403dbd1a0da2073391f3965cd52d36641e0f3,,UNVERIFIED
EP-04,When the Hot Ice Melts,00:11:17,677,847992,https://animehistory.org/uploads/screencaps/outlaw-star-E004-When-the-Hot-Ice-Melts/cap_00-11-17_24c2.jpg,Outlaw Star Ep 4: When the Hot Ice Melts @ 00:11:17,https://animehistory.org/gallery/screencaps/outlaw-star/episode-4/,https://animehistory.org/gallery/screencaps/outlaw-star/episode-4/?page=2,2,2026-10-07T01:48:47.538202+00:00,1749b8cb84d25c99c44649ce2dc403dbd1a0da2073391f3965cd52d36641e0f3,,UNVERIFIED
EP-04,When the Hot Ice Melts,00:11:21,681,847993,https://animehistory.org/uploads/screencaps/outlaw-star-E004-When-the-Hot-Ice-Melts/cap_00-11-21_2191.jpg,Outlaw Star Ep 4: When the Hot Ice Melts @ 00:11:21,https://animehistory.org/gallery/screencaps/outlaw-star/episode-4/,https://animehistory.org/gallery/screencaps/outlaw-star/episode-4/?page=2,2,2026-10-07T01:48:47.538202+00:00,1749b8cb84d25c99c44649ce2dc403dbd1a0da2073391f3965cd52d36641e0f3,,UNVERIFIED
EP-04,When the Hot Ice Melts,00:11:25,685,847994,https://animehistory.org/uploads/screencaps/outlaw-star-E004-When-the-Hot-Ice-Melts/cap_00-11-25_2815.jpg,Outlaw Star Ep 4: When the Hot Ice Melts @ 00:11:25,https://animehistory.org/gallery/screencaps/outlaw-star/episode-4/,https://animehistory.org/gallery/screencaps/outlaw-star/episode-4/?page=2,2,2026-10-07T01:48:47.538202+00:00,1749b8cb84d25c99c44649ce2dc403dbd1a0da2073391f3965cd52d36641e0f3,,UNVERIFIED
EP-04,When the Hot Ice Melts,00:11:28,688,847995,https://animehistory.org/uploads/screencaps/outlaw-star-E004-When-the-Hot-Ice-Melts/cap_00-11-28_41e5.jpg,Outlaw Star Ep 4: When the Hot Ice Melts @ 00:11:28,https://animehistory.org/gallery/screencaps/outlaw-star/episode-4/,https://animehistory.org/gallery/screencaps/outlaw-star/episode-4/?page=2,2,2026-10-07T01:48:47.538202+00:00,1749b8cb84d25c99c44649ce2dc403dbd1a0da2073391f3965cd52d36641e0f3,,UNVERIFIED
EP-04,When the Hot Ice Melts,00:11:32,692,847996,https://animehistory.org/uploads/screencaps/outlaw-star-E004-When-the-Hot-Ice-Melts/cap_00-11-32_6813.jpg,Outlaw Star Ep 4: When the Hot Ice Melts @ 00:11:32,https://animehistory.org/gallery/screencaps/outlaw-star/episode-4/,https://animehistory.org/gallery/screencaps/outlaw-star/episode-4/?page=2,2,2026-10-07T01:48:47.538202+00:00,1749b8cb84d25c99c44649ce2dc403dbd1a0da2073391f3965cd52d36641e0f3,,UNVERIFIED
EP-04,When the Hot Ice Melts,00:11:35,695,847997,https://animehistory.org/uploads/screencaps/outlaw-star-E004-When-the-Hot-Ice-Melts/cap_00-11-35_39ea.jpg,Outlaw Star Ep 4: When the Hot Ice Melts @ 00:11:35,https://animehistory.org/gallery/screencaps/outlaw-star/episode-4/,https://animehistory.org/gallery/screencaps/outlaw-star/episode-4/?page=2,2,2026-10-07T01:48:47.538202+00:00,1749b8cb84d25c99c44649ce2dc403dbd1a0da2073391f3965cd52d36641e0f3,,UNVERIFIED
EP-04,When the Hot Ice Melts,00:11:39,699,847998,https://animehistory.org/uploads/screencaps/outlaw-star-E004-When-the-Hot-Ice-Melts/cap_00-11-39_04a6.jpg,Outlaw Star Ep 4: When the Hot Ice Melts @ 00:11:39,https://animehistory.org/gallery/screencaps/outlaw-star/episode-4/,https://animehistory.org/gallery/screencaps/outlaw-star/episode-4/?page=2,2,2026-10-07T01:48:47.538202+00:00,1749b8cb84d25c99c44649ce2dc403dbd1a0da2073391f3965cd52d36641e0f3,,UNVERIFIED
EP-04,When the Hot Ice Melts,00:11:43,703,847999,https://animehistory.org/uploads/screencaps/outlaw-star-E004-When-the-Hot-Ice-Melts/cap_00-11-43_7258.jpg,Outlaw Star Ep 4: When the Hot Ice Melts @ 00:11:43,https://animehistory.org/gallery/screencaps/outlaw-star/episode-4/,https://animehistory.org/gallery/screencaps/outlaw-star/episode-4/?page=2,2,2026-10-07T01:48:47.538202+00:00,1749b8cb84d25c99c44649ce2dc403dbd1a0da2073391f3965cd52d36641e0f3,,UNVERIFIED
EP-04,When the Hot Ice Melts,00:11:46,706,848000,https://animehistory.org/uploads/screencaps/outlaw-star-E004-When-the-Hot-Ice-Melts/cap_00-11-46_4b0a.jpg,Outlaw Star Ep 4: When the Hot Ice Melts @ 00:11:46,https://animehistory.org/gallery/screencaps/outlaw-star/episode-4/,https://animehistory.org/gallery/screencaps/outlaw-star/episode-4/?page=2,2,2026-10-07T01:48:47.538202+00:00,1749b8cb84d25c99c44649ce2dc403dbd1a0da2073391f3965cd52d36641e0f3,,UNVERIFIED
EP-04,When the Hot Ice Melts,00:11:50,710,848001,https://animehistory.org/uploads/screencaps/outlaw-star-E004-When-the-Hot-Ice-Melts/cap_00-11-50_104c.jpg,Outlaw Star Ep 4: When the Hot Ice Melts @ 00:11:50,https://animehistory.org/gallery/screencaps/outlaw-star/episode-4/,https://animehistory.org/gallery/screencaps/outlaw-star/episode-4/?page=2,2,2026-10-07T01:48:47.538202+00:00,1749b8cb84d25c99c44649ce2dc403dbd1a0da2073391f3965cd52d36641e0f3,,UNVERIFIED
EP-04,When the Hot Ice Melts,00:11:54,714,848002,https://animehistory.org/uploads/screencaps/outlaw-star-E004-When-the-Hot-Ice-Melts/cap_00-11-54_34d5.jpg,Outlaw Star Ep 4: When the Hot Ice Melts @ 00:11:54,https://animehistory.org/gallery/screencaps/outlaw-star/episode-4/,https://animehistory.org/gallery/screencaps/outlaw-star/episode-4/?page=2,2,2026-10-07T01:48:47.538202+00:00,1749b8cb84d25c99c44649ce2dc403dbd1a0da2073391f3965cd52d36641e0f3,,UNVERIFIED
EP-04,When the Hot Ice Melts,00:11:57,717,848003,https://animehistory.org/uploads/screencaps/outlaw-star-E004-When-the-Hot-Ice-Melts/cap_00-11-57_1ce8.jpg,Outlaw Star Ep 4: When the Hot Ice Melts @ 00:11:57,https://animehistory.org/gallery/screencaps/outlaw-star/episode-4/,https://animehistory.org/gallery/screencaps/outlaw-star/episode-4/?page=2,2,2026-10-07T01:48:47.538202+00:00,1749b8cb84d25c99c44649ce2dc403dbd1a0da2073391f3965cd52d36641e0f3,,UNVERIFIED
EP-04,When the Hot Ice Melts,00:12:01,721,848004,https://animehistory.org/uploads/screencaps/outlaw-star-E004-When-the-Hot-Ice-Melts/cap_00-12-01_31ca.jpg,Outlaw Star Ep 4: When the Hot Ice Melts @ 00:12:01,https://animehistory.org/gallery/screencaps/outlaw-star/episode-4/,https://animehistory.org/gallery/screencaps/outlaw-star/episode-4/?page=2,2,2026-10-07T01:48:47.538202+00:00,1749b8cb84d25c99c44649ce2dc403dbd1a0da2073391f3965cd52d36641e0f3,,UNVERIFIED
EP-04,When the Hot Ice Melts,00:12:05,725,848005,https://animehistory.org/uploads/screencaps/outlaw-star-E004-When-the-Hot-Ice-Melts/cap_00-12-05_6436.jpg,Outlaw Star Ep 4: When the Hot Ice Melts @ 00:12:05,https://animehistory.org/gallery/screencaps/outlaw-star/episode-4/,https://animehistory.org/gallery/screencaps/outlaw-star/episode-4/?page=2,2,2026-10-07T01:48:47.538202+00:00,1749b8cb84d25c99c44649ce2dc403dbd1a0da2073391f3965cd52d36641e0f3,,UNVERIFIED
EP-04,When the Hot Ice Melts,00:12:08,728,848006,https://animehistory.org/uploads/screencaps/outlaw-star-E004-When-the-Hot-Ice-Melts/cap_00-12-08_11ca.jpg,Outlaw Star Ep 4: When the Hot Ice Melts @ 00:12:08,https://animehistory.org/gallery/screencaps/outlaw-star/episode-4/,https://animehistory.org/gallery/screencaps/outlaw-star/episode-4/?page=2,2,2026-10-07T01:48:47.538202+00:00,1749b8cb84d25c99c44649ce2dc403dbd1a0da2073391f3965cd52d36641e0f3,,UNVERIFIED
EP-04,When the Hot Ice Melts,00:12:12,732,848007,https://animehistory.org/uploads/screencaps/outlaw-star-E004-When-the-Hot-Ice-Melts/cap_00-12-12_2cec.jpg,Outlaw Star Ep 4: When the Hot Ice Melts @ 00:12:12,https://animehistory.org/gallery/screencaps/outlaw-star/episode-4/,https://animehistory.org/gallery/screencaps/outlaw-star/episode-4/?page=2,2,2026-10-07T01:48:47.538202+00:00,1749b8cb84d25c99c44649ce2dc403dbd1a0da2073391f3965cd52d36641e0f3,,UNVERIFIED
EP-04,When the Hot Ice Melts,00:12:16,736,848008,https://animehistory.org/uploads/screencaps/outlaw-star-E004-When-the-Hot-Ice-Melts/cap_00-12-16_451d.jpg,Outlaw Star Ep 4: When the Hot Ice Melts @ 00:12:16,https://animehistory.org/gallery/screencaps/outlaw-star/episode-4/,https://animehistory.org/gallery/screencaps/outlaw-star/episode-4/?page=2,2,2026-10-07T01:48:47.538202+00:00,1749b8cb84d25c99c44649ce2dc403dbd1a0da2073391f3965cd52d36641e0f3,,UNVERIFIED
EP-04,When the Hot Ice Melts,00:12:19,739,848009,https://animehistory.org/uploads/screencaps/outlaw-star-E004-When-the-Hot-Ice-Melts/cap_00-12-19_7402.jpg,Outlaw Star Ep 4: When the Hot Ice Melts @ 00:12:19,https://animehistory.org/gallery/screencaps/outlaw-star/episode-4/,https://animehistory.org/gallery/screencaps/outlaw-star/episode-4/?page=2,2,2026-10-07T01:48:47.538202+00:00,1749b8cb84d25c99c44649ce2dc403dbd1a0da2073391f3965cd52d36641e0f3,,UNVERIFIED
EP-04,When the Hot Ice Melts,00:12:23,743,848010,https://animehistory.org/uploads/screencaps/outlaw-star-E004-When-the-Hot-Ice-Melts/cap_00-12-23_3b95.jpg,Outlaw Star Ep 4: When the Hot Ice Melts @ 00:12:23,https://animehistory.org/gallery/screencaps/outlaw-star/episode-4/,https://animehistory.org/gallery/screencaps/outlaw-star/episode-4/?page=2,2,2026-10-07T01:48:47.538202+00:00,1749b8cb84d25c99c44649ce2dc403dbd1a0da2073391f3965cd52d36641e0f3,,UNVERIFIED
EP-04,When the Hot Ice Melts,00:12:27,747,848011,https://animehistory.org/uploads/screencaps/outlaw-star-E004-When-the-Hot-Ice-Melts/cap_00-12-27_63ef.jpg,Outlaw Star Ep 4: When the Hot Ice Melts @ 00:12:27,https://animehistory.org/gallery/screencaps/outlaw-star/episode-4/,https://animehistory.org/gallery/screencaps/outlaw-star/episode-4/?page=2,2,2026-10-07T01:48:47.538202+00:00,1749b8cb84d25c99c44649ce2dc403dbd1a0da2073391f3965cd52d36641e0f3,,UNVERIFIED
EP-04,When the Hot Ice Melts,00:12:30,750,848012,https://animehistory.org/uploads/screencaps/outlaw-star-E004-When-the-Hot-Ice-Melts/cap_00-12-30_0f03.jpg,Outlaw Star Ep 4: When the Hot Ice Melts @ 00:12:30,https://animehistory.org/gallery/screencaps/outlaw-star/episode-4/,https://animehistory.org/gallery/screencaps/outlaw-star/episode-4/?page=2,2,2026-10-07T01:48:47.538202+00:00,1749b8cb84d25c99c44649ce2dc403dbd1a0da2073391f3965cd52d36641e0f3,,UNVERIFIED
EP-04,When the Hot Ice Melts,00:12:34,754,848013,https://animehistory.org/uploads/screencaps/outlaw-star-E004-When-the-Hot-Ice-Melts/cap_00-12-34_228d.jpg,Outlaw Star Ep 4: When the Hot Ice Melts @ 00:12:34,https://animehistory.org/gallery/screencaps/outlaw-star/episode-4/,https://animehistory.org/gallery/screencaps/outlaw-star/episode-4/?page=2,2,2026-10-07T01:48:47.538202+00:00,1749b8cb84d25c99c44649ce2dc403dbd1a0da2073391f3965cd52d36641e0f3,,UNVERIFIED
EP-04,When the Hot Ice Melts,00:12:38,758,848014,https://animehistory.org/uploads/screencaps/outlaw-star-E004-When-the-Hot-Ice-Melts/cap_00-12-38_1543.jpg,Outlaw Star Ep 4: When the Hot Ice Melts @ 00:12:38,https://animehistory.org/gallery/screencaps/outlaw-star/episode-4/,https://animehistory.org/gallery/screencaps/outlaw-star/episode-4/?page=2,2,2026-10-07T01:48:47.538202+00:00,1749b8cb84d25c99c44649ce2dc403dbd1a0da2073391f3965cd52d36641e0f3,,UNVERIFIED
EP-04,When the Hot Ice Melts,00:12:41,761,848015,https://animehistory.org/uploads/screencaps/outlaw-star-E004-When-the-Hot-Ice-Melts/cap_00-12-41_2294.jpg,Outlaw Star Ep 4: When the Hot Ice Melts @ 00:12:41,https://animehistory.org/gallery/screencaps/outlaw-star/episode-4/,https://animehistory.org/gallery/screencaps/outlaw-star/episode-4/?page=2,2,2026-10-07T01:48:47.538202+00:00,1749b8cb84d25c99c44649ce2dc403dbd1a0da2073391f3965cd52d36641e0f3,,UNVERIFIED
EP-04,When the Hot Ice Melts,00:12:45,765,848016,https://animehistory.org/uploads/screencaps/outlaw-star-E004-When-the-Hot-Ice-Melts/cap_00-12-45_4da5.jpg,Outlaw Star Ep 4: When the Hot Ice Melts @ 00:12:45,https://animehistory.org/gallery/screencaps/outlaw-star/episode-4/,https://animehistory.org/gallery/screencaps/outlaw-star/episode-4/?page=2,2,2026-10-07T01:48:47.538202+00:00,1749b8cb84d25c99c44649ce2dc403dbd1a0da2073391f3965cd52d36641e0f3,,UNVERIFIED
EP-04,When the Hot Ice Melts,00:12:49,769,848017,https://animehistory.org/uploads/screencaps/outlaw-star-E004-When-the-Hot-Ice-Melts/cap_00-12-49_31ea.jpg,Outlaw Star Ep 4: When the Hot Ice Melts @ 00:12:49,https://animehistory.org/gallery/screencaps/outlaw-star/episode-4/,https://animehistory.org/gallery/screencaps/outlaw-star/episode-4/?page=2,2,2026-10-07T01:48:47.538202+00:00,1749b8cb84d25c99c44649ce2dc403dbd1a0da2073391f3965cd52d36641e0f3,,UNVERIFIED
EP-04,When the Hot Ice Melts,00:12:52,772,848018,https://animehistory.org/uploads/screencaps/outlaw-star-E004-When-the-Hot-Ice-Melts/cap_00-12-52_51b4.jpg,Outlaw Star Ep 4: When the Hot Ice Melts @ 00:12:52,https://animehistory.org/gallery/screencaps/outlaw-star/episode-4/,https://animehistory.org/gallery/screencaps/outlaw-star/episode-4/?page=2,2,2026-10-07T01:48:47.538202+00:00,1749b8cb84d25c99c44649ce2dc403dbd1a0da2073391f3965cd52d36641e0f3,,UNVERIFIED
EP-04,When the Hot Ice Melts,00:12:56,776,848019,https://animehistory.org/uploads/screencaps/outlaw-star-E004-When-the-Hot-Ice-Melts/cap_00-12-56_1c98.jpg,Outlaw Star Ep 4: When the Hot Ice Melts @ 00:12:56,https://animehistory.org/gallery/screencaps/outlaw-star/episode-4/,https://animehistory.org/gallery/screencaps/outlaw-star/episode-4/?page=2,2,2026-10-07T01:48:47.538202+00:00,1749b8cb84d25c99c44649ce2dc403dbd1a0da2073391f3965cd52d36641e0f3,,UNVERIFIED
EP-04,When the Hot Ice Melts,00:13:00,780,848020,https://animehistory.org/uploads/screencaps/outlaw-star-E004-When-the-Hot-Ice-Melts/cap_00-13-00_5af6.jpg,Outlaw Star Ep 4: When the Hot Ice Melts @ 00:13:00,https://animehistory.org/gallery/screencaps/outlaw-star/episode-4/,https://animehistory.org/gallery/screencaps/outlaw-star/episode-4/?page=2,2,2026-10-07T01:48:47.538202+00:00,1749b8cb84d25c99c44649ce2dc403dbd1a0da2073391f3965cd52d36641e0f3,,UNVERIFIED
EP-04,When the Hot Ice Melts,00:13:03,783,848021,https://animehistory.org/uploads/screencaps/outlaw-star-E004-When-the-Hot-Ice-Melts/cap_00-13-03_1dd8.jpg,Outlaw Star Ep 4: When the Hot Ice Melts @ 00:13:03,https://animehistory.org/gallery/screencaps/outlaw-star/episode-4/,https://animehistory.org/gallery/screencaps/outlaw-star/episode-4/?page=2,2,2026-10-07T01:48:47.538202+00:00,1749b8cb84d25c99c44649ce2dc403dbd1a0da2073391f3965cd52d36641e0f3,,UNVERIFIED
EP-04,When the Hot Ice Melts,00:13:07,787,848022,https://animehistory.org/uploads/screencaps/outlaw-star-E004-When-the-Hot-Ice-Melts/cap_00-13-07_1be7.jpg,Outlaw Star Ep 4: When the Hot Ice Melts @ 00:13:07,https://animehistory.org/gallery/screencaps/outlaw-star/episode-4/,https://animehistory.org/gallery/screencaps/outlaw-star/episode-4/?page=2,2,2026-10-07T01:48:47.538202+00:00,1749b8cb84d25c99c44649ce2dc403dbd1a0da2073391f3965cd52d36641e0f3,,UNVERIFIED
EP-04,When the Hot Ice Melts,00:13:11,791,848023,https://animehistory.org/uploads/screencaps/outlaw-star-E004-When-the-Hot-Ice-Melts/cap_00-13-11_43fb.jpg,Outlaw Star Ep 4: When the Hot Ice Melts @ 00:13:11,https://animehistory.org/gallery/screencaps/outlaw-star/episode-4/,https://animehistory.org/gallery/screencaps/outlaw-star/episode-4/?page=2,2,2026-10-07T01:48:47.538202+00:00,1749b8cb84d25c99c44649ce2dc403dbd1a0da2073391f3965cd52d36641e0f3,,UNVERIFIED
EP-04,When the Hot Ice Melts,00:13:14,794,848024,https://animehistory.org/uploads/screencaps/outlaw-star-E004-When-the-Hot-Ice-Melts/cap_00-13-14_5594.jpg,Outlaw Star Ep 4: When the Hot Ice Melts @ 00:13:14,https://animehistory.org/gallery/screencaps/outlaw-star/episode-4/,https://animehistory.org/gallery/screencaps/outlaw-star/episode-4/?page=2,2,2026-10-07T01:48:47.538202+00:00,1749b8cb84d25c99c44649ce2dc403dbd1a0da2073391f3965cd52d36641e0f3,,UNVERIFIED
EP-04,When the Hot Ice Melts,00:13:18,798,848025,https://animehistory.org/uploads/screencaps/outlaw-star-E004-When-the-Hot-Ice-Melts/cap_00-13-18_77c2.jpg,Outlaw Star Ep 4: When the Hot Ice Melts @ 00:13:18,https://animehistory.org/gallery/screencaps/outlaw-star/episode-4/,https://animehistory.org/gallery/screencaps/outlaw-star/episode-4/?page=2,2,2026-10-07T01:48:47.538202+00:00,1749b8cb84d25c99c44649ce2dc403dbd1a0da2073391f3965cd52d36641e0f3,,UNVERIFIED
EP-04,When the Hot Ice Melts,00:13:22,802,848026,https://animehistory.org/uploads/screencaps/outlaw-star-E004-When-the-Hot-Ice-Melts/cap_00-13-22_6500.jpg,Outlaw Star Ep 4: When the Hot Ice Melts @ 00:13:22,https://animehistory.org/gallery/screencaps/outlaw-star/episode-4/,https://animehistory.org/gallery/screencaps/outlaw-star/episode-4/?page=2,2,2026-10-07T01:48:47.538202+00:00,1749b8cb84d25c99c44649ce2dc403dbd1a0da2073391f3965cd52d36641e0f3,,UNVERIFIED
EP-04,When the Hot Ice Melts,00:13:25,805,848027,https://animehistory.org/uploads/screencaps/outlaw-star-E004-When-the-Hot-Ice-Melts/cap_00-13-25_29af.jpg,Outlaw Star Ep 4: When the Hot Ice Melts @ 00:13:25,https://animehistory.org/gallery/screencaps/outlaw-star/episode-4/,https://animehistory.org/gallery/screencaps/outlaw-star/episode-4/?page=2,2,2026-10-07T01:48:47.538202+00:00,1749b8cb84d25c99c44649ce2dc403dbd1a0da2073391f3965cd52d36641e0f3,,UNVERIFIED
EP-04,When the Hot Ice Melts,00:13:29,809,848028,https://animehistory.org/uploads/screencaps/outlaw-star-E004-When-the-Hot-Ice-Melts/cap_00-13-29_2972.jpg,Outlaw Star Ep 4: When the Hot Ice Melts @ 00:13:29,https://animehistory.org/gallery/screencaps/outlaw-star/episode-4/,https://animehistory.org/gallery/screencaps/outlaw-star/episode-4/?page=2,2,2026-10-07T01:48:47.538202+00:00,1749b8cb84d25c99c44649ce2dc403dbd1a0da2073391f3965cd52d36641e0f3,,UNVERIFIED
EP-04,When the Hot Ice Melts,00:13:32,812,848029,https://animehistory.org/uploads/screencaps/outlaw-star-E004-When-the-Hot-Ice-Melts/cap_00-13-32_4336.jpg,Outlaw Star Ep 4: When the Hot Ice Melts @ 00:13:32,https://animehistory.org/gallery/screencaps/outlaw-star/episode-4/,https://animehistory.org/gallery/screencaps/outlaw-star/episode-4/?page=2,2,2026-10-07T01:48:47.538202+00:00,1749b8cb84d25c99c44649ce2dc403dbd1a0da2073391f3965cd52d36641e0f3,,UNVERIFIED
EP-04,When the Hot Ice Melts,00:13:36,816,848030,https://animehistory.org/uploads/screencaps/outlaw-star-E004-When-the-Hot-Ice-Melts/cap_00-13-36_4cd1.jpg,Outlaw Star Ep 4: When the Hot Ice Melts @ 00:13:36,https://animehistory.org/gallery/screencaps/outlaw-star/episode-4/,https://animehistory.org/gallery/screencaps/outlaw-star/episode-4/?page=2,2,2026-10-07T01:48:47.538202+00:00,1749b8cb84d25c99c44649ce2dc403dbd1a0da2073391f3965cd52d36641e0f3,,UNVERIFIED
EP-04,When the Hot Ice Melts,00:13:40,820,848031,https://animehistory.org/uploads/screencaps/outlaw-star-E004-When-the-Hot-Ice-Melts/cap_00-13-40_6669.jpg,Outlaw Star Ep 4: When the Hot Ice Melts @ 00:13:40,https://animehistory.org/gallery/screencaps/outlaw-star/episode-4/,https://animehistory.org/gallery/screencaps/outlaw-star/episode-4/?page=2,2,2026-10-07T01:48:47.538202+00:00,1749b8cb84d25c99c44649ce2dc403dbd1a0da2073391f3965cd52d36641e0f3,,UNVERIFIED
EP-04,When the Hot Ice Melts,00:13:43,823,848032,https://animehistory.org/uploads/screencaps/outlaw-star-E004-When-the-Hot-Ice-Melts/cap_00-13-43_5e33.jpg,Outlaw Star Ep 4: When the Hot Ice Melts @ 00:13:43,https://animehistory.org/gallery/screencaps/outlaw-star/episode-4/,https://animehistory.org/gallery/screencaps/outlaw-star/episode-4/?page=2,2,2026-10-07T01:48:47.538202+00:00,1749b8cb84d25c99c44649ce2dc403dbd1a0da2073391f3965cd52d36641e0f3,,UNVERIFIED
EP-04,When the Hot Ice Melts,00:13:47,827,848033,https://animehistory.org/uploads/screencaps/outlaw-star-E004-When-the-Hot-Ice-Melts/cap_00-13-47_0fb6.jpg,Outlaw Star Ep 4: When the Hot Ice Melts @ 00:13:47,https://animehistory.org/gallery/screencaps/outlaw-star/episode-4/,https://animehistory.org/gallery/screencaps/outlaw-star/episode-4/?page=2,2,2026-10-07T01:48:47.538202+00:00,1749b8cb84d25c99c44649ce2dc403dbd1a0da2073391f3965cd52d36641e0f3,,UNVERIFIED
EP-04,When the Hot Ice Melts,00:13:51,831,848034,https://animehistory.org/uploads/screencaps/outlaw-star-E004-When-the-Hot-Ice-Melts/cap_00-13-51_6979.jpg,Outlaw Star Ep 4: When the Hot Ice Melts @ 00:13:51,https://animehistory.org/gallery/screencaps/outlaw-star/episode-4/,https://animehistory.org/gallery/screencaps/outlaw-star/episode-4/?page=2,2,2026-10-07T01:48:47.538202+00:00,1749b8cb84d25c99c44649ce2dc403dbd1a0da2073391f3965cd52d36641e0f3,,UNVERIFIED
EP-04,When the Hot Ice Melts,00:13:54,834,848035,https://animehistory.org/uploads/screencaps/outlaw-star-E004-When-the-Hot-Ice-Melts/cap_00-13-54_459f.jpg,Outlaw Star Ep 4: When the Hot Ice Melts @ 00:13:54,https://animehistory.org/gallery/screencaps/outlaw-star/episode-4/,https://animehistory.org/gallery/screencaps/outlaw-star/episode-4/?page=3,3,2026-10-07T01:48:49.020707+00:00,5667fbadd02d027c8b751b96eca3f5d5c13638705ec57c65462cb33e97dc26e2,,UNVERIFIED
EP-04,When the Hot Ice Melts,00:13:58,838,848036,https://animehistory.org/uploads/screencaps/outlaw-star-E004-When-the-Hot-Ice-Melts/cap_00-13-58_6be6.jpg,Outlaw Star Ep 4: When the Hot Ice Melts @ 00:13:58,https://animehistory.org/gallery/screencaps/outlaw-star/episode-4/,https://animehistory.org/gallery/screencaps/outlaw-star/episode-4/?page=3,3,2026-10-07T01:48:49.020707+00:00,5667fbadd02d027c8b751b96eca3f5d5c13638705ec57c65462cb33e97dc26e2,,UNVERIFIED
EP-04,When the Hot Ice Melts,00:14:02,842,848037,https://animehistory.org/uploads/screencaps/outlaw-star-E004-When-the-Hot-Ice-Melts/cap_00-14-02_42b0.jpg,Outlaw Star Ep 4: When the Hot Ice Melts @ 00:14:02,https://animehistory.org/gallery/screencaps/outlaw-star/episode-4/,https://animehistory.org/gallery/screencaps/outlaw-star/episode-4/?page=3,3,2026-10-07T01:48:49.020707+00:00,5667fbadd02d027c8b751b96eca3f5d5c13638705ec57c65462cb33e97dc26e2,,UNVERIFIED
EP-04,When the Hot Ice Melts,00:14:05,845,848038,https://animehistory.org/uploads/screencaps/outlaw-star-E004-When-the-Hot-Ice-Melts/cap_00-14-05_0aa0.jpg,Outlaw Star Ep 4: When the Hot Ice Melts @ 00:14:05,https://animehistory.org/gallery/screencaps/outlaw-star/episode-4/,https://animehistory.org/gallery/screencaps/outlaw-star/episode-4/?page=3,3,2026-10-07T01:48:49.020707+00:00,5667fbadd02d027c8b751b96eca3f5d5c13638705ec57c65462cb33e97dc26e2,,UNVERIFIED
EP-04,When the Hot Ice Melts,00:14:09,849,848039,https://animehistory.org/uploads/screencaps/outlaw-star-E004-When-the-Hot-Ice-Melts/cap_00-14-09_5fcc.jpg,Outlaw Star Ep 4: When the Hot Ice Melts @ 00:14:09,https://animehistory.org/gallery/screencaps/outlaw-star/episode-4/,https://animehistory.org/gallery/screencaps/outlaw-star/episode-4/?page=3,3,2026-10-07T01:48:49.020707+00:00,5667fbadd02d027c8b751b96eca3f5d5c13638705ec57c65462cb33e97dc26e2,,UNVERIFIED
EP-04,When the Hot Ice Melts,00:14:13,853,848040,https://animehistory.org/uploads/screencaps/outlaw-star-E004-When-the-Hot-Ice-Melts/cap_00-14-13_5226.jpg,Outlaw Star Ep 4: When the Hot Ice Melts @ 00:14:13,https://animehistory.org/gallery/screencaps/outlaw-star/episode-4/,https://animehistory.org/gallery/screencaps/outlaw-star/episode-4/?page=3,3,2026-10-07T01:48:49.020707+00:00,5667fbadd02d027c8b751b96eca3f5d5c13638705ec57c65462cb33e97dc26e2,,UNVERIFIED
EP-04,When the Hot Ice Melts,00:14:16,856,848041,https://animehistory.org/uploads/screencaps/outlaw-star-E004-When-the-Hot-Ice-Melts/cap_00-14-16_18c3.jpg,Outlaw Star Ep 4: When the Hot Ice Melts @ 00:14:16,https://animehistory.org/gallery/screencaps/outlaw-star/episode-4/,https://animehistory.org/gallery/screencaps/outlaw-star/episode-4/?page=3,3,2026-10-07T01:48:49.020707+00:00,5667fbadd02d027c8b751b96eca3f5d5c13638705ec57c65462cb33e97dc26e2,,UNVERIFIED
EP-04,When the Hot Ice Melts,00:14:20,860,848042,https://animehistory.org/uploads/screencaps/outlaw-star-E004-When-the-Hot-Ice-Melts/cap_00-14-20_62b6.jpg,Outlaw Star Ep 4: When the Hot Ice Melts @ 00:14:20,https://animehistory.org/gallery/screencaps/outlaw-star/episode-4/,https://animehistory.org/gallery/screencaps/outlaw-star/episode-4/?page=3,3,2026-10-07T01:48:49.020707+00:00,5667fbadd02d027c8b751b96eca3f5d5c13638705ec57c65462cb33e97dc26e2,,UNVERIFIED
EP-04,When the Hot Ice Melts,00:14:24,864,848043,https://animehistory.org/uploads/screencaps/outlaw-star-E004-When-the-Hot-Ice-Melts/cap_00-14-24_53c3.jpg,Outlaw Star Ep 4: When the Hot Ice Melts @ 00:14:24,https://animehistory.org/gallery/screencaps/outlaw-star/episode-4/,https://animehistory.org/gallery/screencaps/outlaw-star/episode-4/?page=3,3,2026-10-07T01:48:49.020707+00:00,5667fbadd02d027c8b751b96eca3f5d5c13638705ec57c65462cb33e97dc26e2,,UNVERIFIED
EP-04,When the Hot Ice Melts,00:14:27,867,848044,https://animehistory.org/uploads/screencaps/outlaw-star-E004-When-the-Hot-Ice-Melts/cap_00-14-27_4af1.jpg,Outlaw Star Ep 4: When the Hot Ice Melts @ 00:14:27,https://animehistory.org/gallery/screencaps/outlaw-star/episode-4/,https://animehistory.org/gallery/screencaps/outlaw-star/episode-4/?page=3,3,2026-10-07T01:48:49.020707+00:00,5667fbadd02d027c8b751b96eca3f5d5c13638705ec57c65462cb33e97dc26e2,,UNVERIFIED
EP-04,When the Hot Ice Melts,00:14:31,871,848045,https://animehistory.org/uploads/screencaps/outlaw-star-E004-When-the-Hot-Ice-Melts/cap_00-14-31_3821.jpg,Outlaw Star Ep 4: When the Hot Ice Melts @ 00:14:31,https://animehistory.org/gallery/screencaps/outlaw-star/episode-4/,https://animehistory.org/gallery/screencaps/outlaw-star/episode-4/?page=3,3,2026-10-07T01:48:49.020707+00:00,5667fbadd02d027c8b751b96eca3f5d5c13638705ec57c65462cb33e97dc26e2,,UNVERIFIED
EP-04,When the Hot Ice Melts,00:14:35,875,848046,https://animehistory.org/uploads/screencaps/outlaw-star-E004-When-the-Hot-Ice-Melts/cap_00-14-35_113d.jpg,Outlaw Star Ep 4: When the Hot Ice Melts @ 00:14:35,https://animehistory.org/gallery/screencaps/outlaw-star/episode-4/,https://animehistory.org/gallery/screencaps/outlaw-star/episode-4/?page=3,3,2026-10-07T01:48:49.020707+00:00,5667fbadd02d027c8b751b96eca3f5d5c13638705ec57c65462cb33e97dc26e2,,UNVERIFIED
EP-04,When the Hot Ice Melts,00:14:38,878,848047,https://animehistory.org/uploads/screencaps/outlaw-star-E004-When-the-Hot-Ice-Melts/cap_00-14-38_0c1e.jpg,Outlaw Star Ep 4: When the Hot Ice Melts @ 00:14:38,https://animehistory.org/gallery/screencaps/outlaw-star/episode-4/,https://animehistory.org/gallery/screencaps/outlaw-star/episode-4/?page=3,3,2026-10-07T01:48:49.020707+00:00,5667fbadd02d027c8b751b96eca3f5d5c13638705ec57c65462cb33e97dc26e2,,UNVERIFIED
EP-04,When the Hot Ice Melts,00:14:42,882,848048,https://animehistory.org/uploads/screencaps/outlaw-star-E004-When-the-Hot-Ice-Melts/cap_00-14-42_6c69.jpg,Outlaw Star Ep 4: When the Hot Ice Melts @ 00:14:42,https://animehistory.org/gallery/screencaps/outlaw-star/episode-4/,https://animehistory.org/gallery/screencaps/outlaw-star/episode-4/?page=3,3,2026-10-07T01:48:49.020707+00:00,5667fbadd02d027c8b751b96eca3f5d5c13638705ec57c65462cb33e97dc26e2,,UNVERIFIED
EP-04,When the Hot Ice Melts,00:14:46,886,848049,https://animehistory.org/uploads/screencaps/outlaw-star-E004-When-the-Hot-Ice-Melts/cap_00-14-46_089e.jpg,Outlaw Star Ep 4: When the Hot Ice Melts @ 00:14:46,https://animehistory.org/gallery/screencaps/outlaw-star/episode-4/,https://animehistory.org/gallery/screencaps/outlaw-star/episode-4/?page=3,3,2026-10-07T01:48:49.020707+00:00,5667fbadd02d027c8b751b96eca3f5d5c13638705ec57c65462cb33e97dc26e2,,UNVERIFIED
EP-04,When the Hot Ice Melts,00:14:49,889,848050,https://animehistory.org/uploads/screencaps/outlaw-star-E004-When-the-Hot-Ice-Melts/cap_00-14-49_2865.jpg,Outlaw Star Ep 4: When the Hot Ice Melts @ 00:14:49,https://animehistory.org/gallery/screencaps/outlaw-star/episode-4/,https://animehistory.org/gallery/screencaps/outlaw-star/episode-4/?page=3,3,2026-10-07T01:48:49.020707+00:00,5667fbadd02d027c8b751b96eca3f5d5c13638705ec57c65462cb33e97dc26e2,,UNVERIFIED
EP-04,When the Hot Ice Melts,00:14:53,893,848051,https://animehistory.org/uploads/screencaps/outlaw-star-E004-When-the-Hot-Ice-Melts/cap_00-14-53_1089.jpg,Outlaw Star Ep 4: When the Hot Ice Melts @ 00:14:53,https://animehistory.org/gallery/screencaps/outlaw-star/episode-4/,https://animehistory.org/gallery/screencaps/outlaw-star/episode-4/?page=3,3,2026-10-07T01:48:49.020707+00:00,5667fbadd02d027c8b751b96eca3f5d5c13638705ec57c65462cb33e97dc26e2,,UNVERIFIED
EP-04,When the Hot Ice Melts,00:14:57,897,848052,https://animehistory.org/uploads/screencaps/outlaw-star-E004-When-the-Hot-Ice-Melts/cap_00-14-57_253f.jpg,Outlaw Star Ep 4: When the Hot Ice Melts @ 00:14:57,https://animehistory.org/gallery/screencaps/outlaw-star/episode-4/,https://animehistory.org/gallery/screencaps/outlaw-star/episode-4/?page=3,3,2026-10-07T01:48:49.020707+00:00,5667fbadd02d027c8b751b96eca3f5d5c13638705ec57c65462cb33e97dc26e2,,UNVERIFIED
EP-04,When the Hot Ice Melts,00:15:00,900,848053,https://animehistory.org/uploads/screencaps/outlaw-star-E004-When-the-Hot-Ice-Melts/cap_00-15-00_0c64.jpg,Outlaw Star Ep 4: When the Hot Ice Melts @ 00:15:00,https://animehistory.org/gallery/screencaps/outlaw-star/episode-4/,https://animehistory.org/gallery/screencaps/outlaw-star/episode-4/?page=3,3,2026-10-07T01:48:49.020707+00:00,5667fbadd02d027c8b751b96eca3f5d5c13638705ec57c65462cb33e97dc26e2,,UNVERIFIED
EP-04,When the Hot Ice Melts,00:15:04,904,848054,https://animehistory.org/uploads/screencaps/outlaw-star-E004-When-the-Hot-Ice-Melts/cap_00-15-04_32c3.jpg,Outlaw Star Ep 4: When the Hot Ice Melts @ 00:15:04,https://animehistory.org/gallery/screencaps/outlaw-star/episode-4/,https://animehistory.org/gallery/screencaps/outlaw-star/episode-4/?page=3,3,2026-10-07T01:48:49.020707+00:00,5667fbadd02d027c8b751b96eca3f5d5c13638705ec57c65462cb33e97dc26e2,,UNVERIFIED
EP-04,When the Hot Ice Melts,00:15:08,908,848055,https://animehistory.org/uploads/screencaps/outlaw-star-E004-When-the-Hot-Ice-Melts/cap_00-15-08_1039.jpg,Outlaw Star Ep 4: When the Hot Ice Melts @ 00:15:08,https://animehistory.org/gallery/screencaps/outlaw-star/episode-4/,https://animehistory.org/gallery/screencaps/outlaw-star/episode-4/?page=3,3,2026-10-07T01:48:49.020707+00:00,5667fbadd02d027c8b751b96eca3f5d5c13638705ec57c65462cb33e97dc26e2,,UNVERIFIED
EP-04,When the Hot Ice Melts,00:15:11,911,848056,https://animehistory.org/uploads/screencaps/outlaw-star-E004-When-the-Hot-Ice-Melts/cap_00-15-11_17f0.jpg,Outlaw Star Ep 4: When the Hot Ice Melts @ 00:15:11,https://animehistory.org/gallery/screencaps/outlaw-star/episode-4/,https://animehistory.org/gallery/screencaps/outlaw-star/episode-4/?page=3,3,2026-10-07T01:48:49.020707+00:00,5667fbadd02d027c8b751b96eca3f5d5c13638705ec57c65462cb33e97dc26e2,,UNVERIFIED
EP-04,When the Hot Ice Melts,00:15:15,915,848057,https://animehistory.org/uploads/screencaps/outlaw-star-E004-When-the-Hot-Ice-Melts/cap_00-15-15_53c8.jpg,Outlaw Star Ep 4: When the Hot Ice Melts @ 00:15:15,https://animehistory.org/gallery/screencaps/outlaw-star/episode-4/,https://animehistory.org/gallery/screencaps/outlaw-star/episode-4/?page=3,3,2026-10-07T01:48:49.020707+00:00,5667fbadd02d027c8b751b96eca3f5d5c13638705ec57c65462cb33e97dc26e2,,UNVERIFIED
EP-04,When the Hot Ice Melts,00:15:19,919,848058,https://animehistory.org/uploads/screencaps/outlaw-star-E004-When-the-Hot-Ice-Melts/cap_00-15-19_5cec.jpg,Outlaw Star Ep 4: When the Hot Ice Melts @ 00:15:19,https://animehistory.org/gallery/screencaps/outlaw-star/episode-4/,https://animehistory.org/gallery/screencaps/outlaw-star/episode-4/?page=3,3,2026-10-07T01:48:49.020707+00:00,5667fbadd02d027c8b751b96eca3f5d5c13638705ec57c65462cb33e97dc26e2,,UNVERIFIED
EP-04,When the Hot Ice Melts,00:15:22,922,848059,https://animehistory.org/uploads/screencaps/outlaw-star-E004-When-the-Hot-Ice-Melts/cap_00-15-22_1415.jpg,Outlaw Star Ep 4: When the Hot Ice Melts @ 00:15:22,https://animehistory.org/gallery/screencaps/outlaw-star/episode-4/,https://animehistory.org/gallery/screencaps/outlaw-star/episode-4/?page=3,3,2026-10-07T01:48:49.020707+00:00,5667fbadd02d027c8b751b96eca3f5d5c13638705ec57c65462cb33e97dc26e2,,UNVERIFIED
EP-04,When the Hot Ice Melts,00:15:26,926,848060,https://animehistory.org/uploads/screencaps/outlaw-star-E004-When-the-Hot-Ice-Melts/cap_00-15-26_23fe.jpg,Outlaw Star Ep 4: When the Hot Ice Melts @ 00:15:26,https://animehistory.org/gallery/screencaps/outlaw-star/episode-4/,https://animehistory.org/gallery/screencaps/outlaw-star/episode-4/?page=3,3,2026-10-07T01:48:49.020707+00:00,5667fbadd02d027c8b751b96eca3f5d5c13638705ec57c65462cb33e97dc26e2,,UNVERIFIED
EP-04,When the Hot Ice Melts,00:15:29,929,848061,https://animehistory.org/uploads/screencaps/outlaw-star-E004-When-the-Hot-Ice-Melts/cap_00-15-29_285e.jpg,Outlaw Star Ep 4: When the Hot Ice Melts @ 00:15:29,https://animehistory.org/gallery/screencaps/outlaw-star/episode-4/,https://animehistory.org/gallery/screencaps/outlaw-star/episode-4/?page=3,3,2026-10-07T01:48:49.020707+00:00,5667fbadd02d027c8b751b96eca3f5d5c13638705ec57c65462cb33e97dc26e2,,UNVERIFIED
EP-04,When the Hot Ice Melts,00:15:33,933,848062,https://animehistory.org/uploads/screencaps/outlaw-star-E004-When-the-Hot-Ice-Melts/cap_00-15-33_1c97.jpg,Outlaw Star Ep 4: When the Hot Ice Melts @ 00:15:33,https://animehistory.org/gallery/screencaps/outlaw-star/episode-4/,https://animehistory.org/gallery/screencaps/outlaw-star/episode-4/?page=3,3,2026-10-07T01:48:49.020707+00:00,5667fbadd02d027c8b751b96eca3f5d5c13638705ec57c65462cb33e97dc26e2,,UNVERIFIED
EP-04,When the Hot Ice Melts,00:15:37,937,848063,https://animehistory.org/uploads/screencaps/outlaw-star-E004-When-the-Hot-Ice-Melts/cap_00-15-37_2ce9.jpg,Outlaw Star Ep 4: When the Hot Ice Melts @ 00:15:37,https://animehistory.org/gallery/screencaps/outlaw-star/episode-4/,https://animehistory.org/gallery/screencaps/outlaw-star/episode-4/?page=3,3,2026-10-07T01:48:49.020707+00:00,5667fbadd02d027c8b751b96eca3f5d5c13638705ec57c65462cb33e97dc26e2,,UNVERIFIED
EP-04,When the Hot Ice Melts,00:15:40,940,848064,https://animehistory.org/uploads/screencaps/outlaw-star-E004-When-the-Hot-Ice-Melts/cap_00-15-40_06db.jpg,Outlaw Star Ep 4: When the Hot Ice Melts @ 00:15:40,https://animehistory.org/gallery/screencaps/outlaw-star/episode-4/,https://animehistory.org/gallery/screencaps/outlaw-star/episode-4/?page=3,3,2026-10-07T01:48:49.020707+00:00,5667fbadd02d027c8b751b96eca3f5d5c13638705ec57c65462cb33e97dc26e2,,UNVERIFIED
EP-04,When the Hot Ice Melts,00:15:44,944,848065,https://animehistory.org/uploads/screencaps/outlaw-star-E004-When-the-Hot-Ice-Melts/cap_00-15-44_4c82.jpg,Outlaw Star Ep 4: When the Hot Ice Melts @ 00:15:44,https://animehistory.org/gallery/screencaps/outlaw-star/episode-4/,https://animehistory.org/gallery/screencaps/outlaw-star/episode-4/?page=3,3,2026-10-07T01:48:49.020707+00:00,5667fbadd02d027c8b751b96eca3f5d5c13638705ec57c65462cb33e97dc26e2,,UNVERIFIED
EP-04,When the Hot Ice Melts,00:15:48,948,848066,https://animehistory.org/uploads/screencaps/outlaw-star-E004-When-the-Hot-Ice-Melts/cap_00-15-48_3eb3.jpg,Outlaw Star Ep 4: When the Hot Ice Melts @ 00:15:48,https://animehistory.org/gallery/screencaps/outlaw-star/episode-4/,https://animehistory.org/gallery/screencaps/outlaw-star/episode-4/?page=3,3,2026-10-07T01:48:49.020707+00:00,5667fbadd02d027c8b751b96eca3f5d5c13638705ec57c65462cb33e97dc26e2,,UNVERIFIED
EP-04,When the Hot Ice Melts,00:15:51,951,848067,https://animehistory.org/uploads/screencaps/outlaw-star-E004-When-the-Hot-Ice-Melts/cap_00-15-51_0eae.jpg,Outlaw Star Ep 4: When the Hot Ice Melts @ 00:15:51,https://animehistory.org/gallery/screencaps/outlaw-star/episode-4/,https://animehistory.org/gallery/screencaps/outlaw-star/episode-4/?page=3,3,2026-10-07T01:48:49.020707+00:00,5667fbadd02d027c8b751b96eca3f5d5c13638705ec57c65462cb33e97dc26e2,,UNVERIFIED
EP-04,When the Hot Ice Melts,00:15:55,955,848068,https://animehistory.org/uploads/screencaps/outlaw-star-E004-When-the-Hot-Ice-Melts/cap_00-15-55_474f.jpg,Outlaw Star Ep 4: When the Hot Ice Melts @ 00:15:55,https://animehistory.org/gallery/screencaps/outlaw-star/episode-4/,https://animehistory.org/gallery/screencaps/outlaw-star/episode-4/?page=3,3,2026-10-07T01:48:49.020707+00:00,5667fbadd02d027c8b751b96eca3f5d5c13638705ec57c65462cb33e97dc26e2,,UNVERIFIED
EP-04,When the Hot Ice Melts,00:15:59,959,848069,https://animehistory.org/uploads/screencaps/outlaw-star-E004-When-the-Hot-Ice-Melts/cap_00-15-59_5f30.jpg,Outlaw Star Ep 4: When the Hot Ice Melts @ 00:15:59,https://animehistory.org/gallery/screencaps/outlaw-star/episode-4/,https://animehistory.org/gallery/screencaps/outlaw-star/episode-4/?page=3,3,2026-10-07T01:48:49.020707+00:00,5667fbadd02d027c8b751b96eca3f5d5c13638705ec57c65462cb33e97dc26e2,,UNVERIFIED
EP-04,When the Hot Ice Melts,00:16:02,962,848070,https://animehistory.org/uploads/screencaps/outlaw-star-E004-When-the-Hot-Ice-Melts/cap_00-16-02_3494.jpg,Outlaw Star Ep 4: When the Hot Ice Melts @ 00:16:02,https://animehistory.org/gallery/screencaps/outlaw-star/episode-4/,https://animehistory.org/gallery/screencaps/outlaw-star/episode-4/?page=3,3,2026-10-07T01:48:49.020707+00:00,5667fbadd02d027c8b751b96eca3f5d5c13638705ec57c65462cb33e97dc26e2,,UNVERIFIED
EP-04,When the Hot Ice Melts,00:16:06,966,848071,https://animehistory.org/uploads/screencaps/outlaw-star-E004-When-the-Hot-Ice-Melts/cap_00-16-06_2a4a.jpg,Outlaw Star Ep 4: When the Hot Ice Melts @ 00:16:06,https://animehistory.org/gallery/screencaps/outlaw-star/episode-4/,https://animehistory.org/gallery/screencaps/outlaw-star/episode-4/?page=3,3,2026-10-07T01:48:49.020707+00:00,5667fbadd02d027c8b751b96eca3f5d5c13638705ec57c65462cb33e97dc26e2,,UNVERIFIED
EP-04,When the Hot Ice Melts,00:16:10,970,848072,https://animehistory.org/uploads/screencaps/outlaw-star-E004-When-the-Hot-Ice-Melts/cap_00-16-10_2c88.jpg,Outlaw Star Ep 4: When the Hot Ice Melts @ 00:16:10,https://animehistory.org/gallery/screencaps/outlaw-star/episode-4/,https://animehistory.org/gallery/screencaps/outlaw-star/episode-4/?page=3,3,2026-10-07T01:48:49.020707+00:00,5667fbadd02d027c8b751b96eca3f5d5c13638705ec57c65462cb33e97dc26e2,,UNVERIFIED
EP-04,When the Hot Ice Melts,00:16:13,973,848073,https://animehistory.org/uploads/screencaps/outlaw-star-E004-When-the-Hot-Ice-Melts/cap_00-16-13_78ba.jpg,Outlaw Star Ep 4: When the Hot Ice Melts @ 00:16:13,https://animehistory.org/gallery/screencaps/outlaw-star/episode-4/,https://animehistory.org/gallery/screencaps/outlaw-star/episode-4/?page=3,3,2026-10-07T01:48:49.020707+00:00,5667fbadd02d027c8b751b96eca3f5d5c13638705ec57c65462cb33e97dc26e2,,UNVERIFIED
EP-04,When the Hot Ice Melts,00:16:17,977,848074,https://animehistory.org/uploads/screencaps/outlaw-star-E004-When-the-Hot-Ice-Melts/cap_00-16-17_11d8.jpg,Outlaw Star Ep 4: When the Hot Ice Melts @ 00:16:17,https://animehistory.org/gallery/screencaps/outlaw-star/episode-4/,https://animehistory.org/gallery/screencaps/outlaw-star/episode-4/?page=3,3,2026-10-07T01:48:49.020707+00:00,5667fbadd02d027c8b751b96eca3f5d5c13638705ec57c65462cb33e97dc26e2,,UNVERIFIED
EP-04,When the Hot Ice Melts,00:16:21,981,848075,https://animehistory.org/uploads/screencaps/outlaw-star-E004-When-the-Hot-Ice-Melts/cap_00-16-21_1d47.jpg,Outlaw Star Ep 4: When the Hot Ice Melts @ 00:16:21,https://animehistory.org/gallery/screencaps/outlaw-star/episode-4/,https://animehistory.org/gallery/screencaps/outlaw-star/episode-4/?page=3,3,2026-10-07T01:48:49.020707+00:00,5667fbadd02d027c8b751b96eca3f5d5c13638705ec57c65462cb33e97dc26e2,,UNVERIFIED
EP-04,When the Hot Ice Melts,00:16:24,984,848076,https://animehistory.org/uploads/screencaps/outlaw-star-E004-When-the-Hot-Ice-Melts/cap_00-16-24_6857.jpg,Outlaw Star Ep 4: When the Hot Ice Melts @ 00:16:24,https://animehistory.org/gallery/screencaps/outlaw-star/episode-4/,https://animehistory.org/gallery/screencaps/outlaw-star/episode-4/?page=3,3,2026-10-07T01:48:49.020707+00:00,5667fbadd02d027c8b751b96eca3f5d5c13638705ec57c65462cb33e97dc26e2,,UNVERIFIED
EP-04,When the Hot Ice Melts,00:16:28,988,848077,https://animehistory.org/uploads/screencaps/outlaw-star-E004-When-the-Hot-Ice-Melts/cap_00-16-28_5aa5.jpg,Outlaw Star Ep 4: When the Hot Ice Melts @ 00:16:28,https://animehistory.org/gallery/screencaps/outlaw-star/episode-4/,https://animehistory.org/gallery/screencaps/outlaw-star/episode-4/?page=3,3,2026-10-07T01:48:49.020707+00:00,5667fbadd02d027c8b751b96eca3f5d5c13638705ec57c65462cb33e97dc26e2,,UNVERIFIED
EP-04,When the Hot Ice Melts,00:16:32,992,848078,https://animehistory.org/uploads/screencaps/outlaw-star-E004-When-the-Hot-Ice-Melts/cap_00-16-32_1d8a.jpg,Outlaw Star Ep 4: When the Hot Ice Melts @ 00:16:32,https://animehistory.org/gallery/screencaps/outlaw-star/episode-4/,https://animehistory.org/gallery/screencaps/outlaw-star/episode-4/?page=3,3,2026-10-07T01:48:49.020707+00:00,5667fbadd02d027c8b751b96eca3f5d5c13638705ec57c65462cb33e97dc26e2,,UNVERIFIED
EP-04,When the Hot Ice Melts,00:16:35,995,848079,https://animehistory.org/uploads/screencaps/outlaw-star-E004-When-the-Hot-Ice-Melts/cap_00-16-35_0408.jpg,Outlaw Star Ep 4: When the Hot Ice Melts @ 00:16:35,https://animehistory.org/gallery/screencaps/outlaw-star/episode-4/,https://animehistory.org/gallery/screencaps/outlaw-star/episode-4/?page=3,3,2026-10-07T01:48:49.020707+00:00,5667fbadd02d027c8b751b96eca3f5d5c13638705ec57c65462cb33e97dc26e2,,UNVERIFIED
EP-04,When the Hot Ice Melts,00:16:39,999,848080,https://animehistory.org/uploads/screencaps/outlaw-star-E004-When-the-Hot-Ice-Melts/cap_00-16-39_25f4.jpg,Outlaw Star Ep 4: When the Hot Ice Melts @ 00:16:39,https://animehistory.org/gallery/screencaps/outlaw-star/episode-4/,https://animehistory.org/gallery/screencaps/outlaw-star/episode-4/?page=3,3,2026-10-07T01:48:49.020707+00:00,5667fbadd02d027c8b751b96eca3f5d5c13638705ec57c65462cb33e97dc26e2,,UNVERIFIED
EP-04,When the Hot Ice Melts,00:16:43,1003,848081,https://animehistory.org/uploads/screencaps/outlaw-star-E004-When-the-Hot-Ice-Melts/cap_00-16-43_630f.jpg,Outlaw Star Ep 4: When the Hot Ice Melts @ 00:16:43,https://animehistory.org/gallery/screencaps/outlaw-star/episode-4/,https://animehistory.org/gallery/screencaps/outlaw-star/episode-4/?page=3,3,2026-10-07T01:48:49.020707+00:00,5667fbadd02d027c8b751b96eca3f5d5c13638705ec57c65462cb33e97dc26e2,,UNVERIFIED
EP-04,When the Hot Ice Melts,00:16:46,1006,848082,https://animehistory.org/uploads/screencaps/outlaw-star-E004-When-the-Hot-Ice-Melts/cap_00-16-46_056f.jpg,Outlaw Star Ep 4: When the Hot Ice Melts @ 00:16:46,https://animehistory.org/gallery/screencaps/outlaw-star/episode-4/,https://animehistory.org/gallery/screencaps/outlaw-star/episode-4/?page=3,3,2026-10-07T01:48:49.020707+00:00,5667fbadd02d027c8b751b96eca3f5d5c13638705ec57c65462cb33e97dc26e2,,UNVERIFIED
EP-04,When the Hot Ice Melts,00:16:50,1010,848083,https://animehistory.org/uploads/screencaps/outlaw-star-E004-When-the-Hot-Ice-Melts/cap_00-16-50_4c7a.jpg,Outlaw Star Ep 4: When the Hot Ice Melts @ 00:16:50,https://animehistory.org/gallery/screencaps/outlaw-star/episode-4/,https://animehistory.org/gallery/screencaps/outlaw-star/episode-4/?page=3,3,2026-10-07T01:48:49.020707+00:00,5667fbadd02d027c8b751b96eca3f5d5c13638705ec57c65462cb33e97dc26e2,,UNVERIFIED
EP-04,When the Hot Ice Melts,00:16:54,1014,848084,https://animehistory.org/uploads/screencaps/outlaw-star-E004-When-the-Hot-Ice-Melts/cap_00-16-54_6358.jpg,Outlaw Star Ep 4: When the Hot Ice Melts @ 00:16:54,https://animehistory.org/gallery/screencaps/outlaw-star/episode-4/,https://animehistory.org/gallery/screencaps/outlaw-star/episode-4/?page=3,3,2026-10-07T01:48:49.020707+00:00,5667fbadd02d027c8b751b96eca3f5d5c13638705ec57c65462cb33e97dc26e2,,UNVERIFIED
EP-04,When the Hot Ice Melts,00:16:57,1017,848085,https://animehistory.org/uploads/screencaps/outlaw-star-E004-When-the-Hot-Ice-Melts/cap_00-16-57_4163.jpg,Outlaw Star Ep 4: When the Hot Ice Melts @ 00:16:57,https://animehistory.org/gallery/screencaps/outlaw-star/episode-4/,https://animehistory.org/gallery/screencaps/outlaw-star/episode-4/?page=3,3,2026-10-07T01:48:49.020707+00:00,5667fbadd02d027c8b751b96eca3f5d5c13638705ec57c65462cb33e97dc26e2,,UNVERIFIED
EP-04,When the Hot Ice Melts,00:17:01,1021,848086,https://animehistory.org/uploads/screencaps/outlaw-star-E004-When-the-Hot-Ice-Melts/cap_00-17-01_5d7e.jpg,Outlaw Star Ep 4: When the Hot Ice Melts @ 00:17:01,https://animehistory.org/gallery/screencaps/outlaw-star/episode-4/,https://animehistory.org/gallery/screencaps/outlaw-star/episode-4/?page=3,3,2026-10-07T01:48:49.020707+00:00,5667fbadd02d027c8b751b96eca3f5d5c13638705ec57c65462cb33e97dc26e2,,UNVERIFIED
EP-04,When the Hot Ice Melts,00:17:05,1025,848087,https://animehistory.org/uploads/screencaps/outlaw-star-E004-When-the-Hot-Ice-Melts/cap_00-17-05_691d.jpg,Outlaw Star Ep 4: When the Hot Ice Melts @ 00:17:05,https://animehistory.org/gallery/screencaps/outlaw-star/episode-4/,https://animehistory.org/gallery/screencaps/outlaw-star/episode-4/?page=3,3,2026-10-07T01:48:49.020707+00:00,5667fbadd02d027c8b751b96eca3f5d5c13638705ec57c65462cb33e97dc26e2,,UNVERIFIED
EP-04,When the Hot Ice Melts,00:17:08,1028,848088,https://animehistory.org/uploads/screencaps/outlaw-star-E004-When-the-Hot-Ice-Melts/cap_00-17-08_6649.jpg,Outlaw Star Ep 4: When the Hot Ice Melts @ 00:17:08,https://animehistory.org/gallery/screencaps/outlaw-star/episode-4/,https://animehistory.org/gallery/screencaps/outlaw-star/episode-4/?page=3,3,2026-10-07T01:48:49.020707+00:00,5667fbadd02d027c8b751b96eca3f5d5c13638705ec57c65462cb33e97dc26e2,,UNVERIFIED
EP-04,When the Hot Ice Melts,00:17:12,1032,848089,https://animehistory.org/uploads/screencaps/outlaw-star-E004-When-the-Hot-Ice-Melts/cap_00-17-12_3fae.jpg,Outlaw Star Ep 4: When the Hot Ice Melts @ 00:17:12,https://animehistory.org/gallery/screencaps/outlaw-star/episode-4/,https://animehistory.org/gallery/screencaps/outlaw-star/episode-4/?page=3,3,2026-10-07T01:48:49.020707+00:00,5667fbadd02d027c8b751b96eca3f5d5c13638705ec57c65462cb33e97dc26e2,,UNVERIFIED
EP-04,When the Hot Ice Melts,00:17:16,1036,848090,https://animehistory.org/uploads/screencaps/outlaw-star-E004-When-the-Hot-Ice-Melts/cap_00-17-16_3103.jpg,Outlaw Star Ep 4: When the Hot Ice Melts @ 00:17:16,https://animehistory.org/gallery/screencaps/outlaw-star/episode-4/,https://animehistory.org/gallery/screencaps/outlaw-star/episode-4/?page=3,3,2026-10-07T01:48:49.020707+00:00,5667fbadd02d027c8b751b96eca3f5d5c13638705ec57c65462cb33e97dc26e2,,UNVERIFIED
EP-04,When the Hot Ice Melts,00:17:19,1039,848091,https://animehistory.org/uploads/screencaps/outlaw-star-E004-When-the-Hot-Ice-Melts/cap_00-17-19_3419.jpg,Outlaw Star Ep 4: When the Hot Ice Melts @ 00:17:19,https://animehistory.org/gallery/screencaps/outlaw-star/episode-4/,https://animehistory.org/gallery/screencaps/outlaw-star/episode-4/?page=3,3,2026-10-07T01:48:49.020707+00:00,5667fbadd02d027c8b751b96eca3f5d5c13638705ec57c65462cb33e97dc26e2,,UNVERIFIED
EP-04,When the Hot Ice Melts,00:17:23,1043,848092,https://animehistory.org/uploads/screencaps/outlaw-star-E004-When-the-Hot-Ice-Melts/cap_00-17-23_0e1e.jpg,Outlaw Star Ep 4: When the Hot Ice Melts @ 00:17:23,https://animehistory.org/gallery/screencaps/outlaw-star/episode-4/,https://animehistory.org/gallery/screencaps/outlaw-star/episode-4/?page=3,3,2026-10-07T01:48:49.020707+00:00,5667fbadd02d027c8b751b96eca3f5d5c13638705ec57c65462cb33e97dc26e2,,UNVERIFIED
EP-04,When the Hot Ice Melts,00:17:26,1046,848093,https://animehistory.org/uploads/screencaps/outlaw-star-E004-When-the-Hot-Ice-Melts/cap_00-17-26_23e3.jpg,Outlaw Star Ep 4: When the Hot Ice Melts @ 00:17:26,https://animehistory.org/gallery/screencaps/outlaw-star/episode-4/,https://animehistory.org/gallery/screencaps/outlaw-star/episode-4/?page=3,3,2026-10-07T01:48:49.020707+00:00,5667fbadd02d027c8b751b96eca3f5d5c13638705ec57c65462cb33e97dc26e2,,UNVERIFIED
EP-04,When the Hot Ice Melts,00:17:30,1050,848094,https://animehistory.org/uploads/screencaps/outlaw-star-E004-When-the-Hot-Ice-Melts/cap_00-17-30_0165.jpg,Outlaw Star Ep 4: When the Hot Ice Melts @ 00:17:30,https://animehistory.org/gallery/screencaps/outlaw-star/episode-4/,https://animehistory.org/gallery/screencaps/outlaw-star/episode-4/?page=3,3,2026-10-07T01:48:49.020707+00:00,5667fbadd02d027c8b751b96eca3f5d5c13638705ec57c65462cb33e97dc26e2,,UNVERIFIED
EP-04,When the Hot Ice Melts,00:17:34,1054,848095,https://animehistory.org/uploads/screencaps/outlaw-star-E004-When-the-Hot-Ice-Melts/cap_00-17-34_6d39.jpg,Outlaw Star Ep 4: When the Hot Ice Melts @ 00:17:34,https://animehistory.org/gallery/screencaps/outlaw-star/episode-4/,https://animehistory.org/gallery/screencaps/outlaw-star/episode-4/?page=3,3,2026-10-07T01:48:49.020707+00:00,5667fbadd02d027c8b751b96eca3f5d5c13638705ec57c65462cb33e97dc26e2,,UNVERIFIED
EP-04,When the Hot Ice Melts,00:17:37,1057,848096,https://animehistory.org/uploads/screencaps/outlaw-star-E004-When-the-Hot-Ice-Melts/cap_00-17-37_6f3e.jpg,Outlaw Star Ep 4: When the Hot Ice Melts @ 00:17:37,https://animehistory.org/gallery/screencaps/outlaw-star/episode-4/,https://animehistory.org/gallery/screencaps/outlaw-star/episode-4/?page=3,3,2026-10-07T01:48:49.020707+00:00,5667fbadd02d027c8b751b96eca3f5d5c13638705ec57c65462cb33e97dc26e2,,UNVERIFIED
EP-04,When the Hot Ice Melts,00:17:41,1061,848097,https://animehistory.org/uploads/screencaps/outlaw-star-E004-When-the-Hot-Ice-Melts/cap_00-17-41_48e4.jpg,Outlaw Star Ep 4: When the Hot Ice Melts @ 00:17:41,https://animehistory.org/gallery/screencaps/outlaw-star/episode-4/,https://animehistory.org/gallery/screencaps/outlaw-star/episode-4/?page=3,3,2026-10-07T01:48:49.020707+00:00,5667fbadd02d027c8b751b96eca3f5d5c13638705ec57c65462cb33e97dc26e2,,UNVERIFIED
EP-04,When the Hot Ice Melts,00:17:45,1065,848098,https://animehistory.org/uploads/screencaps/outlaw-star-E004-When-the-Hot-Ice-Melts/cap_00-17-45_1d0a.jpg,Outlaw Star Ep 4: When the Hot Ice Melts @ 00:17:45,https://animehistory.org/gallery/screencaps/outlaw-star/episode-4/,https://animehistory.org/gallery/screencaps/outlaw-star/episode-4/?page=3,3,2026-10-07T01:48:49.020707+00:00,5667fbadd02d027c8b751b96eca3f5d5c13638705ec57c65462cb33e97dc26e2,,UNVERIFIED
EP-04,When the Hot Ice Melts,00:17:48,1068,848099,https://animehistory.org/uploads/screencaps/outlaw-star-E004-When-the-Hot-Ice-Melts/cap_00-17-48_5d8c.jpg,Outlaw Star Ep 4: When the Hot Ice Melts @ 00:17:48,https://animehistory.org/gallery/screencaps/outlaw-star/episode-4/,https://animehistory.org/gallery/screencaps/outlaw-star/episode-4/?page=3,3,2026-10-07T01:48:49.020707+00:00,5667fbadd02d027c8b751b96eca3f5d5c13638705ec57c65462cb33e97dc26e2,,UNVERIFIED
EP-04,When the Hot Ice Melts,00:17:52,1072,848100,https://animehistory.org/uploads/screencaps/outlaw-star-E004-When-the-Hot-Ice-Melts/cap_00-17-52_16a9.jpg,Outlaw Star Ep 4: When the Hot Ice Melts @ 00:17:52,https://animehistory.org/gallery/screencaps/outlaw-star/episode-4/,https://animehistory.org/gallery/screencaps/outlaw-star/episode-4/?page=3,3,2026-10-07T01:48:49.020707+00:00,5667fbadd02d027c8b751b96eca3f5d5c13638705ec57c65462cb33e97dc26e2,,UNVERIFIED
EP-04,When the Hot Ice Melts,00:17:56,1076,848101,https://animehistory.org/uploads/screencaps/outlaw-star-E004-When-the-Hot-Ice-Melts/cap_00-17-56_6a67.jpg,Outlaw Star Ep 4: When the Hot Ice Melts @ 00:17:56,https://animehistory.org/gallery/screencaps/outlaw-star/episode-4/,https://animehistory.org/gallery/screencaps/outlaw-star/episode-4/?page=3,3,2026-10-07T01:48:49.020707+00:00,5667fbadd02d027c8b751b96eca3f5d5c13638705ec57c65462cb33e97dc26e2,,UNVERIFIED
EP-04,When the Hot Ice Melts,00:17:59,1079,848102,https://animehistory.org/uploads/screencaps/outlaw-star-E004-When-the-Hot-Ice-Melts/cap_00-17-59_3d8c.jpg,Outlaw Star Ep 4: When the Hot Ice Melts @ 00:17:59,https://animehistory.org/gallery/screencaps/outlaw-star/episode-4/,https://animehistory.org/gallery/screencaps/outlaw-star/episode-4/?page=3,3,2026-10-07T01:48:49.020707+00:00,5667fbadd02d027c8b751b96eca3f5d5c13638705ec57c65462cb33e97dc26e2,,UNVERIFIED
EP-04,When the Hot Ice Melts,00:18:03,1083,848103,https://animehistory.org/uploads/screencaps/outlaw-star-E004-When-the-Hot-Ice-Melts/cap_00-18-03_23ad.jpg,Outlaw Star Ep 4: When the Hot Ice Melts @ 00:18:03,https://animehistory.org/gallery/screencaps/outlaw-star/episode-4/,https://animehistory.org/gallery/screencaps/outlaw-star/episode-4/?page=3,3,2026-10-07T01:48:49.020707+00:00,5667fbadd02d027c8b751b96eca3f5d5c13638705ec57c65462cb33e97dc26e2,,UNVERIFIED
EP-04,When the Hot Ice Melts,00:18:07,1087,848104,https://animehistory.org/uploads/screencaps/outlaw-star-E004-When-the-Hot-Ice-Melts/cap_00-18-07_625f.jpg,Outlaw Star Ep 4: When the Hot Ice Melts @ 00:18:07,https://animehistory.org/gallery/screencaps/outlaw-star/episode-4/,https://animehistory.org/gallery/screencaps/outlaw-star/episode-4/?page=3,3,2026-10-07T01:48:49.020707+00:00,5667fbadd02d027c8b751b96eca3f5d5c13638705ec57c65462cb33e97dc26e2,,UNVERIFIED
EP-04,When the Hot Ice Melts,00:18:10,1090,848105,https://animehistory.org/uploads/screencaps/outlaw-star-E004-When-the-Hot-Ice-Melts/cap_00-18-10_77ef.jpg,Outlaw Star Ep 4: When the Hot Ice Melts @ 00:18:10,https://animehistory.org/gallery/screencaps/outlaw-star/episode-4/,https://animehistory.org/gallery/screencaps/outlaw-star/episode-4/?page=3,3,2026-10-07T01:48:49.020707+00:00,5667fbadd02d027c8b751b96eca3f5d5c13638705ec57c65462cb33e97dc26e2,,UNVERIFIED
EP-04,When the Hot Ice Melts,00:18:14,1094,848106,https://animehistory.org/uploads/screencaps/outlaw-star-E004-When-the-Hot-Ice-Melts/cap_00-18-14_2ea9.jpg,Outlaw Star Ep 4: When the Hot Ice Melts @ 00:18:14,https://animehistory.org/gallery/screencaps/outlaw-star/episode-4/,https://animehistory.org/gallery/screencaps/outlaw-star/episode-4/?page=3,3,2026-10-07T01:48:49.020707+00:00,5667fbadd02d027c8b751b96eca3f5d5c13638705ec57c65462cb33e97dc26e2,,UNVERIFIED
EP-04,When the Hot Ice Melts,00:18:18,1098,848107,https://animehistory.org/uploads/screencaps/outlaw-star-E004-When-the-Hot-Ice-Melts/cap_00-18-18_1762.jpg,Outlaw Star Ep 4: When the Hot Ice Melts @ 00:18:18,https://animehistory.org/gallery/screencaps/outlaw-star/episode-4/,https://animehistory.org/gallery/screencaps/outlaw-star/episode-4/?page=3,3,2026-10-07T01:48:49.020707+00:00,5667fbadd02d027c8b751b96eca3f5d5c13638705ec57c65462cb33e97dc26e2,,UNVERIFIED
EP-04,When the Hot Ice Melts,00:18:21,1101,848108,https://animehistory.org/uploads/screencaps/outlaw-star-E004-When-the-Hot-Ice-Melts/cap_00-18-21_58c3.jpg,Outlaw Star Ep 4: When the Hot Ice Melts @ 00:18:21,https://animehistory.org/gallery/screencaps/outlaw-star/episode-4/,https://animehistory.org/gallery/screencaps/outlaw-star/episode-4/?page=3,3,2026-10-07T01:48:49.020707+00:00,5667fbadd02d027c8b751b96eca3f5d5c13638705ec57c65462cb33e97dc26e2,,UNVERIFIED
EP-04,When the Hot Ice Melts,00:18:25,1105,848109,https://animehistory.org/uploads/screencaps/outlaw-star-E004-When-the-Hot-Ice-Melts/cap_00-18-25_2fba.jpg,Outlaw Star Ep 4: When the Hot Ice Melts @ 00:18:25,https://animehistory.org/gallery/screencaps/outlaw-star/episode-4/,https://animehistory.org/gallery/screencaps/outlaw-star/episode-4/?page=3,3,2026-10-07T01:48:49.020707+00:00,5667fbadd02d027c8b751b96eca3f5d5c13638705ec57c65462cb33e97dc26e2,,UNVERIFIED
EP-04,When the Hot Ice Melts,00:18:29,1109,848110,https://animehistory.org/uploads/screencaps/outlaw-star-E004-When-the-Hot-Ice-Melts/cap_00-18-29_4a62.jpg,Outlaw Star Ep 4: When the Hot Ice Melts @ 00:18:29,https://animehistory.org/gallery/screencaps/outlaw-star/episode-4/,https://animehistory.org/gallery/screencaps/outlaw-star/episode-4/?page=3,3,2026-10-07T01:48:49.020707+00:00,5667fbadd02d027c8b751b96eca3f5d5c13638705ec57c65462cb33e97dc26e2,,UNVERIFIED
EP-04,When the Hot Ice Melts,00:18:32,1112,848111,https://animehistory.org/uploads/screencaps/outlaw-star-E004-When-the-Hot-Ice-Melts/cap_00-18-32_4f69.jpg,Outlaw Star Ep 4: When the Hot Ice Melts @ 00:18:32,https://animehistory.org/gallery/screencaps/outlaw-star/episode-4/,https://animehistory.org/gallery/screencaps/outlaw-star/episode-4/?page=3,3,2026-10-07T01:48:49.020707+00:00,5667fbadd02d027c8b751b96eca3f5d5c13638705ec57c65462cb33e97dc26e2,,UNVERIFIED
EP-04,When the Hot Ice Melts,00:18:36,1116,848112,https://animehistory.org/uploads/screencaps/outlaw-star-E004-When-the-Hot-Ice-Melts/cap_00-18-36_613c.jpg,Outlaw Star Ep 4: When the Hot Ice Melts @ 00:18:36,https://animehistory.org/gallery/screencaps/outlaw-star/episode-4/,https://animehistory.org/gallery/screencaps/outlaw-star/episode-4/?page=3,3,2026-10-07T01:48:49.020707+00:00,5667fbadd02d027c8b751b96eca3f5d5c13638705ec57c65462cb33e97dc26e2,,UNVERIFIED
EP-04,When the Hot Ice Melts,00:18:40,1120,848113,https://animehistory.org/uploads/screencaps/outlaw-star-E004-When-the-Hot-Ice-Melts/cap_00-18-40_2c84.jpg,Outlaw Star Ep 4: When the Hot Ice Melts @ 00:18:40,https://animehistory.org/gallery/screencaps/outlaw-star/episode-4/,https://animehistory.org/gallery/screencaps/outlaw-star/episode-4/?page=3,3,2026-10-07T01:48:49.020707+00:00,5667fbadd02d027c8b751b96eca3f5d5c13638705ec57c65462cb33e97dc26e2,,UNVERIFIED
EP-04,When the Hot Ice Melts,00:18:43,1123,848114,https://animehistory.org/uploads/screencaps/outlaw-star-E004-When-the-Hot-Ice-Melts/cap_00-18-43_2432.jpg,Outlaw Star Ep 4: When the Hot Ice Melts @ 00:18:43,https://animehistory.org/gallery/screencaps/outlaw-star/episode-4/,https://animehistory.org/gallery/screencaps/outlaw-star/episode-4/?page=3,3,2026-10-07T01:48:49.020707+00:00,5667fbadd02d027c8b751b96eca3f5d5c13638705ec57c65462cb33e97dc26e2,,UNVERIFIED
EP-04,When the Hot Ice Melts,00:18:47,1127,848115,https://animehistory.org/uploads/screencaps/outlaw-star-E004-When-the-Hot-Ice-Melts/cap_00-18-47_2a83.jpg,Outlaw Star Ep 4: When the Hot Ice Melts @ 00:18:47,https://animehistory.org/gallery/screencaps/outlaw-star/episode-4/,https://animehistory.org/gallery/screencaps/outlaw-star/episode-4/?page=3,3,2026-10-07T01:48:49.020707+00:00,5667fbadd02d027c8b751b96eca3f5d5c13638705ec57c65462cb33e97dc26e2,,UNVERIFIED
EP-04,When the Hot Ice Melts,00:18:51,1131,848116,https://animehistory.org/uploads/screencaps/outlaw-star-E004-When-the-Hot-Ice-Melts/cap_00-18-51_1ba8.jpg,Outlaw Star Ep 4: When the Hot Ice Melts @ 00:18:51,https://animehistory.org/gallery/screencaps/outlaw-star/episode-4/,https://animehistory.org/gallery/screencaps/outlaw-star/episode-4/?page=3,3,2026-10-07T01:48:49.020707+00:00,5667fbadd02d027c8b751b96eca3f5d5c13638705ec57c65462cb33e97dc26e2,,UNVERIFIED
EP-04,When the Hot Ice Melts,00:18:54,1134,848117,https://animehistory.org/uploads/screencaps/outlaw-star-E004-When-the-Hot-Ice-Melts/cap_00-18-54_6350.jpg,Outlaw Star Ep 4: When the Hot Ice Melts @ 00:18:54,https://animehistory.org/gallery/screencaps/outlaw-star/episode-4/,https://animehistory.org/gallery/screencaps/outlaw-star/episode-4/?page=3,3,2026-10-07T01:48:49.020707+00:00,5667fbadd02d027c8b751b96eca3f5d5c13638705ec57c65462cb33e97dc26e2,,UNVERIFIED
EP-04,When the Hot Ice Melts,00:18:58,1138,848118,https://animehistory.org/uploads/screencaps/outlaw-star-E004-When-the-Hot-Ice-Melts/cap_00-18-58_4de8.jpg,Outlaw Star Ep 4: When the Hot Ice Melts @ 00:18:58,https://animehistory.org/gallery/screencaps/outlaw-star/episode-4/,https://animehistory.org/gallery/screencaps/outlaw-star/episode-4/?page=3,3,2026-10-07T01:48:49.020707+00:00,5667fbadd02d027c8b751b96eca3f5d5c13638705ec57c65462cb33e97dc26e2,,UNVERIFIED
EP-04,When the Hot Ice Melts,00:19:02,1142,848119,https://animehistory.org/uploads/screencaps/outlaw-star-E004-When-the-Hot-Ice-Melts/cap_00-19-02_66ba.jpg,Outlaw Star Ep 4: When the Hot Ice Melts @ 00:19:02,https://animehistory.org/gallery/screencaps/outlaw-star/episode-4/,https://animehistory.org/gallery/screencaps/outlaw-star/episode-4/?page=3,3,2026-10-07T01:48:49.020707+00:00,5667fbadd02d027c8b751b96eca3f5d5c13638705ec57c65462cb33e97dc26e2,,UNVERIFIED
EP-04,When the Hot Ice Melts,00:19:05,1145,848120,https://animehistory.org/uploads/screencaps/outlaw-star-E004-When-the-Hot-Ice-Melts/cap_00-19-05_10e6.jpg,Outlaw Star Ep 4: When the Hot Ice Melts @ 00:19:05,https://animehistory.org/gallery/screencaps/outlaw-star/episode-4/,https://animehistory.org/gallery/screencaps/outlaw-star/episode-4/?page=3,3,2026-10-07T01:48:49.020707+00:00,5667fbadd02d027c8b751b96eca3f5d5c13638705ec57c65462cb33e97dc26e2,,UNVERIFIED
EP-04,When the Hot Ice Melts,00:19:09,1149,848121,https://animehistory.org/uploads/screencaps/outlaw-star-E004-When-the-Hot-Ice-Melts/cap_00-19-09_5fd0.jpg,Outlaw Star Ep 4: When the Hot Ice Melts @ 00:19:09,https://animehistory.org/gallery/screencaps/outlaw-star/episode-4/,https://animehistory.org/gallery/screencaps/outlaw-star/episode-4/?page=3,3,2026-10-07T01:48:49.020707+00:00,5667fbadd02d027c8b751b96eca3f5d5c13638705ec57c65462cb33e97dc26e2,,UNVERIFIED
EP-04,When the Hot Ice Melts,00:19:13,1153,848122,https://animehistory.org/uploads/screencaps/outlaw-star-E004-When-the-Hot-Ice-Melts/cap_00-19-13_090b.jpg,Outlaw Star Ep 4: When the Hot Ice Melts @ 00:19:13,https://animehistory.org/gallery/screencaps/outlaw-star/episode-4/,https://animehistory.org/gallery/screencaps/outlaw-star/episode-4/?page=3,3,2026-10-07T01:48:49.020707+00:00,5667fbadd02d027c8b751b96eca3f5d5c13638705ec57c65462cb33e97dc26e2,,UNVERIFIED
EP-04,When the Hot Ice Melts,00:19:16,1156,848123,https://animehistory.org/uploads/screencaps/outlaw-star-E004-When-the-Hot-Ice-Melts/cap_00-19-16_5c2d.jpg,Outlaw Star Ep 4: When the Hot Ice Melts @ 00:19:16,https://animehistory.org/gallery/screencaps/outlaw-star/episode-4/,https://animehistory.org/gallery/screencaps/outlaw-star/episode-4/?page=3,3,2026-10-07T01:48:49.020707+00:00,5667fbadd02d027c8b751b96eca3f5d5c13638705ec57c65462cb33e97dc26e2,,UNVERIFIED
EP-04,When the Hot Ice Melts,00:19:20,1160,848124,https://animehistory.org/uploads/screencaps/outlaw-star-E004-When-the-Hot-Ice-Melts/cap_00-19-20_1e2d.jpg,Outlaw Star Ep 4: When the Hot Ice Melts @ 00:19:20,https://animehistory.org/gallery/screencaps/outlaw-star/episode-4/,https://animehistory.org/gallery/screencaps/outlaw-star/episode-4/?page=3,3,2026-10-07T01:48:49.020707+00:00,5667fbadd02d027c8b751b96eca3f5d5c13638705ec57c65462cb33e97dc26e2,,UNVERIFIED
EP-04,When the Hot Ice Melts,00:19:23,1163,848125,https://animehistory.org/uploads/screencaps/outlaw-star-E004-When-the-Hot-Ice-Melts/cap_00-19-23_095b.jpg,Outlaw Star Ep 4: When the Hot Ice Melts @ 00:19:23,https://animehistory.org/gallery/screencaps/outlaw-star/episode-4/,https://animehistory.org/gallery/screencaps/outlaw-star/episode-4/?page=3,3,2026-10-07T01:48:49.020707+00:00,5667fbadd02d027c8b751b96eca3f5d5c13638705ec57c65462cb33e97dc26e2,,UNVERIFIED
EP-04,When the Hot Ice Melts,00:19:27,1167,848126,https://animehistory.org/uploads/screencaps/outlaw-star-E004-When-the-Hot-Ice-Melts/cap_00-19-27_67bf.jpg,Outlaw Star Ep 4: When the Hot Ice Melts @ 00:19:27,https://animehistory.org/gallery/screencaps/outlaw-star/episode-4/,https://animehistory.org/gallery/screencaps/outlaw-star/episode-4/?page=3,3,2026-10-07T01:48:49.020707+00:00,5667fbadd02d027c8b751b96eca3f5d5c13638705ec57c65462cb33e97dc26e2,,UNVERIFIED
EP-04,When the Hot Ice Melts,00:19:31,1171,848127,https://animehistory.org/uploads/screencaps/outlaw-star-E004-When-the-Hot-Ice-Melts/cap_00-19-31_212c.jpg,Outlaw Star Ep 4: When the Hot Ice Melts @ 00:19:31,https://animehistory.org/gallery/screencaps/outlaw-star/episode-4/,https://animehistory.org/gallery/screencaps/outlaw-star/episode-4/?page=3,3,2026-10-07T01:48:49.020707+00:00,5667fbadd02d027c8b751b96eca3f5d5c13638705ec57c65462cb33e97dc26e2,,UNVERIFIED
EP-04,When the Hot Ice Melts,00:19:34,1174,848128,https://animehistory.org/uploads/screencaps/outlaw-star-E004-When-the-Hot-Ice-Melts/cap_00-19-34_03b7.jpg,Outlaw Star Ep 4: When the Hot Ice Melts @ 00:19:34,https://animehistory.org/gallery/screencaps/outlaw-star/episode-4/,https://animehistory.org/gallery/screencaps/outlaw-star/episode-4/?page=3,3,2026-10-07T01:48:49.020707+00:00,5667fbadd02d027c8b751b96eca3f5d5c13638705ec57c65462cb33e97dc26e2,,UNVERIFIED
EP-04,When the Hot Ice Melts,00:19:38,1178,848129,https://animehistory.org/uploads/screencaps/outlaw-star-E004-When-the-Hot-Ice-Melts/cap_00-19-38_23fd.jpg,Outlaw Star Ep 4: When the Hot Ice Melts @ 00:19:38,https://animehistory.org/gallery/screencaps/outlaw-star/episode-4/,https://animehistory.org/gallery/screencaps/outlaw-star/episode-4/?page=3,3,2026-10-07T01:48:49.020707+00:00,5667fbadd02d027c8b751b96eca3f5d5c13638705ec57c65462cb33e97dc26e2,,UNVERIFIED
EP-04,When the Hot Ice Melts,00:19:42,1182,848130,https://animehistory.org/uploads/screencaps/outlaw-star-E004-When-the-Hot-Ice-Melts/cap_00-19-42_59a2.jpg,Outlaw Star Ep 4: When the Hot Ice Melts @ 00:19:42,https://animehistory.org/gallery/screencaps/outlaw-star/episode-4/,https://animehistory.org/gallery/screencaps/outlaw-star/episode-4/?page=3,3,2026-10-07T01:48:49.020707+00:00,5667fbadd02d027c8b751b96eca3f5d5c13638705ec57c65462cb33e97dc26e2,,UNVERIFIED
EP-04,When the Hot Ice Melts,00:19:45,1185,848131,https://animehistory.org/uploads/screencaps/outlaw-star-E004-When-the-Hot-Ice-Melts/cap_00-19-45_2d47.jpg,Outlaw Star Ep 4: When the Hot Ice Melts @ 00:19:45,https://animehistory.org/gallery/screencaps/outlaw-star/episode-4/,https://animehistory.org/gallery/screencaps/outlaw-star/episode-4/?page=3,3,2026-10-07T01:48:49.020707+00:00,5667fbadd02d027c8b751b96eca3f5d5c13638705ec57c65462cb33e97dc26e2,,UNVERIFIED
EP-04,When the Hot Ice Melts,00:19:49,1189,848132,https://animehistory.org/uploads/screencaps/outlaw-star-E004-When-the-Hot-Ice-Melts/cap_00-19-49_2f57.jpg,Outlaw Star Ep 4: When the Hot Ice Melts @ 00:19:49,https://animehistory.org/gallery/screencaps/outlaw-star/episode-4/,https://animehistory.org/gallery/screencaps/outlaw-star/episode-4/?page=3,3,2026-10-07T01:48:49.020707+00:00,5667fbadd02d027c8b751b96eca3f5d5c13638705ec57c65462cb33e97dc26e2,,UNVERIFIED
EP-04,When the Hot Ice Melts,00:19:53,1193,848133,https://animehistory.org/uploads/screencaps/outlaw-star-E004-When-the-Hot-Ice-Melts/cap_00-19-53_6ccd.jpg,Outlaw Star Ep 4: When the Hot Ice Melts @ 00:19:53,https://animehistory.org/gallery/screencaps/outlaw-star/episode-4/,https://animehistory.org/gallery/screencaps/outlaw-star/episode-4/?page=3,3,2026-10-07T01:48:49.020707+00:00,5667fbadd02d027c8b751b96eca3f5d5c13638705ec57c65462cb33e97dc26e2,,UNVERIFIED
EP-04,When the Hot Ice Melts,00:19:56,1196,848134,https://animehistory.org/uploads/screencaps/outlaw-star-E004-When-the-Hot-Ice-Melts/cap_00-19-56_349a.jpg,Outlaw Star Ep 4: When the Hot Ice Melts @ 00:19:56,https://animehistory.org/gallery/screencaps/outlaw-star/episode-4/,https://animehistory.org/gallery/screencaps/outlaw-star/episode-4/?page=3,3,2026-10-07T01:48:49.020707+00:00,5667fbadd02d027c8b751b96eca3f5d5c13638705ec57c65462cb33e97dc26e2,,UNVERIFIED
EP-04,When the Hot Ice Melts,00:20:00,1200,848135,https://animehistory.org/uploads/screencaps/outlaw-star-E004-When-the-Hot-Ice-Melts/cap_00-20-00_4f96.jpg,Outlaw Star Ep 4: When the Hot Ice Melts @ 00:20:00,https://animehistory.org/gallery/screencaps/outlaw-star/episode-4/,https://animehistory.org/gallery/screencaps/outlaw-star/episode-4/?page=4,4,2026-10-07T01:48:50.298545+00:00,3383928192969baeae6c300dde335202369ad0118bbaf34f1f36fecbca820f8d,,UNVERIFIED
EP-04,When the Hot Ice Melts,00:20:04,1204,848136,https://animehistory.org/uploads/screencaps/outlaw-star-E004-When-the-Hot-Ice-Melts/cap_00-20-04_0fb3.jpg,Outlaw Star Ep 4: When the Hot Ice Melts @ 00:20:04,https://animehistory.org/gallery/screencaps/outlaw-star/episode-4/,https://animehistory.org/gallery/screencaps/outlaw-star/episode-4/?page=4,4,2026-10-07T01:48:50.298545+00:00,3383928192969baeae6c300dde335202369ad0118bbaf34f1f36fecbca820f8d,,UNVERIFIED
EP-04,When the Hot Ice Melts,00:20:07,1207,848137,https://animehistory.org/uploads/screencaps/outlaw-star-E004-When-the-Hot-Ice-Melts/cap_00-20-07_6b89.jpg,Outlaw Star Ep 4: When the Hot Ice Melts @ 00:20:07,https://animehistory.org/gallery/screencaps/outlaw-star/episode-4/,https://animehistory.org/gallery/screencaps/outlaw-star/episode-4/?page=4,4,2026-10-07T01:48:50.298545+00:00,3383928192969baeae6c300dde335202369ad0118bbaf34f1f36fecbca820f8d,,UNVERIFIED
EP-04,When the Hot Ice Melts,00:20:11,1211,848138,https://animehistory.org/uploads/screencaps/outlaw-star-E004-When-the-Hot-Ice-Melts/cap_00-20-11_169e.jpg,Outlaw Star Ep 4: When the Hot Ice Melts @ 00:20:11,https://animehistory.org/gallery/screencaps/outlaw-star/episode-4/,https://animehistory.org/gallery/screencaps/outlaw-star/episode-4/?page=4,4,2026-10-07T01:48:50.298545+00:00,3383928192969baeae6c300dde335202369ad0118bbaf34f1f36fecbca820f8d,,UNVERIFIED
EP-04,When the Hot Ice Melts,00:20:15,1215,848139,https://animehistory.org/uploads/screencaps/outlaw-star-E004-When-the-Hot-Ice-Melts/cap_00-20-15_0e34.jpg,Outlaw Star Ep 4: When the Hot Ice Melts @ 00:20:15,https://animehistory.org/gallery/screencaps/outlaw-star/episode-4/,https://animehistory.org/gallery/screencaps/outlaw-star/episode-4/?page=4,4,2026-10-07T01:48:50.298545+00:00,3383928192969baeae6c300dde335202369ad0118bbaf34f1f36fecbca820f8d,,UNVERIFIED
EP-04,When the Hot Ice Melts,00:20:18,1218,848140,https://animehistory.org/uploads/screencaps/outlaw-star-E004-When-the-Hot-Ice-Melts/cap_00-20-18_13c9.jpg,Outlaw Star Ep 4: When the Hot Ice Melts @ 00:20:18,https://animehistory.org/gallery/screencaps/outlaw-star/episode-4/,https://animehistory.org/gallery/screencaps/outlaw-star/episode-4/?page=4,4,2026-10-07T01:48:50.298545+00:00,3383928192969baeae6c300dde335202369ad0118bbaf34f1f36fecbca820f8d,,UNVERIFIED
EP-04,When the Hot Ice Melts,00:20:22,1222,848141,https://animehistory.org/uploads/screencaps/outlaw-star-E004-When-the-Hot-Ice-Melts/cap_00-20-22_12c8.jpg,Outlaw Star Ep 4: When the Hot Ice Melts @ 00:20:22,https://animehistory.org/gallery/screencaps/outlaw-star/episode-4/,https://animehistory.org/gallery/screencaps/outlaw-star/episode-4/?page=4,4,2026-10-07T01:48:50.298545+00:00,3383928192969baeae6c300dde335202369ad0118bbaf34f1f36fecbca820f8d,,UNVERIFIED
EP-04,When the Hot Ice Melts,00:20:26,1226,848142,https://animehistory.org/uploads/screencaps/outlaw-star-E004-When-the-Hot-Ice-Melts/cap_00-20-26_2d14.jpg,Outlaw Star Ep 4: When the Hot Ice Melts @ 00:20:26,https://animehistory.org/gallery/screencaps/outlaw-star/episode-4/,https://animehistory.org/gallery/screencaps/outlaw-star/episode-4/?page=4,4,2026-10-07T01:48:50.298545+00:00,3383928192969baeae6c300dde335202369ad0118bbaf34f1f36fecbca820f8d,,UNVERIFIED
EP-04,When the Hot Ice Melts,00:20:29,1229,848143,https://animehistory.org/uploads/screencaps/outlaw-star-E004-When-the-Hot-Ice-Melts/cap_00-20-29_66f5.jpg,Outlaw Star Ep 4: When the Hot Ice Melts @ 00:20:29,https://animehistory.org/gallery/screencaps/outlaw-star/episode-4/,https://animehistory.org/gallery/screencaps/outlaw-star/episode-4/?page=4,4,2026-10-07T01:48:50.298545+00:00,3383928192969baeae6c300dde335202369ad0118bbaf34f1f36fecbca820f8d,,UNVERIFIED
EP-04,When the Hot Ice Melts,00:20:33,1233,848144,https://animehistory.org/uploads/screencaps/outlaw-star-E004-When-the-Hot-Ice-Melts/cap_00-20-33_6fe7.jpg,Outlaw Star Ep 4: When the Hot Ice Melts @ 00:20:33,https://animehistory.org/gallery/screencaps/outlaw-star/episode-4/,https://animehistory.org/gallery/screencaps/outlaw-star/episode-4/?page=4,4,2026-10-07T01:48:50.298545+00:00,3383928192969baeae6c300dde335202369ad0118bbaf34f1f36fecbca820f8d,,UNVERIFIED
EP-04,When the Hot Ice Melts,00:20:37,1237,848145,https://animehistory.org/uploads/screencaps/outlaw-star-E004-When-the-Hot-Ice-Melts/cap_00-20-37_4258.jpg,Outlaw Star Ep 4: When the Hot Ice Melts @ 00:20:37,https://animehistory.org/gallery/screencaps/outlaw-star/episode-4/,https://animehistory.org/gallery/screencaps/outlaw-star/episode-4/?page=4,4,2026-10-07T01:48:50.298545+00:00,3383928192969baeae6c300dde335202369ad0118bbaf34f1f36fecbca820f8d,,UNVERIFIED
EP-04,When the Hot Ice Melts,00:20:40,1240,848146,https://animehistory.org/uploads/screencaps/outlaw-star-E004-When-the-Hot-Ice-Melts/cap_00-20-40_0c50.jpg,Outlaw Star Ep 4: When the Hot Ice Melts @ 00:20:40,https://animehistory.org/gallery/screencaps/outlaw-star/episode-4/,https://animehistory.org/gallery/screencaps/outlaw-star/episode-4/?page=4,4,2026-10-07T01:48:50.298545+00:00,3383928192969baeae6c300dde335202369ad0118bbaf34f1f36fecbca820f8d,,UNVERIFIED
EP-04,When the Hot Ice Melts,00:20:44,1244,848147,https://animehistory.org/uploads/screencaps/outlaw-star-E004-When-the-Hot-Ice-Melts/cap_00-20-44_2dc8.jpg,Outlaw Star Ep 4: When the Hot Ice Melts @ 00:20:44,https://animehistory.org/gallery/screencaps/outlaw-star/episode-4/,https://animehistory.org/gallery/screencaps/outlaw-star/episode-4/?page=4,4,2026-10-07T01:48:50.298545+00:00,3383928192969baeae6c300dde335202369ad0118bbaf34f1f36fecbca820f8d,,UNVERIFIED
EP-04,When the Hot Ice Melts,00:20:48,1248,848148,https://animehistory.org/uploads/screencaps/outlaw-star-E004-When-the-Hot-Ice-Melts/cap_00-20-48_694d.jpg,Outlaw Star Ep 4: When the Hot Ice Melts @ 00:20:48,https://animehistory.org/gallery/screencaps/outlaw-star/episode-4/,https://animehistory.org/gallery/screencaps/outlaw-star/episode-4/?page=4,4,2026-10-07T01:48:50.298545+00:00,3383928192969baeae6c300dde335202369ad0118bbaf34f1f36fecbca820f8d,,UNVERIFIED
EP-04,When the Hot Ice Melts,00:20:51,1251,848149,https://animehistory.org/uploads/screencaps/outlaw-star-E004-When-the-Hot-Ice-Melts/cap_00-20-51_5b96.jpg,Outlaw Star Ep 4: When the Hot Ice Melts @ 00:20:51,https://animehistory.org/gallery/screencaps/outlaw-star/episode-4/,https://animehistory.org/gallery/screencaps/outlaw-star/episode-4/?page=4,4,2026-10-07T01:48:50.298545+00:00,3383928192969baeae6c300dde335202369ad0118bbaf34f1f36fecbca820f8d,,UNVERIFIED
EP-04,When the Hot Ice Melts,00:20:55,1255,848150,https://animehistory.org/uploads/screencaps/outlaw-star-E004-When-the-Hot-Ice-Melts/cap_00-20-55_4cad.jpg,Outlaw Star Ep 4: When the Hot Ice Melts @ 00:20:55,https://animehistory.org/gallery/screencaps/outlaw-star/episode-4/,https://animehistory.org/gallery/screencaps/outlaw-star/episode-4/?page=4,4,2026-10-07T01:48:50.298545+00:00,3383928192969baeae6c300dde335202369ad0118bbaf34f1f36fecbca820f8d,,UNVERIFIED
EP-04,When the Hot Ice Melts,00:20:59,1259,848151,https://animehistory.org/uploads/screencaps/outlaw-star-E004-When-the-Hot-Ice-Melts/cap_00-20-59_42b6.jpg,Outlaw Star Ep 4: When the Hot Ice Melts @ 00:20:59,https://animehistory.org/gallery/screencaps/outlaw-star/episode-4/,https://animehistory.org/gallery/screencaps/outlaw-star/episode-4/?page=4,4,2026-10-07T01:48:50.298545+00:00,3383928192969baeae6c300dde335202369ad0118bbaf34f1f36fecbca820f8d,,UNVERIFIED
EP-04,When the Hot Ice Melts,00:21:02,1262,848152,https://animehistory.org/uploads/screencaps/outlaw-star-E004-When-the-Hot-Ice-Melts/cap_00-21-02_1775.jpg,Outlaw Star Ep 4: When the Hot Ice Melts @ 00:21:02,https://animehistory.org/gallery/screencaps/outlaw-star/episode-4/,https://animehistory.org/gallery/screencaps/outlaw-star/episode-4/?page=4,4,2026-10-07T01:48:50.298545+00:00,3383928192969baeae6c300dde335202369ad0118bbaf34f1f36fecbca820f8d,,UNVERIFIED
EP-04,When the Hot Ice Melts,00:21:06,1266,848153,https://animehistory.org/uploads/screencaps/outlaw-star-E004-When-the-Hot-Ice-Melts/cap_00-21-06_418f.jpg,Outlaw Star Ep 4: When the Hot Ice Melts @ 00:21:06,https://animehistory.org/gallery/screencaps/outlaw-star/episode-4/,https://animehistory.org/gallery/screencaps/outlaw-star/episode-4/?page=4,4,2026-10-07T01:48:50.298545+00:00,3383928192969baeae6c300dde335202369ad0118bbaf34f1f36fecbca820f8d,,UNVERIFIED
EP-04,When the Hot Ice Melts,00:21:10,1270,848154,https://animehistory.org/uploads/screencaps/outlaw-star-E004-When-the-Hot-Ice-Melts/cap_00-21-10_0655.jpg,Outlaw Star Ep 4: When the Hot Ice Melts @ 00:21:10,https://animehistory.org/gallery/screencaps/outlaw-star/episode-4/,https://animehistory.org/gallery/screencaps/outlaw-star/episode-4/?page=4,4,2026-10-07T01:48:50.298545+00:00,3383928192969baeae6c300dde335202369ad0118bbaf34f1f36fecbca820f8d,,UNVERIFIED
EP-04,When the Hot Ice Melts,00:21:13,1273,848155,https://animehistory.org/uploads/screencaps/outlaw-star-E004-When-the-Hot-Ice-Melts/cap_00-21-13_7a69.jpg,Outlaw Star Ep 4: When the Hot Ice Melts @ 00:21:13,https://animehistory.org/gallery/screencaps/outlaw-star/episode-4/,https://animehistory.org/gallery/screencaps/outlaw-star/episode-4/?page=4,4,2026-10-07T01:48:50.298545+00:00,3383928192969baeae6c300dde335202369ad0118bbaf34f1f36fecbca820f8d,,UNVERIFIED
EP-04,When the Hot Ice Melts,00:21:17,1277,848156,https://animehistory.org/uploads/screencaps/outlaw-star-E004-When-the-Hot-Ice-Melts/cap_00-21-17_417f.jpg,Outlaw Star Ep 4: When the Hot Ice Melts @ 00:21:17,https://animehistory.org/gallery/screencaps/outlaw-star/episode-4/,https://animehistory.org/gallery/screencaps/outlaw-star/episode-4/?page=4,4,2026-10-07T01:48:50.298545+00:00,3383928192969baeae6c300dde335202369ad0118bbaf34f1f36fecbca820f8d,,UNVERIFIED
EP-04,When the Hot Ice Melts,00:21:20,1280,848157,https://animehistory.org/uploads/screencaps/outlaw-star-E004-When-the-Hot-Ice-Melts/cap_00-21-20_6d3e.jpg,Outlaw Star Ep 4: When the Hot Ice Melts @ 00:21:20,https://animehistory.org/gallery/screencaps/outlaw-star/episode-4/,https://animehistory.org/gallery/screencaps/outlaw-star/episode-4/?page=4,4,2026-10-07T01:48:50.298545+00:00,3383928192969baeae6c300dde335202369ad0118bbaf34f1f36fecbca820f8d,,UNVERIFIED
EP-04,When the Hot Ice Melts,00:21:24,1284,848158,https://animehistory.org/uploads/screencaps/outlaw-star-E004-When-the-Hot-Ice-Melts/cap_00-21-24_4f48.jpg,Outlaw Star Ep 4: When the Hot Ice Melts @ 00:21:24,https://animehistory.org/gallery/screencaps/outlaw-star/episode-4/,https://animehistory.org/gallery/screencaps/outlaw-star/episode-4/?page=4,4,2026-10-07T01:48:50.298545+00:00,3383928192969baeae6c300dde335202369ad0118bbaf34f1f36fecbca820f8d,,UNVERIFIED
EP-04,When the Hot Ice Melts,00:21:28,1288,848159,https://animehistory.org/uploads/screencaps/outlaw-star-E004-When-the-Hot-Ice-Melts/cap_00-21-28_09d6.jpg,Outlaw Star Ep 4: When the Hot Ice Melts @ 00:21:28,https://animehistory.org/gallery/screencaps/outlaw-star/episode-4/,https://animehistory.org/gallery/screencaps/outlaw-star/episode-4/?page=4,4,2026-10-07T01:48:50.298545+00:00,3383928192969baeae6c300dde335202369ad0118bbaf34f1f36fecbca820f8d,,UNVERIFIED
EP-04,When the Hot Ice Melts,00:21:31,1291,848160,https://animehistory.org/uploads/screencaps/outlaw-star-E004-When-the-Hot-Ice-Melts/cap_00-21-31_6e5b.jpg,Outlaw Star Ep 4: When the Hot Ice Melts @ 00:21:31,https://animehistory.org/gallery/screencaps/outlaw-star/episode-4/,https://animehistory.org/gallery/screencaps/outlaw-star/episode-4/?page=4,4,2026-10-07T01:48:50.298545+00:00,3383928192969baeae6c300dde335202369ad0118bbaf34f1f36fecbca820f8d,,UNVERIFIED
EP-04,When the Hot Ice Melts,00:21:35,1295,848161,https://animehistory.org/uploads/screencaps/outlaw-star-E004-When-the-Hot-Ice-Melts/cap_00-21-35_0028.jpg,Outlaw Star Ep 4: When the Hot Ice Melts @ 00:21:35,https://animehistory.org/gallery/screencaps/outlaw-star/episode-4/,https://animehistory.org/gallery/screencaps/outlaw-star/episode-4/?page=4,4,2026-10-07T01:48:50.298545+00:00,3383928192969baeae6c300dde335202369ad0118bbaf34f1f36fecbca820f8d,,UNVERIFIED
EP-04,When the Hot Ice Melts,00:21:39,1299,848162,https://animehistory.org/uploads/screencaps/outlaw-star-E004-When-the-Hot-Ice-Melts/cap_00-21-39_3350.jpg,Outlaw Star Ep 4: When the Hot Ice Melts @ 00:21:39,https://animehistory.org/gallery/screencaps/outlaw-star/episode-4/,https://animehistory.org/gallery/screencaps/outlaw-star/episode-4/?page=4,4,2026-10-07T01:48:50.298545+00:00,3383928192969baeae6c300dde335202369ad0118bbaf34f1f36fecbca820f8d,,UNVERIFIED
EP-04,When the Hot Ice Melts,00:21:42,1302,848163,https://animehistory.org/uploads/screencaps/outlaw-star-E004-When-the-Hot-Ice-Melts/cap_00-21-42_367b.jpg,Outlaw Star Ep 4: When the Hot Ice Melts @ 00:21:42,https://animehistory.org/gallery/screencaps/outlaw-star/episode-4/,https://animehistory.org/gallery/screencaps/outlaw-star/episode-4/?page=4,4,2026-10-07T01:48:50.298545+00:00,3383928192969baeae6c300dde335202369ad0118bbaf34f1f36fecbca820f8d,,UNVERIFIED
EP-04,When the Hot Ice Melts,00:21:46,1306,848164,https://animehistory.org/uploads/screencaps/outlaw-star-E004-When-the-Hot-Ice-Melts/cap_00-21-46_4ba3.jpg,Outlaw Star Ep 4: When the Hot Ice Melts @ 00:21:46,https://animehistory.org/gallery/screencaps/outlaw-star/episode-4/,https://animehistory.org/gallery/screencaps/outlaw-star/episode-4/?page=4,4,2026-10-07T01:48:50.298545+00:00,3383928192969baeae6c300dde335202369ad0118bbaf34f1f36fecbca820f8d,,UNVERIFIED
EP-04,When the Hot Ice Melts,00:21:50,1310,848165,https://animehistory.org/uploads/screencaps/outlaw-star-E004-When-the-Hot-Ice-Melts/cap_00-21-50_12fc.jpg,Outlaw Star Ep 4: When the Hot Ice Melts @ 00:21:50,https://animehistory.org/gallery/screencaps/outlaw-star/episode-4/,https://animehistory.org/gallery/screencaps/outlaw-star/episode-4/?page=4,4,2026-10-07T01:48:50.298545+00:00,3383928192969baeae6c300dde335202369ad0118bbaf34f1f36fecbca820f8d,,UNVERIFIED
EP-04,When the Hot Ice Melts,00:21:53,1313,848166,https://animehistory.org/uploads/screencaps/outlaw-star-E004-When-the-Hot-Ice-Melts/cap_00-21-53_1240.jpg,Outlaw Star Ep 4: When the Hot Ice Melts @ 00:21:53,https://animehistory.org/gallery/screencaps/outlaw-star/episode-4/,https://animehistory.org/gallery/screencaps/outlaw-star/episode-4/?page=4,4,2026-10-07T01:48:50.298545+00:00,3383928192969baeae6c300dde335202369ad0118bbaf34f1f36fecbca820f8d,,UNVERIFIED
EP-04,When the Hot Ice Melts,00:21:57,1317,848167,https://animehistory.org/uploads/screencaps/outlaw-star-E004-When-the-Hot-Ice-Melts/cap_00-21-57_1dfb.jpg,Outlaw Star Ep 4: When the Hot Ice Melts @ 00:21:57,https://animehistory.org/gallery/screencaps/outlaw-star/episode-4/,https://animehistory.org/gallery/screencaps/outlaw-star/episode-4/?page=4,4,2026-10-07T01:48:50.298545+00:00,3383928192969baeae6c300dde335202369ad0118bbaf34f1f36fecbca820f8d,,UNVERIFIED
EP-04,When the Hot Ice Melts,00:22:01,1321,848168,https://animehistory.org/uploads/screencaps/outlaw-star-E004-When-the-Hot-Ice-Melts/cap_00-22-01_7a6a.jpg,Outlaw Star Ep 4: When the Hot Ice Melts @ 00:22:01,https://animehistory.org/gallery/screencaps/outlaw-star/episode-4/,https://animehistory.org/gallery/screencaps/outlaw-star/episode-4/?page=4,4,2026-10-07T01:48:50.298545+00:00,3383928192969baeae6c300dde335202369ad0118bbaf34f1f36fecbca820f8d,,UNVERIFIED
EP-04,When the Hot Ice Melts,00:22:04,1324,848169,https://animehistory.org/uploads/screencaps/outlaw-star-E004-When-the-Hot-Ice-Melts/cap_00-22-04_1e9b.jpg,Outlaw Star Ep 4: When the Hot Ice Melts @ 00:22:04,https://animehistory.org/gallery/screencaps/outlaw-star/episode-4/,https://animehistory.org/gallery/screencaps/outlaw-star/episode-4/?page=4,4,2026-10-07T01:48:50.298545+00:00,3383928192969baeae6c300dde335202369ad0118bbaf34f1f36fecbca820f8d,,UNVERIFIED
EP-04,When the Hot Ice Melts,00:22:08,1328,848170,https://animehistory.org/uploads/screencaps/outlaw-star-E004-When-the-Hot-Ice-Melts/cap_00-22-08_6ff5.jpg,Outlaw Star Ep 4: When the Hot Ice Melts @ 00:22:08,https://animehistory.org/gallery/screencaps/outlaw-star/episode-4/,https://animehistory.org/gallery/screencaps/outlaw-star/episode-4/?page=4,4,2026-10-07T01:48:50.298545+00:00,3383928192969baeae6c300dde335202369ad0118bbaf34f1f36fecbca820f8d,,UNVERIFIED
EP-04,When the Hot Ice Melts,00:22:12,1332,848171,https://animehistory.org/uploads/screencaps/outlaw-star-E004-When-the-Hot-Ice-Melts/cap_00-22-12_1760.jpg,Outlaw Star Ep 4: When the Hot Ice Melts @ 00:22:12,https://animehistory.org/gallery/screencaps/outlaw-star/episode-4/,https://animehistory.org/gallery/screencaps/outlaw-star/episode-4/?page=4,4,2026-10-07T01:48:50.298545+00:00,3383928192969baeae6c300dde335202369ad0118bbaf34f1f36fecbca820f8d,,UNVERIFIED
EP-04,When the Hot Ice Melts,00:22:15,1335,848172,https://animehistory.org/uploads/screencaps/outlaw-star-E004-When-the-Hot-Ice-Melts/cap_00-22-15_5d20.jpg,Outlaw Star Ep 4: When the Hot Ice Melts @ 00:22:15,https://animehistory.org/gallery/screencaps/outlaw-star/episode-4/,https://animehistory.org/gallery/screencaps/outlaw-star/episode-4/?page=4,4,2026-10-07T01:48:50.298545+00:00,3383928192969baeae6c300dde335202369ad0118bbaf34f1f36fecbca820f8d,,UNVERIFIED
EP-04,When the Hot Ice Melts,00:22:19,1339,848173,https://animehistory.org/uploads/screencaps/outlaw-star-E004-When-the-Hot-Ice-Melts/cap_00-22-19_5f38.jpg,Outlaw Star Ep 4: When the Hot Ice Melts @ 00:22:19,https://animehistory.org/gallery/screencaps/outlaw-star/episode-4/,https://animehistory.org/gallery/screencaps/outlaw-star/episode-4/?page=4,4,2026-10-07T01:48:50.298545+00:00,3383928192969baeae6c300dde335202369ad0118bbaf34f1f36fecbca820f8d,,UNVERIFIED
EP-04,When the Hot Ice Melts,00:22:23,1343,848174,https://animehistory.org/uploads/screencaps/outlaw-star-E004-When-the-Hot-Ice-Melts/cap_00-22-23_7140.jpg,Outlaw Star Ep 4: When the Hot Ice Melts @ 00:22:23,https://animehistory.org/gallery/screencaps/outlaw-star/episode-4/,https://animehistory.org/gallery/screencaps/outlaw-star/episode-4/?page=4,4,2026-10-07T01:48:50.298545+00:00,3383928192969baeae6c300dde335202369ad0118bbaf34f1f36fecbca820f8d,,UNVERIFIED
EP-04,When the Hot Ice Melts,00:22:26,1346,848175,https://animehistory.org/uploads/screencaps/outlaw-star-E004-When-the-Hot-Ice-Melts/cap_00-22-26_61fc.jpg,Outlaw Star Ep 4: When the Hot Ice Melts @ 00:22:26,https://animehistory.org/gallery/screencaps/outlaw-star/episode-4/,https://animehistory.org/gallery/screencaps/outlaw-star/episode-4/?page=4,4,2026-10-07T01:48:50.298545+00:00,3383928192969baeae6c300dde335202369ad0118bbaf34f1f36fecbca820f8d,,UNVERIFIED
EP-04,When the Hot Ice Melts,00:22:30,1350,848176,https://animehistory.org/uploads/screencaps/outlaw-star-E004-When-the-Hot-Ice-Melts/cap_00-22-30_0268.jpg,Outlaw Star Ep 4: When the Hot Ice Melts @ 00:22:30,https://animehistory.org/gallery/screencaps/outlaw-star/episode-4/,https://animehistory.org/gallery/screencaps/outlaw-star/episode-4/?page=4,4,2026-10-07T01:48:50.298545+00:00,3383928192969baeae6c300dde335202369ad0118bbaf34f1f36fecbca820f8d,,UNVERIFIED
EP-04,When the Hot Ice Melts,00:22:34,1354,848177,https://animehistory.org/uploads/screencaps/outlaw-star-E004-When-the-Hot-Ice-Melts/cap_00-22-34_38fd.jpg,Outlaw Star Ep 4: When the Hot Ice Melts @ 00:22:34,https://animehistory.org/gallery/screencaps/outlaw-star/episode-4/,https://animehistory.org/gallery/screencaps/outlaw-star/episode-4/?page=4,4,2026-10-07T01:48:50.298545+00:00,3383928192969baeae6c300dde335202369ad0118bbaf34f1f36fecbca820f8d,,UNVERIFIED
EP-04,When the Hot Ice Melts,00:22:37,1357,848178,https://animehistory.org/uploads/screencaps/outlaw-star-E004-When-the-Hot-Ice-Melts/cap_00-22-37_2025.jpg,Outlaw Star Ep 4: When the Hot Ice Melts @ 00:22:37,https://animehistory.org/gallery/screencaps/outlaw-star/episode-4/,https://animehistory.org/gallery/screencaps/outlaw-star/episode-4/?page=4,4,2026-10-07T01:48:50.298545+00:00,3383928192969baeae6c300dde335202369ad0118bbaf34f1f36fecbca820f8d,,UNVERIFIED
EP-04,When the Hot Ice Melts,00:22:41,1361,848179,https://animehistory.org/uploads/screencaps/outlaw-star-E004-When-the-Hot-Ice-Melts/cap_00-22-41_5478.jpg,Outlaw Star Ep 4: When the Hot Ice Melts @ 00:22:41,https://animehistory.org/gallery/screencaps/outlaw-star/episode-4/,https://animehistory.org/gallery/screencaps/outlaw-star/episode-4/?page=4,4,2026-10-07T01:48:50.298545+00:00,3383928192969baeae6c300dde335202369ad0118bbaf34f1f36fecbca820f8d,,UNVERIFIED
EP-04,When the Hot Ice Melts,00:22:45,1365,848180,https://animehistory.org/uploads/screencaps/outlaw-star-E004-When-the-Hot-Ice-Melts/cap_00-22-45_0119.jpg,Outlaw Star Ep 4: When the Hot Ice Melts @ 00:22:45,https://animehistory.org/gallery/screencaps/outlaw-star/episode-4/,https://animehistory.org/gallery/screencaps/outlaw-star/episode-4/?page=4,4,2026-10-07T01:48:50.298545+00:00,3383928192969baeae6c300dde335202369ad0118bbaf34f1f36fecbca820f8d,,UNVERIFIED
EP-04,When the Hot Ice Melts,00:22:48,1368,848181,https://animehistory.org/uploads/screencaps/outlaw-star-E004-When-the-Hot-Ice-Melts/cap_00-22-48_4099.jpg,Outlaw Star Ep 4: When the Hot Ice Melts @ 00:22:48,https://animehistory.org/gallery/screencaps/outlaw-star/episode-4/,https://animehistory.org/gallery/screencaps/outlaw-star/episode-4/?page=4,4,2026-10-07T01:48:50.298545+00:00,3383928192969baeae6c300dde335202369ad0118bbaf34f1f36fecbca820f8d,,UNVERIFIED
EP-04,When the Hot Ice Melts,00:22:52,1372,848182,https://animehistory.org/uploads/screencaps/outlaw-star-E004-When-the-Hot-Ice-Melts/cap_00-22-52_32e6.jpg,Outlaw Star Ep 4: When the Hot Ice Melts @ 00:22:52,https://animehistory.org/gallery/screencaps/outlaw-star/episode-4/,https://animehistory.org/gallery/screencaps/outlaw-star/episode-4/?page=4,4,2026-10-07T01:48:50.298545+00:00,3383928192969baeae6c300dde335202369ad0118bbaf34f1f36fecbca820f8d,,UNVERIFIED
EP-04,When the Hot Ice Melts,00:22:56,1376,848183,https://animehistory.org/uploads/screencaps/outlaw-star-E004-When-the-Hot-Ice-Melts/cap_00-22-56_35a6.jpg,Outlaw Star Ep 4: When the Hot Ice Melts @ 00:22:56,https://animehistory.org/gallery/screencaps/outlaw-star/episode-4/,https://animehistory.org/gallery/screencaps/outlaw-star/episode-4/?page=4,4,2026-10-07T01:48:50.298545+00:00,3383928192969baeae6c300dde335202369ad0118bbaf34f1f36fecbca820f8d,,UNVERIFIED
EP-04,When the Hot Ice Melts,00:22:59,1379,848184,https://animehistory.org/uploads/screencaps/outlaw-star-E004-When-the-Hot-Ice-Melts/cap_00-22-59_0464.jpg,Outlaw Star Ep 4: When the Hot Ice Melts @ 00:22:59,https://animehistory.org/gallery/screencaps/outlaw-star/episode-4/,https://animehistory.org/gallery/screencaps/outlaw-star/episode-4/?page=4,4,2026-10-07T01:48:50.298545+00:00,3383928192969baeae6c300dde335202369ad0118bbaf34f1f36fecbca820f8d,,UNVERIFIED
EP-04,When the Hot Ice Melts,00:23:03,1383,848185,https://animehistory.org/uploads/screencaps/outlaw-star-E004-When-the-Hot-Ice-Melts/cap_00-23-03_2394.jpg,Outlaw Star Ep 4: When the Hot Ice Melts @ 00:23:03,https://animehistory.org/gallery/screencaps/outlaw-star/episode-4/,https://animehistory.org/gallery/screencaps/outlaw-star/episode-4/?page=4,4,2026-10-07T01:48:50.298545+00:00,3383928192969baeae6c300dde335202369ad0118bbaf34f1f36fecbca820f8d,,UNVERIFIED
EP-04,When the Hot Ice Melts,00:23:07,1387,848186,https://animehistory.org/uploads/screencaps/outlaw-star-E004-When-the-Hot-Ice-Melts/cap_00-23-07_432b.jpg,Outlaw Star Ep 4: When the Hot Ice Melts @ 00:23:07,https://animehistory.org/gallery/screencaps/outlaw-star/episode-4/,https://animehistory.org/gallery/screencaps/outlaw-star/episode-4/?page=4,4,2026-10-07T01:48:50.298545+00:00,3383928192969baeae6c300dde335202369ad0118bbaf34f1f36fecbca820f8d,,UNVERIFIED
EP-04,When the Hot Ice Melts,00:23:10,1390,848187,https://animehistory.org/uploads/screencaps/outlaw-star-E004-When-the-Hot-Ice-Melts/cap_00-23-10_45c6.jpg,Outlaw Star Ep 4: When the Hot Ice Melts @ 00:23:10,https://animehistory.org/gallery/screencaps/outlaw-star/episode-4/,https://animehistory.org/gallery/screencaps/outlaw-star/episode-4/?page=4,4,2026-10-07T01:48:50.298545+00:00,3383928192969baeae6c300dde335202369ad0118bbaf34f1f36fecbca820f8d,,UNVERIFIED
EP-04,When the Hot Ice Melts,00:23:14,1394,848188,https://animehistory.org/uploads/screencaps/outlaw-star-E004-When-the-Hot-Ice-Melts/cap_00-23-14_1b54.jpg,Outlaw Star Ep 4: When the Hot Ice Melts @ 00:23:14,https://animehistory.org/gallery/screencaps/outlaw-star/episode-4/,https://animehistory.org/gallery/screencaps/outlaw-star/episode-4/?page=4,4,2026-10-07T01:48:50.298545+00:00,3383928192969baeae6c300dde335202369ad0118bbaf34f1f36fecbca820f8d,,UNVERIFIED
