episode_id,episode_title,web_timestamp,web_seconds,image_id,image_url,caption,gallery_url,source_page_url,source_page,retrieved_utc,html_sha256,local_timestamp,alignment_status
EP-22,Gravity Jailbreak,00:01:43,103,854207,https://animehistory.org/uploads/screencaps/outlaw-star-E022-Gravity-Jailbreak/cap_00-01-43_375d.jpg,Outlaw Star Ep 22: Gravity Jailbreak @ 00:01:43,https://animehistory.org/gallery/screencaps/outlaw-star/episode-22/,https://animehistory.org/gallery/screencaps/outlaw-star/episode-22/,1,2026-10-07T01:50:22.673443+00:00,676f3cfabbb57602123c689e487be1880079bcaae093a3e233cd93d6297a5cc5,,UNVERIFIED
EP-22,Gravity Jailbreak,00:01:47,107,854208,https://animehistory.org/uploads/screencaps/outlaw-star-E022-Gravity-Jailbreak/cap_00-01-47_1af9.jpg,Outlaw Star Ep 22: Gravity Jailbreak @ 00:01:47,https://animehistory.org/gallery/screencaps/outlaw-star/episode-22/,https://animehistory.org/gallery/screencaps/outlaw-star/episode-22/,1,2026-10-07T01:50:22.673443+00:00,676f3cfabbb57602123c689e487be1880079bcaae093a3e233cd93d6297a5cc5,,UNVERIFIED
EP-22,Gravity Jailbreak,00:01:50,110,854209,https://animehistory.org/uploads/screencaps/outlaw-star-E022-Gravity-Jailbreak/cap_00-01-50_03dd.jpg,Outlaw Star Ep 22: Gravity Jailbreak @ 00:01:50,https://animehistory.org/gallery/screencaps/outlaw-star/episode-22/,https://animehistory.org/gallery/screencaps/outlaw-star/episode-22/,1,2026-10-07T01:50:22.673443+00:00,676f3cfabbb57602123c689e487be1880079bcaae093a3e233cd93d6297a5cc5,,UNVERIFIED
EP-22,Gravity Jailbreak,00:01:54,114,854210,https://animehistory.org/uploads/screencaps/outlaw-star-E022-Gravity-Jailbreak/cap_00-01-54_3eeb.jpg,Outlaw Star Ep 22: Gravity Jailbreak @ 00:01:54,https://animehistory.org/gallery/screencaps/outlaw-star/episode-22/,https://animehistory.org/gallery/screencaps/outlaw-star/episode-22/,1,2026-10-07T01:50:22.673443+00:00,676f3cfabbb57602123c689e487be1880079bcaae093a3e233cd93d6297a5cc5,,UNVERIFIED
EP-22,Gravity Jailbreak,00:01:58,118,854211,https://animehistory.org/uploads/screencaps/outlaw-star-E022-Gravity-Jailbreak/cap_00-01-58_213b.jpg,Outlaw Star Ep 22: Gravity Jailbreak @ 00:01:58,https://animehistory.org/gallery/screencaps/outlaw-star/episode-22/,https://animehistory.org/gallery/screencaps/outlaw-star/episode-22/,1,2026-10-07T01:50:22.673443+00:00,676f3cfabbb57602123c689e487be1880079bcaae093a3e233cd93d6297a5cc5,,UNVERIFIED
EP-22,Gravity Jailbreak,00:02:01,121,854212,https://animehistory.org/uploads/screencaps/outlaw-star-E022-Gravity-Jailbreak/cap_00-02-01_4dab.jpg,Outlaw Star Ep 22: Gravity Jailbreak @ 00:02:01,https://animehistory.org/gallery/screencaps/outlaw-star/episode-22/,https://animehistory.org/gallery/screencaps/outlaw-star/episode-22/,1,2026-10-07T01:50:22.673443+00:00,676f3cfabbb57602123c689e487be1880079bcaae093a3e233cd93d6297a5cc5,,UNVERIFIED
EP-22,Gravity Jailbreak,00:02:05,125,854213,https://animehistory.org/uploads/screencaps/outlaw-star-E022-Gravity-Jailbreak/cap_00-02-05_46bd.jpg,Outlaw Star Ep 22: Gravity Jailbreak @ 00:02:05,https://animehistory.org/gallery/screencaps/outlaw-star/episode-22/,https://animehistory.org/gallery/screencaps/outlaw-star/episode-22/,1,2026-10-07T01:50:22.673443+00:00,676f3cfabbb57602123c689e487be1880079bcaae093a3e233cd93d6297a5cc5,,UNVERIFIED
EP-22,Gravity Jailbreak,00:02:08,128,854214,https://animehistory.org/uploads/screencaps/outlaw-star-E022-Gravity-Jailbreak/cap_00-02-08_2b4c.jpg,Outlaw Star Ep 22: Gravity Jailbreak @ 00:02:08,https://animehistory.org/gallery/screencaps/outlaw-star/episode-22/,https://animehistory.org/gallery/screencaps/outlaw-star/episode-22/,1,2026-10-07T01:50:22.673443+00:00,676f3cfabbb57602123c689e487be1880079bcaae093a3e233cd93d6297a5cc5,,UNVERIFIED
EP-22,Gravity Jailbreak,00:02:12,132,854215,https://animehistory.org/uploads/screencaps/outlaw-star-E022-Gravity-Jailbreak/cap_00-02-12_6cd1.jpg,Outlaw Star Ep 22: Gravity Jailbreak @ 00:02:12,https://animehistory.org/gallery/screencaps/outlaw-star/episode-22/,https://animehistory.org/gallery/screencaps/outlaw-star/episode-22/,1,2026-10-07T01:50:22.673443+00:00,676f3cfabbb57602123c689e487be1880079bcaae093a3e233cd93d6297a5cc5,,UNVERIFIED
EP-22,Gravity Jailbreak,00:02:16,136,854216,https://animehistory.org/uploads/screencaps/outlaw-star-E022-Gravity-Jailbreak/cap_00-02-16_1b2d.jpg,Outlaw Star Ep 22: Gravity Jailbreak @ 00:02:16,https://animehistory.org/gallery/screencaps/outlaw-star/episode-22/,https://animehistory.org/gallery/screencaps/outlaw-star/episode-22/,1,2026-10-07T01:50:22.673443+00:00,676f3cfabbb57602123c689e487be1880079bcaae093a3e233cd93d6297a5cc5,,UNVERIFIED
EP-22,Gravity Jailbreak,00:02:19,139,854217,https://animehistory.org/uploads/screencaps/outlaw-star-E022-Gravity-Jailbreak/cap_00-02-19_5ee0.jpg,Outlaw Star Ep 22: Gravity Jailbreak @ 00:02:19,https://animehistory.org/gallery/screencaps/outlaw-star/episode-22/,https://animehistory.org/gallery/screencaps/outlaw-star/episode-22/,1,2026-10-07T01:50:22.673443+00:00,676f3cfabbb57602123c689e487be1880079bcaae093a3e233cd93d6297a5cc5,,UNVERIFIED
EP-22,Gravity Jailbreak,00:02:23,143,854218,https://animehistory.org/uploads/screencaps/outlaw-star-E022-Gravity-Jailbreak/cap_00-02-23_11ee.jpg,Outlaw Star Ep 22: Gravity Jailbreak @ 00:02:23,https://animehistory.org/gallery/screencaps/outlaw-star/episode-22/,https://animehistory.org/gallery/screencaps/outlaw-star/episode-22/,1,2026-10-07T01:50:22.673443+00:00,676f3cfabbb57602123c689e487be1880079bcaae093a3e233cd93d6297a5cc5,,UNVERIFIED
EP-22,Gravity Jailbreak,00:02:26,146,854219,https://animehistory.org/uploads/screencaps/outlaw-star-E022-Gravity-Jailbreak/cap_00-02-26_37e4.jpg,Outlaw Star Ep 22: Gravity Jailbreak @ 00:02:26,https://animehistory.org/gallery/screencaps/outlaw-star/episode-22/,https://animehistory.org/gallery/screencaps/outlaw-star/episode-22/,1,2026-10-07T01:50:22.673443+00:00,676f3cfabbb57602123c689e487be1880079bcaae093a3e233cd93d6297a5cc5,,UNVERIFIED
EP-22,Gravity Jailbreak,00:02:30,150,854220,https://animehistory.org/uploads/screencaps/outlaw-star-E022-Gravity-Jailbreak/cap_00-02-30_74bd.jpg,Outlaw Star Ep 22: Gravity Jailbreak @ 00:02:30,https://animehistory.org/gallery/screencaps/outlaw-star/episode-22/,https://animehistory.org/gallery/screencaps/outlaw-star/episode-22/,1,2026-10-07T01:50:22.673443+00:00,676f3cfabbb57602123c689e487be1880079bcaae093a3e233cd93d6297a5cc5,,UNVERIFIED
EP-22,Gravity Jailbreak,00:02:34,154,854221,https://animehistory.org/uploads/screencaps/outlaw-star-E022-Gravity-Jailbreak/cap_00-02-34_7522.jpg,Outlaw Star Ep 22: Gravity Jailbreak @ 00:02:34,https://animehistory.org/gallery/screencaps/outlaw-star/episode-22/,https://animehistory.org/gallery/screencaps/outlaw-star/episode-22/,1,2026-10-07T01:50:22.673443+00:00,676f3cfabbb57602123c689e487be1880079bcaae093a3e233cd93d6297a5cc5,,UNVERIFIED
EP-22,Gravity Jailbreak,00:02:37,157,854222,https://animehistory.org/uploads/screencaps/outlaw-star-E022-Gravity-Jailbreak/cap_00-02-37_63b6.jpg,Outlaw Star Ep 22: Gravity Jailbreak @ 00:02:37,https://animehistory.org/gallery/screencaps/outlaw-star/episode-22/,https://animehistory.org/gallery/screencaps/outlaw-star/episode-22/,1,2026-10-07T01:50:22.673443+00:00,676f3cfabbb57602123c689e487be1880079bcaae093a3e233cd93d6297a5cc5,,UNVERIFIED
EP-22,Gravity Jailbreak,00:02:41,161,854223,https://animehistory.org/uploads/screencaps/outlaw-star-E022-Gravity-Jailbreak/cap_00-02-41_32f2.jpg,Outlaw Star Ep 22: Gravity Jailbreak @ 00:02:41,https://animehistory.org/gallery/screencaps/outlaw-star/episode-22/,https://animehistory.org/gallery/screencaps/outlaw-star/episode-22/,1,2026-10-07T01:50:22.673443+00:00,676f3cfabbb57602123c689e487be1880079bcaae093a3e233cd93d6297a5cc5,,UNVERIFIED
EP-22,Gravity Jailbreak,00:02:44,164,854224,https://animehistory.org/uploads/screencaps/outlaw-star-E022-Gravity-Jailbreak/cap_00-02-44_1675.jpg,Outlaw Star Ep 22: Gravity Jailbreak @ 00:02:44,https://animehistory.org/gallery/screencaps/outlaw-star/episode-22/,https://animehistory.org/gallery/screencaps/outlaw-star/episode-22/,1,2026-10-07T01:50:22.673443+00:00,676f3cfabbb57602123c689e487be1880079bcaae093a3e233cd93d6297a5cc5,,UNVERIFIED
EP-22,Gravity Jailbreak,00:02:48,168,854225,https://animehistory.org/uploads/screencaps/outlaw-star-E022-Gravity-Jailbreak/cap_00-02-48_5e0b.jpg,Outlaw Star Ep 22: Gravity Jailbreak @ 00:02:48,https://animehistory.org/gallery/screencaps/outlaw-star/episode-22/,https://animehistory.org/gallery/screencaps/outlaw-star/episode-22/,1,2026-10-07T01:50:22.673443+00:00,676f3cfabbb57602123c689e487be1880079bcaae093a3e233cd93d6297a5cc5,,UNVERIFIED
EP-22,Gravity Jailbreak,00:02:52,172,854226,https://animehistory.org/uploads/screencaps/outlaw-star-E022-Gravity-Jailbreak/cap_00-02-52_1141.jpg,Outlaw Star Ep 22: Gravity Jailbreak @ 00:02:52,https://animehistory.org/gallery/screencaps/outlaw-star/episode-22/,https://animehistory.org/gallery/screencaps/outlaw-star/episode-22/,1,2026-10-07T01:50:22.673443+00:00,676f3cfabbb57602123c689e487be1880079bcaae093a3e233cd93d6297a5cc5,,UNVERIFIED
EP-22,Gravity Jailbreak,00:02:55,175,854227,https://animehistory.org/uploads/screencaps/outlaw-star-E022-Gravity-Jailbreak/cap_00-02-55_0690.jpg,Outlaw Star Ep 22: Gravity Jailbreak @ 00:02:55,https://animehistory.org/gallery/screencaps/outlaw-star/episode-22/,https://animehistory.org/gallery/screencaps/outlaw-star/episode-22/,1,2026-10-07T01:50:22.673443+00:00,676f3cfabbb57602123c689e487be1880079bcaae093a3e233cd93d6297a5cc5,,UNVERIFIED
EP-22,Gravity Jailbreak,00:02:59,179,854228,https://animehistory.org/uploads/screencaps/outlaw-star-E022-Gravity-Jailbreak/cap_00-02-59_2d7b.jpg,Outlaw Star Ep 22: Gravity Jailbreak @ 00:02:59,https://animehistory.org/gallery/screencaps/outlaw-star/episode-22/,https://animehistory.org/gallery/screencaps/outlaw-star/episode-22/,1,2026-10-07T01:50:22.673443+00:00,676f3cfabbb57602123c689e487be1880079bcaae093a3e233cd93d6297a5cc5,,UNVERIFIED
EP-22,Gravity Jailbreak,00:03:02,182,854229,https://animehistory.org/uploads/screencaps/outlaw-star-E022-Gravity-Jailbreak/cap_00-03-02_4b21.jpg,Outlaw Star Ep 22: Gravity Jailbreak @ 00:03:02,https://animehistory.org/gallery/screencaps/outlaw-star/episode-22/,https://animehistory.org/gallery/screencaps/outlaw-star/episode-22/,1,2026-10-07T01:50:22.673443+00:00,676f3cfabbb57602123c689e487be1880079bcaae093a3e233cd93d6297a5cc5,,UNVERIFIED
EP-22,Gravity Jailbreak,00:03:06,186,854230,https://animehistory.org/uploads/screencaps/outlaw-star-E022-Gravity-Jailbreak/cap_00-03-06_2070.jpg,Outlaw Star Ep 22: Gravity Jailbreak @ 00:03:06,https://animehistory.org/gallery/screencaps/outlaw-star/episode-22/,https://animehistory.org/gallery/screencaps/outlaw-star/episode-22/,1,2026-10-07T01:50:22.673443+00:00,676f3cfabbb57602123c689e487be1880079bcaae093a3e233cd93d6297a5cc5,,UNVERIFIED
EP-22,Gravity Jailbreak,00:03:10,190,854231,https://animehistory.org/uploads/screencaps/outlaw-star-E022-Gravity-Jailbreak/cap_00-03-10_00b5.jpg,Outlaw Star Ep 22: Gravity Jailbreak @ 00:03:10,https://animehistory.org/gallery/screencaps/outlaw-star/episode-22/,https://animehistory.org/gallery/screencaps/outlaw-star/episode-22/,1,2026-10-07T01:50:22.673443+00:00,676f3cfabbb57602123c689e487be1880079bcaae093a3e233cd93d6297a5cc5,,UNVERIFIED
EP-22,Gravity Jailbreak,00:03:13,193,854232,https://animehistory.org/uploads/screencaps/outlaw-star-E022-Gravity-Jailbreak/cap_00-03-13_098e.jpg,Outlaw Star Ep 22: Gravity Jailbreak @ 00:03:13,https://animehistory.org/gallery/screencaps/outlaw-star/episode-22/,https://animehistory.org/gallery/screencaps/outlaw-star/episode-22/,1,2026-10-07T01:50:22.673443+00:00,676f3cfabbb57602123c689e487be1880079bcaae093a3e233cd93d6297a5cc5,,UNVERIFIED
EP-22,Gravity Jailbreak,00:03:17,197,854233,https://animehistory.org/uploads/screencaps/outlaw-star-E022-Gravity-Jailbreak/cap_00-03-17_03e7.jpg,Outlaw Star Ep 22: Gravity Jailbreak @ 00:03:17,https://animehistory.org/gallery/screencaps/outlaw-star/episode-22/,https://animehistory.org/gallery/screencaps/outlaw-star/episode-22/,1,2026-10-07T01:50:22.673443+00:00,676f3cfabbb57602123c689e487be1880079bcaae093a3e233cd93d6297a5cc5,,UNVERIFIED
EP-22,Gravity Jailbreak,00:03:20,200,854234,https://animehistory.org/uploads/screencaps/outlaw-star-E022-Gravity-Jailbreak/cap_00-03-20_0f8d.jpg,Outlaw Star Ep 22: Gravity Jailbreak @ 00:03:20,https://animehistory.org/gallery/screencaps/outlaw-star/episode-22/,https://animehistory.org/gallery/screencaps/outlaw-star/episode-22/,1,2026-10-07T01:50:22.673443+00:00,676f3cfabbb57602123c689e487be1880079bcaae093a3e233cd93d6297a5cc5,,UNVERIFIED
EP-22,Gravity Jailbreak,00:03:24,204,854235,https://animehistory.org/uploads/screencaps/outlaw-star-E022-Gravity-Jailbreak/cap_00-03-24_1234.jpg,Outlaw Star Ep 22: Gravity Jailbreak @ 00:03:24,https://animehistory.org/gallery/screencaps/outlaw-star/episode-22/,https://animehistory.org/gallery/screencaps/outlaw-star/episode-22/,1,2026-10-07T01:50:22.673443+00:00,676f3cfabbb57602123c689e487be1880079bcaae093a3e233cd93d6297a5cc5,,UNVERIFIED
EP-22,Gravity Jailbreak,00:03:28,208,854236,https://animehistory.org/uploads/screencaps/outlaw-star-E022-Gravity-Jailbreak/cap_00-03-28_1912.jpg,Outlaw Star Ep 22: Gravity Jailbreak @ 00:03:28,https://animehistory.org/gallery/screencaps/outlaw-star/episode-22/,https://animehistory.org/gallery/screencaps/outlaw-star/episode-22/,1,2026-10-07T01:50:22.673443+00:00,676f3cfabbb57602123c689e487be1880079bcaae093a3e233cd93d6297a5cc5,,UNVERIFIED
EP-22,Gravity Jailbreak,00:03:31,211,854237,https://animehistory.org/uploads/screencaps/outlaw-star-E022-Gravity-Jailbreak/cap_00-03-31_3fd9.jpg,Outlaw Star Ep 22: Gravity Jailbreak @ 00:03:31,https://animehistory.org/gallery/screencaps/outlaw-star/episode-22/,https://animehistory.org/gallery/screencaps/outlaw-star/episode-22/,1,2026-10-07T01:50:22.673443+00:00,676f3cfabbb57602123c689e487be1880079bcaae093a3e233cd93d6297a5cc5,,UNVERIFIED
EP-22,Gravity Jailbreak,00:03:35,215,854238,https://animehistory.org/uploads/screencaps/outlaw-star-E022-Gravity-Jailbreak/cap_00-03-35_46b7.jpg,Outlaw Star Ep 22: Gravity Jailbreak @ 00:03:35,https://animehistory.org/gallery/screencaps/outlaw-star/episode-22/,https://animehistory.org/gallery/screencaps/outlaw-star/episode-22/,1,2026-10-07T01:50:22.673443+00:00,676f3cfabbb57602123c689e487be1880079bcaae093a3e233cd93d6297a5cc5,,UNVERIFIED
EP-22,Gravity Jailbreak,00:03:38,218,854239,https://animehistory.org/uploads/screencaps/outlaw-star-E022-Gravity-Jailbreak/cap_00-03-38_22b4.jpg,Outlaw Star Ep 22: Gravity Jailbreak @ 00:03:38,https://animehistory.org/gallery/screencaps/outlaw-star/episode-22/,https://animehistory.org/gallery/screencaps/outlaw-star/episode-22/,1,2026-10-07T01:50:22.673443+00:00,676f3cfabbb57602123c689e487be1880079bcaae093a3e233cd93d6297a5cc5,,UNVERIFIED
EP-22,Gravity Jailbreak,00:03:42,222,854240,https://animehistory.org/uploads/screencaps/outlaw-star-E022-Gravity-Jailbreak/cap_00-03-42_5f6b.jpg,Outlaw Star Ep 22: Gravity Jailbreak @ 00:03:42,https://animehistory.org/gallery/screencaps/outlaw-star/episode-22/,https://animehistory.org/gallery/screencaps/outlaw-star/episode-22/,1,2026-10-07T01:50:22.673443+00:00,676f3cfabbb57602123c689e487be1880079bcaae093a3e233cd93d6297a5cc5,,UNVERIFIED
EP-22,Gravity Jailbreak,00:03:46,226,854241,https://animehistory.org/uploads/screencaps/outlaw-star-E022-Gravity-Jailbreak/cap_00-03-46_0269.jpg,Outlaw Star Ep 22: Gravity Jailbreak @ 00:03:46,https://animehistory.org/gallery/screencaps/outlaw-star/episode-22/,https://animehistory.org/gallery/screencaps/outlaw-star/episode-22/,1,2026-10-07T01:50:22.673443+00:00,676f3cfabbb57602123c689e487be1880079bcaae093a3e233cd93d6297a5cc5,,UNVERIFIED
EP-22,Gravity Jailbreak,00:03:49,229,854242,https://animehistory.org/uploads/screencaps/outlaw-star-E022-Gravity-Jailbreak/cap_00-03-49_613c.jpg,Outlaw Star Ep 22: Gravity Jailbreak @ 00:03:49,https://animehistory.org/gallery/screencaps/outlaw-star/episode-22/,https://animehistory.org/gallery/screencaps/outlaw-star/episode-22/,1,2026-10-07T01:50:22.673443+00:00,676f3cfabbb57602123c689e487be1880079bcaae093a3e233cd93d6297a5cc5,,UNVERIFIED
EP-22,Gravity Jailbreak,00:03:53,233,854243,https://animehistory.org/uploads/screencaps/outlaw-star-E022-Gravity-Jailbreak/cap_00-03-53_678f.jpg,Outlaw Star Ep 22: Gravity Jailbreak @ 00:03:53,https://animehistory.org/gallery/screencaps/outlaw-star/episode-22/,https://animehistory.org/gallery/screencaps/outlaw-star/episode-22/,1,2026-10-07T01:50:22.673443+00:00,676f3cfabbb57602123c689e487be1880079bcaae093a3e233cd93d6297a5cc5,,UNVERIFIED
EP-22,Gravity Jailbreak,00:03:57,237,854244,https://animehistory.org/uploads/screencaps/outlaw-star-E022-Gravity-Jailbreak/cap_00-03-57_2f52.jpg,Outlaw Star Ep 22: Gravity Jailbreak @ 00:03:57,https://animehistory.org/gallery/screencaps/outlaw-star/episode-22/,https://animehistory.org/gallery/screencaps/outlaw-star/episode-22/,1,2026-10-07T01:50:22.673443+00:00,676f3cfabbb57602123c689e487be1880079bcaae093a3e233cd93d6297a5cc5,,UNVERIFIED
EP-22,Gravity Jailbreak,00:04:00,240,854245,https://animehistory.org/uploads/screencaps/outlaw-star-E022-Gravity-Jailbreak/cap_00-04-00_6efa.jpg,Outlaw Star Ep 22: Gravity Jailbreak @ 00:04:00,https://animehistory.org/gallery/screencaps/outlaw-star/episode-22/,https://animehistory.org/gallery/screencaps/outlaw-star/episode-22/,1,2026-10-07T01:50:22.673443+00:00,676f3cfabbb57602123c689e487be1880079bcaae093a3e233cd93d6297a5cc5,,UNVERIFIED
EP-22,Gravity Jailbreak,00:04:04,244,854246,https://animehistory.org/uploads/screencaps/outlaw-star-E022-Gravity-Jailbreak/cap_00-04-04_5c43.jpg,Outlaw Star Ep 22: Gravity Jailbreak @ 00:04:04,https://animehistory.org/gallery/screencaps/outlaw-star/episode-22/,https://animehistory.org/gallery/screencaps/outlaw-star/episode-22/,1,2026-10-07T01:50:22.673443+00:00,676f3cfabbb57602123c689e487be1880079bcaae093a3e233cd93d6297a5cc5,,UNVERIFIED
EP-22,Gravity Jailbreak,00:04:07,247,854247,https://animehistory.org/uploads/screencaps/outlaw-star-E022-Gravity-Jailbreak/cap_00-04-07_187d.jpg,Outlaw Star Ep 22: Gravity Jailbreak @ 00:04:07,https://animehistory.org/gallery/screencaps/outlaw-star/episode-22/,https://animehistory.org/gallery/screencaps/outlaw-star/episode-22/,1,2026-10-07T01:50:22.673443+00:00,676f3cfabbb57602123c689e487be1880079bcaae093a3e233cd93d6297a5cc5,,UNVERIFIED
EP-22,Gravity Jailbreak,00:04:11,251,854248,https://animehistory.org/uploads/screencaps/outlaw-star-E022-Gravity-Jailbreak/cap_00-04-11_7796.jpg,Outlaw Star Ep 22: Gravity Jailbreak @ 00:04:11,https://animehistory.org/gallery/screencaps/outlaw-star/episode-22/,https://animehistory.org/gallery/screencaps/outlaw-star/episode-22/,1,2026-10-07T01:50:22.673443+00:00,676f3cfabbb57602123c689e487be1880079bcaae093a3e233cd93d6297a5cc5,,UNVERIFIED
EP-22,Gravity Jailbreak,00:04:15,255,854249,https://animehistory.org/uploads/screencaps/outlaw-star-E022-Gravity-Jailbreak/cap_00-04-15_24af.jpg,Outlaw Star Ep 22: Gravity Jailbreak @ 00:04:15,https://animehistory.org/gallery/screencaps/outlaw-star/episode-22/,https://animehistory.org/gallery/screencaps/outlaw-star/episode-22/,1,2026-10-07T01:50:22.673443+00:00,676f3cfabbb57602123c689e487be1880079bcaae093a3e233cd93d6297a5cc5,,UNVERIFIED
EP-22,Gravity Jailbreak,00:04:18,258,854250,https://animehistory.org/uploads/screencaps/outlaw-star-E022-Gravity-Jailbreak/cap_00-04-18_1623.jpg,Outlaw Star Ep 22: Gravity Jailbreak @ 00:04:18,https://animehistory.org/gallery/screencaps/outlaw-star/episode-22/,https://animehistory.org/gallery/screencaps/outlaw-star/episode-22/,1,2026-10-07T01:50:22.673443+00:00,676f3cfabbb57602123c689e487be1880079bcaae093a3e233cd93d6297a5cc5,,UNVERIFIED
EP-22,Gravity Jailbreak,00:04:22,262,854251,https://animehistory.org/uploads/screencaps/outlaw-star-E022-Gravity-Jailbreak/cap_00-04-22_4de7.jpg,Outlaw Star Ep 22: Gravity Jailbreak @ 00:04:22,https://animehistory.org/gallery/screencaps/outlaw-star/episode-22/,https://animehistory.org/gallery/screencaps/outlaw-star/episode-22/,1,2026-10-07T01:50:22.673443+00:00,676f3cfabbb57602123c689e487be1880079bcaae093a3e233cd93d6297a5cc5,,UNVERIFIED
EP-22,Gravity Jailbreak,00:04:25,265,854252,https://animehistory.org/uploads/screencaps/outlaw-star-E022-Gravity-Jailbreak/cap_00-04-25_7f2a.jpg,Outlaw Star Ep 22: Gravity Jailbreak @ 00:04:25,https://animehistory.org/gallery/screencaps/outlaw-star/episode-22/,https://animehistory.org/gallery/screencaps/outlaw-star/episode-22/,1,2026-10-07T01:50:22.673443+00:00,676f3cfabbb57602123c689e487be1880079bcaae093a3e233cd93d6297a5cc5,,UNVERIFIED
EP-22,Gravity Jailbreak,00:04:29,269,854253,https://animehistory.org/uploads/screencaps/outlaw-star-E022-Gravity-Jailbreak/cap_00-04-29_5fba.jpg,Outlaw Star Ep 22: Gravity Jailbreak @ 00:04:29,https://animehistory.org/gallery/screencaps/outlaw-star/episode-22/,https://animehistory.org/gallery/screencaps/outlaw-star/episode-22/,1,2026-10-07T01:50:22.673443+00:00,676f3cfabbb57602123c689e487be1880079bcaae093a3e233cd93d6297a5cc5,,UNVERIFIED
EP-22,Gravity Jailbreak,00:04:33,273,854254,https://animehistory.org/uploads/screencaps/outlaw-star-E022-Gravity-Jailbreak/cap_00-04-33_619e.jpg,Outlaw Star Ep 22: Gravity Jailbreak @ 00:04:33,https://animehistory.org/gallery/screencaps/outlaw-star/episode-22/,https://animehistory.org/gallery/screencaps/outlaw-star/episode-22/,1,2026-10-07T01:50:22.673443+00:00,676f3cfabbb57602123c689e487be1880079bcaae093a3e233cd93d6297a5cc5,,UNVERIFIED
EP-22,Gravity Jailbreak,00:04:36,276,854255,https://animehistory.org/uploads/screencaps/outlaw-star-E022-Gravity-Jailbreak/cap_00-04-36_4688.jpg,Outlaw Star Ep 22: Gravity Jailbreak @ 00:04:36,https://animehistory.org/gallery/screencaps/outlaw-star/episode-22/,https://animehistory.org/gallery/screencaps/outlaw-star/episode-22/,1,2026-10-07T01:50:22.673443+00:00,676f3cfabbb57602123c689e487be1880079bcaae093a3e233cd93d6297a5cc5,,UNVERIFIED
EP-22,Gravity Jailbreak,00:04:40,280,854256,https://animehistory.org/uploads/screencaps/outlaw-star-E022-Gravity-Jailbreak/cap_00-04-40_1d5f.jpg,Outlaw Star Ep 22: Gravity Jailbreak @ 00:04:40,https://animehistory.org/gallery/screencaps/outlaw-star/episode-22/,https://animehistory.org/gallery/screencaps/outlaw-star/episode-22/,1,2026-10-07T01:50:22.673443+00:00,676f3cfabbb57602123c689e487be1880079bcaae093a3e233cd93d6297a5cc5,,UNVERIFIED
EP-22,Gravity Jailbreak,00:04:43,283,854257,https://animehistory.org/uploads/screencaps/outlaw-star-E022-Gravity-Jailbreak/cap_00-04-43_62b8.jpg,Outlaw Star Ep 22: Gravity Jailbreak @ 00:04:43,https://animehistory.org/gallery/screencaps/outlaw-star/episode-22/,https://animehistory.org/gallery/screencaps/outlaw-star/episode-22/,1,2026-10-07T01:50:22.673443+00:00,676f3cfabbb57602123c689e487be1880079bcaae093a3e233cd93d6297a5cc5,,UNVERIFIED
EP-22,Gravity Jailbreak,00:04:47,287,854258,https://animehistory.org/uploads/screencaps/outlaw-star-E022-Gravity-Jailbreak/cap_00-04-47_48ac.jpg,Outlaw Star Ep 22: Gravity Jailbreak @ 00:04:47,https://animehistory.org/gallery/screencaps/outlaw-star/episode-22/,https://animehistory.org/gallery/screencaps/outlaw-star/episode-22/,1,2026-10-07T01:50:22.673443+00:00,676f3cfabbb57602123c689e487be1880079bcaae093a3e233cd93d6297a5cc5,,UNVERIFIED
EP-22,Gravity Jailbreak,00:04:51,291,854259,https://animehistory.org/uploads/screencaps/outlaw-star-E022-Gravity-Jailbreak/cap_00-04-51_7e9a.jpg,Outlaw Star Ep 22: Gravity Jailbreak @ 00:04:51,https://animehistory.org/gallery/screencaps/outlaw-star/episode-22/,https://animehistory.org/gallery/screencaps/outlaw-star/episode-22/,1,2026-10-07T01:50:22.673443+00:00,676f3cfabbb57602123c689e487be1880079bcaae093a3e233cd93d6297a5cc5,,UNVERIFIED
EP-22,Gravity Jailbreak,00:04:54,294,854260,https://animehistory.org/uploads/screencaps/outlaw-star-E022-Gravity-Jailbreak/cap_00-04-54_3934.jpg,Outlaw Star Ep 22: Gravity Jailbreak @ 00:04:54,https://animehistory.org/gallery/screencaps/outlaw-star/episode-22/,https://animehistory.org/gallery/screencaps/outlaw-star/episode-22/,1,2026-10-07T01:50:22.673443+00:00,676f3cfabbb57602123c689e487be1880079bcaae093a3e233cd93d6297a5cc5,,UNVERIFIED
EP-22,Gravity Jailbreak,00:04:58,298,854261,https://animehistory.org/uploads/screencaps/outlaw-star-E022-Gravity-Jailbreak/cap_00-04-58_15d9.jpg,Outlaw Star Ep 22: Gravity Jailbreak @ 00:04:58,https://animehistory.org/gallery/screencaps/outlaw-star/episode-22/,https://animehistory.org/gallery/screencaps/outlaw-star/episode-22/,1,2026-10-07T01:50:22.673443+00:00,676f3cfabbb57602123c689e487be1880079bcaae093a3e233cd93d6297a5cc5,,UNVERIFIED
EP-22,Gravity Jailbreak,00:05:01,301,854262,https://animehistory.org/uploads/screencaps/outlaw-star-E022-Gravity-Jailbreak/cap_00-05-01_1112.jpg,Outlaw Star Ep 22: Gravity Jailbreak @ 00:05:01,https://animehistory.org/gallery/screencaps/outlaw-star/episode-22/,https://animehistory.org/gallery/screencaps/outlaw-star/episode-22/,1,2026-10-07T01:50:22.673443+00:00,676f3cfabbb57602123c689e487be1880079bcaae093a3e233cd93d6297a5cc5,,UNVERIFIED
EP-22,Gravity Jailbreak,00:05:05,305,854263,https://animehistory.org/uploads/screencaps/outlaw-star-E022-Gravity-Jailbreak/cap_00-05-05_50cf.jpg,Outlaw Star Ep 22: Gravity Jailbreak @ 00:05:05,https://animehistory.org/gallery/screencaps/outlaw-star/episode-22/,https://animehistory.org/gallery/screencaps/outlaw-star/episode-22/,1,2026-10-07T01:50:22.673443+00:00,676f3cfabbb57602123c689e487be1880079bcaae093a3e233cd93d6297a5cc5,,UNVERIFIED
EP-22,Gravity Jailbreak,00:05:09,309,854264,https://animehistory.org/uploads/screencaps/outlaw-star-E022-Gravity-Jailbreak/cap_00-05-09_5f72.jpg,Outlaw Star Ep 22: Gravity Jailbreak @ 00:05:09,https://animehistory.org/gallery/screencaps/outlaw-star/episode-22/,https://animehistory.org/gallery/screencaps/outlaw-star/episode-22/,1,2026-10-07T01:50:22.673443+00:00,676f3cfabbb57602123c689e487be1880079bcaae093a3e233cd93d6297a5cc5,,UNVERIFIED
EP-22,Gravity Jailbreak,00:05:12,312,854265,https://animehistory.org/uploads/screencaps/outlaw-star-E022-Gravity-Jailbreak/cap_00-05-12_4ad0.jpg,Outlaw Star Ep 22: Gravity Jailbreak @ 00:05:12,https://animehistory.org/gallery/screencaps/outlaw-star/episode-22/,https://animehistory.org/gallery/screencaps/outlaw-star/episode-22/,1,2026-10-07T01:50:22.673443+00:00,676f3cfabbb57602123c689e487be1880079bcaae093a3e233cd93d6297a5cc5,,UNVERIFIED
EP-22,Gravity Jailbreak,00:05:16,316,854266,https://animehistory.org/uploads/screencaps/outlaw-star-E022-Gravity-Jailbreak/cap_00-05-16_135e.jpg,Outlaw Star Ep 22: Gravity Jailbreak @ 00:05:16,https://animehistory.org/gallery/screencaps/outlaw-star/episode-22/,https://animehistory.org/gallery/screencaps/outlaw-star/episode-22/,1,2026-10-07T01:50:22.673443+00:00,676f3cfabbb57602123c689e487be1880079bcaae093a3e233cd93d6297a5cc5,,UNVERIFIED
EP-22,Gravity Jailbreak,00:05:19,319,854267,https://animehistory.org/uploads/screencaps/outlaw-star-E022-Gravity-Jailbreak/cap_00-05-19_4bc3.jpg,Outlaw Star Ep 22: Gravity Jailbreak @ 00:05:19,https://animehistory.org/gallery/screencaps/outlaw-star/episode-22/,https://animehistory.org/gallery/screencaps/outlaw-star/episode-22/,1,2026-10-07T01:50:22.673443+00:00,676f3cfabbb57602123c689e487be1880079bcaae093a3e233cd93d6297a5cc5,,UNVERIFIED
EP-22,Gravity Jailbreak,00:05:23,323,854268,https://animehistory.org/uploads/screencaps/outlaw-star-E022-Gravity-Jailbreak/cap_00-05-23_7262.jpg,Outlaw Star Ep 22: Gravity Jailbreak @ 00:05:23,https://animehistory.org/gallery/screencaps/outlaw-star/episode-22/,https://animehistory.org/gallery/screencaps/outlaw-star/episode-22/,1,2026-10-07T01:50:22.673443+00:00,676f3cfabbb57602123c689e487be1880079bcaae093a3e233cd93d6297a5cc5,,UNVERIFIED
EP-22,Gravity Jailbreak,00:05:27,327,854269,https://animehistory.org/uploads/screencaps/outlaw-star-E022-Gravity-Jailbreak/cap_00-05-27_699f.jpg,Outlaw Star Ep 22: Gravity Jailbreak @ 00:05:27,https://animehistory.org/gallery/screencaps/outlaw-star/episode-22/,https://animehistory.org/gallery/screencaps/outlaw-star/episode-22/,1,2026-10-07T01:50:22.673443+00:00,676f3cfabbb57602123c689e487be1880079bcaae093a3e233cd93d6297a5cc5,,UNVERIFIED
EP-22,Gravity Jailbreak,00:05:30,330,854270,https://animehistory.org/uploads/screencaps/outlaw-star-E022-Gravity-Jailbreak/cap_00-05-30_4505.jpg,Outlaw Star Ep 22: Gravity Jailbreak @ 00:05:30,https://animehistory.org/gallery/screencaps/outlaw-star/episode-22/,https://animehistory.org/gallery/screencaps/outlaw-star/episode-22/,1,2026-10-07T01:50:22.673443+00:00,676f3cfabbb57602123c689e487be1880079bcaae093a3e233cd93d6297a5cc5,,UNVERIFIED
EP-22,Gravity Jailbreak,00:05:34,334,854271,https://animehistory.org/uploads/screencaps/outlaw-star-E022-Gravity-Jailbreak/cap_00-05-34_3239.jpg,Outlaw Star Ep 22: Gravity Jailbreak @ 00:05:34,https://animehistory.org/gallery/screencaps/outlaw-star/episode-22/,https://animehistory.org/gallery/screencaps/outlaw-star/episode-22/,1,2026-10-07T01:50:22.673443+00:00,676f3cfabbb57602123c689e487be1880079bcaae093a3e233cd93d6297a5cc5,,UNVERIFIED
EP-22,Gravity Jailbreak,00:05:37,337,854272,https://animehistory.org/uploads/screencaps/outlaw-star-E022-Gravity-Jailbreak/cap_00-05-37_3654.jpg,Outlaw Star Ep 22: Gravity Jailbreak @ 00:05:37,https://animehistory.org/gallery/screencaps/outlaw-star/episode-22/,https://animehistory.org/gallery/screencaps/outlaw-star/episode-22/,1,2026-10-07T01:50:22.673443+00:00,676f3cfabbb57602123c689e487be1880079bcaae093a3e233cd93d6297a5cc5,,UNVERIFIED
EP-22,Gravity Jailbreak,00:05:41,341,854273,https://animehistory.org/uploads/screencaps/outlaw-star-E022-Gravity-Jailbreak/cap_00-05-41_2165.jpg,Outlaw Star Ep 22: Gravity Jailbreak @ 00:05:41,https://animehistory.org/gallery/screencaps/outlaw-star/episode-22/,https://animehistory.org/gallery/screencaps/outlaw-star/episode-22/,1,2026-10-07T01:50:22.673443+00:00,676f3cfabbb57602123c689e487be1880079bcaae093a3e233cd93d6297a5cc5,,UNVERIFIED
EP-22,Gravity Jailbreak,00:05:45,345,854274,https://animehistory.org/uploads/screencaps/outlaw-star-E022-Gravity-Jailbreak/cap_00-05-45_36d9.jpg,Outlaw Star Ep 22: Gravity Jailbreak @ 00:05:45,https://animehistory.org/gallery/screencaps/outlaw-star/episode-22/,https://animehistory.org/gallery/screencaps/outlaw-star/episode-22/,1,2026-10-07T01:50:22.673443+00:00,676f3cfabbb57602123c689e487be1880079bcaae093a3e233cd93d6297a5cc5,,UNVERIFIED
EP-22,Gravity Jailbreak,00:05:48,348,854275,https://animehistory.org/uploads/screencaps/outlaw-star-E022-Gravity-Jailbreak/cap_00-05-48_3b08.jpg,Outlaw Star Ep 22: Gravity Jailbreak @ 00:05:48,https://animehistory.org/gallery/screencaps/outlaw-star/episode-22/,https://animehistory.org/gallery/screencaps/outlaw-star/episode-22/,1,2026-10-07T01:50:22.673443+00:00,676f3cfabbb57602123c689e487be1880079bcaae093a3e233cd93d6297a5cc5,,UNVERIFIED
EP-22,Gravity Jailbreak,00:05:52,352,854276,https://animehistory.org/uploads/screencaps/outlaw-star-E022-Gravity-Jailbreak/cap_00-05-52_2589.jpg,Outlaw Star Ep 22: Gravity Jailbreak @ 00:05:52,https://animehistory.org/gallery/screencaps/outlaw-star/episode-22/,https://animehistory.org/gallery/screencaps/outlaw-star/episode-22/,1,2026-10-07T01:50:22.673443+00:00,676f3cfabbb57602123c689e487be1880079bcaae093a3e233cd93d6297a5cc5,,UNVERIFIED
EP-22,Gravity Jailbreak,00:05:56,356,854277,https://animehistory.org/uploads/screencaps/outlaw-star-E022-Gravity-Jailbreak/cap_00-05-56_5634.jpg,Outlaw Star Ep 22: Gravity Jailbreak @ 00:05:56,https://animehistory.org/gallery/screencaps/outlaw-star/episode-22/,https://animehistory.org/gallery/screencaps/outlaw-star/episode-22/,1,2026-10-07T01:50:22.673443+00:00,676f3cfabbb57602123c689e487be1880079bcaae093a3e233cd93d6297a5cc5,,UNVERIFIED
EP-22,Gravity Jailbreak,00:05:59,359,854278,https://animehistory.org/uploads/screencaps/outlaw-star-E022-Gravity-Jailbreak/cap_00-05-59_1c69.jpg,Outlaw Star Ep 22: Gravity Jailbreak @ 00:05:59,https://animehistory.org/gallery/screencaps/outlaw-star/episode-22/,https://animehistory.org/gallery/screencaps/outlaw-star/episode-22/,1,2026-10-07T01:50:22.673443+00:00,676f3cfabbb57602123c689e487be1880079bcaae093a3e233cd93d6297a5cc5,,UNVERIFIED
EP-22,Gravity Jailbreak,00:06:03,363,854279,https://animehistory.org/uploads/screencaps/outlaw-star-E022-Gravity-Jailbreak/cap_00-06-03_740e.jpg,Outlaw Star Ep 22: Gravity Jailbreak @ 00:06:03,https://animehistory.org/gallery/screencaps/outlaw-star/episode-22/,https://animehistory.org/gallery/screencaps/outlaw-star/episode-22/,1,2026-10-07T01:50:22.673443+00:00,676f3cfabbb57602123c689e487be1880079bcaae093a3e233cd93d6297a5cc5,,UNVERIFIED
EP-22,Gravity Jailbreak,00:06:06,366,854280,https://animehistory.org/uploads/screencaps/outlaw-star-E022-Gravity-Jailbreak/cap_00-06-06_51db.jpg,Outlaw Star Ep 22: Gravity Jailbreak @ 00:06:06,https://animehistory.org/gallery/screencaps/outlaw-star/episode-22/,https://animehistory.org/gallery/screencaps/outlaw-star/episode-22/,1,2026-10-07T01:50:22.673443+00:00,676f3cfabbb57602123c689e487be1880079bcaae093a3e233cd93d6297a5cc5,,UNVERIFIED
EP-22,Gravity Jailbreak,00:06:10,370,854281,https://animehistory.org/uploads/screencaps/outlaw-star-E022-Gravity-Jailbreak/cap_00-06-10_5d5d.jpg,Outlaw Star Ep 22: Gravity Jailbreak @ 00:06:10,https://animehistory.org/gallery/screencaps/outlaw-star/episode-22/,https://animehistory.org/gallery/screencaps/outlaw-star/episode-22/,1,2026-10-07T01:50:22.673443+00:00,676f3cfabbb57602123c689e487be1880079bcaae093a3e233cd93d6297a5cc5,,UNVERIFIED
EP-22,Gravity Jailbreak,00:06:14,374,854282,https://animehistory.org/uploads/screencaps/outlaw-star-E022-Gravity-Jailbreak/cap_00-06-14_45b5.jpg,Outlaw Star Ep 22: Gravity Jailbreak @ 00:06:14,https://animehistory.org/gallery/screencaps/outlaw-star/episode-22/,https://animehistory.org/gallery/screencaps/outlaw-star/episode-22/,1,2026-10-07T01:50:22.673443+00:00,676f3cfabbb57602123c689e487be1880079bcaae093a3e233cd93d6297a5cc5,,UNVERIFIED
EP-22,Gravity Jailbreak,00:06:17,377,854283,https://animehistory.org/uploads/screencaps/outlaw-star-E022-Gravity-Jailbreak/cap_00-06-17_6782.jpg,Outlaw Star Ep 22: Gravity Jailbreak @ 00:06:17,https://animehistory.org/gallery/screencaps/outlaw-star/episode-22/,https://animehistory.org/gallery/screencaps/outlaw-star/episode-22/,1,2026-10-07T01:50:22.673443+00:00,676f3cfabbb57602123c689e487be1880079bcaae093a3e233cd93d6297a5cc5,,UNVERIFIED
EP-22,Gravity Jailbreak,00:06:21,381,854284,https://animehistory.org/uploads/screencaps/outlaw-star-E022-Gravity-Jailbreak/cap_00-06-21_0ad6.jpg,Outlaw Star Ep 22: Gravity Jailbreak @ 00:06:21,https://animehistory.org/gallery/screencaps/outlaw-star/episode-22/,https://animehistory.org/gallery/screencaps/outlaw-star/episode-22/,1,2026-10-07T01:50:22.673443+00:00,676f3cfabbb57602123c689e487be1880079bcaae093a3e233cd93d6297a5cc5,,UNVERIFIED
EP-22,Gravity Jailbreak,00:06:24,384,854285,https://animehistory.org/uploads/screencaps/outlaw-star-E022-Gravity-Jailbreak/cap_00-06-24_5abd.jpg,Outlaw Star Ep 22: Gravity Jailbreak @ 00:06:24,https://animehistory.org/gallery/screencaps/outlaw-star/episode-22/,https://animehistory.org/gallery/screencaps/outlaw-star/episode-22/,1,2026-10-07T01:50:22.673443+00:00,676f3cfabbb57602123c689e487be1880079bcaae093a3e233cd93d6297a5cc5,,UNVERIFIED
EP-22,Gravity Jailbreak,00:06:28,388,854286,https://animehistory.org/uploads/screencaps/outlaw-star-E022-Gravity-Jailbreak/cap_00-06-28_5de9.jpg,Outlaw Star Ep 22: Gravity Jailbreak @ 00:06:28,https://animehistory.org/gallery/screencaps/outlaw-star/episode-22/,https://animehistory.org/gallery/screencaps/outlaw-star/episode-22/,1,2026-10-07T01:50:22.673443+00:00,676f3cfabbb57602123c689e487be1880079bcaae093a3e233cd93d6297a5cc5,,UNVERIFIED
EP-22,Gravity Jailbreak,00:06:32,392,854287,https://animehistory.org/uploads/screencaps/outlaw-star-E022-Gravity-Jailbreak/cap_00-06-32_1e8b.jpg,Outlaw Star Ep 22: Gravity Jailbreak @ 00:06:32,https://animehistory.org/gallery/screencaps/outlaw-star/episode-22/,https://animehistory.org/gallery/screencaps/outlaw-star/episode-22/,1,2026-10-07T01:50:22.673443+00:00,676f3cfabbb57602123c689e487be1880079bcaae093a3e233cd93d6297a5cc5,,UNVERIFIED
EP-22,Gravity Jailbreak,00:06:35,395,854288,https://animehistory.org/uploads/screencaps/outlaw-star-E022-Gravity-Jailbreak/cap_00-06-35_45b9.jpg,Outlaw Star Ep 22: Gravity Jailbreak @ 00:06:35,https://animehistory.org/gallery/screencaps/outlaw-star/episode-22/,https://animehistory.org/gallery/screencaps/outlaw-star/episode-22/,1,2026-10-07T01:50:22.673443+00:00,676f3cfabbb57602123c689e487be1880079bcaae093a3e233cd93d6297a5cc5,,UNVERIFIED
EP-22,Gravity Jailbreak,00:06:39,399,854289,https://animehistory.org/uploads/screencaps/outlaw-star-E022-Gravity-Jailbreak/cap_00-06-39_77f3.jpg,Outlaw Star Ep 22: Gravity Jailbreak @ 00:06:39,https://animehistory.org/gallery/screencaps/outlaw-star/episode-22/,https://animehistory.org/gallery/screencaps/outlaw-star/episode-22/,1,2026-10-07T01:50:22.673443+00:00,676f3cfabbb57602123c689e487be1880079bcaae093a3e233cd93d6297a5cc5,,UNVERIFIED
EP-22,Gravity Jailbreak,00:06:42,402,854290,https://animehistory.org/uploads/screencaps/outlaw-star-E022-Gravity-Jailbreak/cap_00-06-42_78a1.jpg,Outlaw Star Ep 22: Gravity Jailbreak @ 00:06:42,https://animehistory.org/gallery/screencaps/outlaw-star/episode-22/,https://animehistory.org/gallery/screencaps/outlaw-star/episode-22/,1,2026-10-07T01:50:22.673443+00:00,676f3cfabbb57602123c689e487be1880079bcaae093a3e233cd93d6297a5cc5,,UNVERIFIED
EP-22,Gravity Jailbreak,00:06:46,406,854291,https://animehistory.org/uploads/screencaps/outlaw-star-E022-Gravity-Jailbreak/cap_00-06-46_78d4.jpg,Outlaw Star Ep 22: Gravity Jailbreak @ 00:06:46,https://animehistory.org/gallery/screencaps/outlaw-star/episode-22/,https://animehistory.org/gallery/screencaps/outlaw-star/episode-22/,1,2026-10-07T01:50:22.673443+00:00,676f3cfabbb57602123c689e487be1880079bcaae093a3e233cd93d6297a5cc5,,UNVERIFIED
EP-22,Gravity Jailbreak,00:06:50,410,854292,https://animehistory.org/uploads/screencaps/outlaw-star-E022-Gravity-Jailbreak/cap_00-06-50_798e.jpg,Outlaw Star Ep 22: Gravity Jailbreak @ 00:06:50,https://animehistory.org/gallery/screencaps/outlaw-star/episode-22/,https://animehistory.org/gallery/screencaps/outlaw-star/episode-22/,1,2026-10-07T01:50:22.673443+00:00,676f3cfabbb57602123c689e487be1880079bcaae093a3e233cd93d6297a5cc5,,UNVERIFIED
EP-22,Gravity Jailbreak,00:06:53,413,854293,https://animehistory.org/uploads/screencaps/outlaw-star-E022-Gravity-Jailbreak/cap_00-06-53_6b7f.jpg,Outlaw Star Ep 22: Gravity Jailbreak @ 00:06:53,https://animehistory.org/gallery/screencaps/outlaw-star/episode-22/,https://animehistory.org/gallery/screencaps/outlaw-star/episode-22/,1,2026-10-07T01:50:22.673443+00:00,676f3cfabbb57602123c689e487be1880079bcaae093a3e233cd93d6297a5cc5,,UNVERIFIED
EP-22,Gravity Jailbreak,00:06:57,417,854294,https://animehistory.org/uploads/screencaps/outlaw-star-E022-Gravity-Jailbreak/cap_00-06-57_4783.jpg,Outlaw Star Ep 22: Gravity Jailbreak @ 00:06:57,https://animehistory.org/gallery/screencaps/outlaw-star/episode-22/,https://animehistory.org/gallery/screencaps/outlaw-star/episode-22/,1,2026-10-07T01:50:22.673443+00:00,676f3cfabbb57602123c689e487be1880079bcaae093a3e233cd93d6297a5cc5,,UNVERIFIED
EP-22,Gravity Jailbreak,00:07:00,420,854295,https://animehistory.org/uploads/screencaps/outlaw-star-E022-Gravity-Jailbreak/cap_00-07-00_09a2.jpg,Outlaw Star Ep 22: Gravity Jailbreak @ 00:07:00,https://animehistory.org/gallery/screencaps/outlaw-star/episode-22/,https://animehistory.org/gallery/screencaps/outlaw-star/episode-22/,1,2026-10-07T01:50:22.673443+00:00,676f3cfabbb57602123c689e487be1880079bcaae093a3e233cd93d6297a5cc5,,UNVERIFIED
EP-22,Gravity Jailbreak,00:07:04,424,854296,https://animehistory.org/uploads/screencaps/outlaw-star-E022-Gravity-Jailbreak/cap_00-07-04_0ade.jpg,Outlaw Star Ep 22: Gravity Jailbreak @ 00:07:04,https://animehistory.org/gallery/screencaps/outlaw-star/episode-22/,https://animehistory.org/gallery/screencaps/outlaw-star/episode-22/,1,2026-10-07T01:50:22.673443+00:00,676f3cfabbb57602123c689e487be1880079bcaae093a3e233cd93d6297a5cc5,,UNVERIFIED
EP-22,Gravity Jailbreak,00:07:08,428,854297,https://animehistory.org/uploads/screencaps/outlaw-star-E022-Gravity-Jailbreak/cap_00-07-08_055d.jpg,Outlaw Star Ep 22: Gravity Jailbreak @ 00:07:08,https://animehistory.org/gallery/screencaps/outlaw-star/episode-22/,https://animehistory.org/gallery/screencaps/outlaw-star/episode-22/,1,2026-10-07T01:50:22.673443+00:00,676f3cfabbb57602123c689e487be1880079bcaae093a3e233cd93d6297a5cc5,,UNVERIFIED
EP-22,Gravity Jailbreak,00:07:11,431,854298,https://animehistory.org/uploads/screencaps/outlaw-star-E022-Gravity-Jailbreak/cap_00-07-11_6433.jpg,Outlaw Star Ep 22: Gravity Jailbreak @ 00:07:11,https://animehistory.org/gallery/screencaps/outlaw-star/episode-22/,https://animehistory.org/gallery/screencaps/outlaw-star/episode-22/,1,2026-10-07T01:50:22.673443+00:00,676f3cfabbb57602123c689e487be1880079bcaae093a3e233cd93d6297a5cc5,,UNVERIFIED
EP-22,Gravity Jailbreak,00:07:15,435,854299,https://animehistory.org/uploads/screencaps/outlaw-star-E022-Gravity-Jailbreak/cap_00-07-15_2eab.jpg,Outlaw Star Ep 22: Gravity Jailbreak @ 00:07:15,https://animehistory.org/gallery/screencaps/outlaw-star/episode-22/,https://animehistory.org/gallery/screencaps/outlaw-star/episode-22/,1,2026-10-07T01:50:22.673443+00:00,676f3cfabbb57602123c689e487be1880079bcaae093a3e233cd93d6297a5cc5,,UNVERIFIED
EP-22,Gravity Jailbreak,00:07:18,438,854300,https://animehistory.org/uploads/screencaps/outlaw-star-E022-Gravity-Jailbreak/cap_00-07-18_7bde.jpg,Outlaw Star Ep 22: Gravity Jailbreak @ 00:07:18,https://animehistory.org/gallery/screencaps/outlaw-star/episode-22/,https://animehistory.org/gallery/screencaps/outlaw-star/episode-22/,1,2026-10-07T01:50:22.673443+00:00,676f3cfabbb57602123c689e487be1880079bcaae093a3e233cd93d6297a5cc5,,UNVERIFIED
EP-22,Gravity Jailbreak,00:07:22,442,854301,https://animehistory.org/uploads/screencaps/outlaw-star-E022-Gravity-Jailbreak/cap_00-07-22_3b8c.jpg,Outlaw Star Ep 22: Gravity Jailbreak @ 00:07:22,https://animehistory.org/gallery/screencaps/outlaw-star/episode-22/,https://animehistory.org/gallery/screencaps/outlaw-star/episode-22/,1,2026-10-07T01:50:22.673443+00:00,676f3cfabbb57602123c689e487be1880079bcaae093a3e233cd93d6297a5cc5,,UNVERIFIED
EP-22,Gravity Jailbreak,00:07:26,446,854302,https://animehistory.org/uploads/screencaps/outlaw-star-E022-Gravity-Jailbreak/cap_00-07-26_5270.jpg,Outlaw Star Ep 22: Gravity Jailbreak @ 00:07:26,https://animehistory.org/gallery/screencaps/outlaw-star/episode-22/,https://animehistory.org/gallery/screencaps/outlaw-star/episode-22/,1,2026-10-07T01:50:22.673443+00:00,676f3cfabbb57602123c689e487be1880079bcaae093a3e233cd93d6297a5cc5,,UNVERIFIED
EP-22,Gravity Jailbreak,00:07:29,449,854303,https://animehistory.org/uploads/screencaps/outlaw-star-E022-Gravity-Jailbreak/cap_00-07-29_229d.jpg,Outlaw Star Ep 22: Gravity Jailbreak @ 00:07:29,https://animehistory.org/gallery/screencaps/outlaw-star/episode-22/,https://animehistory.org/gallery/screencaps/outlaw-star/episode-22/,1,2026-10-07T01:50:22.673443+00:00,676f3cfabbb57602123c689e487be1880079bcaae093a3e233cd93d6297a5cc5,,UNVERIFIED
EP-22,Gravity Jailbreak,00:07:33,453,854304,https://animehistory.org/uploads/screencaps/outlaw-star-E022-Gravity-Jailbreak/cap_00-07-33_2c8f.jpg,Outlaw Star Ep 22: Gravity Jailbreak @ 00:07:33,https://animehistory.org/gallery/screencaps/outlaw-star/episode-22/,https://animehistory.org/gallery/screencaps/outlaw-star/episode-22/,1,2026-10-07T01:50:22.673443+00:00,676f3cfabbb57602123c689e487be1880079bcaae093a3e233cd93d6297a5cc5,,UNVERIFIED
EP-22,Gravity Jailbreak,00:07:36,456,854305,https://animehistory.org/uploads/screencaps/outlaw-star-E022-Gravity-Jailbreak/cap_00-07-36_2c29.jpg,Outlaw Star Ep 22: Gravity Jailbreak @ 00:07:36,https://animehistory.org/gallery/screencaps/outlaw-star/episode-22/,https://animehistory.org/gallery/screencaps/outlaw-star/episode-22/,1,2026-10-07T01:50:22.673443+00:00,676f3cfabbb57602123c689e487be1880079bcaae093a3e233cd93d6297a5cc5,,UNVERIFIED
EP-22,Gravity Jailbreak,00:07:40,460,854306,https://animehistory.org/uploads/screencaps/outlaw-star-E022-Gravity-Jailbreak/cap_00-07-40_55f6.jpg,Outlaw Star Ep 22: Gravity Jailbreak @ 00:07:40,https://animehistory.org/gallery/screencaps/outlaw-star/episode-22/,https://animehistory.org/gallery/screencaps/outlaw-star/episode-22/,1,2026-10-07T01:50:22.673443+00:00,676f3cfabbb57602123c689e487be1880079bcaae093a3e233cd93d6297a5cc5,,UNVERIFIED
EP-22,Gravity Jailbreak,00:07:44,464,854307,https://animehistory.org/uploads/screencaps/outlaw-star-E022-Gravity-Jailbreak/cap_00-07-44_1aaf.jpg,Outlaw Star Ep 22: Gravity Jailbreak @ 00:07:44,https://animehistory.org/gallery/screencaps/outlaw-star/episode-22/,https://animehistory.org/gallery/screencaps/outlaw-star/episode-22/?page=2,2,2026-10-07T01:50:24.002890+00:00,17784ce547298567b4893768dcaf685177af1a7956e8d3cac523c6bac292a8b2,,UNVERIFIED
EP-22,Gravity Jailbreak,00:07:47,467,854308,https://animehistory.org/uploads/screencaps/outlaw-star-E022-Gravity-Jailbreak/cap_00-07-47_747d.jpg,Outlaw Star Ep 22: Gravity Jailbreak @ 00:07:47,https://animehistory.org/gallery/screencaps/outlaw-star/episode-22/,https://animehistory.org/gallery/screencaps/outlaw-star/episode-22/?page=2,2,2026-10-07T01:50:24.002890+00:00,17784ce547298567b4893768dcaf685177af1a7956e8d3cac523c6bac292a8b2,,UNVERIFIED
EP-22,Gravity Jailbreak,00:07:51,471,854309,https://animehistory.org/uploads/screencaps/outlaw-star-E022-Gravity-Jailbreak/cap_00-07-51_7b15.jpg,Outlaw Star Ep 22: Gravity Jailbreak @ 00:07:51,https://animehistory.org/gallery/screencaps/outlaw-star/episode-22/,https://animehistory.org/gallery/screencaps/outlaw-star/episode-22/?page=2,2,2026-10-07T01:50:24.002890+00:00,17784ce547298567b4893768dcaf685177af1a7956e8d3cac523c6bac292a8b2,,UNVERIFIED
EP-22,Gravity Jailbreak,00:07:54,474,854310,https://animehistory.org/uploads/screencaps/outlaw-star-E022-Gravity-Jailbreak/cap_00-07-54_1af5.jpg,Outlaw Star Ep 22: Gravity Jailbreak @ 00:07:54,https://animehistory.org/gallery/screencaps/outlaw-star/episode-22/,https://animehistory.org/gallery/screencaps/outlaw-star/episode-22/?page=2,2,2026-10-07T01:50:24.002890+00:00,17784ce547298567b4893768dcaf685177af1a7956e8d3cac523c6bac292a8b2,,UNVERIFIED
EP-22,Gravity Jailbreak,00:07:58,478,854311,https://animehistory.org/uploads/screencaps/outlaw-star-E022-Gravity-Jailbreak/cap_00-07-58_24e4.jpg,Outlaw Star Ep 22: Gravity Jailbreak @ 00:07:58,https://animehistory.org/gallery/screencaps/outlaw-star/episode-22/,https://animehistory.org/gallery/screencaps/outlaw-star/episode-22/?page=2,2,2026-10-07T01:50:24.002890+00:00,17784ce547298567b4893768dcaf685177af1a7956e8d3cac523c6bac292a8b2,,UNVERIFIED
EP-22,Gravity Jailbreak,00:08:02,482,854312,https://animehistory.org/uploads/screencaps/outlaw-star-E022-Gravity-Jailbreak/cap_00-08-02_088a.jpg,Outlaw Star Ep 22: Gravity Jailbreak @ 00:08:02,https://animehistory.org/gallery/screencaps/outlaw-star/episode-22/,https://animehistory.org/gallery/screencaps/outlaw-star/episode-22/?page=2,2,2026-10-07T01:50:24.002890+00:00,17784ce547298567b4893768dcaf685177af1a7956e8d3cac523c6bac292a8b2,,UNVERIFIED
EP-22,Gravity Jailbreak,00:08:05,485,854313,https://animehistory.org/uploads/screencaps/outlaw-star-E022-Gravity-Jailbreak/cap_00-08-05_6c03.jpg,Outlaw Star Ep 22: Gravity Jailbreak @ 00:08:05,https://animehistory.org/gallery/screencaps/outlaw-star/episode-22/,https://animehistory.org/gallery/screencaps/outlaw-star/episode-22/?page=2,2,2026-10-07T01:50:24.002890+00:00,17784ce547298567b4893768dcaf685177af1a7956e8d3cac523c6bac292a8b2,,UNVERIFIED
EP-22,Gravity Jailbreak,00:08:09,489,854314,https://animehistory.org/uploads/screencaps/outlaw-star-E022-Gravity-Jailbreak/cap_00-08-09_200d.jpg,Outlaw Star Ep 22: Gravity Jailbreak @ 00:08:09,https://animehistory.org/gallery/screencaps/outlaw-star/episode-22/,https://animehistory.org/gallery/screencaps/outlaw-star/episode-22/?page=2,2,2026-10-07T01:50:24.002890+00:00,17784ce547298567b4893768dcaf685177af1a7956e8d3cac523c6bac292a8b2,,UNVERIFIED
EP-22,Gravity Jailbreak,00:08:13,493,854315,https://animehistory.org/uploads/screencaps/outlaw-star-E022-Gravity-Jailbreak/cap_00-08-13_4461.jpg,Outlaw Star Ep 22: Gravity Jailbreak @ 00:08:13,https://animehistory.org/gallery/screencaps/outlaw-star/episode-22/,https://animehistory.org/gallery/screencaps/outlaw-star/episode-22/?page=2,2,2026-10-07T01:50:24.002890+00:00,17784ce547298567b4893768dcaf685177af1a7956e8d3cac523c6bac292a8b2,,UNVERIFIED
EP-22,Gravity Jailbreak,00:08:16,496,854316,https://animehistory.org/uploads/screencaps/outlaw-star-E022-Gravity-Jailbreak/cap_00-08-16_2e45.jpg,Outlaw Star Ep 22: Gravity Jailbreak @ 00:08:16,https://animehistory.org/gallery/screencaps/outlaw-star/episode-22/,https://animehistory.org/gallery/screencaps/outlaw-star/episode-22/?page=2,2,2026-10-07T01:50:24.002890+00:00,17784ce547298567b4893768dcaf685177af1a7956e8d3cac523c6bac292a8b2,,UNVERIFIED
EP-22,Gravity Jailbreak,00:08:20,500,854317,https://animehistory.org/uploads/screencaps/outlaw-star-E022-Gravity-Jailbreak/cap_00-08-20_16d2.jpg,Outlaw Star Ep 22: Gravity Jailbreak @ 00:08:20,https://animehistory.org/gallery/screencaps/outlaw-star/episode-22/,https://animehistory.org/gallery/screencaps/outlaw-star/episode-22/?page=2,2,2026-10-07T01:50:24.002890+00:00,17784ce547298567b4893768dcaf685177af1a7956e8d3cac523c6bac292a8b2,,UNVERIFIED
EP-22,Gravity Jailbreak,00:08:23,503,854318,https://animehistory.org/uploads/screencaps/outlaw-star-E022-Gravity-Jailbreak/cap_00-08-23_011c.jpg,Outlaw Star Ep 22: Gravity Jailbreak @ 00:08:23,https://animehistory.org/gallery/screencaps/outlaw-star/episode-22/,https://animehistory.org/gallery/screencaps/outlaw-star/episode-22/?page=2,2,2026-10-07T01:50:24.002890+00:00,17784ce547298567b4893768dcaf685177af1a7956e8d3cac523c6bac292a8b2,,UNVERIFIED
EP-22,Gravity Jailbreak,00:08:27,507,854319,https://animehistory.org/uploads/screencaps/outlaw-star-E022-Gravity-Jailbreak/cap_00-08-27_08b5.jpg,Outlaw Star Ep 22: Gravity Jailbreak @ 00:08:27,https://animehistory.org/gallery/screencaps/outlaw-star/episode-22/,https://animehistory.org/gallery/screencaps/outlaw-star/episode-22/?page=2,2,2026-10-07T01:50:24.002890+00:00,17784ce547298567b4893768dcaf685177af1a7956e8d3cac523c6bac292a8b2,,UNVERIFIED
EP-22,Gravity Jailbreak,00:08:31,511,854320,https://animehistory.org/uploads/screencaps/outlaw-star-E022-Gravity-Jailbreak/cap_00-08-31_31f3.jpg,Outlaw Star Ep 22: Gravity Jailbreak @ 00:08:31,https://animehistory.org/gallery/screencaps/outlaw-star/episode-22/,https://animehistory.org/gallery/screencaps/outlaw-star/episode-22/?page=2,2,2026-10-07T01:50:24.002890+00:00,17784ce547298567b4893768dcaf685177af1a7956e8d3cac523c6bac292a8b2,,UNVERIFIED
EP-22,Gravity Jailbreak,00:08:34,514,854321,https://animehistory.org/uploads/screencaps/outlaw-star-E022-Gravity-Jailbreak/cap_00-08-34_4b52.jpg,Outlaw Star Ep 22: Gravity Jailbreak @ 00:08:34,https://animehistory.org/gallery/screencaps/outlaw-star/episode-22/,https://animehistory.org/gallery/screencaps/outlaw-star/episode-22/?page=2,2,2026-10-07T01:50:24.002890+00:00,17784ce547298567b4893768dcaf685177af1a7956e8d3cac523c6bac292a8b2,,UNVERIFIED
EP-22,Gravity Jailbreak,00:08:38,518,854322,https://animehistory.org/uploads/screencaps/outlaw-star-E022-Gravity-Jailbreak/cap_00-08-38_5c55.jpg,Outlaw Star Ep 22: Gravity Jailbreak @ 00:08:38,https://animehistory.org/gallery/screencaps/outlaw-star/episode-22/,https://animehistory.org/gallery/screencaps/outlaw-star/episode-22/?page=2,2,2026-10-07T01:50:24.002890+00:00,17784ce547298567b4893768dcaf685177af1a7956e8d3cac523c6bac292a8b2,,UNVERIFIED
EP-22,Gravity Jailbreak,00:08:41,521,854323,https://animehistory.org/uploads/screencaps/outlaw-star-E022-Gravity-Jailbreak/cap_00-08-41_614c.jpg,Outlaw Star Ep 22: Gravity Jailbreak @ 00:08:41,https://animehistory.org/gallery/screencaps/outlaw-star/episode-22/,https://animehistory.org/gallery/screencaps/outlaw-star/episode-22/?page=2,2,2026-10-07T01:50:24.002890+00:00,17784ce547298567b4893768dcaf685177af1a7956e8d3cac523c6bac292a8b2,,UNVERIFIED
EP-22,Gravity Jailbreak,00:08:45,525,854324,https://animehistory.org/uploads/screencaps/outlaw-star-E022-Gravity-Jailbreak/cap_00-08-45_0b01.jpg,Outlaw Star Ep 22: Gravity Jailbreak @ 00:08:45,https://animehistory.org/gallery/screencaps/outlaw-star/episode-22/,https://animehistory.org/gallery/screencaps/outlaw-star/episode-22/?page=2,2,2026-10-07T01:50:24.002890+00:00,17784ce547298567b4893768dcaf685177af1a7956e8d3cac523c6bac292a8b2,,UNVERIFIED
EP-22,Gravity Jailbreak,00:08:49,529,854325,https://animehistory.org/uploads/screencaps/outlaw-star-E022-Gravity-Jailbreak/cap_00-08-49_05af.jpg,Outlaw Star Ep 22: Gravity Jailbreak @ 00:08:49,https://animehistory.org/gallery/screencaps/outlaw-star/episode-22/,https://animehistory.org/gallery/screencaps/outlaw-star/episode-22/?page=2,2,2026-10-07T01:50:24.002890+00:00,17784ce547298567b4893768dcaf685177af1a7956e8d3cac523c6bac292a8b2,,UNVERIFIED
EP-22,Gravity Jailbreak,00:08:52,532,854326,https://animehistory.org/uploads/screencaps/outlaw-star-E022-Gravity-Jailbreak/cap_00-08-52_3f09.jpg,Outlaw Star Ep 22: Gravity Jailbreak @ 00:08:52,https://animehistory.org/gallery/screencaps/outlaw-star/episode-22/,https://animehistory.org/gallery/screencaps/outlaw-star/episode-22/?page=2,2,2026-10-07T01:50:24.002890+00:00,17784ce547298567b4893768dcaf685177af1a7956e8d3cac523c6bac292a8b2,,UNVERIFIED
EP-22,Gravity Jailbreak,00:08:56,536,854327,https://animehistory.org/uploads/screencaps/outlaw-star-E022-Gravity-Jailbreak/cap_00-08-56_4e1b.jpg,Outlaw Star Ep 22: Gravity Jailbreak @ 00:08:56,https://animehistory.org/gallery/screencaps/outlaw-star/episode-22/,https://animehistory.org/gallery/screencaps/outlaw-star/episode-22/?page=2,2,2026-10-07T01:50:24.002890+00:00,17784ce547298567b4893768dcaf685177af1a7956e8d3cac523c6bac292a8b2,,UNVERIFIED
EP-22,Gravity Jailbreak,00:08:59,539,854328,https://animehistory.org/uploads/screencaps/outlaw-star-E022-Gravity-Jailbreak/cap_00-08-59_0846.jpg,Outlaw Star Ep 22: Gravity Jailbreak @ 00:08:59,https://animehistory.org/gallery/screencaps/outlaw-star/episode-22/,https://animehistory.org/gallery/screencaps/outlaw-star/episode-22/?page=2,2,2026-10-07T01:50:24.002890+00:00,17784ce547298567b4893768dcaf685177af1a7956e8d3cac523c6bac292a8b2,,UNVERIFIED
EP-22,Gravity Jailbreak,00:09:03,543,854329,https://animehistory.org/uploads/screencaps/outlaw-star-E022-Gravity-Jailbreak/cap_00-09-03_2199.jpg,Outlaw Star Ep 22: Gravity Jailbreak @ 00:09:03,https://animehistory.org/gallery/screencaps/outlaw-star/episode-22/,https://animehistory.org/gallery/screencaps/outlaw-star/episode-22/?page=2,2,2026-10-07T01:50:24.002890+00:00,17784ce547298567b4893768dcaf685177af1a7956e8d3cac523c6bac292a8b2,,UNVERIFIED
EP-22,Gravity Jailbreak,00:09:07,547,854330,https://animehistory.org/uploads/screencaps/outlaw-star-E022-Gravity-Jailbreak/cap_00-09-07_7751.jpg,Outlaw Star Ep 22: Gravity Jailbreak @ 00:09:07,https://animehistory.org/gallery/screencaps/outlaw-star/episode-22/,https://animehistory.org/gallery/screencaps/outlaw-star/episode-22/?page=2,2,2026-10-07T01:50:24.002890+00:00,17784ce547298567b4893768dcaf685177af1a7956e8d3cac523c6bac292a8b2,,UNVERIFIED
EP-22,Gravity Jailbreak,00:09:10,550,854331,https://animehistory.org/uploads/screencaps/outlaw-star-E022-Gravity-Jailbreak/cap_00-09-10_0bcd.jpg,Outlaw Star Ep 22: Gravity Jailbreak @ 00:09:10,https://animehistory.org/gallery/screencaps/outlaw-star/episode-22/,https://animehistory.org/gallery/screencaps/outlaw-star/episode-22/?page=2,2,2026-10-07T01:50:24.002890+00:00,17784ce547298567b4893768dcaf685177af1a7956e8d3cac523c6bac292a8b2,,UNVERIFIED
EP-22,Gravity Jailbreak,00:09:14,554,854332,https://animehistory.org/uploads/screencaps/outlaw-star-E022-Gravity-Jailbreak/cap_00-09-14_6096.jpg,Outlaw Star Ep 22: Gravity Jailbreak @ 00:09:14,https://animehistory.org/gallery/screencaps/outlaw-star/episode-22/,https://animehistory.org/gallery/screencaps/outlaw-star/episode-22/?page=2,2,2026-10-07T01:50:24.002890+00:00,17784ce547298567b4893768dcaf685177af1a7956e8d3cac523c6bac292a8b2,,UNVERIFIED
EP-22,Gravity Jailbreak,00:09:17,557,854333,https://animehistory.org/uploads/screencaps/outlaw-star-E022-Gravity-Jailbreak/cap_00-09-17_1423.jpg,Outlaw Star Ep 22: Gravity Jailbreak @ 00:09:17,https://animehistory.org/gallery/screencaps/outlaw-star/episode-22/,https://animehistory.org/gallery/screencaps/outlaw-star/episode-22/?page=2,2,2026-10-07T01:50:24.002890+00:00,17784ce547298567b4893768dcaf685177af1a7956e8d3cac523c6bac292a8b2,,UNVERIFIED
EP-22,Gravity Jailbreak,00:09:21,561,854334,https://animehistory.org/uploads/screencaps/outlaw-star-E022-Gravity-Jailbreak/cap_00-09-21_389f.jpg,Outlaw Star Ep 22: Gravity Jailbreak @ 00:09:21,https://animehistory.org/gallery/screencaps/outlaw-star/episode-22/,https://animehistory.org/gallery/screencaps/outlaw-star/episode-22/?page=2,2,2026-10-07T01:50:24.002890+00:00,17784ce547298567b4893768dcaf685177af1a7956e8d3cac523c6bac292a8b2,,UNVERIFIED
EP-22,Gravity Jailbreak,00:09:25,565,854335,https://animehistory.org/uploads/screencaps/outlaw-star-E022-Gravity-Jailbreak/cap_00-09-25_307d.jpg,Outlaw Star Ep 22: Gravity Jailbreak @ 00:09:25,https://animehistory.org/gallery/screencaps/outlaw-star/episode-22/,https://animehistory.org/gallery/screencaps/outlaw-star/episode-22/?page=2,2,2026-10-07T01:50:24.002890+00:00,17784ce547298567b4893768dcaf685177af1a7956e8d3cac523c6bac292a8b2,,UNVERIFIED
EP-22,Gravity Jailbreak,00:09:28,568,854336,https://animehistory.org/uploads/screencaps/outlaw-star-E022-Gravity-Jailbreak/cap_00-09-28_4b4f.jpg,Outlaw Star Ep 22: Gravity Jailbreak @ 00:09:28,https://animehistory.org/gallery/screencaps/outlaw-star/episode-22/,https://animehistory.org/gallery/screencaps/outlaw-star/episode-22/?page=2,2,2026-10-07T01:50:24.002890+00:00,17784ce547298567b4893768dcaf685177af1a7956e8d3cac523c6bac292a8b2,,UNVERIFIED
EP-22,Gravity Jailbreak,00:09:32,572,854337,https://animehistory.org/uploads/screencaps/outlaw-star-E022-Gravity-Jailbreak/cap_00-09-32_2172.jpg,Outlaw Star Ep 22: Gravity Jailbreak @ 00:09:32,https://animehistory.org/gallery/screencaps/outlaw-star/episode-22/,https://animehistory.org/gallery/screencaps/outlaw-star/episode-22/?page=2,2,2026-10-07T01:50:24.002890+00:00,17784ce547298567b4893768dcaf685177af1a7956e8d3cac523c6bac292a8b2,,UNVERIFIED
EP-22,Gravity Jailbreak,00:09:35,575,854338,https://animehistory.org/uploads/screencaps/outlaw-star-E022-Gravity-Jailbreak/cap_00-09-35_7850.jpg,Outlaw Star Ep 22: Gravity Jailbreak @ 00:09:35,https://animehistory.org/gallery/screencaps/outlaw-star/episode-22/,https://animehistory.org/gallery/screencaps/outlaw-star/episode-22/?page=2,2,2026-10-07T01:50:24.002890+00:00,17784ce547298567b4893768dcaf685177af1a7956e8d3cac523c6bac292a8b2,,UNVERIFIED
EP-22,Gravity Jailbreak,00:09:39,579,854339,https://animehistory.org/uploads/screencaps/outlaw-star-E022-Gravity-Jailbreak/cap_00-09-39_56f8.jpg,Outlaw Star Ep 22: Gravity Jailbreak @ 00:09:39,https://animehistory.org/gallery/screencaps/outlaw-star/episode-22/,https://animehistory.org/gallery/screencaps/outlaw-star/episode-22/?page=2,2,2026-10-07T01:50:24.002890+00:00,17784ce547298567b4893768dcaf685177af1a7956e8d3cac523c6bac292a8b2,,UNVERIFIED
EP-22,Gravity Jailbreak,00:09:43,583,854340,https://animehistory.org/uploads/screencaps/outlaw-star-E022-Gravity-Jailbreak/cap_00-09-43_4d5b.jpg,Outlaw Star Ep 22: Gravity Jailbreak @ 00:09:43,https://animehistory.org/gallery/screencaps/outlaw-star/episode-22/,https://animehistory.org/gallery/screencaps/outlaw-star/episode-22/?page=2,2,2026-10-07T01:50:24.002890+00:00,17784ce547298567b4893768dcaf685177af1a7956e8d3cac523c6bac292a8b2,,UNVERIFIED
EP-22,Gravity Jailbreak,00:09:46,586,854341,https://animehistory.org/uploads/screencaps/outlaw-star-E022-Gravity-Jailbreak/cap_00-09-46_69c6.jpg,Outlaw Star Ep 22: Gravity Jailbreak @ 00:09:46,https://animehistory.org/gallery/screencaps/outlaw-star/episode-22/,https://animehistory.org/gallery/screencaps/outlaw-star/episode-22/?page=2,2,2026-10-07T01:50:24.002890+00:00,17784ce547298567b4893768dcaf685177af1a7956e8d3cac523c6bac292a8b2,,UNVERIFIED
EP-22,Gravity Jailbreak,00:09:50,590,854342,https://animehistory.org/uploads/screencaps/outlaw-star-E022-Gravity-Jailbreak/cap_00-09-50_5a8c.jpg,Outlaw Star Ep 22: Gravity Jailbreak @ 00:09:50,https://animehistory.org/gallery/screencaps/outlaw-star/episode-22/,https://animehistory.org/gallery/screencaps/outlaw-star/episode-22/?page=2,2,2026-10-07T01:50:24.002890+00:00,17784ce547298567b4893768dcaf685177af1a7956e8d3cac523c6bac292a8b2,,UNVERIFIED
EP-22,Gravity Jailbreak,00:09:53,593,854343,https://animehistory.org/uploads/screencaps/outlaw-star-E022-Gravity-Jailbreak/cap_00-09-53_53ee.jpg,Outlaw Star Ep 22: Gravity Jailbreak @ 00:09:53,https://animehistory.org/gallery/screencaps/outlaw-star/episode-22/,https://animehistory.org/gallery/screencaps/outlaw-star/episode-22/?page=2,2,2026-10-07T01:50:24.002890+00:00,17784ce547298567b4893768dcaf685177af1a7956e8d3cac523c6bac292a8b2,,UNVERIFIED
EP-22,Gravity Jailbreak,00:09:57,597,854344,https://animehistory.org/uploads/screencaps/outlaw-star-E022-Gravity-Jailbreak/cap_00-09-57_1d25.jpg,Outlaw Star Ep 22: Gravity Jailbreak @ 00:09:57,https://animehistory.org/gallery/screencaps/outlaw-star/episode-22/,https://animehistory.org/gallery/screencaps/outlaw-star/episode-22/?page=2,2,2026-10-07T01:50:24.002890+00:00,17784ce547298567b4893768dcaf685177af1a7956e8d3cac523c6bac292a8b2,,UNVERIFIED
EP-22,Gravity Jailbreak,00:10:01,601,854345,https://animehistory.org/uploads/screencaps/outlaw-star-E022-Gravity-Jailbreak/cap_00-10-01_1581.jpg,Outlaw Star Ep 22: Gravity Jailbreak @ 00:10:01,https://animehistory.org/gallery/screencaps/outlaw-star/episode-22/,https://animehistory.org/gallery/screencaps/outlaw-star/episode-22/?page=2,2,2026-10-07T01:50:24.002890+00:00,17784ce547298567b4893768dcaf685177af1a7956e8d3cac523c6bac292a8b2,,UNVERIFIED
EP-22,Gravity Jailbreak,00:10:04,604,854346,https://animehistory.org/uploads/screencaps/outlaw-star-E022-Gravity-Jailbreak/cap_00-10-04_5e79.jpg,Outlaw Star Ep 22: Gravity Jailbreak @ 00:10:04,https://animehistory.org/gallery/screencaps/outlaw-star/episode-22/,https://animehistory.org/gallery/screencaps/outlaw-star/episode-22/?page=2,2,2026-10-07T01:50:24.002890+00:00,17784ce547298567b4893768dcaf685177af1a7956e8d3cac523c6bac292a8b2,,UNVERIFIED
EP-22,Gravity Jailbreak,00:10:08,608,854347,https://animehistory.org/uploads/screencaps/outlaw-star-E022-Gravity-Jailbreak/cap_00-10-08_689a.jpg,Outlaw Star Ep 22: Gravity Jailbreak @ 00:10:08,https://animehistory.org/gallery/screencaps/outlaw-star/episode-22/,https://animehistory.org/gallery/screencaps/outlaw-star/episode-22/?page=2,2,2026-10-07T01:50:24.002890+00:00,17784ce547298567b4893768dcaf685177af1a7956e8d3cac523c6bac292a8b2,,UNVERIFIED
EP-22,Gravity Jailbreak,00:10:12,612,854348,https://animehistory.org/uploads/screencaps/outlaw-star-E022-Gravity-Jailbreak/cap_00-10-12_08ee.jpg,Outlaw Star Ep 22: Gravity Jailbreak @ 00:10:12,https://animehistory.org/gallery/screencaps/outlaw-star/episode-22/,https://animehistory.org/gallery/screencaps/outlaw-star/episode-22/?page=2,2,2026-10-07T01:50:24.002890+00:00,17784ce547298567b4893768dcaf685177af1a7956e8d3cac523c6bac292a8b2,,UNVERIFIED
EP-22,Gravity Jailbreak,00:10:15,615,854349,https://animehistory.org/uploads/screencaps/outlaw-star-E022-Gravity-Jailbreak/cap_00-10-15_4017.jpg,Outlaw Star Ep 22: Gravity Jailbreak @ 00:10:15,https://animehistory.org/gallery/screencaps/outlaw-star/episode-22/,https://animehistory.org/gallery/screencaps/outlaw-star/episode-22/?page=2,2,2026-10-07T01:50:24.002890+00:00,17784ce547298567b4893768dcaf685177af1a7956e8d3cac523c6bac292a8b2,,UNVERIFIED
EP-22,Gravity Jailbreak,00:10:19,619,854350,https://animehistory.org/uploads/screencaps/outlaw-star-E022-Gravity-Jailbreak/cap_00-10-19_1d6b.jpg,Outlaw Star Ep 22: Gravity Jailbreak @ 00:10:19,https://animehistory.org/gallery/screencaps/outlaw-star/episode-22/,https://animehistory.org/gallery/screencaps/outlaw-star/episode-22/?page=2,2,2026-10-07T01:50:24.002890+00:00,17784ce547298567b4893768dcaf685177af1a7956e8d3cac523c6bac292a8b2,,UNVERIFIED
EP-22,Gravity Jailbreak,00:10:22,622,854351,https://animehistory.org/uploads/screencaps/outlaw-star-E022-Gravity-Jailbreak/cap_00-10-22_6138.jpg,Outlaw Star Ep 22: Gravity Jailbreak @ 00:10:22,https://animehistory.org/gallery/screencaps/outlaw-star/episode-22/,https://animehistory.org/gallery/screencaps/outlaw-star/episode-22/?page=2,2,2026-10-07T01:50:24.002890+00:00,17784ce547298567b4893768dcaf685177af1a7956e8d3cac523c6bac292a8b2,,UNVERIFIED
EP-22,Gravity Jailbreak,00:10:26,626,854352,https://animehistory.org/uploads/screencaps/outlaw-star-E022-Gravity-Jailbreak/cap_00-10-26_4cd5.jpg,Outlaw Star Ep 22: Gravity Jailbreak @ 00:10:26,https://animehistory.org/gallery/screencaps/outlaw-star/episode-22/,https://animehistory.org/gallery/screencaps/outlaw-star/episode-22/?page=2,2,2026-10-07T01:50:24.002890+00:00,17784ce547298567b4893768dcaf685177af1a7956e8d3cac523c6bac292a8b2,,UNVERIFIED
EP-22,Gravity Jailbreak,00:10:30,630,854353,https://animehistory.org/uploads/screencaps/outlaw-star-E022-Gravity-Jailbreak/cap_00-10-30_5f4b.jpg,Outlaw Star Ep 22: Gravity Jailbreak @ 00:10:30,https://animehistory.org/gallery/screencaps/outlaw-star/episode-22/,https://animehistory.org/gallery/screencaps/outlaw-star/episode-22/?page=2,2,2026-10-07T01:50:24.002890+00:00,17784ce547298567b4893768dcaf685177af1a7956e8d3cac523c6bac292a8b2,,UNVERIFIED
EP-22,Gravity Jailbreak,00:10:33,633,854354,https://animehistory.org/uploads/screencaps/outlaw-star-E022-Gravity-Jailbreak/cap_00-10-33_1cc6.jpg,Outlaw Star Ep 22: Gravity Jailbreak @ 00:10:33,https://animehistory.org/gallery/screencaps/outlaw-star/episode-22/,https://animehistory.org/gallery/screencaps/outlaw-star/episode-22/?page=2,2,2026-10-07T01:50:24.002890+00:00,17784ce547298567b4893768dcaf685177af1a7956e8d3cac523c6bac292a8b2,,UNVERIFIED
EP-22,Gravity Jailbreak,00:10:37,637,854355,https://animehistory.org/uploads/screencaps/outlaw-star-E022-Gravity-Jailbreak/cap_00-10-37_0529.jpg,Outlaw Star Ep 22: Gravity Jailbreak @ 00:10:37,https://animehistory.org/gallery/screencaps/outlaw-star/episode-22/,https://animehistory.org/gallery/screencaps/outlaw-star/episode-22/?page=2,2,2026-10-07T01:50:24.002890+00:00,17784ce547298567b4893768dcaf685177af1a7956e8d3cac523c6bac292a8b2,,UNVERIFIED
EP-22,Gravity Jailbreak,00:10:40,640,854356,https://animehistory.org/uploads/screencaps/outlaw-star-E022-Gravity-Jailbreak/cap_00-10-40_7759.jpg,Outlaw Star Ep 22: Gravity Jailbreak @ 00:10:40,https://animehistory.org/gallery/screencaps/outlaw-star/episode-22/,https://animehistory.org/gallery/screencaps/outlaw-star/episode-22/?page=2,2,2026-10-07T01:50:24.002890+00:00,17784ce547298567b4893768dcaf685177af1a7956e8d3cac523c6bac292a8b2,,UNVERIFIED
EP-22,Gravity Jailbreak,00:10:44,644,854357,https://animehistory.org/uploads/screencaps/outlaw-star-E022-Gravity-Jailbreak/cap_00-10-44_66c7.jpg,Outlaw Star Ep 22: Gravity Jailbreak @ 00:10:44,https://animehistory.org/gallery/screencaps/outlaw-star/episode-22/,https://animehistory.org/gallery/screencaps/outlaw-star/episode-22/?page=2,2,2026-10-07T01:50:24.002890+00:00,17784ce547298567b4893768dcaf685177af1a7956e8d3cac523c6bac292a8b2,,UNVERIFIED
EP-22,Gravity Jailbreak,00:10:48,648,854358,https://animehistory.org/uploads/screencaps/outlaw-star-E022-Gravity-Jailbreak/cap_00-10-48_6a5f.jpg,Outlaw Star Ep 22: Gravity Jailbreak @ 00:10:48,https://animehistory.org/gallery/screencaps/outlaw-star/episode-22/,https://animehistory.org/gallery/screencaps/outlaw-star/episode-22/?page=2,2,2026-10-07T01:50:24.002890+00:00,17784ce547298567b4893768dcaf685177af1a7956e8d3cac523c6bac292a8b2,,UNVERIFIED
EP-22,Gravity Jailbreak,00:10:51,651,854359,https://animehistory.org/uploads/screencaps/outlaw-star-E022-Gravity-Jailbreak/cap_00-10-51_71dd.jpg,Outlaw Star Ep 22: Gravity Jailbreak @ 00:10:51,https://animehistory.org/gallery/screencaps/outlaw-star/episode-22/,https://animehistory.org/gallery/screencaps/outlaw-star/episode-22/?page=2,2,2026-10-07T01:50:24.002890+00:00,17784ce547298567b4893768dcaf685177af1a7956e8d3cac523c6bac292a8b2,,UNVERIFIED
EP-22,Gravity Jailbreak,00:10:55,655,854360,https://animehistory.org/uploads/screencaps/outlaw-star-E022-Gravity-Jailbreak/cap_00-10-55_05d7.jpg,Outlaw Star Ep 22: Gravity Jailbreak @ 00:10:55,https://animehistory.org/gallery/screencaps/outlaw-star/episode-22/,https://animehistory.org/gallery/screencaps/outlaw-star/episode-22/?page=2,2,2026-10-07T01:50:24.002890+00:00,17784ce547298567b4893768dcaf685177af1a7956e8d3cac523c6bac292a8b2,,UNVERIFIED
EP-22,Gravity Jailbreak,00:10:58,658,854361,https://animehistory.org/uploads/screencaps/outlaw-star-E022-Gravity-Jailbreak/cap_00-10-58_0206.jpg,Outlaw Star Ep 22: Gravity Jailbreak @ 00:10:58,https://animehistory.org/gallery/screencaps/outlaw-star/episode-22/,https://animehistory.org/gallery/screencaps/outlaw-star/episode-22/?page=2,2,2026-10-07T01:50:24.002890+00:00,17784ce547298567b4893768dcaf685177af1a7956e8d3cac523c6bac292a8b2,,UNVERIFIED
EP-22,Gravity Jailbreak,00:11:02,662,854362,https://animehistory.org/uploads/screencaps/outlaw-star-E022-Gravity-Jailbreak/cap_00-11-02_7980.jpg,Outlaw Star Ep 22: Gravity Jailbreak @ 00:11:02,https://animehistory.org/gallery/screencaps/outlaw-star/episode-22/,https://animehistory.org/gallery/screencaps/outlaw-star/episode-22/?page=2,2,2026-10-07T01:50:24.002890+00:00,17784ce547298567b4893768dcaf685177af1a7956e8d3cac523c6bac292a8b2,,UNVERIFIED
EP-22,Gravity Jailbreak,00:11:06,666,854363,https://animehistory.org/uploads/screencaps/outlaw-star-E022-Gravity-Jailbreak/cap_00-11-06_33d4.jpg,Outlaw Star Ep 22: Gravity Jailbreak @ 00:11:06,https://animehistory.org/gallery/screencaps/outlaw-star/episode-22/,https://animehistory.org/gallery/screencaps/outlaw-star/episode-22/?page=2,2,2026-10-07T01:50:24.002890+00:00,17784ce547298567b4893768dcaf685177af1a7956e8d3cac523c6bac292a8b2,,UNVERIFIED
EP-22,Gravity Jailbreak,00:11:09,669,854364,https://animehistory.org/uploads/screencaps/outlaw-star-E022-Gravity-Jailbreak/cap_00-11-09_2f49.jpg,Outlaw Star Ep 22: Gravity Jailbreak @ 00:11:09,https://animehistory.org/gallery/screencaps/outlaw-star/episode-22/,https://animehistory.org/gallery/screencaps/outlaw-star/episode-22/?page=2,2,2026-10-07T01:50:24.002890+00:00,17784ce547298567b4893768dcaf685177af1a7956e8d3cac523c6bac292a8b2,,UNVERIFIED
EP-22,Gravity Jailbreak,00:11:13,673,854365,https://animehistory.org/uploads/screencaps/outlaw-star-E022-Gravity-Jailbreak/cap_00-11-13_1130.jpg,Outlaw Star Ep 22: Gravity Jailbreak @ 00:11:13,https://animehistory.org/gallery/screencaps/outlaw-star/episode-22/,https://animehistory.org/gallery/screencaps/outlaw-star/episode-22/?page=2,2,2026-10-07T01:50:24.002890+00:00,17784ce547298567b4893768dcaf685177af1a7956e8d3cac523c6bac292a8b2,,UNVERIFIED
EP-22,Gravity Jailbreak,00:11:16,676,854366,https://animehistory.org/uploads/screencaps/outlaw-star-E022-Gravity-Jailbreak/cap_00-11-16_539b.jpg,Outlaw Star Ep 22: Gravity Jailbreak @ 00:11:16,https://animehistory.org/gallery/screencaps/outlaw-star/episode-22/,https://animehistory.org/gallery/screencaps/outlaw-star/episode-22/?page=2,2,2026-10-07T01:50:24.002890+00:00,17784ce547298567b4893768dcaf685177af1a7956e8d3cac523c6bac292a8b2,,UNVERIFIED
EP-22,Gravity Jailbreak,00:11:20,680,854367,https://animehistory.org/uploads/screencaps/outlaw-star-E022-Gravity-Jailbreak/cap_00-11-20_4818.jpg,Outlaw Star Ep 22: Gravity Jailbreak @ 00:11:20,https://animehistory.org/gallery/screencaps/outlaw-star/episode-22/,https://animehistory.org/gallery/screencaps/outlaw-star/episode-22/?page=2,2,2026-10-07T01:50:24.002890+00:00,17784ce547298567b4893768dcaf685177af1a7956e8d3cac523c6bac292a8b2,,UNVERIFIED
EP-22,Gravity Jailbreak,00:11:24,684,854368,https://animehistory.org/uploads/screencaps/outlaw-star-E022-Gravity-Jailbreak/cap_00-11-24_7967.jpg,Outlaw Star Ep 22: Gravity Jailbreak @ 00:11:24,https://animehistory.org/gallery/screencaps/outlaw-star/episode-22/,https://animehistory.org/gallery/screencaps/outlaw-star/episode-22/?page=2,2,2026-10-07T01:50:24.002890+00:00,17784ce547298567b4893768dcaf685177af1a7956e8d3cac523c6bac292a8b2,,UNVERIFIED
EP-22,Gravity Jailbreak,00:11:27,687,854369,https://animehistory.org/uploads/screencaps/outlaw-star-E022-Gravity-Jailbreak/cap_00-11-27_70c4.jpg,Outlaw Star Ep 22: Gravity Jailbreak @ 00:11:27,https://animehistory.org/gallery/screencaps/outlaw-star/episode-22/,https://animehistory.org/gallery/screencaps/outlaw-star/episode-22/?page=2,2,2026-10-07T01:50:24.002890+00:00,17784ce547298567b4893768dcaf685177af1a7956e8d3cac523c6bac292a8b2,,UNVERIFIED
EP-22,Gravity Jailbreak,00:11:31,691,854370,https://animehistory.org/uploads/screencaps/outlaw-star-E022-Gravity-Jailbreak/cap_00-11-31_16bd.jpg,Outlaw Star Ep 22: Gravity Jailbreak @ 00:11:31,https://animehistory.org/gallery/screencaps/outlaw-star/episode-22/,https://animehistory.org/gallery/screencaps/outlaw-star/episode-22/?page=2,2,2026-10-07T01:50:24.002890+00:00,17784ce547298567b4893768dcaf685177af1a7956e8d3cac523c6bac292a8b2,,UNVERIFIED
EP-22,Gravity Jailbreak,00:11:34,694,854371,https://animehistory.org/uploads/screencaps/outlaw-star-E022-Gravity-Jailbreak/cap_00-11-34_7a3a.jpg,Outlaw Star Ep 22: Gravity Jailbreak @ 00:11:34,https://animehistory.org/gallery/screencaps/outlaw-star/episode-22/,https://animehistory.org/gallery/screencaps/outlaw-star/episode-22/?page=2,2,2026-10-07T01:50:24.002890+00:00,17784ce547298567b4893768dcaf685177af1a7956e8d3cac523c6bac292a8b2,,UNVERIFIED
EP-22,Gravity Jailbreak,00:11:38,698,854372,https://animehistory.org/uploads/screencaps/outlaw-star-E022-Gravity-Jailbreak/cap_00-11-38_334e.jpg,Outlaw Star Ep 22: Gravity Jailbreak @ 00:11:38,https://animehistory.org/gallery/screencaps/outlaw-star/episode-22/,https://animehistory.org/gallery/screencaps/outlaw-star/episode-22/?page=2,2,2026-10-07T01:50:24.002890+00:00,17784ce547298567b4893768dcaf685177af1a7956e8d3cac523c6bac292a8b2,,UNVERIFIED
EP-22,Gravity Jailbreak,00:11:42,702,854373,https://animehistory.org/uploads/screencaps/outlaw-star-E022-Gravity-Jailbreak/cap_00-11-42_21df.jpg,Outlaw Star Ep 22: Gravity Jailbreak @ 00:11:42,https://animehistory.org/gallery/screencaps/outlaw-star/episode-22/,https://animehistory.org/gallery/screencaps/outlaw-star/episode-22/?page=2,2,2026-10-07T01:50:24.002890+00:00,17784ce547298567b4893768dcaf685177af1a7956e8d3cac523c6bac292a8b2,,UNVERIFIED
EP-22,Gravity Jailbreak,00:11:45,705,854374,https://animehistory.org/uploads/screencaps/outlaw-star-E022-Gravity-Jailbreak/cap_00-11-45_56a7.jpg,Outlaw Star Ep 22: Gravity Jailbreak @ 00:11:45,https://animehistory.org/gallery/screencaps/outlaw-star/episode-22/,https://animehistory.org/gallery/screencaps/outlaw-star/episode-22/?page=2,2,2026-10-07T01:50:24.002890+00:00,17784ce547298567b4893768dcaf685177af1a7956e8d3cac523c6bac292a8b2,,UNVERIFIED
EP-22,Gravity Jailbreak,00:11:49,709,854375,https://animehistory.org/uploads/screencaps/outlaw-star-E022-Gravity-Jailbreak/cap_00-11-49_1734.jpg,Outlaw Star Ep 22: Gravity Jailbreak @ 00:11:49,https://animehistory.org/gallery/screencaps/outlaw-star/episode-22/,https://animehistory.org/gallery/screencaps/outlaw-star/episode-22/?page=2,2,2026-10-07T01:50:24.002890+00:00,17784ce547298567b4893768dcaf685177af1a7956e8d3cac523c6bac292a8b2,,UNVERIFIED
EP-22,Gravity Jailbreak,00:11:52,712,854376,https://animehistory.org/uploads/screencaps/outlaw-star-E022-Gravity-Jailbreak/cap_00-11-52_11e8.jpg,Outlaw Star Ep 22: Gravity Jailbreak @ 00:11:52,https://animehistory.org/gallery/screencaps/outlaw-star/episode-22/,https://animehistory.org/gallery/screencaps/outlaw-star/episode-22/?page=2,2,2026-10-07T01:50:24.002890+00:00,17784ce547298567b4893768dcaf685177af1a7956e8d3cac523c6bac292a8b2,,UNVERIFIED
EP-22,Gravity Jailbreak,00:11:56,716,854377,https://animehistory.org/uploads/screencaps/outlaw-star-E022-Gravity-Jailbreak/cap_00-11-56_7c6e.jpg,Outlaw Star Ep 22: Gravity Jailbreak @ 00:11:56,https://animehistory.org/gallery/screencaps/outlaw-star/episode-22/,https://animehistory.org/gallery/screencaps/outlaw-star/episode-22/?page=2,2,2026-10-07T01:50:24.002890+00:00,17784ce547298567b4893768dcaf685177af1a7956e8d3cac523c6bac292a8b2,,UNVERIFIED
EP-22,Gravity Jailbreak,00:12:00,720,854378,https://animehistory.org/uploads/screencaps/outlaw-star-E022-Gravity-Jailbreak/cap_00-12-00_0b50.jpg,Outlaw Star Ep 22: Gravity Jailbreak @ 00:12:00,https://animehistory.org/gallery/screencaps/outlaw-star/episode-22/,https://animehistory.org/gallery/screencaps/outlaw-star/episode-22/?page=2,2,2026-10-07T01:50:24.002890+00:00,17784ce547298567b4893768dcaf685177af1a7956e8d3cac523c6bac292a8b2,,UNVERIFIED
EP-22,Gravity Jailbreak,00:12:03,723,854379,https://animehistory.org/uploads/screencaps/outlaw-star-E022-Gravity-Jailbreak/cap_00-12-03_0cfe.jpg,Outlaw Star Ep 22: Gravity Jailbreak @ 00:12:03,https://animehistory.org/gallery/screencaps/outlaw-star/episode-22/,https://animehistory.org/gallery/screencaps/outlaw-star/episode-22/?page=2,2,2026-10-07T01:50:24.002890+00:00,17784ce547298567b4893768dcaf685177af1a7956e8d3cac523c6bac292a8b2,,UNVERIFIED
EP-22,Gravity Jailbreak,00:12:07,727,854380,https://animehistory.org/uploads/screencaps/outlaw-star-E022-Gravity-Jailbreak/cap_00-12-07_7a41.jpg,Outlaw Star Ep 22: Gravity Jailbreak @ 00:12:07,https://animehistory.org/gallery/screencaps/outlaw-star/episode-22/,https://animehistory.org/gallery/screencaps/outlaw-star/episode-22/?page=2,2,2026-10-07T01:50:24.002890+00:00,17784ce547298567b4893768dcaf685177af1a7956e8d3cac523c6bac292a8b2,,UNVERIFIED
EP-22,Gravity Jailbreak,00:12:10,730,854381,https://animehistory.org/uploads/screencaps/outlaw-star-E022-Gravity-Jailbreak/cap_00-12-10_0ab9.jpg,Outlaw Star Ep 22: Gravity Jailbreak @ 00:12:10,https://animehistory.org/gallery/screencaps/outlaw-star/episode-22/,https://animehistory.org/gallery/screencaps/outlaw-star/episode-22/?page=2,2,2026-10-07T01:50:24.002890+00:00,17784ce547298567b4893768dcaf685177af1a7956e8d3cac523c6bac292a8b2,,UNVERIFIED
EP-22,Gravity Jailbreak,00:12:14,734,854382,https://animehistory.org/uploads/screencaps/outlaw-star-E022-Gravity-Jailbreak/cap_00-12-14_4a07.jpg,Outlaw Star Ep 22: Gravity Jailbreak @ 00:12:14,https://animehistory.org/gallery/screencaps/outlaw-star/episode-22/,https://animehistory.org/gallery/screencaps/outlaw-star/episode-22/?page=2,2,2026-10-07T01:50:24.002890+00:00,17784ce547298567b4893768dcaf685177af1a7956e8d3cac523c6bac292a8b2,,UNVERIFIED
EP-22,Gravity Jailbreak,00:12:18,738,854383,https://animehistory.org/uploads/screencaps/outlaw-star-E022-Gravity-Jailbreak/cap_00-12-18_62ab.jpg,Outlaw Star Ep 22: Gravity Jailbreak @ 00:12:18,https://animehistory.org/gallery/screencaps/outlaw-star/episode-22/,https://animehistory.org/gallery/screencaps/outlaw-star/episode-22/?page=2,2,2026-10-07T01:50:24.002890+00:00,17784ce547298567b4893768dcaf685177af1a7956e8d3cac523c6bac292a8b2,,UNVERIFIED
EP-22,Gravity Jailbreak,00:12:21,741,854384,https://animehistory.org/uploads/screencaps/outlaw-star-E022-Gravity-Jailbreak/cap_00-12-21_272d.jpg,Outlaw Star Ep 22: Gravity Jailbreak @ 00:12:21,https://animehistory.org/gallery/screencaps/outlaw-star/episode-22/,https://animehistory.org/gallery/screencaps/outlaw-star/episode-22/?page=2,2,2026-10-07T01:50:24.002890+00:00,17784ce547298567b4893768dcaf685177af1a7956e8d3cac523c6bac292a8b2,,UNVERIFIED
EP-22,Gravity Jailbreak,00:12:25,745,854385,https://animehistory.org/uploads/screencaps/outlaw-star-E022-Gravity-Jailbreak/cap_00-12-25_7b28.jpg,Outlaw Star Ep 22: Gravity Jailbreak @ 00:12:25,https://animehistory.org/gallery/screencaps/outlaw-star/episode-22/,https://animehistory.org/gallery/screencaps/outlaw-star/episode-22/?page=2,2,2026-10-07T01:50:24.002890+00:00,17784ce547298567b4893768dcaf685177af1a7956e8d3cac523c6bac292a8b2,,UNVERIFIED
EP-22,Gravity Jailbreak,00:12:29,749,854386,https://animehistory.org/uploads/screencaps/outlaw-star-E022-Gravity-Jailbreak/cap_00-12-29_05bd.jpg,Outlaw Star Ep 22: Gravity Jailbreak @ 00:12:29,https://animehistory.org/gallery/screencaps/outlaw-star/episode-22/,https://animehistory.org/gallery/screencaps/outlaw-star/episode-22/?page=2,2,2026-10-07T01:50:24.002890+00:00,17784ce547298567b4893768dcaf685177af1a7956e8d3cac523c6bac292a8b2,,UNVERIFIED
EP-22,Gravity Jailbreak,00:12:32,752,854387,https://animehistory.org/uploads/screencaps/outlaw-star-E022-Gravity-Jailbreak/cap_00-12-32_4b0f.jpg,Outlaw Star Ep 22: Gravity Jailbreak @ 00:12:32,https://animehistory.org/gallery/screencaps/outlaw-star/episode-22/,https://animehistory.org/gallery/screencaps/outlaw-star/episode-22/?page=2,2,2026-10-07T01:50:24.002890+00:00,17784ce547298567b4893768dcaf685177af1a7956e8d3cac523c6bac292a8b2,,UNVERIFIED
EP-22,Gravity Jailbreak,00:12:36,756,854388,https://animehistory.org/uploads/screencaps/outlaw-star-E022-Gravity-Jailbreak/cap_00-12-36_2914.jpg,Outlaw Star Ep 22: Gravity Jailbreak @ 00:12:36,https://animehistory.org/gallery/screencaps/outlaw-star/episode-22/,https://animehistory.org/gallery/screencaps/outlaw-star/episode-22/?page=2,2,2026-10-07T01:50:24.002890+00:00,17784ce547298567b4893768dcaf685177af1a7956e8d3cac523c6bac292a8b2,,UNVERIFIED
EP-22,Gravity Jailbreak,00:12:39,759,854389,https://animehistory.org/uploads/screencaps/outlaw-star-E022-Gravity-Jailbreak/cap_00-12-39_7683.jpg,Outlaw Star Ep 22: Gravity Jailbreak @ 00:12:39,https://animehistory.org/gallery/screencaps/outlaw-star/episode-22/,https://animehistory.org/gallery/screencaps/outlaw-star/episode-22/?page=2,2,2026-10-07T01:50:24.002890+00:00,17784ce547298567b4893768dcaf685177af1a7956e8d3cac523c6bac292a8b2,,UNVERIFIED
EP-22,Gravity Jailbreak,00:12:43,763,854390,https://animehistory.org/uploads/screencaps/outlaw-star-E022-Gravity-Jailbreak/cap_00-12-43_1641.jpg,Outlaw Star Ep 22: Gravity Jailbreak @ 00:12:43,https://animehistory.org/gallery/screencaps/outlaw-star/episode-22/,https://animehistory.org/gallery/screencaps/outlaw-star/episode-22/?page=2,2,2026-10-07T01:50:24.002890+00:00,17784ce547298567b4893768dcaf685177af1a7956e8d3cac523c6bac292a8b2,,UNVERIFIED
EP-22,Gravity Jailbreak,00:12:47,767,854391,https://animehistory.org/uploads/screencaps/outlaw-star-E022-Gravity-Jailbreak/cap_00-12-47_7577.jpg,Outlaw Star Ep 22: Gravity Jailbreak @ 00:12:47,https://animehistory.org/gallery/screencaps/outlaw-star/episode-22/,https://animehistory.org/gallery/screencaps/outlaw-star/episode-22/?page=2,2,2026-10-07T01:50:24.002890+00:00,17784ce547298567b4893768dcaf685177af1a7956e8d3cac523c6bac292a8b2,,UNVERIFIED
EP-22,Gravity Jailbreak,00:12:50,770,854392,https://animehistory.org/uploads/screencaps/outlaw-star-E022-Gravity-Jailbreak/cap_00-12-50_49bc.jpg,Outlaw Star Ep 22: Gravity Jailbreak @ 00:12:50,https://animehistory.org/gallery/screencaps/outlaw-star/episode-22/,https://animehistory.org/gallery/screencaps/outlaw-star/episode-22/?page=2,2,2026-10-07T01:50:24.002890+00:00,17784ce547298567b4893768dcaf685177af1a7956e8d3cac523c6bac292a8b2,,UNVERIFIED
EP-22,Gravity Jailbreak,00:12:54,774,854393,https://animehistory.org/uploads/screencaps/outlaw-star-E022-Gravity-Jailbreak/cap_00-12-54_2c12.jpg,Outlaw Star Ep 22: Gravity Jailbreak @ 00:12:54,https://animehistory.org/gallery/screencaps/outlaw-star/episode-22/,https://animehistory.org/gallery/screencaps/outlaw-star/episode-22/?page=2,2,2026-10-07T01:50:24.002890+00:00,17784ce547298567b4893768dcaf685177af1a7956e8d3cac523c6bac292a8b2,,UNVERIFIED
EP-22,Gravity Jailbreak,00:12:57,777,854394,https://animehistory.org/uploads/screencaps/outlaw-star-E022-Gravity-Jailbreak/cap_00-12-57_28b8.jpg,Outlaw Star Ep 22: Gravity Jailbreak @ 00:12:57,https://animehistory.org/gallery/screencaps/outlaw-star/episode-22/,https://animehistory.org/gallery/screencaps/outlaw-star/episode-22/?page=2,2,2026-10-07T01:50:24.002890+00:00,17784ce547298567b4893768dcaf685177af1a7956e8d3cac523c6bac292a8b2,,UNVERIFIED
EP-22,Gravity Jailbreak,00:13:01,781,854395,https://animehistory.org/uploads/screencaps/outlaw-star-E022-Gravity-Jailbreak/cap_00-13-01_2fe6.jpg,Outlaw Star Ep 22: Gravity Jailbreak @ 00:13:01,https://animehistory.org/gallery/screencaps/outlaw-star/episode-22/,https://animehistory.org/gallery/screencaps/outlaw-star/episode-22/?page=2,2,2026-10-07T01:50:24.002890+00:00,17784ce547298567b4893768dcaf685177af1a7956e8d3cac523c6bac292a8b2,,UNVERIFIED
EP-22,Gravity Jailbreak,00:13:05,785,854396,https://animehistory.org/uploads/screencaps/outlaw-star-E022-Gravity-Jailbreak/cap_00-13-05_784f.jpg,Outlaw Star Ep 22: Gravity Jailbreak @ 00:13:05,https://animehistory.org/gallery/screencaps/outlaw-star/episode-22/,https://animehistory.org/gallery/screencaps/outlaw-star/episode-22/?page=2,2,2026-10-07T01:50:24.002890+00:00,17784ce547298567b4893768dcaf685177af1a7956e8d3cac523c6bac292a8b2,,UNVERIFIED
EP-22,Gravity Jailbreak,00:13:08,788,854397,https://animehistory.org/uploads/screencaps/outlaw-star-E022-Gravity-Jailbreak/cap_00-13-08_1577.jpg,Outlaw Star Ep 22: Gravity Jailbreak @ 00:13:08,https://animehistory.org/gallery/screencaps/outlaw-star/episode-22/,https://animehistory.org/gallery/screencaps/outlaw-star/episode-22/?page=2,2,2026-10-07T01:50:24.002890+00:00,17784ce547298567b4893768dcaf685177af1a7956e8d3cac523c6bac292a8b2,,UNVERIFIED
EP-22,Gravity Jailbreak,00:13:12,792,854398,https://animehistory.org/uploads/screencaps/outlaw-star-E022-Gravity-Jailbreak/cap_00-13-12_1810.jpg,Outlaw Star Ep 22: Gravity Jailbreak @ 00:13:12,https://animehistory.org/gallery/screencaps/outlaw-star/episode-22/,https://animehistory.org/gallery/screencaps/outlaw-star/episode-22/?page=2,2,2026-10-07T01:50:24.002890+00:00,17784ce547298567b4893768dcaf685177af1a7956e8d3cac523c6bac292a8b2,,UNVERIFIED
EP-22,Gravity Jailbreak,00:13:15,795,854399,https://animehistory.org/uploads/screencaps/outlaw-star-E022-Gravity-Jailbreak/cap_00-13-15_7f68.jpg,Outlaw Star Ep 22: Gravity Jailbreak @ 00:13:15,https://animehistory.org/gallery/screencaps/outlaw-star/episode-22/,https://animehistory.org/gallery/screencaps/outlaw-star/episode-22/?page=2,2,2026-10-07T01:50:24.002890+00:00,17784ce547298567b4893768dcaf685177af1a7956e8d3cac523c6bac292a8b2,,UNVERIFIED
EP-22,Gravity Jailbreak,00:13:19,799,854400,https://animehistory.org/uploads/screencaps/outlaw-star-E022-Gravity-Jailbreak/cap_00-13-19_1ce6.jpg,Outlaw Star Ep 22: Gravity Jailbreak @ 00:13:19,https://animehistory.org/gallery/screencaps/outlaw-star/episode-22/,https://animehistory.org/gallery/screencaps/outlaw-star/episode-22/?page=2,2,2026-10-07T01:50:24.002890+00:00,17784ce547298567b4893768dcaf685177af1a7956e8d3cac523c6bac292a8b2,,UNVERIFIED
EP-22,Gravity Jailbreak,00:13:23,803,854401,https://animehistory.org/uploads/screencaps/outlaw-star-E022-Gravity-Jailbreak/cap_00-13-23_2242.jpg,Outlaw Star Ep 22: Gravity Jailbreak @ 00:13:23,https://animehistory.org/gallery/screencaps/outlaw-star/episode-22/,https://animehistory.org/gallery/screencaps/outlaw-star/episode-22/?page=2,2,2026-10-07T01:50:24.002890+00:00,17784ce547298567b4893768dcaf685177af1a7956e8d3cac523c6bac292a8b2,,UNVERIFIED
EP-22,Gravity Jailbreak,00:13:26,806,854402,https://animehistory.org/uploads/screencaps/outlaw-star-E022-Gravity-Jailbreak/cap_00-13-26_384f.jpg,Outlaw Star Ep 22: Gravity Jailbreak @ 00:13:26,https://animehistory.org/gallery/screencaps/outlaw-star/episode-22/,https://animehistory.org/gallery/screencaps/outlaw-star/episode-22/?page=2,2,2026-10-07T01:50:24.002890+00:00,17784ce547298567b4893768dcaf685177af1a7956e8d3cac523c6bac292a8b2,,UNVERIFIED
EP-22,Gravity Jailbreak,00:13:30,810,854403,https://animehistory.org/uploads/screencaps/outlaw-star-E022-Gravity-Jailbreak/cap_00-13-30_4833.jpg,Outlaw Star Ep 22: Gravity Jailbreak @ 00:13:30,https://animehistory.org/gallery/screencaps/outlaw-star/episode-22/,https://animehistory.org/gallery/screencaps/outlaw-star/episode-22/?page=2,2,2026-10-07T01:50:24.002890+00:00,17784ce547298567b4893768dcaf685177af1a7956e8d3cac523c6bac292a8b2,,UNVERIFIED
EP-22,Gravity Jailbreak,00:13:33,813,854404,https://animehistory.org/uploads/screencaps/outlaw-star-E022-Gravity-Jailbreak/cap_00-13-33_78f5.jpg,Outlaw Star Ep 22: Gravity Jailbreak @ 00:13:33,https://animehistory.org/gallery/screencaps/outlaw-star/episode-22/,https://animehistory.org/gallery/screencaps/outlaw-star/episode-22/?page=2,2,2026-10-07T01:50:24.002890+00:00,17784ce547298567b4893768dcaf685177af1a7956e8d3cac523c6bac292a8b2,,UNVERIFIED
EP-22,Gravity Jailbreak,00:13:37,817,854405,https://animehistory.org/uploads/screencaps/outlaw-star-E022-Gravity-Jailbreak/cap_00-13-37_1482.jpg,Outlaw Star Ep 22: Gravity Jailbreak @ 00:13:37,https://animehistory.org/gallery/screencaps/outlaw-star/episode-22/,https://animehistory.org/gallery/screencaps/outlaw-star/episode-22/?page=2,2,2026-10-07T01:50:24.002890+00:00,17784ce547298567b4893768dcaf685177af1a7956e8d3cac523c6bac292a8b2,,UNVERIFIED
EP-22,Gravity Jailbreak,00:13:41,821,854406,https://animehistory.org/uploads/screencaps/outlaw-star-E022-Gravity-Jailbreak/cap_00-13-41_158c.jpg,Outlaw Star Ep 22: Gravity Jailbreak @ 00:13:41,https://animehistory.org/gallery/screencaps/outlaw-star/episode-22/,https://animehistory.org/gallery/screencaps/outlaw-star/episode-22/?page=2,2,2026-10-07T01:50:24.002890+00:00,17784ce547298567b4893768dcaf685177af1a7956e8d3cac523c6bac292a8b2,,UNVERIFIED
EP-22,Gravity Jailbreak,00:13:44,824,854407,https://animehistory.org/uploads/screencaps/outlaw-star-E022-Gravity-Jailbreak/cap_00-13-44_5d3b.jpg,Outlaw Star Ep 22: Gravity Jailbreak @ 00:13:44,https://animehistory.org/gallery/screencaps/outlaw-star/episode-22/,https://animehistory.org/gallery/screencaps/outlaw-star/episode-22/?page=3,3,2026-10-07T01:50:25.426011+00:00,4f02916d14dd2da79326c1f2cc2844bb035d6194d1a9df89c30ffe8c8cd88959,,UNVERIFIED
EP-22,Gravity Jailbreak,00:13:48,828,854408,https://animehistory.org/uploads/screencaps/outlaw-star-E022-Gravity-Jailbreak/cap_00-13-48_600c.jpg,Outlaw Star Ep 22: Gravity Jailbreak @ 00:13:48,https://animehistory.org/gallery/screencaps/outlaw-star/episode-22/,https://animehistory.org/gallery/screencaps/outlaw-star/episode-22/?page=3,3,2026-10-07T01:50:25.426011+00:00,4f02916d14dd2da79326c1f2cc2844bb035d6194d1a9df89c30ffe8c8cd88959,,UNVERIFIED
EP-22,Gravity Jailbreak,00:13:51,831,854409,https://animehistory.org/uploads/screencaps/outlaw-star-E022-Gravity-Jailbreak/cap_00-13-51_4f92.jpg,Outlaw Star Ep 22: Gravity Jailbreak @ 00:13:51,https://animehistory.org/gallery/screencaps/outlaw-star/episode-22/,https://animehistory.org/gallery/screencaps/outlaw-star/episode-22/?page=3,3,2026-10-07T01:50:25.426011+00:00,4f02916d14dd2da79326c1f2cc2844bb035d6194d1a9df89c30ffe8c8cd88959,,UNVERIFIED
EP-22,Gravity Jailbreak,00:13:55,835,854410,https://animehistory.org/uploads/screencaps/outlaw-star-E022-Gravity-Jailbreak/cap_00-13-55_71f6.jpg,Outlaw Star Ep 22: Gravity Jailbreak @ 00:13:55,https://animehistory.org/gallery/screencaps/outlaw-star/episode-22/,https://animehistory.org/gallery/screencaps/outlaw-star/episode-22/?page=3,3,2026-10-07T01:50:25.426011+00:00,4f02916d14dd2da79326c1f2cc2844bb035d6194d1a9df89c30ffe8c8cd88959,,UNVERIFIED
EP-22,Gravity Jailbreak,00:13:59,839,854411,https://animehistory.org/uploads/screencaps/outlaw-star-E022-Gravity-Jailbreak/cap_00-13-59_68a2.jpg,Outlaw Star Ep 22: Gravity Jailbreak @ 00:13:59,https://animehistory.org/gallery/screencaps/outlaw-star/episode-22/,https://animehistory.org/gallery/screencaps/outlaw-star/episode-22/?page=3,3,2026-10-07T01:50:25.426011+00:00,4f02916d14dd2da79326c1f2cc2844bb035d6194d1a9df89c30ffe8c8cd88959,,UNVERIFIED
EP-22,Gravity Jailbreak,00:14:02,842,854412,https://animehistory.org/uploads/screencaps/outlaw-star-E022-Gravity-Jailbreak/cap_00-14-02_3701.jpg,Outlaw Star Ep 22: Gravity Jailbreak @ 00:14:02,https://animehistory.org/gallery/screencaps/outlaw-star/episode-22/,https://animehistory.org/gallery/screencaps/outlaw-star/episode-22/?page=3,3,2026-10-07T01:50:25.426011+00:00,4f02916d14dd2da79326c1f2cc2844bb035d6194d1a9df89c30ffe8c8cd88959,,UNVERIFIED
EP-22,Gravity Jailbreak,00:14:06,846,854413,https://animehistory.org/uploads/screencaps/outlaw-star-E022-Gravity-Jailbreak/cap_00-14-06_5805.jpg,Outlaw Star Ep 22: Gravity Jailbreak @ 00:14:06,https://animehistory.org/gallery/screencaps/outlaw-star/episode-22/,https://animehistory.org/gallery/screencaps/outlaw-star/episode-22/?page=3,3,2026-10-07T01:50:25.426011+00:00,4f02916d14dd2da79326c1f2cc2844bb035d6194d1a9df89c30ffe8c8cd88959,,UNVERIFIED
EP-22,Gravity Jailbreak,00:14:09,849,854414,https://animehistory.org/uploads/screencaps/outlaw-star-E022-Gravity-Jailbreak/cap_00-14-09_2fa9.jpg,Outlaw Star Ep 22: Gravity Jailbreak @ 00:14:09,https://animehistory.org/gallery/screencaps/outlaw-star/episode-22/,https://animehistory.org/gallery/screencaps/outlaw-star/episode-22/?page=3,3,2026-10-07T01:50:25.426011+00:00,4f02916d14dd2da79326c1f2cc2844bb035d6194d1a9df89c30ffe8c8cd88959,,UNVERIFIED
EP-22,Gravity Jailbreak,00:14:13,853,854415,https://animehistory.org/uploads/screencaps/outlaw-star-E022-Gravity-Jailbreak/cap_00-14-13_0775.jpg,Outlaw Star Ep 22: Gravity Jailbreak @ 00:14:13,https://animehistory.org/gallery/screencaps/outlaw-star/episode-22/,https://animehistory.org/gallery/screencaps/outlaw-star/episode-22/?page=3,3,2026-10-07T01:50:25.426011+00:00,4f02916d14dd2da79326c1f2cc2844bb035d6194d1a9df89c30ffe8c8cd88959,,UNVERIFIED
EP-22,Gravity Jailbreak,00:14:17,857,854416,https://animehistory.org/uploads/screencaps/outlaw-star-E022-Gravity-Jailbreak/cap_00-14-17_1abd.jpg,Outlaw Star Ep 22: Gravity Jailbreak @ 00:14:17,https://animehistory.org/gallery/screencaps/outlaw-star/episode-22/,https://animehistory.org/gallery/screencaps/outlaw-star/episode-22/?page=3,3,2026-10-07T01:50:25.426011+00:00,4f02916d14dd2da79326c1f2cc2844bb035d6194d1a9df89c30ffe8c8cd88959,,UNVERIFIED
EP-22,Gravity Jailbreak,00:14:20,860,854417,https://animehistory.org/uploads/screencaps/outlaw-star-E022-Gravity-Jailbreak/cap_00-14-20_1d16.jpg,Outlaw Star Ep 22: Gravity Jailbreak @ 00:14:20,https://animehistory.org/gallery/screencaps/outlaw-star/episode-22/,https://animehistory.org/gallery/screencaps/outlaw-star/episode-22/?page=3,3,2026-10-07T01:50:25.426011+00:00,4f02916d14dd2da79326c1f2cc2844bb035d6194d1a9df89c30ffe8c8cd88959,,UNVERIFIED
EP-22,Gravity Jailbreak,00:14:24,864,854418,https://animehistory.org/uploads/screencaps/outlaw-star-E022-Gravity-Jailbreak/cap_00-14-24_2c7c.jpg,Outlaw Star Ep 22: Gravity Jailbreak @ 00:14:24,https://animehistory.org/gallery/screencaps/outlaw-star/episode-22/,https://animehistory.org/gallery/screencaps/outlaw-star/episode-22/?page=3,3,2026-10-07T01:50:25.426011+00:00,4f02916d14dd2da79326c1f2cc2844bb035d6194d1a9df89c30ffe8c8cd88959,,UNVERIFIED
EP-22,Gravity Jailbreak,00:14:28,868,854419,https://animehistory.org/uploads/screencaps/outlaw-star-E022-Gravity-Jailbreak/cap_00-14-28_557c.jpg,Outlaw Star Ep 22: Gravity Jailbreak @ 00:14:28,https://animehistory.org/gallery/screencaps/outlaw-star/episode-22/,https://animehistory.org/gallery/screencaps/outlaw-star/episode-22/?page=3,3,2026-10-07T01:50:25.426011+00:00,4f02916d14dd2da79326c1f2cc2844bb035d6194d1a9df89c30ffe8c8cd88959,,UNVERIFIED
EP-22,Gravity Jailbreak,00:14:31,871,854420,https://animehistory.org/uploads/screencaps/outlaw-star-E022-Gravity-Jailbreak/cap_00-14-31_2eb0.jpg,Outlaw Star Ep 22: Gravity Jailbreak @ 00:14:31,https://animehistory.org/gallery/screencaps/outlaw-star/episode-22/,https://animehistory.org/gallery/screencaps/outlaw-star/episode-22/?page=3,3,2026-10-07T01:50:25.426011+00:00,4f02916d14dd2da79326c1f2cc2844bb035d6194d1a9df89c30ffe8c8cd88959,,UNVERIFIED
EP-22,Gravity Jailbreak,00:14:35,875,854421,https://animehistory.org/uploads/screencaps/outlaw-star-E022-Gravity-Jailbreak/cap_00-14-35_46da.jpg,Outlaw Star Ep 22: Gravity Jailbreak @ 00:14:35,https://animehistory.org/gallery/screencaps/outlaw-star/episode-22/,https://animehistory.org/gallery/screencaps/outlaw-star/episode-22/?page=3,3,2026-10-07T01:50:25.426011+00:00,4f02916d14dd2da79326c1f2cc2844bb035d6194d1a9df89c30ffe8c8cd88959,,UNVERIFIED
EP-22,Gravity Jailbreak,00:14:38,878,854422,https://animehistory.org/uploads/screencaps/outlaw-star-E022-Gravity-Jailbreak/cap_00-14-38_7d6c.jpg,Outlaw Star Ep 22: Gravity Jailbreak @ 00:14:38,https://animehistory.org/gallery/screencaps/outlaw-star/episode-22/,https://animehistory.org/gallery/screencaps/outlaw-star/episode-22/?page=3,3,2026-10-07T01:50:25.426011+00:00,4f02916d14dd2da79326c1f2cc2844bb035d6194d1a9df89c30ffe8c8cd88959,,UNVERIFIED
EP-22,Gravity Jailbreak,00:14:42,882,854423,https://animehistory.org/uploads/screencaps/outlaw-star-E022-Gravity-Jailbreak/cap_00-14-42_0f71.jpg,Outlaw Star Ep 22: Gravity Jailbreak @ 00:14:42,https://animehistory.org/gallery/screencaps/outlaw-star/episode-22/,https://animehistory.org/gallery/screencaps/outlaw-star/episode-22/?page=3,3,2026-10-07T01:50:25.426011+00:00,4f02916d14dd2da79326c1f2cc2844bb035d6194d1a9df89c30ffe8c8cd88959,,UNVERIFIED
EP-22,Gravity Jailbreak,00:14:46,886,854424,https://animehistory.org/uploads/screencaps/outlaw-star-E022-Gravity-Jailbreak/cap_00-14-46_02f0.jpg,Outlaw Star Ep 22: Gravity Jailbreak @ 00:14:46,https://animehistory.org/gallery/screencaps/outlaw-star/episode-22/,https://animehistory.org/gallery/screencaps/outlaw-star/episode-22/?page=3,3,2026-10-07T01:50:25.426011+00:00,4f02916d14dd2da79326c1f2cc2844bb035d6194d1a9df89c30ffe8c8cd88959,,UNVERIFIED
EP-22,Gravity Jailbreak,00:14:49,889,854425,https://animehistory.org/uploads/screencaps/outlaw-star-E022-Gravity-Jailbreak/cap_00-14-49_4418.jpg,Outlaw Star Ep 22: Gravity Jailbreak @ 00:14:49,https://animehistory.org/gallery/screencaps/outlaw-star/episode-22/,https://animehistory.org/gallery/screencaps/outlaw-star/episode-22/?page=3,3,2026-10-07T01:50:25.426011+00:00,4f02916d14dd2da79326c1f2cc2844bb035d6194d1a9df89c30ffe8c8cd88959,,UNVERIFIED
EP-22,Gravity Jailbreak,00:14:53,893,854426,https://animehistory.org/uploads/screencaps/outlaw-star-E022-Gravity-Jailbreak/cap_00-14-53_71c8.jpg,Outlaw Star Ep 22: Gravity Jailbreak @ 00:14:53,https://animehistory.org/gallery/screencaps/outlaw-star/episode-22/,https://animehistory.org/gallery/screencaps/outlaw-star/episode-22/?page=3,3,2026-10-07T01:50:25.426011+00:00,4f02916d14dd2da79326c1f2cc2844bb035d6194d1a9df89c30ffe8c8cd88959,,UNVERIFIED
EP-22,Gravity Jailbreak,00:14:56,896,854427,https://animehistory.org/uploads/screencaps/outlaw-star-E022-Gravity-Jailbreak/cap_00-14-56_6d91.jpg,Outlaw Star Ep 22: Gravity Jailbreak @ 00:14:56,https://animehistory.org/gallery/screencaps/outlaw-star/episode-22/,https://animehistory.org/gallery/screencaps/outlaw-star/episode-22/?page=3,3,2026-10-07T01:50:25.426011+00:00,4f02916d14dd2da79326c1f2cc2844bb035d6194d1a9df89c30ffe8c8cd88959,,UNVERIFIED
EP-22,Gravity Jailbreak,00:15:00,900,854428,https://animehistory.org/uploads/screencaps/outlaw-star-E022-Gravity-Jailbreak/cap_00-15-00_38d0.jpg,Outlaw Star Ep 22: Gravity Jailbreak @ 00:15:00,https://animehistory.org/gallery/screencaps/outlaw-star/episode-22/,https://animehistory.org/gallery/screencaps/outlaw-star/episode-22/?page=3,3,2026-10-07T01:50:25.426011+00:00,4f02916d14dd2da79326c1f2cc2844bb035d6194d1a9df89c30ffe8c8cd88959,,UNVERIFIED
EP-22,Gravity Jailbreak,00:15:04,904,854429,https://animehistory.org/uploads/screencaps/outlaw-star-E022-Gravity-Jailbreak/cap_00-15-04_3ec2.jpg,Outlaw Star Ep 22: Gravity Jailbreak @ 00:15:04,https://animehistory.org/gallery/screencaps/outlaw-star/episode-22/,https://animehistory.org/gallery/screencaps/outlaw-star/episode-22/?page=3,3,2026-10-07T01:50:25.426011+00:00,4f02916d14dd2da79326c1f2cc2844bb035d6194d1a9df89c30ffe8c8cd88959,,UNVERIFIED
EP-22,Gravity Jailbreak,00:15:07,907,854430,https://animehistory.org/uploads/screencaps/outlaw-star-E022-Gravity-Jailbreak/cap_00-15-07_7b25.jpg,Outlaw Star Ep 22: Gravity Jailbreak @ 00:15:07,https://animehistory.org/gallery/screencaps/outlaw-star/episode-22/,https://animehistory.org/gallery/screencaps/outlaw-star/episode-22/?page=3,3,2026-10-07T01:50:25.426011+00:00,4f02916d14dd2da79326c1f2cc2844bb035d6194d1a9df89c30ffe8c8cd88959,,UNVERIFIED
EP-22,Gravity Jailbreak,00:15:11,911,854431,https://animehistory.org/uploads/screencaps/outlaw-star-E022-Gravity-Jailbreak/cap_00-15-11_7249.jpg,Outlaw Star Ep 22: Gravity Jailbreak @ 00:15:11,https://animehistory.org/gallery/screencaps/outlaw-star/episode-22/,https://animehistory.org/gallery/screencaps/outlaw-star/episode-22/?page=3,3,2026-10-07T01:50:25.426011+00:00,4f02916d14dd2da79326c1f2cc2844bb035d6194d1a9df89c30ffe8c8cd88959,,UNVERIFIED
EP-22,Gravity Jailbreak,00:15:14,914,854432,https://animehistory.org/uploads/screencaps/outlaw-star-E022-Gravity-Jailbreak/cap_00-15-14_78e5.jpg,Outlaw Star Ep 22: Gravity Jailbreak @ 00:15:14,https://animehistory.org/gallery/screencaps/outlaw-star/episode-22/,https://animehistory.org/gallery/screencaps/outlaw-star/episode-22/?page=3,3,2026-10-07T01:50:25.426011+00:00,4f02916d14dd2da79326c1f2cc2844bb035d6194d1a9df89c30ffe8c8cd88959,,UNVERIFIED
EP-22,Gravity Jailbreak,00:15:18,918,854433,https://animehistory.org/uploads/screencaps/outlaw-star-E022-Gravity-Jailbreak/cap_00-15-18_5c4d.jpg,Outlaw Star Ep 22: Gravity Jailbreak @ 00:15:18,https://animehistory.org/gallery/screencaps/outlaw-star/episode-22/,https://animehistory.org/gallery/screencaps/outlaw-star/episode-22/?page=3,3,2026-10-07T01:50:25.426011+00:00,4f02916d14dd2da79326c1f2cc2844bb035d6194d1a9df89c30ffe8c8cd88959,,UNVERIFIED
EP-22,Gravity Jailbreak,00:15:22,922,854434,https://animehistory.org/uploads/screencaps/outlaw-star-E022-Gravity-Jailbreak/cap_00-15-22_3185.jpg,Outlaw Star Ep 22: Gravity Jailbreak @ 00:15:22,https://animehistory.org/gallery/screencaps/outlaw-star/episode-22/,https://animehistory.org/gallery/screencaps/outlaw-star/episode-22/?page=3,3,2026-10-07T01:50:25.426011+00:00,4f02916d14dd2da79326c1f2cc2844bb035d6194d1a9df89c30ffe8c8cd88959,,UNVERIFIED
EP-22,Gravity Jailbreak,00:15:25,925,854435,https://animehistory.org/uploads/screencaps/outlaw-star-E022-Gravity-Jailbreak/cap_00-15-25_0727.jpg,Outlaw Star Ep 22: Gravity Jailbreak @ 00:15:25,https://animehistory.org/gallery/screencaps/outlaw-star/episode-22/,https://animehistory.org/gallery/screencaps/outlaw-star/episode-22/?page=3,3,2026-10-07T01:50:25.426011+00:00,4f02916d14dd2da79326c1f2cc2844bb035d6194d1a9df89c30ffe8c8cd88959,,UNVERIFIED
EP-22,Gravity Jailbreak,00:15:29,929,854436,https://animehistory.org/uploads/screencaps/outlaw-star-E022-Gravity-Jailbreak/cap_00-15-29_36d8.jpg,Outlaw Star Ep 22: Gravity Jailbreak @ 00:15:29,https://animehistory.org/gallery/screencaps/outlaw-star/episode-22/,https://animehistory.org/gallery/screencaps/outlaw-star/episode-22/?page=3,3,2026-10-07T01:50:25.426011+00:00,4f02916d14dd2da79326c1f2cc2844bb035d6194d1a9df89c30ffe8c8cd88959,,UNVERIFIED
EP-22,Gravity Jailbreak,00:15:32,932,854437,https://animehistory.org/uploads/screencaps/outlaw-star-E022-Gravity-Jailbreak/cap_00-15-32_5f45.jpg,Outlaw Star Ep 22: Gravity Jailbreak @ 00:15:32,https://animehistory.org/gallery/screencaps/outlaw-star/episode-22/,https://animehistory.org/gallery/screencaps/outlaw-star/episode-22/?page=3,3,2026-10-07T01:50:25.426011+00:00,4f02916d14dd2da79326c1f2cc2844bb035d6194d1a9df89c30ffe8c8cd88959,,UNVERIFIED
EP-22,Gravity Jailbreak,00:15:36,936,854438,https://animehistory.org/uploads/screencaps/outlaw-star-E022-Gravity-Jailbreak/cap_00-15-36_558c.jpg,Outlaw Star Ep 22: Gravity Jailbreak @ 00:15:36,https://animehistory.org/gallery/screencaps/outlaw-star/episode-22/,https://animehistory.org/gallery/screencaps/outlaw-star/episode-22/?page=3,3,2026-10-07T01:50:25.426011+00:00,4f02916d14dd2da79326c1f2cc2844bb035d6194d1a9df89c30ffe8c8cd88959,,UNVERIFIED
EP-22,Gravity Jailbreak,00:15:40,940,854439,https://animehistory.org/uploads/screencaps/outlaw-star-E022-Gravity-Jailbreak/cap_00-15-40_7e5b.jpg,Outlaw Star Ep 22: Gravity Jailbreak @ 00:15:40,https://animehistory.org/gallery/screencaps/outlaw-star/episode-22/,https://animehistory.org/gallery/screencaps/outlaw-star/episode-22/?page=3,3,2026-10-07T01:50:25.426011+00:00,4f02916d14dd2da79326c1f2cc2844bb035d6194d1a9df89c30ffe8c8cd88959,,UNVERIFIED
EP-22,Gravity Jailbreak,00:15:43,943,854440,https://animehistory.org/uploads/screencaps/outlaw-star-E022-Gravity-Jailbreak/cap_00-15-43_1813.jpg,Outlaw Star Ep 22: Gravity Jailbreak @ 00:15:43,https://animehistory.org/gallery/screencaps/outlaw-star/episode-22/,https://animehistory.org/gallery/screencaps/outlaw-star/episode-22/?page=3,3,2026-10-07T01:50:25.426011+00:00,4f02916d14dd2da79326c1f2cc2844bb035d6194d1a9df89c30ffe8c8cd88959,,UNVERIFIED
EP-22,Gravity Jailbreak,00:15:47,947,854441,https://animehistory.org/uploads/screencaps/outlaw-star-E022-Gravity-Jailbreak/cap_00-15-47_6f09.jpg,Outlaw Star Ep 22: Gravity Jailbreak @ 00:15:47,https://animehistory.org/gallery/screencaps/outlaw-star/episode-22/,https://animehistory.org/gallery/screencaps/outlaw-star/episode-22/?page=3,3,2026-10-07T01:50:25.426011+00:00,4f02916d14dd2da79326c1f2cc2844bb035d6194d1a9df89c30ffe8c8cd88959,,UNVERIFIED
EP-22,Gravity Jailbreak,00:15:50,950,854442,https://animehistory.org/uploads/screencaps/outlaw-star-E022-Gravity-Jailbreak/cap_00-15-50_189b.jpg,Outlaw Star Ep 22: Gravity Jailbreak @ 00:15:50,https://animehistory.org/gallery/screencaps/outlaw-star/episode-22/,https://animehistory.org/gallery/screencaps/outlaw-star/episode-22/?page=3,3,2026-10-07T01:50:25.426011+00:00,4f02916d14dd2da79326c1f2cc2844bb035d6194d1a9df89c30ffe8c8cd88959,,UNVERIFIED
EP-22,Gravity Jailbreak,00:15:54,954,854443,https://animehistory.org/uploads/screencaps/outlaw-star-E022-Gravity-Jailbreak/cap_00-15-54_4697.jpg,Outlaw Star Ep 22: Gravity Jailbreak @ 00:15:54,https://animehistory.org/gallery/screencaps/outlaw-star/episode-22/,https://animehistory.org/gallery/screencaps/outlaw-star/episode-22/?page=3,3,2026-10-07T01:50:25.426011+00:00,4f02916d14dd2da79326c1f2cc2844bb035d6194d1a9df89c30ffe8c8cd88959,,UNVERIFIED
EP-22,Gravity Jailbreak,00:15:58,958,854444,https://animehistory.org/uploads/screencaps/outlaw-star-E022-Gravity-Jailbreak/cap_00-15-58_4a01.jpg,Outlaw Star Ep 22: Gravity Jailbreak @ 00:15:58,https://animehistory.org/gallery/screencaps/outlaw-star/episode-22/,https://animehistory.org/gallery/screencaps/outlaw-star/episode-22/?page=3,3,2026-10-07T01:50:25.426011+00:00,4f02916d14dd2da79326c1f2cc2844bb035d6194d1a9df89c30ffe8c8cd88959,,UNVERIFIED
EP-22,Gravity Jailbreak,00:16:01,961,854445,https://animehistory.org/uploads/screencaps/outlaw-star-E022-Gravity-Jailbreak/cap_00-16-01_2dac.jpg,Outlaw Star Ep 22: Gravity Jailbreak @ 00:16:01,https://animehistory.org/gallery/screencaps/outlaw-star/episode-22/,https://animehistory.org/gallery/screencaps/outlaw-star/episode-22/?page=3,3,2026-10-07T01:50:25.426011+00:00,4f02916d14dd2da79326c1f2cc2844bb035d6194d1a9df89c30ffe8c8cd88959,,UNVERIFIED
EP-22,Gravity Jailbreak,00:16:05,965,854446,https://animehistory.org/uploads/screencaps/outlaw-star-E022-Gravity-Jailbreak/cap_00-16-05_4537.jpg,Outlaw Star Ep 22: Gravity Jailbreak @ 00:16:05,https://animehistory.org/gallery/screencaps/outlaw-star/episode-22/,https://animehistory.org/gallery/screencaps/outlaw-star/episode-22/?page=3,3,2026-10-07T01:50:25.426011+00:00,4f02916d14dd2da79326c1f2cc2844bb035d6194d1a9df89c30ffe8c8cd88959,,UNVERIFIED
EP-22,Gravity Jailbreak,00:16:08,968,854447,https://animehistory.org/uploads/screencaps/outlaw-star-E022-Gravity-Jailbreak/cap_00-16-08_6db0.jpg,Outlaw Star Ep 22: Gravity Jailbreak @ 00:16:08,https://animehistory.org/gallery/screencaps/outlaw-star/episode-22/,https://animehistory.org/gallery/screencaps/outlaw-star/episode-22/?page=3,3,2026-10-07T01:50:25.426011+00:00,4f02916d14dd2da79326c1f2cc2844bb035d6194d1a9df89c30ffe8c8cd88959,,UNVERIFIED
EP-22,Gravity Jailbreak,00:16:12,972,854448,https://animehistory.org/uploads/screencaps/outlaw-star-E022-Gravity-Jailbreak/cap_00-16-12_0271.jpg,Outlaw Star Ep 22: Gravity Jailbreak @ 00:16:12,https://animehistory.org/gallery/screencaps/outlaw-star/episode-22/,https://animehistory.org/gallery/screencaps/outlaw-star/episode-22/?page=3,3,2026-10-07T01:50:25.426011+00:00,4f02916d14dd2da79326c1f2cc2844bb035d6194d1a9df89c30ffe8c8cd88959,,UNVERIFIED
EP-22,Gravity Jailbreak,00:16:16,976,854449,https://animehistory.org/uploads/screencaps/outlaw-star-E022-Gravity-Jailbreak/cap_00-16-16_6ff3.jpg,Outlaw Star Ep 22: Gravity Jailbreak @ 00:16:16,https://animehistory.org/gallery/screencaps/outlaw-star/episode-22/,https://animehistory.org/gallery/screencaps/outlaw-star/episode-22/?page=3,3,2026-10-07T01:50:25.426011+00:00,4f02916d14dd2da79326c1f2cc2844bb035d6194d1a9df89c30ffe8c8cd88959,,UNVERIFIED
EP-22,Gravity Jailbreak,00:16:19,979,854450,https://animehistory.org/uploads/screencaps/outlaw-star-E022-Gravity-Jailbreak/cap_00-16-19_31dc.jpg,Outlaw Star Ep 22: Gravity Jailbreak @ 00:16:19,https://animehistory.org/gallery/screencaps/outlaw-star/episode-22/,https://animehistory.org/gallery/screencaps/outlaw-star/episode-22/?page=3,3,2026-10-07T01:50:25.426011+00:00,4f02916d14dd2da79326c1f2cc2844bb035d6194d1a9df89c30ffe8c8cd88959,,UNVERIFIED
EP-22,Gravity Jailbreak,00:16:23,983,854451,https://animehistory.org/uploads/screencaps/outlaw-star-E022-Gravity-Jailbreak/cap_00-16-23_33a4.jpg,Outlaw Star Ep 22: Gravity Jailbreak @ 00:16:23,https://animehistory.org/gallery/screencaps/outlaw-star/episode-22/,https://animehistory.org/gallery/screencaps/outlaw-star/episode-22/?page=3,3,2026-10-07T01:50:25.426011+00:00,4f02916d14dd2da79326c1f2cc2844bb035d6194d1a9df89c30ffe8c8cd88959,,UNVERIFIED
EP-22,Gravity Jailbreak,00:16:26,986,854452,https://animehistory.org/uploads/screencaps/outlaw-star-E022-Gravity-Jailbreak/cap_00-16-26_63c2.jpg,Outlaw Star Ep 22: Gravity Jailbreak @ 00:16:26,https://animehistory.org/gallery/screencaps/outlaw-star/episode-22/,https://animehistory.org/gallery/screencaps/outlaw-star/episode-22/?page=3,3,2026-10-07T01:50:25.426011+00:00,4f02916d14dd2da79326c1f2cc2844bb035d6194d1a9df89c30ffe8c8cd88959,,UNVERIFIED
EP-22,Gravity Jailbreak,00:16:30,990,854453,https://animehistory.org/uploads/screencaps/outlaw-star-E022-Gravity-Jailbreak/cap_00-16-30_1d8b.jpg,Outlaw Star Ep 22: Gravity Jailbreak @ 00:16:30,https://animehistory.org/gallery/screencaps/outlaw-star/episode-22/,https://animehistory.org/gallery/screencaps/outlaw-star/episode-22/?page=3,3,2026-10-07T01:50:25.426011+00:00,4f02916d14dd2da79326c1f2cc2844bb035d6194d1a9df89c30ffe8c8cd88959,,UNVERIFIED
EP-22,Gravity Jailbreak,00:16:34,994,854454,https://animehistory.org/uploads/screencaps/outlaw-star-E022-Gravity-Jailbreak/cap_00-16-34_2380.jpg,Outlaw Star Ep 22: Gravity Jailbreak @ 00:16:34,https://animehistory.org/gallery/screencaps/outlaw-star/episode-22/,https://animehistory.org/gallery/screencaps/outlaw-star/episode-22/?page=3,3,2026-10-07T01:50:25.426011+00:00,4f02916d14dd2da79326c1f2cc2844bb035d6194d1a9df89c30ffe8c8cd88959,,UNVERIFIED
EP-22,Gravity Jailbreak,00:16:37,997,854455,https://animehistory.org/uploads/screencaps/outlaw-star-E022-Gravity-Jailbreak/cap_00-16-37_2d7b.jpg,Outlaw Star Ep 22: Gravity Jailbreak @ 00:16:37,https://animehistory.org/gallery/screencaps/outlaw-star/episode-22/,https://animehistory.org/gallery/screencaps/outlaw-star/episode-22/?page=3,3,2026-10-07T01:50:25.426011+00:00,4f02916d14dd2da79326c1f2cc2844bb035d6194d1a9df89c30ffe8c8cd88959,,UNVERIFIED
EP-22,Gravity Jailbreak,00:16:41,1001,854456,https://animehistory.org/uploads/screencaps/outlaw-star-E022-Gravity-Jailbreak/cap_00-16-41_5584.jpg,Outlaw Star Ep 22: Gravity Jailbreak @ 00:16:41,https://animehistory.org/gallery/screencaps/outlaw-star/episode-22/,https://animehistory.org/gallery/screencaps/outlaw-star/episode-22/?page=3,3,2026-10-07T01:50:25.426011+00:00,4f02916d14dd2da79326c1f2cc2844bb035d6194d1a9df89c30ffe8c8cd88959,,UNVERIFIED
EP-22,Gravity Jailbreak,00:16:45,1005,854457,https://animehistory.org/uploads/screencaps/outlaw-star-E022-Gravity-Jailbreak/cap_00-16-45_0787.jpg,Outlaw Star Ep 22: Gravity Jailbreak @ 00:16:45,https://animehistory.org/gallery/screencaps/outlaw-star/episode-22/,https://animehistory.org/gallery/screencaps/outlaw-star/episode-22/?page=3,3,2026-10-07T01:50:25.426011+00:00,4f02916d14dd2da79326c1f2cc2844bb035d6194d1a9df89c30ffe8c8cd88959,,UNVERIFIED
EP-22,Gravity Jailbreak,00:16:48,1008,854458,https://animehistory.org/uploads/screencaps/outlaw-star-E022-Gravity-Jailbreak/cap_00-16-48_1ff3.jpg,Outlaw Star Ep 22: Gravity Jailbreak @ 00:16:48,https://animehistory.org/gallery/screencaps/outlaw-star/episode-22/,https://animehistory.org/gallery/screencaps/outlaw-star/episode-22/?page=3,3,2026-10-07T01:50:25.426011+00:00,4f02916d14dd2da79326c1f2cc2844bb035d6194d1a9df89c30ffe8c8cd88959,,UNVERIFIED
EP-22,Gravity Jailbreak,00:16:52,1012,854459,https://animehistory.org/uploads/screencaps/outlaw-star-E022-Gravity-Jailbreak/cap_00-16-52_6e71.jpg,Outlaw Star Ep 22: Gravity Jailbreak @ 00:16:52,https://animehistory.org/gallery/screencaps/outlaw-star/episode-22/,https://animehistory.org/gallery/screencaps/outlaw-star/episode-22/?page=3,3,2026-10-07T01:50:25.426011+00:00,4f02916d14dd2da79326c1f2cc2844bb035d6194d1a9df89c30ffe8c8cd88959,,UNVERIFIED
EP-22,Gravity Jailbreak,00:16:55,1015,854460,https://animehistory.org/uploads/screencaps/outlaw-star-E022-Gravity-Jailbreak/cap_00-16-55_4a65.jpg,Outlaw Star Ep 22: Gravity Jailbreak @ 00:16:55,https://animehistory.org/gallery/screencaps/outlaw-star/episode-22/,https://animehistory.org/gallery/screencaps/outlaw-star/episode-22/?page=3,3,2026-10-07T01:50:25.426011+00:00,4f02916d14dd2da79326c1f2cc2844bb035d6194d1a9df89c30ffe8c8cd88959,,UNVERIFIED
EP-22,Gravity Jailbreak,00:16:59,1019,854461,https://animehistory.org/uploads/screencaps/outlaw-star-E022-Gravity-Jailbreak/cap_00-16-59_203e.jpg,Outlaw Star Ep 22: Gravity Jailbreak @ 00:16:59,https://animehistory.org/gallery/screencaps/outlaw-star/episode-22/,https://animehistory.org/gallery/screencaps/outlaw-star/episode-22/?page=3,3,2026-10-07T01:50:25.426011+00:00,4f02916d14dd2da79326c1f2cc2844bb035d6194d1a9df89c30ffe8c8cd88959,,UNVERIFIED
EP-22,Gravity Jailbreak,00:17:03,1023,854462,https://animehistory.org/uploads/screencaps/outlaw-star-E022-Gravity-Jailbreak/cap_00-17-03_485e.jpg,Outlaw Star Ep 22: Gravity Jailbreak @ 00:17:03,https://animehistory.org/gallery/screencaps/outlaw-star/episode-22/,https://animehistory.org/gallery/screencaps/outlaw-star/episode-22/?page=3,3,2026-10-07T01:50:25.426011+00:00,4f02916d14dd2da79326c1f2cc2844bb035d6194d1a9df89c30ffe8c8cd88959,,UNVERIFIED
EP-22,Gravity Jailbreak,00:17:06,1026,854463,https://animehistory.org/uploads/screencaps/outlaw-star-E022-Gravity-Jailbreak/cap_00-17-06_02ba.jpg,Outlaw Star Ep 22: Gravity Jailbreak @ 00:17:06,https://animehistory.org/gallery/screencaps/outlaw-star/episode-22/,https://animehistory.org/gallery/screencaps/outlaw-star/episode-22/?page=3,3,2026-10-07T01:50:25.426011+00:00,4f02916d14dd2da79326c1f2cc2844bb035d6194d1a9df89c30ffe8c8cd88959,,UNVERIFIED
EP-22,Gravity Jailbreak,00:17:10,1030,854464,https://animehistory.org/uploads/screencaps/outlaw-star-E022-Gravity-Jailbreak/cap_00-17-10_240a.jpg,Outlaw Star Ep 22: Gravity Jailbreak @ 00:17:10,https://animehistory.org/gallery/screencaps/outlaw-star/episode-22/,https://animehistory.org/gallery/screencaps/outlaw-star/episode-22/?page=3,3,2026-10-07T01:50:25.426011+00:00,4f02916d14dd2da79326c1f2cc2844bb035d6194d1a9df89c30ffe8c8cd88959,,UNVERIFIED
EP-22,Gravity Jailbreak,00:17:13,1033,854465,https://animehistory.org/uploads/screencaps/outlaw-star-E022-Gravity-Jailbreak/cap_00-17-13_206c.jpg,Outlaw Star Ep 22: Gravity Jailbreak @ 00:17:13,https://animehistory.org/gallery/screencaps/outlaw-star/episode-22/,https://animehistory.org/gallery/screencaps/outlaw-star/episode-22/?page=3,3,2026-10-07T01:50:25.426011+00:00,4f02916d14dd2da79326c1f2cc2844bb035d6194d1a9df89c30ffe8c8cd88959,,UNVERIFIED
EP-22,Gravity Jailbreak,00:17:17,1037,854466,https://animehistory.org/uploads/screencaps/outlaw-star-E022-Gravity-Jailbreak/cap_00-17-17_7e1f.jpg,Outlaw Star Ep 22: Gravity Jailbreak @ 00:17:17,https://animehistory.org/gallery/screencaps/outlaw-star/episode-22/,https://animehistory.org/gallery/screencaps/outlaw-star/episode-22/?page=3,3,2026-10-07T01:50:25.426011+00:00,4f02916d14dd2da79326c1f2cc2844bb035d6194d1a9df89c30ffe8c8cd88959,,UNVERIFIED
EP-22,Gravity Jailbreak,00:17:21,1041,854467,https://animehistory.org/uploads/screencaps/outlaw-star-E022-Gravity-Jailbreak/cap_00-17-21_6626.jpg,Outlaw Star Ep 22: Gravity Jailbreak @ 00:17:21,https://animehistory.org/gallery/screencaps/outlaw-star/episode-22/,https://animehistory.org/gallery/screencaps/outlaw-star/episode-22/?page=3,3,2026-10-07T01:50:25.426011+00:00,4f02916d14dd2da79326c1f2cc2844bb035d6194d1a9df89c30ffe8c8cd88959,,UNVERIFIED
EP-22,Gravity Jailbreak,00:17:24,1044,854468,https://animehistory.org/uploads/screencaps/outlaw-star-E022-Gravity-Jailbreak/cap_00-17-24_1a49.jpg,Outlaw Star Ep 22: Gravity Jailbreak @ 00:17:24,https://animehistory.org/gallery/screencaps/outlaw-star/episode-22/,https://animehistory.org/gallery/screencaps/outlaw-star/episode-22/?page=3,3,2026-10-07T01:50:25.426011+00:00,4f02916d14dd2da79326c1f2cc2844bb035d6194d1a9df89c30ffe8c8cd88959,,UNVERIFIED
EP-22,Gravity Jailbreak,00:17:28,1048,854469,https://animehistory.org/uploads/screencaps/outlaw-star-E022-Gravity-Jailbreak/cap_00-17-28_1746.jpg,Outlaw Star Ep 22: Gravity Jailbreak @ 00:17:28,https://animehistory.org/gallery/screencaps/outlaw-star/episode-22/,https://animehistory.org/gallery/screencaps/outlaw-star/episode-22/?page=3,3,2026-10-07T01:50:25.426011+00:00,4f02916d14dd2da79326c1f2cc2844bb035d6194d1a9df89c30ffe8c8cd88959,,UNVERIFIED
EP-22,Gravity Jailbreak,00:17:31,1051,854470,https://animehistory.org/uploads/screencaps/outlaw-star-E022-Gravity-Jailbreak/cap_00-17-31_03a8.jpg,Outlaw Star Ep 22: Gravity Jailbreak @ 00:17:31,https://animehistory.org/gallery/screencaps/outlaw-star/episode-22/,https://animehistory.org/gallery/screencaps/outlaw-star/episode-22/?page=3,3,2026-10-07T01:50:25.426011+00:00,4f02916d14dd2da79326c1f2cc2844bb035d6194d1a9df89c30ffe8c8cd88959,,UNVERIFIED
EP-22,Gravity Jailbreak,00:17:35,1055,854471,https://animehistory.org/uploads/screencaps/outlaw-star-E022-Gravity-Jailbreak/cap_00-17-35_4367.jpg,Outlaw Star Ep 22: Gravity Jailbreak @ 00:17:35,https://animehistory.org/gallery/screencaps/outlaw-star/episode-22/,https://animehistory.org/gallery/screencaps/outlaw-star/episode-22/?page=3,3,2026-10-07T01:50:25.426011+00:00,4f02916d14dd2da79326c1f2cc2844bb035d6194d1a9df89c30ffe8c8cd88959,,UNVERIFIED
EP-22,Gravity Jailbreak,00:17:39,1059,854472,https://animehistory.org/uploads/screencaps/outlaw-star-E022-Gravity-Jailbreak/cap_00-17-39_196f.jpg,Outlaw Star Ep 22: Gravity Jailbreak @ 00:17:39,https://animehistory.org/gallery/screencaps/outlaw-star/episode-22/,https://animehistory.org/gallery/screencaps/outlaw-star/episode-22/?page=3,3,2026-10-07T01:50:25.426011+00:00,4f02916d14dd2da79326c1f2cc2844bb035d6194d1a9df89c30ffe8c8cd88959,,UNVERIFIED
EP-22,Gravity Jailbreak,00:17:42,1062,854473,https://animehistory.org/uploads/screencaps/outlaw-star-E022-Gravity-Jailbreak/cap_00-17-42_7b33.jpg,Outlaw Star Ep 22: Gravity Jailbreak @ 00:17:42,https://animehistory.org/gallery/screencaps/outlaw-star/episode-22/,https://animehistory.org/gallery/screencaps/outlaw-star/episode-22/?page=3,3,2026-10-07T01:50:25.426011+00:00,4f02916d14dd2da79326c1f2cc2844bb035d6194d1a9df89c30ffe8c8cd88959,,UNVERIFIED
EP-22,Gravity Jailbreak,00:17:46,1066,854474,https://animehistory.org/uploads/screencaps/outlaw-star-E022-Gravity-Jailbreak/cap_00-17-46_4a88.jpg,Outlaw Star Ep 22: Gravity Jailbreak @ 00:17:46,https://animehistory.org/gallery/screencaps/outlaw-star/episode-22/,https://animehistory.org/gallery/screencaps/outlaw-star/episode-22/?page=3,3,2026-10-07T01:50:25.426011+00:00,4f02916d14dd2da79326c1f2cc2844bb035d6194d1a9df89c30ffe8c8cd88959,,UNVERIFIED
EP-22,Gravity Jailbreak,00:17:49,1069,854475,https://animehistory.org/uploads/screencaps/outlaw-star-E022-Gravity-Jailbreak/cap_00-17-49_3b4c.jpg,Outlaw Star Ep 22: Gravity Jailbreak @ 00:17:49,https://animehistory.org/gallery/screencaps/outlaw-star/episode-22/,https://animehistory.org/gallery/screencaps/outlaw-star/episode-22/?page=3,3,2026-10-07T01:50:25.426011+00:00,4f02916d14dd2da79326c1f2cc2844bb035d6194d1a9df89c30ffe8c8cd88959,,UNVERIFIED
EP-22,Gravity Jailbreak,00:17:53,1073,854476,https://animehistory.org/uploads/screencaps/outlaw-star-E022-Gravity-Jailbreak/cap_00-17-53_51a8.jpg,Outlaw Star Ep 22: Gravity Jailbreak @ 00:17:53,https://animehistory.org/gallery/screencaps/outlaw-star/episode-22/,https://animehistory.org/gallery/screencaps/outlaw-star/episode-22/?page=3,3,2026-10-07T01:50:25.426011+00:00,4f02916d14dd2da79326c1f2cc2844bb035d6194d1a9df89c30ffe8c8cd88959,,UNVERIFIED
EP-22,Gravity Jailbreak,00:17:57,1077,854477,https://animehistory.org/uploads/screencaps/outlaw-star-E022-Gravity-Jailbreak/cap_00-17-57_598f.jpg,Outlaw Star Ep 22: Gravity Jailbreak @ 00:17:57,https://animehistory.org/gallery/screencaps/outlaw-star/episode-22/,https://animehistory.org/gallery/screencaps/outlaw-star/episode-22/?page=3,3,2026-10-07T01:50:25.426011+00:00,4f02916d14dd2da79326c1f2cc2844bb035d6194d1a9df89c30ffe8c8cd88959,,UNVERIFIED
EP-22,Gravity Jailbreak,00:18:00,1080,854478,https://animehistory.org/uploads/screencaps/outlaw-star-E022-Gravity-Jailbreak/cap_00-18-00_59f7.jpg,Outlaw Star Ep 22: Gravity Jailbreak @ 00:18:00,https://animehistory.org/gallery/screencaps/outlaw-star/episode-22/,https://animehistory.org/gallery/screencaps/outlaw-star/episode-22/?page=3,3,2026-10-07T01:50:25.426011+00:00,4f02916d14dd2da79326c1f2cc2844bb035d6194d1a9df89c30ffe8c8cd88959,,UNVERIFIED
EP-22,Gravity Jailbreak,00:18:04,1084,854479,https://animehistory.org/uploads/screencaps/outlaw-star-E022-Gravity-Jailbreak/cap_00-18-04_606f.jpg,Outlaw Star Ep 22: Gravity Jailbreak @ 00:18:04,https://animehistory.org/gallery/screencaps/outlaw-star/episode-22/,https://animehistory.org/gallery/screencaps/outlaw-star/episode-22/?page=3,3,2026-10-07T01:50:25.426011+00:00,4f02916d14dd2da79326c1f2cc2844bb035d6194d1a9df89c30ffe8c8cd88959,,UNVERIFIED
EP-22,Gravity Jailbreak,00:18:07,1087,854480,https://animehistory.org/uploads/screencaps/outlaw-star-E022-Gravity-Jailbreak/cap_00-18-07_3cab.jpg,Outlaw Star Ep 22: Gravity Jailbreak @ 00:18:07,https://animehistory.org/gallery/screencaps/outlaw-star/episode-22/,https://animehistory.org/gallery/screencaps/outlaw-star/episode-22/?page=3,3,2026-10-07T01:50:25.426011+00:00,4f02916d14dd2da79326c1f2cc2844bb035d6194d1a9df89c30ffe8c8cd88959,,UNVERIFIED
EP-22,Gravity Jailbreak,00:18:11,1091,854481,https://animehistory.org/uploads/screencaps/outlaw-star-E022-Gravity-Jailbreak/cap_00-18-11_116c.jpg,Outlaw Star Ep 22: Gravity Jailbreak @ 00:18:11,https://animehistory.org/gallery/screencaps/outlaw-star/episode-22/,https://animehistory.org/gallery/screencaps/outlaw-star/episode-22/?page=3,3,2026-10-07T01:50:25.426011+00:00,4f02916d14dd2da79326c1f2cc2844bb035d6194d1a9df89c30ffe8c8cd88959,,UNVERIFIED
EP-22,Gravity Jailbreak,00:18:15,1095,854482,https://animehistory.org/uploads/screencaps/outlaw-star-E022-Gravity-Jailbreak/cap_00-18-15_527e.jpg,Outlaw Star Ep 22: Gravity Jailbreak @ 00:18:15,https://animehistory.org/gallery/screencaps/outlaw-star/episode-22/,https://animehistory.org/gallery/screencaps/outlaw-star/episode-22/?page=3,3,2026-10-07T01:50:25.426011+00:00,4f02916d14dd2da79326c1f2cc2844bb035d6194d1a9df89c30ffe8c8cd88959,,UNVERIFIED
EP-22,Gravity Jailbreak,00:18:18,1098,854483,https://animehistory.org/uploads/screencaps/outlaw-star-E022-Gravity-Jailbreak/cap_00-18-18_44db.jpg,Outlaw Star Ep 22: Gravity Jailbreak @ 00:18:18,https://animehistory.org/gallery/screencaps/outlaw-star/episode-22/,https://animehistory.org/gallery/screencaps/outlaw-star/episode-22/?page=3,3,2026-10-07T01:50:25.426011+00:00,4f02916d14dd2da79326c1f2cc2844bb035d6194d1a9df89c30ffe8c8cd88959,,UNVERIFIED
EP-22,Gravity Jailbreak,00:18:22,1102,854484,https://animehistory.org/uploads/screencaps/outlaw-star-E022-Gravity-Jailbreak/cap_00-18-22_53ba.jpg,Outlaw Star Ep 22: Gravity Jailbreak @ 00:18:22,https://animehistory.org/gallery/screencaps/outlaw-star/episode-22/,https://animehistory.org/gallery/screencaps/outlaw-star/episode-22/?page=3,3,2026-10-07T01:50:25.426011+00:00,4f02916d14dd2da79326c1f2cc2844bb035d6194d1a9df89c30ffe8c8cd88959,,UNVERIFIED
EP-22,Gravity Jailbreak,00:18:25,1105,854485,https://animehistory.org/uploads/screencaps/outlaw-star-E022-Gravity-Jailbreak/cap_00-18-25_2507.jpg,Outlaw Star Ep 22: Gravity Jailbreak @ 00:18:25,https://animehistory.org/gallery/screencaps/outlaw-star/episode-22/,https://animehistory.org/gallery/screencaps/outlaw-star/episode-22/?page=3,3,2026-10-07T01:50:25.426011+00:00,4f02916d14dd2da79326c1f2cc2844bb035d6194d1a9df89c30ffe8c8cd88959,,UNVERIFIED
EP-22,Gravity Jailbreak,00:18:29,1109,854486,https://animehistory.org/uploads/screencaps/outlaw-star-E022-Gravity-Jailbreak/cap_00-18-29_07d7.jpg,Outlaw Star Ep 22: Gravity Jailbreak @ 00:18:29,https://animehistory.org/gallery/screencaps/outlaw-star/episode-22/,https://animehistory.org/gallery/screencaps/outlaw-star/episode-22/?page=3,3,2026-10-07T01:50:25.426011+00:00,4f02916d14dd2da79326c1f2cc2844bb035d6194d1a9df89c30ffe8c8cd88959,,UNVERIFIED
EP-22,Gravity Jailbreak,00:18:33,1113,854487,https://animehistory.org/uploads/screencaps/outlaw-star-E022-Gravity-Jailbreak/cap_00-18-33_5136.jpg,Outlaw Star Ep 22: Gravity Jailbreak @ 00:18:33,https://animehistory.org/gallery/screencaps/outlaw-star/episode-22/,https://animehistory.org/gallery/screencaps/outlaw-star/episode-22/?page=3,3,2026-10-07T01:50:25.426011+00:00,4f02916d14dd2da79326c1f2cc2844bb035d6194d1a9df89c30ffe8c8cd88959,,UNVERIFIED
EP-22,Gravity Jailbreak,00:18:36,1116,854488,https://animehistory.org/uploads/screencaps/outlaw-star-E022-Gravity-Jailbreak/cap_00-18-36_4025.jpg,Outlaw Star Ep 22: Gravity Jailbreak @ 00:18:36,https://animehistory.org/gallery/screencaps/outlaw-star/episode-22/,https://animehistory.org/gallery/screencaps/outlaw-star/episode-22/?page=3,3,2026-10-07T01:50:25.426011+00:00,4f02916d14dd2da79326c1f2cc2844bb035d6194d1a9df89c30ffe8c8cd88959,,UNVERIFIED
EP-22,Gravity Jailbreak,00:18:40,1120,854489,https://animehistory.org/uploads/screencaps/outlaw-star-E022-Gravity-Jailbreak/cap_00-18-40_0299.jpg,Outlaw Star Ep 22: Gravity Jailbreak @ 00:18:40,https://animehistory.org/gallery/screencaps/outlaw-star/episode-22/,https://animehistory.org/gallery/screencaps/outlaw-star/episode-22/?page=3,3,2026-10-07T01:50:25.426011+00:00,4f02916d14dd2da79326c1f2cc2844bb035d6194d1a9df89c30ffe8c8cd88959,,UNVERIFIED
EP-22,Gravity Jailbreak,00:18:44,1124,854490,https://animehistory.org/uploads/screencaps/outlaw-star-E022-Gravity-Jailbreak/cap_00-18-44_39df.jpg,Outlaw Star Ep 22: Gravity Jailbreak @ 00:18:44,https://animehistory.org/gallery/screencaps/outlaw-star/episode-22/,https://animehistory.org/gallery/screencaps/outlaw-star/episode-22/?page=3,3,2026-10-07T01:50:25.426011+00:00,4f02916d14dd2da79326c1f2cc2844bb035d6194d1a9df89c30ffe8c8cd88959,,UNVERIFIED
EP-22,Gravity Jailbreak,00:18:47,1127,854491,https://animehistory.org/uploads/screencaps/outlaw-star-E022-Gravity-Jailbreak/cap_00-18-47_2443.jpg,Outlaw Star Ep 22: Gravity Jailbreak @ 00:18:47,https://animehistory.org/gallery/screencaps/outlaw-star/episode-22/,https://animehistory.org/gallery/screencaps/outlaw-star/episode-22/?page=3,3,2026-10-07T01:50:25.426011+00:00,4f02916d14dd2da79326c1f2cc2844bb035d6194d1a9df89c30ffe8c8cd88959,,UNVERIFIED
EP-22,Gravity Jailbreak,00:18:51,1131,854492,https://animehistory.org/uploads/screencaps/outlaw-star-E022-Gravity-Jailbreak/cap_00-18-51_2756.jpg,Outlaw Star Ep 22: Gravity Jailbreak @ 00:18:51,https://animehistory.org/gallery/screencaps/outlaw-star/episode-22/,https://animehistory.org/gallery/screencaps/outlaw-star/episode-22/?page=3,3,2026-10-07T01:50:25.426011+00:00,4f02916d14dd2da79326c1f2cc2844bb035d6194d1a9df89c30ffe8c8cd88959,,UNVERIFIED
EP-22,Gravity Jailbreak,00:18:54,1134,854493,https://animehistory.org/uploads/screencaps/outlaw-star-E022-Gravity-Jailbreak/cap_00-18-54_33fd.jpg,Outlaw Star Ep 22: Gravity Jailbreak @ 00:18:54,https://animehistory.org/gallery/screencaps/outlaw-star/episode-22/,https://animehistory.org/gallery/screencaps/outlaw-star/episode-22/?page=3,3,2026-10-07T01:50:25.426011+00:00,4f02916d14dd2da79326c1f2cc2844bb035d6194d1a9df89c30ffe8c8cd88959,,UNVERIFIED
EP-22,Gravity Jailbreak,00:18:58,1138,854494,https://animehistory.org/uploads/screencaps/outlaw-star-E022-Gravity-Jailbreak/cap_00-18-58_3a3a.jpg,Outlaw Star Ep 22: Gravity Jailbreak @ 00:18:58,https://animehistory.org/gallery/screencaps/outlaw-star/episode-22/,https://animehistory.org/gallery/screencaps/outlaw-star/episode-22/?page=3,3,2026-10-07T01:50:25.426011+00:00,4f02916d14dd2da79326c1f2cc2844bb035d6194d1a9df89c30ffe8c8cd88959,,UNVERIFIED
EP-22,Gravity Jailbreak,00:19:02,1142,854495,https://animehistory.org/uploads/screencaps/outlaw-star-E022-Gravity-Jailbreak/cap_00-19-02_3a71.jpg,Outlaw Star Ep 22: Gravity Jailbreak @ 00:19:02,https://animehistory.org/gallery/screencaps/outlaw-star/episode-22/,https://animehistory.org/gallery/screencaps/outlaw-star/episode-22/?page=3,3,2026-10-07T01:50:25.426011+00:00,4f02916d14dd2da79326c1f2cc2844bb035d6194d1a9df89c30ffe8c8cd88959,,UNVERIFIED
EP-22,Gravity Jailbreak,00:19:05,1145,854496,https://animehistory.org/uploads/screencaps/outlaw-star-E022-Gravity-Jailbreak/cap_00-19-05_7d8b.jpg,Outlaw Star Ep 22: Gravity Jailbreak @ 00:19:05,https://animehistory.org/gallery/screencaps/outlaw-star/episode-22/,https://animehistory.org/gallery/screencaps/outlaw-star/episode-22/?page=3,3,2026-10-07T01:50:25.426011+00:00,4f02916d14dd2da79326c1f2cc2844bb035d6194d1a9df89c30ffe8c8cd88959,,UNVERIFIED
EP-22,Gravity Jailbreak,00:19:09,1149,854497,https://animehistory.org/uploads/screencaps/outlaw-star-E022-Gravity-Jailbreak/cap_00-19-09_2783.jpg,Outlaw Star Ep 22: Gravity Jailbreak @ 00:19:09,https://animehistory.org/gallery/screencaps/outlaw-star/episode-22/,https://animehistory.org/gallery/screencaps/outlaw-star/episode-22/?page=3,3,2026-10-07T01:50:25.426011+00:00,4f02916d14dd2da79326c1f2cc2844bb035d6194d1a9df89c30ffe8c8cd88959,,UNVERIFIED
EP-22,Gravity Jailbreak,00:19:12,1152,854498,https://animehistory.org/uploads/screencaps/outlaw-star-E022-Gravity-Jailbreak/cap_00-19-12_35f8.jpg,Outlaw Star Ep 22: Gravity Jailbreak @ 00:19:12,https://animehistory.org/gallery/screencaps/outlaw-star/episode-22/,https://animehistory.org/gallery/screencaps/outlaw-star/episode-22/?page=3,3,2026-10-07T01:50:25.426011+00:00,4f02916d14dd2da79326c1f2cc2844bb035d6194d1a9df89c30ffe8c8cd88959,,UNVERIFIED
EP-22,Gravity Jailbreak,00:19:16,1156,854499,https://animehistory.org/uploads/screencaps/outlaw-star-E022-Gravity-Jailbreak/cap_00-19-16_4316.jpg,Outlaw Star Ep 22: Gravity Jailbreak @ 00:19:16,https://animehistory.org/gallery/screencaps/outlaw-star/episode-22/,https://animehistory.org/gallery/screencaps/outlaw-star/episode-22/?page=3,3,2026-10-07T01:50:25.426011+00:00,4f02916d14dd2da79326c1f2cc2844bb035d6194d1a9df89c30ffe8c8cd88959,,UNVERIFIED
EP-22,Gravity Jailbreak,00:19:20,1160,854500,https://animehistory.org/uploads/screencaps/outlaw-star-E022-Gravity-Jailbreak/cap_00-19-20_6138.jpg,Outlaw Star Ep 22: Gravity Jailbreak @ 00:19:20,https://animehistory.org/gallery/screencaps/outlaw-star/episode-22/,https://animehistory.org/gallery/screencaps/outlaw-star/episode-22/?page=3,3,2026-10-07T01:50:25.426011+00:00,4f02916d14dd2da79326c1f2cc2844bb035d6194d1a9df89c30ffe8c8cd88959,,UNVERIFIED
EP-22,Gravity Jailbreak,00:19:23,1163,854501,https://animehistory.org/uploads/screencaps/outlaw-star-E022-Gravity-Jailbreak/cap_00-19-23_15e7.jpg,Outlaw Star Ep 22: Gravity Jailbreak @ 00:19:23,https://animehistory.org/gallery/screencaps/outlaw-star/episode-22/,https://animehistory.org/gallery/screencaps/outlaw-star/episode-22/?page=3,3,2026-10-07T01:50:25.426011+00:00,4f02916d14dd2da79326c1f2cc2844bb035d6194d1a9df89c30ffe8c8cd88959,,UNVERIFIED
EP-22,Gravity Jailbreak,00:19:27,1167,854502,https://animehistory.org/uploads/screencaps/outlaw-star-E022-Gravity-Jailbreak/cap_00-19-27_5c2c.jpg,Outlaw Star Ep 22: Gravity Jailbreak @ 00:19:27,https://animehistory.org/gallery/screencaps/outlaw-star/episode-22/,https://animehistory.org/gallery/screencaps/outlaw-star/episode-22/?page=3,3,2026-10-07T01:50:25.426011+00:00,4f02916d14dd2da79326c1f2cc2844bb035d6194d1a9df89c30ffe8c8cd88959,,UNVERIFIED
EP-22,Gravity Jailbreak,00:19:30,1170,854503,https://animehistory.org/uploads/screencaps/outlaw-star-E022-Gravity-Jailbreak/cap_00-19-30_4e29.jpg,Outlaw Star Ep 22: Gravity Jailbreak @ 00:19:30,https://animehistory.org/gallery/screencaps/outlaw-star/episode-22/,https://animehistory.org/gallery/screencaps/outlaw-star/episode-22/?page=3,3,2026-10-07T01:50:25.426011+00:00,4f02916d14dd2da79326c1f2cc2844bb035d6194d1a9df89c30ffe8c8cd88959,,UNVERIFIED
EP-22,Gravity Jailbreak,00:19:34,1174,854504,https://animehistory.org/uploads/screencaps/outlaw-star-E022-Gravity-Jailbreak/cap_00-19-34_5edf.jpg,Outlaw Star Ep 22: Gravity Jailbreak @ 00:19:34,https://animehistory.org/gallery/screencaps/outlaw-star/episode-22/,https://animehistory.org/gallery/screencaps/outlaw-star/episode-22/?page=3,3,2026-10-07T01:50:25.426011+00:00,4f02916d14dd2da79326c1f2cc2844bb035d6194d1a9df89c30ffe8c8cd88959,,UNVERIFIED
EP-22,Gravity Jailbreak,00:19:38,1178,854505,https://animehistory.org/uploads/screencaps/outlaw-star-E022-Gravity-Jailbreak/cap_00-19-38_7b4a.jpg,Outlaw Star Ep 22: Gravity Jailbreak @ 00:19:38,https://animehistory.org/gallery/screencaps/outlaw-star/episode-22/,https://animehistory.org/gallery/screencaps/outlaw-star/episode-22/?page=3,3,2026-10-07T01:50:25.426011+00:00,4f02916d14dd2da79326c1f2cc2844bb035d6194d1a9df89c30ffe8c8cd88959,,UNVERIFIED
EP-22,Gravity Jailbreak,00:19:41,1181,854506,https://animehistory.org/uploads/screencaps/outlaw-star-E022-Gravity-Jailbreak/cap_00-19-41_0f9e.jpg,Outlaw Star Ep 22: Gravity Jailbreak @ 00:19:41,https://animehistory.org/gallery/screencaps/outlaw-star/episode-22/,https://animehistory.org/gallery/screencaps/outlaw-star/episode-22/?page=3,3,2026-10-07T01:50:25.426011+00:00,4f02916d14dd2da79326c1f2cc2844bb035d6194d1a9df89c30ffe8c8cd88959,,UNVERIFIED
EP-22,Gravity Jailbreak,00:19:45,1185,854507,https://animehistory.org/uploads/screencaps/outlaw-star-E022-Gravity-Jailbreak/cap_00-19-45_63b5.jpg,Outlaw Star Ep 22: Gravity Jailbreak @ 00:19:45,https://animehistory.org/gallery/screencaps/outlaw-star/episode-22/,https://animehistory.org/gallery/screencaps/outlaw-star/episode-22/?page=4,4,2026-10-07T01:50:26.579742+00:00,3d2f5d5f5e526e93c8aa2e8e1d391b7679b09bbad8292614abb4f3be8ff275d8,,UNVERIFIED
EP-22,Gravity Jailbreak,00:19:48,1188,854508,https://animehistory.org/uploads/screencaps/outlaw-star-E022-Gravity-Jailbreak/cap_00-19-48_0780.jpg,Outlaw Star Ep 22: Gravity Jailbreak @ 00:19:48,https://animehistory.org/gallery/screencaps/outlaw-star/episode-22/,https://animehistory.org/gallery/screencaps/outlaw-star/episode-22/?page=4,4,2026-10-07T01:50:26.579742+00:00,3d2f5d5f5e526e93c8aa2e8e1d391b7679b09bbad8292614abb4f3be8ff275d8,,UNVERIFIED
EP-22,Gravity Jailbreak,00:19:52,1192,854509,https://animehistory.org/uploads/screencaps/outlaw-star-E022-Gravity-Jailbreak/cap_00-19-52_3357.jpg,Outlaw Star Ep 22: Gravity Jailbreak @ 00:19:52,https://animehistory.org/gallery/screencaps/outlaw-star/episode-22/,https://animehistory.org/gallery/screencaps/outlaw-star/episode-22/?page=4,4,2026-10-07T01:50:26.579742+00:00,3d2f5d5f5e526e93c8aa2e8e1d391b7679b09bbad8292614abb4f3be8ff275d8,,UNVERIFIED
EP-22,Gravity Jailbreak,00:19:56,1196,854510,https://animehistory.org/uploads/screencaps/outlaw-star-E022-Gravity-Jailbreak/cap_00-19-56_550d.jpg,Outlaw Star Ep 22: Gravity Jailbreak @ 00:19:56,https://animehistory.org/gallery/screencaps/outlaw-star/episode-22/,https://animehistory.org/gallery/screencaps/outlaw-star/episode-22/?page=4,4,2026-10-07T01:50:26.579742+00:00,3d2f5d5f5e526e93c8aa2e8e1d391b7679b09bbad8292614abb4f3be8ff275d8,,UNVERIFIED
EP-22,Gravity Jailbreak,00:19:59,1199,854511,https://animehistory.org/uploads/screencaps/outlaw-star-E022-Gravity-Jailbreak/cap_00-19-59_4f79.jpg,Outlaw Star Ep 22: Gravity Jailbreak @ 00:19:59,https://animehistory.org/gallery/screencaps/outlaw-star/episode-22/,https://animehistory.org/gallery/screencaps/outlaw-star/episode-22/?page=4,4,2026-10-07T01:50:26.579742+00:00,3d2f5d5f5e526e93c8aa2e8e1d391b7679b09bbad8292614abb4f3be8ff275d8,,UNVERIFIED
EP-22,Gravity Jailbreak,00:20:03,1203,854512,https://animehistory.org/uploads/screencaps/outlaw-star-E022-Gravity-Jailbreak/cap_00-20-03_54d4.jpg,Outlaw Star Ep 22: Gravity Jailbreak @ 00:20:03,https://animehistory.org/gallery/screencaps/outlaw-star/episode-22/,https://animehistory.org/gallery/screencaps/outlaw-star/episode-22/?page=4,4,2026-10-07T01:50:26.579742+00:00,3d2f5d5f5e526e93c8aa2e8e1d391b7679b09bbad8292614abb4f3be8ff275d8,,UNVERIFIED
EP-22,Gravity Jailbreak,00:20:06,1206,854513,https://animehistory.org/uploads/screencaps/outlaw-star-E022-Gravity-Jailbreak/cap_00-20-06_2214.jpg,Outlaw Star Ep 22: Gravity Jailbreak @ 00:20:06,https://animehistory.org/gallery/screencaps/outlaw-star/episode-22/,https://animehistory.org/gallery/screencaps/outlaw-star/episode-22/?page=4,4,2026-10-07T01:50:26.579742+00:00,3d2f5d5f5e526e93c8aa2e8e1d391b7679b09bbad8292614abb4f3be8ff275d8,,UNVERIFIED
EP-22,Gravity Jailbreak,00:20:10,1210,854514,https://animehistory.org/uploads/screencaps/outlaw-star-E022-Gravity-Jailbreak/cap_00-20-10_3fa6.jpg,Outlaw Star Ep 22: Gravity Jailbreak @ 00:20:10,https://animehistory.org/gallery/screencaps/outlaw-star/episode-22/,https://animehistory.org/gallery/screencaps/outlaw-star/episode-22/?page=4,4,2026-10-07T01:50:26.579742+00:00,3d2f5d5f5e526e93c8aa2e8e1d391b7679b09bbad8292614abb4f3be8ff275d8,,UNVERIFIED
EP-22,Gravity Jailbreak,00:20:14,1214,854515,https://animehistory.org/uploads/screencaps/outlaw-star-E022-Gravity-Jailbreak/cap_00-20-14_6742.jpg,Outlaw Star Ep 22: Gravity Jailbreak @ 00:20:14,https://animehistory.org/gallery/screencaps/outlaw-star/episode-22/,https://animehistory.org/gallery/screencaps/outlaw-star/episode-22/?page=4,4,2026-10-07T01:50:26.579742+00:00,3d2f5d5f5e526e93c8aa2e8e1d391b7679b09bbad8292614abb4f3be8ff275d8,,UNVERIFIED
EP-22,Gravity Jailbreak,00:20:17,1217,854516,https://animehistory.org/uploads/screencaps/outlaw-star-E022-Gravity-Jailbreak/cap_00-20-17_5d57.jpg,Outlaw Star Ep 22: Gravity Jailbreak @ 00:20:17,https://animehistory.org/gallery/screencaps/outlaw-star/episode-22/,https://animehistory.org/gallery/screencaps/outlaw-star/episode-22/?page=4,4,2026-10-07T01:50:26.579742+00:00,3d2f5d5f5e526e93c8aa2e8e1d391b7679b09bbad8292614abb4f3be8ff275d8,,UNVERIFIED
EP-22,Gravity Jailbreak,00:20:21,1221,854517,https://animehistory.org/uploads/screencaps/outlaw-star-E022-Gravity-Jailbreak/cap_00-20-21_1ecb.jpg,Outlaw Star Ep 22: Gravity Jailbreak @ 00:20:21,https://animehistory.org/gallery/screencaps/outlaw-star/episode-22/,https://animehistory.org/gallery/screencaps/outlaw-star/episode-22/?page=4,4,2026-10-07T01:50:26.579742+00:00,3d2f5d5f5e526e93c8aa2e8e1d391b7679b09bbad8292614abb4f3be8ff275d8,,UNVERIFIED
EP-22,Gravity Jailbreak,00:20:24,1224,854518,https://animehistory.org/uploads/screencaps/outlaw-star-E022-Gravity-Jailbreak/cap_00-20-24_1233.jpg,Outlaw Star Ep 22: Gravity Jailbreak @ 00:20:24,https://animehistory.org/gallery/screencaps/outlaw-star/episode-22/,https://animehistory.org/gallery/screencaps/outlaw-star/episode-22/?page=4,4,2026-10-07T01:50:26.579742+00:00,3d2f5d5f5e526e93c8aa2e8e1d391b7679b09bbad8292614abb4f3be8ff275d8,,UNVERIFIED
EP-22,Gravity Jailbreak,00:20:28,1228,854519,https://animehistory.org/uploads/screencaps/outlaw-star-E022-Gravity-Jailbreak/cap_00-20-28_7cf4.jpg,Outlaw Star Ep 22: Gravity Jailbreak @ 00:20:28,https://animehistory.org/gallery/screencaps/outlaw-star/episode-22/,https://animehistory.org/gallery/screencaps/outlaw-star/episode-22/?page=4,4,2026-10-07T01:50:26.579742+00:00,3d2f5d5f5e526e93c8aa2e8e1d391b7679b09bbad8292614abb4f3be8ff275d8,,UNVERIFIED
EP-22,Gravity Jailbreak,00:20:32,1232,854520,https://animehistory.org/uploads/screencaps/outlaw-star-E022-Gravity-Jailbreak/cap_00-20-32_56e6.jpg,Outlaw Star Ep 22: Gravity Jailbreak @ 00:20:32,https://animehistory.org/gallery/screencaps/outlaw-star/episode-22/,https://animehistory.org/gallery/screencaps/outlaw-star/episode-22/?page=4,4,2026-10-07T01:50:26.579742+00:00,3d2f5d5f5e526e93c8aa2e8e1d391b7679b09bbad8292614abb4f3be8ff275d8,,UNVERIFIED
EP-22,Gravity Jailbreak,00:20:35,1235,854521,https://animehistory.org/uploads/screencaps/outlaw-star-E022-Gravity-Jailbreak/cap_00-20-35_096d.jpg,Outlaw Star Ep 22: Gravity Jailbreak @ 00:20:35,https://animehistory.org/gallery/screencaps/outlaw-star/episode-22/,https://animehistory.org/gallery/screencaps/outlaw-star/episode-22/?page=4,4,2026-10-07T01:50:26.579742+00:00,3d2f5d5f5e526e93c8aa2e8e1d391b7679b09bbad8292614abb4f3be8ff275d8,,UNVERIFIED
EP-22,Gravity Jailbreak,00:20:39,1239,854522,https://animehistory.org/uploads/screencaps/outlaw-star-E022-Gravity-Jailbreak/cap_00-20-39_7463.jpg,Outlaw Star Ep 22: Gravity Jailbreak @ 00:20:39,https://animehistory.org/gallery/screencaps/outlaw-star/episode-22/,https://animehistory.org/gallery/screencaps/outlaw-star/episode-22/?page=4,4,2026-10-07T01:50:26.579742+00:00,3d2f5d5f5e526e93c8aa2e8e1d391b7679b09bbad8292614abb4f3be8ff275d8,,UNVERIFIED
EP-22,Gravity Jailbreak,00:20:42,1242,854523,https://animehistory.org/uploads/screencaps/outlaw-star-E022-Gravity-Jailbreak/cap_00-20-42_6238.jpg,Outlaw Star Ep 22: Gravity Jailbreak @ 00:20:42,https://animehistory.org/gallery/screencaps/outlaw-star/episode-22/,https://animehistory.org/gallery/screencaps/outlaw-star/episode-22/?page=4,4,2026-10-07T01:50:26.579742+00:00,3d2f5d5f5e526e93c8aa2e8e1d391b7679b09bbad8292614abb4f3be8ff275d8,,UNVERIFIED
EP-22,Gravity Jailbreak,00:20:46,1246,854524,https://animehistory.org/uploads/screencaps/outlaw-star-E022-Gravity-Jailbreak/cap_00-20-46_1c21.jpg,Outlaw Star Ep 22: Gravity Jailbreak @ 00:20:46,https://animehistory.org/gallery/screencaps/outlaw-star/episode-22/,https://animehistory.org/gallery/screencaps/outlaw-star/episode-22/?page=4,4,2026-10-07T01:50:26.579742+00:00,3d2f5d5f5e526e93c8aa2e8e1d391b7679b09bbad8292614abb4f3be8ff275d8,,UNVERIFIED
EP-22,Gravity Jailbreak,00:20:50,1250,854525,https://animehistory.org/uploads/screencaps/outlaw-star-E022-Gravity-Jailbreak/cap_00-20-50_51eb.jpg,Outlaw Star Ep 22: Gravity Jailbreak @ 00:20:50,https://animehistory.org/gallery/screencaps/outlaw-star/episode-22/,https://animehistory.org/gallery/screencaps/outlaw-star/episode-22/?page=4,4,2026-10-07T01:50:26.579742+00:00,3d2f5d5f5e526e93c8aa2e8e1d391b7679b09bbad8292614abb4f3be8ff275d8,,UNVERIFIED
EP-22,Gravity Jailbreak,00:20:53,1253,854526,https://animehistory.org/uploads/screencaps/outlaw-star-E022-Gravity-Jailbreak/cap_00-20-53_2042.jpg,Outlaw Star Ep 22: Gravity Jailbreak @ 00:20:53,https://animehistory.org/gallery/screencaps/outlaw-star/episode-22/,https://animehistory.org/gallery/screencaps/outlaw-star/episode-22/?page=4,4,2026-10-07T01:50:26.579742+00:00,3d2f5d5f5e526e93c8aa2e8e1d391b7679b09bbad8292614abb4f3be8ff275d8,,UNVERIFIED
EP-22,Gravity Jailbreak,00:20:57,1257,854527,https://animehistory.org/uploads/screencaps/outlaw-star-E022-Gravity-Jailbreak/cap_00-20-57_05b2.jpg,Outlaw Star Ep 22: Gravity Jailbreak @ 00:20:57,https://animehistory.org/gallery/screencaps/outlaw-star/episode-22/,https://animehistory.org/gallery/screencaps/outlaw-star/episode-22/?page=4,4,2026-10-07T01:50:26.579742+00:00,3d2f5d5f5e526e93c8aa2e8e1d391b7679b09bbad8292614abb4f3be8ff275d8,,UNVERIFIED
EP-22,Gravity Jailbreak,00:21:01,1261,854528,https://animehistory.org/uploads/screencaps/outlaw-star-E022-Gravity-Jailbreak/cap_00-21-01_32e2.jpg,Outlaw Star Ep 22: Gravity Jailbreak @ 00:21:01,https://animehistory.org/gallery/screencaps/outlaw-star/episode-22/,https://animehistory.org/gallery/screencaps/outlaw-star/episode-22/?page=4,4,2026-10-07T01:50:26.579742+00:00,3d2f5d5f5e526e93c8aa2e8e1d391b7679b09bbad8292614abb4f3be8ff275d8,,UNVERIFIED
EP-22,Gravity Jailbreak,00:21:04,1264,854529,https://animehistory.org/uploads/screencaps/outlaw-star-E022-Gravity-Jailbreak/cap_00-21-04_189b.jpg,Outlaw Star Ep 22: Gravity Jailbreak @ 00:21:04,https://animehistory.org/gallery/screencaps/outlaw-star/episode-22/,https://animehistory.org/gallery/screencaps/outlaw-star/episode-22/?page=4,4,2026-10-07T01:50:26.579742+00:00,3d2f5d5f5e526e93c8aa2e8e1d391b7679b09bbad8292614abb4f3be8ff275d8,,UNVERIFIED
EP-22,Gravity Jailbreak,00:21:08,1268,854530,https://animehistory.org/uploads/screencaps/outlaw-star-E022-Gravity-Jailbreak/cap_00-21-08_77a7.jpg,Outlaw Star Ep 22: Gravity Jailbreak @ 00:21:08,https://animehistory.org/gallery/screencaps/outlaw-star/episode-22/,https://animehistory.org/gallery/screencaps/outlaw-star/episode-22/?page=4,4,2026-10-07T01:50:26.579742+00:00,3d2f5d5f5e526e93c8aa2e8e1d391b7679b09bbad8292614abb4f3be8ff275d8,,UNVERIFIED
EP-22,Gravity Jailbreak,00:21:11,1271,854531,https://animehistory.org/uploads/screencaps/outlaw-star-E022-Gravity-Jailbreak/cap_00-21-11_4b21.jpg,Outlaw Star Ep 22: Gravity Jailbreak @ 00:21:11,https://animehistory.org/gallery/screencaps/outlaw-star/episode-22/,https://animehistory.org/gallery/screencaps/outlaw-star/episode-22/?page=4,4,2026-10-07T01:50:26.579742+00:00,3d2f5d5f5e526e93c8aa2e8e1d391b7679b09bbad8292614abb4f3be8ff275d8,,UNVERIFIED
EP-22,Gravity Jailbreak,00:21:15,1275,854532,https://animehistory.org/uploads/screencaps/outlaw-star-E022-Gravity-Jailbreak/cap_00-21-15_7367.jpg,Outlaw Star Ep 22: Gravity Jailbreak @ 00:21:15,https://animehistory.org/gallery/screencaps/outlaw-star/episode-22/,https://animehistory.org/gallery/screencaps/outlaw-star/episode-22/?page=4,4,2026-10-07T01:50:26.579742+00:00,3d2f5d5f5e526e93c8aa2e8e1d391b7679b09bbad8292614abb4f3be8ff275d8,,UNVERIFIED
EP-22,Gravity Jailbreak,00:21:19,1279,854533,https://animehistory.org/uploads/screencaps/outlaw-star-E022-Gravity-Jailbreak/cap_00-21-19_2180.jpg,Outlaw Star Ep 22: Gravity Jailbreak @ 00:21:19,https://animehistory.org/gallery/screencaps/outlaw-star/episode-22/,https://animehistory.org/gallery/screencaps/outlaw-star/episode-22/?page=4,4,2026-10-07T01:50:26.579742+00:00,3d2f5d5f5e526e93c8aa2e8e1d391b7679b09bbad8292614abb4f3be8ff275d8,,UNVERIFIED
EP-22,Gravity Jailbreak,00:21:22,1282,854534,https://animehistory.org/uploads/screencaps/outlaw-star-E022-Gravity-Jailbreak/cap_00-21-22_1000.jpg,Outlaw Star Ep 22: Gravity Jailbreak @ 00:21:22,https://animehistory.org/gallery/screencaps/outlaw-star/episode-22/,https://animehistory.org/gallery/screencaps/outlaw-star/episode-22/?page=4,4,2026-10-07T01:50:26.579742+00:00,3d2f5d5f5e526e93c8aa2e8e1d391b7679b09bbad8292614abb4f3be8ff275d8,,UNVERIFIED
EP-22,Gravity Jailbreak,00:21:26,1286,854535,https://animehistory.org/uploads/screencaps/outlaw-star-E022-Gravity-Jailbreak/cap_00-21-26_2efa.jpg,Outlaw Star Ep 22: Gravity Jailbreak @ 00:21:26,https://animehistory.org/gallery/screencaps/outlaw-star/episode-22/,https://animehistory.org/gallery/screencaps/outlaw-star/episode-22/?page=4,4,2026-10-07T01:50:26.579742+00:00,3d2f5d5f5e526e93c8aa2e8e1d391b7679b09bbad8292614abb4f3be8ff275d8,,UNVERIFIED
EP-22,Gravity Jailbreak,00:21:29,1289,854536,https://animehistory.org/uploads/screencaps/outlaw-star-E022-Gravity-Jailbreak/cap_00-21-29_30d6.jpg,Outlaw Star Ep 22: Gravity Jailbreak @ 00:21:29,https://animehistory.org/gallery/screencaps/outlaw-star/episode-22/,https://animehistory.org/gallery/screencaps/outlaw-star/episode-22/?page=4,4,2026-10-07T01:50:26.579742+00:00,3d2f5d5f5e526e93c8aa2e8e1d391b7679b09bbad8292614abb4f3be8ff275d8,,UNVERIFIED
EP-22,Gravity Jailbreak,00:21:33,1293,854537,https://animehistory.org/uploads/screencaps/outlaw-star-E022-Gravity-Jailbreak/cap_00-21-33_50eb.jpg,Outlaw Star Ep 22: Gravity Jailbreak @ 00:21:33,https://animehistory.org/gallery/screencaps/outlaw-star/episode-22/,https://animehistory.org/gallery/screencaps/outlaw-star/episode-22/?page=4,4,2026-10-07T01:50:26.579742+00:00,3d2f5d5f5e526e93c8aa2e8e1d391b7679b09bbad8292614abb4f3be8ff275d8,,UNVERIFIED
EP-22,Gravity Jailbreak,00:21:37,1297,854538,https://animehistory.org/uploads/screencaps/outlaw-star-E022-Gravity-Jailbreak/cap_00-21-37_0272.jpg,Outlaw Star Ep 22: Gravity Jailbreak @ 00:21:37,https://animehistory.org/gallery/screencaps/outlaw-star/episode-22/,https://animehistory.org/gallery/screencaps/outlaw-star/episode-22/?page=4,4,2026-10-07T01:50:26.579742+00:00,3d2f5d5f5e526e93c8aa2e8e1d391b7679b09bbad8292614abb4f3be8ff275d8,,UNVERIFIED
EP-22,Gravity Jailbreak,00:21:40,1300,854539,https://animehistory.org/uploads/screencaps/outlaw-star-E022-Gravity-Jailbreak/cap_00-21-40_79ac.jpg,Outlaw Star Ep 22: Gravity Jailbreak @ 00:21:40,https://animehistory.org/gallery/screencaps/outlaw-star/episode-22/,https://animehistory.org/gallery/screencaps/outlaw-star/episode-22/?page=4,4,2026-10-07T01:50:26.579742+00:00,3d2f5d5f5e526e93c8aa2e8e1d391b7679b09bbad8292614abb4f3be8ff275d8,,UNVERIFIED
EP-22,Gravity Jailbreak,00:21:44,1304,854540,https://animehistory.org/uploads/screencaps/outlaw-star-E022-Gravity-Jailbreak/cap_00-21-44_24d9.jpg,Outlaw Star Ep 22: Gravity Jailbreak @ 00:21:44,https://animehistory.org/gallery/screencaps/outlaw-star/episode-22/,https://animehistory.org/gallery/screencaps/outlaw-star/episode-22/?page=4,4,2026-10-07T01:50:26.579742+00:00,3d2f5d5f5e526e93c8aa2e8e1d391b7679b09bbad8292614abb4f3be8ff275d8,,UNVERIFIED
EP-22,Gravity Jailbreak,00:21:47,1307,854541,https://animehistory.org/uploads/screencaps/outlaw-star-E022-Gravity-Jailbreak/cap_00-21-47_02eb.jpg,Outlaw Star Ep 22: Gravity Jailbreak @ 00:21:47,https://animehistory.org/gallery/screencaps/outlaw-star/episode-22/,https://animehistory.org/gallery/screencaps/outlaw-star/episode-22/?page=4,4,2026-10-07T01:50:26.579742+00:00,3d2f5d5f5e526e93c8aa2e8e1d391b7679b09bbad8292614abb4f3be8ff275d8,,UNVERIFIED
EP-22,Gravity Jailbreak,00:21:51,1311,854542,https://animehistory.org/uploads/screencaps/outlaw-star-E022-Gravity-Jailbreak/cap_00-21-51_6fa7.jpg,Outlaw Star Ep 22: Gravity Jailbreak @ 00:21:51,https://animehistory.org/gallery/screencaps/outlaw-star/episode-22/,https://animehistory.org/gallery/screencaps/outlaw-star/episode-22/?page=4,4,2026-10-07T01:50:26.579742+00:00,3d2f5d5f5e526e93c8aa2e8e1d391b7679b09bbad8292614abb4f3be8ff275d8,,UNVERIFIED
EP-22,Gravity Jailbreak,00:21:55,1315,854543,https://animehistory.org/uploads/screencaps/outlaw-star-E022-Gravity-Jailbreak/cap_00-21-55_1aac.jpg,Outlaw Star Ep 22: Gravity Jailbreak @ 00:21:55,https://animehistory.org/gallery/screencaps/outlaw-star/episode-22/,https://animehistory.org/gallery/screencaps/outlaw-star/episode-22/?page=4,4,2026-10-07T01:50:26.579742+00:00,3d2f5d5f5e526e93c8aa2e8e1d391b7679b09bbad8292614abb4f3be8ff275d8,,UNVERIFIED
EP-22,Gravity Jailbreak,00:21:58,1318,854544,https://animehistory.org/uploads/screencaps/outlaw-star-E022-Gravity-Jailbreak/cap_00-21-58_5f2f.jpg,Outlaw Star Ep 22: Gravity Jailbreak @ 00:21:58,https://animehistory.org/gallery/screencaps/outlaw-star/episode-22/,https://animehistory.org/gallery/screencaps/outlaw-star/episode-22/?page=4,4,2026-10-07T01:50:26.579742+00:00,3d2f5d5f5e526e93c8aa2e8e1d391b7679b09bbad8292614abb4f3be8ff275d8,,UNVERIFIED
EP-22,Gravity Jailbreak,00:22:02,1322,854545,https://animehistory.org/uploads/screencaps/outlaw-star-E022-Gravity-Jailbreak/cap_00-22-02_7f78.jpg,Outlaw Star Ep 22: Gravity Jailbreak @ 00:22:02,https://animehistory.org/gallery/screencaps/outlaw-star/episode-22/,https://animehistory.org/gallery/screencaps/outlaw-star/episode-22/?page=4,4,2026-10-07T01:50:26.579742+00:00,3d2f5d5f5e526e93c8aa2e8e1d391b7679b09bbad8292614abb4f3be8ff275d8,,UNVERIFIED
EP-22,Gravity Jailbreak,00:22:05,1325,854546,https://animehistory.org/uploads/screencaps/outlaw-star-E022-Gravity-Jailbreak/cap_00-22-05_7478.jpg,Outlaw Star Ep 22: Gravity Jailbreak @ 00:22:05,https://animehistory.org/gallery/screencaps/outlaw-star/episode-22/,https://animehistory.org/gallery/screencaps/outlaw-star/episode-22/?page=4,4,2026-10-07T01:50:26.579742+00:00,3d2f5d5f5e526e93c8aa2e8e1d391b7679b09bbad8292614abb4f3be8ff275d8,,UNVERIFIED
EP-22,Gravity Jailbreak,00:22:09,1329,854547,https://animehistory.org/uploads/screencaps/outlaw-star-E022-Gravity-Jailbreak/cap_00-22-09_7d22.jpg,Outlaw Star Ep 22: Gravity Jailbreak @ 00:22:09,https://animehistory.org/gallery/screencaps/outlaw-star/episode-22/,https://animehistory.org/gallery/screencaps/outlaw-star/episode-22/?page=4,4,2026-10-07T01:50:26.579742+00:00,3d2f5d5f5e526e93c8aa2e8e1d391b7679b09bbad8292614abb4f3be8ff275d8,,UNVERIFIED
EP-22,Gravity Jailbreak,00:22:13,1333,854548,https://animehistory.org/uploads/screencaps/outlaw-star-E022-Gravity-Jailbreak/cap_00-22-13_019a.jpg,Outlaw Star Ep 22: Gravity Jailbreak @ 00:22:13,https://animehistory.org/gallery/screencaps/outlaw-star/episode-22/,https://animehistory.org/gallery/screencaps/outlaw-star/episode-22/?page=4,4,2026-10-07T01:50:26.579742+00:00,3d2f5d5f5e526e93c8aa2e8e1d391b7679b09bbad8292614abb4f3be8ff275d8,,UNVERIFIED
EP-22,Gravity Jailbreak,00:22:16,1336,854549,https://animehistory.org/uploads/screencaps/outlaw-star-E022-Gravity-Jailbreak/cap_00-22-16_1828.jpg,Outlaw Star Ep 22: Gravity Jailbreak @ 00:22:16,https://animehistory.org/gallery/screencaps/outlaw-star/episode-22/,https://animehistory.org/gallery/screencaps/outlaw-star/episode-22/?page=4,4,2026-10-07T01:50:26.579742+00:00,3d2f5d5f5e526e93c8aa2e8e1d391b7679b09bbad8292614abb4f3be8ff275d8,,UNVERIFIED
EP-22,Gravity Jailbreak,00:22:20,1340,854550,https://animehistory.org/uploads/screencaps/outlaw-star-E022-Gravity-Jailbreak/cap_00-22-20_53aa.jpg,Outlaw Star Ep 22: Gravity Jailbreak @ 00:22:20,https://animehistory.org/gallery/screencaps/outlaw-star/episode-22/,https://animehistory.org/gallery/screencaps/outlaw-star/episode-22/?page=4,4,2026-10-07T01:50:26.579742+00:00,3d2f5d5f5e526e93c8aa2e8e1d391b7679b09bbad8292614abb4f3be8ff275d8,,UNVERIFIED
EP-22,Gravity Jailbreak,00:22:23,1343,854551,https://animehistory.org/uploads/screencaps/outlaw-star-E022-Gravity-Jailbreak/cap_00-22-23_7a58.jpg,Outlaw Star Ep 22: Gravity Jailbreak @ 00:22:23,https://animehistory.org/gallery/screencaps/outlaw-star/episode-22/,https://animehistory.org/gallery/screencaps/outlaw-star/episode-22/?page=4,4,2026-10-07T01:50:26.579742+00:00,3d2f5d5f5e526e93c8aa2e8e1d391b7679b09bbad8292614abb4f3be8ff275d8,,UNVERIFIED
EP-22,Gravity Jailbreak,00:22:27,1347,854552,https://animehistory.org/uploads/screencaps/outlaw-star-E022-Gravity-Jailbreak/cap_00-22-27_79f2.jpg,Outlaw Star Ep 22: Gravity Jailbreak @ 00:22:27,https://animehistory.org/gallery/screencaps/outlaw-star/episode-22/,https://animehistory.org/gallery/screencaps/outlaw-star/episode-22/?page=4,4,2026-10-07T01:50:26.579742+00:00,3d2f5d5f5e526e93c8aa2e8e1d391b7679b09bbad8292614abb4f3be8ff275d8,,UNVERIFIED
EP-22,Gravity Jailbreak,00:22:31,1351,854553,https://animehistory.org/uploads/screencaps/outlaw-star-E022-Gravity-Jailbreak/cap_00-22-31_7d23.jpg,Outlaw Star Ep 22: Gravity Jailbreak @ 00:22:31,https://animehistory.org/gallery/screencaps/outlaw-star/episode-22/,https://animehistory.org/gallery/screencaps/outlaw-star/episode-22/?page=4,4,2026-10-07T01:50:26.579742+00:00,3d2f5d5f5e526e93c8aa2e8e1d391b7679b09bbad8292614abb4f3be8ff275d8,,UNVERIFIED
EP-22,Gravity Jailbreak,00:22:34,1354,854554,https://animehistory.org/uploads/screencaps/outlaw-star-E022-Gravity-Jailbreak/cap_00-22-34_2548.jpg,Outlaw Star Ep 22: Gravity Jailbreak @ 00:22:34,https://animehistory.org/gallery/screencaps/outlaw-star/episode-22/,https://animehistory.org/gallery/screencaps/outlaw-star/episode-22/?page=4,4,2026-10-07T01:50:26.579742+00:00,3d2f5d5f5e526e93c8aa2e8e1d391b7679b09bbad8292614abb4f3be8ff275d8,,UNVERIFIED
EP-22,Gravity Jailbreak,00:22:38,1358,854555,https://animehistory.org/uploads/screencaps/outlaw-star-E022-Gravity-Jailbreak/cap_00-22-38_1414.jpg,Outlaw Star Ep 22: Gravity Jailbreak @ 00:22:38,https://animehistory.org/gallery/screencaps/outlaw-star/episode-22/,https://animehistory.org/gallery/screencaps/outlaw-star/episode-22/?page=4,4,2026-10-07T01:50:26.579742+00:00,3d2f5d5f5e526e93c8aa2e8e1d391b7679b09bbad8292614abb4f3be8ff275d8,,UNVERIFIED
EP-22,Gravity Jailbreak,00:22:41,1361,854556,https://animehistory.org/uploads/screencaps/outlaw-star-E022-Gravity-Jailbreak/cap_00-22-41_2fb8.jpg,Outlaw Star Ep 22: Gravity Jailbreak @ 00:22:41,https://animehistory.org/gallery/screencaps/outlaw-star/episode-22/,https://animehistory.org/gallery/screencaps/outlaw-star/episode-22/?page=4,4,2026-10-07T01:50:26.579742+00:00,3d2f5d5f5e526e93c8aa2e8e1d391b7679b09bbad8292614abb4f3be8ff275d8,,UNVERIFIED
EP-22,Gravity Jailbreak,00:22:45,1365,854557,https://animehistory.org/uploads/screencaps/outlaw-star-E022-Gravity-Jailbreak/cap_00-22-45_263e.jpg,Outlaw Star Ep 22: Gravity Jailbreak @ 00:22:45,https://animehistory.org/gallery/screencaps/outlaw-star/episode-22/,https://animehistory.org/gallery/screencaps/outlaw-star/episode-22/?page=4,4,2026-10-07T01:50:26.579742+00:00,3d2f5d5f5e526e93c8aa2e8e1d391b7679b09bbad8292614abb4f3be8ff275d8,,UNVERIFIED
EP-22,Gravity Jailbreak,00:22:49,1369,854558,https://animehistory.org/uploads/screencaps/outlaw-star-E022-Gravity-Jailbreak/cap_00-22-49_1e5e.jpg,Outlaw Star Ep 22: Gravity Jailbreak @ 00:22:49,https://animehistory.org/gallery/screencaps/outlaw-star/episode-22/,https://animehistory.org/gallery/screencaps/outlaw-star/episode-22/?page=4,4,2026-10-07T01:50:26.579742+00:00,3d2f5d5f5e526e93c8aa2e8e1d391b7679b09bbad8292614abb4f3be8ff275d8,,UNVERIFIED
EP-22,Gravity Jailbreak,00:22:52,1372,854559,https://animehistory.org/uploads/screencaps/outlaw-star-E022-Gravity-Jailbreak/cap_00-22-52_3100.jpg,Outlaw Star Ep 22: Gravity Jailbreak @ 00:22:52,https://animehistory.org/gallery/screencaps/outlaw-star/episode-22/,https://animehistory.org/gallery/screencaps/outlaw-star/episode-22/?page=4,4,2026-10-07T01:50:26.579742+00:00,3d2f5d5f5e526e93c8aa2e8e1d391b7679b09bbad8292614abb4f3be8ff275d8,,UNVERIFIED
EP-22,Gravity Jailbreak,00:22:56,1376,854560,https://animehistory.org/uploads/screencaps/outlaw-star-E022-Gravity-Jailbreak/cap_00-22-56_5908.jpg,Outlaw Star Ep 22: Gravity Jailbreak @ 00:22:56,https://animehistory.org/gallery/screencaps/outlaw-star/episode-22/,https://animehistory.org/gallery/screencaps/outlaw-star/episode-22/?page=4,4,2026-10-07T01:50:26.579742+00:00,3d2f5d5f5e526e93c8aa2e8e1d391b7679b09bbad8292614abb4f3be8ff275d8,,UNVERIFIED
