episode_id,episode_title,web_timestamp,web_seconds,image_id,image_url,caption,gallery_url,source_page_url,source_page,retrieved_utc,html_sha256,local_timestamp,alignment_status
EP-21,Grave of the Dragon,00:01:43,103,853853,https://animehistory.org/uploads/screencaps/outlaw-star-E021-Grave-of-the-Dragon/cap_00-01-43_34b0.jpg,Outlaw Star Ep 21: Grave of the Dragon @ 00:01:43,https://animehistory.org/gallery/screencaps/outlaw-star/episode-21/,https://animehistory.org/gallery/screencaps/outlaw-star/episode-21/,1,2026-10-07T01:50:17.359478+00:00,08cf1b07f2be70ec0341724533b6c523a2c2040f73551ffde090023124770404,,UNVERIFIED
EP-21,Grave of the Dragon,00:01:47,107,853854,https://animehistory.org/uploads/screencaps/outlaw-star-E021-Grave-of-the-Dragon/cap_00-01-47_19df.jpg,Outlaw Star Ep 21: Grave of the Dragon @ 00:01:47,https://animehistory.org/gallery/screencaps/outlaw-star/episode-21/,https://animehistory.org/gallery/screencaps/outlaw-star/episode-21/,1,2026-10-07T01:50:17.359478+00:00,08cf1b07f2be70ec0341724533b6c523a2c2040f73551ffde090023124770404,,UNVERIFIED
EP-21,Grave of the Dragon,00:01:50,110,853855,https://animehistory.org/uploads/screencaps/outlaw-star-E021-Grave-of-the-Dragon/cap_00-01-50_7cc8.jpg,Outlaw Star Ep 21: Grave of the Dragon @ 00:01:50,https://animehistory.org/gallery/screencaps/outlaw-star/episode-21/,https://animehistory.org/gallery/screencaps/outlaw-star/episode-21/,1,2026-10-07T01:50:17.359478+00:00,08cf1b07f2be70ec0341724533b6c523a2c2040f73551ffde090023124770404,,UNVERIFIED
EP-21,Grave of the Dragon,00:01:54,114,853856,https://animehistory.org/uploads/screencaps/outlaw-star-E021-Grave-of-the-Dragon/cap_00-01-54_2cbb.jpg,Outlaw Star Ep 21: Grave of the Dragon @ 00:01:54,https://animehistory.org/gallery/screencaps/outlaw-star/episode-21/,https://animehistory.org/gallery/screencaps/outlaw-star/episode-21/,1,2026-10-07T01:50:17.359478+00:00,08cf1b07f2be70ec0341724533b6c523a2c2040f73551ffde090023124770404,,UNVERIFIED
EP-21,Grave of the Dragon,00:01:58,118,853857,https://animehistory.org/uploads/screencaps/outlaw-star-E021-Grave-of-the-Dragon/cap_00-01-58_2adb.jpg,Outlaw Star Ep 21: Grave of the Dragon @ 00:01:58,https://animehistory.org/gallery/screencaps/outlaw-star/episode-21/,https://animehistory.org/gallery/screencaps/outlaw-star/episode-21/,1,2026-10-07T01:50:17.359478+00:00,08cf1b07f2be70ec0341724533b6c523a2c2040f73551ffde090023124770404,,UNVERIFIED
EP-21,Grave of the Dragon,00:02:01,121,853858,https://animehistory.org/uploads/screencaps/outlaw-star-E021-Grave-of-the-Dragon/cap_00-02-01_7f80.jpg,Outlaw Star Ep 21: Grave of the Dragon @ 00:02:01,https://animehistory.org/gallery/screencaps/outlaw-star/episode-21/,https://animehistory.org/gallery/screencaps/outlaw-star/episode-21/,1,2026-10-07T01:50:17.359478+00:00,08cf1b07f2be70ec0341724533b6c523a2c2040f73551ffde090023124770404,,UNVERIFIED
EP-21,Grave of the Dragon,00:02:05,125,853859,https://animehistory.org/uploads/screencaps/outlaw-star-E021-Grave-of-the-Dragon/cap_00-02-05_02fb.jpg,Outlaw Star Ep 21: Grave of the Dragon @ 00:02:05,https://animehistory.org/gallery/screencaps/outlaw-star/episode-21/,https://animehistory.org/gallery/screencaps/outlaw-star/episode-21/,1,2026-10-07T01:50:17.359478+00:00,08cf1b07f2be70ec0341724533b6c523a2c2040f73551ffde090023124770404,,UNVERIFIED
EP-21,Grave of the Dragon,00:02:09,129,853860,https://animehistory.org/uploads/screencaps/outlaw-star-E021-Grave-of-the-Dragon/cap_00-02-09_38b4.jpg,Outlaw Star Ep 21: Grave of the Dragon @ 00:02:09,https://animehistory.org/gallery/screencaps/outlaw-star/episode-21/,https://animehistory.org/gallery/screencaps/outlaw-star/episode-21/,1,2026-10-07T01:50:17.359478+00:00,08cf1b07f2be70ec0341724533b6c523a2c2040f73551ffde090023124770404,,UNVERIFIED
EP-21,Grave of the Dragon,00:02:12,132,853861,https://animehistory.org/uploads/screencaps/outlaw-star-E021-Grave-of-the-Dragon/cap_00-02-12_0d7f.jpg,Outlaw Star Ep 21: Grave of the Dragon @ 00:02:12,https://animehistory.org/gallery/screencaps/outlaw-star/episode-21/,https://animehistory.org/gallery/screencaps/outlaw-star/episode-21/,1,2026-10-07T01:50:17.359478+00:00,08cf1b07f2be70ec0341724533b6c523a2c2040f73551ffde090023124770404,,UNVERIFIED
EP-21,Grave of the Dragon,00:02:16,136,853862,https://animehistory.org/uploads/screencaps/outlaw-star-E021-Grave-of-the-Dragon/cap_00-02-16_76b2.jpg,Outlaw Star Ep 21: Grave of the Dragon @ 00:02:16,https://animehistory.org/gallery/screencaps/outlaw-star/episode-21/,https://animehistory.org/gallery/screencaps/outlaw-star/episode-21/,1,2026-10-07T01:50:17.359478+00:00,08cf1b07f2be70ec0341724533b6c523a2c2040f73551ffde090023124770404,,UNVERIFIED
EP-21,Grave of the Dragon,00:02:19,139,853863,https://animehistory.org/uploads/screencaps/outlaw-star-E021-Grave-of-the-Dragon/cap_00-02-19_7ee6.jpg,Outlaw Star Ep 21: Grave of the Dragon @ 00:02:19,https://animehistory.org/gallery/screencaps/outlaw-star/episode-21/,https://animehistory.org/gallery/screencaps/outlaw-star/episode-21/,1,2026-10-07T01:50:17.359478+00:00,08cf1b07f2be70ec0341724533b6c523a2c2040f73551ffde090023124770404,,UNVERIFIED
EP-21,Grave of the Dragon,00:02:23,143,853864,https://animehistory.org/uploads/screencaps/outlaw-star-E021-Grave-of-the-Dragon/cap_00-02-23_71d3.jpg,Outlaw Star Ep 21: Grave of the Dragon @ 00:02:23,https://animehistory.org/gallery/screencaps/outlaw-star/episode-21/,https://animehistory.org/gallery/screencaps/outlaw-star/episode-21/,1,2026-10-07T01:50:17.359478+00:00,08cf1b07f2be70ec0341724533b6c523a2c2040f73551ffde090023124770404,,UNVERIFIED
EP-21,Grave of the Dragon,00:02:27,147,853865,https://animehistory.org/uploads/screencaps/outlaw-star-E021-Grave-of-the-Dragon/cap_00-02-27_5547.jpg,Outlaw Star Ep 21: Grave of the Dragon @ 00:02:27,https://animehistory.org/gallery/screencaps/outlaw-star/episode-21/,https://animehistory.org/gallery/screencaps/outlaw-star/episode-21/,1,2026-10-07T01:50:17.359478+00:00,08cf1b07f2be70ec0341724533b6c523a2c2040f73551ffde090023124770404,,UNVERIFIED
EP-21,Grave of the Dragon,00:02:30,150,853866,https://animehistory.org/uploads/screencaps/outlaw-star-E021-Grave-of-the-Dragon/cap_00-02-30_2db9.jpg,Outlaw Star Ep 21: Grave of the Dragon @ 00:02:30,https://animehistory.org/gallery/screencaps/outlaw-star/episode-21/,https://animehistory.org/gallery/screencaps/outlaw-star/episode-21/,1,2026-10-07T01:50:17.359478+00:00,08cf1b07f2be70ec0341724533b6c523a2c2040f73551ffde090023124770404,,UNVERIFIED
EP-21,Grave of the Dragon,00:02:34,154,853867,https://animehistory.org/uploads/screencaps/outlaw-star-E021-Grave-of-the-Dragon/cap_00-02-34_1413.jpg,Outlaw Star Ep 21: Grave of the Dragon @ 00:02:34,https://animehistory.org/gallery/screencaps/outlaw-star/episode-21/,https://animehistory.org/gallery/screencaps/outlaw-star/episode-21/,1,2026-10-07T01:50:17.359478+00:00,08cf1b07f2be70ec0341724533b6c523a2c2040f73551ffde090023124770404,,UNVERIFIED
EP-21,Grave of the Dragon,00:02:38,158,853868,https://animehistory.org/uploads/screencaps/outlaw-star-E021-Grave-of-the-Dragon/cap_00-02-38_6286.jpg,Outlaw Star Ep 21: Grave of the Dragon @ 00:02:38,https://animehistory.org/gallery/screencaps/outlaw-star/episode-21/,https://animehistory.org/gallery/screencaps/outlaw-star/episode-21/,1,2026-10-07T01:50:17.359478+00:00,08cf1b07f2be70ec0341724533b6c523a2c2040f73551ffde090023124770404,,UNVERIFIED
EP-21,Grave of the Dragon,00:02:41,161,853869,https://animehistory.org/uploads/screencaps/outlaw-star-E021-Grave-of-the-Dragon/cap_00-02-41_478d.jpg,Outlaw Star Ep 21: Grave of the Dragon @ 00:02:41,https://animehistory.org/gallery/screencaps/outlaw-star/episode-21/,https://animehistory.org/gallery/screencaps/outlaw-star/episode-21/,1,2026-10-07T01:50:17.359478+00:00,08cf1b07f2be70ec0341724533b6c523a2c2040f73551ffde090023124770404,,UNVERIFIED
EP-21,Grave of the Dragon,00:02:45,165,853870,https://animehistory.org/uploads/screencaps/outlaw-star-E021-Grave-of-the-Dragon/cap_00-02-45_03c3.jpg,Outlaw Star Ep 21: Grave of the Dragon @ 00:02:45,https://animehistory.org/gallery/screencaps/outlaw-star/episode-21/,https://animehistory.org/gallery/screencaps/outlaw-star/episode-21/,1,2026-10-07T01:50:17.359478+00:00,08cf1b07f2be70ec0341724533b6c523a2c2040f73551ffde090023124770404,,UNVERIFIED
EP-21,Grave of the Dragon,00:02:48,168,853871,https://animehistory.org/uploads/screencaps/outlaw-star-E021-Grave-of-the-Dragon/cap_00-02-48_3c18.jpg,Outlaw Star Ep 21: Grave of the Dragon @ 00:02:48,https://animehistory.org/gallery/screencaps/outlaw-star/episode-21/,https://animehistory.org/gallery/screencaps/outlaw-star/episode-21/,1,2026-10-07T01:50:17.359478+00:00,08cf1b07f2be70ec0341724533b6c523a2c2040f73551ffde090023124770404,,UNVERIFIED
EP-21,Grave of the Dragon,00:02:52,172,853872,https://animehistory.org/uploads/screencaps/outlaw-star-E021-Grave-of-the-Dragon/cap_00-02-52_3ef7.jpg,Outlaw Star Ep 21: Grave of the Dragon @ 00:02:52,https://animehistory.org/gallery/screencaps/outlaw-star/episode-21/,https://animehistory.org/gallery/screencaps/outlaw-star/episode-21/,1,2026-10-07T01:50:17.359478+00:00,08cf1b07f2be70ec0341724533b6c523a2c2040f73551ffde090023124770404,,UNVERIFIED
EP-21,Grave of the Dragon,00:02:56,176,853873,https://animehistory.org/uploads/screencaps/outlaw-star-E021-Grave-of-the-Dragon/cap_00-02-56_0bc2.jpg,Outlaw Star Ep 21: Grave of the Dragon @ 00:02:56,https://animehistory.org/gallery/screencaps/outlaw-star/episode-21/,https://animehistory.org/gallery/screencaps/outlaw-star/episode-21/,1,2026-10-07T01:50:17.359478+00:00,08cf1b07f2be70ec0341724533b6c523a2c2040f73551ffde090023124770404,,UNVERIFIED
EP-21,Grave of the Dragon,00:02:59,179,853874,https://animehistory.org/uploads/screencaps/outlaw-star-E021-Grave-of-the-Dragon/cap_00-02-59_3648.jpg,Outlaw Star Ep 21: Grave of the Dragon @ 00:02:59,https://animehistory.org/gallery/screencaps/outlaw-star/episode-21/,https://animehistory.org/gallery/screencaps/outlaw-star/episode-21/,1,2026-10-07T01:50:17.359478+00:00,08cf1b07f2be70ec0341724533b6c523a2c2040f73551ffde090023124770404,,UNVERIFIED
EP-21,Grave of the Dragon,00:03:03,183,853875,https://animehistory.org/uploads/screencaps/outlaw-star-E021-Grave-of-the-Dragon/cap_00-03-03_571b.jpg,Outlaw Star Ep 21: Grave of the Dragon @ 00:03:03,https://animehistory.org/gallery/screencaps/outlaw-star/episode-21/,https://animehistory.org/gallery/screencaps/outlaw-star/episode-21/,1,2026-10-07T01:50:17.359478+00:00,08cf1b07f2be70ec0341724533b6c523a2c2040f73551ffde090023124770404,,UNVERIFIED
EP-21,Grave of the Dragon,00:03:07,187,853876,https://animehistory.org/uploads/screencaps/outlaw-star-E021-Grave-of-the-Dragon/cap_00-03-07_5472.jpg,Outlaw Star Ep 21: Grave of the Dragon @ 00:03:07,https://animehistory.org/gallery/screencaps/outlaw-star/episode-21/,https://animehistory.org/gallery/screencaps/outlaw-star/episode-21/,1,2026-10-07T01:50:17.359478+00:00,08cf1b07f2be70ec0341724533b6c523a2c2040f73551ffde090023124770404,,UNVERIFIED
EP-21,Grave of the Dragon,00:03:10,190,853877,https://animehistory.org/uploads/screencaps/outlaw-star-E021-Grave-of-the-Dragon/cap_00-03-10_6aae.jpg,Outlaw Star Ep 21: Grave of the Dragon @ 00:03:10,https://animehistory.org/gallery/screencaps/outlaw-star/episode-21/,https://animehistory.org/gallery/screencaps/outlaw-star/episode-21/,1,2026-10-07T01:50:17.359478+00:00,08cf1b07f2be70ec0341724533b6c523a2c2040f73551ffde090023124770404,,UNVERIFIED
EP-21,Grave of the Dragon,00:03:14,194,853878,https://animehistory.org/uploads/screencaps/outlaw-star-E021-Grave-of-the-Dragon/cap_00-03-14_40ea.jpg,Outlaw Star Ep 21: Grave of the Dragon @ 00:03:14,https://animehistory.org/gallery/screencaps/outlaw-star/episode-21/,https://animehistory.org/gallery/screencaps/outlaw-star/episode-21/,1,2026-10-07T01:50:17.359478+00:00,08cf1b07f2be70ec0341724533b6c523a2c2040f73551ffde090023124770404,,UNVERIFIED
EP-21,Grave of the Dragon,00:03:18,198,853879,https://animehistory.org/uploads/screencaps/outlaw-star-E021-Grave-of-the-Dragon/cap_00-03-18_1775.jpg,Outlaw Star Ep 21: Grave of the Dragon @ 00:03:18,https://animehistory.org/gallery/screencaps/outlaw-star/episode-21/,https://animehistory.org/gallery/screencaps/outlaw-star/episode-21/,1,2026-10-07T01:50:17.359478+00:00,08cf1b07f2be70ec0341724533b6c523a2c2040f73551ffde090023124770404,,UNVERIFIED
EP-21,Grave of the Dragon,00:03:21,201,853880,https://animehistory.org/uploads/screencaps/outlaw-star-E021-Grave-of-the-Dragon/cap_00-03-21_1466.jpg,Outlaw Star Ep 21: Grave of the Dragon @ 00:03:21,https://animehistory.org/gallery/screencaps/outlaw-star/episode-21/,https://animehistory.org/gallery/screencaps/outlaw-star/episode-21/,1,2026-10-07T01:50:17.359478+00:00,08cf1b07f2be70ec0341724533b6c523a2c2040f73551ffde090023124770404,,UNVERIFIED
EP-21,Grave of the Dragon,00:03:25,205,853881,https://animehistory.org/uploads/screencaps/outlaw-star-E021-Grave-of-the-Dragon/cap_00-03-25_4455.jpg,Outlaw Star Ep 21: Grave of the Dragon @ 00:03:25,https://animehistory.org/gallery/screencaps/outlaw-star/episode-21/,https://animehistory.org/gallery/screencaps/outlaw-star/episode-21/,1,2026-10-07T01:50:17.359478+00:00,08cf1b07f2be70ec0341724533b6c523a2c2040f73551ffde090023124770404,,UNVERIFIED
EP-21,Grave of the Dragon,00:03:28,208,853882,https://animehistory.org/uploads/screencaps/outlaw-star-E021-Grave-of-the-Dragon/cap_00-03-28_464c.jpg,Outlaw Star Ep 21: Grave of the Dragon @ 00:03:28,https://animehistory.org/gallery/screencaps/outlaw-star/episode-21/,https://animehistory.org/gallery/screencaps/outlaw-star/episode-21/,1,2026-10-07T01:50:17.359478+00:00,08cf1b07f2be70ec0341724533b6c523a2c2040f73551ffde090023124770404,,UNVERIFIED
EP-21,Grave of the Dragon,00:03:32,212,853883,https://animehistory.org/uploads/screencaps/outlaw-star-E021-Grave-of-the-Dragon/cap_00-03-32_125b.jpg,Outlaw Star Ep 21: Grave of the Dragon @ 00:03:32,https://animehistory.org/gallery/screencaps/outlaw-star/episode-21/,https://animehistory.org/gallery/screencaps/outlaw-star/episode-21/,1,2026-10-07T01:50:17.359478+00:00,08cf1b07f2be70ec0341724533b6c523a2c2040f73551ffde090023124770404,,UNVERIFIED
EP-21,Grave of the Dragon,00:03:36,216,853884,https://animehistory.org/uploads/screencaps/outlaw-star-E021-Grave-of-the-Dragon/cap_00-03-36_2515.jpg,Outlaw Star Ep 21: Grave of the Dragon @ 00:03:36,https://animehistory.org/gallery/screencaps/outlaw-star/episode-21/,https://animehistory.org/gallery/screencaps/outlaw-star/episode-21/,1,2026-10-07T01:50:17.359478+00:00,08cf1b07f2be70ec0341724533b6c523a2c2040f73551ffde090023124770404,,UNVERIFIED
EP-21,Grave of the Dragon,00:03:39,219,853885,https://animehistory.org/uploads/screencaps/outlaw-star-E021-Grave-of-the-Dragon/cap_00-03-39_3be3.jpg,Outlaw Star Ep 21: Grave of the Dragon @ 00:03:39,https://animehistory.org/gallery/screencaps/outlaw-star/episode-21/,https://animehistory.org/gallery/screencaps/outlaw-star/episode-21/,1,2026-10-07T01:50:17.359478+00:00,08cf1b07f2be70ec0341724533b6c523a2c2040f73551ffde090023124770404,,UNVERIFIED
EP-21,Grave of the Dragon,00:03:43,223,853886,https://animehistory.org/uploads/screencaps/outlaw-star-E021-Grave-of-the-Dragon/cap_00-03-43_5240.jpg,Outlaw Star Ep 21: Grave of the Dragon @ 00:03:43,https://animehistory.org/gallery/screencaps/outlaw-star/episode-21/,https://animehistory.org/gallery/screencaps/outlaw-star/episode-21/,1,2026-10-07T01:50:17.359478+00:00,08cf1b07f2be70ec0341724533b6c523a2c2040f73551ffde090023124770404,,UNVERIFIED
EP-21,Grave of the Dragon,00:03:47,227,853887,https://animehistory.org/uploads/screencaps/outlaw-star-E021-Grave-of-the-Dragon/cap_00-03-47_680d.jpg,Outlaw Star Ep 21: Grave of the Dragon @ 00:03:47,https://animehistory.org/gallery/screencaps/outlaw-star/episode-21/,https://animehistory.org/gallery/screencaps/outlaw-star/episode-21/,1,2026-10-07T01:50:17.359478+00:00,08cf1b07f2be70ec0341724533b6c523a2c2040f73551ffde090023124770404,,UNVERIFIED
EP-21,Grave of the Dragon,00:03:50,230,853888,https://animehistory.org/uploads/screencaps/outlaw-star-E021-Grave-of-the-Dragon/cap_00-03-50_2c43.jpg,Outlaw Star Ep 21: Grave of the Dragon @ 00:03:50,https://animehistory.org/gallery/screencaps/outlaw-star/episode-21/,https://animehistory.org/gallery/screencaps/outlaw-star/episode-21/,1,2026-10-07T01:50:17.359478+00:00,08cf1b07f2be70ec0341724533b6c523a2c2040f73551ffde090023124770404,,UNVERIFIED
EP-21,Grave of the Dragon,00:03:54,234,853889,https://animehistory.org/uploads/screencaps/outlaw-star-E021-Grave-of-the-Dragon/cap_00-03-54_45c5.jpg,Outlaw Star Ep 21: Grave of the Dragon @ 00:03:54,https://animehistory.org/gallery/screencaps/outlaw-star/episode-21/,https://animehistory.org/gallery/screencaps/outlaw-star/episode-21/,1,2026-10-07T01:50:17.359478+00:00,08cf1b07f2be70ec0341724533b6c523a2c2040f73551ffde090023124770404,,UNVERIFIED
EP-21,Grave of the Dragon,00:03:57,237,853890,https://animehistory.org/uploads/screencaps/outlaw-star-E021-Grave-of-the-Dragon/cap_00-03-57_6369.jpg,Outlaw Star Ep 21: Grave of the Dragon @ 00:03:57,https://animehistory.org/gallery/screencaps/outlaw-star/episode-21/,https://animehistory.org/gallery/screencaps/outlaw-star/episode-21/,1,2026-10-07T01:50:17.359478+00:00,08cf1b07f2be70ec0341724533b6c523a2c2040f73551ffde090023124770404,,UNVERIFIED
EP-21,Grave of the Dragon,00:04:01,241,853891,https://animehistory.org/uploads/screencaps/outlaw-star-E021-Grave-of-the-Dragon/cap_00-04-01_38b2.jpg,Outlaw Star Ep 21: Grave of the Dragon @ 00:04:01,https://animehistory.org/gallery/screencaps/outlaw-star/episode-21/,https://animehistory.org/gallery/screencaps/outlaw-star/episode-21/,1,2026-10-07T01:50:17.359478+00:00,08cf1b07f2be70ec0341724533b6c523a2c2040f73551ffde090023124770404,,UNVERIFIED
EP-21,Grave of the Dragon,00:04:05,245,853892,https://animehistory.org/uploads/screencaps/outlaw-star-E021-Grave-of-the-Dragon/cap_00-04-05_31d8.jpg,Outlaw Star Ep 21: Grave of the Dragon @ 00:04:05,https://animehistory.org/gallery/screencaps/outlaw-star/episode-21/,https://animehistory.org/gallery/screencaps/outlaw-star/episode-21/,1,2026-10-07T01:50:17.359478+00:00,08cf1b07f2be70ec0341724533b6c523a2c2040f73551ffde090023124770404,,UNVERIFIED
EP-21,Grave of the Dragon,00:04:08,248,853893,https://animehistory.org/uploads/screencaps/outlaw-star-E021-Grave-of-the-Dragon/cap_00-04-08_0d5a.jpg,Outlaw Star Ep 21: Grave of the Dragon @ 00:04:08,https://animehistory.org/gallery/screencaps/outlaw-star/episode-21/,https://animehistory.org/gallery/screencaps/outlaw-star/episode-21/,1,2026-10-07T01:50:17.359478+00:00,08cf1b07f2be70ec0341724533b6c523a2c2040f73551ffde090023124770404,,UNVERIFIED
EP-21,Grave of the Dragon,00:04:12,252,853894,https://animehistory.org/uploads/screencaps/outlaw-star-E021-Grave-of-the-Dragon/cap_00-04-12_279b.jpg,Outlaw Star Ep 21: Grave of the Dragon @ 00:04:12,https://animehistory.org/gallery/screencaps/outlaw-star/episode-21/,https://animehistory.org/gallery/screencaps/outlaw-star/episode-21/,1,2026-10-07T01:50:17.359478+00:00,08cf1b07f2be70ec0341724533b6c523a2c2040f73551ffde090023124770404,,UNVERIFIED
EP-21,Grave of the Dragon,00:04:16,256,853895,https://animehistory.org/uploads/screencaps/outlaw-star-E021-Grave-of-the-Dragon/cap_00-04-16_0557.jpg,Outlaw Star Ep 21: Grave of the Dragon @ 00:04:16,https://animehistory.org/gallery/screencaps/outlaw-star/episode-21/,https://animehistory.org/gallery/screencaps/outlaw-star/episode-21/,1,2026-10-07T01:50:17.359478+00:00,08cf1b07f2be70ec0341724533b6c523a2c2040f73551ffde090023124770404,,UNVERIFIED
EP-21,Grave of the Dragon,00:04:19,259,853896,https://animehistory.org/uploads/screencaps/outlaw-star-E021-Grave-of-the-Dragon/cap_00-04-19_7690.jpg,Outlaw Star Ep 21: Grave of the Dragon @ 00:04:19,https://animehistory.org/gallery/screencaps/outlaw-star/episode-21/,https://animehistory.org/gallery/screencaps/outlaw-star/episode-21/,1,2026-10-07T01:50:17.359478+00:00,08cf1b07f2be70ec0341724533b6c523a2c2040f73551ffde090023124770404,,UNVERIFIED
EP-21,Grave of the Dragon,00:04:23,263,853897,https://animehistory.org/uploads/screencaps/outlaw-star-E021-Grave-of-the-Dragon/cap_00-04-23_57c8.jpg,Outlaw Star Ep 21: Grave of the Dragon @ 00:04:23,https://animehistory.org/gallery/screencaps/outlaw-star/episode-21/,https://animehistory.org/gallery/screencaps/outlaw-star/episode-21/,1,2026-10-07T01:50:17.359478+00:00,08cf1b07f2be70ec0341724533b6c523a2c2040f73551ffde090023124770404,,UNVERIFIED
EP-21,Grave of the Dragon,00:04:27,267,853898,https://animehistory.org/uploads/screencaps/outlaw-star-E021-Grave-of-the-Dragon/cap_00-04-27_3cd6.jpg,Outlaw Star Ep 21: Grave of the Dragon @ 00:04:27,https://animehistory.org/gallery/screencaps/outlaw-star/episode-21/,https://animehistory.org/gallery/screencaps/outlaw-star/episode-21/,1,2026-10-07T01:50:17.359478+00:00,08cf1b07f2be70ec0341724533b6c523a2c2040f73551ffde090023124770404,,UNVERIFIED
EP-21,Grave of the Dragon,00:04:30,270,853899,https://animehistory.org/uploads/screencaps/outlaw-star-E021-Grave-of-the-Dragon/cap_00-04-30_10b4.jpg,Outlaw Star Ep 21: Grave of the Dragon @ 00:04:30,https://animehistory.org/gallery/screencaps/outlaw-star/episode-21/,https://animehistory.org/gallery/screencaps/outlaw-star/episode-21/,1,2026-10-07T01:50:17.359478+00:00,08cf1b07f2be70ec0341724533b6c523a2c2040f73551ffde090023124770404,,UNVERIFIED
EP-21,Grave of the Dragon,00:04:34,274,853900,https://animehistory.org/uploads/screencaps/outlaw-star-E021-Grave-of-the-Dragon/cap_00-04-34_5111.jpg,Outlaw Star Ep 21: Grave of the Dragon @ 00:04:34,https://animehistory.org/gallery/screencaps/outlaw-star/episode-21/,https://animehistory.org/gallery/screencaps/outlaw-star/episode-21/,1,2026-10-07T01:50:17.359478+00:00,08cf1b07f2be70ec0341724533b6c523a2c2040f73551ffde090023124770404,,UNVERIFIED
EP-21,Grave of the Dragon,00:04:37,277,853901,https://animehistory.org/uploads/screencaps/outlaw-star-E021-Grave-of-the-Dragon/cap_00-04-37_33ff.jpg,Outlaw Star Ep 21: Grave of the Dragon @ 00:04:37,https://animehistory.org/gallery/screencaps/outlaw-star/episode-21/,https://animehistory.org/gallery/screencaps/outlaw-star/episode-21/,1,2026-10-07T01:50:17.359478+00:00,08cf1b07f2be70ec0341724533b6c523a2c2040f73551ffde090023124770404,,UNVERIFIED
EP-21,Grave of the Dragon,00:04:41,281,853902,https://animehistory.org/uploads/screencaps/outlaw-star-E021-Grave-of-the-Dragon/cap_00-04-41_1529.jpg,Outlaw Star Ep 21: Grave of the Dragon @ 00:04:41,https://animehistory.org/gallery/screencaps/outlaw-star/episode-21/,https://animehistory.org/gallery/screencaps/outlaw-star/episode-21/,1,2026-10-07T01:50:17.359478+00:00,08cf1b07f2be70ec0341724533b6c523a2c2040f73551ffde090023124770404,,UNVERIFIED
EP-21,Grave of the Dragon,00:04:45,285,853903,https://animehistory.org/uploads/screencaps/outlaw-star-E021-Grave-of-the-Dragon/cap_00-04-45_630c.jpg,Outlaw Star Ep 21: Grave of the Dragon @ 00:04:45,https://animehistory.org/gallery/screencaps/outlaw-star/episode-21/,https://animehistory.org/gallery/screencaps/outlaw-star/episode-21/,1,2026-10-07T01:50:17.359478+00:00,08cf1b07f2be70ec0341724533b6c523a2c2040f73551ffde090023124770404,,UNVERIFIED
EP-21,Grave of the Dragon,00:04:48,288,853904,https://animehistory.org/uploads/screencaps/outlaw-star-E021-Grave-of-the-Dragon/cap_00-04-48_497c.jpg,Outlaw Star Ep 21: Grave of the Dragon @ 00:04:48,https://animehistory.org/gallery/screencaps/outlaw-star/episode-21/,https://animehistory.org/gallery/screencaps/outlaw-star/episode-21/,1,2026-10-07T01:50:17.359478+00:00,08cf1b07f2be70ec0341724533b6c523a2c2040f73551ffde090023124770404,,UNVERIFIED
EP-21,Grave of the Dragon,00:04:52,292,853905,https://animehistory.org/uploads/screencaps/outlaw-star-E021-Grave-of-the-Dragon/cap_00-04-52_23bf.jpg,Outlaw Star Ep 21: Grave of the Dragon @ 00:04:52,https://animehistory.org/gallery/screencaps/outlaw-star/episode-21/,https://animehistory.org/gallery/screencaps/outlaw-star/episode-21/,1,2026-10-07T01:50:17.359478+00:00,08cf1b07f2be70ec0341724533b6c523a2c2040f73551ffde090023124770404,,UNVERIFIED
EP-21,Grave of the Dragon,00:04:56,296,853906,https://animehistory.org/uploads/screencaps/outlaw-star-E021-Grave-of-the-Dragon/cap_00-04-56_2927.jpg,Outlaw Star Ep 21: Grave of the Dragon @ 00:04:56,https://animehistory.org/gallery/screencaps/outlaw-star/episode-21/,https://animehistory.org/gallery/screencaps/outlaw-star/episode-21/,1,2026-10-07T01:50:17.359478+00:00,08cf1b07f2be70ec0341724533b6c523a2c2040f73551ffde090023124770404,,UNVERIFIED
EP-21,Grave of the Dragon,00:04:59,299,853907,https://animehistory.org/uploads/screencaps/outlaw-star-E021-Grave-of-the-Dragon/cap_00-04-59_2f8a.jpg,Outlaw Star Ep 21: Grave of the Dragon @ 00:04:59,https://animehistory.org/gallery/screencaps/outlaw-star/episode-21/,https://animehistory.org/gallery/screencaps/outlaw-star/episode-21/,1,2026-10-07T01:50:17.359478+00:00,08cf1b07f2be70ec0341724533b6c523a2c2040f73551ffde090023124770404,,UNVERIFIED
EP-21,Grave of the Dragon,00:05:03,303,853908,https://animehistory.org/uploads/screencaps/outlaw-star-E021-Grave-of-the-Dragon/cap_00-05-03_5d3c.jpg,Outlaw Star Ep 21: Grave of the Dragon @ 00:05:03,https://animehistory.org/gallery/screencaps/outlaw-star/episode-21/,https://animehistory.org/gallery/screencaps/outlaw-star/episode-21/,1,2026-10-07T01:50:17.359478+00:00,08cf1b07f2be70ec0341724533b6c523a2c2040f73551ffde090023124770404,,UNVERIFIED
EP-21,Grave of the Dragon,00:05:06,306,853909,https://animehistory.org/uploads/screencaps/outlaw-star-E021-Grave-of-the-Dragon/cap_00-05-06_4501.jpg,Outlaw Star Ep 21: Grave of the Dragon @ 00:05:06,https://animehistory.org/gallery/screencaps/outlaw-star/episode-21/,https://animehistory.org/gallery/screencaps/outlaw-star/episode-21/,1,2026-10-07T01:50:17.359478+00:00,08cf1b07f2be70ec0341724533b6c523a2c2040f73551ffde090023124770404,,UNVERIFIED
EP-21,Grave of the Dragon,00:05:10,310,853910,https://animehistory.org/uploads/screencaps/outlaw-star-E021-Grave-of-the-Dragon/cap_00-05-10_5762.jpg,Outlaw Star Ep 21: Grave of the Dragon @ 00:05:10,https://animehistory.org/gallery/screencaps/outlaw-star/episode-21/,https://animehistory.org/gallery/screencaps/outlaw-star/episode-21/,1,2026-10-07T01:50:17.359478+00:00,08cf1b07f2be70ec0341724533b6c523a2c2040f73551ffde090023124770404,,UNVERIFIED
EP-21,Grave of the Dragon,00:05:14,314,853911,https://animehistory.org/uploads/screencaps/outlaw-star-E021-Grave-of-the-Dragon/cap_00-05-14_3246.jpg,Outlaw Star Ep 21: Grave of the Dragon @ 00:05:14,https://animehistory.org/gallery/screencaps/outlaw-star/episode-21/,https://animehistory.org/gallery/screencaps/outlaw-star/episode-21/,1,2026-10-07T01:50:17.359478+00:00,08cf1b07f2be70ec0341724533b6c523a2c2040f73551ffde090023124770404,,UNVERIFIED
EP-21,Grave of the Dragon,00:05:17,317,853912,https://animehistory.org/uploads/screencaps/outlaw-star-E021-Grave-of-the-Dragon/cap_00-05-17_32db.jpg,Outlaw Star Ep 21: Grave of the Dragon @ 00:05:17,https://animehistory.org/gallery/screencaps/outlaw-star/episode-21/,https://animehistory.org/gallery/screencaps/outlaw-star/episode-21/,1,2026-10-07T01:50:17.359478+00:00,08cf1b07f2be70ec0341724533b6c523a2c2040f73551ffde090023124770404,,UNVERIFIED
EP-21,Grave of the Dragon,00:05:21,321,853913,https://animehistory.org/uploads/screencaps/outlaw-star-E021-Grave-of-the-Dragon/cap_00-05-21_2796.jpg,Outlaw Star Ep 21: Grave of the Dragon @ 00:05:21,https://animehistory.org/gallery/screencaps/outlaw-star/episode-21/,https://animehistory.org/gallery/screencaps/outlaw-star/episode-21/,1,2026-10-07T01:50:17.359478+00:00,08cf1b07f2be70ec0341724533b6c523a2c2040f73551ffde090023124770404,,UNVERIFIED
EP-21,Grave of the Dragon,00:05:25,325,853914,https://animehistory.org/uploads/screencaps/outlaw-star-E021-Grave-of-the-Dragon/cap_00-05-25_79cd.jpg,Outlaw Star Ep 21: Grave of the Dragon @ 00:05:25,https://animehistory.org/gallery/screencaps/outlaw-star/episode-21/,https://animehistory.org/gallery/screencaps/outlaw-star/episode-21/,1,2026-10-07T01:50:17.359478+00:00,08cf1b07f2be70ec0341724533b6c523a2c2040f73551ffde090023124770404,,UNVERIFIED
EP-21,Grave of the Dragon,00:05:28,328,853915,https://animehistory.org/uploads/screencaps/outlaw-star-E021-Grave-of-the-Dragon/cap_00-05-28_72b7.jpg,Outlaw Star Ep 21: Grave of the Dragon @ 00:05:28,https://animehistory.org/gallery/screencaps/outlaw-star/episode-21/,https://animehistory.org/gallery/screencaps/outlaw-star/episode-21/,1,2026-10-07T01:50:17.359478+00:00,08cf1b07f2be70ec0341724533b6c523a2c2040f73551ffde090023124770404,,UNVERIFIED
EP-21,Grave of the Dragon,00:05:32,332,853916,https://animehistory.org/uploads/screencaps/outlaw-star-E021-Grave-of-the-Dragon/cap_00-05-32_4f0c.jpg,Outlaw Star Ep 21: Grave of the Dragon @ 00:05:32,https://animehistory.org/gallery/screencaps/outlaw-star/episode-21/,https://animehistory.org/gallery/screencaps/outlaw-star/episode-21/,1,2026-10-07T01:50:17.359478+00:00,08cf1b07f2be70ec0341724533b6c523a2c2040f73551ffde090023124770404,,UNVERIFIED
EP-21,Grave of the Dragon,00:05:36,336,853917,https://animehistory.org/uploads/screencaps/outlaw-star-E021-Grave-of-the-Dragon/cap_00-05-36_619c.jpg,Outlaw Star Ep 21: Grave of the Dragon @ 00:05:36,https://animehistory.org/gallery/screencaps/outlaw-star/episode-21/,https://animehistory.org/gallery/screencaps/outlaw-star/episode-21/,1,2026-10-07T01:50:17.359478+00:00,08cf1b07f2be70ec0341724533b6c523a2c2040f73551ffde090023124770404,,UNVERIFIED
EP-21,Grave of the Dragon,00:05:39,339,853918,https://animehistory.org/uploads/screencaps/outlaw-star-E021-Grave-of-the-Dragon/cap_00-05-39_5ee2.jpg,Outlaw Star Ep 21: Grave of the Dragon @ 00:05:39,https://animehistory.org/gallery/screencaps/outlaw-star/episode-21/,https://animehistory.org/gallery/screencaps/outlaw-star/episode-21/,1,2026-10-07T01:50:17.359478+00:00,08cf1b07f2be70ec0341724533b6c523a2c2040f73551ffde090023124770404,,UNVERIFIED
EP-21,Grave of the Dragon,00:05:43,343,853919,https://animehistory.org/uploads/screencaps/outlaw-star-E021-Grave-of-the-Dragon/cap_00-05-43_6ac8.jpg,Outlaw Star Ep 21: Grave of the Dragon @ 00:05:43,https://animehistory.org/gallery/screencaps/outlaw-star/episode-21/,https://animehistory.org/gallery/screencaps/outlaw-star/episode-21/,1,2026-10-07T01:50:17.359478+00:00,08cf1b07f2be70ec0341724533b6c523a2c2040f73551ffde090023124770404,,UNVERIFIED
EP-21,Grave of the Dragon,00:05:46,346,853920,https://animehistory.org/uploads/screencaps/outlaw-star-E021-Grave-of-the-Dragon/cap_00-05-46_6aba.jpg,Outlaw Star Ep 21: Grave of the Dragon @ 00:05:46,https://animehistory.org/gallery/screencaps/outlaw-star/episode-21/,https://animehistory.org/gallery/screencaps/outlaw-star/episode-21/,1,2026-10-07T01:50:17.359478+00:00,08cf1b07f2be70ec0341724533b6c523a2c2040f73551ffde090023124770404,,UNVERIFIED
EP-21,Grave of the Dragon,00:05:50,350,853921,https://animehistory.org/uploads/screencaps/outlaw-star-E021-Grave-of-the-Dragon/cap_00-05-50_3fe1.jpg,Outlaw Star Ep 21: Grave of the Dragon @ 00:05:50,https://animehistory.org/gallery/screencaps/outlaw-star/episode-21/,https://animehistory.org/gallery/screencaps/outlaw-star/episode-21/,1,2026-10-07T01:50:17.359478+00:00,08cf1b07f2be70ec0341724533b6c523a2c2040f73551ffde090023124770404,,UNVERIFIED
EP-21,Grave of the Dragon,00:05:54,354,853922,https://animehistory.org/uploads/screencaps/outlaw-star-E021-Grave-of-the-Dragon/cap_00-05-54_74e5.jpg,Outlaw Star Ep 21: Grave of the Dragon @ 00:05:54,https://animehistory.org/gallery/screencaps/outlaw-star/episode-21/,https://animehistory.org/gallery/screencaps/outlaw-star/episode-21/,1,2026-10-07T01:50:17.359478+00:00,08cf1b07f2be70ec0341724533b6c523a2c2040f73551ffde090023124770404,,UNVERIFIED
EP-21,Grave of the Dragon,00:05:57,357,853923,https://animehistory.org/uploads/screencaps/outlaw-star-E021-Grave-of-the-Dragon/cap_00-05-57_49c2.jpg,Outlaw Star Ep 21: Grave of the Dragon @ 00:05:57,https://animehistory.org/gallery/screencaps/outlaw-star/episode-21/,https://animehistory.org/gallery/screencaps/outlaw-star/episode-21/,1,2026-10-07T01:50:17.359478+00:00,08cf1b07f2be70ec0341724533b6c523a2c2040f73551ffde090023124770404,,UNVERIFIED
EP-21,Grave of the Dragon,00:06:01,361,853924,https://animehistory.org/uploads/screencaps/outlaw-star-E021-Grave-of-the-Dragon/cap_00-06-01_361f.jpg,Outlaw Star Ep 21: Grave of the Dragon @ 00:06:01,https://animehistory.org/gallery/screencaps/outlaw-star/episode-21/,https://animehistory.org/gallery/screencaps/outlaw-star/episode-21/,1,2026-10-07T01:50:17.359478+00:00,08cf1b07f2be70ec0341724533b6c523a2c2040f73551ffde090023124770404,,UNVERIFIED
EP-21,Grave of the Dragon,00:06:05,365,853925,https://animehistory.org/uploads/screencaps/outlaw-star-E021-Grave-of-the-Dragon/cap_00-06-05_6dcc.jpg,Outlaw Star Ep 21: Grave of the Dragon @ 00:06:05,https://animehistory.org/gallery/screencaps/outlaw-star/episode-21/,https://animehistory.org/gallery/screencaps/outlaw-star/episode-21/,1,2026-10-07T01:50:17.359478+00:00,08cf1b07f2be70ec0341724533b6c523a2c2040f73551ffde090023124770404,,UNVERIFIED
EP-21,Grave of the Dragon,00:06:08,368,853926,https://animehistory.org/uploads/screencaps/outlaw-star-E021-Grave-of-the-Dragon/cap_00-06-08_004b.jpg,Outlaw Star Ep 21: Grave of the Dragon @ 00:06:08,https://animehistory.org/gallery/screencaps/outlaw-star/episode-21/,https://animehistory.org/gallery/screencaps/outlaw-star/episode-21/,1,2026-10-07T01:50:17.359478+00:00,08cf1b07f2be70ec0341724533b6c523a2c2040f73551ffde090023124770404,,UNVERIFIED
EP-21,Grave of the Dragon,00:06:12,372,853927,https://animehistory.org/uploads/screencaps/outlaw-star-E021-Grave-of-the-Dragon/cap_00-06-12_5f60.jpg,Outlaw Star Ep 21: Grave of the Dragon @ 00:06:12,https://animehistory.org/gallery/screencaps/outlaw-star/episode-21/,https://animehistory.org/gallery/screencaps/outlaw-star/episode-21/,1,2026-10-07T01:50:17.359478+00:00,08cf1b07f2be70ec0341724533b6c523a2c2040f73551ffde090023124770404,,UNVERIFIED
EP-21,Grave of the Dragon,00:06:15,375,853928,https://animehistory.org/uploads/screencaps/outlaw-star-E021-Grave-of-the-Dragon/cap_00-06-15_394a.jpg,Outlaw Star Ep 21: Grave of the Dragon @ 00:06:15,https://animehistory.org/gallery/screencaps/outlaw-star/episode-21/,https://animehistory.org/gallery/screencaps/outlaw-star/episode-21/,1,2026-10-07T01:50:17.359478+00:00,08cf1b07f2be70ec0341724533b6c523a2c2040f73551ffde090023124770404,,UNVERIFIED
EP-21,Grave of the Dragon,00:06:19,379,853929,https://animehistory.org/uploads/screencaps/outlaw-star-E021-Grave-of-the-Dragon/cap_00-06-19_4e1b.jpg,Outlaw Star Ep 21: Grave of the Dragon @ 00:06:19,https://animehistory.org/gallery/screencaps/outlaw-star/episode-21/,https://animehistory.org/gallery/screencaps/outlaw-star/episode-21/,1,2026-10-07T01:50:17.359478+00:00,08cf1b07f2be70ec0341724533b6c523a2c2040f73551ffde090023124770404,,UNVERIFIED
EP-21,Grave of the Dragon,00:06:23,383,853930,https://animehistory.org/uploads/screencaps/outlaw-star-E021-Grave-of-the-Dragon/cap_00-06-23_7109.jpg,Outlaw Star Ep 21: Grave of the Dragon @ 00:06:23,https://animehistory.org/gallery/screencaps/outlaw-star/episode-21/,https://animehistory.org/gallery/screencaps/outlaw-star/episode-21/,1,2026-10-07T01:50:17.359478+00:00,08cf1b07f2be70ec0341724533b6c523a2c2040f73551ffde090023124770404,,UNVERIFIED
EP-21,Grave of the Dragon,00:06:26,386,853931,https://animehistory.org/uploads/screencaps/outlaw-star-E021-Grave-of-the-Dragon/cap_00-06-26_739f.jpg,Outlaw Star Ep 21: Grave of the Dragon @ 00:06:26,https://animehistory.org/gallery/screencaps/outlaw-star/episode-21/,https://animehistory.org/gallery/screencaps/outlaw-star/episode-21/,1,2026-10-07T01:50:17.359478+00:00,08cf1b07f2be70ec0341724533b6c523a2c2040f73551ffde090023124770404,,UNVERIFIED
EP-21,Grave of the Dragon,00:06:30,390,853932,https://animehistory.org/uploads/screencaps/outlaw-star-E021-Grave-of-the-Dragon/cap_00-06-30_7536.jpg,Outlaw Star Ep 21: Grave of the Dragon @ 00:06:30,https://animehistory.org/gallery/screencaps/outlaw-star/episode-21/,https://animehistory.org/gallery/screencaps/outlaw-star/episode-21/,1,2026-10-07T01:50:17.359478+00:00,08cf1b07f2be70ec0341724533b6c523a2c2040f73551ffde090023124770404,,UNVERIFIED
EP-21,Grave of the Dragon,00:06:34,394,853933,https://animehistory.org/uploads/screencaps/outlaw-star-E021-Grave-of-the-Dragon/cap_00-06-34_20d4.jpg,Outlaw Star Ep 21: Grave of the Dragon @ 00:06:34,https://animehistory.org/gallery/screencaps/outlaw-star/episode-21/,https://animehistory.org/gallery/screencaps/outlaw-star/episode-21/,1,2026-10-07T01:50:17.359478+00:00,08cf1b07f2be70ec0341724533b6c523a2c2040f73551ffde090023124770404,,UNVERIFIED
EP-21,Grave of the Dragon,00:06:37,397,853934,https://animehistory.org/uploads/screencaps/outlaw-star-E021-Grave-of-the-Dragon/cap_00-06-37_10de.jpg,Outlaw Star Ep 21: Grave of the Dragon @ 00:06:37,https://animehistory.org/gallery/screencaps/outlaw-star/episode-21/,https://animehistory.org/gallery/screencaps/outlaw-star/episode-21/,1,2026-10-07T01:50:17.359478+00:00,08cf1b07f2be70ec0341724533b6c523a2c2040f73551ffde090023124770404,,UNVERIFIED
EP-21,Grave of the Dragon,00:06:41,401,853935,https://animehistory.org/uploads/screencaps/outlaw-star-E021-Grave-of-the-Dragon/cap_00-06-41_469e.jpg,Outlaw Star Ep 21: Grave of the Dragon @ 00:06:41,https://animehistory.org/gallery/screencaps/outlaw-star/episode-21/,https://animehistory.org/gallery/screencaps/outlaw-star/episode-21/,1,2026-10-07T01:50:17.359478+00:00,08cf1b07f2be70ec0341724533b6c523a2c2040f73551ffde090023124770404,,UNVERIFIED
EP-21,Grave of the Dragon,00:06:45,405,853936,https://animehistory.org/uploads/screencaps/outlaw-star-E021-Grave-of-the-Dragon/cap_00-06-45_235c.jpg,Outlaw Star Ep 21: Grave of the Dragon @ 00:06:45,https://animehistory.org/gallery/screencaps/outlaw-star/episode-21/,https://animehistory.org/gallery/screencaps/outlaw-star/episode-21/,1,2026-10-07T01:50:17.359478+00:00,08cf1b07f2be70ec0341724533b6c523a2c2040f73551ffde090023124770404,,UNVERIFIED
EP-21,Grave of the Dragon,00:06:48,408,853937,https://animehistory.org/uploads/screencaps/outlaw-star-E021-Grave-of-the-Dragon/cap_00-06-48_4d82.jpg,Outlaw Star Ep 21: Grave of the Dragon @ 00:06:48,https://animehistory.org/gallery/screencaps/outlaw-star/episode-21/,https://animehistory.org/gallery/screencaps/outlaw-star/episode-21/,1,2026-10-07T01:50:17.359478+00:00,08cf1b07f2be70ec0341724533b6c523a2c2040f73551ffde090023124770404,,UNVERIFIED
EP-21,Grave of the Dragon,00:06:52,412,853938,https://animehistory.org/uploads/screencaps/outlaw-star-E021-Grave-of-the-Dragon/cap_00-06-52_5318.jpg,Outlaw Star Ep 21: Grave of the Dragon @ 00:06:52,https://animehistory.org/gallery/screencaps/outlaw-star/episode-21/,https://animehistory.org/gallery/screencaps/outlaw-star/episode-21/,1,2026-10-07T01:50:17.359478+00:00,08cf1b07f2be70ec0341724533b6c523a2c2040f73551ffde090023124770404,,UNVERIFIED
EP-21,Grave of the Dragon,00:06:55,415,853939,https://animehistory.org/uploads/screencaps/outlaw-star-E021-Grave-of-the-Dragon/cap_00-06-55_4cd6.jpg,Outlaw Star Ep 21: Grave of the Dragon @ 00:06:55,https://animehistory.org/gallery/screencaps/outlaw-star/episode-21/,https://animehistory.org/gallery/screencaps/outlaw-star/episode-21/,1,2026-10-07T01:50:17.359478+00:00,08cf1b07f2be70ec0341724533b6c523a2c2040f73551ffde090023124770404,,UNVERIFIED
EP-21,Grave of the Dragon,00:06:59,419,853940,https://animehistory.org/uploads/screencaps/outlaw-star-E021-Grave-of-the-Dragon/cap_00-06-59_130e.jpg,Outlaw Star Ep 21: Grave of the Dragon @ 00:06:59,https://animehistory.org/gallery/screencaps/outlaw-star/episode-21/,https://animehistory.org/gallery/screencaps/outlaw-star/episode-21/,1,2026-10-07T01:50:17.359478+00:00,08cf1b07f2be70ec0341724533b6c523a2c2040f73551ffde090023124770404,,UNVERIFIED
EP-21,Grave of the Dragon,00:07:03,423,853941,https://animehistory.org/uploads/screencaps/outlaw-star-E021-Grave-of-the-Dragon/cap_00-07-03_4151.jpg,Outlaw Star Ep 21: Grave of the Dragon @ 00:07:03,https://animehistory.org/gallery/screencaps/outlaw-star/episode-21/,https://animehistory.org/gallery/screencaps/outlaw-star/episode-21/,1,2026-10-07T01:50:17.359478+00:00,08cf1b07f2be70ec0341724533b6c523a2c2040f73551ffde090023124770404,,UNVERIFIED
EP-21,Grave of the Dragon,00:07:06,426,853942,https://animehistory.org/uploads/screencaps/outlaw-star-E021-Grave-of-the-Dragon/cap_00-07-06_14ce.jpg,Outlaw Star Ep 21: Grave of the Dragon @ 00:07:06,https://animehistory.org/gallery/screencaps/outlaw-star/episode-21/,https://animehistory.org/gallery/screencaps/outlaw-star/episode-21/,1,2026-10-07T01:50:17.359478+00:00,08cf1b07f2be70ec0341724533b6c523a2c2040f73551ffde090023124770404,,UNVERIFIED
EP-21,Grave of the Dragon,00:07:10,430,853943,https://animehistory.org/uploads/screencaps/outlaw-star-E021-Grave-of-the-Dragon/cap_00-07-10_2645.jpg,Outlaw Star Ep 21: Grave of the Dragon @ 00:07:10,https://animehistory.org/gallery/screencaps/outlaw-star/episode-21/,https://animehistory.org/gallery/screencaps/outlaw-star/episode-21/,1,2026-10-07T01:50:17.359478+00:00,08cf1b07f2be70ec0341724533b6c523a2c2040f73551ffde090023124770404,,UNVERIFIED
EP-21,Grave of the Dragon,00:07:14,434,853944,https://animehistory.org/uploads/screencaps/outlaw-star-E021-Grave-of-the-Dragon/cap_00-07-14_5cbb.jpg,Outlaw Star Ep 21: Grave of the Dragon @ 00:07:14,https://animehistory.org/gallery/screencaps/outlaw-star/episode-21/,https://animehistory.org/gallery/screencaps/outlaw-star/episode-21/,1,2026-10-07T01:50:17.359478+00:00,08cf1b07f2be70ec0341724533b6c523a2c2040f73551ffde090023124770404,,UNVERIFIED
EP-21,Grave of the Dragon,00:07:17,437,853945,https://animehistory.org/uploads/screencaps/outlaw-star-E021-Grave-of-the-Dragon/cap_00-07-17_70c7.jpg,Outlaw Star Ep 21: Grave of the Dragon @ 00:07:17,https://animehistory.org/gallery/screencaps/outlaw-star/episode-21/,https://animehistory.org/gallery/screencaps/outlaw-star/episode-21/,1,2026-10-07T01:50:17.359478+00:00,08cf1b07f2be70ec0341724533b6c523a2c2040f73551ffde090023124770404,,UNVERIFIED
EP-21,Grave of the Dragon,00:07:21,441,853946,https://animehistory.org/uploads/screencaps/outlaw-star-E021-Grave-of-the-Dragon/cap_00-07-21_24f0.jpg,Outlaw Star Ep 21: Grave of the Dragon @ 00:07:21,https://animehistory.org/gallery/screencaps/outlaw-star/episode-21/,https://animehistory.org/gallery/screencaps/outlaw-star/episode-21/,1,2026-10-07T01:50:17.359478+00:00,08cf1b07f2be70ec0341724533b6c523a2c2040f73551ffde090023124770404,,UNVERIFIED
EP-21,Grave of the Dragon,00:07:24,444,853947,https://animehistory.org/uploads/screencaps/outlaw-star-E021-Grave-of-the-Dragon/cap_00-07-24_7ef3.jpg,Outlaw Star Ep 21: Grave of the Dragon @ 00:07:24,https://animehistory.org/gallery/screencaps/outlaw-star/episode-21/,https://animehistory.org/gallery/screencaps/outlaw-star/episode-21/,1,2026-10-07T01:50:17.359478+00:00,08cf1b07f2be70ec0341724533b6c523a2c2040f73551ffde090023124770404,,UNVERIFIED
EP-21,Grave of the Dragon,00:07:28,448,853948,https://animehistory.org/uploads/screencaps/outlaw-star-E021-Grave-of-the-Dragon/cap_00-07-28_5488.jpg,Outlaw Star Ep 21: Grave of the Dragon @ 00:07:28,https://animehistory.org/gallery/screencaps/outlaw-star/episode-21/,https://animehistory.org/gallery/screencaps/outlaw-star/episode-21/,1,2026-10-07T01:50:17.359478+00:00,08cf1b07f2be70ec0341724533b6c523a2c2040f73551ffde090023124770404,,UNVERIFIED
EP-21,Grave of the Dragon,00:07:32,452,853949,https://animehistory.org/uploads/screencaps/outlaw-star-E021-Grave-of-the-Dragon/cap_00-07-32_3640.jpg,Outlaw Star Ep 21: Grave of the Dragon @ 00:07:32,https://animehistory.org/gallery/screencaps/outlaw-star/episode-21/,https://animehistory.org/gallery/screencaps/outlaw-star/episode-21/,1,2026-10-07T01:50:17.359478+00:00,08cf1b07f2be70ec0341724533b6c523a2c2040f73551ffde090023124770404,,UNVERIFIED
EP-21,Grave of the Dragon,00:07:35,455,853950,https://animehistory.org/uploads/screencaps/outlaw-star-E021-Grave-of-the-Dragon/cap_00-07-35_6e12.jpg,Outlaw Star Ep 21: Grave of the Dragon @ 00:07:35,https://animehistory.org/gallery/screencaps/outlaw-star/episode-21/,https://animehistory.org/gallery/screencaps/outlaw-star/episode-21/,1,2026-10-07T01:50:17.359478+00:00,08cf1b07f2be70ec0341724533b6c523a2c2040f73551ffde090023124770404,,UNVERIFIED
EP-21,Grave of the Dragon,00:07:39,459,853951,https://animehistory.org/uploads/screencaps/outlaw-star-E021-Grave-of-the-Dragon/cap_00-07-39_1f57.jpg,Outlaw Star Ep 21: Grave of the Dragon @ 00:07:39,https://animehistory.org/gallery/screencaps/outlaw-star/episode-21/,https://animehistory.org/gallery/screencaps/outlaw-star/episode-21/,1,2026-10-07T01:50:17.359478+00:00,08cf1b07f2be70ec0341724533b6c523a2c2040f73551ffde090023124770404,,UNVERIFIED
EP-21,Grave of the Dragon,00:07:43,463,853952,https://animehistory.org/uploads/screencaps/outlaw-star-E021-Grave-of-the-Dragon/cap_00-07-43_4f01.jpg,Outlaw Star Ep 21: Grave of the Dragon @ 00:07:43,https://animehistory.org/gallery/screencaps/outlaw-star/episode-21/,https://animehistory.org/gallery/screencaps/outlaw-star/episode-21/,1,2026-10-07T01:50:17.359478+00:00,08cf1b07f2be70ec0341724533b6c523a2c2040f73551ffde090023124770404,,UNVERIFIED
EP-21,Grave of the Dragon,00:07:46,466,853953,https://animehistory.org/uploads/screencaps/outlaw-star-E021-Grave-of-the-Dragon/cap_00-07-46_41b0.jpg,Outlaw Star Ep 21: Grave of the Dragon @ 00:07:46,https://animehistory.org/gallery/screencaps/outlaw-star/episode-21/,https://animehistory.org/gallery/screencaps/outlaw-star/episode-21/?page=2,2,2026-10-07T01:50:18.670539+00:00,933c87638a167243707b9b740a6f2333568cb75ffb1cea6f4ded065a6da97b81,,UNVERIFIED
EP-21,Grave of the Dragon,00:07:50,470,853954,https://animehistory.org/uploads/screencaps/outlaw-star-E021-Grave-of-the-Dragon/cap_00-07-50_50a7.jpg,Outlaw Star Ep 21: Grave of the Dragon @ 00:07:50,https://animehistory.org/gallery/screencaps/outlaw-star/episode-21/,https://animehistory.org/gallery/screencaps/outlaw-star/episode-21/?page=2,2,2026-10-07T01:50:18.670539+00:00,933c87638a167243707b9b740a6f2333568cb75ffb1cea6f4ded065a6da97b81,,UNVERIFIED
EP-21,Grave of the Dragon,00:07:53,473,853955,https://animehistory.org/uploads/screencaps/outlaw-star-E021-Grave-of-the-Dragon/cap_00-07-53_6b69.jpg,Outlaw Star Ep 21: Grave of the Dragon @ 00:07:53,https://animehistory.org/gallery/screencaps/outlaw-star/episode-21/,https://animehistory.org/gallery/screencaps/outlaw-star/episode-21/?page=2,2,2026-10-07T01:50:18.670539+00:00,933c87638a167243707b9b740a6f2333568cb75ffb1cea6f4ded065a6da97b81,,UNVERIFIED
EP-21,Grave of the Dragon,00:07:57,477,853956,https://animehistory.org/uploads/screencaps/outlaw-star-E021-Grave-of-the-Dragon/cap_00-07-57_60e2.jpg,Outlaw Star Ep 21: Grave of the Dragon @ 00:07:57,https://animehistory.org/gallery/screencaps/outlaw-star/episode-21/,https://animehistory.org/gallery/screencaps/outlaw-star/episode-21/?page=2,2,2026-10-07T01:50:18.670539+00:00,933c87638a167243707b9b740a6f2333568cb75ffb1cea6f4ded065a6da97b81,,UNVERIFIED
EP-21,Grave of the Dragon,00:08:01,481,853957,https://animehistory.org/uploads/screencaps/outlaw-star-E021-Grave-of-the-Dragon/cap_00-08-01_05b9.jpg,Outlaw Star Ep 21: Grave of the Dragon @ 00:08:01,https://animehistory.org/gallery/screencaps/outlaw-star/episode-21/,https://animehistory.org/gallery/screencaps/outlaw-star/episode-21/?page=2,2,2026-10-07T01:50:18.670539+00:00,933c87638a167243707b9b740a6f2333568cb75ffb1cea6f4ded065a6da97b81,,UNVERIFIED
EP-21,Grave of the Dragon,00:08:04,484,853958,https://animehistory.org/uploads/screencaps/outlaw-star-E021-Grave-of-the-Dragon/cap_00-08-04_23bc.jpg,Outlaw Star Ep 21: Grave of the Dragon @ 00:08:04,https://animehistory.org/gallery/screencaps/outlaw-star/episode-21/,https://animehistory.org/gallery/screencaps/outlaw-star/episode-21/?page=2,2,2026-10-07T01:50:18.670539+00:00,933c87638a167243707b9b740a6f2333568cb75ffb1cea6f4ded065a6da97b81,,UNVERIFIED
EP-21,Grave of the Dragon,00:08:08,488,853959,https://animehistory.org/uploads/screencaps/outlaw-star-E021-Grave-of-the-Dragon/cap_00-08-08_1edd.jpg,Outlaw Star Ep 21: Grave of the Dragon @ 00:08:08,https://animehistory.org/gallery/screencaps/outlaw-star/episode-21/,https://animehistory.org/gallery/screencaps/outlaw-star/episode-21/?page=2,2,2026-10-07T01:50:18.670539+00:00,933c87638a167243707b9b740a6f2333568cb75ffb1cea6f4ded065a6da97b81,,UNVERIFIED
EP-21,Grave of the Dragon,00:08:12,492,853960,https://animehistory.org/uploads/screencaps/outlaw-star-E021-Grave-of-the-Dragon/cap_00-08-12_2093.jpg,Outlaw Star Ep 21: Grave of the Dragon @ 00:08:12,https://animehistory.org/gallery/screencaps/outlaw-star/episode-21/,https://animehistory.org/gallery/screencaps/outlaw-star/episode-21/?page=2,2,2026-10-07T01:50:18.670539+00:00,933c87638a167243707b9b740a6f2333568cb75ffb1cea6f4ded065a6da97b81,,UNVERIFIED
EP-21,Grave of the Dragon,00:08:15,495,853961,https://animehistory.org/uploads/screencaps/outlaw-star-E021-Grave-of-the-Dragon/cap_00-08-15_5a28.jpg,Outlaw Star Ep 21: Grave of the Dragon @ 00:08:15,https://animehistory.org/gallery/screencaps/outlaw-star/episode-21/,https://animehistory.org/gallery/screencaps/outlaw-star/episode-21/?page=2,2,2026-10-07T01:50:18.670539+00:00,933c87638a167243707b9b740a6f2333568cb75ffb1cea6f4ded065a6da97b81,,UNVERIFIED
EP-21,Grave of the Dragon,00:08:19,499,853962,https://animehistory.org/uploads/screencaps/outlaw-star-E021-Grave-of-the-Dragon/cap_00-08-19_7e97.jpg,Outlaw Star Ep 21: Grave of the Dragon @ 00:08:19,https://animehistory.org/gallery/screencaps/outlaw-star/episode-21/,https://animehistory.org/gallery/screencaps/outlaw-star/episode-21/?page=2,2,2026-10-07T01:50:18.670539+00:00,933c87638a167243707b9b740a6f2333568cb75ffb1cea6f4ded065a6da97b81,,UNVERIFIED
EP-21,Grave of the Dragon,00:08:23,503,853963,https://animehistory.org/uploads/screencaps/outlaw-star-E021-Grave-of-the-Dragon/cap_00-08-23_5a79.jpg,Outlaw Star Ep 21: Grave of the Dragon @ 00:08:23,https://animehistory.org/gallery/screencaps/outlaw-star/episode-21/,https://animehistory.org/gallery/screencaps/outlaw-star/episode-21/?page=2,2,2026-10-07T01:50:18.670539+00:00,933c87638a167243707b9b740a6f2333568cb75ffb1cea6f4ded065a6da97b81,,UNVERIFIED
EP-21,Grave of the Dragon,00:08:26,506,853964,https://animehistory.org/uploads/screencaps/outlaw-star-E021-Grave-of-the-Dragon/cap_00-08-26_5a45.jpg,Outlaw Star Ep 21: Grave of the Dragon @ 00:08:26,https://animehistory.org/gallery/screencaps/outlaw-star/episode-21/,https://animehistory.org/gallery/screencaps/outlaw-star/episode-21/?page=2,2,2026-10-07T01:50:18.670539+00:00,933c87638a167243707b9b740a6f2333568cb75ffb1cea6f4ded065a6da97b81,,UNVERIFIED
EP-21,Grave of the Dragon,00:08:30,510,853965,https://animehistory.org/uploads/screencaps/outlaw-star-E021-Grave-of-the-Dragon/cap_00-08-30_4e1a.jpg,Outlaw Star Ep 21: Grave of the Dragon @ 00:08:30,https://animehistory.org/gallery/screencaps/outlaw-star/episode-21/,https://animehistory.org/gallery/screencaps/outlaw-star/episode-21/?page=2,2,2026-10-07T01:50:18.670539+00:00,933c87638a167243707b9b740a6f2333568cb75ffb1cea6f4ded065a6da97b81,,UNVERIFIED
EP-21,Grave of the Dragon,00:08:33,513,853966,https://animehistory.org/uploads/screencaps/outlaw-star-E021-Grave-of-the-Dragon/cap_00-08-33_7ce1.jpg,Outlaw Star Ep 21: Grave of the Dragon @ 00:08:33,https://animehistory.org/gallery/screencaps/outlaw-star/episode-21/,https://animehistory.org/gallery/screencaps/outlaw-star/episode-21/?page=2,2,2026-10-07T01:50:18.670539+00:00,933c87638a167243707b9b740a6f2333568cb75ffb1cea6f4ded065a6da97b81,,UNVERIFIED
EP-21,Grave of the Dragon,00:08:37,517,853967,https://animehistory.org/uploads/screencaps/outlaw-star-E021-Grave-of-the-Dragon/cap_00-08-37_451c.jpg,Outlaw Star Ep 21: Grave of the Dragon @ 00:08:37,https://animehistory.org/gallery/screencaps/outlaw-star/episode-21/,https://animehistory.org/gallery/screencaps/outlaw-star/episode-21/?page=2,2,2026-10-07T01:50:18.670539+00:00,933c87638a167243707b9b740a6f2333568cb75ffb1cea6f4ded065a6da97b81,,UNVERIFIED
EP-21,Grave of the Dragon,00:08:41,521,853968,https://animehistory.org/uploads/screencaps/outlaw-star-E021-Grave-of-the-Dragon/cap_00-08-41_6248.jpg,Outlaw Star Ep 21: Grave of the Dragon @ 00:08:41,https://animehistory.org/gallery/screencaps/outlaw-star/episode-21/,https://animehistory.org/gallery/screencaps/outlaw-star/episode-21/?page=2,2,2026-10-07T01:50:18.670539+00:00,933c87638a167243707b9b740a6f2333568cb75ffb1cea6f4ded065a6da97b81,,UNVERIFIED
EP-21,Grave of the Dragon,00:08:44,524,853969,https://animehistory.org/uploads/screencaps/outlaw-star-E021-Grave-of-the-Dragon/cap_00-08-44_13d3.jpg,Outlaw Star Ep 21: Grave of the Dragon @ 00:08:44,https://animehistory.org/gallery/screencaps/outlaw-star/episode-21/,https://animehistory.org/gallery/screencaps/outlaw-star/episode-21/?page=2,2,2026-10-07T01:50:18.670539+00:00,933c87638a167243707b9b740a6f2333568cb75ffb1cea6f4ded065a6da97b81,,UNVERIFIED
EP-21,Grave of the Dragon,00:08:48,528,853970,https://animehistory.org/uploads/screencaps/outlaw-star-E021-Grave-of-the-Dragon/cap_00-08-48_5581.jpg,Outlaw Star Ep 21: Grave of the Dragon @ 00:08:48,https://animehistory.org/gallery/screencaps/outlaw-star/episode-21/,https://animehistory.org/gallery/screencaps/outlaw-star/episode-21/?page=2,2,2026-10-07T01:50:18.670539+00:00,933c87638a167243707b9b740a6f2333568cb75ffb1cea6f4ded065a6da97b81,,UNVERIFIED
EP-21,Grave of the Dragon,00:08:52,532,853971,https://animehistory.org/uploads/screencaps/outlaw-star-E021-Grave-of-the-Dragon/cap_00-08-52_6b11.jpg,Outlaw Star Ep 21: Grave of the Dragon @ 00:08:52,https://animehistory.org/gallery/screencaps/outlaw-star/episode-21/,https://animehistory.org/gallery/screencaps/outlaw-star/episode-21/?page=2,2,2026-10-07T01:50:18.670539+00:00,933c87638a167243707b9b740a6f2333568cb75ffb1cea6f4ded065a6da97b81,,UNVERIFIED
EP-21,Grave of the Dragon,00:08:55,535,853972,https://animehistory.org/uploads/screencaps/outlaw-star-E021-Grave-of-the-Dragon/cap_00-08-55_089d.jpg,Outlaw Star Ep 21: Grave of the Dragon @ 00:08:55,https://animehistory.org/gallery/screencaps/outlaw-star/episode-21/,https://animehistory.org/gallery/screencaps/outlaw-star/episode-21/?page=2,2,2026-10-07T01:50:18.670539+00:00,933c87638a167243707b9b740a6f2333568cb75ffb1cea6f4ded065a6da97b81,,UNVERIFIED
EP-21,Grave of the Dragon,00:08:59,539,853973,https://animehistory.org/uploads/screencaps/outlaw-star-E021-Grave-of-the-Dragon/cap_00-08-59_7bfe.jpg,Outlaw Star Ep 21: Grave of the Dragon @ 00:08:59,https://animehistory.org/gallery/screencaps/outlaw-star/episode-21/,https://animehistory.org/gallery/screencaps/outlaw-star/episode-21/?page=2,2,2026-10-07T01:50:18.670539+00:00,933c87638a167243707b9b740a6f2333568cb75ffb1cea6f4ded065a6da97b81,,UNVERIFIED
EP-21,Grave of the Dragon,00:09:02,542,853974,https://animehistory.org/uploads/screencaps/outlaw-star-E021-Grave-of-the-Dragon/cap_00-09-02_11e0.jpg,Outlaw Star Ep 21: Grave of the Dragon @ 00:09:02,https://animehistory.org/gallery/screencaps/outlaw-star/episode-21/,https://animehistory.org/gallery/screencaps/outlaw-star/episode-21/?page=2,2,2026-10-07T01:50:18.670539+00:00,933c87638a167243707b9b740a6f2333568cb75ffb1cea6f4ded065a6da97b81,,UNVERIFIED
EP-21,Grave of the Dragon,00:09:06,546,853975,https://animehistory.org/uploads/screencaps/outlaw-star-E021-Grave-of-the-Dragon/cap_00-09-06_4ca1.jpg,Outlaw Star Ep 21: Grave of the Dragon @ 00:09:06,https://animehistory.org/gallery/screencaps/outlaw-star/episode-21/,https://animehistory.org/gallery/screencaps/outlaw-star/episode-21/?page=2,2,2026-10-07T01:50:18.670539+00:00,933c87638a167243707b9b740a6f2333568cb75ffb1cea6f4ded065a6da97b81,,UNVERIFIED
EP-21,Grave of the Dragon,00:09:10,550,853976,https://animehistory.org/uploads/screencaps/outlaw-star-E021-Grave-of-the-Dragon/cap_00-09-10_5efe.jpg,Outlaw Star Ep 21: Grave of the Dragon @ 00:09:10,https://animehistory.org/gallery/screencaps/outlaw-star/episode-21/,https://animehistory.org/gallery/screencaps/outlaw-star/episode-21/?page=2,2,2026-10-07T01:50:18.670539+00:00,933c87638a167243707b9b740a6f2333568cb75ffb1cea6f4ded065a6da97b81,,UNVERIFIED
EP-21,Grave of the Dragon,00:09:13,553,853977,https://animehistory.org/uploads/screencaps/outlaw-star-E021-Grave-of-the-Dragon/cap_00-09-13_53ba.jpg,Outlaw Star Ep 21: Grave of the Dragon @ 00:09:13,https://animehistory.org/gallery/screencaps/outlaw-star/episode-21/,https://animehistory.org/gallery/screencaps/outlaw-star/episode-21/?page=2,2,2026-10-07T01:50:18.670539+00:00,933c87638a167243707b9b740a6f2333568cb75ffb1cea6f4ded065a6da97b81,,UNVERIFIED
EP-21,Grave of the Dragon,00:09:17,557,853978,https://animehistory.org/uploads/screencaps/outlaw-star-E021-Grave-of-the-Dragon/cap_00-09-17_6457.jpg,Outlaw Star Ep 21: Grave of the Dragon @ 00:09:17,https://animehistory.org/gallery/screencaps/outlaw-star/episode-21/,https://animehistory.org/gallery/screencaps/outlaw-star/episode-21/?page=2,2,2026-10-07T01:50:18.670539+00:00,933c87638a167243707b9b740a6f2333568cb75ffb1cea6f4ded065a6da97b81,,UNVERIFIED
EP-21,Grave of the Dragon,00:09:21,561,853979,https://animehistory.org/uploads/screencaps/outlaw-star-E021-Grave-of-the-Dragon/cap_00-09-21_6293.jpg,Outlaw Star Ep 21: Grave of the Dragon @ 00:09:21,https://animehistory.org/gallery/screencaps/outlaw-star/episode-21/,https://animehistory.org/gallery/screencaps/outlaw-star/episode-21/?page=2,2,2026-10-07T01:50:18.670539+00:00,933c87638a167243707b9b740a6f2333568cb75ffb1cea6f4ded065a6da97b81,,UNVERIFIED
EP-21,Grave of the Dragon,00:09:24,564,853980,https://animehistory.org/uploads/screencaps/outlaw-star-E021-Grave-of-the-Dragon/cap_00-09-24_23cc.jpg,Outlaw Star Ep 21: Grave of the Dragon @ 00:09:24,https://animehistory.org/gallery/screencaps/outlaw-star/episode-21/,https://animehistory.org/gallery/screencaps/outlaw-star/episode-21/?page=2,2,2026-10-07T01:50:18.670539+00:00,933c87638a167243707b9b740a6f2333568cb75ffb1cea6f4ded065a6da97b81,,UNVERIFIED
EP-21,Grave of the Dragon,00:09:28,568,853981,https://animehistory.org/uploads/screencaps/outlaw-star-E021-Grave-of-the-Dragon/cap_00-09-28_1849.jpg,Outlaw Star Ep 21: Grave of the Dragon @ 00:09:28,https://animehistory.org/gallery/screencaps/outlaw-star/episode-21/,https://animehistory.org/gallery/screencaps/outlaw-star/episode-21/?page=2,2,2026-10-07T01:50:18.670539+00:00,933c87638a167243707b9b740a6f2333568cb75ffb1cea6f4ded065a6da97b81,,UNVERIFIED
EP-21,Grave of the Dragon,00:09:32,572,853982,https://animehistory.org/uploads/screencaps/outlaw-star-E021-Grave-of-the-Dragon/cap_00-09-32_4233.jpg,Outlaw Star Ep 21: Grave of the Dragon @ 00:09:32,https://animehistory.org/gallery/screencaps/outlaw-star/episode-21/,https://animehistory.org/gallery/screencaps/outlaw-star/episode-21/?page=2,2,2026-10-07T01:50:18.670539+00:00,933c87638a167243707b9b740a6f2333568cb75ffb1cea6f4ded065a6da97b81,,UNVERIFIED
EP-21,Grave of the Dragon,00:09:35,575,853983,https://animehistory.org/uploads/screencaps/outlaw-star-E021-Grave-of-the-Dragon/cap_00-09-35_0a8b.jpg,Outlaw Star Ep 21: Grave of the Dragon @ 00:09:35,https://animehistory.org/gallery/screencaps/outlaw-star/episode-21/,https://animehistory.org/gallery/screencaps/outlaw-star/episode-21/?page=2,2,2026-10-07T01:50:18.670539+00:00,933c87638a167243707b9b740a6f2333568cb75ffb1cea6f4ded065a6da97b81,,UNVERIFIED
EP-21,Grave of the Dragon,00:09:39,579,853984,https://animehistory.org/uploads/screencaps/outlaw-star-E021-Grave-of-the-Dragon/cap_00-09-39_430e.jpg,Outlaw Star Ep 21: Grave of the Dragon @ 00:09:39,https://animehistory.org/gallery/screencaps/outlaw-star/episode-21/,https://animehistory.org/gallery/screencaps/outlaw-star/episode-21/?page=2,2,2026-10-07T01:50:18.670539+00:00,933c87638a167243707b9b740a6f2333568cb75ffb1cea6f4ded065a6da97b81,,UNVERIFIED
EP-21,Grave of the Dragon,00:09:42,582,853985,https://animehistory.org/uploads/screencaps/outlaw-star-E021-Grave-of-the-Dragon/cap_00-09-42_3683.jpg,Outlaw Star Ep 21: Grave of the Dragon @ 00:09:42,https://animehistory.org/gallery/screencaps/outlaw-star/episode-21/,https://animehistory.org/gallery/screencaps/outlaw-star/episode-21/?page=2,2,2026-10-07T01:50:18.670539+00:00,933c87638a167243707b9b740a6f2333568cb75ffb1cea6f4ded065a6da97b81,,UNVERIFIED
EP-21,Grave of the Dragon,00:09:46,586,853986,https://animehistory.org/uploads/screencaps/outlaw-star-E021-Grave-of-the-Dragon/cap_00-09-46_632a.jpg,Outlaw Star Ep 21: Grave of the Dragon @ 00:09:46,https://animehistory.org/gallery/screencaps/outlaw-star/episode-21/,https://animehistory.org/gallery/screencaps/outlaw-star/episode-21/?page=2,2,2026-10-07T01:50:18.670539+00:00,933c87638a167243707b9b740a6f2333568cb75ffb1cea6f4ded065a6da97b81,,UNVERIFIED
EP-21,Grave of the Dragon,00:09:50,590,853987,https://animehistory.org/uploads/screencaps/outlaw-star-E021-Grave-of-the-Dragon/cap_00-09-50_5cfd.jpg,Outlaw Star Ep 21: Grave of the Dragon @ 00:09:50,https://animehistory.org/gallery/screencaps/outlaw-star/episode-21/,https://animehistory.org/gallery/screencaps/outlaw-star/episode-21/?page=2,2,2026-10-07T01:50:18.670539+00:00,933c87638a167243707b9b740a6f2333568cb75ffb1cea6f4ded065a6da97b81,,UNVERIFIED
EP-21,Grave of the Dragon,00:09:53,593,853988,https://animehistory.org/uploads/screencaps/outlaw-star-E021-Grave-of-the-Dragon/cap_00-09-53_2b5b.jpg,Outlaw Star Ep 21: Grave of the Dragon @ 00:09:53,https://animehistory.org/gallery/screencaps/outlaw-star/episode-21/,https://animehistory.org/gallery/screencaps/outlaw-star/episode-21/?page=2,2,2026-10-07T01:50:18.670539+00:00,933c87638a167243707b9b740a6f2333568cb75ffb1cea6f4ded065a6da97b81,,UNVERIFIED
EP-21,Grave of the Dragon,00:09:57,597,853989,https://animehistory.org/uploads/screencaps/outlaw-star-E021-Grave-of-the-Dragon/cap_00-09-57_4cb8.jpg,Outlaw Star Ep 21: Grave of the Dragon @ 00:09:57,https://animehistory.org/gallery/screencaps/outlaw-star/episode-21/,https://animehistory.org/gallery/screencaps/outlaw-star/episode-21/?page=2,2,2026-10-07T01:50:18.670539+00:00,933c87638a167243707b9b740a6f2333568cb75ffb1cea6f4ded065a6da97b81,,UNVERIFIED
EP-21,Grave of the Dragon,00:10:01,601,853990,https://animehistory.org/uploads/screencaps/outlaw-star-E021-Grave-of-the-Dragon/cap_00-10-01_74a2.jpg,Outlaw Star Ep 21: Grave of the Dragon @ 00:10:01,https://animehistory.org/gallery/screencaps/outlaw-star/episode-21/,https://animehistory.org/gallery/screencaps/outlaw-star/episode-21/?page=2,2,2026-10-07T01:50:18.670539+00:00,933c87638a167243707b9b740a6f2333568cb75ffb1cea6f4ded065a6da97b81,,UNVERIFIED
EP-21,Grave of the Dragon,00:10:04,604,853991,https://animehistory.org/uploads/screencaps/outlaw-star-E021-Grave-of-the-Dragon/cap_00-10-04_59cb.jpg,Outlaw Star Ep 21: Grave of the Dragon @ 00:10:04,https://animehistory.org/gallery/screencaps/outlaw-star/episode-21/,https://animehistory.org/gallery/screencaps/outlaw-star/episode-21/?page=2,2,2026-10-07T01:50:18.670539+00:00,933c87638a167243707b9b740a6f2333568cb75ffb1cea6f4ded065a6da97b81,,UNVERIFIED
EP-21,Grave of the Dragon,00:10:08,608,853992,https://animehistory.org/uploads/screencaps/outlaw-star-E021-Grave-of-the-Dragon/cap_00-10-08_2031.jpg,Outlaw Star Ep 21: Grave of the Dragon @ 00:10:08,https://animehistory.org/gallery/screencaps/outlaw-star/episode-21/,https://animehistory.org/gallery/screencaps/outlaw-star/episode-21/?page=2,2,2026-10-07T01:50:18.670539+00:00,933c87638a167243707b9b740a6f2333568cb75ffb1cea6f4ded065a6da97b81,,UNVERIFIED
EP-21,Grave of the Dragon,00:10:11,611,853993,https://animehistory.org/uploads/screencaps/outlaw-star-E021-Grave-of-the-Dragon/cap_00-10-11_4704.jpg,Outlaw Star Ep 21: Grave of the Dragon @ 00:10:11,https://animehistory.org/gallery/screencaps/outlaw-star/episode-21/,https://animehistory.org/gallery/screencaps/outlaw-star/episode-21/?page=2,2,2026-10-07T01:50:18.670539+00:00,933c87638a167243707b9b740a6f2333568cb75ffb1cea6f4ded065a6da97b81,,UNVERIFIED
EP-21,Grave of the Dragon,00:10:15,615,853994,https://animehistory.org/uploads/screencaps/outlaw-star-E021-Grave-of-the-Dragon/cap_00-10-15_1b83.jpg,Outlaw Star Ep 21: Grave of the Dragon @ 00:10:15,https://animehistory.org/gallery/screencaps/outlaw-star/episode-21/,https://animehistory.org/gallery/screencaps/outlaw-star/episode-21/?page=2,2,2026-10-07T01:50:18.670539+00:00,933c87638a167243707b9b740a6f2333568cb75ffb1cea6f4ded065a6da97b81,,UNVERIFIED
EP-21,Grave of the Dragon,00:10:19,619,853995,https://animehistory.org/uploads/screencaps/outlaw-star-E021-Grave-of-the-Dragon/cap_00-10-19_79e0.jpg,Outlaw Star Ep 21: Grave of the Dragon @ 00:10:19,https://animehistory.org/gallery/screencaps/outlaw-star/episode-21/,https://animehistory.org/gallery/screencaps/outlaw-star/episode-21/?page=2,2,2026-10-07T01:50:18.670539+00:00,933c87638a167243707b9b740a6f2333568cb75ffb1cea6f4ded065a6da97b81,,UNVERIFIED
EP-21,Grave of the Dragon,00:10:22,622,853996,https://animehistory.org/uploads/screencaps/outlaw-star-E021-Grave-of-the-Dragon/cap_00-10-22_2410.jpg,Outlaw Star Ep 21: Grave of the Dragon @ 00:10:22,https://animehistory.org/gallery/screencaps/outlaw-star/episode-21/,https://animehistory.org/gallery/screencaps/outlaw-star/episode-21/?page=2,2,2026-10-07T01:50:18.670539+00:00,933c87638a167243707b9b740a6f2333568cb75ffb1cea6f4ded065a6da97b81,,UNVERIFIED
EP-21,Grave of the Dragon,00:10:26,626,853997,https://animehistory.org/uploads/screencaps/outlaw-star-E021-Grave-of-the-Dragon/cap_00-10-26_448e.jpg,Outlaw Star Ep 21: Grave of the Dragon @ 00:10:26,https://animehistory.org/gallery/screencaps/outlaw-star/episode-21/,https://animehistory.org/gallery/screencaps/outlaw-star/episode-21/?page=2,2,2026-10-07T01:50:18.670539+00:00,933c87638a167243707b9b740a6f2333568cb75ffb1cea6f4ded065a6da97b81,,UNVERIFIED
EP-21,Grave of the Dragon,00:10:30,630,853998,https://animehistory.org/uploads/screencaps/outlaw-star-E021-Grave-of-the-Dragon/cap_00-10-30_11bc.jpg,Outlaw Star Ep 21: Grave of the Dragon @ 00:10:30,https://animehistory.org/gallery/screencaps/outlaw-star/episode-21/,https://animehistory.org/gallery/screencaps/outlaw-star/episode-21/?page=2,2,2026-10-07T01:50:18.670539+00:00,933c87638a167243707b9b740a6f2333568cb75ffb1cea6f4ded065a6da97b81,,UNVERIFIED
EP-21,Grave of the Dragon,00:10:33,633,853999,https://animehistory.org/uploads/screencaps/outlaw-star-E021-Grave-of-the-Dragon/cap_00-10-33_6b8c.jpg,Outlaw Star Ep 21: Grave of the Dragon @ 00:10:33,https://animehistory.org/gallery/screencaps/outlaw-star/episode-21/,https://animehistory.org/gallery/screencaps/outlaw-star/episode-21/?page=2,2,2026-10-07T01:50:18.670539+00:00,933c87638a167243707b9b740a6f2333568cb75ffb1cea6f4ded065a6da97b81,,UNVERIFIED
EP-21,Grave of the Dragon,00:10:37,637,854000,https://animehistory.org/uploads/screencaps/outlaw-star-E021-Grave-of-the-Dragon/cap_00-10-37_1f05.jpg,Outlaw Star Ep 21: Grave of the Dragon @ 00:10:37,https://animehistory.org/gallery/screencaps/outlaw-star/episode-21/,https://animehistory.org/gallery/screencaps/outlaw-star/episode-21/?page=2,2,2026-10-07T01:50:18.670539+00:00,933c87638a167243707b9b740a6f2333568cb75ffb1cea6f4ded065a6da97b81,,UNVERIFIED
EP-21,Grave of the Dragon,00:10:41,641,854001,https://animehistory.org/uploads/screencaps/outlaw-star-E021-Grave-of-the-Dragon/cap_00-10-41_757b.jpg,Outlaw Star Ep 21: Grave of the Dragon @ 00:10:41,https://animehistory.org/gallery/screencaps/outlaw-star/episode-21/,https://animehistory.org/gallery/screencaps/outlaw-star/episode-21/?page=2,2,2026-10-07T01:50:18.670539+00:00,933c87638a167243707b9b740a6f2333568cb75ffb1cea6f4ded065a6da97b81,,UNVERIFIED
EP-21,Grave of the Dragon,00:10:44,644,854002,https://animehistory.org/uploads/screencaps/outlaw-star-E021-Grave-of-the-Dragon/cap_00-10-44_7a6b.jpg,Outlaw Star Ep 21: Grave of the Dragon @ 00:10:44,https://animehistory.org/gallery/screencaps/outlaw-star/episode-21/,https://animehistory.org/gallery/screencaps/outlaw-star/episode-21/?page=2,2,2026-10-07T01:50:18.670539+00:00,933c87638a167243707b9b740a6f2333568cb75ffb1cea6f4ded065a6da97b81,,UNVERIFIED
EP-21,Grave of the Dragon,00:10:48,648,854003,https://animehistory.org/uploads/screencaps/outlaw-star-E021-Grave-of-the-Dragon/cap_00-10-48_7058.jpg,Outlaw Star Ep 21: Grave of the Dragon @ 00:10:48,https://animehistory.org/gallery/screencaps/outlaw-star/episode-21/,https://animehistory.org/gallery/screencaps/outlaw-star/episode-21/?page=2,2,2026-10-07T01:50:18.670539+00:00,933c87638a167243707b9b740a6f2333568cb75ffb1cea6f4ded065a6da97b81,,UNVERIFIED
EP-21,Grave of the Dragon,00:10:51,651,854004,https://animehistory.org/uploads/screencaps/outlaw-star-E021-Grave-of-the-Dragon/cap_00-10-51_3f9b.jpg,Outlaw Star Ep 21: Grave of the Dragon @ 00:10:51,https://animehistory.org/gallery/screencaps/outlaw-star/episode-21/,https://animehistory.org/gallery/screencaps/outlaw-star/episode-21/?page=2,2,2026-10-07T01:50:18.670539+00:00,933c87638a167243707b9b740a6f2333568cb75ffb1cea6f4ded065a6da97b81,,UNVERIFIED
EP-21,Grave of the Dragon,00:10:55,655,854005,https://animehistory.org/uploads/screencaps/outlaw-star-E021-Grave-of-the-Dragon/cap_00-10-55_1eac.jpg,Outlaw Star Ep 21: Grave of the Dragon @ 00:10:55,https://animehistory.org/gallery/screencaps/outlaw-star/episode-21/,https://animehistory.org/gallery/screencaps/outlaw-star/episode-21/?page=2,2,2026-10-07T01:50:18.670539+00:00,933c87638a167243707b9b740a6f2333568cb75ffb1cea6f4ded065a6da97b81,,UNVERIFIED
EP-21,Grave of the Dragon,00:10:59,659,854006,https://animehistory.org/uploads/screencaps/outlaw-star-E021-Grave-of-the-Dragon/cap_00-10-59_6642.jpg,Outlaw Star Ep 21: Grave of the Dragon @ 00:10:59,https://animehistory.org/gallery/screencaps/outlaw-star/episode-21/,https://animehistory.org/gallery/screencaps/outlaw-star/episode-21/?page=2,2,2026-10-07T01:50:18.670539+00:00,933c87638a167243707b9b740a6f2333568cb75ffb1cea6f4ded065a6da97b81,,UNVERIFIED
EP-21,Grave of the Dragon,00:11:02,662,854007,https://animehistory.org/uploads/screencaps/outlaw-star-E021-Grave-of-the-Dragon/cap_00-11-02_34f3.jpg,Outlaw Star Ep 21: Grave of the Dragon @ 00:11:02,https://animehistory.org/gallery/screencaps/outlaw-star/episode-21/,https://animehistory.org/gallery/screencaps/outlaw-star/episode-21/?page=2,2,2026-10-07T01:50:18.670539+00:00,933c87638a167243707b9b740a6f2333568cb75ffb1cea6f4ded065a6da97b81,,UNVERIFIED
EP-21,Grave of the Dragon,00:11:06,666,854008,https://animehistory.org/uploads/screencaps/outlaw-star-E021-Grave-of-the-Dragon/cap_00-11-06_01c8.jpg,Outlaw Star Ep 21: Grave of the Dragon @ 00:11:06,https://animehistory.org/gallery/screencaps/outlaw-star/episode-21/,https://animehistory.org/gallery/screencaps/outlaw-star/episode-21/?page=2,2,2026-10-07T01:50:18.670539+00:00,933c87638a167243707b9b740a6f2333568cb75ffb1cea6f4ded065a6da97b81,,UNVERIFIED
EP-21,Grave of the Dragon,00:11:10,670,854009,https://animehistory.org/uploads/screencaps/outlaw-star-E021-Grave-of-the-Dragon/cap_00-11-10_4bdd.jpg,Outlaw Star Ep 21: Grave of the Dragon @ 00:11:10,https://animehistory.org/gallery/screencaps/outlaw-star/episode-21/,https://animehistory.org/gallery/screencaps/outlaw-star/episode-21/?page=2,2,2026-10-07T01:50:18.670539+00:00,933c87638a167243707b9b740a6f2333568cb75ffb1cea6f4ded065a6da97b81,,UNVERIFIED
EP-21,Grave of the Dragon,00:11:13,673,854010,https://animehistory.org/uploads/screencaps/outlaw-star-E021-Grave-of-the-Dragon/cap_00-11-13_48f2.jpg,Outlaw Star Ep 21: Grave of the Dragon @ 00:11:13,https://animehistory.org/gallery/screencaps/outlaw-star/episode-21/,https://animehistory.org/gallery/screencaps/outlaw-star/episode-21/?page=2,2,2026-10-07T01:50:18.670539+00:00,933c87638a167243707b9b740a6f2333568cb75ffb1cea6f4ded065a6da97b81,,UNVERIFIED
EP-21,Grave of the Dragon,00:11:17,677,854011,https://animehistory.org/uploads/screencaps/outlaw-star-E021-Grave-of-the-Dragon/cap_00-11-17_498f.jpg,Outlaw Star Ep 21: Grave of the Dragon @ 00:11:17,https://animehistory.org/gallery/screencaps/outlaw-star/episode-21/,https://animehistory.org/gallery/screencaps/outlaw-star/episode-21/?page=2,2,2026-10-07T01:50:18.670539+00:00,933c87638a167243707b9b740a6f2333568cb75ffb1cea6f4ded065a6da97b81,,UNVERIFIED
EP-21,Grave of the Dragon,00:11:20,680,854012,https://animehistory.org/uploads/screencaps/outlaw-star-E021-Grave-of-the-Dragon/cap_00-11-20_614f.jpg,Outlaw Star Ep 21: Grave of the Dragon @ 00:11:20,https://animehistory.org/gallery/screencaps/outlaw-star/episode-21/,https://animehistory.org/gallery/screencaps/outlaw-star/episode-21/?page=2,2,2026-10-07T01:50:18.670539+00:00,933c87638a167243707b9b740a6f2333568cb75ffb1cea6f4ded065a6da97b81,,UNVERIFIED
EP-21,Grave of the Dragon,00:11:24,684,854013,https://animehistory.org/uploads/screencaps/outlaw-star-E021-Grave-of-the-Dragon/cap_00-11-24_0b50.jpg,Outlaw Star Ep 21: Grave of the Dragon @ 00:11:24,https://animehistory.org/gallery/screencaps/outlaw-star/episode-21/,https://animehistory.org/gallery/screencaps/outlaw-star/episode-21/?page=2,2,2026-10-07T01:50:18.670539+00:00,933c87638a167243707b9b740a6f2333568cb75ffb1cea6f4ded065a6da97b81,,UNVERIFIED
EP-21,Grave of the Dragon,00:11:28,688,854014,https://animehistory.org/uploads/screencaps/outlaw-star-E021-Grave-of-the-Dragon/cap_00-11-28_1f99.jpg,Outlaw Star Ep 21: Grave of the Dragon @ 00:11:28,https://animehistory.org/gallery/screencaps/outlaw-star/episode-21/,https://animehistory.org/gallery/screencaps/outlaw-star/episode-21/?page=2,2,2026-10-07T01:50:18.670539+00:00,933c87638a167243707b9b740a6f2333568cb75ffb1cea6f4ded065a6da97b81,,UNVERIFIED
EP-21,Grave of the Dragon,00:11:31,691,854015,https://animehistory.org/uploads/screencaps/outlaw-star-E021-Grave-of-the-Dragon/cap_00-11-31_0e0b.jpg,Outlaw Star Ep 21: Grave of the Dragon @ 00:11:31,https://animehistory.org/gallery/screencaps/outlaw-star/episode-21/,https://animehistory.org/gallery/screencaps/outlaw-star/episode-21/?page=2,2,2026-10-07T01:50:18.670539+00:00,933c87638a167243707b9b740a6f2333568cb75ffb1cea6f4ded065a6da97b81,,UNVERIFIED
EP-21,Grave of the Dragon,00:11:35,695,854016,https://animehistory.org/uploads/screencaps/outlaw-star-E021-Grave-of-the-Dragon/cap_00-11-35_20d1.jpg,Outlaw Star Ep 21: Grave of the Dragon @ 00:11:35,https://animehistory.org/gallery/screencaps/outlaw-star/episode-21/,https://animehistory.org/gallery/screencaps/outlaw-star/episode-21/?page=2,2,2026-10-07T01:50:18.670539+00:00,933c87638a167243707b9b740a6f2333568cb75ffb1cea6f4ded065a6da97b81,,UNVERIFIED
EP-21,Grave of the Dragon,00:11:39,699,854017,https://animehistory.org/uploads/screencaps/outlaw-star-E021-Grave-of-the-Dragon/cap_00-11-39_2ef1.jpg,Outlaw Star Ep 21: Grave of the Dragon @ 00:11:39,https://animehistory.org/gallery/screencaps/outlaw-star/episode-21/,https://animehistory.org/gallery/screencaps/outlaw-star/episode-21/?page=2,2,2026-10-07T01:50:18.670539+00:00,933c87638a167243707b9b740a6f2333568cb75ffb1cea6f4ded065a6da97b81,,UNVERIFIED
EP-21,Grave of the Dragon,00:11:42,702,854018,https://animehistory.org/uploads/screencaps/outlaw-star-E021-Grave-of-the-Dragon/cap_00-11-42_4b22.jpg,Outlaw Star Ep 21: Grave of the Dragon @ 00:11:42,https://animehistory.org/gallery/screencaps/outlaw-star/episode-21/,https://animehistory.org/gallery/screencaps/outlaw-star/episode-21/?page=2,2,2026-10-07T01:50:18.670539+00:00,933c87638a167243707b9b740a6f2333568cb75ffb1cea6f4ded065a6da97b81,,UNVERIFIED
EP-21,Grave of the Dragon,00:11:46,706,854019,https://animehistory.org/uploads/screencaps/outlaw-star-E021-Grave-of-the-Dragon/cap_00-11-46_1348.jpg,Outlaw Star Ep 21: Grave of the Dragon @ 00:11:46,https://animehistory.org/gallery/screencaps/outlaw-star/episode-21/,https://animehistory.org/gallery/screencaps/outlaw-star/episode-21/?page=2,2,2026-10-07T01:50:18.670539+00:00,933c87638a167243707b9b740a6f2333568cb75ffb1cea6f4ded065a6da97b81,,UNVERIFIED
EP-21,Grave of the Dragon,00:11:50,710,854020,https://animehistory.org/uploads/screencaps/outlaw-star-E021-Grave-of-the-Dragon/cap_00-11-50_31d4.jpg,Outlaw Star Ep 21: Grave of the Dragon @ 00:11:50,https://animehistory.org/gallery/screencaps/outlaw-star/episode-21/,https://animehistory.org/gallery/screencaps/outlaw-star/episode-21/?page=2,2,2026-10-07T01:50:18.670539+00:00,933c87638a167243707b9b740a6f2333568cb75ffb1cea6f4ded065a6da97b81,,UNVERIFIED
EP-21,Grave of the Dragon,00:11:53,713,854021,https://animehistory.org/uploads/screencaps/outlaw-star-E021-Grave-of-the-Dragon/cap_00-11-53_0a5d.jpg,Outlaw Star Ep 21: Grave of the Dragon @ 00:11:53,https://animehistory.org/gallery/screencaps/outlaw-star/episode-21/,https://animehistory.org/gallery/screencaps/outlaw-star/episode-21/?page=2,2,2026-10-07T01:50:18.670539+00:00,933c87638a167243707b9b740a6f2333568cb75ffb1cea6f4ded065a6da97b81,,UNVERIFIED
EP-21,Grave of the Dragon,00:11:57,717,854022,https://animehistory.org/uploads/screencaps/outlaw-star-E021-Grave-of-the-Dragon/cap_00-11-57_7237.jpg,Outlaw Star Ep 21: Grave of the Dragon @ 00:11:57,https://animehistory.org/gallery/screencaps/outlaw-star/episode-21/,https://animehistory.org/gallery/screencaps/outlaw-star/episode-21/?page=2,2,2026-10-07T01:50:18.670539+00:00,933c87638a167243707b9b740a6f2333568cb75ffb1cea6f4ded065a6da97b81,,UNVERIFIED
EP-21,Grave of the Dragon,00:12:00,720,854023,https://animehistory.org/uploads/screencaps/outlaw-star-E021-Grave-of-the-Dragon/cap_00-12-00_365e.jpg,Outlaw Star Ep 21: Grave of the Dragon @ 00:12:00,https://animehistory.org/gallery/screencaps/outlaw-star/episode-21/,https://animehistory.org/gallery/screencaps/outlaw-star/episode-21/?page=2,2,2026-10-07T01:50:18.670539+00:00,933c87638a167243707b9b740a6f2333568cb75ffb1cea6f4ded065a6da97b81,,UNVERIFIED
EP-21,Grave of the Dragon,00:12:04,724,854024,https://animehistory.org/uploads/screencaps/outlaw-star-E021-Grave-of-the-Dragon/cap_00-12-04_0c1f.jpg,Outlaw Star Ep 21: Grave of the Dragon @ 00:12:04,https://animehistory.org/gallery/screencaps/outlaw-star/episode-21/,https://animehistory.org/gallery/screencaps/outlaw-star/episode-21/?page=2,2,2026-10-07T01:50:18.670539+00:00,933c87638a167243707b9b740a6f2333568cb75ffb1cea6f4ded065a6da97b81,,UNVERIFIED
EP-21,Grave of the Dragon,00:12:08,728,854025,https://animehistory.org/uploads/screencaps/outlaw-star-E021-Grave-of-the-Dragon/cap_00-12-08_3e7e.jpg,Outlaw Star Ep 21: Grave of the Dragon @ 00:12:08,https://animehistory.org/gallery/screencaps/outlaw-star/episode-21/,https://animehistory.org/gallery/screencaps/outlaw-star/episode-21/?page=2,2,2026-10-07T01:50:18.670539+00:00,933c87638a167243707b9b740a6f2333568cb75ffb1cea6f4ded065a6da97b81,,UNVERIFIED
EP-21,Grave of the Dragon,00:12:11,731,854026,https://animehistory.org/uploads/screencaps/outlaw-star-E021-Grave-of-the-Dragon/cap_00-12-11_58f2.jpg,Outlaw Star Ep 21: Grave of the Dragon @ 00:12:11,https://animehistory.org/gallery/screencaps/outlaw-star/episode-21/,https://animehistory.org/gallery/screencaps/outlaw-star/episode-21/?page=2,2,2026-10-07T01:50:18.670539+00:00,933c87638a167243707b9b740a6f2333568cb75ffb1cea6f4ded065a6da97b81,,UNVERIFIED
EP-21,Grave of the Dragon,00:12:15,735,854027,https://animehistory.org/uploads/screencaps/outlaw-star-E021-Grave-of-the-Dragon/cap_00-12-15_0013.jpg,Outlaw Star Ep 21: Grave of the Dragon @ 00:12:15,https://animehistory.org/gallery/screencaps/outlaw-star/episode-21/,https://animehistory.org/gallery/screencaps/outlaw-star/episode-21/?page=2,2,2026-10-07T01:50:18.670539+00:00,933c87638a167243707b9b740a6f2333568cb75ffb1cea6f4ded065a6da97b81,,UNVERIFIED
EP-21,Grave of the Dragon,00:12:19,739,854028,https://animehistory.org/uploads/screencaps/outlaw-star-E021-Grave-of-the-Dragon/cap_00-12-19_3e14.jpg,Outlaw Star Ep 21: Grave of the Dragon @ 00:12:19,https://animehistory.org/gallery/screencaps/outlaw-star/episode-21/,https://animehistory.org/gallery/screencaps/outlaw-star/episode-21/?page=2,2,2026-10-07T01:50:18.670539+00:00,933c87638a167243707b9b740a6f2333568cb75ffb1cea6f4ded065a6da97b81,,UNVERIFIED
EP-21,Grave of the Dragon,00:12:22,742,854029,https://animehistory.org/uploads/screencaps/outlaw-star-E021-Grave-of-the-Dragon/cap_00-12-22_5008.jpg,Outlaw Star Ep 21: Grave of the Dragon @ 00:12:22,https://animehistory.org/gallery/screencaps/outlaw-star/episode-21/,https://animehistory.org/gallery/screencaps/outlaw-star/episode-21/?page=2,2,2026-10-07T01:50:18.670539+00:00,933c87638a167243707b9b740a6f2333568cb75ffb1cea6f4ded065a6da97b81,,UNVERIFIED
EP-21,Grave of the Dragon,00:12:26,746,854030,https://animehistory.org/uploads/screencaps/outlaw-star-E021-Grave-of-the-Dragon/cap_00-12-26_1138.jpg,Outlaw Star Ep 21: Grave of the Dragon @ 00:12:26,https://animehistory.org/gallery/screencaps/outlaw-star/episode-21/,https://animehistory.org/gallery/screencaps/outlaw-star/episode-21/?page=2,2,2026-10-07T01:50:18.670539+00:00,933c87638a167243707b9b740a6f2333568cb75ffb1cea6f4ded065a6da97b81,,UNVERIFIED
EP-21,Grave of the Dragon,00:12:29,749,854031,https://animehistory.org/uploads/screencaps/outlaw-star-E021-Grave-of-the-Dragon/cap_00-12-29_7e88.jpg,Outlaw Star Ep 21: Grave of the Dragon @ 00:12:29,https://animehistory.org/gallery/screencaps/outlaw-star/episode-21/,https://animehistory.org/gallery/screencaps/outlaw-star/episode-21/?page=2,2,2026-10-07T01:50:18.670539+00:00,933c87638a167243707b9b740a6f2333568cb75ffb1cea6f4ded065a6da97b81,,UNVERIFIED
EP-21,Grave of the Dragon,00:12:33,753,854032,https://animehistory.org/uploads/screencaps/outlaw-star-E021-Grave-of-the-Dragon/cap_00-12-33_2ab5.jpg,Outlaw Star Ep 21: Grave of the Dragon @ 00:12:33,https://animehistory.org/gallery/screencaps/outlaw-star/episode-21/,https://animehistory.org/gallery/screencaps/outlaw-star/episode-21/?page=2,2,2026-10-07T01:50:18.670539+00:00,933c87638a167243707b9b740a6f2333568cb75ffb1cea6f4ded065a6da97b81,,UNVERIFIED
EP-21,Grave of the Dragon,00:12:37,757,854033,https://animehistory.org/uploads/screencaps/outlaw-star-E021-Grave-of-the-Dragon/cap_00-12-37_17bb.jpg,Outlaw Star Ep 21: Grave of the Dragon @ 00:12:37,https://animehistory.org/gallery/screencaps/outlaw-star/episode-21/,https://animehistory.org/gallery/screencaps/outlaw-star/episode-21/?page=2,2,2026-10-07T01:50:18.670539+00:00,933c87638a167243707b9b740a6f2333568cb75ffb1cea6f4ded065a6da97b81,,UNVERIFIED
EP-21,Grave of the Dragon,00:12:40,760,854034,https://animehistory.org/uploads/screencaps/outlaw-star-E021-Grave-of-the-Dragon/cap_00-12-40_6f07.jpg,Outlaw Star Ep 21: Grave of the Dragon @ 00:12:40,https://animehistory.org/gallery/screencaps/outlaw-star/episode-21/,https://animehistory.org/gallery/screencaps/outlaw-star/episode-21/?page=2,2,2026-10-07T01:50:18.670539+00:00,933c87638a167243707b9b740a6f2333568cb75ffb1cea6f4ded065a6da97b81,,UNVERIFIED
EP-21,Grave of the Dragon,00:12:44,764,854035,https://animehistory.org/uploads/screencaps/outlaw-star-E021-Grave-of-the-Dragon/cap_00-12-44_6c76.jpg,Outlaw Star Ep 21: Grave of the Dragon @ 00:12:44,https://animehistory.org/gallery/screencaps/outlaw-star/episode-21/,https://animehistory.org/gallery/screencaps/outlaw-star/episode-21/?page=2,2,2026-10-07T01:50:18.670539+00:00,933c87638a167243707b9b740a6f2333568cb75ffb1cea6f4ded065a6da97b81,,UNVERIFIED
EP-21,Grave of the Dragon,00:12:48,768,854036,https://animehistory.org/uploads/screencaps/outlaw-star-E021-Grave-of-the-Dragon/cap_00-12-48_4c56.jpg,Outlaw Star Ep 21: Grave of the Dragon @ 00:12:48,https://animehistory.org/gallery/screencaps/outlaw-star/episode-21/,https://animehistory.org/gallery/screencaps/outlaw-star/episode-21/?page=2,2,2026-10-07T01:50:18.670539+00:00,933c87638a167243707b9b740a6f2333568cb75ffb1cea6f4ded065a6da97b81,,UNVERIFIED
EP-21,Grave of the Dragon,00:12:51,771,854037,https://animehistory.org/uploads/screencaps/outlaw-star-E021-Grave-of-the-Dragon/cap_00-12-51_7872.jpg,Outlaw Star Ep 21: Grave of the Dragon @ 00:12:51,https://animehistory.org/gallery/screencaps/outlaw-star/episode-21/,https://animehistory.org/gallery/screencaps/outlaw-star/episode-21/?page=2,2,2026-10-07T01:50:18.670539+00:00,933c87638a167243707b9b740a6f2333568cb75ffb1cea6f4ded065a6da97b81,,UNVERIFIED
EP-21,Grave of the Dragon,00:12:55,775,854038,https://animehistory.org/uploads/screencaps/outlaw-star-E021-Grave-of-the-Dragon/cap_00-12-55_2ed1.jpg,Outlaw Star Ep 21: Grave of the Dragon @ 00:12:55,https://animehistory.org/gallery/screencaps/outlaw-star/episode-21/,https://animehistory.org/gallery/screencaps/outlaw-star/episode-21/?page=2,2,2026-10-07T01:50:18.670539+00:00,933c87638a167243707b9b740a6f2333568cb75ffb1cea6f4ded065a6da97b81,,UNVERIFIED
EP-21,Grave of the Dragon,00:12:58,778,854039,https://animehistory.org/uploads/screencaps/outlaw-star-E021-Grave-of-the-Dragon/cap_00-12-58_668b.jpg,Outlaw Star Ep 21: Grave of the Dragon @ 00:12:58,https://animehistory.org/gallery/screencaps/outlaw-star/episode-21/,https://animehistory.org/gallery/screencaps/outlaw-star/episode-21/?page=2,2,2026-10-07T01:50:18.670539+00:00,933c87638a167243707b9b740a6f2333568cb75ffb1cea6f4ded065a6da97b81,,UNVERIFIED
EP-21,Grave of the Dragon,00:13:02,782,854040,https://animehistory.org/uploads/screencaps/outlaw-star-E021-Grave-of-the-Dragon/cap_00-13-02_048f.jpg,Outlaw Star Ep 21: Grave of the Dragon @ 00:13:02,https://animehistory.org/gallery/screencaps/outlaw-star/episode-21/,https://animehistory.org/gallery/screencaps/outlaw-star/episode-21/?page=2,2,2026-10-07T01:50:18.670539+00:00,933c87638a167243707b9b740a6f2333568cb75ffb1cea6f4ded065a6da97b81,,UNVERIFIED
EP-21,Grave of the Dragon,00:13:06,786,854041,https://animehistory.org/uploads/screencaps/outlaw-star-E021-Grave-of-the-Dragon/cap_00-13-06_19f1.jpg,Outlaw Star Ep 21: Grave of the Dragon @ 00:13:06,https://animehistory.org/gallery/screencaps/outlaw-star/episode-21/,https://animehistory.org/gallery/screencaps/outlaw-star/episode-21/?page=2,2,2026-10-07T01:50:18.670539+00:00,933c87638a167243707b9b740a6f2333568cb75ffb1cea6f4ded065a6da97b81,,UNVERIFIED
EP-21,Grave of the Dragon,00:13:09,789,854042,https://animehistory.org/uploads/screencaps/outlaw-star-E021-Grave-of-the-Dragon/cap_00-13-09_03d1.jpg,Outlaw Star Ep 21: Grave of the Dragon @ 00:13:09,https://animehistory.org/gallery/screencaps/outlaw-star/episode-21/,https://animehistory.org/gallery/screencaps/outlaw-star/episode-21/?page=2,2,2026-10-07T01:50:18.670539+00:00,933c87638a167243707b9b740a6f2333568cb75ffb1cea6f4ded065a6da97b81,,UNVERIFIED
EP-21,Grave of the Dragon,00:13:13,793,854043,https://animehistory.org/uploads/screencaps/outlaw-star-E021-Grave-of-the-Dragon/cap_00-13-13_22f4.jpg,Outlaw Star Ep 21: Grave of the Dragon @ 00:13:13,https://animehistory.org/gallery/screencaps/outlaw-star/episode-21/,https://animehistory.org/gallery/screencaps/outlaw-star/episode-21/?page=2,2,2026-10-07T01:50:18.670539+00:00,933c87638a167243707b9b740a6f2333568cb75ffb1cea6f4ded065a6da97b81,,UNVERIFIED
EP-21,Grave of the Dragon,00:13:17,797,854044,https://animehistory.org/uploads/screencaps/outlaw-star-E021-Grave-of-the-Dragon/cap_00-13-17_7102.jpg,Outlaw Star Ep 21: Grave of the Dragon @ 00:13:17,https://animehistory.org/gallery/screencaps/outlaw-star/episode-21/,https://animehistory.org/gallery/screencaps/outlaw-star/episode-21/?page=2,2,2026-10-07T01:50:18.670539+00:00,933c87638a167243707b9b740a6f2333568cb75ffb1cea6f4ded065a6da97b81,,UNVERIFIED
EP-21,Grave of the Dragon,00:13:20,800,854045,https://animehistory.org/uploads/screencaps/outlaw-star-E021-Grave-of-the-Dragon/cap_00-13-20_5f0c.jpg,Outlaw Star Ep 21: Grave of the Dragon @ 00:13:20,https://animehistory.org/gallery/screencaps/outlaw-star/episode-21/,https://animehistory.org/gallery/screencaps/outlaw-star/episode-21/?page=2,2,2026-10-07T01:50:18.670539+00:00,933c87638a167243707b9b740a6f2333568cb75ffb1cea6f4ded065a6da97b81,,UNVERIFIED
EP-21,Grave of the Dragon,00:13:24,804,854046,https://animehistory.org/uploads/screencaps/outlaw-star-E021-Grave-of-the-Dragon/cap_00-13-24_0991.jpg,Outlaw Star Ep 21: Grave of the Dragon @ 00:13:24,https://animehistory.org/gallery/screencaps/outlaw-star/episode-21/,https://animehistory.org/gallery/screencaps/outlaw-star/episode-21/?page=2,2,2026-10-07T01:50:18.670539+00:00,933c87638a167243707b9b740a6f2333568cb75ffb1cea6f4ded065a6da97b81,,UNVERIFIED
EP-21,Grave of the Dragon,00:13:28,808,854047,https://animehistory.org/uploads/screencaps/outlaw-star-E021-Grave-of-the-Dragon/cap_00-13-28_414a.jpg,Outlaw Star Ep 21: Grave of the Dragon @ 00:13:28,https://animehistory.org/gallery/screencaps/outlaw-star/episode-21/,https://animehistory.org/gallery/screencaps/outlaw-star/episode-21/?page=2,2,2026-10-07T01:50:18.670539+00:00,933c87638a167243707b9b740a6f2333568cb75ffb1cea6f4ded065a6da97b81,,UNVERIFIED
EP-21,Grave of the Dragon,00:13:31,811,854048,https://animehistory.org/uploads/screencaps/outlaw-star-E021-Grave-of-the-Dragon/cap_00-13-31_2e5c.jpg,Outlaw Star Ep 21: Grave of the Dragon @ 00:13:31,https://animehistory.org/gallery/screencaps/outlaw-star/episode-21/,https://animehistory.org/gallery/screencaps/outlaw-star/episode-21/?page=2,2,2026-10-07T01:50:18.670539+00:00,933c87638a167243707b9b740a6f2333568cb75ffb1cea6f4ded065a6da97b81,,UNVERIFIED
EP-21,Grave of the Dragon,00:13:35,815,854049,https://animehistory.org/uploads/screencaps/outlaw-star-E021-Grave-of-the-Dragon/cap_00-13-35_3a64.jpg,Outlaw Star Ep 21: Grave of the Dragon @ 00:13:35,https://animehistory.org/gallery/screencaps/outlaw-star/episode-21/,https://animehistory.org/gallery/screencaps/outlaw-star/episode-21/?page=2,2,2026-10-07T01:50:18.670539+00:00,933c87638a167243707b9b740a6f2333568cb75ffb1cea6f4ded065a6da97b81,,UNVERIFIED
EP-21,Grave of the Dragon,00:13:38,818,854050,https://animehistory.org/uploads/screencaps/outlaw-star-E021-Grave-of-the-Dragon/cap_00-13-38_3716.jpg,Outlaw Star Ep 21: Grave of the Dragon @ 00:13:38,https://animehistory.org/gallery/screencaps/outlaw-star/episode-21/,https://animehistory.org/gallery/screencaps/outlaw-star/episode-21/?page=2,2,2026-10-07T01:50:18.670539+00:00,933c87638a167243707b9b740a6f2333568cb75ffb1cea6f4ded065a6da97b81,,UNVERIFIED
EP-21,Grave of the Dragon,00:13:42,822,854051,https://animehistory.org/uploads/screencaps/outlaw-star-E021-Grave-of-the-Dragon/cap_00-13-42_35b8.jpg,Outlaw Star Ep 21: Grave of the Dragon @ 00:13:42,https://animehistory.org/gallery/screencaps/outlaw-star/episode-21/,https://animehistory.org/gallery/screencaps/outlaw-star/episode-21/?page=2,2,2026-10-07T01:50:18.670539+00:00,933c87638a167243707b9b740a6f2333568cb75ffb1cea6f4ded065a6da97b81,,UNVERIFIED
EP-21,Grave of the Dragon,00:13:46,826,854052,https://animehistory.org/uploads/screencaps/outlaw-star-E021-Grave-of-the-Dragon/cap_00-13-46_2596.jpg,Outlaw Star Ep 21: Grave of the Dragon @ 00:13:46,https://animehistory.org/gallery/screencaps/outlaw-star/episode-21/,https://animehistory.org/gallery/screencaps/outlaw-star/episode-21/?page=2,2,2026-10-07T01:50:18.670539+00:00,933c87638a167243707b9b740a6f2333568cb75ffb1cea6f4ded065a6da97b81,,UNVERIFIED
EP-21,Grave of the Dragon,00:13:49,829,854053,https://animehistory.org/uploads/screencaps/outlaw-star-E021-Grave-of-the-Dragon/cap_00-13-49_6db1.jpg,Outlaw Star Ep 21: Grave of the Dragon @ 00:13:49,https://animehistory.org/gallery/screencaps/outlaw-star/episode-21/,https://animehistory.org/gallery/screencaps/outlaw-star/episode-21/?page=3,3,2026-10-07T01:50:19.955728+00:00,dcd55348a8b9eebd965d6c5a2bb06daedec029dbfc7f93153d908d459e9808c3,,UNVERIFIED
EP-21,Grave of the Dragon,00:13:53,833,854054,https://animehistory.org/uploads/screencaps/outlaw-star-E021-Grave-of-the-Dragon/cap_00-13-53_659d.jpg,Outlaw Star Ep 21: Grave of the Dragon @ 00:13:53,https://animehistory.org/gallery/screencaps/outlaw-star/episode-21/,https://animehistory.org/gallery/screencaps/outlaw-star/episode-21/?page=3,3,2026-10-07T01:50:19.955728+00:00,dcd55348a8b9eebd965d6c5a2bb06daedec029dbfc7f93153d908d459e9808c3,,UNVERIFIED
EP-21,Grave of the Dragon,00:13:57,837,854055,https://animehistory.org/uploads/screencaps/outlaw-star-E021-Grave-of-the-Dragon/cap_00-13-57_7803.jpg,Outlaw Star Ep 21: Grave of the Dragon @ 00:13:57,https://animehistory.org/gallery/screencaps/outlaw-star/episode-21/,https://animehistory.org/gallery/screencaps/outlaw-star/episode-21/?page=3,3,2026-10-07T01:50:19.955728+00:00,dcd55348a8b9eebd965d6c5a2bb06daedec029dbfc7f93153d908d459e9808c3,,UNVERIFIED
EP-21,Grave of the Dragon,00:14:00,840,854056,https://animehistory.org/uploads/screencaps/outlaw-star-E021-Grave-of-the-Dragon/cap_00-14-00_3a47.jpg,Outlaw Star Ep 21: Grave of the Dragon @ 00:14:00,https://animehistory.org/gallery/screencaps/outlaw-star/episode-21/,https://animehistory.org/gallery/screencaps/outlaw-star/episode-21/?page=3,3,2026-10-07T01:50:19.955728+00:00,dcd55348a8b9eebd965d6c5a2bb06daedec029dbfc7f93153d908d459e9808c3,,UNVERIFIED
EP-21,Grave of the Dragon,00:14:04,844,854057,https://animehistory.org/uploads/screencaps/outlaw-star-E021-Grave-of-the-Dragon/cap_00-14-04_5976.jpg,Outlaw Star Ep 21: Grave of the Dragon @ 00:14:04,https://animehistory.org/gallery/screencaps/outlaw-star/episode-21/,https://animehistory.org/gallery/screencaps/outlaw-star/episode-21/?page=3,3,2026-10-07T01:50:19.955728+00:00,dcd55348a8b9eebd965d6c5a2bb06daedec029dbfc7f93153d908d459e9808c3,,UNVERIFIED
EP-21,Grave of the Dragon,00:14:07,847,854058,https://animehistory.org/uploads/screencaps/outlaw-star-E021-Grave-of-the-Dragon/cap_00-14-07_59e8.jpg,Outlaw Star Ep 21: Grave of the Dragon @ 00:14:07,https://animehistory.org/gallery/screencaps/outlaw-star/episode-21/,https://animehistory.org/gallery/screencaps/outlaw-star/episode-21/?page=3,3,2026-10-07T01:50:19.955728+00:00,dcd55348a8b9eebd965d6c5a2bb06daedec029dbfc7f93153d908d459e9808c3,,UNVERIFIED
EP-21,Grave of the Dragon,00:14:11,851,854059,https://animehistory.org/uploads/screencaps/outlaw-star-E021-Grave-of-the-Dragon/cap_00-14-11_6bb3.jpg,Outlaw Star Ep 21: Grave of the Dragon @ 00:14:11,https://animehistory.org/gallery/screencaps/outlaw-star/episode-21/,https://animehistory.org/gallery/screencaps/outlaw-star/episode-21/?page=3,3,2026-10-07T01:50:19.955728+00:00,dcd55348a8b9eebd965d6c5a2bb06daedec029dbfc7f93153d908d459e9808c3,,UNVERIFIED
EP-21,Grave of the Dragon,00:14:15,855,854060,https://animehistory.org/uploads/screencaps/outlaw-star-E021-Grave-of-the-Dragon/cap_00-14-15_2e3f.jpg,Outlaw Star Ep 21: Grave of the Dragon @ 00:14:15,https://animehistory.org/gallery/screencaps/outlaw-star/episode-21/,https://animehistory.org/gallery/screencaps/outlaw-star/episode-21/?page=3,3,2026-10-07T01:50:19.955728+00:00,dcd55348a8b9eebd965d6c5a2bb06daedec029dbfc7f93153d908d459e9808c3,,UNVERIFIED
EP-21,Grave of the Dragon,00:14:18,858,854061,https://animehistory.org/uploads/screencaps/outlaw-star-E021-Grave-of-the-Dragon/cap_00-14-18_0df7.jpg,Outlaw Star Ep 21: Grave of the Dragon @ 00:14:18,https://animehistory.org/gallery/screencaps/outlaw-star/episode-21/,https://animehistory.org/gallery/screencaps/outlaw-star/episode-21/?page=3,3,2026-10-07T01:50:19.955728+00:00,dcd55348a8b9eebd965d6c5a2bb06daedec029dbfc7f93153d908d459e9808c3,,UNVERIFIED
EP-21,Grave of the Dragon,00:14:22,862,854062,https://animehistory.org/uploads/screencaps/outlaw-star-E021-Grave-of-the-Dragon/cap_00-14-22_4d90.jpg,Outlaw Star Ep 21: Grave of the Dragon @ 00:14:22,https://animehistory.org/gallery/screencaps/outlaw-star/episode-21/,https://animehistory.org/gallery/screencaps/outlaw-star/episode-21/?page=3,3,2026-10-07T01:50:19.955728+00:00,dcd55348a8b9eebd965d6c5a2bb06daedec029dbfc7f93153d908d459e9808c3,,UNVERIFIED
EP-21,Grave of the Dragon,00:14:26,866,854063,https://animehistory.org/uploads/screencaps/outlaw-star-E021-Grave-of-the-Dragon/cap_00-14-26_67a2.jpg,Outlaw Star Ep 21: Grave of the Dragon @ 00:14:26,https://animehistory.org/gallery/screencaps/outlaw-star/episode-21/,https://animehistory.org/gallery/screencaps/outlaw-star/episode-21/?page=3,3,2026-10-07T01:50:19.955728+00:00,dcd55348a8b9eebd965d6c5a2bb06daedec029dbfc7f93153d908d459e9808c3,,UNVERIFIED
EP-21,Grave of the Dragon,00:14:29,869,854064,https://animehistory.org/uploads/screencaps/outlaw-star-E021-Grave-of-the-Dragon/cap_00-14-29_47f5.jpg,Outlaw Star Ep 21: Grave of the Dragon @ 00:14:29,https://animehistory.org/gallery/screencaps/outlaw-star/episode-21/,https://animehistory.org/gallery/screencaps/outlaw-star/episode-21/?page=3,3,2026-10-07T01:50:19.955728+00:00,dcd55348a8b9eebd965d6c5a2bb06daedec029dbfc7f93153d908d459e9808c3,,UNVERIFIED
EP-21,Grave of the Dragon,00:14:33,873,854065,https://animehistory.org/uploads/screencaps/outlaw-star-E021-Grave-of-the-Dragon/cap_00-14-33_47bd.jpg,Outlaw Star Ep 21: Grave of the Dragon @ 00:14:33,https://animehistory.org/gallery/screencaps/outlaw-star/episode-21/,https://animehistory.org/gallery/screencaps/outlaw-star/episode-21/?page=3,3,2026-10-07T01:50:19.955728+00:00,dcd55348a8b9eebd965d6c5a2bb06daedec029dbfc7f93153d908d459e9808c3,,UNVERIFIED
EP-21,Grave of the Dragon,00:14:37,877,854066,https://animehistory.org/uploads/screencaps/outlaw-star-E021-Grave-of-the-Dragon/cap_00-14-37_1b33.jpg,Outlaw Star Ep 21: Grave of the Dragon @ 00:14:37,https://animehistory.org/gallery/screencaps/outlaw-star/episode-21/,https://animehistory.org/gallery/screencaps/outlaw-star/episode-21/?page=3,3,2026-10-07T01:50:19.955728+00:00,dcd55348a8b9eebd965d6c5a2bb06daedec029dbfc7f93153d908d459e9808c3,,UNVERIFIED
EP-21,Grave of the Dragon,00:14:40,880,854067,https://animehistory.org/uploads/screencaps/outlaw-star-E021-Grave-of-the-Dragon/cap_00-14-40_4229.jpg,Outlaw Star Ep 21: Grave of the Dragon @ 00:14:40,https://animehistory.org/gallery/screencaps/outlaw-star/episode-21/,https://animehistory.org/gallery/screencaps/outlaw-star/episode-21/?page=3,3,2026-10-07T01:50:19.955728+00:00,dcd55348a8b9eebd965d6c5a2bb06daedec029dbfc7f93153d908d459e9808c3,,UNVERIFIED
EP-21,Grave of the Dragon,00:14:44,884,854068,https://animehistory.org/uploads/screencaps/outlaw-star-E021-Grave-of-the-Dragon/cap_00-14-44_0b09.jpg,Outlaw Star Ep 21: Grave of the Dragon @ 00:14:44,https://animehistory.org/gallery/screencaps/outlaw-star/episode-21/,https://animehistory.org/gallery/screencaps/outlaw-star/episode-21/?page=3,3,2026-10-07T01:50:19.955728+00:00,dcd55348a8b9eebd965d6c5a2bb06daedec029dbfc7f93153d908d459e9808c3,,UNVERIFIED
EP-21,Grave of the Dragon,00:14:47,887,854069,https://animehistory.org/uploads/screencaps/outlaw-star-E021-Grave-of-the-Dragon/cap_00-14-47_0376.jpg,Outlaw Star Ep 21: Grave of the Dragon @ 00:14:47,https://animehistory.org/gallery/screencaps/outlaw-star/episode-21/,https://animehistory.org/gallery/screencaps/outlaw-star/episode-21/?page=3,3,2026-10-07T01:50:19.955728+00:00,dcd55348a8b9eebd965d6c5a2bb06daedec029dbfc7f93153d908d459e9808c3,,UNVERIFIED
EP-21,Grave of the Dragon,00:14:51,891,854070,https://animehistory.org/uploads/screencaps/outlaw-star-E021-Grave-of-the-Dragon/cap_00-14-51_017f.jpg,Outlaw Star Ep 21: Grave of the Dragon @ 00:14:51,https://animehistory.org/gallery/screencaps/outlaw-star/episode-21/,https://animehistory.org/gallery/screencaps/outlaw-star/episode-21/?page=3,3,2026-10-07T01:50:19.955728+00:00,dcd55348a8b9eebd965d6c5a2bb06daedec029dbfc7f93153d908d459e9808c3,,UNVERIFIED
EP-21,Grave of the Dragon,00:14:55,895,854071,https://animehistory.org/uploads/screencaps/outlaw-star-E021-Grave-of-the-Dragon/cap_00-14-55_04cb.jpg,Outlaw Star Ep 21: Grave of the Dragon @ 00:14:55,https://animehistory.org/gallery/screencaps/outlaw-star/episode-21/,https://animehistory.org/gallery/screencaps/outlaw-star/episode-21/?page=3,3,2026-10-07T01:50:19.955728+00:00,dcd55348a8b9eebd965d6c5a2bb06daedec029dbfc7f93153d908d459e9808c3,,UNVERIFIED
EP-21,Grave of the Dragon,00:14:58,898,854072,https://animehistory.org/uploads/screencaps/outlaw-star-E021-Grave-of-the-Dragon/cap_00-14-58_0133.jpg,Outlaw Star Ep 21: Grave of the Dragon @ 00:14:58,https://animehistory.org/gallery/screencaps/outlaw-star/episode-21/,https://animehistory.org/gallery/screencaps/outlaw-star/episode-21/?page=3,3,2026-10-07T01:50:19.955728+00:00,dcd55348a8b9eebd965d6c5a2bb06daedec029dbfc7f93153d908d459e9808c3,,UNVERIFIED
EP-21,Grave of the Dragon,00:15:02,902,854073,https://animehistory.org/uploads/screencaps/outlaw-star-E021-Grave-of-the-Dragon/cap_00-15-02_2c68.jpg,Outlaw Star Ep 21: Grave of the Dragon @ 00:15:02,https://animehistory.org/gallery/screencaps/outlaw-star/episode-21/,https://animehistory.org/gallery/screencaps/outlaw-star/episode-21/?page=3,3,2026-10-07T01:50:19.955728+00:00,dcd55348a8b9eebd965d6c5a2bb06daedec029dbfc7f93153d908d459e9808c3,,UNVERIFIED
EP-21,Grave of the Dragon,00:15:06,906,854074,https://animehistory.org/uploads/screencaps/outlaw-star-E021-Grave-of-the-Dragon/cap_00-15-06_6bb5.jpg,Outlaw Star Ep 21: Grave of the Dragon @ 00:15:06,https://animehistory.org/gallery/screencaps/outlaw-star/episode-21/,https://animehistory.org/gallery/screencaps/outlaw-star/episode-21/?page=3,3,2026-10-07T01:50:19.955728+00:00,dcd55348a8b9eebd965d6c5a2bb06daedec029dbfc7f93153d908d459e9808c3,,UNVERIFIED
EP-21,Grave of the Dragon,00:15:09,909,854075,https://animehistory.org/uploads/screencaps/outlaw-star-E021-Grave-of-the-Dragon/cap_00-15-09_78ee.jpg,Outlaw Star Ep 21: Grave of the Dragon @ 00:15:09,https://animehistory.org/gallery/screencaps/outlaw-star/episode-21/,https://animehistory.org/gallery/screencaps/outlaw-star/episode-21/?page=3,3,2026-10-07T01:50:19.955728+00:00,dcd55348a8b9eebd965d6c5a2bb06daedec029dbfc7f93153d908d459e9808c3,,UNVERIFIED
EP-21,Grave of the Dragon,00:15:13,913,854076,https://animehistory.org/uploads/screencaps/outlaw-star-E021-Grave-of-the-Dragon/cap_00-15-13_753a.jpg,Outlaw Star Ep 21: Grave of the Dragon @ 00:15:13,https://animehistory.org/gallery/screencaps/outlaw-star/episode-21/,https://animehistory.org/gallery/screencaps/outlaw-star/episode-21/?page=3,3,2026-10-07T01:50:19.955728+00:00,dcd55348a8b9eebd965d6c5a2bb06daedec029dbfc7f93153d908d459e9808c3,,UNVERIFIED
EP-21,Grave of the Dragon,00:15:16,916,854077,https://animehistory.org/uploads/screencaps/outlaw-star-E021-Grave-of-the-Dragon/cap_00-15-16_4180.jpg,Outlaw Star Ep 21: Grave of the Dragon @ 00:15:16,https://animehistory.org/gallery/screencaps/outlaw-star/episode-21/,https://animehistory.org/gallery/screencaps/outlaw-star/episode-21/?page=3,3,2026-10-07T01:50:19.955728+00:00,dcd55348a8b9eebd965d6c5a2bb06daedec029dbfc7f93153d908d459e9808c3,,UNVERIFIED
EP-21,Grave of the Dragon,00:15:20,920,854078,https://animehistory.org/uploads/screencaps/outlaw-star-E021-Grave-of-the-Dragon/cap_00-15-20_7c15.jpg,Outlaw Star Ep 21: Grave of the Dragon @ 00:15:20,https://animehistory.org/gallery/screencaps/outlaw-star/episode-21/,https://animehistory.org/gallery/screencaps/outlaw-star/episode-21/?page=3,3,2026-10-07T01:50:19.955728+00:00,dcd55348a8b9eebd965d6c5a2bb06daedec029dbfc7f93153d908d459e9808c3,,UNVERIFIED
EP-21,Grave of the Dragon,00:15:24,924,854079,https://animehistory.org/uploads/screencaps/outlaw-star-E021-Grave-of-the-Dragon/cap_00-15-24_1058.jpg,Outlaw Star Ep 21: Grave of the Dragon @ 00:15:24,https://animehistory.org/gallery/screencaps/outlaw-star/episode-21/,https://animehistory.org/gallery/screencaps/outlaw-star/episode-21/?page=3,3,2026-10-07T01:50:19.955728+00:00,dcd55348a8b9eebd965d6c5a2bb06daedec029dbfc7f93153d908d459e9808c3,,UNVERIFIED
EP-21,Grave of the Dragon,00:15:27,927,854080,https://animehistory.org/uploads/screencaps/outlaw-star-E021-Grave-of-the-Dragon/cap_00-15-27_1b95.jpg,Outlaw Star Ep 21: Grave of the Dragon @ 00:15:27,https://animehistory.org/gallery/screencaps/outlaw-star/episode-21/,https://animehistory.org/gallery/screencaps/outlaw-star/episode-21/?page=3,3,2026-10-07T01:50:19.955728+00:00,dcd55348a8b9eebd965d6c5a2bb06daedec029dbfc7f93153d908d459e9808c3,,UNVERIFIED
EP-21,Grave of the Dragon,00:15:31,931,854081,https://animehistory.org/uploads/screencaps/outlaw-star-E021-Grave-of-the-Dragon/cap_00-15-31_1f1b.jpg,Outlaw Star Ep 21: Grave of the Dragon @ 00:15:31,https://animehistory.org/gallery/screencaps/outlaw-star/episode-21/,https://animehistory.org/gallery/screencaps/outlaw-star/episode-21/?page=3,3,2026-10-07T01:50:19.955728+00:00,dcd55348a8b9eebd965d6c5a2bb06daedec029dbfc7f93153d908d459e9808c3,,UNVERIFIED
EP-21,Grave of the Dragon,00:15:35,935,854082,https://animehistory.org/uploads/screencaps/outlaw-star-E021-Grave-of-the-Dragon/cap_00-15-35_6408.jpg,Outlaw Star Ep 21: Grave of the Dragon @ 00:15:35,https://animehistory.org/gallery/screencaps/outlaw-star/episode-21/,https://animehistory.org/gallery/screencaps/outlaw-star/episode-21/?page=3,3,2026-10-07T01:50:19.955728+00:00,dcd55348a8b9eebd965d6c5a2bb06daedec029dbfc7f93153d908d459e9808c3,,UNVERIFIED
EP-21,Grave of the Dragon,00:15:38,938,854083,https://animehistory.org/uploads/screencaps/outlaw-star-E021-Grave-of-the-Dragon/cap_00-15-38_0356.jpg,Outlaw Star Ep 21: Grave of the Dragon @ 00:15:38,https://animehistory.org/gallery/screencaps/outlaw-star/episode-21/,https://animehistory.org/gallery/screencaps/outlaw-star/episode-21/?page=3,3,2026-10-07T01:50:19.955728+00:00,dcd55348a8b9eebd965d6c5a2bb06daedec029dbfc7f93153d908d459e9808c3,,UNVERIFIED
EP-21,Grave of the Dragon,00:15:42,942,854084,https://animehistory.org/uploads/screencaps/outlaw-star-E021-Grave-of-the-Dragon/cap_00-15-42_6e35.jpg,Outlaw Star Ep 21: Grave of the Dragon @ 00:15:42,https://animehistory.org/gallery/screencaps/outlaw-star/episode-21/,https://animehistory.org/gallery/screencaps/outlaw-star/episode-21/?page=3,3,2026-10-07T01:50:19.955728+00:00,dcd55348a8b9eebd965d6c5a2bb06daedec029dbfc7f93153d908d459e9808c3,,UNVERIFIED
EP-21,Grave of the Dragon,00:15:46,946,854085,https://animehistory.org/uploads/screencaps/outlaw-star-E021-Grave-of-the-Dragon/cap_00-15-46_77d0.jpg,Outlaw Star Ep 21: Grave of the Dragon @ 00:15:46,https://animehistory.org/gallery/screencaps/outlaw-star/episode-21/,https://animehistory.org/gallery/screencaps/outlaw-star/episode-21/?page=3,3,2026-10-07T01:50:19.955728+00:00,dcd55348a8b9eebd965d6c5a2bb06daedec029dbfc7f93153d908d459e9808c3,,UNVERIFIED
EP-21,Grave of the Dragon,00:15:49,949,854086,https://animehistory.org/uploads/screencaps/outlaw-star-E021-Grave-of-the-Dragon/cap_00-15-49_52cf.jpg,Outlaw Star Ep 21: Grave of the Dragon @ 00:15:49,https://animehistory.org/gallery/screencaps/outlaw-star/episode-21/,https://animehistory.org/gallery/screencaps/outlaw-star/episode-21/?page=3,3,2026-10-07T01:50:19.955728+00:00,dcd55348a8b9eebd965d6c5a2bb06daedec029dbfc7f93153d908d459e9808c3,,UNVERIFIED
EP-21,Grave of the Dragon,00:15:53,953,854087,https://animehistory.org/uploads/screencaps/outlaw-star-E021-Grave-of-the-Dragon/cap_00-15-53_0e1a.jpg,Outlaw Star Ep 21: Grave of the Dragon @ 00:15:53,https://animehistory.org/gallery/screencaps/outlaw-star/episode-21/,https://animehistory.org/gallery/screencaps/outlaw-star/episode-21/?page=3,3,2026-10-07T01:50:19.955728+00:00,dcd55348a8b9eebd965d6c5a2bb06daedec029dbfc7f93153d908d459e9808c3,,UNVERIFIED
EP-21,Grave of the Dragon,00:15:56,956,854088,https://animehistory.org/uploads/screencaps/outlaw-star-E021-Grave-of-the-Dragon/cap_00-15-56_252f.jpg,Outlaw Star Ep 21: Grave of the Dragon @ 00:15:56,https://animehistory.org/gallery/screencaps/outlaw-star/episode-21/,https://animehistory.org/gallery/screencaps/outlaw-star/episode-21/?page=3,3,2026-10-07T01:50:19.955728+00:00,dcd55348a8b9eebd965d6c5a2bb06daedec029dbfc7f93153d908d459e9808c3,,UNVERIFIED
EP-21,Grave of the Dragon,00:16:00,960,854089,https://animehistory.org/uploads/screencaps/outlaw-star-E021-Grave-of-the-Dragon/cap_00-16-00_1e91.jpg,Outlaw Star Ep 21: Grave of the Dragon @ 00:16:00,https://animehistory.org/gallery/screencaps/outlaw-star/episode-21/,https://animehistory.org/gallery/screencaps/outlaw-star/episode-21/?page=3,3,2026-10-07T01:50:19.955728+00:00,dcd55348a8b9eebd965d6c5a2bb06daedec029dbfc7f93153d908d459e9808c3,,UNVERIFIED
EP-21,Grave of the Dragon,00:16:04,964,854090,https://animehistory.org/uploads/screencaps/outlaw-star-E021-Grave-of-the-Dragon/cap_00-16-04_1982.jpg,Outlaw Star Ep 21: Grave of the Dragon @ 00:16:04,https://animehistory.org/gallery/screencaps/outlaw-star/episode-21/,https://animehistory.org/gallery/screencaps/outlaw-star/episode-21/?page=3,3,2026-10-07T01:50:19.955728+00:00,dcd55348a8b9eebd965d6c5a2bb06daedec029dbfc7f93153d908d459e9808c3,,UNVERIFIED
EP-21,Grave of the Dragon,00:16:07,967,854091,https://animehistory.org/uploads/screencaps/outlaw-star-E021-Grave-of-the-Dragon/cap_00-16-07_714d.jpg,Outlaw Star Ep 21: Grave of the Dragon @ 00:16:07,https://animehistory.org/gallery/screencaps/outlaw-star/episode-21/,https://animehistory.org/gallery/screencaps/outlaw-star/episode-21/?page=3,3,2026-10-07T01:50:19.955728+00:00,dcd55348a8b9eebd965d6c5a2bb06daedec029dbfc7f93153d908d459e9808c3,,UNVERIFIED
EP-21,Grave of the Dragon,00:16:11,971,854092,https://animehistory.org/uploads/screencaps/outlaw-star-E021-Grave-of-the-Dragon/cap_00-16-11_4b3c.jpg,Outlaw Star Ep 21: Grave of the Dragon @ 00:16:11,https://animehistory.org/gallery/screencaps/outlaw-star/episode-21/,https://animehistory.org/gallery/screencaps/outlaw-star/episode-21/?page=3,3,2026-10-07T01:50:19.955728+00:00,dcd55348a8b9eebd965d6c5a2bb06daedec029dbfc7f93153d908d459e9808c3,,UNVERIFIED
EP-21,Grave of the Dragon,00:16:15,975,854093,https://animehistory.org/uploads/screencaps/outlaw-star-E021-Grave-of-the-Dragon/cap_00-16-15_1ee9.jpg,Outlaw Star Ep 21: Grave of the Dragon @ 00:16:15,https://animehistory.org/gallery/screencaps/outlaw-star/episode-21/,https://animehistory.org/gallery/screencaps/outlaw-star/episode-21/?page=3,3,2026-10-07T01:50:19.955728+00:00,dcd55348a8b9eebd965d6c5a2bb06daedec029dbfc7f93153d908d459e9808c3,,UNVERIFIED
EP-21,Grave of the Dragon,00:16:18,978,854094,https://animehistory.org/uploads/screencaps/outlaw-star-E021-Grave-of-the-Dragon/cap_00-16-18_6bb6.jpg,Outlaw Star Ep 21: Grave of the Dragon @ 00:16:18,https://animehistory.org/gallery/screencaps/outlaw-star/episode-21/,https://animehistory.org/gallery/screencaps/outlaw-star/episode-21/?page=3,3,2026-10-07T01:50:19.955728+00:00,dcd55348a8b9eebd965d6c5a2bb06daedec029dbfc7f93153d908d459e9808c3,,UNVERIFIED
EP-21,Grave of the Dragon,00:16:22,982,854095,https://animehistory.org/uploads/screencaps/outlaw-star-E021-Grave-of-the-Dragon/cap_00-16-22_0f97.jpg,Outlaw Star Ep 21: Grave of the Dragon @ 00:16:22,https://animehistory.org/gallery/screencaps/outlaw-star/episode-21/,https://animehistory.org/gallery/screencaps/outlaw-star/episode-21/?page=3,3,2026-10-07T01:50:19.955728+00:00,dcd55348a8b9eebd965d6c5a2bb06daedec029dbfc7f93153d908d459e9808c3,,UNVERIFIED
EP-21,Grave of the Dragon,00:16:25,985,854096,https://animehistory.org/uploads/screencaps/outlaw-star-E021-Grave-of-the-Dragon/cap_00-16-25_7883.jpg,Outlaw Star Ep 21: Grave of the Dragon @ 00:16:25,https://animehistory.org/gallery/screencaps/outlaw-star/episode-21/,https://animehistory.org/gallery/screencaps/outlaw-star/episode-21/?page=3,3,2026-10-07T01:50:19.955728+00:00,dcd55348a8b9eebd965d6c5a2bb06daedec029dbfc7f93153d908d459e9808c3,,UNVERIFIED
EP-21,Grave of the Dragon,00:16:29,989,854097,https://animehistory.org/uploads/screencaps/outlaw-star-E021-Grave-of-the-Dragon/cap_00-16-29_2c0f.jpg,Outlaw Star Ep 21: Grave of the Dragon @ 00:16:29,https://animehistory.org/gallery/screencaps/outlaw-star/episode-21/,https://animehistory.org/gallery/screencaps/outlaw-star/episode-21/?page=3,3,2026-10-07T01:50:19.955728+00:00,dcd55348a8b9eebd965d6c5a2bb06daedec029dbfc7f93153d908d459e9808c3,,UNVERIFIED
EP-21,Grave of the Dragon,00:16:33,993,854098,https://animehistory.org/uploads/screencaps/outlaw-star-E021-Grave-of-the-Dragon/cap_00-16-33_4889.jpg,Outlaw Star Ep 21: Grave of the Dragon @ 00:16:33,https://animehistory.org/gallery/screencaps/outlaw-star/episode-21/,https://animehistory.org/gallery/screencaps/outlaw-star/episode-21/?page=3,3,2026-10-07T01:50:19.955728+00:00,dcd55348a8b9eebd965d6c5a2bb06daedec029dbfc7f93153d908d459e9808c3,,UNVERIFIED
EP-21,Grave of the Dragon,00:16:36,996,854099,https://animehistory.org/uploads/screencaps/outlaw-star-E021-Grave-of-the-Dragon/cap_00-16-36_1f42.jpg,Outlaw Star Ep 21: Grave of the Dragon @ 00:16:36,https://animehistory.org/gallery/screencaps/outlaw-star/episode-21/,https://animehistory.org/gallery/screencaps/outlaw-star/episode-21/?page=3,3,2026-10-07T01:50:19.955728+00:00,dcd55348a8b9eebd965d6c5a2bb06daedec029dbfc7f93153d908d459e9808c3,,UNVERIFIED
EP-21,Grave of the Dragon,00:16:40,1000,854100,https://animehistory.org/uploads/screencaps/outlaw-star-E021-Grave-of-the-Dragon/cap_00-16-40_4b11.jpg,Outlaw Star Ep 21: Grave of the Dragon @ 00:16:40,https://animehistory.org/gallery/screencaps/outlaw-star/episode-21/,https://animehistory.org/gallery/screencaps/outlaw-star/episode-21/?page=3,3,2026-10-07T01:50:19.955728+00:00,dcd55348a8b9eebd965d6c5a2bb06daedec029dbfc7f93153d908d459e9808c3,,UNVERIFIED
EP-21,Grave of the Dragon,00:16:44,1004,854101,https://animehistory.org/uploads/screencaps/outlaw-star-E021-Grave-of-the-Dragon/cap_00-16-44_1251.jpg,Outlaw Star Ep 21: Grave of the Dragon @ 00:16:44,https://animehistory.org/gallery/screencaps/outlaw-star/episode-21/,https://animehistory.org/gallery/screencaps/outlaw-star/episode-21/?page=3,3,2026-10-07T01:50:19.955728+00:00,dcd55348a8b9eebd965d6c5a2bb06daedec029dbfc7f93153d908d459e9808c3,,UNVERIFIED
EP-21,Grave of the Dragon,00:16:47,1007,854102,https://animehistory.org/uploads/screencaps/outlaw-star-E021-Grave-of-the-Dragon/cap_00-16-47_0267.jpg,Outlaw Star Ep 21: Grave of the Dragon @ 00:16:47,https://animehistory.org/gallery/screencaps/outlaw-star/episode-21/,https://animehistory.org/gallery/screencaps/outlaw-star/episode-21/?page=3,3,2026-10-07T01:50:19.955728+00:00,dcd55348a8b9eebd965d6c5a2bb06daedec029dbfc7f93153d908d459e9808c3,,UNVERIFIED
EP-21,Grave of the Dragon,00:16:51,1011,854103,https://animehistory.org/uploads/screencaps/outlaw-star-E021-Grave-of-the-Dragon/cap_00-16-51_5b5c.jpg,Outlaw Star Ep 21: Grave of the Dragon @ 00:16:51,https://animehistory.org/gallery/screencaps/outlaw-star/episode-21/,https://animehistory.org/gallery/screencaps/outlaw-star/episode-21/?page=3,3,2026-10-07T01:50:19.955728+00:00,dcd55348a8b9eebd965d6c5a2bb06daedec029dbfc7f93153d908d459e9808c3,,UNVERIFIED
EP-21,Grave of the Dragon,00:16:55,1015,854104,https://animehistory.org/uploads/screencaps/outlaw-star-E021-Grave-of-the-Dragon/cap_00-16-55_5e23.jpg,Outlaw Star Ep 21: Grave of the Dragon @ 00:16:55,https://animehistory.org/gallery/screencaps/outlaw-star/episode-21/,https://animehistory.org/gallery/screencaps/outlaw-star/episode-21/?page=3,3,2026-10-07T01:50:19.955728+00:00,dcd55348a8b9eebd965d6c5a2bb06daedec029dbfc7f93153d908d459e9808c3,,UNVERIFIED
EP-21,Grave of the Dragon,00:16:58,1018,854105,https://animehistory.org/uploads/screencaps/outlaw-star-E021-Grave-of-the-Dragon/cap_00-16-58_61f0.jpg,Outlaw Star Ep 21: Grave of the Dragon @ 00:16:58,https://animehistory.org/gallery/screencaps/outlaw-star/episode-21/,https://animehistory.org/gallery/screencaps/outlaw-star/episode-21/?page=3,3,2026-10-07T01:50:19.955728+00:00,dcd55348a8b9eebd965d6c5a2bb06daedec029dbfc7f93153d908d459e9808c3,,UNVERIFIED
EP-21,Grave of the Dragon,00:17:02,1022,854106,https://animehistory.org/uploads/screencaps/outlaw-star-E021-Grave-of-the-Dragon/cap_00-17-02_723f.jpg,Outlaw Star Ep 21: Grave of the Dragon @ 00:17:02,https://animehistory.org/gallery/screencaps/outlaw-star/episode-21/,https://animehistory.org/gallery/screencaps/outlaw-star/episode-21/?page=3,3,2026-10-07T01:50:19.955728+00:00,dcd55348a8b9eebd965d6c5a2bb06daedec029dbfc7f93153d908d459e9808c3,,UNVERIFIED
EP-21,Grave of the Dragon,00:17:05,1025,854107,https://animehistory.org/uploads/screencaps/outlaw-star-E021-Grave-of-the-Dragon/cap_00-17-05_1067.jpg,Outlaw Star Ep 21: Grave of the Dragon @ 00:17:05,https://animehistory.org/gallery/screencaps/outlaw-star/episode-21/,https://animehistory.org/gallery/screencaps/outlaw-star/episode-21/?page=3,3,2026-10-07T01:50:19.955728+00:00,dcd55348a8b9eebd965d6c5a2bb06daedec029dbfc7f93153d908d459e9808c3,,UNVERIFIED
EP-21,Grave of the Dragon,00:17:09,1029,854108,https://animehistory.org/uploads/screencaps/outlaw-star-E021-Grave-of-the-Dragon/cap_00-17-09_2a40.jpg,Outlaw Star Ep 21: Grave of the Dragon @ 00:17:09,https://animehistory.org/gallery/screencaps/outlaw-star/episode-21/,https://animehistory.org/gallery/screencaps/outlaw-star/episode-21/?page=3,3,2026-10-07T01:50:19.955728+00:00,dcd55348a8b9eebd965d6c5a2bb06daedec029dbfc7f93153d908d459e9808c3,,UNVERIFIED
EP-21,Grave of the Dragon,00:17:13,1033,854109,https://animehistory.org/uploads/screencaps/outlaw-star-E021-Grave-of-the-Dragon/cap_00-17-13_253a.jpg,Outlaw Star Ep 21: Grave of the Dragon @ 00:17:13,https://animehistory.org/gallery/screencaps/outlaw-star/episode-21/,https://animehistory.org/gallery/screencaps/outlaw-star/episode-21/?page=3,3,2026-10-07T01:50:19.955728+00:00,dcd55348a8b9eebd965d6c5a2bb06daedec029dbfc7f93153d908d459e9808c3,,UNVERIFIED
EP-21,Grave of the Dragon,00:17:16,1036,854110,https://animehistory.org/uploads/screencaps/outlaw-star-E021-Grave-of-the-Dragon/cap_00-17-16_6146.jpg,Outlaw Star Ep 21: Grave of the Dragon @ 00:17:16,https://animehistory.org/gallery/screencaps/outlaw-star/episode-21/,https://animehistory.org/gallery/screencaps/outlaw-star/episode-21/?page=3,3,2026-10-07T01:50:19.955728+00:00,dcd55348a8b9eebd965d6c5a2bb06daedec029dbfc7f93153d908d459e9808c3,,UNVERIFIED
EP-21,Grave of the Dragon,00:17:20,1040,854111,https://animehistory.org/uploads/screencaps/outlaw-star-E021-Grave-of-the-Dragon/cap_00-17-20_4f93.jpg,Outlaw Star Ep 21: Grave of the Dragon @ 00:17:20,https://animehistory.org/gallery/screencaps/outlaw-star/episode-21/,https://animehistory.org/gallery/screencaps/outlaw-star/episode-21/?page=3,3,2026-10-07T01:50:19.955728+00:00,dcd55348a8b9eebd965d6c5a2bb06daedec029dbfc7f93153d908d459e9808c3,,UNVERIFIED
EP-21,Grave of the Dragon,00:17:24,1044,854112,https://animehistory.org/uploads/screencaps/outlaw-star-E021-Grave-of-the-Dragon/cap_00-17-24_5736.jpg,Outlaw Star Ep 21: Grave of the Dragon @ 00:17:24,https://animehistory.org/gallery/screencaps/outlaw-star/episode-21/,https://animehistory.org/gallery/screencaps/outlaw-star/episode-21/?page=3,3,2026-10-07T01:50:19.955728+00:00,dcd55348a8b9eebd965d6c5a2bb06daedec029dbfc7f93153d908d459e9808c3,,UNVERIFIED
EP-21,Grave of the Dragon,00:17:27,1047,854113,https://animehistory.org/uploads/screencaps/outlaw-star-E021-Grave-of-the-Dragon/cap_00-17-27_318e.jpg,Outlaw Star Ep 21: Grave of the Dragon @ 00:17:27,https://animehistory.org/gallery/screencaps/outlaw-star/episode-21/,https://animehistory.org/gallery/screencaps/outlaw-star/episode-21/?page=3,3,2026-10-07T01:50:19.955728+00:00,dcd55348a8b9eebd965d6c5a2bb06daedec029dbfc7f93153d908d459e9808c3,,UNVERIFIED
EP-21,Grave of the Dragon,00:17:31,1051,854114,https://animehistory.org/uploads/screencaps/outlaw-star-E021-Grave-of-the-Dragon/cap_00-17-31_7ab4.jpg,Outlaw Star Ep 21: Grave of the Dragon @ 00:17:31,https://animehistory.org/gallery/screencaps/outlaw-star/episode-21/,https://animehistory.org/gallery/screencaps/outlaw-star/episode-21/?page=3,3,2026-10-07T01:50:19.955728+00:00,dcd55348a8b9eebd965d6c5a2bb06daedec029dbfc7f93153d908d459e9808c3,,UNVERIFIED
EP-21,Grave of the Dragon,00:17:34,1054,854115,https://animehistory.org/uploads/screencaps/outlaw-star-E021-Grave-of-the-Dragon/cap_00-17-34_63df.jpg,Outlaw Star Ep 21: Grave of the Dragon @ 00:17:34,https://animehistory.org/gallery/screencaps/outlaw-star/episode-21/,https://animehistory.org/gallery/screencaps/outlaw-star/episode-21/?page=3,3,2026-10-07T01:50:19.955728+00:00,dcd55348a8b9eebd965d6c5a2bb06daedec029dbfc7f93153d908d459e9808c3,,UNVERIFIED
EP-21,Grave of the Dragon,00:17:38,1058,854116,https://animehistory.org/uploads/screencaps/outlaw-star-E021-Grave-of-the-Dragon/cap_00-17-38_104c.jpg,Outlaw Star Ep 21: Grave of the Dragon @ 00:17:38,https://animehistory.org/gallery/screencaps/outlaw-star/episode-21/,https://animehistory.org/gallery/screencaps/outlaw-star/episode-21/?page=3,3,2026-10-07T01:50:19.955728+00:00,dcd55348a8b9eebd965d6c5a2bb06daedec029dbfc7f93153d908d459e9808c3,,UNVERIFIED
EP-21,Grave of the Dragon,00:17:42,1062,854117,https://animehistory.org/uploads/screencaps/outlaw-star-E021-Grave-of-the-Dragon/cap_00-17-42_27c7.jpg,Outlaw Star Ep 21: Grave of the Dragon @ 00:17:42,https://animehistory.org/gallery/screencaps/outlaw-star/episode-21/,https://animehistory.org/gallery/screencaps/outlaw-star/episode-21/?page=3,3,2026-10-07T01:50:19.955728+00:00,dcd55348a8b9eebd965d6c5a2bb06daedec029dbfc7f93153d908d459e9808c3,,UNVERIFIED
EP-21,Grave of the Dragon,00:17:45,1065,854118,https://animehistory.org/uploads/screencaps/outlaw-star-E021-Grave-of-the-Dragon/cap_00-17-45_5a35.jpg,Outlaw Star Ep 21: Grave of the Dragon @ 00:17:45,https://animehistory.org/gallery/screencaps/outlaw-star/episode-21/,https://animehistory.org/gallery/screencaps/outlaw-star/episode-21/?page=3,3,2026-10-07T01:50:19.955728+00:00,dcd55348a8b9eebd965d6c5a2bb06daedec029dbfc7f93153d908d459e9808c3,,UNVERIFIED
EP-21,Grave of the Dragon,00:17:49,1069,854119,https://animehistory.org/uploads/screencaps/outlaw-star-E021-Grave-of-the-Dragon/cap_00-17-49_2c30.jpg,Outlaw Star Ep 21: Grave of the Dragon @ 00:17:49,https://animehistory.org/gallery/screencaps/outlaw-star/episode-21/,https://animehistory.org/gallery/screencaps/outlaw-star/episode-21/?page=3,3,2026-10-07T01:50:19.955728+00:00,dcd55348a8b9eebd965d6c5a2bb06daedec029dbfc7f93153d908d459e9808c3,,UNVERIFIED
EP-21,Grave of the Dragon,00:17:53,1073,854120,https://animehistory.org/uploads/screencaps/outlaw-star-E021-Grave-of-the-Dragon/cap_00-17-53_6fae.jpg,Outlaw Star Ep 21: Grave of the Dragon @ 00:17:53,https://animehistory.org/gallery/screencaps/outlaw-star/episode-21/,https://animehistory.org/gallery/screencaps/outlaw-star/episode-21/?page=3,3,2026-10-07T01:50:19.955728+00:00,dcd55348a8b9eebd965d6c5a2bb06daedec029dbfc7f93153d908d459e9808c3,,UNVERIFIED
EP-21,Grave of the Dragon,00:17:56,1076,854121,https://animehistory.org/uploads/screencaps/outlaw-star-E021-Grave-of-the-Dragon/cap_00-17-56_2d3b.jpg,Outlaw Star Ep 21: Grave of the Dragon @ 00:17:56,https://animehistory.org/gallery/screencaps/outlaw-star/episode-21/,https://animehistory.org/gallery/screencaps/outlaw-star/episode-21/?page=3,3,2026-10-07T01:50:19.955728+00:00,dcd55348a8b9eebd965d6c5a2bb06daedec029dbfc7f93153d908d459e9808c3,,UNVERIFIED
EP-21,Grave of the Dragon,00:18:00,1080,854122,https://animehistory.org/uploads/screencaps/outlaw-star-E021-Grave-of-the-Dragon/cap_00-18-00_432c.jpg,Outlaw Star Ep 21: Grave of the Dragon @ 00:18:00,https://animehistory.org/gallery/screencaps/outlaw-star/episode-21/,https://animehistory.org/gallery/screencaps/outlaw-star/episode-21/?page=3,3,2026-10-07T01:50:19.955728+00:00,dcd55348a8b9eebd965d6c5a2bb06daedec029dbfc7f93153d908d459e9808c3,,UNVERIFIED
EP-21,Grave of the Dragon,00:18:03,1083,854123,https://animehistory.org/uploads/screencaps/outlaw-star-E021-Grave-of-the-Dragon/cap_00-18-03_0fcf.jpg,Outlaw Star Ep 21: Grave of the Dragon @ 00:18:03,https://animehistory.org/gallery/screencaps/outlaw-star/episode-21/,https://animehistory.org/gallery/screencaps/outlaw-star/episode-21/?page=3,3,2026-10-07T01:50:19.955728+00:00,dcd55348a8b9eebd965d6c5a2bb06daedec029dbfc7f93153d908d459e9808c3,,UNVERIFIED
EP-21,Grave of the Dragon,00:18:07,1087,854124,https://animehistory.org/uploads/screencaps/outlaw-star-E021-Grave-of-the-Dragon/cap_00-18-07_4f09.jpg,Outlaw Star Ep 21: Grave of the Dragon @ 00:18:07,https://animehistory.org/gallery/screencaps/outlaw-star/episode-21/,https://animehistory.org/gallery/screencaps/outlaw-star/episode-21/?page=3,3,2026-10-07T01:50:19.955728+00:00,dcd55348a8b9eebd965d6c5a2bb06daedec029dbfc7f93153d908d459e9808c3,,UNVERIFIED
EP-21,Grave of the Dragon,00:18:11,1091,854125,https://animehistory.org/uploads/screencaps/outlaw-star-E021-Grave-of-the-Dragon/cap_00-18-11_4f19.jpg,Outlaw Star Ep 21: Grave of the Dragon @ 00:18:11,https://animehistory.org/gallery/screencaps/outlaw-star/episode-21/,https://animehistory.org/gallery/screencaps/outlaw-star/episode-21/?page=3,3,2026-10-07T01:50:19.955728+00:00,dcd55348a8b9eebd965d6c5a2bb06daedec029dbfc7f93153d908d459e9808c3,,UNVERIFIED
EP-21,Grave of the Dragon,00:18:14,1094,854126,https://animehistory.org/uploads/screencaps/outlaw-star-E021-Grave-of-the-Dragon/cap_00-18-14_6020.jpg,Outlaw Star Ep 21: Grave of the Dragon @ 00:18:14,https://animehistory.org/gallery/screencaps/outlaw-star/episode-21/,https://animehistory.org/gallery/screencaps/outlaw-star/episode-21/?page=3,3,2026-10-07T01:50:19.955728+00:00,dcd55348a8b9eebd965d6c5a2bb06daedec029dbfc7f93153d908d459e9808c3,,UNVERIFIED
EP-21,Grave of the Dragon,00:18:18,1098,854127,https://animehistory.org/uploads/screencaps/outlaw-star-E021-Grave-of-the-Dragon/cap_00-18-18_4f2d.jpg,Outlaw Star Ep 21: Grave of the Dragon @ 00:18:18,https://animehistory.org/gallery/screencaps/outlaw-star/episode-21/,https://animehistory.org/gallery/screencaps/outlaw-star/episode-21/?page=3,3,2026-10-07T01:50:19.955728+00:00,dcd55348a8b9eebd965d6c5a2bb06daedec029dbfc7f93153d908d459e9808c3,,UNVERIFIED
EP-21,Grave of the Dragon,00:18:22,1102,854128,https://animehistory.org/uploads/screencaps/outlaw-star-E021-Grave-of-the-Dragon/cap_00-18-22_100e.jpg,Outlaw Star Ep 21: Grave of the Dragon @ 00:18:22,https://animehistory.org/gallery/screencaps/outlaw-star/episode-21/,https://animehistory.org/gallery/screencaps/outlaw-star/episode-21/?page=3,3,2026-10-07T01:50:19.955728+00:00,dcd55348a8b9eebd965d6c5a2bb06daedec029dbfc7f93153d908d459e9808c3,,UNVERIFIED
EP-21,Grave of the Dragon,00:18:25,1105,854129,https://animehistory.org/uploads/screencaps/outlaw-star-E021-Grave-of-the-Dragon/cap_00-18-25_2edc.jpg,Outlaw Star Ep 21: Grave of the Dragon @ 00:18:25,https://animehistory.org/gallery/screencaps/outlaw-star/episode-21/,https://animehistory.org/gallery/screencaps/outlaw-star/episode-21/?page=3,3,2026-10-07T01:50:19.955728+00:00,dcd55348a8b9eebd965d6c5a2bb06daedec029dbfc7f93153d908d459e9808c3,,UNVERIFIED
EP-21,Grave of the Dragon,00:18:29,1109,854130,https://animehistory.org/uploads/screencaps/outlaw-star-E021-Grave-of-the-Dragon/cap_00-18-29_2cdd.jpg,Outlaw Star Ep 21: Grave of the Dragon @ 00:18:29,https://animehistory.org/gallery/screencaps/outlaw-star/episode-21/,https://animehistory.org/gallery/screencaps/outlaw-star/episode-21/?page=3,3,2026-10-07T01:50:19.955728+00:00,dcd55348a8b9eebd965d6c5a2bb06daedec029dbfc7f93153d908d459e9808c3,,UNVERIFIED
EP-21,Grave of the Dragon,00:18:33,1113,854131,https://animehistory.org/uploads/screencaps/outlaw-star-E021-Grave-of-the-Dragon/cap_00-18-33_4eea.jpg,Outlaw Star Ep 21: Grave of the Dragon @ 00:18:33,https://animehistory.org/gallery/screencaps/outlaw-star/episode-21/,https://animehistory.org/gallery/screencaps/outlaw-star/episode-21/?page=3,3,2026-10-07T01:50:19.955728+00:00,dcd55348a8b9eebd965d6c5a2bb06daedec029dbfc7f93153d908d459e9808c3,,UNVERIFIED
EP-21,Grave of the Dragon,00:18:36,1116,854132,https://animehistory.org/uploads/screencaps/outlaw-star-E021-Grave-of-the-Dragon/cap_00-18-36_4a24.jpg,Outlaw Star Ep 21: Grave of the Dragon @ 00:18:36,https://animehistory.org/gallery/screencaps/outlaw-star/episode-21/,https://animehistory.org/gallery/screencaps/outlaw-star/episode-21/?page=3,3,2026-10-07T01:50:19.955728+00:00,dcd55348a8b9eebd965d6c5a2bb06daedec029dbfc7f93153d908d459e9808c3,,UNVERIFIED
EP-21,Grave of the Dragon,00:18:40,1120,854133,https://animehistory.org/uploads/screencaps/outlaw-star-E021-Grave-of-the-Dragon/cap_00-18-40_35dd.jpg,Outlaw Star Ep 21: Grave of the Dragon @ 00:18:40,https://animehistory.org/gallery/screencaps/outlaw-star/episode-21/,https://animehistory.org/gallery/screencaps/outlaw-star/episode-21/?page=3,3,2026-10-07T01:50:19.955728+00:00,dcd55348a8b9eebd965d6c5a2bb06daedec029dbfc7f93153d908d459e9808c3,,UNVERIFIED
EP-21,Grave of the Dragon,00:18:43,1123,854134,https://animehistory.org/uploads/screencaps/outlaw-star-E021-Grave-of-the-Dragon/cap_00-18-43_13a2.jpg,Outlaw Star Ep 21: Grave of the Dragon @ 00:18:43,https://animehistory.org/gallery/screencaps/outlaw-star/episode-21/,https://animehistory.org/gallery/screencaps/outlaw-star/episode-21/?page=3,3,2026-10-07T01:50:19.955728+00:00,dcd55348a8b9eebd965d6c5a2bb06daedec029dbfc7f93153d908d459e9808c3,,UNVERIFIED
EP-21,Grave of the Dragon,00:18:47,1127,854135,https://animehistory.org/uploads/screencaps/outlaw-star-E021-Grave-of-the-Dragon/cap_00-18-47_701e.jpg,Outlaw Star Ep 21: Grave of the Dragon @ 00:18:47,https://animehistory.org/gallery/screencaps/outlaw-star/episode-21/,https://animehistory.org/gallery/screencaps/outlaw-star/episode-21/?page=3,3,2026-10-07T01:50:19.955728+00:00,dcd55348a8b9eebd965d6c5a2bb06daedec029dbfc7f93153d908d459e9808c3,,UNVERIFIED
EP-21,Grave of the Dragon,00:18:51,1131,854136,https://animehistory.org/uploads/screencaps/outlaw-star-E021-Grave-of-the-Dragon/cap_00-18-51_0737.jpg,Outlaw Star Ep 21: Grave of the Dragon @ 00:18:51,https://animehistory.org/gallery/screencaps/outlaw-star/episode-21/,https://animehistory.org/gallery/screencaps/outlaw-star/episode-21/?page=3,3,2026-10-07T01:50:19.955728+00:00,dcd55348a8b9eebd965d6c5a2bb06daedec029dbfc7f93153d908d459e9808c3,,UNVERIFIED
EP-21,Grave of the Dragon,00:18:54,1134,854137,https://animehistory.org/uploads/screencaps/outlaw-star-E021-Grave-of-the-Dragon/cap_00-18-54_3f7e.jpg,Outlaw Star Ep 21: Grave of the Dragon @ 00:18:54,https://animehistory.org/gallery/screencaps/outlaw-star/episode-21/,https://animehistory.org/gallery/screencaps/outlaw-star/episode-21/?page=3,3,2026-10-07T01:50:19.955728+00:00,dcd55348a8b9eebd965d6c5a2bb06daedec029dbfc7f93153d908d459e9808c3,,UNVERIFIED
EP-21,Grave of the Dragon,00:18:58,1138,854138,https://animehistory.org/uploads/screencaps/outlaw-star-E021-Grave-of-the-Dragon/cap_00-18-58_0e68.jpg,Outlaw Star Ep 21: Grave of the Dragon @ 00:18:58,https://animehistory.org/gallery/screencaps/outlaw-star/episode-21/,https://animehistory.org/gallery/screencaps/outlaw-star/episode-21/?page=3,3,2026-10-07T01:50:19.955728+00:00,dcd55348a8b9eebd965d6c5a2bb06daedec029dbfc7f93153d908d459e9808c3,,UNVERIFIED
EP-21,Grave of the Dragon,00:19:02,1142,854139,https://animehistory.org/uploads/screencaps/outlaw-star-E021-Grave-of-the-Dragon/cap_00-19-02_06ae.jpg,Outlaw Star Ep 21: Grave of the Dragon @ 00:19:02,https://animehistory.org/gallery/screencaps/outlaw-star/episode-21/,https://animehistory.org/gallery/screencaps/outlaw-star/episode-21/?page=3,3,2026-10-07T01:50:19.955728+00:00,dcd55348a8b9eebd965d6c5a2bb06daedec029dbfc7f93153d908d459e9808c3,,UNVERIFIED
EP-21,Grave of the Dragon,00:19:05,1145,854140,https://animehistory.org/uploads/screencaps/outlaw-star-E021-Grave-of-the-Dragon/cap_00-19-05_55cb.jpg,Outlaw Star Ep 21: Grave of the Dragon @ 00:19:05,https://animehistory.org/gallery/screencaps/outlaw-star/episode-21/,https://animehistory.org/gallery/screencaps/outlaw-star/episode-21/?page=3,3,2026-10-07T01:50:19.955728+00:00,dcd55348a8b9eebd965d6c5a2bb06daedec029dbfc7f93153d908d459e9808c3,,UNVERIFIED
EP-21,Grave of the Dragon,00:19:09,1149,854141,https://animehistory.org/uploads/screencaps/outlaw-star-E021-Grave-of-the-Dragon/cap_00-19-09_7197.jpg,Outlaw Star Ep 21: Grave of the Dragon @ 00:19:09,https://animehistory.org/gallery/screencaps/outlaw-star/episode-21/,https://animehistory.org/gallery/screencaps/outlaw-star/episode-21/?page=3,3,2026-10-07T01:50:19.955728+00:00,dcd55348a8b9eebd965d6c5a2bb06daedec029dbfc7f93153d908d459e9808c3,,UNVERIFIED
EP-21,Grave of the Dragon,00:19:12,1152,854142,https://animehistory.org/uploads/screencaps/outlaw-star-E021-Grave-of-the-Dragon/cap_00-19-12_3c57.jpg,Outlaw Star Ep 21: Grave of the Dragon @ 00:19:12,https://animehistory.org/gallery/screencaps/outlaw-star/episode-21/,https://animehistory.org/gallery/screencaps/outlaw-star/episode-21/?page=3,3,2026-10-07T01:50:19.955728+00:00,dcd55348a8b9eebd965d6c5a2bb06daedec029dbfc7f93153d908d459e9808c3,,UNVERIFIED
EP-21,Grave of the Dragon,00:19:16,1156,854143,https://animehistory.org/uploads/screencaps/outlaw-star-E021-Grave-of-the-Dragon/cap_00-19-16_1503.jpg,Outlaw Star Ep 21: Grave of the Dragon @ 00:19:16,https://animehistory.org/gallery/screencaps/outlaw-star/episode-21/,https://animehistory.org/gallery/screencaps/outlaw-star/episode-21/?page=3,3,2026-10-07T01:50:19.955728+00:00,dcd55348a8b9eebd965d6c5a2bb06daedec029dbfc7f93153d908d459e9808c3,,UNVERIFIED
EP-21,Grave of the Dragon,00:19:20,1160,854144,https://animehistory.org/uploads/screencaps/outlaw-star-E021-Grave-of-the-Dragon/cap_00-19-20_0fc0.jpg,Outlaw Star Ep 21: Grave of the Dragon @ 00:19:20,https://animehistory.org/gallery/screencaps/outlaw-star/episode-21/,https://animehistory.org/gallery/screencaps/outlaw-star/episode-21/?page=3,3,2026-10-07T01:50:19.955728+00:00,dcd55348a8b9eebd965d6c5a2bb06daedec029dbfc7f93153d908d459e9808c3,,UNVERIFIED
EP-21,Grave of the Dragon,00:19:23,1163,854145,https://animehistory.org/uploads/screencaps/outlaw-star-E021-Grave-of-the-Dragon/cap_00-19-23_6a79.jpg,Outlaw Star Ep 21: Grave of the Dragon @ 00:19:23,https://animehistory.org/gallery/screencaps/outlaw-star/episode-21/,https://animehistory.org/gallery/screencaps/outlaw-star/episode-21/?page=3,3,2026-10-07T01:50:19.955728+00:00,dcd55348a8b9eebd965d6c5a2bb06daedec029dbfc7f93153d908d459e9808c3,,UNVERIFIED
EP-21,Grave of the Dragon,00:19:27,1167,854146,https://animehistory.org/uploads/screencaps/outlaw-star-E021-Grave-of-the-Dragon/cap_00-19-27_3fbc.jpg,Outlaw Star Ep 21: Grave of the Dragon @ 00:19:27,https://animehistory.org/gallery/screencaps/outlaw-star/episode-21/,https://animehistory.org/gallery/screencaps/outlaw-star/episode-21/?page=3,3,2026-10-07T01:50:19.955728+00:00,dcd55348a8b9eebd965d6c5a2bb06daedec029dbfc7f93153d908d459e9808c3,,UNVERIFIED
EP-21,Grave of the Dragon,00:19:31,1171,854147,https://animehistory.org/uploads/screencaps/outlaw-star-E021-Grave-of-the-Dragon/cap_00-19-31_30d9.jpg,Outlaw Star Ep 21: Grave of the Dragon @ 00:19:31,https://animehistory.org/gallery/screencaps/outlaw-star/episode-21/,https://animehistory.org/gallery/screencaps/outlaw-star/episode-21/?page=3,3,2026-10-07T01:50:19.955728+00:00,dcd55348a8b9eebd965d6c5a2bb06daedec029dbfc7f93153d908d459e9808c3,,UNVERIFIED
EP-21,Grave of the Dragon,00:19:34,1174,854148,https://animehistory.org/uploads/screencaps/outlaw-star-E021-Grave-of-the-Dragon/cap_00-19-34_4028.jpg,Outlaw Star Ep 21: Grave of the Dragon @ 00:19:34,https://animehistory.org/gallery/screencaps/outlaw-star/episode-21/,https://animehistory.org/gallery/screencaps/outlaw-star/episode-21/?page=3,3,2026-10-07T01:50:19.955728+00:00,dcd55348a8b9eebd965d6c5a2bb06daedec029dbfc7f93153d908d459e9808c3,,UNVERIFIED
EP-21,Grave of the Dragon,00:19:38,1178,854149,https://animehistory.org/uploads/screencaps/outlaw-star-E021-Grave-of-the-Dragon/cap_00-19-38_6781.jpg,Outlaw Star Ep 21: Grave of the Dragon @ 00:19:38,https://animehistory.org/gallery/screencaps/outlaw-star/episode-21/,https://animehistory.org/gallery/screencaps/outlaw-star/episode-21/?page=3,3,2026-10-07T01:50:19.955728+00:00,dcd55348a8b9eebd965d6c5a2bb06daedec029dbfc7f93153d908d459e9808c3,,UNVERIFIED
EP-21,Grave of the Dragon,00:19:42,1182,854150,https://animehistory.org/uploads/screencaps/outlaw-star-E021-Grave-of-the-Dragon/cap_00-19-42_75fc.jpg,Outlaw Star Ep 21: Grave of the Dragon @ 00:19:42,https://animehistory.org/gallery/screencaps/outlaw-star/episode-21/,https://animehistory.org/gallery/screencaps/outlaw-star/episode-21/?page=3,3,2026-10-07T01:50:19.955728+00:00,dcd55348a8b9eebd965d6c5a2bb06daedec029dbfc7f93153d908d459e9808c3,,UNVERIFIED
EP-21,Grave of the Dragon,00:19:45,1185,854151,https://animehistory.org/uploads/screencaps/outlaw-star-E021-Grave-of-the-Dragon/cap_00-19-45_49aa.jpg,Outlaw Star Ep 21: Grave of the Dragon @ 00:19:45,https://animehistory.org/gallery/screencaps/outlaw-star/episode-21/,https://animehistory.org/gallery/screencaps/outlaw-star/episode-21/?page=3,3,2026-10-07T01:50:19.955728+00:00,dcd55348a8b9eebd965d6c5a2bb06daedec029dbfc7f93153d908d459e9808c3,,UNVERIFIED
EP-21,Grave of the Dragon,00:19:49,1189,854152,https://animehistory.org/uploads/screencaps/outlaw-star-E021-Grave-of-the-Dragon/cap_00-19-49_7736.jpg,Outlaw Star Ep 21: Grave of the Dragon @ 00:19:49,https://animehistory.org/gallery/screencaps/outlaw-star/episode-21/,https://animehistory.org/gallery/screencaps/outlaw-star/episode-21/?page=3,3,2026-10-07T01:50:19.955728+00:00,dcd55348a8b9eebd965d6c5a2bb06daedec029dbfc7f93153d908d459e9808c3,,UNVERIFIED
EP-21,Grave of the Dragon,00:19:52,1192,854153,https://animehistory.org/uploads/screencaps/outlaw-star-E021-Grave-of-the-Dragon/cap_00-19-52_29b6.jpg,Outlaw Star Ep 21: Grave of the Dragon @ 00:19:52,https://animehistory.org/gallery/screencaps/outlaw-star/episode-21/,https://animehistory.org/gallery/screencaps/outlaw-star/episode-21/?page=4,4,2026-10-07T01:50:21.240141+00:00,de96c294aee01339bcea39adb13cd05c7865e749eb6e2ba33df918de5eba3f06,,UNVERIFIED
EP-21,Grave of the Dragon,00:19:56,1196,854154,https://animehistory.org/uploads/screencaps/outlaw-star-E021-Grave-of-the-Dragon/cap_00-19-56_634e.jpg,Outlaw Star Ep 21: Grave of the Dragon @ 00:19:56,https://animehistory.org/gallery/screencaps/outlaw-star/episode-21/,https://animehistory.org/gallery/screencaps/outlaw-star/episode-21/?page=4,4,2026-10-07T01:50:21.240141+00:00,de96c294aee01339bcea39adb13cd05c7865e749eb6e2ba33df918de5eba3f06,,UNVERIFIED
EP-21,Grave of the Dragon,00:20:00,1200,854155,https://animehistory.org/uploads/screencaps/outlaw-star-E021-Grave-of-the-Dragon/cap_00-20-00_3de7.jpg,Outlaw Star Ep 21: Grave of the Dragon @ 00:20:00,https://animehistory.org/gallery/screencaps/outlaw-star/episode-21/,https://animehistory.org/gallery/screencaps/outlaw-star/episode-21/?page=4,4,2026-10-07T01:50:21.240141+00:00,de96c294aee01339bcea39adb13cd05c7865e749eb6e2ba33df918de5eba3f06,,UNVERIFIED
EP-21,Grave of the Dragon,00:20:03,1203,854156,https://animehistory.org/uploads/screencaps/outlaw-star-E021-Grave-of-the-Dragon/cap_00-20-03_563e.jpg,Outlaw Star Ep 21: Grave of the Dragon @ 00:20:03,https://animehistory.org/gallery/screencaps/outlaw-star/episode-21/,https://animehistory.org/gallery/screencaps/outlaw-star/episode-21/?page=4,4,2026-10-07T01:50:21.240141+00:00,de96c294aee01339bcea39adb13cd05c7865e749eb6e2ba33df918de5eba3f06,,UNVERIFIED
EP-21,Grave of the Dragon,00:20:07,1207,854157,https://animehistory.org/uploads/screencaps/outlaw-star-E021-Grave-of-the-Dragon/cap_00-20-07_5049.jpg,Outlaw Star Ep 21: Grave of the Dragon @ 00:20:07,https://animehistory.org/gallery/screencaps/outlaw-star/episode-21/,https://animehistory.org/gallery/screencaps/outlaw-star/episode-21/?page=4,4,2026-10-07T01:50:21.240141+00:00,de96c294aee01339bcea39adb13cd05c7865e749eb6e2ba33df918de5eba3f06,,UNVERIFIED
EP-21,Grave of the Dragon,00:20:11,1211,854158,https://animehistory.org/uploads/screencaps/outlaw-star-E021-Grave-of-the-Dragon/cap_00-20-11_740b.jpg,Outlaw Star Ep 21: Grave of the Dragon @ 00:20:11,https://animehistory.org/gallery/screencaps/outlaw-star/episode-21/,https://animehistory.org/gallery/screencaps/outlaw-star/episode-21/?page=4,4,2026-10-07T01:50:21.240141+00:00,de96c294aee01339bcea39adb13cd05c7865e749eb6e2ba33df918de5eba3f06,,UNVERIFIED
EP-21,Grave of the Dragon,00:20:14,1214,854159,https://animehistory.org/uploads/screencaps/outlaw-star-E021-Grave-of-the-Dragon/cap_00-20-14_631f.jpg,Outlaw Star Ep 21: Grave of the Dragon @ 00:20:14,https://animehistory.org/gallery/screencaps/outlaw-star/episode-21/,https://animehistory.org/gallery/screencaps/outlaw-star/episode-21/?page=4,4,2026-10-07T01:50:21.240141+00:00,de96c294aee01339bcea39adb13cd05c7865e749eb6e2ba33df918de5eba3f06,,UNVERIFIED
EP-21,Grave of the Dragon,00:20:18,1218,854160,https://animehistory.org/uploads/screencaps/outlaw-star-E021-Grave-of-the-Dragon/cap_00-20-18_2787.jpg,Outlaw Star Ep 21: Grave of the Dragon @ 00:20:18,https://animehistory.org/gallery/screencaps/outlaw-star/episode-21/,https://animehistory.org/gallery/screencaps/outlaw-star/episode-21/?page=4,4,2026-10-07T01:50:21.240141+00:00,de96c294aee01339bcea39adb13cd05c7865e749eb6e2ba33df918de5eba3f06,,UNVERIFIED
EP-21,Grave of the Dragon,00:20:21,1221,854161,https://animehistory.org/uploads/screencaps/outlaw-star-E021-Grave-of-the-Dragon/cap_00-20-21_68e6.jpg,Outlaw Star Ep 21: Grave of the Dragon @ 00:20:21,https://animehistory.org/gallery/screencaps/outlaw-star/episode-21/,https://animehistory.org/gallery/screencaps/outlaw-star/episode-21/?page=4,4,2026-10-07T01:50:21.240141+00:00,de96c294aee01339bcea39adb13cd05c7865e749eb6e2ba33df918de5eba3f06,,UNVERIFIED
EP-21,Grave of the Dragon,00:20:25,1225,854162,https://animehistory.org/uploads/screencaps/outlaw-star-E021-Grave-of-the-Dragon/cap_00-20-25_202a.jpg,Outlaw Star Ep 21: Grave of the Dragon @ 00:20:25,https://animehistory.org/gallery/screencaps/outlaw-star/episode-21/,https://animehistory.org/gallery/screencaps/outlaw-star/episode-21/?page=4,4,2026-10-07T01:50:21.240141+00:00,de96c294aee01339bcea39adb13cd05c7865e749eb6e2ba33df918de5eba3f06,,UNVERIFIED
EP-21,Grave of the Dragon,00:20:29,1229,854163,https://animehistory.org/uploads/screencaps/outlaw-star-E021-Grave-of-the-Dragon/cap_00-20-29_17cc.jpg,Outlaw Star Ep 21: Grave of the Dragon @ 00:20:29,https://animehistory.org/gallery/screencaps/outlaw-star/episode-21/,https://animehistory.org/gallery/screencaps/outlaw-star/episode-21/?page=4,4,2026-10-07T01:50:21.240141+00:00,de96c294aee01339bcea39adb13cd05c7865e749eb6e2ba33df918de5eba3f06,,UNVERIFIED
EP-21,Grave of the Dragon,00:20:32,1232,854164,https://animehistory.org/uploads/screencaps/outlaw-star-E021-Grave-of-the-Dragon/cap_00-20-32_11b3.jpg,Outlaw Star Ep 21: Grave of the Dragon @ 00:20:32,https://animehistory.org/gallery/screencaps/outlaw-star/episode-21/,https://animehistory.org/gallery/screencaps/outlaw-star/episode-21/?page=4,4,2026-10-07T01:50:21.240141+00:00,de96c294aee01339bcea39adb13cd05c7865e749eb6e2ba33df918de5eba3f06,,UNVERIFIED
EP-21,Grave of the Dragon,00:20:36,1236,854165,https://animehistory.org/uploads/screencaps/outlaw-star-E021-Grave-of-the-Dragon/cap_00-20-36_0179.jpg,Outlaw Star Ep 21: Grave of the Dragon @ 00:20:36,https://animehistory.org/gallery/screencaps/outlaw-star/episode-21/,https://animehistory.org/gallery/screencaps/outlaw-star/episode-21/?page=4,4,2026-10-07T01:50:21.240141+00:00,de96c294aee01339bcea39adb13cd05c7865e749eb6e2ba33df918de5eba3f06,,UNVERIFIED
EP-21,Grave of the Dragon,00:20:40,1240,854166,https://animehistory.org/uploads/screencaps/outlaw-star-E021-Grave-of-the-Dragon/cap_00-20-40_6dce.jpg,Outlaw Star Ep 21: Grave of the Dragon @ 00:20:40,https://animehistory.org/gallery/screencaps/outlaw-star/episode-21/,https://animehistory.org/gallery/screencaps/outlaw-star/episode-21/?page=4,4,2026-10-07T01:50:21.240141+00:00,de96c294aee01339bcea39adb13cd05c7865e749eb6e2ba33df918de5eba3f06,,UNVERIFIED
EP-21,Grave of the Dragon,00:20:43,1243,854167,https://animehistory.org/uploads/screencaps/outlaw-star-E021-Grave-of-the-Dragon/cap_00-20-43_6733.jpg,Outlaw Star Ep 21: Grave of the Dragon @ 00:20:43,https://animehistory.org/gallery/screencaps/outlaw-star/episode-21/,https://animehistory.org/gallery/screencaps/outlaw-star/episode-21/?page=4,4,2026-10-07T01:50:21.240141+00:00,de96c294aee01339bcea39adb13cd05c7865e749eb6e2ba33df918de5eba3f06,,UNVERIFIED
EP-21,Grave of the Dragon,00:20:47,1247,854168,https://animehistory.org/uploads/screencaps/outlaw-star-E021-Grave-of-the-Dragon/cap_00-20-47_18ce.jpg,Outlaw Star Ep 21: Grave of the Dragon @ 00:20:47,https://animehistory.org/gallery/screencaps/outlaw-star/episode-21/,https://animehistory.org/gallery/screencaps/outlaw-star/episode-21/?page=4,4,2026-10-07T01:50:21.240141+00:00,de96c294aee01339bcea39adb13cd05c7865e749eb6e2ba33df918de5eba3f06,,UNVERIFIED
EP-21,Grave of the Dragon,00:20:51,1251,854169,https://animehistory.org/uploads/screencaps/outlaw-star-E021-Grave-of-the-Dragon/cap_00-20-51_214b.jpg,Outlaw Star Ep 21: Grave of the Dragon @ 00:20:51,https://animehistory.org/gallery/screencaps/outlaw-star/episode-21/,https://animehistory.org/gallery/screencaps/outlaw-star/episode-21/?page=4,4,2026-10-07T01:50:21.240141+00:00,de96c294aee01339bcea39adb13cd05c7865e749eb6e2ba33df918de5eba3f06,,UNVERIFIED
EP-21,Grave of the Dragon,00:20:54,1254,854170,https://animehistory.org/uploads/screencaps/outlaw-star-E021-Grave-of-the-Dragon/cap_00-20-54_7901.jpg,Outlaw Star Ep 21: Grave of the Dragon @ 00:20:54,https://animehistory.org/gallery/screencaps/outlaw-star/episode-21/,https://animehistory.org/gallery/screencaps/outlaw-star/episode-21/?page=4,4,2026-10-07T01:50:21.240141+00:00,de96c294aee01339bcea39adb13cd05c7865e749eb6e2ba33df918de5eba3f06,,UNVERIFIED
EP-21,Grave of the Dragon,00:20:58,1258,854171,https://animehistory.org/uploads/screencaps/outlaw-star-E021-Grave-of-the-Dragon/cap_00-20-58_64ec.jpg,Outlaw Star Ep 21: Grave of the Dragon @ 00:20:58,https://animehistory.org/gallery/screencaps/outlaw-star/episode-21/,https://animehistory.org/gallery/screencaps/outlaw-star/episode-21/?page=4,4,2026-10-07T01:50:21.240141+00:00,de96c294aee01339bcea39adb13cd05c7865e749eb6e2ba33df918de5eba3f06,,UNVERIFIED
EP-21,Grave of the Dragon,00:21:01,1261,854172,https://animehistory.org/uploads/screencaps/outlaw-star-E021-Grave-of-the-Dragon/cap_00-21-01_76e1.jpg,Outlaw Star Ep 21: Grave of the Dragon @ 00:21:01,https://animehistory.org/gallery/screencaps/outlaw-star/episode-21/,https://animehistory.org/gallery/screencaps/outlaw-star/episode-21/?page=4,4,2026-10-07T01:50:21.240141+00:00,de96c294aee01339bcea39adb13cd05c7865e749eb6e2ba33df918de5eba3f06,,UNVERIFIED
EP-21,Grave of the Dragon,00:21:05,1265,854173,https://animehistory.org/uploads/screencaps/outlaw-star-E021-Grave-of-the-Dragon/cap_00-21-05_58c9.jpg,Outlaw Star Ep 21: Grave of the Dragon @ 00:21:05,https://animehistory.org/gallery/screencaps/outlaw-star/episode-21/,https://animehistory.org/gallery/screencaps/outlaw-star/episode-21/?page=4,4,2026-10-07T01:50:21.240141+00:00,de96c294aee01339bcea39adb13cd05c7865e749eb6e2ba33df918de5eba3f06,,UNVERIFIED
EP-21,Grave of the Dragon,00:21:09,1269,854174,https://animehistory.org/uploads/screencaps/outlaw-star-E021-Grave-of-the-Dragon/cap_00-21-09_443f.jpg,Outlaw Star Ep 21: Grave of the Dragon @ 00:21:09,https://animehistory.org/gallery/screencaps/outlaw-star/episode-21/,https://animehistory.org/gallery/screencaps/outlaw-star/episode-21/?page=4,4,2026-10-07T01:50:21.240141+00:00,de96c294aee01339bcea39adb13cd05c7865e749eb6e2ba33df918de5eba3f06,,UNVERIFIED
EP-21,Grave of the Dragon,00:21:12,1272,854175,https://animehistory.org/uploads/screencaps/outlaw-star-E021-Grave-of-the-Dragon/cap_00-21-12_008f.jpg,Outlaw Star Ep 21: Grave of the Dragon @ 00:21:12,https://animehistory.org/gallery/screencaps/outlaw-star/episode-21/,https://animehistory.org/gallery/screencaps/outlaw-star/episode-21/?page=4,4,2026-10-07T01:50:21.240141+00:00,de96c294aee01339bcea39adb13cd05c7865e749eb6e2ba33df918de5eba3f06,,UNVERIFIED
EP-21,Grave of the Dragon,00:21:16,1276,854176,https://animehistory.org/uploads/screencaps/outlaw-star-E021-Grave-of-the-Dragon/cap_00-21-16_2541.jpg,Outlaw Star Ep 21: Grave of the Dragon @ 00:21:16,https://animehistory.org/gallery/screencaps/outlaw-star/episode-21/,https://animehistory.org/gallery/screencaps/outlaw-star/episode-21/?page=4,4,2026-10-07T01:50:21.240141+00:00,de96c294aee01339bcea39adb13cd05c7865e749eb6e2ba33df918de5eba3f06,,UNVERIFIED
EP-21,Grave of the Dragon,00:21:20,1280,854177,https://animehistory.org/uploads/screencaps/outlaw-star-E021-Grave-of-the-Dragon/cap_00-21-20_56f5.jpg,Outlaw Star Ep 21: Grave of the Dragon @ 00:21:20,https://animehistory.org/gallery/screencaps/outlaw-star/episode-21/,https://animehistory.org/gallery/screencaps/outlaw-star/episode-21/?page=4,4,2026-10-07T01:50:21.240141+00:00,de96c294aee01339bcea39adb13cd05c7865e749eb6e2ba33df918de5eba3f06,,UNVERIFIED
EP-21,Grave of the Dragon,00:21:23,1283,854178,https://animehistory.org/uploads/screencaps/outlaw-star-E021-Grave-of-the-Dragon/cap_00-21-23_5b01.jpg,Outlaw Star Ep 21: Grave of the Dragon @ 00:21:23,https://animehistory.org/gallery/screencaps/outlaw-star/episode-21/,https://animehistory.org/gallery/screencaps/outlaw-star/episode-21/?page=4,4,2026-10-07T01:50:21.240141+00:00,de96c294aee01339bcea39adb13cd05c7865e749eb6e2ba33df918de5eba3f06,,UNVERIFIED
EP-21,Grave of the Dragon,00:21:27,1287,854179,https://animehistory.org/uploads/screencaps/outlaw-star-E021-Grave-of-the-Dragon/cap_00-21-27_1239.jpg,Outlaw Star Ep 21: Grave of the Dragon @ 00:21:27,https://animehistory.org/gallery/screencaps/outlaw-star/episode-21/,https://animehistory.org/gallery/screencaps/outlaw-star/episode-21/?page=4,4,2026-10-07T01:50:21.240141+00:00,de96c294aee01339bcea39adb13cd05c7865e749eb6e2ba33df918de5eba3f06,,UNVERIFIED
EP-21,Grave of the Dragon,00:21:30,1290,854180,https://animehistory.org/uploads/screencaps/outlaw-star-E021-Grave-of-the-Dragon/cap_00-21-30_06f6.jpg,Outlaw Star Ep 21: Grave of the Dragon @ 00:21:30,https://animehistory.org/gallery/screencaps/outlaw-star/episode-21/,https://animehistory.org/gallery/screencaps/outlaw-star/episode-21/?page=4,4,2026-10-07T01:50:21.240141+00:00,de96c294aee01339bcea39adb13cd05c7865e749eb6e2ba33df918de5eba3f06,,UNVERIFIED
EP-21,Grave of the Dragon,00:21:34,1294,854181,https://animehistory.org/uploads/screencaps/outlaw-star-E021-Grave-of-the-Dragon/cap_00-21-34_34a1.jpg,Outlaw Star Ep 21: Grave of the Dragon @ 00:21:34,https://animehistory.org/gallery/screencaps/outlaw-star/episode-21/,https://animehistory.org/gallery/screencaps/outlaw-star/episode-21/?page=4,4,2026-10-07T01:50:21.240141+00:00,de96c294aee01339bcea39adb13cd05c7865e749eb6e2ba33df918de5eba3f06,,UNVERIFIED
EP-21,Grave of the Dragon,00:21:38,1298,854182,https://animehistory.org/uploads/screencaps/outlaw-star-E021-Grave-of-the-Dragon/cap_00-21-38_6c26.jpg,Outlaw Star Ep 21: Grave of the Dragon @ 00:21:38,https://animehistory.org/gallery/screencaps/outlaw-star/episode-21/,https://animehistory.org/gallery/screencaps/outlaw-star/episode-21/?page=4,4,2026-10-07T01:50:21.240141+00:00,de96c294aee01339bcea39adb13cd05c7865e749eb6e2ba33df918de5eba3f06,,UNVERIFIED
EP-21,Grave of the Dragon,00:21:41,1301,854183,https://animehistory.org/uploads/screencaps/outlaw-star-E021-Grave-of-the-Dragon/cap_00-21-41_3360.jpg,Outlaw Star Ep 21: Grave of the Dragon @ 00:21:41,https://animehistory.org/gallery/screencaps/outlaw-star/episode-21/,https://animehistory.org/gallery/screencaps/outlaw-star/episode-21/?page=4,4,2026-10-07T01:50:21.240141+00:00,de96c294aee01339bcea39adb13cd05c7865e749eb6e2ba33df918de5eba3f06,,UNVERIFIED
EP-21,Grave of the Dragon,00:21:45,1305,854184,https://animehistory.org/uploads/screencaps/outlaw-star-E021-Grave-of-the-Dragon/cap_00-21-45_372a.jpg,Outlaw Star Ep 21: Grave of the Dragon @ 00:21:45,https://animehistory.org/gallery/screencaps/outlaw-star/episode-21/,https://animehistory.org/gallery/screencaps/outlaw-star/episode-21/?page=4,4,2026-10-07T01:50:21.240141+00:00,de96c294aee01339bcea39adb13cd05c7865e749eb6e2ba33df918de5eba3f06,,UNVERIFIED
EP-21,Grave of the Dragon,00:21:49,1309,854185,https://animehistory.org/uploads/screencaps/outlaw-star-E021-Grave-of-the-Dragon/cap_00-21-49_2ad3.jpg,Outlaw Star Ep 21: Grave of the Dragon @ 00:21:49,https://animehistory.org/gallery/screencaps/outlaw-star/episode-21/,https://animehistory.org/gallery/screencaps/outlaw-star/episode-21/?page=4,4,2026-10-07T01:50:21.240141+00:00,de96c294aee01339bcea39adb13cd05c7865e749eb6e2ba33df918de5eba3f06,,UNVERIFIED
EP-21,Grave of the Dragon,00:21:52,1312,854186,https://animehistory.org/uploads/screencaps/outlaw-star-E021-Grave-of-the-Dragon/cap_00-21-52_13f7.jpg,Outlaw Star Ep 21: Grave of the Dragon @ 00:21:52,https://animehistory.org/gallery/screencaps/outlaw-star/episode-21/,https://animehistory.org/gallery/screencaps/outlaw-star/episode-21/?page=4,4,2026-10-07T01:50:21.240141+00:00,de96c294aee01339bcea39adb13cd05c7865e749eb6e2ba33df918de5eba3f06,,UNVERIFIED
EP-21,Grave of the Dragon,00:21:56,1316,854187,https://animehistory.org/uploads/screencaps/outlaw-star-E021-Grave-of-the-Dragon/cap_00-21-56_29a2.jpg,Outlaw Star Ep 21: Grave of the Dragon @ 00:21:56,https://animehistory.org/gallery/screencaps/outlaw-star/episode-21/,https://animehistory.org/gallery/screencaps/outlaw-star/episode-21/?page=4,4,2026-10-07T01:50:21.240141+00:00,de96c294aee01339bcea39adb13cd05c7865e749eb6e2ba33df918de5eba3f06,,UNVERIFIED
EP-21,Grave of the Dragon,00:22:00,1320,854188,https://animehistory.org/uploads/screencaps/outlaw-star-E021-Grave-of-the-Dragon/cap_00-22-00_0b97.jpg,Outlaw Star Ep 21: Grave of the Dragon @ 00:22:00,https://animehistory.org/gallery/screencaps/outlaw-star/episode-21/,https://animehistory.org/gallery/screencaps/outlaw-star/episode-21/?page=4,4,2026-10-07T01:50:21.240141+00:00,de96c294aee01339bcea39adb13cd05c7865e749eb6e2ba33df918de5eba3f06,,UNVERIFIED
EP-21,Grave of the Dragon,00:22:03,1323,854189,https://animehistory.org/uploads/screencaps/outlaw-star-E021-Grave-of-the-Dragon/cap_00-22-03_4dce.jpg,Outlaw Star Ep 21: Grave of the Dragon @ 00:22:03,https://animehistory.org/gallery/screencaps/outlaw-star/episode-21/,https://animehistory.org/gallery/screencaps/outlaw-star/episode-21/?page=4,4,2026-10-07T01:50:21.240141+00:00,de96c294aee01339bcea39adb13cd05c7865e749eb6e2ba33df918de5eba3f06,,UNVERIFIED
EP-21,Grave of the Dragon,00:22:07,1327,854190,https://animehistory.org/uploads/screencaps/outlaw-star-E021-Grave-of-the-Dragon/cap_00-22-07_11fe.jpg,Outlaw Star Ep 21: Grave of the Dragon @ 00:22:07,https://animehistory.org/gallery/screencaps/outlaw-star/episode-21/,https://animehistory.org/gallery/screencaps/outlaw-star/episode-21/?page=4,4,2026-10-07T01:50:21.240141+00:00,de96c294aee01339bcea39adb13cd05c7865e749eb6e2ba33df918de5eba3f06,,UNVERIFIED
EP-21,Grave of the Dragon,00:22:10,1330,854191,https://animehistory.org/uploads/screencaps/outlaw-star-E021-Grave-of-the-Dragon/cap_00-22-10_5800.jpg,Outlaw Star Ep 21: Grave of the Dragon @ 00:22:10,https://animehistory.org/gallery/screencaps/outlaw-star/episode-21/,https://animehistory.org/gallery/screencaps/outlaw-star/episode-21/?page=4,4,2026-10-07T01:50:21.240141+00:00,de96c294aee01339bcea39adb13cd05c7865e749eb6e2ba33df918de5eba3f06,,UNVERIFIED
EP-21,Grave of the Dragon,00:22:14,1334,854192,https://animehistory.org/uploads/screencaps/outlaw-star-E021-Grave-of-the-Dragon/cap_00-22-14_334c.jpg,Outlaw Star Ep 21: Grave of the Dragon @ 00:22:14,https://animehistory.org/gallery/screencaps/outlaw-star/episode-21/,https://animehistory.org/gallery/screencaps/outlaw-star/episode-21/?page=4,4,2026-10-07T01:50:21.240141+00:00,de96c294aee01339bcea39adb13cd05c7865e749eb6e2ba33df918de5eba3f06,,UNVERIFIED
EP-21,Grave of the Dragon,00:22:18,1338,854193,https://animehistory.org/uploads/screencaps/outlaw-star-E021-Grave-of-the-Dragon/cap_00-22-18_69ce.jpg,Outlaw Star Ep 21: Grave of the Dragon @ 00:22:18,https://animehistory.org/gallery/screencaps/outlaw-star/episode-21/,https://animehistory.org/gallery/screencaps/outlaw-star/episode-21/?page=4,4,2026-10-07T01:50:21.240141+00:00,de96c294aee01339bcea39adb13cd05c7865e749eb6e2ba33df918de5eba3f06,,UNVERIFIED
EP-21,Grave of the Dragon,00:22:21,1341,854194,https://animehistory.org/uploads/screencaps/outlaw-star-E021-Grave-of-the-Dragon/cap_00-22-21_1482.jpg,Outlaw Star Ep 21: Grave of the Dragon @ 00:22:21,https://animehistory.org/gallery/screencaps/outlaw-star/episode-21/,https://animehistory.org/gallery/screencaps/outlaw-star/episode-21/?page=4,4,2026-10-07T01:50:21.240141+00:00,de96c294aee01339bcea39adb13cd05c7865e749eb6e2ba33df918de5eba3f06,,UNVERIFIED
EP-21,Grave of the Dragon,00:22:25,1345,854195,https://animehistory.org/uploads/screencaps/outlaw-star-E021-Grave-of-the-Dragon/cap_00-22-25_3e02.jpg,Outlaw Star Ep 21: Grave of the Dragon @ 00:22:25,https://animehistory.org/gallery/screencaps/outlaw-star/episode-21/,https://animehistory.org/gallery/screencaps/outlaw-star/episode-21/?page=4,4,2026-10-07T01:50:21.240141+00:00,de96c294aee01339bcea39adb13cd05c7865e749eb6e2ba33df918de5eba3f06,,UNVERIFIED
EP-21,Grave of the Dragon,00:22:29,1349,854196,https://animehistory.org/uploads/screencaps/outlaw-star-E021-Grave-of-the-Dragon/cap_00-22-29_3541.jpg,Outlaw Star Ep 21: Grave of the Dragon @ 00:22:29,https://animehistory.org/gallery/screencaps/outlaw-star/episode-21/,https://animehistory.org/gallery/screencaps/outlaw-star/episode-21/?page=4,4,2026-10-07T01:50:21.240141+00:00,de96c294aee01339bcea39adb13cd05c7865e749eb6e2ba33df918de5eba3f06,,UNVERIFIED
EP-21,Grave of the Dragon,00:22:32,1352,854197,https://animehistory.org/uploads/screencaps/outlaw-star-E021-Grave-of-the-Dragon/cap_00-22-32_0af5.jpg,Outlaw Star Ep 21: Grave of the Dragon @ 00:22:32,https://animehistory.org/gallery/screencaps/outlaw-star/episode-21/,https://animehistory.org/gallery/screencaps/outlaw-star/episode-21/?page=4,4,2026-10-07T01:50:21.240141+00:00,de96c294aee01339bcea39adb13cd05c7865e749eb6e2ba33df918de5eba3f06,,UNVERIFIED
EP-21,Grave of the Dragon,00:22:36,1356,854198,https://animehistory.org/uploads/screencaps/outlaw-star-E021-Grave-of-the-Dragon/cap_00-22-36_1991.jpg,Outlaw Star Ep 21: Grave of the Dragon @ 00:22:36,https://animehistory.org/gallery/screencaps/outlaw-star/episode-21/,https://animehistory.org/gallery/screencaps/outlaw-star/episode-21/?page=4,4,2026-10-07T01:50:21.240141+00:00,de96c294aee01339bcea39adb13cd05c7865e749eb6e2ba33df918de5eba3f06,,UNVERIFIED
EP-21,Grave of the Dragon,00:22:39,1359,854199,https://animehistory.org/uploads/screencaps/outlaw-star-E021-Grave-of-the-Dragon/cap_00-22-39_19fe.jpg,Outlaw Star Ep 21: Grave of the Dragon @ 00:22:39,https://animehistory.org/gallery/screencaps/outlaw-star/episode-21/,https://animehistory.org/gallery/screencaps/outlaw-star/episode-21/?page=4,4,2026-10-07T01:50:21.240141+00:00,de96c294aee01339bcea39adb13cd05c7865e749eb6e2ba33df918de5eba3f06,,UNVERIFIED
EP-21,Grave of the Dragon,00:22:43,1363,854200,https://animehistory.org/uploads/screencaps/outlaw-star-E021-Grave-of-the-Dragon/cap_00-22-43_0104.jpg,Outlaw Star Ep 21: Grave of the Dragon @ 00:22:43,https://animehistory.org/gallery/screencaps/outlaw-star/episode-21/,https://animehistory.org/gallery/screencaps/outlaw-star/episode-21/?page=4,4,2026-10-07T01:50:21.240141+00:00,de96c294aee01339bcea39adb13cd05c7865e749eb6e2ba33df918de5eba3f06,,UNVERIFIED
EP-21,Grave of the Dragon,00:22:47,1367,854201,https://animehistory.org/uploads/screencaps/outlaw-star-E021-Grave-of-the-Dragon/cap_00-22-47_17bf.jpg,Outlaw Star Ep 21: Grave of the Dragon @ 00:22:47,https://animehistory.org/gallery/screencaps/outlaw-star/episode-21/,https://animehistory.org/gallery/screencaps/outlaw-star/episode-21/?page=4,4,2026-10-07T01:50:21.240141+00:00,de96c294aee01339bcea39adb13cd05c7865e749eb6e2ba33df918de5eba3f06,,UNVERIFIED
EP-21,Grave of the Dragon,00:22:50,1370,854202,https://animehistory.org/uploads/screencaps/outlaw-star-E021-Grave-of-the-Dragon/cap_00-22-50_770b.jpg,Outlaw Star Ep 21: Grave of the Dragon @ 00:22:50,https://animehistory.org/gallery/screencaps/outlaw-star/episode-21/,https://animehistory.org/gallery/screencaps/outlaw-star/episode-21/?page=4,4,2026-10-07T01:50:21.240141+00:00,de96c294aee01339bcea39adb13cd05c7865e749eb6e2ba33df918de5eba3f06,,UNVERIFIED
EP-21,Grave of the Dragon,00:22:54,1374,854203,https://animehistory.org/uploads/screencaps/outlaw-star-E021-Grave-of-the-Dragon/cap_00-22-54_1d82.jpg,Outlaw Star Ep 21: Grave of the Dragon @ 00:22:54,https://animehistory.org/gallery/screencaps/outlaw-star/episode-21/,https://animehistory.org/gallery/screencaps/outlaw-star/episode-21/?page=4,4,2026-10-07T01:50:21.240141+00:00,de96c294aee01339bcea39adb13cd05c7865e749eb6e2ba33df918de5eba3f06,,UNVERIFIED
EP-21,Grave of the Dragon,00:22:58,1378,854204,https://animehistory.org/uploads/screencaps/outlaw-star-E021-Grave-of-the-Dragon/cap_00-22-58_17ef.jpg,Outlaw Star Ep 21: Grave of the Dragon @ 00:22:58,https://animehistory.org/gallery/screencaps/outlaw-star/episode-21/,https://animehistory.org/gallery/screencaps/outlaw-star/episode-21/?page=4,4,2026-10-07T01:50:21.240141+00:00,de96c294aee01339bcea39adb13cd05c7865e749eb6e2ba33df918de5eba3f06,,UNVERIFIED
EP-21,Grave of the Dragon,00:23:01,1381,854205,https://animehistory.org/uploads/screencaps/outlaw-star-E021-Grave-of-the-Dragon/cap_00-23-01_7d96.jpg,Outlaw Star Ep 21: Grave of the Dragon @ 00:23:01,https://animehistory.org/gallery/screencaps/outlaw-star/episode-21/,https://animehistory.org/gallery/screencaps/outlaw-star/episode-21/?page=4,4,2026-10-07T01:50:21.240141+00:00,de96c294aee01339bcea39adb13cd05c7865e749eb6e2ba33df918de5eba3f06,,UNVERIFIED
EP-21,Grave of the Dragon,00:23:05,1385,854206,https://animehistory.org/uploads/screencaps/outlaw-star-E021-Grave-of-the-Dragon/cap_00-23-05_7f1c.jpg,Outlaw Star Ep 21: Grave of the Dragon @ 00:23:05,https://animehistory.org/gallery/screencaps/outlaw-star/episode-21/,https://animehistory.org/gallery/screencaps/outlaw-star/episode-21/?page=4,4,2026-10-07T01:50:21.240141+00:00,de96c294aee01339bcea39adb13cd05c7865e749eb6e2ba33df918de5eba3f06,,UNVERIFIED
