episode_id,episode_title,web_timestamp,web_seconds,image_id,image_url,caption,gallery_url,source_page_url,source_page,retrieved_utc,html_sha256,local_timestamp,alignment_status
EP-07,Creeping Evil,00:01:43,103,848897,https://animehistory.org/uploads/screencaps/outlaw-star-E007-Creeping-Evil/cap_00-01-43_54ed.jpg,Outlaw Star Ep 7: Creeping Evil @ 00:01:43,https://animehistory.org/gallery/screencaps/outlaw-star/episode-7/,https://animehistory.org/gallery/screencaps/outlaw-star/episode-7/,1,2026-10-07T01:49:02.548336+00:00,350454f8c56c96fc608c3d3fc66b546ea0ed1cd59d53bc7787417368f2e4b2e0,,UNVERIFIED
EP-07,Creeping Evil,00:01:47,107,848898,https://animehistory.org/uploads/screencaps/outlaw-star-E007-Creeping-Evil/cap_00-01-47_46cc.jpg,Outlaw Star Ep 7: Creeping Evil @ 00:01:47,https://animehistory.org/gallery/screencaps/outlaw-star/episode-7/,https://animehistory.org/gallery/screencaps/outlaw-star/episode-7/,1,2026-10-07T01:49:02.548336+00:00,350454f8c56c96fc608c3d3fc66b546ea0ed1cd59d53bc7787417368f2e4b2e0,,UNVERIFIED
EP-07,Creeping Evil,00:01:51,111,848899,https://animehistory.org/uploads/screencaps/outlaw-star-E007-Creeping-Evil/cap_00-01-51_1eba.jpg,Outlaw Star Ep 7: Creeping Evil @ 00:01:51,https://animehistory.org/gallery/screencaps/outlaw-star/episode-7/,https://animehistory.org/gallery/screencaps/outlaw-star/episode-7/,1,2026-10-07T01:49:02.548336+00:00,350454f8c56c96fc608c3d3fc66b546ea0ed1cd59d53bc7787417368f2e4b2e0,,UNVERIFIED
EP-07,Creeping Evil,00:01:54,114,848900,https://animehistory.org/uploads/screencaps/outlaw-star-E007-Creeping-Evil/cap_00-01-54_252b.jpg,Outlaw Star Ep 7: Creeping Evil @ 00:01:54,https://animehistory.org/gallery/screencaps/outlaw-star/episode-7/,https://animehistory.org/gallery/screencaps/outlaw-star/episode-7/,1,2026-10-07T01:49:02.548336+00:00,350454f8c56c96fc608c3d3fc66b546ea0ed1cd59d53bc7787417368f2e4b2e0,,UNVERIFIED
EP-07,Creeping Evil,00:01:58,118,848901,https://animehistory.org/uploads/screencaps/outlaw-star-E007-Creeping-Evil/cap_00-01-58_7664.jpg,Outlaw Star Ep 7: Creeping Evil @ 00:01:58,https://animehistory.org/gallery/screencaps/outlaw-star/episode-7/,https://animehistory.org/gallery/screencaps/outlaw-star/episode-7/,1,2026-10-07T01:49:02.548336+00:00,350454f8c56c96fc608c3d3fc66b546ea0ed1cd59d53bc7787417368f2e4b2e0,,UNVERIFIED
EP-07,Creeping Evil,00:02:02,122,848902,https://animehistory.org/uploads/screencaps/outlaw-star-E007-Creeping-Evil/cap_00-02-02_4b86.jpg,Outlaw Star Ep 7: Creeping Evil @ 00:02:02,https://animehistory.org/gallery/screencaps/outlaw-star/episode-7/,https://animehistory.org/gallery/screencaps/outlaw-star/episode-7/,1,2026-10-07T01:49:02.548336+00:00,350454f8c56c96fc608c3d3fc66b546ea0ed1cd59d53bc7787417368f2e4b2e0,,UNVERIFIED
EP-07,Creeping Evil,00:02:05,125,848903,https://animehistory.org/uploads/screencaps/outlaw-star-E007-Creeping-Evil/cap_00-02-05_6398.jpg,Outlaw Star Ep 7: Creeping Evil @ 00:02:05,https://animehistory.org/gallery/screencaps/outlaw-star/episode-7/,https://animehistory.org/gallery/screencaps/outlaw-star/episode-7/,1,2026-10-07T01:49:02.548336+00:00,350454f8c56c96fc608c3d3fc66b546ea0ed1cd59d53bc7787417368f2e4b2e0,,UNVERIFIED
EP-07,Creeping Evil,00:02:09,129,848904,https://animehistory.org/uploads/screencaps/outlaw-star-E007-Creeping-Evil/cap_00-02-09_41cb.jpg,Outlaw Star Ep 7: Creeping Evil @ 00:02:09,https://animehistory.org/gallery/screencaps/outlaw-star/episode-7/,https://animehistory.org/gallery/screencaps/outlaw-star/episode-7/,1,2026-10-07T01:49:02.548336+00:00,350454f8c56c96fc608c3d3fc66b546ea0ed1cd59d53bc7787417368f2e4b2e0,,UNVERIFIED
EP-07,Creeping Evil,00:02:13,133,848905,https://animehistory.org/uploads/screencaps/outlaw-star-E007-Creeping-Evil/cap_00-02-13_1f9d.jpg,Outlaw Star Ep 7: Creeping Evil @ 00:02:13,https://animehistory.org/gallery/screencaps/outlaw-star/episode-7/,https://animehistory.org/gallery/screencaps/outlaw-star/episode-7/,1,2026-10-07T01:49:02.548336+00:00,350454f8c56c96fc608c3d3fc66b546ea0ed1cd59d53bc7787417368f2e4b2e0,,UNVERIFIED
EP-07,Creeping Evil,00:02:16,136,848906,https://animehistory.org/uploads/screencaps/outlaw-star-E007-Creeping-Evil/cap_00-02-16_145d.jpg,Outlaw Star Ep 7: Creeping Evil @ 00:02:16,https://animehistory.org/gallery/screencaps/outlaw-star/episode-7/,https://animehistory.org/gallery/screencaps/outlaw-star/episode-7/,1,2026-10-07T01:49:02.548336+00:00,350454f8c56c96fc608c3d3fc66b546ea0ed1cd59d53bc7787417368f2e4b2e0,,UNVERIFIED
EP-07,Creeping Evil,00:02:20,140,848907,https://animehistory.org/uploads/screencaps/outlaw-star-E007-Creeping-Evil/cap_00-02-20_75f6.jpg,Outlaw Star Ep 7: Creeping Evil @ 00:02:20,https://animehistory.org/gallery/screencaps/outlaw-star/episode-7/,https://animehistory.org/gallery/screencaps/outlaw-star/episode-7/,1,2026-10-07T01:49:02.548336+00:00,350454f8c56c96fc608c3d3fc66b546ea0ed1cd59d53bc7787417368f2e4b2e0,,UNVERIFIED
EP-07,Creeping Evil,00:02:24,144,848908,https://animehistory.org/uploads/screencaps/outlaw-star-E007-Creeping-Evil/cap_00-02-24_60cb.jpg,Outlaw Star Ep 7: Creeping Evil @ 00:02:24,https://animehistory.org/gallery/screencaps/outlaw-star/episode-7/,https://animehistory.org/gallery/screencaps/outlaw-star/episode-7/,1,2026-10-07T01:49:02.548336+00:00,350454f8c56c96fc608c3d3fc66b546ea0ed1cd59d53bc7787417368f2e4b2e0,,UNVERIFIED
EP-07,Creeping Evil,00:02:28,148,848909,https://animehistory.org/uploads/screencaps/outlaw-star-E007-Creeping-Evil/cap_00-02-28_4015.jpg,Outlaw Star Ep 7: Creeping Evil @ 00:02:28,https://animehistory.org/gallery/screencaps/outlaw-star/episode-7/,https://animehistory.org/gallery/screencaps/outlaw-star/episode-7/,1,2026-10-07T01:49:02.548336+00:00,350454f8c56c96fc608c3d3fc66b546ea0ed1cd59d53bc7787417368f2e4b2e0,,UNVERIFIED
EP-07,Creeping Evil,00:02:31,151,848910,https://animehistory.org/uploads/screencaps/outlaw-star-E007-Creeping-Evil/cap_00-02-31_461a.jpg,Outlaw Star Ep 7: Creeping Evil @ 00:02:31,https://animehistory.org/gallery/screencaps/outlaw-star/episode-7/,https://animehistory.org/gallery/screencaps/outlaw-star/episode-7/,1,2026-10-07T01:49:02.548336+00:00,350454f8c56c96fc608c3d3fc66b546ea0ed1cd59d53bc7787417368f2e4b2e0,,UNVERIFIED
EP-07,Creeping Evil,00:02:35,155,848911,https://animehistory.org/uploads/screencaps/outlaw-star-E007-Creeping-Evil/cap_00-02-35_3c30.jpg,Outlaw Star Ep 7: Creeping Evil @ 00:02:35,https://animehistory.org/gallery/screencaps/outlaw-star/episode-7/,https://animehistory.org/gallery/screencaps/outlaw-star/episode-7/,1,2026-10-07T01:49:02.548336+00:00,350454f8c56c96fc608c3d3fc66b546ea0ed1cd59d53bc7787417368f2e4b2e0,,UNVERIFIED
EP-07,Creeping Evil,00:02:39,159,848912,https://animehistory.org/uploads/screencaps/outlaw-star-E007-Creeping-Evil/cap_00-02-39_64a4.jpg,Outlaw Star Ep 7: Creeping Evil @ 00:02:39,https://animehistory.org/gallery/screencaps/outlaw-star/episode-7/,https://animehistory.org/gallery/screencaps/outlaw-star/episode-7/,1,2026-10-07T01:49:02.548336+00:00,350454f8c56c96fc608c3d3fc66b546ea0ed1cd59d53bc7787417368f2e4b2e0,,UNVERIFIED
EP-07,Creeping Evil,00:02:42,162,848913,https://animehistory.org/uploads/screencaps/outlaw-star-E007-Creeping-Evil/cap_00-02-42_77d1.jpg,Outlaw Star Ep 7: Creeping Evil @ 00:02:42,https://animehistory.org/gallery/screencaps/outlaw-star/episode-7/,https://animehistory.org/gallery/screencaps/outlaw-star/episode-7/,1,2026-10-07T01:49:02.548336+00:00,350454f8c56c96fc608c3d3fc66b546ea0ed1cd59d53bc7787417368f2e4b2e0,,UNVERIFIED
EP-07,Creeping Evil,00:02:46,166,848914,https://animehistory.org/uploads/screencaps/outlaw-star-E007-Creeping-Evil/cap_00-02-46_39a7.jpg,Outlaw Star Ep 7: Creeping Evil @ 00:02:46,https://animehistory.org/gallery/screencaps/outlaw-star/episode-7/,https://animehistory.org/gallery/screencaps/outlaw-star/episode-7/,1,2026-10-07T01:49:02.548336+00:00,350454f8c56c96fc608c3d3fc66b546ea0ed1cd59d53bc7787417368f2e4b2e0,,UNVERIFIED
EP-07,Creeping Evil,00:02:50,170,848915,https://animehistory.org/uploads/screencaps/outlaw-star-E007-Creeping-Evil/cap_00-02-50_3a6c.jpg,Outlaw Star Ep 7: Creeping Evil @ 00:02:50,https://animehistory.org/gallery/screencaps/outlaw-star/episode-7/,https://animehistory.org/gallery/screencaps/outlaw-star/episode-7/,1,2026-10-07T01:49:02.548336+00:00,350454f8c56c96fc608c3d3fc66b546ea0ed1cd59d53bc7787417368f2e4b2e0,,UNVERIFIED
EP-07,Creeping Evil,00:02:53,173,848916,https://animehistory.org/uploads/screencaps/outlaw-star-E007-Creeping-Evil/cap_00-02-53_37d5.jpg,Outlaw Star Ep 7: Creeping Evil @ 00:02:53,https://animehistory.org/gallery/screencaps/outlaw-star/episode-7/,https://animehistory.org/gallery/screencaps/outlaw-star/episode-7/,1,2026-10-07T01:49:02.548336+00:00,350454f8c56c96fc608c3d3fc66b546ea0ed1cd59d53bc7787417368f2e4b2e0,,UNVERIFIED
EP-07,Creeping Evil,00:02:57,177,848917,https://animehistory.org/uploads/screencaps/outlaw-star-E007-Creeping-Evil/cap_00-02-57_5bfb.jpg,Outlaw Star Ep 7: Creeping Evil @ 00:02:57,https://animehistory.org/gallery/screencaps/outlaw-star/episode-7/,https://animehistory.org/gallery/screencaps/outlaw-star/episode-7/,1,2026-10-07T01:49:02.548336+00:00,350454f8c56c96fc608c3d3fc66b546ea0ed1cd59d53bc7787417368f2e4b2e0,,UNVERIFIED
EP-07,Creeping Evil,00:03:01,181,848918,https://animehistory.org/uploads/screencaps/outlaw-star-E007-Creeping-Evil/cap_00-03-01_3456.jpg,Outlaw Star Ep 7: Creeping Evil @ 00:03:01,https://animehistory.org/gallery/screencaps/outlaw-star/episode-7/,https://animehistory.org/gallery/screencaps/outlaw-star/episode-7/,1,2026-10-07T01:49:02.548336+00:00,350454f8c56c96fc608c3d3fc66b546ea0ed1cd59d53bc7787417368f2e4b2e0,,UNVERIFIED
EP-07,Creeping Evil,00:03:05,185,848919,https://animehistory.org/uploads/screencaps/outlaw-star-E007-Creeping-Evil/cap_00-03-05_3e0f.jpg,Outlaw Star Ep 7: Creeping Evil @ 00:03:05,https://animehistory.org/gallery/screencaps/outlaw-star/episode-7/,https://animehistory.org/gallery/screencaps/outlaw-star/episode-7/,1,2026-10-07T01:49:02.548336+00:00,350454f8c56c96fc608c3d3fc66b546ea0ed1cd59d53bc7787417368f2e4b2e0,,UNVERIFIED
EP-07,Creeping Evil,00:03:08,188,848920,https://animehistory.org/uploads/screencaps/outlaw-star-E007-Creeping-Evil/cap_00-03-08_1c5d.jpg,Outlaw Star Ep 7: Creeping Evil @ 00:03:08,https://animehistory.org/gallery/screencaps/outlaw-star/episode-7/,https://animehistory.org/gallery/screencaps/outlaw-star/episode-7/,1,2026-10-07T01:49:02.548336+00:00,350454f8c56c96fc608c3d3fc66b546ea0ed1cd59d53bc7787417368f2e4b2e0,,UNVERIFIED
EP-07,Creeping Evil,00:03:12,192,848921,https://animehistory.org/uploads/screencaps/outlaw-star-E007-Creeping-Evil/cap_00-03-12_47f9.jpg,Outlaw Star Ep 7: Creeping Evil @ 00:03:12,https://animehistory.org/gallery/screencaps/outlaw-star/episode-7/,https://animehistory.org/gallery/screencaps/outlaw-star/episode-7/,1,2026-10-07T01:49:02.548336+00:00,350454f8c56c96fc608c3d3fc66b546ea0ed1cd59d53bc7787417368f2e4b2e0,,UNVERIFIED
EP-07,Creeping Evil,00:03:16,196,848922,https://animehistory.org/uploads/screencaps/outlaw-star-E007-Creeping-Evil/cap_00-03-16_07c2.jpg,Outlaw Star Ep 7: Creeping Evil @ 00:03:16,https://animehistory.org/gallery/screencaps/outlaw-star/episode-7/,https://animehistory.org/gallery/screencaps/outlaw-star/episode-7/,1,2026-10-07T01:49:02.548336+00:00,350454f8c56c96fc608c3d3fc66b546ea0ed1cd59d53bc7787417368f2e4b2e0,,UNVERIFIED
EP-07,Creeping Evil,00:03:19,199,848923,https://animehistory.org/uploads/screencaps/outlaw-star-E007-Creeping-Evil/cap_00-03-19_68c6.jpg,Outlaw Star Ep 7: Creeping Evil @ 00:03:19,https://animehistory.org/gallery/screencaps/outlaw-star/episode-7/,https://animehistory.org/gallery/screencaps/outlaw-star/episode-7/,1,2026-10-07T01:49:02.548336+00:00,350454f8c56c96fc608c3d3fc66b546ea0ed1cd59d53bc7787417368f2e4b2e0,,UNVERIFIED
EP-07,Creeping Evil,00:03:23,203,848924,https://animehistory.org/uploads/screencaps/outlaw-star-E007-Creeping-Evil/cap_00-03-23_7c79.jpg,Outlaw Star Ep 7: Creeping Evil @ 00:03:23,https://animehistory.org/gallery/screencaps/outlaw-star/episode-7/,https://animehistory.org/gallery/screencaps/outlaw-star/episode-7/,1,2026-10-07T01:49:02.548336+00:00,350454f8c56c96fc608c3d3fc66b546ea0ed1cd59d53bc7787417368f2e4b2e0,,UNVERIFIED
EP-07,Creeping Evil,00:03:27,207,848925,https://animehistory.org/uploads/screencaps/outlaw-star-E007-Creeping-Evil/cap_00-03-27_60f8.jpg,Outlaw Star Ep 7: Creeping Evil @ 00:03:27,https://animehistory.org/gallery/screencaps/outlaw-star/episode-7/,https://animehistory.org/gallery/screencaps/outlaw-star/episode-7/,1,2026-10-07T01:49:02.548336+00:00,350454f8c56c96fc608c3d3fc66b546ea0ed1cd59d53bc7787417368f2e4b2e0,,UNVERIFIED
EP-07,Creeping Evil,00:03:30,210,848926,https://animehistory.org/uploads/screencaps/outlaw-star-E007-Creeping-Evil/cap_00-03-30_702f.jpg,Outlaw Star Ep 7: Creeping Evil @ 00:03:30,https://animehistory.org/gallery/screencaps/outlaw-star/episode-7/,https://animehistory.org/gallery/screencaps/outlaw-star/episode-7/,1,2026-10-07T01:49:02.548336+00:00,350454f8c56c96fc608c3d3fc66b546ea0ed1cd59d53bc7787417368f2e4b2e0,,UNVERIFIED
EP-07,Creeping Evil,00:03:34,214,848927,https://animehistory.org/uploads/screencaps/outlaw-star-E007-Creeping-Evil/cap_00-03-34_3b45.jpg,Outlaw Star Ep 7: Creeping Evil @ 00:03:34,https://animehistory.org/gallery/screencaps/outlaw-star/episode-7/,https://animehistory.org/gallery/screencaps/outlaw-star/episode-7/,1,2026-10-07T01:49:02.548336+00:00,350454f8c56c96fc608c3d3fc66b546ea0ed1cd59d53bc7787417368f2e4b2e0,,UNVERIFIED
EP-07,Creeping Evil,00:03:38,218,848928,https://animehistory.org/uploads/screencaps/outlaw-star-E007-Creeping-Evil/cap_00-03-38_7701.jpg,Outlaw Star Ep 7: Creeping Evil @ 00:03:38,https://animehistory.org/gallery/screencaps/outlaw-star/episode-7/,https://animehistory.org/gallery/screencaps/outlaw-star/episode-7/,1,2026-10-07T01:49:02.548336+00:00,350454f8c56c96fc608c3d3fc66b546ea0ed1cd59d53bc7787417368f2e4b2e0,,UNVERIFIED
EP-07,Creeping Evil,00:03:42,222,848929,https://animehistory.org/uploads/screencaps/outlaw-star-E007-Creeping-Evil/cap_00-03-42_1977.jpg,Outlaw Star Ep 7: Creeping Evil @ 00:03:42,https://animehistory.org/gallery/screencaps/outlaw-star/episode-7/,https://animehistory.org/gallery/screencaps/outlaw-star/episode-7/,1,2026-10-07T01:49:02.548336+00:00,350454f8c56c96fc608c3d3fc66b546ea0ed1cd59d53bc7787417368f2e4b2e0,,UNVERIFIED
EP-07,Creeping Evil,00:03:45,225,848930,https://animehistory.org/uploads/screencaps/outlaw-star-E007-Creeping-Evil/cap_00-03-45_145c.jpg,Outlaw Star Ep 7: Creeping Evil @ 00:03:45,https://animehistory.org/gallery/screencaps/outlaw-star/episode-7/,https://animehistory.org/gallery/screencaps/outlaw-star/episode-7/,1,2026-10-07T01:49:02.548336+00:00,350454f8c56c96fc608c3d3fc66b546ea0ed1cd59d53bc7787417368f2e4b2e0,,UNVERIFIED
EP-07,Creeping Evil,00:03:49,229,848931,https://animehistory.org/uploads/screencaps/outlaw-star-E007-Creeping-Evil/cap_00-03-49_14bb.jpg,Outlaw Star Ep 7: Creeping Evil @ 00:03:49,https://animehistory.org/gallery/screencaps/outlaw-star/episode-7/,https://animehistory.org/gallery/screencaps/outlaw-star/episode-7/,1,2026-10-07T01:49:02.548336+00:00,350454f8c56c96fc608c3d3fc66b546ea0ed1cd59d53bc7787417368f2e4b2e0,,UNVERIFIED
EP-07,Creeping Evil,00:03:53,233,848932,https://animehistory.org/uploads/screencaps/outlaw-star-E007-Creeping-Evil/cap_00-03-53_0a8f.jpg,Outlaw Star Ep 7: Creeping Evil @ 00:03:53,https://animehistory.org/gallery/screencaps/outlaw-star/episode-7/,https://animehistory.org/gallery/screencaps/outlaw-star/episode-7/,1,2026-10-07T01:49:02.548336+00:00,350454f8c56c96fc608c3d3fc66b546ea0ed1cd59d53bc7787417368f2e4b2e0,,UNVERIFIED
EP-07,Creeping Evil,00:03:56,236,848933,https://animehistory.org/uploads/screencaps/outlaw-star-E007-Creeping-Evil/cap_00-03-56_093a.jpg,Outlaw Star Ep 7: Creeping Evil @ 00:03:56,https://animehistory.org/gallery/screencaps/outlaw-star/episode-7/,https://animehistory.org/gallery/screencaps/outlaw-star/episode-7/,1,2026-10-07T01:49:02.548336+00:00,350454f8c56c96fc608c3d3fc66b546ea0ed1cd59d53bc7787417368f2e4b2e0,,UNVERIFIED
EP-07,Creeping Evil,00:04:00,240,848934,https://animehistory.org/uploads/screencaps/outlaw-star-E007-Creeping-Evil/cap_00-04-00_5125.jpg,Outlaw Star Ep 7: Creeping Evil @ 00:04:00,https://animehistory.org/gallery/screencaps/outlaw-star/episode-7/,https://animehistory.org/gallery/screencaps/outlaw-star/episode-7/,1,2026-10-07T01:49:02.548336+00:00,350454f8c56c96fc608c3d3fc66b546ea0ed1cd59d53bc7787417368f2e4b2e0,,UNVERIFIED
EP-07,Creeping Evil,00:04:04,244,848935,https://animehistory.org/uploads/screencaps/outlaw-star-E007-Creeping-Evil/cap_00-04-04_541b.jpg,Outlaw Star Ep 7: Creeping Evil @ 00:04:04,https://animehistory.org/gallery/screencaps/outlaw-star/episode-7/,https://animehistory.org/gallery/screencaps/outlaw-star/episode-7/,1,2026-10-07T01:49:02.548336+00:00,350454f8c56c96fc608c3d3fc66b546ea0ed1cd59d53bc7787417368f2e4b2e0,,UNVERIFIED
EP-07,Creeping Evil,00:04:07,247,848936,https://animehistory.org/uploads/screencaps/outlaw-star-E007-Creeping-Evil/cap_00-04-07_38a0.jpg,Outlaw Star Ep 7: Creeping Evil @ 00:04:07,https://animehistory.org/gallery/screencaps/outlaw-star/episode-7/,https://animehistory.org/gallery/screencaps/outlaw-star/episode-7/,1,2026-10-07T01:49:02.548336+00:00,350454f8c56c96fc608c3d3fc66b546ea0ed1cd59d53bc7787417368f2e4b2e0,,UNVERIFIED
EP-07,Creeping Evil,00:04:11,251,848937,https://animehistory.org/uploads/screencaps/outlaw-star-E007-Creeping-Evil/cap_00-04-11_16e2.jpg,Outlaw Star Ep 7: Creeping Evil @ 00:04:11,https://animehistory.org/gallery/screencaps/outlaw-star/episode-7/,https://animehistory.org/gallery/screencaps/outlaw-star/episode-7/,1,2026-10-07T01:49:02.548336+00:00,350454f8c56c96fc608c3d3fc66b546ea0ed1cd59d53bc7787417368f2e4b2e0,,UNVERIFIED
EP-07,Creeping Evil,00:04:15,255,848938,https://animehistory.org/uploads/screencaps/outlaw-star-E007-Creeping-Evil/cap_00-04-15_1095.jpg,Outlaw Star Ep 7: Creeping Evil @ 00:04:15,https://animehistory.org/gallery/screencaps/outlaw-star/episode-7/,https://animehistory.org/gallery/screencaps/outlaw-star/episode-7/,1,2026-10-07T01:49:02.548336+00:00,350454f8c56c96fc608c3d3fc66b546ea0ed1cd59d53bc7787417368f2e4b2e0,,UNVERIFIED
EP-07,Creeping Evil,00:04:19,259,848939,https://animehistory.org/uploads/screencaps/outlaw-star-E007-Creeping-Evil/cap_00-04-19_392c.jpg,Outlaw Star Ep 7: Creeping Evil @ 00:04:19,https://animehistory.org/gallery/screencaps/outlaw-star/episode-7/,https://animehistory.org/gallery/screencaps/outlaw-star/episode-7/,1,2026-10-07T01:49:02.548336+00:00,350454f8c56c96fc608c3d3fc66b546ea0ed1cd59d53bc7787417368f2e4b2e0,,UNVERIFIED
EP-07,Creeping Evil,00:04:22,262,848940,https://animehistory.org/uploads/screencaps/outlaw-star-E007-Creeping-Evil/cap_00-04-22_6623.jpg,Outlaw Star Ep 7: Creeping Evil @ 00:04:22,https://animehistory.org/gallery/screencaps/outlaw-star/episode-7/,https://animehistory.org/gallery/screencaps/outlaw-star/episode-7/,1,2026-10-07T01:49:02.548336+00:00,350454f8c56c96fc608c3d3fc66b546ea0ed1cd59d53bc7787417368f2e4b2e0,,UNVERIFIED
EP-07,Creeping Evil,00:04:26,266,848941,https://animehistory.org/uploads/screencaps/outlaw-star-E007-Creeping-Evil/cap_00-04-26_1e5c.jpg,Outlaw Star Ep 7: Creeping Evil @ 00:04:26,https://animehistory.org/gallery/screencaps/outlaw-star/episode-7/,https://animehistory.org/gallery/screencaps/outlaw-star/episode-7/,1,2026-10-07T01:49:02.548336+00:00,350454f8c56c96fc608c3d3fc66b546ea0ed1cd59d53bc7787417368f2e4b2e0,,UNVERIFIED
EP-07,Creeping Evil,00:04:30,270,848942,https://animehistory.org/uploads/screencaps/outlaw-star-E007-Creeping-Evil/cap_00-04-30_334c.jpg,Outlaw Star Ep 7: Creeping Evil @ 00:04:30,https://animehistory.org/gallery/screencaps/outlaw-star/episode-7/,https://animehistory.org/gallery/screencaps/outlaw-star/episode-7/,1,2026-10-07T01:49:02.548336+00:00,350454f8c56c96fc608c3d3fc66b546ea0ed1cd59d53bc7787417368f2e4b2e0,,UNVERIFIED
EP-07,Creeping Evil,00:04:33,273,848943,https://animehistory.org/uploads/screencaps/outlaw-star-E007-Creeping-Evil/cap_00-04-33_29b0.jpg,Outlaw Star Ep 7: Creeping Evil @ 00:04:33,https://animehistory.org/gallery/screencaps/outlaw-star/episode-7/,https://animehistory.org/gallery/screencaps/outlaw-star/episode-7/,1,2026-10-07T01:49:02.548336+00:00,350454f8c56c96fc608c3d3fc66b546ea0ed1cd59d53bc7787417368f2e4b2e0,,UNVERIFIED
EP-07,Creeping Evil,00:04:37,277,848944,https://animehistory.org/uploads/screencaps/outlaw-star-E007-Creeping-Evil/cap_00-04-37_5464.jpg,Outlaw Star Ep 7: Creeping Evil @ 00:04:37,https://animehistory.org/gallery/screencaps/outlaw-star/episode-7/,https://animehistory.org/gallery/screencaps/outlaw-star/episode-7/,1,2026-10-07T01:49:02.548336+00:00,350454f8c56c96fc608c3d3fc66b546ea0ed1cd59d53bc7787417368f2e4b2e0,,UNVERIFIED
EP-07,Creeping Evil,00:04:41,281,848945,https://animehistory.org/uploads/screencaps/outlaw-star-E007-Creeping-Evil/cap_00-04-41_636b.jpg,Outlaw Star Ep 7: Creeping Evil @ 00:04:41,https://animehistory.org/gallery/screencaps/outlaw-star/episode-7/,https://animehistory.org/gallery/screencaps/outlaw-star/episode-7/,1,2026-10-07T01:49:02.548336+00:00,350454f8c56c96fc608c3d3fc66b546ea0ed1cd59d53bc7787417368f2e4b2e0,,UNVERIFIED
EP-07,Creeping Evil,00:04:44,284,848946,https://animehistory.org/uploads/screencaps/outlaw-star-E007-Creeping-Evil/cap_00-04-44_4e0f.jpg,Outlaw Star Ep 7: Creeping Evil @ 00:04:44,https://animehistory.org/gallery/screencaps/outlaw-star/episode-7/,https://animehistory.org/gallery/screencaps/outlaw-star/episode-7/,1,2026-10-07T01:49:02.548336+00:00,350454f8c56c96fc608c3d3fc66b546ea0ed1cd59d53bc7787417368f2e4b2e0,,UNVERIFIED
EP-07,Creeping Evil,00:04:48,288,848947,https://animehistory.org/uploads/screencaps/outlaw-star-E007-Creeping-Evil/cap_00-04-48_0308.jpg,Outlaw Star Ep 7: Creeping Evil @ 00:04:48,https://animehistory.org/gallery/screencaps/outlaw-star/episode-7/,https://animehistory.org/gallery/screencaps/outlaw-star/episode-7/,1,2026-10-07T01:49:02.548336+00:00,350454f8c56c96fc608c3d3fc66b546ea0ed1cd59d53bc7787417368f2e4b2e0,,UNVERIFIED
EP-07,Creeping Evil,00:04:52,292,848948,https://animehistory.org/uploads/screencaps/outlaw-star-E007-Creeping-Evil/cap_00-04-52_2da7.jpg,Outlaw Star Ep 7: Creeping Evil @ 00:04:52,https://animehistory.org/gallery/screencaps/outlaw-star/episode-7/,https://animehistory.org/gallery/screencaps/outlaw-star/episode-7/,1,2026-10-07T01:49:02.548336+00:00,350454f8c56c96fc608c3d3fc66b546ea0ed1cd59d53bc7787417368f2e4b2e0,,UNVERIFIED
EP-07,Creeping Evil,00:04:56,296,848949,https://animehistory.org/uploads/screencaps/outlaw-star-E007-Creeping-Evil/cap_00-04-56_0430.jpg,Outlaw Star Ep 7: Creeping Evil @ 00:04:56,https://animehistory.org/gallery/screencaps/outlaw-star/episode-7/,https://animehistory.org/gallery/screencaps/outlaw-star/episode-7/,1,2026-10-07T01:49:02.548336+00:00,350454f8c56c96fc608c3d3fc66b546ea0ed1cd59d53bc7787417368f2e4b2e0,,UNVERIFIED
EP-07,Creeping Evil,00:04:59,299,848950,https://animehistory.org/uploads/screencaps/outlaw-star-E007-Creeping-Evil/cap_00-04-59_5480.jpg,Outlaw Star Ep 7: Creeping Evil @ 00:04:59,https://animehistory.org/gallery/screencaps/outlaw-star/episode-7/,https://animehistory.org/gallery/screencaps/outlaw-star/episode-7/,1,2026-10-07T01:49:02.548336+00:00,350454f8c56c96fc608c3d3fc66b546ea0ed1cd59d53bc7787417368f2e4b2e0,,UNVERIFIED
EP-07,Creeping Evil,00:05:03,303,848951,https://animehistory.org/uploads/screencaps/outlaw-star-E007-Creeping-Evil/cap_00-05-03_5914.jpg,Outlaw Star Ep 7: Creeping Evil @ 00:05:03,https://animehistory.org/gallery/screencaps/outlaw-star/episode-7/,https://animehistory.org/gallery/screencaps/outlaw-star/episode-7/,1,2026-10-07T01:49:02.548336+00:00,350454f8c56c96fc608c3d3fc66b546ea0ed1cd59d53bc7787417368f2e4b2e0,,UNVERIFIED
EP-07,Creeping Evil,00:05:07,307,848952,https://animehistory.org/uploads/screencaps/outlaw-star-E007-Creeping-Evil/cap_00-05-07_3951.jpg,Outlaw Star Ep 7: Creeping Evil @ 00:05:07,https://animehistory.org/gallery/screencaps/outlaw-star/episode-7/,https://animehistory.org/gallery/screencaps/outlaw-star/episode-7/,1,2026-10-07T01:49:02.548336+00:00,350454f8c56c96fc608c3d3fc66b546ea0ed1cd59d53bc7787417368f2e4b2e0,,UNVERIFIED
EP-07,Creeping Evil,00:05:10,310,848953,https://animehistory.org/uploads/screencaps/outlaw-star-E007-Creeping-Evil/cap_00-05-10_5ec6.jpg,Outlaw Star Ep 7: Creeping Evil @ 00:05:10,https://animehistory.org/gallery/screencaps/outlaw-star/episode-7/,https://animehistory.org/gallery/screencaps/outlaw-star/episode-7/,1,2026-10-07T01:49:02.548336+00:00,350454f8c56c96fc608c3d3fc66b546ea0ed1cd59d53bc7787417368f2e4b2e0,,UNVERIFIED
EP-07,Creeping Evil,00:05:14,314,848954,https://animehistory.org/uploads/screencaps/outlaw-star-E007-Creeping-Evil/cap_00-05-14_4bc7.jpg,Outlaw Star Ep 7: Creeping Evil @ 00:05:14,https://animehistory.org/gallery/screencaps/outlaw-star/episode-7/,https://animehistory.org/gallery/screencaps/outlaw-star/episode-7/,1,2026-10-07T01:49:02.548336+00:00,350454f8c56c96fc608c3d3fc66b546ea0ed1cd59d53bc7787417368f2e4b2e0,,UNVERIFIED
EP-07,Creeping Evil,00:05:18,318,848955,https://animehistory.org/uploads/screencaps/outlaw-star-E007-Creeping-Evil/cap_00-05-18_270c.jpg,Outlaw Star Ep 7: Creeping Evil @ 00:05:18,https://animehistory.org/gallery/screencaps/outlaw-star/episode-7/,https://animehistory.org/gallery/screencaps/outlaw-star/episode-7/,1,2026-10-07T01:49:02.548336+00:00,350454f8c56c96fc608c3d3fc66b546ea0ed1cd59d53bc7787417368f2e4b2e0,,UNVERIFIED
EP-07,Creeping Evil,00:05:21,321,848956,https://animehistory.org/uploads/screencaps/outlaw-star-E007-Creeping-Evil/cap_00-05-21_4317.jpg,Outlaw Star Ep 7: Creeping Evil @ 00:05:21,https://animehistory.org/gallery/screencaps/outlaw-star/episode-7/,https://animehistory.org/gallery/screencaps/outlaw-star/episode-7/,1,2026-10-07T01:49:02.548336+00:00,350454f8c56c96fc608c3d3fc66b546ea0ed1cd59d53bc7787417368f2e4b2e0,,UNVERIFIED
EP-07,Creeping Evil,00:05:25,325,848957,https://animehistory.org/uploads/screencaps/outlaw-star-E007-Creeping-Evil/cap_00-05-25_5e08.jpg,Outlaw Star Ep 7: Creeping Evil @ 00:05:25,https://animehistory.org/gallery/screencaps/outlaw-star/episode-7/,https://animehistory.org/gallery/screencaps/outlaw-star/episode-7/,1,2026-10-07T01:49:02.548336+00:00,350454f8c56c96fc608c3d3fc66b546ea0ed1cd59d53bc7787417368f2e4b2e0,,UNVERIFIED
EP-07,Creeping Evil,00:05:29,329,848958,https://animehistory.org/uploads/screencaps/outlaw-star-E007-Creeping-Evil/cap_00-05-29_7fdd.jpg,Outlaw Star Ep 7: Creeping Evil @ 00:05:29,https://animehistory.org/gallery/screencaps/outlaw-star/episode-7/,https://animehistory.org/gallery/screencaps/outlaw-star/episode-7/,1,2026-10-07T01:49:02.548336+00:00,350454f8c56c96fc608c3d3fc66b546ea0ed1cd59d53bc7787417368f2e4b2e0,,UNVERIFIED
EP-07,Creeping Evil,00:05:33,333,848959,https://animehistory.org/uploads/screencaps/outlaw-star-E007-Creeping-Evil/cap_00-05-33_7cb2.jpg,Outlaw Star Ep 7: Creeping Evil @ 00:05:33,https://animehistory.org/gallery/screencaps/outlaw-star/episode-7/,https://animehistory.org/gallery/screencaps/outlaw-star/episode-7/,1,2026-10-07T01:49:02.548336+00:00,350454f8c56c96fc608c3d3fc66b546ea0ed1cd59d53bc7787417368f2e4b2e0,,UNVERIFIED
EP-07,Creeping Evil,00:05:36,336,848960,https://animehistory.org/uploads/screencaps/outlaw-star-E007-Creeping-Evil/cap_00-05-36_6ebd.jpg,Outlaw Star Ep 7: Creeping Evil @ 00:05:36,https://animehistory.org/gallery/screencaps/outlaw-star/episode-7/,https://animehistory.org/gallery/screencaps/outlaw-star/episode-7/,1,2026-10-07T01:49:02.548336+00:00,350454f8c56c96fc608c3d3fc66b546ea0ed1cd59d53bc7787417368f2e4b2e0,,UNVERIFIED
EP-07,Creeping Evil,00:05:40,340,848961,https://animehistory.org/uploads/screencaps/outlaw-star-E007-Creeping-Evil/cap_00-05-40_4c6f.jpg,Outlaw Star Ep 7: Creeping Evil @ 00:05:40,https://animehistory.org/gallery/screencaps/outlaw-star/episode-7/,https://animehistory.org/gallery/screencaps/outlaw-star/episode-7/,1,2026-10-07T01:49:02.548336+00:00,350454f8c56c96fc608c3d3fc66b546ea0ed1cd59d53bc7787417368f2e4b2e0,,UNVERIFIED
EP-07,Creeping Evil,00:05:44,344,848962,https://animehistory.org/uploads/screencaps/outlaw-star-E007-Creeping-Evil/cap_00-05-44_7e13.jpg,Outlaw Star Ep 7: Creeping Evil @ 00:05:44,https://animehistory.org/gallery/screencaps/outlaw-star/episode-7/,https://animehistory.org/gallery/screencaps/outlaw-star/episode-7/,1,2026-10-07T01:49:02.548336+00:00,350454f8c56c96fc608c3d3fc66b546ea0ed1cd59d53bc7787417368f2e4b2e0,,UNVERIFIED
EP-07,Creeping Evil,00:05:47,347,848963,https://animehistory.org/uploads/screencaps/outlaw-star-E007-Creeping-Evil/cap_00-05-47_7f3d.jpg,Outlaw Star Ep 7: Creeping Evil @ 00:05:47,https://animehistory.org/gallery/screencaps/outlaw-star/episode-7/,https://animehistory.org/gallery/screencaps/outlaw-star/episode-7/,1,2026-10-07T01:49:02.548336+00:00,350454f8c56c96fc608c3d3fc66b546ea0ed1cd59d53bc7787417368f2e4b2e0,,UNVERIFIED
EP-07,Creeping Evil,00:05:51,351,848964,https://animehistory.org/uploads/screencaps/outlaw-star-E007-Creeping-Evil/cap_00-05-51_7430.jpg,Outlaw Star Ep 7: Creeping Evil @ 00:05:51,https://animehistory.org/gallery/screencaps/outlaw-star/episode-7/,https://animehistory.org/gallery/screencaps/outlaw-star/episode-7/,1,2026-10-07T01:49:02.548336+00:00,350454f8c56c96fc608c3d3fc66b546ea0ed1cd59d53bc7787417368f2e4b2e0,,UNVERIFIED
EP-07,Creeping Evil,00:05:55,355,848965,https://animehistory.org/uploads/screencaps/outlaw-star-E007-Creeping-Evil/cap_00-05-55_436e.jpg,Outlaw Star Ep 7: Creeping Evil @ 00:05:55,https://animehistory.org/gallery/screencaps/outlaw-star/episode-7/,https://animehistory.org/gallery/screencaps/outlaw-star/episode-7/,1,2026-10-07T01:49:02.548336+00:00,350454f8c56c96fc608c3d3fc66b546ea0ed1cd59d53bc7787417368f2e4b2e0,,UNVERIFIED
EP-07,Creeping Evil,00:05:58,358,848966,https://animehistory.org/uploads/screencaps/outlaw-star-E007-Creeping-Evil/cap_00-05-58_1cf6.jpg,Outlaw Star Ep 7: Creeping Evil @ 00:05:58,https://animehistory.org/gallery/screencaps/outlaw-star/episode-7/,https://animehistory.org/gallery/screencaps/outlaw-star/episode-7/,1,2026-10-07T01:49:02.548336+00:00,350454f8c56c96fc608c3d3fc66b546ea0ed1cd59d53bc7787417368f2e4b2e0,,UNVERIFIED
EP-07,Creeping Evil,00:06:02,362,848967,https://animehistory.org/uploads/screencaps/outlaw-star-E007-Creeping-Evil/cap_00-06-02_4243.jpg,Outlaw Star Ep 7: Creeping Evil @ 00:06:02,https://animehistory.org/gallery/screencaps/outlaw-star/episode-7/,https://animehistory.org/gallery/screencaps/outlaw-star/episode-7/,1,2026-10-07T01:49:02.548336+00:00,350454f8c56c96fc608c3d3fc66b546ea0ed1cd59d53bc7787417368f2e4b2e0,,UNVERIFIED
EP-07,Creeping Evil,00:06:06,366,848968,https://animehistory.org/uploads/screencaps/outlaw-star-E007-Creeping-Evil/cap_00-06-06_7eef.jpg,Outlaw Star Ep 7: Creeping Evil @ 00:06:06,https://animehistory.org/gallery/screencaps/outlaw-star/episode-7/,https://animehistory.org/gallery/screencaps/outlaw-star/episode-7/,1,2026-10-07T01:49:02.548336+00:00,350454f8c56c96fc608c3d3fc66b546ea0ed1cd59d53bc7787417368f2e4b2e0,,UNVERIFIED
EP-07,Creeping Evil,00:06:09,369,848969,https://animehistory.org/uploads/screencaps/outlaw-star-E007-Creeping-Evil/cap_00-06-09_392c.jpg,Outlaw Star Ep 7: Creeping Evil @ 00:06:09,https://animehistory.org/gallery/screencaps/outlaw-star/episode-7/,https://animehistory.org/gallery/screencaps/outlaw-star/episode-7/,1,2026-10-07T01:49:02.548336+00:00,350454f8c56c96fc608c3d3fc66b546ea0ed1cd59d53bc7787417368f2e4b2e0,,UNVERIFIED
EP-07,Creeping Evil,00:06:13,373,848970,https://animehistory.org/uploads/screencaps/outlaw-star-E007-Creeping-Evil/cap_00-06-13_6ecb.jpg,Outlaw Star Ep 7: Creeping Evil @ 00:06:13,https://animehistory.org/gallery/screencaps/outlaw-star/episode-7/,https://animehistory.org/gallery/screencaps/outlaw-star/episode-7/,1,2026-10-07T01:49:02.548336+00:00,350454f8c56c96fc608c3d3fc66b546ea0ed1cd59d53bc7787417368f2e4b2e0,,UNVERIFIED
EP-07,Creeping Evil,00:06:17,377,848971,https://animehistory.org/uploads/screencaps/outlaw-star-E007-Creeping-Evil/cap_00-06-17_0590.jpg,Outlaw Star Ep 7: Creeping Evil @ 00:06:17,https://animehistory.org/gallery/screencaps/outlaw-star/episode-7/,https://animehistory.org/gallery/screencaps/outlaw-star/episode-7/,1,2026-10-07T01:49:02.548336+00:00,350454f8c56c96fc608c3d3fc66b546ea0ed1cd59d53bc7787417368f2e4b2e0,,UNVERIFIED
EP-07,Creeping Evil,00:06:21,381,848972,https://animehistory.org/uploads/screencaps/outlaw-star-E007-Creeping-Evil/cap_00-06-21_56f5.jpg,Outlaw Star Ep 7: Creeping Evil @ 00:06:21,https://animehistory.org/gallery/screencaps/outlaw-star/episode-7/,https://animehistory.org/gallery/screencaps/outlaw-star/episode-7/,1,2026-10-07T01:49:02.548336+00:00,350454f8c56c96fc608c3d3fc66b546ea0ed1cd59d53bc7787417368f2e4b2e0,,UNVERIFIED
EP-07,Creeping Evil,00:06:24,384,848973,https://animehistory.org/uploads/screencaps/outlaw-star-E007-Creeping-Evil/cap_00-06-24_0602.jpg,Outlaw Star Ep 7: Creeping Evil @ 00:06:24,https://animehistory.org/gallery/screencaps/outlaw-star/episode-7/,https://animehistory.org/gallery/screencaps/outlaw-star/episode-7/,1,2026-10-07T01:49:02.548336+00:00,350454f8c56c96fc608c3d3fc66b546ea0ed1cd59d53bc7787417368f2e4b2e0,,UNVERIFIED
EP-07,Creeping Evil,00:06:28,388,848974,https://animehistory.org/uploads/screencaps/outlaw-star-E007-Creeping-Evil/cap_00-06-28_2b18.jpg,Outlaw Star Ep 7: Creeping Evil @ 00:06:28,https://animehistory.org/gallery/screencaps/outlaw-star/episode-7/,https://animehistory.org/gallery/screencaps/outlaw-star/episode-7/,1,2026-10-07T01:49:02.548336+00:00,350454f8c56c96fc608c3d3fc66b546ea0ed1cd59d53bc7787417368f2e4b2e0,,UNVERIFIED
EP-07,Creeping Evil,00:06:32,392,848975,https://animehistory.org/uploads/screencaps/outlaw-star-E007-Creeping-Evil/cap_00-06-32_05de.jpg,Outlaw Star Ep 7: Creeping Evil @ 00:06:32,https://animehistory.org/gallery/screencaps/outlaw-star/episode-7/,https://animehistory.org/gallery/screencaps/outlaw-star/episode-7/,1,2026-10-07T01:49:02.548336+00:00,350454f8c56c96fc608c3d3fc66b546ea0ed1cd59d53bc7787417368f2e4b2e0,,UNVERIFIED
EP-07,Creeping Evil,00:06:35,395,848976,https://animehistory.org/uploads/screencaps/outlaw-star-E007-Creeping-Evil/cap_00-06-35_5f00.jpg,Outlaw Star Ep 7: Creeping Evil @ 00:06:35,https://animehistory.org/gallery/screencaps/outlaw-star/episode-7/,https://animehistory.org/gallery/screencaps/outlaw-star/episode-7/,1,2026-10-07T01:49:02.548336+00:00,350454f8c56c96fc608c3d3fc66b546ea0ed1cd59d53bc7787417368f2e4b2e0,,UNVERIFIED
EP-07,Creeping Evil,00:06:39,399,848977,https://animehistory.org/uploads/screencaps/outlaw-star-E007-Creeping-Evil/cap_00-06-39_53a7.jpg,Outlaw Star Ep 7: Creeping Evil @ 00:06:39,https://animehistory.org/gallery/screencaps/outlaw-star/episode-7/,https://animehistory.org/gallery/screencaps/outlaw-star/episode-7/,1,2026-10-07T01:49:02.548336+00:00,350454f8c56c96fc608c3d3fc66b546ea0ed1cd59d53bc7787417368f2e4b2e0,,UNVERIFIED
EP-07,Creeping Evil,00:06:43,403,848978,https://animehistory.org/uploads/screencaps/outlaw-star-E007-Creeping-Evil/cap_00-06-43_36a1.jpg,Outlaw Star Ep 7: Creeping Evil @ 00:06:43,https://animehistory.org/gallery/screencaps/outlaw-star/episode-7/,https://animehistory.org/gallery/screencaps/outlaw-star/episode-7/,1,2026-10-07T01:49:02.548336+00:00,350454f8c56c96fc608c3d3fc66b546ea0ed1cd59d53bc7787417368f2e4b2e0,,UNVERIFIED
EP-07,Creeping Evil,00:06:46,406,848979,https://animehistory.org/uploads/screencaps/outlaw-star-E007-Creeping-Evil/cap_00-06-46_4829.jpg,Outlaw Star Ep 7: Creeping Evil @ 00:06:46,https://animehistory.org/gallery/screencaps/outlaw-star/episode-7/,https://animehistory.org/gallery/screencaps/outlaw-star/episode-7/,1,2026-10-07T01:49:02.548336+00:00,350454f8c56c96fc608c3d3fc66b546ea0ed1cd59d53bc7787417368f2e4b2e0,,UNVERIFIED
EP-07,Creeping Evil,00:06:50,410,848980,https://animehistory.org/uploads/screencaps/outlaw-star-E007-Creeping-Evil/cap_00-06-50_3376.jpg,Outlaw Star Ep 7: Creeping Evil @ 00:06:50,https://animehistory.org/gallery/screencaps/outlaw-star/episode-7/,https://animehistory.org/gallery/screencaps/outlaw-star/episode-7/,1,2026-10-07T01:49:02.548336+00:00,350454f8c56c96fc608c3d3fc66b546ea0ed1cd59d53bc7787417368f2e4b2e0,,UNVERIFIED
EP-07,Creeping Evil,00:06:54,414,848981,https://animehistory.org/uploads/screencaps/outlaw-star-E007-Creeping-Evil/cap_00-06-54_46df.jpg,Outlaw Star Ep 7: Creeping Evil @ 00:06:54,https://animehistory.org/gallery/screencaps/outlaw-star/episode-7/,https://animehistory.org/gallery/screencaps/outlaw-star/episode-7/,1,2026-10-07T01:49:02.548336+00:00,350454f8c56c96fc608c3d3fc66b546ea0ed1cd59d53bc7787417368f2e4b2e0,,UNVERIFIED
EP-07,Creeping Evil,00:06:58,418,848982,https://animehistory.org/uploads/screencaps/outlaw-star-E007-Creeping-Evil/cap_00-06-58_21cc.jpg,Outlaw Star Ep 7: Creeping Evil @ 00:06:58,https://animehistory.org/gallery/screencaps/outlaw-star/episode-7/,https://animehistory.org/gallery/screencaps/outlaw-star/episode-7/,1,2026-10-07T01:49:02.548336+00:00,350454f8c56c96fc608c3d3fc66b546ea0ed1cd59d53bc7787417368f2e4b2e0,,UNVERIFIED
EP-07,Creeping Evil,00:07:01,421,848983,https://animehistory.org/uploads/screencaps/outlaw-star-E007-Creeping-Evil/cap_00-07-01_17a9.jpg,Outlaw Star Ep 7: Creeping Evil @ 00:07:01,https://animehistory.org/gallery/screencaps/outlaw-star/episode-7/,https://animehistory.org/gallery/screencaps/outlaw-star/episode-7/,1,2026-10-07T01:49:02.548336+00:00,350454f8c56c96fc608c3d3fc66b546ea0ed1cd59d53bc7787417368f2e4b2e0,,UNVERIFIED
EP-07,Creeping Evil,00:07:05,425,848984,https://animehistory.org/uploads/screencaps/outlaw-star-E007-Creeping-Evil/cap_00-07-05_4f05.jpg,Outlaw Star Ep 7: Creeping Evil @ 00:07:05,https://animehistory.org/gallery/screencaps/outlaw-star/episode-7/,https://animehistory.org/gallery/screencaps/outlaw-star/episode-7/,1,2026-10-07T01:49:02.548336+00:00,350454f8c56c96fc608c3d3fc66b546ea0ed1cd59d53bc7787417368f2e4b2e0,,UNVERIFIED
EP-07,Creeping Evil,00:07:09,429,848985,https://animehistory.org/uploads/screencaps/outlaw-star-E007-Creeping-Evil/cap_00-07-09_04be.jpg,Outlaw Star Ep 7: Creeping Evil @ 00:07:09,https://animehistory.org/gallery/screencaps/outlaw-star/episode-7/,https://animehistory.org/gallery/screencaps/outlaw-star/episode-7/,1,2026-10-07T01:49:02.548336+00:00,350454f8c56c96fc608c3d3fc66b546ea0ed1cd59d53bc7787417368f2e4b2e0,,UNVERIFIED
EP-07,Creeping Evil,00:07:12,432,848986,https://animehistory.org/uploads/screencaps/outlaw-star-E007-Creeping-Evil/cap_00-07-12_1497.jpg,Outlaw Star Ep 7: Creeping Evil @ 00:07:12,https://animehistory.org/gallery/screencaps/outlaw-star/episode-7/,https://animehistory.org/gallery/screencaps/outlaw-star/episode-7/,1,2026-10-07T01:49:02.548336+00:00,350454f8c56c96fc608c3d3fc66b546ea0ed1cd59d53bc7787417368f2e4b2e0,,UNVERIFIED
EP-07,Creeping Evil,00:07:16,436,848987,https://animehistory.org/uploads/screencaps/outlaw-star-E007-Creeping-Evil/cap_00-07-16_6fbe.jpg,Outlaw Star Ep 7: Creeping Evil @ 00:07:16,https://animehistory.org/gallery/screencaps/outlaw-star/episode-7/,https://animehistory.org/gallery/screencaps/outlaw-star/episode-7/,1,2026-10-07T01:49:02.548336+00:00,350454f8c56c96fc608c3d3fc66b546ea0ed1cd59d53bc7787417368f2e4b2e0,,UNVERIFIED
EP-07,Creeping Evil,00:07:20,440,848988,https://animehistory.org/uploads/screencaps/outlaw-star-E007-Creeping-Evil/cap_00-07-20_7c70.jpg,Outlaw Star Ep 7: Creeping Evil @ 00:07:20,https://animehistory.org/gallery/screencaps/outlaw-star/episode-7/,https://animehistory.org/gallery/screencaps/outlaw-star/episode-7/,1,2026-10-07T01:49:02.548336+00:00,350454f8c56c96fc608c3d3fc66b546ea0ed1cd59d53bc7787417368f2e4b2e0,,UNVERIFIED
EP-07,Creeping Evil,00:07:23,443,848989,https://animehistory.org/uploads/screencaps/outlaw-star-E007-Creeping-Evil/cap_00-07-23_0990.jpg,Outlaw Star Ep 7: Creeping Evil @ 00:07:23,https://animehistory.org/gallery/screencaps/outlaw-star/episode-7/,https://animehistory.org/gallery/screencaps/outlaw-star/episode-7/,1,2026-10-07T01:49:02.548336+00:00,350454f8c56c96fc608c3d3fc66b546ea0ed1cd59d53bc7787417368f2e4b2e0,,UNVERIFIED
EP-07,Creeping Evil,00:07:27,447,848990,https://animehistory.org/uploads/screencaps/outlaw-star-E007-Creeping-Evil/cap_00-07-27_1bb0.jpg,Outlaw Star Ep 7: Creeping Evil @ 00:07:27,https://animehistory.org/gallery/screencaps/outlaw-star/episode-7/,https://animehistory.org/gallery/screencaps/outlaw-star/episode-7/,1,2026-10-07T01:49:02.548336+00:00,350454f8c56c96fc608c3d3fc66b546ea0ed1cd59d53bc7787417368f2e4b2e0,,UNVERIFIED
EP-07,Creeping Evil,00:07:31,451,848991,https://animehistory.org/uploads/screencaps/outlaw-star-E007-Creeping-Evil/cap_00-07-31_1370.jpg,Outlaw Star Ep 7: Creeping Evil @ 00:07:31,https://animehistory.org/gallery/screencaps/outlaw-star/episode-7/,https://animehistory.org/gallery/screencaps/outlaw-star/episode-7/,1,2026-10-07T01:49:02.548336+00:00,350454f8c56c96fc608c3d3fc66b546ea0ed1cd59d53bc7787417368f2e4b2e0,,UNVERIFIED
EP-07,Creeping Evil,00:07:35,455,848992,https://animehistory.org/uploads/screencaps/outlaw-star-E007-Creeping-Evil/cap_00-07-35_5f45.jpg,Outlaw Star Ep 7: Creeping Evil @ 00:07:35,https://animehistory.org/gallery/screencaps/outlaw-star/episode-7/,https://animehistory.org/gallery/screencaps/outlaw-star/episode-7/,1,2026-10-07T01:49:02.548336+00:00,350454f8c56c96fc608c3d3fc66b546ea0ed1cd59d53bc7787417368f2e4b2e0,,UNVERIFIED
EP-07,Creeping Evil,00:07:38,458,848993,https://animehistory.org/uploads/screencaps/outlaw-star-E007-Creeping-Evil/cap_00-07-38_40db.jpg,Outlaw Star Ep 7: Creeping Evil @ 00:07:38,https://animehistory.org/gallery/screencaps/outlaw-star/episode-7/,https://animehistory.org/gallery/screencaps/outlaw-star/episode-7/,1,2026-10-07T01:49:02.548336+00:00,350454f8c56c96fc608c3d3fc66b546ea0ed1cd59d53bc7787417368f2e4b2e0,,UNVERIFIED
EP-07,Creeping Evil,00:07:42,462,848994,https://animehistory.org/uploads/screencaps/outlaw-star-E007-Creeping-Evil/cap_00-07-42_45fe.jpg,Outlaw Star Ep 7: Creeping Evil @ 00:07:42,https://animehistory.org/gallery/screencaps/outlaw-star/episode-7/,https://animehistory.org/gallery/screencaps/outlaw-star/episode-7/,1,2026-10-07T01:49:02.548336+00:00,350454f8c56c96fc608c3d3fc66b546ea0ed1cd59d53bc7787417368f2e4b2e0,,UNVERIFIED
EP-07,Creeping Evil,00:07:46,466,848995,https://animehistory.org/uploads/screencaps/outlaw-star-E007-Creeping-Evil/cap_00-07-46_08d5.jpg,Outlaw Star Ep 7: Creeping Evil @ 00:07:46,https://animehistory.org/gallery/screencaps/outlaw-star/episode-7/,https://animehistory.org/gallery/screencaps/outlaw-star/episode-7/,1,2026-10-07T01:49:02.548336+00:00,350454f8c56c96fc608c3d3fc66b546ea0ed1cd59d53bc7787417368f2e4b2e0,,UNVERIFIED
EP-07,Creeping Evil,00:07:49,469,848996,https://animehistory.org/uploads/screencaps/outlaw-star-E007-Creeping-Evil/cap_00-07-49_7727.jpg,Outlaw Star Ep 7: Creeping Evil @ 00:07:49,https://animehistory.org/gallery/screencaps/outlaw-star/episode-7/,https://animehistory.org/gallery/screencaps/outlaw-star/episode-7/,1,2026-10-07T01:49:02.548336+00:00,350454f8c56c96fc608c3d3fc66b546ea0ed1cd59d53bc7787417368f2e4b2e0,,UNVERIFIED
EP-07,Creeping Evil,00:07:53,473,848997,https://animehistory.org/uploads/screencaps/outlaw-star-E007-Creeping-Evil/cap_00-07-53_71cc.jpg,Outlaw Star Ep 7: Creeping Evil @ 00:07:53,https://animehistory.org/gallery/screencaps/outlaw-star/episode-7/,https://animehistory.org/gallery/screencaps/outlaw-star/episode-7/?page=2,2,2026-10-07T01:49:03.873148+00:00,888f991c5895566861fc753d10fd8f41e84ef5ae31666988e9b401813e3dd0e6,,UNVERIFIED
EP-07,Creeping Evil,00:07:57,477,848998,https://animehistory.org/uploads/screencaps/outlaw-star-E007-Creeping-Evil/cap_00-07-57_46e6.jpg,Outlaw Star Ep 7: Creeping Evil @ 00:07:57,https://animehistory.org/gallery/screencaps/outlaw-star/episode-7/,https://animehistory.org/gallery/screencaps/outlaw-star/episode-7/?page=2,2,2026-10-07T01:49:03.873148+00:00,888f991c5895566861fc753d10fd8f41e84ef5ae31666988e9b401813e3dd0e6,,UNVERIFIED
EP-07,Creeping Evil,00:08:00,480,848999,https://animehistory.org/uploads/screencaps/outlaw-star-E007-Creeping-Evil/cap_00-08-00_685c.jpg,Outlaw Star Ep 7: Creeping Evil @ 00:08:00,https://animehistory.org/gallery/screencaps/outlaw-star/episode-7/,https://animehistory.org/gallery/screencaps/outlaw-star/episode-7/?page=2,2,2026-10-07T01:49:03.873148+00:00,888f991c5895566861fc753d10fd8f41e84ef5ae31666988e9b401813e3dd0e6,,UNVERIFIED
EP-07,Creeping Evil,00:08:04,484,849000,https://animehistory.org/uploads/screencaps/outlaw-star-E007-Creeping-Evil/cap_00-08-04_6c78.jpg,Outlaw Star Ep 7: Creeping Evil @ 00:08:04,https://animehistory.org/gallery/screencaps/outlaw-star/episode-7/,https://animehistory.org/gallery/screencaps/outlaw-star/episode-7/?page=2,2,2026-10-07T01:49:03.873148+00:00,888f991c5895566861fc753d10fd8f41e84ef5ae31666988e9b401813e3dd0e6,,UNVERIFIED
EP-07,Creeping Evil,00:08:08,488,849001,https://animehistory.org/uploads/screencaps/outlaw-star-E007-Creeping-Evil/cap_00-08-08_2210.jpg,Outlaw Star Ep 7: Creeping Evil @ 00:08:08,https://animehistory.org/gallery/screencaps/outlaw-star/episode-7/,https://animehistory.org/gallery/screencaps/outlaw-star/episode-7/?page=2,2,2026-10-07T01:49:03.873148+00:00,888f991c5895566861fc753d10fd8f41e84ef5ae31666988e9b401813e3dd0e6,,UNVERIFIED
EP-07,Creeping Evil,00:08:12,492,849002,https://animehistory.org/uploads/screencaps/outlaw-star-E007-Creeping-Evil/cap_00-08-12_1509.jpg,Outlaw Star Ep 7: Creeping Evil @ 00:08:12,https://animehistory.org/gallery/screencaps/outlaw-star/episode-7/,https://animehistory.org/gallery/screencaps/outlaw-star/episode-7/?page=2,2,2026-10-07T01:49:03.873148+00:00,888f991c5895566861fc753d10fd8f41e84ef5ae31666988e9b401813e3dd0e6,,UNVERIFIED
EP-07,Creeping Evil,00:08:15,495,849003,https://animehistory.org/uploads/screencaps/outlaw-star-E007-Creeping-Evil/cap_00-08-15_372e.jpg,Outlaw Star Ep 7: Creeping Evil @ 00:08:15,https://animehistory.org/gallery/screencaps/outlaw-star/episode-7/,https://animehistory.org/gallery/screencaps/outlaw-star/episode-7/?page=2,2,2026-10-07T01:49:03.873148+00:00,888f991c5895566861fc753d10fd8f41e84ef5ae31666988e9b401813e3dd0e6,,UNVERIFIED
EP-07,Creeping Evil,00:08:19,499,849004,https://animehistory.org/uploads/screencaps/outlaw-star-E007-Creeping-Evil/cap_00-08-19_3fec.jpg,Outlaw Star Ep 7: Creeping Evil @ 00:08:19,https://animehistory.org/gallery/screencaps/outlaw-star/episode-7/,https://animehistory.org/gallery/screencaps/outlaw-star/episode-7/?page=2,2,2026-10-07T01:49:03.873148+00:00,888f991c5895566861fc753d10fd8f41e84ef5ae31666988e9b401813e3dd0e6,,UNVERIFIED
EP-07,Creeping Evil,00:08:23,503,849005,https://animehistory.org/uploads/screencaps/outlaw-star-E007-Creeping-Evil/cap_00-08-23_675a.jpg,Outlaw Star Ep 7: Creeping Evil @ 00:08:23,https://animehistory.org/gallery/screencaps/outlaw-star/episode-7/,https://animehistory.org/gallery/screencaps/outlaw-star/episode-7/?page=2,2,2026-10-07T01:49:03.873148+00:00,888f991c5895566861fc753d10fd8f41e84ef5ae31666988e9b401813e3dd0e6,,UNVERIFIED
EP-07,Creeping Evil,00:08:26,506,849006,https://animehistory.org/uploads/screencaps/outlaw-star-E007-Creeping-Evil/cap_00-08-26_7d9a.jpg,Outlaw Star Ep 7: Creeping Evil @ 00:08:26,https://animehistory.org/gallery/screencaps/outlaw-star/episode-7/,https://animehistory.org/gallery/screencaps/outlaw-star/episode-7/?page=2,2,2026-10-07T01:49:03.873148+00:00,888f991c5895566861fc753d10fd8f41e84ef5ae31666988e9b401813e3dd0e6,,UNVERIFIED
EP-07,Creeping Evil,00:08:30,510,849007,https://animehistory.org/uploads/screencaps/outlaw-star-E007-Creeping-Evil/cap_00-08-30_2c18.jpg,Outlaw Star Ep 7: Creeping Evil @ 00:08:30,https://animehistory.org/gallery/screencaps/outlaw-star/episode-7/,https://animehistory.org/gallery/screencaps/outlaw-star/episode-7/?page=2,2,2026-10-07T01:49:03.873148+00:00,888f991c5895566861fc753d10fd8f41e84ef5ae31666988e9b401813e3dd0e6,,UNVERIFIED
EP-07,Creeping Evil,00:08:34,514,849008,https://animehistory.org/uploads/screencaps/outlaw-star-E007-Creeping-Evil/cap_00-08-34_2d3a.jpg,Outlaw Star Ep 7: Creeping Evil @ 00:08:34,https://animehistory.org/gallery/screencaps/outlaw-star/episode-7/,https://animehistory.org/gallery/screencaps/outlaw-star/episode-7/?page=2,2,2026-10-07T01:49:03.873148+00:00,888f991c5895566861fc753d10fd8f41e84ef5ae31666988e9b401813e3dd0e6,,UNVERIFIED
EP-07,Creeping Evil,00:08:37,517,849009,https://animehistory.org/uploads/screencaps/outlaw-star-E007-Creeping-Evil/cap_00-08-37_19b4.jpg,Outlaw Star Ep 7: Creeping Evil @ 00:08:37,https://animehistory.org/gallery/screencaps/outlaw-star/episode-7/,https://animehistory.org/gallery/screencaps/outlaw-star/episode-7/?page=2,2,2026-10-07T01:49:03.873148+00:00,888f991c5895566861fc753d10fd8f41e84ef5ae31666988e9b401813e3dd0e6,,UNVERIFIED
EP-07,Creeping Evil,00:08:41,521,849010,https://animehistory.org/uploads/screencaps/outlaw-star-E007-Creeping-Evil/cap_00-08-41_00ff.jpg,Outlaw Star Ep 7: Creeping Evil @ 00:08:41,https://animehistory.org/gallery/screencaps/outlaw-star/episode-7/,https://animehistory.org/gallery/screencaps/outlaw-star/episode-7/?page=2,2,2026-10-07T01:49:03.873148+00:00,888f991c5895566861fc753d10fd8f41e84ef5ae31666988e9b401813e3dd0e6,,UNVERIFIED
EP-07,Creeping Evil,00:08:45,525,849011,https://animehistory.org/uploads/screencaps/outlaw-star-E007-Creeping-Evil/cap_00-08-45_055c.jpg,Outlaw Star Ep 7: Creeping Evil @ 00:08:45,https://animehistory.org/gallery/screencaps/outlaw-star/episode-7/,https://animehistory.org/gallery/screencaps/outlaw-star/episode-7/?page=2,2,2026-10-07T01:49:03.873148+00:00,888f991c5895566861fc753d10fd8f41e84ef5ae31666988e9b401813e3dd0e6,,UNVERIFIED
EP-07,Creeping Evil,00:08:49,529,849012,https://animehistory.org/uploads/screencaps/outlaw-star-E007-Creeping-Evil/cap_00-08-49_6aec.jpg,Outlaw Star Ep 7: Creeping Evil @ 00:08:49,https://animehistory.org/gallery/screencaps/outlaw-star/episode-7/,https://animehistory.org/gallery/screencaps/outlaw-star/episode-7/?page=2,2,2026-10-07T01:49:03.873148+00:00,888f991c5895566861fc753d10fd8f41e84ef5ae31666988e9b401813e3dd0e6,,UNVERIFIED
EP-07,Creeping Evil,00:08:52,532,849013,https://animehistory.org/uploads/screencaps/outlaw-star-E007-Creeping-Evil/cap_00-08-52_7d5c.jpg,Outlaw Star Ep 7: Creeping Evil @ 00:08:52,https://animehistory.org/gallery/screencaps/outlaw-star/episode-7/,https://animehistory.org/gallery/screencaps/outlaw-star/episode-7/?page=2,2,2026-10-07T01:49:03.873148+00:00,888f991c5895566861fc753d10fd8f41e84ef5ae31666988e9b401813e3dd0e6,,UNVERIFIED
EP-07,Creeping Evil,00:08:56,536,849014,https://animehistory.org/uploads/screencaps/outlaw-star-E007-Creeping-Evil/cap_00-08-56_62b7.jpg,Outlaw Star Ep 7: Creeping Evil @ 00:08:56,https://animehistory.org/gallery/screencaps/outlaw-star/episode-7/,https://animehistory.org/gallery/screencaps/outlaw-star/episode-7/?page=2,2,2026-10-07T01:49:03.873148+00:00,888f991c5895566861fc753d10fd8f41e84ef5ae31666988e9b401813e3dd0e6,,UNVERIFIED
EP-07,Creeping Evil,00:09:00,540,849015,https://animehistory.org/uploads/screencaps/outlaw-star-E007-Creeping-Evil/cap_00-09-00_0545.jpg,Outlaw Star Ep 7: Creeping Evil @ 00:09:00,https://animehistory.org/gallery/screencaps/outlaw-star/episode-7/,https://animehistory.org/gallery/screencaps/outlaw-star/episode-7/?page=2,2,2026-10-07T01:49:03.873148+00:00,888f991c5895566861fc753d10fd8f41e84ef5ae31666988e9b401813e3dd0e6,,UNVERIFIED
EP-07,Creeping Evil,00:09:03,543,849016,https://animehistory.org/uploads/screencaps/outlaw-star-E007-Creeping-Evil/cap_00-09-03_5850.jpg,Outlaw Star Ep 7: Creeping Evil @ 00:09:03,https://animehistory.org/gallery/screencaps/outlaw-star/episode-7/,https://animehistory.org/gallery/screencaps/outlaw-star/episode-7/?page=2,2,2026-10-07T01:49:03.873148+00:00,888f991c5895566861fc753d10fd8f41e84ef5ae31666988e9b401813e3dd0e6,,UNVERIFIED
EP-07,Creeping Evil,00:09:07,547,849017,https://animehistory.org/uploads/screencaps/outlaw-star-E007-Creeping-Evil/cap_00-09-07_6952.jpg,Outlaw Star Ep 7: Creeping Evil @ 00:09:07,https://animehistory.org/gallery/screencaps/outlaw-star/episode-7/,https://animehistory.org/gallery/screencaps/outlaw-star/episode-7/?page=2,2,2026-10-07T01:49:03.873148+00:00,888f991c5895566861fc753d10fd8f41e84ef5ae31666988e9b401813e3dd0e6,,UNVERIFIED
EP-07,Creeping Evil,00:09:11,551,849018,https://animehistory.org/uploads/screencaps/outlaw-star-E007-Creeping-Evil/cap_00-09-11_580d.jpg,Outlaw Star Ep 7: Creeping Evil @ 00:09:11,https://animehistory.org/gallery/screencaps/outlaw-star/episode-7/,https://animehistory.org/gallery/screencaps/outlaw-star/episode-7/?page=2,2,2026-10-07T01:49:03.873148+00:00,888f991c5895566861fc753d10fd8f41e84ef5ae31666988e9b401813e3dd0e6,,UNVERIFIED
EP-07,Creeping Evil,00:09:14,554,849019,https://animehistory.org/uploads/screencaps/outlaw-star-E007-Creeping-Evil/cap_00-09-14_0bc5.jpg,Outlaw Star Ep 7: Creeping Evil @ 00:09:14,https://animehistory.org/gallery/screencaps/outlaw-star/episode-7/,https://animehistory.org/gallery/screencaps/outlaw-star/episode-7/?page=2,2,2026-10-07T01:49:03.873148+00:00,888f991c5895566861fc753d10fd8f41e84ef5ae31666988e9b401813e3dd0e6,,UNVERIFIED
EP-07,Creeping Evil,00:09:18,558,849020,https://animehistory.org/uploads/screencaps/outlaw-star-E007-Creeping-Evil/cap_00-09-18_1b89.jpg,Outlaw Star Ep 7: Creeping Evil @ 00:09:18,https://animehistory.org/gallery/screencaps/outlaw-star/episode-7/,https://animehistory.org/gallery/screencaps/outlaw-star/episode-7/?page=2,2,2026-10-07T01:49:03.873148+00:00,888f991c5895566861fc753d10fd8f41e84ef5ae31666988e9b401813e3dd0e6,,UNVERIFIED
EP-07,Creeping Evil,00:09:22,562,849021,https://animehistory.org/uploads/screencaps/outlaw-star-E007-Creeping-Evil/cap_00-09-22_5727.jpg,Outlaw Star Ep 7: Creeping Evil @ 00:09:22,https://animehistory.org/gallery/screencaps/outlaw-star/episode-7/,https://animehistory.org/gallery/screencaps/outlaw-star/episode-7/?page=2,2,2026-10-07T01:49:03.873148+00:00,888f991c5895566861fc753d10fd8f41e84ef5ae31666988e9b401813e3dd0e6,,UNVERIFIED
EP-07,Creeping Evil,00:09:26,566,849022,https://animehistory.org/uploads/screencaps/outlaw-star-E007-Creeping-Evil/cap_00-09-26_4274.jpg,Outlaw Star Ep 7: Creeping Evil @ 00:09:26,https://animehistory.org/gallery/screencaps/outlaw-star/episode-7/,https://animehistory.org/gallery/screencaps/outlaw-star/episode-7/?page=2,2,2026-10-07T01:49:03.873148+00:00,888f991c5895566861fc753d10fd8f41e84ef5ae31666988e9b401813e3dd0e6,,UNVERIFIED
EP-07,Creeping Evil,00:09:29,569,849023,https://animehistory.org/uploads/screencaps/outlaw-star-E007-Creeping-Evil/cap_00-09-29_0561.jpg,Outlaw Star Ep 7: Creeping Evil @ 00:09:29,https://animehistory.org/gallery/screencaps/outlaw-star/episode-7/,https://animehistory.org/gallery/screencaps/outlaw-star/episode-7/?page=2,2,2026-10-07T01:49:03.873148+00:00,888f991c5895566861fc753d10fd8f41e84ef5ae31666988e9b401813e3dd0e6,,UNVERIFIED
EP-07,Creeping Evil,00:09:33,573,849024,https://animehistory.org/uploads/screencaps/outlaw-star-E007-Creeping-Evil/cap_00-09-33_6584.jpg,Outlaw Star Ep 7: Creeping Evil @ 00:09:33,https://animehistory.org/gallery/screencaps/outlaw-star/episode-7/,https://animehistory.org/gallery/screencaps/outlaw-star/episode-7/?page=2,2,2026-10-07T01:49:03.873148+00:00,888f991c5895566861fc753d10fd8f41e84ef5ae31666988e9b401813e3dd0e6,,UNVERIFIED
EP-07,Creeping Evil,00:09:37,577,849025,https://animehistory.org/uploads/screencaps/outlaw-star-E007-Creeping-Evil/cap_00-09-37_64a5.jpg,Outlaw Star Ep 7: Creeping Evil @ 00:09:37,https://animehistory.org/gallery/screencaps/outlaw-star/episode-7/,https://animehistory.org/gallery/screencaps/outlaw-star/episode-7/?page=2,2,2026-10-07T01:49:03.873148+00:00,888f991c5895566861fc753d10fd8f41e84ef5ae31666988e9b401813e3dd0e6,,UNVERIFIED
EP-07,Creeping Evil,00:09:40,580,849026,https://animehistory.org/uploads/screencaps/outlaw-star-E007-Creeping-Evil/cap_00-09-40_3a84.jpg,Outlaw Star Ep 7: Creeping Evil @ 00:09:40,https://animehistory.org/gallery/screencaps/outlaw-star/episode-7/,https://animehistory.org/gallery/screencaps/outlaw-star/episode-7/?page=2,2,2026-10-07T01:49:03.873148+00:00,888f991c5895566861fc753d10fd8f41e84ef5ae31666988e9b401813e3dd0e6,,UNVERIFIED
EP-07,Creeping Evil,00:09:44,584,849027,https://animehistory.org/uploads/screencaps/outlaw-star-E007-Creeping-Evil/cap_00-09-44_7c1f.jpg,Outlaw Star Ep 7: Creeping Evil @ 00:09:44,https://animehistory.org/gallery/screencaps/outlaw-star/episode-7/,https://animehistory.org/gallery/screencaps/outlaw-star/episode-7/?page=2,2,2026-10-07T01:49:03.873148+00:00,888f991c5895566861fc753d10fd8f41e84ef5ae31666988e9b401813e3dd0e6,,UNVERIFIED
EP-07,Creeping Evil,00:09:48,588,849028,https://animehistory.org/uploads/screencaps/outlaw-star-E007-Creeping-Evil/cap_00-09-48_2762.jpg,Outlaw Star Ep 7: Creeping Evil @ 00:09:48,https://animehistory.org/gallery/screencaps/outlaw-star/episode-7/,https://animehistory.org/gallery/screencaps/outlaw-star/episode-7/?page=2,2,2026-10-07T01:49:03.873148+00:00,888f991c5895566861fc753d10fd8f41e84ef5ae31666988e9b401813e3dd0e6,,UNVERIFIED
EP-07,Creeping Evil,00:09:51,591,849029,https://animehistory.org/uploads/screencaps/outlaw-star-E007-Creeping-Evil/cap_00-09-51_64b4.jpg,Outlaw Star Ep 7: Creeping Evil @ 00:09:51,https://animehistory.org/gallery/screencaps/outlaw-star/episode-7/,https://animehistory.org/gallery/screencaps/outlaw-star/episode-7/?page=2,2,2026-10-07T01:49:03.873148+00:00,888f991c5895566861fc753d10fd8f41e84ef5ae31666988e9b401813e3dd0e6,,UNVERIFIED
EP-07,Creeping Evil,00:09:55,595,849030,https://animehistory.org/uploads/screencaps/outlaw-star-E007-Creeping-Evil/cap_00-09-55_2135.jpg,Outlaw Star Ep 7: Creeping Evil @ 00:09:55,https://animehistory.org/gallery/screencaps/outlaw-star/episode-7/,https://animehistory.org/gallery/screencaps/outlaw-star/episode-7/?page=2,2,2026-10-07T01:49:03.873148+00:00,888f991c5895566861fc753d10fd8f41e84ef5ae31666988e9b401813e3dd0e6,,UNVERIFIED
EP-07,Creeping Evil,00:09:59,599,849031,https://animehistory.org/uploads/screencaps/outlaw-star-E007-Creeping-Evil/cap_00-09-59_5493.jpg,Outlaw Star Ep 7: Creeping Evil @ 00:09:59,https://animehistory.org/gallery/screencaps/outlaw-star/episode-7/,https://animehistory.org/gallery/screencaps/outlaw-star/episode-7/?page=2,2,2026-10-07T01:49:03.873148+00:00,888f991c5895566861fc753d10fd8f41e84ef5ae31666988e9b401813e3dd0e6,,UNVERIFIED
EP-07,Creeping Evil,00:10:03,603,849032,https://animehistory.org/uploads/screencaps/outlaw-star-E007-Creeping-Evil/cap_00-10-03_7634.jpg,Outlaw Star Ep 7: Creeping Evil @ 00:10:03,https://animehistory.org/gallery/screencaps/outlaw-star/episode-7/,https://animehistory.org/gallery/screencaps/outlaw-star/episode-7/?page=2,2,2026-10-07T01:49:03.873148+00:00,888f991c5895566861fc753d10fd8f41e84ef5ae31666988e9b401813e3dd0e6,,UNVERIFIED
EP-07,Creeping Evil,00:10:06,606,849033,https://animehistory.org/uploads/screencaps/outlaw-star-E007-Creeping-Evil/cap_00-10-06_600c.jpg,Outlaw Star Ep 7: Creeping Evil @ 00:10:06,https://animehistory.org/gallery/screencaps/outlaw-star/episode-7/,https://animehistory.org/gallery/screencaps/outlaw-star/episode-7/?page=2,2,2026-10-07T01:49:03.873148+00:00,888f991c5895566861fc753d10fd8f41e84ef5ae31666988e9b401813e3dd0e6,,UNVERIFIED
EP-07,Creeping Evil,00:10:10,610,849034,https://animehistory.org/uploads/screencaps/outlaw-star-E007-Creeping-Evil/cap_00-10-10_0299.jpg,Outlaw Star Ep 7: Creeping Evil @ 00:10:10,https://animehistory.org/gallery/screencaps/outlaw-star/episode-7/,https://animehistory.org/gallery/screencaps/outlaw-star/episode-7/?page=2,2,2026-10-07T01:49:03.873148+00:00,888f991c5895566861fc753d10fd8f41e84ef5ae31666988e9b401813e3dd0e6,,UNVERIFIED
EP-07,Creeping Evil,00:10:14,614,849035,https://animehistory.org/uploads/screencaps/outlaw-star-E007-Creeping-Evil/cap_00-10-14_07f4.jpg,Outlaw Star Ep 7: Creeping Evil @ 00:10:14,https://animehistory.org/gallery/screencaps/outlaw-star/episode-7/,https://animehistory.org/gallery/screencaps/outlaw-star/episode-7/?page=2,2,2026-10-07T01:49:03.873148+00:00,888f991c5895566861fc753d10fd8f41e84ef5ae31666988e9b401813e3dd0e6,,UNVERIFIED
EP-07,Creeping Evil,00:10:17,617,849036,https://animehistory.org/uploads/screencaps/outlaw-star-E007-Creeping-Evil/cap_00-10-17_134c.jpg,Outlaw Star Ep 7: Creeping Evil @ 00:10:17,https://animehistory.org/gallery/screencaps/outlaw-star/episode-7/,https://animehistory.org/gallery/screencaps/outlaw-star/episode-7/?page=2,2,2026-10-07T01:49:03.873148+00:00,888f991c5895566861fc753d10fd8f41e84ef5ae31666988e9b401813e3dd0e6,,UNVERIFIED
EP-07,Creeping Evil,00:10:21,621,849037,https://animehistory.org/uploads/screencaps/outlaw-star-E007-Creeping-Evil/cap_00-10-21_72e6.jpg,Outlaw Star Ep 7: Creeping Evil @ 00:10:21,https://animehistory.org/gallery/screencaps/outlaw-star/episode-7/,https://animehistory.org/gallery/screencaps/outlaw-star/episode-7/?page=2,2,2026-10-07T01:49:03.873148+00:00,888f991c5895566861fc753d10fd8f41e84ef5ae31666988e9b401813e3dd0e6,,UNVERIFIED
EP-07,Creeping Evil,00:10:25,625,849038,https://animehistory.org/uploads/screencaps/outlaw-star-E007-Creeping-Evil/cap_00-10-25_78c7.jpg,Outlaw Star Ep 7: Creeping Evil @ 00:10:25,https://animehistory.org/gallery/screencaps/outlaw-star/episode-7/,https://animehistory.org/gallery/screencaps/outlaw-star/episode-7/?page=2,2,2026-10-07T01:49:03.873148+00:00,888f991c5895566861fc753d10fd8f41e84ef5ae31666988e9b401813e3dd0e6,,UNVERIFIED
EP-07,Creeping Evil,00:10:28,628,849039,https://animehistory.org/uploads/screencaps/outlaw-star-E007-Creeping-Evil/cap_00-10-28_2a89.jpg,Outlaw Star Ep 7: Creeping Evil @ 00:10:28,https://animehistory.org/gallery/screencaps/outlaw-star/episode-7/,https://animehistory.org/gallery/screencaps/outlaw-star/episode-7/?page=2,2,2026-10-07T01:49:03.873148+00:00,888f991c5895566861fc753d10fd8f41e84ef5ae31666988e9b401813e3dd0e6,,UNVERIFIED
EP-07,Creeping Evil,00:10:32,632,849040,https://animehistory.org/uploads/screencaps/outlaw-star-E007-Creeping-Evil/cap_00-10-32_774f.jpg,Outlaw Star Ep 7: Creeping Evil @ 00:10:32,https://animehistory.org/gallery/screencaps/outlaw-star/episode-7/,https://animehistory.org/gallery/screencaps/outlaw-star/episode-7/?page=2,2,2026-10-07T01:49:03.873148+00:00,888f991c5895566861fc753d10fd8f41e84ef5ae31666988e9b401813e3dd0e6,,UNVERIFIED
EP-07,Creeping Evil,00:10:36,636,849041,https://animehistory.org/uploads/screencaps/outlaw-star-E007-Creeping-Evil/cap_00-10-36_5b49.jpg,Outlaw Star Ep 7: Creeping Evil @ 00:10:36,https://animehistory.org/gallery/screencaps/outlaw-star/episode-7/,https://animehistory.org/gallery/screencaps/outlaw-star/episode-7/?page=2,2,2026-10-07T01:49:03.873148+00:00,888f991c5895566861fc753d10fd8f41e84ef5ae31666988e9b401813e3dd0e6,,UNVERIFIED
EP-07,Creeping Evil,00:10:39,639,849042,https://animehistory.org/uploads/screencaps/outlaw-star-E007-Creeping-Evil/cap_00-10-39_6f04.jpg,Outlaw Star Ep 7: Creeping Evil @ 00:10:39,https://animehistory.org/gallery/screencaps/outlaw-star/episode-7/,https://animehistory.org/gallery/screencaps/outlaw-star/episode-7/?page=2,2,2026-10-07T01:49:03.873148+00:00,888f991c5895566861fc753d10fd8f41e84ef5ae31666988e9b401813e3dd0e6,,UNVERIFIED
EP-07,Creeping Evil,00:10:43,643,849043,https://animehistory.org/uploads/screencaps/outlaw-star-E007-Creeping-Evil/cap_00-10-43_3000.jpg,Outlaw Star Ep 7: Creeping Evil @ 00:10:43,https://animehistory.org/gallery/screencaps/outlaw-star/episode-7/,https://animehistory.org/gallery/screencaps/outlaw-star/episode-7/?page=2,2,2026-10-07T01:49:03.873148+00:00,888f991c5895566861fc753d10fd8f41e84ef5ae31666988e9b401813e3dd0e6,,UNVERIFIED
EP-07,Creeping Evil,00:10:47,647,849044,https://animehistory.org/uploads/screencaps/outlaw-star-E007-Creeping-Evil/cap_00-10-47_47d3.jpg,Outlaw Star Ep 7: Creeping Evil @ 00:10:47,https://animehistory.org/gallery/screencaps/outlaw-star/episode-7/,https://animehistory.org/gallery/screencaps/outlaw-star/episode-7/?page=2,2,2026-10-07T01:49:03.873148+00:00,888f991c5895566861fc753d10fd8f41e84ef5ae31666988e9b401813e3dd0e6,,UNVERIFIED
EP-07,Creeping Evil,00:10:51,651,849045,https://animehistory.org/uploads/screencaps/outlaw-star-E007-Creeping-Evil/cap_00-10-51_2665.jpg,Outlaw Star Ep 7: Creeping Evil @ 00:10:51,https://animehistory.org/gallery/screencaps/outlaw-star/episode-7/,https://animehistory.org/gallery/screencaps/outlaw-star/episode-7/?page=2,2,2026-10-07T01:49:03.873148+00:00,888f991c5895566861fc753d10fd8f41e84ef5ae31666988e9b401813e3dd0e6,,UNVERIFIED
EP-07,Creeping Evil,00:10:54,654,849046,https://animehistory.org/uploads/screencaps/outlaw-star-E007-Creeping-Evil/cap_00-10-54_1aeb.jpg,Outlaw Star Ep 7: Creeping Evil @ 00:10:54,https://animehistory.org/gallery/screencaps/outlaw-star/episode-7/,https://animehistory.org/gallery/screencaps/outlaw-star/episode-7/?page=2,2,2026-10-07T01:49:03.873148+00:00,888f991c5895566861fc753d10fd8f41e84ef5ae31666988e9b401813e3dd0e6,,UNVERIFIED
EP-07,Creeping Evil,00:10:58,658,849047,https://animehistory.org/uploads/screencaps/outlaw-star-E007-Creeping-Evil/cap_00-10-58_3711.jpg,Outlaw Star Ep 7: Creeping Evil @ 00:10:58,https://animehistory.org/gallery/screencaps/outlaw-star/episode-7/,https://animehistory.org/gallery/screencaps/outlaw-star/episode-7/?page=2,2,2026-10-07T01:49:03.873148+00:00,888f991c5895566861fc753d10fd8f41e84ef5ae31666988e9b401813e3dd0e6,,UNVERIFIED
EP-07,Creeping Evil,00:11:02,662,849048,https://animehistory.org/uploads/screencaps/outlaw-star-E007-Creeping-Evil/cap_00-11-02_23b6.jpg,Outlaw Star Ep 7: Creeping Evil @ 00:11:02,https://animehistory.org/gallery/screencaps/outlaw-star/episode-7/,https://animehistory.org/gallery/screencaps/outlaw-star/episode-7/?page=2,2,2026-10-07T01:49:03.873148+00:00,888f991c5895566861fc753d10fd8f41e84ef5ae31666988e9b401813e3dd0e6,,UNVERIFIED
EP-07,Creeping Evil,00:11:05,665,849049,https://animehistory.org/uploads/screencaps/outlaw-star-E007-Creeping-Evil/cap_00-11-05_0388.jpg,Outlaw Star Ep 7: Creeping Evil @ 00:11:05,https://animehistory.org/gallery/screencaps/outlaw-star/episode-7/,https://animehistory.org/gallery/screencaps/outlaw-star/episode-7/?page=2,2,2026-10-07T01:49:03.873148+00:00,888f991c5895566861fc753d10fd8f41e84ef5ae31666988e9b401813e3dd0e6,,UNVERIFIED
EP-07,Creeping Evil,00:11:09,669,849050,https://animehistory.org/uploads/screencaps/outlaw-star-E007-Creeping-Evil/cap_00-11-09_3946.jpg,Outlaw Star Ep 7: Creeping Evil @ 00:11:09,https://animehistory.org/gallery/screencaps/outlaw-star/episode-7/,https://animehistory.org/gallery/screencaps/outlaw-star/episode-7/?page=2,2,2026-10-07T01:49:03.873148+00:00,888f991c5895566861fc753d10fd8f41e84ef5ae31666988e9b401813e3dd0e6,,UNVERIFIED
EP-07,Creeping Evil,00:11:13,673,849051,https://animehistory.org/uploads/screencaps/outlaw-star-E007-Creeping-Evil/cap_00-11-13_2347.jpg,Outlaw Star Ep 7: Creeping Evil @ 00:11:13,https://animehistory.org/gallery/screencaps/outlaw-star/episode-7/,https://animehistory.org/gallery/screencaps/outlaw-star/episode-7/?page=2,2,2026-10-07T01:49:03.873148+00:00,888f991c5895566861fc753d10fd8f41e84ef5ae31666988e9b401813e3dd0e6,,UNVERIFIED
EP-07,Creeping Evil,00:11:16,676,849052,https://animehistory.org/uploads/screencaps/outlaw-star-E007-Creeping-Evil/cap_00-11-16_28f8.jpg,Outlaw Star Ep 7: Creeping Evil @ 00:11:16,https://animehistory.org/gallery/screencaps/outlaw-star/episode-7/,https://animehistory.org/gallery/screencaps/outlaw-star/episode-7/?page=2,2,2026-10-07T01:49:03.873148+00:00,888f991c5895566861fc753d10fd8f41e84ef5ae31666988e9b401813e3dd0e6,,UNVERIFIED
EP-07,Creeping Evil,00:11:20,680,849053,https://animehistory.org/uploads/screencaps/outlaw-star-E007-Creeping-Evil/cap_00-11-20_4e3e.jpg,Outlaw Star Ep 7: Creeping Evil @ 00:11:20,https://animehistory.org/gallery/screencaps/outlaw-star/episode-7/,https://animehistory.org/gallery/screencaps/outlaw-star/episode-7/?page=2,2,2026-10-07T01:49:03.873148+00:00,888f991c5895566861fc753d10fd8f41e84ef5ae31666988e9b401813e3dd0e6,,UNVERIFIED
EP-07,Creeping Evil,00:11:24,684,849054,https://animehistory.org/uploads/screencaps/outlaw-star-E007-Creeping-Evil/cap_00-11-24_385e.jpg,Outlaw Star Ep 7: Creeping Evil @ 00:11:24,https://animehistory.org/gallery/screencaps/outlaw-star/episode-7/,https://animehistory.org/gallery/screencaps/outlaw-star/episode-7/?page=2,2,2026-10-07T01:49:03.873148+00:00,888f991c5895566861fc753d10fd8f41e84ef5ae31666988e9b401813e3dd0e6,,UNVERIFIED
EP-07,Creeping Evil,00:11:28,688,849055,https://animehistory.org/uploads/screencaps/outlaw-star-E007-Creeping-Evil/cap_00-11-28_2317.jpg,Outlaw Star Ep 7: Creeping Evil @ 00:11:28,https://animehistory.org/gallery/screencaps/outlaw-star/episode-7/,https://animehistory.org/gallery/screencaps/outlaw-star/episode-7/?page=2,2,2026-10-07T01:49:03.873148+00:00,888f991c5895566861fc753d10fd8f41e84ef5ae31666988e9b401813e3dd0e6,,UNVERIFIED
EP-07,Creeping Evil,00:11:31,691,849056,https://animehistory.org/uploads/screencaps/outlaw-star-E007-Creeping-Evil/cap_00-11-31_5dcc.jpg,Outlaw Star Ep 7: Creeping Evil @ 00:11:31,https://animehistory.org/gallery/screencaps/outlaw-star/episode-7/,https://animehistory.org/gallery/screencaps/outlaw-star/episode-7/?page=2,2,2026-10-07T01:49:03.873148+00:00,888f991c5895566861fc753d10fd8f41e84ef5ae31666988e9b401813e3dd0e6,,UNVERIFIED
EP-07,Creeping Evil,00:11:35,695,849057,https://animehistory.org/uploads/screencaps/outlaw-star-E007-Creeping-Evil/cap_00-11-35_694f.jpg,Outlaw Star Ep 7: Creeping Evil @ 00:11:35,https://animehistory.org/gallery/screencaps/outlaw-star/episode-7/,https://animehistory.org/gallery/screencaps/outlaw-star/episode-7/?page=2,2,2026-10-07T01:49:03.873148+00:00,888f991c5895566861fc753d10fd8f41e84ef5ae31666988e9b401813e3dd0e6,,UNVERIFIED
EP-07,Creeping Evil,00:11:39,699,849058,https://animehistory.org/uploads/screencaps/outlaw-star-E007-Creeping-Evil/cap_00-11-39_4a36.jpg,Outlaw Star Ep 7: Creeping Evil @ 00:11:39,https://animehistory.org/gallery/screencaps/outlaw-star/episode-7/,https://animehistory.org/gallery/screencaps/outlaw-star/episode-7/?page=2,2,2026-10-07T01:49:03.873148+00:00,888f991c5895566861fc753d10fd8f41e84ef5ae31666988e9b401813e3dd0e6,,UNVERIFIED
EP-07,Creeping Evil,00:11:42,702,849059,https://animehistory.org/uploads/screencaps/outlaw-star-E007-Creeping-Evil/cap_00-11-42_6ea5.jpg,Outlaw Star Ep 7: Creeping Evil @ 00:11:42,https://animehistory.org/gallery/screencaps/outlaw-star/episode-7/,https://animehistory.org/gallery/screencaps/outlaw-star/episode-7/?page=2,2,2026-10-07T01:49:03.873148+00:00,888f991c5895566861fc753d10fd8f41e84ef5ae31666988e9b401813e3dd0e6,,UNVERIFIED
EP-07,Creeping Evil,00:11:46,706,849060,https://animehistory.org/uploads/screencaps/outlaw-star-E007-Creeping-Evil/cap_00-11-46_0bb5.jpg,Outlaw Star Ep 7: Creeping Evil @ 00:11:46,https://animehistory.org/gallery/screencaps/outlaw-star/episode-7/,https://animehistory.org/gallery/screencaps/outlaw-star/episode-7/?page=2,2,2026-10-07T01:49:03.873148+00:00,888f991c5895566861fc753d10fd8f41e84ef5ae31666988e9b401813e3dd0e6,,UNVERIFIED
EP-07,Creeping Evil,00:11:50,710,849061,https://animehistory.org/uploads/screencaps/outlaw-star-E007-Creeping-Evil/cap_00-11-50_3748.jpg,Outlaw Star Ep 7: Creeping Evil @ 00:11:50,https://animehistory.org/gallery/screencaps/outlaw-star/episode-7/,https://animehistory.org/gallery/screencaps/outlaw-star/episode-7/?page=2,2,2026-10-07T01:49:03.873148+00:00,888f991c5895566861fc753d10fd8f41e84ef5ae31666988e9b401813e3dd0e6,,UNVERIFIED
EP-07,Creeping Evil,00:11:53,713,849062,https://animehistory.org/uploads/screencaps/outlaw-star-E007-Creeping-Evil/cap_00-11-53_7bd5.jpg,Outlaw Star Ep 7: Creeping Evil @ 00:11:53,https://animehistory.org/gallery/screencaps/outlaw-star/episode-7/,https://animehistory.org/gallery/screencaps/outlaw-star/episode-7/?page=2,2,2026-10-07T01:49:03.873148+00:00,888f991c5895566861fc753d10fd8f41e84ef5ae31666988e9b401813e3dd0e6,,UNVERIFIED
EP-07,Creeping Evil,00:11:57,717,849063,https://animehistory.org/uploads/screencaps/outlaw-star-E007-Creeping-Evil/cap_00-11-57_0b62.jpg,Outlaw Star Ep 7: Creeping Evil @ 00:11:57,https://animehistory.org/gallery/screencaps/outlaw-star/episode-7/,https://animehistory.org/gallery/screencaps/outlaw-star/episode-7/?page=2,2,2026-10-07T01:49:03.873148+00:00,888f991c5895566861fc753d10fd8f41e84ef5ae31666988e9b401813e3dd0e6,,UNVERIFIED
EP-07,Creeping Evil,00:12:01,721,849064,https://animehistory.org/uploads/screencaps/outlaw-star-E007-Creeping-Evil/cap_00-12-01_5cf2.jpg,Outlaw Star Ep 7: Creeping Evil @ 00:12:01,https://animehistory.org/gallery/screencaps/outlaw-star/episode-7/,https://animehistory.org/gallery/screencaps/outlaw-star/episode-7/?page=2,2,2026-10-07T01:49:03.873148+00:00,888f991c5895566861fc753d10fd8f41e84ef5ae31666988e9b401813e3dd0e6,,UNVERIFIED
EP-07,Creeping Evil,00:12:05,725,849065,https://animehistory.org/uploads/screencaps/outlaw-star-E007-Creeping-Evil/cap_00-12-05_17c0.jpg,Outlaw Star Ep 7: Creeping Evil @ 00:12:05,https://animehistory.org/gallery/screencaps/outlaw-star/episode-7/,https://animehistory.org/gallery/screencaps/outlaw-star/episode-7/?page=2,2,2026-10-07T01:49:03.873148+00:00,888f991c5895566861fc753d10fd8f41e84ef5ae31666988e9b401813e3dd0e6,,UNVERIFIED
EP-07,Creeping Evil,00:12:08,728,849066,https://animehistory.org/uploads/screencaps/outlaw-star-E007-Creeping-Evil/cap_00-12-08_75e4.jpg,Outlaw Star Ep 7: Creeping Evil @ 00:12:08,https://animehistory.org/gallery/screencaps/outlaw-star/episode-7/,https://animehistory.org/gallery/screencaps/outlaw-star/episode-7/?page=2,2,2026-10-07T01:49:03.873148+00:00,888f991c5895566861fc753d10fd8f41e84ef5ae31666988e9b401813e3dd0e6,,UNVERIFIED
EP-07,Creeping Evil,00:12:12,732,849067,https://animehistory.org/uploads/screencaps/outlaw-star-E007-Creeping-Evil/cap_00-12-12_21d3.jpg,Outlaw Star Ep 7: Creeping Evil @ 00:12:12,https://animehistory.org/gallery/screencaps/outlaw-star/episode-7/,https://animehistory.org/gallery/screencaps/outlaw-star/episode-7/?page=2,2,2026-10-07T01:49:03.873148+00:00,888f991c5895566861fc753d10fd8f41e84ef5ae31666988e9b401813e3dd0e6,,UNVERIFIED
EP-07,Creeping Evil,00:12:16,736,849068,https://animehistory.org/uploads/screencaps/outlaw-star-E007-Creeping-Evil/cap_00-12-16_0573.jpg,Outlaw Star Ep 7: Creeping Evil @ 00:12:16,https://animehistory.org/gallery/screencaps/outlaw-star/episode-7/,https://animehistory.org/gallery/screencaps/outlaw-star/episode-7/?page=2,2,2026-10-07T01:49:03.873148+00:00,888f991c5895566861fc753d10fd8f41e84ef5ae31666988e9b401813e3dd0e6,,UNVERIFIED
EP-07,Creeping Evil,00:12:19,739,849069,https://animehistory.org/uploads/screencaps/outlaw-star-E007-Creeping-Evil/cap_00-12-19_5f1c.jpg,Outlaw Star Ep 7: Creeping Evil @ 00:12:19,https://animehistory.org/gallery/screencaps/outlaw-star/episode-7/,https://animehistory.org/gallery/screencaps/outlaw-star/episode-7/?page=2,2,2026-10-07T01:49:03.873148+00:00,888f991c5895566861fc753d10fd8f41e84ef5ae31666988e9b401813e3dd0e6,,UNVERIFIED
EP-07,Creeping Evil,00:12:23,743,849070,https://animehistory.org/uploads/screencaps/outlaw-star-E007-Creeping-Evil/cap_00-12-23_1ae4.jpg,Outlaw Star Ep 7: Creeping Evil @ 00:12:23,https://animehistory.org/gallery/screencaps/outlaw-star/episode-7/,https://animehistory.org/gallery/screencaps/outlaw-star/episode-7/?page=2,2,2026-10-07T01:49:03.873148+00:00,888f991c5895566861fc753d10fd8f41e84ef5ae31666988e9b401813e3dd0e6,,UNVERIFIED
EP-07,Creeping Evil,00:12:27,747,849071,https://animehistory.org/uploads/screencaps/outlaw-star-E007-Creeping-Evil/cap_00-12-27_5892.jpg,Outlaw Star Ep 7: Creeping Evil @ 00:12:27,https://animehistory.org/gallery/screencaps/outlaw-star/episode-7/,https://animehistory.org/gallery/screencaps/outlaw-star/episode-7/?page=2,2,2026-10-07T01:49:03.873148+00:00,888f991c5895566861fc753d10fd8f41e84ef5ae31666988e9b401813e3dd0e6,,UNVERIFIED
EP-07,Creeping Evil,00:12:30,750,849072,https://animehistory.org/uploads/screencaps/outlaw-star-E007-Creeping-Evil/cap_00-12-30_7986.jpg,Outlaw Star Ep 7: Creeping Evil @ 00:12:30,https://animehistory.org/gallery/screencaps/outlaw-star/episode-7/,https://animehistory.org/gallery/screencaps/outlaw-star/episode-7/?page=2,2,2026-10-07T01:49:03.873148+00:00,888f991c5895566861fc753d10fd8f41e84ef5ae31666988e9b401813e3dd0e6,,UNVERIFIED
EP-07,Creeping Evil,00:12:34,754,849073,https://animehistory.org/uploads/screencaps/outlaw-star-E007-Creeping-Evil/cap_00-12-34_0444.jpg,Outlaw Star Ep 7: Creeping Evil @ 00:12:34,https://animehistory.org/gallery/screencaps/outlaw-star/episode-7/,https://animehistory.org/gallery/screencaps/outlaw-star/episode-7/?page=2,2,2026-10-07T01:49:03.873148+00:00,888f991c5895566861fc753d10fd8f41e84ef5ae31666988e9b401813e3dd0e6,,UNVERIFIED
EP-07,Creeping Evil,00:12:38,758,849074,https://animehistory.org/uploads/screencaps/outlaw-star-E007-Creeping-Evil/cap_00-12-38_613d.jpg,Outlaw Star Ep 7: Creeping Evil @ 00:12:38,https://animehistory.org/gallery/screencaps/outlaw-star/episode-7/,https://animehistory.org/gallery/screencaps/outlaw-star/episode-7/?page=2,2,2026-10-07T01:49:03.873148+00:00,888f991c5895566861fc753d10fd8f41e84ef5ae31666988e9b401813e3dd0e6,,UNVERIFIED
EP-07,Creeping Evil,00:12:42,762,849075,https://animehistory.org/uploads/screencaps/outlaw-star-E007-Creeping-Evil/cap_00-12-42_22f3.jpg,Outlaw Star Ep 7: Creeping Evil @ 00:12:42,https://animehistory.org/gallery/screencaps/outlaw-star/episode-7/,https://animehistory.org/gallery/screencaps/outlaw-star/episode-7/?page=2,2,2026-10-07T01:49:03.873148+00:00,888f991c5895566861fc753d10fd8f41e84ef5ae31666988e9b401813e3dd0e6,,UNVERIFIED
EP-07,Creeping Evil,00:12:45,765,849076,https://animehistory.org/uploads/screencaps/outlaw-star-E007-Creeping-Evil/cap_00-12-45_7f7e.jpg,Outlaw Star Ep 7: Creeping Evil @ 00:12:45,https://animehistory.org/gallery/screencaps/outlaw-star/episode-7/,https://animehistory.org/gallery/screencaps/outlaw-star/episode-7/?page=2,2,2026-10-07T01:49:03.873148+00:00,888f991c5895566861fc753d10fd8f41e84ef5ae31666988e9b401813e3dd0e6,,UNVERIFIED
EP-07,Creeping Evil,00:12:49,769,849077,https://animehistory.org/uploads/screencaps/outlaw-star-E007-Creeping-Evil/cap_00-12-49_4caa.jpg,Outlaw Star Ep 7: Creeping Evil @ 00:12:49,https://animehistory.org/gallery/screencaps/outlaw-star/episode-7/,https://animehistory.org/gallery/screencaps/outlaw-star/episode-7/?page=2,2,2026-10-07T01:49:03.873148+00:00,888f991c5895566861fc753d10fd8f41e84ef5ae31666988e9b401813e3dd0e6,,UNVERIFIED
EP-07,Creeping Evil,00:12:53,773,849078,https://animehistory.org/uploads/screencaps/outlaw-star-E007-Creeping-Evil/cap_00-12-53_1a68.jpg,Outlaw Star Ep 7: Creeping Evil @ 00:12:53,https://animehistory.org/gallery/screencaps/outlaw-star/episode-7/,https://animehistory.org/gallery/screencaps/outlaw-star/episode-7/?page=2,2,2026-10-07T01:49:03.873148+00:00,888f991c5895566861fc753d10fd8f41e84ef5ae31666988e9b401813e3dd0e6,,UNVERIFIED
EP-07,Creeping Evil,00:12:56,776,849079,https://animehistory.org/uploads/screencaps/outlaw-star-E007-Creeping-Evil/cap_00-12-56_477d.jpg,Outlaw Star Ep 7: Creeping Evil @ 00:12:56,https://animehistory.org/gallery/screencaps/outlaw-star/episode-7/,https://animehistory.org/gallery/screencaps/outlaw-star/episode-7/?page=2,2,2026-10-07T01:49:03.873148+00:00,888f991c5895566861fc753d10fd8f41e84ef5ae31666988e9b401813e3dd0e6,,UNVERIFIED
EP-07,Creeping Evil,00:13:00,780,849080,https://animehistory.org/uploads/screencaps/outlaw-star-E007-Creeping-Evil/cap_00-13-00_7ad8.jpg,Outlaw Star Ep 7: Creeping Evil @ 00:13:00,https://animehistory.org/gallery/screencaps/outlaw-star/episode-7/,https://animehistory.org/gallery/screencaps/outlaw-star/episode-7/?page=2,2,2026-10-07T01:49:03.873148+00:00,888f991c5895566861fc753d10fd8f41e84ef5ae31666988e9b401813e3dd0e6,,UNVERIFIED
EP-07,Creeping Evil,00:13:04,784,849081,https://animehistory.org/uploads/screencaps/outlaw-star-E007-Creeping-Evil/cap_00-13-04_276c.jpg,Outlaw Star Ep 7: Creeping Evil @ 00:13:04,https://animehistory.org/gallery/screencaps/outlaw-star/episode-7/,https://animehistory.org/gallery/screencaps/outlaw-star/episode-7/?page=2,2,2026-10-07T01:49:03.873148+00:00,888f991c5895566861fc753d10fd8f41e84ef5ae31666988e9b401813e3dd0e6,,UNVERIFIED
EP-07,Creeping Evil,00:13:07,787,849082,https://animehistory.org/uploads/screencaps/outlaw-star-E007-Creeping-Evil/cap_00-13-07_7888.jpg,Outlaw Star Ep 7: Creeping Evil @ 00:13:07,https://animehistory.org/gallery/screencaps/outlaw-star/episode-7/,https://animehistory.org/gallery/screencaps/outlaw-star/episode-7/?page=2,2,2026-10-07T01:49:03.873148+00:00,888f991c5895566861fc753d10fd8f41e84ef5ae31666988e9b401813e3dd0e6,,UNVERIFIED
EP-07,Creeping Evil,00:13:11,791,849083,https://animehistory.org/uploads/screencaps/outlaw-star-E007-Creeping-Evil/cap_00-13-11_4521.jpg,Outlaw Star Ep 7: Creeping Evil @ 00:13:11,https://animehistory.org/gallery/screencaps/outlaw-star/episode-7/,https://animehistory.org/gallery/screencaps/outlaw-star/episode-7/?page=2,2,2026-10-07T01:49:03.873148+00:00,888f991c5895566861fc753d10fd8f41e84ef5ae31666988e9b401813e3dd0e6,,UNVERIFIED
EP-07,Creeping Evil,00:13:15,795,849084,https://animehistory.org/uploads/screencaps/outlaw-star-E007-Creeping-Evil/cap_00-13-15_7c57.jpg,Outlaw Star Ep 7: Creeping Evil @ 00:13:15,https://animehistory.org/gallery/screencaps/outlaw-star/episode-7/,https://animehistory.org/gallery/screencaps/outlaw-star/episode-7/?page=2,2,2026-10-07T01:49:03.873148+00:00,888f991c5895566861fc753d10fd8f41e84ef5ae31666988e9b401813e3dd0e6,,UNVERIFIED
EP-07,Creeping Evil,00:13:19,799,849085,https://animehistory.org/uploads/screencaps/outlaw-star-E007-Creeping-Evil/cap_00-13-19_3c11.jpg,Outlaw Star Ep 7: Creeping Evil @ 00:13:19,https://animehistory.org/gallery/screencaps/outlaw-star/episode-7/,https://animehistory.org/gallery/screencaps/outlaw-star/episode-7/?page=2,2,2026-10-07T01:49:03.873148+00:00,888f991c5895566861fc753d10fd8f41e84ef5ae31666988e9b401813e3dd0e6,,UNVERIFIED
EP-07,Creeping Evil,00:13:22,802,849086,https://animehistory.org/uploads/screencaps/outlaw-star-E007-Creeping-Evil/cap_00-13-22_2af8.jpg,Outlaw Star Ep 7: Creeping Evil @ 00:13:22,https://animehistory.org/gallery/screencaps/outlaw-star/episode-7/,https://animehistory.org/gallery/screencaps/outlaw-star/episode-7/?page=2,2,2026-10-07T01:49:03.873148+00:00,888f991c5895566861fc753d10fd8f41e84ef5ae31666988e9b401813e3dd0e6,,UNVERIFIED
EP-07,Creeping Evil,00:13:26,806,849087,https://animehistory.org/uploads/screencaps/outlaw-star-E007-Creeping-Evil/cap_00-13-26_6d66.jpg,Outlaw Star Ep 7: Creeping Evil @ 00:13:26,https://animehistory.org/gallery/screencaps/outlaw-star/episode-7/,https://animehistory.org/gallery/screencaps/outlaw-star/episode-7/?page=2,2,2026-10-07T01:49:03.873148+00:00,888f991c5895566861fc753d10fd8f41e84ef5ae31666988e9b401813e3dd0e6,,UNVERIFIED
EP-07,Creeping Evil,00:13:30,810,849088,https://animehistory.org/uploads/screencaps/outlaw-star-E007-Creeping-Evil/cap_00-13-30_784c.jpg,Outlaw Star Ep 7: Creeping Evil @ 00:13:30,https://animehistory.org/gallery/screencaps/outlaw-star/episode-7/,https://animehistory.org/gallery/screencaps/outlaw-star/episode-7/?page=2,2,2026-10-07T01:49:03.873148+00:00,888f991c5895566861fc753d10fd8f41e84ef5ae31666988e9b401813e3dd0e6,,UNVERIFIED
EP-07,Creeping Evil,00:13:33,813,849089,https://animehistory.org/uploads/screencaps/outlaw-star-E007-Creeping-Evil/cap_00-13-33_2cc9.jpg,Outlaw Star Ep 7: Creeping Evil @ 00:13:33,https://animehistory.org/gallery/screencaps/outlaw-star/episode-7/,https://animehistory.org/gallery/screencaps/outlaw-star/episode-7/?page=2,2,2026-10-07T01:49:03.873148+00:00,888f991c5895566861fc753d10fd8f41e84ef5ae31666988e9b401813e3dd0e6,,UNVERIFIED
EP-07,Creeping Evil,00:13:37,817,849090,https://animehistory.org/uploads/screencaps/outlaw-star-E007-Creeping-Evil/cap_00-13-37_300b.jpg,Outlaw Star Ep 7: Creeping Evil @ 00:13:37,https://animehistory.org/gallery/screencaps/outlaw-star/episode-7/,https://animehistory.org/gallery/screencaps/outlaw-star/episode-7/?page=2,2,2026-10-07T01:49:03.873148+00:00,888f991c5895566861fc753d10fd8f41e84ef5ae31666988e9b401813e3dd0e6,,UNVERIFIED
EP-07,Creeping Evil,00:13:41,821,849091,https://animehistory.org/uploads/screencaps/outlaw-star-E007-Creeping-Evil/cap_00-13-41_5f60.jpg,Outlaw Star Ep 7: Creeping Evil @ 00:13:41,https://animehistory.org/gallery/screencaps/outlaw-star/episode-7/,https://animehistory.org/gallery/screencaps/outlaw-star/episode-7/?page=2,2,2026-10-07T01:49:03.873148+00:00,888f991c5895566861fc753d10fd8f41e84ef5ae31666988e9b401813e3dd0e6,,UNVERIFIED
EP-07,Creeping Evil,00:13:44,824,849092,https://animehistory.org/uploads/screencaps/outlaw-star-E007-Creeping-Evil/cap_00-13-44_6c3a.jpg,Outlaw Star Ep 7: Creeping Evil @ 00:13:44,https://animehistory.org/gallery/screencaps/outlaw-star/episode-7/,https://animehistory.org/gallery/screencaps/outlaw-star/episode-7/?page=2,2,2026-10-07T01:49:03.873148+00:00,888f991c5895566861fc753d10fd8f41e84ef5ae31666988e9b401813e3dd0e6,,UNVERIFIED
EP-07,Creeping Evil,00:13:48,828,849093,https://animehistory.org/uploads/screencaps/outlaw-star-E007-Creeping-Evil/cap_00-13-48_43c7.jpg,Outlaw Star Ep 7: Creeping Evil @ 00:13:48,https://animehistory.org/gallery/screencaps/outlaw-star/episode-7/,https://animehistory.org/gallery/screencaps/outlaw-star/episode-7/?page=2,2,2026-10-07T01:49:03.873148+00:00,888f991c5895566861fc753d10fd8f41e84ef5ae31666988e9b401813e3dd0e6,,UNVERIFIED
EP-07,Creeping Evil,00:13:52,832,849094,https://animehistory.org/uploads/screencaps/outlaw-star-E007-Creeping-Evil/cap_00-13-52_0268.jpg,Outlaw Star Ep 7: Creeping Evil @ 00:13:52,https://animehistory.org/gallery/screencaps/outlaw-star/episode-7/,https://animehistory.org/gallery/screencaps/outlaw-star/episode-7/?page=2,2,2026-10-07T01:49:03.873148+00:00,888f991c5895566861fc753d10fd8f41e84ef5ae31666988e9b401813e3dd0e6,,UNVERIFIED
EP-07,Creeping Evil,00:13:56,836,849095,https://animehistory.org/uploads/screencaps/outlaw-star-E007-Creeping-Evil/cap_00-13-56_163a.jpg,Outlaw Star Ep 7: Creeping Evil @ 00:13:56,https://animehistory.org/gallery/screencaps/outlaw-star/episode-7/,https://animehistory.org/gallery/screencaps/outlaw-star/episode-7/?page=2,2,2026-10-07T01:49:03.873148+00:00,888f991c5895566861fc753d10fd8f41e84ef5ae31666988e9b401813e3dd0e6,,UNVERIFIED
EP-07,Creeping Evil,00:13:59,839,849096,https://animehistory.org/uploads/screencaps/outlaw-star-E007-Creeping-Evil/cap_00-13-59_23c3.jpg,Outlaw Star Ep 7: Creeping Evil @ 00:13:59,https://animehistory.org/gallery/screencaps/outlaw-star/episode-7/,https://animehistory.org/gallery/screencaps/outlaw-star/episode-7/?page=2,2,2026-10-07T01:49:03.873148+00:00,888f991c5895566861fc753d10fd8f41e84ef5ae31666988e9b401813e3dd0e6,,UNVERIFIED
EP-07,Creeping Evil,00:14:03,843,849097,https://animehistory.org/uploads/screencaps/outlaw-star-E007-Creeping-Evil/cap_00-14-03_38fc.jpg,Outlaw Star Ep 7: Creeping Evil @ 00:14:03,https://animehistory.org/gallery/screencaps/outlaw-star/episode-7/,https://animehistory.org/gallery/screencaps/outlaw-star/episode-7/?page=3,3,2026-10-07T01:49:05.306650+00:00,060fed0df683625ef58b54d169a72be94d5cc950c2fd7288fa8f9aba2e136240,,UNVERIFIED
EP-07,Creeping Evil,00:14:07,847,849098,https://animehistory.org/uploads/screencaps/outlaw-star-E007-Creeping-Evil/cap_00-14-07_0228.jpg,Outlaw Star Ep 7: Creeping Evil @ 00:14:07,https://animehistory.org/gallery/screencaps/outlaw-star/episode-7/,https://animehistory.org/gallery/screencaps/outlaw-star/episode-7/?page=3,3,2026-10-07T01:49:05.306650+00:00,060fed0df683625ef58b54d169a72be94d5cc950c2fd7288fa8f9aba2e136240,,UNVERIFIED
EP-07,Creeping Evil,00:14:10,850,849099,https://animehistory.org/uploads/screencaps/outlaw-star-E007-Creeping-Evil/cap_00-14-10_0ebc.jpg,Outlaw Star Ep 7: Creeping Evil @ 00:14:10,https://animehistory.org/gallery/screencaps/outlaw-star/episode-7/,https://animehistory.org/gallery/screencaps/outlaw-star/episode-7/?page=3,3,2026-10-07T01:49:05.306650+00:00,060fed0df683625ef58b54d169a72be94d5cc950c2fd7288fa8f9aba2e136240,,UNVERIFIED
EP-07,Creeping Evil,00:14:14,854,849100,https://animehistory.org/uploads/screencaps/outlaw-star-E007-Creeping-Evil/cap_00-14-14_7c20.jpg,Outlaw Star Ep 7: Creeping Evil @ 00:14:14,https://animehistory.org/gallery/screencaps/outlaw-star/episode-7/,https://animehistory.org/gallery/screencaps/outlaw-star/episode-7/?page=3,3,2026-10-07T01:49:05.306650+00:00,060fed0df683625ef58b54d169a72be94d5cc950c2fd7288fa8f9aba2e136240,,UNVERIFIED
EP-07,Creeping Evil,00:14:18,858,849101,https://animehistory.org/uploads/screencaps/outlaw-star-E007-Creeping-Evil/cap_00-14-18_5237.jpg,Outlaw Star Ep 7: Creeping Evil @ 00:14:18,https://animehistory.org/gallery/screencaps/outlaw-star/episode-7/,https://animehistory.org/gallery/screencaps/outlaw-star/episode-7/?page=3,3,2026-10-07T01:49:05.306650+00:00,060fed0df683625ef58b54d169a72be94d5cc950c2fd7288fa8f9aba2e136240,,UNVERIFIED
EP-07,Creeping Evil,00:14:21,861,849102,https://animehistory.org/uploads/screencaps/outlaw-star-E007-Creeping-Evil/cap_00-14-21_7dc5.jpg,Outlaw Star Ep 7: Creeping Evil @ 00:14:21,https://animehistory.org/gallery/screencaps/outlaw-star/episode-7/,https://animehistory.org/gallery/screencaps/outlaw-star/episode-7/?page=3,3,2026-10-07T01:49:05.306650+00:00,060fed0df683625ef58b54d169a72be94d5cc950c2fd7288fa8f9aba2e136240,,UNVERIFIED
EP-07,Creeping Evil,00:14:25,865,849103,https://animehistory.org/uploads/screencaps/outlaw-star-E007-Creeping-Evil/cap_00-14-25_44fb.jpg,Outlaw Star Ep 7: Creeping Evil @ 00:14:25,https://animehistory.org/gallery/screencaps/outlaw-star/episode-7/,https://animehistory.org/gallery/screencaps/outlaw-star/episode-7/?page=3,3,2026-10-07T01:49:05.306650+00:00,060fed0df683625ef58b54d169a72be94d5cc950c2fd7288fa8f9aba2e136240,,UNVERIFIED
EP-07,Creeping Evil,00:14:29,869,849104,https://animehistory.org/uploads/screencaps/outlaw-star-E007-Creeping-Evil/cap_00-14-29_6411.jpg,Outlaw Star Ep 7: Creeping Evil @ 00:14:29,https://animehistory.org/gallery/screencaps/outlaw-star/episode-7/,https://animehistory.org/gallery/screencaps/outlaw-star/episode-7/?page=3,3,2026-10-07T01:49:05.306650+00:00,060fed0df683625ef58b54d169a72be94d5cc950c2fd7288fa8f9aba2e136240,,UNVERIFIED
EP-07,Creeping Evil,00:14:33,873,849105,https://animehistory.org/uploads/screencaps/outlaw-star-E007-Creeping-Evil/cap_00-14-33_47a1.jpg,Outlaw Star Ep 7: Creeping Evil @ 00:14:33,https://animehistory.org/gallery/screencaps/outlaw-star/episode-7/,https://animehistory.org/gallery/screencaps/outlaw-star/episode-7/?page=3,3,2026-10-07T01:49:05.306650+00:00,060fed0df683625ef58b54d169a72be94d5cc950c2fd7288fa8f9aba2e136240,,UNVERIFIED
EP-07,Creeping Evil,00:14:36,876,849106,https://animehistory.org/uploads/screencaps/outlaw-star-E007-Creeping-Evil/cap_00-14-36_575b.jpg,Outlaw Star Ep 7: Creeping Evil @ 00:14:36,https://animehistory.org/gallery/screencaps/outlaw-star/episode-7/,https://animehistory.org/gallery/screencaps/outlaw-star/episode-7/?page=3,3,2026-10-07T01:49:05.306650+00:00,060fed0df683625ef58b54d169a72be94d5cc950c2fd7288fa8f9aba2e136240,,UNVERIFIED
EP-07,Creeping Evil,00:14:40,880,849107,https://animehistory.org/uploads/screencaps/outlaw-star-E007-Creeping-Evil/cap_00-14-40_01e6.jpg,Outlaw Star Ep 7: Creeping Evil @ 00:14:40,https://animehistory.org/gallery/screencaps/outlaw-star/episode-7/,https://animehistory.org/gallery/screencaps/outlaw-star/episode-7/?page=3,3,2026-10-07T01:49:05.306650+00:00,060fed0df683625ef58b54d169a72be94d5cc950c2fd7288fa8f9aba2e136240,,UNVERIFIED
EP-07,Creeping Evil,00:14:44,884,849108,https://animehistory.org/uploads/screencaps/outlaw-star-E007-Creeping-Evil/cap_00-14-44_33c0.jpg,Outlaw Star Ep 7: Creeping Evil @ 00:14:44,https://animehistory.org/gallery/screencaps/outlaw-star/episode-7/,https://animehistory.org/gallery/screencaps/outlaw-star/episode-7/?page=3,3,2026-10-07T01:49:05.306650+00:00,060fed0df683625ef58b54d169a72be94d5cc950c2fd7288fa8f9aba2e136240,,UNVERIFIED
EP-07,Creeping Evil,00:14:47,887,849109,https://animehistory.org/uploads/screencaps/outlaw-star-E007-Creeping-Evil/cap_00-14-47_0048.jpg,Outlaw Star Ep 7: Creeping Evil @ 00:14:47,https://animehistory.org/gallery/screencaps/outlaw-star/episode-7/,https://animehistory.org/gallery/screencaps/outlaw-star/episode-7/?page=3,3,2026-10-07T01:49:05.306650+00:00,060fed0df683625ef58b54d169a72be94d5cc950c2fd7288fa8f9aba2e136240,,UNVERIFIED
EP-07,Creeping Evil,00:14:51,891,849110,https://animehistory.org/uploads/screencaps/outlaw-star-E007-Creeping-Evil/cap_00-14-51_0e76.jpg,Outlaw Star Ep 7: Creeping Evil @ 00:14:51,https://animehistory.org/gallery/screencaps/outlaw-star/episode-7/,https://animehistory.org/gallery/screencaps/outlaw-star/episode-7/?page=3,3,2026-10-07T01:49:05.306650+00:00,060fed0df683625ef58b54d169a72be94d5cc950c2fd7288fa8f9aba2e136240,,UNVERIFIED
EP-07,Creeping Evil,00:14:55,895,849111,https://animehistory.org/uploads/screencaps/outlaw-star-E007-Creeping-Evil/cap_00-14-55_705c.jpg,Outlaw Star Ep 7: Creeping Evil @ 00:14:55,https://animehistory.org/gallery/screencaps/outlaw-star/episode-7/,https://animehistory.org/gallery/screencaps/outlaw-star/episode-7/?page=3,3,2026-10-07T01:49:05.306650+00:00,060fed0df683625ef58b54d169a72be94d5cc950c2fd7288fa8f9aba2e136240,,UNVERIFIED
EP-07,Creeping Evil,00:14:58,898,849112,https://animehistory.org/uploads/screencaps/outlaw-star-E007-Creeping-Evil/cap_00-14-58_310f.jpg,Outlaw Star Ep 7: Creeping Evil @ 00:14:58,https://animehistory.org/gallery/screencaps/outlaw-star/episode-7/,https://animehistory.org/gallery/screencaps/outlaw-star/episode-7/?page=3,3,2026-10-07T01:49:05.306650+00:00,060fed0df683625ef58b54d169a72be94d5cc950c2fd7288fa8f9aba2e136240,,UNVERIFIED
EP-07,Creeping Evil,00:15:02,902,849113,https://animehistory.org/uploads/screencaps/outlaw-star-E007-Creeping-Evil/cap_00-15-02_43d4.jpg,Outlaw Star Ep 7: Creeping Evil @ 00:15:02,https://animehistory.org/gallery/screencaps/outlaw-star/episode-7/,https://animehistory.org/gallery/screencaps/outlaw-star/episode-7/?page=3,3,2026-10-07T01:49:05.306650+00:00,060fed0df683625ef58b54d169a72be94d5cc950c2fd7288fa8f9aba2e136240,,UNVERIFIED
EP-07,Creeping Evil,00:15:06,906,849114,https://animehistory.org/uploads/screencaps/outlaw-star-E007-Creeping-Evil/cap_00-15-06_673a.jpg,Outlaw Star Ep 7: Creeping Evil @ 00:15:06,https://animehistory.org/gallery/screencaps/outlaw-star/episode-7/,https://animehistory.org/gallery/screencaps/outlaw-star/episode-7/?page=3,3,2026-10-07T01:49:05.306650+00:00,060fed0df683625ef58b54d169a72be94d5cc950c2fd7288fa8f9aba2e136240,,UNVERIFIED
EP-07,Creeping Evil,00:15:09,909,849115,https://animehistory.org/uploads/screencaps/outlaw-star-E007-Creeping-Evil/cap_00-15-09_45c4.jpg,Outlaw Star Ep 7: Creeping Evil @ 00:15:09,https://animehistory.org/gallery/screencaps/outlaw-star/episode-7/,https://animehistory.org/gallery/screencaps/outlaw-star/episode-7/?page=3,3,2026-10-07T01:49:05.306650+00:00,060fed0df683625ef58b54d169a72be94d5cc950c2fd7288fa8f9aba2e136240,,UNVERIFIED
EP-07,Creeping Evil,00:15:13,913,849116,https://animehistory.org/uploads/screencaps/outlaw-star-E007-Creeping-Evil/cap_00-15-13_0031.jpg,Outlaw Star Ep 7: Creeping Evil @ 00:15:13,https://animehistory.org/gallery/screencaps/outlaw-star/episode-7/,https://animehistory.org/gallery/screencaps/outlaw-star/episode-7/?page=3,3,2026-10-07T01:49:05.306650+00:00,060fed0df683625ef58b54d169a72be94d5cc950c2fd7288fa8f9aba2e136240,,UNVERIFIED
EP-07,Creeping Evil,00:15:17,917,849117,https://animehistory.org/uploads/screencaps/outlaw-star-E007-Creeping-Evil/cap_00-15-17_38ce.jpg,Outlaw Star Ep 7: Creeping Evil @ 00:15:17,https://animehistory.org/gallery/screencaps/outlaw-star/episode-7/,https://animehistory.org/gallery/screencaps/outlaw-star/episode-7/?page=3,3,2026-10-07T01:49:05.306650+00:00,060fed0df683625ef58b54d169a72be94d5cc950c2fd7288fa8f9aba2e136240,,UNVERIFIED
EP-07,Creeping Evil,00:15:21,921,849118,https://animehistory.org/uploads/screencaps/outlaw-star-E007-Creeping-Evil/cap_00-15-21_6886.jpg,Outlaw Star Ep 7: Creeping Evil @ 00:15:21,https://animehistory.org/gallery/screencaps/outlaw-star/episode-7/,https://animehistory.org/gallery/screencaps/outlaw-star/episode-7/?page=3,3,2026-10-07T01:49:05.306650+00:00,060fed0df683625ef58b54d169a72be94d5cc950c2fd7288fa8f9aba2e136240,,UNVERIFIED
EP-07,Creeping Evil,00:15:24,924,849119,https://animehistory.org/uploads/screencaps/outlaw-star-E007-Creeping-Evil/cap_00-15-24_298c.jpg,Outlaw Star Ep 7: Creeping Evil @ 00:15:24,https://animehistory.org/gallery/screencaps/outlaw-star/episode-7/,https://animehistory.org/gallery/screencaps/outlaw-star/episode-7/?page=3,3,2026-10-07T01:49:05.306650+00:00,060fed0df683625ef58b54d169a72be94d5cc950c2fd7288fa8f9aba2e136240,,UNVERIFIED
EP-07,Creeping Evil,00:15:28,928,849120,https://animehistory.org/uploads/screencaps/outlaw-star-E007-Creeping-Evil/cap_00-15-28_28b2.jpg,Outlaw Star Ep 7: Creeping Evil @ 00:15:28,https://animehistory.org/gallery/screencaps/outlaw-star/episode-7/,https://animehistory.org/gallery/screencaps/outlaw-star/episode-7/?page=3,3,2026-10-07T01:49:05.306650+00:00,060fed0df683625ef58b54d169a72be94d5cc950c2fd7288fa8f9aba2e136240,,UNVERIFIED
EP-07,Creeping Evil,00:15:32,932,849121,https://animehistory.org/uploads/screencaps/outlaw-star-E007-Creeping-Evil/cap_00-15-32_39ea.jpg,Outlaw Star Ep 7: Creeping Evil @ 00:15:32,https://animehistory.org/gallery/screencaps/outlaw-star/episode-7/,https://animehistory.org/gallery/screencaps/outlaw-star/episode-7/?page=3,3,2026-10-07T01:49:05.306650+00:00,060fed0df683625ef58b54d169a72be94d5cc950c2fd7288fa8f9aba2e136240,,UNVERIFIED
EP-07,Creeping Evil,00:15:35,935,849122,https://animehistory.org/uploads/screencaps/outlaw-star-E007-Creeping-Evil/cap_00-15-35_0aa7.jpg,Outlaw Star Ep 7: Creeping Evil @ 00:15:35,https://animehistory.org/gallery/screencaps/outlaw-star/episode-7/,https://animehistory.org/gallery/screencaps/outlaw-star/episode-7/?page=3,3,2026-10-07T01:49:05.306650+00:00,060fed0df683625ef58b54d169a72be94d5cc950c2fd7288fa8f9aba2e136240,,UNVERIFIED
EP-07,Creeping Evil,00:15:39,939,849123,https://animehistory.org/uploads/screencaps/outlaw-star-E007-Creeping-Evil/cap_00-15-39_3695.jpg,Outlaw Star Ep 7: Creeping Evil @ 00:15:39,https://animehistory.org/gallery/screencaps/outlaw-star/episode-7/,https://animehistory.org/gallery/screencaps/outlaw-star/episode-7/?page=3,3,2026-10-07T01:49:05.306650+00:00,060fed0df683625ef58b54d169a72be94d5cc950c2fd7288fa8f9aba2e136240,,UNVERIFIED
EP-07,Creeping Evil,00:15:43,943,849124,https://animehistory.org/uploads/screencaps/outlaw-star-E007-Creeping-Evil/cap_00-15-43_3398.jpg,Outlaw Star Ep 7: Creeping Evil @ 00:15:43,https://animehistory.org/gallery/screencaps/outlaw-star/episode-7/,https://animehistory.org/gallery/screencaps/outlaw-star/episode-7/?page=3,3,2026-10-07T01:49:05.306650+00:00,060fed0df683625ef58b54d169a72be94d5cc950c2fd7288fa8f9aba2e136240,,UNVERIFIED
EP-07,Creeping Evil,00:15:46,946,849125,https://animehistory.org/uploads/screencaps/outlaw-star-E007-Creeping-Evil/cap_00-15-46_64f0.jpg,Outlaw Star Ep 7: Creeping Evil @ 00:15:46,https://animehistory.org/gallery/screencaps/outlaw-star/episode-7/,https://animehistory.org/gallery/screencaps/outlaw-star/episode-7/?page=3,3,2026-10-07T01:49:05.306650+00:00,060fed0df683625ef58b54d169a72be94d5cc950c2fd7288fa8f9aba2e136240,,UNVERIFIED
EP-07,Creeping Evil,00:15:50,950,849126,https://animehistory.org/uploads/screencaps/outlaw-star-E007-Creeping-Evil/cap_00-15-50_7556.jpg,Outlaw Star Ep 7: Creeping Evil @ 00:15:50,https://animehistory.org/gallery/screencaps/outlaw-star/episode-7/,https://animehistory.org/gallery/screencaps/outlaw-star/episode-7/?page=3,3,2026-10-07T01:49:05.306650+00:00,060fed0df683625ef58b54d169a72be94d5cc950c2fd7288fa8f9aba2e136240,,UNVERIFIED
EP-07,Creeping Evil,00:15:54,954,849127,https://animehistory.org/uploads/screencaps/outlaw-star-E007-Creeping-Evil/cap_00-15-54_4c1d.jpg,Outlaw Star Ep 7: Creeping Evil @ 00:15:54,https://animehistory.org/gallery/screencaps/outlaw-star/episode-7/,https://animehistory.org/gallery/screencaps/outlaw-star/episode-7/?page=3,3,2026-10-07T01:49:05.306650+00:00,060fed0df683625ef58b54d169a72be94d5cc950c2fd7288fa8f9aba2e136240,,UNVERIFIED
EP-07,Creeping Evil,00:15:58,958,849128,https://animehistory.org/uploads/screencaps/outlaw-star-E007-Creeping-Evil/cap_00-15-58_5758.jpg,Outlaw Star Ep 7: Creeping Evil @ 00:15:58,https://animehistory.org/gallery/screencaps/outlaw-star/episode-7/,https://animehistory.org/gallery/screencaps/outlaw-star/episode-7/?page=3,3,2026-10-07T01:49:05.306650+00:00,060fed0df683625ef58b54d169a72be94d5cc950c2fd7288fa8f9aba2e136240,,UNVERIFIED
EP-07,Creeping Evil,00:16:01,961,849129,https://animehistory.org/uploads/screencaps/outlaw-star-E007-Creeping-Evil/cap_00-16-01_1f7e.jpg,Outlaw Star Ep 7: Creeping Evil @ 00:16:01,https://animehistory.org/gallery/screencaps/outlaw-star/episode-7/,https://animehistory.org/gallery/screencaps/outlaw-star/episode-7/?page=3,3,2026-10-07T01:49:05.306650+00:00,060fed0df683625ef58b54d169a72be94d5cc950c2fd7288fa8f9aba2e136240,,UNVERIFIED
EP-07,Creeping Evil,00:16:05,965,849130,https://animehistory.org/uploads/screencaps/outlaw-star-E007-Creeping-Evil/cap_00-16-05_4ff6.jpg,Outlaw Star Ep 7: Creeping Evil @ 00:16:05,https://animehistory.org/gallery/screencaps/outlaw-star/episode-7/,https://animehistory.org/gallery/screencaps/outlaw-star/episode-7/?page=3,3,2026-10-07T01:49:05.306650+00:00,060fed0df683625ef58b54d169a72be94d5cc950c2fd7288fa8f9aba2e136240,,UNVERIFIED
EP-07,Creeping Evil,00:16:09,969,849131,https://animehistory.org/uploads/screencaps/outlaw-star-E007-Creeping-Evil/cap_00-16-09_3b66.jpg,Outlaw Star Ep 7: Creeping Evil @ 00:16:09,https://animehistory.org/gallery/screencaps/outlaw-star/episode-7/,https://animehistory.org/gallery/screencaps/outlaw-star/episode-7/?page=3,3,2026-10-07T01:49:05.306650+00:00,060fed0df683625ef58b54d169a72be94d5cc950c2fd7288fa8f9aba2e136240,,UNVERIFIED
EP-07,Creeping Evil,00:16:12,972,849132,https://animehistory.org/uploads/screencaps/outlaw-star-E007-Creeping-Evil/cap_00-16-12_3958.jpg,Outlaw Star Ep 7: Creeping Evil @ 00:16:12,https://animehistory.org/gallery/screencaps/outlaw-star/episode-7/,https://animehistory.org/gallery/screencaps/outlaw-star/episode-7/?page=3,3,2026-10-07T01:49:05.306650+00:00,060fed0df683625ef58b54d169a72be94d5cc950c2fd7288fa8f9aba2e136240,,UNVERIFIED
EP-07,Creeping Evil,00:16:16,976,849133,https://animehistory.org/uploads/screencaps/outlaw-star-E007-Creeping-Evil/cap_00-16-16_366a.jpg,Outlaw Star Ep 7: Creeping Evil @ 00:16:16,https://animehistory.org/gallery/screencaps/outlaw-star/episode-7/,https://animehistory.org/gallery/screencaps/outlaw-star/episode-7/?page=3,3,2026-10-07T01:49:05.306650+00:00,060fed0df683625ef58b54d169a72be94d5cc950c2fd7288fa8f9aba2e136240,,UNVERIFIED
EP-07,Creeping Evil,00:16:20,980,849134,https://animehistory.org/uploads/screencaps/outlaw-star-E007-Creeping-Evil/cap_00-16-20_2429.jpg,Outlaw Star Ep 7: Creeping Evil @ 00:16:20,https://animehistory.org/gallery/screencaps/outlaw-star/episode-7/,https://animehistory.org/gallery/screencaps/outlaw-star/episode-7/?page=3,3,2026-10-07T01:49:05.306650+00:00,060fed0df683625ef58b54d169a72be94d5cc950c2fd7288fa8f9aba2e136240,,UNVERIFIED
EP-07,Creeping Evil,00:16:23,983,849135,https://animehistory.org/uploads/screencaps/outlaw-star-E007-Creeping-Evil/cap_00-16-23_10ba.jpg,Outlaw Star Ep 7: Creeping Evil @ 00:16:23,https://animehistory.org/gallery/screencaps/outlaw-star/episode-7/,https://animehistory.org/gallery/screencaps/outlaw-star/episode-7/?page=3,3,2026-10-07T01:49:05.306650+00:00,060fed0df683625ef58b54d169a72be94d5cc950c2fd7288fa8f9aba2e136240,,UNVERIFIED
EP-07,Creeping Evil,00:16:27,987,849136,https://animehistory.org/uploads/screencaps/outlaw-star-E007-Creeping-Evil/cap_00-16-27_074f.jpg,Outlaw Star Ep 7: Creeping Evil @ 00:16:27,https://animehistory.org/gallery/screencaps/outlaw-star/episode-7/,https://animehistory.org/gallery/screencaps/outlaw-star/episode-7/?page=3,3,2026-10-07T01:49:05.306650+00:00,060fed0df683625ef58b54d169a72be94d5cc950c2fd7288fa8f9aba2e136240,,UNVERIFIED
EP-07,Creeping Evil,00:16:31,991,849137,https://animehistory.org/uploads/screencaps/outlaw-star-E007-Creeping-Evil/cap_00-16-31_5ee7.jpg,Outlaw Star Ep 7: Creeping Evil @ 00:16:31,https://animehistory.org/gallery/screencaps/outlaw-star/episode-7/,https://animehistory.org/gallery/screencaps/outlaw-star/episode-7/?page=3,3,2026-10-07T01:49:05.306650+00:00,060fed0df683625ef58b54d169a72be94d5cc950c2fd7288fa8f9aba2e136240,,UNVERIFIED
EP-07,Creeping Evil,00:16:35,995,849138,https://animehistory.org/uploads/screencaps/outlaw-star-E007-Creeping-Evil/cap_00-16-35_222b.jpg,Outlaw Star Ep 7: Creeping Evil @ 00:16:35,https://animehistory.org/gallery/screencaps/outlaw-star/episode-7/,https://animehistory.org/gallery/screencaps/outlaw-star/episode-7/?page=3,3,2026-10-07T01:49:05.306650+00:00,060fed0df683625ef58b54d169a72be94d5cc950c2fd7288fa8f9aba2e136240,,UNVERIFIED
EP-07,Creeping Evil,00:16:38,998,849139,https://animehistory.org/uploads/screencaps/outlaw-star-E007-Creeping-Evil/cap_00-16-38_0c8f.jpg,Outlaw Star Ep 7: Creeping Evil @ 00:16:38,https://animehistory.org/gallery/screencaps/outlaw-star/episode-7/,https://animehistory.org/gallery/screencaps/outlaw-star/episode-7/?page=3,3,2026-10-07T01:49:05.306650+00:00,060fed0df683625ef58b54d169a72be94d5cc950c2fd7288fa8f9aba2e136240,,UNVERIFIED
EP-07,Creeping Evil,00:16:42,1002,849140,https://animehistory.org/uploads/screencaps/outlaw-star-E007-Creeping-Evil/cap_00-16-42_5b89.jpg,Outlaw Star Ep 7: Creeping Evil @ 00:16:42,https://animehistory.org/gallery/screencaps/outlaw-star/episode-7/,https://animehistory.org/gallery/screencaps/outlaw-star/episode-7/?page=3,3,2026-10-07T01:49:05.306650+00:00,060fed0df683625ef58b54d169a72be94d5cc950c2fd7288fa8f9aba2e136240,,UNVERIFIED
EP-07,Creeping Evil,00:16:46,1006,849141,https://animehistory.org/uploads/screencaps/outlaw-star-E007-Creeping-Evil/cap_00-16-46_69da.jpg,Outlaw Star Ep 7: Creeping Evil @ 00:16:46,https://animehistory.org/gallery/screencaps/outlaw-star/episode-7/,https://animehistory.org/gallery/screencaps/outlaw-star/episode-7/?page=3,3,2026-10-07T01:49:05.306650+00:00,060fed0df683625ef58b54d169a72be94d5cc950c2fd7288fa8f9aba2e136240,,UNVERIFIED
EP-07,Creeping Evil,00:16:49,1009,849142,https://animehistory.org/uploads/screencaps/outlaw-star-E007-Creeping-Evil/cap_00-16-49_15af.jpg,Outlaw Star Ep 7: Creeping Evil @ 00:16:49,https://animehistory.org/gallery/screencaps/outlaw-star/episode-7/,https://animehistory.org/gallery/screencaps/outlaw-star/episode-7/?page=3,3,2026-10-07T01:49:05.306650+00:00,060fed0df683625ef58b54d169a72be94d5cc950c2fd7288fa8f9aba2e136240,,UNVERIFIED
EP-07,Creeping Evil,00:16:53,1013,849143,https://animehistory.org/uploads/screencaps/outlaw-star-E007-Creeping-Evil/cap_00-16-53_6ba9.jpg,Outlaw Star Ep 7: Creeping Evil @ 00:16:53,https://animehistory.org/gallery/screencaps/outlaw-star/episode-7/,https://animehistory.org/gallery/screencaps/outlaw-star/episode-7/?page=3,3,2026-10-07T01:49:05.306650+00:00,060fed0df683625ef58b54d169a72be94d5cc950c2fd7288fa8f9aba2e136240,,UNVERIFIED
EP-07,Creeping Evil,00:16:57,1017,849144,https://animehistory.org/uploads/screencaps/outlaw-star-E007-Creeping-Evil/cap_00-16-57_2158.jpg,Outlaw Star Ep 7: Creeping Evil @ 00:16:57,https://animehistory.org/gallery/screencaps/outlaw-star/episode-7/,https://animehistory.org/gallery/screencaps/outlaw-star/episode-7/?page=3,3,2026-10-07T01:49:05.306650+00:00,060fed0df683625ef58b54d169a72be94d5cc950c2fd7288fa8f9aba2e136240,,UNVERIFIED
EP-07,Creeping Evil,00:17:00,1020,849145,https://animehistory.org/uploads/screencaps/outlaw-star-E007-Creeping-Evil/cap_00-17-00_1d50.jpg,Outlaw Star Ep 7: Creeping Evil @ 00:17:00,https://animehistory.org/gallery/screencaps/outlaw-star/episode-7/,https://animehistory.org/gallery/screencaps/outlaw-star/episode-7/?page=3,3,2026-10-07T01:49:05.306650+00:00,060fed0df683625ef58b54d169a72be94d5cc950c2fd7288fa8f9aba2e136240,,UNVERIFIED
EP-07,Creeping Evil,00:17:04,1024,849146,https://animehistory.org/uploads/screencaps/outlaw-star-E007-Creeping-Evil/cap_00-17-04_7a1d.jpg,Outlaw Star Ep 7: Creeping Evil @ 00:17:04,https://animehistory.org/gallery/screencaps/outlaw-star/episode-7/,https://animehistory.org/gallery/screencaps/outlaw-star/episode-7/?page=3,3,2026-10-07T01:49:05.306650+00:00,060fed0df683625ef58b54d169a72be94d5cc950c2fd7288fa8f9aba2e136240,,UNVERIFIED
EP-07,Creeping Evil,00:17:08,1028,849147,https://animehistory.org/uploads/screencaps/outlaw-star-E007-Creeping-Evil/cap_00-17-08_5c66.jpg,Outlaw Star Ep 7: Creeping Evil @ 00:17:08,https://animehistory.org/gallery/screencaps/outlaw-star/episode-7/,https://animehistory.org/gallery/screencaps/outlaw-star/episode-7/?page=3,3,2026-10-07T01:49:05.306650+00:00,060fed0df683625ef58b54d169a72be94d5cc950c2fd7288fa8f9aba2e136240,,UNVERIFIED
EP-07,Creeping Evil,00:17:12,1032,849148,https://animehistory.org/uploads/screencaps/outlaw-star-E007-Creeping-Evil/cap_00-17-12_7391.jpg,Outlaw Star Ep 7: Creeping Evil @ 00:17:12,https://animehistory.org/gallery/screencaps/outlaw-star/episode-7/,https://animehistory.org/gallery/screencaps/outlaw-star/episode-7/?page=3,3,2026-10-07T01:49:05.306650+00:00,060fed0df683625ef58b54d169a72be94d5cc950c2fd7288fa8f9aba2e136240,,UNVERIFIED
EP-07,Creeping Evil,00:17:15,1035,849149,https://animehistory.org/uploads/screencaps/outlaw-star-E007-Creeping-Evil/cap_00-17-15_77d6.jpg,Outlaw Star Ep 7: Creeping Evil @ 00:17:15,https://animehistory.org/gallery/screencaps/outlaw-star/episode-7/,https://animehistory.org/gallery/screencaps/outlaw-star/episode-7/?page=3,3,2026-10-07T01:49:05.306650+00:00,060fed0df683625ef58b54d169a72be94d5cc950c2fd7288fa8f9aba2e136240,,UNVERIFIED
EP-07,Creeping Evil,00:17:19,1039,849150,https://animehistory.org/uploads/screencaps/outlaw-star-E007-Creeping-Evil/cap_00-17-19_23ef.jpg,Outlaw Star Ep 7: Creeping Evil @ 00:17:19,https://animehistory.org/gallery/screencaps/outlaw-star/episode-7/,https://animehistory.org/gallery/screencaps/outlaw-star/episode-7/?page=3,3,2026-10-07T01:49:05.306650+00:00,060fed0df683625ef58b54d169a72be94d5cc950c2fd7288fa8f9aba2e136240,,UNVERIFIED
EP-07,Creeping Evil,00:17:23,1043,849151,https://animehistory.org/uploads/screencaps/outlaw-star-E007-Creeping-Evil/cap_00-17-23_18fa.jpg,Outlaw Star Ep 7: Creeping Evil @ 00:17:23,https://animehistory.org/gallery/screencaps/outlaw-star/episode-7/,https://animehistory.org/gallery/screencaps/outlaw-star/episode-7/?page=3,3,2026-10-07T01:49:05.306650+00:00,060fed0df683625ef58b54d169a72be94d5cc950c2fd7288fa8f9aba2e136240,,UNVERIFIED
EP-07,Creeping Evil,00:17:26,1046,849152,https://animehistory.org/uploads/screencaps/outlaw-star-E007-Creeping-Evil/cap_00-17-26_1937.jpg,Outlaw Star Ep 7: Creeping Evil @ 00:17:26,https://animehistory.org/gallery/screencaps/outlaw-star/episode-7/,https://animehistory.org/gallery/screencaps/outlaw-star/episode-7/?page=3,3,2026-10-07T01:49:05.306650+00:00,060fed0df683625ef58b54d169a72be94d5cc950c2fd7288fa8f9aba2e136240,,UNVERIFIED
EP-07,Creeping Evil,00:17:30,1050,849153,https://animehistory.org/uploads/screencaps/outlaw-star-E007-Creeping-Evil/cap_00-17-30_76ea.jpg,Outlaw Star Ep 7: Creeping Evil @ 00:17:30,https://animehistory.org/gallery/screencaps/outlaw-star/episode-7/,https://animehistory.org/gallery/screencaps/outlaw-star/episode-7/?page=3,3,2026-10-07T01:49:05.306650+00:00,060fed0df683625ef58b54d169a72be94d5cc950c2fd7288fa8f9aba2e136240,,UNVERIFIED
EP-07,Creeping Evil,00:17:34,1054,849154,https://animehistory.org/uploads/screencaps/outlaw-star-E007-Creeping-Evil/cap_00-17-34_5727.jpg,Outlaw Star Ep 7: Creeping Evil @ 00:17:34,https://animehistory.org/gallery/screencaps/outlaw-star/episode-7/,https://animehistory.org/gallery/screencaps/outlaw-star/episode-7/?page=3,3,2026-10-07T01:49:05.306650+00:00,060fed0df683625ef58b54d169a72be94d5cc950c2fd7288fa8f9aba2e136240,,UNVERIFIED
EP-07,Creeping Evil,00:17:37,1057,849155,https://animehistory.org/uploads/screencaps/outlaw-star-E007-Creeping-Evil/cap_00-17-37_40a7.jpg,Outlaw Star Ep 7: Creeping Evil @ 00:17:37,https://animehistory.org/gallery/screencaps/outlaw-star/episode-7/,https://animehistory.org/gallery/screencaps/outlaw-star/episode-7/?page=3,3,2026-10-07T01:49:05.306650+00:00,060fed0df683625ef58b54d169a72be94d5cc950c2fd7288fa8f9aba2e136240,,UNVERIFIED
EP-07,Creeping Evil,00:17:41,1061,849156,https://animehistory.org/uploads/screencaps/outlaw-star-E007-Creeping-Evil/cap_00-17-41_3f71.jpg,Outlaw Star Ep 7: Creeping Evil @ 00:17:41,https://animehistory.org/gallery/screencaps/outlaw-star/episode-7/,https://animehistory.org/gallery/screencaps/outlaw-star/episode-7/?page=3,3,2026-10-07T01:49:05.306650+00:00,060fed0df683625ef58b54d169a72be94d5cc950c2fd7288fa8f9aba2e136240,,UNVERIFIED
EP-07,Creeping Evil,00:17:45,1065,849157,https://animehistory.org/uploads/screencaps/outlaw-star-E007-Creeping-Evil/cap_00-17-45_2a92.jpg,Outlaw Star Ep 7: Creeping Evil @ 00:17:45,https://animehistory.org/gallery/screencaps/outlaw-star/episode-7/,https://animehistory.org/gallery/screencaps/outlaw-star/episode-7/?page=3,3,2026-10-07T01:49:05.306650+00:00,060fed0df683625ef58b54d169a72be94d5cc950c2fd7288fa8f9aba2e136240,,UNVERIFIED
EP-07,Creeping Evil,00:17:49,1069,849158,https://animehistory.org/uploads/screencaps/outlaw-star-E007-Creeping-Evil/cap_00-17-49_7b56.jpg,Outlaw Star Ep 7: Creeping Evil @ 00:17:49,https://animehistory.org/gallery/screencaps/outlaw-star/episode-7/,https://animehistory.org/gallery/screencaps/outlaw-star/episode-7/?page=3,3,2026-10-07T01:49:05.306650+00:00,060fed0df683625ef58b54d169a72be94d5cc950c2fd7288fa8f9aba2e136240,,UNVERIFIED
EP-07,Creeping Evil,00:17:52,1072,849159,https://animehistory.org/uploads/screencaps/outlaw-star-E007-Creeping-Evil/cap_00-17-52_5d13.jpg,Outlaw Star Ep 7: Creeping Evil @ 00:17:52,https://animehistory.org/gallery/screencaps/outlaw-star/episode-7/,https://animehistory.org/gallery/screencaps/outlaw-star/episode-7/?page=3,3,2026-10-07T01:49:05.306650+00:00,060fed0df683625ef58b54d169a72be94d5cc950c2fd7288fa8f9aba2e136240,,UNVERIFIED
EP-07,Creeping Evil,00:17:56,1076,849160,https://animehistory.org/uploads/screencaps/outlaw-star-E007-Creeping-Evil/cap_00-17-56_5bd6.jpg,Outlaw Star Ep 7: Creeping Evil @ 00:17:56,https://animehistory.org/gallery/screencaps/outlaw-star/episode-7/,https://animehistory.org/gallery/screencaps/outlaw-star/episode-7/?page=3,3,2026-10-07T01:49:05.306650+00:00,060fed0df683625ef58b54d169a72be94d5cc950c2fd7288fa8f9aba2e136240,,UNVERIFIED
EP-07,Creeping Evil,00:18:00,1080,849161,https://animehistory.org/uploads/screencaps/outlaw-star-E007-Creeping-Evil/cap_00-18-00_6691.jpg,Outlaw Star Ep 7: Creeping Evil @ 00:18:00,https://animehistory.org/gallery/screencaps/outlaw-star/episode-7/,https://animehistory.org/gallery/screencaps/outlaw-star/episode-7/?page=3,3,2026-10-07T01:49:05.306650+00:00,060fed0df683625ef58b54d169a72be94d5cc950c2fd7288fa8f9aba2e136240,,UNVERIFIED
EP-07,Creeping Evil,00:18:03,1083,849162,https://animehistory.org/uploads/screencaps/outlaw-star-E007-Creeping-Evil/cap_00-18-03_0850.jpg,Outlaw Star Ep 7: Creeping Evil @ 00:18:03,https://animehistory.org/gallery/screencaps/outlaw-star/episode-7/,https://animehistory.org/gallery/screencaps/outlaw-star/episode-7/?page=3,3,2026-10-07T01:49:05.306650+00:00,060fed0df683625ef58b54d169a72be94d5cc950c2fd7288fa8f9aba2e136240,,UNVERIFIED
EP-07,Creeping Evil,00:18:07,1087,849163,https://animehistory.org/uploads/screencaps/outlaw-star-E007-Creeping-Evil/cap_00-18-07_6fc7.jpg,Outlaw Star Ep 7: Creeping Evil @ 00:18:07,https://animehistory.org/gallery/screencaps/outlaw-star/episode-7/,https://animehistory.org/gallery/screencaps/outlaw-star/episode-7/?page=3,3,2026-10-07T01:49:05.306650+00:00,060fed0df683625ef58b54d169a72be94d5cc950c2fd7288fa8f9aba2e136240,,UNVERIFIED
EP-07,Creeping Evil,00:18:11,1091,849164,https://animehistory.org/uploads/screencaps/outlaw-star-E007-Creeping-Evil/cap_00-18-11_5845.jpg,Outlaw Star Ep 7: Creeping Evil @ 00:18:11,https://animehistory.org/gallery/screencaps/outlaw-star/episode-7/,https://animehistory.org/gallery/screencaps/outlaw-star/episode-7/?page=3,3,2026-10-07T01:49:05.306650+00:00,060fed0df683625ef58b54d169a72be94d5cc950c2fd7288fa8f9aba2e136240,,UNVERIFIED
EP-07,Creeping Evil,00:18:14,1094,849165,https://animehistory.org/uploads/screencaps/outlaw-star-E007-Creeping-Evil/cap_00-18-14_4d07.jpg,Outlaw Star Ep 7: Creeping Evil @ 00:18:14,https://animehistory.org/gallery/screencaps/outlaw-star/episode-7/,https://animehistory.org/gallery/screencaps/outlaw-star/episode-7/?page=3,3,2026-10-07T01:49:05.306650+00:00,060fed0df683625ef58b54d169a72be94d5cc950c2fd7288fa8f9aba2e136240,,UNVERIFIED
EP-07,Creeping Evil,00:18:18,1098,849166,https://animehistory.org/uploads/screencaps/outlaw-star-E007-Creeping-Evil/cap_00-18-18_292b.jpg,Outlaw Star Ep 7: Creeping Evil @ 00:18:18,https://animehistory.org/gallery/screencaps/outlaw-star/episode-7/,https://animehistory.org/gallery/screencaps/outlaw-star/episode-7/?page=3,3,2026-10-07T01:49:05.306650+00:00,060fed0df683625ef58b54d169a72be94d5cc950c2fd7288fa8f9aba2e136240,,UNVERIFIED
EP-07,Creeping Evil,00:18:22,1102,849167,https://animehistory.org/uploads/screencaps/outlaw-star-E007-Creeping-Evil/cap_00-18-22_6da7.jpg,Outlaw Star Ep 7: Creeping Evil @ 00:18:22,https://animehistory.org/gallery/screencaps/outlaw-star/episode-7/,https://animehistory.org/gallery/screencaps/outlaw-star/episode-7/?page=3,3,2026-10-07T01:49:05.306650+00:00,060fed0df683625ef58b54d169a72be94d5cc950c2fd7288fa8f9aba2e136240,,UNVERIFIED
EP-07,Creeping Evil,00:18:26,1106,849168,https://animehistory.org/uploads/screencaps/outlaw-star-E007-Creeping-Evil/cap_00-18-26_227f.jpg,Outlaw Star Ep 7: Creeping Evil @ 00:18:26,https://animehistory.org/gallery/screencaps/outlaw-star/episode-7/,https://animehistory.org/gallery/screencaps/outlaw-star/episode-7/?page=3,3,2026-10-07T01:49:05.306650+00:00,060fed0df683625ef58b54d169a72be94d5cc950c2fd7288fa8f9aba2e136240,,UNVERIFIED
EP-07,Creeping Evil,00:18:29,1109,849169,https://animehistory.org/uploads/screencaps/outlaw-star-E007-Creeping-Evil/cap_00-18-29_7f85.jpg,Outlaw Star Ep 7: Creeping Evil @ 00:18:29,https://animehistory.org/gallery/screencaps/outlaw-star/episode-7/,https://animehistory.org/gallery/screencaps/outlaw-star/episode-7/?page=3,3,2026-10-07T01:49:05.306650+00:00,060fed0df683625ef58b54d169a72be94d5cc950c2fd7288fa8f9aba2e136240,,UNVERIFIED
EP-07,Creeping Evil,00:18:33,1113,849170,https://animehistory.org/uploads/screencaps/outlaw-star-E007-Creeping-Evil/cap_00-18-33_4ec2.jpg,Outlaw Star Ep 7: Creeping Evil @ 00:18:33,https://animehistory.org/gallery/screencaps/outlaw-star/episode-7/,https://animehistory.org/gallery/screencaps/outlaw-star/episode-7/?page=3,3,2026-10-07T01:49:05.306650+00:00,060fed0df683625ef58b54d169a72be94d5cc950c2fd7288fa8f9aba2e136240,,UNVERIFIED
EP-07,Creeping Evil,00:18:37,1117,849171,https://animehistory.org/uploads/screencaps/outlaw-star-E007-Creeping-Evil/cap_00-18-37_1537.jpg,Outlaw Star Ep 7: Creeping Evil @ 00:18:37,https://animehistory.org/gallery/screencaps/outlaw-star/episode-7/,https://animehistory.org/gallery/screencaps/outlaw-star/episode-7/?page=3,3,2026-10-07T01:49:05.306650+00:00,060fed0df683625ef58b54d169a72be94d5cc950c2fd7288fa8f9aba2e136240,,UNVERIFIED
EP-07,Creeping Evil,00:18:40,1120,849172,https://animehistory.org/uploads/screencaps/outlaw-star-E007-Creeping-Evil/cap_00-18-40_5701.jpg,Outlaw Star Ep 7: Creeping Evil @ 00:18:40,https://animehistory.org/gallery/screencaps/outlaw-star/episode-7/,https://animehistory.org/gallery/screencaps/outlaw-star/episode-7/?page=3,3,2026-10-07T01:49:05.306650+00:00,060fed0df683625ef58b54d169a72be94d5cc950c2fd7288fa8f9aba2e136240,,UNVERIFIED
EP-07,Creeping Evil,00:18:44,1124,849173,https://animehistory.org/uploads/screencaps/outlaw-star-E007-Creeping-Evil/cap_00-18-44_684d.jpg,Outlaw Star Ep 7: Creeping Evil @ 00:18:44,https://animehistory.org/gallery/screencaps/outlaw-star/episode-7/,https://animehistory.org/gallery/screencaps/outlaw-star/episode-7/?page=3,3,2026-10-07T01:49:05.306650+00:00,060fed0df683625ef58b54d169a72be94d5cc950c2fd7288fa8f9aba2e136240,,UNVERIFIED
EP-07,Creeping Evil,00:18:48,1128,849174,https://animehistory.org/uploads/screencaps/outlaw-star-E007-Creeping-Evil/cap_00-18-48_5bd0.jpg,Outlaw Star Ep 7: Creeping Evil @ 00:18:48,https://animehistory.org/gallery/screencaps/outlaw-star/episode-7/,https://animehistory.org/gallery/screencaps/outlaw-star/episode-7/?page=3,3,2026-10-07T01:49:05.306650+00:00,060fed0df683625ef58b54d169a72be94d5cc950c2fd7288fa8f9aba2e136240,,UNVERIFIED
EP-07,Creeping Evil,00:18:51,1131,849175,https://animehistory.org/uploads/screencaps/outlaw-star-E007-Creeping-Evil/cap_00-18-51_446e.jpg,Outlaw Star Ep 7: Creeping Evil @ 00:18:51,https://animehistory.org/gallery/screencaps/outlaw-star/episode-7/,https://animehistory.org/gallery/screencaps/outlaw-star/episode-7/?page=3,3,2026-10-07T01:49:05.306650+00:00,060fed0df683625ef58b54d169a72be94d5cc950c2fd7288fa8f9aba2e136240,,UNVERIFIED
EP-07,Creeping Evil,00:18:55,1135,849176,https://animehistory.org/uploads/screencaps/outlaw-star-E007-Creeping-Evil/cap_00-18-55_65fa.jpg,Outlaw Star Ep 7: Creeping Evil @ 00:18:55,https://animehistory.org/gallery/screencaps/outlaw-star/episode-7/,https://animehistory.org/gallery/screencaps/outlaw-star/episode-7/?page=3,3,2026-10-07T01:49:05.306650+00:00,060fed0df683625ef58b54d169a72be94d5cc950c2fd7288fa8f9aba2e136240,,UNVERIFIED
EP-07,Creeping Evil,00:18:59,1139,849177,https://animehistory.org/uploads/screencaps/outlaw-star-E007-Creeping-Evil/cap_00-18-59_0e14.jpg,Outlaw Star Ep 7: Creeping Evil @ 00:18:59,https://animehistory.org/gallery/screencaps/outlaw-star/episode-7/,https://animehistory.org/gallery/screencaps/outlaw-star/episode-7/?page=3,3,2026-10-07T01:49:05.306650+00:00,060fed0df683625ef58b54d169a72be94d5cc950c2fd7288fa8f9aba2e136240,,UNVERIFIED
EP-07,Creeping Evil,00:19:03,1143,849178,https://animehistory.org/uploads/screencaps/outlaw-star-E007-Creeping-Evil/cap_00-19-03_183c.jpg,Outlaw Star Ep 7: Creeping Evil @ 00:19:03,https://animehistory.org/gallery/screencaps/outlaw-star/episode-7/,https://animehistory.org/gallery/screencaps/outlaw-star/episode-7/?page=3,3,2026-10-07T01:49:05.306650+00:00,060fed0df683625ef58b54d169a72be94d5cc950c2fd7288fa8f9aba2e136240,,UNVERIFIED
EP-07,Creeping Evil,00:19:06,1146,849179,https://animehistory.org/uploads/screencaps/outlaw-star-E007-Creeping-Evil/cap_00-19-06_5fe5.jpg,Outlaw Star Ep 7: Creeping Evil @ 00:19:06,https://animehistory.org/gallery/screencaps/outlaw-star/episode-7/,https://animehistory.org/gallery/screencaps/outlaw-star/episode-7/?page=3,3,2026-10-07T01:49:05.306650+00:00,060fed0df683625ef58b54d169a72be94d5cc950c2fd7288fa8f9aba2e136240,,UNVERIFIED
EP-07,Creeping Evil,00:19:10,1150,849180,https://animehistory.org/uploads/screencaps/outlaw-star-E007-Creeping-Evil/cap_00-19-10_344e.jpg,Outlaw Star Ep 7: Creeping Evil @ 00:19:10,https://animehistory.org/gallery/screencaps/outlaw-star/episode-7/,https://animehistory.org/gallery/screencaps/outlaw-star/episode-7/?page=3,3,2026-10-07T01:49:05.306650+00:00,060fed0df683625ef58b54d169a72be94d5cc950c2fd7288fa8f9aba2e136240,,UNVERIFIED
EP-07,Creeping Evil,00:19:14,1154,849181,https://animehistory.org/uploads/screencaps/outlaw-star-E007-Creeping-Evil/cap_00-19-14_1325.jpg,Outlaw Star Ep 7: Creeping Evil @ 00:19:14,https://animehistory.org/gallery/screencaps/outlaw-star/episode-7/,https://animehistory.org/gallery/screencaps/outlaw-star/episode-7/?page=3,3,2026-10-07T01:49:05.306650+00:00,060fed0df683625ef58b54d169a72be94d5cc950c2fd7288fa8f9aba2e136240,,UNVERIFIED
EP-07,Creeping Evil,00:19:17,1157,849182,https://animehistory.org/uploads/screencaps/outlaw-star-E007-Creeping-Evil/cap_00-19-17_522d.jpg,Outlaw Star Ep 7: Creeping Evil @ 00:19:17,https://animehistory.org/gallery/screencaps/outlaw-star/episode-7/,https://animehistory.org/gallery/screencaps/outlaw-star/episode-7/?page=3,3,2026-10-07T01:49:05.306650+00:00,060fed0df683625ef58b54d169a72be94d5cc950c2fd7288fa8f9aba2e136240,,UNVERIFIED
EP-07,Creeping Evil,00:19:21,1161,849183,https://animehistory.org/uploads/screencaps/outlaw-star-E007-Creeping-Evil/cap_00-19-21_23a0.jpg,Outlaw Star Ep 7: Creeping Evil @ 00:19:21,https://animehistory.org/gallery/screencaps/outlaw-star/episode-7/,https://animehistory.org/gallery/screencaps/outlaw-star/episode-7/?page=3,3,2026-10-07T01:49:05.306650+00:00,060fed0df683625ef58b54d169a72be94d5cc950c2fd7288fa8f9aba2e136240,,UNVERIFIED
EP-07,Creeping Evil,00:19:25,1165,849184,https://animehistory.org/uploads/screencaps/outlaw-star-E007-Creeping-Evil/cap_00-19-25_1771.jpg,Outlaw Star Ep 7: Creeping Evil @ 00:19:25,https://animehistory.org/gallery/screencaps/outlaw-star/episode-7/,https://animehistory.org/gallery/screencaps/outlaw-star/episode-7/?page=3,3,2026-10-07T01:49:05.306650+00:00,060fed0df683625ef58b54d169a72be94d5cc950c2fd7288fa8f9aba2e136240,,UNVERIFIED
EP-07,Creeping Evil,00:19:28,1168,849185,https://animehistory.org/uploads/screencaps/outlaw-star-E007-Creeping-Evil/cap_00-19-28_1ccf.jpg,Outlaw Star Ep 7: Creeping Evil @ 00:19:28,https://animehistory.org/gallery/screencaps/outlaw-star/episode-7/,https://animehistory.org/gallery/screencaps/outlaw-star/episode-7/?page=3,3,2026-10-07T01:49:05.306650+00:00,060fed0df683625ef58b54d169a72be94d5cc950c2fd7288fa8f9aba2e136240,,UNVERIFIED
EP-07,Creeping Evil,00:19:32,1172,849186,https://animehistory.org/uploads/screencaps/outlaw-star-E007-Creeping-Evil/cap_00-19-32_3624.jpg,Outlaw Star Ep 7: Creeping Evil @ 00:19:32,https://animehistory.org/gallery/screencaps/outlaw-star/episode-7/,https://animehistory.org/gallery/screencaps/outlaw-star/episode-7/?page=3,3,2026-10-07T01:49:05.306650+00:00,060fed0df683625ef58b54d169a72be94d5cc950c2fd7288fa8f9aba2e136240,,UNVERIFIED
EP-07,Creeping Evil,00:19:36,1176,849187,https://animehistory.org/uploads/screencaps/outlaw-star-E007-Creeping-Evil/cap_00-19-36_3be7.jpg,Outlaw Star Ep 7: Creeping Evil @ 00:19:36,https://animehistory.org/gallery/screencaps/outlaw-star/episode-7/,https://animehistory.org/gallery/screencaps/outlaw-star/episode-7/?page=3,3,2026-10-07T01:49:05.306650+00:00,060fed0df683625ef58b54d169a72be94d5cc950c2fd7288fa8f9aba2e136240,,UNVERIFIED
EP-07,Creeping Evil,00:19:39,1179,849188,https://animehistory.org/uploads/screencaps/outlaw-star-E007-Creeping-Evil/cap_00-19-39_45c2.jpg,Outlaw Star Ep 7: Creeping Evil @ 00:19:39,https://animehistory.org/gallery/screencaps/outlaw-star/episode-7/,https://animehistory.org/gallery/screencaps/outlaw-star/episode-7/?page=3,3,2026-10-07T01:49:05.306650+00:00,060fed0df683625ef58b54d169a72be94d5cc950c2fd7288fa8f9aba2e136240,,UNVERIFIED
EP-07,Creeping Evil,00:19:43,1183,849189,https://animehistory.org/uploads/screencaps/outlaw-star-E007-Creeping-Evil/cap_00-19-43_4b5a.jpg,Outlaw Star Ep 7: Creeping Evil @ 00:19:43,https://animehistory.org/gallery/screencaps/outlaw-star/episode-7/,https://animehistory.org/gallery/screencaps/outlaw-star/episode-7/?page=3,3,2026-10-07T01:49:05.306650+00:00,060fed0df683625ef58b54d169a72be94d5cc950c2fd7288fa8f9aba2e136240,,UNVERIFIED
EP-07,Creeping Evil,00:19:47,1187,849190,https://animehistory.org/uploads/screencaps/outlaw-star-E007-Creeping-Evil/cap_00-19-47_50e0.jpg,Outlaw Star Ep 7: Creeping Evil @ 00:19:47,https://animehistory.org/gallery/screencaps/outlaw-star/episode-7/,https://animehistory.org/gallery/screencaps/outlaw-star/episode-7/?page=3,3,2026-10-07T01:49:05.306650+00:00,060fed0df683625ef58b54d169a72be94d5cc950c2fd7288fa8f9aba2e136240,,UNVERIFIED
EP-07,Creeping Evil,00:19:51,1191,849191,https://animehistory.org/uploads/screencaps/outlaw-star-E007-Creeping-Evil/cap_00-19-51_2e45.jpg,Outlaw Star Ep 7: Creeping Evil @ 00:19:51,https://animehistory.org/gallery/screencaps/outlaw-star/episode-7/,https://animehistory.org/gallery/screencaps/outlaw-star/episode-7/?page=3,3,2026-10-07T01:49:05.306650+00:00,060fed0df683625ef58b54d169a72be94d5cc950c2fd7288fa8f9aba2e136240,,UNVERIFIED
EP-07,Creeping Evil,00:19:54,1194,849192,https://animehistory.org/uploads/screencaps/outlaw-star-E007-Creeping-Evil/cap_00-19-54_0381.jpg,Outlaw Star Ep 7: Creeping Evil @ 00:19:54,https://animehistory.org/gallery/screencaps/outlaw-star/episode-7/,https://animehistory.org/gallery/screencaps/outlaw-star/episode-7/?page=3,3,2026-10-07T01:49:05.306650+00:00,060fed0df683625ef58b54d169a72be94d5cc950c2fd7288fa8f9aba2e136240,,UNVERIFIED
EP-07,Creeping Evil,00:19:58,1198,849193,https://animehistory.org/uploads/screencaps/outlaw-star-E007-Creeping-Evil/cap_00-19-58_712f.jpg,Outlaw Star Ep 7: Creeping Evil @ 00:19:58,https://animehistory.org/gallery/screencaps/outlaw-star/episode-7/,https://animehistory.org/gallery/screencaps/outlaw-star/episode-7/?page=3,3,2026-10-07T01:49:05.306650+00:00,060fed0df683625ef58b54d169a72be94d5cc950c2fd7288fa8f9aba2e136240,,UNVERIFIED
EP-07,Creeping Evil,00:20:02,1202,849194,https://animehistory.org/uploads/screencaps/outlaw-star-E007-Creeping-Evil/cap_00-20-02_511f.jpg,Outlaw Star Ep 7: Creeping Evil @ 00:20:02,https://animehistory.org/gallery/screencaps/outlaw-star/episode-7/,https://animehistory.org/gallery/screencaps/outlaw-star/episode-7/?page=3,3,2026-10-07T01:49:05.306650+00:00,060fed0df683625ef58b54d169a72be94d5cc950c2fd7288fa8f9aba2e136240,,UNVERIFIED
EP-07,Creeping Evil,00:20:05,1205,849195,https://animehistory.org/uploads/screencaps/outlaw-star-E007-Creeping-Evil/cap_00-20-05_073e.jpg,Outlaw Star Ep 7: Creeping Evil @ 00:20:05,https://animehistory.org/gallery/screencaps/outlaw-star/episode-7/,https://animehistory.org/gallery/screencaps/outlaw-star/episode-7/?page=3,3,2026-10-07T01:49:05.306650+00:00,060fed0df683625ef58b54d169a72be94d5cc950c2fd7288fa8f9aba2e136240,,UNVERIFIED
EP-07,Creeping Evil,00:20:09,1209,849196,https://animehistory.org/uploads/screencaps/outlaw-star-E007-Creeping-Evil/cap_00-20-09_5d48.jpg,Outlaw Star Ep 7: Creeping Evil @ 00:20:09,https://animehistory.org/gallery/screencaps/outlaw-star/episode-7/,https://animehistory.org/gallery/screencaps/outlaw-star/episode-7/?page=3,3,2026-10-07T01:49:05.306650+00:00,060fed0df683625ef58b54d169a72be94d5cc950c2fd7288fa8f9aba2e136240,,UNVERIFIED
EP-07,Creeping Evil,00:20:13,1213,849197,https://animehistory.org/uploads/screencaps/outlaw-star-E007-Creeping-Evil/cap_00-20-13_6a1e.jpg,Outlaw Star Ep 7: Creeping Evil @ 00:20:13,https://animehistory.org/gallery/screencaps/outlaw-star/episode-7/,https://animehistory.org/gallery/screencaps/outlaw-star/episode-7/?page=4,4,2026-10-07T01:49:06.511223+00:00,dc94ad311f976488053d954a887bb46c62d2354d826e5a55057c3b7e6b24fcc5,,UNVERIFIED
EP-07,Creeping Evil,00:20:16,1216,849198,https://animehistory.org/uploads/screencaps/outlaw-star-E007-Creeping-Evil/cap_00-20-16_527f.jpg,Outlaw Star Ep 7: Creeping Evil @ 00:20:16,https://animehistory.org/gallery/screencaps/outlaw-star/episode-7/,https://animehistory.org/gallery/screencaps/outlaw-star/episode-7/?page=4,4,2026-10-07T01:49:06.511223+00:00,dc94ad311f976488053d954a887bb46c62d2354d826e5a55057c3b7e6b24fcc5,,UNVERIFIED
EP-07,Creeping Evil,00:20:20,1220,849199,https://animehistory.org/uploads/screencaps/outlaw-star-E007-Creeping-Evil/cap_00-20-20_7cfb.jpg,Outlaw Star Ep 7: Creeping Evil @ 00:20:20,https://animehistory.org/gallery/screencaps/outlaw-star/episode-7/,https://animehistory.org/gallery/screencaps/outlaw-star/episode-7/?page=4,4,2026-10-07T01:49:06.511223+00:00,dc94ad311f976488053d954a887bb46c62d2354d826e5a55057c3b7e6b24fcc5,,UNVERIFIED
EP-07,Creeping Evil,00:20:24,1224,849200,https://animehistory.org/uploads/screencaps/outlaw-star-E007-Creeping-Evil/cap_00-20-24_1797.jpg,Outlaw Star Ep 7: Creeping Evil @ 00:20:24,https://animehistory.org/gallery/screencaps/outlaw-star/episode-7/,https://animehistory.org/gallery/screencaps/outlaw-star/episode-7/?page=4,4,2026-10-07T01:49:06.511223+00:00,dc94ad311f976488053d954a887bb46c62d2354d826e5a55057c3b7e6b24fcc5,,UNVERIFIED
EP-07,Creeping Evil,00:20:28,1228,849201,https://animehistory.org/uploads/screencaps/outlaw-star-E007-Creeping-Evil/cap_00-20-28_6d9b.jpg,Outlaw Star Ep 7: Creeping Evil @ 00:20:28,https://animehistory.org/gallery/screencaps/outlaw-star/episode-7/,https://animehistory.org/gallery/screencaps/outlaw-star/episode-7/?page=4,4,2026-10-07T01:49:06.511223+00:00,dc94ad311f976488053d954a887bb46c62d2354d826e5a55057c3b7e6b24fcc5,,UNVERIFIED
EP-07,Creeping Evil,00:20:31,1231,849202,https://animehistory.org/uploads/screencaps/outlaw-star-E007-Creeping-Evil/cap_00-20-31_5ac0.jpg,Outlaw Star Ep 7: Creeping Evil @ 00:20:31,https://animehistory.org/gallery/screencaps/outlaw-star/episode-7/,https://animehistory.org/gallery/screencaps/outlaw-star/episode-7/?page=4,4,2026-10-07T01:49:06.511223+00:00,dc94ad311f976488053d954a887bb46c62d2354d826e5a55057c3b7e6b24fcc5,,UNVERIFIED
EP-07,Creeping Evil,00:20:35,1235,849203,https://animehistory.org/uploads/screencaps/outlaw-star-E007-Creeping-Evil/cap_00-20-35_4a4f.jpg,Outlaw Star Ep 7: Creeping Evil @ 00:20:35,https://animehistory.org/gallery/screencaps/outlaw-star/episode-7/,https://animehistory.org/gallery/screencaps/outlaw-star/episode-7/?page=4,4,2026-10-07T01:49:06.511223+00:00,dc94ad311f976488053d954a887bb46c62d2354d826e5a55057c3b7e6b24fcc5,,UNVERIFIED
EP-07,Creeping Evil,00:20:39,1239,849204,https://animehistory.org/uploads/screencaps/outlaw-star-E007-Creeping-Evil/cap_00-20-39_7aac.jpg,Outlaw Star Ep 7: Creeping Evil @ 00:20:39,https://animehistory.org/gallery/screencaps/outlaw-star/episode-7/,https://animehistory.org/gallery/screencaps/outlaw-star/episode-7/?page=4,4,2026-10-07T01:49:06.511223+00:00,dc94ad311f976488053d954a887bb46c62d2354d826e5a55057c3b7e6b24fcc5,,UNVERIFIED
EP-07,Creeping Evil,00:20:42,1242,849205,https://animehistory.org/uploads/screencaps/outlaw-star-E007-Creeping-Evil/cap_00-20-42_76a0.jpg,Outlaw Star Ep 7: Creeping Evil @ 00:20:42,https://animehistory.org/gallery/screencaps/outlaw-star/episode-7/,https://animehistory.org/gallery/screencaps/outlaw-star/episode-7/?page=4,4,2026-10-07T01:49:06.511223+00:00,dc94ad311f976488053d954a887bb46c62d2354d826e5a55057c3b7e6b24fcc5,,UNVERIFIED
EP-07,Creeping Evil,00:20:46,1246,849206,https://animehistory.org/uploads/screencaps/outlaw-star-E007-Creeping-Evil/cap_00-20-46_2f36.jpg,Outlaw Star Ep 7: Creeping Evil @ 00:20:46,https://animehistory.org/gallery/screencaps/outlaw-star/episode-7/,https://animehistory.org/gallery/screencaps/outlaw-star/episode-7/?page=4,4,2026-10-07T01:49:06.511223+00:00,dc94ad311f976488053d954a887bb46c62d2354d826e5a55057c3b7e6b24fcc5,,UNVERIFIED
EP-07,Creeping Evil,00:20:50,1250,849207,https://animehistory.org/uploads/screencaps/outlaw-star-E007-Creeping-Evil/cap_00-20-50_0553.jpg,Outlaw Star Ep 7: Creeping Evil @ 00:20:50,https://animehistory.org/gallery/screencaps/outlaw-star/episode-7/,https://animehistory.org/gallery/screencaps/outlaw-star/episode-7/?page=4,4,2026-10-07T01:49:06.511223+00:00,dc94ad311f976488053d954a887bb46c62d2354d826e5a55057c3b7e6b24fcc5,,UNVERIFIED
EP-07,Creeping Evil,00:20:53,1253,849208,https://animehistory.org/uploads/screencaps/outlaw-star-E007-Creeping-Evil/cap_00-20-53_5678.jpg,Outlaw Star Ep 7: Creeping Evil @ 00:20:53,https://animehistory.org/gallery/screencaps/outlaw-star/episode-7/,https://animehistory.org/gallery/screencaps/outlaw-star/episode-7/?page=4,4,2026-10-07T01:49:06.511223+00:00,dc94ad311f976488053d954a887bb46c62d2354d826e5a55057c3b7e6b24fcc5,,UNVERIFIED
EP-07,Creeping Evil,00:20:57,1257,849209,https://animehistory.org/uploads/screencaps/outlaw-star-E007-Creeping-Evil/cap_00-20-57_22fa.jpg,Outlaw Star Ep 7: Creeping Evil @ 00:20:57,https://animehistory.org/gallery/screencaps/outlaw-star/episode-7/,https://animehistory.org/gallery/screencaps/outlaw-star/episode-7/?page=4,4,2026-10-07T01:49:06.511223+00:00,dc94ad311f976488053d954a887bb46c62d2354d826e5a55057c3b7e6b24fcc5,,UNVERIFIED
EP-07,Creeping Evil,00:21:01,1261,849210,https://animehistory.org/uploads/screencaps/outlaw-star-E007-Creeping-Evil/cap_00-21-01_1638.jpg,Outlaw Star Ep 7: Creeping Evil @ 00:21:01,https://animehistory.org/gallery/screencaps/outlaw-star/episode-7/,https://animehistory.org/gallery/screencaps/outlaw-star/episode-7/?page=4,4,2026-10-07T01:49:06.511223+00:00,dc94ad311f976488053d954a887bb46c62d2354d826e5a55057c3b7e6b24fcc5,,UNVERIFIED
EP-07,Creeping Evil,00:21:05,1265,849211,https://animehistory.org/uploads/screencaps/outlaw-star-E007-Creeping-Evil/cap_00-21-05_7224.jpg,Outlaw Star Ep 7: Creeping Evil @ 00:21:05,https://animehistory.org/gallery/screencaps/outlaw-star/episode-7/,https://animehistory.org/gallery/screencaps/outlaw-star/episode-7/?page=4,4,2026-10-07T01:49:06.511223+00:00,dc94ad311f976488053d954a887bb46c62d2354d826e5a55057c3b7e6b24fcc5,,UNVERIFIED
EP-07,Creeping Evil,00:21:08,1268,849212,https://animehistory.org/uploads/screencaps/outlaw-star-E007-Creeping-Evil/cap_00-21-08_7f09.jpg,Outlaw Star Ep 7: Creeping Evil @ 00:21:08,https://animehistory.org/gallery/screencaps/outlaw-star/episode-7/,https://animehistory.org/gallery/screencaps/outlaw-star/episode-7/?page=4,4,2026-10-07T01:49:06.511223+00:00,dc94ad311f976488053d954a887bb46c62d2354d826e5a55057c3b7e6b24fcc5,,UNVERIFIED
EP-07,Creeping Evil,00:21:12,1272,849213,https://animehistory.org/uploads/screencaps/outlaw-star-E007-Creeping-Evil/cap_00-21-12_0c24.jpg,Outlaw Star Ep 7: Creeping Evil @ 00:21:12,https://animehistory.org/gallery/screencaps/outlaw-star/episode-7/,https://animehistory.org/gallery/screencaps/outlaw-star/episode-7/?page=4,4,2026-10-07T01:49:06.511223+00:00,dc94ad311f976488053d954a887bb46c62d2354d826e5a55057c3b7e6b24fcc5,,UNVERIFIED
EP-07,Creeping Evil,00:21:16,1276,849214,https://animehistory.org/uploads/screencaps/outlaw-star-E007-Creeping-Evil/cap_00-21-16_3851.jpg,Outlaw Star Ep 7: Creeping Evil @ 00:21:16,https://animehistory.org/gallery/screencaps/outlaw-star/episode-7/,https://animehistory.org/gallery/screencaps/outlaw-star/episode-7/?page=4,4,2026-10-07T01:49:06.511223+00:00,dc94ad311f976488053d954a887bb46c62d2354d826e5a55057c3b7e6b24fcc5,,UNVERIFIED
EP-07,Creeping Evil,00:21:19,1279,849215,https://animehistory.org/uploads/screencaps/outlaw-star-E007-Creeping-Evil/cap_00-21-19_6126.jpg,Outlaw Star Ep 7: Creeping Evil @ 00:21:19,https://animehistory.org/gallery/screencaps/outlaw-star/episode-7/,https://animehistory.org/gallery/screencaps/outlaw-star/episode-7/?page=4,4,2026-10-07T01:49:06.511223+00:00,dc94ad311f976488053d954a887bb46c62d2354d826e5a55057c3b7e6b24fcc5,,UNVERIFIED
EP-07,Creeping Evil,00:21:23,1283,849216,https://animehistory.org/uploads/screencaps/outlaw-star-E007-Creeping-Evil/cap_00-21-23_027f.jpg,Outlaw Star Ep 7: Creeping Evil @ 00:21:23,https://animehistory.org/gallery/screencaps/outlaw-star/episode-7/,https://animehistory.org/gallery/screencaps/outlaw-star/episode-7/?page=4,4,2026-10-07T01:49:06.511223+00:00,dc94ad311f976488053d954a887bb46c62d2354d826e5a55057c3b7e6b24fcc5,,UNVERIFIED
EP-07,Creeping Evil,00:21:27,1287,849217,https://animehistory.org/uploads/screencaps/outlaw-star-E007-Creeping-Evil/cap_00-21-27_129a.jpg,Outlaw Star Ep 7: Creeping Evil @ 00:21:27,https://animehistory.org/gallery/screencaps/outlaw-star/episode-7/,https://animehistory.org/gallery/screencaps/outlaw-star/episode-7/?page=4,4,2026-10-07T01:49:06.511223+00:00,dc94ad311f976488053d954a887bb46c62d2354d826e5a55057c3b7e6b24fcc5,,UNVERIFIED
EP-07,Creeping Evil,00:21:30,1290,849218,https://animehistory.org/uploads/screencaps/outlaw-star-E007-Creeping-Evil/cap_00-21-30_4e1b.jpg,Outlaw Star Ep 7: Creeping Evil @ 00:21:30,https://animehistory.org/gallery/screencaps/outlaw-star/episode-7/,https://animehistory.org/gallery/screencaps/outlaw-star/episode-7/?page=4,4,2026-10-07T01:49:06.511223+00:00,dc94ad311f976488053d954a887bb46c62d2354d826e5a55057c3b7e6b24fcc5,,UNVERIFIED
EP-07,Creeping Evil,00:21:34,1294,849219,https://animehistory.org/uploads/screencaps/outlaw-star-E007-Creeping-Evil/cap_00-21-34_1865.jpg,Outlaw Star Ep 7: Creeping Evil @ 00:21:34,https://animehistory.org/gallery/screencaps/outlaw-star/episode-7/,https://animehistory.org/gallery/screencaps/outlaw-star/episode-7/?page=4,4,2026-10-07T01:49:06.511223+00:00,dc94ad311f976488053d954a887bb46c62d2354d826e5a55057c3b7e6b24fcc5,,UNVERIFIED
EP-07,Creeping Evil,00:21:38,1298,849220,https://animehistory.org/uploads/screencaps/outlaw-star-E007-Creeping-Evil/cap_00-21-38_5c1c.jpg,Outlaw Star Ep 7: Creeping Evil @ 00:21:38,https://animehistory.org/gallery/screencaps/outlaw-star/episode-7/,https://animehistory.org/gallery/screencaps/outlaw-star/episode-7/?page=4,4,2026-10-07T01:49:06.511223+00:00,dc94ad311f976488053d954a887bb46c62d2354d826e5a55057c3b7e6b24fcc5,,UNVERIFIED
EP-07,Creeping Evil,00:21:42,1302,849221,https://animehistory.org/uploads/screencaps/outlaw-star-E007-Creeping-Evil/cap_00-21-42_54ec.jpg,Outlaw Star Ep 7: Creeping Evil @ 00:21:42,https://animehistory.org/gallery/screencaps/outlaw-star/episode-7/,https://animehistory.org/gallery/screencaps/outlaw-star/episode-7/?page=4,4,2026-10-07T01:49:06.511223+00:00,dc94ad311f976488053d954a887bb46c62d2354d826e5a55057c3b7e6b24fcc5,,UNVERIFIED
EP-07,Creeping Evil,00:21:45,1305,849222,https://animehistory.org/uploads/screencaps/outlaw-star-E007-Creeping-Evil/cap_00-21-45_7f3f.jpg,Outlaw Star Ep 7: Creeping Evil @ 00:21:45,https://animehistory.org/gallery/screencaps/outlaw-star/episode-7/,https://animehistory.org/gallery/screencaps/outlaw-star/episode-7/?page=4,4,2026-10-07T01:49:06.511223+00:00,dc94ad311f976488053d954a887bb46c62d2354d826e5a55057c3b7e6b24fcc5,,UNVERIFIED
EP-07,Creeping Evil,00:21:49,1309,849223,https://animehistory.org/uploads/screencaps/outlaw-star-E007-Creeping-Evil/cap_00-21-49_313d.jpg,Outlaw Star Ep 7: Creeping Evil @ 00:21:49,https://animehistory.org/gallery/screencaps/outlaw-star/episode-7/,https://animehistory.org/gallery/screencaps/outlaw-star/episode-7/?page=4,4,2026-10-07T01:49:06.511223+00:00,dc94ad311f976488053d954a887bb46c62d2354d826e5a55057c3b7e6b24fcc5,,UNVERIFIED
EP-07,Creeping Evil,00:21:53,1313,849224,https://animehistory.org/uploads/screencaps/outlaw-star-E007-Creeping-Evil/cap_00-21-53_238c.jpg,Outlaw Star Ep 7: Creeping Evil @ 00:21:53,https://animehistory.org/gallery/screencaps/outlaw-star/episode-7/,https://animehistory.org/gallery/screencaps/outlaw-star/episode-7/?page=4,4,2026-10-07T01:49:06.511223+00:00,dc94ad311f976488053d954a887bb46c62d2354d826e5a55057c3b7e6b24fcc5,,UNVERIFIED
EP-07,Creeping Evil,00:21:56,1316,849225,https://animehistory.org/uploads/screencaps/outlaw-star-E007-Creeping-Evil/cap_00-21-56_2e75.jpg,Outlaw Star Ep 7: Creeping Evil @ 00:21:56,https://animehistory.org/gallery/screencaps/outlaw-star/episode-7/,https://animehistory.org/gallery/screencaps/outlaw-star/episode-7/?page=4,4,2026-10-07T01:49:06.511223+00:00,dc94ad311f976488053d954a887bb46c62d2354d826e5a55057c3b7e6b24fcc5,,UNVERIFIED
EP-07,Creeping Evil,00:22:00,1320,849226,https://animehistory.org/uploads/screencaps/outlaw-star-E007-Creeping-Evil/cap_00-22-00_2047.jpg,Outlaw Star Ep 7: Creeping Evil @ 00:22:00,https://animehistory.org/gallery/screencaps/outlaw-star/episode-7/,https://animehistory.org/gallery/screencaps/outlaw-star/episode-7/?page=4,4,2026-10-07T01:49:06.511223+00:00,dc94ad311f976488053d954a887bb46c62d2354d826e5a55057c3b7e6b24fcc5,,UNVERIFIED
EP-07,Creeping Evil,00:22:04,1324,849227,https://animehistory.org/uploads/screencaps/outlaw-star-E007-Creeping-Evil/cap_00-22-04_1a71.jpg,Outlaw Star Ep 7: Creeping Evil @ 00:22:04,https://animehistory.org/gallery/screencaps/outlaw-star/episode-7/,https://animehistory.org/gallery/screencaps/outlaw-star/episode-7/?page=4,4,2026-10-07T01:49:06.511223+00:00,dc94ad311f976488053d954a887bb46c62d2354d826e5a55057c3b7e6b24fcc5,,UNVERIFIED
EP-07,Creeping Evil,00:22:07,1327,849228,https://animehistory.org/uploads/screencaps/outlaw-star-E007-Creeping-Evil/cap_00-22-07_0beb.jpg,Outlaw Star Ep 7: Creeping Evil @ 00:22:07,https://animehistory.org/gallery/screencaps/outlaw-star/episode-7/,https://animehistory.org/gallery/screencaps/outlaw-star/episode-7/?page=4,4,2026-10-07T01:49:06.511223+00:00,dc94ad311f976488053d954a887bb46c62d2354d826e5a55057c3b7e6b24fcc5,,UNVERIFIED
EP-07,Creeping Evil,00:22:11,1331,849229,https://animehistory.org/uploads/screencaps/outlaw-star-E007-Creeping-Evil/cap_00-22-11_0d15.jpg,Outlaw Star Ep 7: Creeping Evil @ 00:22:11,https://animehistory.org/gallery/screencaps/outlaw-star/episode-7/,https://animehistory.org/gallery/screencaps/outlaw-star/episode-7/?page=4,4,2026-10-07T01:49:06.511223+00:00,dc94ad311f976488053d954a887bb46c62d2354d826e5a55057c3b7e6b24fcc5,,UNVERIFIED
EP-07,Creeping Evil,00:22:15,1335,849230,https://animehistory.org/uploads/screencaps/outlaw-star-E007-Creeping-Evil/cap_00-22-15_32f4.jpg,Outlaw Star Ep 7: Creeping Evil @ 00:22:15,https://animehistory.org/gallery/screencaps/outlaw-star/episode-7/,https://animehistory.org/gallery/screencaps/outlaw-star/episode-7/?page=4,4,2026-10-07T01:49:06.511223+00:00,dc94ad311f976488053d954a887bb46c62d2354d826e5a55057c3b7e6b24fcc5,,UNVERIFIED
EP-07,Creeping Evil,00:22:19,1339,849231,https://animehistory.org/uploads/screencaps/outlaw-star-E007-Creeping-Evil/cap_00-22-19_50b8.jpg,Outlaw Star Ep 7: Creeping Evil @ 00:22:19,https://animehistory.org/gallery/screencaps/outlaw-star/episode-7/,https://animehistory.org/gallery/screencaps/outlaw-star/episode-7/?page=4,4,2026-10-07T01:49:06.511223+00:00,dc94ad311f976488053d954a887bb46c62d2354d826e5a55057c3b7e6b24fcc5,,UNVERIFIED
EP-07,Creeping Evil,00:22:22,1342,849232,https://animehistory.org/uploads/screencaps/outlaw-star-E007-Creeping-Evil/cap_00-22-22_11f8.jpg,Outlaw Star Ep 7: Creeping Evil @ 00:22:22,https://animehistory.org/gallery/screencaps/outlaw-star/episode-7/,https://animehistory.org/gallery/screencaps/outlaw-star/episode-7/?page=4,4,2026-10-07T01:49:06.511223+00:00,dc94ad311f976488053d954a887bb46c62d2354d826e5a55057c3b7e6b24fcc5,,UNVERIFIED
EP-07,Creeping Evil,00:22:26,1346,849233,https://animehistory.org/uploads/screencaps/outlaw-star-E007-Creeping-Evil/cap_00-22-26_4a0f.jpg,Outlaw Star Ep 7: Creeping Evil @ 00:22:26,https://animehistory.org/gallery/screencaps/outlaw-star/episode-7/,https://animehistory.org/gallery/screencaps/outlaw-star/episode-7/?page=4,4,2026-10-07T01:49:06.511223+00:00,dc94ad311f976488053d954a887bb46c62d2354d826e5a55057c3b7e6b24fcc5,,UNVERIFIED
EP-07,Creeping Evil,00:22:30,1350,849234,https://animehistory.org/uploads/screencaps/outlaw-star-E007-Creeping-Evil/cap_00-22-30_3812.jpg,Outlaw Star Ep 7: Creeping Evil @ 00:22:30,https://animehistory.org/gallery/screencaps/outlaw-star/episode-7/,https://animehistory.org/gallery/screencaps/outlaw-star/episode-7/?page=4,4,2026-10-07T01:49:06.511223+00:00,dc94ad311f976488053d954a887bb46c62d2354d826e5a55057c3b7e6b24fcc5,,UNVERIFIED
EP-07,Creeping Evil,00:22:33,1353,849235,https://animehistory.org/uploads/screencaps/outlaw-star-E007-Creeping-Evil/cap_00-22-33_6bb1.jpg,Outlaw Star Ep 7: Creeping Evil @ 00:22:33,https://animehistory.org/gallery/screencaps/outlaw-star/episode-7/,https://animehistory.org/gallery/screencaps/outlaw-star/episode-7/?page=4,4,2026-10-07T01:49:06.511223+00:00,dc94ad311f976488053d954a887bb46c62d2354d826e5a55057c3b7e6b24fcc5,,UNVERIFIED
EP-07,Creeping Evil,00:22:37,1357,849236,https://animehistory.org/uploads/screencaps/outlaw-star-E007-Creeping-Evil/cap_00-22-37_4a3c.jpg,Outlaw Star Ep 7: Creeping Evil @ 00:22:37,https://animehistory.org/gallery/screencaps/outlaw-star/episode-7/,https://animehistory.org/gallery/screencaps/outlaw-star/episode-7/?page=4,4,2026-10-07T01:49:06.511223+00:00,dc94ad311f976488053d954a887bb46c62d2354d826e5a55057c3b7e6b24fcc5,,UNVERIFIED
EP-07,Creeping Evil,00:22:41,1361,849237,https://animehistory.org/uploads/screencaps/outlaw-star-E007-Creeping-Evil/cap_00-22-41_233d.jpg,Outlaw Star Ep 7: Creeping Evil @ 00:22:41,https://animehistory.org/gallery/screencaps/outlaw-star/episode-7/,https://animehistory.org/gallery/screencaps/outlaw-star/episode-7/?page=4,4,2026-10-07T01:49:06.511223+00:00,dc94ad311f976488053d954a887bb46c62d2354d826e5a55057c3b7e6b24fcc5,,UNVERIFIED
EP-07,Creeping Evil,00:22:44,1364,849238,https://animehistory.org/uploads/screencaps/outlaw-star-E007-Creeping-Evil/cap_00-22-44_112a.jpg,Outlaw Star Ep 7: Creeping Evil @ 00:22:44,https://animehistory.org/gallery/screencaps/outlaw-star/episode-7/,https://animehistory.org/gallery/screencaps/outlaw-star/episode-7/?page=4,4,2026-10-07T01:49:06.511223+00:00,dc94ad311f976488053d954a887bb46c62d2354d826e5a55057c3b7e6b24fcc5,,UNVERIFIED
EP-07,Creeping Evil,00:22:48,1368,849239,https://animehistory.org/uploads/screencaps/outlaw-star-E007-Creeping-Evil/cap_00-22-48_2d81.jpg,Outlaw Star Ep 7: Creeping Evil @ 00:22:48,https://animehistory.org/gallery/screencaps/outlaw-star/episode-7/,https://animehistory.org/gallery/screencaps/outlaw-star/episode-7/?page=4,4,2026-10-07T01:49:06.511223+00:00,dc94ad311f976488053d954a887bb46c62d2354d826e5a55057c3b7e6b24fcc5,,UNVERIFIED
EP-07,Creeping Evil,00:22:52,1372,849240,https://animehistory.org/uploads/screencaps/outlaw-star-E007-Creeping-Evil/cap_00-22-52_6b0d.jpg,Outlaw Star Ep 7: Creeping Evil @ 00:22:52,https://animehistory.org/gallery/screencaps/outlaw-star/episode-7/,https://animehistory.org/gallery/screencaps/outlaw-star/episode-7/?page=4,4,2026-10-07T01:49:06.511223+00:00,dc94ad311f976488053d954a887bb46c62d2354d826e5a55057c3b7e6b24fcc5,,UNVERIFIED
EP-07,Creeping Evil,00:22:56,1376,849241,https://animehistory.org/uploads/screencaps/outlaw-star-E007-Creeping-Evil/cap_00-22-56_1186.jpg,Outlaw Star Ep 7: Creeping Evil @ 00:22:56,https://animehistory.org/gallery/screencaps/outlaw-star/episode-7/,https://animehistory.org/gallery/screencaps/outlaw-star/episode-7/?page=4,4,2026-10-07T01:49:06.511223+00:00,dc94ad311f976488053d954a887bb46c62d2354d826e5a55057c3b7e6b24fcc5,,UNVERIFIED
EP-07,Creeping Evil,00:22:59,1379,849242,https://animehistory.org/uploads/screencaps/outlaw-star-E007-Creeping-Evil/cap_00-22-59_54d2.jpg,Outlaw Star Ep 7: Creeping Evil @ 00:22:59,https://animehistory.org/gallery/screencaps/outlaw-star/episode-7/,https://animehistory.org/gallery/screencaps/outlaw-star/episode-7/?page=4,4,2026-10-07T01:49:06.511223+00:00,dc94ad311f976488053d954a887bb46c62d2354d826e5a55057c3b7e6b24fcc5,,UNVERIFIED
EP-07,Creeping Evil,00:23:03,1383,849243,https://animehistory.org/uploads/screencaps/outlaw-star-E007-Creeping-Evil/cap_00-23-03_43cc.jpg,Outlaw Star Ep 7: Creeping Evil @ 00:23:03,https://animehistory.org/gallery/screencaps/outlaw-star/episode-7/,https://animehistory.org/gallery/screencaps/outlaw-star/episode-7/?page=4,4,2026-10-07T01:49:06.511223+00:00,dc94ad311f976488053d954a887bb46c62d2354d826e5a55057c3b7e6b24fcc5,,UNVERIFIED
EP-07,Creeping Evil,00:23:07,1387,849244,https://animehistory.org/uploads/screencaps/outlaw-star-E007-Creeping-Evil/cap_00-23-07_034c.jpg,Outlaw Star Ep 7: Creeping Evil @ 00:23:07,https://animehistory.org/gallery/screencaps/outlaw-star/episode-7/,https://animehistory.org/gallery/screencaps/outlaw-star/episode-7/?page=4,4,2026-10-07T01:49:06.511223+00:00,dc94ad311f976488053d954a887bb46c62d2354d826e5a55057c3b7e6b24fcc5,,UNVERIFIED
EP-07,Creeping Evil,00:23:10,1390,849245,https://animehistory.org/uploads/screencaps/outlaw-star-E007-Creeping-Evil/cap_00-23-10_5671.jpg,Outlaw Star Ep 7: Creeping Evil @ 00:23:10,https://animehistory.org/gallery/screencaps/outlaw-star/episode-7/,https://animehistory.org/gallery/screencaps/outlaw-star/episode-7/?page=4,4,2026-10-07T01:49:06.511223+00:00,dc94ad311f976488053d954a887bb46c62d2354d826e5a55057c3b7e6b24fcc5,,UNVERIFIED
EP-07,Creeping Evil,00:23:14,1394,849246,https://animehistory.org/uploads/screencaps/outlaw-star-E007-Creeping-Evil/cap_00-23-14_3427.jpg,Outlaw Star Ep 7: Creeping Evil @ 00:23:14,https://animehistory.org/gallery/screencaps/outlaw-star/episode-7/,https://animehistory.org/gallery/screencaps/outlaw-star/episode-7/?page=4,4,2026-10-07T01:49:06.511223+00:00,dc94ad311f976488053d954a887bb46c62d2354d826e5a55057c3b7e6b24fcc5,,UNVERIFIED
EP-07,Creeping Evil,00:23:18,1398,849247,https://animehistory.org/uploads/screencaps/outlaw-star-E007-Creeping-Evil/cap_00-23-18_34db.jpg,Outlaw Star Ep 7: Creeping Evil @ 00:23:18,https://animehistory.org/gallery/screencaps/outlaw-star/episode-7/,https://animehistory.org/gallery/screencaps/outlaw-star/episode-7/?page=4,4,2026-10-07T01:49:06.511223+00:00,dc94ad311f976488053d954a887bb46c62d2354d826e5a55057c3b7e6b24fcc5,,UNVERIFIED
EP-07,Creeping Evil,00:23:21,1401,849248,https://animehistory.org/uploads/screencaps/outlaw-star-E007-Creeping-Evil/cap_00-23-21_2e64.jpg,Outlaw Star Ep 7: Creeping Evil @ 00:23:21,https://animehistory.org/gallery/screencaps/outlaw-star/episode-7/,https://animehistory.org/gallery/screencaps/outlaw-star/episode-7/?page=4,4,2026-10-07T01:49:06.511223+00:00,dc94ad311f976488053d954a887bb46c62d2354d826e5a55057c3b7e6b24fcc5,,UNVERIFIED
EP-07,Creeping Evil,00:23:25,1405,849249,https://animehistory.org/uploads/screencaps/outlaw-star-E007-Creeping-Evil/cap_00-23-25_1e39.jpg,Outlaw Star Ep 7: Creeping Evil @ 00:23:25,https://animehistory.org/gallery/screencaps/outlaw-star/episode-7/,https://animehistory.org/gallery/screencaps/outlaw-star/episode-7/?page=4,4,2026-10-07T01:49:06.511223+00:00,dc94ad311f976488053d954a887bb46c62d2354d826e5a55057c3b7e6b24fcc5,,UNVERIFIED
EP-07,Creeping Evil,00:23:29,1409,849250,https://animehistory.org/uploads/screencaps/outlaw-star-E007-Creeping-Evil/cap_00-23-29_01ab.jpg,Outlaw Star Ep 7: Creeping Evil @ 00:23:29,https://animehistory.org/gallery/screencaps/outlaw-star/episode-7/,https://animehistory.org/gallery/screencaps/outlaw-star/episode-7/?page=4,4,2026-10-07T01:49:06.511223+00:00,dc94ad311f976488053d954a887bb46c62d2354d826e5a55057c3b7e6b24fcc5,,UNVERIFIED
