episode_id,episode_title,web_timestamp,web_seconds,image_id,image_url,caption,gallery_url,source_page_url,source_page,retrieved_utc,html_sha256,local_timestamp,alignment_status
EP-18,The Strongest Woman in the Universe,00:01:43,103,852791,https://animehistory.org/uploads/screencaps/outlaw-star-E018-The-Strongest-Woman-in-the-Universe/cap_00-01-43_1252.jpg,Outlaw Star Ep 18: The Strongest Woman in the Universe @ 00:01:43,https://animehistory.org/gallery/screencaps/outlaw-star/episode-18/,https://animehistory.org/gallery/screencaps/outlaw-star/episode-18/,1,2026-10-07T01:50:00.910933+00:00,ac57f92926ca9277a1346994a377536625fd80b5f75ca5280b1118f79eeb7ad0,,UNVERIFIED
EP-18,The Strongest Woman in the Universe,00:01:47,107,852792,https://animehistory.org/uploads/screencaps/outlaw-star-E018-The-Strongest-Woman-in-the-Universe/cap_00-01-47_7ea3.jpg,Outlaw Star Ep 18: The Strongest Woman in the Universe @ 00:01:47,https://animehistory.org/gallery/screencaps/outlaw-star/episode-18/,https://animehistory.org/gallery/screencaps/outlaw-star/episode-18/,1,2026-10-07T01:50:00.910933+00:00,ac57f92926ca9277a1346994a377536625fd80b5f75ca5280b1118f79eeb7ad0,,UNVERIFIED
EP-18,The Strongest Woman in the Universe,00:01:50,110,852793,https://animehistory.org/uploads/screencaps/outlaw-star-E018-The-Strongest-Woman-in-the-Universe/cap_00-01-50_7d8a.jpg,Outlaw Star Ep 18: The Strongest Woman in the Universe @ 00:01:50,https://animehistory.org/gallery/screencaps/outlaw-star/episode-18/,https://animehistory.org/gallery/screencaps/outlaw-star/episode-18/,1,2026-10-07T01:50:00.910933+00:00,ac57f92926ca9277a1346994a377536625fd80b5f75ca5280b1118f79eeb7ad0,,UNVERIFIED
EP-18,The Strongest Woman in the Universe,00:01:54,114,852794,https://animehistory.org/uploads/screencaps/outlaw-star-E018-The-Strongest-Woman-in-the-Universe/cap_00-01-54_78c2.jpg,Outlaw Star Ep 18: The Strongest Woman in the Universe @ 00:01:54,https://animehistory.org/gallery/screencaps/outlaw-star/episode-18/,https://animehistory.org/gallery/screencaps/outlaw-star/episode-18/,1,2026-10-07T01:50:00.910933+00:00,ac57f92926ca9277a1346994a377536625fd80b5f75ca5280b1118f79eeb7ad0,,UNVERIFIED
EP-18,The Strongest Woman in the Universe,00:01:58,118,852795,https://animehistory.org/uploads/screencaps/outlaw-star-E018-The-Strongest-Woman-in-the-Universe/cap_00-01-58_6fac.jpg,Outlaw Star Ep 18: The Strongest Woman in the Universe @ 00:01:58,https://animehistory.org/gallery/screencaps/outlaw-star/episode-18/,https://animehistory.org/gallery/screencaps/outlaw-star/episode-18/,1,2026-10-07T01:50:00.910933+00:00,ac57f92926ca9277a1346994a377536625fd80b5f75ca5280b1118f79eeb7ad0,,UNVERIFIED
EP-18,The Strongest Woman in the Universe,00:02:01,121,852796,https://animehistory.org/uploads/screencaps/outlaw-star-E018-The-Strongest-Woman-in-the-Universe/cap_00-02-01_1056.jpg,Outlaw Star Ep 18: The Strongest Woman in the Universe @ 00:02:01,https://animehistory.org/gallery/screencaps/outlaw-star/episode-18/,https://animehistory.org/gallery/screencaps/outlaw-star/episode-18/,1,2026-10-07T01:50:00.910933+00:00,ac57f92926ca9277a1346994a377536625fd80b5f75ca5280b1118f79eeb7ad0,,UNVERIFIED
EP-18,The Strongest Woman in the Universe,00:02:05,125,852797,https://animehistory.org/uploads/screencaps/outlaw-star-E018-The-Strongest-Woman-in-the-Universe/cap_00-02-05_2df7.jpg,Outlaw Star Ep 18: The Strongest Woman in the Universe @ 00:02:05,https://animehistory.org/gallery/screencaps/outlaw-star/episode-18/,https://animehistory.org/gallery/screencaps/outlaw-star/episode-18/,1,2026-10-07T01:50:00.910933+00:00,ac57f92926ca9277a1346994a377536625fd80b5f75ca5280b1118f79eeb7ad0,,UNVERIFIED
EP-18,The Strongest Woman in the Universe,00:02:08,128,852798,https://animehistory.org/uploads/screencaps/outlaw-star-E018-The-Strongest-Woman-in-the-Universe/cap_00-02-08_1cb3.jpg,Outlaw Star Ep 18: The Strongest Woman in the Universe @ 00:02:08,https://animehistory.org/gallery/screencaps/outlaw-star/episode-18/,https://animehistory.org/gallery/screencaps/outlaw-star/episode-18/,1,2026-10-07T01:50:00.910933+00:00,ac57f92926ca9277a1346994a377536625fd80b5f75ca5280b1118f79eeb7ad0,,UNVERIFIED
EP-18,The Strongest Woman in the Universe,00:02:12,132,852799,https://animehistory.org/uploads/screencaps/outlaw-star-E018-The-Strongest-Woman-in-the-Universe/cap_00-02-12_08df.jpg,Outlaw Star Ep 18: The Strongest Woman in the Universe @ 00:02:12,https://animehistory.org/gallery/screencaps/outlaw-star/episode-18/,https://animehistory.org/gallery/screencaps/outlaw-star/episode-18/,1,2026-10-07T01:50:00.910933+00:00,ac57f92926ca9277a1346994a377536625fd80b5f75ca5280b1118f79eeb7ad0,,UNVERIFIED
EP-18,The Strongest Woman in the Universe,00:02:16,136,852800,https://animehistory.org/uploads/screencaps/outlaw-star-E018-The-Strongest-Woman-in-the-Universe/cap_00-02-16_04f3.jpg,Outlaw Star Ep 18: The Strongest Woman in the Universe @ 00:02:16,https://animehistory.org/gallery/screencaps/outlaw-star/episode-18/,https://animehistory.org/gallery/screencaps/outlaw-star/episode-18/,1,2026-10-07T01:50:00.910933+00:00,ac57f92926ca9277a1346994a377536625fd80b5f75ca5280b1118f79eeb7ad0,,UNVERIFIED
EP-18,The Strongest Woman in the Universe,00:02:19,139,852801,https://animehistory.org/uploads/screencaps/outlaw-star-E018-The-Strongest-Woman-in-the-Universe/cap_00-02-19_2380.jpg,Outlaw Star Ep 18: The Strongest Woman in the Universe @ 00:02:19,https://animehistory.org/gallery/screencaps/outlaw-star/episode-18/,https://animehistory.org/gallery/screencaps/outlaw-star/episode-18/,1,2026-10-07T01:50:00.910933+00:00,ac57f92926ca9277a1346994a377536625fd80b5f75ca5280b1118f79eeb7ad0,,UNVERIFIED
EP-18,The Strongest Woman in the Universe,00:02:23,143,852802,https://animehistory.org/uploads/screencaps/outlaw-star-E018-The-Strongest-Woman-in-the-Universe/cap_00-02-23_7110.jpg,Outlaw Star Ep 18: The Strongest Woman in the Universe @ 00:02:23,https://animehistory.org/gallery/screencaps/outlaw-star/episode-18/,https://animehistory.org/gallery/screencaps/outlaw-star/episode-18/,1,2026-10-07T01:50:00.910933+00:00,ac57f92926ca9277a1346994a377536625fd80b5f75ca5280b1118f79eeb7ad0,,UNVERIFIED
EP-18,The Strongest Woman in the Universe,00:02:27,147,852803,https://animehistory.org/uploads/screencaps/outlaw-star-E018-The-Strongest-Woman-in-the-Universe/cap_00-02-27_1240.jpg,Outlaw Star Ep 18: The Strongest Woman in the Universe @ 00:02:27,https://animehistory.org/gallery/screencaps/outlaw-star/episode-18/,https://animehistory.org/gallery/screencaps/outlaw-star/episode-18/,1,2026-10-07T01:50:00.910933+00:00,ac57f92926ca9277a1346994a377536625fd80b5f75ca5280b1118f79eeb7ad0,,UNVERIFIED
EP-18,The Strongest Woman in the Universe,00:02:30,150,852804,https://animehistory.org/uploads/screencaps/outlaw-star-E018-The-Strongest-Woman-in-the-Universe/cap_00-02-30_11f2.jpg,Outlaw Star Ep 18: The Strongest Woman in the Universe @ 00:02:30,https://animehistory.org/gallery/screencaps/outlaw-star/episode-18/,https://animehistory.org/gallery/screencaps/outlaw-star/episode-18/,1,2026-10-07T01:50:00.910933+00:00,ac57f92926ca9277a1346994a377536625fd80b5f75ca5280b1118f79eeb7ad0,,UNVERIFIED
EP-18,The Strongest Woman in the Universe,00:02:34,154,852805,https://animehistory.org/uploads/screencaps/outlaw-star-E018-The-Strongest-Woman-in-the-Universe/cap_00-02-34_1fc5.jpg,Outlaw Star Ep 18: The Strongest Woman in the Universe @ 00:02:34,https://animehistory.org/gallery/screencaps/outlaw-star/episode-18/,https://animehistory.org/gallery/screencaps/outlaw-star/episode-18/,1,2026-10-07T01:50:00.910933+00:00,ac57f92926ca9277a1346994a377536625fd80b5f75ca5280b1118f79eeb7ad0,,UNVERIFIED
EP-18,The Strongest Woman in the Universe,00:02:37,157,852806,https://animehistory.org/uploads/screencaps/outlaw-star-E018-The-Strongest-Woman-in-the-Universe/cap_00-02-37_37ec.jpg,Outlaw Star Ep 18: The Strongest Woman in the Universe @ 00:02:37,https://animehistory.org/gallery/screencaps/outlaw-star/episode-18/,https://animehistory.org/gallery/screencaps/outlaw-star/episode-18/,1,2026-10-07T01:50:00.910933+00:00,ac57f92926ca9277a1346994a377536625fd80b5f75ca5280b1118f79eeb7ad0,,UNVERIFIED
EP-18,The Strongest Woman in the Universe,00:02:41,161,852807,https://animehistory.org/uploads/screencaps/outlaw-star-E018-The-Strongest-Woman-in-the-Universe/cap_00-02-41_032c.jpg,Outlaw Star Ep 18: The Strongest Woman in the Universe @ 00:02:41,https://animehistory.org/gallery/screencaps/outlaw-star/episode-18/,https://animehistory.org/gallery/screencaps/outlaw-star/episode-18/,1,2026-10-07T01:50:00.910933+00:00,ac57f92926ca9277a1346994a377536625fd80b5f75ca5280b1118f79eeb7ad0,,UNVERIFIED
EP-18,The Strongest Woman in the Universe,00:02:45,165,852808,https://animehistory.org/uploads/screencaps/outlaw-star-E018-The-Strongest-Woman-in-the-Universe/cap_00-02-45_28dc.jpg,Outlaw Star Ep 18: The Strongest Woman in the Universe @ 00:02:45,https://animehistory.org/gallery/screencaps/outlaw-star/episode-18/,https://animehistory.org/gallery/screencaps/outlaw-star/episode-18/,1,2026-10-07T01:50:00.910933+00:00,ac57f92926ca9277a1346994a377536625fd80b5f75ca5280b1118f79eeb7ad0,,UNVERIFIED
EP-18,The Strongest Woman in the Universe,00:02:48,168,852809,https://animehistory.org/uploads/screencaps/outlaw-star-E018-The-Strongest-Woman-in-the-Universe/cap_00-02-48_3861.jpg,Outlaw Star Ep 18: The Strongest Woman in the Universe @ 00:02:48,https://animehistory.org/gallery/screencaps/outlaw-star/episode-18/,https://animehistory.org/gallery/screencaps/outlaw-star/episode-18/,1,2026-10-07T01:50:00.910933+00:00,ac57f92926ca9277a1346994a377536625fd80b5f75ca5280b1118f79eeb7ad0,,UNVERIFIED
EP-18,The Strongest Woman in the Universe,00:02:52,172,852810,https://animehistory.org/uploads/screencaps/outlaw-star-E018-The-Strongest-Woman-in-the-Universe/cap_00-02-52_6fd9.jpg,Outlaw Star Ep 18: The Strongest Woman in the Universe @ 00:02:52,https://animehistory.org/gallery/screencaps/outlaw-star/episode-18/,https://animehistory.org/gallery/screencaps/outlaw-star/episode-18/,1,2026-10-07T01:50:00.910933+00:00,ac57f92926ca9277a1346994a377536625fd80b5f75ca5280b1118f79eeb7ad0,,UNVERIFIED
EP-18,The Strongest Woman in the Universe,00:02:56,176,852811,https://animehistory.org/uploads/screencaps/outlaw-star-E018-The-Strongest-Woman-in-the-Universe/cap_00-02-56_1515.jpg,Outlaw Star Ep 18: The Strongest Woman in the Universe @ 00:02:56,https://animehistory.org/gallery/screencaps/outlaw-star/episode-18/,https://animehistory.org/gallery/screencaps/outlaw-star/episode-18/,1,2026-10-07T01:50:00.910933+00:00,ac57f92926ca9277a1346994a377536625fd80b5f75ca5280b1118f79eeb7ad0,,UNVERIFIED
EP-18,The Strongest Woman in the Universe,00:02:59,179,852812,https://animehistory.org/uploads/screencaps/outlaw-star-E018-The-Strongest-Woman-in-the-Universe/cap_00-02-59_2b41.jpg,Outlaw Star Ep 18: The Strongest Woman in the Universe @ 00:02:59,https://animehistory.org/gallery/screencaps/outlaw-star/episode-18/,https://animehistory.org/gallery/screencaps/outlaw-star/episode-18/,1,2026-10-07T01:50:00.910933+00:00,ac57f92926ca9277a1346994a377536625fd80b5f75ca5280b1118f79eeb7ad0,,UNVERIFIED
EP-18,The Strongest Woman in the Universe,00:03:03,183,852813,https://animehistory.org/uploads/screencaps/outlaw-star-E018-The-Strongest-Woman-in-the-Universe/cap_00-03-03_0622.jpg,Outlaw Star Ep 18: The Strongest Woman in the Universe @ 00:03:03,https://animehistory.org/gallery/screencaps/outlaw-star/episode-18/,https://animehistory.org/gallery/screencaps/outlaw-star/episode-18/,1,2026-10-07T01:50:00.910933+00:00,ac57f92926ca9277a1346994a377536625fd80b5f75ca5280b1118f79eeb7ad0,,UNVERIFIED
EP-18,The Strongest Woman in the Universe,00:03:06,186,852814,https://animehistory.org/uploads/screencaps/outlaw-star-E018-The-Strongest-Woman-in-the-Universe/cap_00-03-06_5910.jpg,Outlaw Star Ep 18: The Strongest Woman in the Universe @ 00:03:06,https://animehistory.org/gallery/screencaps/outlaw-star/episode-18/,https://animehistory.org/gallery/screencaps/outlaw-star/episode-18/,1,2026-10-07T01:50:00.910933+00:00,ac57f92926ca9277a1346994a377536625fd80b5f75ca5280b1118f79eeb7ad0,,UNVERIFIED
EP-18,The Strongest Woman in the Universe,00:03:10,190,852815,https://animehistory.org/uploads/screencaps/outlaw-star-E018-The-Strongest-Woman-in-the-Universe/cap_00-03-10_5217.jpg,Outlaw Star Ep 18: The Strongest Woman in the Universe @ 00:03:10,https://animehistory.org/gallery/screencaps/outlaw-star/episode-18/,https://animehistory.org/gallery/screencaps/outlaw-star/episode-18/,1,2026-10-07T01:50:00.910933+00:00,ac57f92926ca9277a1346994a377536625fd80b5f75ca5280b1118f79eeb7ad0,,UNVERIFIED
EP-18,The Strongest Woman in the Universe,00:03:14,194,852816,https://animehistory.org/uploads/screencaps/outlaw-star-E018-The-Strongest-Woman-in-the-Universe/cap_00-03-14_7ff8.jpg,Outlaw Star Ep 18: The Strongest Woman in the Universe @ 00:03:14,https://animehistory.org/gallery/screencaps/outlaw-star/episode-18/,https://animehistory.org/gallery/screencaps/outlaw-star/episode-18/,1,2026-10-07T01:50:00.910933+00:00,ac57f92926ca9277a1346994a377536625fd80b5f75ca5280b1118f79eeb7ad0,,UNVERIFIED
EP-18,The Strongest Woman in the Universe,00:03:17,197,852817,https://animehistory.org/uploads/screencaps/outlaw-star-E018-The-Strongest-Woman-in-the-Universe/cap_00-03-17_5855.jpg,Outlaw Star Ep 18: The Strongest Woman in the Universe @ 00:03:17,https://animehistory.org/gallery/screencaps/outlaw-star/episode-18/,https://animehistory.org/gallery/screencaps/outlaw-star/episode-18/,1,2026-10-07T01:50:00.910933+00:00,ac57f92926ca9277a1346994a377536625fd80b5f75ca5280b1118f79eeb7ad0,,UNVERIFIED
EP-18,The Strongest Woman in the Universe,00:03:21,201,852818,https://animehistory.org/uploads/screencaps/outlaw-star-E018-The-Strongest-Woman-in-the-Universe/cap_00-03-21_4edb.jpg,Outlaw Star Ep 18: The Strongest Woman in the Universe @ 00:03:21,https://animehistory.org/gallery/screencaps/outlaw-star/episode-18/,https://animehistory.org/gallery/screencaps/outlaw-star/episode-18/,1,2026-10-07T01:50:00.910933+00:00,ac57f92926ca9277a1346994a377536625fd80b5f75ca5280b1118f79eeb7ad0,,UNVERIFIED
EP-18,The Strongest Woman in the Universe,00:03:24,204,852819,https://animehistory.org/uploads/screencaps/outlaw-star-E018-The-Strongest-Woman-in-the-Universe/cap_00-03-24_334d.jpg,Outlaw Star Ep 18: The Strongest Woman in the Universe @ 00:03:24,https://animehistory.org/gallery/screencaps/outlaw-star/episode-18/,https://animehistory.org/gallery/screencaps/outlaw-star/episode-18/,1,2026-10-07T01:50:00.910933+00:00,ac57f92926ca9277a1346994a377536625fd80b5f75ca5280b1118f79eeb7ad0,,UNVERIFIED
EP-18,The Strongest Woman in the Universe,00:03:28,208,852820,https://animehistory.org/uploads/screencaps/outlaw-star-E018-The-Strongest-Woman-in-the-Universe/cap_00-03-28_7dba.jpg,Outlaw Star Ep 18: The Strongest Woman in the Universe @ 00:03:28,https://animehistory.org/gallery/screencaps/outlaw-star/episode-18/,https://animehistory.org/gallery/screencaps/outlaw-star/episode-18/,1,2026-10-07T01:50:00.910933+00:00,ac57f92926ca9277a1346994a377536625fd80b5f75ca5280b1118f79eeb7ad0,,UNVERIFIED
EP-18,The Strongest Woman in the Universe,00:03:32,212,852821,https://animehistory.org/uploads/screencaps/outlaw-star-E018-The-Strongest-Woman-in-the-Universe/cap_00-03-32_166c.jpg,Outlaw Star Ep 18: The Strongest Woman in the Universe @ 00:03:32,https://animehistory.org/gallery/screencaps/outlaw-star/episode-18/,https://animehistory.org/gallery/screencaps/outlaw-star/episode-18/,1,2026-10-07T01:50:00.910933+00:00,ac57f92926ca9277a1346994a377536625fd80b5f75ca5280b1118f79eeb7ad0,,UNVERIFIED
EP-18,The Strongest Woman in the Universe,00:03:35,215,852822,https://animehistory.org/uploads/screencaps/outlaw-star-E018-The-Strongest-Woman-in-the-Universe/cap_00-03-35_2488.jpg,Outlaw Star Ep 18: The Strongest Woman in the Universe @ 00:03:35,https://animehistory.org/gallery/screencaps/outlaw-star/episode-18/,https://animehistory.org/gallery/screencaps/outlaw-star/episode-18/,1,2026-10-07T01:50:00.910933+00:00,ac57f92926ca9277a1346994a377536625fd80b5f75ca5280b1118f79eeb7ad0,,UNVERIFIED
EP-18,The Strongest Woman in the Universe,00:03:39,219,852823,https://animehistory.org/uploads/screencaps/outlaw-star-E018-The-Strongest-Woman-in-the-Universe/cap_00-03-39_21de.jpg,Outlaw Star Ep 18: The Strongest Woman in the Universe @ 00:03:39,https://animehistory.org/gallery/screencaps/outlaw-star/episode-18/,https://animehistory.org/gallery/screencaps/outlaw-star/episode-18/,1,2026-10-07T01:50:00.910933+00:00,ac57f92926ca9277a1346994a377536625fd80b5f75ca5280b1118f79eeb7ad0,,UNVERIFIED
EP-18,The Strongest Woman in the Universe,00:03:43,223,852824,https://animehistory.org/uploads/screencaps/outlaw-star-E018-The-Strongest-Woman-in-the-Universe/cap_00-03-43_2c4a.jpg,Outlaw Star Ep 18: The Strongest Woman in the Universe @ 00:03:43,https://animehistory.org/gallery/screencaps/outlaw-star/episode-18/,https://animehistory.org/gallery/screencaps/outlaw-star/episode-18/,1,2026-10-07T01:50:00.910933+00:00,ac57f92926ca9277a1346994a377536625fd80b5f75ca5280b1118f79eeb7ad0,,UNVERIFIED
EP-18,The Strongest Woman in the Universe,00:03:46,226,852825,https://animehistory.org/uploads/screencaps/outlaw-star-E018-The-Strongest-Woman-in-the-Universe/cap_00-03-46_746e.jpg,Outlaw Star Ep 18: The Strongest Woman in the Universe @ 00:03:46,https://animehistory.org/gallery/screencaps/outlaw-star/episode-18/,https://animehistory.org/gallery/screencaps/outlaw-star/episode-18/,1,2026-10-07T01:50:00.910933+00:00,ac57f92926ca9277a1346994a377536625fd80b5f75ca5280b1118f79eeb7ad0,,UNVERIFIED
EP-18,The Strongest Woman in the Universe,00:03:50,230,852826,https://animehistory.org/uploads/screencaps/outlaw-star-E018-The-Strongest-Woman-in-the-Universe/cap_00-03-50_764c.jpg,Outlaw Star Ep 18: The Strongest Woman in the Universe @ 00:03:50,https://animehistory.org/gallery/screencaps/outlaw-star/episode-18/,https://animehistory.org/gallery/screencaps/outlaw-star/episode-18/,1,2026-10-07T01:50:00.910933+00:00,ac57f92926ca9277a1346994a377536625fd80b5f75ca5280b1118f79eeb7ad0,,UNVERIFIED
EP-18,The Strongest Woman in the Universe,00:03:53,233,852827,https://animehistory.org/uploads/screencaps/outlaw-star-E018-The-Strongest-Woman-in-the-Universe/cap_00-03-53_04d3.jpg,Outlaw Star Ep 18: The Strongest Woman in the Universe @ 00:03:53,https://animehistory.org/gallery/screencaps/outlaw-star/episode-18/,https://animehistory.org/gallery/screencaps/outlaw-star/episode-18/,1,2026-10-07T01:50:00.910933+00:00,ac57f92926ca9277a1346994a377536625fd80b5f75ca5280b1118f79eeb7ad0,,UNVERIFIED
EP-18,The Strongest Woman in the Universe,00:03:57,237,852828,https://animehistory.org/uploads/screencaps/outlaw-star-E018-The-Strongest-Woman-in-the-Universe/cap_00-03-57_29f5.jpg,Outlaw Star Ep 18: The Strongest Woman in the Universe @ 00:03:57,https://animehistory.org/gallery/screencaps/outlaw-star/episode-18/,https://animehistory.org/gallery/screencaps/outlaw-star/episode-18/,1,2026-10-07T01:50:00.910933+00:00,ac57f92926ca9277a1346994a377536625fd80b5f75ca5280b1118f79eeb7ad0,,UNVERIFIED
EP-18,The Strongest Woman in the Universe,00:04:01,241,852829,https://animehistory.org/uploads/screencaps/outlaw-star-E018-The-Strongest-Woman-in-the-Universe/cap_00-04-01_6c93.jpg,Outlaw Star Ep 18: The Strongest Woman in the Universe @ 00:04:01,https://animehistory.org/gallery/screencaps/outlaw-star/episode-18/,https://animehistory.org/gallery/screencaps/outlaw-star/episode-18/,1,2026-10-07T01:50:00.910933+00:00,ac57f92926ca9277a1346994a377536625fd80b5f75ca5280b1118f79eeb7ad0,,UNVERIFIED
EP-18,The Strongest Woman in the Universe,00:04:04,244,852830,https://animehistory.org/uploads/screencaps/outlaw-star-E018-The-Strongest-Woman-in-the-Universe/cap_00-04-04_64cb.jpg,Outlaw Star Ep 18: The Strongest Woman in the Universe @ 00:04:04,https://animehistory.org/gallery/screencaps/outlaw-star/episode-18/,https://animehistory.org/gallery/screencaps/outlaw-star/episode-18/,1,2026-10-07T01:50:00.910933+00:00,ac57f92926ca9277a1346994a377536625fd80b5f75ca5280b1118f79eeb7ad0,,UNVERIFIED
EP-18,The Strongest Woman in the Universe,00:04:08,248,852831,https://animehistory.org/uploads/screencaps/outlaw-star-E018-The-Strongest-Woman-in-the-Universe/cap_00-04-08_1dd3.jpg,Outlaw Star Ep 18: The Strongest Woman in the Universe @ 00:04:08,https://animehistory.org/gallery/screencaps/outlaw-star/episode-18/,https://animehistory.org/gallery/screencaps/outlaw-star/episode-18/,1,2026-10-07T01:50:00.910933+00:00,ac57f92926ca9277a1346994a377536625fd80b5f75ca5280b1118f79eeb7ad0,,UNVERIFIED
EP-18,The Strongest Woman in the Universe,00:04:12,252,852832,https://animehistory.org/uploads/screencaps/outlaw-star-E018-The-Strongest-Woman-in-the-Universe/cap_00-04-12_5625.jpg,Outlaw Star Ep 18: The Strongest Woman in the Universe @ 00:04:12,https://animehistory.org/gallery/screencaps/outlaw-star/episode-18/,https://animehistory.org/gallery/screencaps/outlaw-star/episode-18/,1,2026-10-07T01:50:00.910933+00:00,ac57f92926ca9277a1346994a377536625fd80b5f75ca5280b1118f79eeb7ad0,,UNVERIFIED
EP-18,The Strongest Woman in the Universe,00:04:15,255,852833,https://animehistory.org/uploads/screencaps/outlaw-star-E018-The-Strongest-Woman-in-the-Universe/cap_00-04-15_28aa.jpg,Outlaw Star Ep 18: The Strongest Woman in the Universe @ 00:04:15,https://animehistory.org/gallery/screencaps/outlaw-star/episode-18/,https://animehistory.org/gallery/screencaps/outlaw-star/episode-18/,1,2026-10-07T01:50:00.910933+00:00,ac57f92926ca9277a1346994a377536625fd80b5f75ca5280b1118f79eeb7ad0,,UNVERIFIED
EP-18,The Strongest Woman in the Universe,00:04:19,259,852834,https://animehistory.org/uploads/screencaps/outlaw-star-E018-The-Strongest-Woman-in-the-Universe/cap_00-04-19_7b84.jpg,Outlaw Star Ep 18: The Strongest Woman in the Universe @ 00:04:19,https://animehistory.org/gallery/screencaps/outlaw-star/episode-18/,https://animehistory.org/gallery/screencaps/outlaw-star/episode-18/,1,2026-10-07T01:50:00.910933+00:00,ac57f92926ca9277a1346994a377536625fd80b5f75ca5280b1118f79eeb7ad0,,UNVERIFIED
EP-18,The Strongest Woman in the Universe,00:04:22,262,852835,https://animehistory.org/uploads/screencaps/outlaw-star-E018-The-Strongest-Woman-in-the-Universe/cap_00-04-22_4ccf.jpg,Outlaw Star Ep 18: The Strongest Woman in the Universe @ 00:04:22,https://animehistory.org/gallery/screencaps/outlaw-star/episode-18/,https://animehistory.org/gallery/screencaps/outlaw-star/episode-18/,1,2026-10-07T01:50:00.910933+00:00,ac57f92926ca9277a1346994a377536625fd80b5f75ca5280b1118f79eeb7ad0,,UNVERIFIED
EP-18,The Strongest Woman in the Universe,00:04:26,266,852836,https://animehistory.org/uploads/screencaps/outlaw-star-E018-The-Strongest-Woman-in-the-Universe/cap_00-04-26_6759.jpg,Outlaw Star Ep 18: The Strongest Woman in the Universe @ 00:04:26,https://animehistory.org/gallery/screencaps/outlaw-star/episode-18/,https://animehistory.org/gallery/screencaps/outlaw-star/episode-18/,1,2026-10-07T01:50:00.910933+00:00,ac57f92926ca9277a1346994a377536625fd80b5f75ca5280b1118f79eeb7ad0,,UNVERIFIED
EP-18,The Strongest Woman in the Universe,00:04:30,270,852837,https://animehistory.org/uploads/screencaps/outlaw-star-E018-The-Strongest-Woman-in-the-Universe/cap_00-04-30_4524.jpg,Outlaw Star Ep 18: The Strongest Woman in the Universe @ 00:04:30,https://animehistory.org/gallery/screencaps/outlaw-star/episode-18/,https://animehistory.org/gallery/screencaps/outlaw-star/episode-18/,1,2026-10-07T01:50:00.910933+00:00,ac57f92926ca9277a1346994a377536625fd80b5f75ca5280b1118f79eeb7ad0,,UNVERIFIED
EP-18,The Strongest Woman in the Universe,00:04:33,273,852838,https://animehistory.org/uploads/screencaps/outlaw-star-E018-The-Strongest-Woman-in-the-Universe/cap_00-04-33_0510.jpg,Outlaw Star Ep 18: The Strongest Woman in the Universe @ 00:04:33,https://animehistory.org/gallery/screencaps/outlaw-star/episode-18/,https://animehistory.org/gallery/screencaps/outlaw-star/episode-18/,1,2026-10-07T01:50:00.910933+00:00,ac57f92926ca9277a1346994a377536625fd80b5f75ca5280b1118f79eeb7ad0,,UNVERIFIED
EP-18,The Strongest Woman in the Universe,00:04:37,277,852839,https://animehistory.org/uploads/screencaps/outlaw-star-E018-The-Strongest-Woman-in-the-Universe/cap_00-04-37_3aed.jpg,Outlaw Star Ep 18: The Strongest Woman in the Universe @ 00:04:37,https://animehistory.org/gallery/screencaps/outlaw-star/episode-18/,https://animehistory.org/gallery/screencaps/outlaw-star/episode-18/,1,2026-10-07T01:50:00.910933+00:00,ac57f92926ca9277a1346994a377536625fd80b5f75ca5280b1118f79eeb7ad0,,UNVERIFIED
EP-18,The Strongest Woman in the Universe,00:04:40,280,852840,https://animehistory.org/uploads/screencaps/outlaw-star-E018-The-Strongest-Woman-in-the-Universe/cap_00-04-40_0d5e.jpg,Outlaw Star Ep 18: The Strongest Woman in the Universe @ 00:04:40,https://animehistory.org/gallery/screencaps/outlaw-star/episode-18/,https://animehistory.org/gallery/screencaps/outlaw-star/episode-18/,1,2026-10-07T01:50:00.910933+00:00,ac57f92926ca9277a1346994a377536625fd80b5f75ca5280b1118f79eeb7ad0,,UNVERIFIED
EP-18,The Strongest Woman in the Universe,00:04:44,284,852841,https://animehistory.org/uploads/screencaps/outlaw-star-E018-The-Strongest-Woman-in-the-Universe/cap_00-04-44_5bb9.jpg,Outlaw Star Ep 18: The Strongest Woman in the Universe @ 00:04:44,https://animehistory.org/gallery/screencaps/outlaw-star/episode-18/,https://animehistory.org/gallery/screencaps/outlaw-star/episode-18/,1,2026-10-07T01:50:00.910933+00:00,ac57f92926ca9277a1346994a377536625fd80b5f75ca5280b1118f79eeb7ad0,,UNVERIFIED
EP-18,The Strongest Woman in the Universe,00:04:48,288,852842,https://animehistory.org/uploads/screencaps/outlaw-star-E018-The-Strongest-Woman-in-the-Universe/cap_00-04-48_59ba.jpg,Outlaw Star Ep 18: The Strongest Woman in the Universe @ 00:04:48,https://animehistory.org/gallery/screencaps/outlaw-star/episode-18/,https://animehistory.org/gallery/screencaps/outlaw-star/episode-18/,1,2026-10-07T01:50:00.910933+00:00,ac57f92926ca9277a1346994a377536625fd80b5f75ca5280b1118f79eeb7ad0,,UNVERIFIED
EP-18,The Strongest Woman in the Universe,00:04:51,291,852843,https://animehistory.org/uploads/screencaps/outlaw-star-E018-The-Strongest-Woman-in-the-Universe/cap_00-04-51_5093.jpg,Outlaw Star Ep 18: The Strongest Woman in the Universe @ 00:04:51,https://animehistory.org/gallery/screencaps/outlaw-star/episode-18/,https://animehistory.org/gallery/screencaps/outlaw-star/episode-18/,1,2026-10-07T01:50:00.910933+00:00,ac57f92926ca9277a1346994a377536625fd80b5f75ca5280b1118f79eeb7ad0,,UNVERIFIED
EP-18,The Strongest Woman in the Universe,00:04:55,295,852844,https://animehistory.org/uploads/screencaps/outlaw-star-E018-The-Strongest-Woman-in-the-Universe/cap_00-04-55_2eb4.jpg,Outlaw Star Ep 18: The Strongest Woman in the Universe @ 00:04:55,https://animehistory.org/gallery/screencaps/outlaw-star/episode-18/,https://animehistory.org/gallery/screencaps/outlaw-star/episode-18/,1,2026-10-07T01:50:00.910933+00:00,ac57f92926ca9277a1346994a377536625fd80b5f75ca5280b1118f79eeb7ad0,,UNVERIFIED
EP-18,The Strongest Woman in the Universe,00:04:59,299,852845,https://animehistory.org/uploads/screencaps/outlaw-star-E018-The-Strongest-Woman-in-the-Universe/cap_00-04-59_7504.jpg,Outlaw Star Ep 18: The Strongest Woman in the Universe @ 00:04:59,https://animehistory.org/gallery/screencaps/outlaw-star/episode-18/,https://animehistory.org/gallery/screencaps/outlaw-star/episode-18/,1,2026-10-07T01:50:00.910933+00:00,ac57f92926ca9277a1346994a377536625fd80b5f75ca5280b1118f79eeb7ad0,,UNVERIFIED
EP-18,The Strongest Woman in the Universe,00:05:02,302,852846,https://animehistory.org/uploads/screencaps/outlaw-star-E018-The-Strongest-Woman-in-the-Universe/cap_00-05-02_2b1c.jpg,Outlaw Star Ep 18: The Strongest Woman in the Universe @ 00:05:02,https://animehistory.org/gallery/screencaps/outlaw-star/episode-18/,https://animehistory.org/gallery/screencaps/outlaw-star/episode-18/,1,2026-10-07T01:50:00.910933+00:00,ac57f92926ca9277a1346994a377536625fd80b5f75ca5280b1118f79eeb7ad0,,UNVERIFIED
EP-18,The Strongest Woman in the Universe,00:05:06,306,852847,https://animehistory.org/uploads/screencaps/outlaw-star-E018-The-Strongest-Woman-in-the-Universe/cap_00-05-06_27ef.jpg,Outlaw Star Ep 18: The Strongest Woman in the Universe @ 00:05:06,https://animehistory.org/gallery/screencaps/outlaw-star/episode-18/,https://animehistory.org/gallery/screencaps/outlaw-star/episode-18/,1,2026-10-07T01:50:00.910933+00:00,ac57f92926ca9277a1346994a377536625fd80b5f75ca5280b1118f79eeb7ad0,,UNVERIFIED
EP-18,The Strongest Woman in the Universe,00:05:09,309,852848,https://animehistory.org/uploads/screencaps/outlaw-star-E018-The-Strongest-Woman-in-the-Universe/cap_00-05-09_3b32.jpg,Outlaw Star Ep 18: The Strongest Woman in the Universe @ 00:05:09,https://animehistory.org/gallery/screencaps/outlaw-star/episode-18/,https://animehistory.org/gallery/screencaps/outlaw-star/episode-18/,1,2026-10-07T01:50:00.910933+00:00,ac57f92926ca9277a1346994a377536625fd80b5f75ca5280b1118f79eeb7ad0,,UNVERIFIED
EP-18,The Strongest Woman in the Universe,00:05:13,313,852849,https://animehistory.org/uploads/screencaps/outlaw-star-E018-The-Strongest-Woman-in-the-Universe/cap_00-05-13_005a.jpg,Outlaw Star Ep 18: The Strongest Woman in the Universe @ 00:05:13,https://animehistory.org/gallery/screencaps/outlaw-star/episode-18/,https://animehistory.org/gallery/screencaps/outlaw-star/episode-18/,1,2026-10-07T01:50:00.910933+00:00,ac57f92926ca9277a1346994a377536625fd80b5f75ca5280b1118f79eeb7ad0,,UNVERIFIED
EP-18,The Strongest Woman in the Universe,00:05:17,317,852850,https://animehistory.org/uploads/screencaps/outlaw-star-E018-The-Strongest-Woman-in-the-Universe/cap_00-05-17_4918.jpg,Outlaw Star Ep 18: The Strongest Woman in the Universe @ 00:05:17,https://animehistory.org/gallery/screencaps/outlaw-star/episode-18/,https://animehistory.org/gallery/screencaps/outlaw-star/episode-18/,1,2026-10-07T01:50:00.910933+00:00,ac57f92926ca9277a1346994a377536625fd80b5f75ca5280b1118f79eeb7ad0,,UNVERIFIED
EP-18,The Strongest Woman in the Universe,00:05:20,320,852851,https://animehistory.org/uploads/screencaps/outlaw-star-E018-The-Strongest-Woman-in-the-Universe/cap_00-05-20_5ad8.jpg,Outlaw Star Ep 18: The Strongest Woman in the Universe @ 00:05:20,https://animehistory.org/gallery/screencaps/outlaw-star/episode-18/,https://animehistory.org/gallery/screencaps/outlaw-star/episode-18/,1,2026-10-07T01:50:00.910933+00:00,ac57f92926ca9277a1346994a377536625fd80b5f75ca5280b1118f79eeb7ad0,,UNVERIFIED
EP-18,The Strongest Woman in the Universe,00:05:24,324,852852,https://animehistory.org/uploads/screencaps/outlaw-star-E018-The-Strongest-Woman-in-the-Universe/cap_00-05-24_0af0.jpg,Outlaw Star Ep 18: The Strongest Woman in the Universe @ 00:05:24,https://animehistory.org/gallery/screencaps/outlaw-star/episode-18/,https://animehistory.org/gallery/screencaps/outlaw-star/episode-18/,1,2026-10-07T01:50:00.910933+00:00,ac57f92926ca9277a1346994a377536625fd80b5f75ca5280b1118f79eeb7ad0,,UNVERIFIED
EP-18,The Strongest Woman in the Universe,00:05:28,328,852853,https://animehistory.org/uploads/screencaps/outlaw-star-E018-The-Strongest-Woman-in-the-Universe/cap_00-05-28_16e8.jpg,Outlaw Star Ep 18: The Strongest Woman in the Universe @ 00:05:28,https://animehistory.org/gallery/screencaps/outlaw-star/episode-18/,https://animehistory.org/gallery/screencaps/outlaw-star/episode-18/,1,2026-10-07T01:50:00.910933+00:00,ac57f92926ca9277a1346994a377536625fd80b5f75ca5280b1118f79eeb7ad0,,UNVERIFIED
EP-18,The Strongest Woman in the Universe,00:05:31,331,852854,https://animehistory.org/uploads/screencaps/outlaw-star-E018-The-Strongest-Woman-in-the-Universe/cap_00-05-31_0de7.jpg,Outlaw Star Ep 18: The Strongest Woman in the Universe @ 00:05:31,https://animehistory.org/gallery/screencaps/outlaw-star/episode-18/,https://animehistory.org/gallery/screencaps/outlaw-star/episode-18/,1,2026-10-07T01:50:00.910933+00:00,ac57f92926ca9277a1346994a377536625fd80b5f75ca5280b1118f79eeb7ad0,,UNVERIFIED
EP-18,The Strongest Woman in the Universe,00:05:35,335,852855,https://animehistory.org/uploads/screencaps/outlaw-star-E018-The-Strongest-Woman-in-the-Universe/cap_00-05-35_28b6.jpg,Outlaw Star Ep 18: The Strongest Woman in the Universe @ 00:05:35,https://animehistory.org/gallery/screencaps/outlaw-star/episode-18/,https://animehistory.org/gallery/screencaps/outlaw-star/episode-18/,1,2026-10-07T01:50:00.910933+00:00,ac57f92926ca9277a1346994a377536625fd80b5f75ca5280b1118f79eeb7ad0,,UNVERIFIED
EP-18,The Strongest Woman in the Universe,00:05:38,338,852856,https://animehistory.org/uploads/screencaps/outlaw-star-E018-The-Strongest-Woman-in-the-Universe/cap_00-05-38_1fb4.jpg,Outlaw Star Ep 18: The Strongest Woman in the Universe @ 00:05:38,https://animehistory.org/gallery/screencaps/outlaw-star/episode-18/,https://animehistory.org/gallery/screencaps/outlaw-star/episode-18/,1,2026-10-07T01:50:00.910933+00:00,ac57f92926ca9277a1346994a377536625fd80b5f75ca5280b1118f79eeb7ad0,,UNVERIFIED
EP-18,The Strongest Woman in the Universe,00:05:42,342,852857,https://animehistory.org/uploads/screencaps/outlaw-star-E018-The-Strongest-Woman-in-the-Universe/cap_00-05-42_3d9c.jpg,Outlaw Star Ep 18: The Strongest Woman in the Universe @ 00:05:42,https://animehistory.org/gallery/screencaps/outlaw-star/episode-18/,https://animehistory.org/gallery/screencaps/outlaw-star/episode-18/,1,2026-10-07T01:50:00.910933+00:00,ac57f92926ca9277a1346994a377536625fd80b5f75ca5280b1118f79eeb7ad0,,UNVERIFIED
EP-18,The Strongest Woman in the Universe,00:05:46,346,852858,https://animehistory.org/uploads/screencaps/outlaw-star-E018-The-Strongest-Woman-in-the-Universe/cap_00-05-46_6260.jpg,Outlaw Star Ep 18: The Strongest Woman in the Universe @ 00:05:46,https://animehistory.org/gallery/screencaps/outlaw-star/episode-18/,https://animehistory.org/gallery/screencaps/outlaw-star/episode-18/,1,2026-10-07T01:50:00.910933+00:00,ac57f92926ca9277a1346994a377536625fd80b5f75ca5280b1118f79eeb7ad0,,UNVERIFIED
EP-18,The Strongest Woman in the Universe,00:05:49,349,852859,https://animehistory.org/uploads/screencaps/outlaw-star-E018-The-Strongest-Woman-in-the-Universe/cap_00-05-49_0177.jpg,Outlaw Star Ep 18: The Strongest Woman in the Universe @ 00:05:49,https://animehistory.org/gallery/screencaps/outlaw-star/episode-18/,https://animehistory.org/gallery/screencaps/outlaw-star/episode-18/,1,2026-10-07T01:50:00.910933+00:00,ac57f92926ca9277a1346994a377536625fd80b5f75ca5280b1118f79eeb7ad0,,UNVERIFIED
EP-18,The Strongest Woman in the Universe,00:05:53,353,852860,https://animehistory.org/uploads/screencaps/outlaw-star-E018-The-Strongest-Woman-in-the-Universe/cap_00-05-53_080a.jpg,Outlaw Star Ep 18: The Strongest Woman in the Universe @ 00:05:53,https://animehistory.org/gallery/screencaps/outlaw-star/episode-18/,https://animehistory.org/gallery/screencaps/outlaw-star/episode-18/,1,2026-10-07T01:50:00.910933+00:00,ac57f92926ca9277a1346994a377536625fd80b5f75ca5280b1118f79eeb7ad0,,UNVERIFIED
EP-18,The Strongest Woman in the Universe,00:05:56,356,852861,https://animehistory.org/uploads/screencaps/outlaw-star-E018-The-Strongest-Woman-in-the-Universe/cap_00-05-56_07a5.jpg,Outlaw Star Ep 18: The Strongest Woman in the Universe @ 00:05:56,https://animehistory.org/gallery/screencaps/outlaw-star/episode-18/,https://animehistory.org/gallery/screencaps/outlaw-star/episode-18/,1,2026-10-07T01:50:00.910933+00:00,ac57f92926ca9277a1346994a377536625fd80b5f75ca5280b1118f79eeb7ad0,,UNVERIFIED
EP-18,The Strongest Woman in the Universe,00:06:00,360,852862,https://animehistory.org/uploads/screencaps/outlaw-star-E018-The-Strongest-Woman-in-the-Universe/cap_00-06-00_7702.jpg,Outlaw Star Ep 18: The Strongest Woman in the Universe @ 00:06:00,https://animehistory.org/gallery/screencaps/outlaw-star/episode-18/,https://animehistory.org/gallery/screencaps/outlaw-star/episode-18/,1,2026-10-07T01:50:00.910933+00:00,ac57f92926ca9277a1346994a377536625fd80b5f75ca5280b1118f79eeb7ad0,,UNVERIFIED
EP-18,The Strongest Woman in the Universe,00:06:04,364,852863,https://animehistory.org/uploads/screencaps/outlaw-star-E018-The-Strongest-Woman-in-the-Universe/cap_00-06-04_2e5b.jpg,Outlaw Star Ep 18: The Strongest Woman in the Universe @ 00:06:04,https://animehistory.org/gallery/screencaps/outlaw-star/episode-18/,https://animehistory.org/gallery/screencaps/outlaw-star/episode-18/,1,2026-10-07T01:50:00.910933+00:00,ac57f92926ca9277a1346994a377536625fd80b5f75ca5280b1118f79eeb7ad0,,UNVERIFIED
EP-18,The Strongest Woman in the Universe,00:06:07,367,852864,https://animehistory.org/uploads/screencaps/outlaw-star-E018-The-Strongest-Woman-in-the-Universe/cap_00-06-07_1459.jpg,Outlaw Star Ep 18: The Strongest Woman in the Universe @ 00:06:07,https://animehistory.org/gallery/screencaps/outlaw-star/episode-18/,https://animehistory.org/gallery/screencaps/outlaw-star/episode-18/,1,2026-10-07T01:50:00.910933+00:00,ac57f92926ca9277a1346994a377536625fd80b5f75ca5280b1118f79eeb7ad0,,UNVERIFIED
EP-18,The Strongest Woman in the Universe,00:06:11,371,852865,https://animehistory.org/uploads/screencaps/outlaw-star-E018-The-Strongest-Woman-in-the-Universe/cap_00-06-11_0373.jpg,Outlaw Star Ep 18: The Strongest Woman in the Universe @ 00:06:11,https://animehistory.org/gallery/screencaps/outlaw-star/episode-18/,https://animehistory.org/gallery/screencaps/outlaw-star/episode-18/,1,2026-10-07T01:50:00.910933+00:00,ac57f92926ca9277a1346994a377536625fd80b5f75ca5280b1118f79eeb7ad0,,UNVERIFIED
EP-18,The Strongest Woman in the Universe,00:06:15,375,852866,https://animehistory.org/uploads/screencaps/outlaw-star-E018-The-Strongest-Woman-in-the-Universe/cap_00-06-15_4e48.jpg,Outlaw Star Ep 18: The Strongest Woman in the Universe @ 00:06:15,https://animehistory.org/gallery/screencaps/outlaw-star/episode-18/,https://animehistory.org/gallery/screencaps/outlaw-star/episode-18/,1,2026-10-07T01:50:00.910933+00:00,ac57f92926ca9277a1346994a377536625fd80b5f75ca5280b1118f79eeb7ad0,,UNVERIFIED
EP-18,The Strongest Woman in the Universe,00:06:18,378,852867,https://animehistory.org/uploads/screencaps/outlaw-star-E018-The-Strongest-Woman-in-the-Universe/cap_00-06-18_3e5d.jpg,Outlaw Star Ep 18: The Strongest Woman in the Universe @ 00:06:18,https://animehistory.org/gallery/screencaps/outlaw-star/episode-18/,https://animehistory.org/gallery/screencaps/outlaw-star/episode-18/,1,2026-10-07T01:50:00.910933+00:00,ac57f92926ca9277a1346994a377536625fd80b5f75ca5280b1118f79eeb7ad0,,UNVERIFIED
EP-18,The Strongest Woman in the Universe,00:06:22,382,852868,https://animehistory.org/uploads/screencaps/outlaw-star-E018-The-Strongest-Woman-in-the-Universe/cap_00-06-22_3f37.jpg,Outlaw Star Ep 18: The Strongest Woman in the Universe @ 00:06:22,https://animehistory.org/gallery/screencaps/outlaw-star/episode-18/,https://animehistory.org/gallery/screencaps/outlaw-star/episode-18/,1,2026-10-07T01:50:00.910933+00:00,ac57f92926ca9277a1346994a377536625fd80b5f75ca5280b1118f79eeb7ad0,,UNVERIFIED
EP-18,The Strongest Woman in the Universe,00:06:25,385,852869,https://animehistory.org/uploads/screencaps/outlaw-star-E018-The-Strongest-Woman-in-the-Universe/cap_00-06-25_095a.jpg,Outlaw Star Ep 18: The Strongest Woman in the Universe @ 00:06:25,https://animehistory.org/gallery/screencaps/outlaw-star/episode-18/,https://animehistory.org/gallery/screencaps/outlaw-star/episode-18/,1,2026-10-07T01:50:00.910933+00:00,ac57f92926ca9277a1346994a377536625fd80b5f75ca5280b1118f79eeb7ad0,,UNVERIFIED
EP-18,The Strongest Woman in the Universe,00:06:29,389,852870,https://animehistory.org/uploads/screencaps/outlaw-star-E018-The-Strongest-Woman-in-the-Universe/cap_00-06-29_677a.jpg,Outlaw Star Ep 18: The Strongest Woman in the Universe @ 00:06:29,https://animehistory.org/gallery/screencaps/outlaw-star/episode-18/,https://animehistory.org/gallery/screencaps/outlaw-star/episode-18/,1,2026-10-07T01:50:00.910933+00:00,ac57f92926ca9277a1346994a377536625fd80b5f75ca5280b1118f79eeb7ad0,,UNVERIFIED
EP-18,The Strongest Woman in the Universe,00:06:33,393,852871,https://animehistory.org/uploads/screencaps/outlaw-star-E018-The-Strongest-Woman-in-the-Universe/cap_00-06-33_5ed2.jpg,Outlaw Star Ep 18: The Strongest Woman in the Universe @ 00:06:33,https://animehistory.org/gallery/screencaps/outlaw-star/episode-18/,https://animehistory.org/gallery/screencaps/outlaw-star/episode-18/,1,2026-10-07T01:50:00.910933+00:00,ac57f92926ca9277a1346994a377536625fd80b5f75ca5280b1118f79eeb7ad0,,UNVERIFIED
EP-18,The Strongest Woman in the Universe,00:06:36,396,852872,https://animehistory.org/uploads/screencaps/outlaw-star-E018-The-Strongest-Woman-in-the-Universe/cap_00-06-36_5614.jpg,Outlaw Star Ep 18: The Strongest Woman in the Universe @ 00:06:36,https://animehistory.org/gallery/screencaps/outlaw-star/episode-18/,https://animehistory.org/gallery/screencaps/outlaw-star/episode-18/,1,2026-10-07T01:50:00.910933+00:00,ac57f92926ca9277a1346994a377536625fd80b5f75ca5280b1118f79eeb7ad0,,UNVERIFIED
EP-18,The Strongest Woman in the Universe,00:06:40,400,852873,https://animehistory.org/uploads/screencaps/outlaw-star-E018-The-Strongest-Woman-in-the-Universe/cap_00-06-40_5e10.jpg,Outlaw Star Ep 18: The Strongest Woman in the Universe @ 00:06:40,https://animehistory.org/gallery/screencaps/outlaw-star/episode-18/,https://animehistory.org/gallery/screencaps/outlaw-star/episode-18/,1,2026-10-07T01:50:00.910933+00:00,ac57f92926ca9277a1346994a377536625fd80b5f75ca5280b1118f79eeb7ad0,,UNVERIFIED
EP-18,The Strongest Woman in the Universe,00:06:44,404,852874,https://animehistory.org/uploads/screencaps/outlaw-star-E018-The-Strongest-Woman-in-the-Universe/cap_00-06-44_660c.jpg,Outlaw Star Ep 18: The Strongest Woman in the Universe @ 00:06:44,https://animehistory.org/gallery/screencaps/outlaw-star/episode-18/,https://animehistory.org/gallery/screencaps/outlaw-star/episode-18/,1,2026-10-07T01:50:00.910933+00:00,ac57f92926ca9277a1346994a377536625fd80b5f75ca5280b1118f79eeb7ad0,,UNVERIFIED
EP-18,The Strongest Woman in the Universe,00:06:47,407,852875,https://animehistory.org/uploads/screencaps/outlaw-star-E018-The-Strongest-Woman-in-the-Universe/cap_00-06-47_7178.jpg,Outlaw Star Ep 18: The Strongest Woman in the Universe @ 00:06:47,https://animehistory.org/gallery/screencaps/outlaw-star/episode-18/,https://animehistory.org/gallery/screencaps/outlaw-star/episode-18/,1,2026-10-07T01:50:00.910933+00:00,ac57f92926ca9277a1346994a377536625fd80b5f75ca5280b1118f79eeb7ad0,,UNVERIFIED
EP-18,The Strongest Woman in the Universe,00:06:51,411,852876,https://animehistory.org/uploads/screencaps/outlaw-star-E018-The-Strongest-Woman-in-the-Universe/cap_00-06-51_0a12.jpg,Outlaw Star Ep 18: The Strongest Woman in the Universe @ 00:06:51,https://animehistory.org/gallery/screencaps/outlaw-star/episode-18/,https://animehistory.org/gallery/screencaps/outlaw-star/episode-18/,1,2026-10-07T01:50:00.910933+00:00,ac57f92926ca9277a1346994a377536625fd80b5f75ca5280b1118f79eeb7ad0,,UNVERIFIED
EP-18,The Strongest Woman in the Universe,00:06:54,414,852877,https://animehistory.org/uploads/screencaps/outlaw-star-E018-The-Strongest-Woman-in-the-Universe/cap_00-06-54_5fb6.jpg,Outlaw Star Ep 18: The Strongest Woman in the Universe @ 00:06:54,https://animehistory.org/gallery/screencaps/outlaw-star/episode-18/,https://animehistory.org/gallery/screencaps/outlaw-star/episode-18/,1,2026-10-07T01:50:00.910933+00:00,ac57f92926ca9277a1346994a377536625fd80b5f75ca5280b1118f79eeb7ad0,,UNVERIFIED
EP-18,The Strongest Woman in the Universe,00:06:58,418,852878,https://animehistory.org/uploads/screencaps/outlaw-star-E018-The-Strongest-Woman-in-the-Universe/cap_00-06-58_259d.jpg,Outlaw Star Ep 18: The Strongest Woman in the Universe @ 00:06:58,https://animehistory.org/gallery/screencaps/outlaw-star/episode-18/,https://animehistory.org/gallery/screencaps/outlaw-star/episode-18/,1,2026-10-07T01:50:00.910933+00:00,ac57f92926ca9277a1346994a377536625fd80b5f75ca5280b1118f79eeb7ad0,,UNVERIFIED
EP-18,The Strongest Woman in the Universe,00:07:02,422,852879,https://animehistory.org/uploads/screencaps/outlaw-star-E018-The-Strongest-Woman-in-the-Universe/cap_00-07-02_7fed.jpg,Outlaw Star Ep 18: The Strongest Woman in the Universe @ 00:07:02,https://animehistory.org/gallery/screencaps/outlaw-star/episode-18/,https://animehistory.org/gallery/screencaps/outlaw-star/episode-18/,1,2026-10-07T01:50:00.910933+00:00,ac57f92926ca9277a1346994a377536625fd80b5f75ca5280b1118f79eeb7ad0,,UNVERIFIED
EP-18,The Strongest Woman in the Universe,00:07:05,425,852880,https://animehistory.org/uploads/screencaps/outlaw-star-E018-The-Strongest-Woman-in-the-Universe/cap_00-07-05_3dc6.jpg,Outlaw Star Ep 18: The Strongest Woman in the Universe @ 00:07:05,https://animehistory.org/gallery/screencaps/outlaw-star/episode-18/,https://animehistory.org/gallery/screencaps/outlaw-star/episode-18/,1,2026-10-07T01:50:00.910933+00:00,ac57f92926ca9277a1346994a377536625fd80b5f75ca5280b1118f79eeb7ad0,,UNVERIFIED
EP-18,The Strongest Woman in the Universe,00:07:09,429,852881,https://animehistory.org/uploads/screencaps/outlaw-star-E018-The-Strongest-Woman-in-the-Universe/cap_00-07-09_254b.jpg,Outlaw Star Ep 18: The Strongest Woman in the Universe @ 00:07:09,https://animehistory.org/gallery/screencaps/outlaw-star/episode-18/,https://animehistory.org/gallery/screencaps/outlaw-star/episode-18/,1,2026-10-07T01:50:00.910933+00:00,ac57f92926ca9277a1346994a377536625fd80b5f75ca5280b1118f79eeb7ad0,,UNVERIFIED
EP-18,The Strongest Woman in the Universe,00:07:13,433,852882,https://animehistory.org/uploads/screencaps/outlaw-star-E018-The-Strongest-Woman-in-the-Universe/cap_00-07-13_472f.jpg,Outlaw Star Ep 18: The Strongest Woman in the Universe @ 00:07:13,https://animehistory.org/gallery/screencaps/outlaw-star/episode-18/,https://animehistory.org/gallery/screencaps/outlaw-star/episode-18/,1,2026-10-07T01:50:00.910933+00:00,ac57f92926ca9277a1346994a377536625fd80b5f75ca5280b1118f79eeb7ad0,,UNVERIFIED
EP-18,The Strongest Woman in the Universe,00:07:16,436,852883,https://animehistory.org/uploads/screencaps/outlaw-star-E018-The-Strongest-Woman-in-the-Universe/cap_00-07-16_5c6d.jpg,Outlaw Star Ep 18: The Strongest Woman in the Universe @ 00:07:16,https://animehistory.org/gallery/screencaps/outlaw-star/episode-18/,https://animehistory.org/gallery/screencaps/outlaw-star/episode-18/,1,2026-10-07T01:50:00.910933+00:00,ac57f92926ca9277a1346994a377536625fd80b5f75ca5280b1118f79eeb7ad0,,UNVERIFIED
EP-18,The Strongest Woman in the Universe,00:07:20,440,852884,https://animehistory.org/uploads/screencaps/outlaw-star-E018-The-Strongest-Woman-in-the-Universe/cap_00-07-20_1f35.jpg,Outlaw Star Ep 18: The Strongest Woman in the Universe @ 00:07:20,https://animehistory.org/gallery/screencaps/outlaw-star/episode-18/,https://animehistory.org/gallery/screencaps/outlaw-star/episode-18/,1,2026-10-07T01:50:00.910933+00:00,ac57f92926ca9277a1346994a377536625fd80b5f75ca5280b1118f79eeb7ad0,,UNVERIFIED
EP-18,The Strongest Woman in the Universe,00:07:23,443,852885,https://animehistory.org/uploads/screencaps/outlaw-star-E018-The-Strongest-Woman-in-the-Universe/cap_00-07-23_17b2.jpg,Outlaw Star Ep 18: The Strongest Woman in the Universe @ 00:07:23,https://animehistory.org/gallery/screencaps/outlaw-star/episode-18/,https://animehistory.org/gallery/screencaps/outlaw-star/episode-18/,1,2026-10-07T01:50:00.910933+00:00,ac57f92926ca9277a1346994a377536625fd80b5f75ca5280b1118f79eeb7ad0,,UNVERIFIED
EP-18,The Strongest Woman in the Universe,00:07:27,447,852886,https://animehistory.org/uploads/screencaps/outlaw-star-E018-The-Strongest-Woman-in-the-Universe/cap_00-07-27_5a1b.jpg,Outlaw Star Ep 18: The Strongest Woman in the Universe @ 00:07:27,https://animehistory.org/gallery/screencaps/outlaw-star/episode-18/,https://animehistory.org/gallery/screencaps/outlaw-star/episode-18/,1,2026-10-07T01:50:00.910933+00:00,ac57f92926ca9277a1346994a377536625fd80b5f75ca5280b1118f79eeb7ad0,,UNVERIFIED
EP-18,The Strongest Woman in the Universe,00:07:31,451,852887,https://animehistory.org/uploads/screencaps/outlaw-star-E018-The-Strongest-Woman-in-the-Universe/cap_00-07-31_5da6.jpg,Outlaw Star Ep 18: The Strongest Woman in the Universe @ 00:07:31,https://animehistory.org/gallery/screencaps/outlaw-star/episode-18/,https://animehistory.org/gallery/screencaps/outlaw-star/episode-18/,1,2026-10-07T01:50:00.910933+00:00,ac57f92926ca9277a1346994a377536625fd80b5f75ca5280b1118f79eeb7ad0,,UNVERIFIED
EP-18,The Strongest Woman in the Universe,00:07:34,454,852888,https://animehistory.org/uploads/screencaps/outlaw-star-E018-The-Strongest-Woman-in-the-Universe/cap_00-07-34_0d7f.jpg,Outlaw Star Ep 18: The Strongest Woman in the Universe @ 00:07:34,https://animehistory.org/gallery/screencaps/outlaw-star/episode-18/,https://animehistory.org/gallery/screencaps/outlaw-star/episode-18/,1,2026-10-07T01:50:00.910933+00:00,ac57f92926ca9277a1346994a377536625fd80b5f75ca5280b1118f79eeb7ad0,,UNVERIFIED
EP-18,The Strongest Woman in the Universe,00:07:38,458,852889,https://animehistory.org/uploads/screencaps/outlaw-star-E018-The-Strongest-Woman-in-the-Universe/cap_00-07-38_7232.jpg,Outlaw Star Ep 18: The Strongest Woman in the Universe @ 00:07:38,https://animehistory.org/gallery/screencaps/outlaw-star/episode-18/,https://animehistory.org/gallery/screencaps/outlaw-star/episode-18/,1,2026-10-07T01:50:00.910933+00:00,ac57f92926ca9277a1346994a377536625fd80b5f75ca5280b1118f79eeb7ad0,,UNVERIFIED
EP-18,The Strongest Woman in the Universe,00:07:41,461,852890,https://animehistory.org/uploads/screencaps/outlaw-star-E018-The-Strongest-Woman-in-the-Universe/cap_00-07-41_57b6.jpg,Outlaw Star Ep 18: The Strongest Woman in the Universe @ 00:07:41,https://animehistory.org/gallery/screencaps/outlaw-star/episode-18/,https://animehistory.org/gallery/screencaps/outlaw-star/episode-18/,1,2026-10-07T01:50:00.910933+00:00,ac57f92926ca9277a1346994a377536625fd80b5f75ca5280b1118f79eeb7ad0,,UNVERIFIED
EP-18,The Strongest Woman in the Universe,00:07:45,465,852891,https://animehistory.org/uploads/screencaps/outlaw-star-E018-The-Strongest-Woman-in-the-Universe/cap_00-07-45_4994.jpg,Outlaw Star Ep 18: The Strongest Woman in the Universe @ 00:07:45,https://animehistory.org/gallery/screencaps/outlaw-star/episode-18/,https://animehistory.org/gallery/screencaps/outlaw-star/episode-18/?page=2,2,2026-10-07T01:50:02.377337+00:00,850329d31de2b9ef60d901445ac267306bcb2488e0f1b9ec7a024d98ad0a5af5,,UNVERIFIED
EP-18,The Strongest Woman in the Universe,00:07:49,469,852892,https://animehistory.org/uploads/screencaps/outlaw-star-E018-The-Strongest-Woman-in-the-Universe/cap_00-07-49_2df4.jpg,Outlaw Star Ep 18: The Strongest Woman in the Universe @ 00:07:49,https://animehistory.org/gallery/screencaps/outlaw-star/episode-18/,https://animehistory.org/gallery/screencaps/outlaw-star/episode-18/?page=2,2,2026-10-07T01:50:02.377337+00:00,850329d31de2b9ef60d901445ac267306bcb2488e0f1b9ec7a024d98ad0a5af5,,UNVERIFIED
EP-18,The Strongest Woman in the Universe,00:07:52,472,852893,https://animehistory.org/uploads/screencaps/outlaw-star-E018-The-Strongest-Woman-in-the-Universe/cap_00-07-52_154c.jpg,Outlaw Star Ep 18: The Strongest Woman in the Universe @ 00:07:52,https://animehistory.org/gallery/screencaps/outlaw-star/episode-18/,https://animehistory.org/gallery/screencaps/outlaw-star/episode-18/?page=2,2,2026-10-07T01:50:02.377337+00:00,850329d31de2b9ef60d901445ac267306bcb2488e0f1b9ec7a024d98ad0a5af5,,UNVERIFIED
EP-18,The Strongest Woman in the Universe,00:07:56,476,852894,https://animehistory.org/uploads/screencaps/outlaw-star-E018-The-Strongest-Woman-in-the-Universe/cap_00-07-56_5f8b.jpg,Outlaw Star Ep 18: The Strongest Woman in the Universe @ 00:07:56,https://animehistory.org/gallery/screencaps/outlaw-star/episode-18/,https://animehistory.org/gallery/screencaps/outlaw-star/episode-18/?page=2,2,2026-10-07T01:50:02.377337+00:00,850329d31de2b9ef60d901445ac267306bcb2488e0f1b9ec7a024d98ad0a5af5,,UNVERIFIED
EP-18,The Strongest Woman in the Universe,00:08:00,480,852895,https://animehistory.org/uploads/screencaps/outlaw-star-E018-The-Strongest-Woman-in-the-Universe/cap_00-08-00_2952.jpg,Outlaw Star Ep 18: The Strongest Woman in the Universe @ 00:08:00,https://animehistory.org/gallery/screencaps/outlaw-star/episode-18/,https://animehistory.org/gallery/screencaps/outlaw-star/episode-18/?page=2,2,2026-10-07T01:50:02.377337+00:00,850329d31de2b9ef60d901445ac267306bcb2488e0f1b9ec7a024d98ad0a5af5,,UNVERIFIED
EP-18,The Strongest Woman in the Universe,00:08:03,483,852896,https://animehistory.org/uploads/screencaps/outlaw-star-E018-The-Strongest-Woman-in-the-Universe/cap_00-08-03_155b.jpg,Outlaw Star Ep 18: The Strongest Woman in the Universe @ 00:08:03,https://animehistory.org/gallery/screencaps/outlaw-star/episode-18/,https://animehistory.org/gallery/screencaps/outlaw-star/episode-18/?page=2,2,2026-10-07T01:50:02.377337+00:00,850329d31de2b9ef60d901445ac267306bcb2488e0f1b9ec7a024d98ad0a5af5,,UNVERIFIED
EP-18,The Strongest Woman in the Universe,00:08:07,487,852897,https://animehistory.org/uploads/screencaps/outlaw-star-E018-The-Strongest-Woman-in-the-Universe/cap_00-08-07_0af8.jpg,Outlaw Star Ep 18: The Strongest Woman in the Universe @ 00:08:07,https://animehistory.org/gallery/screencaps/outlaw-star/episode-18/,https://animehistory.org/gallery/screencaps/outlaw-star/episode-18/?page=2,2,2026-10-07T01:50:02.377337+00:00,850329d31de2b9ef60d901445ac267306bcb2488e0f1b9ec7a024d98ad0a5af5,,UNVERIFIED
EP-18,The Strongest Woman in the Universe,00:08:10,490,852898,https://animehistory.org/uploads/screencaps/outlaw-star-E018-The-Strongest-Woman-in-the-Universe/cap_00-08-10_3b6b.jpg,Outlaw Star Ep 18: The Strongest Woman in the Universe @ 00:08:10,https://animehistory.org/gallery/screencaps/outlaw-star/episode-18/,https://animehistory.org/gallery/screencaps/outlaw-star/episode-18/?page=2,2,2026-10-07T01:50:02.377337+00:00,850329d31de2b9ef60d901445ac267306bcb2488e0f1b9ec7a024d98ad0a5af5,,UNVERIFIED
EP-18,The Strongest Woman in the Universe,00:08:14,494,852899,https://animehistory.org/uploads/screencaps/outlaw-star-E018-The-Strongest-Woman-in-the-Universe/cap_00-08-14_3674.jpg,Outlaw Star Ep 18: The Strongest Woman in the Universe @ 00:08:14,https://animehistory.org/gallery/screencaps/outlaw-star/episode-18/,https://animehistory.org/gallery/screencaps/outlaw-star/episode-18/?page=2,2,2026-10-07T01:50:02.377337+00:00,850329d31de2b9ef60d901445ac267306bcb2488e0f1b9ec7a024d98ad0a5af5,,UNVERIFIED
EP-18,The Strongest Woman in the Universe,00:08:18,498,852900,https://animehistory.org/uploads/screencaps/outlaw-star-E018-The-Strongest-Woman-in-the-Universe/cap_00-08-18_6143.jpg,Outlaw Star Ep 18: The Strongest Woman in the Universe @ 00:08:18,https://animehistory.org/gallery/screencaps/outlaw-star/episode-18/,https://animehistory.org/gallery/screencaps/outlaw-star/episode-18/?page=2,2,2026-10-07T01:50:02.377337+00:00,850329d31de2b9ef60d901445ac267306bcb2488e0f1b9ec7a024d98ad0a5af5,,UNVERIFIED
EP-18,The Strongest Woman in the Universe,00:08:21,501,852901,https://animehistory.org/uploads/screencaps/outlaw-star-E018-The-Strongest-Woman-in-the-Universe/cap_00-08-21_4d83.jpg,Outlaw Star Ep 18: The Strongest Woman in the Universe @ 00:08:21,https://animehistory.org/gallery/screencaps/outlaw-star/episode-18/,https://animehistory.org/gallery/screencaps/outlaw-star/episode-18/?page=2,2,2026-10-07T01:50:02.377337+00:00,850329d31de2b9ef60d901445ac267306bcb2488e0f1b9ec7a024d98ad0a5af5,,UNVERIFIED
EP-18,The Strongest Woman in the Universe,00:08:25,505,852902,https://animehistory.org/uploads/screencaps/outlaw-star-E018-The-Strongest-Woman-in-the-Universe/cap_00-08-25_37a1.jpg,Outlaw Star Ep 18: The Strongest Woman in the Universe @ 00:08:25,https://animehistory.org/gallery/screencaps/outlaw-star/episode-18/,https://animehistory.org/gallery/screencaps/outlaw-star/episode-18/?page=2,2,2026-10-07T01:50:02.377337+00:00,850329d31de2b9ef60d901445ac267306bcb2488e0f1b9ec7a024d98ad0a5af5,,UNVERIFIED
EP-18,The Strongest Woman in the Universe,00:08:29,509,852903,https://animehistory.org/uploads/screencaps/outlaw-star-E018-The-Strongest-Woman-in-the-Universe/cap_00-08-29_2668.jpg,Outlaw Star Ep 18: The Strongest Woman in the Universe @ 00:08:29,https://animehistory.org/gallery/screencaps/outlaw-star/episode-18/,https://animehistory.org/gallery/screencaps/outlaw-star/episode-18/?page=2,2,2026-10-07T01:50:02.377337+00:00,850329d31de2b9ef60d901445ac267306bcb2488e0f1b9ec7a024d98ad0a5af5,,UNVERIFIED
EP-18,The Strongest Woman in the Universe,00:08:32,512,852904,https://animehistory.org/uploads/screencaps/outlaw-star-E018-The-Strongest-Woman-in-the-Universe/cap_00-08-32_3647.jpg,Outlaw Star Ep 18: The Strongest Woman in the Universe @ 00:08:32,https://animehistory.org/gallery/screencaps/outlaw-star/episode-18/,https://animehistory.org/gallery/screencaps/outlaw-star/episode-18/?page=2,2,2026-10-07T01:50:02.377337+00:00,850329d31de2b9ef60d901445ac267306bcb2488e0f1b9ec7a024d98ad0a5af5,,UNVERIFIED
EP-18,The Strongest Woman in the Universe,00:08:36,516,852905,https://animehistory.org/uploads/screencaps/outlaw-star-E018-The-Strongest-Woman-in-the-Universe/cap_00-08-36_61fc.jpg,Outlaw Star Ep 18: The Strongest Woman in the Universe @ 00:08:36,https://animehistory.org/gallery/screencaps/outlaw-star/episode-18/,https://animehistory.org/gallery/screencaps/outlaw-star/episode-18/?page=2,2,2026-10-07T01:50:02.377337+00:00,850329d31de2b9ef60d901445ac267306bcb2488e0f1b9ec7a024d98ad0a5af5,,UNVERIFIED
EP-18,The Strongest Woman in the Universe,00:08:39,519,852906,https://animehistory.org/uploads/screencaps/outlaw-star-E018-The-Strongest-Woman-in-the-Universe/cap_00-08-39_01d8.jpg,Outlaw Star Ep 18: The Strongest Woman in the Universe @ 00:08:39,https://animehistory.org/gallery/screencaps/outlaw-star/episode-18/,https://animehistory.org/gallery/screencaps/outlaw-star/episode-18/?page=2,2,2026-10-07T01:50:02.377337+00:00,850329d31de2b9ef60d901445ac267306bcb2488e0f1b9ec7a024d98ad0a5af5,,UNVERIFIED
EP-18,The Strongest Woman in the Universe,00:08:43,523,852907,https://animehistory.org/uploads/screencaps/outlaw-star-E018-The-Strongest-Woman-in-the-Universe/cap_00-08-43_6138.jpg,Outlaw Star Ep 18: The Strongest Woman in the Universe @ 00:08:43,https://animehistory.org/gallery/screencaps/outlaw-star/episode-18/,https://animehistory.org/gallery/screencaps/outlaw-star/episode-18/?page=2,2,2026-10-07T01:50:02.377337+00:00,850329d31de2b9ef60d901445ac267306bcb2488e0f1b9ec7a024d98ad0a5af5,,UNVERIFIED
EP-18,The Strongest Woman in the Universe,00:08:47,527,852908,https://animehistory.org/uploads/screencaps/outlaw-star-E018-The-Strongest-Woman-in-the-Universe/cap_00-08-47_1e3e.jpg,Outlaw Star Ep 18: The Strongest Woman in the Universe @ 00:08:47,https://animehistory.org/gallery/screencaps/outlaw-star/episode-18/,https://animehistory.org/gallery/screencaps/outlaw-star/episode-18/?page=2,2,2026-10-07T01:50:02.377337+00:00,850329d31de2b9ef60d901445ac267306bcb2488e0f1b9ec7a024d98ad0a5af5,,UNVERIFIED
EP-18,The Strongest Woman in the Universe,00:08:50,530,852909,https://animehistory.org/uploads/screencaps/outlaw-star-E018-The-Strongest-Woman-in-the-Universe/cap_00-08-50_5af0.jpg,Outlaw Star Ep 18: The Strongest Woman in the Universe @ 00:08:50,https://animehistory.org/gallery/screencaps/outlaw-star/episode-18/,https://animehistory.org/gallery/screencaps/outlaw-star/episode-18/?page=2,2,2026-10-07T01:50:02.377337+00:00,850329d31de2b9ef60d901445ac267306bcb2488e0f1b9ec7a024d98ad0a5af5,,UNVERIFIED
EP-18,The Strongest Woman in the Universe,00:08:54,534,852910,https://animehistory.org/uploads/screencaps/outlaw-star-E018-The-Strongest-Woman-in-the-Universe/cap_00-08-54_55f9.jpg,Outlaw Star Ep 18: The Strongest Woman in the Universe @ 00:08:54,https://animehistory.org/gallery/screencaps/outlaw-star/episode-18/,https://animehistory.org/gallery/screencaps/outlaw-star/episode-18/?page=2,2,2026-10-07T01:50:02.377337+00:00,850329d31de2b9ef60d901445ac267306bcb2488e0f1b9ec7a024d98ad0a5af5,,UNVERIFIED
EP-18,The Strongest Woman in the Universe,00:08:57,537,852911,https://animehistory.org/uploads/screencaps/outlaw-star-E018-The-Strongest-Woman-in-the-Universe/cap_00-08-57_5101.jpg,Outlaw Star Ep 18: The Strongest Woman in the Universe @ 00:08:57,https://animehistory.org/gallery/screencaps/outlaw-star/episode-18/,https://animehistory.org/gallery/screencaps/outlaw-star/episode-18/?page=2,2,2026-10-07T01:50:02.377337+00:00,850329d31de2b9ef60d901445ac267306bcb2488e0f1b9ec7a024d98ad0a5af5,,UNVERIFIED
EP-18,The Strongest Woman in the Universe,00:09:01,541,852912,https://animehistory.org/uploads/screencaps/outlaw-star-E018-The-Strongest-Woman-in-the-Universe/cap_00-09-01_29bb.jpg,Outlaw Star Ep 18: The Strongest Woman in the Universe @ 00:09:01,https://animehistory.org/gallery/screencaps/outlaw-star/episode-18/,https://animehistory.org/gallery/screencaps/outlaw-star/episode-18/?page=2,2,2026-10-07T01:50:02.377337+00:00,850329d31de2b9ef60d901445ac267306bcb2488e0f1b9ec7a024d98ad0a5af5,,UNVERIFIED
EP-18,The Strongest Woman in the Universe,00:09:05,545,852913,https://animehistory.org/uploads/screencaps/outlaw-star-E018-The-Strongest-Woman-in-the-Universe/cap_00-09-05_317a.jpg,Outlaw Star Ep 18: The Strongest Woman in the Universe @ 00:09:05,https://animehistory.org/gallery/screencaps/outlaw-star/episode-18/,https://animehistory.org/gallery/screencaps/outlaw-star/episode-18/?page=2,2,2026-10-07T01:50:02.377337+00:00,850329d31de2b9ef60d901445ac267306bcb2488e0f1b9ec7a024d98ad0a5af5,,UNVERIFIED
EP-18,The Strongest Woman in the Universe,00:09:08,548,852914,https://animehistory.org/uploads/screencaps/outlaw-star-E018-The-Strongest-Woman-in-the-Universe/cap_00-09-08_0604.jpg,Outlaw Star Ep 18: The Strongest Woman in the Universe @ 00:09:08,https://animehistory.org/gallery/screencaps/outlaw-star/episode-18/,https://animehistory.org/gallery/screencaps/outlaw-star/episode-18/?page=2,2,2026-10-07T01:50:02.377337+00:00,850329d31de2b9ef60d901445ac267306bcb2488e0f1b9ec7a024d98ad0a5af5,,UNVERIFIED
EP-18,The Strongest Woman in the Universe,00:09:12,552,852915,https://animehistory.org/uploads/screencaps/outlaw-star-E018-The-Strongest-Woman-in-the-Universe/cap_00-09-12_0535.jpg,Outlaw Star Ep 18: The Strongest Woman in the Universe @ 00:09:12,https://animehistory.org/gallery/screencaps/outlaw-star/episode-18/,https://animehistory.org/gallery/screencaps/outlaw-star/episode-18/?page=2,2,2026-10-07T01:50:02.377337+00:00,850329d31de2b9ef60d901445ac267306bcb2488e0f1b9ec7a024d98ad0a5af5,,UNVERIFIED
EP-18,The Strongest Woman in the Universe,00:09:16,556,852916,https://animehistory.org/uploads/screencaps/outlaw-star-E018-The-Strongest-Woman-in-the-Universe/cap_00-09-16_6ad8.jpg,Outlaw Star Ep 18: The Strongest Woman in the Universe @ 00:09:16,https://animehistory.org/gallery/screencaps/outlaw-star/episode-18/,https://animehistory.org/gallery/screencaps/outlaw-star/episode-18/?page=2,2,2026-10-07T01:50:02.377337+00:00,850329d31de2b9ef60d901445ac267306bcb2488e0f1b9ec7a024d98ad0a5af5,,UNVERIFIED
EP-18,The Strongest Woman in the Universe,00:09:19,559,852917,https://animehistory.org/uploads/screencaps/outlaw-star-E018-The-Strongest-Woman-in-the-Universe/cap_00-09-19_1077.jpg,Outlaw Star Ep 18: The Strongest Woman in the Universe @ 00:09:19,https://animehistory.org/gallery/screencaps/outlaw-star/episode-18/,https://animehistory.org/gallery/screencaps/outlaw-star/episode-18/?page=2,2,2026-10-07T01:50:02.377337+00:00,850329d31de2b9ef60d901445ac267306bcb2488e0f1b9ec7a024d98ad0a5af5,,UNVERIFIED
EP-18,The Strongest Woman in the Universe,00:09:23,563,852918,https://animehistory.org/uploads/screencaps/outlaw-star-E018-The-Strongest-Woman-in-the-Universe/cap_00-09-23_3949.jpg,Outlaw Star Ep 18: The Strongest Woman in the Universe @ 00:09:23,https://animehistory.org/gallery/screencaps/outlaw-star/episode-18/,https://animehistory.org/gallery/screencaps/outlaw-star/episode-18/?page=2,2,2026-10-07T01:50:02.377337+00:00,850329d31de2b9ef60d901445ac267306bcb2488e0f1b9ec7a024d98ad0a5af5,,UNVERIFIED
EP-18,The Strongest Woman in the Universe,00:09:26,566,852919,https://animehistory.org/uploads/screencaps/outlaw-star-E018-The-Strongest-Woman-in-the-Universe/cap_00-09-26_4f5f.jpg,Outlaw Star Ep 18: The Strongest Woman in the Universe @ 00:09:26,https://animehistory.org/gallery/screencaps/outlaw-star/episode-18/,https://animehistory.org/gallery/screencaps/outlaw-star/episode-18/?page=2,2,2026-10-07T01:50:02.377337+00:00,850329d31de2b9ef60d901445ac267306bcb2488e0f1b9ec7a024d98ad0a5af5,,UNVERIFIED
EP-18,The Strongest Woman in the Universe,00:09:30,570,852920,https://animehistory.org/uploads/screencaps/outlaw-star-E018-The-Strongest-Woman-in-the-Universe/cap_00-09-30_480b.jpg,Outlaw Star Ep 18: The Strongest Woman in the Universe @ 00:09:30,https://animehistory.org/gallery/screencaps/outlaw-star/episode-18/,https://animehistory.org/gallery/screencaps/outlaw-star/episode-18/?page=2,2,2026-10-07T01:50:02.377337+00:00,850329d31de2b9ef60d901445ac267306bcb2488e0f1b9ec7a024d98ad0a5af5,,UNVERIFIED
EP-18,The Strongest Woman in the Universe,00:09:34,574,852921,https://animehistory.org/uploads/screencaps/outlaw-star-E018-The-Strongest-Woman-in-the-Universe/cap_00-09-34_7a31.jpg,Outlaw Star Ep 18: The Strongest Woman in the Universe @ 00:09:34,https://animehistory.org/gallery/screencaps/outlaw-star/episode-18/,https://animehistory.org/gallery/screencaps/outlaw-star/episode-18/?page=2,2,2026-10-07T01:50:02.377337+00:00,850329d31de2b9ef60d901445ac267306bcb2488e0f1b9ec7a024d98ad0a5af5,,UNVERIFIED
EP-18,The Strongest Woman in the Universe,00:09:37,577,852922,https://animehistory.org/uploads/screencaps/outlaw-star-E018-The-Strongest-Woman-in-the-Universe/cap_00-09-37_4fcf.jpg,Outlaw Star Ep 18: The Strongest Woman in the Universe @ 00:09:37,https://animehistory.org/gallery/screencaps/outlaw-star/episode-18/,https://animehistory.org/gallery/screencaps/outlaw-star/episode-18/?page=2,2,2026-10-07T01:50:02.377337+00:00,850329d31de2b9ef60d901445ac267306bcb2488e0f1b9ec7a024d98ad0a5af5,,UNVERIFIED
EP-18,The Strongest Woman in the Universe,00:09:41,581,852923,https://animehistory.org/uploads/screencaps/outlaw-star-E018-The-Strongest-Woman-in-the-Universe/cap_00-09-41_7e90.jpg,Outlaw Star Ep 18: The Strongest Woman in the Universe @ 00:09:41,https://animehistory.org/gallery/screencaps/outlaw-star/episode-18/,https://animehistory.org/gallery/screencaps/outlaw-star/episode-18/?page=2,2,2026-10-07T01:50:02.377337+00:00,850329d31de2b9ef60d901445ac267306bcb2488e0f1b9ec7a024d98ad0a5af5,,UNVERIFIED
EP-18,The Strongest Woman in the Universe,00:09:45,585,852924,https://animehistory.org/uploads/screencaps/outlaw-star-E018-The-Strongest-Woman-in-the-Universe/cap_00-09-45_1ce5.jpg,Outlaw Star Ep 18: The Strongest Woman in the Universe @ 00:09:45,https://animehistory.org/gallery/screencaps/outlaw-star/episode-18/,https://animehistory.org/gallery/screencaps/outlaw-star/episode-18/?page=2,2,2026-10-07T01:50:02.377337+00:00,850329d31de2b9ef60d901445ac267306bcb2488e0f1b9ec7a024d98ad0a5af5,,UNVERIFIED
EP-18,The Strongest Woman in the Universe,00:09:48,588,852925,https://animehistory.org/uploads/screencaps/outlaw-star-E018-The-Strongest-Woman-in-the-Universe/cap_00-09-48_0042.jpg,Outlaw Star Ep 18: The Strongest Woman in the Universe @ 00:09:48,https://animehistory.org/gallery/screencaps/outlaw-star/episode-18/,https://animehistory.org/gallery/screencaps/outlaw-star/episode-18/?page=2,2,2026-10-07T01:50:02.377337+00:00,850329d31de2b9ef60d901445ac267306bcb2488e0f1b9ec7a024d98ad0a5af5,,UNVERIFIED
EP-18,The Strongest Woman in the Universe,00:09:52,592,852926,https://animehistory.org/uploads/screencaps/outlaw-star-E018-The-Strongest-Woman-in-the-Universe/cap_00-09-52_0566.jpg,Outlaw Star Ep 18: The Strongest Woman in the Universe @ 00:09:52,https://animehistory.org/gallery/screencaps/outlaw-star/episode-18/,https://animehistory.org/gallery/screencaps/outlaw-star/episode-18/?page=2,2,2026-10-07T01:50:02.377337+00:00,850329d31de2b9ef60d901445ac267306bcb2488e0f1b9ec7a024d98ad0a5af5,,UNVERIFIED
EP-18,The Strongest Woman in the Universe,00:09:55,595,852927,https://animehistory.org/uploads/screencaps/outlaw-star-E018-The-Strongest-Woman-in-the-Universe/cap_00-09-55_7303.jpg,Outlaw Star Ep 18: The Strongest Woman in the Universe @ 00:09:55,https://animehistory.org/gallery/screencaps/outlaw-star/episode-18/,https://animehistory.org/gallery/screencaps/outlaw-star/episode-18/?page=2,2,2026-10-07T01:50:02.377337+00:00,850329d31de2b9ef60d901445ac267306bcb2488e0f1b9ec7a024d98ad0a5af5,,UNVERIFIED
EP-18,The Strongest Woman in the Universe,00:09:59,599,852928,https://animehistory.org/uploads/screencaps/outlaw-star-E018-The-Strongest-Woman-in-the-Universe/cap_00-09-59_3ca1.jpg,Outlaw Star Ep 18: The Strongest Woman in the Universe @ 00:09:59,https://animehistory.org/gallery/screencaps/outlaw-star/episode-18/,https://animehistory.org/gallery/screencaps/outlaw-star/episode-18/?page=2,2,2026-10-07T01:50:02.377337+00:00,850329d31de2b9ef60d901445ac267306bcb2488e0f1b9ec7a024d98ad0a5af5,,UNVERIFIED
EP-18,The Strongest Woman in the Universe,00:10:03,603,852929,https://animehistory.org/uploads/screencaps/outlaw-star-E018-The-Strongest-Woman-in-the-Universe/cap_00-10-03_2481.jpg,Outlaw Star Ep 18: The Strongest Woman in the Universe @ 00:10:03,https://animehistory.org/gallery/screencaps/outlaw-star/episode-18/,https://animehistory.org/gallery/screencaps/outlaw-star/episode-18/?page=2,2,2026-10-07T01:50:02.377337+00:00,850329d31de2b9ef60d901445ac267306bcb2488e0f1b9ec7a024d98ad0a5af5,,UNVERIFIED
EP-18,The Strongest Woman in the Universe,00:10:06,606,852930,https://animehistory.org/uploads/screencaps/outlaw-star-E018-The-Strongest-Woman-in-the-Universe/cap_00-10-06_1988.jpg,Outlaw Star Ep 18: The Strongest Woman in the Universe @ 00:10:06,https://animehistory.org/gallery/screencaps/outlaw-star/episode-18/,https://animehistory.org/gallery/screencaps/outlaw-star/episode-18/?page=2,2,2026-10-07T01:50:02.377337+00:00,850329d31de2b9ef60d901445ac267306bcb2488e0f1b9ec7a024d98ad0a5af5,,UNVERIFIED
EP-18,The Strongest Woman in the Universe,00:10:10,610,852931,https://animehistory.org/uploads/screencaps/outlaw-star-E018-The-Strongest-Woman-in-the-Universe/cap_00-10-10_018a.jpg,Outlaw Star Ep 18: The Strongest Woman in the Universe @ 00:10:10,https://animehistory.org/gallery/screencaps/outlaw-star/episode-18/,https://animehistory.org/gallery/screencaps/outlaw-star/episode-18/?page=2,2,2026-10-07T01:50:02.377337+00:00,850329d31de2b9ef60d901445ac267306bcb2488e0f1b9ec7a024d98ad0a5af5,,UNVERIFIED
EP-18,The Strongest Woman in the Universe,00:10:13,613,852932,https://animehistory.org/uploads/screencaps/outlaw-star-E018-The-Strongest-Woman-in-the-Universe/cap_00-10-13_54c4.jpg,Outlaw Star Ep 18: The Strongest Woman in the Universe @ 00:10:13,https://animehistory.org/gallery/screencaps/outlaw-star/episode-18/,https://animehistory.org/gallery/screencaps/outlaw-star/episode-18/?page=2,2,2026-10-07T01:50:02.377337+00:00,850329d31de2b9ef60d901445ac267306bcb2488e0f1b9ec7a024d98ad0a5af5,,UNVERIFIED
EP-18,The Strongest Woman in the Universe,00:10:17,617,852933,https://animehistory.org/uploads/screencaps/outlaw-star-E018-The-Strongest-Woman-in-the-Universe/cap_00-10-17_69ba.jpg,Outlaw Star Ep 18: The Strongest Woman in the Universe @ 00:10:17,https://animehistory.org/gallery/screencaps/outlaw-star/episode-18/,https://animehistory.org/gallery/screencaps/outlaw-star/episode-18/?page=2,2,2026-10-07T01:50:02.377337+00:00,850329d31de2b9ef60d901445ac267306bcb2488e0f1b9ec7a024d98ad0a5af5,,UNVERIFIED
EP-18,The Strongest Woman in the Universe,00:10:21,621,852934,https://animehistory.org/uploads/screencaps/outlaw-star-E018-The-Strongest-Woman-in-the-Universe/cap_00-10-21_1ae6.jpg,Outlaw Star Ep 18: The Strongest Woman in the Universe @ 00:10:21,https://animehistory.org/gallery/screencaps/outlaw-star/episode-18/,https://animehistory.org/gallery/screencaps/outlaw-star/episode-18/?page=2,2,2026-10-07T01:50:02.377337+00:00,850329d31de2b9ef60d901445ac267306bcb2488e0f1b9ec7a024d98ad0a5af5,,UNVERIFIED
EP-18,The Strongest Woman in the Universe,00:10:24,624,852935,https://animehistory.org/uploads/screencaps/outlaw-star-E018-The-Strongest-Woman-in-the-Universe/cap_00-10-24_3283.jpg,Outlaw Star Ep 18: The Strongest Woman in the Universe @ 00:10:24,https://animehistory.org/gallery/screencaps/outlaw-star/episode-18/,https://animehistory.org/gallery/screencaps/outlaw-star/episode-18/?page=2,2,2026-10-07T01:50:02.377337+00:00,850329d31de2b9ef60d901445ac267306bcb2488e0f1b9ec7a024d98ad0a5af5,,UNVERIFIED
EP-18,The Strongest Woman in the Universe,00:10:28,628,852936,https://animehistory.org/uploads/screencaps/outlaw-star-E018-The-Strongest-Woman-in-the-Universe/cap_00-10-28_342e.jpg,Outlaw Star Ep 18: The Strongest Woman in the Universe @ 00:10:28,https://animehistory.org/gallery/screencaps/outlaw-star/episode-18/,https://animehistory.org/gallery/screencaps/outlaw-star/episode-18/?page=2,2,2026-10-07T01:50:02.377337+00:00,850329d31de2b9ef60d901445ac267306bcb2488e0f1b9ec7a024d98ad0a5af5,,UNVERIFIED
EP-18,The Strongest Woman in the Universe,00:10:32,632,852937,https://animehistory.org/uploads/screencaps/outlaw-star-E018-The-Strongest-Woman-in-the-Universe/cap_00-10-32_7231.jpg,Outlaw Star Ep 18: The Strongest Woman in the Universe @ 00:10:32,https://animehistory.org/gallery/screencaps/outlaw-star/episode-18/,https://animehistory.org/gallery/screencaps/outlaw-star/episode-18/?page=2,2,2026-10-07T01:50:02.377337+00:00,850329d31de2b9ef60d901445ac267306bcb2488e0f1b9ec7a024d98ad0a5af5,,UNVERIFIED
EP-18,The Strongest Woman in the Universe,00:10:35,635,852938,https://animehistory.org/uploads/screencaps/outlaw-star-E018-The-Strongest-Woman-in-the-Universe/cap_00-10-35_67cb.jpg,Outlaw Star Ep 18: The Strongest Woman in the Universe @ 00:10:35,https://animehistory.org/gallery/screencaps/outlaw-star/episode-18/,https://animehistory.org/gallery/screencaps/outlaw-star/episode-18/?page=2,2,2026-10-07T01:50:02.377337+00:00,850329d31de2b9ef60d901445ac267306bcb2488e0f1b9ec7a024d98ad0a5af5,,UNVERIFIED
EP-18,The Strongest Woman in the Universe,00:10:39,639,852939,https://animehistory.org/uploads/screencaps/outlaw-star-E018-The-Strongest-Woman-in-the-Universe/cap_00-10-39_5e5c.jpg,Outlaw Star Ep 18: The Strongest Woman in the Universe @ 00:10:39,https://animehistory.org/gallery/screencaps/outlaw-star/episode-18/,https://animehistory.org/gallery/screencaps/outlaw-star/episode-18/?page=2,2,2026-10-07T01:50:02.377337+00:00,850329d31de2b9ef60d901445ac267306bcb2488e0f1b9ec7a024d98ad0a5af5,,UNVERIFIED
EP-18,The Strongest Woman in the Universe,00:10:42,642,852940,https://animehistory.org/uploads/screencaps/outlaw-star-E018-The-Strongest-Woman-in-the-Universe/cap_00-10-42_6305.jpg,Outlaw Star Ep 18: The Strongest Woman in the Universe @ 00:10:42,https://animehistory.org/gallery/screencaps/outlaw-star/episode-18/,https://animehistory.org/gallery/screencaps/outlaw-star/episode-18/?page=2,2,2026-10-07T01:50:02.377337+00:00,850329d31de2b9ef60d901445ac267306bcb2488e0f1b9ec7a024d98ad0a5af5,,UNVERIFIED
EP-18,The Strongest Woman in the Universe,00:10:46,646,852941,https://animehistory.org/uploads/screencaps/outlaw-star-E018-The-Strongest-Woman-in-the-Universe/cap_00-10-46_4362.jpg,Outlaw Star Ep 18: The Strongest Woman in the Universe @ 00:10:46,https://animehistory.org/gallery/screencaps/outlaw-star/episode-18/,https://animehistory.org/gallery/screencaps/outlaw-star/episode-18/?page=2,2,2026-10-07T01:50:02.377337+00:00,850329d31de2b9ef60d901445ac267306bcb2488e0f1b9ec7a024d98ad0a5af5,,UNVERIFIED
EP-18,The Strongest Woman in the Universe,00:10:50,650,852942,https://animehistory.org/uploads/screencaps/outlaw-star-E018-The-Strongest-Woman-in-the-Universe/cap_00-10-50_7bd2.jpg,Outlaw Star Ep 18: The Strongest Woman in the Universe @ 00:10:50,https://animehistory.org/gallery/screencaps/outlaw-star/episode-18/,https://animehistory.org/gallery/screencaps/outlaw-star/episode-18/?page=2,2,2026-10-07T01:50:02.377337+00:00,850329d31de2b9ef60d901445ac267306bcb2488e0f1b9ec7a024d98ad0a5af5,,UNVERIFIED
EP-18,The Strongest Woman in the Universe,00:10:53,653,852943,https://animehistory.org/uploads/screencaps/outlaw-star-E018-The-Strongest-Woman-in-the-Universe/cap_00-10-53_343b.jpg,Outlaw Star Ep 18: The Strongest Woman in the Universe @ 00:10:53,https://animehistory.org/gallery/screencaps/outlaw-star/episode-18/,https://animehistory.org/gallery/screencaps/outlaw-star/episode-18/?page=2,2,2026-10-07T01:50:02.377337+00:00,850329d31de2b9ef60d901445ac267306bcb2488e0f1b9ec7a024d98ad0a5af5,,UNVERIFIED
EP-18,The Strongest Woman in the Universe,00:10:57,657,852944,https://animehistory.org/uploads/screencaps/outlaw-star-E018-The-Strongest-Woman-in-the-Universe/cap_00-10-57_177b.jpg,Outlaw Star Ep 18: The Strongest Woman in the Universe @ 00:10:57,https://animehistory.org/gallery/screencaps/outlaw-star/episode-18/,https://animehistory.org/gallery/screencaps/outlaw-star/episode-18/?page=2,2,2026-10-07T01:50:02.377337+00:00,850329d31de2b9ef60d901445ac267306bcb2488e0f1b9ec7a024d98ad0a5af5,,UNVERIFIED
EP-18,The Strongest Woman in the Universe,00:11:01,661,852945,https://animehistory.org/uploads/screencaps/outlaw-star-E018-The-Strongest-Woman-in-the-Universe/cap_00-11-01_3863.jpg,Outlaw Star Ep 18: The Strongest Woman in the Universe @ 00:11:01,https://animehistory.org/gallery/screencaps/outlaw-star/episode-18/,https://animehistory.org/gallery/screencaps/outlaw-star/episode-18/?page=2,2,2026-10-07T01:50:02.377337+00:00,850329d31de2b9ef60d901445ac267306bcb2488e0f1b9ec7a024d98ad0a5af5,,UNVERIFIED
EP-18,The Strongest Woman in the Universe,00:11:04,664,852946,https://animehistory.org/uploads/screencaps/outlaw-star-E018-The-Strongest-Woman-in-the-Universe/cap_00-11-04_36f3.jpg,Outlaw Star Ep 18: The Strongest Woman in the Universe @ 00:11:04,https://animehistory.org/gallery/screencaps/outlaw-star/episode-18/,https://animehistory.org/gallery/screencaps/outlaw-star/episode-18/?page=2,2,2026-10-07T01:50:02.377337+00:00,850329d31de2b9ef60d901445ac267306bcb2488e0f1b9ec7a024d98ad0a5af5,,UNVERIFIED
EP-18,The Strongest Woman in the Universe,00:11:08,668,852947,https://animehistory.org/uploads/screencaps/outlaw-star-E018-The-Strongest-Woman-in-the-Universe/cap_00-11-08_3267.jpg,Outlaw Star Ep 18: The Strongest Woman in the Universe @ 00:11:08,https://animehistory.org/gallery/screencaps/outlaw-star/episode-18/,https://animehistory.org/gallery/screencaps/outlaw-star/episode-18/?page=2,2,2026-10-07T01:50:02.377337+00:00,850329d31de2b9ef60d901445ac267306bcb2488e0f1b9ec7a024d98ad0a5af5,,UNVERIFIED
EP-18,The Strongest Woman in the Universe,00:11:11,671,852948,https://animehistory.org/uploads/screencaps/outlaw-star-E018-The-Strongest-Woman-in-the-Universe/cap_00-11-11_6099.jpg,Outlaw Star Ep 18: The Strongest Woman in the Universe @ 00:11:11,https://animehistory.org/gallery/screencaps/outlaw-star/episode-18/,https://animehistory.org/gallery/screencaps/outlaw-star/episode-18/?page=2,2,2026-10-07T01:50:02.377337+00:00,850329d31de2b9ef60d901445ac267306bcb2488e0f1b9ec7a024d98ad0a5af5,,UNVERIFIED
EP-18,The Strongest Woman in the Universe,00:11:15,675,852949,https://animehistory.org/uploads/screencaps/outlaw-star-E018-The-Strongest-Woman-in-the-Universe/cap_00-11-15_7d2a.jpg,Outlaw Star Ep 18: The Strongest Woman in the Universe @ 00:11:15,https://animehistory.org/gallery/screencaps/outlaw-star/episode-18/,https://animehistory.org/gallery/screencaps/outlaw-star/episode-18/?page=2,2,2026-10-07T01:50:02.377337+00:00,850329d31de2b9ef60d901445ac267306bcb2488e0f1b9ec7a024d98ad0a5af5,,UNVERIFIED
EP-18,The Strongest Woman in the Universe,00:11:19,679,852950,https://animehistory.org/uploads/screencaps/outlaw-star-E018-The-Strongest-Woman-in-the-Universe/cap_00-11-19_6a4f.jpg,Outlaw Star Ep 18: The Strongest Woman in the Universe @ 00:11:19,https://animehistory.org/gallery/screencaps/outlaw-star/episode-18/,https://animehistory.org/gallery/screencaps/outlaw-star/episode-18/?page=2,2,2026-10-07T01:50:02.377337+00:00,850329d31de2b9ef60d901445ac267306bcb2488e0f1b9ec7a024d98ad0a5af5,,UNVERIFIED
EP-18,The Strongest Woman in the Universe,00:11:22,682,852951,https://animehistory.org/uploads/screencaps/outlaw-star-E018-The-Strongest-Woman-in-the-Universe/cap_00-11-22_161d.jpg,Outlaw Star Ep 18: The Strongest Woman in the Universe @ 00:11:22,https://animehistory.org/gallery/screencaps/outlaw-star/episode-18/,https://animehistory.org/gallery/screencaps/outlaw-star/episode-18/?page=2,2,2026-10-07T01:50:02.377337+00:00,850329d31de2b9ef60d901445ac267306bcb2488e0f1b9ec7a024d98ad0a5af5,,UNVERIFIED
EP-18,The Strongest Woman in the Universe,00:11:26,686,852952,https://animehistory.org/uploads/screencaps/outlaw-star-E018-The-Strongest-Woman-in-the-Universe/cap_00-11-26_3b57.jpg,Outlaw Star Ep 18: The Strongest Woman in the Universe @ 00:11:26,https://animehistory.org/gallery/screencaps/outlaw-star/episode-18/,https://animehistory.org/gallery/screencaps/outlaw-star/episode-18/?page=2,2,2026-10-07T01:50:02.377337+00:00,850329d31de2b9ef60d901445ac267306bcb2488e0f1b9ec7a024d98ad0a5af5,,UNVERIFIED
EP-18,The Strongest Woman in the Universe,00:11:30,690,852953,https://animehistory.org/uploads/screencaps/outlaw-star-E018-The-Strongest-Woman-in-the-Universe/cap_00-11-30_7c89.jpg,Outlaw Star Ep 18: The Strongest Woman in the Universe @ 00:11:30,https://animehistory.org/gallery/screencaps/outlaw-star/episode-18/,https://animehistory.org/gallery/screencaps/outlaw-star/episode-18/?page=2,2,2026-10-07T01:50:02.377337+00:00,850329d31de2b9ef60d901445ac267306bcb2488e0f1b9ec7a024d98ad0a5af5,,UNVERIFIED
EP-18,The Strongest Woman in the Universe,00:11:33,693,852954,https://animehistory.org/uploads/screencaps/outlaw-star-E018-The-Strongest-Woman-in-the-Universe/cap_00-11-33_4078.jpg,Outlaw Star Ep 18: The Strongest Woman in the Universe @ 00:11:33,https://animehistory.org/gallery/screencaps/outlaw-star/episode-18/,https://animehistory.org/gallery/screencaps/outlaw-star/episode-18/?page=2,2,2026-10-07T01:50:02.377337+00:00,850329d31de2b9ef60d901445ac267306bcb2488e0f1b9ec7a024d98ad0a5af5,,UNVERIFIED
EP-18,The Strongest Woman in the Universe,00:11:37,697,852955,https://animehistory.org/uploads/screencaps/outlaw-star-E018-The-Strongest-Woman-in-the-Universe/cap_00-11-37_06ec.jpg,Outlaw Star Ep 18: The Strongest Woman in the Universe @ 00:11:37,https://animehistory.org/gallery/screencaps/outlaw-star/episode-18/,https://animehistory.org/gallery/screencaps/outlaw-star/episode-18/?page=2,2,2026-10-07T01:50:02.377337+00:00,850329d31de2b9ef60d901445ac267306bcb2488e0f1b9ec7a024d98ad0a5af5,,UNVERIFIED
EP-18,The Strongest Woman in the Universe,00:11:40,700,852956,https://animehistory.org/uploads/screencaps/outlaw-star-E018-The-Strongest-Woman-in-the-Universe/cap_00-11-40_1b71.jpg,Outlaw Star Ep 18: The Strongest Woman in the Universe @ 00:11:40,https://animehistory.org/gallery/screencaps/outlaw-star/episode-18/,https://animehistory.org/gallery/screencaps/outlaw-star/episode-18/?page=2,2,2026-10-07T01:50:02.377337+00:00,850329d31de2b9ef60d901445ac267306bcb2488e0f1b9ec7a024d98ad0a5af5,,UNVERIFIED
EP-18,The Strongest Woman in the Universe,00:11:44,704,852957,https://animehistory.org/uploads/screencaps/outlaw-star-E018-The-Strongest-Woman-in-the-Universe/cap_00-11-44_7a87.jpg,Outlaw Star Ep 18: The Strongest Woman in the Universe @ 00:11:44,https://animehistory.org/gallery/screencaps/outlaw-star/episode-18/,https://animehistory.org/gallery/screencaps/outlaw-star/episode-18/?page=2,2,2026-10-07T01:50:02.377337+00:00,850329d31de2b9ef60d901445ac267306bcb2488e0f1b9ec7a024d98ad0a5af5,,UNVERIFIED
EP-18,The Strongest Woman in the Universe,00:11:48,708,852958,https://animehistory.org/uploads/screencaps/outlaw-star-E018-The-Strongest-Woman-in-the-Universe/cap_00-11-48_53a1.jpg,Outlaw Star Ep 18: The Strongest Woman in the Universe @ 00:11:48,https://animehistory.org/gallery/screencaps/outlaw-star/episode-18/,https://animehistory.org/gallery/screencaps/outlaw-star/episode-18/?page=2,2,2026-10-07T01:50:02.377337+00:00,850329d31de2b9ef60d901445ac267306bcb2488e0f1b9ec7a024d98ad0a5af5,,UNVERIFIED
EP-18,The Strongest Woman in the Universe,00:11:51,711,852959,https://animehistory.org/uploads/screencaps/outlaw-star-E018-The-Strongest-Woman-in-the-Universe/cap_00-11-51_6cbb.jpg,Outlaw Star Ep 18: The Strongest Woman in the Universe @ 00:11:51,https://animehistory.org/gallery/screencaps/outlaw-star/episode-18/,https://animehistory.org/gallery/screencaps/outlaw-star/episode-18/?page=2,2,2026-10-07T01:50:02.377337+00:00,850329d31de2b9ef60d901445ac267306bcb2488e0f1b9ec7a024d98ad0a5af5,,UNVERIFIED
EP-18,The Strongest Woman in the Universe,00:11:55,715,852960,https://animehistory.org/uploads/screencaps/outlaw-star-E018-The-Strongest-Woman-in-the-Universe/cap_00-11-55_5941.jpg,Outlaw Star Ep 18: The Strongest Woman in the Universe @ 00:11:55,https://animehistory.org/gallery/screencaps/outlaw-star/episode-18/,https://animehistory.org/gallery/screencaps/outlaw-star/episode-18/?page=2,2,2026-10-07T01:50:02.377337+00:00,850329d31de2b9ef60d901445ac267306bcb2488e0f1b9ec7a024d98ad0a5af5,,UNVERIFIED
EP-18,The Strongest Woman in the Universe,00:11:58,718,852961,https://animehistory.org/uploads/screencaps/outlaw-star-E018-The-Strongest-Woman-in-the-Universe/cap_00-11-58_2f06.jpg,Outlaw Star Ep 18: The Strongest Woman in the Universe @ 00:11:58,https://animehistory.org/gallery/screencaps/outlaw-star/episode-18/,https://animehistory.org/gallery/screencaps/outlaw-star/episode-18/?page=2,2,2026-10-07T01:50:02.377337+00:00,850329d31de2b9ef60d901445ac267306bcb2488e0f1b9ec7a024d98ad0a5af5,,UNVERIFIED
EP-18,The Strongest Woman in the Universe,00:12:02,722,852962,https://animehistory.org/uploads/screencaps/outlaw-star-E018-The-Strongest-Woman-in-the-Universe/cap_00-12-02_0708.jpg,Outlaw Star Ep 18: The Strongest Woman in the Universe @ 00:12:02,https://animehistory.org/gallery/screencaps/outlaw-star/episode-18/,https://animehistory.org/gallery/screencaps/outlaw-star/episode-18/?page=2,2,2026-10-07T01:50:02.377337+00:00,850329d31de2b9ef60d901445ac267306bcb2488e0f1b9ec7a024d98ad0a5af5,,UNVERIFIED
EP-18,The Strongest Woman in the Universe,00:12:06,726,852963,https://animehistory.org/uploads/screencaps/outlaw-star-E018-The-Strongest-Woman-in-the-Universe/cap_00-12-06_0931.jpg,Outlaw Star Ep 18: The Strongest Woman in the Universe @ 00:12:06,https://animehistory.org/gallery/screencaps/outlaw-star/episode-18/,https://animehistory.org/gallery/screencaps/outlaw-star/episode-18/?page=2,2,2026-10-07T01:50:02.377337+00:00,850329d31de2b9ef60d901445ac267306bcb2488e0f1b9ec7a024d98ad0a5af5,,UNVERIFIED
EP-18,The Strongest Woman in the Universe,00:12:09,729,852964,https://animehistory.org/uploads/screencaps/outlaw-star-E018-The-Strongest-Woman-in-the-Universe/cap_00-12-09_1231.jpg,Outlaw Star Ep 18: The Strongest Woman in the Universe @ 00:12:09,https://animehistory.org/gallery/screencaps/outlaw-star/episode-18/,https://animehistory.org/gallery/screencaps/outlaw-star/episode-18/?page=2,2,2026-10-07T01:50:02.377337+00:00,850329d31de2b9ef60d901445ac267306bcb2488e0f1b9ec7a024d98ad0a5af5,,UNVERIFIED
EP-18,The Strongest Woman in the Universe,00:12:13,733,852965,https://animehistory.org/uploads/screencaps/outlaw-star-E018-The-Strongest-Woman-in-the-Universe/cap_00-12-13_04cd.jpg,Outlaw Star Ep 18: The Strongest Woman in the Universe @ 00:12:13,https://animehistory.org/gallery/screencaps/outlaw-star/episode-18/,https://animehistory.org/gallery/screencaps/outlaw-star/episode-18/?page=2,2,2026-10-07T01:50:02.377337+00:00,850329d31de2b9ef60d901445ac267306bcb2488e0f1b9ec7a024d98ad0a5af5,,UNVERIFIED
EP-18,The Strongest Woman in the Universe,00:12:17,737,852966,https://animehistory.org/uploads/screencaps/outlaw-star-E018-The-Strongest-Woman-in-the-Universe/cap_00-12-17_3672.jpg,Outlaw Star Ep 18: The Strongest Woman in the Universe @ 00:12:17,https://animehistory.org/gallery/screencaps/outlaw-star/episode-18/,https://animehistory.org/gallery/screencaps/outlaw-star/episode-18/?page=2,2,2026-10-07T01:50:02.377337+00:00,850329d31de2b9ef60d901445ac267306bcb2488e0f1b9ec7a024d98ad0a5af5,,UNVERIFIED
EP-18,The Strongest Woman in the Universe,00:12:20,740,852967,https://animehistory.org/uploads/screencaps/outlaw-star-E018-The-Strongest-Woman-in-the-Universe/cap_00-12-20_1966.jpg,Outlaw Star Ep 18: The Strongest Woman in the Universe @ 00:12:20,https://animehistory.org/gallery/screencaps/outlaw-star/episode-18/,https://animehistory.org/gallery/screencaps/outlaw-star/episode-18/?page=2,2,2026-10-07T01:50:02.377337+00:00,850329d31de2b9ef60d901445ac267306bcb2488e0f1b9ec7a024d98ad0a5af5,,UNVERIFIED
EP-18,The Strongest Woman in the Universe,00:12:24,744,852968,https://animehistory.org/uploads/screencaps/outlaw-star-E018-The-Strongest-Woman-in-the-Universe/cap_00-12-24_1d84.jpg,Outlaw Star Ep 18: The Strongest Woman in the Universe @ 00:12:24,https://animehistory.org/gallery/screencaps/outlaw-star/episode-18/,https://animehistory.org/gallery/screencaps/outlaw-star/episode-18/?page=2,2,2026-10-07T01:50:02.377337+00:00,850329d31de2b9ef60d901445ac267306bcb2488e0f1b9ec7a024d98ad0a5af5,,UNVERIFIED
EP-18,The Strongest Woman in the Universe,00:12:27,747,852969,https://animehistory.org/uploads/screencaps/outlaw-star-E018-The-Strongest-Woman-in-the-Universe/cap_00-12-27_19d4.jpg,Outlaw Star Ep 18: The Strongest Woman in the Universe @ 00:12:27,https://animehistory.org/gallery/screencaps/outlaw-star/episode-18/,https://animehistory.org/gallery/screencaps/outlaw-star/episode-18/?page=2,2,2026-10-07T01:50:02.377337+00:00,850329d31de2b9ef60d901445ac267306bcb2488e0f1b9ec7a024d98ad0a5af5,,UNVERIFIED
EP-18,The Strongest Woman in the Universe,00:12:31,751,852970,https://animehistory.org/uploads/screencaps/outlaw-star-E018-The-Strongest-Woman-in-the-Universe/cap_00-12-31_3d45.jpg,Outlaw Star Ep 18: The Strongest Woman in the Universe @ 00:12:31,https://animehistory.org/gallery/screencaps/outlaw-star/episode-18/,https://animehistory.org/gallery/screencaps/outlaw-star/episode-18/?page=2,2,2026-10-07T01:50:02.377337+00:00,850329d31de2b9ef60d901445ac267306bcb2488e0f1b9ec7a024d98ad0a5af5,,UNVERIFIED
EP-18,The Strongest Woman in the Universe,00:12:35,755,852971,https://animehistory.org/uploads/screencaps/outlaw-star-E018-The-Strongest-Woman-in-the-Universe/cap_00-12-35_675d.jpg,Outlaw Star Ep 18: The Strongest Woman in the Universe @ 00:12:35,https://animehistory.org/gallery/screencaps/outlaw-star/episode-18/,https://animehistory.org/gallery/screencaps/outlaw-star/episode-18/?page=2,2,2026-10-07T01:50:02.377337+00:00,850329d31de2b9ef60d901445ac267306bcb2488e0f1b9ec7a024d98ad0a5af5,,UNVERIFIED
EP-18,The Strongest Woman in the Universe,00:12:38,758,852972,https://animehistory.org/uploads/screencaps/outlaw-star-E018-The-Strongest-Woman-in-the-Universe/cap_00-12-38_31e9.jpg,Outlaw Star Ep 18: The Strongest Woman in the Universe @ 00:12:38,https://animehistory.org/gallery/screencaps/outlaw-star/episode-18/,https://animehistory.org/gallery/screencaps/outlaw-star/episode-18/?page=2,2,2026-10-07T01:50:02.377337+00:00,850329d31de2b9ef60d901445ac267306bcb2488e0f1b9ec7a024d98ad0a5af5,,UNVERIFIED
EP-18,The Strongest Woman in the Universe,00:12:42,762,852973,https://animehistory.org/uploads/screencaps/outlaw-star-E018-The-Strongest-Woman-in-the-Universe/cap_00-12-42_2fbe.jpg,Outlaw Star Ep 18: The Strongest Woman in the Universe @ 00:12:42,https://animehistory.org/gallery/screencaps/outlaw-star/episode-18/,https://animehistory.org/gallery/screencaps/outlaw-star/episode-18/?page=2,2,2026-10-07T01:50:02.377337+00:00,850329d31de2b9ef60d901445ac267306bcb2488e0f1b9ec7a024d98ad0a5af5,,UNVERIFIED
EP-18,The Strongest Woman in the Universe,00:12:46,766,852974,https://animehistory.org/uploads/screencaps/outlaw-star-E018-The-Strongest-Woman-in-the-Universe/cap_00-12-46_24aa.jpg,Outlaw Star Ep 18: The Strongest Woman in the Universe @ 00:12:46,https://animehistory.org/gallery/screencaps/outlaw-star/episode-18/,https://animehistory.org/gallery/screencaps/outlaw-star/episode-18/?page=2,2,2026-10-07T01:50:02.377337+00:00,850329d31de2b9ef60d901445ac267306bcb2488e0f1b9ec7a024d98ad0a5af5,,UNVERIFIED
EP-18,The Strongest Woman in the Universe,00:12:49,769,852975,https://animehistory.org/uploads/screencaps/outlaw-star-E018-The-Strongest-Woman-in-the-Universe/cap_00-12-49_0542.jpg,Outlaw Star Ep 18: The Strongest Woman in the Universe @ 00:12:49,https://animehistory.org/gallery/screencaps/outlaw-star/episode-18/,https://animehistory.org/gallery/screencaps/outlaw-star/episode-18/?page=2,2,2026-10-07T01:50:02.377337+00:00,850329d31de2b9ef60d901445ac267306bcb2488e0f1b9ec7a024d98ad0a5af5,,UNVERIFIED
EP-18,The Strongest Woman in the Universe,00:12:53,773,852976,https://animehistory.org/uploads/screencaps/outlaw-star-E018-The-Strongest-Woman-in-the-Universe/cap_00-12-53_3ba1.jpg,Outlaw Star Ep 18: The Strongest Woman in the Universe @ 00:12:53,https://animehistory.org/gallery/screencaps/outlaw-star/episode-18/,https://animehistory.org/gallery/screencaps/outlaw-star/episode-18/?page=2,2,2026-10-07T01:50:02.377337+00:00,850329d31de2b9ef60d901445ac267306bcb2488e0f1b9ec7a024d98ad0a5af5,,UNVERIFIED
EP-18,The Strongest Woman in the Universe,00:12:56,776,852977,https://animehistory.org/uploads/screencaps/outlaw-star-E018-The-Strongest-Woman-in-the-Universe/cap_00-12-56_19f0.jpg,Outlaw Star Ep 18: The Strongest Woman in the Universe @ 00:12:56,https://animehistory.org/gallery/screencaps/outlaw-star/episode-18/,https://animehistory.org/gallery/screencaps/outlaw-star/episode-18/?page=2,2,2026-10-07T01:50:02.377337+00:00,850329d31de2b9ef60d901445ac267306bcb2488e0f1b9ec7a024d98ad0a5af5,,UNVERIFIED
EP-18,The Strongest Woman in the Universe,00:13:00,780,852978,https://animehistory.org/uploads/screencaps/outlaw-star-E018-The-Strongest-Woman-in-the-Universe/cap_00-13-00_2099.jpg,Outlaw Star Ep 18: The Strongest Woman in the Universe @ 00:13:00,https://animehistory.org/gallery/screencaps/outlaw-star/episode-18/,https://animehistory.org/gallery/screencaps/outlaw-star/episode-18/?page=2,2,2026-10-07T01:50:02.377337+00:00,850329d31de2b9ef60d901445ac267306bcb2488e0f1b9ec7a024d98ad0a5af5,,UNVERIFIED
EP-18,The Strongest Woman in the Universe,00:13:04,784,852979,https://animehistory.org/uploads/screencaps/outlaw-star-E018-The-Strongest-Woman-in-the-Universe/cap_00-13-04_40b6.jpg,Outlaw Star Ep 18: The Strongest Woman in the Universe @ 00:13:04,https://animehistory.org/gallery/screencaps/outlaw-star/episode-18/,https://animehistory.org/gallery/screencaps/outlaw-star/episode-18/?page=2,2,2026-10-07T01:50:02.377337+00:00,850329d31de2b9ef60d901445ac267306bcb2488e0f1b9ec7a024d98ad0a5af5,,UNVERIFIED
EP-18,The Strongest Woman in the Universe,00:13:07,787,852980,https://animehistory.org/uploads/screencaps/outlaw-star-E018-The-Strongest-Woman-in-the-Universe/cap_00-13-07_1694.jpg,Outlaw Star Ep 18: The Strongest Woman in the Universe @ 00:13:07,https://animehistory.org/gallery/screencaps/outlaw-star/episode-18/,https://animehistory.org/gallery/screencaps/outlaw-star/episode-18/?page=2,2,2026-10-07T01:50:02.377337+00:00,850329d31de2b9ef60d901445ac267306bcb2488e0f1b9ec7a024d98ad0a5af5,,UNVERIFIED
EP-18,The Strongest Woman in the Universe,00:13:11,791,852981,https://animehistory.org/uploads/screencaps/outlaw-star-E018-The-Strongest-Woman-in-the-Universe/cap_00-13-11_29e0.jpg,Outlaw Star Ep 18: The Strongest Woman in the Universe @ 00:13:11,https://animehistory.org/gallery/screencaps/outlaw-star/episode-18/,https://animehistory.org/gallery/screencaps/outlaw-star/episode-18/?page=2,2,2026-10-07T01:50:02.377337+00:00,850329d31de2b9ef60d901445ac267306bcb2488e0f1b9ec7a024d98ad0a5af5,,UNVERIFIED
EP-18,The Strongest Woman in the Universe,00:13:14,794,852982,https://animehistory.org/uploads/screencaps/outlaw-star-E018-The-Strongest-Woman-in-the-Universe/cap_00-13-14_16f9.jpg,Outlaw Star Ep 18: The Strongest Woman in the Universe @ 00:13:14,https://animehistory.org/gallery/screencaps/outlaw-star/episode-18/,https://animehistory.org/gallery/screencaps/outlaw-star/episode-18/?page=2,2,2026-10-07T01:50:02.377337+00:00,850329d31de2b9ef60d901445ac267306bcb2488e0f1b9ec7a024d98ad0a5af5,,UNVERIFIED
EP-18,The Strongest Woman in the Universe,00:13:18,798,852983,https://animehistory.org/uploads/screencaps/outlaw-star-E018-The-Strongest-Woman-in-the-Universe/cap_00-13-18_7d04.jpg,Outlaw Star Ep 18: The Strongest Woman in the Universe @ 00:13:18,https://animehistory.org/gallery/screencaps/outlaw-star/episode-18/,https://animehistory.org/gallery/screencaps/outlaw-star/episode-18/?page=2,2,2026-10-07T01:50:02.377337+00:00,850329d31de2b9ef60d901445ac267306bcb2488e0f1b9ec7a024d98ad0a5af5,,UNVERIFIED
EP-18,The Strongest Woman in the Universe,00:13:22,802,852984,https://animehistory.org/uploads/screencaps/outlaw-star-E018-The-Strongest-Woman-in-the-Universe/cap_00-13-22_77e0.jpg,Outlaw Star Ep 18: The Strongest Woman in the Universe @ 00:13:22,https://animehistory.org/gallery/screencaps/outlaw-star/episode-18/,https://animehistory.org/gallery/screencaps/outlaw-star/episode-18/?page=2,2,2026-10-07T01:50:02.377337+00:00,850329d31de2b9ef60d901445ac267306bcb2488e0f1b9ec7a024d98ad0a5af5,,UNVERIFIED
EP-18,The Strongest Woman in the Universe,00:13:25,805,852985,https://animehistory.org/uploads/screencaps/outlaw-star-E018-The-Strongest-Woman-in-the-Universe/cap_00-13-25_426a.jpg,Outlaw Star Ep 18: The Strongest Woman in the Universe @ 00:13:25,https://animehistory.org/gallery/screencaps/outlaw-star/episode-18/,https://animehistory.org/gallery/screencaps/outlaw-star/episode-18/?page=2,2,2026-10-07T01:50:02.377337+00:00,850329d31de2b9ef60d901445ac267306bcb2488e0f1b9ec7a024d98ad0a5af5,,UNVERIFIED
EP-18,The Strongest Woman in the Universe,00:13:29,809,852986,https://animehistory.org/uploads/screencaps/outlaw-star-E018-The-Strongest-Woman-in-the-Universe/cap_00-13-29_3960.jpg,Outlaw Star Ep 18: The Strongest Woman in the Universe @ 00:13:29,https://animehistory.org/gallery/screencaps/outlaw-star/episode-18/,https://animehistory.org/gallery/screencaps/outlaw-star/episode-18/?page=2,2,2026-10-07T01:50:02.377337+00:00,850329d31de2b9ef60d901445ac267306bcb2488e0f1b9ec7a024d98ad0a5af5,,UNVERIFIED
EP-18,The Strongest Woman in the Universe,00:13:33,813,852987,https://animehistory.org/uploads/screencaps/outlaw-star-E018-The-Strongest-Woman-in-the-Universe/cap_00-13-33_6636.jpg,Outlaw Star Ep 18: The Strongest Woman in the Universe @ 00:13:33,https://animehistory.org/gallery/screencaps/outlaw-star/episode-18/,https://animehistory.org/gallery/screencaps/outlaw-star/episode-18/?page=2,2,2026-10-07T01:50:02.377337+00:00,850329d31de2b9ef60d901445ac267306bcb2488e0f1b9ec7a024d98ad0a5af5,,UNVERIFIED
EP-18,The Strongest Woman in the Universe,00:13:36,816,852988,https://animehistory.org/uploads/screencaps/outlaw-star-E018-The-Strongest-Woman-in-the-Universe/cap_00-13-36_2686.jpg,Outlaw Star Ep 18: The Strongest Woman in the Universe @ 00:13:36,https://animehistory.org/gallery/screencaps/outlaw-star/episode-18/,https://animehistory.org/gallery/screencaps/outlaw-star/episode-18/?page=2,2,2026-10-07T01:50:02.377337+00:00,850329d31de2b9ef60d901445ac267306bcb2488e0f1b9ec7a024d98ad0a5af5,,UNVERIFIED
EP-18,The Strongest Woman in the Universe,00:13:40,820,852989,https://animehistory.org/uploads/screencaps/outlaw-star-E018-The-Strongest-Woman-in-the-Universe/cap_00-13-40_6440.jpg,Outlaw Star Ep 18: The Strongest Woman in the Universe @ 00:13:40,https://animehistory.org/gallery/screencaps/outlaw-star/episode-18/,https://animehistory.org/gallery/screencaps/outlaw-star/episode-18/?page=2,2,2026-10-07T01:50:02.377337+00:00,850329d31de2b9ef60d901445ac267306bcb2488e0f1b9ec7a024d98ad0a5af5,,UNVERIFIED
EP-18,The Strongest Woman in the Universe,00:13:43,823,852990,https://animehistory.org/uploads/screencaps/outlaw-star-E018-The-Strongest-Woman-in-the-Universe/cap_00-13-43_5473.jpg,Outlaw Star Ep 18: The Strongest Woman in the Universe @ 00:13:43,https://animehistory.org/gallery/screencaps/outlaw-star/episode-18/,https://animehistory.org/gallery/screencaps/outlaw-star/episode-18/?page=2,2,2026-10-07T01:50:02.377337+00:00,850329d31de2b9ef60d901445ac267306bcb2488e0f1b9ec7a024d98ad0a5af5,,UNVERIFIED
EP-18,The Strongest Woman in the Universe,00:13:47,827,852991,https://animehistory.org/uploads/screencaps/outlaw-star-E018-The-Strongest-Woman-in-the-Universe/cap_00-13-47_6b18.jpg,Outlaw Star Ep 18: The Strongest Woman in the Universe @ 00:13:47,https://animehistory.org/gallery/screencaps/outlaw-star/episode-18/,https://animehistory.org/gallery/screencaps/outlaw-star/episode-18/?page=3,3,2026-10-07T01:50:03.718507+00:00,3208e0c31dd865b2880b366a796a9cccba7c3f7b4704695dd14f7ec1e18510db,,UNVERIFIED
EP-18,The Strongest Woman in the Universe,00:13:51,831,852992,https://animehistory.org/uploads/screencaps/outlaw-star-E018-The-Strongest-Woman-in-the-Universe/cap_00-13-51_7fd0.jpg,Outlaw Star Ep 18: The Strongest Woman in the Universe @ 00:13:51,https://animehistory.org/gallery/screencaps/outlaw-star/episode-18/,https://animehistory.org/gallery/screencaps/outlaw-star/episode-18/?page=3,3,2026-10-07T01:50:03.718507+00:00,3208e0c31dd865b2880b366a796a9cccba7c3f7b4704695dd14f7ec1e18510db,,UNVERIFIED
EP-18,The Strongest Woman in the Universe,00:13:54,834,852993,https://animehistory.org/uploads/screencaps/outlaw-star-E018-The-Strongest-Woman-in-the-Universe/cap_00-13-54_078e.jpg,Outlaw Star Ep 18: The Strongest Woman in the Universe @ 00:13:54,https://animehistory.org/gallery/screencaps/outlaw-star/episode-18/,https://animehistory.org/gallery/screencaps/outlaw-star/episode-18/?page=3,3,2026-10-07T01:50:03.718507+00:00,3208e0c31dd865b2880b366a796a9cccba7c3f7b4704695dd14f7ec1e18510db,,UNVERIFIED
EP-18,The Strongest Woman in the Universe,00:13:58,838,852994,https://animehistory.org/uploads/screencaps/outlaw-star-E018-The-Strongest-Woman-in-the-Universe/cap_00-13-58_7a44.jpg,Outlaw Star Ep 18: The Strongest Woman in the Universe @ 00:13:58,https://animehistory.org/gallery/screencaps/outlaw-star/episode-18/,https://animehistory.org/gallery/screencaps/outlaw-star/episode-18/?page=3,3,2026-10-07T01:50:03.718507+00:00,3208e0c31dd865b2880b366a796a9cccba7c3f7b4704695dd14f7ec1e18510db,,UNVERIFIED
EP-18,The Strongest Woman in the Universe,00:14:02,842,852995,https://animehistory.org/uploads/screencaps/outlaw-star-E018-The-Strongest-Woman-in-the-Universe/cap_00-14-02_6ce7.jpg,Outlaw Star Ep 18: The Strongest Woman in the Universe @ 00:14:02,https://animehistory.org/gallery/screencaps/outlaw-star/episode-18/,https://animehistory.org/gallery/screencaps/outlaw-star/episode-18/?page=3,3,2026-10-07T01:50:03.718507+00:00,3208e0c31dd865b2880b366a796a9cccba7c3f7b4704695dd14f7ec1e18510db,,UNVERIFIED
EP-18,The Strongest Woman in the Universe,00:14:05,845,852996,https://animehistory.org/uploads/screencaps/outlaw-star-E018-The-Strongest-Woman-in-the-Universe/cap_00-14-05_2655.jpg,Outlaw Star Ep 18: The Strongest Woman in the Universe @ 00:14:05,https://animehistory.org/gallery/screencaps/outlaw-star/episode-18/,https://animehistory.org/gallery/screencaps/outlaw-star/episode-18/?page=3,3,2026-10-07T01:50:03.718507+00:00,3208e0c31dd865b2880b366a796a9cccba7c3f7b4704695dd14f7ec1e18510db,,UNVERIFIED
EP-18,The Strongest Woman in the Universe,00:14:09,849,852997,https://animehistory.org/uploads/screencaps/outlaw-star-E018-The-Strongest-Woman-in-the-Universe/cap_00-14-09_63a9.jpg,Outlaw Star Ep 18: The Strongest Woman in the Universe @ 00:14:09,https://animehistory.org/gallery/screencaps/outlaw-star/episode-18/,https://animehistory.org/gallery/screencaps/outlaw-star/episode-18/?page=3,3,2026-10-07T01:50:03.718507+00:00,3208e0c31dd865b2880b366a796a9cccba7c3f7b4704695dd14f7ec1e18510db,,UNVERIFIED
EP-18,The Strongest Woman in the Universe,00:14:12,852,852998,https://animehistory.org/uploads/screencaps/outlaw-star-E018-The-Strongest-Woman-in-the-Universe/cap_00-14-12_7cf1.jpg,Outlaw Star Ep 18: The Strongest Woman in the Universe @ 00:14:12,https://animehistory.org/gallery/screencaps/outlaw-star/episode-18/,https://animehistory.org/gallery/screencaps/outlaw-star/episode-18/?page=3,3,2026-10-07T01:50:03.718507+00:00,3208e0c31dd865b2880b366a796a9cccba7c3f7b4704695dd14f7ec1e18510db,,UNVERIFIED
EP-18,The Strongest Woman in the Universe,00:14:16,856,852999,https://animehistory.org/uploads/screencaps/outlaw-star-E018-The-Strongest-Woman-in-the-Universe/cap_00-14-16_059b.jpg,Outlaw Star Ep 18: The Strongest Woman in the Universe @ 00:14:16,https://animehistory.org/gallery/screencaps/outlaw-star/episode-18/,https://animehistory.org/gallery/screencaps/outlaw-star/episode-18/?page=3,3,2026-10-07T01:50:03.718507+00:00,3208e0c31dd865b2880b366a796a9cccba7c3f7b4704695dd14f7ec1e18510db,,UNVERIFIED
EP-18,The Strongest Woman in the Universe,00:14:20,860,853000,https://animehistory.org/uploads/screencaps/outlaw-star-E018-The-Strongest-Woman-in-the-Universe/cap_00-14-20_6e75.jpg,Outlaw Star Ep 18: The Strongest Woman in the Universe @ 00:14:20,https://animehistory.org/gallery/screencaps/outlaw-star/episode-18/,https://animehistory.org/gallery/screencaps/outlaw-star/episode-18/?page=3,3,2026-10-07T01:50:03.718507+00:00,3208e0c31dd865b2880b366a796a9cccba7c3f7b4704695dd14f7ec1e18510db,,UNVERIFIED
EP-18,The Strongest Woman in the Universe,00:14:23,863,853001,https://animehistory.org/uploads/screencaps/outlaw-star-E018-The-Strongest-Woman-in-the-Universe/cap_00-14-23_4add.jpg,Outlaw Star Ep 18: The Strongest Woman in the Universe @ 00:14:23,https://animehistory.org/gallery/screencaps/outlaw-star/episode-18/,https://animehistory.org/gallery/screencaps/outlaw-star/episode-18/?page=3,3,2026-10-07T01:50:03.718507+00:00,3208e0c31dd865b2880b366a796a9cccba7c3f7b4704695dd14f7ec1e18510db,,UNVERIFIED
EP-18,The Strongest Woman in the Universe,00:14:27,867,853002,https://animehistory.org/uploads/screencaps/outlaw-star-E018-The-Strongest-Woman-in-the-Universe/cap_00-14-27_5ee6.jpg,Outlaw Star Ep 18: The Strongest Woman in the Universe @ 00:14:27,https://animehistory.org/gallery/screencaps/outlaw-star/episode-18/,https://animehistory.org/gallery/screencaps/outlaw-star/episode-18/?page=3,3,2026-10-07T01:50:03.718507+00:00,3208e0c31dd865b2880b366a796a9cccba7c3f7b4704695dd14f7ec1e18510db,,UNVERIFIED
EP-18,The Strongest Woman in the Universe,00:14:30,870,853003,https://animehistory.org/uploads/screencaps/outlaw-star-E018-The-Strongest-Woman-in-the-Universe/cap_00-14-30_5f4d.jpg,Outlaw Star Ep 18: The Strongest Woman in the Universe @ 00:14:30,https://animehistory.org/gallery/screencaps/outlaw-star/episode-18/,https://animehistory.org/gallery/screencaps/outlaw-star/episode-18/?page=3,3,2026-10-07T01:50:03.718507+00:00,3208e0c31dd865b2880b366a796a9cccba7c3f7b4704695dd14f7ec1e18510db,,UNVERIFIED
EP-18,The Strongest Woman in the Universe,00:14:34,874,853004,https://animehistory.org/uploads/screencaps/outlaw-star-E018-The-Strongest-Woman-in-the-Universe/cap_00-14-34_0d14.jpg,Outlaw Star Ep 18: The Strongest Woman in the Universe @ 00:14:34,https://animehistory.org/gallery/screencaps/outlaw-star/episode-18/,https://animehistory.org/gallery/screencaps/outlaw-star/episode-18/?page=3,3,2026-10-07T01:50:03.718507+00:00,3208e0c31dd865b2880b366a796a9cccba7c3f7b4704695dd14f7ec1e18510db,,UNVERIFIED
EP-18,The Strongest Woman in the Universe,00:14:38,878,853005,https://animehistory.org/uploads/screencaps/outlaw-star-E018-The-Strongest-Woman-in-the-Universe/cap_00-14-38_3902.jpg,Outlaw Star Ep 18: The Strongest Woman in the Universe @ 00:14:38,https://animehistory.org/gallery/screencaps/outlaw-star/episode-18/,https://animehistory.org/gallery/screencaps/outlaw-star/episode-18/?page=3,3,2026-10-07T01:50:03.718507+00:00,3208e0c31dd865b2880b366a796a9cccba7c3f7b4704695dd14f7ec1e18510db,,UNVERIFIED
EP-18,The Strongest Woman in the Universe,00:14:41,881,853006,https://animehistory.org/uploads/screencaps/outlaw-star-E018-The-Strongest-Woman-in-the-Universe/cap_00-14-41_12ea.jpg,Outlaw Star Ep 18: The Strongest Woman in the Universe @ 00:14:41,https://animehistory.org/gallery/screencaps/outlaw-star/episode-18/,https://animehistory.org/gallery/screencaps/outlaw-star/episode-18/?page=3,3,2026-10-07T01:50:03.718507+00:00,3208e0c31dd865b2880b366a796a9cccba7c3f7b4704695dd14f7ec1e18510db,,UNVERIFIED
EP-18,The Strongest Woman in the Universe,00:14:45,885,853007,https://animehistory.org/uploads/screencaps/outlaw-star-E018-The-Strongest-Woman-in-the-Universe/cap_00-14-45_5439.jpg,Outlaw Star Ep 18: The Strongest Woman in the Universe @ 00:14:45,https://animehistory.org/gallery/screencaps/outlaw-star/episode-18/,https://animehistory.org/gallery/screencaps/outlaw-star/episode-18/?page=3,3,2026-10-07T01:50:03.718507+00:00,3208e0c31dd865b2880b366a796a9cccba7c3f7b4704695dd14f7ec1e18510db,,UNVERIFIED
EP-18,The Strongest Woman in the Universe,00:14:49,889,853008,https://animehistory.org/uploads/screencaps/outlaw-star-E018-The-Strongest-Woman-in-the-Universe/cap_00-14-49_7be2.jpg,Outlaw Star Ep 18: The Strongest Woman in the Universe @ 00:14:49,https://animehistory.org/gallery/screencaps/outlaw-star/episode-18/,https://animehistory.org/gallery/screencaps/outlaw-star/episode-18/?page=3,3,2026-10-07T01:50:03.718507+00:00,3208e0c31dd865b2880b366a796a9cccba7c3f7b4704695dd14f7ec1e18510db,,UNVERIFIED
EP-18,The Strongest Woman in the Universe,00:14:52,892,853009,https://animehistory.org/uploads/screencaps/outlaw-star-E018-The-Strongest-Woman-in-the-Universe/cap_00-14-52_61ff.jpg,Outlaw Star Ep 18: The Strongest Woman in the Universe @ 00:14:52,https://animehistory.org/gallery/screencaps/outlaw-star/episode-18/,https://animehistory.org/gallery/screencaps/outlaw-star/episode-18/?page=3,3,2026-10-07T01:50:03.718507+00:00,3208e0c31dd865b2880b366a796a9cccba7c3f7b4704695dd14f7ec1e18510db,,UNVERIFIED
EP-18,The Strongest Woman in the Universe,00:14:56,896,853010,https://animehistory.org/uploads/screencaps/outlaw-star-E018-The-Strongest-Woman-in-the-Universe/cap_00-14-56_45a1.jpg,Outlaw Star Ep 18: The Strongest Woman in the Universe @ 00:14:56,https://animehistory.org/gallery/screencaps/outlaw-star/episode-18/,https://animehistory.org/gallery/screencaps/outlaw-star/episode-18/?page=3,3,2026-10-07T01:50:03.718507+00:00,3208e0c31dd865b2880b366a796a9cccba7c3f7b4704695dd14f7ec1e18510db,,UNVERIFIED
EP-18,The Strongest Woman in the Universe,00:14:59,899,853011,https://animehistory.org/uploads/screencaps/outlaw-star-E018-The-Strongest-Woman-in-the-Universe/cap_00-14-59_6cb7.jpg,Outlaw Star Ep 18: The Strongest Woman in the Universe @ 00:14:59,https://animehistory.org/gallery/screencaps/outlaw-star/episode-18/,https://animehistory.org/gallery/screencaps/outlaw-star/episode-18/?page=3,3,2026-10-07T01:50:03.718507+00:00,3208e0c31dd865b2880b366a796a9cccba7c3f7b4704695dd14f7ec1e18510db,,UNVERIFIED
EP-18,The Strongest Woman in the Universe,00:15:03,903,853012,https://animehistory.org/uploads/screencaps/outlaw-star-E018-The-Strongest-Woman-in-the-Universe/cap_00-15-03_5fbb.jpg,Outlaw Star Ep 18: The Strongest Woman in the Universe @ 00:15:03,https://animehistory.org/gallery/screencaps/outlaw-star/episode-18/,https://animehistory.org/gallery/screencaps/outlaw-star/episode-18/?page=3,3,2026-10-07T01:50:03.718507+00:00,3208e0c31dd865b2880b366a796a9cccba7c3f7b4704695dd14f7ec1e18510db,,UNVERIFIED
EP-18,The Strongest Woman in the Universe,00:15:07,907,853013,https://animehistory.org/uploads/screencaps/outlaw-star-E018-The-Strongest-Woman-in-the-Universe/cap_00-15-07_4725.jpg,Outlaw Star Ep 18: The Strongest Woman in the Universe @ 00:15:07,https://animehistory.org/gallery/screencaps/outlaw-star/episode-18/,https://animehistory.org/gallery/screencaps/outlaw-star/episode-18/?page=3,3,2026-10-07T01:50:03.718507+00:00,3208e0c31dd865b2880b366a796a9cccba7c3f7b4704695dd14f7ec1e18510db,,UNVERIFIED
EP-18,The Strongest Woman in the Universe,00:15:10,910,853014,https://animehistory.org/uploads/screencaps/outlaw-star-E018-The-Strongest-Woman-in-the-Universe/cap_00-15-10_0441.jpg,Outlaw Star Ep 18: The Strongest Woman in the Universe @ 00:15:10,https://animehistory.org/gallery/screencaps/outlaw-star/episode-18/,https://animehistory.org/gallery/screencaps/outlaw-star/episode-18/?page=3,3,2026-10-07T01:50:03.718507+00:00,3208e0c31dd865b2880b366a796a9cccba7c3f7b4704695dd14f7ec1e18510db,,UNVERIFIED
EP-18,The Strongest Woman in the Universe,00:15:14,914,853015,https://animehistory.org/uploads/screencaps/outlaw-star-E018-The-Strongest-Woman-in-the-Universe/cap_00-15-14_098a.jpg,Outlaw Star Ep 18: The Strongest Woman in the Universe @ 00:15:14,https://animehistory.org/gallery/screencaps/outlaw-star/episode-18/,https://animehistory.org/gallery/screencaps/outlaw-star/episode-18/?page=3,3,2026-10-07T01:50:03.718507+00:00,3208e0c31dd865b2880b366a796a9cccba7c3f7b4704695dd14f7ec1e18510db,,UNVERIFIED
EP-18,The Strongest Woman in the Universe,00:15:18,918,853016,https://animehistory.org/uploads/screencaps/outlaw-star-E018-The-Strongest-Woman-in-the-Universe/cap_00-15-18_2596.jpg,Outlaw Star Ep 18: The Strongest Woman in the Universe @ 00:15:18,https://animehistory.org/gallery/screencaps/outlaw-star/episode-18/,https://animehistory.org/gallery/screencaps/outlaw-star/episode-18/?page=3,3,2026-10-07T01:50:03.718507+00:00,3208e0c31dd865b2880b366a796a9cccba7c3f7b4704695dd14f7ec1e18510db,,UNVERIFIED
EP-18,The Strongest Woman in the Universe,00:15:21,921,853017,https://animehistory.org/uploads/screencaps/outlaw-star-E018-The-Strongest-Woman-in-the-Universe/cap_00-15-21_0c50.jpg,Outlaw Star Ep 18: The Strongest Woman in the Universe @ 00:15:21,https://animehistory.org/gallery/screencaps/outlaw-star/episode-18/,https://animehistory.org/gallery/screencaps/outlaw-star/episode-18/?page=3,3,2026-10-07T01:50:03.718507+00:00,3208e0c31dd865b2880b366a796a9cccba7c3f7b4704695dd14f7ec1e18510db,,UNVERIFIED
EP-18,The Strongest Woman in the Universe,00:15:25,925,853018,https://animehistory.org/uploads/screencaps/outlaw-star-E018-The-Strongest-Woman-in-the-Universe/cap_00-15-25_3439.jpg,Outlaw Star Ep 18: The Strongest Woman in the Universe @ 00:15:25,https://animehistory.org/gallery/screencaps/outlaw-star/episode-18/,https://animehistory.org/gallery/screencaps/outlaw-star/episode-18/?page=3,3,2026-10-07T01:50:03.718507+00:00,3208e0c31dd865b2880b366a796a9cccba7c3f7b4704695dd14f7ec1e18510db,,UNVERIFIED
EP-18,The Strongest Woman in the Universe,00:15:28,928,853019,https://animehistory.org/uploads/screencaps/outlaw-star-E018-The-Strongest-Woman-in-the-Universe/cap_00-15-28_20b8.jpg,Outlaw Star Ep 18: The Strongest Woman in the Universe @ 00:15:28,https://animehistory.org/gallery/screencaps/outlaw-star/episode-18/,https://animehistory.org/gallery/screencaps/outlaw-star/episode-18/?page=3,3,2026-10-07T01:50:03.718507+00:00,3208e0c31dd865b2880b366a796a9cccba7c3f7b4704695dd14f7ec1e18510db,,UNVERIFIED
EP-18,The Strongest Woman in the Universe,00:15:32,932,853020,https://animehistory.org/uploads/screencaps/outlaw-star-E018-The-Strongest-Woman-in-the-Universe/cap_00-15-32_233e.jpg,Outlaw Star Ep 18: The Strongest Woman in the Universe @ 00:15:32,https://animehistory.org/gallery/screencaps/outlaw-star/episode-18/,https://animehistory.org/gallery/screencaps/outlaw-star/episode-18/?page=3,3,2026-10-07T01:50:03.718507+00:00,3208e0c31dd865b2880b366a796a9cccba7c3f7b4704695dd14f7ec1e18510db,,UNVERIFIED
EP-18,The Strongest Woman in the Universe,00:15:36,936,853021,https://animehistory.org/uploads/screencaps/outlaw-star-E018-The-Strongest-Woman-in-the-Universe/cap_00-15-36_7df4.jpg,Outlaw Star Ep 18: The Strongest Woman in the Universe @ 00:15:36,https://animehistory.org/gallery/screencaps/outlaw-star/episode-18/,https://animehistory.org/gallery/screencaps/outlaw-star/episode-18/?page=3,3,2026-10-07T01:50:03.718507+00:00,3208e0c31dd865b2880b366a796a9cccba7c3f7b4704695dd14f7ec1e18510db,,UNVERIFIED
EP-18,The Strongest Woman in the Universe,00:15:39,939,853022,https://animehistory.org/uploads/screencaps/outlaw-star-E018-The-Strongest-Woman-in-the-Universe/cap_00-15-39_2d7b.jpg,Outlaw Star Ep 18: The Strongest Woman in the Universe @ 00:15:39,https://animehistory.org/gallery/screencaps/outlaw-star/episode-18/,https://animehistory.org/gallery/screencaps/outlaw-star/episode-18/?page=3,3,2026-10-07T01:50:03.718507+00:00,3208e0c31dd865b2880b366a796a9cccba7c3f7b4704695dd14f7ec1e18510db,,UNVERIFIED
EP-18,The Strongest Woman in the Universe,00:15:43,943,853023,https://animehistory.org/uploads/screencaps/outlaw-star-E018-The-Strongest-Woman-in-the-Universe/cap_00-15-43_37f9.jpg,Outlaw Star Ep 18: The Strongest Woman in the Universe @ 00:15:43,https://animehistory.org/gallery/screencaps/outlaw-star/episode-18/,https://animehistory.org/gallery/screencaps/outlaw-star/episode-18/?page=3,3,2026-10-07T01:50:03.718507+00:00,3208e0c31dd865b2880b366a796a9cccba7c3f7b4704695dd14f7ec1e18510db,,UNVERIFIED
EP-18,The Strongest Woman in the Universe,00:15:47,947,853024,https://animehistory.org/uploads/screencaps/outlaw-star-E018-The-Strongest-Woman-in-the-Universe/cap_00-15-47_69e6.jpg,Outlaw Star Ep 18: The Strongest Woman in the Universe @ 00:15:47,https://animehistory.org/gallery/screencaps/outlaw-star/episode-18/,https://animehistory.org/gallery/screencaps/outlaw-star/episode-18/?page=3,3,2026-10-07T01:50:03.718507+00:00,3208e0c31dd865b2880b366a796a9cccba7c3f7b4704695dd14f7ec1e18510db,,UNVERIFIED
EP-18,The Strongest Woman in the Universe,00:15:50,950,853025,https://animehistory.org/uploads/screencaps/outlaw-star-E018-The-Strongest-Woman-in-the-Universe/cap_00-15-50_1122.jpg,Outlaw Star Ep 18: The Strongest Woman in the Universe @ 00:15:50,https://animehistory.org/gallery/screencaps/outlaw-star/episode-18/,https://animehistory.org/gallery/screencaps/outlaw-star/episode-18/?page=3,3,2026-10-07T01:50:03.718507+00:00,3208e0c31dd865b2880b366a796a9cccba7c3f7b4704695dd14f7ec1e18510db,,UNVERIFIED
EP-18,The Strongest Woman in the Universe,00:15:54,954,853026,https://animehistory.org/uploads/screencaps/outlaw-star-E018-The-Strongest-Woman-in-the-Universe/cap_00-15-54_035a.jpg,Outlaw Star Ep 18: The Strongest Woman in the Universe @ 00:15:54,https://animehistory.org/gallery/screencaps/outlaw-star/episode-18/,https://animehistory.org/gallery/screencaps/outlaw-star/episode-18/?page=3,3,2026-10-07T01:50:03.718507+00:00,3208e0c31dd865b2880b366a796a9cccba7c3f7b4704695dd14f7ec1e18510db,,UNVERIFIED
EP-18,The Strongest Woman in the Universe,00:15:57,957,853027,https://animehistory.org/uploads/screencaps/outlaw-star-E018-The-Strongest-Woman-in-the-Universe/cap_00-15-57_4ff9.jpg,Outlaw Star Ep 18: The Strongest Woman in the Universe @ 00:15:57,https://animehistory.org/gallery/screencaps/outlaw-star/episode-18/,https://animehistory.org/gallery/screencaps/outlaw-star/episode-18/?page=3,3,2026-10-07T01:50:03.718507+00:00,3208e0c31dd865b2880b366a796a9cccba7c3f7b4704695dd14f7ec1e18510db,,UNVERIFIED
EP-18,The Strongest Woman in the Universe,00:16:01,961,853028,https://animehistory.org/uploads/screencaps/outlaw-star-E018-The-Strongest-Woman-in-the-Universe/cap_00-16-01_6030.jpg,Outlaw Star Ep 18: The Strongest Woman in the Universe @ 00:16:01,https://animehistory.org/gallery/screencaps/outlaw-star/episode-18/,https://animehistory.org/gallery/screencaps/outlaw-star/episode-18/?page=3,3,2026-10-07T01:50:03.718507+00:00,3208e0c31dd865b2880b366a796a9cccba7c3f7b4704695dd14f7ec1e18510db,,UNVERIFIED
EP-18,The Strongest Woman in the Universe,00:16:05,965,853029,https://animehistory.org/uploads/screencaps/outlaw-star-E018-The-Strongest-Woman-in-the-Universe/cap_00-16-05_32a7.jpg,Outlaw Star Ep 18: The Strongest Woman in the Universe @ 00:16:05,https://animehistory.org/gallery/screencaps/outlaw-star/episode-18/,https://animehistory.org/gallery/screencaps/outlaw-star/episode-18/?page=3,3,2026-10-07T01:50:03.718507+00:00,3208e0c31dd865b2880b366a796a9cccba7c3f7b4704695dd14f7ec1e18510db,,UNVERIFIED
EP-18,The Strongest Woman in the Universe,00:16:08,968,853030,https://animehistory.org/uploads/screencaps/outlaw-star-E018-The-Strongest-Woman-in-the-Universe/cap_00-16-08_5937.jpg,Outlaw Star Ep 18: The Strongest Woman in the Universe @ 00:16:08,https://animehistory.org/gallery/screencaps/outlaw-star/episode-18/,https://animehistory.org/gallery/screencaps/outlaw-star/episode-18/?page=3,3,2026-10-07T01:50:03.718507+00:00,3208e0c31dd865b2880b366a796a9cccba7c3f7b4704695dd14f7ec1e18510db,,UNVERIFIED
EP-18,The Strongest Woman in the Universe,00:16:12,972,853031,https://animehistory.org/uploads/screencaps/outlaw-star-E018-The-Strongest-Woman-in-the-Universe/cap_00-16-12_3be6.jpg,Outlaw Star Ep 18: The Strongest Woman in the Universe @ 00:16:12,https://animehistory.org/gallery/screencaps/outlaw-star/episode-18/,https://animehistory.org/gallery/screencaps/outlaw-star/episode-18/?page=3,3,2026-10-07T01:50:03.718507+00:00,3208e0c31dd865b2880b366a796a9cccba7c3f7b4704695dd14f7ec1e18510db,,UNVERIFIED
EP-18,The Strongest Woman in the Universe,00:16:15,975,853032,https://animehistory.org/uploads/screencaps/outlaw-star-E018-The-Strongest-Woman-in-the-Universe/cap_00-16-15_6615.jpg,Outlaw Star Ep 18: The Strongest Woman in the Universe @ 00:16:15,https://animehistory.org/gallery/screencaps/outlaw-star/episode-18/,https://animehistory.org/gallery/screencaps/outlaw-star/episode-18/?page=3,3,2026-10-07T01:50:03.718507+00:00,3208e0c31dd865b2880b366a796a9cccba7c3f7b4704695dd14f7ec1e18510db,,UNVERIFIED
EP-18,The Strongest Woman in the Universe,00:16:19,979,853033,https://animehistory.org/uploads/screencaps/outlaw-star-E018-The-Strongest-Woman-in-the-Universe/cap_00-16-19_29b5.jpg,Outlaw Star Ep 18: The Strongest Woman in the Universe @ 00:16:19,https://animehistory.org/gallery/screencaps/outlaw-star/episode-18/,https://animehistory.org/gallery/screencaps/outlaw-star/episode-18/?page=3,3,2026-10-07T01:50:03.718507+00:00,3208e0c31dd865b2880b366a796a9cccba7c3f7b4704695dd14f7ec1e18510db,,UNVERIFIED
EP-18,The Strongest Woman in the Universe,00:16:23,983,853034,https://animehistory.org/uploads/screencaps/outlaw-star-E018-The-Strongest-Woman-in-the-Universe/cap_00-16-23_1c22.jpg,Outlaw Star Ep 18: The Strongest Woman in the Universe @ 00:16:23,https://animehistory.org/gallery/screencaps/outlaw-star/episode-18/,https://animehistory.org/gallery/screencaps/outlaw-star/episode-18/?page=3,3,2026-10-07T01:50:03.718507+00:00,3208e0c31dd865b2880b366a796a9cccba7c3f7b4704695dd14f7ec1e18510db,,UNVERIFIED
EP-18,The Strongest Woman in the Universe,00:16:26,986,853035,https://animehistory.org/uploads/screencaps/outlaw-star-E018-The-Strongest-Woman-in-the-Universe/cap_00-16-26_741d.jpg,Outlaw Star Ep 18: The Strongest Woman in the Universe @ 00:16:26,https://animehistory.org/gallery/screencaps/outlaw-star/episode-18/,https://animehistory.org/gallery/screencaps/outlaw-star/episode-18/?page=3,3,2026-10-07T01:50:03.718507+00:00,3208e0c31dd865b2880b366a796a9cccba7c3f7b4704695dd14f7ec1e18510db,,UNVERIFIED
EP-18,The Strongest Woman in the Universe,00:16:30,990,853036,https://animehistory.org/uploads/screencaps/outlaw-star-E018-The-Strongest-Woman-in-the-Universe/cap_00-16-30_6227.jpg,Outlaw Star Ep 18: The Strongest Woman in the Universe @ 00:16:30,https://animehistory.org/gallery/screencaps/outlaw-star/episode-18/,https://animehistory.org/gallery/screencaps/outlaw-star/episode-18/?page=3,3,2026-10-07T01:50:03.718507+00:00,3208e0c31dd865b2880b366a796a9cccba7c3f7b4704695dd14f7ec1e18510db,,UNVERIFIED
EP-18,The Strongest Woman in the Universe,00:16:34,994,853037,https://animehistory.org/uploads/screencaps/outlaw-star-E018-The-Strongest-Woman-in-the-Universe/cap_00-16-34_0adf.jpg,Outlaw Star Ep 18: The Strongest Woman in the Universe @ 00:16:34,https://animehistory.org/gallery/screencaps/outlaw-star/episode-18/,https://animehistory.org/gallery/screencaps/outlaw-star/episode-18/?page=3,3,2026-10-07T01:50:03.718507+00:00,3208e0c31dd865b2880b366a796a9cccba7c3f7b4704695dd14f7ec1e18510db,,UNVERIFIED
EP-18,The Strongest Woman in the Universe,00:16:37,997,853038,https://animehistory.org/uploads/screencaps/outlaw-star-E018-The-Strongest-Woman-in-the-Universe/cap_00-16-37_47e8.jpg,Outlaw Star Ep 18: The Strongest Woman in the Universe @ 00:16:37,https://animehistory.org/gallery/screencaps/outlaw-star/episode-18/,https://animehistory.org/gallery/screencaps/outlaw-star/episode-18/?page=3,3,2026-10-07T01:50:03.718507+00:00,3208e0c31dd865b2880b366a796a9cccba7c3f7b4704695dd14f7ec1e18510db,,UNVERIFIED
EP-18,The Strongest Woman in the Universe,00:16:41,1001,853039,https://animehistory.org/uploads/screencaps/outlaw-star-E018-The-Strongest-Woman-in-the-Universe/cap_00-16-41_0612.jpg,Outlaw Star Ep 18: The Strongest Woman in the Universe @ 00:16:41,https://animehistory.org/gallery/screencaps/outlaw-star/episode-18/,https://animehistory.org/gallery/screencaps/outlaw-star/episode-18/?page=3,3,2026-10-07T01:50:03.718507+00:00,3208e0c31dd865b2880b366a796a9cccba7c3f7b4704695dd14f7ec1e18510db,,UNVERIFIED
EP-18,The Strongest Woman in the Universe,00:16:44,1004,853040,https://animehistory.org/uploads/screencaps/outlaw-star-E018-The-Strongest-Woman-in-the-Universe/cap_00-16-44_10ea.jpg,Outlaw Star Ep 18: The Strongest Woman in the Universe @ 00:16:44,https://animehistory.org/gallery/screencaps/outlaw-star/episode-18/,https://animehistory.org/gallery/screencaps/outlaw-star/episode-18/?page=3,3,2026-10-07T01:50:03.718507+00:00,3208e0c31dd865b2880b366a796a9cccba7c3f7b4704695dd14f7ec1e18510db,,UNVERIFIED
EP-18,The Strongest Woman in the Universe,00:16:48,1008,853041,https://animehistory.org/uploads/screencaps/outlaw-star-E018-The-Strongest-Woman-in-the-Universe/cap_00-16-48_2d05.jpg,Outlaw Star Ep 18: The Strongest Woman in the Universe @ 00:16:48,https://animehistory.org/gallery/screencaps/outlaw-star/episode-18/,https://animehistory.org/gallery/screencaps/outlaw-star/episode-18/?page=3,3,2026-10-07T01:50:03.718507+00:00,3208e0c31dd865b2880b366a796a9cccba7c3f7b4704695dd14f7ec1e18510db,,UNVERIFIED
EP-18,The Strongest Woman in the Universe,00:16:52,1012,853042,https://animehistory.org/uploads/screencaps/outlaw-star-E018-The-Strongest-Woman-in-the-Universe/cap_00-16-52_3830.jpg,Outlaw Star Ep 18: The Strongest Woman in the Universe @ 00:16:52,https://animehistory.org/gallery/screencaps/outlaw-star/episode-18/,https://animehistory.org/gallery/screencaps/outlaw-star/episode-18/?page=3,3,2026-10-07T01:50:03.718507+00:00,3208e0c31dd865b2880b366a796a9cccba7c3f7b4704695dd14f7ec1e18510db,,UNVERIFIED
EP-18,The Strongest Woman in the Universe,00:16:55,1015,853043,https://animehistory.org/uploads/screencaps/outlaw-star-E018-The-Strongest-Woman-in-the-Universe/cap_00-16-55_65fa.jpg,Outlaw Star Ep 18: The Strongest Woman in the Universe @ 00:16:55,https://animehistory.org/gallery/screencaps/outlaw-star/episode-18/,https://animehistory.org/gallery/screencaps/outlaw-star/episode-18/?page=3,3,2026-10-07T01:50:03.718507+00:00,3208e0c31dd865b2880b366a796a9cccba7c3f7b4704695dd14f7ec1e18510db,,UNVERIFIED
EP-18,The Strongest Woman in the Universe,00:16:59,1019,853044,https://animehistory.org/uploads/screencaps/outlaw-star-E018-The-Strongest-Woman-in-the-Universe/cap_00-16-59_02b8.jpg,Outlaw Star Ep 18: The Strongest Woman in the Universe @ 00:16:59,https://animehistory.org/gallery/screencaps/outlaw-star/episode-18/,https://animehistory.org/gallery/screencaps/outlaw-star/episode-18/?page=3,3,2026-10-07T01:50:03.718507+00:00,3208e0c31dd865b2880b366a796a9cccba7c3f7b4704695dd14f7ec1e18510db,,UNVERIFIED
EP-18,The Strongest Woman in the Universe,00:17:03,1023,853045,https://animehistory.org/uploads/screencaps/outlaw-star-E018-The-Strongest-Woman-in-the-Universe/cap_00-17-03_2be8.jpg,Outlaw Star Ep 18: The Strongest Woman in the Universe @ 00:17:03,https://animehistory.org/gallery/screencaps/outlaw-star/episode-18/,https://animehistory.org/gallery/screencaps/outlaw-star/episode-18/?page=3,3,2026-10-07T01:50:03.718507+00:00,3208e0c31dd865b2880b366a796a9cccba7c3f7b4704695dd14f7ec1e18510db,,UNVERIFIED
EP-18,The Strongest Woman in the Universe,00:17:06,1026,853046,https://animehistory.org/uploads/screencaps/outlaw-star-E018-The-Strongest-Woman-in-the-Universe/cap_00-17-06_3663.jpg,Outlaw Star Ep 18: The Strongest Woman in the Universe @ 00:17:06,https://animehistory.org/gallery/screencaps/outlaw-star/episode-18/,https://animehistory.org/gallery/screencaps/outlaw-star/episode-18/?page=3,3,2026-10-07T01:50:03.718507+00:00,3208e0c31dd865b2880b366a796a9cccba7c3f7b4704695dd14f7ec1e18510db,,UNVERIFIED
EP-18,The Strongest Woman in the Universe,00:17:10,1030,853047,https://animehistory.org/uploads/screencaps/outlaw-star-E018-The-Strongest-Woman-in-the-Universe/cap_00-17-10_4ec7.jpg,Outlaw Star Ep 18: The Strongest Woman in the Universe @ 00:17:10,https://animehistory.org/gallery/screencaps/outlaw-star/episode-18/,https://animehistory.org/gallery/screencaps/outlaw-star/episode-18/?page=3,3,2026-10-07T01:50:03.718507+00:00,3208e0c31dd865b2880b366a796a9cccba7c3f7b4704695dd14f7ec1e18510db,,UNVERIFIED
EP-18,The Strongest Woman in the Universe,00:17:13,1033,853048,https://animehistory.org/uploads/screencaps/outlaw-star-E018-The-Strongest-Woman-in-the-Universe/cap_00-17-13_24e3.jpg,Outlaw Star Ep 18: The Strongest Woman in the Universe @ 00:17:13,https://animehistory.org/gallery/screencaps/outlaw-star/episode-18/,https://animehistory.org/gallery/screencaps/outlaw-star/episode-18/?page=3,3,2026-10-07T01:50:03.718507+00:00,3208e0c31dd865b2880b366a796a9cccba7c3f7b4704695dd14f7ec1e18510db,,UNVERIFIED
EP-18,The Strongest Woman in the Universe,00:17:17,1037,853049,https://animehistory.org/uploads/screencaps/outlaw-star-E018-The-Strongest-Woman-in-the-Universe/cap_00-17-17_7ea7.jpg,Outlaw Star Ep 18: The Strongest Woman in the Universe @ 00:17:17,https://animehistory.org/gallery/screencaps/outlaw-star/episode-18/,https://animehistory.org/gallery/screencaps/outlaw-star/episode-18/?page=3,3,2026-10-07T01:50:03.718507+00:00,3208e0c31dd865b2880b366a796a9cccba7c3f7b4704695dd14f7ec1e18510db,,UNVERIFIED
EP-18,The Strongest Woman in the Universe,00:17:21,1041,853050,https://animehistory.org/uploads/screencaps/outlaw-star-E018-The-Strongest-Woman-in-the-Universe/cap_00-17-21_7272.jpg,Outlaw Star Ep 18: The Strongest Woman in the Universe @ 00:17:21,https://animehistory.org/gallery/screencaps/outlaw-star/episode-18/,https://animehistory.org/gallery/screencaps/outlaw-star/episode-18/?page=3,3,2026-10-07T01:50:03.718507+00:00,3208e0c31dd865b2880b366a796a9cccba7c3f7b4704695dd14f7ec1e18510db,,UNVERIFIED
EP-18,The Strongest Woman in the Universe,00:17:24,1044,853051,https://animehistory.org/uploads/screencaps/outlaw-star-E018-The-Strongest-Woman-in-the-Universe/cap_00-17-24_511f.jpg,Outlaw Star Ep 18: The Strongest Woman in the Universe @ 00:17:24,https://animehistory.org/gallery/screencaps/outlaw-star/episode-18/,https://animehistory.org/gallery/screencaps/outlaw-star/episode-18/?page=3,3,2026-10-07T01:50:03.718507+00:00,3208e0c31dd865b2880b366a796a9cccba7c3f7b4704695dd14f7ec1e18510db,,UNVERIFIED
EP-18,The Strongest Woman in the Universe,00:17:28,1048,853052,https://animehistory.org/uploads/screencaps/outlaw-star-E018-The-Strongest-Woman-in-the-Universe/cap_00-17-28_7313.jpg,Outlaw Star Ep 18: The Strongest Woman in the Universe @ 00:17:28,https://animehistory.org/gallery/screencaps/outlaw-star/episode-18/,https://animehistory.org/gallery/screencaps/outlaw-star/episode-18/?page=3,3,2026-10-07T01:50:03.718507+00:00,3208e0c31dd865b2880b366a796a9cccba7c3f7b4704695dd14f7ec1e18510db,,UNVERIFIED
EP-18,The Strongest Woman in the Universe,00:17:31,1051,853053,https://animehistory.org/uploads/screencaps/outlaw-star-E018-The-Strongest-Woman-in-the-Universe/cap_00-17-31_4bc2.jpg,Outlaw Star Ep 18: The Strongest Woman in the Universe @ 00:17:31,https://animehistory.org/gallery/screencaps/outlaw-star/episode-18/,https://animehistory.org/gallery/screencaps/outlaw-star/episode-18/?page=3,3,2026-10-07T01:50:03.718507+00:00,3208e0c31dd865b2880b366a796a9cccba7c3f7b4704695dd14f7ec1e18510db,,UNVERIFIED
EP-18,The Strongest Woman in the Universe,00:17:35,1055,853054,https://animehistory.org/uploads/screencaps/outlaw-star-E018-The-Strongest-Woman-in-the-Universe/cap_00-17-35_145c.jpg,Outlaw Star Ep 18: The Strongest Woman in the Universe @ 00:17:35,https://animehistory.org/gallery/screencaps/outlaw-star/episode-18/,https://animehistory.org/gallery/screencaps/outlaw-star/episode-18/?page=3,3,2026-10-07T01:50:03.718507+00:00,3208e0c31dd865b2880b366a796a9cccba7c3f7b4704695dd14f7ec1e18510db,,UNVERIFIED
EP-18,The Strongest Woman in the Universe,00:17:39,1059,853055,https://animehistory.org/uploads/screencaps/outlaw-star-E018-The-Strongest-Woman-in-the-Universe/cap_00-17-39_6654.jpg,Outlaw Star Ep 18: The Strongest Woman in the Universe @ 00:17:39,https://animehistory.org/gallery/screencaps/outlaw-star/episode-18/,https://animehistory.org/gallery/screencaps/outlaw-star/episode-18/?page=3,3,2026-10-07T01:50:03.718507+00:00,3208e0c31dd865b2880b366a796a9cccba7c3f7b4704695dd14f7ec1e18510db,,UNVERIFIED
EP-18,The Strongest Woman in the Universe,00:17:42,1062,853056,https://animehistory.org/uploads/screencaps/outlaw-star-E018-The-Strongest-Woman-in-the-Universe/cap_00-17-42_2e67.jpg,Outlaw Star Ep 18: The Strongest Woman in the Universe @ 00:17:42,https://animehistory.org/gallery/screencaps/outlaw-star/episode-18/,https://animehistory.org/gallery/screencaps/outlaw-star/episode-18/?page=3,3,2026-10-07T01:50:03.718507+00:00,3208e0c31dd865b2880b366a796a9cccba7c3f7b4704695dd14f7ec1e18510db,,UNVERIFIED
EP-18,The Strongest Woman in the Universe,00:17:46,1066,853057,https://animehistory.org/uploads/screencaps/outlaw-star-E018-The-Strongest-Woman-in-the-Universe/cap_00-17-46_7e79.jpg,Outlaw Star Ep 18: The Strongest Woman in the Universe @ 00:17:46,https://animehistory.org/gallery/screencaps/outlaw-star/episode-18/,https://animehistory.org/gallery/screencaps/outlaw-star/episode-18/?page=3,3,2026-10-07T01:50:03.718507+00:00,3208e0c31dd865b2880b366a796a9cccba7c3f7b4704695dd14f7ec1e18510db,,UNVERIFIED
EP-18,The Strongest Woman in the Universe,00:17:50,1070,853058,https://animehistory.org/uploads/screencaps/outlaw-star-E018-The-Strongest-Woman-in-the-Universe/cap_00-17-50_5cba.jpg,Outlaw Star Ep 18: The Strongest Woman in the Universe @ 00:17:50,https://animehistory.org/gallery/screencaps/outlaw-star/episode-18/,https://animehistory.org/gallery/screencaps/outlaw-star/episode-18/?page=3,3,2026-10-07T01:50:03.718507+00:00,3208e0c31dd865b2880b366a796a9cccba7c3f7b4704695dd14f7ec1e18510db,,UNVERIFIED
EP-18,The Strongest Woman in the Universe,00:17:53,1073,853059,https://animehistory.org/uploads/screencaps/outlaw-star-E018-The-Strongest-Woman-in-the-Universe/cap_00-17-53_51ce.jpg,Outlaw Star Ep 18: The Strongest Woman in the Universe @ 00:17:53,https://animehistory.org/gallery/screencaps/outlaw-star/episode-18/,https://animehistory.org/gallery/screencaps/outlaw-star/episode-18/?page=3,3,2026-10-07T01:50:03.718507+00:00,3208e0c31dd865b2880b366a796a9cccba7c3f7b4704695dd14f7ec1e18510db,,UNVERIFIED
EP-18,The Strongest Woman in the Universe,00:17:57,1077,853060,https://animehistory.org/uploads/screencaps/outlaw-star-E018-The-Strongest-Woman-in-the-Universe/cap_00-17-57_3fef.jpg,Outlaw Star Ep 18: The Strongest Woman in the Universe @ 00:17:57,https://animehistory.org/gallery/screencaps/outlaw-star/episode-18/,https://animehistory.org/gallery/screencaps/outlaw-star/episode-18/?page=3,3,2026-10-07T01:50:03.718507+00:00,3208e0c31dd865b2880b366a796a9cccba7c3f7b4704695dd14f7ec1e18510db,,UNVERIFIED
EP-18,The Strongest Woman in the Universe,00:18:00,1080,853061,https://animehistory.org/uploads/screencaps/outlaw-star-E018-The-Strongest-Woman-in-the-Universe/cap_00-18-00_2044.jpg,Outlaw Star Ep 18: The Strongest Woman in the Universe @ 00:18:00,https://animehistory.org/gallery/screencaps/outlaw-star/episode-18/,https://animehistory.org/gallery/screencaps/outlaw-star/episode-18/?page=3,3,2026-10-07T01:50:03.718507+00:00,3208e0c31dd865b2880b366a796a9cccba7c3f7b4704695dd14f7ec1e18510db,,UNVERIFIED
EP-18,The Strongest Woman in the Universe,00:18:04,1084,853062,https://animehistory.org/uploads/screencaps/outlaw-star-E018-The-Strongest-Woman-in-the-Universe/cap_00-18-04_0f48.jpg,Outlaw Star Ep 18: The Strongest Woman in the Universe @ 00:18:04,https://animehistory.org/gallery/screencaps/outlaw-star/episode-18/,https://animehistory.org/gallery/screencaps/outlaw-star/episode-18/?page=3,3,2026-10-07T01:50:03.718507+00:00,3208e0c31dd865b2880b366a796a9cccba7c3f7b4704695dd14f7ec1e18510db,,UNVERIFIED
EP-18,The Strongest Woman in the Universe,00:18:08,1088,853063,https://animehistory.org/uploads/screencaps/outlaw-star-E018-The-Strongest-Woman-in-the-Universe/cap_00-18-08_652e.jpg,Outlaw Star Ep 18: The Strongest Woman in the Universe @ 00:18:08,https://animehistory.org/gallery/screencaps/outlaw-star/episode-18/,https://animehistory.org/gallery/screencaps/outlaw-star/episode-18/?page=3,3,2026-10-07T01:50:03.718507+00:00,3208e0c31dd865b2880b366a796a9cccba7c3f7b4704695dd14f7ec1e18510db,,UNVERIFIED
EP-18,The Strongest Woman in the Universe,00:18:11,1091,853064,https://animehistory.org/uploads/screencaps/outlaw-star-E018-The-Strongest-Woman-in-the-Universe/cap_00-18-11_03ef.jpg,Outlaw Star Ep 18: The Strongest Woman in the Universe @ 00:18:11,https://animehistory.org/gallery/screencaps/outlaw-star/episode-18/,https://animehistory.org/gallery/screencaps/outlaw-star/episode-18/?page=3,3,2026-10-07T01:50:03.718507+00:00,3208e0c31dd865b2880b366a796a9cccba7c3f7b4704695dd14f7ec1e18510db,,UNVERIFIED
EP-18,The Strongest Woman in the Universe,00:18:15,1095,853065,https://animehistory.org/uploads/screencaps/outlaw-star-E018-The-Strongest-Woman-in-the-Universe/cap_00-18-15_1b1a.jpg,Outlaw Star Ep 18: The Strongest Woman in the Universe @ 00:18:15,https://animehistory.org/gallery/screencaps/outlaw-star/episode-18/,https://animehistory.org/gallery/screencaps/outlaw-star/episode-18/?page=3,3,2026-10-07T01:50:03.718507+00:00,3208e0c31dd865b2880b366a796a9cccba7c3f7b4704695dd14f7ec1e18510db,,UNVERIFIED
EP-18,The Strongest Woman in the Universe,00:18:19,1099,853066,https://animehistory.org/uploads/screencaps/outlaw-star-E018-The-Strongest-Woman-in-the-Universe/cap_00-18-19_67a5.jpg,Outlaw Star Ep 18: The Strongest Woman in the Universe @ 00:18:19,https://animehistory.org/gallery/screencaps/outlaw-star/episode-18/,https://animehistory.org/gallery/screencaps/outlaw-star/episode-18/?page=3,3,2026-10-07T01:50:03.718507+00:00,3208e0c31dd865b2880b366a796a9cccba7c3f7b4704695dd14f7ec1e18510db,,UNVERIFIED
EP-18,The Strongest Woman in the Universe,00:18:22,1102,853067,https://animehistory.org/uploads/screencaps/outlaw-star-E018-The-Strongest-Woman-in-the-Universe/cap_00-18-22_0ff3.jpg,Outlaw Star Ep 18: The Strongest Woman in the Universe @ 00:18:22,https://animehistory.org/gallery/screencaps/outlaw-star/episode-18/,https://animehistory.org/gallery/screencaps/outlaw-star/episode-18/?page=3,3,2026-10-07T01:50:03.718507+00:00,3208e0c31dd865b2880b366a796a9cccba7c3f7b4704695dd14f7ec1e18510db,,UNVERIFIED
EP-18,The Strongest Woman in the Universe,00:18:26,1106,853068,https://animehistory.org/uploads/screencaps/outlaw-star-E018-The-Strongest-Woman-in-the-Universe/cap_00-18-26_7406.jpg,Outlaw Star Ep 18: The Strongest Woman in the Universe @ 00:18:26,https://animehistory.org/gallery/screencaps/outlaw-star/episode-18/,https://animehistory.org/gallery/screencaps/outlaw-star/episode-18/?page=3,3,2026-10-07T01:50:03.718507+00:00,3208e0c31dd865b2880b366a796a9cccba7c3f7b4704695dd14f7ec1e18510db,,UNVERIFIED
EP-18,The Strongest Woman in the Universe,00:18:29,1109,853069,https://animehistory.org/uploads/screencaps/outlaw-star-E018-The-Strongest-Woman-in-the-Universe/cap_00-18-29_2891.jpg,Outlaw Star Ep 18: The Strongest Woman in the Universe @ 00:18:29,https://animehistory.org/gallery/screencaps/outlaw-star/episode-18/,https://animehistory.org/gallery/screencaps/outlaw-star/episode-18/?page=3,3,2026-10-07T01:50:03.718507+00:00,3208e0c31dd865b2880b366a796a9cccba7c3f7b4704695dd14f7ec1e18510db,,UNVERIFIED
EP-18,The Strongest Woman in the Universe,00:18:33,1113,853070,https://animehistory.org/uploads/screencaps/outlaw-star-E018-The-Strongest-Woman-in-the-Universe/cap_00-18-33_570c.jpg,Outlaw Star Ep 18: The Strongest Woman in the Universe @ 00:18:33,https://animehistory.org/gallery/screencaps/outlaw-star/episode-18/,https://animehistory.org/gallery/screencaps/outlaw-star/episode-18/?page=3,3,2026-10-07T01:50:03.718507+00:00,3208e0c31dd865b2880b366a796a9cccba7c3f7b4704695dd14f7ec1e18510db,,UNVERIFIED
EP-18,The Strongest Woman in the Universe,00:18:37,1117,853071,https://animehistory.org/uploads/screencaps/outlaw-star-E018-The-Strongest-Woman-in-the-Universe/cap_00-18-37_4fee.jpg,Outlaw Star Ep 18: The Strongest Woman in the Universe @ 00:18:37,https://animehistory.org/gallery/screencaps/outlaw-star/episode-18/,https://animehistory.org/gallery/screencaps/outlaw-star/episode-18/?page=3,3,2026-10-07T01:50:03.718507+00:00,3208e0c31dd865b2880b366a796a9cccba7c3f7b4704695dd14f7ec1e18510db,,UNVERIFIED
EP-18,The Strongest Woman in the Universe,00:18:40,1120,853072,https://animehistory.org/uploads/screencaps/outlaw-star-E018-The-Strongest-Woman-in-the-Universe/cap_00-18-40_2df3.jpg,Outlaw Star Ep 18: The Strongest Woman in the Universe @ 00:18:40,https://animehistory.org/gallery/screencaps/outlaw-star/episode-18/,https://animehistory.org/gallery/screencaps/outlaw-star/episode-18/?page=3,3,2026-10-07T01:50:03.718507+00:00,3208e0c31dd865b2880b366a796a9cccba7c3f7b4704695dd14f7ec1e18510db,,UNVERIFIED
EP-18,The Strongest Woman in the Universe,00:18:44,1124,853073,https://animehistory.org/uploads/screencaps/outlaw-star-E018-The-Strongest-Woman-in-the-Universe/cap_00-18-44_583a.jpg,Outlaw Star Ep 18: The Strongest Woman in the Universe @ 00:18:44,https://animehistory.org/gallery/screencaps/outlaw-star/episode-18/,https://animehistory.org/gallery/screencaps/outlaw-star/episode-18/?page=3,3,2026-10-07T01:50:03.718507+00:00,3208e0c31dd865b2880b366a796a9cccba7c3f7b4704695dd14f7ec1e18510db,,UNVERIFIED
EP-18,The Strongest Woman in the Universe,00:18:47,1127,853074,https://animehistory.org/uploads/screencaps/outlaw-star-E018-The-Strongest-Woman-in-the-Universe/cap_00-18-47_3715.jpg,Outlaw Star Ep 18: The Strongest Woman in the Universe @ 00:18:47,https://animehistory.org/gallery/screencaps/outlaw-star/episode-18/,https://animehistory.org/gallery/screencaps/outlaw-star/episode-18/?page=3,3,2026-10-07T01:50:03.718507+00:00,3208e0c31dd865b2880b366a796a9cccba7c3f7b4704695dd14f7ec1e18510db,,UNVERIFIED
EP-18,The Strongest Woman in the Universe,00:18:51,1131,853075,https://animehistory.org/uploads/screencaps/outlaw-star-E018-The-Strongest-Woman-in-the-Universe/cap_00-18-51_031d.jpg,Outlaw Star Ep 18: The Strongest Woman in the Universe @ 00:18:51,https://animehistory.org/gallery/screencaps/outlaw-star/episode-18/,https://animehistory.org/gallery/screencaps/outlaw-star/episode-18/?page=3,3,2026-10-07T01:50:03.718507+00:00,3208e0c31dd865b2880b366a796a9cccba7c3f7b4704695dd14f7ec1e18510db,,UNVERIFIED
EP-18,The Strongest Woman in the Universe,00:18:55,1135,853076,https://animehistory.org/uploads/screencaps/outlaw-star-E018-The-Strongest-Woman-in-the-Universe/cap_00-18-55_0d7f.jpg,Outlaw Star Ep 18: The Strongest Woman in the Universe @ 00:18:55,https://animehistory.org/gallery/screencaps/outlaw-star/episode-18/,https://animehistory.org/gallery/screencaps/outlaw-star/episode-18/?page=3,3,2026-10-07T01:50:03.718507+00:00,3208e0c31dd865b2880b366a796a9cccba7c3f7b4704695dd14f7ec1e18510db,,UNVERIFIED
EP-18,The Strongest Woman in the Universe,00:18:58,1138,853077,https://animehistory.org/uploads/screencaps/outlaw-star-E018-The-Strongest-Woman-in-the-Universe/cap_00-18-58_533b.jpg,Outlaw Star Ep 18: The Strongest Woman in the Universe @ 00:18:58,https://animehistory.org/gallery/screencaps/outlaw-star/episode-18/,https://animehistory.org/gallery/screencaps/outlaw-star/episode-18/?page=3,3,2026-10-07T01:50:03.718507+00:00,3208e0c31dd865b2880b366a796a9cccba7c3f7b4704695dd14f7ec1e18510db,,UNVERIFIED
EP-18,The Strongest Woman in the Universe,00:19:02,1142,853078,https://animehistory.org/uploads/screencaps/outlaw-star-E018-The-Strongest-Woman-in-the-Universe/cap_00-19-02_16ae.jpg,Outlaw Star Ep 18: The Strongest Woman in the Universe @ 00:19:02,https://animehistory.org/gallery/screencaps/outlaw-star/episode-18/,https://animehistory.org/gallery/screencaps/outlaw-star/episode-18/?page=3,3,2026-10-07T01:50:03.718507+00:00,3208e0c31dd865b2880b366a796a9cccba7c3f7b4704695dd14f7ec1e18510db,,UNVERIFIED
EP-18,The Strongest Woman in the Universe,00:19:06,1146,853079,https://animehistory.org/uploads/screencaps/outlaw-star-E018-The-Strongest-Woman-in-the-Universe/cap_00-19-06_23cd.jpg,Outlaw Star Ep 18: The Strongest Woman in the Universe @ 00:19:06,https://animehistory.org/gallery/screencaps/outlaw-star/episode-18/,https://animehistory.org/gallery/screencaps/outlaw-star/episode-18/?page=3,3,2026-10-07T01:50:03.718507+00:00,3208e0c31dd865b2880b366a796a9cccba7c3f7b4704695dd14f7ec1e18510db,,UNVERIFIED
EP-18,The Strongest Woman in the Universe,00:19:09,1149,853080,https://animehistory.org/uploads/screencaps/outlaw-star-E018-The-Strongest-Woman-in-the-Universe/cap_00-19-09_77f6.jpg,Outlaw Star Ep 18: The Strongest Woman in the Universe @ 00:19:09,https://animehistory.org/gallery/screencaps/outlaw-star/episode-18/,https://animehistory.org/gallery/screencaps/outlaw-star/episode-18/?page=3,3,2026-10-07T01:50:03.718507+00:00,3208e0c31dd865b2880b366a796a9cccba7c3f7b4704695dd14f7ec1e18510db,,UNVERIFIED
EP-18,The Strongest Woman in the Universe,00:19:13,1153,853081,https://animehistory.org/uploads/screencaps/outlaw-star-E018-The-Strongest-Woman-in-the-Universe/cap_00-19-13_49c5.jpg,Outlaw Star Ep 18: The Strongest Woman in the Universe @ 00:19:13,https://animehistory.org/gallery/screencaps/outlaw-star/episode-18/,https://animehistory.org/gallery/screencaps/outlaw-star/episode-18/?page=3,3,2026-10-07T01:50:03.718507+00:00,3208e0c31dd865b2880b366a796a9cccba7c3f7b4704695dd14f7ec1e18510db,,UNVERIFIED
EP-18,The Strongest Woman in the Universe,00:19:16,1156,853082,https://animehistory.org/uploads/screencaps/outlaw-star-E018-The-Strongest-Woman-in-the-Universe/cap_00-19-16_1fc6.jpg,Outlaw Star Ep 18: The Strongest Woman in the Universe @ 00:19:16,https://animehistory.org/gallery/screencaps/outlaw-star/episode-18/,https://animehistory.org/gallery/screencaps/outlaw-star/episode-18/?page=3,3,2026-10-07T01:50:03.718507+00:00,3208e0c31dd865b2880b366a796a9cccba7c3f7b4704695dd14f7ec1e18510db,,UNVERIFIED
EP-18,The Strongest Woman in the Universe,00:19:20,1160,853083,https://animehistory.org/uploads/screencaps/outlaw-star-E018-The-Strongest-Woman-in-the-Universe/cap_00-19-20_103e.jpg,Outlaw Star Ep 18: The Strongest Woman in the Universe @ 00:19:20,https://animehistory.org/gallery/screencaps/outlaw-star/episode-18/,https://animehistory.org/gallery/screencaps/outlaw-star/episode-18/?page=3,3,2026-10-07T01:50:03.718507+00:00,3208e0c31dd865b2880b366a796a9cccba7c3f7b4704695dd14f7ec1e18510db,,UNVERIFIED
EP-18,The Strongest Woman in the Universe,00:19:24,1164,853084,https://animehistory.org/uploads/screencaps/outlaw-star-E018-The-Strongest-Woman-in-the-Universe/cap_00-19-24_0720.jpg,Outlaw Star Ep 18: The Strongest Woman in the Universe @ 00:19:24,https://animehistory.org/gallery/screencaps/outlaw-star/episode-18/,https://animehistory.org/gallery/screencaps/outlaw-star/episode-18/?page=3,3,2026-10-07T01:50:03.718507+00:00,3208e0c31dd865b2880b366a796a9cccba7c3f7b4704695dd14f7ec1e18510db,,UNVERIFIED
EP-18,The Strongest Woman in the Universe,00:19:27,1167,853085,https://animehistory.org/uploads/screencaps/outlaw-star-E018-The-Strongest-Woman-in-the-Universe/cap_00-19-27_2595.jpg,Outlaw Star Ep 18: The Strongest Woman in the Universe @ 00:19:27,https://animehistory.org/gallery/screencaps/outlaw-star/episode-18/,https://animehistory.org/gallery/screencaps/outlaw-star/episode-18/?page=3,3,2026-10-07T01:50:03.718507+00:00,3208e0c31dd865b2880b366a796a9cccba7c3f7b4704695dd14f7ec1e18510db,,UNVERIFIED
EP-18,The Strongest Woman in the Universe,00:19:31,1171,853086,https://animehistory.org/uploads/screencaps/outlaw-star-E018-The-Strongest-Woman-in-the-Universe/cap_00-19-31_0329.jpg,Outlaw Star Ep 18: The Strongest Woman in the Universe @ 00:19:31,https://animehistory.org/gallery/screencaps/outlaw-star/episode-18/,https://animehistory.org/gallery/screencaps/outlaw-star/episode-18/?page=3,3,2026-10-07T01:50:03.718507+00:00,3208e0c31dd865b2880b366a796a9cccba7c3f7b4704695dd14f7ec1e18510db,,UNVERIFIED
EP-18,The Strongest Woman in the Universe,00:19:35,1175,853087,https://animehistory.org/uploads/screencaps/outlaw-star-E018-The-Strongest-Woman-in-the-Universe/cap_00-19-35_4525.jpg,Outlaw Star Ep 18: The Strongest Woman in the Universe @ 00:19:35,https://animehistory.org/gallery/screencaps/outlaw-star/episode-18/,https://animehistory.org/gallery/screencaps/outlaw-star/episode-18/?page=3,3,2026-10-07T01:50:03.718507+00:00,3208e0c31dd865b2880b366a796a9cccba7c3f7b4704695dd14f7ec1e18510db,,UNVERIFIED
EP-18,The Strongest Woman in the Universe,00:19:38,1178,853088,https://animehistory.org/uploads/screencaps/outlaw-star-E018-The-Strongest-Woman-in-the-Universe/cap_00-19-38_3454.jpg,Outlaw Star Ep 18: The Strongest Woman in the Universe @ 00:19:38,https://animehistory.org/gallery/screencaps/outlaw-star/episode-18/,https://animehistory.org/gallery/screencaps/outlaw-star/episode-18/?page=3,3,2026-10-07T01:50:03.718507+00:00,3208e0c31dd865b2880b366a796a9cccba7c3f7b4704695dd14f7ec1e18510db,,UNVERIFIED
EP-18,The Strongest Woman in the Universe,00:19:42,1182,853089,https://animehistory.org/uploads/screencaps/outlaw-star-E018-The-Strongest-Woman-in-the-Universe/cap_00-19-42_236d.jpg,Outlaw Star Ep 18: The Strongest Woman in the Universe @ 00:19:42,https://animehistory.org/gallery/screencaps/outlaw-star/episode-18/,https://animehistory.org/gallery/screencaps/outlaw-star/episode-18/?page=3,3,2026-10-07T01:50:03.718507+00:00,3208e0c31dd865b2880b366a796a9cccba7c3f7b4704695dd14f7ec1e18510db,,UNVERIFIED
EP-18,The Strongest Woman in the Universe,00:19:45,1185,853090,https://animehistory.org/uploads/screencaps/outlaw-star-E018-The-Strongest-Woman-in-the-Universe/cap_00-19-45_1da4.jpg,Outlaw Star Ep 18: The Strongest Woman in the Universe @ 00:19:45,https://animehistory.org/gallery/screencaps/outlaw-star/episode-18/,https://animehistory.org/gallery/screencaps/outlaw-star/episode-18/?page=3,3,2026-10-07T01:50:03.718507+00:00,3208e0c31dd865b2880b366a796a9cccba7c3f7b4704695dd14f7ec1e18510db,,UNVERIFIED
EP-18,The Strongest Woman in the Universe,00:19:49,1189,853091,https://animehistory.org/uploads/screencaps/outlaw-star-E018-The-Strongest-Woman-in-the-Universe/cap_00-19-49_5401.jpg,Outlaw Star Ep 18: The Strongest Woman in the Universe @ 00:19:49,https://animehistory.org/gallery/screencaps/outlaw-star/episode-18/,https://animehistory.org/gallery/screencaps/outlaw-star/episode-18/?page=4,4,2026-10-07T01:50:05.106767+00:00,6d8590e46c2b41d2278d37df53c6ec2e6a8bb21f6ead5421e15520c318860e5c,,UNVERIFIED
EP-18,The Strongest Woman in the Universe,00:19:53,1193,853092,https://animehistory.org/uploads/screencaps/outlaw-star-E018-The-Strongest-Woman-in-the-Universe/cap_00-19-53_0ba5.jpg,Outlaw Star Ep 18: The Strongest Woman in the Universe @ 00:19:53,https://animehistory.org/gallery/screencaps/outlaw-star/episode-18/,https://animehistory.org/gallery/screencaps/outlaw-star/episode-18/?page=4,4,2026-10-07T01:50:05.106767+00:00,6d8590e46c2b41d2278d37df53c6ec2e6a8bb21f6ead5421e15520c318860e5c,,UNVERIFIED
EP-18,The Strongest Woman in the Universe,00:19:56,1196,853093,https://animehistory.org/uploads/screencaps/outlaw-star-E018-The-Strongest-Woman-in-the-Universe/cap_00-19-56_05cd.jpg,Outlaw Star Ep 18: The Strongest Woman in the Universe @ 00:19:56,https://animehistory.org/gallery/screencaps/outlaw-star/episode-18/,https://animehistory.org/gallery/screencaps/outlaw-star/episode-18/?page=4,4,2026-10-07T01:50:05.106767+00:00,6d8590e46c2b41d2278d37df53c6ec2e6a8bb21f6ead5421e15520c318860e5c,,UNVERIFIED
EP-18,The Strongest Woman in the Universe,00:20:00,1200,853094,https://animehistory.org/uploads/screencaps/outlaw-star-E018-The-Strongest-Woman-in-the-Universe/cap_00-20-00_5ba7.jpg,Outlaw Star Ep 18: The Strongest Woman in the Universe @ 00:20:00,https://animehistory.org/gallery/screencaps/outlaw-star/episode-18/,https://animehistory.org/gallery/screencaps/outlaw-star/episode-18/?page=4,4,2026-10-07T01:50:05.106767+00:00,6d8590e46c2b41d2278d37df53c6ec2e6a8bb21f6ead5421e15520c318860e5c,,UNVERIFIED
EP-18,The Strongest Woman in the Universe,00:20:04,1204,853095,https://animehistory.org/uploads/screencaps/outlaw-star-E018-The-Strongest-Woman-in-the-Universe/cap_00-20-04_675d.jpg,Outlaw Star Ep 18: The Strongest Woman in the Universe @ 00:20:04,https://animehistory.org/gallery/screencaps/outlaw-star/episode-18/,https://animehistory.org/gallery/screencaps/outlaw-star/episode-18/?page=4,4,2026-10-07T01:50:05.106767+00:00,6d8590e46c2b41d2278d37df53c6ec2e6a8bb21f6ead5421e15520c318860e5c,,UNVERIFIED
EP-18,The Strongest Woman in the Universe,00:20:07,1207,853096,https://animehistory.org/uploads/screencaps/outlaw-star-E018-The-Strongest-Woman-in-the-Universe/cap_00-20-07_65bd.jpg,Outlaw Star Ep 18: The Strongest Woman in the Universe @ 00:20:07,https://animehistory.org/gallery/screencaps/outlaw-star/episode-18/,https://animehistory.org/gallery/screencaps/outlaw-star/episode-18/?page=4,4,2026-10-07T01:50:05.106767+00:00,6d8590e46c2b41d2278d37df53c6ec2e6a8bb21f6ead5421e15520c318860e5c,,UNVERIFIED
EP-18,The Strongest Woman in the Universe,00:20:11,1211,853097,https://animehistory.org/uploads/screencaps/outlaw-star-E018-The-Strongest-Woman-in-the-Universe/cap_00-20-11_69ce.jpg,Outlaw Star Ep 18: The Strongest Woman in the Universe @ 00:20:11,https://animehistory.org/gallery/screencaps/outlaw-star/episode-18/,https://animehistory.org/gallery/screencaps/outlaw-star/episode-18/?page=4,4,2026-10-07T01:50:05.106767+00:00,6d8590e46c2b41d2278d37df53c6ec2e6a8bb21f6ead5421e15520c318860e5c,,UNVERIFIED
EP-18,The Strongest Woman in the Universe,00:20:14,1214,853098,https://animehistory.org/uploads/screencaps/outlaw-star-E018-The-Strongest-Woman-in-the-Universe/cap_00-20-14_246c.jpg,Outlaw Star Ep 18: The Strongest Woman in the Universe @ 00:20:14,https://animehistory.org/gallery/screencaps/outlaw-star/episode-18/,https://animehistory.org/gallery/screencaps/outlaw-star/episode-18/?page=4,4,2026-10-07T01:50:05.106767+00:00,6d8590e46c2b41d2278d37df53c6ec2e6a8bb21f6ead5421e15520c318860e5c,,UNVERIFIED
EP-18,The Strongest Woman in the Universe,00:20:18,1218,853099,https://animehistory.org/uploads/screencaps/outlaw-star-E018-The-Strongest-Woman-in-the-Universe/cap_00-20-18_2da3.jpg,Outlaw Star Ep 18: The Strongest Woman in the Universe @ 00:20:18,https://animehistory.org/gallery/screencaps/outlaw-star/episode-18/,https://animehistory.org/gallery/screencaps/outlaw-star/episode-18/?page=4,4,2026-10-07T01:50:05.106767+00:00,6d8590e46c2b41d2278d37df53c6ec2e6a8bb21f6ead5421e15520c318860e5c,,UNVERIFIED
EP-18,The Strongest Woman in the Universe,00:20:22,1222,853100,https://animehistory.org/uploads/screencaps/outlaw-star-E018-The-Strongest-Woman-in-the-Universe/cap_00-20-22_74e8.jpg,Outlaw Star Ep 18: The Strongest Woman in the Universe @ 00:20:22,https://animehistory.org/gallery/screencaps/outlaw-star/episode-18/,https://animehistory.org/gallery/screencaps/outlaw-star/episode-18/?page=4,4,2026-10-07T01:50:05.106767+00:00,6d8590e46c2b41d2278d37df53c6ec2e6a8bb21f6ead5421e15520c318860e5c,,UNVERIFIED
EP-18,The Strongest Woman in the Universe,00:20:25,1225,853101,https://animehistory.org/uploads/screencaps/outlaw-star-E018-The-Strongest-Woman-in-the-Universe/cap_00-20-25_3a6b.jpg,Outlaw Star Ep 18: The Strongest Woman in the Universe @ 00:20:25,https://animehistory.org/gallery/screencaps/outlaw-star/episode-18/,https://animehistory.org/gallery/screencaps/outlaw-star/episode-18/?page=4,4,2026-10-07T01:50:05.106767+00:00,6d8590e46c2b41d2278d37df53c6ec2e6a8bb21f6ead5421e15520c318860e5c,,UNVERIFIED
EP-18,The Strongest Woman in the Universe,00:20:29,1229,853102,https://animehistory.org/uploads/screencaps/outlaw-star-E018-The-Strongest-Woman-in-the-Universe/cap_00-20-29_6800.jpg,Outlaw Star Ep 18: The Strongest Woman in the Universe @ 00:20:29,https://animehistory.org/gallery/screencaps/outlaw-star/episode-18/,https://animehistory.org/gallery/screencaps/outlaw-star/episode-18/?page=4,4,2026-10-07T01:50:05.106767+00:00,6d8590e46c2b41d2278d37df53c6ec2e6a8bb21f6ead5421e15520c318860e5c,,UNVERIFIED
EP-18,The Strongest Woman in the Universe,00:20:32,1232,853103,https://animehistory.org/uploads/screencaps/outlaw-star-E018-The-Strongest-Woman-in-the-Universe/cap_00-20-32_3c9f.jpg,Outlaw Star Ep 18: The Strongest Woman in the Universe @ 00:20:32,https://animehistory.org/gallery/screencaps/outlaw-star/episode-18/,https://animehistory.org/gallery/screencaps/outlaw-star/episode-18/?page=4,4,2026-10-07T01:50:05.106767+00:00,6d8590e46c2b41d2278d37df53c6ec2e6a8bb21f6ead5421e15520c318860e5c,,UNVERIFIED
EP-18,The Strongest Woman in the Universe,00:20:36,1236,853104,https://animehistory.org/uploads/screencaps/outlaw-star-E018-The-Strongest-Woman-in-the-Universe/cap_00-20-36_0d7b.jpg,Outlaw Star Ep 18: The Strongest Woman in the Universe @ 00:20:36,https://animehistory.org/gallery/screencaps/outlaw-star/episode-18/,https://animehistory.org/gallery/screencaps/outlaw-star/episode-18/?page=4,4,2026-10-07T01:50:05.106767+00:00,6d8590e46c2b41d2278d37df53c6ec2e6a8bb21f6ead5421e15520c318860e5c,,UNVERIFIED
EP-18,The Strongest Woman in the Universe,00:20:40,1240,853105,https://animehistory.org/uploads/screencaps/outlaw-star-E018-The-Strongest-Woman-in-the-Universe/cap_00-20-40_2a08.jpg,Outlaw Star Ep 18: The Strongest Woman in the Universe @ 00:20:40,https://animehistory.org/gallery/screencaps/outlaw-star/episode-18/,https://animehistory.org/gallery/screencaps/outlaw-star/episode-18/?page=4,4,2026-10-07T01:50:05.106767+00:00,6d8590e46c2b41d2278d37df53c6ec2e6a8bb21f6ead5421e15520c318860e5c,,UNVERIFIED
EP-18,The Strongest Woman in the Universe,00:20:43,1243,853106,https://animehistory.org/uploads/screencaps/outlaw-star-E018-The-Strongest-Woman-in-the-Universe/cap_00-20-43_198a.jpg,Outlaw Star Ep 18: The Strongest Woman in the Universe @ 00:20:43,https://animehistory.org/gallery/screencaps/outlaw-star/episode-18/,https://animehistory.org/gallery/screencaps/outlaw-star/episode-18/?page=4,4,2026-10-07T01:50:05.106767+00:00,6d8590e46c2b41d2278d37df53c6ec2e6a8bb21f6ead5421e15520c318860e5c,,UNVERIFIED
EP-18,The Strongest Woman in the Universe,00:20:47,1247,853107,https://animehistory.org/uploads/screencaps/outlaw-star-E018-The-Strongest-Woman-in-the-Universe/cap_00-20-47_71a8.jpg,Outlaw Star Ep 18: The Strongest Woman in the Universe @ 00:20:47,https://animehistory.org/gallery/screencaps/outlaw-star/episode-18/,https://animehistory.org/gallery/screencaps/outlaw-star/episode-18/?page=4,4,2026-10-07T01:50:05.106767+00:00,6d8590e46c2b41d2278d37df53c6ec2e6a8bb21f6ead5421e15520c318860e5c,,UNVERIFIED
EP-18,The Strongest Woman in the Universe,00:20:51,1251,853108,https://animehistory.org/uploads/screencaps/outlaw-star-E018-The-Strongest-Woman-in-the-Universe/cap_00-20-51_6b26.jpg,Outlaw Star Ep 18: The Strongest Woman in the Universe @ 00:20:51,https://animehistory.org/gallery/screencaps/outlaw-star/episode-18/,https://animehistory.org/gallery/screencaps/outlaw-star/episode-18/?page=4,4,2026-10-07T01:50:05.106767+00:00,6d8590e46c2b41d2278d37df53c6ec2e6a8bb21f6ead5421e15520c318860e5c,,UNVERIFIED
EP-18,The Strongest Woman in the Universe,00:20:54,1254,853109,https://animehistory.org/uploads/screencaps/outlaw-star-E018-The-Strongest-Woman-in-the-Universe/cap_00-20-54_1f6e.jpg,Outlaw Star Ep 18: The Strongest Woman in the Universe @ 00:20:54,https://animehistory.org/gallery/screencaps/outlaw-star/episode-18/,https://animehistory.org/gallery/screencaps/outlaw-star/episode-18/?page=4,4,2026-10-07T01:50:05.106767+00:00,6d8590e46c2b41d2278d37df53c6ec2e6a8bb21f6ead5421e15520c318860e5c,,UNVERIFIED
EP-18,The Strongest Woman in the Universe,00:20:58,1258,853110,https://animehistory.org/uploads/screencaps/outlaw-star-E018-The-Strongest-Woman-in-the-Universe/cap_00-20-58_624c.jpg,Outlaw Star Ep 18: The Strongest Woman in the Universe @ 00:20:58,https://animehistory.org/gallery/screencaps/outlaw-star/episode-18/,https://animehistory.org/gallery/screencaps/outlaw-star/episode-18/?page=4,4,2026-10-07T01:50:05.106767+00:00,6d8590e46c2b41d2278d37df53c6ec2e6a8bb21f6ead5421e15520c318860e5c,,UNVERIFIED
EP-18,The Strongest Woman in the Universe,00:21:01,1261,853111,https://animehistory.org/uploads/screencaps/outlaw-star-E018-The-Strongest-Woman-in-the-Universe/cap_00-21-01_06a2.jpg,Outlaw Star Ep 18: The Strongest Woman in the Universe @ 00:21:01,https://animehistory.org/gallery/screencaps/outlaw-star/episode-18/,https://animehistory.org/gallery/screencaps/outlaw-star/episode-18/?page=4,4,2026-10-07T01:50:05.106767+00:00,6d8590e46c2b41d2278d37df53c6ec2e6a8bb21f6ead5421e15520c318860e5c,,UNVERIFIED
EP-18,The Strongest Woman in the Universe,00:21:05,1265,853112,https://animehistory.org/uploads/screencaps/outlaw-star-E018-The-Strongest-Woman-in-the-Universe/cap_00-21-05_16e6.jpg,Outlaw Star Ep 18: The Strongest Woman in the Universe @ 00:21:05,https://animehistory.org/gallery/screencaps/outlaw-star/episode-18/,https://animehistory.org/gallery/screencaps/outlaw-star/episode-18/?page=4,4,2026-10-07T01:50:05.106767+00:00,6d8590e46c2b41d2278d37df53c6ec2e6a8bb21f6ead5421e15520c318860e5c,,UNVERIFIED
EP-18,The Strongest Woman in the Universe,00:21:09,1269,853113,https://animehistory.org/uploads/screencaps/outlaw-star-E018-The-Strongest-Woman-in-the-Universe/cap_00-21-09_52e7.jpg,Outlaw Star Ep 18: The Strongest Woman in the Universe @ 00:21:09,https://animehistory.org/gallery/screencaps/outlaw-star/episode-18/,https://animehistory.org/gallery/screencaps/outlaw-star/episode-18/?page=4,4,2026-10-07T01:50:05.106767+00:00,6d8590e46c2b41d2278d37df53c6ec2e6a8bb21f6ead5421e15520c318860e5c,,UNVERIFIED
EP-18,The Strongest Woman in the Universe,00:21:12,1272,853114,https://animehistory.org/uploads/screencaps/outlaw-star-E018-The-Strongest-Woman-in-the-Universe/cap_00-21-12_160c.jpg,Outlaw Star Ep 18: The Strongest Woman in the Universe @ 00:21:12,https://animehistory.org/gallery/screencaps/outlaw-star/episode-18/,https://animehistory.org/gallery/screencaps/outlaw-star/episode-18/?page=4,4,2026-10-07T01:50:05.106767+00:00,6d8590e46c2b41d2278d37df53c6ec2e6a8bb21f6ead5421e15520c318860e5c,,UNVERIFIED
EP-18,The Strongest Woman in the Universe,00:21:16,1276,853115,https://animehistory.org/uploads/screencaps/outlaw-star-E018-The-Strongest-Woman-in-the-Universe/cap_00-21-16_3057.jpg,Outlaw Star Ep 18: The Strongest Woman in the Universe @ 00:21:16,https://animehistory.org/gallery/screencaps/outlaw-star/episode-18/,https://animehistory.org/gallery/screencaps/outlaw-star/episode-18/?page=4,4,2026-10-07T01:50:05.106767+00:00,6d8590e46c2b41d2278d37df53c6ec2e6a8bb21f6ead5421e15520c318860e5c,,UNVERIFIED
EP-18,The Strongest Woman in the Universe,00:21:20,1280,853116,https://animehistory.org/uploads/screencaps/outlaw-star-E018-The-Strongest-Woman-in-the-Universe/cap_00-21-20_3531.jpg,Outlaw Star Ep 18: The Strongest Woman in the Universe @ 00:21:20,https://animehistory.org/gallery/screencaps/outlaw-star/episode-18/,https://animehistory.org/gallery/screencaps/outlaw-star/episode-18/?page=4,4,2026-10-07T01:50:05.106767+00:00,6d8590e46c2b41d2278d37df53c6ec2e6a8bb21f6ead5421e15520c318860e5c,,UNVERIFIED
EP-18,The Strongest Woman in the Universe,00:21:23,1283,853117,https://animehistory.org/uploads/screencaps/outlaw-star-E018-The-Strongest-Woman-in-the-Universe/cap_00-21-23_31f2.jpg,Outlaw Star Ep 18: The Strongest Woman in the Universe @ 00:21:23,https://animehistory.org/gallery/screencaps/outlaw-star/episode-18/,https://animehistory.org/gallery/screencaps/outlaw-star/episode-18/?page=4,4,2026-10-07T01:50:05.106767+00:00,6d8590e46c2b41d2278d37df53c6ec2e6a8bb21f6ead5421e15520c318860e5c,,UNVERIFIED
EP-18,The Strongest Woman in the Universe,00:21:27,1287,853118,https://animehistory.org/uploads/screencaps/outlaw-star-E018-The-Strongest-Woman-in-the-Universe/cap_00-21-27_2adc.jpg,Outlaw Star Ep 18: The Strongest Woman in the Universe @ 00:21:27,https://animehistory.org/gallery/screencaps/outlaw-star/episode-18/,https://animehistory.org/gallery/screencaps/outlaw-star/episode-18/?page=4,4,2026-10-07T01:50:05.106767+00:00,6d8590e46c2b41d2278d37df53c6ec2e6a8bb21f6ead5421e15520c318860e5c,,UNVERIFIED
EP-18,The Strongest Woman in the Universe,00:21:30,1290,853119,https://animehistory.org/uploads/screencaps/outlaw-star-E018-The-Strongest-Woman-in-the-Universe/cap_00-21-30_5a97.jpg,Outlaw Star Ep 18: The Strongest Woman in the Universe @ 00:21:30,https://animehistory.org/gallery/screencaps/outlaw-star/episode-18/,https://animehistory.org/gallery/screencaps/outlaw-star/episode-18/?page=4,4,2026-10-07T01:50:05.106767+00:00,6d8590e46c2b41d2278d37df53c6ec2e6a8bb21f6ead5421e15520c318860e5c,,UNVERIFIED
EP-18,The Strongest Woman in the Universe,00:21:34,1294,853120,https://animehistory.org/uploads/screencaps/outlaw-star-E018-The-Strongest-Woman-in-the-Universe/cap_00-21-34_2ab9.jpg,Outlaw Star Ep 18: The Strongest Woman in the Universe @ 00:21:34,https://animehistory.org/gallery/screencaps/outlaw-star/episode-18/,https://animehistory.org/gallery/screencaps/outlaw-star/episode-18/?page=4,4,2026-10-07T01:50:05.106767+00:00,6d8590e46c2b41d2278d37df53c6ec2e6a8bb21f6ead5421e15520c318860e5c,,UNVERIFIED
EP-18,The Strongest Woman in the Universe,00:21:38,1298,853121,https://animehistory.org/uploads/screencaps/outlaw-star-E018-The-Strongest-Woman-in-the-Universe/cap_00-21-38_1cd6.jpg,Outlaw Star Ep 18: The Strongest Woman in the Universe @ 00:21:38,https://animehistory.org/gallery/screencaps/outlaw-star/episode-18/,https://animehistory.org/gallery/screencaps/outlaw-star/episode-18/?page=4,4,2026-10-07T01:50:05.106767+00:00,6d8590e46c2b41d2278d37df53c6ec2e6a8bb21f6ead5421e15520c318860e5c,,UNVERIFIED
EP-18,The Strongest Woman in the Universe,00:21:41,1301,853122,https://animehistory.org/uploads/screencaps/outlaw-star-E018-The-Strongest-Woman-in-the-Universe/cap_00-21-41_75c6.jpg,Outlaw Star Ep 18: The Strongest Woman in the Universe @ 00:21:41,https://animehistory.org/gallery/screencaps/outlaw-star/episode-18/,https://animehistory.org/gallery/screencaps/outlaw-star/episode-18/?page=4,4,2026-10-07T01:50:05.106767+00:00,6d8590e46c2b41d2278d37df53c6ec2e6a8bb21f6ead5421e15520c318860e5c,,UNVERIFIED
EP-18,The Strongest Woman in the Universe,00:21:45,1305,853123,https://animehistory.org/uploads/screencaps/outlaw-star-E018-The-Strongest-Woman-in-the-Universe/cap_00-21-45_5e8e.jpg,Outlaw Star Ep 18: The Strongest Woman in the Universe @ 00:21:45,https://animehistory.org/gallery/screencaps/outlaw-star/episode-18/,https://animehistory.org/gallery/screencaps/outlaw-star/episode-18/?page=4,4,2026-10-07T01:50:05.106767+00:00,6d8590e46c2b41d2278d37df53c6ec2e6a8bb21f6ead5421e15520c318860e5c,,UNVERIFIED
EP-18,The Strongest Woman in the Universe,00:21:48,1308,853124,https://animehistory.org/uploads/screencaps/outlaw-star-E018-The-Strongest-Woman-in-the-Universe/cap_00-21-48_7b58.jpg,Outlaw Star Ep 18: The Strongest Woman in the Universe @ 00:21:48,https://animehistory.org/gallery/screencaps/outlaw-star/episode-18/,https://animehistory.org/gallery/screencaps/outlaw-star/episode-18/?page=4,4,2026-10-07T01:50:05.106767+00:00,6d8590e46c2b41d2278d37df53c6ec2e6a8bb21f6ead5421e15520c318860e5c,,UNVERIFIED
EP-18,The Strongest Woman in the Universe,00:21:52,1312,853125,https://animehistory.org/uploads/screencaps/outlaw-star-E018-The-Strongest-Woman-in-the-Universe/cap_00-21-52_69ed.jpg,Outlaw Star Ep 18: The Strongest Woman in the Universe @ 00:21:52,https://animehistory.org/gallery/screencaps/outlaw-star/episode-18/,https://animehistory.org/gallery/screencaps/outlaw-star/episode-18/?page=4,4,2026-10-07T01:50:05.106767+00:00,6d8590e46c2b41d2278d37df53c6ec2e6a8bb21f6ead5421e15520c318860e5c,,UNVERIFIED
EP-18,The Strongest Woman in the Universe,00:21:56,1316,853126,https://animehistory.org/uploads/screencaps/outlaw-star-E018-The-Strongest-Woman-in-the-Universe/cap_00-21-56_77df.jpg,Outlaw Star Ep 18: The Strongest Woman in the Universe @ 00:21:56,https://animehistory.org/gallery/screencaps/outlaw-star/episode-18/,https://animehistory.org/gallery/screencaps/outlaw-star/episode-18/?page=4,4,2026-10-07T01:50:05.106767+00:00,6d8590e46c2b41d2278d37df53c6ec2e6a8bb21f6ead5421e15520c318860e5c,,UNVERIFIED
EP-18,The Strongest Woman in the Universe,00:21:59,1319,853127,https://animehistory.org/uploads/screencaps/outlaw-star-E018-The-Strongest-Woman-in-the-Universe/cap_00-21-59_1269.jpg,Outlaw Star Ep 18: The Strongest Woman in the Universe @ 00:21:59,https://animehistory.org/gallery/screencaps/outlaw-star/episode-18/,https://animehistory.org/gallery/screencaps/outlaw-star/episode-18/?page=4,4,2026-10-07T01:50:05.106767+00:00,6d8590e46c2b41d2278d37df53c6ec2e6a8bb21f6ead5421e15520c318860e5c,,UNVERIFIED
EP-18,The Strongest Woman in the Universe,00:22:03,1323,853128,https://animehistory.org/uploads/screencaps/outlaw-star-E018-The-Strongest-Woman-in-the-Universe/cap_00-22-03_46f2.jpg,Outlaw Star Ep 18: The Strongest Woman in the Universe @ 00:22:03,https://animehistory.org/gallery/screencaps/outlaw-star/episode-18/,https://animehistory.org/gallery/screencaps/outlaw-star/episode-18/?page=4,4,2026-10-07T01:50:05.106767+00:00,6d8590e46c2b41d2278d37df53c6ec2e6a8bb21f6ead5421e15520c318860e5c,,UNVERIFIED
EP-18,The Strongest Woman in the Universe,00:22:07,1327,853129,https://animehistory.org/uploads/screencaps/outlaw-star-E018-The-Strongest-Woman-in-the-Universe/cap_00-22-07_04de.jpg,Outlaw Star Ep 18: The Strongest Woman in the Universe @ 00:22:07,https://animehistory.org/gallery/screencaps/outlaw-star/episode-18/,https://animehistory.org/gallery/screencaps/outlaw-star/episode-18/?page=4,4,2026-10-07T01:50:05.106767+00:00,6d8590e46c2b41d2278d37df53c6ec2e6a8bb21f6ead5421e15520c318860e5c,,UNVERIFIED
EP-18,The Strongest Woman in the Universe,00:22:10,1330,853130,https://animehistory.org/uploads/screencaps/outlaw-star-E018-The-Strongest-Woman-in-the-Universe/cap_00-22-10_6e82.jpg,Outlaw Star Ep 18: The Strongest Woman in the Universe @ 00:22:10,https://animehistory.org/gallery/screencaps/outlaw-star/episode-18/,https://animehistory.org/gallery/screencaps/outlaw-star/episode-18/?page=4,4,2026-10-07T01:50:05.106767+00:00,6d8590e46c2b41d2278d37df53c6ec2e6a8bb21f6ead5421e15520c318860e5c,,UNVERIFIED
EP-18,The Strongest Woman in the Universe,00:22:14,1334,853131,https://animehistory.org/uploads/screencaps/outlaw-star-E018-The-Strongest-Woman-in-the-Universe/cap_00-22-14_1f1a.jpg,Outlaw Star Ep 18: The Strongest Woman in the Universe @ 00:22:14,https://animehistory.org/gallery/screencaps/outlaw-star/episode-18/,https://animehistory.org/gallery/screencaps/outlaw-star/episode-18/?page=4,4,2026-10-07T01:50:05.106767+00:00,6d8590e46c2b41d2278d37df53c6ec2e6a8bb21f6ead5421e15520c318860e5c,,UNVERIFIED
EP-18,The Strongest Woman in the Universe,00:22:17,1337,853132,https://animehistory.org/uploads/screencaps/outlaw-star-E018-The-Strongest-Woman-in-the-Universe/cap_00-22-17_58c2.jpg,Outlaw Star Ep 18: The Strongest Woman in the Universe @ 00:22:17,https://animehistory.org/gallery/screencaps/outlaw-star/episode-18/,https://animehistory.org/gallery/screencaps/outlaw-star/episode-18/?page=4,4,2026-10-07T01:50:05.106767+00:00,6d8590e46c2b41d2278d37df53c6ec2e6a8bb21f6ead5421e15520c318860e5c,,UNVERIFIED
EP-18,The Strongest Woman in the Universe,00:22:21,1341,853133,https://animehistory.org/uploads/screencaps/outlaw-star-E018-The-Strongest-Woman-in-the-Universe/cap_00-22-21_72c4.jpg,Outlaw Star Ep 18: The Strongest Woman in the Universe @ 00:22:21,https://animehistory.org/gallery/screencaps/outlaw-star/episode-18/,https://animehistory.org/gallery/screencaps/outlaw-star/episode-18/?page=4,4,2026-10-07T01:50:05.106767+00:00,6d8590e46c2b41d2278d37df53c6ec2e6a8bb21f6ead5421e15520c318860e5c,,UNVERIFIED
EP-18,The Strongest Woman in the Universe,00:22:25,1345,853134,https://animehistory.org/uploads/screencaps/outlaw-star-E018-The-Strongest-Woman-in-the-Universe/cap_00-22-25_7112.jpg,Outlaw Star Ep 18: The Strongest Woman in the Universe @ 00:22:25,https://animehistory.org/gallery/screencaps/outlaw-star/episode-18/,https://animehistory.org/gallery/screencaps/outlaw-star/episode-18/?page=4,4,2026-10-07T01:50:05.106767+00:00,6d8590e46c2b41d2278d37df53c6ec2e6a8bb21f6ead5421e15520c318860e5c,,UNVERIFIED
EP-18,The Strongest Woman in the Universe,00:22:28,1348,853135,https://animehistory.org/uploads/screencaps/outlaw-star-E018-The-Strongest-Woman-in-the-Universe/cap_00-22-28_6b00.jpg,Outlaw Star Ep 18: The Strongest Woman in the Universe @ 00:22:28,https://animehistory.org/gallery/screencaps/outlaw-star/episode-18/,https://animehistory.org/gallery/screencaps/outlaw-star/episode-18/?page=4,4,2026-10-07T01:50:05.106767+00:00,6d8590e46c2b41d2278d37df53c6ec2e6a8bb21f6ead5421e15520c318860e5c,,UNVERIFIED
EP-18,The Strongest Woman in the Universe,00:22:32,1352,853136,https://animehistory.org/uploads/screencaps/outlaw-star-E018-The-Strongest-Woman-in-the-Universe/cap_00-22-32_416e.jpg,Outlaw Star Ep 18: The Strongest Woman in the Universe @ 00:22:32,https://animehistory.org/gallery/screencaps/outlaw-star/episode-18/,https://animehistory.org/gallery/screencaps/outlaw-star/episode-18/?page=4,4,2026-10-07T01:50:05.106767+00:00,6d8590e46c2b41d2278d37df53c6ec2e6a8bb21f6ead5421e15520c318860e5c,,UNVERIFIED
EP-18,The Strongest Woman in the Universe,00:22:36,1356,853137,https://animehistory.org/uploads/screencaps/outlaw-star-E018-The-Strongest-Woman-in-the-Universe/cap_00-22-36_1afc.jpg,Outlaw Star Ep 18: The Strongest Woman in the Universe @ 00:22:36,https://animehistory.org/gallery/screencaps/outlaw-star/episode-18/,https://animehistory.org/gallery/screencaps/outlaw-star/episode-18/?page=4,4,2026-10-07T01:50:05.106767+00:00,6d8590e46c2b41d2278d37df53c6ec2e6a8bb21f6ead5421e15520c318860e5c,,UNVERIFIED
EP-18,The Strongest Woman in the Universe,00:22:39,1359,853138,https://animehistory.org/uploads/screencaps/outlaw-star-E018-The-Strongest-Woman-in-the-Universe/cap_00-22-39_0af8.jpg,Outlaw Star Ep 18: The Strongest Woman in the Universe @ 00:22:39,https://animehistory.org/gallery/screencaps/outlaw-star/episode-18/,https://animehistory.org/gallery/screencaps/outlaw-star/episode-18/?page=4,4,2026-10-07T01:50:05.106767+00:00,6d8590e46c2b41d2278d37df53c6ec2e6a8bb21f6ead5421e15520c318860e5c,,UNVERIFIED
EP-18,The Strongest Woman in the Universe,00:22:43,1363,853139,https://animehistory.org/uploads/screencaps/outlaw-star-E018-The-Strongest-Woman-in-the-Universe/cap_00-22-43_22fe.jpg,Outlaw Star Ep 18: The Strongest Woman in the Universe @ 00:22:43,https://animehistory.org/gallery/screencaps/outlaw-star/episode-18/,https://animehistory.org/gallery/screencaps/outlaw-star/episode-18/?page=4,4,2026-10-07T01:50:05.106767+00:00,6d8590e46c2b41d2278d37df53c6ec2e6a8bb21f6ead5421e15520c318860e5c,,UNVERIFIED
EP-18,The Strongest Woman in the Universe,00:22:46,1366,853140,https://animehistory.org/uploads/screencaps/outlaw-star-E018-The-Strongest-Woman-in-the-Universe/cap_00-22-46_49c8.jpg,Outlaw Star Ep 18: The Strongest Woman in the Universe @ 00:22:46,https://animehistory.org/gallery/screencaps/outlaw-star/episode-18/,https://animehistory.org/gallery/screencaps/outlaw-star/episode-18/?page=4,4,2026-10-07T01:50:05.106767+00:00,6d8590e46c2b41d2278d37df53c6ec2e6a8bb21f6ead5421e15520c318860e5c,,UNVERIFIED
EP-18,The Strongest Woman in the Universe,00:22:50,1370,853141,https://animehistory.org/uploads/screencaps/outlaw-star-E018-The-Strongest-Woman-in-the-Universe/cap_00-22-50_71be.jpg,Outlaw Star Ep 18: The Strongest Woman in the Universe @ 00:22:50,https://animehistory.org/gallery/screencaps/outlaw-star/episode-18/,https://animehistory.org/gallery/screencaps/outlaw-star/episode-18/?page=4,4,2026-10-07T01:50:05.106767+00:00,6d8590e46c2b41d2278d37df53c6ec2e6a8bb21f6ead5421e15520c318860e5c,,UNVERIFIED
EP-18,The Strongest Woman in the Universe,00:22:54,1374,853142,https://animehistory.org/uploads/screencaps/outlaw-star-E018-The-Strongest-Woman-in-the-Universe/cap_00-22-54_2de8.jpg,Outlaw Star Ep 18: The Strongest Woman in the Universe @ 00:22:54,https://animehistory.org/gallery/screencaps/outlaw-star/episode-18/,https://animehistory.org/gallery/screencaps/outlaw-star/episode-18/?page=4,4,2026-10-07T01:50:05.106767+00:00,6d8590e46c2b41d2278d37df53c6ec2e6a8bb21f6ead5421e15520c318860e5c,,UNVERIFIED
EP-18,The Strongest Woman in the Universe,00:22:57,1377,853143,https://animehistory.org/uploads/screencaps/outlaw-star-E018-The-Strongest-Woman-in-the-Universe/cap_00-22-57_0f39.jpg,Outlaw Star Ep 18: The Strongest Woman in the Universe @ 00:22:57,https://animehistory.org/gallery/screencaps/outlaw-star/episode-18/,https://animehistory.org/gallery/screencaps/outlaw-star/episode-18/?page=4,4,2026-10-07T01:50:05.106767+00:00,6d8590e46c2b41d2278d37df53c6ec2e6a8bb21f6ead5421e15520c318860e5c,,UNVERIFIED
EP-18,The Strongest Woman in the Universe,00:23:01,1381,853144,https://animehistory.org/uploads/screencaps/outlaw-star-E018-The-Strongest-Woman-in-the-Universe/cap_00-23-01_685d.jpg,Outlaw Star Ep 18: The Strongest Woman in the Universe @ 00:23:01,https://animehistory.org/gallery/screencaps/outlaw-star/episode-18/,https://animehistory.org/gallery/screencaps/outlaw-star/episode-18/?page=4,4,2026-10-07T01:50:05.106767+00:00,6d8590e46c2b41d2278d37df53c6ec2e6a8bb21f6ead5421e15520c318860e5c,,UNVERIFIED
