episode_id,episode_title,web_timestamp,web_seconds,image_id,image_url,caption,gallery_url,source_page_url,source_page,retrieved_utc,html_sha256,local_timestamp,alignment_status
EP-15,The Seven Emerge,00:01:43,103,851729,https://animehistory.org/uploads/screencaps/outlaw-star-E015-The-Seven-Emerge/cap_00-01-43_0ce9.jpg,Outlaw Star Ep 15: The Seven Emerge @ 00:01:43,https://animehistory.org/gallery/screencaps/outlaw-star/episode-15/,https://animehistory.org/gallery/screencaps/outlaw-star/episode-15/,1,2026-10-07T01:49:45.354861+00:00,c028c5f6f1fde8ce29565f21fe1825433f23e4156f3636c68235605316bf6355,,UNVERIFIED
EP-15,The Seven Emerge,00:01:47,107,851730,https://animehistory.org/uploads/screencaps/outlaw-star-E015-The-Seven-Emerge/cap_00-01-47_459f.jpg,Outlaw Star Ep 15: The Seven Emerge @ 00:01:47,https://animehistory.org/gallery/screencaps/outlaw-star/episode-15/,https://animehistory.org/gallery/screencaps/outlaw-star/episode-15/,1,2026-10-07T01:49:45.354861+00:00,c028c5f6f1fde8ce29565f21fe1825433f23e4156f3636c68235605316bf6355,,UNVERIFIED
EP-15,The Seven Emerge,00:01:50,110,851731,https://animehistory.org/uploads/screencaps/outlaw-star-E015-The-Seven-Emerge/cap_00-01-50_344e.jpg,Outlaw Star Ep 15: The Seven Emerge @ 00:01:50,https://animehistory.org/gallery/screencaps/outlaw-star/episode-15/,https://animehistory.org/gallery/screencaps/outlaw-star/episode-15/,1,2026-10-07T01:49:45.354861+00:00,c028c5f6f1fde8ce29565f21fe1825433f23e4156f3636c68235605316bf6355,,UNVERIFIED
EP-15,The Seven Emerge,00:01:54,114,851732,https://animehistory.org/uploads/screencaps/outlaw-star-E015-The-Seven-Emerge/cap_00-01-54_0955.jpg,Outlaw Star Ep 15: The Seven Emerge @ 00:01:54,https://animehistory.org/gallery/screencaps/outlaw-star/episode-15/,https://animehistory.org/gallery/screencaps/outlaw-star/episode-15/,1,2026-10-07T01:49:45.354861+00:00,c028c5f6f1fde8ce29565f21fe1825433f23e4156f3636c68235605316bf6355,,UNVERIFIED
EP-15,The Seven Emerge,00:01:58,118,851733,https://animehistory.org/uploads/screencaps/outlaw-star-E015-The-Seven-Emerge/cap_00-01-58_3983.jpg,Outlaw Star Ep 15: The Seven Emerge @ 00:01:58,https://animehistory.org/gallery/screencaps/outlaw-star/episode-15/,https://animehistory.org/gallery/screencaps/outlaw-star/episode-15/,1,2026-10-07T01:49:45.354861+00:00,c028c5f6f1fde8ce29565f21fe1825433f23e4156f3636c68235605316bf6355,,UNVERIFIED
EP-15,The Seven Emerge,00:02:01,121,851734,https://animehistory.org/uploads/screencaps/outlaw-star-E015-The-Seven-Emerge/cap_00-02-01_7ff9.jpg,Outlaw Star Ep 15: The Seven Emerge @ 00:02:01,https://animehistory.org/gallery/screencaps/outlaw-star/episode-15/,https://animehistory.org/gallery/screencaps/outlaw-star/episode-15/,1,2026-10-07T01:49:45.354861+00:00,c028c5f6f1fde8ce29565f21fe1825433f23e4156f3636c68235605316bf6355,,UNVERIFIED
EP-15,The Seven Emerge,00:02:05,125,851735,https://animehistory.org/uploads/screencaps/outlaw-star-E015-The-Seven-Emerge/cap_00-02-05_307b.jpg,Outlaw Star Ep 15: The Seven Emerge @ 00:02:05,https://animehistory.org/gallery/screencaps/outlaw-star/episode-15/,https://animehistory.org/gallery/screencaps/outlaw-star/episode-15/,1,2026-10-07T01:49:45.354861+00:00,c028c5f6f1fde8ce29565f21fe1825433f23e4156f3636c68235605316bf6355,,UNVERIFIED
EP-15,The Seven Emerge,00:02:09,129,851736,https://animehistory.org/uploads/screencaps/outlaw-star-E015-The-Seven-Emerge/cap_00-02-09_3f6f.jpg,Outlaw Star Ep 15: The Seven Emerge @ 00:02:09,https://animehistory.org/gallery/screencaps/outlaw-star/episode-15/,https://animehistory.org/gallery/screencaps/outlaw-star/episode-15/,1,2026-10-07T01:49:45.354861+00:00,c028c5f6f1fde8ce29565f21fe1825433f23e4156f3636c68235605316bf6355,,UNVERIFIED
EP-15,The Seven Emerge,00:02:12,132,851737,https://animehistory.org/uploads/screencaps/outlaw-star-E015-The-Seven-Emerge/cap_00-02-12_7254.jpg,Outlaw Star Ep 15: The Seven Emerge @ 00:02:12,https://animehistory.org/gallery/screencaps/outlaw-star/episode-15/,https://animehistory.org/gallery/screencaps/outlaw-star/episode-15/,1,2026-10-07T01:49:45.354861+00:00,c028c5f6f1fde8ce29565f21fe1825433f23e4156f3636c68235605316bf6355,,UNVERIFIED
EP-15,The Seven Emerge,00:02:16,136,851738,https://animehistory.org/uploads/screencaps/outlaw-star-E015-The-Seven-Emerge/cap_00-02-16_12df.jpg,Outlaw Star Ep 15: The Seven Emerge @ 00:02:16,https://animehistory.org/gallery/screencaps/outlaw-star/episode-15/,https://animehistory.org/gallery/screencaps/outlaw-star/episode-15/,1,2026-10-07T01:49:45.354861+00:00,c028c5f6f1fde8ce29565f21fe1825433f23e4156f3636c68235605316bf6355,,UNVERIFIED
EP-15,The Seven Emerge,00:02:20,140,851739,https://animehistory.org/uploads/screencaps/outlaw-star-E015-The-Seven-Emerge/cap_00-02-20_4e12.jpg,Outlaw Star Ep 15: The Seven Emerge @ 00:02:20,https://animehistory.org/gallery/screencaps/outlaw-star/episode-15/,https://animehistory.org/gallery/screencaps/outlaw-star/episode-15/,1,2026-10-07T01:49:45.354861+00:00,c028c5f6f1fde8ce29565f21fe1825433f23e4156f3636c68235605316bf6355,,UNVERIFIED
EP-15,The Seven Emerge,00:02:23,143,851740,https://animehistory.org/uploads/screencaps/outlaw-star-E015-The-Seven-Emerge/cap_00-02-23_7553.jpg,Outlaw Star Ep 15: The Seven Emerge @ 00:02:23,https://animehistory.org/gallery/screencaps/outlaw-star/episode-15/,https://animehistory.org/gallery/screencaps/outlaw-star/episode-15/,1,2026-10-07T01:49:45.354861+00:00,c028c5f6f1fde8ce29565f21fe1825433f23e4156f3636c68235605316bf6355,,UNVERIFIED
EP-15,The Seven Emerge,00:02:27,147,851741,https://animehistory.org/uploads/screencaps/outlaw-star-E015-The-Seven-Emerge/cap_00-02-27_7d2b.jpg,Outlaw Star Ep 15: The Seven Emerge @ 00:02:27,https://animehistory.org/gallery/screencaps/outlaw-star/episode-15/,https://animehistory.org/gallery/screencaps/outlaw-star/episode-15/,1,2026-10-07T01:49:45.354861+00:00,c028c5f6f1fde8ce29565f21fe1825433f23e4156f3636c68235605316bf6355,,UNVERIFIED
EP-15,The Seven Emerge,00:02:31,151,851742,https://animehistory.org/uploads/screencaps/outlaw-star-E015-The-Seven-Emerge/cap_00-02-31_5d0a.jpg,Outlaw Star Ep 15: The Seven Emerge @ 00:02:31,https://animehistory.org/gallery/screencaps/outlaw-star/episode-15/,https://animehistory.org/gallery/screencaps/outlaw-star/episode-15/,1,2026-10-07T01:49:45.354861+00:00,c028c5f6f1fde8ce29565f21fe1825433f23e4156f3636c68235605316bf6355,,UNVERIFIED
EP-15,The Seven Emerge,00:02:34,154,851743,https://animehistory.org/uploads/screencaps/outlaw-star-E015-The-Seven-Emerge/cap_00-02-34_0cf3.jpg,Outlaw Star Ep 15: The Seven Emerge @ 00:02:34,https://animehistory.org/gallery/screencaps/outlaw-star/episode-15/,https://animehistory.org/gallery/screencaps/outlaw-star/episode-15/,1,2026-10-07T01:49:45.354861+00:00,c028c5f6f1fde8ce29565f21fe1825433f23e4156f3636c68235605316bf6355,,UNVERIFIED
EP-15,The Seven Emerge,00:02:38,158,851744,https://animehistory.org/uploads/screencaps/outlaw-star-E015-The-Seven-Emerge/cap_00-02-38_4a3c.jpg,Outlaw Star Ep 15: The Seven Emerge @ 00:02:38,https://animehistory.org/gallery/screencaps/outlaw-star/episode-15/,https://animehistory.org/gallery/screencaps/outlaw-star/episode-15/,1,2026-10-07T01:49:45.354861+00:00,c028c5f6f1fde8ce29565f21fe1825433f23e4156f3636c68235605316bf6355,,UNVERIFIED
EP-15,The Seven Emerge,00:02:42,162,851745,https://animehistory.org/uploads/screencaps/outlaw-star-E015-The-Seven-Emerge/cap_00-02-42_7455.jpg,Outlaw Star Ep 15: The Seven Emerge @ 00:02:42,https://animehistory.org/gallery/screencaps/outlaw-star/episode-15/,https://animehistory.org/gallery/screencaps/outlaw-star/episode-15/,1,2026-10-07T01:49:45.354861+00:00,c028c5f6f1fde8ce29565f21fe1825433f23e4156f3636c68235605316bf6355,,UNVERIFIED
EP-15,The Seven Emerge,00:02:45,165,851746,https://animehistory.org/uploads/screencaps/outlaw-star-E015-The-Seven-Emerge/cap_00-02-45_3d7f.jpg,Outlaw Star Ep 15: The Seven Emerge @ 00:02:45,https://animehistory.org/gallery/screencaps/outlaw-star/episode-15/,https://animehistory.org/gallery/screencaps/outlaw-star/episode-15/,1,2026-10-07T01:49:45.354861+00:00,c028c5f6f1fde8ce29565f21fe1825433f23e4156f3636c68235605316bf6355,,UNVERIFIED
EP-15,The Seven Emerge,00:02:49,169,851747,https://animehistory.org/uploads/screencaps/outlaw-star-E015-The-Seven-Emerge/cap_00-02-49_266b.jpg,Outlaw Star Ep 15: The Seven Emerge @ 00:02:49,https://animehistory.org/gallery/screencaps/outlaw-star/episode-15/,https://animehistory.org/gallery/screencaps/outlaw-star/episode-15/,1,2026-10-07T01:49:45.354861+00:00,c028c5f6f1fde8ce29565f21fe1825433f23e4156f3636c68235605316bf6355,,UNVERIFIED
EP-15,The Seven Emerge,00:02:53,173,851748,https://animehistory.org/uploads/screencaps/outlaw-star-E015-The-Seven-Emerge/cap_00-02-53_06fd.jpg,Outlaw Star Ep 15: The Seven Emerge @ 00:02:53,https://animehistory.org/gallery/screencaps/outlaw-star/episode-15/,https://animehistory.org/gallery/screencaps/outlaw-star/episode-15/,1,2026-10-07T01:49:45.354861+00:00,c028c5f6f1fde8ce29565f21fe1825433f23e4156f3636c68235605316bf6355,,UNVERIFIED
EP-15,The Seven Emerge,00:02:56,176,851749,https://animehistory.org/uploads/screencaps/outlaw-star-E015-The-Seven-Emerge/cap_00-02-56_2bfc.jpg,Outlaw Star Ep 15: The Seven Emerge @ 00:02:56,https://animehistory.org/gallery/screencaps/outlaw-star/episode-15/,https://animehistory.org/gallery/screencaps/outlaw-star/episode-15/,1,2026-10-07T01:49:45.354861+00:00,c028c5f6f1fde8ce29565f21fe1825433f23e4156f3636c68235605316bf6355,,UNVERIFIED
EP-15,The Seven Emerge,00:03:00,180,851750,https://animehistory.org/uploads/screencaps/outlaw-star-E015-The-Seven-Emerge/cap_00-03-00_0d4a.jpg,Outlaw Star Ep 15: The Seven Emerge @ 00:03:00,https://animehistory.org/gallery/screencaps/outlaw-star/episode-15/,https://animehistory.org/gallery/screencaps/outlaw-star/episode-15/,1,2026-10-07T01:49:45.354861+00:00,c028c5f6f1fde8ce29565f21fe1825433f23e4156f3636c68235605316bf6355,,UNVERIFIED
EP-15,The Seven Emerge,00:03:04,184,851751,https://animehistory.org/uploads/screencaps/outlaw-star-E015-The-Seven-Emerge/cap_00-03-04_1bc8.jpg,Outlaw Star Ep 15: The Seven Emerge @ 00:03:04,https://animehistory.org/gallery/screencaps/outlaw-star/episode-15/,https://animehistory.org/gallery/screencaps/outlaw-star/episode-15/,1,2026-10-07T01:49:45.354861+00:00,c028c5f6f1fde8ce29565f21fe1825433f23e4156f3636c68235605316bf6355,,UNVERIFIED
EP-15,The Seven Emerge,00:03:07,187,851752,https://animehistory.org/uploads/screencaps/outlaw-star-E015-The-Seven-Emerge/cap_00-03-07_1e59.jpg,Outlaw Star Ep 15: The Seven Emerge @ 00:03:07,https://animehistory.org/gallery/screencaps/outlaw-star/episode-15/,https://animehistory.org/gallery/screencaps/outlaw-star/episode-15/,1,2026-10-07T01:49:45.354861+00:00,c028c5f6f1fde8ce29565f21fe1825433f23e4156f3636c68235605316bf6355,,UNVERIFIED
EP-15,The Seven Emerge,00:03:11,191,851753,https://animehistory.org/uploads/screencaps/outlaw-star-E015-The-Seven-Emerge/cap_00-03-11_799a.jpg,Outlaw Star Ep 15: The Seven Emerge @ 00:03:11,https://animehistory.org/gallery/screencaps/outlaw-star/episode-15/,https://animehistory.org/gallery/screencaps/outlaw-star/episode-15/,1,2026-10-07T01:49:45.354861+00:00,c028c5f6f1fde8ce29565f21fe1825433f23e4156f3636c68235605316bf6355,,UNVERIFIED
EP-15,The Seven Emerge,00:03:15,195,851754,https://animehistory.org/uploads/screencaps/outlaw-star-E015-The-Seven-Emerge/cap_00-03-15_0548.jpg,Outlaw Star Ep 15: The Seven Emerge @ 00:03:15,https://animehistory.org/gallery/screencaps/outlaw-star/episode-15/,https://animehistory.org/gallery/screencaps/outlaw-star/episode-15/,1,2026-10-07T01:49:45.354861+00:00,c028c5f6f1fde8ce29565f21fe1825433f23e4156f3636c68235605316bf6355,,UNVERIFIED
EP-15,The Seven Emerge,00:03:18,198,851755,https://animehistory.org/uploads/screencaps/outlaw-star-E015-The-Seven-Emerge/cap_00-03-18_7d54.jpg,Outlaw Star Ep 15: The Seven Emerge @ 00:03:18,https://animehistory.org/gallery/screencaps/outlaw-star/episode-15/,https://animehistory.org/gallery/screencaps/outlaw-star/episode-15/,1,2026-10-07T01:49:45.354861+00:00,c028c5f6f1fde8ce29565f21fe1825433f23e4156f3636c68235605316bf6355,,UNVERIFIED
EP-15,The Seven Emerge,00:03:22,202,851756,https://animehistory.org/uploads/screencaps/outlaw-star-E015-The-Seven-Emerge/cap_00-03-22_6c08.jpg,Outlaw Star Ep 15: The Seven Emerge @ 00:03:22,https://animehistory.org/gallery/screencaps/outlaw-star/episode-15/,https://animehistory.org/gallery/screencaps/outlaw-star/episode-15/,1,2026-10-07T01:49:45.354861+00:00,c028c5f6f1fde8ce29565f21fe1825433f23e4156f3636c68235605316bf6355,,UNVERIFIED
EP-15,The Seven Emerge,00:03:26,206,851757,https://animehistory.org/uploads/screencaps/outlaw-star-E015-The-Seven-Emerge/cap_00-03-26_29cd.jpg,Outlaw Star Ep 15: The Seven Emerge @ 00:03:26,https://animehistory.org/gallery/screencaps/outlaw-star/episode-15/,https://animehistory.org/gallery/screencaps/outlaw-star/episode-15/,1,2026-10-07T01:49:45.354861+00:00,c028c5f6f1fde8ce29565f21fe1825433f23e4156f3636c68235605316bf6355,,UNVERIFIED
EP-15,The Seven Emerge,00:03:29,209,851758,https://animehistory.org/uploads/screencaps/outlaw-star-E015-The-Seven-Emerge/cap_00-03-29_17d0.jpg,Outlaw Star Ep 15: The Seven Emerge @ 00:03:29,https://animehistory.org/gallery/screencaps/outlaw-star/episode-15/,https://animehistory.org/gallery/screencaps/outlaw-star/episode-15/,1,2026-10-07T01:49:45.354861+00:00,c028c5f6f1fde8ce29565f21fe1825433f23e4156f3636c68235605316bf6355,,UNVERIFIED
EP-15,The Seven Emerge,00:03:33,213,851759,https://animehistory.org/uploads/screencaps/outlaw-star-E015-The-Seven-Emerge/cap_00-03-33_3c60.jpg,Outlaw Star Ep 15: The Seven Emerge @ 00:03:33,https://animehistory.org/gallery/screencaps/outlaw-star/episode-15/,https://animehistory.org/gallery/screencaps/outlaw-star/episode-15/,1,2026-10-07T01:49:45.354861+00:00,c028c5f6f1fde8ce29565f21fe1825433f23e4156f3636c68235605316bf6355,,UNVERIFIED
EP-15,The Seven Emerge,00:03:37,217,851760,https://animehistory.org/uploads/screencaps/outlaw-star-E015-The-Seven-Emerge/cap_00-03-37_2805.jpg,Outlaw Star Ep 15: The Seven Emerge @ 00:03:37,https://animehistory.org/gallery/screencaps/outlaw-star/episode-15/,https://animehistory.org/gallery/screencaps/outlaw-star/episode-15/,1,2026-10-07T01:49:45.354861+00:00,c028c5f6f1fde8ce29565f21fe1825433f23e4156f3636c68235605316bf6355,,UNVERIFIED
EP-15,The Seven Emerge,00:03:40,220,851761,https://animehistory.org/uploads/screencaps/outlaw-star-E015-The-Seven-Emerge/cap_00-03-40_0cea.jpg,Outlaw Star Ep 15: The Seven Emerge @ 00:03:40,https://animehistory.org/gallery/screencaps/outlaw-star/episode-15/,https://animehistory.org/gallery/screencaps/outlaw-star/episode-15/,1,2026-10-07T01:49:45.354861+00:00,c028c5f6f1fde8ce29565f21fe1825433f23e4156f3636c68235605316bf6355,,UNVERIFIED
EP-15,The Seven Emerge,00:03:44,224,851762,https://animehistory.org/uploads/screencaps/outlaw-star-E015-The-Seven-Emerge/cap_00-03-44_5c6a.jpg,Outlaw Star Ep 15: The Seven Emerge @ 00:03:44,https://animehistory.org/gallery/screencaps/outlaw-star/episode-15/,https://animehistory.org/gallery/screencaps/outlaw-star/episode-15/,1,2026-10-07T01:49:45.354861+00:00,c028c5f6f1fde8ce29565f21fe1825433f23e4156f3636c68235605316bf6355,,UNVERIFIED
EP-15,The Seven Emerge,00:03:48,228,851763,https://animehistory.org/uploads/screencaps/outlaw-star-E015-The-Seven-Emerge/cap_00-03-48_025b.jpg,Outlaw Star Ep 15: The Seven Emerge @ 00:03:48,https://animehistory.org/gallery/screencaps/outlaw-star/episode-15/,https://animehistory.org/gallery/screencaps/outlaw-star/episode-15/,1,2026-10-07T01:49:45.354861+00:00,c028c5f6f1fde8ce29565f21fe1825433f23e4156f3636c68235605316bf6355,,UNVERIFIED
EP-15,The Seven Emerge,00:03:51,231,851764,https://animehistory.org/uploads/screencaps/outlaw-star-E015-The-Seven-Emerge/cap_00-03-51_6a6f.jpg,Outlaw Star Ep 15: The Seven Emerge @ 00:03:51,https://animehistory.org/gallery/screencaps/outlaw-star/episode-15/,https://animehistory.org/gallery/screencaps/outlaw-star/episode-15/,1,2026-10-07T01:49:45.354861+00:00,c028c5f6f1fde8ce29565f21fe1825433f23e4156f3636c68235605316bf6355,,UNVERIFIED
EP-15,The Seven Emerge,00:03:55,235,851765,https://animehistory.org/uploads/screencaps/outlaw-star-E015-The-Seven-Emerge/cap_00-03-55_6713.jpg,Outlaw Star Ep 15: The Seven Emerge @ 00:03:55,https://animehistory.org/gallery/screencaps/outlaw-star/episode-15/,https://animehistory.org/gallery/screencaps/outlaw-star/episode-15/,1,2026-10-07T01:49:45.354861+00:00,c028c5f6f1fde8ce29565f21fe1825433f23e4156f3636c68235605316bf6355,,UNVERIFIED
EP-15,The Seven Emerge,00:03:59,239,851766,https://animehistory.org/uploads/screencaps/outlaw-star-E015-The-Seven-Emerge/cap_00-03-59_07eb.jpg,Outlaw Star Ep 15: The Seven Emerge @ 00:03:59,https://animehistory.org/gallery/screencaps/outlaw-star/episode-15/,https://animehistory.org/gallery/screencaps/outlaw-star/episode-15/,1,2026-10-07T01:49:45.354861+00:00,c028c5f6f1fde8ce29565f21fe1825433f23e4156f3636c68235605316bf6355,,UNVERIFIED
EP-15,The Seven Emerge,00:04:02,242,851767,https://animehistory.org/uploads/screencaps/outlaw-star-E015-The-Seven-Emerge/cap_00-04-02_0795.jpg,Outlaw Star Ep 15: The Seven Emerge @ 00:04:02,https://animehistory.org/gallery/screencaps/outlaw-star/episode-15/,https://animehistory.org/gallery/screencaps/outlaw-star/episode-15/,1,2026-10-07T01:49:45.354861+00:00,c028c5f6f1fde8ce29565f21fe1825433f23e4156f3636c68235605316bf6355,,UNVERIFIED
EP-15,The Seven Emerge,00:04:06,246,851768,https://animehistory.org/uploads/screencaps/outlaw-star-E015-The-Seven-Emerge/cap_00-04-06_1538.jpg,Outlaw Star Ep 15: The Seven Emerge @ 00:04:06,https://animehistory.org/gallery/screencaps/outlaw-star/episode-15/,https://animehistory.org/gallery/screencaps/outlaw-star/episode-15/,1,2026-10-07T01:49:45.354861+00:00,c028c5f6f1fde8ce29565f21fe1825433f23e4156f3636c68235605316bf6355,,UNVERIFIED
EP-15,The Seven Emerge,00:04:10,250,851769,https://animehistory.org/uploads/screencaps/outlaw-star-E015-The-Seven-Emerge/cap_00-04-10_278e.jpg,Outlaw Star Ep 15: The Seven Emerge @ 00:04:10,https://animehistory.org/gallery/screencaps/outlaw-star/episode-15/,https://animehistory.org/gallery/screencaps/outlaw-star/episode-15/,1,2026-10-07T01:49:45.354861+00:00,c028c5f6f1fde8ce29565f21fe1825433f23e4156f3636c68235605316bf6355,,UNVERIFIED
EP-15,The Seven Emerge,00:04:13,253,851770,https://animehistory.org/uploads/screencaps/outlaw-star-E015-The-Seven-Emerge/cap_00-04-13_7067.jpg,Outlaw Star Ep 15: The Seven Emerge @ 00:04:13,https://animehistory.org/gallery/screencaps/outlaw-star/episode-15/,https://animehistory.org/gallery/screencaps/outlaw-star/episode-15/,1,2026-10-07T01:49:45.354861+00:00,c028c5f6f1fde8ce29565f21fe1825433f23e4156f3636c68235605316bf6355,,UNVERIFIED
EP-15,The Seven Emerge,00:04:17,257,851771,https://animehistory.org/uploads/screencaps/outlaw-star-E015-The-Seven-Emerge/cap_00-04-17_7af3.jpg,Outlaw Star Ep 15: The Seven Emerge @ 00:04:17,https://animehistory.org/gallery/screencaps/outlaw-star/episode-15/,https://animehistory.org/gallery/screencaps/outlaw-star/episode-15/,1,2026-10-07T01:49:45.354861+00:00,c028c5f6f1fde8ce29565f21fe1825433f23e4156f3636c68235605316bf6355,,UNVERIFIED
EP-15,The Seven Emerge,00:04:21,261,851772,https://animehistory.org/uploads/screencaps/outlaw-star-E015-The-Seven-Emerge/cap_00-04-21_7846.jpg,Outlaw Star Ep 15: The Seven Emerge @ 00:04:21,https://animehistory.org/gallery/screencaps/outlaw-star/episode-15/,https://animehistory.org/gallery/screencaps/outlaw-star/episode-15/,1,2026-10-07T01:49:45.354861+00:00,c028c5f6f1fde8ce29565f21fe1825433f23e4156f3636c68235605316bf6355,,UNVERIFIED
EP-15,The Seven Emerge,00:04:24,264,851773,https://animehistory.org/uploads/screencaps/outlaw-star-E015-The-Seven-Emerge/cap_00-04-24_370e.jpg,Outlaw Star Ep 15: The Seven Emerge @ 00:04:24,https://animehistory.org/gallery/screencaps/outlaw-star/episode-15/,https://animehistory.org/gallery/screencaps/outlaw-star/episode-15/,1,2026-10-07T01:49:45.354861+00:00,c028c5f6f1fde8ce29565f21fe1825433f23e4156f3636c68235605316bf6355,,UNVERIFIED
EP-15,The Seven Emerge,00:04:28,268,851774,https://animehistory.org/uploads/screencaps/outlaw-star-E015-The-Seven-Emerge/cap_00-04-28_139c.jpg,Outlaw Star Ep 15: The Seven Emerge @ 00:04:28,https://animehistory.org/gallery/screencaps/outlaw-star/episode-15/,https://animehistory.org/gallery/screencaps/outlaw-star/episode-15/,1,2026-10-07T01:49:45.354861+00:00,c028c5f6f1fde8ce29565f21fe1825433f23e4156f3636c68235605316bf6355,,UNVERIFIED
EP-15,The Seven Emerge,00:04:31,271,851775,https://animehistory.org/uploads/screencaps/outlaw-star-E015-The-Seven-Emerge/cap_00-04-31_474a.jpg,Outlaw Star Ep 15: The Seven Emerge @ 00:04:31,https://animehistory.org/gallery/screencaps/outlaw-star/episode-15/,https://animehistory.org/gallery/screencaps/outlaw-star/episode-15/,1,2026-10-07T01:49:45.354861+00:00,c028c5f6f1fde8ce29565f21fe1825433f23e4156f3636c68235605316bf6355,,UNVERIFIED
EP-15,The Seven Emerge,00:04:35,275,851776,https://animehistory.org/uploads/screencaps/outlaw-star-E015-The-Seven-Emerge/cap_00-04-35_090d.jpg,Outlaw Star Ep 15: The Seven Emerge @ 00:04:35,https://animehistory.org/gallery/screencaps/outlaw-star/episode-15/,https://animehistory.org/gallery/screencaps/outlaw-star/episode-15/,1,2026-10-07T01:49:45.354861+00:00,c028c5f6f1fde8ce29565f21fe1825433f23e4156f3636c68235605316bf6355,,UNVERIFIED
EP-15,The Seven Emerge,00:04:39,279,851777,https://animehistory.org/uploads/screencaps/outlaw-star-E015-The-Seven-Emerge/cap_00-04-39_0d3f.jpg,Outlaw Star Ep 15: The Seven Emerge @ 00:04:39,https://animehistory.org/gallery/screencaps/outlaw-star/episode-15/,https://animehistory.org/gallery/screencaps/outlaw-star/episode-15/,1,2026-10-07T01:49:45.354861+00:00,c028c5f6f1fde8ce29565f21fe1825433f23e4156f3636c68235605316bf6355,,UNVERIFIED
EP-15,The Seven Emerge,00:04:42,282,851778,https://animehistory.org/uploads/screencaps/outlaw-star-E015-The-Seven-Emerge/cap_00-04-42_10dd.jpg,Outlaw Star Ep 15: The Seven Emerge @ 00:04:42,https://animehistory.org/gallery/screencaps/outlaw-star/episode-15/,https://animehistory.org/gallery/screencaps/outlaw-star/episode-15/,1,2026-10-07T01:49:45.354861+00:00,c028c5f6f1fde8ce29565f21fe1825433f23e4156f3636c68235605316bf6355,,UNVERIFIED
EP-15,The Seven Emerge,00:04:46,286,851779,https://animehistory.org/uploads/screencaps/outlaw-star-E015-The-Seven-Emerge/cap_00-04-46_0ac7.jpg,Outlaw Star Ep 15: The Seven Emerge @ 00:04:46,https://animehistory.org/gallery/screencaps/outlaw-star/episode-15/,https://animehistory.org/gallery/screencaps/outlaw-star/episode-15/,1,2026-10-07T01:49:45.354861+00:00,c028c5f6f1fde8ce29565f21fe1825433f23e4156f3636c68235605316bf6355,,UNVERIFIED
EP-15,The Seven Emerge,00:04:50,290,851780,https://animehistory.org/uploads/screencaps/outlaw-star-E015-The-Seven-Emerge/cap_00-04-50_5402.jpg,Outlaw Star Ep 15: The Seven Emerge @ 00:04:50,https://animehistory.org/gallery/screencaps/outlaw-star/episode-15/,https://animehistory.org/gallery/screencaps/outlaw-star/episode-15/,1,2026-10-07T01:49:45.354861+00:00,c028c5f6f1fde8ce29565f21fe1825433f23e4156f3636c68235605316bf6355,,UNVERIFIED
EP-15,The Seven Emerge,00:04:53,293,851781,https://animehistory.org/uploads/screencaps/outlaw-star-E015-The-Seven-Emerge/cap_00-04-53_7f9d.jpg,Outlaw Star Ep 15: The Seven Emerge @ 00:04:53,https://animehistory.org/gallery/screencaps/outlaw-star/episode-15/,https://animehistory.org/gallery/screencaps/outlaw-star/episode-15/,1,2026-10-07T01:49:45.354861+00:00,c028c5f6f1fde8ce29565f21fe1825433f23e4156f3636c68235605316bf6355,,UNVERIFIED
EP-15,The Seven Emerge,00:04:57,297,851782,https://animehistory.org/uploads/screencaps/outlaw-star-E015-The-Seven-Emerge/cap_00-04-57_7331.jpg,Outlaw Star Ep 15: The Seven Emerge @ 00:04:57,https://animehistory.org/gallery/screencaps/outlaw-star/episode-15/,https://animehistory.org/gallery/screencaps/outlaw-star/episode-15/,1,2026-10-07T01:49:45.354861+00:00,c028c5f6f1fde8ce29565f21fe1825433f23e4156f3636c68235605316bf6355,,UNVERIFIED
EP-15,The Seven Emerge,00:05:01,301,851783,https://animehistory.org/uploads/screencaps/outlaw-star-E015-The-Seven-Emerge/cap_00-05-01_762f.jpg,Outlaw Star Ep 15: The Seven Emerge @ 00:05:01,https://animehistory.org/gallery/screencaps/outlaw-star/episode-15/,https://animehistory.org/gallery/screencaps/outlaw-star/episode-15/,1,2026-10-07T01:49:45.354861+00:00,c028c5f6f1fde8ce29565f21fe1825433f23e4156f3636c68235605316bf6355,,UNVERIFIED
EP-15,The Seven Emerge,00:05:04,304,851784,https://animehistory.org/uploads/screencaps/outlaw-star-E015-The-Seven-Emerge/cap_00-05-04_673f.jpg,Outlaw Star Ep 15: The Seven Emerge @ 00:05:04,https://animehistory.org/gallery/screencaps/outlaw-star/episode-15/,https://animehistory.org/gallery/screencaps/outlaw-star/episode-15/,1,2026-10-07T01:49:45.354861+00:00,c028c5f6f1fde8ce29565f21fe1825433f23e4156f3636c68235605316bf6355,,UNVERIFIED
EP-15,The Seven Emerge,00:05:08,308,851785,https://animehistory.org/uploads/screencaps/outlaw-star-E015-The-Seven-Emerge/cap_00-05-08_7bb9.jpg,Outlaw Star Ep 15: The Seven Emerge @ 00:05:08,https://animehistory.org/gallery/screencaps/outlaw-star/episode-15/,https://animehistory.org/gallery/screencaps/outlaw-star/episode-15/,1,2026-10-07T01:49:45.354861+00:00,c028c5f6f1fde8ce29565f21fe1825433f23e4156f3636c68235605316bf6355,,UNVERIFIED
EP-15,The Seven Emerge,00:05:12,312,851786,https://animehistory.org/uploads/screencaps/outlaw-star-E015-The-Seven-Emerge/cap_00-05-12_03e9.jpg,Outlaw Star Ep 15: The Seven Emerge @ 00:05:12,https://animehistory.org/gallery/screencaps/outlaw-star/episode-15/,https://animehistory.org/gallery/screencaps/outlaw-star/episode-15/,1,2026-10-07T01:49:45.354861+00:00,c028c5f6f1fde8ce29565f21fe1825433f23e4156f3636c68235605316bf6355,,UNVERIFIED
EP-15,The Seven Emerge,00:05:15,315,851787,https://animehistory.org/uploads/screencaps/outlaw-star-E015-The-Seven-Emerge/cap_00-05-15_01d0.jpg,Outlaw Star Ep 15: The Seven Emerge @ 00:05:15,https://animehistory.org/gallery/screencaps/outlaw-star/episode-15/,https://animehistory.org/gallery/screencaps/outlaw-star/episode-15/,1,2026-10-07T01:49:45.354861+00:00,c028c5f6f1fde8ce29565f21fe1825433f23e4156f3636c68235605316bf6355,,UNVERIFIED
EP-15,The Seven Emerge,00:05:19,319,851788,https://animehistory.org/uploads/screencaps/outlaw-star-E015-The-Seven-Emerge/cap_00-05-19_0672.jpg,Outlaw Star Ep 15: The Seven Emerge @ 00:05:19,https://animehistory.org/gallery/screencaps/outlaw-star/episode-15/,https://animehistory.org/gallery/screencaps/outlaw-star/episode-15/,1,2026-10-07T01:49:45.354861+00:00,c028c5f6f1fde8ce29565f21fe1825433f23e4156f3636c68235605316bf6355,,UNVERIFIED
EP-15,The Seven Emerge,00:05:23,323,851789,https://animehistory.org/uploads/screencaps/outlaw-star-E015-The-Seven-Emerge/cap_00-05-23_6e2a.jpg,Outlaw Star Ep 15: The Seven Emerge @ 00:05:23,https://animehistory.org/gallery/screencaps/outlaw-star/episode-15/,https://animehistory.org/gallery/screencaps/outlaw-star/episode-15/,1,2026-10-07T01:49:45.354861+00:00,c028c5f6f1fde8ce29565f21fe1825433f23e4156f3636c68235605316bf6355,,UNVERIFIED
EP-15,The Seven Emerge,00:05:26,326,851790,https://animehistory.org/uploads/screencaps/outlaw-star-E015-The-Seven-Emerge/cap_00-05-26_68cb.jpg,Outlaw Star Ep 15: The Seven Emerge @ 00:05:26,https://animehistory.org/gallery/screencaps/outlaw-star/episode-15/,https://animehistory.org/gallery/screencaps/outlaw-star/episode-15/,1,2026-10-07T01:49:45.354861+00:00,c028c5f6f1fde8ce29565f21fe1825433f23e4156f3636c68235605316bf6355,,UNVERIFIED
EP-15,The Seven Emerge,00:05:30,330,851791,https://animehistory.org/uploads/screencaps/outlaw-star-E015-The-Seven-Emerge/cap_00-05-30_2dd4.jpg,Outlaw Star Ep 15: The Seven Emerge @ 00:05:30,https://animehistory.org/gallery/screencaps/outlaw-star/episode-15/,https://animehistory.org/gallery/screencaps/outlaw-star/episode-15/,1,2026-10-07T01:49:45.354861+00:00,c028c5f6f1fde8ce29565f21fe1825433f23e4156f3636c68235605316bf6355,,UNVERIFIED
EP-15,The Seven Emerge,00:05:34,334,851792,https://animehistory.org/uploads/screencaps/outlaw-star-E015-The-Seven-Emerge/cap_00-05-34_5598.jpg,Outlaw Star Ep 15: The Seven Emerge @ 00:05:34,https://animehistory.org/gallery/screencaps/outlaw-star/episode-15/,https://animehistory.org/gallery/screencaps/outlaw-star/episode-15/,1,2026-10-07T01:49:45.354861+00:00,c028c5f6f1fde8ce29565f21fe1825433f23e4156f3636c68235605316bf6355,,UNVERIFIED
EP-15,The Seven Emerge,00:05:37,337,851793,https://animehistory.org/uploads/screencaps/outlaw-star-E015-The-Seven-Emerge/cap_00-05-37_0dc4.jpg,Outlaw Star Ep 15: The Seven Emerge @ 00:05:37,https://animehistory.org/gallery/screencaps/outlaw-star/episode-15/,https://animehistory.org/gallery/screencaps/outlaw-star/episode-15/,1,2026-10-07T01:49:45.354861+00:00,c028c5f6f1fde8ce29565f21fe1825433f23e4156f3636c68235605316bf6355,,UNVERIFIED
EP-15,The Seven Emerge,00:05:41,341,851794,https://animehistory.org/uploads/screencaps/outlaw-star-E015-The-Seven-Emerge/cap_00-05-41_601e.jpg,Outlaw Star Ep 15: The Seven Emerge @ 00:05:41,https://animehistory.org/gallery/screencaps/outlaw-star/episode-15/,https://animehistory.org/gallery/screencaps/outlaw-star/episode-15/,1,2026-10-07T01:49:45.354861+00:00,c028c5f6f1fde8ce29565f21fe1825433f23e4156f3636c68235605316bf6355,,UNVERIFIED
EP-15,The Seven Emerge,00:05:45,345,851795,https://animehistory.org/uploads/screencaps/outlaw-star-E015-The-Seven-Emerge/cap_00-05-45_3919.jpg,Outlaw Star Ep 15: The Seven Emerge @ 00:05:45,https://animehistory.org/gallery/screencaps/outlaw-star/episode-15/,https://animehistory.org/gallery/screencaps/outlaw-star/episode-15/,1,2026-10-07T01:49:45.354861+00:00,c028c5f6f1fde8ce29565f21fe1825433f23e4156f3636c68235605316bf6355,,UNVERIFIED
EP-15,The Seven Emerge,00:05:48,348,851796,https://animehistory.org/uploads/screencaps/outlaw-star-E015-The-Seven-Emerge/cap_00-05-48_44d3.jpg,Outlaw Star Ep 15: The Seven Emerge @ 00:05:48,https://animehistory.org/gallery/screencaps/outlaw-star/episode-15/,https://animehistory.org/gallery/screencaps/outlaw-star/episode-15/,1,2026-10-07T01:49:45.354861+00:00,c028c5f6f1fde8ce29565f21fe1825433f23e4156f3636c68235605316bf6355,,UNVERIFIED
EP-15,The Seven Emerge,00:05:52,352,851797,https://animehistory.org/uploads/screencaps/outlaw-star-E015-The-Seven-Emerge/cap_00-05-52_6b72.jpg,Outlaw Star Ep 15: The Seven Emerge @ 00:05:52,https://animehistory.org/gallery/screencaps/outlaw-star/episode-15/,https://animehistory.org/gallery/screencaps/outlaw-star/episode-15/,1,2026-10-07T01:49:45.354861+00:00,c028c5f6f1fde8ce29565f21fe1825433f23e4156f3636c68235605316bf6355,,UNVERIFIED
EP-15,The Seven Emerge,00:05:56,356,851798,https://animehistory.org/uploads/screencaps/outlaw-star-E015-The-Seven-Emerge/cap_00-05-56_18f9.jpg,Outlaw Star Ep 15: The Seven Emerge @ 00:05:56,https://animehistory.org/gallery/screencaps/outlaw-star/episode-15/,https://animehistory.org/gallery/screencaps/outlaw-star/episode-15/,1,2026-10-07T01:49:45.354861+00:00,c028c5f6f1fde8ce29565f21fe1825433f23e4156f3636c68235605316bf6355,,UNVERIFIED
EP-15,The Seven Emerge,00:05:59,359,851799,https://animehistory.org/uploads/screencaps/outlaw-star-E015-The-Seven-Emerge/cap_00-05-59_7c2f.jpg,Outlaw Star Ep 15: The Seven Emerge @ 00:05:59,https://animehistory.org/gallery/screencaps/outlaw-star/episode-15/,https://animehistory.org/gallery/screencaps/outlaw-star/episode-15/,1,2026-10-07T01:49:45.354861+00:00,c028c5f6f1fde8ce29565f21fe1825433f23e4156f3636c68235605316bf6355,,UNVERIFIED
EP-15,The Seven Emerge,00:06:03,363,851800,https://animehistory.org/uploads/screencaps/outlaw-star-E015-The-Seven-Emerge/cap_00-06-03_5c4a.jpg,Outlaw Star Ep 15: The Seven Emerge @ 00:06:03,https://animehistory.org/gallery/screencaps/outlaw-star/episode-15/,https://animehistory.org/gallery/screencaps/outlaw-star/episode-15/,1,2026-10-07T01:49:45.354861+00:00,c028c5f6f1fde8ce29565f21fe1825433f23e4156f3636c68235605316bf6355,,UNVERIFIED
EP-15,The Seven Emerge,00:06:07,367,851801,https://animehistory.org/uploads/screencaps/outlaw-star-E015-The-Seven-Emerge/cap_00-06-07_25b0.jpg,Outlaw Star Ep 15: The Seven Emerge @ 00:06:07,https://animehistory.org/gallery/screencaps/outlaw-star/episode-15/,https://animehistory.org/gallery/screencaps/outlaw-star/episode-15/,1,2026-10-07T01:49:45.354861+00:00,c028c5f6f1fde8ce29565f21fe1825433f23e4156f3636c68235605316bf6355,,UNVERIFIED
EP-15,The Seven Emerge,00:06:10,370,851802,https://animehistory.org/uploads/screencaps/outlaw-star-E015-The-Seven-Emerge/cap_00-06-10_48e9.jpg,Outlaw Star Ep 15: The Seven Emerge @ 00:06:10,https://animehistory.org/gallery/screencaps/outlaw-star/episode-15/,https://animehistory.org/gallery/screencaps/outlaw-star/episode-15/,1,2026-10-07T01:49:45.354861+00:00,c028c5f6f1fde8ce29565f21fe1825433f23e4156f3636c68235605316bf6355,,UNVERIFIED
EP-15,The Seven Emerge,00:06:14,374,851803,https://animehistory.org/uploads/screencaps/outlaw-star-E015-The-Seven-Emerge/cap_00-06-14_65d5.jpg,Outlaw Star Ep 15: The Seven Emerge @ 00:06:14,https://animehistory.org/gallery/screencaps/outlaw-star/episode-15/,https://animehistory.org/gallery/screencaps/outlaw-star/episode-15/,1,2026-10-07T01:49:45.354861+00:00,c028c5f6f1fde8ce29565f21fe1825433f23e4156f3636c68235605316bf6355,,UNVERIFIED
EP-15,The Seven Emerge,00:06:18,378,851804,https://animehistory.org/uploads/screencaps/outlaw-star-E015-The-Seven-Emerge/cap_00-06-18_07c2.jpg,Outlaw Star Ep 15: The Seven Emerge @ 00:06:18,https://animehistory.org/gallery/screencaps/outlaw-star/episode-15/,https://animehistory.org/gallery/screencaps/outlaw-star/episode-15/,1,2026-10-07T01:49:45.354861+00:00,c028c5f6f1fde8ce29565f21fe1825433f23e4156f3636c68235605316bf6355,,UNVERIFIED
EP-15,The Seven Emerge,00:06:21,381,851805,https://animehistory.org/uploads/screencaps/outlaw-star-E015-The-Seven-Emerge/cap_00-06-21_4ea3.jpg,Outlaw Star Ep 15: The Seven Emerge @ 00:06:21,https://animehistory.org/gallery/screencaps/outlaw-star/episode-15/,https://animehistory.org/gallery/screencaps/outlaw-star/episode-15/,1,2026-10-07T01:49:45.354861+00:00,c028c5f6f1fde8ce29565f21fe1825433f23e4156f3636c68235605316bf6355,,UNVERIFIED
EP-15,The Seven Emerge,00:06:25,385,851806,https://animehistory.org/uploads/screencaps/outlaw-star-E015-The-Seven-Emerge/cap_00-06-25_034e.jpg,Outlaw Star Ep 15: The Seven Emerge @ 00:06:25,https://animehistory.org/gallery/screencaps/outlaw-star/episode-15/,https://animehistory.org/gallery/screencaps/outlaw-star/episode-15/,1,2026-10-07T01:49:45.354861+00:00,c028c5f6f1fde8ce29565f21fe1825433f23e4156f3636c68235605316bf6355,,UNVERIFIED
EP-15,The Seven Emerge,00:06:29,389,851807,https://animehistory.org/uploads/screencaps/outlaw-star-E015-The-Seven-Emerge/cap_00-06-29_7024.jpg,Outlaw Star Ep 15: The Seven Emerge @ 00:06:29,https://animehistory.org/gallery/screencaps/outlaw-star/episode-15/,https://animehistory.org/gallery/screencaps/outlaw-star/episode-15/,1,2026-10-07T01:49:45.354861+00:00,c028c5f6f1fde8ce29565f21fe1825433f23e4156f3636c68235605316bf6355,,UNVERIFIED
EP-15,The Seven Emerge,00:06:32,392,851808,https://animehistory.org/uploads/screencaps/outlaw-star-E015-The-Seven-Emerge/cap_00-06-32_32d5.jpg,Outlaw Star Ep 15: The Seven Emerge @ 00:06:32,https://animehistory.org/gallery/screencaps/outlaw-star/episode-15/,https://animehistory.org/gallery/screencaps/outlaw-star/episode-15/,1,2026-10-07T01:49:45.354861+00:00,c028c5f6f1fde8ce29565f21fe1825433f23e4156f3636c68235605316bf6355,,UNVERIFIED
EP-15,The Seven Emerge,00:06:36,396,851809,https://animehistory.org/uploads/screencaps/outlaw-star-E015-The-Seven-Emerge/cap_00-06-36_1981.jpg,Outlaw Star Ep 15: The Seven Emerge @ 00:06:36,https://animehistory.org/gallery/screencaps/outlaw-star/episode-15/,https://animehistory.org/gallery/screencaps/outlaw-star/episode-15/,1,2026-10-07T01:49:45.354861+00:00,c028c5f6f1fde8ce29565f21fe1825433f23e4156f3636c68235605316bf6355,,UNVERIFIED
EP-15,The Seven Emerge,00:06:40,400,851810,https://animehistory.org/uploads/screencaps/outlaw-star-E015-The-Seven-Emerge/cap_00-06-40_778d.jpg,Outlaw Star Ep 15: The Seven Emerge @ 00:06:40,https://animehistory.org/gallery/screencaps/outlaw-star/episode-15/,https://animehistory.org/gallery/screencaps/outlaw-star/episode-15/,1,2026-10-07T01:49:45.354861+00:00,c028c5f6f1fde8ce29565f21fe1825433f23e4156f3636c68235605316bf6355,,UNVERIFIED
EP-15,The Seven Emerge,00:06:43,403,851811,https://animehistory.org/uploads/screencaps/outlaw-star-E015-The-Seven-Emerge/cap_00-06-43_7f51.jpg,Outlaw Star Ep 15: The Seven Emerge @ 00:06:43,https://animehistory.org/gallery/screencaps/outlaw-star/episode-15/,https://animehistory.org/gallery/screencaps/outlaw-star/episode-15/,1,2026-10-07T01:49:45.354861+00:00,c028c5f6f1fde8ce29565f21fe1825433f23e4156f3636c68235605316bf6355,,UNVERIFIED
EP-15,The Seven Emerge,00:06:47,407,851812,https://animehistory.org/uploads/screencaps/outlaw-star-E015-The-Seven-Emerge/cap_00-06-47_48bc.jpg,Outlaw Star Ep 15: The Seven Emerge @ 00:06:47,https://animehistory.org/gallery/screencaps/outlaw-star/episode-15/,https://animehistory.org/gallery/screencaps/outlaw-star/episode-15/,1,2026-10-07T01:49:45.354861+00:00,c028c5f6f1fde8ce29565f21fe1825433f23e4156f3636c68235605316bf6355,,UNVERIFIED
EP-15,The Seven Emerge,00:06:51,411,851813,https://animehistory.org/uploads/screencaps/outlaw-star-E015-The-Seven-Emerge/cap_00-06-51_6faf.jpg,Outlaw Star Ep 15: The Seven Emerge @ 00:06:51,https://animehistory.org/gallery/screencaps/outlaw-star/episode-15/,https://animehistory.org/gallery/screencaps/outlaw-star/episode-15/,1,2026-10-07T01:49:45.354861+00:00,c028c5f6f1fde8ce29565f21fe1825433f23e4156f3636c68235605316bf6355,,UNVERIFIED
EP-15,The Seven Emerge,00:06:54,414,851814,https://animehistory.org/uploads/screencaps/outlaw-star-E015-The-Seven-Emerge/cap_00-06-54_3a9c.jpg,Outlaw Star Ep 15: The Seven Emerge @ 00:06:54,https://animehistory.org/gallery/screencaps/outlaw-star/episode-15/,https://animehistory.org/gallery/screencaps/outlaw-star/episode-15/,1,2026-10-07T01:49:45.354861+00:00,c028c5f6f1fde8ce29565f21fe1825433f23e4156f3636c68235605316bf6355,,UNVERIFIED
EP-15,The Seven Emerge,00:06:58,418,851815,https://animehistory.org/uploads/screencaps/outlaw-star-E015-The-Seven-Emerge/cap_00-06-58_01b7.jpg,Outlaw Star Ep 15: The Seven Emerge @ 00:06:58,https://animehistory.org/gallery/screencaps/outlaw-star/episode-15/,https://animehistory.org/gallery/screencaps/outlaw-star/episode-15/,1,2026-10-07T01:49:45.354861+00:00,c028c5f6f1fde8ce29565f21fe1825433f23e4156f3636c68235605316bf6355,,UNVERIFIED
EP-15,The Seven Emerge,00:07:02,422,851816,https://animehistory.org/uploads/screencaps/outlaw-star-E015-The-Seven-Emerge/cap_00-07-02_5562.jpg,Outlaw Star Ep 15: The Seven Emerge @ 00:07:02,https://animehistory.org/gallery/screencaps/outlaw-star/episode-15/,https://animehistory.org/gallery/screencaps/outlaw-star/episode-15/,1,2026-10-07T01:49:45.354861+00:00,c028c5f6f1fde8ce29565f21fe1825433f23e4156f3636c68235605316bf6355,,UNVERIFIED
EP-15,The Seven Emerge,00:07:05,425,851817,https://animehistory.org/uploads/screencaps/outlaw-star-E015-The-Seven-Emerge/cap_00-07-05_4521.jpg,Outlaw Star Ep 15: The Seven Emerge @ 00:07:05,https://animehistory.org/gallery/screencaps/outlaw-star/episode-15/,https://animehistory.org/gallery/screencaps/outlaw-star/episode-15/,1,2026-10-07T01:49:45.354861+00:00,c028c5f6f1fde8ce29565f21fe1825433f23e4156f3636c68235605316bf6355,,UNVERIFIED
EP-15,The Seven Emerge,00:07:09,429,851818,https://animehistory.org/uploads/screencaps/outlaw-star-E015-The-Seven-Emerge/cap_00-07-09_7260.jpg,Outlaw Star Ep 15: The Seven Emerge @ 00:07:09,https://animehistory.org/gallery/screencaps/outlaw-star/episode-15/,https://animehistory.org/gallery/screencaps/outlaw-star/episode-15/,1,2026-10-07T01:49:45.354861+00:00,c028c5f6f1fde8ce29565f21fe1825433f23e4156f3636c68235605316bf6355,,UNVERIFIED
EP-15,The Seven Emerge,00:07:12,432,851819,https://animehistory.org/uploads/screencaps/outlaw-star-E015-The-Seven-Emerge/cap_00-07-12_3d53.jpg,Outlaw Star Ep 15: The Seven Emerge @ 00:07:12,https://animehistory.org/gallery/screencaps/outlaw-star/episode-15/,https://animehistory.org/gallery/screencaps/outlaw-star/episode-15/,1,2026-10-07T01:49:45.354861+00:00,c028c5f6f1fde8ce29565f21fe1825433f23e4156f3636c68235605316bf6355,,UNVERIFIED
EP-15,The Seven Emerge,00:07:16,436,851820,https://animehistory.org/uploads/screencaps/outlaw-star-E015-The-Seven-Emerge/cap_00-07-16_08d6.jpg,Outlaw Star Ep 15: The Seven Emerge @ 00:07:16,https://animehistory.org/gallery/screencaps/outlaw-star/episode-15/,https://animehistory.org/gallery/screencaps/outlaw-star/episode-15/,1,2026-10-07T01:49:45.354861+00:00,c028c5f6f1fde8ce29565f21fe1825433f23e4156f3636c68235605316bf6355,,UNVERIFIED
EP-15,The Seven Emerge,00:07:20,440,851821,https://animehistory.org/uploads/screencaps/outlaw-star-E015-The-Seven-Emerge/cap_00-07-20_62ba.jpg,Outlaw Star Ep 15: The Seven Emerge @ 00:07:20,https://animehistory.org/gallery/screencaps/outlaw-star/episode-15/,https://animehistory.org/gallery/screencaps/outlaw-star/episode-15/,1,2026-10-07T01:49:45.354861+00:00,c028c5f6f1fde8ce29565f21fe1825433f23e4156f3636c68235605316bf6355,,UNVERIFIED
EP-15,The Seven Emerge,00:07:23,443,851822,https://animehistory.org/uploads/screencaps/outlaw-star-E015-The-Seven-Emerge/cap_00-07-23_4915.jpg,Outlaw Star Ep 15: The Seven Emerge @ 00:07:23,https://animehistory.org/gallery/screencaps/outlaw-star/episode-15/,https://animehistory.org/gallery/screencaps/outlaw-star/episode-15/,1,2026-10-07T01:49:45.354861+00:00,c028c5f6f1fde8ce29565f21fe1825433f23e4156f3636c68235605316bf6355,,UNVERIFIED
EP-15,The Seven Emerge,00:07:27,447,851823,https://animehistory.org/uploads/screencaps/outlaw-star-E015-The-Seven-Emerge/cap_00-07-27_70ec.jpg,Outlaw Star Ep 15: The Seven Emerge @ 00:07:27,https://animehistory.org/gallery/screencaps/outlaw-star/episode-15/,https://animehistory.org/gallery/screencaps/outlaw-star/episode-15/,1,2026-10-07T01:49:45.354861+00:00,c028c5f6f1fde8ce29565f21fe1825433f23e4156f3636c68235605316bf6355,,UNVERIFIED
EP-15,The Seven Emerge,00:07:31,451,851824,https://animehistory.org/uploads/screencaps/outlaw-star-E015-The-Seven-Emerge/cap_00-07-31_06be.jpg,Outlaw Star Ep 15: The Seven Emerge @ 00:07:31,https://animehistory.org/gallery/screencaps/outlaw-star/episode-15/,https://animehistory.org/gallery/screencaps/outlaw-star/episode-15/,1,2026-10-07T01:49:45.354861+00:00,c028c5f6f1fde8ce29565f21fe1825433f23e4156f3636c68235605316bf6355,,UNVERIFIED
EP-15,The Seven Emerge,00:07:34,454,851825,https://animehistory.org/uploads/screencaps/outlaw-star-E015-The-Seven-Emerge/cap_00-07-34_1a3e.jpg,Outlaw Star Ep 15: The Seven Emerge @ 00:07:34,https://animehistory.org/gallery/screencaps/outlaw-star/episode-15/,https://animehistory.org/gallery/screencaps/outlaw-star/episode-15/,1,2026-10-07T01:49:45.354861+00:00,c028c5f6f1fde8ce29565f21fe1825433f23e4156f3636c68235605316bf6355,,UNVERIFIED
EP-15,The Seven Emerge,00:07:38,458,851826,https://animehistory.org/uploads/screencaps/outlaw-star-E015-The-Seven-Emerge/cap_00-07-38_3bc6.jpg,Outlaw Star Ep 15: The Seven Emerge @ 00:07:38,https://animehistory.org/gallery/screencaps/outlaw-star/episode-15/,https://animehistory.org/gallery/screencaps/outlaw-star/episode-15/,1,2026-10-07T01:49:45.354861+00:00,c028c5f6f1fde8ce29565f21fe1825433f23e4156f3636c68235605316bf6355,,UNVERIFIED
EP-15,The Seven Emerge,00:07:42,462,851827,https://animehistory.org/uploads/screencaps/outlaw-star-E015-The-Seven-Emerge/cap_00-07-42_484d.jpg,Outlaw Star Ep 15: The Seven Emerge @ 00:07:42,https://animehistory.org/gallery/screencaps/outlaw-star/episode-15/,https://animehistory.org/gallery/screencaps/outlaw-star/episode-15/,1,2026-10-07T01:49:45.354861+00:00,c028c5f6f1fde8ce29565f21fe1825433f23e4156f3636c68235605316bf6355,,UNVERIFIED
EP-15,The Seven Emerge,00:07:45,465,851828,https://animehistory.org/uploads/screencaps/outlaw-star-E015-The-Seven-Emerge/cap_00-07-45_6778.jpg,Outlaw Star Ep 15: The Seven Emerge @ 00:07:45,https://animehistory.org/gallery/screencaps/outlaw-star/episode-15/,https://animehistory.org/gallery/screencaps/outlaw-star/episode-15/,1,2026-10-07T01:49:45.354861+00:00,c028c5f6f1fde8ce29565f21fe1825433f23e4156f3636c68235605316bf6355,,UNVERIFIED
EP-15,The Seven Emerge,00:07:49,469,851829,https://animehistory.org/uploads/screencaps/outlaw-star-E015-The-Seven-Emerge/cap_00-07-49_4f81.jpg,Outlaw Star Ep 15: The Seven Emerge @ 00:07:49,https://animehistory.org/gallery/screencaps/outlaw-star/episode-15/,https://animehistory.org/gallery/screencaps/outlaw-star/episode-15/?page=2,2,2026-10-07T01:49:46.718196+00:00,9a4fe3f5806c5d2824eab7ef6d8813b09e02fa637a66faa6e66a9c9c8b3d2e80,,UNVERIFIED
EP-15,The Seven Emerge,00:07:53,473,851830,https://animehistory.org/uploads/screencaps/outlaw-star-E015-The-Seven-Emerge/cap_00-07-53_2bc0.jpg,Outlaw Star Ep 15: The Seven Emerge @ 00:07:53,https://animehistory.org/gallery/screencaps/outlaw-star/episode-15/,https://animehistory.org/gallery/screencaps/outlaw-star/episode-15/?page=2,2,2026-10-07T01:49:46.718196+00:00,9a4fe3f5806c5d2824eab7ef6d8813b09e02fa637a66faa6e66a9c9c8b3d2e80,,UNVERIFIED
EP-15,The Seven Emerge,00:07:56,476,851831,https://animehistory.org/uploads/screencaps/outlaw-star-E015-The-Seven-Emerge/cap_00-07-56_16ba.jpg,Outlaw Star Ep 15: The Seven Emerge @ 00:07:56,https://animehistory.org/gallery/screencaps/outlaw-star/episode-15/,https://animehistory.org/gallery/screencaps/outlaw-star/episode-15/?page=2,2,2026-10-07T01:49:46.718196+00:00,9a4fe3f5806c5d2824eab7ef6d8813b09e02fa637a66faa6e66a9c9c8b3d2e80,,UNVERIFIED
EP-15,The Seven Emerge,00:08:00,480,851832,https://animehistory.org/uploads/screencaps/outlaw-star-E015-The-Seven-Emerge/cap_00-08-00_0937.jpg,Outlaw Star Ep 15: The Seven Emerge @ 00:08:00,https://animehistory.org/gallery/screencaps/outlaw-star/episode-15/,https://animehistory.org/gallery/screencaps/outlaw-star/episode-15/?page=2,2,2026-10-07T01:49:46.718196+00:00,9a4fe3f5806c5d2824eab7ef6d8813b09e02fa637a66faa6e66a9c9c8b3d2e80,,UNVERIFIED
EP-15,The Seven Emerge,00:08:04,484,851833,https://animehistory.org/uploads/screencaps/outlaw-star-E015-The-Seven-Emerge/cap_00-08-04_31f5.jpg,Outlaw Star Ep 15: The Seven Emerge @ 00:08:04,https://animehistory.org/gallery/screencaps/outlaw-star/episode-15/,https://animehistory.org/gallery/screencaps/outlaw-star/episode-15/?page=2,2,2026-10-07T01:49:46.718196+00:00,9a4fe3f5806c5d2824eab7ef6d8813b09e02fa637a66faa6e66a9c9c8b3d2e80,,UNVERIFIED
EP-15,The Seven Emerge,00:08:07,487,851834,https://animehistory.org/uploads/screencaps/outlaw-star-E015-The-Seven-Emerge/cap_00-08-07_1a36.jpg,Outlaw Star Ep 15: The Seven Emerge @ 00:08:07,https://animehistory.org/gallery/screencaps/outlaw-star/episode-15/,https://animehistory.org/gallery/screencaps/outlaw-star/episode-15/?page=2,2,2026-10-07T01:49:46.718196+00:00,9a4fe3f5806c5d2824eab7ef6d8813b09e02fa637a66faa6e66a9c9c8b3d2e80,,UNVERIFIED
EP-15,The Seven Emerge,00:08:11,491,851835,https://animehistory.org/uploads/screencaps/outlaw-star-E015-The-Seven-Emerge/cap_00-08-11_3e27.jpg,Outlaw Star Ep 15: The Seven Emerge @ 00:08:11,https://animehistory.org/gallery/screencaps/outlaw-star/episode-15/,https://animehistory.org/gallery/screencaps/outlaw-star/episode-15/?page=2,2,2026-10-07T01:49:46.718196+00:00,9a4fe3f5806c5d2824eab7ef6d8813b09e02fa637a66faa6e66a9c9c8b3d2e80,,UNVERIFIED
EP-15,The Seven Emerge,00:08:15,495,851836,https://animehistory.org/uploads/screencaps/outlaw-star-E015-The-Seven-Emerge/cap_00-08-15_13c6.jpg,Outlaw Star Ep 15: The Seven Emerge @ 00:08:15,https://animehistory.org/gallery/screencaps/outlaw-star/episode-15/,https://animehistory.org/gallery/screencaps/outlaw-star/episode-15/?page=2,2,2026-10-07T01:49:46.718196+00:00,9a4fe3f5806c5d2824eab7ef6d8813b09e02fa637a66faa6e66a9c9c8b3d2e80,,UNVERIFIED
EP-15,The Seven Emerge,00:08:18,498,851837,https://animehistory.org/uploads/screencaps/outlaw-star-E015-The-Seven-Emerge/cap_00-08-18_38b0.jpg,Outlaw Star Ep 15: The Seven Emerge @ 00:08:18,https://animehistory.org/gallery/screencaps/outlaw-star/episode-15/,https://animehistory.org/gallery/screencaps/outlaw-star/episode-15/?page=2,2,2026-10-07T01:49:46.718196+00:00,9a4fe3f5806c5d2824eab7ef6d8813b09e02fa637a66faa6e66a9c9c8b3d2e80,,UNVERIFIED
EP-15,The Seven Emerge,00:08:22,502,851838,https://animehistory.org/uploads/screencaps/outlaw-star-E015-The-Seven-Emerge/cap_00-08-22_79c2.jpg,Outlaw Star Ep 15: The Seven Emerge @ 00:08:22,https://animehistory.org/gallery/screencaps/outlaw-star/episode-15/,https://animehistory.org/gallery/screencaps/outlaw-star/episode-15/?page=2,2,2026-10-07T01:49:46.718196+00:00,9a4fe3f5806c5d2824eab7ef6d8813b09e02fa637a66faa6e66a9c9c8b3d2e80,,UNVERIFIED
EP-15,The Seven Emerge,00:08:26,506,851839,https://animehistory.org/uploads/screencaps/outlaw-star-E015-The-Seven-Emerge/cap_00-08-26_4738.jpg,Outlaw Star Ep 15: The Seven Emerge @ 00:08:26,https://animehistory.org/gallery/screencaps/outlaw-star/episode-15/,https://animehistory.org/gallery/screencaps/outlaw-star/episode-15/?page=2,2,2026-10-07T01:49:46.718196+00:00,9a4fe3f5806c5d2824eab7ef6d8813b09e02fa637a66faa6e66a9c9c8b3d2e80,,UNVERIFIED
EP-15,The Seven Emerge,00:08:29,509,851840,https://animehistory.org/uploads/screencaps/outlaw-star-E015-The-Seven-Emerge/cap_00-08-29_5fc7.jpg,Outlaw Star Ep 15: The Seven Emerge @ 00:08:29,https://animehistory.org/gallery/screencaps/outlaw-star/episode-15/,https://animehistory.org/gallery/screencaps/outlaw-star/episode-15/?page=2,2,2026-10-07T01:49:46.718196+00:00,9a4fe3f5806c5d2824eab7ef6d8813b09e02fa637a66faa6e66a9c9c8b3d2e80,,UNVERIFIED
EP-15,The Seven Emerge,00:08:33,513,851841,https://animehistory.org/uploads/screencaps/outlaw-star-E015-The-Seven-Emerge/cap_00-08-33_5550.jpg,Outlaw Star Ep 15: The Seven Emerge @ 00:08:33,https://animehistory.org/gallery/screencaps/outlaw-star/episode-15/,https://animehistory.org/gallery/screencaps/outlaw-star/episode-15/?page=2,2,2026-10-07T01:49:46.718196+00:00,9a4fe3f5806c5d2824eab7ef6d8813b09e02fa637a66faa6e66a9c9c8b3d2e80,,UNVERIFIED
EP-15,The Seven Emerge,00:08:37,517,851842,https://animehistory.org/uploads/screencaps/outlaw-star-E015-The-Seven-Emerge/cap_00-08-37_3ae8.jpg,Outlaw Star Ep 15: The Seven Emerge @ 00:08:37,https://animehistory.org/gallery/screencaps/outlaw-star/episode-15/,https://animehistory.org/gallery/screencaps/outlaw-star/episode-15/?page=2,2,2026-10-07T01:49:46.718196+00:00,9a4fe3f5806c5d2824eab7ef6d8813b09e02fa637a66faa6e66a9c9c8b3d2e80,,UNVERIFIED
EP-15,The Seven Emerge,00:08:40,520,851843,https://animehistory.org/uploads/screencaps/outlaw-star-E015-The-Seven-Emerge/cap_00-08-40_1143.jpg,Outlaw Star Ep 15: The Seven Emerge @ 00:08:40,https://animehistory.org/gallery/screencaps/outlaw-star/episode-15/,https://animehistory.org/gallery/screencaps/outlaw-star/episode-15/?page=2,2,2026-10-07T01:49:46.718196+00:00,9a4fe3f5806c5d2824eab7ef6d8813b09e02fa637a66faa6e66a9c9c8b3d2e80,,UNVERIFIED
EP-15,The Seven Emerge,00:08:44,524,851844,https://animehistory.org/uploads/screencaps/outlaw-star-E015-The-Seven-Emerge/cap_00-08-44_3457.jpg,Outlaw Star Ep 15: The Seven Emerge @ 00:08:44,https://animehistory.org/gallery/screencaps/outlaw-star/episode-15/,https://animehistory.org/gallery/screencaps/outlaw-star/episode-15/?page=2,2,2026-10-07T01:49:46.718196+00:00,9a4fe3f5806c5d2824eab7ef6d8813b09e02fa637a66faa6e66a9c9c8b3d2e80,,UNVERIFIED
EP-15,The Seven Emerge,00:08:48,528,851845,https://animehistory.org/uploads/screencaps/outlaw-star-E015-The-Seven-Emerge/cap_00-08-48_0bd4.jpg,Outlaw Star Ep 15: The Seven Emerge @ 00:08:48,https://animehistory.org/gallery/screencaps/outlaw-star/episode-15/,https://animehistory.org/gallery/screencaps/outlaw-star/episode-15/?page=2,2,2026-10-07T01:49:46.718196+00:00,9a4fe3f5806c5d2824eab7ef6d8813b09e02fa637a66faa6e66a9c9c8b3d2e80,,UNVERIFIED
EP-15,The Seven Emerge,00:08:51,531,851846,https://animehistory.org/uploads/screencaps/outlaw-star-E015-The-Seven-Emerge/cap_00-08-51_4e50.jpg,Outlaw Star Ep 15: The Seven Emerge @ 00:08:51,https://animehistory.org/gallery/screencaps/outlaw-star/episode-15/,https://animehistory.org/gallery/screencaps/outlaw-star/episode-15/?page=2,2,2026-10-07T01:49:46.718196+00:00,9a4fe3f5806c5d2824eab7ef6d8813b09e02fa637a66faa6e66a9c9c8b3d2e80,,UNVERIFIED
EP-15,The Seven Emerge,00:08:55,535,851847,https://animehistory.org/uploads/screencaps/outlaw-star-E015-The-Seven-Emerge/cap_00-08-55_7b7e.jpg,Outlaw Star Ep 15: The Seven Emerge @ 00:08:55,https://animehistory.org/gallery/screencaps/outlaw-star/episode-15/,https://animehistory.org/gallery/screencaps/outlaw-star/episode-15/?page=2,2,2026-10-07T01:49:46.718196+00:00,9a4fe3f5806c5d2824eab7ef6d8813b09e02fa637a66faa6e66a9c9c8b3d2e80,,UNVERIFIED
EP-15,The Seven Emerge,00:08:59,539,851848,https://animehistory.org/uploads/screencaps/outlaw-star-E015-The-Seven-Emerge/cap_00-08-59_6ea6.jpg,Outlaw Star Ep 15: The Seven Emerge @ 00:08:59,https://animehistory.org/gallery/screencaps/outlaw-star/episode-15/,https://animehistory.org/gallery/screencaps/outlaw-star/episode-15/?page=2,2,2026-10-07T01:49:46.718196+00:00,9a4fe3f5806c5d2824eab7ef6d8813b09e02fa637a66faa6e66a9c9c8b3d2e80,,UNVERIFIED
EP-15,The Seven Emerge,00:09:02,542,851849,https://animehistory.org/uploads/screencaps/outlaw-star-E015-The-Seven-Emerge/cap_00-09-02_69ec.jpg,Outlaw Star Ep 15: The Seven Emerge @ 00:09:02,https://animehistory.org/gallery/screencaps/outlaw-star/episode-15/,https://animehistory.org/gallery/screencaps/outlaw-star/episode-15/?page=2,2,2026-10-07T01:49:46.718196+00:00,9a4fe3f5806c5d2824eab7ef6d8813b09e02fa637a66faa6e66a9c9c8b3d2e80,,UNVERIFIED
EP-15,The Seven Emerge,00:09:06,546,851850,https://animehistory.org/uploads/screencaps/outlaw-star-E015-The-Seven-Emerge/cap_00-09-06_7381.jpg,Outlaw Star Ep 15: The Seven Emerge @ 00:09:06,https://animehistory.org/gallery/screencaps/outlaw-star/episode-15/,https://animehistory.org/gallery/screencaps/outlaw-star/episode-15/?page=2,2,2026-10-07T01:49:46.718196+00:00,9a4fe3f5806c5d2824eab7ef6d8813b09e02fa637a66faa6e66a9c9c8b3d2e80,,UNVERIFIED
EP-15,The Seven Emerge,00:09:10,550,851851,https://animehistory.org/uploads/screencaps/outlaw-star-E015-The-Seven-Emerge/cap_00-09-10_3c58.jpg,Outlaw Star Ep 15: The Seven Emerge @ 00:09:10,https://animehistory.org/gallery/screencaps/outlaw-star/episode-15/,https://animehistory.org/gallery/screencaps/outlaw-star/episode-15/?page=2,2,2026-10-07T01:49:46.718196+00:00,9a4fe3f5806c5d2824eab7ef6d8813b09e02fa637a66faa6e66a9c9c8b3d2e80,,UNVERIFIED
EP-15,The Seven Emerge,00:09:13,553,851852,https://animehistory.org/uploads/screencaps/outlaw-star-E015-The-Seven-Emerge/cap_00-09-13_6778.jpg,Outlaw Star Ep 15: The Seven Emerge @ 00:09:13,https://animehistory.org/gallery/screencaps/outlaw-star/episode-15/,https://animehistory.org/gallery/screencaps/outlaw-star/episode-15/?page=2,2,2026-10-07T01:49:46.718196+00:00,9a4fe3f5806c5d2824eab7ef6d8813b09e02fa637a66faa6e66a9c9c8b3d2e80,,UNVERIFIED
EP-15,The Seven Emerge,00:09:17,557,851853,https://animehistory.org/uploads/screencaps/outlaw-star-E015-The-Seven-Emerge/cap_00-09-17_10dd.jpg,Outlaw Star Ep 15: The Seven Emerge @ 00:09:17,https://animehistory.org/gallery/screencaps/outlaw-star/episode-15/,https://animehistory.org/gallery/screencaps/outlaw-star/episode-15/?page=2,2,2026-10-07T01:49:46.718196+00:00,9a4fe3f5806c5d2824eab7ef6d8813b09e02fa637a66faa6e66a9c9c8b3d2e80,,UNVERIFIED
EP-15,The Seven Emerge,00:09:21,561,851854,https://animehistory.org/uploads/screencaps/outlaw-star-E015-The-Seven-Emerge/cap_00-09-21_127d.jpg,Outlaw Star Ep 15: The Seven Emerge @ 00:09:21,https://animehistory.org/gallery/screencaps/outlaw-star/episode-15/,https://animehistory.org/gallery/screencaps/outlaw-star/episode-15/?page=2,2,2026-10-07T01:49:46.718196+00:00,9a4fe3f5806c5d2824eab7ef6d8813b09e02fa637a66faa6e66a9c9c8b3d2e80,,UNVERIFIED
EP-15,The Seven Emerge,00:09:24,564,851855,https://animehistory.org/uploads/screencaps/outlaw-star-E015-The-Seven-Emerge/cap_00-09-24_4b51.jpg,Outlaw Star Ep 15: The Seven Emerge @ 00:09:24,https://animehistory.org/gallery/screencaps/outlaw-star/episode-15/,https://animehistory.org/gallery/screencaps/outlaw-star/episode-15/?page=2,2,2026-10-07T01:49:46.718196+00:00,9a4fe3f5806c5d2824eab7ef6d8813b09e02fa637a66faa6e66a9c9c8b3d2e80,,UNVERIFIED
EP-15,The Seven Emerge,00:09:28,568,851856,https://animehistory.org/uploads/screencaps/outlaw-star-E015-The-Seven-Emerge/cap_00-09-28_6ddf.jpg,Outlaw Star Ep 15: The Seven Emerge @ 00:09:28,https://animehistory.org/gallery/screencaps/outlaw-star/episode-15/,https://animehistory.org/gallery/screencaps/outlaw-star/episode-15/?page=2,2,2026-10-07T01:49:46.718196+00:00,9a4fe3f5806c5d2824eab7ef6d8813b09e02fa637a66faa6e66a9c9c8b3d2e80,,UNVERIFIED
EP-15,The Seven Emerge,00:09:32,572,851857,https://animehistory.org/uploads/screencaps/outlaw-star-E015-The-Seven-Emerge/cap_00-09-32_27ea.jpg,Outlaw Star Ep 15: The Seven Emerge @ 00:09:32,https://animehistory.org/gallery/screencaps/outlaw-star/episode-15/,https://animehistory.org/gallery/screencaps/outlaw-star/episode-15/?page=2,2,2026-10-07T01:49:46.718196+00:00,9a4fe3f5806c5d2824eab7ef6d8813b09e02fa637a66faa6e66a9c9c8b3d2e80,,UNVERIFIED
EP-15,The Seven Emerge,00:09:35,575,851858,https://animehistory.org/uploads/screencaps/outlaw-star-E015-The-Seven-Emerge/cap_00-09-35_4a1a.jpg,Outlaw Star Ep 15: The Seven Emerge @ 00:09:35,https://animehistory.org/gallery/screencaps/outlaw-star/episode-15/,https://animehistory.org/gallery/screencaps/outlaw-star/episode-15/?page=2,2,2026-10-07T01:49:46.718196+00:00,9a4fe3f5806c5d2824eab7ef6d8813b09e02fa637a66faa6e66a9c9c8b3d2e80,,UNVERIFIED
EP-15,The Seven Emerge,00:09:39,579,851859,https://animehistory.org/uploads/screencaps/outlaw-star-E015-The-Seven-Emerge/cap_00-09-39_322f.jpg,Outlaw Star Ep 15: The Seven Emerge @ 00:09:39,https://animehistory.org/gallery/screencaps/outlaw-star/episode-15/,https://animehistory.org/gallery/screencaps/outlaw-star/episode-15/?page=2,2,2026-10-07T01:49:46.718196+00:00,9a4fe3f5806c5d2824eab7ef6d8813b09e02fa637a66faa6e66a9c9c8b3d2e80,,UNVERIFIED
EP-15,The Seven Emerge,00:09:43,583,851860,https://animehistory.org/uploads/screencaps/outlaw-star-E015-The-Seven-Emerge/cap_00-09-43_41bd.jpg,Outlaw Star Ep 15: The Seven Emerge @ 00:09:43,https://animehistory.org/gallery/screencaps/outlaw-star/episode-15/,https://animehistory.org/gallery/screencaps/outlaw-star/episode-15/?page=2,2,2026-10-07T01:49:46.718196+00:00,9a4fe3f5806c5d2824eab7ef6d8813b09e02fa637a66faa6e66a9c9c8b3d2e80,,UNVERIFIED
EP-15,The Seven Emerge,00:09:46,586,851861,https://animehistory.org/uploads/screencaps/outlaw-star-E015-The-Seven-Emerge/cap_00-09-46_1a3f.jpg,Outlaw Star Ep 15: The Seven Emerge @ 00:09:46,https://animehistory.org/gallery/screencaps/outlaw-star/episode-15/,https://animehistory.org/gallery/screencaps/outlaw-star/episode-15/?page=2,2,2026-10-07T01:49:46.718196+00:00,9a4fe3f5806c5d2824eab7ef6d8813b09e02fa637a66faa6e66a9c9c8b3d2e80,,UNVERIFIED
EP-15,The Seven Emerge,00:09:50,590,851862,https://animehistory.org/uploads/screencaps/outlaw-star-E015-The-Seven-Emerge/cap_00-09-50_6d72.jpg,Outlaw Star Ep 15: The Seven Emerge @ 00:09:50,https://animehistory.org/gallery/screencaps/outlaw-star/episode-15/,https://animehistory.org/gallery/screencaps/outlaw-star/episode-15/?page=2,2,2026-10-07T01:49:46.718196+00:00,9a4fe3f5806c5d2824eab7ef6d8813b09e02fa637a66faa6e66a9c9c8b3d2e80,,UNVERIFIED
EP-15,The Seven Emerge,00:09:53,593,851863,https://animehistory.org/uploads/screencaps/outlaw-star-E015-The-Seven-Emerge/cap_00-09-53_7b2a.jpg,Outlaw Star Ep 15: The Seven Emerge @ 00:09:53,https://animehistory.org/gallery/screencaps/outlaw-star/episode-15/,https://animehistory.org/gallery/screencaps/outlaw-star/episode-15/?page=2,2,2026-10-07T01:49:46.718196+00:00,9a4fe3f5806c5d2824eab7ef6d8813b09e02fa637a66faa6e66a9c9c8b3d2e80,,UNVERIFIED
EP-15,The Seven Emerge,00:09:57,597,851864,https://animehistory.org/uploads/screencaps/outlaw-star-E015-The-Seven-Emerge/cap_00-09-57_64b0.jpg,Outlaw Star Ep 15: The Seven Emerge @ 00:09:57,https://animehistory.org/gallery/screencaps/outlaw-star/episode-15/,https://animehistory.org/gallery/screencaps/outlaw-star/episode-15/?page=2,2,2026-10-07T01:49:46.718196+00:00,9a4fe3f5806c5d2824eab7ef6d8813b09e02fa637a66faa6e66a9c9c8b3d2e80,,UNVERIFIED
EP-15,The Seven Emerge,00:10:01,601,851865,https://animehistory.org/uploads/screencaps/outlaw-star-E015-The-Seven-Emerge/cap_00-10-01_54d1.jpg,Outlaw Star Ep 15: The Seven Emerge @ 00:10:01,https://animehistory.org/gallery/screencaps/outlaw-star/episode-15/,https://animehistory.org/gallery/screencaps/outlaw-star/episode-15/?page=2,2,2026-10-07T01:49:46.718196+00:00,9a4fe3f5806c5d2824eab7ef6d8813b09e02fa637a66faa6e66a9c9c8b3d2e80,,UNVERIFIED
EP-15,The Seven Emerge,00:10:04,604,851866,https://animehistory.org/uploads/screencaps/outlaw-star-E015-The-Seven-Emerge/cap_00-10-04_48a1.jpg,Outlaw Star Ep 15: The Seven Emerge @ 00:10:04,https://animehistory.org/gallery/screencaps/outlaw-star/episode-15/,https://animehistory.org/gallery/screencaps/outlaw-star/episode-15/?page=2,2,2026-10-07T01:49:46.718196+00:00,9a4fe3f5806c5d2824eab7ef6d8813b09e02fa637a66faa6e66a9c9c8b3d2e80,,UNVERIFIED
EP-15,The Seven Emerge,00:10:08,608,851867,https://animehistory.org/uploads/screencaps/outlaw-star-E015-The-Seven-Emerge/cap_00-10-08_60f3.jpg,Outlaw Star Ep 15: The Seven Emerge @ 00:10:08,https://animehistory.org/gallery/screencaps/outlaw-star/episode-15/,https://animehistory.org/gallery/screencaps/outlaw-star/episode-15/?page=2,2,2026-10-07T01:49:46.718196+00:00,9a4fe3f5806c5d2824eab7ef6d8813b09e02fa637a66faa6e66a9c9c8b3d2e80,,UNVERIFIED
EP-15,The Seven Emerge,00:10:12,612,851868,https://animehistory.org/uploads/screencaps/outlaw-star-E015-The-Seven-Emerge/cap_00-10-12_51eb.jpg,Outlaw Star Ep 15: The Seven Emerge @ 00:10:12,https://animehistory.org/gallery/screencaps/outlaw-star/episode-15/,https://animehistory.org/gallery/screencaps/outlaw-star/episode-15/?page=2,2,2026-10-07T01:49:46.718196+00:00,9a4fe3f5806c5d2824eab7ef6d8813b09e02fa637a66faa6e66a9c9c8b3d2e80,,UNVERIFIED
EP-15,The Seven Emerge,00:10:15,615,851869,https://animehistory.org/uploads/screencaps/outlaw-star-E015-The-Seven-Emerge/cap_00-10-15_5085.jpg,Outlaw Star Ep 15: The Seven Emerge @ 00:10:15,https://animehistory.org/gallery/screencaps/outlaw-star/episode-15/,https://animehistory.org/gallery/screencaps/outlaw-star/episode-15/?page=2,2,2026-10-07T01:49:46.718196+00:00,9a4fe3f5806c5d2824eab7ef6d8813b09e02fa637a66faa6e66a9c9c8b3d2e80,,UNVERIFIED
EP-15,The Seven Emerge,00:10:19,619,851870,https://animehistory.org/uploads/screencaps/outlaw-star-E015-The-Seven-Emerge/cap_00-10-19_1dc9.jpg,Outlaw Star Ep 15: The Seven Emerge @ 00:10:19,https://animehistory.org/gallery/screencaps/outlaw-star/episode-15/,https://animehistory.org/gallery/screencaps/outlaw-star/episode-15/?page=2,2,2026-10-07T01:49:46.718196+00:00,9a4fe3f5806c5d2824eab7ef6d8813b09e02fa637a66faa6e66a9c9c8b3d2e80,,UNVERIFIED
EP-15,The Seven Emerge,00:10:23,623,851871,https://animehistory.org/uploads/screencaps/outlaw-star-E015-The-Seven-Emerge/cap_00-10-23_313e.jpg,Outlaw Star Ep 15: The Seven Emerge @ 00:10:23,https://animehistory.org/gallery/screencaps/outlaw-star/episode-15/,https://animehistory.org/gallery/screencaps/outlaw-star/episode-15/?page=2,2,2026-10-07T01:49:46.718196+00:00,9a4fe3f5806c5d2824eab7ef6d8813b09e02fa637a66faa6e66a9c9c8b3d2e80,,UNVERIFIED
EP-15,The Seven Emerge,00:10:26,626,851872,https://animehistory.org/uploads/screencaps/outlaw-star-E015-The-Seven-Emerge/cap_00-10-26_1e2d.jpg,Outlaw Star Ep 15: The Seven Emerge @ 00:10:26,https://animehistory.org/gallery/screencaps/outlaw-star/episode-15/,https://animehistory.org/gallery/screencaps/outlaw-star/episode-15/?page=2,2,2026-10-07T01:49:46.718196+00:00,9a4fe3f5806c5d2824eab7ef6d8813b09e02fa637a66faa6e66a9c9c8b3d2e80,,UNVERIFIED
EP-15,The Seven Emerge,00:10:30,630,851873,https://animehistory.org/uploads/screencaps/outlaw-star-E015-The-Seven-Emerge/cap_00-10-30_32fb.jpg,Outlaw Star Ep 15: The Seven Emerge @ 00:10:30,https://animehistory.org/gallery/screencaps/outlaw-star/episode-15/,https://animehistory.org/gallery/screencaps/outlaw-star/episode-15/?page=2,2,2026-10-07T01:49:46.718196+00:00,9a4fe3f5806c5d2824eab7ef6d8813b09e02fa637a66faa6e66a9c9c8b3d2e80,,UNVERIFIED
EP-15,The Seven Emerge,00:10:34,634,851874,https://animehistory.org/uploads/screencaps/outlaw-star-E015-The-Seven-Emerge/cap_00-10-34_5278.jpg,Outlaw Star Ep 15: The Seven Emerge @ 00:10:34,https://animehistory.org/gallery/screencaps/outlaw-star/episode-15/,https://animehistory.org/gallery/screencaps/outlaw-star/episode-15/?page=2,2,2026-10-07T01:49:46.718196+00:00,9a4fe3f5806c5d2824eab7ef6d8813b09e02fa637a66faa6e66a9c9c8b3d2e80,,UNVERIFIED
EP-15,The Seven Emerge,00:10:37,637,851875,https://animehistory.org/uploads/screencaps/outlaw-star-E015-The-Seven-Emerge/cap_00-10-37_1c79.jpg,Outlaw Star Ep 15: The Seven Emerge @ 00:10:37,https://animehistory.org/gallery/screencaps/outlaw-star/episode-15/,https://animehistory.org/gallery/screencaps/outlaw-star/episode-15/?page=2,2,2026-10-07T01:49:46.718196+00:00,9a4fe3f5806c5d2824eab7ef6d8813b09e02fa637a66faa6e66a9c9c8b3d2e80,,UNVERIFIED
EP-15,The Seven Emerge,00:10:41,641,851876,https://animehistory.org/uploads/screencaps/outlaw-star-E015-The-Seven-Emerge/cap_00-10-41_6c6a.jpg,Outlaw Star Ep 15: The Seven Emerge @ 00:10:41,https://animehistory.org/gallery/screencaps/outlaw-star/episode-15/,https://animehistory.org/gallery/screencaps/outlaw-star/episode-15/?page=2,2,2026-10-07T01:49:46.718196+00:00,9a4fe3f5806c5d2824eab7ef6d8813b09e02fa637a66faa6e66a9c9c8b3d2e80,,UNVERIFIED
EP-15,The Seven Emerge,00:10:45,645,851877,https://animehistory.org/uploads/screencaps/outlaw-star-E015-The-Seven-Emerge/cap_00-10-45_71fc.jpg,Outlaw Star Ep 15: The Seven Emerge @ 00:10:45,https://animehistory.org/gallery/screencaps/outlaw-star/episode-15/,https://animehistory.org/gallery/screencaps/outlaw-star/episode-15/?page=2,2,2026-10-07T01:49:46.718196+00:00,9a4fe3f5806c5d2824eab7ef6d8813b09e02fa637a66faa6e66a9c9c8b3d2e80,,UNVERIFIED
EP-15,The Seven Emerge,00:10:48,648,851878,https://animehistory.org/uploads/screencaps/outlaw-star-E015-The-Seven-Emerge/cap_00-10-48_75cb.jpg,Outlaw Star Ep 15: The Seven Emerge @ 00:10:48,https://animehistory.org/gallery/screencaps/outlaw-star/episode-15/,https://animehistory.org/gallery/screencaps/outlaw-star/episode-15/?page=2,2,2026-10-07T01:49:46.718196+00:00,9a4fe3f5806c5d2824eab7ef6d8813b09e02fa637a66faa6e66a9c9c8b3d2e80,,UNVERIFIED
EP-15,The Seven Emerge,00:10:52,652,851879,https://animehistory.org/uploads/screencaps/outlaw-star-E015-The-Seven-Emerge/cap_00-10-52_487c.jpg,Outlaw Star Ep 15: The Seven Emerge @ 00:10:52,https://animehistory.org/gallery/screencaps/outlaw-star/episode-15/,https://animehistory.org/gallery/screencaps/outlaw-star/episode-15/?page=2,2,2026-10-07T01:49:46.718196+00:00,9a4fe3f5806c5d2824eab7ef6d8813b09e02fa637a66faa6e66a9c9c8b3d2e80,,UNVERIFIED
EP-15,The Seven Emerge,00:10:56,656,851880,https://animehistory.org/uploads/screencaps/outlaw-star-E015-The-Seven-Emerge/cap_00-10-56_1df3.jpg,Outlaw Star Ep 15: The Seven Emerge @ 00:10:56,https://animehistory.org/gallery/screencaps/outlaw-star/episode-15/,https://animehistory.org/gallery/screencaps/outlaw-star/episode-15/?page=2,2,2026-10-07T01:49:46.718196+00:00,9a4fe3f5806c5d2824eab7ef6d8813b09e02fa637a66faa6e66a9c9c8b3d2e80,,UNVERIFIED
EP-15,The Seven Emerge,00:10:59,659,851881,https://animehistory.org/uploads/screencaps/outlaw-star-E015-The-Seven-Emerge/cap_00-10-59_5d48.jpg,Outlaw Star Ep 15: The Seven Emerge @ 00:10:59,https://animehistory.org/gallery/screencaps/outlaw-star/episode-15/,https://animehistory.org/gallery/screencaps/outlaw-star/episode-15/?page=2,2,2026-10-07T01:49:46.718196+00:00,9a4fe3f5806c5d2824eab7ef6d8813b09e02fa637a66faa6e66a9c9c8b3d2e80,,UNVERIFIED
EP-15,The Seven Emerge,00:11:03,663,851882,https://animehistory.org/uploads/screencaps/outlaw-star-E015-The-Seven-Emerge/cap_00-11-03_70eb.jpg,Outlaw Star Ep 15: The Seven Emerge @ 00:11:03,https://animehistory.org/gallery/screencaps/outlaw-star/episode-15/,https://animehistory.org/gallery/screencaps/outlaw-star/episode-15/?page=2,2,2026-10-07T01:49:46.718196+00:00,9a4fe3f5806c5d2824eab7ef6d8813b09e02fa637a66faa6e66a9c9c8b3d2e80,,UNVERIFIED
EP-15,The Seven Emerge,00:11:07,667,851883,https://animehistory.org/uploads/screencaps/outlaw-star-E015-The-Seven-Emerge/cap_00-11-07_0cb0.jpg,Outlaw Star Ep 15: The Seven Emerge @ 00:11:07,https://animehistory.org/gallery/screencaps/outlaw-star/episode-15/,https://animehistory.org/gallery/screencaps/outlaw-star/episode-15/?page=2,2,2026-10-07T01:49:46.718196+00:00,9a4fe3f5806c5d2824eab7ef6d8813b09e02fa637a66faa6e66a9c9c8b3d2e80,,UNVERIFIED
EP-15,The Seven Emerge,00:11:10,670,851884,https://animehistory.org/uploads/screencaps/outlaw-star-E015-The-Seven-Emerge/cap_00-11-10_56c7.jpg,Outlaw Star Ep 15: The Seven Emerge @ 00:11:10,https://animehistory.org/gallery/screencaps/outlaw-star/episode-15/,https://animehistory.org/gallery/screencaps/outlaw-star/episode-15/?page=2,2,2026-10-07T01:49:46.718196+00:00,9a4fe3f5806c5d2824eab7ef6d8813b09e02fa637a66faa6e66a9c9c8b3d2e80,,UNVERIFIED
EP-15,The Seven Emerge,00:11:14,674,851885,https://animehistory.org/uploads/screencaps/outlaw-star-E015-The-Seven-Emerge/cap_00-11-14_5c0f.jpg,Outlaw Star Ep 15: The Seven Emerge @ 00:11:14,https://animehistory.org/gallery/screencaps/outlaw-star/episode-15/,https://animehistory.org/gallery/screencaps/outlaw-star/episode-15/?page=2,2,2026-10-07T01:49:46.718196+00:00,9a4fe3f5806c5d2824eab7ef6d8813b09e02fa637a66faa6e66a9c9c8b3d2e80,,UNVERIFIED
EP-15,The Seven Emerge,00:11:18,678,851886,https://animehistory.org/uploads/screencaps/outlaw-star-E015-The-Seven-Emerge/cap_00-11-18_75dd.jpg,Outlaw Star Ep 15: The Seven Emerge @ 00:11:18,https://animehistory.org/gallery/screencaps/outlaw-star/episode-15/,https://animehistory.org/gallery/screencaps/outlaw-star/episode-15/?page=2,2,2026-10-07T01:49:46.718196+00:00,9a4fe3f5806c5d2824eab7ef6d8813b09e02fa637a66faa6e66a9c9c8b3d2e80,,UNVERIFIED
EP-15,The Seven Emerge,00:11:21,681,851887,https://animehistory.org/uploads/screencaps/outlaw-star-E015-The-Seven-Emerge/cap_00-11-21_0b5c.jpg,Outlaw Star Ep 15: The Seven Emerge @ 00:11:21,https://animehistory.org/gallery/screencaps/outlaw-star/episode-15/,https://animehistory.org/gallery/screencaps/outlaw-star/episode-15/?page=2,2,2026-10-07T01:49:46.718196+00:00,9a4fe3f5806c5d2824eab7ef6d8813b09e02fa637a66faa6e66a9c9c8b3d2e80,,UNVERIFIED
EP-15,The Seven Emerge,00:11:25,685,851888,https://animehistory.org/uploads/screencaps/outlaw-star-E015-The-Seven-Emerge/cap_00-11-25_61f5.jpg,Outlaw Star Ep 15: The Seven Emerge @ 00:11:25,https://animehistory.org/gallery/screencaps/outlaw-star/episode-15/,https://animehistory.org/gallery/screencaps/outlaw-star/episode-15/?page=2,2,2026-10-07T01:49:46.718196+00:00,9a4fe3f5806c5d2824eab7ef6d8813b09e02fa637a66faa6e66a9c9c8b3d2e80,,UNVERIFIED
EP-15,The Seven Emerge,00:11:29,689,851889,https://animehistory.org/uploads/screencaps/outlaw-star-E015-The-Seven-Emerge/cap_00-11-29_0a4f.jpg,Outlaw Star Ep 15: The Seven Emerge @ 00:11:29,https://animehistory.org/gallery/screencaps/outlaw-star/episode-15/,https://animehistory.org/gallery/screencaps/outlaw-star/episode-15/?page=2,2,2026-10-07T01:49:46.718196+00:00,9a4fe3f5806c5d2824eab7ef6d8813b09e02fa637a66faa6e66a9c9c8b3d2e80,,UNVERIFIED
EP-15,The Seven Emerge,00:11:32,692,851890,https://animehistory.org/uploads/screencaps/outlaw-star-E015-The-Seven-Emerge/cap_00-11-32_295d.jpg,Outlaw Star Ep 15: The Seven Emerge @ 00:11:32,https://animehistory.org/gallery/screencaps/outlaw-star/episode-15/,https://animehistory.org/gallery/screencaps/outlaw-star/episode-15/?page=2,2,2026-10-07T01:49:46.718196+00:00,9a4fe3f5806c5d2824eab7ef6d8813b09e02fa637a66faa6e66a9c9c8b3d2e80,,UNVERIFIED
EP-15,The Seven Emerge,00:11:36,696,851891,https://animehistory.org/uploads/screencaps/outlaw-star-E015-The-Seven-Emerge/cap_00-11-36_389b.jpg,Outlaw Star Ep 15: The Seven Emerge @ 00:11:36,https://animehistory.org/gallery/screencaps/outlaw-star/episode-15/,https://animehistory.org/gallery/screencaps/outlaw-star/episode-15/?page=2,2,2026-10-07T01:49:46.718196+00:00,9a4fe3f5806c5d2824eab7ef6d8813b09e02fa637a66faa6e66a9c9c8b3d2e80,,UNVERIFIED
EP-15,The Seven Emerge,00:11:40,700,851892,https://animehistory.org/uploads/screencaps/outlaw-star-E015-The-Seven-Emerge/cap_00-11-40_79c2.jpg,Outlaw Star Ep 15: The Seven Emerge @ 00:11:40,https://animehistory.org/gallery/screencaps/outlaw-star/episode-15/,https://animehistory.org/gallery/screencaps/outlaw-star/episode-15/?page=2,2,2026-10-07T01:49:46.718196+00:00,9a4fe3f5806c5d2824eab7ef6d8813b09e02fa637a66faa6e66a9c9c8b3d2e80,,UNVERIFIED
EP-15,The Seven Emerge,00:11:43,703,851893,https://animehistory.org/uploads/screencaps/outlaw-star-E015-The-Seven-Emerge/cap_00-11-43_2a96.jpg,Outlaw Star Ep 15: The Seven Emerge @ 00:11:43,https://animehistory.org/gallery/screencaps/outlaw-star/episode-15/,https://animehistory.org/gallery/screencaps/outlaw-star/episode-15/?page=2,2,2026-10-07T01:49:46.718196+00:00,9a4fe3f5806c5d2824eab7ef6d8813b09e02fa637a66faa6e66a9c9c8b3d2e80,,UNVERIFIED
EP-15,The Seven Emerge,00:11:47,707,851894,https://animehistory.org/uploads/screencaps/outlaw-star-E015-The-Seven-Emerge/cap_00-11-47_0dd9.jpg,Outlaw Star Ep 15: The Seven Emerge @ 00:11:47,https://animehistory.org/gallery/screencaps/outlaw-star/episode-15/,https://animehistory.org/gallery/screencaps/outlaw-star/episode-15/?page=2,2,2026-10-07T01:49:46.718196+00:00,9a4fe3f5806c5d2824eab7ef6d8813b09e02fa637a66faa6e66a9c9c8b3d2e80,,UNVERIFIED
EP-15,The Seven Emerge,00:11:51,711,851895,https://animehistory.org/uploads/screencaps/outlaw-star-E015-The-Seven-Emerge/cap_00-11-51_559e.jpg,Outlaw Star Ep 15: The Seven Emerge @ 00:11:51,https://animehistory.org/gallery/screencaps/outlaw-star/episode-15/,https://animehistory.org/gallery/screencaps/outlaw-star/episode-15/?page=2,2,2026-10-07T01:49:46.718196+00:00,9a4fe3f5806c5d2824eab7ef6d8813b09e02fa637a66faa6e66a9c9c8b3d2e80,,UNVERIFIED
EP-15,The Seven Emerge,00:11:54,714,851896,https://animehistory.org/uploads/screencaps/outlaw-star-E015-The-Seven-Emerge/cap_00-11-54_53ea.jpg,Outlaw Star Ep 15: The Seven Emerge @ 00:11:54,https://animehistory.org/gallery/screencaps/outlaw-star/episode-15/,https://animehistory.org/gallery/screencaps/outlaw-star/episode-15/?page=2,2,2026-10-07T01:49:46.718196+00:00,9a4fe3f5806c5d2824eab7ef6d8813b09e02fa637a66faa6e66a9c9c8b3d2e80,,UNVERIFIED
EP-15,The Seven Emerge,00:11:58,718,851897,https://animehistory.org/uploads/screencaps/outlaw-star-E015-The-Seven-Emerge/cap_00-11-58_4dff.jpg,Outlaw Star Ep 15: The Seven Emerge @ 00:11:58,https://animehistory.org/gallery/screencaps/outlaw-star/episode-15/,https://animehistory.org/gallery/screencaps/outlaw-star/episode-15/?page=2,2,2026-10-07T01:49:46.718196+00:00,9a4fe3f5806c5d2824eab7ef6d8813b09e02fa637a66faa6e66a9c9c8b3d2e80,,UNVERIFIED
EP-15,The Seven Emerge,00:12:02,722,851898,https://animehistory.org/uploads/screencaps/outlaw-star-E015-The-Seven-Emerge/cap_00-12-02_70cd.jpg,Outlaw Star Ep 15: The Seven Emerge @ 00:12:02,https://animehistory.org/gallery/screencaps/outlaw-star/episode-15/,https://animehistory.org/gallery/screencaps/outlaw-star/episode-15/?page=2,2,2026-10-07T01:49:46.718196+00:00,9a4fe3f5806c5d2824eab7ef6d8813b09e02fa637a66faa6e66a9c9c8b3d2e80,,UNVERIFIED
EP-15,The Seven Emerge,00:12:05,725,851899,https://animehistory.org/uploads/screencaps/outlaw-star-E015-The-Seven-Emerge/cap_00-12-05_4f19.jpg,Outlaw Star Ep 15: The Seven Emerge @ 00:12:05,https://animehistory.org/gallery/screencaps/outlaw-star/episode-15/,https://animehistory.org/gallery/screencaps/outlaw-star/episode-15/?page=2,2,2026-10-07T01:49:46.718196+00:00,9a4fe3f5806c5d2824eab7ef6d8813b09e02fa637a66faa6e66a9c9c8b3d2e80,,UNVERIFIED
EP-15,The Seven Emerge,00:12:09,729,851900,https://animehistory.org/uploads/screencaps/outlaw-star-E015-The-Seven-Emerge/cap_00-12-09_0f93.jpg,Outlaw Star Ep 15: The Seven Emerge @ 00:12:09,https://animehistory.org/gallery/screencaps/outlaw-star/episode-15/,https://animehistory.org/gallery/screencaps/outlaw-star/episode-15/?page=2,2,2026-10-07T01:49:46.718196+00:00,9a4fe3f5806c5d2824eab7ef6d8813b09e02fa637a66faa6e66a9c9c8b3d2e80,,UNVERIFIED
EP-15,The Seven Emerge,00:12:13,733,851901,https://animehistory.org/uploads/screencaps/outlaw-star-E015-The-Seven-Emerge/cap_00-12-13_7789.jpg,Outlaw Star Ep 15: The Seven Emerge @ 00:12:13,https://animehistory.org/gallery/screencaps/outlaw-star/episode-15/,https://animehistory.org/gallery/screencaps/outlaw-star/episode-15/?page=2,2,2026-10-07T01:49:46.718196+00:00,9a4fe3f5806c5d2824eab7ef6d8813b09e02fa637a66faa6e66a9c9c8b3d2e80,,UNVERIFIED
EP-15,The Seven Emerge,00:12:16,736,851902,https://animehistory.org/uploads/screencaps/outlaw-star-E015-The-Seven-Emerge/cap_00-12-16_6ba0.jpg,Outlaw Star Ep 15: The Seven Emerge @ 00:12:16,https://animehistory.org/gallery/screencaps/outlaw-star/episode-15/,https://animehistory.org/gallery/screencaps/outlaw-star/episode-15/?page=2,2,2026-10-07T01:49:46.718196+00:00,9a4fe3f5806c5d2824eab7ef6d8813b09e02fa637a66faa6e66a9c9c8b3d2e80,,UNVERIFIED
EP-15,The Seven Emerge,00:12:20,740,851903,https://animehistory.org/uploads/screencaps/outlaw-star-E015-The-Seven-Emerge/cap_00-12-20_4995.jpg,Outlaw Star Ep 15: The Seven Emerge @ 00:12:20,https://animehistory.org/gallery/screencaps/outlaw-star/episode-15/,https://animehistory.org/gallery/screencaps/outlaw-star/episode-15/?page=2,2,2026-10-07T01:49:46.718196+00:00,9a4fe3f5806c5d2824eab7ef6d8813b09e02fa637a66faa6e66a9c9c8b3d2e80,,UNVERIFIED
EP-15,The Seven Emerge,00:12:24,744,851904,https://animehistory.org/uploads/screencaps/outlaw-star-E015-The-Seven-Emerge/cap_00-12-24_56a3.jpg,Outlaw Star Ep 15: The Seven Emerge @ 00:12:24,https://animehistory.org/gallery/screencaps/outlaw-star/episode-15/,https://animehistory.org/gallery/screencaps/outlaw-star/episode-15/?page=2,2,2026-10-07T01:49:46.718196+00:00,9a4fe3f5806c5d2824eab7ef6d8813b09e02fa637a66faa6e66a9c9c8b3d2e80,,UNVERIFIED
EP-15,The Seven Emerge,00:12:27,747,851905,https://animehistory.org/uploads/screencaps/outlaw-star-E015-The-Seven-Emerge/cap_00-12-27_3026.jpg,Outlaw Star Ep 15: The Seven Emerge @ 00:12:27,https://animehistory.org/gallery/screencaps/outlaw-star/episode-15/,https://animehistory.org/gallery/screencaps/outlaw-star/episode-15/?page=2,2,2026-10-07T01:49:46.718196+00:00,9a4fe3f5806c5d2824eab7ef6d8813b09e02fa637a66faa6e66a9c9c8b3d2e80,,UNVERIFIED
EP-15,The Seven Emerge,00:12:31,751,851906,https://animehistory.org/uploads/screencaps/outlaw-star-E015-The-Seven-Emerge/cap_00-12-31_7b82.jpg,Outlaw Star Ep 15: The Seven Emerge @ 00:12:31,https://animehistory.org/gallery/screencaps/outlaw-star/episode-15/,https://animehistory.org/gallery/screencaps/outlaw-star/episode-15/?page=2,2,2026-10-07T01:49:46.718196+00:00,9a4fe3f5806c5d2824eab7ef6d8813b09e02fa637a66faa6e66a9c9c8b3d2e80,,UNVERIFIED
EP-15,The Seven Emerge,00:12:34,754,851907,https://animehistory.org/uploads/screencaps/outlaw-star-E015-The-Seven-Emerge/cap_00-12-34_4ada.jpg,Outlaw Star Ep 15: The Seven Emerge @ 00:12:34,https://animehistory.org/gallery/screencaps/outlaw-star/episode-15/,https://animehistory.org/gallery/screencaps/outlaw-star/episode-15/?page=2,2,2026-10-07T01:49:46.718196+00:00,9a4fe3f5806c5d2824eab7ef6d8813b09e02fa637a66faa6e66a9c9c8b3d2e80,,UNVERIFIED
EP-15,The Seven Emerge,00:12:38,758,851908,https://animehistory.org/uploads/screencaps/outlaw-star-E015-The-Seven-Emerge/cap_00-12-38_7515.jpg,Outlaw Star Ep 15: The Seven Emerge @ 00:12:38,https://animehistory.org/gallery/screencaps/outlaw-star/episode-15/,https://animehistory.org/gallery/screencaps/outlaw-star/episode-15/?page=2,2,2026-10-07T01:49:46.718196+00:00,9a4fe3f5806c5d2824eab7ef6d8813b09e02fa637a66faa6e66a9c9c8b3d2e80,,UNVERIFIED
EP-15,The Seven Emerge,00:12:42,762,851909,https://animehistory.org/uploads/screencaps/outlaw-star-E015-The-Seven-Emerge/cap_00-12-42_413d.jpg,Outlaw Star Ep 15: The Seven Emerge @ 00:12:42,https://animehistory.org/gallery/screencaps/outlaw-star/episode-15/,https://animehistory.org/gallery/screencaps/outlaw-star/episode-15/?page=2,2,2026-10-07T01:49:46.718196+00:00,9a4fe3f5806c5d2824eab7ef6d8813b09e02fa637a66faa6e66a9c9c8b3d2e80,,UNVERIFIED
EP-15,The Seven Emerge,00:12:45,765,851910,https://animehistory.org/uploads/screencaps/outlaw-star-E015-The-Seven-Emerge/cap_00-12-45_6e6b.jpg,Outlaw Star Ep 15: The Seven Emerge @ 00:12:45,https://animehistory.org/gallery/screencaps/outlaw-star/episode-15/,https://animehistory.org/gallery/screencaps/outlaw-star/episode-15/?page=2,2,2026-10-07T01:49:46.718196+00:00,9a4fe3f5806c5d2824eab7ef6d8813b09e02fa637a66faa6e66a9c9c8b3d2e80,,UNVERIFIED
EP-15,The Seven Emerge,00:12:49,769,851911,https://animehistory.org/uploads/screencaps/outlaw-star-E015-The-Seven-Emerge/cap_00-12-49_3214.jpg,Outlaw Star Ep 15: The Seven Emerge @ 00:12:49,https://animehistory.org/gallery/screencaps/outlaw-star/episode-15/,https://animehistory.org/gallery/screencaps/outlaw-star/episode-15/?page=2,2,2026-10-07T01:49:46.718196+00:00,9a4fe3f5806c5d2824eab7ef6d8813b09e02fa637a66faa6e66a9c9c8b3d2e80,,UNVERIFIED
EP-15,The Seven Emerge,00:12:53,773,851912,https://animehistory.org/uploads/screencaps/outlaw-star-E015-The-Seven-Emerge/cap_00-12-53_19bd.jpg,Outlaw Star Ep 15: The Seven Emerge @ 00:12:53,https://animehistory.org/gallery/screencaps/outlaw-star/episode-15/,https://animehistory.org/gallery/screencaps/outlaw-star/episode-15/?page=2,2,2026-10-07T01:49:46.718196+00:00,9a4fe3f5806c5d2824eab7ef6d8813b09e02fa637a66faa6e66a9c9c8b3d2e80,,UNVERIFIED
EP-15,The Seven Emerge,00:12:56,776,851913,https://animehistory.org/uploads/screencaps/outlaw-star-E015-The-Seven-Emerge/cap_00-12-56_7d8b.jpg,Outlaw Star Ep 15: The Seven Emerge @ 00:12:56,https://animehistory.org/gallery/screencaps/outlaw-star/episode-15/,https://animehistory.org/gallery/screencaps/outlaw-star/episode-15/?page=2,2,2026-10-07T01:49:46.718196+00:00,9a4fe3f5806c5d2824eab7ef6d8813b09e02fa637a66faa6e66a9c9c8b3d2e80,,UNVERIFIED
EP-15,The Seven Emerge,00:13:00,780,851914,https://animehistory.org/uploads/screencaps/outlaw-star-E015-The-Seven-Emerge/cap_00-13-00_4771.jpg,Outlaw Star Ep 15: The Seven Emerge @ 00:13:00,https://animehistory.org/gallery/screencaps/outlaw-star/episode-15/,https://animehistory.org/gallery/screencaps/outlaw-star/episode-15/?page=2,2,2026-10-07T01:49:46.718196+00:00,9a4fe3f5806c5d2824eab7ef6d8813b09e02fa637a66faa6e66a9c9c8b3d2e80,,UNVERIFIED
EP-15,The Seven Emerge,00:13:04,784,851915,https://animehistory.org/uploads/screencaps/outlaw-star-E015-The-Seven-Emerge/cap_00-13-04_2e6f.jpg,Outlaw Star Ep 15: The Seven Emerge @ 00:13:04,https://animehistory.org/gallery/screencaps/outlaw-star/episode-15/,https://animehistory.org/gallery/screencaps/outlaw-star/episode-15/?page=2,2,2026-10-07T01:49:46.718196+00:00,9a4fe3f5806c5d2824eab7ef6d8813b09e02fa637a66faa6e66a9c9c8b3d2e80,,UNVERIFIED
EP-15,The Seven Emerge,00:13:07,787,851916,https://animehistory.org/uploads/screencaps/outlaw-star-E015-The-Seven-Emerge/cap_00-13-07_1f79.jpg,Outlaw Star Ep 15: The Seven Emerge @ 00:13:07,https://animehistory.org/gallery/screencaps/outlaw-star/episode-15/,https://animehistory.org/gallery/screencaps/outlaw-star/episode-15/?page=2,2,2026-10-07T01:49:46.718196+00:00,9a4fe3f5806c5d2824eab7ef6d8813b09e02fa637a66faa6e66a9c9c8b3d2e80,,UNVERIFIED
EP-15,The Seven Emerge,00:13:11,791,851917,https://animehistory.org/uploads/screencaps/outlaw-star-E015-The-Seven-Emerge/cap_00-13-11_350f.jpg,Outlaw Star Ep 15: The Seven Emerge @ 00:13:11,https://animehistory.org/gallery/screencaps/outlaw-star/episode-15/,https://animehistory.org/gallery/screencaps/outlaw-star/episode-15/?page=2,2,2026-10-07T01:49:46.718196+00:00,9a4fe3f5806c5d2824eab7ef6d8813b09e02fa637a66faa6e66a9c9c8b3d2e80,,UNVERIFIED
EP-15,The Seven Emerge,00:13:15,795,851918,https://animehistory.org/uploads/screencaps/outlaw-star-E015-The-Seven-Emerge/cap_00-13-15_776f.jpg,Outlaw Star Ep 15: The Seven Emerge @ 00:13:15,https://animehistory.org/gallery/screencaps/outlaw-star/episode-15/,https://animehistory.org/gallery/screencaps/outlaw-star/episode-15/?page=2,2,2026-10-07T01:49:46.718196+00:00,9a4fe3f5806c5d2824eab7ef6d8813b09e02fa637a66faa6e66a9c9c8b3d2e80,,UNVERIFIED
EP-15,The Seven Emerge,00:13:18,798,851919,https://animehistory.org/uploads/screencaps/outlaw-star-E015-The-Seven-Emerge/cap_00-13-18_1743.jpg,Outlaw Star Ep 15: The Seven Emerge @ 00:13:18,https://animehistory.org/gallery/screencaps/outlaw-star/episode-15/,https://animehistory.org/gallery/screencaps/outlaw-star/episode-15/?page=2,2,2026-10-07T01:49:46.718196+00:00,9a4fe3f5806c5d2824eab7ef6d8813b09e02fa637a66faa6e66a9c9c8b3d2e80,,UNVERIFIED
EP-15,The Seven Emerge,00:13:22,802,851920,https://animehistory.org/uploads/screencaps/outlaw-star-E015-The-Seven-Emerge/cap_00-13-22_4ab1.jpg,Outlaw Star Ep 15: The Seven Emerge @ 00:13:22,https://animehistory.org/gallery/screencaps/outlaw-star/episode-15/,https://animehistory.org/gallery/screencaps/outlaw-star/episode-15/?page=2,2,2026-10-07T01:49:46.718196+00:00,9a4fe3f5806c5d2824eab7ef6d8813b09e02fa637a66faa6e66a9c9c8b3d2e80,,UNVERIFIED
EP-15,The Seven Emerge,00:13:26,806,851921,https://animehistory.org/uploads/screencaps/outlaw-star-E015-The-Seven-Emerge/cap_00-13-26_2533.jpg,Outlaw Star Ep 15: The Seven Emerge @ 00:13:26,https://animehistory.org/gallery/screencaps/outlaw-star/episode-15/,https://animehistory.org/gallery/screencaps/outlaw-star/episode-15/?page=2,2,2026-10-07T01:49:46.718196+00:00,9a4fe3f5806c5d2824eab7ef6d8813b09e02fa637a66faa6e66a9c9c8b3d2e80,,UNVERIFIED
EP-15,The Seven Emerge,00:13:29,809,851922,https://animehistory.org/uploads/screencaps/outlaw-star-E015-The-Seven-Emerge/cap_00-13-29_4142.jpg,Outlaw Star Ep 15: The Seven Emerge @ 00:13:29,https://animehistory.org/gallery/screencaps/outlaw-star/episode-15/,https://animehistory.org/gallery/screencaps/outlaw-star/episode-15/?page=2,2,2026-10-07T01:49:46.718196+00:00,9a4fe3f5806c5d2824eab7ef6d8813b09e02fa637a66faa6e66a9c9c8b3d2e80,,UNVERIFIED
EP-15,The Seven Emerge,00:13:33,813,851923,https://animehistory.org/uploads/screencaps/outlaw-star-E015-The-Seven-Emerge/cap_00-13-33_1039.jpg,Outlaw Star Ep 15: The Seven Emerge @ 00:13:33,https://animehistory.org/gallery/screencaps/outlaw-star/episode-15/,https://animehistory.org/gallery/screencaps/outlaw-star/episode-15/?page=2,2,2026-10-07T01:49:46.718196+00:00,9a4fe3f5806c5d2824eab7ef6d8813b09e02fa637a66faa6e66a9c9c8b3d2e80,,UNVERIFIED
EP-15,The Seven Emerge,00:13:37,817,851924,https://animehistory.org/uploads/screencaps/outlaw-star-E015-The-Seven-Emerge/cap_00-13-37_0187.jpg,Outlaw Star Ep 15: The Seven Emerge @ 00:13:37,https://animehistory.org/gallery/screencaps/outlaw-star/episode-15/,https://animehistory.org/gallery/screencaps/outlaw-star/episode-15/?page=2,2,2026-10-07T01:49:46.718196+00:00,9a4fe3f5806c5d2824eab7ef6d8813b09e02fa637a66faa6e66a9c9c8b3d2e80,,UNVERIFIED
EP-15,The Seven Emerge,00:13:40,820,851925,https://animehistory.org/uploads/screencaps/outlaw-star-E015-The-Seven-Emerge/cap_00-13-40_7e21.jpg,Outlaw Star Ep 15: The Seven Emerge @ 00:13:40,https://animehistory.org/gallery/screencaps/outlaw-star/episode-15/,https://animehistory.org/gallery/screencaps/outlaw-star/episode-15/?page=2,2,2026-10-07T01:49:46.718196+00:00,9a4fe3f5806c5d2824eab7ef6d8813b09e02fa637a66faa6e66a9c9c8b3d2e80,,UNVERIFIED
EP-15,The Seven Emerge,00:13:44,824,851926,https://animehistory.org/uploads/screencaps/outlaw-star-E015-The-Seven-Emerge/cap_00-13-44_6c5a.jpg,Outlaw Star Ep 15: The Seven Emerge @ 00:13:44,https://animehistory.org/gallery/screencaps/outlaw-star/episode-15/,https://animehistory.org/gallery/screencaps/outlaw-star/episode-15/?page=2,2,2026-10-07T01:49:46.718196+00:00,9a4fe3f5806c5d2824eab7ef6d8813b09e02fa637a66faa6e66a9c9c8b3d2e80,,UNVERIFIED
EP-15,The Seven Emerge,00:13:48,828,851927,https://animehistory.org/uploads/screencaps/outlaw-star-E015-The-Seven-Emerge/cap_00-13-48_6e75.jpg,Outlaw Star Ep 15: The Seven Emerge @ 00:13:48,https://animehistory.org/gallery/screencaps/outlaw-star/episode-15/,https://animehistory.org/gallery/screencaps/outlaw-star/episode-15/?page=2,2,2026-10-07T01:49:46.718196+00:00,9a4fe3f5806c5d2824eab7ef6d8813b09e02fa637a66faa6e66a9c9c8b3d2e80,,UNVERIFIED
EP-15,The Seven Emerge,00:13:51,831,851928,https://animehistory.org/uploads/screencaps/outlaw-star-E015-The-Seven-Emerge/cap_00-13-51_282c.jpg,Outlaw Star Ep 15: The Seven Emerge @ 00:13:51,https://animehistory.org/gallery/screencaps/outlaw-star/episode-15/,https://animehistory.org/gallery/screencaps/outlaw-star/episode-15/?page=2,2,2026-10-07T01:49:46.718196+00:00,9a4fe3f5806c5d2824eab7ef6d8813b09e02fa637a66faa6e66a9c9c8b3d2e80,,UNVERIFIED
EP-15,The Seven Emerge,00:13:55,835,851929,https://animehistory.org/uploads/screencaps/outlaw-star-E015-The-Seven-Emerge/cap_00-13-55_25f0.jpg,Outlaw Star Ep 15: The Seven Emerge @ 00:13:55,https://animehistory.org/gallery/screencaps/outlaw-star/episode-15/,https://animehistory.org/gallery/screencaps/outlaw-star/episode-15/?page=3,3,2026-10-07T01:49:48.040209+00:00,cff70384eb11efe3151eebee561187cfbb968f6c0b0ae2ae210891f9da9c08b1,,UNVERIFIED
EP-15,The Seven Emerge,00:13:59,839,851930,https://animehistory.org/uploads/screencaps/outlaw-star-E015-The-Seven-Emerge/cap_00-13-59_7b87.jpg,Outlaw Star Ep 15: The Seven Emerge @ 00:13:59,https://animehistory.org/gallery/screencaps/outlaw-star/episode-15/,https://animehistory.org/gallery/screencaps/outlaw-star/episode-15/?page=3,3,2026-10-07T01:49:48.040209+00:00,cff70384eb11efe3151eebee561187cfbb968f6c0b0ae2ae210891f9da9c08b1,,UNVERIFIED
EP-15,The Seven Emerge,00:14:02,842,851931,https://animehistory.org/uploads/screencaps/outlaw-star-E015-The-Seven-Emerge/cap_00-14-02_7bef.jpg,Outlaw Star Ep 15: The Seven Emerge @ 00:14:02,https://animehistory.org/gallery/screencaps/outlaw-star/episode-15/,https://animehistory.org/gallery/screencaps/outlaw-star/episode-15/?page=3,3,2026-10-07T01:49:48.040209+00:00,cff70384eb11efe3151eebee561187cfbb968f6c0b0ae2ae210891f9da9c08b1,,UNVERIFIED
EP-15,The Seven Emerge,00:14:06,846,851932,https://animehistory.org/uploads/screencaps/outlaw-star-E015-The-Seven-Emerge/cap_00-14-06_2086.jpg,Outlaw Star Ep 15: The Seven Emerge @ 00:14:06,https://animehistory.org/gallery/screencaps/outlaw-star/episode-15/,https://animehistory.org/gallery/screencaps/outlaw-star/episode-15/?page=3,3,2026-10-07T01:49:48.040209+00:00,cff70384eb11efe3151eebee561187cfbb968f6c0b0ae2ae210891f9da9c08b1,,UNVERIFIED
EP-15,The Seven Emerge,00:14:10,850,851933,https://animehistory.org/uploads/screencaps/outlaw-star-E015-The-Seven-Emerge/cap_00-14-10_2266.jpg,Outlaw Star Ep 15: The Seven Emerge @ 00:14:10,https://animehistory.org/gallery/screencaps/outlaw-star/episode-15/,https://animehistory.org/gallery/screencaps/outlaw-star/episode-15/?page=3,3,2026-10-07T01:49:48.040209+00:00,cff70384eb11efe3151eebee561187cfbb968f6c0b0ae2ae210891f9da9c08b1,,UNVERIFIED
EP-15,The Seven Emerge,00:14:13,853,851934,https://animehistory.org/uploads/screencaps/outlaw-star-E015-The-Seven-Emerge/cap_00-14-13_3cf9.jpg,Outlaw Star Ep 15: The Seven Emerge @ 00:14:13,https://animehistory.org/gallery/screencaps/outlaw-star/episode-15/,https://animehistory.org/gallery/screencaps/outlaw-star/episode-15/?page=3,3,2026-10-07T01:49:48.040209+00:00,cff70384eb11efe3151eebee561187cfbb968f6c0b0ae2ae210891f9da9c08b1,,UNVERIFIED
EP-15,The Seven Emerge,00:14:17,857,851935,https://animehistory.org/uploads/screencaps/outlaw-star-E015-The-Seven-Emerge/cap_00-14-17_0fc0.jpg,Outlaw Star Ep 15: The Seven Emerge @ 00:14:17,https://animehistory.org/gallery/screencaps/outlaw-star/episode-15/,https://animehistory.org/gallery/screencaps/outlaw-star/episode-15/?page=3,3,2026-10-07T01:49:48.040209+00:00,cff70384eb11efe3151eebee561187cfbb968f6c0b0ae2ae210891f9da9c08b1,,UNVERIFIED
EP-15,The Seven Emerge,00:14:21,861,851936,https://animehistory.org/uploads/screencaps/outlaw-star-E015-The-Seven-Emerge/cap_00-14-21_52e5.jpg,Outlaw Star Ep 15: The Seven Emerge @ 00:14:21,https://animehistory.org/gallery/screencaps/outlaw-star/episode-15/,https://animehistory.org/gallery/screencaps/outlaw-star/episode-15/?page=3,3,2026-10-07T01:49:48.040209+00:00,cff70384eb11efe3151eebee561187cfbb968f6c0b0ae2ae210891f9da9c08b1,,UNVERIFIED
EP-15,The Seven Emerge,00:14:24,864,851937,https://animehistory.org/uploads/screencaps/outlaw-star-E015-The-Seven-Emerge/cap_00-14-24_6dd7.jpg,Outlaw Star Ep 15: The Seven Emerge @ 00:14:24,https://animehistory.org/gallery/screencaps/outlaw-star/episode-15/,https://animehistory.org/gallery/screencaps/outlaw-star/episode-15/?page=3,3,2026-10-07T01:49:48.040209+00:00,cff70384eb11efe3151eebee561187cfbb968f6c0b0ae2ae210891f9da9c08b1,,UNVERIFIED
EP-15,The Seven Emerge,00:14:28,868,851938,https://animehistory.org/uploads/screencaps/outlaw-star-E015-The-Seven-Emerge/cap_00-14-28_186d.jpg,Outlaw Star Ep 15: The Seven Emerge @ 00:14:28,https://animehistory.org/gallery/screencaps/outlaw-star/episode-15/,https://animehistory.org/gallery/screencaps/outlaw-star/episode-15/?page=3,3,2026-10-07T01:49:48.040209+00:00,cff70384eb11efe3151eebee561187cfbb968f6c0b0ae2ae210891f9da9c08b1,,UNVERIFIED
EP-15,The Seven Emerge,00:14:32,872,851939,https://animehistory.org/uploads/screencaps/outlaw-star-E015-The-Seven-Emerge/cap_00-14-32_3a3b.jpg,Outlaw Star Ep 15: The Seven Emerge @ 00:14:32,https://animehistory.org/gallery/screencaps/outlaw-star/episode-15/,https://animehistory.org/gallery/screencaps/outlaw-star/episode-15/?page=3,3,2026-10-07T01:49:48.040209+00:00,cff70384eb11efe3151eebee561187cfbb968f6c0b0ae2ae210891f9da9c08b1,,UNVERIFIED
EP-15,The Seven Emerge,00:14:35,875,851940,https://animehistory.org/uploads/screencaps/outlaw-star-E015-The-Seven-Emerge/cap_00-14-35_52a2.jpg,Outlaw Star Ep 15: The Seven Emerge @ 00:14:35,https://animehistory.org/gallery/screencaps/outlaw-star/episode-15/,https://animehistory.org/gallery/screencaps/outlaw-star/episode-15/?page=3,3,2026-10-07T01:49:48.040209+00:00,cff70384eb11efe3151eebee561187cfbb968f6c0b0ae2ae210891f9da9c08b1,,UNVERIFIED
EP-15,The Seven Emerge,00:14:39,879,851941,https://animehistory.org/uploads/screencaps/outlaw-star-E015-The-Seven-Emerge/cap_00-14-39_3887.jpg,Outlaw Star Ep 15: The Seven Emerge @ 00:14:39,https://animehistory.org/gallery/screencaps/outlaw-star/episode-15/,https://animehistory.org/gallery/screencaps/outlaw-star/episode-15/?page=3,3,2026-10-07T01:49:48.040209+00:00,cff70384eb11efe3151eebee561187cfbb968f6c0b0ae2ae210891f9da9c08b1,,UNVERIFIED
EP-15,The Seven Emerge,00:14:43,883,851942,https://animehistory.org/uploads/screencaps/outlaw-star-E015-The-Seven-Emerge/cap_00-14-43_6ede.jpg,Outlaw Star Ep 15: The Seven Emerge @ 00:14:43,https://animehistory.org/gallery/screencaps/outlaw-star/episode-15/,https://animehistory.org/gallery/screencaps/outlaw-star/episode-15/?page=3,3,2026-10-07T01:49:48.040209+00:00,cff70384eb11efe3151eebee561187cfbb968f6c0b0ae2ae210891f9da9c08b1,,UNVERIFIED
EP-15,The Seven Emerge,00:14:46,886,851943,https://animehistory.org/uploads/screencaps/outlaw-star-E015-The-Seven-Emerge/cap_00-14-46_6d8d.jpg,Outlaw Star Ep 15: The Seven Emerge @ 00:14:46,https://animehistory.org/gallery/screencaps/outlaw-star/episode-15/,https://animehistory.org/gallery/screencaps/outlaw-star/episode-15/?page=3,3,2026-10-07T01:49:48.040209+00:00,cff70384eb11efe3151eebee561187cfbb968f6c0b0ae2ae210891f9da9c08b1,,UNVERIFIED
EP-15,The Seven Emerge,00:14:50,890,851944,https://animehistory.org/uploads/screencaps/outlaw-star-E015-The-Seven-Emerge/cap_00-14-50_02b4.jpg,Outlaw Star Ep 15: The Seven Emerge @ 00:14:50,https://animehistory.org/gallery/screencaps/outlaw-star/episode-15/,https://animehistory.org/gallery/screencaps/outlaw-star/episode-15/?page=3,3,2026-10-07T01:49:48.040209+00:00,cff70384eb11efe3151eebee561187cfbb968f6c0b0ae2ae210891f9da9c08b1,,UNVERIFIED
EP-15,The Seven Emerge,00:14:54,894,851945,https://animehistory.org/uploads/screencaps/outlaw-star-E015-The-Seven-Emerge/cap_00-14-54_0a44.jpg,Outlaw Star Ep 15: The Seven Emerge @ 00:14:54,https://animehistory.org/gallery/screencaps/outlaw-star/episode-15/,https://animehistory.org/gallery/screencaps/outlaw-star/episode-15/?page=3,3,2026-10-07T01:49:48.040209+00:00,cff70384eb11efe3151eebee561187cfbb968f6c0b0ae2ae210891f9da9c08b1,,UNVERIFIED
EP-15,The Seven Emerge,00:14:57,897,851946,https://animehistory.org/uploads/screencaps/outlaw-star-E015-The-Seven-Emerge/cap_00-14-57_460c.jpg,Outlaw Star Ep 15: The Seven Emerge @ 00:14:57,https://animehistory.org/gallery/screencaps/outlaw-star/episode-15/,https://animehistory.org/gallery/screencaps/outlaw-star/episode-15/?page=3,3,2026-10-07T01:49:48.040209+00:00,cff70384eb11efe3151eebee561187cfbb968f6c0b0ae2ae210891f9da9c08b1,,UNVERIFIED
EP-15,The Seven Emerge,00:15:01,901,851947,https://animehistory.org/uploads/screencaps/outlaw-star-E015-The-Seven-Emerge/cap_00-15-01_1ad5.jpg,Outlaw Star Ep 15: The Seven Emerge @ 00:15:01,https://animehistory.org/gallery/screencaps/outlaw-star/episode-15/,https://animehistory.org/gallery/screencaps/outlaw-star/episode-15/?page=3,3,2026-10-07T01:49:48.040209+00:00,cff70384eb11efe3151eebee561187cfbb968f6c0b0ae2ae210891f9da9c08b1,,UNVERIFIED
EP-15,The Seven Emerge,00:15:05,905,851948,https://animehistory.org/uploads/screencaps/outlaw-star-E015-The-Seven-Emerge/cap_00-15-05_56b3.jpg,Outlaw Star Ep 15: The Seven Emerge @ 00:15:05,https://animehistory.org/gallery/screencaps/outlaw-star/episode-15/,https://animehistory.org/gallery/screencaps/outlaw-star/episode-15/?page=3,3,2026-10-07T01:49:48.040209+00:00,cff70384eb11efe3151eebee561187cfbb968f6c0b0ae2ae210891f9da9c08b1,,UNVERIFIED
EP-15,The Seven Emerge,00:15:08,908,851949,https://animehistory.org/uploads/screencaps/outlaw-star-E015-The-Seven-Emerge/cap_00-15-08_0c7b.jpg,Outlaw Star Ep 15: The Seven Emerge @ 00:15:08,https://animehistory.org/gallery/screencaps/outlaw-star/episode-15/,https://animehistory.org/gallery/screencaps/outlaw-star/episode-15/?page=3,3,2026-10-07T01:49:48.040209+00:00,cff70384eb11efe3151eebee561187cfbb968f6c0b0ae2ae210891f9da9c08b1,,UNVERIFIED
EP-15,The Seven Emerge,00:15:12,912,851950,https://animehistory.org/uploads/screencaps/outlaw-star-E015-The-Seven-Emerge/cap_00-15-12_1a94.jpg,Outlaw Star Ep 15: The Seven Emerge @ 00:15:12,https://animehistory.org/gallery/screencaps/outlaw-star/episode-15/,https://animehistory.org/gallery/screencaps/outlaw-star/episode-15/?page=3,3,2026-10-07T01:49:48.040209+00:00,cff70384eb11efe3151eebee561187cfbb968f6c0b0ae2ae210891f9da9c08b1,,UNVERIFIED
EP-15,The Seven Emerge,00:15:15,915,851951,https://animehistory.org/uploads/screencaps/outlaw-star-E015-The-Seven-Emerge/cap_00-15-15_3bd7.jpg,Outlaw Star Ep 15: The Seven Emerge @ 00:15:15,https://animehistory.org/gallery/screencaps/outlaw-star/episode-15/,https://animehistory.org/gallery/screencaps/outlaw-star/episode-15/?page=3,3,2026-10-07T01:49:48.040209+00:00,cff70384eb11efe3151eebee561187cfbb968f6c0b0ae2ae210891f9da9c08b1,,UNVERIFIED
EP-15,The Seven Emerge,00:15:19,919,851952,https://animehistory.org/uploads/screencaps/outlaw-star-E015-The-Seven-Emerge/cap_00-15-19_6173.jpg,Outlaw Star Ep 15: The Seven Emerge @ 00:15:19,https://animehistory.org/gallery/screencaps/outlaw-star/episode-15/,https://animehistory.org/gallery/screencaps/outlaw-star/episode-15/?page=3,3,2026-10-07T01:49:48.040209+00:00,cff70384eb11efe3151eebee561187cfbb968f6c0b0ae2ae210891f9da9c08b1,,UNVERIFIED
EP-15,The Seven Emerge,00:15:23,923,851953,https://animehistory.org/uploads/screencaps/outlaw-star-E015-The-Seven-Emerge/cap_00-15-23_4506.jpg,Outlaw Star Ep 15: The Seven Emerge @ 00:15:23,https://animehistory.org/gallery/screencaps/outlaw-star/episode-15/,https://animehistory.org/gallery/screencaps/outlaw-star/episode-15/?page=3,3,2026-10-07T01:49:48.040209+00:00,cff70384eb11efe3151eebee561187cfbb968f6c0b0ae2ae210891f9da9c08b1,,UNVERIFIED
EP-15,The Seven Emerge,00:15:26,926,851954,https://animehistory.org/uploads/screencaps/outlaw-star-E015-The-Seven-Emerge/cap_00-15-26_1471.jpg,Outlaw Star Ep 15: The Seven Emerge @ 00:15:26,https://animehistory.org/gallery/screencaps/outlaw-star/episode-15/,https://animehistory.org/gallery/screencaps/outlaw-star/episode-15/?page=3,3,2026-10-07T01:49:48.040209+00:00,cff70384eb11efe3151eebee561187cfbb968f6c0b0ae2ae210891f9da9c08b1,,UNVERIFIED
EP-15,The Seven Emerge,00:15:30,930,851955,https://animehistory.org/uploads/screencaps/outlaw-star-E015-The-Seven-Emerge/cap_00-15-30_7424.jpg,Outlaw Star Ep 15: The Seven Emerge @ 00:15:30,https://animehistory.org/gallery/screencaps/outlaw-star/episode-15/,https://animehistory.org/gallery/screencaps/outlaw-star/episode-15/?page=3,3,2026-10-07T01:49:48.040209+00:00,cff70384eb11efe3151eebee561187cfbb968f6c0b0ae2ae210891f9da9c08b1,,UNVERIFIED
EP-15,The Seven Emerge,00:15:34,934,851956,https://animehistory.org/uploads/screencaps/outlaw-star-E015-The-Seven-Emerge/cap_00-15-34_0815.jpg,Outlaw Star Ep 15: The Seven Emerge @ 00:15:34,https://animehistory.org/gallery/screencaps/outlaw-star/episode-15/,https://animehistory.org/gallery/screencaps/outlaw-star/episode-15/?page=3,3,2026-10-07T01:49:48.040209+00:00,cff70384eb11efe3151eebee561187cfbb968f6c0b0ae2ae210891f9da9c08b1,,UNVERIFIED
EP-15,The Seven Emerge,00:15:37,937,851957,https://animehistory.org/uploads/screencaps/outlaw-star-E015-The-Seven-Emerge/cap_00-15-37_3c4e.jpg,Outlaw Star Ep 15: The Seven Emerge @ 00:15:37,https://animehistory.org/gallery/screencaps/outlaw-star/episode-15/,https://animehistory.org/gallery/screencaps/outlaw-star/episode-15/?page=3,3,2026-10-07T01:49:48.040209+00:00,cff70384eb11efe3151eebee561187cfbb968f6c0b0ae2ae210891f9da9c08b1,,UNVERIFIED
EP-15,The Seven Emerge,00:15:41,941,851958,https://animehistory.org/uploads/screencaps/outlaw-star-E015-The-Seven-Emerge/cap_00-15-41_4508.jpg,Outlaw Star Ep 15: The Seven Emerge @ 00:15:41,https://animehistory.org/gallery/screencaps/outlaw-star/episode-15/,https://animehistory.org/gallery/screencaps/outlaw-star/episode-15/?page=3,3,2026-10-07T01:49:48.040209+00:00,cff70384eb11efe3151eebee561187cfbb968f6c0b0ae2ae210891f9da9c08b1,,UNVERIFIED
EP-15,The Seven Emerge,00:15:45,945,851959,https://animehistory.org/uploads/screencaps/outlaw-star-E015-The-Seven-Emerge/cap_00-15-45_6818.jpg,Outlaw Star Ep 15: The Seven Emerge @ 00:15:45,https://animehistory.org/gallery/screencaps/outlaw-star/episode-15/,https://animehistory.org/gallery/screencaps/outlaw-star/episode-15/?page=3,3,2026-10-07T01:49:48.040209+00:00,cff70384eb11efe3151eebee561187cfbb968f6c0b0ae2ae210891f9da9c08b1,,UNVERIFIED
EP-15,The Seven Emerge,00:15:48,948,851960,https://animehistory.org/uploads/screencaps/outlaw-star-E015-The-Seven-Emerge/cap_00-15-48_3663.jpg,Outlaw Star Ep 15: The Seven Emerge @ 00:15:48,https://animehistory.org/gallery/screencaps/outlaw-star/episode-15/,https://animehistory.org/gallery/screencaps/outlaw-star/episode-15/?page=3,3,2026-10-07T01:49:48.040209+00:00,cff70384eb11efe3151eebee561187cfbb968f6c0b0ae2ae210891f9da9c08b1,,UNVERIFIED
EP-15,The Seven Emerge,00:15:52,952,851961,https://animehistory.org/uploads/screencaps/outlaw-star-E015-The-Seven-Emerge/cap_00-15-52_04e4.jpg,Outlaw Star Ep 15: The Seven Emerge @ 00:15:52,https://animehistory.org/gallery/screencaps/outlaw-star/episode-15/,https://animehistory.org/gallery/screencaps/outlaw-star/episode-15/?page=3,3,2026-10-07T01:49:48.040209+00:00,cff70384eb11efe3151eebee561187cfbb968f6c0b0ae2ae210891f9da9c08b1,,UNVERIFIED
EP-15,The Seven Emerge,00:15:56,956,851962,https://animehistory.org/uploads/screencaps/outlaw-star-E015-The-Seven-Emerge/cap_00-15-56_4804.jpg,Outlaw Star Ep 15: The Seven Emerge @ 00:15:56,https://animehistory.org/gallery/screencaps/outlaw-star/episode-15/,https://animehistory.org/gallery/screencaps/outlaw-star/episode-15/?page=3,3,2026-10-07T01:49:48.040209+00:00,cff70384eb11efe3151eebee561187cfbb968f6c0b0ae2ae210891f9da9c08b1,,UNVERIFIED
EP-15,The Seven Emerge,00:15:59,959,851963,https://animehistory.org/uploads/screencaps/outlaw-star-E015-The-Seven-Emerge/cap_00-15-59_5984.jpg,Outlaw Star Ep 15: The Seven Emerge @ 00:15:59,https://animehistory.org/gallery/screencaps/outlaw-star/episode-15/,https://animehistory.org/gallery/screencaps/outlaw-star/episode-15/?page=3,3,2026-10-07T01:49:48.040209+00:00,cff70384eb11efe3151eebee561187cfbb968f6c0b0ae2ae210891f9da9c08b1,,UNVERIFIED
EP-15,The Seven Emerge,00:16:03,963,851964,https://animehistory.org/uploads/screencaps/outlaw-star-E015-The-Seven-Emerge/cap_00-16-03_053b.jpg,Outlaw Star Ep 15: The Seven Emerge @ 00:16:03,https://animehistory.org/gallery/screencaps/outlaw-star/episode-15/,https://animehistory.org/gallery/screencaps/outlaw-star/episode-15/?page=3,3,2026-10-07T01:49:48.040209+00:00,cff70384eb11efe3151eebee561187cfbb968f6c0b0ae2ae210891f9da9c08b1,,UNVERIFIED
EP-15,The Seven Emerge,00:16:07,967,851965,https://animehistory.org/uploads/screencaps/outlaw-star-E015-The-Seven-Emerge/cap_00-16-07_40f4.jpg,Outlaw Star Ep 15: The Seven Emerge @ 00:16:07,https://animehistory.org/gallery/screencaps/outlaw-star/episode-15/,https://animehistory.org/gallery/screencaps/outlaw-star/episode-15/?page=3,3,2026-10-07T01:49:48.040209+00:00,cff70384eb11efe3151eebee561187cfbb968f6c0b0ae2ae210891f9da9c08b1,,UNVERIFIED
EP-15,The Seven Emerge,00:16:10,970,851966,https://animehistory.org/uploads/screencaps/outlaw-star-E015-The-Seven-Emerge/cap_00-16-10_4daa.jpg,Outlaw Star Ep 15: The Seven Emerge @ 00:16:10,https://animehistory.org/gallery/screencaps/outlaw-star/episode-15/,https://animehistory.org/gallery/screencaps/outlaw-star/episode-15/?page=3,3,2026-10-07T01:49:48.040209+00:00,cff70384eb11efe3151eebee561187cfbb968f6c0b0ae2ae210891f9da9c08b1,,UNVERIFIED
EP-15,The Seven Emerge,00:16:14,974,851967,https://animehistory.org/uploads/screencaps/outlaw-star-E015-The-Seven-Emerge/cap_00-16-14_4518.jpg,Outlaw Star Ep 15: The Seven Emerge @ 00:16:14,https://animehistory.org/gallery/screencaps/outlaw-star/episode-15/,https://animehistory.org/gallery/screencaps/outlaw-star/episode-15/?page=3,3,2026-10-07T01:49:48.040209+00:00,cff70384eb11efe3151eebee561187cfbb968f6c0b0ae2ae210891f9da9c08b1,,UNVERIFIED
EP-15,The Seven Emerge,00:16:18,978,851968,https://animehistory.org/uploads/screencaps/outlaw-star-E015-The-Seven-Emerge/cap_00-16-18_0707.jpg,Outlaw Star Ep 15: The Seven Emerge @ 00:16:18,https://animehistory.org/gallery/screencaps/outlaw-star/episode-15/,https://animehistory.org/gallery/screencaps/outlaw-star/episode-15/?page=3,3,2026-10-07T01:49:48.040209+00:00,cff70384eb11efe3151eebee561187cfbb968f6c0b0ae2ae210891f9da9c08b1,,UNVERIFIED
EP-15,The Seven Emerge,00:16:21,981,851969,https://animehistory.org/uploads/screencaps/outlaw-star-E015-The-Seven-Emerge/cap_00-16-21_2445.jpg,Outlaw Star Ep 15: The Seven Emerge @ 00:16:21,https://animehistory.org/gallery/screencaps/outlaw-star/episode-15/,https://animehistory.org/gallery/screencaps/outlaw-star/episode-15/?page=3,3,2026-10-07T01:49:48.040209+00:00,cff70384eb11efe3151eebee561187cfbb968f6c0b0ae2ae210891f9da9c08b1,,UNVERIFIED
EP-15,The Seven Emerge,00:16:25,985,851970,https://animehistory.org/uploads/screencaps/outlaw-star-E015-The-Seven-Emerge/cap_00-16-25_155e.jpg,Outlaw Star Ep 15: The Seven Emerge @ 00:16:25,https://animehistory.org/gallery/screencaps/outlaw-star/episode-15/,https://animehistory.org/gallery/screencaps/outlaw-star/episode-15/?page=3,3,2026-10-07T01:49:48.040209+00:00,cff70384eb11efe3151eebee561187cfbb968f6c0b0ae2ae210891f9da9c08b1,,UNVERIFIED
EP-15,The Seven Emerge,00:16:29,989,851971,https://animehistory.org/uploads/screencaps/outlaw-star-E015-The-Seven-Emerge/cap_00-16-29_57f0.jpg,Outlaw Star Ep 15: The Seven Emerge @ 00:16:29,https://animehistory.org/gallery/screencaps/outlaw-star/episode-15/,https://animehistory.org/gallery/screencaps/outlaw-star/episode-15/?page=3,3,2026-10-07T01:49:48.040209+00:00,cff70384eb11efe3151eebee561187cfbb968f6c0b0ae2ae210891f9da9c08b1,,UNVERIFIED
EP-15,The Seven Emerge,00:16:32,992,851972,https://animehistory.org/uploads/screencaps/outlaw-star-E015-The-Seven-Emerge/cap_00-16-32_699c.jpg,Outlaw Star Ep 15: The Seven Emerge @ 00:16:32,https://animehistory.org/gallery/screencaps/outlaw-star/episode-15/,https://animehistory.org/gallery/screencaps/outlaw-star/episode-15/?page=3,3,2026-10-07T01:49:48.040209+00:00,cff70384eb11efe3151eebee561187cfbb968f6c0b0ae2ae210891f9da9c08b1,,UNVERIFIED
EP-15,The Seven Emerge,00:16:36,996,851973,https://animehistory.org/uploads/screencaps/outlaw-star-E015-The-Seven-Emerge/cap_00-16-36_4483.jpg,Outlaw Star Ep 15: The Seven Emerge @ 00:16:36,https://animehistory.org/gallery/screencaps/outlaw-star/episode-15/,https://animehistory.org/gallery/screencaps/outlaw-star/episode-15/?page=3,3,2026-10-07T01:49:48.040209+00:00,cff70384eb11efe3151eebee561187cfbb968f6c0b0ae2ae210891f9da9c08b1,,UNVERIFIED
EP-15,The Seven Emerge,00:16:40,1000,851974,https://animehistory.org/uploads/screencaps/outlaw-star-E015-The-Seven-Emerge/cap_00-16-40_5889.jpg,Outlaw Star Ep 15: The Seven Emerge @ 00:16:40,https://animehistory.org/gallery/screencaps/outlaw-star/episode-15/,https://animehistory.org/gallery/screencaps/outlaw-star/episode-15/?page=3,3,2026-10-07T01:49:48.040209+00:00,cff70384eb11efe3151eebee561187cfbb968f6c0b0ae2ae210891f9da9c08b1,,UNVERIFIED
EP-15,The Seven Emerge,00:16:43,1003,851975,https://animehistory.org/uploads/screencaps/outlaw-star-E015-The-Seven-Emerge/cap_00-16-43_531c.jpg,Outlaw Star Ep 15: The Seven Emerge @ 00:16:43,https://animehistory.org/gallery/screencaps/outlaw-star/episode-15/,https://animehistory.org/gallery/screencaps/outlaw-star/episode-15/?page=3,3,2026-10-07T01:49:48.040209+00:00,cff70384eb11efe3151eebee561187cfbb968f6c0b0ae2ae210891f9da9c08b1,,UNVERIFIED
EP-15,The Seven Emerge,00:16:47,1007,851976,https://animehistory.org/uploads/screencaps/outlaw-star-E015-The-Seven-Emerge/cap_00-16-47_39bf.jpg,Outlaw Star Ep 15: The Seven Emerge @ 00:16:47,https://animehistory.org/gallery/screencaps/outlaw-star/episode-15/,https://animehistory.org/gallery/screencaps/outlaw-star/episode-15/?page=3,3,2026-10-07T01:49:48.040209+00:00,cff70384eb11efe3151eebee561187cfbb968f6c0b0ae2ae210891f9da9c08b1,,UNVERIFIED
EP-15,The Seven Emerge,00:16:51,1011,851977,https://animehistory.org/uploads/screencaps/outlaw-star-E015-The-Seven-Emerge/cap_00-16-51_590b.jpg,Outlaw Star Ep 15: The Seven Emerge @ 00:16:51,https://animehistory.org/gallery/screencaps/outlaw-star/episode-15/,https://animehistory.org/gallery/screencaps/outlaw-star/episode-15/?page=3,3,2026-10-07T01:49:48.040209+00:00,cff70384eb11efe3151eebee561187cfbb968f6c0b0ae2ae210891f9da9c08b1,,UNVERIFIED
EP-15,The Seven Emerge,00:16:54,1014,851978,https://animehistory.org/uploads/screencaps/outlaw-star-E015-The-Seven-Emerge/cap_00-16-54_4c8b.jpg,Outlaw Star Ep 15: The Seven Emerge @ 00:16:54,https://animehistory.org/gallery/screencaps/outlaw-star/episode-15/,https://animehistory.org/gallery/screencaps/outlaw-star/episode-15/?page=3,3,2026-10-07T01:49:48.040209+00:00,cff70384eb11efe3151eebee561187cfbb968f6c0b0ae2ae210891f9da9c08b1,,UNVERIFIED
EP-15,The Seven Emerge,00:16:58,1018,851979,https://animehistory.org/uploads/screencaps/outlaw-star-E015-The-Seven-Emerge/cap_00-16-58_4090.jpg,Outlaw Star Ep 15: The Seven Emerge @ 00:16:58,https://animehistory.org/gallery/screencaps/outlaw-star/episode-15/,https://animehistory.org/gallery/screencaps/outlaw-star/episode-15/?page=3,3,2026-10-07T01:49:48.040209+00:00,cff70384eb11efe3151eebee561187cfbb968f6c0b0ae2ae210891f9da9c08b1,,UNVERIFIED
EP-15,The Seven Emerge,00:17:02,1022,851980,https://animehistory.org/uploads/screencaps/outlaw-star-E015-The-Seven-Emerge/cap_00-17-02_7e03.jpg,Outlaw Star Ep 15: The Seven Emerge @ 00:17:02,https://animehistory.org/gallery/screencaps/outlaw-star/episode-15/,https://animehistory.org/gallery/screencaps/outlaw-star/episode-15/?page=3,3,2026-10-07T01:49:48.040209+00:00,cff70384eb11efe3151eebee561187cfbb968f6c0b0ae2ae210891f9da9c08b1,,UNVERIFIED
EP-15,The Seven Emerge,00:17:05,1025,851981,https://animehistory.org/uploads/screencaps/outlaw-star-E015-The-Seven-Emerge/cap_00-17-05_1546.jpg,Outlaw Star Ep 15: The Seven Emerge @ 00:17:05,https://animehistory.org/gallery/screencaps/outlaw-star/episode-15/,https://animehistory.org/gallery/screencaps/outlaw-star/episode-15/?page=3,3,2026-10-07T01:49:48.040209+00:00,cff70384eb11efe3151eebee561187cfbb968f6c0b0ae2ae210891f9da9c08b1,,UNVERIFIED
EP-15,The Seven Emerge,00:17:09,1029,851982,https://animehistory.org/uploads/screencaps/outlaw-star-E015-The-Seven-Emerge/cap_00-17-09_474c.jpg,Outlaw Star Ep 15: The Seven Emerge @ 00:17:09,https://animehistory.org/gallery/screencaps/outlaw-star/episode-15/,https://animehistory.org/gallery/screencaps/outlaw-star/episode-15/?page=3,3,2026-10-07T01:49:48.040209+00:00,cff70384eb11efe3151eebee561187cfbb968f6c0b0ae2ae210891f9da9c08b1,,UNVERIFIED
EP-15,The Seven Emerge,00:17:13,1033,851983,https://animehistory.org/uploads/screencaps/outlaw-star-E015-The-Seven-Emerge/cap_00-17-13_062d.jpg,Outlaw Star Ep 15: The Seven Emerge @ 00:17:13,https://animehistory.org/gallery/screencaps/outlaw-star/episode-15/,https://animehistory.org/gallery/screencaps/outlaw-star/episode-15/?page=3,3,2026-10-07T01:49:48.040209+00:00,cff70384eb11efe3151eebee561187cfbb968f6c0b0ae2ae210891f9da9c08b1,,UNVERIFIED
EP-15,The Seven Emerge,00:17:16,1036,851984,https://animehistory.org/uploads/screencaps/outlaw-star-E015-The-Seven-Emerge/cap_00-17-16_32c9.jpg,Outlaw Star Ep 15: The Seven Emerge @ 00:17:16,https://animehistory.org/gallery/screencaps/outlaw-star/episode-15/,https://animehistory.org/gallery/screencaps/outlaw-star/episode-15/?page=3,3,2026-10-07T01:49:48.040209+00:00,cff70384eb11efe3151eebee561187cfbb968f6c0b0ae2ae210891f9da9c08b1,,UNVERIFIED
EP-15,The Seven Emerge,00:17:20,1040,851985,https://animehistory.org/uploads/screencaps/outlaw-star-E015-The-Seven-Emerge/cap_00-17-20_4282.jpg,Outlaw Star Ep 15: The Seven Emerge @ 00:17:20,https://animehistory.org/gallery/screencaps/outlaw-star/episode-15/,https://animehistory.org/gallery/screencaps/outlaw-star/episode-15/?page=3,3,2026-10-07T01:49:48.040209+00:00,cff70384eb11efe3151eebee561187cfbb968f6c0b0ae2ae210891f9da9c08b1,,UNVERIFIED
EP-15,The Seven Emerge,00:17:24,1044,851986,https://animehistory.org/uploads/screencaps/outlaw-star-E015-The-Seven-Emerge/cap_00-17-24_07f0.jpg,Outlaw Star Ep 15: The Seven Emerge @ 00:17:24,https://animehistory.org/gallery/screencaps/outlaw-star/episode-15/,https://animehistory.org/gallery/screencaps/outlaw-star/episode-15/?page=3,3,2026-10-07T01:49:48.040209+00:00,cff70384eb11efe3151eebee561187cfbb968f6c0b0ae2ae210891f9da9c08b1,,UNVERIFIED
EP-15,The Seven Emerge,00:17:27,1047,851987,https://animehistory.org/uploads/screencaps/outlaw-star-E015-The-Seven-Emerge/cap_00-17-27_540e.jpg,Outlaw Star Ep 15: The Seven Emerge @ 00:17:27,https://animehistory.org/gallery/screencaps/outlaw-star/episode-15/,https://animehistory.org/gallery/screencaps/outlaw-star/episode-15/?page=3,3,2026-10-07T01:49:48.040209+00:00,cff70384eb11efe3151eebee561187cfbb968f6c0b0ae2ae210891f9da9c08b1,,UNVERIFIED
EP-15,The Seven Emerge,00:17:31,1051,851988,https://animehistory.org/uploads/screencaps/outlaw-star-E015-The-Seven-Emerge/cap_00-17-31_1c8e.jpg,Outlaw Star Ep 15: The Seven Emerge @ 00:17:31,https://animehistory.org/gallery/screencaps/outlaw-star/episode-15/,https://animehistory.org/gallery/screencaps/outlaw-star/episode-15/?page=3,3,2026-10-07T01:49:48.040209+00:00,cff70384eb11efe3151eebee561187cfbb968f6c0b0ae2ae210891f9da9c08b1,,UNVERIFIED
EP-15,The Seven Emerge,00:17:35,1055,851989,https://animehistory.org/uploads/screencaps/outlaw-star-E015-The-Seven-Emerge/cap_00-17-35_031c.jpg,Outlaw Star Ep 15: The Seven Emerge @ 00:17:35,https://animehistory.org/gallery/screencaps/outlaw-star/episode-15/,https://animehistory.org/gallery/screencaps/outlaw-star/episode-15/?page=3,3,2026-10-07T01:49:48.040209+00:00,cff70384eb11efe3151eebee561187cfbb968f6c0b0ae2ae210891f9da9c08b1,,UNVERIFIED
EP-15,The Seven Emerge,00:17:38,1058,851990,https://animehistory.org/uploads/screencaps/outlaw-star-E015-The-Seven-Emerge/cap_00-17-38_0f67.jpg,Outlaw Star Ep 15: The Seven Emerge @ 00:17:38,https://animehistory.org/gallery/screencaps/outlaw-star/episode-15/,https://animehistory.org/gallery/screencaps/outlaw-star/episode-15/?page=3,3,2026-10-07T01:49:48.040209+00:00,cff70384eb11efe3151eebee561187cfbb968f6c0b0ae2ae210891f9da9c08b1,,UNVERIFIED
EP-15,The Seven Emerge,00:17:42,1062,851991,https://animehistory.org/uploads/screencaps/outlaw-star-E015-The-Seven-Emerge/cap_00-17-42_6673.jpg,Outlaw Star Ep 15: The Seven Emerge @ 00:17:42,https://animehistory.org/gallery/screencaps/outlaw-star/episode-15/,https://animehistory.org/gallery/screencaps/outlaw-star/episode-15/?page=3,3,2026-10-07T01:49:48.040209+00:00,cff70384eb11efe3151eebee561187cfbb968f6c0b0ae2ae210891f9da9c08b1,,UNVERIFIED
EP-15,The Seven Emerge,00:17:46,1066,851992,https://animehistory.org/uploads/screencaps/outlaw-star-E015-The-Seven-Emerge/cap_00-17-46_7d63.jpg,Outlaw Star Ep 15: The Seven Emerge @ 00:17:46,https://animehistory.org/gallery/screencaps/outlaw-star/episode-15/,https://animehistory.org/gallery/screencaps/outlaw-star/episode-15/?page=3,3,2026-10-07T01:49:48.040209+00:00,cff70384eb11efe3151eebee561187cfbb968f6c0b0ae2ae210891f9da9c08b1,,UNVERIFIED
EP-15,The Seven Emerge,00:17:49,1069,851993,https://animehistory.org/uploads/screencaps/outlaw-star-E015-The-Seven-Emerge/cap_00-17-49_480e.jpg,Outlaw Star Ep 15: The Seven Emerge @ 00:17:49,https://animehistory.org/gallery/screencaps/outlaw-star/episode-15/,https://animehistory.org/gallery/screencaps/outlaw-star/episode-15/?page=3,3,2026-10-07T01:49:48.040209+00:00,cff70384eb11efe3151eebee561187cfbb968f6c0b0ae2ae210891f9da9c08b1,,UNVERIFIED
EP-15,The Seven Emerge,00:17:53,1073,851994,https://animehistory.org/uploads/screencaps/outlaw-star-E015-The-Seven-Emerge/cap_00-17-53_47ad.jpg,Outlaw Star Ep 15: The Seven Emerge @ 00:17:53,https://animehistory.org/gallery/screencaps/outlaw-star/episode-15/,https://animehistory.org/gallery/screencaps/outlaw-star/episode-15/?page=3,3,2026-10-07T01:49:48.040209+00:00,cff70384eb11efe3151eebee561187cfbb968f6c0b0ae2ae210891f9da9c08b1,,UNVERIFIED
EP-15,The Seven Emerge,00:17:56,1076,851995,https://animehistory.org/uploads/screencaps/outlaw-star-E015-The-Seven-Emerge/cap_00-17-56_026d.jpg,Outlaw Star Ep 15: The Seven Emerge @ 00:17:56,https://animehistory.org/gallery/screencaps/outlaw-star/episode-15/,https://animehistory.org/gallery/screencaps/outlaw-star/episode-15/?page=3,3,2026-10-07T01:49:48.040209+00:00,cff70384eb11efe3151eebee561187cfbb968f6c0b0ae2ae210891f9da9c08b1,,UNVERIFIED
EP-15,The Seven Emerge,00:18:00,1080,851996,https://animehistory.org/uploads/screencaps/outlaw-star-E015-The-Seven-Emerge/cap_00-18-00_38be.jpg,Outlaw Star Ep 15: The Seven Emerge @ 00:18:00,https://animehistory.org/gallery/screencaps/outlaw-star/episode-15/,https://animehistory.org/gallery/screencaps/outlaw-star/episode-15/?page=3,3,2026-10-07T01:49:48.040209+00:00,cff70384eb11efe3151eebee561187cfbb968f6c0b0ae2ae210891f9da9c08b1,,UNVERIFIED
EP-15,The Seven Emerge,00:18:04,1084,851997,https://animehistory.org/uploads/screencaps/outlaw-star-E015-The-Seven-Emerge/cap_00-18-04_02cc.jpg,Outlaw Star Ep 15: The Seven Emerge @ 00:18:04,https://animehistory.org/gallery/screencaps/outlaw-star/episode-15/,https://animehistory.org/gallery/screencaps/outlaw-star/episode-15/?page=3,3,2026-10-07T01:49:48.040209+00:00,cff70384eb11efe3151eebee561187cfbb968f6c0b0ae2ae210891f9da9c08b1,,UNVERIFIED
EP-15,The Seven Emerge,00:18:07,1087,851998,https://animehistory.org/uploads/screencaps/outlaw-star-E015-The-Seven-Emerge/cap_00-18-07_35de.jpg,Outlaw Star Ep 15: The Seven Emerge @ 00:18:07,https://animehistory.org/gallery/screencaps/outlaw-star/episode-15/,https://animehistory.org/gallery/screencaps/outlaw-star/episode-15/?page=3,3,2026-10-07T01:49:48.040209+00:00,cff70384eb11efe3151eebee561187cfbb968f6c0b0ae2ae210891f9da9c08b1,,UNVERIFIED
EP-15,The Seven Emerge,00:18:11,1091,851999,https://animehistory.org/uploads/screencaps/outlaw-star-E015-The-Seven-Emerge/cap_00-18-11_293f.jpg,Outlaw Star Ep 15: The Seven Emerge @ 00:18:11,https://animehistory.org/gallery/screencaps/outlaw-star/episode-15/,https://animehistory.org/gallery/screencaps/outlaw-star/episode-15/?page=3,3,2026-10-07T01:49:48.040209+00:00,cff70384eb11efe3151eebee561187cfbb968f6c0b0ae2ae210891f9da9c08b1,,UNVERIFIED
EP-15,The Seven Emerge,00:18:15,1095,852000,https://animehistory.org/uploads/screencaps/outlaw-star-E015-The-Seven-Emerge/cap_00-18-15_4e07.jpg,Outlaw Star Ep 15: The Seven Emerge @ 00:18:15,https://animehistory.org/gallery/screencaps/outlaw-star/episode-15/,https://animehistory.org/gallery/screencaps/outlaw-star/episode-15/?page=3,3,2026-10-07T01:49:48.040209+00:00,cff70384eb11efe3151eebee561187cfbb968f6c0b0ae2ae210891f9da9c08b1,,UNVERIFIED
EP-15,The Seven Emerge,00:18:18,1098,852001,https://animehistory.org/uploads/screencaps/outlaw-star-E015-The-Seven-Emerge/cap_00-18-18_5fcc.jpg,Outlaw Star Ep 15: The Seven Emerge @ 00:18:18,https://animehistory.org/gallery/screencaps/outlaw-star/episode-15/,https://animehistory.org/gallery/screencaps/outlaw-star/episode-15/?page=3,3,2026-10-07T01:49:48.040209+00:00,cff70384eb11efe3151eebee561187cfbb968f6c0b0ae2ae210891f9da9c08b1,,UNVERIFIED
EP-15,The Seven Emerge,00:18:22,1102,852002,https://animehistory.org/uploads/screencaps/outlaw-star-E015-The-Seven-Emerge/cap_00-18-22_014b.jpg,Outlaw Star Ep 15: The Seven Emerge @ 00:18:22,https://animehistory.org/gallery/screencaps/outlaw-star/episode-15/,https://animehistory.org/gallery/screencaps/outlaw-star/episode-15/?page=3,3,2026-10-07T01:49:48.040209+00:00,cff70384eb11efe3151eebee561187cfbb968f6c0b0ae2ae210891f9da9c08b1,,UNVERIFIED
EP-15,The Seven Emerge,00:18:26,1106,852003,https://animehistory.org/uploads/screencaps/outlaw-star-E015-The-Seven-Emerge/cap_00-18-26_665b.jpg,Outlaw Star Ep 15: The Seven Emerge @ 00:18:26,https://animehistory.org/gallery/screencaps/outlaw-star/episode-15/,https://animehistory.org/gallery/screencaps/outlaw-star/episode-15/?page=3,3,2026-10-07T01:49:48.040209+00:00,cff70384eb11efe3151eebee561187cfbb968f6c0b0ae2ae210891f9da9c08b1,,UNVERIFIED
EP-15,The Seven Emerge,00:18:29,1109,852004,https://animehistory.org/uploads/screencaps/outlaw-star-E015-The-Seven-Emerge/cap_00-18-29_4cd2.jpg,Outlaw Star Ep 15: The Seven Emerge @ 00:18:29,https://animehistory.org/gallery/screencaps/outlaw-star/episode-15/,https://animehistory.org/gallery/screencaps/outlaw-star/episode-15/?page=3,3,2026-10-07T01:49:48.040209+00:00,cff70384eb11efe3151eebee561187cfbb968f6c0b0ae2ae210891f9da9c08b1,,UNVERIFIED
EP-15,The Seven Emerge,00:18:33,1113,852005,https://animehistory.org/uploads/screencaps/outlaw-star-E015-The-Seven-Emerge/cap_00-18-33_7c19.jpg,Outlaw Star Ep 15: The Seven Emerge @ 00:18:33,https://animehistory.org/gallery/screencaps/outlaw-star/episode-15/,https://animehistory.org/gallery/screencaps/outlaw-star/episode-15/?page=3,3,2026-10-07T01:49:48.040209+00:00,cff70384eb11efe3151eebee561187cfbb968f6c0b0ae2ae210891f9da9c08b1,,UNVERIFIED
EP-15,The Seven Emerge,00:18:37,1117,852006,https://animehistory.org/uploads/screencaps/outlaw-star-E015-The-Seven-Emerge/cap_00-18-37_65f5.jpg,Outlaw Star Ep 15: The Seven Emerge @ 00:18:37,https://animehistory.org/gallery/screencaps/outlaw-star/episode-15/,https://animehistory.org/gallery/screencaps/outlaw-star/episode-15/?page=3,3,2026-10-07T01:49:48.040209+00:00,cff70384eb11efe3151eebee561187cfbb968f6c0b0ae2ae210891f9da9c08b1,,UNVERIFIED
EP-15,The Seven Emerge,00:18:40,1120,852007,https://animehistory.org/uploads/screencaps/outlaw-star-E015-The-Seven-Emerge/cap_00-18-40_25bf.jpg,Outlaw Star Ep 15: The Seven Emerge @ 00:18:40,https://animehistory.org/gallery/screencaps/outlaw-star/episode-15/,https://animehistory.org/gallery/screencaps/outlaw-star/episode-15/?page=3,3,2026-10-07T01:49:48.040209+00:00,cff70384eb11efe3151eebee561187cfbb968f6c0b0ae2ae210891f9da9c08b1,,UNVERIFIED
EP-15,The Seven Emerge,00:18:44,1124,852008,https://animehistory.org/uploads/screencaps/outlaw-star-E015-The-Seven-Emerge/cap_00-18-44_7025.jpg,Outlaw Star Ep 15: The Seven Emerge @ 00:18:44,https://animehistory.org/gallery/screencaps/outlaw-star/episode-15/,https://animehistory.org/gallery/screencaps/outlaw-star/episode-15/?page=3,3,2026-10-07T01:49:48.040209+00:00,cff70384eb11efe3151eebee561187cfbb968f6c0b0ae2ae210891f9da9c08b1,,UNVERIFIED
EP-15,The Seven Emerge,00:18:48,1128,852009,https://animehistory.org/uploads/screencaps/outlaw-star-E015-The-Seven-Emerge/cap_00-18-48_7105.jpg,Outlaw Star Ep 15: The Seven Emerge @ 00:18:48,https://animehistory.org/gallery/screencaps/outlaw-star/episode-15/,https://animehistory.org/gallery/screencaps/outlaw-star/episode-15/?page=3,3,2026-10-07T01:49:48.040209+00:00,cff70384eb11efe3151eebee561187cfbb968f6c0b0ae2ae210891f9da9c08b1,,UNVERIFIED
EP-15,The Seven Emerge,00:18:51,1131,852010,https://animehistory.org/uploads/screencaps/outlaw-star-E015-The-Seven-Emerge/cap_00-18-51_3d3d.jpg,Outlaw Star Ep 15: The Seven Emerge @ 00:18:51,https://animehistory.org/gallery/screencaps/outlaw-star/episode-15/,https://animehistory.org/gallery/screencaps/outlaw-star/episode-15/?page=3,3,2026-10-07T01:49:48.040209+00:00,cff70384eb11efe3151eebee561187cfbb968f6c0b0ae2ae210891f9da9c08b1,,UNVERIFIED
EP-15,The Seven Emerge,00:18:55,1135,852011,https://animehistory.org/uploads/screencaps/outlaw-star-E015-The-Seven-Emerge/cap_00-18-55_3532.jpg,Outlaw Star Ep 15: The Seven Emerge @ 00:18:55,https://animehistory.org/gallery/screencaps/outlaw-star/episode-15/,https://animehistory.org/gallery/screencaps/outlaw-star/episode-15/?page=3,3,2026-10-07T01:49:48.040209+00:00,cff70384eb11efe3151eebee561187cfbb968f6c0b0ae2ae210891f9da9c08b1,,UNVERIFIED
EP-15,The Seven Emerge,00:18:59,1139,852012,https://animehistory.org/uploads/screencaps/outlaw-star-E015-The-Seven-Emerge/cap_00-18-59_2803.jpg,Outlaw Star Ep 15: The Seven Emerge @ 00:18:59,https://animehistory.org/gallery/screencaps/outlaw-star/episode-15/,https://animehistory.org/gallery/screencaps/outlaw-star/episode-15/?page=3,3,2026-10-07T01:49:48.040209+00:00,cff70384eb11efe3151eebee561187cfbb968f6c0b0ae2ae210891f9da9c08b1,,UNVERIFIED
EP-15,The Seven Emerge,00:19:02,1142,852013,https://animehistory.org/uploads/screencaps/outlaw-star-E015-The-Seven-Emerge/cap_00-19-02_7104.jpg,Outlaw Star Ep 15: The Seven Emerge @ 00:19:02,https://animehistory.org/gallery/screencaps/outlaw-star/episode-15/,https://animehistory.org/gallery/screencaps/outlaw-star/episode-15/?page=3,3,2026-10-07T01:49:48.040209+00:00,cff70384eb11efe3151eebee561187cfbb968f6c0b0ae2ae210891f9da9c08b1,,UNVERIFIED
EP-15,The Seven Emerge,00:19:06,1146,852014,https://animehistory.org/uploads/screencaps/outlaw-star-E015-The-Seven-Emerge/cap_00-19-06_4690.jpg,Outlaw Star Ep 15: The Seven Emerge @ 00:19:06,https://animehistory.org/gallery/screencaps/outlaw-star/episode-15/,https://animehistory.org/gallery/screencaps/outlaw-star/episode-15/?page=3,3,2026-10-07T01:49:48.040209+00:00,cff70384eb11efe3151eebee561187cfbb968f6c0b0ae2ae210891f9da9c08b1,,UNVERIFIED
EP-15,The Seven Emerge,00:19:10,1150,852015,https://animehistory.org/uploads/screencaps/outlaw-star-E015-The-Seven-Emerge/cap_00-19-10_7267.jpg,Outlaw Star Ep 15: The Seven Emerge @ 00:19:10,https://animehistory.org/gallery/screencaps/outlaw-star/episode-15/,https://animehistory.org/gallery/screencaps/outlaw-star/episode-15/?page=3,3,2026-10-07T01:49:48.040209+00:00,cff70384eb11efe3151eebee561187cfbb968f6c0b0ae2ae210891f9da9c08b1,,UNVERIFIED
EP-15,The Seven Emerge,00:19:13,1153,852016,https://animehistory.org/uploads/screencaps/outlaw-star-E015-The-Seven-Emerge/cap_00-19-13_0c22.jpg,Outlaw Star Ep 15: The Seven Emerge @ 00:19:13,https://animehistory.org/gallery/screencaps/outlaw-star/episode-15/,https://animehistory.org/gallery/screencaps/outlaw-star/episode-15/?page=3,3,2026-10-07T01:49:48.040209+00:00,cff70384eb11efe3151eebee561187cfbb968f6c0b0ae2ae210891f9da9c08b1,,UNVERIFIED
EP-15,The Seven Emerge,00:19:17,1157,852017,https://animehistory.org/uploads/screencaps/outlaw-star-E015-The-Seven-Emerge/cap_00-19-17_4d84.jpg,Outlaw Star Ep 15: The Seven Emerge @ 00:19:17,https://animehistory.org/gallery/screencaps/outlaw-star/episode-15/,https://animehistory.org/gallery/screencaps/outlaw-star/episode-15/?page=3,3,2026-10-07T01:49:48.040209+00:00,cff70384eb11efe3151eebee561187cfbb968f6c0b0ae2ae210891f9da9c08b1,,UNVERIFIED
EP-15,The Seven Emerge,00:19:21,1161,852018,https://animehistory.org/uploads/screencaps/outlaw-star-E015-The-Seven-Emerge/cap_00-19-21_5799.jpg,Outlaw Star Ep 15: The Seven Emerge @ 00:19:21,https://animehistory.org/gallery/screencaps/outlaw-star/episode-15/,https://animehistory.org/gallery/screencaps/outlaw-star/episode-15/?page=3,3,2026-10-07T01:49:48.040209+00:00,cff70384eb11efe3151eebee561187cfbb968f6c0b0ae2ae210891f9da9c08b1,,UNVERIFIED
EP-15,The Seven Emerge,00:19:24,1164,852019,https://animehistory.org/uploads/screencaps/outlaw-star-E015-The-Seven-Emerge/cap_00-19-24_05ed.jpg,Outlaw Star Ep 15: The Seven Emerge @ 00:19:24,https://animehistory.org/gallery/screencaps/outlaw-star/episode-15/,https://animehistory.org/gallery/screencaps/outlaw-star/episode-15/?page=3,3,2026-10-07T01:49:48.040209+00:00,cff70384eb11efe3151eebee561187cfbb968f6c0b0ae2ae210891f9da9c08b1,,UNVERIFIED
EP-15,The Seven Emerge,00:19:28,1168,852020,https://animehistory.org/uploads/screencaps/outlaw-star-E015-The-Seven-Emerge/cap_00-19-28_7c83.jpg,Outlaw Star Ep 15: The Seven Emerge @ 00:19:28,https://animehistory.org/gallery/screencaps/outlaw-star/episode-15/,https://animehistory.org/gallery/screencaps/outlaw-star/episode-15/?page=3,3,2026-10-07T01:49:48.040209+00:00,cff70384eb11efe3151eebee561187cfbb968f6c0b0ae2ae210891f9da9c08b1,,UNVERIFIED
EP-15,The Seven Emerge,00:19:32,1172,852021,https://animehistory.org/uploads/screencaps/outlaw-star-E015-The-Seven-Emerge/cap_00-19-32_0dfb.jpg,Outlaw Star Ep 15: The Seven Emerge @ 00:19:32,https://animehistory.org/gallery/screencaps/outlaw-star/episode-15/,https://animehistory.org/gallery/screencaps/outlaw-star/episode-15/?page=3,3,2026-10-07T01:49:48.040209+00:00,cff70384eb11efe3151eebee561187cfbb968f6c0b0ae2ae210891f9da9c08b1,,UNVERIFIED
EP-15,The Seven Emerge,00:19:35,1175,852022,https://animehistory.org/uploads/screencaps/outlaw-star-E015-The-Seven-Emerge/cap_00-19-35_7e7e.jpg,Outlaw Star Ep 15: The Seven Emerge @ 00:19:35,https://animehistory.org/gallery/screencaps/outlaw-star/episode-15/,https://animehistory.org/gallery/screencaps/outlaw-star/episode-15/?page=3,3,2026-10-07T01:49:48.040209+00:00,cff70384eb11efe3151eebee561187cfbb968f6c0b0ae2ae210891f9da9c08b1,,UNVERIFIED
EP-15,The Seven Emerge,00:19:39,1179,852023,https://animehistory.org/uploads/screencaps/outlaw-star-E015-The-Seven-Emerge/cap_00-19-39_5402.jpg,Outlaw Star Ep 15: The Seven Emerge @ 00:19:39,https://animehistory.org/gallery/screencaps/outlaw-star/episode-15/,https://animehistory.org/gallery/screencaps/outlaw-star/episode-15/?page=3,3,2026-10-07T01:49:48.040209+00:00,cff70384eb11efe3151eebee561187cfbb968f6c0b0ae2ae210891f9da9c08b1,,UNVERIFIED
EP-15,The Seven Emerge,00:19:43,1183,852024,https://animehistory.org/uploads/screencaps/outlaw-star-E015-The-Seven-Emerge/cap_00-19-43_32d7.jpg,Outlaw Star Ep 15: The Seven Emerge @ 00:19:43,https://animehistory.org/gallery/screencaps/outlaw-star/episode-15/,https://animehistory.org/gallery/screencaps/outlaw-star/episode-15/?page=3,3,2026-10-07T01:49:48.040209+00:00,cff70384eb11efe3151eebee561187cfbb968f6c0b0ae2ae210891f9da9c08b1,,UNVERIFIED
EP-15,The Seven Emerge,00:19:46,1186,852025,https://animehistory.org/uploads/screencaps/outlaw-star-E015-The-Seven-Emerge/cap_00-19-46_5d40.jpg,Outlaw Star Ep 15: The Seven Emerge @ 00:19:46,https://animehistory.org/gallery/screencaps/outlaw-star/episode-15/,https://animehistory.org/gallery/screencaps/outlaw-star/episode-15/?page=3,3,2026-10-07T01:49:48.040209+00:00,cff70384eb11efe3151eebee561187cfbb968f6c0b0ae2ae210891f9da9c08b1,,UNVERIFIED
EP-15,The Seven Emerge,00:19:50,1190,852026,https://animehistory.org/uploads/screencaps/outlaw-star-E015-The-Seven-Emerge/cap_00-19-50_726c.jpg,Outlaw Star Ep 15: The Seven Emerge @ 00:19:50,https://animehistory.org/gallery/screencaps/outlaw-star/episode-15/,https://animehistory.org/gallery/screencaps/outlaw-star/episode-15/?page=3,3,2026-10-07T01:49:48.040209+00:00,cff70384eb11efe3151eebee561187cfbb968f6c0b0ae2ae210891f9da9c08b1,,UNVERIFIED
EP-15,The Seven Emerge,00:19:54,1194,852027,https://animehistory.org/uploads/screencaps/outlaw-star-E015-The-Seven-Emerge/cap_00-19-54_0fe0.jpg,Outlaw Star Ep 15: The Seven Emerge @ 00:19:54,https://animehistory.org/gallery/screencaps/outlaw-star/episode-15/,https://animehistory.org/gallery/screencaps/outlaw-star/episode-15/?page=3,3,2026-10-07T01:49:48.040209+00:00,cff70384eb11efe3151eebee561187cfbb968f6c0b0ae2ae210891f9da9c08b1,,UNVERIFIED
EP-15,The Seven Emerge,00:19:57,1197,852028,https://animehistory.org/uploads/screencaps/outlaw-star-E015-The-Seven-Emerge/cap_00-19-57_3a39.jpg,Outlaw Star Ep 15: The Seven Emerge @ 00:19:57,https://animehistory.org/gallery/screencaps/outlaw-star/episode-15/,https://animehistory.org/gallery/screencaps/outlaw-star/episode-15/?page=3,3,2026-10-07T01:49:48.040209+00:00,cff70384eb11efe3151eebee561187cfbb968f6c0b0ae2ae210891f9da9c08b1,,UNVERIFIED
EP-15,The Seven Emerge,00:20:01,1201,852029,https://animehistory.org/uploads/screencaps/outlaw-star-E015-The-Seven-Emerge/cap_00-20-01_574e.jpg,Outlaw Star Ep 15: The Seven Emerge @ 00:20:01,https://animehistory.org/gallery/screencaps/outlaw-star/episode-15/,https://animehistory.org/gallery/screencaps/outlaw-star/episode-15/?page=4,4,2026-10-07T01:49:49.254758+00:00,0a81e6183baf9ab19aa1f4e54b4d865869a7b6ac2afd9672338f9aadca6907f5,,UNVERIFIED
EP-15,The Seven Emerge,00:20:05,1205,852030,https://animehistory.org/uploads/screencaps/outlaw-star-E015-The-Seven-Emerge/cap_00-20-05_6111.jpg,Outlaw Star Ep 15: The Seven Emerge @ 00:20:05,https://animehistory.org/gallery/screencaps/outlaw-star/episode-15/,https://animehistory.org/gallery/screencaps/outlaw-star/episode-15/?page=4,4,2026-10-07T01:49:49.254758+00:00,0a81e6183baf9ab19aa1f4e54b4d865869a7b6ac2afd9672338f9aadca6907f5,,UNVERIFIED
EP-15,The Seven Emerge,00:20:08,1208,852031,https://animehistory.org/uploads/screencaps/outlaw-star-E015-The-Seven-Emerge/cap_00-20-08_0989.jpg,Outlaw Star Ep 15: The Seven Emerge @ 00:20:08,https://animehistory.org/gallery/screencaps/outlaw-star/episode-15/,https://animehistory.org/gallery/screencaps/outlaw-star/episode-15/?page=4,4,2026-10-07T01:49:49.254758+00:00,0a81e6183baf9ab19aa1f4e54b4d865869a7b6ac2afd9672338f9aadca6907f5,,UNVERIFIED
EP-15,The Seven Emerge,00:20:12,1212,852032,https://animehistory.org/uploads/screencaps/outlaw-star-E015-The-Seven-Emerge/cap_00-20-12_4481.jpg,Outlaw Star Ep 15: The Seven Emerge @ 00:20:12,https://animehistory.org/gallery/screencaps/outlaw-star/episode-15/,https://animehistory.org/gallery/screencaps/outlaw-star/episode-15/?page=4,4,2026-10-07T01:49:49.254758+00:00,0a81e6183baf9ab19aa1f4e54b4d865869a7b6ac2afd9672338f9aadca6907f5,,UNVERIFIED
EP-15,The Seven Emerge,00:20:16,1216,852033,https://animehistory.org/uploads/screencaps/outlaw-star-E015-The-Seven-Emerge/cap_00-20-16_4ead.jpg,Outlaw Star Ep 15: The Seven Emerge @ 00:20:16,https://animehistory.org/gallery/screencaps/outlaw-star/episode-15/,https://animehistory.org/gallery/screencaps/outlaw-star/episode-15/?page=4,4,2026-10-07T01:49:49.254758+00:00,0a81e6183baf9ab19aa1f4e54b4d865869a7b6ac2afd9672338f9aadca6907f5,,UNVERIFIED
EP-15,The Seven Emerge,00:20:19,1219,852034,https://animehistory.org/uploads/screencaps/outlaw-star-E015-The-Seven-Emerge/cap_00-20-19_6371.jpg,Outlaw Star Ep 15: The Seven Emerge @ 00:20:19,https://animehistory.org/gallery/screencaps/outlaw-star/episode-15/,https://animehistory.org/gallery/screencaps/outlaw-star/episode-15/?page=4,4,2026-10-07T01:49:49.254758+00:00,0a81e6183baf9ab19aa1f4e54b4d865869a7b6ac2afd9672338f9aadca6907f5,,UNVERIFIED
EP-15,The Seven Emerge,00:20:23,1223,852035,https://animehistory.org/uploads/screencaps/outlaw-star-E015-The-Seven-Emerge/cap_00-20-23_2380.jpg,Outlaw Star Ep 15: The Seven Emerge @ 00:20:23,https://animehistory.org/gallery/screencaps/outlaw-star/episode-15/,https://animehistory.org/gallery/screencaps/outlaw-star/episode-15/?page=4,4,2026-10-07T01:49:49.254758+00:00,0a81e6183baf9ab19aa1f4e54b4d865869a7b6ac2afd9672338f9aadca6907f5,,UNVERIFIED
EP-15,The Seven Emerge,00:20:27,1227,852036,https://animehistory.org/uploads/screencaps/outlaw-star-E015-The-Seven-Emerge/cap_00-20-27_78e3.jpg,Outlaw Star Ep 15: The Seven Emerge @ 00:20:27,https://animehistory.org/gallery/screencaps/outlaw-star/episode-15/,https://animehistory.org/gallery/screencaps/outlaw-star/episode-15/?page=4,4,2026-10-07T01:49:49.254758+00:00,0a81e6183baf9ab19aa1f4e54b4d865869a7b6ac2afd9672338f9aadca6907f5,,UNVERIFIED
EP-15,The Seven Emerge,00:20:30,1230,852037,https://animehistory.org/uploads/screencaps/outlaw-star-E015-The-Seven-Emerge/cap_00-20-30_20cb.jpg,Outlaw Star Ep 15: The Seven Emerge @ 00:20:30,https://animehistory.org/gallery/screencaps/outlaw-star/episode-15/,https://animehistory.org/gallery/screencaps/outlaw-star/episode-15/?page=4,4,2026-10-07T01:49:49.254758+00:00,0a81e6183baf9ab19aa1f4e54b4d865869a7b6ac2afd9672338f9aadca6907f5,,UNVERIFIED
EP-15,The Seven Emerge,00:20:34,1234,852038,https://animehistory.org/uploads/screencaps/outlaw-star-E015-The-Seven-Emerge/cap_00-20-34_0a49.jpg,Outlaw Star Ep 15: The Seven Emerge @ 00:20:34,https://animehistory.org/gallery/screencaps/outlaw-star/episode-15/,https://animehistory.org/gallery/screencaps/outlaw-star/episode-15/?page=4,4,2026-10-07T01:49:49.254758+00:00,0a81e6183baf9ab19aa1f4e54b4d865869a7b6ac2afd9672338f9aadca6907f5,,UNVERIFIED
EP-15,The Seven Emerge,00:20:37,1237,852039,https://animehistory.org/uploads/screencaps/outlaw-star-E015-The-Seven-Emerge/cap_00-20-37_4654.jpg,Outlaw Star Ep 15: The Seven Emerge @ 00:20:37,https://animehistory.org/gallery/screencaps/outlaw-star/episode-15/,https://animehistory.org/gallery/screencaps/outlaw-star/episode-15/?page=4,4,2026-10-07T01:49:49.254758+00:00,0a81e6183baf9ab19aa1f4e54b4d865869a7b6ac2afd9672338f9aadca6907f5,,UNVERIFIED
EP-15,The Seven Emerge,00:20:41,1241,852040,https://animehistory.org/uploads/screencaps/outlaw-star-E015-The-Seven-Emerge/cap_00-20-41_0a24.jpg,Outlaw Star Ep 15: The Seven Emerge @ 00:20:41,https://animehistory.org/gallery/screencaps/outlaw-star/episode-15/,https://animehistory.org/gallery/screencaps/outlaw-star/episode-15/?page=4,4,2026-10-07T01:49:49.254758+00:00,0a81e6183baf9ab19aa1f4e54b4d865869a7b6ac2afd9672338f9aadca6907f5,,UNVERIFIED
EP-15,The Seven Emerge,00:20:45,1245,852041,https://animehistory.org/uploads/screencaps/outlaw-star-E015-The-Seven-Emerge/cap_00-20-45_3563.jpg,Outlaw Star Ep 15: The Seven Emerge @ 00:20:45,https://animehistory.org/gallery/screencaps/outlaw-star/episode-15/,https://animehistory.org/gallery/screencaps/outlaw-star/episode-15/?page=4,4,2026-10-07T01:49:49.254758+00:00,0a81e6183baf9ab19aa1f4e54b4d865869a7b6ac2afd9672338f9aadca6907f5,,UNVERIFIED
EP-15,The Seven Emerge,00:20:48,1248,852042,https://animehistory.org/uploads/screencaps/outlaw-star-E015-The-Seven-Emerge/cap_00-20-48_510e.jpg,Outlaw Star Ep 15: The Seven Emerge @ 00:20:48,https://animehistory.org/gallery/screencaps/outlaw-star/episode-15/,https://animehistory.org/gallery/screencaps/outlaw-star/episode-15/?page=4,4,2026-10-07T01:49:49.254758+00:00,0a81e6183baf9ab19aa1f4e54b4d865869a7b6ac2afd9672338f9aadca6907f5,,UNVERIFIED
EP-15,The Seven Emerge,00:20:52,1252,852043,https://animehistory.org/uploads/screencaps/outlaw-star-E015-The-Seven-Emerge/cap_00-20-52_3f67.jpg,Outlaw Star Ep 15: The Seven Emerge @ 00:20:52,https://animehistory.org/gallery/screencaps/outlaw-star/episode-15/,https://animehistory.org/gallery/screencaps/outlaw-star/episode-15/?page=4,4,2026-10-07T01:49:49.254758+00:00,0a81e6183baf9ab19aa1f4e54b4d865869a7b6ac2afd9672338f9aadca6907f5,,UNVERIFIED
EP-15,The Seven Emerge,00:20:56,1256,852044,https://animehistory.org/uploads/screencaps/outlaw-star-E015-The-Seven-Emerge/cap_00-20-56_5822.jpg,Outlaw Star Ep 15: The Seven Emerge @ 00:20:56,https://animehistory.org/gallery/screencaps/outlaw-star/episode-15/,https://animehistory.org/gallery/screencaps/outlaw-star/episode-15/?page=4,4,2026-10-07T01:49:49.254758+00:00,0a81e6183baf9ab19aa1f4e54b4d865869a7b6ac2afd9672338f9aadca6907f5,,UNVERIFIED
EP-15,The Seven Emerge,00:20:59,1259,852045,https://animehistory.org/uploads/screencaps/outlaw-star-E015-The-Seven-Emerge/cap_00-20-59_6097.jpg,Outlaw Star Ep 15: The Seven Emerge @ 00:20:59,https://animehistory.org/gallery/screencaps/outlaw-star/episode-15/,https://animehistory.org/gallery/screencaps/outlaw-star/episode-15/?page=4,4,2026-10-07T01:49:49.254758+00:00,0a81e6183baf9ab19aa1f4e54b4d865869a7b6ac2afd9672338f9aadca6907f5,,UNVERIFIED
EP-15,The Seven Emerge,00:21:03,1263,852046,https://animehistory.org/uploads/screencaps/outlaw-star-E015-The-Seven-Emerge/cap_00-21-03_6018.jpg,Outlaw Star Ep 15: The Seven Emerge @ 00:21:03,https://animehistory.org/gallery/screencaps/outlaw-star/episode-15/,https://animehistory.org/gallery/screencaps/outlaw-star/episode-15/?page=4,4,2026-10-07T01:49:49.254758+00:00,0a81e6183baf9ab19aa1f4e54b4d865869a7b6ac2afd9672338f9aadca6907f5,,UNVERIFIED
EP-15,The Seven Emerge,00:21:07,1267,852047,https://animehistory.org/uploads/screencaps/outlaw-star-E015-The-Seven-Emerge/cap_00-21-07_22cf.jpg,Outlaw Star Ep 15: The Seven Emerge @ 00:21:07,https://animehistory.org/gallery/screencaps/outlaw-star/episode-15/,https://animehistory.org/gallery/screencaps/outlaw-star/episode-15/?page=4,4,2026-10-07T01:49:49.254758+00:00,0a81e6183baf9ab19aa1f4e54b4d865869a7b6ac2afd9672338f9aadca6907f5,,UNVERIFIED
EP-15,The Seven Emerge,00:21:10,1270,852048,https://animehistory.org/uploads/screencaps/outlaw-star-E015-The-Seven-Emerge/cap_00-21-10_508a.jpg,Outlaw Star Ep 15: The Seven Emerge @ 00:21:10,https://animehistory.org/gallery/screencaps/outlaw-star/episode-15/,https://animehistory.org/gallery/screencaps/outlaw-star/episode-15/?page=4,4,2026-10-07T01:49:49.254758+00:00,0a81e6183baf9ab19aa1f4e54b4d865869a7b6ac2afd9672338f9aadca6907f5,,UNVERIFIED
EP-15,The Seven Emerge,00:21:14,1274,852049,https://animehistory.org/uploads/screencaps/outlaw-star-E015-The-Seven-Emerge/cap_00-21-14_1792.jpg,Outlaw Star Ep 15: The Seven Emerge @ 00:21:14,https://animehistory.org/gallery/screencaps/outlaw-star/episode-15/,https://animehistory.org/gallery/screencaps/outlaw-star/episode-15/?page=4,4,2026-10-07T01:49:49.254758+00:00,0a81e6183baf9ab19aa1f4e54b4d865869a7b6ac2afd9672338f9aadca6907f5,,UNVERIFIED
EP-15,The Seven Emerge,00:21:18,1278,852050,https://animehistory.org/uploads/screencaps/outlaw-star-E015-The-Seven-Emerge/cap_00-21-18_2af4.jpg,Outlaw Star Ep 15: The Seven Emerge @ 00:21:18,https://animehistory.org/gallery/screencaps/outlaw-star/episode-15/,https://animehistory.org/gallery/screencaps/outlaw-star/episode-15/?page=4,4,2026-10-07T01:49:49.254758+00:00,0a81e6183baf9ab19aa1f4e54b4d865869a7b6ac2afd9672338f9aadca6907f5,,UNVERIFIED
EP-15,The Seven Emerge,00:21:21,1281,852051,https://animehistory.org/uploads/screencaps/outlaw-star-E015-The-Seven-Emerge/cap_00-21-21_5a01.jpg,Outlaw Star Ep 15: The Seven Emerge @ 00:21:21,https://animehistory.org/gallery/screencaps/outlaw-star/episode-15/,https://animehistory.org/gallery/screencaps/outlaw-star/episode-15/?page=4,4,2026-10-07T01:49:49.254758+00:00,0a81e6183baf9ab19aa1f4e54b4d865869a7b6ac2afd9672338f9aadca6907f5,,UNVERIFIED
EP-15,The Seven Emerge,00:21:25,1285,852052,https://animehistory.org/uploads/screencaps/outlaw-star-E015-The-Seven-Emerge/cap_00-21-25_40e4.jpg,Outlaw Star Ep 15: The Seven Emerge @ 00:21:25,https://animehistory.org/gallery/screencaps/outlaw-star/episode-15/,https://animehistory.org/gallery/screencaps/outlaw-star/episode-15/?page=4,4,2026-10-07T01:49:49.254758+00:00,0a81e6183baf9ab19aa1f4e54b4d865869a7b6ac2afd9672338f9aadca6907f5,,UNVERIFIED
EP-15,The Seven Emerge,00:21:29,1289,852053,https://animehistory.org/uploads/screencaps/outlaw-star-E015-The-Seven-Emerge/cap_00-21-29_4090.jpg,Outlaw Star Ep 15: The Seven Emerge @ 00:21:29,https://animehistory.org/gallery/screencaps/outlaw-star/episode-15/,https://animehistory.org/gallery/screencaps/outlaw-star/episode-15/?page=4,4,2026-10-07T01:49:49.254758+00:00,0a81e6183baf9ab19aa1f4e54b4d865869a7b6ac2afd9672338f9aadca6907f5,,UNVERIFIED
EP-15,The Seven Emerge,00:21:32,1292,852054,https://animehistory.org/uploads/screencaps/outlaw-star-E015-The-Seven-Emerge/cap_00-21-32_15e6.jpg,Outlaw Star Ep 15: The Seven Emerge @ 00:21:32,https://animehistory.org/gallery/screencaps/outlaw-star/episode-15/,https://animehistory.org/gallery/screencaps/outlaw-star/episode-15/?page=4,4,2026-10-07T01:49:49.254758+00:00,0a81e6183baf9ab19aa1f4e54b4d865869a7b6ac2afd9672338f9aadca6907f5,,UNVERIFIED
EP-15,The Seven Emerge,00:21:36,1296,852055,https://animehistory.org/uploads/screencaps/outlaw-star-E015-The-Seven-Emerge/cap_00-21-36_0011.jpg,Outlaw Star Ep 15: The Seven Emerge @ 00:21:36,https://animehistory.org/gallery/screencaps/outlaw-star/episode-15/,https://animehistory.org/gallery/screencaps/outlaw-star/episode-15/?page=4,4,2026-10-07T01:49:49.254758+00:00,0a81e6183baf9ab19aa1f4e54b4d865869a7b6ac2afd9672338f9aadca6907f5,,UNVERIFIED
EP-15,The Seven Emerge,00:21:40,1300,852056,https://animehistory.org/uploads/screencaps/outlaw-star-E015-The-Seven-Emerge/cap_00-21-40_452c.jpg,Outlaw Star Ep 15: The Seven Emerge @ 00:21:40,https://animehistory.org/gallery/screencaps/outlaw-star/episode-15/,https://animehistory.org/gallery/screencaps/outlaw-star/episode-15/?page=4,4,2026-10-07T01:49:49.254758+00:00,0a81e6183baf9ab19aa1f4e54b4d865869a7b6ac2afd9672338f9aadca6907f5,,UNVERIFIED
EP-15,The Seven Emerge,00:21:43,1303,852057,https://animehistory.org/uploads/screencaps/outlaw-star-E015-The-Seven-Emerge/cap_00-21-43_5217.jpg,Outlaw Star Ep 15: The Seven Emerge @ 00:21:43,https://animehistory.org/gallery/screencaps/outlaw-star/episode-15/,https://animehistory.org/gallery/screencaps/outlaw-star/episode-15/?page=4,4,2026-10-07T01:49:49.254758+00:00,0a81e6183baf9ab19aa1f4e54b4d865869a7b6ac2afd9672338f9aadca6907f5,,UNVERIFIED
EP-15,The Seven Emerge,00:21:47,1307,852058,https://animehistory.org/uploads/screencaps/outlaw-star-E015-The-Seven-Emerge/cap_00-21-47_26b3.jpg,Outlaw Star Ep 15: The Seven Emerge @ 00:21:47,https://animehistory.org/gallery/screencaps/outlaw-star/episode-15/,https://animehistory.org/gallery/screencaps/outlaw-star/episode-15/?page=4,4,2026-10-07T01:49:49.254758+00:00,0a81e6183baf9ab19aa1f4e54b4d865869a7b6ac2afd9672338f9aadca6907f5,,UNVERIFIED
EP-15,The Seven Emerge,00:21:51,1311,852059,https://animehistory.org/uploads/screencaps/outlaw-star-E015-The-Seven-Emerge/cap_00-21-51_29d1.jpg,Outlaw Star Ep 15: The Seven Emerge @ 00:21:51,https://animehistory.org/gallery/screencaps/outlaw-star/episode-15/,https://animehistory.org/gallery/screencaps/outlaw-star/episode-15/?page=4,4,2026-10-07T01:49:49.254758+00:00,0a81e6183baf9ab19aa1f4e54b4d865869a7b6ac2afd9672338f9aadca6907f5,,UNVERIFIED
EP-15,The Seven Emerge,00:21:54,1314,852060,https://animehistory.org/uploads/screencaps/outlaw-star-E015-The-Seven-Emerge/cap_00-21-54_6583.jpg,Outlaw Star Ep 15: The Seven Emerge @ 00:21:54,https://animehistory.org/gallery/screencaps/outlaw-star/episode-15/,https://animehistory.org/gallery/screencaps/outlaw-star/episode-15/?page=4,4,2026-10-07T01:49:49.254758+00:00,0a81e6183baf9ab19aa1f4e54b4d865869a7b6ac2afd9672338f9aadca6907f5,,UNVERIFIED
EP-15,The Seven Emerge,00:21:58,1318,852061,https://animehistory.org/uploads/screencaps/outlaw-star-E015-The-Seven-Emerge/cap_00-21-58_387d.jpg,Outlaw Star Ep 15: The Seven Emerge @ 00:21:58,https://animehistory.org/gallery/screencaps/outlaw-star/episode-15/,https://animehistory.org/gallery/screencaps/outlaw-star/episode-15/?page=4,4,2026-10-07T01:49:49.254758+00:00,0a81e6183baf9ab19aa1f4e54b4d865869a7b6ac2afd9672338f9aadca6907f5,,UNVERIFIED
EP-15,The Seven Emerge,00:22:02,1322,852062,https://animehistory.org/uploads/screencaps/outlaw-star-E015-The-Seven-Emerge/cap_00-22-02_1ca6.jpg,Outlaw Star Ep 15: The Seven Emerge @ 00:22:02,https://animehistory.org/gallery/screencaps/outlaw-star/episode-15/,https://animehistory.org/gallery/screencaps/outlaw-star/episode-15/?page=4,4,2026-10-07T01:49:49.254758+00:00,0a81e6183baf9ab19aa1f4e54b4d865869a7b6ac2afd9672338f9aadca6907f5,,UNVERIFIED
EP-15,The Seven Emerge,00:22:05,1325,852063,https://animehistory.org/uploads/screencaps/outlaw-star-E015-The-Seven-Emerge/cap_00-22-05_73e5.jpg,Outlaw Star Ep 15: The Seven Emerge @ 00:22:05,https://animehistory.org/gallery/screencaps/outlaw-star/episode-15/,https://animehistory.org/gallery/screencaps/outlaw-star/episode-15/?page=4,4,2026-10-07T01:49:49.254758+00:00,0a81e6183baf9ab19aa1f4e54b4d865869a7b6ac2afd9672338f9aadca6907f5,,UNVERIFIED
EP-15,The Seven Emerge,00:22:09,1329,852064,https://animehistory.org/uploads/screencaps/outlaw-star-E015-The-Seven-Emerge/cap_00-22-09_653b.jpg,Outlaw Star Ep 15: The Seven Emerge @ 00:22:09,https://animehistory.org/gallery/screencaps/outlaw-star/episode-15/,https://animehistory.org/gallery/screencaps/outlaw-star/episode-15/?page=4,4,2026-10-07T01:49:49.254758+00:00,0a81e6183baf9ab19aa1f4e54b4d865869a7b6ac2afd9672338f9aadca6907f5,,UNVERIFIED
EP-15,The Seven Emerge,00:22:13,1333,852065,https://animehistory.org/uploads/screencaps/outlaw-star-E015-The-Seven-Emerge/cap_00-22-13_04a3.jpg,Outlaw Star Ep 15: The Seven Emerge @ 00:22:13,https://animehistory.org/gallery/screencaps/outlaw-star/episode-15/,https://animehistory.org/gallery/screencaps/outlaw-star/episode-15/?page=4,4,2026-10-07T01:49:49.254758+00:00,0a81e6183baf9ab19aa1f4e54b4d865869a7b6ac2afd9672338f9aadca6907f5,,UNVERIFIED
EP-15,The Seven Emerge,00:22:16,1336,852066,https://animehistory.org/uploads/screencaps/outlaw-star-E015-The-Seven-Emerge/cap_00-22-16_64aa.jpg,Outlaw Star Ep 15: The Seven Emerge @ 00:22:16,https://animehistory.org/gallery/screencaps/outlaw-star/episode-15/,https://animehistory.org/gallery/screencaps/outlaw-star/episode-15/?page=4,4,2026-10-07T01:49:49.254758+00:00,0a81e6183baf9ab19aa1f4e54b4d865869a7b6ac2afd9672338f9aadca6907f5,,UNVERIFIED
EP-15,The Seven Emerge,00:22:20,1340,852067,https://animehistory.org/uploads/screencaps/outlaw-star-E015-The-Seven-Emerge/cap_00-22-20_5d55.jpg,Outlaw Star Ep 15: The Seven Emerge @ 00:22:20,https://animehistory.org/gallery/screencaps/outlaw-star/episode-15/,https://animehistory.org/gallery/screencaps/outlaw-star/episode-15/?page=4,4,2026-10-07T01:49:49.254758+00:00,0a81e6183baf9ab19aa1f4e54b4d865869a7b6ac2afd9672338f9aadca6907f5,,UNVERIFIED
EP-15,The Seven Emerge,00:22:24,1344,852068,https://animehistory.org/uploads/screencaps/outlaw-star-E015-The-Seven-Emerge/cap_00-22-24_0443.jpg,Outlaw Star Ep 15: The Seven Emerge @ 00:22:24,https://animehistory.org/gallery/screencaps/outlaw-star/episode-15/,https://animehistory.org/gallery/screencaps/outlaw-star/episode-15/?page=4,4,2026-10-07T01:49:49.254758+00:00,0a81e6183baf9ab19aa1f4e54b4d865869a7b6ac2afd9672338f9aadca6907f5,,UNVERIFIED
EP-15,The Seven Emerge,00:22:27,1347,852069,https://animehistory.org/uploads/screencaps/outlaw-star-E015-The-Seven-Emerge/cap_00-22-27_7fb3.jpg,Outlaw Star Ep 15: The Seven Emerge @ 00:22:27,https://animehistory.org/gallery/screencaps/outlaw-star/episode-15/,https://animehistory.org/gallery/screencaps/outlaw-star/episode-15/?page=4,4,2026-10-07T01:49:49.254758+00:00,0a81e6183baf9ab19aa1f4e54b4d865869a7b6ac2afd9672338f9aadca6907f5,,UNVERIFIED
EP-15,The Seven Emerge,00:22:31,1351,852070,https://animehistory.org/uploads/screencaps/outlaw-star-E015-The-Seven-Emerge/cap_00-22-31_7c68.jpg,Outlaw Star Ep 15: The Seven Emerge @ 00:22:31,https://animehistory.org/gallery/screencaps/outlaw-star/episode-15/,https://animehistory.org/gallery/screencaps/outlaw-star/episode-15/?page=4,4,2026-10-07T01:49:49.254758+00:00,0a81e6183baf9ab19aa1f4e54b4d865869a7b6ac2afd9672338f9aadca6907f5,,UNVERIFIED
EP-15,The Seven Emerge,00:22:35,1355,852071,https://animehistory.org/uploads/screencaps/outlaw-star-E015-The-Seven-Emerge/cap_00-22-35_7f58.jpg,Outlaw Star Ep 15: The Seven Emerge @ 00:22:35,https://animehistory.org/gallery/screencaps/outlaw-star/episode-15/,https://animehistory.org/gallery/screencaps/outlaw-star/episode-15/?page=4,4,2026-10-07T01:49:49.254758+00:00,0a81e6183baf9ab19aa1f4e54b4d865869a7b6ac2afd9672338f9aadca6907f5,,UNVERIFIED
EP-15,The Seven Emerge,00:22:38,1358,852072,https://animehistory.org/uploads/screencaps/outlaw-star-E015-The-Seven-Emerge/cap_00-22-38_0658.jpg,Outlaw Star Ep 15: The Seven Emerge @ 00:22:38,https://animehistory.org/gallery/screencaps/outlaw-star/episode-15/,https://animehistory.org/gallery/screencaps/outlaw-star/episode-15/?page=4,4,2026-10-07T01:49:49.254758+00:00,0a81e6183baf9ab19aa1f4e54b4d865869a7b6ac2afd9672338f9aadca6907f5,,UNVERIFIED
EP-15,The Seven Emerge,00:22:42,1362,852073,https://animehistory.org/uploads/screencaps/outlaw-star-E015-The-Seven-Emerge/cap_00-22-42_74b8.jpg,Outlaw Star Ep 15: The Seven Emerge @ 00:22:42,https://animehistory.org/gallery/screencaps/outlaw-star/episode-15/,https://animehistory.org/gallery/screencaps/outlaw-star/episode-15/?page=4,4,2026-10-07T01:49:49.254758+00:00,0a81e6183baf9ab19aa1f4e54b4d865869a7b6ac2afd9672338f9aadca6907f5,,UNVERIFIED
EP-15,The Seven Emerge,00:22:46,1366,852074,https://animehistory.org/uploads/screencaps/outlaw-star-E015-The-Seven-Emerge/cap_00-22-46_6a9c.jpg,Outlaw Star Ep 15: The Seven Emerge @ 00:22:46,https://animehistory.org/gallery/screencaps/outlaw-star/episode-15/,https://animehistory.org/gallery/screencaps/outlaw-star/episode-15/?page=4,4,2026-10-07T01:49:49.254758+00:00,0a81e6183baf9ab19aa1f4e54b4d865869a7b6ac2afd9672338f9aadca6907f5,,UNVERIFIED
EP-15,The Seven Emerge,00:22:49,1369,852075,https://animehistory.org/uploads/screencaps/outlaw-star-E015-The-Seven-Emerge/cap_00-22-49_1319.jpg,Outlaw Star Ep 15: The Seven Emerge @ 00:22:49,https://animehistory.org/gallery/screencaps/outlaw-star/episode-15/,https://animehistory.org/gallery/screencaps/outlaw-star/episode-15/?page=4,4,2026-10-07T01:49:49.254758+00:00,0a81e6183baf9ab19aa1f4e54b4d865869a7b6ac2afd9672338f9aadca6907f5,,UNVERIFIED
EP-15,The Seven Emerge,00:22:53,1373,852076,https://animehistory.org/uploads/screencaps/outlaw-star-E015-The-Seven-Emerge/cap_00-22-53_1d37.jpg,Outlaw Star Ep 15: The Seven Emerge @ 00:22:53,https://animehistory.org/gallery/screencaps/outlaw-star/episode-15/,https://animehistory.org/gallery/screencaps/outlaw-star/episode-15/?page=4,4,2026-10-07T01:49:49.254758+00:00,0a81e6183baf9ab19aa1f4e54b4d865869a7b6ac2afd9672338f9aadca6907f5,,UNVERIFIED
EP-15,The Seven Emerge,00:22:57,1377,852077,https://animehistory.org/uploads/screencaps/outlaw-star-E015-The-Seven-Emerge/cap_00-22-57_1bbf.jpg,Outlaw Star Ep 15: The Seven Emerge @ 00:22:57,https://animehistory.org/gallery/screencaps/outlaw-star/episode-15/,https://animehistory.org/gallery/screencaps/outlaw-star/episode-15/?page=4,4,2026-10-07T01:49:49.254758+00:00,0a81e6183baf9ab19aa1f4e54b4d865869a7b6ac2afd9672338f9aadca6907f5,,UNVERIFIED
EP-15,The Seven Emerge,00:23:00,1380,852078,https://animehistory.org/uploads/screencaps/outlaw-star-E015-The-Seven-Emerge/cap_00-23-00_1c20.jpg,Outlaw Star Ep 15: The Seven Emerge @ 00:23:00,https://animehistory.org/gallery/screencaps/outlaw-star/episode-15/,https://animehistory.org/gallery/screencaps/outlaw-star/episode-15/?page=4,4,2026-10-07T01:49:49.254758+00:00,0a81e6183baf9ab19aa1f4e54b4d865869a7b6ac2afd9672338f9aadca6907f5,,UNVERIFIED
EP-15,The Seven Emerge,00:23:04,1384,852079,https://animehistory.org/uploads/screencaps/outlaw-star-E015-The-Seven-Emerge/cap_00-23-04_3816.jpg,Outlaw Star Ep 15: The Seven Emerge @ 00:23:04,https://animehistory.org/gallery/screencaps/outlaw-star/episode-15/,https://animehistory.org/gallery/screencaps/outlaw-star/episode-15/?page=4,4,2026-10-07T01:49:49.254758+00:00,0a81e6183baf9ab19aa1f4e54b4d865869a7b6ac2afd9672338f9aadca6907f5,,UNVERIFIED
EP-15,The Seven Emerge,00:23:08,1388,852080,https://animehistory.org/uploads/screencaps/outlaw-star-E015-The-Seven-Emerge/cap_00-23-08_2859.jpg,Outlaw Star Ep 15: The Seven Emerge @ 00:23:08,https://animehistory.org/gallery/screencaps/outlaw-star/episode-15/,https://animehistory.org/gallery/screencaps/outlaw-star/episode-15/?page=4,4,2026-10-07T01:49:49.254758+00:00,0a81e6183baf9ab19aa1f4e54b4d865869a7b6ac2afd9672338f9aadca6907f5,,UNVERIFIED
EP-15,The Seven Emerge,00:23:11,1391,852081,https://animehistory.org/uploads/screencaps/outlaw-star-E015-The-Seven-Emerge/cap_00-23-11_4594.jpg,Outlaw Star Ep 15: The Seven Emerge @ 00:23:11,https://animehistory.org/gallery/screencaps/outlaw-star/episode-15/,https://animehistory.org/gallery/screencaps/outlaw-star/episode-15/?page=4,4,2026-10-07T01:49:49.254758+00:00,0a81e6183baf9ab19aa1f4e54b4d865869a7b6ac2afd9672338f9aadca6907f5,,UNVERIFIED
EP-15,The Seven Emerge,00:23:15,1395,852082,https://animehistory.org/uploads/screencaps/outlaw-star-E015-The-Seven-Emerge/cap_00-23-15_3a4d.jpg,Outlaw Star Ep 15: The Seven Emerge @ 00:23:15,https://animehistory.org/gallery/screencaps/outlaw-star/episode-15/,https://animehistory.org/gallery/screencaps/outlaw-star/episode-15/?page=4,4,2026-10-07T01:49:49.254758+00:00,0a81e6183baf9ab19aa1f4e54b4d865869a7b6ac2afd9672338f9aadca6907f5,,UNVERIFIED
