episode_id,episode_title,web_timestamp,web_seconds,image_id,image_url,caption,gallery_url,source_page_url,source_page,retrieved_utc,html_sha256,local_timestamp,alignment_status
EP-02,World of Desires,00:01:43,103,847127,https://animehistory.org/uploads/screencaps/outlaw-star-E002-World-of-Desires/cap_00-01-43_17b3.jpg,Outlaw Star Ep 2: World of Desires @ 00:01:43,https://animehistory.org/gallery/screencaps/outlaw-star/episode-2/,https://animehistory.org/gallery/screencaps/outlaw-star/episode-2/,1,2026-10-07T01:48:36.900451+00:00,5f4b6e7992a02d8759b9640cfcfb9a3eea08b96d5eb5fc3ce7ade4725cb0501c,,UNVERIFIED
EP-02,World of Desires,00:01:47,107,847128,https://animehistory.org/uploads/screencaps/outlaw-star-E002-World-of-Desires/cap_00-01-47_74a8.jpg,Outlaw Star Ep 2: World of Desires @ 00:01:47,https://animehistory.org/gallery/screencaps/outlaw-star/episode-2/,https://animehistory.org/gallery/screencaps/outlaw-star/episode-2/,1,2026-10-07T01:48:36.900451+00:00,5f4b6e7992a02d8759b9640cfcfb9a3eea08b96d5eb5fc3ce7ade4725cb0501c,,UNVERIFIED
EP-02,World of Desires,00:01:50,110,847129,https://animehistory.org/uploads/screencaps/outlaw-star-E002-World-of-Desires/cap_00-01-50_2f9b.jpg,Outlaw Star Ep 2: World of Desires @ 00:01:50,https://animehistory.org/gallery/screencaps/outlaw-star/episode-2/,https://animehistory.org/gallery/screencaps/outlaw-star/episode-2/,1,2026-10-07T01:48:36.900451+00:00,5f4b6e7992a02d8759b9640cfcfb9a3eea08b96d5eb5fc3ce7ade4725cb0501c,,UNVERIFIED
EP-02,World of Desires,00:01:54,114,847130,https://animehistory.org/uploads/screencaps/outlaw-star-E002-World-of-Desires/cap_00-01-54_45c7.jpg,Outlaw Star Ep 2: World of Desires @ 00:01:54,https://animehistory.org/gallery/screencaps/outlaw-star/episode-2/,https://animehistory.org/gallery/screencaps/outlaw-star/episode-2/,1,2026-10-07T01:48:36.900451+00:00,5f4b6e7992a02d8759b9640cfcfb9a3eea08b96d5eb5fc3ce7ade4725cb0501c,,UNVERIFIED
EP-02,World of Desires,00:01:58,118,847131,https://animehistory.org/uploads/screencaps/outlaw-star-E002-World-of-Desires/cap_00-01-58_1ee0.jpg,Outlaw Star Ep 2: World of Desires @ 00:01:58,https://animehistory.org/gallery/screencaps/outlaw-star/episode-2/,https://animehistory.org/gallery/screencaps/outlaw-star/episode-2/,1,2026-10-07T01:48:36.900451+00:00,5f4b6e7992a02d8759b9640cfcfb9a3eea08b96d5eb5fc3ce7ade4725cb0501c,,UNVERIFIED
EP-02,World of Desires,00:02:01,121,847132,https://animehistory.org/uploads/screencaps/outlaw-star-E002-World-of-Desires/cap_00-02-01_338f.jpg,Outlaw Star Ep 2: World of Desires @ 00:02:01,https://animehistory.org/gallery/screencaps/outlaw-star/episode-2/,https://animehistory.org/gallery/screencaps/outlaw-star/episode-2/,1,2026-10-07T01:48:36.900451+00:00,5f4b6e7992a02d8759b9640cfcfb9a3eea08b96d5eb5fc3ce7ade4725cb0501c,,UNVERIFIED
EP-02,World of Desires,00:02:05,125,847133,https://animehistory.org/uploads/screencaps/outlaw-star-E002-World-of-Desires/cap_00-02-05_491d.jpg,Outlaw Star Ep 2: World of Desires @ 00:02:05,https://animehistory.org/gallery/screencaps/outlaw-star/episode-2/,https://animehistory.org/gallery/screencaps/outlaw-star/episode-2/,1,2026-10-07T01:48:36.900451+00:00,5f4b6e7992a02d8759b9640cfcfb9a3eea08b96d5eb5fc3ce7ade4725cb0501c,,UNVERIFIED
EP-02,World of Desires,00:02:08,128,847134,https://animehistory.org/uploads/screencaps/outlaw-star-E002-World-of-Desires/cap_00-02-08_0bfe.jpg,Outlaw Star Ep 2: World of Desires @ 00:02:08,https://animehistory.org/gallery/screencaps/outlaw-star/episode-2/,https://animehistory.org/gallery/screencaps/outlaw-star/episode-2/,1,2026-10-07T01:48:36.900451+00:00,5f4b6e7992a02d8759b9640cfcfb9a3eea08b96d5eb5fc3ce7ade4725cb0501c,,UNVERIFIED
EP-02,World of Desires,00:02:12,132,847135,https://animehistory.org/uploads/screencaps/outlaw-star-E002-World-of-Desires/cap_00-02-12_44a2.jpg,Outlaw Star Ep 2: World of Desires @ 00:02:12,https://animehistory.org/gallery/screencaps/outlaw-star/episode-2/,https://animehistory.org/gallery/screencaps/outlaw-star/episode-2/,1,2026-10-07T01:48:36.900451+00:00,5f4b6e7992a02d8759b9640cfcfb9a3eea08b96d5eb5fc3ce7ade4725cb0501c,,UNVERIFIED
EP-02,World of Desires,00:02:16,136,847136,https://animehistory.org/uploads/screencaps/outlaw-star-E002-World-of-Desires/cap_00-02-16_05ac.jpg,Outlaw Star Ep 2: World of Desires @ 00:02:16,https://animehistory.org/gallery/screencaps/outlaw-star/episode-2/,https://animehistory.org/gallery/screencaps/outlaw-star/episode-2/,1,2026-10-07T01:48:36.900451+00:00,5f4b6e7992a02d8759b9640cfcfb9a3eea08b96d5eb5fc3ce7ade4725cb0501c,,UNVERIFIED
EP-02,World of Desires,00:02:19,139,847137,https://animehistory.org/uploads/screencaps/outlaw-star-E002-World-of-Desires/cap_00-02-19_4bbd.jpg,Outlaw Star Ep 2: World of Desires @ 00:02:19,https://animehistory.org/gallery/screencaps/outlaw-star/episode-2/,https://animehistory.org/gallery/screencaps/outlaw-star/episode-2/,1,2026-10-07T01:48:36.900451+00:00,5f4b6e7992a02d8759b9640cfcfb9a3eea08b96d5eb5fc3ce7ade4725cb0501c,,UNVERIFIED
EP-02,World of Desires,00:02:23,143,847138,https://animehistory.org/uploads/screencaps/outlaw-star-E002-World-of-Desires/cap_00-02-23_305f.jpg,Outlaw Star Ep 2: World of Desires @ 00:02:23,https://animehistory.org/gallery/screencaps/outlaw-star/episode-2/,https://animehistory.org/gallery/screencaps/outlaw-star/episode-2/,1,2026-10-07T01:48:36.900451+00:00,5f4b6e7992a02d8759b9640cfcfb9a3eea08b96d5eb5fc3ce7ade4725cb0501c,,UNVERIFIED
EP-02,World of Desires,00:02:27,147,847139,https://animehistory.org/uploads/screencaps/outlaw-star-E002-World-of-Desires/cap_00-02-27_1afc.jpg,Outlaw Star Ep 2: World of Desires @ 00:02:27,https://animehistory.org/gallery/screencaps/outlaw-star/episode-2/,https://animehistory.org/gallery/screencaps/outlaw-star/episode-2/,1,2026-10-07T01:48:36.900451+00:00,5f4b6e7992a02d8759b9640cfcfb9a3eea08b96d5eb5fc3ce7ade4725cb0501c,,UNVERIFIED
EP-02,World of Desires,00:02:30,150,847140,https://animehistory.org/uploads/screencaps/outlaw-star-E002-World-of-Desires/cap_00-02-30_4350.jpg,Outlaw Star Ep 2: World of Desires @ 00:02:30,https://animehistory.org/gallery/screencaps/outlaw-star/episode-2/,https://animehistory.org/gallery/screencaps/outlaw-star/episode-2/,1,2026-10-07T01:48:36.900451+00:00,5f4b6e7992a02d8759b9640cfcfb9a3eea08b96d5eb5fc3ce7ade4725cb0501c,,UNVERIFIED
EP-02,World of Desires,00:02:34,154,847141,https://animehistory.org/uploads/screencaps/outlaw-star-E002-World-of-Desires/cap_00-02-34_79c4.jpg,Outlaw Star Ep 2: World of Desires @ 00:02:34,https://animehistory.org/gallery/screencaps/outlaw-star/episode-2/,https://animehistory.org/gallery/screencaps/outlaw-star/episode-2/,1,2026-10-07T01:48:36.900451+00:00,5f4b6e7992a02d8759b9640cfcfb9a3eea08b96d5eb5fc3ce7ade4725cb0501c,,UNVERIFIED
EP-02,World of Desires,00:02:37,157,847142,https://animehistory.org/uploads/screencaps/outlaw-star-E002-World-of-Desires/cap_00-02-37_60be.jpg,Outlaw Star Ep 2: World of Desires @ 00:02:37,https://animehistory.org/gallery/screencaps/outlaw-star/episode-2/,https://animehistory.org/gallery/screencaps/outlaw-star/episode-2/,1,2026-10-07T01:48:36.900451+00:00,5f4b6e7992a02d8759b9640cfcfb9a3eea08b96d5eb5fc3ce7ade4725cb0501c,,UNVERIFIED
EP-02,World of Desires,00:02:41,161,847143,https://animehistory.org/uploads/screencaps/outlaw-star-E002-World-of-Desires/cap_00-02-41_19e6.jpg,Outlaw Star Ep 2: World of Desires @ 00:02:41,https://animehistory.org/gallery/screencaps/outlaw-star/episode-2/,https://animehistory.org/gallery/screencaps/outlaw-star/episode-2/,1,2026-10-07T01:48:36.900451+00:00,5f4b6e7992a02d8759b9640cfcfb9a3eea08b96d5eb5fc3ce7ade4725cb0501c,,UNVERIFIED
EP-02,World of Desires,00:02:45,165,847144,https://animehistory.org/uploads/screencaps/outlaw-star-E002-World-of-Desires/cap_00-02-45_10ec.jpg,Outlaw Star Ep 2: World of Desires @ 00:02:45,https://animehistory.org/gallery/screencaps/outlaw-star/episode-2/,https://animehistory.org/gallery/screencaps/outlaw-star/episode-2/,1,2026-10-07T01:48:36.900451+00:00,5f4b6e7992a02d8759b9640cfcfb9a3eea08b96d5eb5fc3ce7ade4725cb0501c,,UNVERIFIED
EP-02,World of Desires,00:02:48,168,847145,https://animehistory.org/uploads/screencaps/outlaw-star-E002-World-of-Desires/cap_00-02-48_0f20.jpg,Outlaw Star Ep 2: World of Desires @ 00:02:48,https://animehistory.org/gallery/screencaps/outlaw-star/episode-2/,https://animehistory.org/gallery/screencaps/outlaw-star/episode-2/,1,2026-10-07T01:48:36.900451+00:00,5f4b6e7992a02d8759b9640cfcfb9a3eea08b96d5eb5fc3ce7ade4725cb0501c,,UNVERIFIED
EP-02,World of Desires,00:02:52,172,847146,https://animehistory.org/uploads/screencaps/outlaw-star-E002-World-of-Desires/cap_00-02-52_3c5f.jpg,Outlaw Star Ep 2: World of Desires @ 00:02:52,https://animehistory.org/gallery/screencaps/outlaw-star/episode-2/,https://animehistory.org/gallery/screencaps/outlaw-star/episode-2/,1,2026-10-07T01:48:36.900451+00:00,5f4b6e7992a02d8759b9640cfcfb9a3eea08b96d5eb5fc3ce7ade4725cb0501c,,UNVERIFIED
EP-02,World of Desires,00:02:56,176,847147,https://animehistory.org/uploads/screencaps/outlaw-star-E002-World-of-Desires/cap_00-02-56_66ac.jpg,Outlaw Star Ep 2: World of Desires @ 00:02:56,https://animehistory.org/gallery/screencaps/outlaw-star/episode-2/,https://animehistory.org/gallery/screencaps/outlaw-star/episode-2/,1,2026-10-07T01:48:36.900451+00:00,5f4b6e7992a02d8759b9640cfcfb9a3eea08b96d5eb5fc3ce7ade4725cb0501c,,UNVERIFIED
EP-02,World of Desires,00:02:59,179,847148,https://animehistory.org/uploads/screencaps/outlaw-star-E002-World-of-Desires/cap_00-02-59_7163.jpg,Outlaw Star Ep 2: World of Desires @ 00:02:59,https://animehistory.org/gallery/screencaps/outlaw-star/episode-2/,https://animehistory.org/gallery/screencaps/outlaw-star/episode-2/,1,2026-10-07T01:48:36.900451+00:00,5f4b6e7992a02d8759b9640cfcfb9a3eea08b96d5eb5fc3ce7ade4725cb0501c,,UNVERIFIED
EP-02,World of Desires,00:03:03,183,847149,https://animehistory.org/uploads/screencaps/outlaw-star-E002-World-of-Desires/cap_00-03-03_77a7.jpg,Outlaw Star Ep 2: World of Desires @ 00:03:03,https://animehistory.org/gallery/screencaps/outlaw-star/episode-2/,https://animehistory.org/gallery/screencaps/outlaw-star/episode-2/,1,2026-10-07T01:48:36.900451+00:00,5f4b6e7992a02d8759b9640cfcfb9a3eea08b96d5eb5fc3ce7ade4725cb0501c,,UNVERIFIED
EP-02,World of Desires,00:03:06,186,847150,https://animehistory.org/uploads/screencaps/outlaw-star-E002-World-of-Desires/cap_00-03-06_07f5.jpg,Outlaw Star Ep 2: World of Desires @ 00:03:06,https://animehistory.org/gallery/screencaps/outlaw-star/episode-2/,https://animehistory.org/gallery/screencaps/outlaw-star/episode-2/,1,2026-10-07T01:48:36.900451+00:00,5f4b6e7992a02d8759b9640cfcfb9a3eea08b96d5eb5fc3ce7ade4725cb0501c,,UNVERIFIED
EP-02,World of Desires,00:03:10,190,847151,https://animehistory.org/uploads/screencaps/outlaw-star-E002-World-of-Desires/cap_00-03-10_70b2.jpg,Outlaw Star Ep 2: World of Desires @ 00:03:10,https://animehistory.org/gallery/screencaps/outlaw-star/episode-2/,https://animehistory.org/gallery/screencaps/outlaw-star/episode-2/,1,2026-10-07T01:48:36.900451+00:00,5f4b6e7992a02d8759b9640cfcfb9a3eea08b96d5eb5fc3ce7ade4725cb0501c,,UNVERIFIED
EP-02,World of Desires,00:03:14,194,847152,https://animehistory.org/uploads/screencaps/outlaw-star-E002-World-of-Desires/cap_00-03-14_1571.jpg,Outlaw Star Ep 2: World of Desires @ 00:03:14,https://animehistory.org/gallery/screencaps/outlaw-star/episode-2/,https://animehistory.org/gallery/screencaps/outlaw-star/episode-2/,1,2026-10-07T01:48:36.900451+00:00,5f4b6e7992a02d8759b9640cfcfb9a3eea08b96d5eb5fc3ce7ade4725cb0501c,,UNVERIFIED
EP-02,World of Desires,00:03:17,197,847153,https://animehistory.org/uploads/screencaps/outlaw-star-E002-World-of-Desires/cap_00-03-17_162f.jpg,Outlaw Star Ep 2: World of Desires @ 00:03:17,https://animehistory.org/gallery/screencaps/outlaw-star/episode-2/,https://animehistory.org/gallery/screencaps/outlaw-star/episode-2/,1,2026-10-07T01:48:36.900451+00:00,5f4b6e7992a02d8759b9640cfcfb9a3eea08b96d5eb5fc3ce7ade4725cb0501c,,UNVERIFIED
EP-02,World of Desires,00:03:21,201,847154,https://animehistory.org/uploads/screencaps/outlaw-star-E002-World-of-Desires/cap_00-03-21_6948.jpg,Outlaw Star Ep 2: World of Desires @ 00:03:21,https://animehistory.org/gallery/screencaps/outlaw-star/episode-2/,https://animehistory.org/gallery/screencaps/outlaw-star/episode-2/,1,2026-10-07T01:48:36.900451+00:00,5f4b6e7992a02d8759b9640cfcfb9a3eea08b96d5eb5fc3ce7ade4725cb0501c,,UNVERIFIED
EP-02,World of Desires,00:03:24,204,847155,https://animehistory.org/uploads/screencaps/outlaw-star-E002-World-of-Desires/cap_00-03-24_52e9.jpg,Outlaw Star Ep 2: World of Desires @ 00:03:24,https://animehistory.org/gallery/screencaps/outlaw-star/episode-2/,https://animehistory.org/gallery/screencaps/outlaw-star/episode-2/,1,2026-10-07T01:48:36.900451+00:00,5f4b6e7992a02d8759b9640cfcfb9a3eea08b96d5eb5fc3ce7ade4725cb0501c,,UNVERIFIED
EP-02,World of Desires,00:03:28,208,847156,https://animehistory.org/uploads/screencaps/outlaw-star-E002-World-of-Desires/cap_00-03-28_75cb.jpg,Outlaw Star Ep 2: World of Desires @ 00:03:28,https://animehistory.org/gallery/screencaps/outlaw-star/episode-2/,https://animehistory.org/gallery/screencaps/outlaw-star/episode-2/,1,2026-10-07T01:48:36.900451+00:00,5f4b6e7992a02d8759b9640cfcfb9a3eea08b96d5eb5fc3ce7ade4725cb0501c,,UNVERIFIED
EP-02,World of Desires,00:03:32,212,847157,https://animehistory.org/uploads/screencaps/outlaw-star-E002-World-of-Desires/cap_00-03-32_1132.jpg,Outlaw Star Ep 2: World of Desires @ 00:03:32,https://animehistory.org/gallery/screencaps/outlaw-star/episode-2/,https://animehistory.org/gallery/screencaps/outlaw-star/episode-2/,1,2026-10-07T01:48:36.900451+00:00,5f4b6e7992a02d8759b9640cfcfb9a3eea08b96d5eb5fc3ce7ade4725cb0501c,,UNVERIFIED
EP-02,World of Desires,00:03:35,215,847158,https://animehistory.org/uploads/screencaps/outlaw-star-E002-World-of-Desires/cap_00-03-35_6fa1.jpg,Outlaw Star Ep 2: World of Desires @ 00:03:35,https://animehistory.org/gallery/screencaps/outlaw-star/episode-2/,https://animehistory.org/gallery/screencaps/outlaw-star/episode-2/,1,2026-10-07T01:48:36.900451+00:00,5f4b6e7992a02d8759b9640cfcfb9a3eea08b96d5eb5fc3ce7ade4725cb0501c,,UNVERIFIED
EP-02,World of Desires,00:03:39,219,847159,https://animehistory.org/uploads/screencaps/outlaw-star-E002-World-of-Desires/cap_00-03-39_22ba.jpg,Outlaw Star Ep 2: World of Desires @ 00:03:39,https://animehistory.org/gallery/screencaps/outlaw-star/episode-2/,https://animehistory.org/gallery/screencaps/outlaw-star/episode-2/,1,2026-10-07T01:48:36.900451+00:00,5f4b6e7992a02d8759b9640cfcfb9a3eea08b96d5eb5fc3ce7ade4725cb0501c,,UNVERIFIED
EP-02,World of Desires,00:03:43,223,847160,https://animehistory.org/uploads/screencaps/outlaw-star-E002-World-of-Desires/cap_00-03-43_51b1.jpg,Outlaw Star Ep 2: World of Desires @ 00:03:43,https://animehistory.org/gallery/screencaps/outlaw-star/episode-2/,https://animehistory.org/gallery/screencaps/outlaw-star/episode-2/,1,2026-10-07T01:48:36.900451+00:00,5f4b6e7992a02d8759b9640cfcfb9a3eea08b96d5eb5fc3ce7ade4725cb0501c,,UNVERIFIED
EP-02,World of Desires,00:03:46,226,847161,https://animehistory.org/uploads/screencaps/outlaw-star-E002-World-of-Desires/cap_00-03-46_7f5a.jpg,Outlaw Star Ep 2: World of Desires @ 00:03:46,https://animehistory.org/gallery/screencaps/outlaw-star/episode-2/,https://animehistory.org/gallery/screencaps/outlaw-star/episode-2/,1,2026-10-07T01:48:36.900451+00:00,5f4b6e7992a02d8759b9640cfcfb9a3eea08b96d5eb5fc3ce7ade4725cb0501c,,UNVERIFIED
EP-02,World of Desires,00:03:50,230,847162,https://animehistory.org/uploads/screencaps/outlaw-star-E002-World-of-Desires/cap_00-03-50_5549.jpg,Outlaw Star Ep 2: World of Desires @ 00:03:50,https://animehistory.org/gallery/screencaps/outlaw-star/episode-2/,https://animehistory.org/gallery/screencaps/outlaw-star/episode-2/,1,2026-10-07T01:48:36.900451+00:00,5f4b6e7992a02d8759b9640cfcfb9a3eea08b96d5eb5fc3ce7ade4725cb0501c,,UNVERIFIED
EP-02,World of Desires,00:03:53,233,847163,https://animehistory.org/uploads/screencaps/outlaw-star-E002-World-of-Desires/cap_00-03-53_01f1.jpg,Outlaw Star Ep 2: World of Desires @ 00:03:53,https://animehistory.org/gallery/screencaps/outlaw-star/episode-2/,https://animehistory.org/gallery/screencaps/outlaw-star/episode-2/,1,2026-10-07T01:48:36.900451+00:00,5f4b6e7992a02d8759b9640cfcfb9a3eea08b96d5eb5fc3ce7ade4725cb0501c,,UNVERIFIED
EP-02,World of Desires,00:03:57,237,847164,https://animehistory.org/uploads/screencaps/outlaw-star-E002-World-of-Desires/cap_00-03-57_49aa.jpg,Outlaw Star Ep 2: World of Desires @ 00:03:57,https://animehistory.org/gallery/screencaps/outlaw-star/episode-2/,https://animehistory.org/gallery/screencaps/outlaw-star/episode-2/,1,2026-10-07T01:48:36.900451+00:00,5f4b6e7992a02d8759b9640cfcfb9a3eea08b96d5eb5fc3ce7ade4725cb0501c,,UNVERIFIED
EP-02,World of Desires,00:04:01,241,847165,https://animehistory.org/uploads/screencaps/outlaw-star-E002-World-of-Desires/cap_00-04-01_09be.jpg,Outlaw Star Ep 2: World of Desires @ 00:04:01,https://animehistory.org/gallery/screencaps/outlaw-star/episode-2/,https://animehistory.org/gallery/screencaps/outlaw-star/episode-2/,1,2026-10-07T01:48:36.900451+00:00,5f4b6e7992a02d8759b9640cfcfb9a3eea08b96d5eb5fc3ce7ade4725cb0501c,,UNVERIFIED
EP-02,World of Desires,00:04:04,244,847166,https://animehistory.org/uploads/screencaps/outlaw-star-E002-World-of-Desires/cap_00-04-04_188b.jpg,Outlaw Star Ep 2: World of Desires @ 00:04:04,https://animehistory.org/gallery/screencaps/outlaw-star/episode-2/,https://animehistory.org/gallery/screencaps/outlaw-star/episode-2/,1,2026-10-07T01:48:36.900451+00:00,5f4b6e7992a02d8759b9640cfcfb9a3eea08b96d5eb5fc3ce7ade4725cb0501c,,UNVERIFIED
EP-02,World of Desires,00:04:08,248,847167,https://animehistory.org/uploads/screencaps/outlaw-star-E002-World-of-Desires/cap_00-04-08_027a.jpg,Outlaw Star Ep 2: World of Desires @ 00:04:08,https://animehistory.org/gallery/screencaps/outlaw-star/episode-2/,https://animehistory.org/gallery/screencaps/outlaw-star/episode-2/,1,2026-10-07T01:48:36.900451+00:00,5f4b6e7992a02d8759b9640cfcfb9a3eea08b96d5eb5fc3ce7ade4725cb0501c,,UNVERIFIED
EP-02,World of Desires,00:04:12,252,847168,https://animehistory.org/uploads/screencaps/outlaw-star-E002-World-of-Desires/cap_00-04-12_415d.jpg,Outlaw Star Ep 2: World of Desires @ 00:04:12,https://animehistory.org/gallery/screencaps/outlaw-star/episode-2/,https://animehistory.org/gallery/screencaps/outlaw-star/episode-2/,1,2026-10-07T01:48:36.900451+00:00,5f4b6e7992a02d8759b9640cfcfb9a3eea08b96d5eb5fc3ce7ade4725cb0501c,,UNVERIFIED
EP-02,World of Desires,00:04:15,255,847169,https://animehistory.org/uploads/screencaps/outlaw-star-E002-World-of-Desires/cap_00-04-15_42e3.jpg,Outlaw Star Ep 2: World of Desires @ 00:04:15,https://animehistory.org/gallery/screencaps/outlaw-star/episode-2/,https://animehistory.org/gallery/screencaps/outlaw-star/episode-2/,1,2026-10-07T01:48:36.900451+00:00,5f4b6e7992a02d8759b9640cfcfb9a3eea08b96d5eb5fc3ce7ade4725cb0501c,,UNVERIFIED
EP-02,World of Desires,00:04:19,259,847170,https://animehistory.org/uploads/screencaps/outlaw-star-E002-World-of-Desires/cap_00-04-19_74c3.jpg,Outlaw Star Ep 2: World of Desires @ 00:04:19,https://animehistory.org/gallery/screencaps/outlaw-star/episode-2/,https://animehistory.org/gallery/screencaps/outlaw-star/episode-2/,1,2026-10-07T01:48:36.900451+00:00,5f4b6e7992a02d8759b9640cfcfb9a3eea08b96d5eb5fc3ce7ade4725cb0501c,,UNVERIFIED
EP-02,World of Desires,00:04:22,262,847171,https://animehistory.org/uploads/screencaps/outlaw-star-E002-World-of-Desires/cap_00-04-22_3aec.jpg,Outlaw Star Ep 2: World of Desires @ 00:04:22,https://animehistory.org/gallery/screencaps/outlaw-star/episode-2/,https://animehistory.org/gallery/screencaps/outlaw-star/episode-2/,1,2026-10-07T01:48:36.900451+00:00,5f4b6e7992a02d8759b9640cfcfb9a3eea08b96d5eb5fc3ce7ade4725cb0501c,,UNVERIFIED
EP-02,World of Desires,00:04:26,266,847172,https://animehistory.org/uploads/screencaps/outlaw-star-E002-World-of-Desires/cap_00-04-26_68bf.jpg,Outlaw Star Ep 2: World of Desires @ 00:04:26,https://animehistory.org/gallery/screencaps/outlaw-star/episode-2/,https://animehistory.org/gallery/screencaps/outlaw-star/episode-2/,1,2026-10-07T01:48:36.900451+00:00,5f4b6e7992a02d8759b9640cfcfb9a3eea08b96d5eb5fc3ce7ade4725cb0501c,,UNVERIFIED
EP-02,World of Desires,00:04:30,270,847173,https://animehistory.org/uploads/screencaps/outlaw-star-E002-World-of-Desires/cap_00-04-30_09a5.jpg,Outlaw Star Ep 2: World of Desires @ 00:04:30,https://animehistory.org/gallery/screencaps/outlaw-star/episode-2/,https://animehistory.org/gallery/screencaps/outlaw-star/episode-2/,1,2026-10-07T01:48:36.900451+00:00,5f4b6e7992a02d8759b9640cfcfb9a3eea08b96d5eb5fc3ce7ade4725cb0501c,,UNVERIFIED
EP-02,World of Desires,00:04:33,273,847174,https://animehistory.org/uploads/screencaps/outlaw-star-E002-World-of-Desires/cap_00-04-33_6b3f.jpg,Outlaw Star Ep 2: World of Desires @ 00:04:33,https://animehistory.org/gallery/screencaps/outlaw-star/episode-2/,https://animehistory.org/gallery/screencaps/outlaw-star/episode-2/,1,2026-10-07T01:48:36.900451+00:00,5f4b6e7992a02d8759b9640cfcfb9a3eea08b96d5eb5fc3ce7ade4725cb0501c,,UNVERIFIED
EP-02,World of Desires,00:04:37,277,847175,https://animehistory.org/uploads/screencaps/outlaw-star-E002-World-of-Desires/cap_00-04-37_77a1.jpg,Outlaw Star Ep 2: World of Desires @ 00:04:37,https://animehistory.org/gallery/screencaps/outlaw-star/episode-2/,https://animehistory.org/gallery/screencaps/outlaw-star/episode-2/,1,2026-10-07T01:48:36.900451+00:00,5f4b6e7992a02d8759b9640cfcfb9a3eea08b96d5eb5fc3ce7ade4725cb0501c,,UNVERIFIED
EP-02,World of Desires,00:04:40,280,847176,https://animehistory.org/uploads/screencaps/outlaw-star-E002-World-of-Desires/cap_00-04-40_010f.jpg,Outlaw Star Ep 2: World of Desires @ 00:04:40,https://animehistory.org/gallery/screencaps/outlaw-star/episode-2/,https://animehistory.org/gallery/screencaps/outlaw-star/episode-2/,1,2026-10-07T01:48:36.900451+00:00,5f4b6e7992a02d8759b9640cfcfb9a3eea08b96d5eb5fc3ce7ade4725cb0501c,,UNVERIFIED
EP-02,World of Desires,00:04:44,284,847177,https://animehistory.org/uploads/screencaps/outlaw-star-E002-World-of-Desires/cap_00-04-44_76b0.jpg,Outlaw Star Ep 2: World of Desires @ 00:04:44,https://animehistory.org/gallery/screencaps/outlaw-star/episode-2/,https://animehistory.org/gallery/screencaps/outlaw-star/episode-2/,1,2026-10-07T01:48:36.900451+00:00,5f4b6e7992a02d8759b9640cfcfb9a3eea08b96d5eb5fc3ce7ade4725cb0501c,,UNVERIFIED
EP-02,World of Desires,00:04:48,288,847178,https://animehistory.org/uploads/screencaps/outlaw-star-E002-World-of-Desires/cap_00-04-48_412b.jpg,Outlaw Star Ep 2: World of Desires @ 00:04:48,https://animehistory.org/gallery/screencaps/outlaw-star/episode-2/,https://animehistory.org/gallery/screencaps/outlaw-star/episode-2/,1,2026-10-07T01:48:36.900451+00:00,5f4b6e7992a02d8759b9640cfcfb9a3eea08b96d5eb5fc3ce7ade4725cb0501c,,UNVERIFIED
EP-02,World of Desires,00:04:51,291,847179,https://animehistory.org/uploads/screencaps/outlaw-star-E002-World-of-Desires/cap_00-04-51_13c0.jpg,Outlaw Star Ep 2: World of Desires @ 00:04:51,https://animehistory.org/gallery/screencaps/outlaw-star/episode-2/,https://animehistory.org/gallery/screencaps/outlaw-star/episode-2/,1,2026-10-07T01:48:36.900451+00:00,5f4b6e7992a02d8759b9640cfcfb9a3eea08b96d5eb5fc3ce7ade4725cb0501c,,UNVERIFIED
EP-02,World of Desires,00:04:55,295,847180,https://animehistory.org/uploads/screencaps/outlaw-star-E002-World-of-Desires/cap_00-04-55_3817.jpg,Outlaw Star Ep 2: World of Desires @ 00:04:55,https://animehistory.org/gallery/screencaps/outlaw-star/episode-2/,https://animehistory.org/gallery/screencaps/outlaw-star/episode-2/,1,2026-10-07T01:48:36.900451+00:00,5f4b6e7992a02d8759b9640cfcfb9a3eea08b96d5eb5fc3ce7ade4725cb0501c,,UNVERIFIED
EP-02,World of Desires,00:04:59,299,847181,https://animehistory.org/uploads/screencaps/outlaw-star-E002-World-of-Desires/cap_00-04-59_261c.jpg,Outlaw Star Ep 2: World of Desires @ 00:04:59,https://animehistory.org/gallery/screencaps/outlaw-star/episode-2/,https://animehistory.org/gallery/screencaps/outlaw-star/episode-2/,1,2026-10-07T01:48:36.900451+00:00,5f4b6e7992a02d8759b9640cfcfb9a3eea08b96d5eb5fc3ce7ade4725cb0501c,,UNVERIFIED
EP-02,World of Desires,00:05:02,302,847182,https://animehistory.org/uploads/screencaps/outlaw-star-E002-World-of-Desires/cap_00-05-02_1003.jpg,Outlaw Star Ep 2: World of Desires @ 00:05:02,https://animehistory.org/gallery/screencaps/outlaw-star/episode-2/,https://animehistory.org/gallery/screencaps/outlaw-star/episode-2/,1,2026-10-07T01:48:36.900451+00:00,5f4b6e7992a02d8759b9640cfcfb9a3eea08b96d5eb5fc3ce7ade4725cb0501c,,UNVERIFIED
EP-02,World of Desires,00:05:06,306,847183,https://animehistory.org/uploads/screencaps/outlaw-star-E002-World-of-Desires/cap_00-05-06_1a77.jpg,Outlaw Star Ep 2: World of Desires @ 00:05:06,https://animehistory.org/gallery/screencaps/outlaw-star/episode-2/,https://animehistory.org/gallery/screencaps/outlaw-star/episode-2/,1,2026-10-07T01:48:36.900451+00:00,5f4b6e7992a02d8759b9640cfcfb9a3eea08b96d5eb5fc3ce7ade4725cb0501c,,UNVERIFIED
EP-02,World of Desires,00:05:09,309,847184,https://animehistory.org/uploads/screencaps/outlaw-star-E002-World-of-Desires/cap_00-05-09_36f4.jpg,Outlaw Star Ep 2: World of Desires @ 00:05:09,https://animehistory.org/gallery/screencaps/outlaw-star/episode-2/,https://animehistory.org/gallery/screencaps/outlaw-star/episode-2/,1,2026-10-07T01:48:36.900451+00:00,5f4b6e7992a02d8759b9640cfcfb9a3eea08b96d5eb5fc3ce7ade4725cb0501c,,UNVERIFIED
EP-02,World of Desires,00:05:13,313,847185,https://animehistory.org/uploads/screencaps/outlaw-star-E002-World-of-Desires/cap_00-05-13_2de5.jpg,Outlaw Star Ep 2: World of Desires @ 00:05:13,https://animehistory.org/gallery/screencaps/outlaw-star/episode-2/,https://animehistory.org/gallery/screencaps/outlaw-star/episode-2/,1,2026-10-07T01:48:36.900451+00:00,5f4b6e7992a02d8759b9640cfcfb9a3eea08b96d5eb5fc3ce7ade4725cb0501c,,UNVERIFIED
EP-02,World of Desires,00:05:17,317,847186,https://animehistory.org/uploads/screencaps/outlaw-star-E002-World-of-Desires/cap_00-05-17_4c2b.jpg,Outlaw Star Ep 2: World of Desires @ 00:05:17,https://animehistory.org/gallery/screencaps/outlaw-star/episode-2/,https://animehistory.org/gallery/screencaps/outlaw-star/episode-2/,1,2026-10-07T01:48:36.900451+00:00,5f4b6e7992a02d8759b9640cfcfb9a3eea08b96d5eb5fc3ce7ade4725cb0501c,,UNVERIFIED
EP-02,World of Desires,00:05:20,320,847187,https://animehistory.org/uploads/screencaps/outlaw-star-E002-World-of-Desires/cap_00-05-20_20e7.jpg,Outlaw Star Ep 2: World of Desires @ 00:05:20,https://animehistory.org/gallery/screencaps/outlaw-star/episode-2/,https://animehistory.org/gallery/screencaps/outlaw-star/episode-2/,1,2026-10-07T01:48:36.900451+00:00,5f4b6e7992a02d8759b9640cfcfb9a3eea08b96d5eb5fc3ce7ade4725cb0501c,,UNVERIFIED
EP-02,World of Desires,00:05:24,324,847188,https://animehistory.org/uploads/screencaps/outlaw-star-E002-World-of-Desires/cap_00-05-24_02ad.jpg,Outlaw Star Ep 2: World of Desires @ 00:05:24,https://animehistory.org/gallery/screencaps/outlaw-star/episode-2/,https://animehistory.org/gallery/screencaps/outlaw-star/episode-2/,1,2026-10-07T01:48:36.900451+00:00,5f4b6e7992a02d8759b9640cfcfb9a3eea08b96d5eb5fc3ce7ade4725cb0501c,,UNVERIFIED
EP-02,World of Desires,00:05:28,328,847189,https://animehistory.org/uploads/screencaps/outlaw-star-E002-World-of-Desires/cap_00-05-28_00d2.jpg,Outlaw Star Ep 2: World of Desires @ 00:05:28,https://animehistory.org/gallery/screencaps/outlaw-star/episode-2/,https://animehistory.org/gallery/screencaps/outlaw-star/episode-2/,1,2026-10-07T01:48:36.900451+00:00,5f4b6e7992a02d8759b9640cfcfb9a3eea08b96d5eb5fc3ce7ade4725cb0501c,,UNVERIFIED
EP-02,World of Desires,00:05:31,331,847190,https://animehistory.org/uploads/screencaps/outlaw-star-E002-World-of-Desires/cap_00-05-31_3946.jpg,Outlaw Star Ep 2: World of Desires @ 00:05:31,https://animehistory.org/gallery/screencaps/outlaw-star/episode-2/,https://animehistory.org/gallery/screencaps/outlaw-star/episode-2/,1,2026-10-07T01:48:36.900451+00:00,5f4b6e7992a02d8759b9640cfcfb9a3eea08b96d5eb5fc3ce7ade4725cb0501c,,UNVERIFIED
EP-02,World of Desires,00:05:35,335,847191,https://animehistory.org/uploads/screencaps/outlaw-star-E002-World-of-Desires/cap_00-05-35_5aa2.jpg,Outlaw Star Ep 2: World of Desires @ 00:05:35,https://animehistory.org/gallery/screencaps/outlaw-star/episode-2/,https://animehistory.org/gallery/screencaps/outlaw-star/episode-2/,1,2026-10-07T01:48:36.900451+00:00,5f4b6e7992a02d8759b9640cfcfb9a3eea08b96d5eb5fc3ce7ade4725cb0501c,,UNVERIFIED
EP-02,World of Desires,00:05:38,338,847192,https://animehistory.org/uploads/screencaps/outlaw-star-E002-World-of-Desires/cap_00-05-38_6a86.jpg,Outlaw Star Ep 2: World of Desires @ 00:05:38,https://animehistory.org/gallery/screencaps/outlaw-star/episode-2/,https://animehistory.org/gallery/screencaps/outlaw-star/episode-2/,1,2026-10-07T01:48:36.900451+00:00,5f4b6e7992a02d8759b9640cfcfb9a3eea08b96d5eb5fc3ce7ade4725cb0501c,,UNVERIFIED
EP-02,World of Desires,00:05:42,342,847193,https://animehistory.org/uploads/screencaps/outlaw-star-E002-World-of-Desires/cap_00-05-42_0b82.jpg,Outlaw Star Ep 2: World of Desires @ 00:05:42,https://animehistory.org/gallery/screencaps/outlaw-star/episode-2/,https://animehistory.org/gallery/screencaps/outlaw-star/episode-2/,1,2026-10-07T01:48:36.900451+00:00,5f4b6e7992a02d8759b9640cfcfb9a3eea08b96d5eb5fc3ce7ade4725cb0501c,,UNVERIFIED
EP-02,World of Desires,00:05:46,346,847194,https://animehistory.org/uploads/screencaps/outlaw-star-E002-World-of-Desires/cap_00-05-46_051c.jpg,Outlaw Star Ep 2: World of Desires @ 00:05:46,https://animehistory.org/gallery/screencaps/outlaw-star/episode-2/,https://animehistory.org/gallery/screencaps/outlaw-star/episode-2/,1,2026-10-07T01:48:36.900451+00:00,5f4b6e7992a02d8759b9640cfcfb9a3eea08b96d5eb5fc3ce7ade4725cb0501c,,UNVERIFIED
EP-02,World of Desires,00:05:49,349,847195,https://animehistory.org/uploads/screencaps/outlaw-star-E002-World-of-Desires/cap_00-05-49_1070.jpg,Outlaw Star Ep 2: World of Desires @ 00:05:49,https://animehistory.org/gallery/screencaps/outlaw-star/episode-2/,https://animehistory.org/gallery/screencaps/outlaw-star/episode-2/,1,2026-10-07T01:48:36.900451+00:00,5f4b6e7992a02d8759b9640cfcfb9a3eea08b96d5eb5fc3ce7ade4725cb0501c,,UNVERIFIED
EP-02,World of Desires,00:05:53,353,847196,https://animehistory.org/uploads/screencaps/outlaw-star-E002-World-of-Desires/cap_00-05-53_0c83.jpg,Outlaw Star Ep 2: World of Desires @ 00:05:53,https://animehistory.org/gallery/screencaps/outlaw-star/episode-2/,https://animehistory.org/gallery/screencaps/outlaw-star/episode-2/,1,2026-10-07T01:48:36.900451+00:00,5f4b6e7992a02d8759b9640cfcfb9a3eea08b96d5eb5fc3ce7ade4725cb0501c,,UNVERIFIED
EP-02,World of Desires,00:05:56,356,847197,https://animehistory.org/uploads/screencaps/outlaw-star-E002-World-of-Desires/cap_00-05-56_1669.jpg,Outlaw Star Ep 2: World of Desires @ 00:05:56,https://animehistory.org/gallery/screencaps/outlaw-star/episode-2/,https://animehistory.org/gallery/screencaps/outlaw-star/episode-2/,1,2026-10-07T01:48:36.900451+00:00,5f4b6e7992a02d8759b9640cfcfb9a3eea08b96d5eb5fc3ce7ade4725cb0501c,,UNVERIFIED
EP-02,World of Desires,00:06:00,360,847198,https://animehistory.org/uploads/screencaps/outlaw-star-E002-World-of-Desires/cap_00-06-00_733b.jpg,Outlaw Star Ep 2: World of Desires @ 00:06:00,https://animehistory.org/gallery/screencaps/outlaw-star/episode-2/,https://animehistory.org/gallery/screencaps/outlaw-star/episode-2/,1,2026-10-07T01:48:36.900451+00:00,5f4b6e7992a02d8759b9640cfcfb9a3eea08b96d5eb5fc3ce7ade4725cb0501c,,UNVERIFIED
EP-02,World of Desires,00:06:04,364,847199,https://animehistory.org/uploads/screencaps/outlaw-star-E002-World-of-Desires/cap_00-06-04_0b02.jpg,Outlaw Star Ep 2: World of Desires @ 00:06:04,https://animehistory.org/gallery/screencaps/outlaw-star/episode-2/,https://animehistory.org/gallery/screencaps/outlaw-star/episode-2/,1,2026-10-07T01:48:36.900451+00:00,5f4b6e7992a02d8759b9640cfcfb9a3eea08b96d5eb5fc3ce7ade4725cb0501c,,UNVERIFIED
EP-02,World of Desires,00:06:07,367,847200,https://animehistory.org/uploads/screencaps/outlaw-star-E002-World-of-Desires/cap_00-06-07_2f6f.jpg,Outlaw Star Ep 2: World of Desires @ 00:06:07,https://animehistory.org/gallery/screencaps/outlaw-star/episode-2/,https://animehistory.org/gallery/screencaps/outlaw-star/episode-2/,1,2026-10-07T01:48:36.900451+00:00,5f4b6e7992a02d8759b9640cfcfb9a3eea08b96d5eb5fc3ce7ade4725cb0501c,,UNVERIFIED
EP-02,World of Desires,00:06:11,371,847201,https://animehistory.org/uploads/screencaps/outlaw-star-E002-World-of-Desires/cap_00-06-11_6ce5.jpg,Outlaw Star Ep 2: World of Desires @ 00:06:11,https://animehistory.org/gallery/screencaps/outlaw-star/episode-2/,https://animehistory.org/gallery/screencaps/outlaw-star/episode-2/,1,2026-10-07T01:48:36.900451+00:00,5f4b6e7992a02d8759b9640cfcfb9a3eea08b96d5eb5fc3ce7ade4725cb0501c,,UNVERIFIED
EP-02,World of Desires,00:06:15,375,847202,https://animehistory.org/uploads/screencaps/outlaw-star-E002-World-of-Desires/cap_00-06-15_1434.jpg,Outlaw Star Ep 2: World of Desires @ 00:06:15,https://animehistory.org/gallery/screencaps/outlaw-star/episode-2/,https://animehistory.org/gallery/screencaps/outlaw-star/episode-2/,1,2026-10-07T01:48:36.900451+00:00,5f4b6e7992a02d8759b9640cfcfb9a3eea08b96d5eb5fc3ce7ade4725cb0501c,,UNVERIFIED
EP-02,World of Desires,00:06:18,378,847203,https://animehistory.org/uploads/screencaps/outlaw-star-E002-World-of-Desires/cap_00-06-18_10ed.jpg,Outlaw Star Ep 2: World of Desires @ 00:06:18,https://animehistory.org/gallery/screencaps/outlaw-star/episode-2/,https://animehistory.org/gallery/screencaps/outlaw-star/episode-2/,1,2026-10-07T01:48:36.900451+00:00,5f4b6e7992a02d8759b9640cfcfb9a3eea08b96d5eb5fc3ce7ade4725cb0501c,,UNVERIFIED
EP-02,World of Desires,00:06:22,382,847204,https://animehistory.org/uploads/screencaps/outlaw-star-E002-World-of-Desires/cap_00-06-22_21cd.jpg,Outlaw Star Ep 2: World of Desires @ 00:06:22,https://animehistory.org/gallery/screencaps/outlaw-star/episode-2/,https://animehistory.org/gallery/screencaps/outlaw-star/episode-2/,1,2026-10-07T01:48:36.900451+00:00,5f4b6e7992a02d8759b9640cfcfb9a3eea08b96d5eb5fc3ce7ade4725cb0501c,,UNVERIFIED
EP-02,World of Desires,00:06:25,385,847205,https://animehistory.org/uploads/screencaps/outlaw-star-E002-World-of-Desires/cap_00-06-25_5b36.jpg,Outlaw Star Ep 2: World of Desires @ 00:06:25,https://animehistory.org/gallery/screencaps/outlaw-star/episode-2/,https://animehistory.org/gallery/screencaps/outlaw-star/episode-2/,1,2026-10-07T01:48:36.900451+00:00,5f4b6e7992a02d8759b9640cfcfb9a3eea08b96d5eb5fc3ce7ade4725cb0501c,,UNVERIFIED
EP-02,World of Desires,00:06:29,389,847206,https://animehistory.org/uploads/screencaps/outlaw-star-E002-World-of-Desires/cap_00-06-29_3439.jpg,Outlaw Star Ep 2: World of Desires @ 00:06:29,https://animehistory.org/gallery/screencaps/outlaw-star/episode-2/,https://animehistory.org/gallery/screencaps/outlaw-star/episode-2/,1,2026-10-07T01:48:36.900451+00:00,5f4b6e7992a02d8759b9640cfcfb9a3eea08b96d5eb5fc3ce7ade4725cb0501c,,UNVERIFIED
EP-02,World of Desires,00:06:33,393,847207,https://animehistory.org/uploads/screencaps/outlaw-star-E002-World-of-Desires/cap_00-06-33_5871.jpg,Outlaw Star Ep 2: World of Desires @ 00:06:33,https://animehistory.org/gallery/screencaps/outlaw-star/episode-2/,https://animehistory.org/gallery/screencaps/outlaw-star/episode-2/,1,2026-10-07T01:48:36.900451+00:00,5f4b6e7992a02d8759b9640cfcfb9a3eea08b96d5eb5fc3ce7ade4725cb0501c,,UNVERIFIED
EP-02,World of Desires,00:06:36,396,847208,https://animehistory.org/uploads/screencaps/outlaw-star-E002-World-of-Desires/cap_00-06-36_0278.jpg,Outlaw Star Ep 2: World of Desires @ 00:06:36,https://animehistory.org/gallery/screencaps/outlaw-star/episode-2/,https://animehistory.org/gallery/screencaps/outlaw-star/episode-2/,1,2026-10-07T01:48:36.900451+00:00,5f4b6e7992a02d8759b9640cfcfb9a3eea08b96d5eb5fc3ce7ade4725cb0501c,,UNVERIFIED
EP-02,World of Desires,00:06:40,400,847209,https://animehistory.org/uploads/screencaps/outlaw-star-E002-World-of-Desires/cap_00-06-40_0217.jpg,Outlaw Star Ep 2: World of Desires @ 00:06:40,https://animehistory.org/gallery/screencaps/outlaw-star/episode-2/,https://animehistory.org/gallery/screencaps/outlaw-star/episode-2/,1,2026-10-07T01:48:36.900451+00:00,5f4b6e7992a02d8759b9640cfcfb9a3eea08b96d5eb5fc3ce7ade4725cb0501c,,UNVERIFIED
EP-02,World of Desires,00:06:44,404,847210,https://animehistory.org/uploads/screencaps/outlaw-star-E002-World-of-Desires/cap_00-06-44_6e28.jpg,Outlaw Star Ep 2: World of Desires @ 00:06:44,https://animehistory.org/gallery/screencaps/outlaw-star/episode-2/,https://animehistory.org/gallery/screencaps/outlaw-star/episode-2/,1,2026-10-07T01:48:36.900451+00:00,5f4b6e7992a02d8759b9640cfcfb9a3eea08b96d5eb5fc3ce7ade4725cb0501c,,UNVERIFIED
EP-02,World of Desires,00:06:47,407,847211,https://animehistory.org/uploads/screencaps/outlaw-star-E002-World-of-Desires/cap_00-06-47_5946.jpg,Outlaw Star Ep 2: World of Desires @ 00:06:47,https://animehistory.org/gallery/screencaps/outlaw-star/episode-2/,https://animehistory.org/gallery/screencaps/outlaw-star/episode-2/,1,2026-10-07T01:48:36.900451+00:00,5f4b6e7992a02d8759b9640cfcfb9a3eea08b96d5eb5fc3ce7ade4725cb0501c,,UNVERIFIED
EP-02,World of Desires,00:06:51,411,847212,https://animehistory.org/uploads/screencaps/outlaw-star-E002-World-of-Desires/cap_00-06-51_3059.jpg,Outlaw Star Ep 2: World of Desires @ 00:06:51,https://animehistory.org/gallery/screencaps/outlaw-star/episode-2/,https://animehistory.org/gallery/screencaps/outlaw-star/episode-2/,1,2026-10-07T01:48:36.900451+00:00,5f4b6e7992a02d8759b9640cfcfb9a3eea08b96d5eb5fc3ce7ade4725cb0501c,,UNVERIFIED
EP-02,World of Desires,00:06:54,414,847213,https://animehistory.org/uploads/screencaps/outlaw-star-E002-World-of-Desires/cap_00-06-54_187a.jpg,Outlaw Star Ep 2: World of Desires @ 00:06:54,https://animehistory.org/gallery/screencaps/outlaw-star/episode-2/,https://animehistory.org/gallery/screencaps/outlaw-star/episode-2/,1,2026-10-07T01:48:36.900451+00:00,5f4b6e7992a02d8759b9640cfcfb9a3eea08b96d5eb5fc3ce7ade4725cb0501c,,UNVERIFIED
EP-02,World of Desires,00:06:58,418,847214,https://animehistory.org/uploads/screencaps/outlaw-star-E002-World-of-Desires/cap_00-06-58_4c50.jpg,Outlaw Star Ep 2: World of Desires @ 00:06:58,https://animehistory.org/gallery/screencaps/outlaw-star/episode-2/,https://animehistory.org/gallery/screencaps/outlaw-star/episode-2/,1,2026-10-07T01:48:36.900451+00:00,5f4b6e7992a02d8759b9640cfcfb9a3eea08b96d5eb5fc3ce7ade4725cb0501c,,UNVERIFIED
EP-02,World of Desires,00:07:02,422,847215,https://animehistory.org/uploads/screencaps/outlaw-star-E002-World-of-Desires/cap_00-07-02_6610.jpg,Outlaw Star Ep 2: World of Desires @ 00:07:02,https://animehistory.org/gallery/screencaps/outlaw-star/episode-2/,https://animehistory.org/gallery/screencaps/outlaw-star/episode-2/,1,2026-10-07T01:48:36.900451+00:00,5f4b6e7992a02d8759b9640cfcfb9a3eea08b96d5eb5fc3ce7ade4725cb0501c,,UNVERIFIED
EP-02,World of Desires,00:07:05,425,847216,https://animehistory.org/uploads/screencaps/outlaw-star-E002-World-of-Desires/cap_00-07-05_148d.jpg,Outlaw Star Ep 2: World of Desires @ 00:07:05,https://animehistory.org/gallery/screencaps/outlaw-star/episode-2/,https://animehistory.org/gallery/screencaps/outlaw-star/episode-2/,1,2026-10-07T01:48:36.900451+00:00,5f4b6e7992a02d8759b9640cfcfb9a3eea08b96d5eb5fc3ce7ade4725cb0501c,,UNVERIFIED
EP-02,World of Desires,00:07:09,429,847217,https://animehistory.org/uploads/screencaps/outlaw-star-E002-World-of-Desires/cap_00-07-09_6cdc.jpg,Outlaw Star Ep 2: World of Desires @ 00:07:09,https://animehistory.org/gallery/screencaps/outlaw-star/episode-2/,https://animehistory.org/gallery/screencaps/outlaw-star/episode-2/,1,2026-10-07T01:48:36.900451+00:00,5f4b6e7992a02d8759b9640cfcfb9a3eea08b96d5eb5fc3ce7ade4725cb0501c,,UNVERIFIED
EP-02,World of Desires,00:07:13,433,847218,https://animehistory.org/uploads/screencaps/outlaw-star-E002-World-of-Desires/cap_00-07-13_3489.jpg,Outlaw Star Ep 2: World of Desires @ 00:07:13,https://animehistory.org/gallery/screencaps/outlaw-star/episode-2/,https://animehistory.org/gallery/screencaps/outlaw-star/episode-2/,1,2026-10-07T01:48:36.900451+00:00,5f4b6e7992a02d8759b9640cfcfb9a3eea08b96d5eb5fc3ce7ade4725cb0501c,,UNVERIFIED
EP-02,World of Desires,00:07:16,436,847219,https://animehistory.org/uploads/screencaps/outlaw-star-E002-World-of-Desires/cap_00-07-16_7c5f.jpg,Outlaw Star Ep 2: World of Desires @ 00:07:16,https://animehistory.org/gallery/screencaps/outlaw-star/episode-2/,https://animehistory.org/gallery/screencaps/outlaw-star/episode-2/,1,2026-10-07T01:48:36.900451+00:00,5f4b6e7992a02d8759b9640cfcfb9a3eea08b96d5eb5fc3ce7ade4725cb0501c,,UNVERIFIED
EP-02,World of Desires,00:07:20,440,847220,https://animehistory.org/uploads/screencaps/outlaw-star-E002-World-of-Desires/cap_00-07-20_3026.jpg,Outlaw Star Ep 2: World of Desires @ 00:07:20,https://animehistory.org/gallery/screencaps/outlaw-star/episode-2/,https://animehistory.org/gallery/screencaps/outlaw-star/episode-2/,1,2026-10-07T01:48:36.900451+00:00,5f4b6e7992a02d8759b9640cfcfb9a3eea08b96d5eb5fc3ce7ade4725cb0501c,,UNVERIFIED
EP-02,World of Desires,00:07:23,443,847221,https://animehistory.org/uploads/screencaps/outlaw-star-E002-World-of-Desires/cap_00-07-23_191a.jpg,Outlaw Star Ep 2: World of Desires @ 00:07:23,https://animehistory.org/gallery/screencaps/outlaw-star/episode-2/,https://animehistory.org/gallery/screencaps/outlaw-star/episode-2/,1,2026-10-07T01:48:36.900451+00:00,5f4b6e7992a02d8759b9640cfcfb9a3eea08b96d5eb5fc3ce7ade4725cb0501c,,UNVERIFIED
EP-02,World of Desires,00:07:27,447,847222,https://animehistory.org/uploads/screencaps/outlaw-star-E002-World-of-Desires/cap_00-07-27_4bd5.jpg,Outlaw Star Ep 2: World of Desires @ 00:07:27,https://animehistory.org/gallery/screencaps/outlaw-star/episode-2/,https://animehistory.org/gallery/screencaps/outlaw-star/episode-2/,1,2026-10-07T01:48:36.900451+00:00,5f4b6e7992a02d8759b9640cfcfb9a3eea08b96d5eb5fc3ce7ade4725cb0501c,,UNVERIFIED
EP-02,World of Desires,00:07:31,451,847223,https://animehistory.org/uploads/screencaps/outlaw-star-E002-World-of-Desires/cap_00-07-31_2bb2.jpg,Outlaw Star Ep 2: World of Desires @ 00:07:31,https://animehistory.org/gallery/screencaps/outlaw-star/episode-2/,https://animehistory.org/gallery/screencaps/outlaw-star/episode-2/,1,2026-10-07T01:48:36.900451+00:00,5f4b6e7992a02d8759b9640cfcfb9a3eea08b96d5eb5fc3ce7ade4725cb0501c,,UNVERIFIED
EP-02,World of Desires,00:07:34,454,847224,https://animehistory.org/uploads/screencaps/outlaw-star-E002-World-of-Desires/cap_00-07-34_6c78.jpg,Outlaw Star Ep 2: World of Desires @ 00:07:34,https://animehistory.org/gallery/screencaps/outlaw-star/episode-2/,https://animehistory.org/gallery/screencaps/outlaw-star/episode-2/,1,2026-10-07T01:48:36.900451+00:00,5f4b6e7992a02d8759b9640cfcfb9a3eea08b96d5eb5fc3ce7ade4725cb0501c,,UNVERIFIED
EP-02,World of Desires,00:07:38,458,847225,https://animehistory.org/uploads/screencaps/outlaw-star-E002-World-of-Desires/cap_00-07-38_19d7.jpg,Outlaw Star Ep 2: World of Desires @ 00:07:38,https://animehistory.org/gallery/screencaps/outlaw-star/episode-2/,https://animehistory.org/gallery/screencaps/outlaw-star/episode-2/,1,2026-10-07T01:48:36.900451+00:00,5f4b6e7992a02d8759b9640cfcfb9a3eea08b96d5eb5fc3ce7ade4725cb0501c,,UNVERIFIED
EP-02,World of Desires,00:07:41,461,847226,https://animehistory.org/uploads/screencaps/outlaw-star-E002-World-of-Desires/cap_00-07-41_1388.jpg,Outlaw Star Ep 2: World of Desires @ 00:07:41,https://animehistory.org/gallery/screencaps/outlaw-star/episode-2/,https://animehistory.org/gallery/screencaps/outlaw-star/episode-2/,1,2026-10-07T01:48:36.900451+00:00,5f4b6e7992a02d8759b9640cfcfb9a3eea08b96d5eb5fc3ce7ade4725cb0501c,,UNVERIFIED
EP-02,World of Desires,00:07:45,465,847227,https://animehistory.org/uploads/screencaps/outlaw-star-E002-World-of-Desires/cap_00-07-45_64e2.jpg,Outlaw Star Ep 2: World of Desires @ 00:07:45,https://animehistory.org/gallery/screencaps/outlaw-star/episode-2/,https://animehistory.org/gallery/screencaps/outlaw-star/episode-2/?page=2,2,2026-10-07T01:48:38.008601+00:00,9b2462023ba6fc174873da2a8168fcde00ad440aa0637a19a6b69173d110381a,,UNVERIFIED
EP-02,World of Desires,00:07:49,469,847228,https://animehistory.org/uploads/screencaps/outlaw-star-E002-World-of-Desires/cap_00-07-49_550a.jpg,Outlaw Star Ep 2: World of Desires @ 00:07:49,https://animehistory.org/gallery/screencaps/outlaw-star/episode-2/,https://animehistory.org/gallery/screencaps/outlaw-star/episode-2/?page=2,2,2026-10-07T01:48:38.008601+00:00,9b2462023ba6fc174873da2a8168fcde00ad440aa0637a19a6b69173d110381a,,UNVERIFIED
EP-02,World of Desires,00:07:52,472,847229,https://animehistory.org/uploads/screencaps/outlaw-star-E002-World-of-Desires/cap_00-07-52_4370.jpg,Outlaw Star Ep 2: World of Desires @ 00:07:52,https://animehistory.org/gallery/screencaps/outlaw-star/episode-2/,https://animehistory.org/gallery/screencaps/outlaw-star/episode-2/?page=2,2,2026-10-07T01:48:38.008601+00:00,9b2462023ba6fc174873da2a8168fcde00ad440aa0637a19a6b69173d110381a,,UNVERIFIED
EP-02,World of Desires,00:07:56,476,847230,https://animehistory.org/uploads/screencaps/outlaw-star-E002-World-of-Desires/cap_00-07-56_35cd.jpg,Outlaw Star Ep 2: World of Desires @ 00:07:56,https://animehistory.org/gallery/screencaps/outlaw-star/episode-2/,https://animehistory.org/gallery/screencaps/outlaw-star/episode-2/?page=2,2,2026-10-07T01:48:38.008601+00:00,9b2462023ba6fc174873da2a8168fcde00ad440aa0637a19a6b69173d110381a,,UNVERIFIED
EP-02,World of Desires,00:08:00,480,847231,https://animehistory.org/uploads/screencaps/outlaw-star-E002-World-of-Desires/cap_00-08-00_7fea.jpg,Outlaw Star Ep 2: World of Desires @ 00:08:00,https://animehistory.org/gallery/screencaps/outlaw-star/episode-2/,https://animehistory.org/gallery/screencaps/outlaw-star/episode-2/?page=2,2,2026-10-07T01:48:38.008601+00:00,9b2462023ba6fc174873da2a8168fcde00ad440aa0637a19a6b69173d110381a,,UNVERIFIED
EP-02,World of Desires,00:08:03,483,847232,https://animehistory.org/uploads/screencaps/outlaw-star-E002-World-of-Desires/cap_00-08-03_3dd0.jpg,Outlaw Star Ep 2: World of Desires @ 00:08:03,https://animehistory.org/gallery/screencaps/outlaw-star/episode-2/,https://animehistory.org/gallery/screencaps/outlaw-star/episode-2/?page=2,2,2026-10-07T01:48:38.008601+00:00,9b2462023ba6fc174873da2a8168fcde00ad440aa0637a19a6b69173d110381a,,UNVERIFIED
EP-02,World of Desires,00:08:07,487,847233,https://animehistory.org/uploads/screencaps/outlaw-star-E002-World-of-Desires/cap_00-08-07_252a.jpg,Outlaw Star Ep 2: World of Desires @ 00:08:07,https://animehistory.org/gallery/screencaps/outlaw-star/episode-2/,https://animehistory.org/gallery/screencaps/outlaw-star/episode-2/?page=2,2,2026-10-07T01:48:38.008601+00:00,9b2462023ba6fc174873da2a8168fcde00ad440aa0637a19a6b69173d110381a,,UNVERIFIED
EP-02,World of Desires,00:08:10,490,847234,https://animehistory.org/uploads/screencaps/outlaw-star-E002-World-of-Desires/cap_00-08-10_75ad.jpg,Outlaw Star Ep 2: World of Desires @ 00:08:10,https://animehistory.org/gallery/screencaps/outlaw-star/episode-2/,https://animehistory.org/gallery/screencaps/outlaw-star/episode-2/?page=2,2,2026-10-07T01:48:38.008601+00:00,9b2462023ba6fc174873da2a8168fcde00ad440aa0637a19a6b69173d110381a,,UNVERIFIED
EP-02,World of Desires,00:08:14,494,847235,https://animehistory.org/uploads/screencaps/outlaw-star-E002-World-of-Desires/cap_00-08-14_7ed7.jpg,Outlaw Star Ep 2: World of Desires @ 00:08:14,https://animehistory.org/gallery/screencaps/outlaw-star/episode-2/,https://animehistory.org/gallery/screencaps/outlaw-star/episode-2/?page=2,2,2026-10-07T01:48:38.008601+00:00,9b2462023ba6fc174873da2a8168fcde00ad440aa0637a19a6b69173d110381a,,UNVERIFIED
EP-02,World of Desires,00:08:18,498,847236,https://animehistory.org/uploads/screencaps/outlaw-star-E002-World-of-Desires/cap_00-08-18_139b.jpg,Outlaw Star Ep 2: World of Desires @ 00:08:18,https://animehistory.org/gallery/screencaps/outlaw-star/episode-2/,https://animehistory.org/gallery/screencaps/outlaw-star/episode-2/?page=2,2,2026-10-07T01:48:38.008601+00:00,9b2462023ba6fc174873da2a8168fcde00ad440aa0637a19a6b69173d110381a,,UNVERIFIED
EP-02,World of Desires,00:08:21,501,847237,https://animehistory.org/uploads/screencaps/outlaw-star-E002-World-of-Desires/cap_00-08-21_0958.jpg,Outlaw Star Ep 2: World of Desires @ 00:08:21,https://animehistory.org/gallery/screencaps/outlaw-star/episode-2/,https://animehistory.org/gallery/screencaps/outlaw-star/episode-2/?page=2,2,2026-10-07T01:48:38.008601+00:00,9b2462023ba6fc174873da2a8168fcde00ad440aa0637a19a6b69173d110381a,,UNVERIFIED
EP-02,World of Desires,00:08:25,505,847238,https://animehistory.org/uploads/screencaps/outlaw-star-E002-World-of-Desires/cap_00-08-25_5a1d.jpg,Outlaw Star Ep 2: World of Desires @ 00:08:25,https://animehistory.org/gallery/screencaps/outlaw-star/episode-2/,https://animehistory.org/gallery/screencaps/outlaw-star/episode-2/?page=2,2,2026-10-07T01:48:38.008601+00:00,9b2462023ba6fc174873da2a8168fcde00ad440aa0637a19a6b69173d110381a,,UNVERIFIED
EP-02,World of Desires,00:08:29,509,847239,https://animehistory.org/uploads/screencaps/outlaw-star-E002-World-of-Desires/cap_00-08-29_0432.jpg,Outlaw Star Ep 2: World of Desires @ 00:08:29,https://animehistory.org/gallery/screencaps/outlaw-star/episode-2/,https://animehistory.org/gallery/screencaps/outlaw-star/episode-2/?page=2,2,2026-10-07T01:48:38.008601+00:00,9b2462023ba6fc174873da2a8168fcde00ad440aa0637a19a6b69173d110381a,,UNVERIFIED
EP-02,World of Desires,00:08:32,512,847240,https://animehistory.org/uploads/screencaps/outlaw-star-E002-World-of-Desires/cap_00-08-32_4f3d.jpg,Outlaw Star Ep 2: World of Desires @ 00:08:32,https://animehistory.org/gallery/screencaps/outlaw-star/episode-2/,https://animehistory.org/gallery/screencaps/outlaw-star/episode-2/?page=2,2,2026-10-07T01:48:38.008601+00:00,9b2462023ba6fc174873da2a8168fcde00ad440aa0637a19a6b69173d110381a,,UNVERIFIED
EP-02,World of Desires,00:08:36,516,847241,https://animehistory.org/uploads/screencaps/outlaw-star-E002-World-of-Desires/cap_00-08-36_491e.jpg,Outlaw Star Ep 2: World of Desires @ 00:08:36,https://animehistory.org/gallery/screencaps/outlaw-star/episode-2/,https://animehistory.org/gallery/screencaps/outlaw-star/episode-2/?page=2,2,2026-10-07T01:48:38.008601+00:00,9b2462023ba6fc174873da2a8168fcde00ad440aa0637a19a6b69173d110381a,,UNVERIFIED
EP-02,World of Desires,00:08:39,519,847242,https://animehistory.org/uploads/screencaps/outlaw-star-E002-World-of-Desires/cap_00-08-39_06d2.jpg,Outlaw Star Ep 2: World of Desires @ 00:08:39,https://animehistory.org/gallery/screencaps/outlaw-star/episode-2/,https://animehistory.org/gallery/screencaps/outlaw-star/episode-2/?page=2,2,2026-10-07T01:48:38.008601+00:00,9b2462023ba6fc174873da2a8168fcde00ad440aa0637a19a6b69173d110381a,,UNVERIFIED
EP-02,World of Desires,00:08:43,523,847243,https://animehistory.org/uploads/screencaps/outlaw-star-E002-World-of-Desires/cap_00-08-43_6c18.jpg,Outlaw Star Ep 2: World of Desires @ 00:08:43,https://animehistory.org/gallery/screencaps/outlaw-star/episode-2/,https://animehistory.org/gallery/screencaps/outlaw-star/episode-2/?page=2,2,2026-10-07T01:48:38.008601+00:00,9b2462023ba6fc174873da2a8168fcde00ad440aa0637a19a6b69173d110381a,,UNVERIFIED
EP-02,World of Desires,00:08:47,527,847244,https://animehistory.org/uploads/screencaps/outlaw-star-E002-World-of-Desires/cap_00-08-47_6453.jpg,Outlaw Star Ep 2: World of Desires @ 00:08:47,https://animehistory.org/gallery/screencaps/outlaw-star/episode-2/,https://animehistory.org/gallery/screencaps/outlaw-star/episode-2/?page=2,2,2026-10-07T01:48:38.008601+00:00,9b2462023ba6fc174873da2a8168fcde00ad440aa0637a19a6b69173d110381a,,UNVERIFIED
EP-02,World of Desires,00:08:50,530,847245,https://animehistory.org/uploads/screencaps/outlaw-star-E002-World-of-Desires/cap_00-08-50_7789.jpg,Outlaw Star Ep 2: World of Desires @ 00:08:50,https://animehistory.org/gallery/screencaps/outlaw-star/episode-2/,https://animehistory.org/gallery/screencaps/outlaw-star/episode-2/?page=2,2,2026-10-07T01:48:38.008601+00:00,9b2462023ba6fc174873da2a8168fcde00ad440aa0637a19a6b69173d110381a,,UNVERIFIED
EP-02,World of Desires,00:08:54,534,847246,https://animehistory.org/uploads/screencaps/outlaw-star-E002-World-of-Desires/cap_00-08-54_150c.jpg,Outlaw Star Ep 2: World of Desires @ 00:08:54,https://animehistory.org/gallery/screencaps/outlaw-star/episode-2/,https://animehistory.org/gallery/screencaps/outlaw-star/episode-2/?page=2,2,2026-10-07T01:48:38.008601+00:00,9b2462023ba6fc174873da2a8168fcde00ad440aa0637a19a6b69173d110381a,,UNVERIFIED
EP-02,World of Desires,00:08:57,537,847247,https://animehistory.org/uploads/screencaps/outlaw-star-E002-World-of-Desires/cap_00-08-57_49f9.jpg,Outlaw Star Ep 2: World of Desires @ 00:08:57,https://animehistory.org/gallery/screencaps/outlaw-star/episode-2/,https://animehistory.org/gallery/screencaps/outlaw-star/episode-2/?page=2,2,2026-10-07T01:48:38.008601+00:00,9b2462023ba6fc174873da2a8168fcde00ad440aa0637a19a6b69173d110381a,,UNVERIFIED
EP-02,World of Desires,00:09:01,541,847248,https://animehistory.org/uploads/screencaps/outlaw-star-E002-World-of-Desires/cap_00-09-01_3717.jpg,Outlaw Star Ep 2: World of Desires @ 00:09:01,https://animehistory.org/gallery/screencaps/outlaw-star/episode-2/,https://animehistory.org/gallery/screencaps/outlaw-star/episode-2/?page=2,2,2026-10-07T01:48:38.008601+00:00,9b2462023ba6fc174873da2a8168fcde00ad440aa0637a19a6b69173d110381a,,UNVERIFIED
EP-02,World of Desires,00:09:05,545,847249,https://animehistory.org/uploads/screencaps/outlaw-star-E002-World-of-Desires/cap_00-09-05_7bbd.jpg,Outlaw Star Ep 2: World of Desires @ 00:09:05,https://animehistory.org/gallery/screencaps/outlaw-star/episode-2/,https://animehistory.org/gallery/screencaps/outlaw-star/episode-2/?page=2,2,2026-10-07T01:48:38.008601+00:00,9b2462023ba6fc174873da2a8168fcde00ad440aa0637a19a6b69173d110381a,,UNVERIFIED
EP-02,World of Desires,00:09:08,548,847250,https://animehistory.org/uploads/screencaps/outlaw-star-E002-World-of-Desires/cap_00-09-08_19d4.jpg,Outlaw Star Ep 2: World of Desires @ 00:09:08,https://animehistory.org/gallery/screencaps/outlaw-star/episode-2/,https://animehistory.org/gallery/screencaps/outlaw-star/episode-2/?page=2,2,2026-10-07T01:48:38.008601+00:00,9b2462023ba6fc174873da2a8168fcde00ad440aa0637a19a6b69173d110381a,,UNVERIFIED
EP-02,World of Desires,00:09:12,552,847251,https://animehistory.org/uploads/screencaps/outlaw-star-E002-World-of-Desires/cap_00-09-12_45f7.jpg,Outlaw Star Ep 2: World of Desires @ 00:09:12,https://animehistory.org/gallery/screencaps/outlaw-star/episode-2/,https://animehistory.org/gallery/screencaps/outlaw-star/episode-2/?page=2,2,2026-10-07T01:48:38.008601+00:00,9b2462023ba6fc174873da2a8168fcde00ad440aa0637a19a6b69173d110381a,,UNVERIFIED
EP-02,World of Desires,00:09:16,556,847252,https://animehistory.org/uploads/screencaps/outlaw-star-E002-World-of-Desires/cap_00-09-16_046d.jpg,Outlaw Star Ep 2: World of Desires @ 00:09:16,https://animehistory.org/gallery/screencaps/outlaw-star/episode-2/,https://animehistory.org/gallery/screencaps/outlaw-star/episode-2/?page=2,2,2026-10-07T01:48:38.008601+00:00,9b2462023ba6fc174873da2a8168fcde00ad440aa0637a19a6b69173d110381a,,UNVERIFIED
EP-02,World of Desires,00:09:19,559,847253,https://animehistory.org/uploads/screencaps/outlaw-star-E002-World-of-Desires/cap_00-09-19_3d19.jpg,Outlaw Star Ep 2: World of Desires @ 00:09:19,https://animehistory.org/gallery/screencaps/outlaw-star/episode-2/,https://animehistory.org/gallery/screencaps/outlaw-star/episode-2/?page=2,2,2026-10-07T01:48:38.008601+00:00,9b2462023ba6fc174873da2a8168fcde00ad440aa0637a19a6b69173d110381a,,UNVERIFIED
EP-02,World of Desires,00:09:23,563,847254,https://animehistory.org/uploads/screencaps/outlaw-star-E002-World-of-Desires/cap_00-09-23_6da3.jpg,Outlaw Star Ep 2: World of Desires @ 00:09:23,https://animehistory.org/gallery/screencaps/outlaw-star/episode-2/,https://animehistory.org/gallery/screencaps/outlaw-star/episode-2/?page=2,2,2026-10-07T01:48:38.008601+00:00,9b2462023ba6fc174873da2a8168fcde00ad440aa0637a19a6b69173d110381a,,UNVERIFIED
EP-02,World of Desires,00:09:26,566,847255,https://animehistory.org/uploads/screencaps/outlaw-star-E002-World-of-Desires/cap_00-09-26_5404.jpg,Outlaw Star Ep 2: World of Desires @ 00:09:26,https://animehistory.org/gallery/screencaps/outlaw-star/episode-2/,https://animehistory.org/gallery/screencaps/outlaw-star/episode-2/?page=2,2,2026-10-07T01:48:38.008601+00:00,9b2462023ba6fc174873da2a8168fcde00ad440aa0637a19a6b69173d110381a,,UNVERIFIED
EP-02,World of Desires,00:09:30,570,847256,https://animehistory.org/uploads/screencaps/outlaw-star-E002-World-of-Desires/cap_00-09-30_47af.jpg,Outlaw Star Ep 2: World of Desires @ 00:09:30,https://animehistory.org/gallery/screencaps/outlaw-star/episode-2/,https://animehistory.org/gallery/screencaps/outlaw-star/episode-2/?page=2,2,2026-10-07T01:48:38.008601+00:00,9b2462023ba6fc174873da2a8168fcde00ad440aa0637a19a6b69173d110381a,,UNVERIFIED
EP-02,World of Desires,00:09:34,574,847257,https://animehistory.org/uploads/screencaps/outlaw-star-E002-World-of-Desires/cap_00-09-34_04fc.jpg,Outlaw Star Ep 2: World of Desires @ 00:09:34,https://animehistory.org/gallery/screencaps/outlaw-star/episode-2/,https://animehistory.org/gallery/screencaps/outlaw-star/episode-2/?page=2,2,2026-10-07T01:48:38.008601+00:00,9b2462023ba6fc174873da2a8168fcde00ad440aa0637a19a6b69173d110381a,,UNVERIFIED
EP-02,World of Desires,00:09:37,577,847258,https://animehistory.org/uploads/screencaps/outlaw-star-E002-World-of-Desires/cap_00-09-37_7f76.jpg,Outlaw Star Ep 2: World of Desires @ 00:09:37,https://animehistory.org/gallery/screencaps/outlaw-star/episode-2/,https://animehistory.org/gallery/screencaps/outlaw-star/episode-2/?page=2,2,2026-10-07T01:48:38.008601+00:00,9b2462023ba6fc174873da2a8168fcde00ad440aa0637a19a6b69173d110381a,,UNVERIFIED
EP-02,World of Desires,00:09:41,581,847259,https://animehistory.org/uploads/screencaps/outlaw-star-E002-World-of-Desires/cap_00-09-41_4e6b.jpg,Outlaw Star Ep 2: World of Desires @ 00:09:41,https://animehistory.org/gallery/screencaps/outlaw-star/episode-2/,https://animehistory.org/gallery/screencaps/outlaw-star/episode-2/?page=2,2,2026-10-07T01:48:38.008601+00:00,9b2462023ba6fc174873da2a8168fcde00ad440aa0637a19a6b69173d110381a,,UNVERIFIED
EP-02,World of Desires,00:09:45,585,847260,https://animehistory.org/uploads/screencaps/outlaw-star-E002-World-of-Desires/cap_00-09-45_5ed6.jpg,Outlaw Star Ep 2: World of Desires @ 00:09:45,https://animehistory.org/gallery/screencaps/outlaw-star/episode-2/,https://animehistory.org/gallery/screencaps/outlaw-star/episode-2/?page=2,2,2026-10-07T01:48:38.008601+00:00,9b2462023ba6fc174873da2a8168fcde00ad440aa0637a19a6b69173d110381a,,UNVERIFIED
EP-02,World of Desires,00:09:48,588,847261,https://animehistory.org/uploads/screencaps/outlaw-star-E002-World-of-Desires/cap_00-09-48_0776.jpg,Outlaw Star Ep 2: World of Desires @ 00:09:48,https://animehistory.org/gallery/screencaps/outlaw-star/episode-2/,https://animehistory.org/gallery/screencaps/outlaw-star/episode-2/?page=2,2,2026-10-07T01:48:38.008601+00:00,9b2462023ba6fc174873da2a8168fcde00ad440aa0637a19a6b69173d110381a,,UNVERIFIED
EP-02,World of Desires,00:09:52,592,847262,https://animehistory.org/uploads/screencaps/outlaw-star-E002-World-of-Desires/cap_00-09-52_3926.jpg,Outlaw Star Ep 2: World of Desires @ 00:09:52,https://animehistory.org/gallery/screencaps/outlaw-star/episode-2/,https://animehistory.org/gallery/screencaps/outlaw-star/episode-2/?page=2,2,2026-10-07T01:48:38.008601+00:00,9b2462023ba6fc174873da2a8168fcde00ad440aa0637a19a6b69173d110381a,,UNVERIFIED
EP-02,World of Desires,00:09:55,595,847263,https://animehistory.org/uploads/screencaps/outlaw-star-E002-World-of-Desires/cap_00-09-55_476a.jpg,Outlaw Star Ep 2: World of Desires @ 00:09:55,https://animehistory.org/gallery/screencaps/outlaw-star/episode-2/,https://animehistory.org/gallery/screencaps/outlaw-star/episode-2/?page=2,2,2026-10-07T01:48:38.008601+00:00,9b2462023ba6fc174873da2a8168fcde00ad440aa0637a19a6b69173d110381a,,UNVERIFIED
EP-02,World of Desires,00:09:59,599,847264,https://animehistory.org/uploads/screencaps/outlaw-star-E002-World-of-Desires/cap_00-09-59_6564.jpg,Outlaw Star Ep 2: World of Desires @ 00:09:59,https://animehistory.org/gallery/screencaps/outlaw-star/episode-2/,https://animehistory.org/gallery/screencaps/outlaw-star/episode-2/?page=2,2,2026-10-07T01:48:38.008601+00:00,9b2462023ba6fc174873da2a8168fcde00ad440aa0637a19a6b69173d110381a,,UNVERIFIED
EP-02,World of Desires,00:10:03,603,847265,https://animehistory.org/uploads/screencaps/outlaw-star-E002-World-of-Desires/cap_00-10-03_3115.jpg,Outlaw Star Ep 2: World of Desires @ 00:10:03,https://animehistory.org/gallery/screencaps/outlaw-star/episode-2/,https://animehistory.org/gallery/screencaps/outlaw-star/episode-2/?page=2,2,2026-10-07T01:48:38.008601+00:00,9b2462023ba6fc174873da2a8168fcde00ad440aa0637a19a6b69173d110381a,,UNVERIFIED
EP-02,World of Desires,00:10:06,606,847266,https://animehistory.org/uploads/screencaps/outlaw-star-E002-World-of-Desires/cap_00-10-06_75e9.jpg,Outlaw Star Ep 2: World of Desires @ 00:10:06,https://animehistory.org/gallery/screencaps/outlaw-star/episode-2/,https://animehistory.org/gallery/screencaps/outlaw-star/episode-2/?page=2,2,2026-10-07T01:48:38.008601+00:00,9b2462023ba6fc174873da2a8168fcde00ad440aa0637a19a6b69173d110381a,,UNVERIFIED
EP-02,World of Desires,00:10:10,610,847267,https://animehistory.org/uploads/screencaps/outlaw-star-E002-World-of-Desires/cap_00-10-10_6677.jpg,Outlaw Star Ep 2: World of Desires @ 00:10:10,https://animehistory.org/gallery/screencaps/outlaw-star/episode-2/,https://animehistory.org/gallery/screencaps/outlaw-star/episode-2/?page=2,2,2026-10-07T01:48:38.008601+00:00,9b2462023ba6fc174873da2a8168fcde00ad440aa0637a19a6b69173d110381a,,UNVERIFIED
EP-02,World of Desires,00:10:13,613,847268,https://animehistory.org/uploads/screencaps/outlaw-star-E002-World-of-Desires/cap_00-10-13_7273.jpg,Outlaw Star Ep 2: World of Desires @ 00:10:13,https://animehistory.org/gallery/screencaps/outlaw-star/episode-2/,https://animehistory.org/gallery/screencaps/outlaw-star/episode-2/?page=2,2,2026-10-07T01:48:38.008601+00:00,9b2462023ba6fc174873da2a8168fcde00ad440aa0637a19a6b69173d110381a,,UNVERIFIED
EP-02,World of Desires,00:10:17,617,847269,https://animehistory.org/uploads/screencaps/outlaw-star-E002-World-of-Desires/cap_00-10-17_0ef8.jpg,Outlaw Star Ep 2: World of Desires @ 00:10:17,https://animehistory.org/gallery/screencaps/outlaw-star/episode-2/,https://animehistory.org/gallery/screencaps/outlaw-star/episode-2/?page=2,2,2026-10-07T01:48:38.008601+00:00,9b2462023ba6fc174873da2a8168fcde00ad440aa0637a19a6b69173d110381a,,UNVERIFIED
EP-02,World of Desires,00:10:21,621,847270,https://animehistory.org/uploads/screencaps/outlaw-star-E002-World-of-Desires/cap_00-10-21_447b.jpg,Outlaw Star Ep 2: World of Desires @ 00:10:21,https://animehistory.org/gallery/screencaps/outlaw-star/episode-2/,https://animehistory.org/gallery/screencaps/outlaw-star/episode-2/?page=2,2,2026-10-07T01:48:38.008601+00:00,9b2462023ba6fc174873da2a8168fcde00ad440aa0637a19a6b69173d110381a,,UNVERIFIED
EP-02,World of Desires,00:10:24,624,847271,https://animehistory.org/uploads/screencaps/outlaw-star-E002-World-of-Desires/cap_00-10-24_225d.jpg,Outlaw Star Ep 2: World of Desires @ 00:10:24,https://animehistory.org/gallery/screencaps/outlaw-star/episode-2/,https://animehistory.org/gallery/screencaps/outlaw-star/episode-2/?page=2,2,2026-10-07T01:48:38.008601+00:00,9b2462023ba6fc174873da2a8168fcde00ad440aa0637a19a6b69173d110381a,,UNVERIFIED
EP-02,World of Desires,00:10:28,628,847272,https://animehistory.org/uploads/screencaps/outlaw-star-E002-World-of-Desires/cap_00-10-28_5f90.jpg,Outlaw Star Ep 2: World of Desires @ 00:10:28,https://animehistory.org/gallery/screencaps/outlaw-star/episode-2/,https://animehistory.org/gallery/screencaps/outlaw-star/episode-2/?page=2,2,2026-10-07T01:48:38.008601+00:00,9b2462023ba6fc174873da2a8168fcde00ad440aa0637a19a6b69173d110381a,,UNVERIFIED
EP-02,World of Desires,00:10:32,632,847273,https://animehistory.org/uploads/screencaps/outlaw-star-E002-World-of-Desires/cap_00-10-32_7a0f.jpg,Outlaw Star Ep 2: World of Desires @ 00:10:32,https://animehistory.org/gallery/screencaps/outlaw-star/episode-2/,https://animehistory.org/gallery/screencaps/outlaw-star/episode-2/?page=2,2,2026-10-07T01:48:38.008601+00:00,9b2462023ba6fc174873da2a8168fcde00ad440aa0637a19a6b69173d110381a,,UNVERIFIED
EP-02,World of Desires,00:10:35,635,847274,https://animehistory.org/uploads/screencaps/outlaw-star-E002-World-of-Desires/cap_00-10-35_0671.jpg,Outlaw Star Ep 2: World of Desires @ 00:10:35,https://animehistory.org/gallery/screencaps/outlaw-star/episode-2/,https://animehistory.org/gallery/screencaps/outlaw-star/episode-2/?page=2,2,2026-10-07T01:48:38.008601+00:00,9b2462023ba6fc174873da2a8168fcde00ad440aa0637a19a6b69173d110381a,,UNVERIFIED
EP-02,World of Desires,00:10:39,639,847275,https://animehistory.org/uploads/screencaps/outlaw-star-E002-World-of-Desires/cap_00-10-39_6b24.jpg,Outlaw Star Ep 2: World of Desires @ 00:10:39,https://animehistory.org/gallery/screencaps/outlaw-star/episode-2/,https://animehistory.org/gallery/screencaps/outlaw-star/episode-2/?page=2,2,2026-10-07T01:48:38.008601+00:00,9b2462023ba6fc174873da2a8168fcde00ad440aa0637a19a6b69173d110381a,,UNVERIFIED
EP-02,World of Desires,00:10:42,642,847276,https://animehistory.org/uploads/screencaps/outlaw-star-E002-World-of-Desires/cap_00-10-42_420d.jpg,Outlaw Star Ep 2: World of Desires @ 00:10:42,https://animehistory.org/gallery/screencaps/outlaw-star/episode-2/,https://animehistory.org/gallery/screencaps/outlaw-star/episode-2/?page=2,2,2026-10-07T01:48:38.008601+00:00,9b2462023ba6fc174873da2a8168fcde00ad440aa0637a19a6b69173d110381a,,UNVERIFIED
EP-02,World of Desires,00:10:46,646,847277,https://animehistory.org/uploads/screencaps/outlaw-star-E002-World-of-Desires/cap_00-10-46_54f8.jpg,Outlaw Star Ep 2: World of Desires @ 00:10:46,https://animehistory.org/gallery/screencaps/outlaw-star/episode-2/,https://animehistory.org/gallery/screencaps/outlaw-star/episode-2/?page=2,2,2026-10-07T01:48:38.008601+00:00,9b2462023ba6fc174873da2a8168fcde00ad440aa0637a19a6b69173d110381a,,UNVERIFIED
EP-02,World of Desires,00:10:50,650,847278,https://animehistory.org/uploads/screencaps/outlaw-star-E002-World-of-Desires/cap_00-10-50_70bd.jpg,Outlaw Star Ep 2: World of Desires @ 00:10:50,https://animehistory.org/gallery/screencaps/outlaw-star/episode-2/,https://animehistory.org/gallery/screencaps/outlaw-star/episode-2/?page=2,2,2026-10-07T01:48:38.008601+00:00,9b2462023ba6fc174873da2a8168fcde00ad440aa0637a19a6b69173d110381a,,UNVERIFIED
EP-02,World of Desires,00:10:53,653,847279,https://animehistory.org/uploads/screencaps/outlaw-star-E002-World-of-Desires/cap_00-10-53_7b9a.jpg,Outlaw Star Ep 2: World of Desires @ 00:10:53,https://animehistory.org/gallery/screencaps/outlaw-star/episode-2/,https://animehistory.org/gallery/screencaps/outlaw-star/episode-2/?page=2,2,2026-10-07T01:48:38.008601+00:00,9b2462023ba6fc174873da2a8168fcde00ad440aa0637a19a6b69173d110381a,,UNVERIFIED
EP-02,World of Desires,00:10:57,657,847280,https://animehistory.org/uploads/screencaps/outlaw-star-E002-World-of-Desires/cap_00-10-57_441e.jpg,Outlaw Star Ep 2: World of Desires @ 00:10:57,https://animehistory.org/gallery/screencaps/outlaw-star/episode-2/,https://animehistory.org/gallery/screencaps/outlaw-star/episode-2/?page=2,2,2026-10-07T01:48:38.008601+00:00,9b2462023ba6fc174873da2a8168fcde00ad440aa0637a19a6b69173d110381a,,UNVERIFIED
EP-02,World of Desires,00:11:01,661,847281,https://animehistory.org/uploads/screencaps/outlaw-star-E002-World-of-Desires/cap_00-11-01_7a56.jpg,Outlaw Star Ep 2: World of Desires @ 00:11:01,https://animehistory.org/gallery/screencaps/outlaw-star/episode-2/,https://animehistory.org/gallery/screencaps/outlaw-star/episode-2/?page=2,2,2026-10-07T01:48:38.008601+00:00,9b2462023ba6fc174873da2a8168fcde00ad440aa0637a19a6b69173d110381a,,UNVERIFIED
EP-02,World of Desires,00:11:04,664,847282,https://animehistory.org/uploads/screencaps/outlaw-star-E002-World-of-Desires/cap_00-11-04_3bdc.jpg,Outlaw Star Ep 2: World of Desires @ 00:11:04,https://animehistory.org/gallery/screencaps/outlaw-star/episode-2/,https://animehistory.org/gallery/screencaps/outlaw-star/episode-2/?page=2,2,2026-10-07T01:48:38.008601+00:00,9b2462023ba6fc174873da2a8168fcde00ad440aa0637a19a6b69173d110381a,,UNVERIFIED
EP-02,World of Desires,00:11:08,668,847283,https://animehistory.org/uploads/screencaps/outlaw-star-E002-World-of-Desires/cap_00-11-08_1f6e.jpg,Outlaw Star Ep 2: World of Desires @ 00:11:08,https://animehistory.org/gallery/screencaps/outlaw-star/episode-2/,https://animehistory.org/gallery/screencaps/outlaw-star/episode-2/?page=2,2,2026-10-07T01:48:38.008601+00:00,9b2462023ba6fc174873da2a8168fcde00ad440aa0637a19a6b69173d110381a,,UNVERIFIED
EP-02,World of Desires,00:11:11,671,847284,https://animehistory.org/uploads/screencaps/outlaw-star-E002-World-of-Desires/cap_00-11-11_57e5.jpg,Outlaw Star Ep 2: World of Desires @ 00:11:11,https://animehistory.org/gallery/screencaps/outlaw-star/episode-2/,https://animehistory.org/gallery/screencaps/outlaw-star/episode-2/?page=2,2,2026-10-07T01:48:38.008601+00:00,9b2462023ba6fc174873da2a8168fcde00ad440aa0637a19a6b69173d110381a,,UNVERIFIED
EP-02,World of Desires,00:11:15,675,847285,https://animehistory.org/uploads/screencaps/outlaw-star-E002-World-of-Desires/cap_00-11-15_23ae.jpg,Outlaw Star Ep 2: World of Desires @ 00:11:15,https://animehistory.org/gallery/screencaps/outlaw-star/episode-2/,https://animehistory.org/gallery/screencaps/outlaw-star/episode-2/?page=2,2,2026-10-07T01:48:38.008601+00:00,9b2462023ba6fc174873da2a8168fcde00ad440aa0637a19a6b69173d110381a,,UNVERIFIED
EP-02,World of Desires,00:11:19,679,847286,https://animehistory.org/uploads/screencaps/outlaw-star-E002-World-of-Desires/cap_00-11-19_7e94.jpg,Outlaw Star Ep 2: World of Desires @ 00:11:19,https://animehistory.org/gallery/screencaps/outlaw-star/episode-2/,https://animehistory.org/gallery/screencaps/outlaw-star/episode-2/?page=2,2,2026-10-07T01:48:38.008601+00:00,9b2462023ba6fc174873da2a8168fcde00ad440aa0637a19a6b69173d110381a,,UNVERIFIED
EP-02,World of Desires,00:11:22,682,847287,https://animehistory.org/uploads/screencaps/outlaw-star-E002-World-of-Desires/cap_00-11-22_7d9a.jpg,Outlaw Star Ep 2: World of Desires @ 00:11:22,https://animehistory.org/gallery/screencaps/outlaw-star/episode-2/,https://animehistory.org/gallery/screencaps/outlaw-star/episode-2/?page=2,2,2026-10-07T01:48:38.008601+00:00,9b2462023ba6fc174873da2a8168fcde00ad440aa0637a19a6b69173d110381a,,UNVERIFIED
EP-02,World of Desires,00:11:26,686,847288,https://animehistory.org/uploads/screencaps/outlaw-star-E002-World-of-Desires/cap_00-11-26_32ba.jpg,Outlaw Star Ep 2: World of Desires @ 00:11:26,https://animehistory.org/gallery/screencaps/outlaw-star/episode-2/,https://animehistory.org/gallery/screencaps/outlaw-star/episode-2/?page=2,2,2026-10-07T01:48:38.008601+00:00,9b2462023ba6fc174873da2a8168fcde00ad440aa0637a19a6b69173d110381a,,UNVERIFIED
EP-02,World of Desires,00:11:30,690,847289,https://animehistory.org/uploads/screencaps/outlaw-star-E002-World-of-Desires/cap_00-11-30_1d87.jpg,Outlaw Star Ep 2: World of Desires @ 00:11:30,https://animehistory.org/gallery/screencaps/outlaw-star/episode-2/,https://animehistory.org/gallery/screencaps/outlaw-star/episode-2/?page=2,2,2026-10-07T01:48:38.008601+00:00,9b2462023ba6fc174873da2a8168fcde00ad440aa0637a19a6b69173d110381a,,UNVERIFIED
EP-02,World of Desires,00:11:33,693,847290,https://animehistory.org/uploads/screencaps/outlaw-star-E002-World-of-Desires/cap_00-11-33_2309.jpg,Outlaw Star Ep 2: World of Desires @ 00:11:33,https://animehistory.org/gallery/screencaps/outlaw-star/episode-2/,https://animehistory.org/gallery/screencaps/outlaw-star/episode-2/?page=2,2,2026-10-07T01:48:38.008601+00:00,9b2462023ba6fc174873da2a8168fcde00ad440aa0637a19a6b69173d110381a,,UNVERIFIED
EP-02,World of Desires,00:11:37,697,847291,https://animehistory.org/uploads/screencaps/outlaw-star-E002-World-of-Desires/cap_00-11-37_070b.jpg,Outlaw Star Ep 2: World of Desires @ 00:11:37,https://animehistory.org/gallery/screencaps/outlaw-star/episode-2/,https://animehistory.org/gallery/screencaps/outlaw-star/episode-2/?page=2,2,2026-10-07T01:48:38.008601+00:00,9b2462023ba6fc174873da2a8168fcde00ad440aa0637a19a6b69173d110381a,,UNVERIFIED
EP-02,World of Desires,00:11:40,700,847292,https://animehistory.org/uploads/screencaps/outlaw-star-E002-World-of-Desires/cap_00-11-40_3ab5.jpg,Outlaw Star Ep 2: World of Desires @ 00:11:40,https://animehistory.org/gallery/screencaps/outlaw-star/episode-2/,https://animehistory.org/gallery/screencaps/outlaw-star/episode-2/?page=2,2,2026-10-07T01:48:38.008601+00:00,9b2462023ba6fc174873da2a8168fcde00ad440aa0637a19a6b69173d110381a,,UNVERIFIED
EP-02,World of Desires,00:11:44,704,847293,https://animehistory.org/uploads/screencaps/outlaw-star-E002-World-of-Desires/cap_00-11-44_5bfb.jpg,Outlaw Star Ep 2: World of Desires @ 00:11:44,https://animehistory.org/gallery/screencaps/outlaw-star/episode-2/,https://animehistory.org/gallery/screencaps/outlaw-star/episode-2/?page=2,2,2026-10-07T01:48:38.008601+00:00,9b2462023ba6fc174873da2a8168fcde00ad440aa0637a19a6b69173d110381a,,UNVERIFIED
EP-02,World of Desires,00:11:48,708,847294,https://animehistory.org/uploads/screencaps/outlaw-star-E002-World-of-Desires/cap_00-11-48_0991.jpg,Outlaw Star Ep 2: World of Desires @ 00:11:48,https://animehistory.org/gallery/screencaps/outlaw-star/episode-2/,https://animehistory.org/gallery/screencaps/outlaw-star/episode-2/?page=2,2,2026-10-07T01:48:38.008601+00:00,9b2462023ba6fc174873da2a8168fcde00ad440aa0637a19a6b69173d110381a,,UNVERIFIED
EP-02,World of Desires,00:11:51,711,847295,https://animehistory.org/uploads/screencaps/outlaw-star-E002-World-of-Desires/cap_00-11-51_42db.jpg,Outlaw Star Ep 2: World of Desires @ 00:11:51,https://animehistory.org/gallery/screencaps/outlaw-star/episode-2/,https://animehistory.org/gallery/screencaps/outlaw-star/episode-2/?page=2,2,2026-10-07T01:48:38.008601+00:00,9b2462023ba6fc174873da2a8168fcde00ad440aa0637a19a6b69173d110381a,,UNVERIFIED
EP-02,World of Desires,00:11:55,715,847296,https://animehistory.org/uploads/screencaps/outlaw-star-E002-World-of-Desires/cap_00-11-55_3c4f.jpg,Outlaw Star Ep 2: World of Desires @ 00:11:55,https://animehistory.org/gallery/screencaps/outlaw-star/episode-2/,https://animehistory.org/gallery/screencaps/outlaw-star/episode-2/?page=2,2,2026-10-07T01:48:38.008601+00:00,9b2462023ba6fc174873da2a8168fcde00ad440aa0637a19a6b69173d110381a,,UNVERIFIED
EP-02,World of Desires,00:11:58,718,847297,https://animehistory.org/uploads/screencaps/outlaw-star-E002-World-of-Desires/cap_00-11-58_2a91.jpg,Outlaw Star Ep 2: World of Desires @ 00:11:58,https://animehistory.org/gallery/screencaps/outlaw-star/episode-2/,https://animehistory.org/gallery/screencaps/outlaw-star/episode-2/?page=2,2,2026-10-07T01:48:38.008601+00:00,9b2462023ba6fc174873da2a8168fcde00ad440aa0637a19a6b69173d110381a,,UNVERIFIED
EP-02,World of Desires,00:12:02,722,847298,https://animehistory.org/uploads/screencaps/outlaw-star-E002-World-of-Desires/cap_00-12-02_16e7.jpg,Outlaw Star Ep 2: World of Desires @ 00:12:02,https://animehistory.org/gallery/screencaps/outlaw-star/episode-2/,https://animehistory.org/gallery/screencaps/outlaw-star/episode-2/?page=2,2,2026-10-07T01:48:38.008601+00:00,9b2462023ba6fc174873da2a8168fcde00ad440aa0637a19a6b69173d110381a,,UNVERIFIED
EP-02,World of Desires,00:12:06,726,847299,https://animehistory.org/uploads/screencaps/outlaw-star-E002-World-of-Desires/cap_00-12-06_7dcd.jpg,Outlaw Star Ep 2: World of Desires @ 00:12:06,https://animehistory.org/gallery/screencaps/outlaw-star/episode-2/,https://animehistory.org/gallery/screencaps/outlaw-star/episode-2/?page=2,2,2026-10-07T01:48:38.008601+00:00,9b2462023ba6fc174873da2a8168fcde00ad440aa0637a19a6b69173d110381a,,UNVERIFIED
EP-02,World of Desires,00:12:09,729,847300,https://animehistory.org/uploads/screencaps/outlaw-star-E002-World-of-Desires/cap_00-12-09_7c85.jpg,Outlaw Star Ep 2: World of Desires @ 00:12:09,https://animehistory.org/gallery/screencaps/outlaw-star/episode-2/,https://animehistory.org/gallery/screencaps/outlaw-star/episode-2/?page=2,2,2026-10-07T01:48:38.008601+00:00,9b2462023ba6fc174873da2a8168fcde00ad440aa0637a19a6b69173d110381a,,UNVERIFIED
EP-02,World of Desires,00:12:13,733,847301,https://animehistory.org/uploads/screencaps/outlaw-star-E002-World-of-Desires/cap_00-12-13_3341.jpg,Outlaw Star Ep 2: World of Desires @ 00:12:13,https://animehistory.org/gallery/screencaps/outlaw-star/episode-2/,https://animehistory.org/gallery/screencaps/outlaw-star/episode-2/?page=2,2,2026-10-07T01:48:38.008601+00:00,9b2462023ba6fc174873da2a8168fcde00ad440aa0637a19a6b69173d110381a,,UNVERIFIED
EP-02,World of Desires,00:12:17,737,847302,https://animehistory.org/uploads/screencaps/outlaw-star-E002-World-of-Desires/cap_00-12-17_1e3c.jpg,Outlaw Star Ep 2: World of Desires @ 00:12:17,https://animehistory.org/gallery/screencaps/outlaw-star/episode-2/,https://animehistory.org/gallery/screencaps/outlaw-star/episode-2/?page=2,2,2026-10-07T01:48:38.008601+00:00,9b2462023ba6fc174873da2a8168fcde00ad440aa0637a19a6b69173d110381a,,UNVERIFIED
EP-02,World of Desires,00:12:20,740,847303,https://animehistory.org/uploads/screencaps/outlaw-star-E002-World-of-Desires/cap_00-12-20_2ab9.jpg,Outlaw Star Ep 2: World of Desires @ 00:12:20,https://animehistory.org/gallery/screencaps/outlaw-star/episode-2/,https://animehistory.org/gallery/screencaps/outlaw-star/episode-2/?page=2,2,2026-10-07T01:48:38.008601+00:00,9b2462023ba6fc174873da2a8168fcde00ad440aa0637a19a6b69173d110381a,,UNVERIFIED
EP-02,World of Desires,00:12:24,744,847304,https://animehistory.org/uploads/screencaps/outlaw-star-E002-World-of-Desires/cap_00-12-24_2941.jpg,Outlaw Star Ep 2: World of Desires @ 00:12:24,https://animehistory.org/gallery/screencaps/outlaw-star/episode-2/,https://animehistory.org/gallery/screencaps/outlaw-star/episode-2/?page=2,2,2026-10-07T01:48:38.008601+00:00,9b2462023ba6fc174873da2a8168fcde00ad440aa0637a19a6b69173d110381a,,UNVERIFIED
EP-02,World of Desires,00:12:27,747,847305,https://animehistory.org/uploads/screencaps/outlaw-star-E002-World-of-Desires/cap_00-12-27_3aed.jpg,Outlaw Star Ep 2: World of Desires @ 00:12:27,https://animehistory.org/gallery/screencaps/outlaw-star/episode-2/,https://animehistory.org/gallery/screencaps/outlaw-star/episode-2/?page=2,2,2026-10-07T01:48:38.008601+00:00,9b2462023ba6fc174873da2a8168fcde00ad440aa0637a19a6b69173d110381a,,UNVERIFIED
EP-02,World of Desires,00:12:31,751,847306,https://animehistory.org/uploads/screencaps/outlaw-star-E002-World-of-Desires/cap_00-12-31_5769.jpg,Outlaw Star Ep 2: World of Desires @ 00:12:31,https://animehistory.org/gallery/screencaps/outlaw-star/episode-2/,https://animehistory.org/gallery/screencaps/outlaw-star/episode-2/?page=2,2,2026-10-07T01:48:38.008601+00:00,9b2462023ba6fc174873da2a8168fcde00ad440aa0637a19a6b69173d110381a,,UNVERIFIED
EP-02,World of Desires,00:12:35,755,847307,https://animehistory.org/uploads/screencaps/outlaw-star-E002-World-of-Desires/cap_00-12-35_4924.jpg,Outlaw Star Ep 2: World of Desires @ 00:12:35,https://animehistory.org/gallery/screencaps/outlaw-star/episode-2/,https://animehistory.org/gallery/screencaps/outlaw-star/episode-2/?page=2,2,2026-10-07T01:48:38.008601+00:00,9b2462023ba6fc174873da2a8168fcde00ad440aa0637a19a6b69173d110381a,,UNVERIFIED
EP-02,World of Desires,00:12:38,758,847308,https://animehistory.org/uploads/screencaps/outlaw-star-E002-World-of-Desires/cap_00-12-38_77d7.jpg,Outlaw Star Ep 2: World of Desires @ 00:12:38,https://animehistory.org/gallery/screencaps/outlaw-star/episode-2/,https://animehistory.org/gallery/screencaps/outlaw-star/episode-2/?page=2,2,2026-10-07T01:48:38.008601+00:00,9b2462023ba6fc174873da2a8168fcde00ad440aa0637a19a6b69173d110381a,,UNVERIFIED
EP-02,World of Desires,00:12:42,762,847309,https://animehistory.org/uploads/screencaps/outlaw-star-E002-World-of-Desires/cap_00-12-42_1977.jpg,Outlaw Star Ep 2: World of Desires @ 00:12:42,https://animehistory.org/gallery/screencaps/outlaw-star/episode-2/,https://animehistory.org/gallery/screencaps/outlaw-star/episode-2/?page=2,2,2026-10-07T01:48:38.008601+00:00,9b2462023ba6fc174873da2a8168fcde00ad440aa0637a19a6b69173d110381a,,UNVERIFIED
EP-02,World of Desires,00:12:46,766,847310,https://animehistory.org/uploads/screencaps/outlaw-star-E002-World-of-Desires/cap_00-12-46_0f2b.jpg,Outlaw Star Ep 2: World of Desires @ 00:12:46,https://animehistory.org/gallery/screencaps/outlaw-star/episode-2/,https://animehistory.org/gallery/screencaps/outlaw-star/episode-2/?page=2,2,2026-10-07T01:48:38.008601+00:00,9b2462023ba6fc174873da2a8168fcde00ad440aa0637a19a6b69173d110381a,,UNVERIFIED
EP-02,World of Desires,00:12:49,769,847311,https://animehistory.org/uploads/screencaps/outlaw-star-E002-World-of-Desires/cap_00-12-49_3627.jpg,Outlaw Star Ep 2: World of Desires @ 00:12:49,https://animehistory.org/gallery/screencaps/outlaw-star/episode-2/,https://animehistory.org/gallery/screencaps/outlaw-star/episode-2/?page=2,2,2026-10-07T01:48:38.008601+00:00,9b2462023ba6fc174873da2a8168fcde00ad440aa0637a19a6b69173d110381a,,UNVERIFIED
EP-02,World of Desires,00:12:53,773,847312,https://animehistory.org/uploads/screencaps/outlaw-star-E002-World-of-Desires/cap_00-12-53_2675.jpg,Outlaw Star Ep 2: World of Desires @ 00:12:53,https://animehistory.org/gallery/screencaps/outlaw-star/episode-2/,https://animehistory.org/gallery/screencaps/outlaw-star/episode-2/?page=2,2,2026-10-07T01:48:38.008601+00:00,9b2462023ba6fc174873da2a8168fcde00ad440aa0637a19a6b69173d110381a,,UNVERIFIED
EP-02,World of Desires,00:12:56,776,847313,https://animehistory.org/uploads/screencaps/outlaw-star-E002-World-of-Desires/cap_00-12-56_2f0d.jpg,Outlaw Star Ep 2: World of Desires @ 00:12:56,https://animehistory.org/gallery/screencaps/outlaw-star/episode-2/,https://animehistory.org/gallery/screencaps/outlaw-star/episode-2/?page=2,2,2026-10-07T01:48:38.008601+00:00,9b2462023ba6fc174873da2a8168fcde00ad440aa0637a19a6b69173d110381a,,UNVERIFIED
EP-02,World of Desires,00:13:00,780,847314,https://animehistory.org/uploads/screencaps/outlaw-star-E002-World-of-Desires/cap_00-13-00_09b6.jpg,Outlaw Star Ep 2: World of Desires @ 00:13:00,https://animehistory.org/gallery/screencaps/outlaw-star/episode-2/,https://animehistory.org/gallery/screencaps/outlaw-star/episode-2/?page=2,2,2026-10-07T01:48:38.008601+00:00,9b2462023ba6fc174873da2a8168fcde00ad440aa0637a19a6b69173d110381a,,UNVERIFIED
EP-02,World of Desires,00:13:04,784,847315,https://animehistory.org/uploads/screencaps/outlaw-star-E002-World-of-Desires/cap_00-13-04_2f7c.jpg,Outlaw Star Ep 2: World of Desires @ 00:13:04,https://animehistory.org/gallery/screencaps/outlaw-star/episode-2/,https://animehistory.org/gallery/screencaps/outlaw-star/episode-2/?page=2,2,2026-10-07T01:48:38.008601+00:00,9b2462023ba6fc174873da2a8168fcde00ad440aa0637a19a6b69173d110381a,,UNVERIFIED
EP-02,World of Desires,00:13:07,787,847316,https://animehistory.org/uploads/screencaps/outlaw-star-E002-World-of-Desires/cap_00-13-07_41ce.jpg,Outlaw Star Ep 2: World of Desires @ 00:13:07,https://animehistory.org/gallery/screencaps/outlaw-star/episode-2/,https://animehistory.org/gallery/screencaps/outlaw-star/episode-2/?page=2,2,2026-10-07T01:48:38.008601+00:00,9b2462023ba6fc174873da2a8168fcde00ad440aa0637a19a6b69173d110381a,,UNVERIFIED
EP-02,World of Desires,00:13:11,791,847317,https://animehistory.org/uploads/screencaps/outlaw-star-E002-World-of-Desires/cap_00-13-11_0d7d.jpg,Outlaw Star Ep 2: World of Desires @ 00:13:11,https://animehistory.org/gallery/screencaps/outlaw-star/episode-2/,https://animehistory.org/gallery/screencaps/outlaw-star/episode-2/?page=2,2,2026-10-07T01:48:38.008601+00:00,9b2462023ba6fc174873da2a8168fcde00ad440aa0637a19a6b69173d110381a,,UNVERIFIED
EP-02,World of Desires,00:13:14,794,847318,https://animehistory.org/uploads/screencaps/outlaw-star-E002-World-of-Desires/cap_00-13-14_05fb.jpg,Outlaw Star Ep 2: World of Desires @ 00:13:14,https://animehistory.org/gallery/screencaps/outlaw-star/episode-2/,https://animehistory.org/gallery/screencaps/outlaw-star/episode-2/?page=2,2,2026-10-07T01:48:38.008601+00:00,9b2462023ba6fc174873da2a8168fcde00ad440aa0637a19a6b69173d110381a,,UNVERIFIED
EP-02,World of Desires,00:13:18,798,847319,https://animehistory.org/uploads/screencaps/outlaw-star-E002-World-of-Desires/cap_00-13-18_1104.jpg,Outlaw Star Ep 2: World of Desires @ 00:13:18,https://animehistory.org/gallery/screencaps/outlaw-star/episode-2/,https://animehistory.org/gallery/screencaps/outlaw-star/episode-2/?page=2,2,2026-10-07T01:48:38.008601+00:00,9b2462023ba6fc174873da2a8168fcde00ad440aa0637a19a6b69173d110381a,,UNVERIFIED
EP-02,World of Desires,00:13:22,802,847320,https://animehistory.org/uploads/screencaps/outlaw-star-E002-World-of-Desires/cap_00-13-22_59ef.jpg,Outlaw Star Ep 2: World of Desires @ 00:13:22,https://animehistory.org/gallery/screencaps/outlaw-star/episode-2/,https://animehistory.org/gallery/screencaps/outlaw-star/episode-2/?page=2,2,2026-10-07T01:48:38.008601+00:00,9b2462023ba6fc174873da2a8168fcde00ad440aa0637a19a6b69173d110381a,,UNVERIFIED
EP-02,World of Desires,00:13:25,805,847321,https://animehistory.org/uploads/screencaps/outlaw-star-E002-World-of-Desires/cap_00-13-25_61cd.jpg,Outlaw Star Ep 2: World of Desires @ 00:13:25,https://animehistory.org/gallery/screencaps/outlaw-star/episode-2/,https://animehistory.org/gallery/screencaps/outlaw-star/episode-2/?page=2,2,2026-10-07T01:48:38.008601+00:00,9b2462023ba6fc174873da2a8168fcde00ad440aa0637a19a6b69173d110381a,,UNVERIFIED
EP-02,World of Desires,00:13:29,809,847322,https://animehistory.org/uploads/screencaps/outlaw-star-E002-World-of-Desires/cap_00-13-29_57d3.jpg,Outlaw Star Ep 2: World of Desires @ 00:13:29,https://animehistory.org/gallery/screencaps/outlaw-star/episode-2/,https://animehistory.org/gallery/screencaps/outlaw-star/episode-2/?page=2,2,2026-10-07T01:48:38.008601+00:00,9b2462023ba6fc174873da2a8168fcde00ad440aa0637a19a6b69173d110381a,,UNVERIFIED
EP-02,World of Desires,00:13:33,813,847323,https://animehistory.org/uploads/screencaps/outlaw-star-E002-World-of-Desires/cap_00-13-33_72c6.jpg,Outlaw Star Ep 2: World of Desires @ 00:13:33,https://animehistory.org/gallery/screencaps/outlaw-star/episode-2/,https://animehistory.org/gallery/screencaps/outlaw-star/episode-2/?page=2,2,2026-10-07T01:48:38.008601+00:00,9b2462023ba6fc174873da2a8168fcde00ad440aa0637a19a6b69173d110381a,,UNVERIFIED
EP-02,World of Desires,00:13:36,816,847324,https://animehistory.org/uploads/screencaps/outlaw-star-E002-World-of-Desires/cap_00-13-36_7038.jpg,Outlaw Star Ep 2: World of Desires @ 00:13:36,https://animehistory.org/gallery/screencaps/outlaw-star/episode-2/,https://animehistory.org/gallery/screencaps/outlaw-star/episode-2/?page=2,2,2026-10-07T01:48:38.008601+00:00,9b2462023ba6fc174873da2a8168fcde00ad440aa0637a19a6b69173d110381a,,UNVERIFIED
EP-02,World of Desires,00:13:40,820,847325,https://animehistory.org/uploads/screencaps/outlaw-star-E002-World-of-Desires/cap_00-13-40_4b4c.jpg,Outlaw Star Ep 2: World of Desires @ 00:13:40,https://animehistory.org/gallery/screencaps/outlaw-star/episode-2/,https://animehistory.org/gallery/screencaps/outlaw-star/episode-2/?page=2,2,2026-10-07T01:48:38.008601+00:00,9b2462023ba6fc174873da2a8168fcde00ad440aa0637a19a6b69173d110381a,,UNVERIFIED
EP-02,World of Desires,00:13:43,823,847326,https://animehistory.org/uploads/screencaps/outlaw-star-E002-World-of-Desires/cap_00-13-43_60fb.jpg,Outlaw Star Ep 2: World of Desires @ 00:13:43,https://animehistory.org/gallery/screencaps/outlaw-star/episode-2/,https://animehistory.org/gallery/screencaps/outlaw-star/episode-2/?page=2,2,2026-10-07T01:48:38.008601+00:00,9b2462023ba6fc174873da2a8168fcde00ad440aa0637a19a6b69173d110381a,,UNVERIFIED
EP-02,World of Desires,00:13:47,827,847327,https://animehistory.org/uploads/screencaps/outlaw-star-E002-World-of-Desires/cap_00-13-47_29b6.jpg,Outlaw Star Ep 2: World of Desires @ 00:13:47,https://animehistory.org/gallery/screencaps/outlaw-star/episode-2/,https://animehistory.org/gallery/screencaps/outlaw-star/episode-2/?page=3,3,2026-10-07T01:48:39.239909+00:00,286e5f8264d0cad59e5eb4194ca25394d37eee7e2b63d7c2483f5c18480e9695,,UNVERIFIED
EP-02,World of Desires,00:13:51,831,847328,https://animehistory.org/uploads/screencaps/outlaw-star-E002-World-of-Desires/cap_00-13-51_3053.jpg,Outlaw Star Ep 2: World of Desires @ 00:13:51,https://animehistory.org/gallery/screencaps/outlaw-star/episode-2/,https://animehistory.org/gallery/screencaps/outlaw-star/episode-2/?page=3,3,2026-10-07T01:48:39.239909+00:00,286e5f8264d0cad59e5eb4194ca25394d37eee7e2b63d7c2483f5c18480e9695,,UNVERIFIED
EP-02,World of Desires,00:13:54,834,847329,https://animehistory.org/uploads/screencaps/outlaw-star-E002-World-of-Desires/cap_00-13-54_7a06.jpg,Outlaw Star Ep 2: World of Desires @ 00:13:54,https://animehistory.org/gallery/screencaps/outlaw-star/episode-2/,https://animehistory.org/gallery/screencaps/outlaw-star/episode-2/?page=3,3,2026-10-07T01:48:39.239909+00:00,286e5f8264d0cad59e5eb4194ca25394d37eee7e2b63d7c2483f5c18480e9695,,UNVERIFIED
EP-02,World of Desires,00:13:58,838,847330,https://animehistory.org/uploads/screencaps/outlaw-star-E002-World-of-Desires/cap_00-13-58_6318.jpg,Outlaw Star Ep 2: World of Desires @ 00:13:58,https://animehistory.org/gallery/screencaps/outlaw-star/episode-2/,https://animehistory.org/gallery/screencaps/outlaw-star/episode-2/?page=3,3,2026-10-07T01:48:39.239909+00:00,286e5f8264d0cad59e5eb4194ca25394d37eee7e2b63d7c2483f5c18480e9695,,UNVERIFIED
EP-02,World of Desires,00:14:02,842,847331,https://animehistory.org/uploads/screencaps/outlaw-star-E002-World-of-Desires/cap_00-14-02_4a21.jpg,Outlaw Star Ep 2: World of Desires @ 00:14:02,https://animehistory.org/gallery/screencaps/outlaw-star/episode-2/,https://animehistory.org/gallery/screencaps/outlaw-star/episode-2/?page=3,3,2026-10-07T01:48:39.239909+00:00,286e5f8264d0cad59e5eb4194ca25394d37eee7e2b63d7c2483f5c18480e9695,,UNVERIFIED
EP-02,World of Desires,00:14:05,845,847332,https://animehistory.org/uploads/screencaps/outlaw-star-E002-World-of-Desires/cap_00-14-05_3285.jpg,Outlaw Star Ep 2: World of Desires @ 00:14:05,https://animehistory.org/gallery/screencaps/outlaw-star/episode-2/,https://animehistory.org/gallery/screencaps/outlaw-star/episode-2/?page=3,3,2026-10-07T01:48:39.239909+00:00,286e5f8264d0cad59e5eb4194ca25394d37eee7e2b63d7c2483f5c18480e9695,,UNVERIFIED
EP-02,World of Desires,00:14:09,849,847333,https://animehistory.org/uploads/screencaps/outlaw-star-E002-World-of-Desires/cap_00-14-09_6236.jpg,Outlaw Star Ep 2: World of Desires @ 00:14:09,https://animehistory.org/gallery/screencaps/outlaw-star/episode-2/,https://animehistory.org/gallery/screencaps/outlaw-star/episode-2/?page=3,3,2026-10-07T01:48:39.239909+00:00,286e5f8264d0cad59e5eb4194ca25394d37eee7e2b63d7c2483f5c18480e9695,,UNVERIFIED
EP-02,World of Desires,00:14:12,852,847334,https://animehistory.org/uploads/screencaps/outlaw-star-E002-World-of-Desires/cap_00-14-12_64d7.jpg,Outlaw Star Ep 2: World of Desires @ 00:14:12,https://animehistory.org/gallery/screencaps/outlaw-star/episode-2/,https://animehistory.org/gallery/screencaps/outlaw-star/episode-2/?page=3,3,2026-10-07T01:48:39.239909+00:00,286e5f8264d0cad59e5eb4194ca25394d37eee7e2b63d7c2483f5c18480e9695,,UNVERIFIED
EP-02,World of Desires,00:14:16,856,847335,https://animehistory.org/uploads/screencaps/outlaw-star-E002-World-of-Desires/cap_00-14-16_5365.jpg,Outlaw Star Ep 2: World of Desires @ 00:14:16,https://animehistory.org/gallery/screencaps/outlaw-star/episode-2/,https://animehistory.org/gallery/screencaps/outlaw-star/episode-2/?page=3,3,2026-10-07T01:48:39.239909+00:00,286e5f8264d0cad59e5eb4194ca25394d37eee7e2b63d7c2483f5c18480e9695,,UNVERIFIED
EP-02,World of Desires,00:14:20,860,847336,https://animehistory.org/uploads/screencaps/outlaw-star-E002-World-of-Desires/cap_00-14-20_7b67.jpg,Outlaw Star Ep 2: World of Desires @ 00:14:20,https://animehistory.org/gallery/screencaps/outlaw-star/episode-2/,https://animehistory.org/gallery/screencaps/outlaw-star/episode-2/?page=3,3,2026-10-07T01:48:39.239909+00:00,286e5f8264d0cad59e5eb4194ca25394d37eee7e2b63d7c2483f5c18480e9695,,UNVERIFIED
EP-02,World of Desires,00:14:23,863,847337,https://animehistory.org/uploads/screencaps/outlaw-star-E002-World-of-Desires/cap_00-14-23_7873.jpg,Outlaw Star Ep 2: World of Desires @ 00:14:23,https://animehistory.org/gallery/screencaps/outlaw-star/episode-2/,https://animehistory.org/gallery/screencaps/outlaw-star/episode-2/?page=3,3,2026-10-07T01:48:39.239909+00:00,286e5f8264d0cad59e5eb4194ca25394d37eee7e2b63d7c2483f5c18480e9695,,UNVERIFIED
EP-02,World of Desires,00:14:27,867,847338,https://animehistory.org/uploads/screencaps/outlaw-star-E002-World-of-Desires/cap_00-14-27_10da.jpg,Outlaw Star Ep 2: World of Desires @ 00:14:27,https://animehistory.org/gallery/screencaps/outlaw-star/episode-2/,https://animehistory.org/gallery/screencaps/outlaw-star/episode-2/?page=3,3,2026-10-07T01:48:39.239909+00:00,286e5f8264d0cad59e5eb4194ca25394d37eee7e2b63d7c2483f5c18480e9695,,UNVERIFIED
EP-02,World of Desires,00:14:30,870,847339,https://animehistory.org/uploads/screencaps/outlaw-star-E002-World-of-Desires/cap_00-14-30_78c7.jpg,Outlaw Star Ep 2: World of Desires @ 00:14:30,https://animehistory.org/gallery/screencaps/outlaw-star/episode-2/,https://animehistory.org/gallery/screencaps/outlaw-star/episode-2/?page=3,3,2026-10-07T01:48:39.239909+00:00,286e5f8264d0cad59e5eb4194ca25394d37eee7e2b63d7c2483f5c18480e9695,,UNVERIFIED
EP-02,World of Desires,00:14:34,874,847340,https://animehistory.org/uploads/screencaps/outlaw-star-E002-World-of-Desires/cap_00-14-34_756c.jpg,Outlaw Star Ep 2: World of Desires @ 00:14:34,https://animehistory.org/gallery/screencaps/outlaw-star/episode-2/,https://animehistory.org/gallery/screencaps/outlaw-star/episode-2/?page=3,3,2026-10-07T01:48:39.239909+00:00,286e5f8264d0cad59e5eb4194ca25394d37eee7e2b63d7c2483f5c18480e9695,,UNVERIFIED
EP-02,World of Desires,00:14:38,878,847341,https://animehistory.org/uploads/screencaps/outlaw-star-E002-World-of-Desires/cap_00-14-38_275c.jpg,Outlaw Star Ep 2: World of Desires @ 00:14:38,https://animehistory.org/gallery/screencaps/outlaw-star/episode-2/,https://animehistory.org/gallery/screencaps/outlaw-star/episode-2/?page=3,3,2026-10-07T01:48:39.239909+00:00,286e5f8264d0cad59e5eb4194ca25394d37eee7e2b63d7c2483f5c18480e9695,,UNVERIFIED
EP-02,World of Desires,00:14:41,881,847342,https://animehistory.org/uploads/screencaps/outlaw-star-E002-World-of-Desires/cap_00-14-41_0131.jpg,Outlaw Star Ep 2: World of Desires @ 00:14:41,https://animehistory.org/gallery/screencaps/outlaw-star/episode-2/,https://animehistory.org/gallery/screencaps/outlaw-star/episode-2/?page=3,3,2026-10-07T01:48:39.239909+00:00,286e5f8264d0cad59e5eb4194ca25394d37eee7e2b63d7c2483f5c18480e9695,,UNVERIFIED
EP-02,World of Desires,00:14:45,885,847343,https://animehistory.org/uploads/screencaps/outlaw-star-E002-World-of-Desires/cap_00-14-45_3c66.jpg,Outlaw Star Ep 2: World of Desires @ 00:14:45,https://animehistory.org/gallery/screencaps/outlaw-star/episode-2/,https://animehistory.org/gallery/screencaps/outlaw-star/episode-2/?page=3,3,2026-10-07T01:48:39.239909+00:00,286e5f8264d0cad59e5eb4194ca25394d37eee7e2b63d7c2483f5c18480e9695,,UNVERIFIED
EP-02,World of Desires,00:14:49,889,847344,https://animehistory.org/uploads/screencaps/outlaw-star-E002-World-of-Desires/cap_00-14-49_261a.jpg,Outlaw Star Ep 2: World of Desires @ 00:14:49,https://animehistory.org/gallery/screencaps/outlaw-star/episode-2/,https://animehistory.org/gallery/screencaps/outlaw-star/episode-2/?page=3,3,2026-10-07T01:48:39.239909+00:00,286e5f8264d0cad59e5eb4194ca25394d37eee7e2b63d7c2483f5c18480e9695,,UNVERIFIED
EP-02,World of Desires,00:14:52,892,847345,https://animehistory.org/uploads/screencaps/outlaw-star-E002-World-of-Desires/cap_00-14-52_3f96.jpg,Outlaw Star Ep 2: World of Desires @ 00:14:52,https://animehistory.org/gallery/screencaps/outlaw-star/episode-2/,https://animehistory.org/gallery/screencaps/outlaw-star/episode-2/?page=3,3,2026-10-07T01:48:39.239909+00:00,286e5f8264d0cad59e5eb4194ca25394d37eee7e2b63d7c2483f5c18480e9695,,UNVERIFIED
EP-02,World of Desires,00:14:56,896,847346,https://animehistory.org/uploads/screencaps/outlaw-star-E002-World-of-Desires/cap_00-14-56_0306.jpg,Outlaw Star Ep 2: World of Desires @ 00:14:56,https://animehistory.org/gallery/screencaps/outlaw-star/episode-2/,https://animehistory.org/gallery/screencaps/outlaw-star/episode-2/?page=3,3,2026-10-07T01:48:39.239909+00:00,286e5f8264d0cad59e5eb4194ca25394d37eee7e2b63d7c2483f5c18480e9695,,UNVERIFIED
EP-02,World of Desires,00:14:59,899,847347,https://animehistory.org/uploads/screencaps/outlaw-star-E002-World-of-Desires/cap_00-14-59_6c47.jpg,Outlaw Star Ep 2: World of Desires @ 00:14:59,https://animehistory.org/gallery/screencaps/outlaw-star/episode-2/,https://animehistory.org/gallery/screencaps/outlaw-star/episode-2/?page=3,3,2026-10-07T01:48:39.239909+00:00,286e5f8264d0cad59e5eb4194ca25394d37eee7e2b63d7c2483f5c18480e9695,,UNVERIFIED
EP-02,World of Desires,00:15:03,903,847348,https://animehistory.org/uploads/screencaps/outlaw-star-E002-World-of-Desires/cap_00-15-03_3bcb.jpg,Outlaw Star Ep 2: World of Desires @ 00:15:03,https://animehistory.org/gallery/screencaps/outlaw-star/episode-2/,https://animehistory.org/gallery/screencaps/outlaw-star/episode-2/?page=3,3,2026-10-07T01:48:39.239909+00:00,286e5f8264d0cad59e5eb4194ca25394d37eee7e2b63d7c2483f5c18480e9695,,UNVERIFIED
EP-02,World of Desires,00:15:07,907,847349,https://animehistory.org/uploads/screencaps/outlaw-star-E002-World-of-Desires/cap_00-15-07_66fc.jpg,Outlaw Star Ep 2: World of Desires @ 00:15:07,https://animehistory.org/gallery/screencaps/outlaw-star/episode-2/,https://animehistory.org/gallery/screencaps/outlaw-star/episode-2/?page=3,3,2026-10-07T01:48:39.239909+00:00,286e5f8264d0cad59e5eb4194ca25394d37eee7e2b63d7c2483f5c18480e9695,,UNVERIFIED
EP-02,World of Desires,00:15:10,910,847350,https://animehistory.org/uploads/screencaps/outlaw-star-E002-World-of-Desires/cap_00-15-10_5078.jpg,Outlaw Star Ep 2: World of Desires @ 00:15:10,https://animehistory.org/gallery/screencaps/outlaw-star/episode-2/,https://animehistory.org/gallery/screencaps/outlaw-star/episode-2/?page=3,3,2026-10-07T01:48:39.239909+00:00,286e5f8264d0cad59e5eb4194ca25394d37eee7e2b63d7c2483f5c18480e9695,,UNVERIFIED
EP-02,World of Desires,00:15:14,914,847351,https://animehistory.org/uploads/screencaps/outlaw-star-E002-World-of-Desires/cap_00-15-14_1816.jpg,Outlaw Star Ep 2: World of Desires @ 00:15:14,https://animehistory.org/gallery/screencaps/outlaw-star/episode-2/,https://animehistory.org/gallery/screencaps/outlaw-star/episode-2/?page=3,3,2026-10-07T01:48:39.239909+00:00,286e5f8264d0cad59e5eb4194ca25394d37eee7e2b63d7c2483f5c18480e9695,,UNVERIFIED
EP-02,World of Desires,00:15:18,918,847352,https://animehistory.org/uploads/screencaps/outlaw-star-E002-World-of-Desires/cap_00-15-18_755b.jpg,Outlaw Star Ep 2: World of Desires @ 00:15:18,https://animehistory.org/gallery/screencaps/outlaw-star/episode-2/,https://animehistory.org/gallery/screencaps/outlaw-star/episode-2/?page=3,3,2026-10-07T01:48:39.239909+00:00,286e5f8264d0cad59e5eb4194ca25394d37eee7e2b63d7c2483f5c18480e9695,,UNVERIFIED
EP-02,World of Desires,00:15:21,921,847353,https://animehistory.org/uploads/screencaps/outlaw-star-E002-World-of-Desires/cap_00-15-21_1c14.jpg,Outlaw Star Ep 2: World of Desires @ 00:15:21,https://animehistory.org/gallery/screencaps/outlaw-star/episode-2/,https://animehistory.org/gallery/screencaps/outlaw-star/episode-2/?page=3,3,2026-10-07T01:48:39.239909+00:00,286e5f8264d0cad59e5eb4194ca25394d37eee7e2b63d7c2483f5c18480e9695,,UNVERIFIED
EP-02,World of Desires,00:15:25,925,847354,https://animehistory.org/uploads/screencaps/outlaw-star-E002-World-of-Desires/cap_00-15-25_04bc.jpg,Outlaw Star Ep 2: World of Desires @ 00:15:25,https://animehistory.org/gallery/screencaps/outlaw-star/episode-2/,https://animehistory.org/gallery/screencaps/outlaw-star/episode-2/?page=3,3,2026-10-07T01:48:39.239909+00:00,286e5f8264d0cad59e5eb4194ca25394d37eee7e2b63d7c2483f5c18480e9695,,UNVERIFIED
EP-02,World of Desires,00:15:28,928,847355,https://animehistory.org/uploads/screencaps/outlaw-star-E002-World-of-Desires/cap_00-15-28_4515.jpg,Outlaw Star Ep 2: World of Desires @ 00:15:28,https://animehistory.org/gallery/screencaps/outlaw-star/episode-2/,https://animehistory.org/gallery/screencaps/outlaw-star/episode-2/?page=3,3,2026-10-07T01:48:39.239909+00:00,286e5f8264d0cad59e5eb4194ca25394d37eee7e2b63d7c2483f5c18480e9695,,UNVERIFIED
EP-02,World of Desires,00:15:32,932,847356,https://animehistory.org/uploads/screencaps/outlaw-star-E002-World-of-Desires/cap_00-15-32_544a.jpg,Outlaw Star Ep 2: World of Desires @ 00:15:32,https://animehistory.org/gallery/screencaps/outlaw-star/episode-2/,https://animehistory.org/gallery/screencaps/outlaw-star/episode-2/?page=3,3,2026-10-07T01:48:39.239909+00:00,286e5f8264d0cad59e5eb4194ca25394d37eee7e2b63d7c2483f5c18480e9695,,UNVERIFIED
EP-02,World of Desires,00:15:36,936,847357,https://animehistory.org/uploads/screencaps/outlaw-star-E002-World-of-Desires/cap_00-15-36_4c35.jpg,Outlaw Star Ep 2: World of Desires @ 00:15:36,https://animehistory.org/gallery/screencaps/outlaw-star/episode-2/,https://animehistory.org/gallery/screencaps/outlaw-star/episode-2/?page=3,3,2026-10-07T01:48:39.239909+00:00,286e5f8264d0cad59e5eb4194ca25394d37eee7e2b63d7c2483f5c18480e9695,,UNVERIFIED
EP-02,World of Desires,00:15:39,939,847358,https://animehistory.org/uploads/screencaps/outlaw-star-E002-World-of-Desires/cap_00-15-39_7ca7.jpg,Outlaw Star Ep 2: World of Desires @ 00:15:39,https://animehistory.org/gallery/screencaps/outlaw-star/episode-2/,https://animehistory.org/gallery/screencaps/outlaw-star/episode-2/?page=3,3,2026-10-07T01:48:39.239909+00:00,286e5f8264d0cad59e5eb4194ca25394d37eee7e2b63d7c2483f5c18480e9695,,UNVERIFIED
EP-02,World of Desires,00:15:43,943,847359,https://animehistory.org/uploads/screencaps/outlaw-star-E002-World-of-Desires/cap_00-15-43_3c1c.jpg,Outlaw Star Ep 2: World of Desires @ 00:15:43,https://animehistory.org/gallery/screencaps/outlaw-star/episode-2/,https://animehistory.org/gallery/screencaps/outlaw-star/episode-2/?page=3,3,2026-10-07T01:48:39.239909+00:00,286e5f8264d0cad59e5eb4194ca25394d37eee7e2b63d7c2483f5c18480e9695,,UNVERIFIED
EP-02,World of Desires,00:15:47,947,847360,https://animehistory.org/uploads/screencaps/outlaw-star-E002-World-of-Desires/cap_00-15-47_4b59.jpg,Outlaw Star Ep 2: World of Desires @ 00:15:47,https://animehistory.org/gallery/screencaps/outlaw-star/episode-2/,https://animehistory.org/gallery/screencaps/outlaw-star/episode-2/?page=3,3,2026-10-07T01:48:39.239909+00:00,286e5f8264d0cad59e5eb4194ca25394d37eee7e2b63d7c2483f5c18480e9695,,UNVERIFIED
EP-02,World of Desires,00:15:50,950,847361,https://animehistory.org/uploads/screencaps/outlaw-star-E002-World-of-Desires/cap_00-15-50_50a8.jpg,Outlaw Star Ep 2: World of Desires @ 00:15:50,https://animehistory.org/gallery/screencaps/outlaw-star/episode-2/,https://animehistory.org/gallery/screencaps/outlaw-star/episode-2/?page=3,3,2026-10-07T01:48:39.239909+00:00,286e5f8264d0cad59e5eb4194ca25394d37eee7e2b63d7c2483f5c18480e9695,,UNVERIFIED
EP-02,World of Desires,00:15:54,954,847362,https://animehistory.org/uploads/screencaps/outlaw-star-E002-World-of-Desires/cap_00-15-54_27d5.jpg,Outlaw Star Ep 2: World of Desires @ 00:15:54,https://animehistory.org/gallery/screencaps/outlaw-star/episode-2/,https://animehistory.org/gallery/screencaps/outlaw-star/episode-2/?page=3,3,2026-10-07T01:48:39.239909+00:00,286e5f8264d0cad59e5eb4194ca25394d37eee7e2b63d7c2483f5c18480e9695,,UNVERIFIED
EP-02,World of Desires,00:15:57,957,847363,https://animehistory.org/uploads/screencaps/outlaw-star-E002-World-of-Desires/cap_00-15-57_4b37.jpg,Outlaw Star Ep 2: World of Desires @ 00:15:57,https://animehistory.org/gallery/screencaps/outlaw-star/episode-2/,https://animehistory.org/gallery/screencaps/outlaw-star/episode-2/?page=3,3,2026-10-07T01:48:39.239909+00:00,286e5f8264d0cad59e5eb4194ca25394d37eee7e2b63d7c2483f5c18480e9695,,UNVERIFIED
EP-02,World of Desires,00:16:01,961,847364,https://animehistory.org/uploads/screencaps/outlaw-star-E002-World-of-Desires/cap_00-16-01_15a5.jpg,Outlaw Star Ep 2: World of Desires @ 00:16:01,https://animehistory.org/gallery/screencaps/outlaw-star/episode-2/,https://animehistory.org/gallery/screencaps/outlaw-star/episode-2/?page=3,3,2026-10-07T01:48:39.239909+00:00,286e5f8264d0cad59e5eb4194ca25394d37eee7e2b63d7c2483f5c18480e9695,,UNVERIFIED
EP-02,World of Desires,00:16:05,965,847365,https://animehistory.org/uploads/screencaps/outlaw-star-E002-World-of-Desires/cap_00-16-05_41cb.jpg,Outlaw Star Ep 2: World of Desires @ 00:16:05,https://animehistory.org/gallery/screencaps/outlaw-star/episode-2/,https://animehistory.org/gallery/screencaps/outlaw-star/episode-2/?page=3,3,2026-10-07T01:48:39.239909+00:00,286e5f8264d0cad59e5eb4194ca25394d37eee7e2b63d7c2483f5c18480e9695,,UNVERIFIED
EP-02,World of Desires,00:16:08,968,847366,https://animehistory.org/uploads/screencaps/outlaw-star-E002-World-of-Desires/cap_00-16-08_4c8c.jpg,Outlaw Star Ep 2: World of Desires @ 00:16:08,https://animehistory.org/gallery/screencaps/outlaw-star/episode-2/,https://animehistory.org/gallery/screencaps/outlaw-star/episode-2/?page=3,3,2026-10-07T01:48:39.239909+00:00,286e5f8264d0cad59e5eb4194ca25394d37eee7e2b63d7c2483f5c18480e9695,,UNVERIFIED
EP-02,World of Desires,00:16:12,972,847367,https://animehistory.org/uploads/screencaps/outlaw-star-E002-World-of-Desires/cap_00-16-12_2d83.jpg,Outlaw Star Ep 2: World of Desires @ 00:16:12,https://animehistory.org/gallery/screencaps/outlaw-star/episode-2/,https://animehistory.org/gallery/screencaps/outlaw-star/episode-2/?page=3,3,2026-10-07T01:48:39.239909+00:00,286e5f8264d0cad59e5eb4194ca25394d37eee7e2b63d7c2483f5c18480e9695,,UNVERIFIED
EP-02,World of Desires,00:16:15,975,847368,https://animehistory.org/uploads/screencaps/outlaw-star-E002-World-of-Desires/cap_00-16-15_3a18.jpg,Outlaw Star Ep 2: World of Desires @ 00:16:15,https://animehistory.org/gallery/screencaps/outlaw-star/episode-2/,https://animehistory.org/gallery/screencaps/outlaw-star/episode-2/?page=3,3,2026-10-07T01:48:39.239909+00:00,286e5f8264d0cad59e5eb4194ca25394d37eee7e2b63d7c2483f5c18480e9695,,UNVERIFIED
EP-02,World of Desires,00:16:19,979,847369,https://animehistory.org/uploads/screencaps/outlaw-star-E002-World-of-Desires/cap_00-16-19_1f60.jpg,Outlaw Star Ep 2: World of Desires @ 00:16:19,https://animehistory.org/gallery/screencaps/outlaw-star/episode-2/,https://animehistory.org/gallery/screencaps/outlaw-star/episode-2/?page=3,3,2026-10-07T01:48:39.239909+00:00,286e5f8264d0cad59e5eb4194ca25394d37eee7e2b63d7c2483f5c18480e9695,,UNVERIFIED
EP-02,World of Desires,00:16:23,983,847370,https://animehistory.org/uploads/screencaps/outlaw-star-E002-World-of-Desires/cap_00-16-23_60f9.jpg,Outlaw Star Ep 2: World of Desires @ 00:16:23,https://animehistory.org/gallery/screencaps/outlaw-star/episode-2/,https://animehistory.org/gallery/screencaps/outlaw-star/episode-2/?page=3,3,2026-10-07T01:48:39.239909+00:00,286e5f8264d0cad59e5eb4194ca25394d37eee7e2b63d7c2483f5c18480e9695,,UNVERIFIED
EP-02,World of Desires,00:16:26,986,847371,https://animehistory.org/uploads/screencaps/outlaw-star-E002-World-of-Desires/cap_00-16-26_769c.jpg,Outlaw Star Ep 2: World of Desires @ 00:16:26,https://animehistory.org/gallery/screencaps/outlaw-star/episode-2/,https://animehistory.org/gallery/screencaps/outlaw-star/episode-2/?page=3,3,2026-10-07T01:48:39.239909+00:00,286e5f8264d0cad59e5eb4194ca25394d37eee7e2b63d7c2483f5c18480e9695,,UNVERIFIED
EP-02,World of Desires,00:16:30,990,847372,https://animehistory.org/uploads/screencaps/outlaw-star-E002-World-of-Desires/cap_00-16-30_267a.jpg,Outlaw Star Ep 2: World of Desires @ 00:16:30,https://animehistory.org/gallery/screencaps/outlaw-star/episode-2/,https://animehistory.org/gallery/screencaps/outlaw-star/episode-2/?page=3,3,2026-10-07T01:48:39.239909+00:00,286e5f8264d0cad59e5eb4194ca25394d37eee7e2b63d7c2483f5c18480e9695,,UNVERIFIED
EP-02,World of Desires,00:16:34,994,847373,https://animehistory.org/uploads/screencaps/outlaw-star-E002-World-of-Desires/cap_00-16-34_6a3d.jpg,Outlaw Star Ep 2: World of Desires @ 00:16:34,https://animehistory.org/gallery/screencaps/outlaw-star/episode-2/,https://animehistory.org/gallery/screencaps/outlaw-star/episode-2/?page=3,3,2026-10-07T01:48:39.239909+00:00,286e5f8264d0cad59e5eb4194ca25394d37eee7e2b63d7c2483f5c18480e9695,,UNVERIFIED
EP-02,World of Desires,00:16:37,997,847374,https://animehistory.org/uploads/screencaps/outlaw-star-E002-World-of-Desires/cap_00-16-37_0866.jpg,Outlaw Star Ep 2: World of Desires @ 00:16:37,https://animehistory.org/gallery/screencaps/outlaw-star/episode-2/,https://animehistory.org/gallery/screencaps/outlaw-star/episode-2/?page=3,3,2026-10-07T01:48:39.239909+00:00,286e5f8264d0cad59e5eb4194ca25394d37eee7e2b63d7c2483f5c18480e9695,,UNVERIFIED
EP-02,World of Desires,00:16:41,1001,847375,https://animehistory.org/uploads/screencaps/outlaw-star-E002-World-of-Desires/cap_00-16-41_4577.jpg,Outlaw Star Ep 2: World of Desires @ 00:16:41,https://animehistory.org/gallery/screencaps/outlaw-star/episode-2/,https://animehistory.org/gallery/screencaps/outlaw-star/episode-2/?page=3,3,2026-10-07T01:48:39.239909+00:00,286e5f8264d0cad59e5eb4194ca25394d37eee7e2b63d7c2483f5c18480e9695,,UNVERIFIED
EP-02,World of Desires,00:16:44,1004,847376,https://animehistory.org/uploads/screencaps/outlaw-star-E002-World-of-Desires/cap_00-16-44_1778.jpg,Outlaw Star Ep 2: World of Desires @ 00:16:44,https://animehistory.org/gallery/screencaps/outlaw-star/episode-2/,https://animehistory.org/gallery/screencaps/outlaw-star/episode-2/?page=3,3,2026-10-07T01:48:39.239909+00:00,286e5f8264d0cad59e5eb4194ca25394d37eee7e2b63d7c2483f5c18480e9695,,UNVERIFIED
EP-02,World of Desires,00:16:48,1008,847377,https://animehistory.org/uploads/screencaps/outlaw-star-E002-World-of-Desires/cap_00-16-48_006c.jpg,Outlaw Star Ep 2: World of Desires @ 00:16:48,https://animehistory.org/gallery/screencaps/outlaw-star/episode-2/,https://animehistory.org/gallery/screencaps/outlaw-star/episode-2/?page=3,3,2026-10-07T01:48:39.239909+00:00,286e5f8264d0cad59e5eb4194ca25394d37eee7e2b63d7c2483f5c18480e9695,,UNVERIFIED
EP-02,World of Desires,00:16:52,1012,847378,https://animehistory.org/uploads/screencaps/outlaw-star-E002-World-of-Desires/cap_00-16-52_5aa4.jpg,Outlaw Star Ep 2: World of Desires @ 00:16:52,https://animehistory.org/gallery/screencaps/outlaw-star/episode-2/,https://animehistory.org/gallery/screencaps/outlaw-star/episode-2/?page=3,3,2026-10-07T01:48:39.239909+00:00,286e5f8264d0cad59e5eb4194ca25394d37eee7e2b63d7c2483f5c18480e9695,,UNVERIFIED
EP-02,World of Desires,00:16:55,1015,847379,https://animehistory.org/uploads/screencaps/outlaw-star-E002-World-of-Desires/cap_00-16-55_4bd7.jpg,Outlaw Star Ep 2: World of Desires @ 00:16:55,https://animehistory.org/gallery/screencaps/outlaw-star/episode-2/,https://animehistory.org/gallery/screencaps/outlaw-star/episode-2/?page=3,3,2026-10-07T01:48:39.239909+00:00,286e5f8264d0cad59e5eb4194ca25394d37eee7e2b63d7c2483f5c18480e9695,,UNVERIFIED
EP-02,World of Desires,00:16:59,1019,847380,https://animehistory.org/uploads/screencaps/outlaw-star-E002-World-of-Desires/cap_00-16-59_70d3.jpg,Outlaw Star Ep 2: World of Desires @ 00:16:59,https://animehistory.org/gallery/screencaps/outlaw-star/episode-2/,https://animehistory.org/gallery/screencaps/outlaw-star/episode-2/?page=3,3,2026-10-07T01:48:39.239909+00:00,286e5f8264d0cad59e5eb4194ca25394d37eee7e2b63d7c2483f5c18480e9695,,UNVERIFIED
EP-02,World of Desires,00:17:03,1023,847381,https://animehistory.org/uploads/screencaps/outlaw-star-E002-World-of-Desires/cap_00-17-03_4f50.jpg,Outlaw Star Ep 2: World of Desires @ 00:17:03,https://animehistory.org/gallery/screencaps/outlaw-star/episode-2/,https://animehistory.org/gallery/screencaps/outlaw-star/episode-2/?page=3,3,2026-10-07T01:48:39.239909+00:00,286e5f8264d0cad59e5eb4194ca25394d37eee7e2b63d7c2483f5c18480e9695,,UNVERIFIED
EP-02,World of Desires,00:17:06,1026,847382,https://animehistory.org/uploads/screencaps/outlaw-star-E002-World-of-Desires/cap_00-17-06_2786.jpg,Outlaw Star Ep 2: World of Desires @ 00:17:06,https://animehistory.org/gallery/screencaps/outlaw-star/episode-2/,https://animehistory.org/gallery/screencaps/outlaw-star/episode-2/?page=3,3,2026-10-07T01:48:39.239909+00:00,286e5f8264d0cad59e5eb4194ca25394d37eee7e2b63d7c2483f5c18480e9695,,UNVERIFIED
EP-02,World of Desires,00:17:10,1030,847383,https://animehistory.org/uploads/screencaps/outlaw-star-E002-World-of-Desires/cap_00-17-10_0103.jpg,Outlaw Star Ep 2: World of Desires @ 00:17:10,https://animehistory.org/gallery/screencaps/outlaw-star/episode-2/,https://animehistory.org/gallery/screencaps/outlaw-star/episode-2/?page=3,3,2026-10-07T01:48:39.239909+00:00,286e5f8264d0cad59e5eb4194ca25394d37eee7e2b63d7c2483f5c18480e9695,,UNVERIFIED
EP-02,World of Desires,00:17:13,1033,847384,https://animehistory.org/uploads/screencaps/outlaw-star-E002-World-of-Desires/cap_00-17-13_562c.jpg,Outlaw Star Ep 2: World of Desires @ 00:17:13,https://animehistory.org/gallery/screencaps/outlaw-star/episode-2/,https://animehistory.org/gallery/screencaps/outlaw-star/episode-2/?page=3,3,2026-10-07T01:48:39.239909+00:00,286e5f8264d0cad59e5eb4194ca25394d37eee7e2b63d7c2483f5c18480e9695,,UNVERIFIED
EP-02,World of Desires,00:17:17,1037,847385,https://animehistory.org/uploads/screencaps/outlaw-star-E002-World-of-Desires/cap_00-17-17_3bb1.jpg,Outlaw Star Ep 2: World of Desires @ 00:17:17,https://animehistory.org/gallery/screencaps/outlaw-star/episode-2/,https://animehistory.org/gallery/screencaps/outlaw-star/episode-2/?page=3,3,2026-10-07T01:48:39.239909+00:00,286e5f8264d0cad59e5eb4194ca25394d37eee7e2b63d7c2483f5c18480e9695,,UNVERIFIED
EP-02,World of Desires,00:17:21,1041,847386,https://animehistory.org/uploads/screencaps/outlaw-star-E002-World-of-Desires/cap_00-17-21_2a3d.jpg,Outlaw Star Ep 2: World of Desires @ 00:17:21,https://animehistory.org/gallery/screencaps/outlaw-star/episode-2/,https://animehistory.org/gallery/screencaps/outlaw-star/episode-2/?page=3,3,2026-10-07T01:48:39.239909+00:00,286e5f8264d0cad59e5eb4194ca25394d37eee7e2b63d7c2483f5c18480e9695,,UNVERIFIED
EP-02,World of Desires,00:17:24,1044,847387,https://animehistory.org/uploads/screencaps/outlaw-star-E002-World-of-Desires/cap_00-17-24_4d96.jpg,Outlaw Star Ep 2: World of Desires @ 00:17:24,https://animehistory.org/gallery/screencaps/outlaw-star/episode-2/,https://animehistory.org/gallery/screencaps/outlaw-star/episode-2/?page=3,3,2026-10-07T01:48:39.239909+00:00,286e5f8264d0cad59e5eb4194ca25394d37eee7e2b63d7c2483f5c18480e9695,,UNVERIFIED
EP-02,World of Desires,00:17:28,1048,847388,https://animehistory.org/uploads/screencaps/outlaw-star-E002-World-of-Desires/cap_00-17-28_09a2.jpg,Outlaw Star Ep 2: World of Desires @ 00:17:28,https://animehistory.org/gallery/screencaps/outlaw-star/episode-2/,https://animehistory.org/gallery/screencaps/outlaw-star/episode-2/?page=3,3,2026-10-07T01:48:39.239909+00:00,286e5f8264d0cad59e5eb4194ca25394d37eee7e2b63d7c2483f5c18480e9695,,UNVERIFIED
EP-02,World of Desires,00:17:31,1051,847389,https://animehistory.org/uploads/screencaps/outlaw-star-E002-World-of-Desires/cap_00-17-31_67c0.jpg,Outlaw Star Ep 2: World of Desires @ 00:17:31,https://animehistory.org/gallery/screencaps/outlaw-star/episode-2/,https://animehistory.org/gallery/screencaps/outlaw-star/episode-2/?page=3,3,2026-10-07T01:48:39.239909+00:00,286e5f8264d0cad59e5eb4194ca25394d37eee7e2b63d7c2483f5c18480e9695,,UNVERIFIED
EP-02,World of Desires,00:17:35,1055,847390,https://animehistory.org/uploads/screencaps/outlaw-star-E002-World-of-Desires/cap_00-17-35_2b74.jpg,Outlaw Star Ep 2: World of Desires @ 00:17:35,https://animehistory.org/gallery/screencaps/outlaw-star/episode-2/,https://animehistory.org/gallery/screencaps/outlaw-star/episode-2/?page=3,3,2026-10-07T01:48:39.239909+00:00,286e5f8264d0cad59e5eb4194ca25394d37eee7e2b63d7c2483f5c18480e9695,,UNVERIFIED
EP-02,World of Desires,00:17:39,1059,847391,https://animehistory.org/uploads/screencaps/outlaw-star-E002-World-of-Desires/cap_00-17-39_1b06.jpg,Outlaw Star Ep 2: World of Desires @ 00:17:39,https://animehistory.org/gallery/screencaps/outlaw-star/episode-2/,https://animehistory.org/gallery/screencaps/outlaw-star/episode-2/?page=3,3,2026-10-07T01:48:39.239909+00:00,286e5f8264d0cad59e5eb4194ca25394d37eee7e2b63d7c2483f5c18480e9695,,UNVERIFIED
EP-02,World of Desires,00:17:42,1062,847392,https://animehistory.org/uploads/screencaps/outlaw-star-E002-World-of-Desires/cap_00-17-42_3ed6.jpg,Outlaw Star Ep 2: World of Desires @ 00:17:42,https://animehistory.org/gallery/screencaps/outlaw-star/episode-2/,https://animehistory.org/gallery/screencaps/outlaw-star/episode-2/?page=3,3,2026-10-07T01:48:39.239909+00:00,286e5f8264d0cad59e5eb4194ca25394d37eee7e2b63d7c2483f5c18480e9695,,UNVERIFIED
EP-02,World of Desires,00:17:46,1066,847393,https://animehistory.org/uploads/screencaps/outlaw-star-E002-World-of-Desires/cap_00-17-46_3c90.jpg,Outlaw Star Ep 2: World of Desires @ 00:17:46,https://animehistory.org/gallery/screencaps/outlaw-star/episode-2/,https://animehistory.org/gallery/screencaps/outlaw-star/episode-2/?page=3,3,2026-10-07T01:48:39.239909+00:00,286e5f8264d0cad59e5eb4194ca25394d37eee7e2b63d7c2483f5c18480e9695,,UNVERIFIED
EP-02,World of Desires,00:17:50,1070,847394,https://animehistory.org/uploads/screencaps/outlaw-star-E002-World-of-Desires/cap_00-17-50_62e2.jpg,Outlaw Star Ep 2: World of Desires @ 00:17:50,https://animehistory.org/gallery/screencaps/outlaw-star/episode-2/,https://animehistory.org/gallery/screencaps/outlaw-star/episode-2/?page=3,3,2026-10-07T01:48:39.239909+00:00,286e5f8264d0cad59e5eb4194ca25394d37eee7e2b63d7c2483f5c18480e9695,,UNVERIFIED
EP-02,World of Desires,00:17:53,1073,847395,https://animehistory.org/uploads/screencaps/outlaw-star-E002-World-of-Desires/cap_00-17-53_3b1a.jpg,Outlaw Star Ep 2: World of Desires @ 00:17:53,https://animehistory.org/gallery/screencaps/outlaw-star/episode-2/,https://animehistory.org/gallery/screencaps/outlaw-star/episode-2/?page=3,3,2026-10-07T01:48:39.239909+00:00,286e5f8264d0cad59e5eb4194ca25394d37eee7e2b63d7c2483f5c18480e9695,,UNVERIFIED
EP-02,World of Desires,00:17:57,1077,847396,https://animehistory.org/uploads/screencaps/outlaw-star-E002-World-of-Desires/cap_00-17-57_37a9.jpg,Outlaw Star Ep 2: World of Desires @ 00:17:57,https://animehistory.org/gallery/screencaps/outlaw-star/episode-2/,https://animehistory.org/gallery/screencaps/outlaw-star/episode-2/?page=3,3,2026-10-07T01:48:39.239909+00:00,286e5f8264d0cad59e5eb4194ca25394d37eee7e2b63d7c2483f5c18480e9695,,UNVERIFIED
EP-02,World of Desires,00:18:00,1080,847397,https://animehistory.org/uploads/screencaps/outlaw-star-E002-World-of-Desires/cap_00-18-00_55fa.jpg,Outlaw Star Ep 2: World of Desires @ 00:18:00,https://animehistory.org/gallery/screencaps/outlaw-star/episode-2/,https://animehistory.org/gallery/screencaps/outlaw-star/episode-2/?page=3,3,2026-10-07T01:48:39.239909+00:00,286e5f8264d0cad59e5eb4194ca25394d37eee7e2b63d7c2483f5c18480e9695,,UNVERIFIED
EP-02,World of Desires,00:18:04,1084,847398,https://animehistory.org/uploads/screencaps/outlaw-star-E002-World-of-Desires/cap_00-18-04_1172.jpg,Outlaw Star Ep 2: World of Desires @ 00:18:04,https://animehistory.org/gallery/screencaps/outlaw-star/episode-2/,https://animehistory.org/gallery/screencaps/outlaw-star/episode-2/?page=3,3,2026-10-07T01:48:39.239909+00:00,286e5f8264d0cad59e5eb4194ca25394d37eee7e2b63d7c2483f5c18480e9695,,UNVERIFIED
EP-02,World of Desires,00:18:08,1088,847399,https://animehistory.org/uploads/screencaps/outlaw-star-E002-World-of-Desires/cap_00-18-08_65ab.jpg,Outlaw Star Ep 2: World of Desires @ 00:18:08,https://animehistory.org/gallery/screencaps/outlaw-star/episode-2/,https://animehistory.org/gallery/screencaps/outlaw-star/episode-2/?page=3,3,2026-10-07T01:48:39.239909+00:00,286e5f8264d0cad59e5eb4194ca25394d37eee7e2b63d7c2483f5c18480e9695,,UNVERIFIED
EP-02,World of Desires,00:18:11,1091,847400,https://animehistory.org/uploads/screencaps/outlaw-star-E002-World-of-Desires/cap_00-18-11_007f.jpg,Outlaw Star Ep 2: World of Desires @ 00:18:11,https://animehistory.org/gallery/screencaps/outlaw-star/episode-2/,https://animehistory.org/gallery/screencaps/outlaw-star/episode-2/?page=3,3,2026-10-07T01:48:39.239909+00:00,286e5f8264d0cad59e5eb4194ca25394d37eee7e2b63d7c2483f5c18480e9695,,UNVERIFIED
EP-02,World of Desires,00:18:15,1095,847401,https://animehistory.org/uploads/screencaps/outlaw-star-E002-World-of-Desires/cap_00-18-15_7984.jpg,Outlaw Star Ep 2: World of Desires @ 00:18:15,https://animehistory.org/gallery/screencaps/outlaw-star/episode-2/,https://animehistory.org/gallery/screencaps/outlaw-star/episode-2/?page=3,3,2026-10-07T01:48:39.239909+00:00,286e5f8264d0cad59e5eb4194ca25394d37eee7e2b63d7c2483f5c18480e9695,,UNVERIFIED
EP-02,World of Desires,00:18:19,1099,847402,https://animehistory.org/uploads/screencaps/outlaw-star-E002-World-of-Desires/cap_00-18-19_31c3.jpg,Outlaw Star Ep 2: World of Desires @ 00:18:19,https://animehistory.org/gallery/screencaps/outlaw-star/episode-2/,https://animehistory.org/gallery/screencaps/outlaw-star/episode-2/?page=3,3,2026-10-07T01:48:39.239909+00:00,286e5f8264d0cad59e5eb4194ca25394d37eee7e2b63d7c2483f5c18480e9695,,UNVERIFIED
EP-02,World of Desires,00:18:22,1102,847403,https://animehistory.org/uploads/screencaps/outlaw-star-E002-World-of-Desires/cap_00-18-22_58a2.jpg,Outlaw Star Ep 2: World of Desires @ 00:18:22,https://animehistory.org/gallery/screencaps/outlaw-star/episode-2/,https://animehistory.org/gallery/screencaps/outlaw-star/episode-2/?page=3,3,2026-10-07T01:48:39.239909+00:00,286e5f8264d0cad59e5eb4194ca25394d37eee7e2b63d7c2483f5c18480e9695,,UNVERIFIED
EP-02,World of Desires,00:18:26,1106,847404,https://animehistory.org/uploads/screencaps/outlaw-star-E002-World-of-Desires/cap_00-18-26_4acd.jpg,Outlaw Star Ep 2: World of Desires @ 00:18:26,https://animehistory.org/gallery/screencaps/outlaw-star/episode-2/,https://animehistory.org/gallery/screencaps/outlaw-star/episode-2/?page=3,3,2026-10-07T01:48:39.239909+00:00,286e5f8264d0cad59e5eb4194ca25394d37eee7e2b63d7c2483f5c18480e9695,,UNVERIFIED
EP-02,World of Desires,00:18:29,1109,847405,https://animehistory.org/uploads/screencaps/outlaw-star-E002-World-of-Desires/cap_00-18-29_2f7c.jpg,Outlaw Star Ep 2: World of Desires @ 00:18:29,https://animehistory.org/gallery/screencaps/outlaw-star/episode-2/,https://animehistory.org/gallery/screencaps/outlaw-star/episode-2/?page=3,3,2026-10-07T01:48:39.239909+00:00,286e5f8264d0cad59e5eb4194ca25394d37eee7e2b63d7c2483f5c18480e9695,,UNVERIFIED
EP-02,World of Desires,00:18:33,1113,847406,https://animehistory.org/uploads/screencaps/outlaw-star-E002-World-of-Desires/cap_00-18-33_09c2.jpg,Outlaw Star Ep 2: World of Desires @ 00:18:33,https://animehistory.org/gallery/screencaps/outlaw-star/episode-2/,https://animehistory.org/gallery/screencaps/outlaw-star/episode-2/?page=3,3,2026-10-07T01:48:39.239909+00:00,286e5f8264d0cad59e5eb4194ca25394d37eee7e2b63d7c2483f5c18480e9695,,UNVERIFIED
EP-02,World of Desires,00:18:37,1117,847407,https://animehistory.org/uploads/screencaps/outlaw-star-E002-World-of-Desires/cap_00-18-37_3a04.jpg,Outlaw Star Ep 2: World of Desires @ 00:18:37,https://animehistory.org/gallery/screencaps/outlaw-star/episode-2/,https://animehistory.org/gallery/screencaps/outlaw-star/episode-2/?page=3,3,2026-10-07T01:48:39.239909+00:00,286e5f8264d0cad59e5eb4194ca25394d37eee7e2b63d7c2483f5c18480e9695,,UNVERIFIED
EP-02,World of Desires,00:18:40,1120,847408,https://animehistory.org/uploads/screencaps/outlaw-star-E002-World-of-Desires/cap_00-18-40_6560.jpg,Outlaw Star Ep 2: World of Desires @ 00:18:40,https://animehistory.org/gallery/screencaps/outlaw-star/episode-2/,https://animehistory.org/gallery/screencaps/outlaw-star/episode-2/?page=3,3,2026-10-07T01:48:39.239909+00:00,286e5f8264d0cad59e5eb4194ca25394d37eee7e2b63d7c2483f5c18480e9695,,UNVERIFIED
EP-02,World of Desires,00:18:44,1124,847409,https://animehistory.org/uploads/screencaps/outlaw-star-E002-World-of-Desires/cap_00-18-44_0edb.jpg,Outlaw Star Ep 2: World of Desires @ 00:18:44,https://animehistory.org/gallery/screencaps/outlaw-star/episode-2/,https://animehistory.org/gallery/screencaps/outlaw-star/episode-2/?page=3,3,2026-10-07T01:48:39.239909+00:00,286e5f8264d0cad59e5eb4194ca25394d37eee7e2b63d7c2483f5c18480e9695,,UNVERIFIED
EP-02,World of Desires,00:18:47,1127,847410,https://animehistory.org/uploads/screencaps/outlaw-star-E002-World-of-Desires/cap_00-18-47_41c6.jpg,Outlaw Star Ep 2: World of Desires @ 00:18:47,https://animehistory.org/gallery/screencaps/outlaw-star/episode-2/,https://animehistory.org/gallery/screencaps/outlaw-star/episode-2/?page=3,3,2026-10-07T01:48:39.239909+00:00,286e5f8264d0cad59e5eb4194ca25394d37eee7e2b63d7c2483f5c18480e9695,,UNVERIFIED
EP-02,World of Desires,00:18:51,1131,847411,https://animehistory.org/uploads/screencaps/outlaw-star-E002-World-of-Desires/cap_00-18-51_2367.jpg,Outlaw Star Ep 2: World of Desires @ 00:18:51,https://animehistory.org/gallery/screencaps/outlaw-star/episode-2/,https://animehistory.org/gallery/screencaps/outlaw-star/episode-2/?page=3,3,2026-10-07T01:48:39.239909+00:00,286e5f8264d0cad59e5eb4194ca25394d37eee7e2b63d7c2483f5c18480e9695,,UNVERIFIED
EP-02,World of Desires,00:18:55,1135,847412,https://animehistory.org/uploads/screencaps/outlaw-star-E002-World-of-Desires/cap_00-18-55_7622.jpg,Outlaw Star Ep 2: World of Desires @ 00:18:55,https://animehistory.org/gallery/screencaps/outlaw-star/episode-2/,https://animehistory.org/gallery/screencaps/outlaw-star/episode-2/?page=3,3,2026-10-07T01:48:39.239909+00:00,286e5f8264d0cad59e5eb4194ca25394d37eee7e2b63d7c2483f5c18480e9695,,UNVERIFIED
EP-02,World of Desires,00:18:58,1138,847413,https://animehistory.org/uploads/screencaps/outlaw-star-E002-World-of-Desires/cap_00-18-58_17c9.jpg,Outlaw Star Ep 2: World of Desires @ 00:18:58,https://animehistory.org/gallery/screencaps/outlaw-star/episode-2/,https://animehistory.org/gallery/screencaps/outlaw-star/episode-2/?page=3,3,2026-10-07T01:48:39.239909+00:00,286e5f8264d0cad59e5eb4194ca25394d37eee7e2b63d7c2483f5c18480e9695,,UNVERIFIED
EP-02,World of Desires,00:19:02,1142,847414,https://animehistory.org/uploads/screencaps/outlaw-star-E002-World-of-Desires/cap_00-19-02_36df.jpg,Outlaw Star Ep 2: World of Desires @ 00:19:02,https://animehistory.org/gallery/screencaps/outlaw-star/episode-2/,https://animehistory.org/gallery/screencaps/outlaw-star/episode-2/?page=3,3,2026-10-07T01:48:39.239909+00:00,286e5f8264d0cad59e5eb4194ca25394d37eee7e2b63d7c2483f5c18480e9695,,UNVERIFIED
EP-02,World of Desires,00:19:06,1146,847415,https://animehistory.org/uploads/screencaps/outlaw-star-E002-World-of-Desires/cap_00-19-06_1707.jpg,Outlaw Star Ep 2: World of Desires @ 00:19:06,https://animehistory.org/gallery/screencaps/outlaw-star/episode-2/,https://animehistory.org/gallery/screencaps/outlaw-star/episode-2/?page=3,3,2026-10-07T01:48:39.239909+00:00,286e5f8264d0cad59e5eb4194ca25394d37eee7e2b63d7c2483f5c18480e9695,,UNVERIFIED
EP-02,World of Desires,00:19:09,1149,847416,https://animehistory.org/uploads/screencaps/outlaw-star-E002-World-of-Desires/cap_00-19-09_160d.jpg,Outlaw Star Ep 2: World of Desires @ 00:19:09,https://animehistory.org/gallery/screencaps/outlaw-star/episode-2/,https://animehistory.org/gallery/screencaps/outlaw-star/episode-2/?page=3,3,2026-10-07T01:48:39.239909+00:00,286e5f8264d0cad59e5eb4194ca25394d37eee7e2b63d7c2483f5c18480e9695,,UNVERIFIED
EP-02,World of Desires,00:19:13,1153,847417,https://animehistory.org/uploads/screencaps/outlaw-star-E002-World-of-Desires/cap_00-19-13_6b87.jpg,Outlaw Star Ep 2: World of Desires @ 00:19:13,https://animehistory.org/gallery/screencaps/outlaw-star/episode-2/,https://animehistory.org/gallery/screencaps/outlaw-star/episode-2/?page=3,3,2026-10-07T01:48:39.239909+00:00,286e5f8264d0cad59e5eb4194ca25394d37eee7e2b63d7c2483f5c18480e9695,,UNVERIFIED
EP-02,World of Desires,00:19:16,1156,847418,https://animehistory.org/uploads/screencaps/outlaw-star-E002-World-of-Desires/cap_00-19-16_3831.jpg,Outlaw Star Ep 2: World of Desires @ 00:19:16,https://animehistory.org/gallery/screencaps/outlaw-star/episode-2/,https://animehistory.org/gallery/screencaps/outlaw-star/episode-2/?page=3,3,2026-10-07T01:48:39.239909+00:00,286e5f8264d0cad59e5eb4194ca25394d37eee7e2b63d7c2483f5c18480e9695,,UNVERIFIED
EP-02,World of Desires,00:19:20,1160,847419,https://animehistory.org/uploads/screencaps/outlaw-star-E002-World-of-Desires/cap_00-19-20_57c6.jpg,Outlaw Star Ep 2: World of Desires @ 00:19:20,https://animehistory.org/gallery/screencaps/outlaw-star/episode-2/,https://animehistory.org/gallery/screencaps/outlaw-star/episode-2/?page=3,3,2026-10-07T01:48:39.239909+00:00,286e5f8264d0cad59e5eb4194ca25394d37eee7e2b63d7c2483f5c18480e9695,,UNVERIFIED
EP-02,World of Desires,00:19:24,1164,847420,https://animehistory.org/uploads/screencaps/outlaw-star-E002-World-of-Desires/cap_00-19-24_0d71.jpg,Outlaw Star Ep 2: World of Desires @ 00:19:24,https://animehistory.org/gallery/screencaps/outlaw-star/episode-2/,https://animehistory.org/gallery/screencaps/outlaw-star/episode-2/?page=3,3,2026-10-07T01:48:39.239909+00:00,286e5f8264d0cad59e5eb4194ca25394d37eee7e2b63d7c2483f5c18480e9695,,UNVERIFIED
EP-02,World of Desires,00:19:27,1167,847421,https://animehistory.org/uploads/screencaps/outlaw-star-E002-World-of-Desires/cap_00-19-27_111b.jpg,Outlaw Star Ep 2: World of Desires @ 00:19:27,https://animehistory.org/gallery/screencaps/outlaw-star/episode-2/,https://animehistory.org/gallery/screencaps/outlaw-star/episode-2/?page=3,3,2026-10-07T01:48:39.239909+00:00,286e5f8264d0cad59e5eb4194ca25394d37eee7e2b63d7c2483f5c18480e9695,,UNVERIFIED
EP-02,World of Desires,00:19:31,1171,847422,https://animehistory.org/uploads/screencaps/outlaw-star-E002-World-of-Desires/cap_00-19-31_1965.jpg,Outlaw Star Ep 2: World of Desires @ 00:19:31,https://animehistory.org/gallery/screencaps/outlaw-star/episode-2/,https://animehistory.org/gallery/screencaps/outlaw-star/episode-2/?page=3,3,2026-10-07T01:48:39.239909+00:00,286e5f8264d0cad59e5eb4194ca25394d37eee7e2b63d7c2483f5c18480e9695,,UNVERIFIED
EP-02,World of Desires,00:19:35,1175,847423,https://animehistory.org/uploads/screencaps/outlaw-star-E002-World-of-Desires/cap_00-19-35_2969.jpg,Outlaw Star Ep 2: World of Desires @ 00:19:35,https://animehistory.org/gallery/screencaps/outlaw-star/episode-2/,https://animehistory.org/gallery/screencaps/outlaw-star/episode-2/?page=3,3,2026-10-07T01:48:39.239909+00:00,286e5f8264d0cad59e5eb4194ca25394d37eee7e2b63d7c2483f5c18480e9695,,UNVERIFIED
EP-02,World of Desires,00:19:38,1178,847424,https://animehistory.org/uploads/screencaps/outlaw-star-E002-World-of-Desires/cap_00-19-38_016a.jpg,Outlaw Star Ep 2: World of Desires @ 00:19:38,https://animehistory.org/gallery/screencaps/outlaw-star/episode-2/,https://animehistory.org/gallery/screencaps/outlaw-star/episode-2/?page=3,3,2026-10-07T01:48:39.239909+00:00,286e5f8264d0cad59e5eb4194ca25394d37eee7e2b63d7c2483f5c18480e9695,,UNVERIFIED
EP-02,World of Desires,00:19:42,1182,847425,https://animehistory.org/uploads/screencaps/outlaw-star-E002-World-of-Desires/cap_00-19-42_1f88.jpg,Outlaw Star Ep 2: World of Desires @ 00:19:42,https://animehistory.org/gallery/screencaps/outlaw-star/episode-2/,https://animehistory.org/gallery/screencaps/outlaw-star/episode-2/?page=3,3,2026-10-07T01:48:39.239909+00:00,286e5f8264d0cad59e5eb4194ca25394d37eee7e2b63d7c2483f5c18480e9695,,UNVERIFIED
EP-02,World of Desires,00:19:45,1185,847426,https://animehistory.org/uploads/screencaps/outlaw-star-E002-World-of-Desires/cap_00-19-45_488d.jpg,Outlaw Star Ep 2: World of Desires @ 00:19:45,https://animehistory.org/gallery/screencaps/outlaw-star/episode-2/,https://animehistory.org/gallery/screencaps/outlaw-star/episode-2/?page=3,3,2026-10-07T01:48:39.239909+00:00,286e5f8264d0cad59e5eb4194ca25394d37eee7e2b63d7c2483f5c18480e9695,,UNVERIFIED
EP-02,World of Desires,00:19:49,1189,847427,https://animehistory.org/uploads/screencaps/outlaw-star-E002-World-of-Desires/cap_00-19-49_2b4c.jpg,Outlaw Star Ep 2: World of Desires @ 00:19:49,https://animehistory.org/gallery/screencaps/outlaw-star/episode-2/,https://animehistory.org/gallery/screencaps/outlaw-star/episode-2/?page=4,4,2026-10-07T01:48:40.273098+00:00,b8c0fdd272097331f5a0e49d29c93f4ece9c8a92f3aa522cd865ab1118667a1d,,UNVERIFIED
EP-02,World of Desires,00:19:53,1193,847428,https://animehistory.org/uploads/screencaps/outlaw-star-E002-World-of-Desires/cap_00-19-53_5637.jpg,Outlaw Star Ep 2: World of Desires @ 00:19:53,https://animehistory.org/gallery/screencaps/outlaw-star/episode-2/,https://animehistory.org/gallery/screencaps/outlaw-star/episode-2/?page=4,4,2026-10-07T01:48:40.273098+00:00,b8c0fdd272097331f5a0e49d29c93f4ece9c8a92f3aa522cd865ab1118667a1d,,UNVERIFIED
EP-02,World of Desires,00:19:56,1196,847429,https://animehistory.org/uploads/screencaps/outlaw-star-E002-World-of-Desires/cap_00-19-56_3195.jpg,Outlaw Star Ep 2: World of Desires @ 00:19:56,https://animehistory.org/gallery/screencaps/outlaw-star/episode-2/,https://animehistory.org/gallery/screencaps/outlaw-star/episode-2/?page=4,4,2026-10-07T01:48:40.273098+00:00,b8c0fdd272097331f5a0e49d29c93f4ece9c8a92f3aa522cd865ab1118667a1d,,UNVERIFIED
EP-02,World of Desires,00:20:00,1200,847430,https://animehistory.org/uploads/screencaps/outlaw-star-E002-World-of-Desires/cap_00-20-00_7fd0.jpg,Outlaw Star Ep 2: World of Desires @ 00:20:00,https://animehistory.org/gallery/screencaps/outlaw-star/episode-2/,https://animehistory.org/gallery/screencaps/outlaw-star/episode-2/?page=4,4,2026-10-07T01:48:40.273098+00:00,b8c0fdd272097331f5a0e49d29c93f4ece9c8a92f3aa522cd865ab1118667a1d,,UNVERIFIED
EP-02,World of Desires,00:20:04,1204,847431,https://animehistory.org/uploads/screencaps/outlaw-star-E002-World-of-Desires/cap_00-20-04_3031.jpg,Outlaw Star Ep 2: World of Desires @ 00:20:04,https://animehistory.org/gallery/screencaps/outlaw-star/episode-2/,https://animehistory.org/gallery/screencaps/outlaw-star/episode-2/?page=4,4,2026-10-07T01:48:40.273098+00:00,b8c0fdd272097331f5a0e49d29c93f4ece9c8a92f3aa522cd865ab1118667a1d,,UNVERIFIED
EP-02,World of Desires,00:20:07,1207,847432,https://animehistory.org/uploads/screencaps/outlaw-star-E002-World-of-Desires/cap_00-20-07_2def.jpg,Outlaw Star Ep 2: World of Desires @ 00:20:07,https://animehistory.org/gallery/screencaps/outlaw-star/episode-2/,https://animehistory.org/gallery/screencaps/outlaw-star/episode-2/?page=4,4,2026-10-07T01:48:40.273098+00:00,b8c0fdd272097331f5a0e49d29c93f4ece9c8a92f3aa522cd865ab1118667a1d,,UNVERIFIED
EP-02,World of Desires,00:20:11,1211,847433,https://animehistory.org/uploads/screencaps/outlaw-star-E002-World-of-Desires/cap_00-20-11_32e1.jpg,Outlaw Star Ep 2: World of Desires @ 00:20:11,https://animehistory.org/gallery/screencaps/outlaw-star/episode-2/,https://animehistory.org/gallery/screencaps/outlaw-star/episode-2/?page=4,4,2026-10-07T01:48:40.273098+00:00,b8c0fdd272097331f5a0e49d29c93f4ece9c8a92f3aa522cd865ab1118667a1d,,UNVERIFIED
EP-02,World of Desires,00:20:14,1214,847434,https://animehistory.org/uploads/screencaps/outlaw-star-E002-World-of-Desires/cap_00-20-14_4e1d.jpg,Outlaw Star Ep 2: World of Desires @ 00:20:14,https://animehistory.org/gallery/screencaps/outlaw-star/episode-2/,https://animehistory.org/gallery/screencaps/outlaw-star/episode-2/?page=4,4,2026-10-07T01:48:40.273098+00:00,b8c0fdd272097331f5a0e49d29c93f4ece9c8a92f3aa522cd865ab1118667a1d,,UNVERIFIED
EP-02,World of Desires,00:20:18,1218,847435,https://animehistory.org/uploads/screencaps/outlaw-star-E002-World-of-Desires/cap_00-20-18_04ca.jpg,Outlaw Star Ep 2: World of Desires @ 00:20:18,https://animehistory.org/gallery/screencaps/outlaw-star/episode-2/,https://animehistory.org/gallery/screencaps/outlaw-star/episode-2/?page=4,4,2026-10-07T01:48:40.273098+00:00,b8c0fdd272097331f5a0e49d29c93f4ece9c8a92f3aa522cd865ab1118667a1d,,UNVERIFIED
EP-02,World of Desires,00:20:22,1222,847436,https://animehistory.org/uploads/screencaps/outlaw-star-E002-World-of-Desires/cap_00-20-22_155d.jpg,Outlaw Star Ep 2: World of Desires @ 00:20:22,https://animehistory.org/gallery/screencaps/outlaw-star/episode-2/,https://animehistory.org/gallery/screencaps/outlaw-star/episode-2/?page=4,4,2026-10-07T01:48:40.273098+00:00,b8c0fdd272097331f5a0e49d29c93f4ece9c8a92f3aa522cd865ab1118667a1d,,UNVERIFIED
EP-02,World of Desires,00:20:25,1225,847437,https://animehistory.org/uploads/screencaps/outlaw-star-E002-World-of-Desires/cap_00-20-25_29ec.jpg,Outlaw Star Ep 2: World of Desires @ 00:20:25,https://animehistory.org/gallery/screencaps/outlaw-star/episode-2/,https://animehistory.org/gallery/screencaps/outlaw-star/episode-2/?page=4,4,2026-10-07T01:48:40.273098+00:00,b8c0fdd272097331f5a0e49d29c93f4ece9c8a92f3aa522cd865ab1118667a1d,,UNVERIFIED
EP-02,World of Desires,00:20:29,1229,847438,https://animehistory.org/uploads/screencaps/outlaw-star-E002-World-of-Desires/cap_00-20-29_6d46.jpg,Outlaw Star Ep 2: World of Desires @ 00:20:29,https://animehistory.org/gallery/screencaps/outlaw-star/episode-2/,https://animehistory.org/gallery/screencaps/outlaw-star/episode-2/?page=4,4,2026-10-07T01:48:40.273098+00:00,b8c0fdd272097331f5a0e49d29c93f4ece9c8a92f3aa522cd865ab1118667a1d,,UNVERIFIED
EP-02,World of Desires,00:20:32,1232,847439,https://animehistory.org/uploads/screencaps/outlaw-star-E002-World-of-Desires/cap_00-20-32_5eb6.jpg,Outlaw Star Ep 2: World of Desires @ 00:20:32,https://animehistory.org/gallery/screencaps/outlaw-star/episode-2/,https://animehistory.org/gallery/screencaps/outlaw-star/episode-2/?page=4,4,2026-10-07T01:48:40.273098+00:00,b8c0fdd272097331f5a0e49d29c93f4ece9c8a92f3aa522cd865ab1118667a1d,,UNVERIFIED
EP-02,World of Desires,00:20:36,1236,847440,https://animehistory.org/uploads/screencaps/outlaw-star-E002-World-of-Desires/cap_00-20-36_6973.jpg,Outlaw Star Ep 2: World of Desires @ 00:20:36,https://animehistory.org/gallery/screencaps/outlaw-star/episode-2/,https://animehistory.org/gallery/screencaps/outlaw-star/episode-2/?page=4,4,2026-10-07T01:48:40.273098+00:00,b8c0fdd272097331f5a0e49d29c93f4ece9c8a92f3aa522cd865ab1118667a1d,,UNVERIFIED
EP-02,World of Desires,00:20:40,1240,847441,https://animehistory.org/uploads/screencaps/outlaw-star-E002-World-of-Desires/cap_00-20-40_7aba.jpg,Outlaw Star Ep 2: World of Desires @ 00:20:40,https://animehistory.org/gallery/screencaps/outlaw-star/episode-2/,https://animehistory.org/gallery/screencaps/outlaw-star/episode-2/?page=4,4,2026-10-07T01:48:40.273098+00:00,b8c0fdd272097331f5a0e49d29c93f4ece9c8a92f3aa522cd865ab1118667a1d,,UNVERIFIED
EP-02,World of Desires,00:20:43,1243,847442,https://animehistory.org/uploads/screencaps/outlaw-star-E002-World-of-Desires/cap_00-20-43_599e.jpg,Outlaw Star Ep 2: World of Desires @ 00:20:43,https://animehistory.org/gallery/screencaps/outlaw-star/episode-2/,https://animehistory.org/gallery/screencaps/outlaw-star/episode-2/?page=4,4,2026-10-07T01:48:40.273098+00:00,b8c0fdd272097331f5a0e49d29c93f4ece9c8a92f3aa522cd865ab1118667a1d,,UNVERIFIED
EP-02,World of Desires,00:20:47,1247,847443,https://animehistory.org/uploads/screencaps/outlaw-star-E002-World-of-Desires/cap_00-20-47_02e4.jpg,Outlaw Star Ep 2: World of Desires @ 00:20:47,https://animehistory.org/gallery/screencaps/outlaw-star/episode-2/,https://animehistory.org/gallery/screencaps/outlaw-star/episode-2/?page=4,4,2026-10-07T01:48:40.273098+00:00,b8c0fdd272097331f5a0e49d29c93f4ece9c8a92f3aa522cd865ab1118667a1d,,UNVERIFIED
EP-02,World of Desires,00:20:51,1251,847444,https://animehistory.org/uploads/screencaps/outlaw-star-E002-World-of-Desires/cap_00-20-51_71ec.jpg,Outlaw Star Ep 2: World of Desires @ 00:20:51,https://animehistory.org/gallery/screencaps/outlaw-star/episode-2/,https://animehistory.org/gallery/screencaps/outlaw-star/episode-2/?page=4,4,2026-10-07T01:48:40.273098+00:00,b8c0fdd272097331f5a0e49d29c93f4ece9c8a92f3aa522cd865ab1118667a1d,,UNVERIFIED
EP-02,World of Desires,00:20:54,1254,847445,https://animehistory.org/uploads/screencaps/outlaw-star-E002-World-of-Desires/cap_00-20-54_17bc.jpg,Outlaw Star Ep 2: World of Desires @ 00:20:54,https://animehistory.org/gallery/screencaps/outlaw-star/episode-2/,https://animehistory.org/gallery/screencaps/outlaw-star/episode-2/?page=4,4,2026-10-07T01:48:40.273098+00:00,b8c0fdd272097331f5a0e49d29c93f4ece9c8a92f3aa522cd865ab1118667a1d,,UNVERIFIED
EP-02,World of Desires,00:20:58,1258,847446,https://animehistory.org/uploads/screencaps/outlaw-star-E002-World-of-Desires/cap_00-20-58_4a08.jpg,Outlaw Star Ep 2: World of Desires @ 00:20:58,https://animehistory.org/gallery/screencaps/outlaw-star/episode-2/,https://animehistory.org/gallery/screencaps/outlaw-star/episode-2/?page=4,4,2026-10-07T01:48:40.273098+00:00,b8c0fdd272097331f5a0e49d29c93f4ece9c8a92f3aa522cd865ab1118667a1d,,UNVERIFIED
EP-02,World of Desires,00:21:01,1261,847447,https://animehistory.org/uploads/screencaps/outlaw-star-E002-World-of-Desires/cap_00-21-01_5536.jpg,Outlaw Star Ep 2: World of Desires @ 00:21:01,https://animehistory.org/gallery/screencaps/outlaw-star/episode-2/,https://animehistory.org/gallery/screencaps/outlaw-star/episode-2/?page=4,4,2026-10-07T01:48:40.273098+00:00,b8c0fdd272097331f5a0e49d29c93f4ece9c8a92f3aa522cd865ab1118667a1d,,UNVERIFIED
EP-02,World of Desires,00:21:05,1265,847448,https://animehistory.org/uploads/screencaps/outlaw-star-E002-World-of-Desires/cap_00-21-05_2770.jpg,Outlaw Star Ep 2: World of Desires @ 00:21:05,https://animehistory.org/gallery/screencaps/outlaw-star/episode-2/,https://animehistory.org/gallery/screencaps/outlaw-star/episode-2/?page=4,4,2026-10-07T01:48:40.273098+00:00,b8c0fdd272097331f5a0e49d29c93f4ece9c8a92f3aa522cd865ab1118667a1d,,UNVERIFIED
EP-02,World of Desires,00:21:09,1269,847449,https://animehistory.org/uploads/screencaps/outlaw-star-E002-World-of-Desires/cap_00-21-09_1c2c.jpg,Outlaw Star Ep 2: World of Desires @ 00:21:09,https://animehistory.org/gallery/screencaps/outlaw-star/episode-2/,https://animehistory.org/gallery/screencaps/outlaw-star/episode-2/?page=4,4,2026-10-07T01:48:40.273098+00:00,b8c0fdd272097331f5a0e49d29c93f4ece9c8a92f3aa522cd865ab1118667a1d,,UNVERIFIED
EP-02,World of Desires,00:21:12,1272,847450,https://animehistory.org/uploads/screencaps/outlaw-star-E002-World-of-Desires/cap_00-21-12_6f93.jpg,Outlaw Star Ep 2: World of Desires @ 00:21:12,https://animehistory.org/gallery/screencaps/outlaw-star/episode-2/,https://animehistory.org/gallery/screencaps/outlaw-star/episode-2/?page=4,4,2026-10-07T01:48:40.273098+00:00,b8c0fdd272097331f5a0e49d29c93f4ece9c8a92f3aa522cd865ab1118667a1d,,UNVERIFIED
EP-02,World of Desires,00:21:16,1276,847451,https://animehistory.org/uploads/screencaps/outlaw-star-E002-World-of-Desires/cap_00-21-16_166f.jpg,Outlaw Star Ep 2: World of Desires @ 00:21:16,https://animehistory.org/gallery/screencaps/outlaw-star/episode-2/,https://animehistory.org/gallery/screencaps/outlaw-star/episode-2/?page=4,4,2026-10-07T01:48:40.273098+00:00,b8c0fdd272097331f5a0e49d29c93f4ece9c8a92f3aa522cd865ab1118667a1d,,UNVERIFIED
EP-02,World of Desires,00:21:20,1280,847452,https://animehistory.org/uploads/screencaps/outlaw-star-E002-World-of-Desires/cap_00-21-20_0ed3.jpg,Outlaw Star Ep 2: World of Desires @ 00:21:20,https://animehistory.org/gallery/screencaps/outlaw-star/episode-2/,https://animehistory.org/gallery/screencaps/outlaw-star/episode-2/?page=4,4,2026-10-07T01:48:40.273098+00:00,b8c0fdd272097331f5a0e49d29c93f4ece9c8a92f3aa522cd865ab1118667a1d,,UNVERIFIED
EP-02,World of Desires,00:21:23,1283,847453,https://animehistory.org/uploads/screencaps/outlaw-star-E002-World-of-Desires/cap_00-21-23_5dca.jpg,Outlaw Star Ep 2: World of Desires @ 00:21:23,https://animehistory.org/gallery/screencaps/outlaw-star/episode-2/,https://animehistory.org/gallery/screencaps/outlaw-star/episode-2/?page=4,4,2026-10-07T01:48:40.273098+00:00,b8c0fdd272097331f5a0e49d29c93f4ece9c8a92f3aa522cd865ab1118667a1d,,UNVERIFIED
EP-02,World of Desires,00:21:27,1287,847454,https://animehistory.org/uploads/screencaps/outlaw-star-E002-World-of-Desires/cap_00-21-27_35f4.jpg,Outlaw Star Ep 2: World of Desires @ 00:21:27,https://animehistory.org/gallery/screencaps/outlaw-star/episode-2/,https://animehistory.org/gallery/screencaps/outlaw-star/episode-2/?page=4,4,2026-10-07T01:48:40.273098+00:00,b8c0fdd272097331f5a0e49d29c93f4ece9c8a92f3aa522cd865ab1118667a1d,,UNVERIFIED
EP-02,World of Desires,00:21:30,1290,847455,https://animehistory.org/uploads/screencaps/outlaw-star-E002-World-of-Desires/cap_00-21-30_0106.jpg,Outlaw Star Ep 2: World of Desires @ 00:21:30,https://animehistory.org/gallery/screencaps/outlaw-star/episode-2/,https://animehistory.org/gallery/screencaps/outlaw-star/episode-2/?page=4,4,2026-10-07T01:48:40.273098+00:00,b8c0fdd272097331f5a0e49d29c93f4ece9c8a92f3aa522cd865ab1118667a1d,,UNVERIFIED
EP-02,World of Desires,00:21:34,1294,847456,https://animehistory.org/uploads/screencaps/outlaw-star-E002-World-of-Desires/cap_00-21-34_552a.jpg,Outlaw Star Ep 2: World of Desires @ 00:21:34,https://animehistory.org/gallery/screencaps/outlaw-star/episode-2/,https://animehistory.org/gallery/screencaps/outlaw-star/episode-2/?page=4,4,2026-10-07T01:48:40.273098+00:00,b8c0fdd272097331f5a0e49d29c93f4ece9c8a92f3aa522cd865ab1118667a1d,,UNVERIFIED
EP-02,World of Desires,00:21:38,1298,847457,https://animehistory.org/uploads/screencaps/outlaw-star-E002-World-of-Desires/cap_00-21-38_4052.jpg,Outlaw Star Ep 2: World of Desires @ 00:21:38,https://animehistory.org/gallery/screencaps/outlaw-star/episode-2/,https://animehistory.org/gallery/screencaps/outlaw-star/episode-2/?page=4,4,2026-10-07T01:48:40.273098+00:00,b8c0fdd272097331f5a0e49d29c93f4ece9c8a92f3aa522cd865ab1118667a1d,,UNVERIFIED
EP-02,World of Desires,00:21:41,1301,847458,https://animehistory.org/uploads/screencaps/outlaw-star-E002-World-of-Desires/cap_00-21-41_67cd.jpg,Outlaw Star Ep 2: World of Desires @ 00:21:41,https://animehistory.org/gallery/screencaps/outlaw-star/episode-2/,https://animehistory.org/gallery/screencaps/outlaw-star/episode-2/?page=4,4,2026-10-07T01:48:40.273098+00:00,b8c0fdd272097331f5a0e49d29c93f4ece9c8a92f3aa522cd865ab1118667a1d,,UNVERIFIED
EP-02,World of Desires,00:21:45,1305,847459,https://animehistory.org/uploads/screencaps/outlaw-star-E002-World-of-Desires/cap_00-21-45_2784.jpg,Outlaw Star Ep 2: World of Desires @ 00:21:45,https://animehistory.org/gallery/screencaps/outlaw-star/episode-2/,https://animehistory.org/gallery/screencaps/outlaw-star/episode-2/?page=4,4,2026-10-07T01:48:40.273098+00:00,b8c0fdd272097331f5a0e49d29c93f4ece9c8a92f3aa522cd865ab1118667a1d,,UNVERIFIED
EP-02,World of Desires,00:21:48,1308,847460,https://animehistory.org/uploads/screencaps/outlaw-star-E002-World-of-Desires/cap_00-21-48_1dbe.jpg,Outlaw Star Ep 2: World of Desires @ 00:21:48,https://animehistory.org/gallery/screencaps/outlaw-star/episode-2/,https://animehistory.org/gallery/screencaps/outlaw-star/episode-2/?page=4,4,2026-10-07T01:48:40.273098+00:00,b8c0fdd272097331f5a0e49d29c93f4ece9c8a92f3aa522cd865ab1118667a1d,,UNVERIFIED
EP-02,World of Desires,00:21:52,1312,847461,https://animehistory.org/uploads/screencaps/outlaw-star-E002-World-of-Desires/cap_00-21-52_218d.jpg,Outlaw Star Ep 2: World of Desires @ 00:21:52,https://animehistory.org/gallery/screencaps/outlaw-star/episode-2/,https://animehistory.org/gallery/screencaps/outlaw-star/episode-2/?page=4,4,2026-10-07T01:48:40.273098+00:00,b8c0fdd272097331f5a0e49d29c93f4ece9c8a92f3aa522cd865ab1118667a1d,,UNVERIFIED
EP-02,World of Desires,00:21:56,1316,847462,https://animehistory.org/uploads/screencaps/outlaw-star-E002-World-of-Desires/cap_00-21-56_463d.jpg,Outlaw Star Ep 2: World of Desires @ 00:21:56,https://animehistory.org/gallery/screencaps/outlaw-star/episode-2/,https://animehistory.org/gallery/screencaps/outlaw-star/episode-2/?page=4,4,2026-10-07T01:48:40.273098+00:00,b8c0fdd272097331f5a0e49d29c93f4ece9c8a92f3aa522cd865ab1118667a1d,,UNVERIFIED
EP-02,World of Desires,00:21:59,1319,847463,https://animehistory.org/uploads/screencaps/outlaw-star-E002-World-of-Desires/cap_00-21-59_527b.jpg,Outlaw Star Ep 2: World of Desires @ 00:21:59,https://animehistory.org/gallery/screencaps/outlaw-star/episode-2/,https://animehistory.org/gallery/screencaps/outlaw-star/episode-2/?page=4,4,2026-10-07T01:48:40.273098+00:00,b8c0fdd272097331f5a0e49d29c93f4ece9c8a92f3aa522cd865ab1118667a1d,,UNVERIFIED
EP-02,World of Desires,00:22:03,1323,847464,https://animehistory.org/uploads/screencaps/outlaw-star-E002-World-of-Desires/cap_00-22-03_2394.jpg,Outlaw Star Ep 2: World of Desires @ 00:22:03,https://animehistory.org/gallery/screencaps/outlaw-star/episode-2/,https://animehistory.org/gallery/screencaps/outlaw-star/episode-2/?page=4,4,2026-10-07T01:48:40.273098+00:00,b8c0fdd272097331f5a0e49d29c93f4ece9c8a92f3aa522cd865ab1118667a1d,,UNVERIFIED
EP-02,World of Desires,00:22:07,1327,847465,https://animehistory.org/uploads/screencaps/outlaw-star-E002-World-of-Desires/cap_00-22-07_1eed.jpg,Outlaw Star Ep 2: World of Desires @ 00:22:07,https://animehistory.org/gallery/screencaps/outlaw-star/episode-2/,https://animehistory.org/gallery/screencaps/outlaw-star/episode-2/?page=4,4,2026-10-07T01:48:40.273098+00:00,b8c0fdd272097331f5a0e49d29c93f4ece9c8a92f3aa522cd865ab1118667a1d,,UNVERIFIED
EP-02,World of Desires,00:22:10,1330,847466,https://animehistory.org/uploads/screencaps/outlaw-star-E002-World-of-Desires/cap_00-22-10_4742.jpg,Outlaw Star Ep 2: World of Desires @ 00:22:10,https://animehistory.org/gallery/screencaps/outlaw-star/episode-2/,https://animehistory.org/gallery/screencaps/outlaw-star/episode-2/?page=4,4,2026-10-07T01:48:40.273098+00:00,b8c0fdd272097331f5a0e49d29c93f4ece9c8a92f3aa522cd865ab1118667a1d,,UNVERIFIED
EP-02,World of Desires,00:22:14,1334,847467,https://animehistory.org/uploads/screencaps/outlaw-star-E002-World-of-Desires/cap_00-22-14_2f79.jpg,Outlaw Star Ep 2: World of Desires @ 00:22:14,https://animehistory.org/gallery/screencaps/outlaw-star/episode-2/,https://animehistory.org/gallery/screencaps/outlaw-star/episode-2/?page=4,4,2026-10-07T01:48:40.273098+00:00,b8c0fdd272097331f5a0e49d29c93f4ece9c8a92f3aa522cd865ab1118667a1d,,UNVERIFIED
EP-02,World of Desires,00:22:17,1337,847468,https://animehistory.org/uploads/screencaps/outlaw-star-E002-World-of-Desires/cap_00-22-17_00f2.jpg,Outlaw Star Ep 2: World of Desires @ 00:22:17,https://animehistory.org/gallery/screencaps/outlaw-star/episode-2/,https://animehistory.org/gallery/screencaps/outlaw-star/episode-2/?page=4,4,2026-10-07T01:48:40.273098+00:00,b8c0fdd272097331f5a0e49d29c93f4ece9c8a92f3aa522cd865ab1118667a1d,,UNVERIFIED
EP-02,World of Desires,00:22:21,1341,847469,https://animehistory.org/uploads/screencaps/outlaw-star-E002-World-of-Desires/cap_00-22-21_03a5.jpg,Outlaw Star Ep 2: World of Desires @ 00:22:21,https://animehistory.org/gallery/screencaps/outlaw-star/episode-2/,https://animehistory.org/gallery/screencaps/outlaw-star/episode-2/?page=4,4,2026-10-07T01:48:40.273098+00:00,b8c0fdd272097331f5a0e49d29c93f4ece9c8a92f3aa522cd865ab1118667a1d,,UNVERIFIED
EP-02,World of Desires,00:22:25,1345,847470,https://animehistory.org/uploads/screencaps/outlaw-star-E002-World-of-Desires/cap_00-22-25_7676.jpg,Outlaw Star Ep 2: World of Desires @ 00:22:25,https://animehistory.org/gallery/screencaps/outlaw-star/episode-2/,https://animehistory.org/gallery/screencaps/outlaw-star/episode-2/?page=4,4,2026-10-07T01:48:40.273098+00:00,b8c0fdd272097331f5a0e49d29c93f4ece9c8a92f3aa522cd865ab1118667a1d,,UNVERIFIED
EP-02,World of Desires,00:22:28,1348,847471,https://animehistory.org/uploads/screencaps/outlaw-star-E002-World-of-Desires/cap_00-22-28_44eb.jpg,Outlaw Star Ep 2: World of Desires @ 00:22:28,https://animehistory.org/gallery/screencaps/outlaw-star/episode-2/,https://animehistory.org/gallery/screencaps/outlaw-star/episode-2/?page=4,4,2026-10-07T01:48:40.273098+00:00,b8c0fdd272097331f5a0e49d29c93f4ece9c8a92f3aa522cd865ab1118667a1d,,UNVERIFIED
EP-02,World of Desires,00:22:32,1352,847472,https://animehistory.org/uploads/screencaps/outlaw-star-E002-World-of-Desires/cap_00-22-32_32e0.jpg,Outlaw Star Ep 2: World of Desires @ 00:22:32,https://animehistory.org/gallery/screencaps/outlaw-star/episode-2/,https://animehistory.org/gallery/screencaps/outlaw-star/episode-2/?page=4,4,2026-10-07T01:48:40.273098+00:00,b8c0fdd272097331f5a0e49d29c93f4ece9c8a92f3aa522cd865ab1118667a1d,,UNVERIFIED
EP-02,World of Desires,00:22:36,1356,847473,https://animehistory.org/uploads/screencaps/outlaw-star-E002-World-of-Desires/cap_00-22-36_50be.jpg,Outlaw Star Ep 2: World of Desires @ 00:22:36,https://animehistory.org/gallery/screencaps/outlaw-star/episode-2/,https://animehistory.org/gallery/screencaps/outlaw-star/episode-2/?page=4,4,2026-10-07T01:48:40.273098+00:00,b8c0fdd272097331f5a0e49d29c93f4ece9c8a92f3aa522cd865ab1118667a1d,,UNVERIFIED
EP-02,World of Desires,00:22:39,1359,847474,https://animehistory.org/uploads/screencaps/outlaw-star-E002-World-of-Desires/cap_00-22-39_6b8c.jpg,Outlaw Star Ep 2: World of Desires @ 00:22:39,https://animehistory.org/gallery/screencaps/outlaw-star/episode-2/,https://animehistory.org/gallery/screencaps/outlaw-star/episode-2/?page=4,4,2026-10-07T01:48:40.273098+00:00,b8c0fdd272097331f5a0e49d29c93f4ece9c8a92f3aa522cd865ab1118667a1d,,UNVERIFIED
EP-02,World of Desires,00:22:43,1363,847475,https://animehistory.org/uploads/screencaps/outlaw-star-E002-World-of-Desires/cap_00-22-43_69a3.jpg,Outlaw Star Ep 2: World of Desires @ 00:22:43,https://animehistory.org/gallery/screencaps/outlaw-star/episode-2/,https://animehistory.org/gallery/screencaps/outlaw-star/episode-2/?page=4,4,2026-10-07T01:48:40.273098+00:00,b8c0fdd272097331f5a0e49d29c93f4ece9c8a92f3aa522cd865ab1118667a1d,,UNVERIFIED
EP-02,World of Desires,00:22:46,1366,847476,https://animehistory.org/uploads/screencaps/outlaw-star-E002-World-of-Desires/cap_00-22-46_038e.jpg,Outlaw Star Ep 2: World of Desires @ 00:22:46,https://animehistory.org/gallery/screencaps/outlaw-star/episode-2/,https://animehistory.org/gallery/screencaps/outlaw-star/episode-2/?page=4,4,2026-10-07T01:48:40.273098+00:00,b8c0fdd272097331f5a0e49d29c93f4ece9c8a92f3aa522cd865ab1118667a1d,,UNVERIFIED
EP-02,World of Desires,00:22:50,1370,847477,https://animehistory.org/uploads/screencaps/outlaw-star-E002-World-of-Desires/cap_00-22-50_12f1.jpg,Outlaw Star Ep 2: World of Desires @ 00:22:50,https://animehistory.org/gallery/screencaps/outlaw-star/episode-2/,https://animehistory.org/gallery/screencaps/outlaw-star/episode-2/?page=4,4,2026-10-07T01:48:40.273098+00:00,b8c0fdd272097331f5a0e49d29c93f4ece9c8a92f3aa522cd865ab1118667a1d,,UNVERIFIED
EP-02,World of Desires,00:22:54,1374,847478,https://animehistory.org/uploads/screencaps/outlaw-star-E002-World-of-Desires/cap_00-22-54_05d4.jpg,Outlaw Star Ep 2: World of Desires @ 00:22:54,https://animehistory.org/gallery/screencaps/outlaw-star/episode-2/,https://animehistory.org/gallery/screencaps/outlaw-star/episode-2/?page=4,4,2026-10-07T01:48:40.273098+00:00,b8c0fdd272097331f5a0e49d29c93f4ece9c8a92f3aa522cd865ab1118667a1d,,UNVERIFIED
EP-02,World of Desires,00:22:57,1377,847479,https://animehistory.org/uploads/screencaps/outlaw-star-E002-World-of-Desires/cap_00-22-57_3dc5.jpg,Outlaw Star Ep 2: World of Desires @ 00:22:57,https://animehistory.org/gallery/screencaps/outlaw-star/episode-2/,https://animehistory.org/gallery/screencaps/outlaw-star/episode-2/?page=4,4,2026-10-07T01:48:40.273098+00:00,b8c0fdd272097331f5a0e49d29c93f4ece9c8a92f3aa522cd865ab1118667a1d,,UNVERIFIED
EP-02,World of Desires,00:23:01,1381,847480,https://animehistory.org/uploads/screencaps/outlaw-star-E002-World-of-Desires/cap_00-23-01_7d41.jpg,Outlaw Star Ep 2: World of Desires @ 00:23:01,https://animehistory.org/gallery/screencaps/outlaw-star/episode-2/,https://animehistory.org/gallery/screencaps/outlaw-star/episode-2/?page=4,4,2026-10-07T01:48:40.273098+00:00,b8c0fdd272097331f5a0e49d29c93f4ece9c8a92f3aa522cd865ab1118667a1d,,UNVERIFIED
