episode_id,episode_title,web_timestamp,web_seconds,image_id,image_url,caption,gallery_url,source_page_url,source_page,retrieved_utc,html_sha256,local_timestamp,alignment_status
EP-26,Return to Space,00:01:43,103,855623,https://animehistory.org/uploads/screencaps/outlaw-star-E026-Return-to-Space/cap_00-01-43_1155.jpg,Outlaw Star Ep 26: Return to Space @ 00:01:43,https://animehistory.org/gallery/screencaps/outlaw-star/episode-26/,https://animehistory.org/gallery/screencaps/outlaw-star/episode-26/,1,2026-10-07T01:50:44.275700+00:00,445217f2adc9cc3fa84573bcb7a9b5385f4190660f0fb80e14685e93ede89e10,,UNVERIFIED
EP-26,Return to Space,00:01:47,107,855624,https://animehistory.org/uploads/screencaps/outlaw-star-E026-Return-to-Space/cap_00-01-47_690a.jpg,Outlaw Star Ep 26: Return to Space @ 00:01:47,https://animehistory.org/gallery/screencaps/outlaw-star/episode-26/,https://animehistory.org/gallery/screencaps/outlaw-star/episode-26/,1,2026-10-07T01:50:44.275700+00:00,445217f2adc9cc3fa84573bcb7a9b5385f4190660f0fb80e14685e93ede89e10,,UNVERIFIED
EP-26,Return to Space,00:01:51,111,855625,https://animehistory.org/uploads/screencaps/outlaw-star-E026-Return-to-Space/cap_00-01-51_7276.jpg,Outlaw Star Ep 26: Return to Space @ 00:01:51,https://animehistory.org/gallery/screencaps/outlaw-star/episode-26/,https://animehistory.org/gallery/screencaps/outlaw-star/episode-26/,1,2026-10-07T01:50:44.275700+00:00,445217f2adc9cc3fa84573bcb7a9b5385f4190660f0fb80e14685e93ede89e10,,UNVERIFIED
EP-26,Return to Space,00:01:54,114,855626,https://animehistory.org/uploads/screencaps/outlaw-star-E026-Return-to-Space/cap_00-01-54_129c.jpg,Outlaw Star Ep 26: Return to Space @ 00:01:54,https://animehistory.org/gallery/screencaps/outlaw-star/episode-26/,https://animehistory.org/gallery/screencaps/outlaw-star/episode-26/,1,2026-10-07T01:50:44.275700+00:00,445217f2adc9cc3fa84573bcb7a9b5385f4190660f0fb80e14685e93ede89e10,,UNVERIFIED
EP-26,Return to Space,00:01:58,118,855627,https://animehistory.org/uploads/screencaps/outlaw-star-E026-Return-to-Space/cap_00-01-58_1f11.jpg,Outlaw Star Ep 26: Return to Space @ 00:01:58,https://animehistory.org/gallery/screencaps/outlaw-star/episode-26/,https://animehistory.org/gallery/screencaps/outlaw-star/episode-26/,1,2026-10-07T01:50:44.275700+00:00,445217f2adc9cc3fa84573bcb7a9b5385f4190660f0fb80e14685e93ede89e10,,UNVERIFIED
EP-26,Return to Space,00:02:02,122,855628,https://animehistory.org/uploads/screencaps/outlaw-star-E026-Return-to-Space/cap_00-02-02_3547.jpg,Outlaw Star Ep 26: Return to Space @ 00:02:02,https://animehistory.org/gallery/screencaps/outlaw-star/episode-26/,https://animehistory.org/gallery/screencaps/outlaw-star/episode-26/,1,2026-10-07T01:50:44.275700+00:00,445217f2adc9cc3fa84573bcb7a9b5385f4190660f0fb80e14685e93ede89e10,,UNVERIFIED
EP-26,Return to Space,00:02:06,126,855629,https://animehistory.org/uploads/screencaps/outlaw-star-E026-Return-to-Space/cap_00-02-06_2c8b.jpg,Outlaw Star Ep 26: Return to Space @ 00:02:06,https://animehistory.org/gallery/screencaps/outlaw-star/episode-26/,https://animehistory.org/gallery/screencaps/outlaw-star/episode-26/,1,2026-10-07T01:50:44.275700+00:00,445217f2adc9cc3fa84573bcb7a9b5385f4190660f0fb80e14685e93ede89e10,,UNVERIFIED
EP-26,Return to Space,00:02:09,129,855630,https://animehistory.org/uploads/screencaps/outlaw-star-E026-Return-to-Space/cap_00-02-09_0c35.jpg,Outlaw Star Ep 26: Return to Space @ 00:02:09,https://animehistory.org/gallery/screencaps/outlaw-star/episode-26/,https://animehistory.org/gallery/screencaps/outlaw-star/episode-26/,1,2026-10-07T01:50:44.275700+00:00,445217f2adc9cc3fa84573bcb7a9b5385f4190660f0fb80e14685e93ede89e10,,UNVERIFIED
EP-26,Return to Space,00:02:13,133,855631,https://animehistory.org/uploads/screencaps/outlaw-star-E026-Return-to-Space/cap_00-02-13_098d.jpg,Outlaw Star Ep 26: Return to Space @ 00:02:13,https://animehistory.org/gallery/screencaps/outlaw-star/episode-26/,https://animehistory.org/gallery/screencaps/outlaw-star/episode-26/,1,2026-10-07T01:50:44.275700+00:00,445217f2adc9cc3fa84573bcb7a9b5385f4190660f0fb80e14685e93ede89e10,,UNVERIFIED
EP-26,Return to Space,00:02:17,137,855632,https://animehistory.org/uploads/screencaps/outlaw-star-E026-Return-to-Space/cap_00-02-17_0712.jpg,Outlaw Star Ep 26: Return to Space @ 00:02:17,https://animehistory.org/gallery/screencaps/outlaw-star/episode-26/,https://animehistory.org/gallery/screencaps/outlaw-star/episode-26/,1,2026-10-07T01:50:44.275700+00:00,445217f2adc9cc3fa84573bcb7a9b5385f4190660f0fb80e14685e93ede89e10,,UNVERIFIED
EP-26,Return to Space,00:02:21,141,855633,https://animehistory.org/uploads/screencaps/outlaw-star-E026-Return-to-Space/cap_00-02-21_6232.jpg,Outlaw Star Ep 26: Return to Space @ 00:02:21,https://animehistory.org/gallery/screencaps/outlaw-star/episode-26/,https://animehistory.org/gallery/screencaps/outlaw-star/episode-26/,1,2026-10-07T01:50:44.275700+00:00,445217f2adc9cc3fa84573bcb7a9b5385f4190660f0fb80e14685e93ede89e10,,UNVERIFIED
EP-26,Return to Space,00:02:24,144,855634,https://animehistory.org/uploads/screencaps/outlaw-star-E026-Return-to-Space/cap_00-02-24_243f.jpg,Outlaw Star Ep 26: Return to Space @ 00:02:24,https://animehistory.org/gallery/screencaps/outlaw-star/episode-26/,https://animehistory.org/gallery/screencaps/outlaw-star/episode-26/,1,2026-10-07T01:50:44.275700+00:00,445217f2adc9cc3fa84573bcb7a9b5385f4190660f0fb80e14685e93ede89e10,,UNVERIFIED
EP-26,Return to Space,00:02:28,148,855635,https://animehistory.org/uploads/screencaps/outlaw-star-E026-Return-to-Space/cap_00-02-28_2d13.jpg,Outlaw Star Ep 26: Return to Space @ 00:02:28,https://animehistory.org/gallery/screencaps/outlaw-star/episode-26/,https://animehistory.org/gallery/screencaps/outlaw-star/episode-26/,1,2026-10-07T01:50:44.275700+00:00,445217f2adc9cc3fa84573bcb7a9b5385f4190660f0fb80e14685e93ede89e10,,UNVERIFIED
EP-26,Return to Space,00:02:32,152,855636,https://animehistory.org/uploads/screencaps/outlaw-star-E026-Return-to-Space/cap_00-02-32_79e3.jpg,Outlaw Star Ep 26: Return to Space @ 00:02:32,https://animehistory.org/gallery/screencaps/outlaw-star/episode-26/,https://animehistory.org/gallery/screencaps/outlaw-star/episode-26/,1,2026-10-07T01:50:44.275700+00:00,445217f2adc9cc3fa84573bcb7a9b5385f4190660f0fb80e14685e93ede89e10,,UNVERIFIED
EP-26,Return to Space,00:02:36,156,855637,https://animehistory.org/uploads/screencaps/outlaw-star-E026-Return-to-Space/cap_00-02-36_66d4.jpg,Outlaw Star Ep 26: Return to Space @ 00:02:36,https://animehistory.org/gallery/screencaps/outlaw-star/episode-26/,https://animehistory.org/gallery/screencaps/outlaw-star/episode-26/,1,2026-10-07T01:50:44.275700+00:00,445217f2adc9cc3fa84573bcb7a9b5385f4190660f0fb80e14685e93ede89e10,,UNVERIFIED
EP-26,Return to Space,00:02:39,159,855638,https://animehistory.org/uploads/screencaps/outlaw-star-E026-Return-to-Space/cap_00-02-39_6b8b.jpg,Outlaw Star Ep 26: Return to Space @ 00:02:39,https://animehistory.org/gallery/screencaps/outlaw-star/episode-26/,https://animehistory.org/gallery/screencaps/outlaw-star/episode-26/,1,2026-10-07T01:50:44.275700+00:00,445217f2adc9cc3fa84573bcb7a9b5385f4190660f0fb80e14685e93ede89e10,,UNVERIFIED
EP-26,Return to Space,00:02:43,163,855639,https://animehistory.org/uploads/screencaps/outlaw-star-E026-Return-to-Space/cap_00-02-43_43be.jpg,Outlaw Star Ep 26: Return to Space @ 00:02:43,https://animehistory.org/gallery/screencaps/outlaw-star/episode-26/,https://animehistory.org/gallery/screencaps/outlaw-star/episode-26/,1,2026-10-07T01:50:44.275700+00:00,445217f2adc9cc3fa84573bcb7a9b5385f4190660f0fb80e14685e93ede89e10,,UNVERIFIED
EP-26,Return to Space,00:02:47,167,855640,https://animehistory.org/uploads/screencaps/outlaw-star-E026-Return-to-Space/cap_00-02-47_4613.jpg,Outlaw Star Ep 26: Return to Space @ 00:02:47,https://animehistory.org/gallery/screencaps/outlaw-star/episode-26/,https://animehistory.org/gallery/screencaps/outlaw-star/episode-26/,1,2026-10-07T01:50:44.275700+00:00,445217f2adc9cc3fa84573bcb7a9b5385f4190660f0fb80e14685e93ede89e10,,UNVERIFIED
EP-26,Return to Space,00:02:51,171,855641,https://animehistory.org/uploads/screencaps/outlaw-star-E026-Return-to-Space/cap_00-02-51_7309.jpg,Outlaw Star Ep 26: Return to Space @ 00:02:51,https://animehistory.org/gallery/screencaps/outlaw-star/episode-26/,https://animehistory.org/gallery/screencaps/outlaw-star/episode-26/,1,2026-10-07T01:50:44.275700+00:00,445217f2adc9cc3fa84573bcb7a9b5385f4190660f0fb80e14685e93ede89e10,,UNVERIFIED
EP-26,Return to Space,00:02:54,174,855642,https://animehistory.org/uploads/screencaps/outlaw-star-E026-Return-to-Space/cap_00-02-54_0afa.jpg,Outlaw Star Ep 26: Return to Space @ 00:02:54,https://animehistory.org/gallery/screencaps/outlaw-star/episode-26/,https://animehistory.org/gallery/screencaps/outlaw-star/episode-26/,1,2026-10-07T01:50:44.275700+00:00,445217f2adc9cc3fa84573bcb7a9b5385f4190660f0fb80e14685e93ede89e10,,UNVERIFIED
EP-26,Return to Space,00:02:58,178,855643,https://animehistory.org/uploads/screencaps/outlaw-star-E026-Return-to-Space/cap_00-02-58_319e.jpg,Outlaw Star Ep 26: Return to Space @ 00:02:58,https://animehistory.org/gallery/screencaps/outlaw-star/episode-26/,https://animehistory.org/gallery/screencaps/outlaw-star/episode-26/,1,2026-10-07T01:50:44.275700+00:00,445217f2adc9cc3fa84573bcb7a9b5385f4190660f0fb80e14685e93ede89e10,,UNVERIFIED
EP-26,Return to Space,00:03:02,182,855644,https://animehistory.org/uploads/screencaps/outlaw-star-E026-Return-to-Space/cap_00-03-02_7a86.jpg,Outlaw Star Ep 26: Return to Space @ 00:03:02,https://animehistory.org/gallery/screencaps/outlaw-star/episode-26/,https://animehistory.org/gallery/screencaps/outlaw-star/episode-26/,1,2026-10-07T01:50:44.275700+00:00,445217f2adc9cc3fa84573bcb7a9b5385f4190660f0fb80e14685e93ede89e10,,UNVERIFIED
EP-26,Return to Space,00:03:06,186,855645,https://animehistory.org/uploads/screencaps/outlaw-star-E026-Return-to-Space/cap_00-03-06_3e78.jpg,Outlaw Star Ep 26: Return to Space @ 00:03:06,https://animehistory.org/gallery/screencaps/outlaw-star/episode-26/,https://animehistory.org/gallery/screencaps/outlaw-star/episode-26/,1,2026-10-07T01:50:44.275700+00:00,445217f2adc9cc3fa84573bcb7a9b5385f4190660f0fb80e14685e93ede89e10,,UNVERIFIED
EP-26,Return to Space,00:03:09,189,855646,https://animehistory.org/uploads/screencaps/outlaw-star-E026-Return-to-Space/cap_00-03-09_6fb6.jpg,Outlaw Star Ep 26: Return to Space @ 00:03:09,https://animehistory.org/gallery/screencaps/outlaw-star/episode-26/,https://animehistory.org/gallery/screencaps/outlaw-star/episode-26/,1,2026-10-07T01:50:44.275700+00:00,445217f2adc9cc3fa84573bcb7a9b5385f4190660f0fb80e14685e93ede89e10,,UNVERIFIED
EP-26,Return to Space,00:03:13,193,855647,https://animehistory.org/uploads/screencaps/outlaw-star-E026-Return-to-Space/cap_00-03-13_5792.jpg,Outlaw Star Ep 26: Return to Space @ 00:03:13,https://animehistory.org/gallery/screencaps/outlaw-star/episode-26/,https://animehistory.org/gallery/screencaps/outlaw-star/episode-26/,1,2026-10-07T01:50:44.275700+00:00,445217f2adc9cc3fa84573bcb7a9b5385f4190660f0fb80e14685e93ede89e10,,UNVERIFIED
EP-26,Return to Space,00:03:17,197,855648,https://animehistory.org/uploads/screencaps/outlaw-star-E026-Return-to-Space/cap_00-03-17_28f6.jpg,Outlaw Star Ep 26: Return to Space @ 00:03:17,https://animehistory.org/gallery/screencaps/outlaw-star/episode-26/,https://animehistory.org/gallery/screencaps/outlaw-star/episode-26/,1,2026-10-07T01:50:44.275700+00:00,445217f2adc9cc3fa84573bcb7a9b5385f4190660f0fb80e14685e93ede89e10,,UNVERIFIED
EP-26,Return to Space,00:03:21,201,855649,https://animehistory.org/uploads/screencaps/outlaw-star-E026-Return-to-Space/cap_00-03-21_62e0.jpg,Outlaw Star Ep 26: Return to Space @ 00:03:21,https://animehistory.org/gallery/screencaps/outlaw-star/episode-26/,https://animehistory.org/gallery/screencaps/outlaw-star/episode-26/,1,2026-10-07T01:50:44.275700+00:00,445217f2adc9cc3fa84573bcb7a9b5385f4190660f0fb80e14685e93ede89e10,,UNVERIFIED
EP-26,Return to Space,00:03:24,204,855650,https://animehistory.org/uploads/screencaps/outlaw-star-E026-Return-to-Space/cap_00-03-24_5266.jpg,Outlaw Star Ep 26: Return to Space @ 00:03:24,https://animehistory.org/gallery/screencaps/outlaw-star/episode-26/,https://animehistory.org/gallery/screencaps/outlaw-star/episode-26/,1,2026-10-07T01:50:44.275700+00:00,445217f2adc9cc3fa84573bcb7a9b5385f4190660f0fb80e14685e93ede89e10,,UNVERIFIED
EP-26,Return to Space,00:03:28,208,855651,https://animehistory.org/uploads/screencaps/outlaw-star-E026-Return-to-Space/cap_00-03-28_0968.jpg,Outlaw Star Ep 26: Return to Space @ 00:03:28,https://animehistory.org/gallery/screencaps/outlaw-star/episode-26/,https://animehistory.org/gallery/screencaps/outlaw-star/episode-26/,1,2026-10-07T01:50:44.275700+00:00,445217f2adc9cc3fa84573bcb7a9b5385f4190660f0fb80e14685e93ede89e10,,UNVERIFIED
EP-26,Return to Space,00:03:32,212,855652,https://animehistory.org/uploads/screencaps/outlaw-star-E026-Return-to-Space/cap_00-03-32_6797.jpg,Outlaw Star Ep 26: Return to Space @ 00:03:32,https://animehistory.org/gallery/screencaps/outlaw-star/episode-26/,https://animehistory.org/gallery/screencaps/outlaw-star/episode-26/,1,2026-10-07T01:50:44.275700+00:00,445217f2adc9cc3fa84573bcb7a9b5385f4190660f0fb80e14685e93ede89e10,,UNVERIFIED
EP-26,Return to Space,00:03:36,216,855653,https://animehistory.org/uploads/screencaps/outlaw-star-E026-Return-to-Space/cap_00-03-36_1561.jpg,Outlaw Star Ep 26: Return to Space @ 00:03:36,https://animehistory.org/gallery/screencaps/outlaw-star/episode-26/,https://animehistory.org/gallery/screencaps/outlaw-star/episode-26/,1,2026-10-07T01:50:44.275700+00:00,445217f2adc9cc3fa84573bcb7a9b5385f4190660f0fb80e14685e93ede89e10,,UNVERIFIED
EP-26,Return to Space,00:03:39,219,855654,https://animehistory.org/uploads/screencaps/outlaw-star-E026-Return-to-Space/cap_00-03-39_73e4.jpg,Outlaw Star Ep 26: Return to Space @ 00:03:39,https://animehistory.org/gallery/screencaps/outlaw-star/episode-26/,https://animehistory.org/gallery/screencaps/outlaw-star/episode-26/,1,2026-10-07T01:50:44.275700+00:00,445217f2adc9cc3fa84573bcb7a9b5385f4190660f0fb80e14685e93ede89e10,,UNVERIFIED
EP-26,Return to Space,00:03:43,223,855655,https://animehistory.org/uploads/screencaps/outlaw-star-E026-Return-to-Space/cap_00-03-43_3860.jpg,Outlaw Star Ep 26: Return to Space @ 00:03:43,https://animehistory.org/gallery/screencaps/outlaw-star/episode-26/,https://animehistory.org/gallery/screencaps/outlaw-star/episode-26/,1,2026-10-07T01:50:44.275700+00:00,445217f2adc9cc3fa84573bcb7a9b5385f4190660f0fb80e14685e93ede89e10,,UNVERIFIED
EP-26,Return to Space,00:03:47,227,855656,https://animehistory.org/uploads/screencaps/outlaw-star-E026-Return-to-Space/cap_00-03-47_4192.jpg,Outlaw Star Ep 26: Return to Space @ 00:03:47,https://animehistory.org/gallery/screencaps/outlaw-star/episode-26/,https://animehistory.org/gallery/screencaps/outlaw-star/episode-26/,1,2026-10-07T01:50:44.275700+00:00,445217f2adc9cc3fa84573bcb7a9b5385f4190660f0fb80e14685e93ede89e10,,UNVERIFIED
EP-26,Return to Space,00:03:51,231,855657,https://animehistory.org/uploads/screencaps/outlaw-star-E026-Return-to-Space/cap_00-03-51_562e.jpg,Outlaw Star Ep 26: Return to Space @ 00:03:51,https://animehistory.org/gallery/screencaps/outlaw-star/episode-26/,https://animehistory.org/gallery/screencaps/outlaw-star/episode-26/,1,2026-10-07T01:50:44.275700+00:00,445217f2adc9cc3fa84573bcb7a9b5385f4190660f0fb80e14685e93ede89e10,,UNVERIFIED
EP-26,Return to Space,00:03:54,234,855658,https://animehistory.org/uploads/screencaps/outlaw-star-E026-Return-to-Space/cap_00-03-54_61e4.jpg,Outlaw Star Ep 26: Return to Space @ 00:03:54,https://animehistory.org/gallery/screencaps/outlaw-star/episode-26/,https://animehistory.org/gallery/screencaps/outlaw-star/episode-26/,1,2026-10-07T01:50:44.275700+00:00,445217f2adc9cc3fa84573bcb7a9b5385f4190660f0fb80e14685e93ede89e10,,UNVERIFIED
EP-26,Return to Space,00:03:58,238,855659,https://animehistory.org/uploads/screencaps/outlaw-star-E026-Return-to-Space/cap_00-03-58_2950.jpg,Outlaw Star Ep 26: Return to Space @ 00:03:58,https://animehistory.org/gallery/screencaps/outlaw-star/episode-26/,https://animehistory.org/gallery/screencaps/outlaw-star/episode-26/,1,2026-10-07T01:50:44.275700+00:00,445217f2adc9cc3fa84573bcb7a9b5385f4190660f0fb80e14685e93ede89e10,,UNVERIFIED
EP-26,Return to Space,00:04:02,242,855660,https://animehistory.org/uploads/screencaps/outlaw-star-E026-Return-to-Space/cap_00-04-02_12f3.jpg,Outlaw Star Ep 26: Return to Space @ 00:04:02,https://animehistory.org/gallery/screencaps/outlaw-star/episode-26/,https://animehistory.org/gallery/screencaps/outlaw-star/episode-26/,1,2026-10-07T01:50:44.275700+00:00,445217f2adc9cc3fa84573bcb7a9b5385f4190660f0fb80e14685e93ede89e10,,UNVERIFIED
EP-26,Return to Space,00:04:06,246,855661,https://animehistory.org/uploads/screencaps/outlaw-star-E026-Return-to-Space/cap_00-04-06_565b.jpg,Outlaw Star Ep 26: Return to Space @ 00:04:06,https://animehistory.org/gallery/screencaps/outlaw-star/episode-26/,https://animehistory.org/gallery/screencaps/outlaw-star/episode-26/,1,2026-10-07T01:50:44.275700+00:00,445217f2adc9cc3fa84573bcb7a9b5385f4190660f0fb80e14685e93ede89e10,,UNVERIFIED
EP-26,Return to Space,00:04:09,249,855662,https://animehistory.org/uploads/screencaps/outlaw-star-E026-Return-to-Space/cap_00-04-09_6cd6.jpg,Outlaw Star Ep 26: Return to Space @ 00:04:09,https://animehistory.org/gallery/screencaps/outlaw-star/episode-26/,https://animehistory.org/gallery/screencaps/outlaw-star/episode-26/,1,2026-10-07T01:50:44.275700+00:00,445217f2adc9cc3fa84573bcb7a9b5385f4190660f0fb80e14685e93ede89e10,,UNVERIFIED
EP-26,Return to Space,00:04:13,253,855663,https://animehistory.org/uploads/screencaps/outlaw-star-E026-Return-to-Space/cap_00-04-13_6b50.jpg,Outlaw Star Ep 26: Return to Space @ 00:04:13,https://animehistory.org/gallery/screencaps/outlaw-star/episode-26/,https://animehistory.org/gallery/screencaps/outlaw-star/episode-26/,1,2026-10-07T01:50:44.275700+00:00,445217f2adc9cc3fa84573bcb7a9b5385f4190660f0fb80e14685e93ede89e10,,UNVERIFIED
EP-26,Return to Space,00:04:17,257,855664,https://animehistory.org/uploads/screencaps/outlaw-star-E026-Return-to-Space/cap_00-04-17_5ba8.jpg,Outlaw Star Ep 26: Return to Space @ 00:04:17,https://animehistory.org/gallery/screencaps/outlaw-star/episode-26/,https://animehistory.org/gallery/screencaps/outlaw-star/episode-26/,1,2026-10-07T01:50:44.275700+00:00,445217f2adc9cc3fa84573bcb7a9b5385f4190660f0fb80e14685e93ede89e10,,UNVERIFIED
EP-26,Return to Space,00:04:21,261,855665,https://animehistory.org/uploads/screencaps/outlaw-star-E026-Return-to-Space/cap_00-04-21_779d.jpg,Outlaw Star Ep 26: Return to Space @ 00:04:21,https://animehistory.org/gallery/screencaps/outlaw-star/episode-26/,https://animehistory.org/gallery/screencaps/outlaw-star/episode-26/,1,2026-10-07T01:50:44.275700+00:00,445217f2adc9cc3fa84573bcb7a9b5385f4190660f0fb80e14685e93ede89e10,,UNVERIFIED
EP-26,Return to Space,00:04:24,264,855666,https://animehistory.org/uploads/screencaps/outlaw-star-E026-Return-to-Space/cap_00-04-24_458c.jpg,Outlaw Star Ep 26: Return to Space @ 00:04:24,https://animehistory.org/gallery/screencaps/outlaw-star/episode-26/,https://animehistory.org/gallery/screencaps/outlaw-star/episode-26/,1,2026-10-07T01:50:44.275700+00:00,445217f2adc9cc3fa84573bcb7a9b5385f4190660f0fb80e14685e93ede89e10,,UNVERIFIED
EP-26,Return to Space,00:04:28,268,855667,https://animehistory.org/uploads/screencaps/outlaw-star-E026-Return-to-Space/cap_00-04-28_53e4.jpg,Outlaw Star Ep 26: Return to Space @ 00:04:28,https://animehistory.org/gallery/screencaps/outlaw-star/episode-26/,https://animehistory.org/gallery/screencaps/outlaw-star/episode-26/,1,2026-10-07T01:50:44.275700+00:00,445217f2adc9cc3fa84573bcb7a9b5385f4190660f0fb80e14685e93ede89e10,,UNVERIFIED
EP-26,Return to Space,00:04:32,272,855668,https://animehistory.org/uploads/screencaps/outlaw-star-E026-Return-to-Space/cap_00-04-32_1e18.jpg,Outlaw Star Ep 26: Return to Space @ 00:04:32,https://animehistory.org/gallery/screencaps/outlaw-star/episode-26/,https://animehistory.org/gallery/screencaps/outlaw-star/episode-26/,1,2026-10-07T01:50:44.275700+00:00,445217f2adc9cc3fa84573bcb7a9b5385f4190660f0fb80e14685e93ede89e10,,UNVERIFIED
EP-26,Return to Space,00:04:36,276,855669,https://animehistory.org/uploads/screencaps/outlaw-star-E026-Return-to-Space/cap_00-04-36_6e45.jpg,Outlaw Star Ep 26: Return to Space @ 00:04:36,https://animehistory.org/gallery/screencaps/outlaw-star/episode-26/,https://animehistory.org/gallery/screencaps/outlaw-star/episode-26/,1,2026-10-07T01:50:44.275700+00:00,445217f2adc9cc3fa84573bcb7a9b5385f4190660f0fb80e14685e93ede89e10,,UNVERIFIED
EP-26,Return to Space,00:04:39,279,855670,https://animehistory.org/uploads/screencaps/outlaw-star-E026-Return-to-Space/cap_00-04-39_7445.jpg,Outlaw Star Ep 26: Return to Space @ 00:04:39,https://animehistory.org/gallery/screencaps/outlaw-star/episode-26/,https://animehistory.org/gallery/screencaps/outlaw-star/episode-26/,1,2026-10-07T01:50:44.275700+00:00,445217f2adc9cc3fa84573bcb7a9b5385f4190660f0fb80e14685e93ede89e10,,UNVERIFIED
EP-26,Return to Space,00:04:43,283,855671,https://animehistory.org/uploads/screencaps/outlaw-star-E026-Return-to-Space/cap_00-04-43_2599.jpg,Outlaw Star Ep 26: Return to Space @ 00:04:43,https://animehistory.org/gallery/screencaps/outlaw-star/episode-26/,https://animehistory.org/gallery/screencaps/outlaw-star/episode-26/,1,2026-10-07T01:50:44.275700+00:00,445217f2adc9cc3fa84573bcb7a9b5385f4190660f0fb80e14685e93ede89e10,,UNVERIFIED
EP-26,Return to Space,00:04:47,287,855672,https://animehistory.org/uploads/screencaps/outlaw-star-E026-Return-to-Space/cap_00-04-47_4069.jpg,Outlaw Star Ep 26: Return to Space @ 00:04:47,https://animehistory.org/gallery/screencaps/outlaw-star/episode-26/,https://animehistory.org/gallery/screencaps/outlaw-star/episode-26/,1,2026-10-07T01:50:44.275700+00:00,445217f2adc9cc3fa84573bcb7a9b5385f4190660f0fb80e14685e93ede89e10,,UNVERIFIED
EP-26,Return to Space,00:04:51,291,855673,https://animehistory.org/uploads/screencaps/outlaw-star-E026-Return-to-Space/cap_00-04-51_22da.jpg,Outlaw Star Ep 26: Return to Space @ 00:04:51,https://animehistory.org/gallery/screencaps/outlaw-star/episode-26/,https://animehistory.org/gallery/screencaps/outlaw-star/episode-26/,1,2026-10-07T01:50:44.275700+00:00,445217f2adc9cc3fa84573bcb7a9b5385f4190660f0fb80e14685e93ede89e10,,UNVERIFIED
EP-26,Return to Space,00:04:54,294,855674,https://animehistory.org/uploads/screencaps/outlaw-star-E026-Return-to-Space/cap_00-04-54_2e11.jpg,Outlaw Star Ep 26: Return to Space @ 00:04:54,https://animehistory.org/gallery/screencaps/outlaw-star/episode-26/,https://animehistory.org/gallery/screencaps/outlaw-star/episode-26/,1,2026-10-07T01:50:44.275700+00:00,445217f2adc9cc3fa84573bcb7a9b5385f4190660f0fb80e14685e93ede89e10,,UNVERIFIED
EP-26,Return to Space,00:04:58,298,855675,https://animehistory.org/uploads/screencaps/outlaw-star-E026-Return-to-Space/cap_00-04-58_5bf2.jpg,Outlaw Star Ep 26: Return to Space @ 00:04:58,https://animehistory.org/gallery/screencaps/outlaw-star/episode-26/,https://animehistory.org/gallery/screencaps/outlaw-star/episode-26/,1,2026-10-07T01:50:44.275700+00:00,445217f2adc9cc3fa84573bcb7a9b5385f4190660f0fb80e14685e93ede89e10,,UNVERIFIED
EP-26,Return to Space,00:05:02,302,855676,https://animehistory.org/uploads/screencaps/outlaw-star-E026-Return-to-Space/cap_00-05-02_2631.jpg,Outlaw Star Ep 26: Return to Space @ 00:05:02,https://animehistory.org/gallery/screencaps/outlaw-star/episode-26/,https://animehistory.org/gallery/screencaps/outlaw-star/episode-26/,1,2026-10-07T01:50:44.275700+00:00,445217f2adc9cc3fa84573bcb7a9b5385f4190660f0fb80e14685e93ede89e10,,UNVERIFIED
EP-26,Return to Space,00:05:06,306,855677,https://animehistory.org/uploads/screencaps/outlaw-star-E026-Return-to-Space/cap_00-05-06_7a71.jpg,Outlaw Star Ep 26: Return to Space @ 00:05:06,https://animehistory.org/gallery/screencaps/outlaw-star/episode-26/,https://animehistory.org/gallery/screencaps/outlaw-star/episode-26/,1,2026-10-07T01:50:44.275700+00:00,445217f2adc9cc3fa84573bcb7a9b5385f4190660f0fb80e14685e93ede89e10,,UNVERIFIED
EP-26,Return to Space,00:05:09,309,855678,https://animehistory.org/uploads/screencaps/outlaw-star-E026-Return-to-Space/cap_00-05-09_7375.jpg,Outlaw Star Ep 26: Return to Space @ 00:05:09,https://animehistory.org/gallery/screencaps/outlaw-star/episode-26/,https://animehistory.org/gallery/screencaps/outlaw-star/episode-26/,1,2026-10-07T01:50:44.275700+00:00,445217f2adc9cc3fa84573bcb7a9b5385f4190660f0fb80e14685e93ede89e10,,UNVERIFIED
EP-26,Return to Space,00:05:13,313,855679,https://animehistory.org/uploads/screencaps/outlaw-star-E026-Return-to-Space/cap_00-05-13_5b19.jpg,Outlaw Star Ep 26: Return to Space @ 00:05:13,https://animehistory.org/gallery/screencaps/outlaw-star/episode-26/,https://animehistory.org/gallery/screencaps/outlaw-star/episode-26/,1,2026-10-07T01:50:44.275700+00:00,445217f2adc9cc3fa84573bcb7a9b5385f4190660f0fb80e14685e93ede89e10,,UNVERIFIED
EP-26,Return to Space,00:05:17,317,855680,https://animehistory.org/uploads/screencaps/outlaw-star-E026-Return-to-Space/cap_00-05-17_0634.jpg,Outlaw Star Ep 26: Return to Space @ 00:05:17,https://animehistory.org/gallery/screencaps/outlaw-star/episode-26/,https://animehistory.org/gallery/screencaps/outlaw-star/episode-26/,1,2026-10-07T01:50:44.275700+00:00,445217f2adc9cc3fa84573bcb7a9b5385f4190660f0fb80e14685e93ede89e10,,UNVERIFIED
EP-26,Return to Space,00:05:21,321,855681,https://animehistory.org/uploads/screencaps/outlaw-star-E026-Return-to-Space/cap_00-05-21_3d9b.jpg,Outlaw Star Ep 26: Return to Space @ 00:05:21,https://animehistory.org/gallery/screencaps/outlaw-star/episode-26/,https://animehistory.org/gallery/screencaps/outlaw-star/episode-26/,1,2026-10-07T01:50:44.275700+00:00,445217f2adc9cc3fa84573bcb7a9b5385f4190660f0fb80e14685e93ede89e10,,UNVERIFIED
EP-26,Return to Space,00:05:24,324,855682,https://animehistory.org/uploads/screencaps/outlaw-star-E026-Return-to-Space/cap_00-05-24_458d.jpg,Outlaw Star Ep 26: Return to Space @ 00:05:24,https://animehistory.org/gallery/screencaps/outlaw-star/episode-26/,https://animehistory.org/gallery/screencaps/outlaw-star/episode-26/,1,2026-10-07T01:50:44.275700+00:00,445217f2adc9cc3fa84573bcb7a9b5385f4190660f0fb80e14685e93ede89e10,,UNVERIFIED
EP-26,Return to Space,00:05:28,328,855683,https://animehistory.org/uploads/screencaps/outlaw-star-E026-Return-to-Space/cap_00-05-28_0ffc.jpg,Outlaw Star Ep 26: Return to Space @ 00:05:28,https://animehistory.org/gallery/screencaps/outlaw-star/episode-26/,https://animehistory.org/gallery/screencaps/outlaw-star/episode-26/,1,2026-10-07T01:50:44.275700+00:00,445217f2adc9cc3fa84573bcb7a9b5385f4190660f0fb80e14685e93ede89e10,,UNVERIFIED
EP-26,Return to Space,00:05:32,332,855684,https://animehistory.org/uploads/screencaps/outlaw-star-E026-Return-to-Space/cap_00-05-32_4bdd.jpg,Outlaw Star Ep 26: Return to Space @ 00:05:32,https://animehistory.org/gallery/screencaps/outlaw-star/episode-26/,https://animehistory.org/gallery/screencaps/outlaw-star/episode-26/,1,2026-10-07T01:50:44.275700+00:00,445217f2adc9cc3fa84573bcb7a9b5385f4190660f0fb80e14685e93ede89e10,,UNVERIFIED
EP-26,Return to Space,00:05:36,336,855685,https://animehistory.org/uploads/screencaps/outlaw-star-E026-Return-to-Space/cap_00-05-36_3d8c.jpg,Outlaw Star Ep 26: Return to Space @ 00:05:36,https://animehistory.org/gallery/screencaps/outlaw-star/episode-26/,https://animehistory.org/gallery/screencaps/outlaw-star/episode-26/,1,2026-10-07T01:50:44.275700+00:00,445217f2adc9cc3fa84573bcb7a9b5385f4190660f0fb80e14685e93ede89e10,,UNVERIFIED
EP-26,Return to Space,00:05:39,339,855686,https://animehistory.org/uploads/screencaps/outlaw-star-E026-Return-to-Space/cap_00-05-39_00ff.jpg,Outlaw Star Ep 26: Return to Space @ 00:05:39,https://animehistory.org/gallery/screencaps/outlaw-star/episode-26/,https://animehistory.org/gallery/screencaps/outlaw-star/episode-26/,1,2026-10-07T01:50:44.275700+00:00,445217f2adc9cc3fa84573bcb7a9b5385f4190660f0fb80e14685e93ede89e10,,UNVERIFIED
EP-26,Return to Space,00:05:43,343,855687,https://animehistory.org/uploads/screencaps/outlaw-star-E026-Return-to-Space/cap_00-05-43_22a8.jpg,Outlaw Star Ep 26: Return to Space @ 00:05:43,https://animehistory.org/gallery/screencaps/outlaw-star/episode-26/,https://animehistory.org/gallery/screencaps/outlaw-star/episode-26/,1,2026-10-07T01:50:44.275700+00:00,445217f2adc9cc3fa84573bcb7a9b5385f4190660f0fb80e14685e93ede89e10,,UNVERIFIED
EP-26,Return to Space,00:05:47,347,855688,https://animehistory.org/uploads/screencaps/outlaw-star-E026-Return-to-Space/cap_00-05-47_5608.jpg,Outlaw Star Ep 26: Return to Space @ 00:05:47,https://animehistory.org/gallery/screencaps/outlaw-star/episode-26/,https://animehistory.org/gallery/screencaps/outlaw-star/episode-26/,1,2026-10-07T01:50:44.275700+00:00,445217f2adc9cc3fa84573bcb7a9b5385f4190660f0fb80e14685e93ede89e10,,UNVERIFIED
EP-26,Return to Space,00:05:51,351,855689,https://animehistory.org/uploads/screencaps/outlaw-star-E026-Return-to-Space/cap_00-05-51_21c6.jpg,Outlaw Star Ep 26: Return to Space @ 00:05:51,https://animehistory.org/gallery/screencaps/outlaw-star/episode-26/,https://animehistory.org/gallery/screencaps/outlaw-star/episode-26/,1,2026-10-07T01:50:44.275700+00:00,445217f2adc9cc3fa84573bcb7a9b5385f4190660f0fb80e14685e93ede89e10,,UNVERIFIED
EP-26,Return to Space,00:05:54,354,855690,https://animehistory.org/uploads/screencaps/outlaw-star-E026-Return-to-Space/cap_00-05-54_0b8c.jpg,Outlaw Star Ep 26: Return to Space @ 00:05:54,https://animehistory.org/gallery/screencaps/outlaw-star/episode-26/,https://animehistory.org/gallery/screencaps/outlaw-star/episode-26/,1,2026-10-07T01:50:44.275700+00:00,445217f2adc9cc3fa84573bcb7a9b5385f4190660f0fb80e14685e93ede89e10,,UNVERIFIED
EP-26,Return to Space,00:05:58,358,855691,https://animehistory.org/uploads/screencaps/outlaw-star-E026-Return-to-Space/cap_00-05-58_2b6d.jpg,Outlaw Star Ep 26: Return to Space @ 00:05:58,https://animehistory.org/gallery/screencaps/outlaw-star/episode-26/,https://animehistory.org/gallery/screencaps/outlaw-star/episode-26/,1,2026-10-07T01:50:44.275700+00:00,445217f2adc9cc3fa84573bcb7a9b5385f4190660f0fb80e14685e93ede89e10,,UNVERIFIED
EP-26,Return to Space,00:06:02,362,855692,https://animehistory.org/uploads/screencaps/outlaw-star-E026-Return-to-Space/cap_00-06-02_48fe.jpg,Outlaw Star Ep 26: Return to Space @ 00:06:02,https://animehistory.org/gallery/screencaps/outlaw-star/episode-26/,https://animehistory.org/gallery/screencaps/outlaw-star/episode-26/,1,2026-10-07T01:50:44.275700+00:00,445217f2adc9cc3fa84573bcb7a9b5385f4190660f0fb80e14685e93ede89e10,,UNVERIFIED
EP-26,Return to Space,00:06:06,366,855693,https://animehistory.org/uploads/screencaps/outlaw-star-E026-Return-to-Space/cap_00-06-06_28aa.jpg,Outlaw Star Ep 26: Return to Space @ 00:06:06,https://animehistory.org/gallery/screencaps/outlaw-star/episode-26/,https://animehistory.org/gallery/screencaps/outlaw-star/episode-26/,1,2026-10-07T01:50:44.275700+00:00,445217f2adc9cc3fa84573bcb7a9b5385f4190660f0fb80e14685e93ede89e10,,UNVERIFIED
EP-26,Return to Space,00:06:09,369,855694,https://animehistory.org/uploads/screencaps/outlaw-star-E026-Return-to-Space/cap_00-06-09_43fa.jpg,Outlaw Star Ep 26: Return to Space @ 00:06:09,https://animehistory.org/gallery/screencaps/outlaw-star/episode-26/,https://animehistory.org/gallery/screencaps/outlaw-star/episode-26/,1,2026-10-07T01:50:44.275700+00:00,445217f2adc9cc3fa84573bcb7a9b5385f4190660f0fb80e14685e93ede89e10,,UNVERIFIED
EP-26,Return to Space,00:06:13,373,855695,https://animehistory.org/uploads/screencaps/outlaw-star-E026-Return-to-Space/cap_00-06-13_4215.jpg,Outlaw Star Ep 26: Return to Space @ 00:06:13,https://animehistory.org/gallery/screencaps/outlaw-star/episode-26/,https://animehistory.org/gallery/screencaps/outlaw-star/episode-26/,1,2026-10-07T01:50:44.275700+00:00,445217f2adc9cc3fa84573bcb7a9b5385f4190660f0fb80e14685e93ede89e10,,UNVERIFIED
EP-26,Return to Space,00:06:17,377,855696,https://animehistory.org/uploads/screencaps/outlaw-star-E026-Return-to-Space/cap_00-06-17_12ed.jpg,Outlaw Star Ep 26: Return to Space @ 00:06:17,https://animehistory.org/gallery/screencaps/outlaw-star/episode-26/,https://animehistory.org/gallery/screencaps/outlaw-star/episode-26/,1,2026-10-07T01:50:44.275700+00:00,445217f2adc9cc3fa84573bcb7a9b5385f4190660f0fb80e14685e93ede89e10,,UNVERIFIED
EP-26,Return to Space,00:06:20,380,855697,https://animehistory.org/uploads/screencaps/outlaw-star-E026-Return-to-Space/cap_00-06-20_30a8.jpg,Outlaw Star Ep 26: Return to Space @ 00:06:20,https://animehistory.org/gallery/screencaps/outlaw-star/episode-26/,https://animehistory.org/gallery/screencaps/outlaw-star/episode-26/,1,2026-10-07T01:50:44.275700+00:00,445217f2adc9cc3fa84573bcb7a9b5385f4190660f0fb80e14685e93ede89e10,,UNVERIFIED
EP-26,Return to Space,00:06:24,384,855698,https://animehistory.org/uploads/screencaps/outlaw-star-E026-Return-to-Space/cap_00-06-24_1f53.jpg,Outlaw Star Ep 26: Return to Space @ 00:06:24,https://animehistory.org/gallery/screencaps/outlaw-star/episode-26/,https://animehistory.org/gallery/screencaps/outlaw-star/episode-26/,1,2026-10-07T01:50:44.275700+00:00,445217f2adc9cc3fa84573bcb7a9b5385f4190660f0fb80e14685e93ede89e10,,UNVERIFIED
EP-26,Return to Space,00:06:28,388,855699,https://animehistory.org/uploads/screencaps/outlaw-star-E026-Return-to-Space/cap_00-06-28_2bce.jpg,Outlaw Star Ep 26: Return to Space @ 00:06:28,https://animehistory.org/gallery/screencaps/outlaw-star/episode-26/,https://animehistory.org/gallery/screencaps/outlaw-star/episode-26/,1,2026-10-07T01:50:44.275700+00:00,445217f2adc9cc3fa84573bcb7a9b5385f4190660f0fb80e14685e93ede89e10,,UNVERIFIED
EP-26,Return to Space,00:06:32,392,855700,https://animehistory.org/uploads/screencaps/outlaw-star-E026-Return-to-Space/cap_00-06-32_4809.jpg,Outlaw Star Ep 26: Return to Space @ 00:06:32,https://animehistory.org/gallery/screencaps/outlaw-star/episode-26/,https://animehistory.org/gallery/screencaps/outlaw-star/episode-26/,1,2026-10-07T01:50:44.275700+00:00,445217f2adc9cc3fa84573bcb7a9b5385f4190660f0fb80e14685e93ede89e10,,UNVERIFIED
EP-26,Return to Space,00:06:35,395,855701,https://animehistory.org/uploads/screencaps/outlaw-star-E026-Return-to-Space/cap_00-06-35_7024.jpg,Outlaw Star Ep 26: Return to Space @ 00:06:35,https://animehistory.org/gallery/screencaps/outlaw-star/episode-26/,https://animehistory.org/gallery/screencaps/outlaw-star/episode-26/,1,2026-10-07T01:50:44.275700+00:00,445217f2adc9cc3fa84573bcb7a9b5385f4190660f0fb80e14685e93ede89e10,,UNVERIFIED
EP-26,Return to Space,00:06:39,399,855702,https://animehistory.org/uploads/screencaps/outlaw-star-E026-Return-to-Space/cap_00-06-39_4af4.jpg,Outlaw Star Ep 26: Return to Space @ 00:06:39,https://animehistory.org/gallery/screencaps/outlaw-star/episode-26/,https://animehistory.org/gallery/screencaps/outlaw-star/episode-26/,1,2026-10-07T01:50:44.275700+00:00,445217f2adc9cc3fa84573bcb7a9b5385f4190660f0fb80e14685e93ede89e10,,UNVERIFIED
EP-26,Return to Space,00:06:43,403,855703,https://animehistory.org/uploads/screencaps/outlaw-star-E026-Return-to-Space/cap_00-06-43_08dd.jpg,Outlaw Star Ep 26: Return to Space @ 00:06:43,https://animehistory.org/gallery/screencaps/outlaw-star/episode-26/,https://animehistory.org/gallery/screencaps/outlaw-star/episode-26/,1,2026-10-07T01:50:44.275700+00:00,445217f2adc9cc3fa84573bcb7a9b5385f4190660f0fb80e14685e93ede89e10,,UNVERIFIED
EP-26,Return to Space,00:06:47,407,855704,https://animehistory.org/uploads/screencaps/outlaw-star-E026-Return-to-Space/cap_00-06-47_5149.jpg,Outlaw Star Ep 26: Return to Space @ 00:06:47,https://animehistory.org/gallery/screencaps/outlaw-star/episode-26/,https://animehistory.org/gallery/screencaps/outlaw-star/episode-26/,1,2026-10-07T01:50:44.275700+00:00,445217f2adc9cc3fa84573bcb7a9b5385f4190660f0fb80e14685e93ede89e10,,UNVERIFIED
EP-26,Return to Space,00:06:50,410,855705,https://animehistory.org/uploads/screencaps/outlaw-star-E026-Return-to-Space/cap_00-06-50_2609.jpg,Outlaw Star Ep 26: Return to Space @ 00:06:50,https://animehistory.org/gallery/screencaps/outlaw-star/episode-26/,https://animehistory.org/gallery/screencaps/outlaw-star/episode-26/,1,2026-10-07T01:50:44.275700+00:00,445217f2adc9cc3fa84573bcb7a9b5385f4190660f0fb80e14685e93ede89e10,,UNVERIFIED
EP-26,Return to Space,00:06:54,414,855706,https://animehistory.org/uploads/screencaps/outlaw-star-E026-Return-to-Space/cap_00-06-54_2606.jpg,Outlaw Star Ep 26: Return to Space @ 00:06:54,https://animehistory.org/gallery/screencaps/outlaw-star/episode-26/,https://animehistory.org/gallery/screencaps/outlaw-star/episode-26/,1,2026-10-07T01:50:44.275700+00:00,445217f2adc9cc3fa84573bcb7a9b5385f4190660f0fb80e14685e93ede89e10,,UNVERIFIED
EP-26,Return to Space,00:06:58,418,855707,https://animehistory.org/uploads/screencaps/outlaw-star-E026-Return-to-Space/cap_00-06-58_74d6.jpg,Outlaw Star Ep 26: Return to Space @ 00:06:58,https://animehistory.org/gallery/screencaps/outlaw-star/episode-26/,https://animehistory.org/gallery/screencaps/outlaw-star/episode-26/,1,2026-10-07T01:50:44.275700+00:00,445217f2adc9cc3fa84573bcb7a9b5385f4190660f0fb80e14685e93ede89e10,,UNVERIFIED
EP-26,Return to Space,00:07:02,422,855708,https://animehistory.org/uploads/screencaps/outlaw-star-E026-Return-to-Space/cap_00-07-02_40c7.jpg,Outlaw Star Ep 26: Return to Space @ 00:07:02,https://animehistory.org/gallery/screencaps/outlaw-star/episode-26/,https://animehistory.org/gallery/screencaps/outlaw-star/episode-26/,1,2026-10-07T01:50:44.275700+00:00,445217f2adc9cc3fa84573bcb7a9b5385f4190660f0fb80e14685e93ede89e10,,UNVERIFIED
EP-26,Return to Space,00:07:05,425,855709,https://animehistory.org/uploads/screencaps/outlaw-star-E026-Return-to-Space/cap_00-07-05_2437.jpg,Outlaw Star Ep 26: Return to Space @ 00:07:05,https://animehistory.org/gallery/screencaps/outlaw-star/episode-26/,https://animehistory.org/gallery/screencaps/outlaw-star/episode-26/,1,2026-10-07T01:50:44.275700+00:00,445217f2adc9cc3fa84573bcb7a9b5385f4190660f0fb80e14685e93ede89e10,,UNVERIFIED
EP-26,Return to Space,00:07:09,429,855710,https://animehistory.org/uploads/screencaps/outlaw-star-E026-Return-to-Space/cap_00-07-09_0b67.jpg,Outlaw Star Ep 26: Return to Space @ 00:07:09,https://animehistory.org/gallery/screencaps/outlaw-star/episode-26/,https://animehistory.org/gallery/screencaps/outlaw-star/episode-26/,1,2026-10-07T01:50:44.275700+00:00,445217f2adc9cc3fa84573bcb7a9b5385f4190660f0fb80e14685e93ede89e10,,UNVERIFIED
EP-26,Return to Space,00:07:13,433,855711,https://animehistory.org/uploads/screencaps/outlaw-star-E026-Return-to-Space/cap_00-07-13_66ce.jpg,Outlaw Star Ep 26: Return to Space @ 00:07:13,https://animehistory.org/gallery/screencaps/outlaw-star/episode-26/,https://animehistory.org/gallery/screencaps/outlaw-star/episode-26/,1,2026-10-07T01:50:44.275700+00:00,445217f2adc9cc3fa84573bcb7a9b5385f4190660f0fb80e14685e93ede89e10,,UNVERIFIED
EP-26,Return to Space,00:07:17,437,855712,https://animehistory.org/uploads/screencaps/outlaw-star-E026-Return-to-Space/cap_00-07-17_2e9a.jpg,Outlaw Star Ep 26: Return to Space @ 00:07:17,https://animehistory.org/gallery/screencaps/outlaw-star/episode-26/,https://animehistory.org/gallery/screencaps/outlaw-star/episode-26/,1,2026-10-07T01:50:44.275700+00:00,445217f2adc9cc3fa84573bcb7a9b5385f4190660f0fb80e14685e93ede89e10,,UNVERIFIED
EP-26,Return to Space,00:07:20,440,855713,https://animehistory.org/uploads/screencaps/outlaw-star-E026-Return-to-Space/cap_00-07-20_15d4.jpg,Outlaw Star Ep 26: Return to Space @ 00:07:20,https://animehistory.org/gallery/screencaps/outlaw-star/episode-26/,https://animehistory.org/gallery/screencaps/outlaw-star/episode-26/,1,2026-10-07T01:50:44.275700+00:00,445217f2adc9cc3fa84573bcb7a9b5385f4190660f0fb80e14685e93ede89e10,,UNVERIFIED
EP-26,Return to Space,00:07:24,444,855714,https://animehistory.org/uploads/screencaps/outlaw-star-E026-Return-to-Space/cap_00-07-24_21f8.jpg,Outlaw Star Ep 26: Return to Space @ 00:07:24,https://animehistory.org/gallery/screencaps/outlaw-star/episode-26/,https://animehistory.org/gallery/screencaps/outlaw-star/episode-26/,1,2026-10-07T01:50:44.275700+00:00,445217f2adc9cc3fa84573bcb7a9b5385f4190660f0fb80e14685e93ede89e10,,UNVERIFIED
EP-26,Return to Space,00:07:28,448,855715,https://animehistory.org/uploads/screencaps/outlaw-star-E026-Return-to-Space/cap_00-07-28_30be.jpg,Outlaw Star Ep 26: Return to Space @ 00:07:28,https://animehistory.org/gallery/screencaps/outlaw-star/episode-26/,https://animehistory.org/gallery/screencaps/outlaw-star/episode-26/,1,2026-10-07T01:50:44.275700+00:00,445217f2adc9cc3fa84573bcb7a9b5385f4190660f0fb80e14685e93ede89e10,,UNVERIFIED
EP-26,Return to Space,00:07:32,452,855716,https://animehistory.org/uploads/screencaps/outlaw-star-E026-Return-to-Space/cap_00-07-32_2c86.jpg,Outlaw Star Ep 26: Return to Space @ 00:07:32,https://animehistory.org/gallery/screencaps/outlaw-star/episode-26/,https://animehistory.org/gallery/screencaps/outlaw-star/episode-26/,1,2026-10-07T01:50:44.275700+00:00,445217f2adc9cc3fa84573bcb7a9b5385f4190660f0fb80e14685e93ede89e10,,UNVERIFIED
EP-26,Return to Space,00:07:35,455,855717,https://animehistory.org/uploads/screencaps/outlaw-star-E026-Return-to-Space/cap_00-07-35_1775.jpg,Outlaw Star Ep 26: Return to Space @ 00:07:35,https://animehistory.org/gallery/screencaps/outlaw-star/episode-26/,https://animehistory.org/gallery/screencaps/outlaw-star/episode-26/,1,2026-10-07T01:50:44.275700+00:00,445217f2adc9cc3fa84573bcb7a9b5385f4190660f0fb80e14685e93ede89e10,,UNVERIFIED
EP-26,Return to Space,00:07:39,459,855718,https://animehistory.org/uploads/screencaps/outlaw-star-E026-Return-to-Space/cap_00-07-39_14de.jpg,Outlaw Star Ep 26: Return to Space @ 00:07:39,https://animehistory.org/gallery/screencaps/outlaw-star/episode-26/,https://animehistory.org/gallery/screencaps/outlaw-star/episode-26/,1,2026-10-07T01:50:44.275700+00:00,445217f2adc9cc3fa84573bcb7a9b5385f4190660f0fb80e14685e93ede89e10,,UNVERIFIED
EP-26,Return to Space,00:07:43,463,855719,https://animehistory.org/uploads/screencaps/outlaw-star-E026-Return-to-Space/cap_00-07-43_2f6d.jpg,Outlaw Star Ep 26: Return to Space @ 00:07:43,https://animehistory.org/gallery/screencaps/outlaw-star/episode-26/,https://animehistory.org/gallery/screencaps/outlaw-star/episode-26/,1,2026-10-07T01:50:44.275700+00:00,445217f2adc9cc3fa84573bcb7a9b5385f4190660f0fb80e14685e93ede89e10,,UNVERIFIED
EP-26,Return to Space,00:07:47,467,855720,https://animehistory.org/uploads/screencaps/outlaw-star-E026-Return-to-Space/cap_00-07-47_16ef.jpg,Outlaw Star Ep 26: Return to Space @ 00:07:47,https://animehistory.org/gallery/screencaps/outlaw-star/episode-26/,https://animehistory.org/gallery/screencaps/outlaw-star/episode-26/,1,2026-10-07T01:50:44.275700+00:00,445217f2adc9cc3fa84573bcb7a9b5385f4190660f0fb80e14685e93ede89e10,,UNVERIFIED
EP-26,Return to Space,00:07:50,470,855721,https://animehistory.org/uploads/screencaps/outlaw-star-E026-Return-to-Space/cap_00-07-50_3c80.jpg,Outlaw Star Ep 26: Return to Space @ 00:07:50,https://animehistory.org/gallery/screencaps/outlaw-star/episode-26/,https://animehistory.org/gallery/screencaps/outlaw-star/episode-26/,1,2026-10-07T01:50:44.275700+00:00,445217f2adc9cc3fa84573bcb7a9b5385f4190660f0fb80e14685e93ede89e10,,UNVERIFIED
EP-26,Return to Space,00:07:54,474,855722,https://animehistory.org/uploads/screencaps/outlaw-star-E026-Return-to-Space/cap_00-07-54_47a2.jpg,Outlaw Star Ep 26: Return to Space @ 00:07:54,https://animehistory.org/gallery/screencaps/outlaw-star/episode-26/,https://animehistory.org/gallery/screencaps/outlaw-star/episode-26/,1,2026-10-07T01:50:44.275700+00:00,445217f2adc9cc3fa84573bcb7a9b5385f4190660f0fb80e14685e93ede89e10,,UNVERIFIED
EP-26,Return to Space,00:07:58,478,855723,https://animehistory.org/uploads/screencaps/outlaw-star-E026-Return-to-Space/cap_00-07-58_02a6.jpg,Outlaw Star Ep 26: Return to Space @ 00:07:58,https://animehistory.org/gallery/screencaps/outlaw-star/episode-26/,https://animehistory.org/gallery/screencaps/outlaw-star/episode-26/?page=2,2,2026-10-07T01:50:45.650071+00:00,1dc480381f4474075d3a1b73842f8b07320277f67dd2c4610387dbb0609f3f5b,,UNVERIFIED
EP-26,Return to Space,00:08:02,482,855724,https://animehistory.org/uploads/screencaps/outlaw-star-E026-Return-to-Space/cap_00-08-02_4e83.jpg,Outlaw Star Ep 26: Return to Space @ 00:08:02,https://animehistory.org/gallery/screencaps/outlaw-star/episode-26/,https://animehistory.org/gallery/screencaps/outlaw-star/episode-26/?page=2,2,2026-10-07T01:50:45.650071+00:00,1dc480381f4474075d3a1b73842f8b07320277f67dd2c4610387dbb0609f3f5b,,UNVERIFIED
EP-26,Return to Space,00:08:05,485,855725,https://animehistory.org/uploads/screencaps/outlaw-star-E026-Return-to-Space/cap_00-08-05_0173.jpg,Outlaw Star Ep 26: Return to Space @ 00:08:05,https://animehistory.org/gallery/screencaps/outlaw-star/episode-26/,https://animehistory.org/gallery/screencaps/outlaw-star/episode-26/?page=2,2,2026-10-07T01:50:45.650071+00:00,1dc480381f4474075d3a1b73842f8b07320277f67dd2c4610387dbb0609f3f5b,,UNVERIFIED
EP-26,Return to Space,00:08:09,489,855726,https://animehistory.org/uploads/screencaps/outlaw-star-E026-Return-to-Space/cap_00-08-09_0462.jpg,Outlaw Star Ep 26: Return to Space @ 00:08:09,https://animehistory.org/gallery/screencaps/outlaw-star/episode-26/,https://animehistory.org/gallery/screencaps/outlaw-star/episode-26/?page=2,2,2026-10-07T01:50:45.650071+00:00,1dc480381f4474075d3a1b73842f8b07320277f67dd2c4610387dbb0609f3f5b,,UNVERIFIED
EP-26,Return to Space,00:08:13,493,855727,https://animehistory.org/uploads/screencaps/outlaw-star-E026-Return-to-Space/cap_00-08-13_4c07.jpg,Outlaw Star Ep 26: Return to Space @ 00:08:13,https://animehistory.org/gallery/screencaps/outlaw-star/episode-26/,https://animehistory.org/gallery/screencaps/outlaw-star/episode-26/?page=2,2,2026-10-07T01:50:45.650071+00:00,1dc480381f4474075d3a1b73842f8b07320277f67dd2c4610387dbb0609f3f5b,,UNVERIFIED
EP-26,Return to Space,00:08:17,497,855728,https://animehistory.org/uploads/screencaps/outlaw-star-E026-Return-to-Space/cap_00-08-17_63d3.jpg,Outlaw Star Ep 26: Return to Space @ 00:08:17,https://animehistory.org/gallery/screencaps/outlaw-star/episode-26/,https://animehistory.org/gallery/screencaps/outlaw-star/episode-26/?page=2,2,2026-10-07T01:50:45.650071+00:00,1dc480381f4474075d3a1b73842f8b07320277f67dd2c4610387dbb0609f3f5b,,UNVERIFIED
EP-26,Return to Space,00:08:20,500,855729,https://animehistory.org/uploads/screencaps/outlaw-star-E026-Return-to-Space/cap_00-08-20_28c3.jpg,Outlaw Star Ep 26: Return to Space @ 00:08:20,https://animehistory.org/gallery/screencaps/outlaw-star/episode-26/,https://animehistory.org/gallery/screencaps/outlaw-star/episode-26/?page=2,2,2026-10-07T01:50:45.650071+00:00,1dc480381f4474075d3a1b73842f8b07320277f67dd2c4610387dbb0609f3f5b,,UNVERIFIED
EP-26,Return to Space,00:08:24,504,855730,https://animehistory.org/uploads/screencaps/outlaw-star-E026-Return-to-Space/cap_00-08-24_4af9.jpg,Outlaw Star Ep 26: Return to Space @ 00:08:24,https://animehistory.org/gallery/screencaps/outlaw-star/episode-26/,https://animehistory.org/gallery/screencaps/outlaw-star/episode-26/?page=2,2,2026-10-07T01:50:45.650071+00:00,1dc480381f4474075d3a1b73842f8b07320277f67dd2c4610387dbb0609f3f5b,,UNVERIFIED
EP-26,Return to Space,00:08:28,508,855731,https://animehistory.org/uploads/screencaps/outlaw-star-E026-Return-to-Space/cap_00-08-28_3889.jpg,Outlaw Star Ep 26: Return to Space @ 00:08:28,https://animehistory.org/gallery/screencaps/outlaw-star/episode-26/,https://animehistory.org/gallery/screencaps/outlaw-star/episode-26/?page=2,2,2026-10-07T01:50:45.650071+00:00,1dc480381f4474075d3a1b73842f8b07320277f67dd2c4610387dbb0609f3f5b,,UNVERIFIED
EP-26,Return to Space,00:08:32,512,855732,https://animehistory.org/uploads/screencaps/outlaw-star-E026-Return-to-Space/cap_00-08-32_6f12.jpg,Outlaw Star Ep 26: Return to Space @ 00:08:32,https://animehistory.org/gallery/screencaps/outlaw-star/episode-26/,https://animehistory.org/gallery/screencaps/outlaw-star/episode-26/?page=2,2,2026-10-07T01:50:45.650071+00:00,1dc480381f4474075d3a1b73842f8b07320277f67dd2c4610387dbb0609f3f5b,,UNVERIFIED
EP-26,Return to Space,00:08:35,515,855733,https://animehistory.org/uploads/screencaps/outlaw-star-E026-Return-to-Space/cap_00-08-35_60e2.jpg,Outlaw Star Ep 26: Return to Space @ 00:08:35,https://animehistory.org/gallery/screencaps/outlaw-star/episode-26/,https://animehistory.org/gallery/screencaps/outlaw-star/episode-26/?page=2,2,2026-10-07T01:50:45.650071+00:00,1dc480381f4474075d3a1b73842f8b07320277f67dd2c4610387dbb0609f3f5b,,UNVERIFIED
EP-26,Return to Space,00:08:39,519,855734,https://animehistory.org/uploads/screencaps/outlaw-star-E026-Return-to-Space/cap_00-08-39_61e1.jpg,Outlaw Star Ep 26: Return to Space @ 00:08:39,https://animehistory.org/gallery/screencaps/outlaw-star/episode-26/,https://animehistory.org/gallery/screencaps/outlaw-star/episode-26/?page=2,2,2026-10-07T01:50:45.650071+00:00,1dc480381f4474075d3a1b73842f8b07320277f67dd2c4610387dbb0609f3f5b,,UNVERIFIED
EP-26,Return to Space,00:08:43,523,855735,https://animehistory.org/uploads/screencaps/outlaw-star-E026-Return-to-Space/cap_00-08-43_4e3d.jpg,Outlaw Star Ep 26: Return to Space @ 00:08:43,https://animehistory.org/gallery/screencaps/outlaw-star/episode-26/,https://animehistory.org/gallery/screencaps/outlaw-star/episode-26/?page=2,2,2026-10-07T01:50:45.650071+00:00,1dc480381f4474075d3a1b73842f8b07320277f67dd2c4610387dbb0609f3f5b,,UNVERIFIED
EP-26,Return to Space,00:08:47,527,855736,https://animehistory.org/uploads/screencaps/outlaw-star-E026-Return-to-Space/cap_00-08-47_02ed.jpg,Outlaw Star Ep 26: Return to Space @ 00:08:47,https://animehistory.org/gallery/screencaps/outlaw-star/episode-26/,https://animehistory.org/gallery/screencaps/outlaw-star/episode-26/?page=2,2,2026-10-07T01:50:45.650071+00:00,1dc480381f4474075d3a1b73842f8b07320277f67dd2c4610387dbb0609f3f5b,,UNVERIFIED
EP-26,Return to Space,00:08:50,530,855737,https://animehistory.org/uploads/screencaps/outlaw-star-E026-Return-to-Space/cap_00-08-50_5e61.jpg,Outlaw Star Ep 26: Return to Space @ 00:08:50,https://animehistory.org/gallery/screencaps/outlaw-star/episode-26/,https://animehistory.org/gallery/screencaps/outlaw-star/episode-26/?page=2,2,2026-10-07T01:50:45.650071+00:00,1dc480381f4474075d3a1b73842f8b07320277f67dd2c4610387dbb0609f3f5b,,UNVERIFIED
EP-26,Return to Space,00:08:54,534,855738,https://animehistory.org/uploads/screencaps/outlaw-star-E026-Return-to-Space/cap_00-08-54_2ff6.jpg,Outlaw Star Ep 26: Return to Space @ 00:08:54,https://animehistory.org/gallery/screencaps/outlaw-star/episode-26/,https://animehistory.org/gallery/screencaps/outlaw-star/episode-26/?page=2,2,2026-10-07T01:50:45.650071+00:00,1dc480381f4474075d3a1b73842f8b07320277f67dd2c4610387dbb0609f3f5b,,UNVERIFIED
EP-26,Return to Space,00:08:58,538,855739,https://animehistory.org/uploads/screencaps/outlaw-star-E026-Return-to-Space/cap_00-08-58_5160.jpg,Outlaw Star Ep 26: Return to Space @ 00:08:58,https://animehistory.org/gallery/screencaps/outlaw-star/episode-26/,https://animehistory.org/gallery/screencaps/outlaw-star/episode-26/?page=2,2,2026-10-07T01:50:45.650071+00:00,1dc480381f4474075d3a1b73842f8b07320277f67dd2c4610387dbb0609f3f5b,,UNVERIFIED
EP-26,Return to Space,00:09:02,542,855740,https://animehistory.org/uploads/screencaps/outlaw-star-E026-Return-to-Space/cap_00-09-02_0429.jpg,Outlaw Star Ep 26: Return to Space @ 00:09:02,https://animehistory.org/gallery/screencaps/outlaw-star/episode-26/,https://animehistory.org/gallery/screencaps/outlaw-star/episode-26/?page=2,2,2026-10-07T01:50:45.650071+00:00,1dc480381f4474075d3a1b73842f8b07320277f67dd2c4610387dbb0609f3f5b,,UNVERIFIED
EP-26,Return to Space,00:09:05,545,855741,https://animehistory.org/uploads/screencaps/outlaw-star-E026-Return-to-Space/cap_00-09-05_5633.jpg,Outlaw Star Ep 26: Return to Space @ 00:09:05,https://animehistory.org/gallery/screencaps/outlaw-star/episode-26/,https://animehistory.org/gallery/screencaps/outlaw-star/episode-26/?page=2,2,2026-10-07T01:50:45.650071+00:00,1dc480381f4474075d3a1b73842f8b07320277f67dd2c4610387dbb0609f3f5b,,UNVERIFIED
EP-26,Return to Space,00:09:09,549,855742,https://animehistory.org/uploads/screencaps/outlaw-star-E026-Return-to-Space/cap_00-09-09_028d.jpg,Outlaw Star Ep 26: Return to Space @ 00:09:09,https://animehistory.org/gallery/screencaps/outlaw-star/episode-26/,https://animehistory.org/gallery/screencaps/outlaw-star/episode-26/?page=2,2,2026-10-07T01:50:45.650071+00:00,1dc480381f4474075d3a1b73842f8b07320277f67dd2c4610387dbb0609f3f5b,,UNVERIFIED
EP-26,Return to Space,00:09:13,553,855743,https://animehistory.org/uploads/screencaps/outlaw-star-E026-Return-to-Space/cap_00-09-13_4caa.jpg,Outlaw Star Ep 26: Return to Space @ 00:09:13,https://animehistory.org/gallery/screencaps/outlaw-star/episode-26/,https://animehistory.org/gallery/screencaps/outlaw-star/episode-26/?page=2,2,2026-10-07T01:50:45.650071+00:00,1dc480381f4474075d3a1b73842f8b07320277f67dd2c4610387dbb0609f3f5b,,UNVERIFIED
EP-26,Return to Space,00:09:17,557,855744,https://animehistory.org/uploads/screencaps/outlaw-star-E026-Return-to-Space/cap_00-09-17_4f4f.jpg,Outlaw Star Ep 26: Return to Space @ 00:09:17,https://animehistory.org/gallery/screencaps/outlaw-star/episode-26/,https://animehistory.org/gallery/screencaps/outlaw-star/episode-26/?page=2,2,2026-10-07T01:50:45.650071+00:00,1dc480381f4474075d3a1b73842f8b07320277f67dd2c4610387dbb0609f3f5b,,UNVERIFIED
EP-26,Return to Space,00:09:20,560,855745,https://animehistory.org/uploads/screencaps/outlaw-star-E026-Return-to-Space/cap_00-09-20_1b7b.jpg,Outlaw Star Ep 26: Return to Space @ 00:09:20,https://animehistory.org/gallery/screencaps/outlaw-star/episode-26/,https://animehistory.org/gallery/screencaps/outlaw-star/episode-26/?page=2,2,2026-10-07T01:50:45.650071+00:00,1dc480381f4474075d3a1b73842f8b07320277f67dd2c4610387dbb0609f3f5b,,UNVERIFIED
EP-26,Return to Space,00:09:24,564,855746,https://animehistory.org/uploads/screencaps/outlaw-star-E026-Return-to-Space/cap_00-09-24_22f9.jpg,Outlaw Star Ep 26: Return to Space @ 00:09:24,https://animehistory.org/gallery/screencaps/outlaw-star/episode-26/,https://animehistory.org/gallery/screencaps/outlaw-star/episode-26/?page=2,2,2026-10-07T01:50:45.650071+00:00,1dc480381f4474075d3a1b73842f8b07320277f67dd2c4610387dbb0609f3f5b,,UNVERIFIED
EP-26,Return to Space,00:09:28,568,855747,https://animehistory.org/uploads/screencaps/outlaw-star-E026-Return-to-Space/cap_00-09-28_1f80.jpg,Outlaw Star Ep 26: Return to Space @ 00:09:28,https://animehistory.org/gallery/screencaps/outlaw-star/episode-26/,https://animehistory.org/gallery/screencaps/outlaw-star/episode-26/?page=2,2,2026-10-07T01:50:45.650071+00:00,1dc480381f4474075d3a1b73842f8b07320277f67dd2c4610387dbb0609f3f5b,,UNVERIFIED
EP-26,Return to Space,00:09:32,572,855748,https://animehistory.org/uploads/screencaps/outlaw-star-E026-Return-to-Space/cap_00-09-32_6ac4.jpg,Outlaw Star Ep 26: Return to Space @ 00:09:32,https://animehistory.org/gallery/screencaps/outlaw-star/episode-26/,https://animehistory.org/gallery/screencaps/outlaw-star/episode-26/?page=2,2,2026-10-07T01:50:45.650071+00:00,1dc480381f4474075d3a1b73842f8b07320277f67dd2c4610387dbb0609f3f5b,,UNVERIFIED
EP-26,Return to Space,00:09:35,575,855749,https://animehistory.org/uploads/screencaps/outlaw-star-E026-Return-to-Space/cap_00-09-35_4880.jpg,Outlaw Star Ep 26: Return to Space @ 00:09:35,https://animehistory.org/gallery/screencaps/outlaw-star/episode-26/,https://animehistory.org/gallery/screencaps/outlaw-star/episode-26/?page=2,2,2026-10-07T01:50:45.650071+00:00,1dc480381f4474075d3a1b73842f8b07320277f67dd2c4610387dbb0609f3f5b,,UNVERIFIED
EP-26,Return to Space,00:09:39,579,855750,https://animehistory.org/uploads/screencaps/outlaw-star-E026-Return-to-Space/cap_00-09-39_6601.jpg,Outlaw Star Ep 26: Return to Space @ 00:09:39,https://animehistory.org/gallery/screencaps/outlaw-star/episode-26/,https://animehistory.org/gallery/screencaps/outlaw-star/episode-26/?page=2,2,2026-10-07T01:50:45.650071+00:00,1dc480381f4474075d3a1b73842f8b07320277f67dd2c4610387dbb0609f3f5b,,UNVERIFIED
EP-26,Return to Space,00:09:43,583,855751,https://animehistory.org/uploads/screencaps/outlaw-star-E026-Return-to-Space/cap_00-09-43_702c.jpg,Outlaw Star Ep 26: Return to Space @ 00:09:43,https://animehistory.org/gallery/screencaps/outlaw-star/episode-26/,https://animehistory.org/gallery/screencaps/outlaw-star/episode-26/?page=2,2,2026-10-07T01:50:45.650071+00:00,1dc480381f4474075d3a1b73842f8b07320277f67dd2c4610387dbb0609f3f5b,,UNVERIFIED
EP-26,Return to Space,00:09:47,587,855752,https://animehistory.org/uploads/screencaps/outlaw-star-E026-Return-to-Space/cap_00-09-47_5a33.jpg,Outlaw Star Ep 26: Return to Space @ 00:09:47,https://animehistory.org/gallery/screencaps/outlaw-star/episode-26/,https://animehistory.org/gallery/screencaps/outlaw-star/episode-26/?page=2,2,2026-10-07T01:50:45.650071+00:00,1dc480381f4474075d3a1b73842f8b07320277f67dd2c4610387dbb0609f3f5b,,UNVERIFIED
EP-26,Return to Space,00:09:50,590,855753,https://animehistory.org/uploads/screencaps/outlaw-star-E026-Return-to-Space/cap_00-09-50_0008.jpg,Outlaw Star Ep 26: Return to Space @ 00:09:50,https://animehistory.org/gallery/screencaps/outlaw-star/episode-26/,https://animehistory.org/gallery/screencaps/outlaw-star/episode-26/?page=2,2,2026-10-07T01:50:45.650071+00:00,1dc480381f4474075d3a1b73842f8b07320277f67dd2c4610387dbb0609f3f5b,,UNVERIFIED
EP-26,Return to Space,00:09:54,594,855754,https://animehistory.org/uploads/screencaps/outlaw-star-E026-Return-to-Space/cap_00-09-54_6127.jpg,Outlaw Star Ep 26: Return to Space @ 00:09:54,https://animehistory.org/gallery/screencaps/outlaw-star/episode-26/,https://animehistory.org/gallery/screencaps/outlaw-star/episode-26/?page=2,2,2026-10-07T01:50:45.650071+00:00,1dc480381f4474075d3a1b73842f8b07320277f67dd2c4610387dbb0609f3f5b,,UNVERIFIED
EP-26,Return to Space,00:09:58,598,855755,https://animehistory.org/uploads/screencaps/outlaw-star-E026-Return-to-Space/cap_00-09-58_20ea.jpg,Outlaw Star Ep 26: Return to Space @ 00:09:58,https://animehistory.org/gallery/screencaps/outlaw-star/episode-26/,https://animehistory.org/gallery/screencaps/outlaw-star/episode-26/?page=2,2,2026-10-07T01:50:45.650071+00:00,1dc480381f4474075d3a1b73842f8b07320277f67dd2c4610387dbb0609f3f5b,,UNVERIFIED
EP-26,Return to Space,00:10:02,602,855756,https://animehistory.org/uploads/screencaps/outlaw-star-E026-Return-to-Space/cap_00-10-02_73ba.jpg,Outlaw Star Ep 26: Return to Space @ 00:10:02,https://animehistory.org/gallery/screencaps/outlaw-star/episode-26/,https://animehistory.org/gallery/screencaps/outlaw-star/episode-26/?page=2,2,2026-10-07T01:50:45.650071+00:00,1dc480381f4474075d3a1b73842f8b07320277f67dd2c4610387dbb0609f3f5b,,UNVERIFIED
EP-26,Return to Space,00:10:05,605,855757,https://animehistory.org/uploads/screencaps/outlaw-star-E026-Return-to-Space/cap_00-10-05_532a.jpg,Outlaw Star Ep 26: Return to Space @ 00:10:05,https://animehistory.org/gallery/screencaps/outlaw-star/episode-26/,https://animehistory.org/gallery/screencaps/outlaw-star/episode-26/?page=2,2,2026-10-07T01:50:45.650071+00:00,1dc480381f4474075d3a1b73842f8b07320277f67dd2c4610387dbb0609f3f5b,,UNVERIFIED
EP-26,Return to Space,00:10:09,609,855758,https://animehistory.org/uploads/screencaps/outlaw-star-E026-Return-to-Space/cap_00-10-09_4f6f.jpg,Outlaw Star Ep 26: Return to Space @ 00:10:09,https://animehistory.org/gallery/screencaps/outlaw-star/episode-26/,https://animehistory.org/gallery/screencaps/outlaw-star/episode-26/?page=2,2,2026-10-07T01:50:45.650071+00:00,1dc480381f4474075d3a1b73842f8b07320277f67dd2c4610387dbb0609f3f5b,,UNVERIFIED
EP-26,Return to Space,00:10:13,613,855759,https://animehistory.org/uploads/screencaps/outlaw-star-E026-Return-to-Space/cap_00-10-13_562f.jpg,Outlaw Star Ep 26: Return to Space @ 00:10:13,https://animehistory.org/gallery/screencaps/outlaw-star/episode-26/,https://animehistory.org/gallery/screencaps/outlaw-star/episode-26/?page=2,2,2026-10-07T01:50:45.650071+00:00,1dc480381f4474075d3a1b73842f8b07320277f67dd2c4610387dbb0609f3f5b,,UNVERIFIED
EP-26,Return to Space,00:10:17,617,855760,https://animehistory.org/uploads/screencaps/outlaw-star-E026-Return-to-Space/cap_00-10-17_70de.jpg,Outlaw Star Ep 26: Return to Space @ 00:10:17,https://animehistory.org/gallery/screencaps/outlaw-star/episode-26/,https://animehistory.org/gallery/screencaps/outlaw-star/episode-26/?page=2,2,2026-10-07T01:50:45.650071+00:00,1dc480381f4474075d3a1b73842f8b07320277f67dd2c4610387dbb0609f3f5b,,UNVERIFIED
EP-26,Return to Space,00:10:20,620,855761,https://animehistory.org/uploads/screencaps/outlaw-star-E026-Return-to-Space/cap_00-10-20_61af.jpg,Outlaw Star Ep 26: Return to Space @ 00:10:20,https://animehistory.org/gallery/screencaps/outlaw-star/episode-26/,https://animehistory.org/gallery/screencaps/outlaw-star/episode-26/?page=2,2,2026-10-07T01:50:45.650071+00:00,1dc480381f4474075d3a1b73842f8b07320277f67dd2c4610387dbb0609f3f5b,,UNVERIFIED
EP-26,Return to Space,00:10:24,624,855762,https://animehistory.org/uploads/screencaps/outlaw-star-E026-Return-to-Space/cap_00-10-24_0fe1.jpg,Outlaw Star Ep 26: Return to Space @ 00:10:24,https://animehistory.org/gallery/screencaps/outlaw-star/episode-26/,https://animehistory.org/gallery/screencaps/outlaw-star/episode-26/?page=2,2,2026-10-07T01:50:45.650071+00:00,1dc480381f4474075d3a1b73842f8b07320277f67dd2c4610387dbb0609f3f5b,,UNVERIFIED
EP-26,Return to Space,00:10:28,628,855763,https://animehistory.org/uploads/screencaps/outlaw-star-E026-Return-to-Space/cap_00-10-28_78fe.jpg,Outlaw Star Ep 26: Return to Space @ 00:10:28,https://animehistory.org/gallery/screencaps/outlaw-star/episode-26/,https://animehistory.org/gallery/screencaps/outlaw-star/episode-26/?page=2,2,2026-10-07T01:50:45.650071+00:00,1dc480381f4474075d3a1b73842f8b07320277f67dd2c4610387dbb0609f3f5b,,UNVERIFIED
EP-26,Return to Space,00:10:32,632,855764,https://animehistory.org/uploads/screencaps/outlaw-star-E026-Return-to-Space/cap_00-10-32_2b9b.jpg,Outlaw Star Ep 26: Return to Space @ 00:10:32,https://animehistory.org/gallery/screencaps/outlaw-star/episode-26/,https://animehistory.org/gallery/screencaps/outlaw-star/episode-26/?page=2,2,2026-10-07T01:50:45.650071+00:00,1dc480381f4474075d3a1b73842f8b07320277f67dd2c4610387dbb0609f3f5b,,UNVERIFIED
EP-26,Return to Space,00:10:35,635,855765,https://animehistory.org/uploads/screencaps/outlaw-star-E026-Return-to-Space/cap_00-10-35_09de.jpg,Outlaw Star Ep 26: Return to Space @ 00:10:35,https://animehistory.org/gallery/screencaps/outlaw-star/episode-26/,https://animehistory.org/gallery/screencaps/outlaw-star/episode-26/?page=2,2,2026-10-07T01:50:45.650071+00:00,1dc480381f4474075d3a1b73842f8b07320277f67dd2c4610387dbb0609f3f5b,,UNVERIFIED
EP-26,Return to Space,00:10:39,639,855766,https://animehistory.org/uploads/screencaps/outlaw-star-E026-Return-to-Space/cap_00-10-39_1317.jpg,Outlaw Star Ep 26: Return to Space @ 00:10:39,https://animehistory.org/gallery/screencaps/outlaw-star/episode-26/,https://animehistory.org/gallery/screencaps/outlaw-star/episode-26/?page=2,2,2026-10-07T01:50:45.650071+00:00,1dc480381f4474075d3a1b73842f8b07320277f67dd2c4610387dbb0609f3f5b,,UNVERIFIED
EP-26,Return to Space,00:10:43,643,855767,https://animehistory.org/uploads/screencaps/outlaw-star-E026-Return-to-Space/cap_00-10-43_0bc4.jpg,Outlaw Star Ep 26: Return to Space @ 00:10:43,https://animehistory.org/gallery/screencaps/outlaw-star/episode-26/,https://animehistory.org/gallery/screencaps/outlaw-star/episode-26/?page=2,2,2026-10-07T01:50:45.650071+00:00,1dc480381f4474075d3a1b73842f8b07320277f67dd2c4610387dbb0609f3f5b,,UNVERIFIED
EP-26,Return to Space,00:10:46,646,855768,https://animehistory.org/uploads/screencaps/outlaw-star-E026-Return-to-Space/cap_00-10-46_2961.jpg,Outlaw Star Ep 26: Return to Space @ 00:10:46,https://animehistory.org/gallery/screencaps/outlaw-star/episode-26/,https://animehistory.org/gallery/screencaps/outlaw-star/episode-26/?page=2,2,2026-10-07T01:50:45.650071+00:00,1dc480381f4474075d3a1b73842f8b07320277f67dd2c4610387dbb0609f3f5b,,UNVERIFIED
EP-26,Return to Space,00:10:50,650,855769,https://animehistory.org/uploads/screencaps/outlaw-star-E026-Return-to-Space/cap_00-10-50_5378.jpg,Outlaw Star Ep 26: Return to Space @ 00:10:50,https://animehistory.org/gallery/screencaps/outlaw-star/episode-26/,https://animehistory.org/gallery/screencaps/outlaw-star/episode-26/?page=2,2,2026-10-07T01:50:45.650071+00:00,1dc480381f4474075d3a1b73842f8b07320277f67dd2c4610387dbb0609f3f5b,,UNVERIFIED
EP-26,Return to Space,00:10:54,654,855770,https://animehistory.org/uploads/screencaps/outlaw-star-E026-Return-to-Space/cap_00-10-54_1933.jpg,Outlaw Star Ep 26: Return to Space @ 00:10:54,https://animehistory.org/gallery/screencaps/outlaw-star/episode-26/,https://animehistory.org/gallery/screencaps/outlaw-star/episode-26/?page=2,2,2026-10-07T01:50:45.650071+00:00,1dc480381f4474075d3a1b73842f8b07320277f67dd2c4610387dbb0609f3f5b,,UNVERIFIED
EP-26,Return to Space,00:10:58,658,855771,https://animehistory.org/uploads/screencaps/outlaw-star-E026-Return-to-Space/cap_00-10-58_1b78.jpg,Outlaw Star Ep 26: Return to Space @ 00:10:58,https://animehistory.org/gallery/screencaps/outlaw-star/episode-26/,https://animehistory.org/gallery/screencaps/outlaw-star/episode-26/?page=2,2,2026-10-07T01:50:45.650071+00:00,1dc480381f4474075d3a1b73842f8b07320277f67dd2c4610387dbb0609f3f5b,,UNVERIFIED
EP-26,Return to Space,00:11:01,661,855772,https://animehistory.org/uploads/screencaps/outlaw-star-E026-Return-to-Space/cap_00-11-01_454b.jpg,Outlaw Star Ep 26: Return to Space @ 00:11:01,https://animehistory.org/gallery/screencaps/outlaw-star/episode-26/,https://animehistory.org/gallery/screencaps/outlaw-star/episode-26/?page=2,2,2026-10-07T01:50:45.650071+00:00,1dc480381f4474075d3a1b73842f8b07320277f67dd2c4610387dbb0609f3f5b,,UNVERIFIED
EP-26,Return to Space,00:11:05,665,855773,https://animehistory.org/uploads/screencaps/outlaw-star-E026-Return-to-Space/cap_00-11-05_5e39.jpg,Outlaw Star Ep 26: Return to Space @ 00:11:05,https://animehistory.org/gallery/screencaps/outlaw-star/episode-26/,https://animehistory.org/gallery/screencaps/outlaw-star/episode-26/?page=2,2,2026-10-07T01:50:45.650071+00:00,1dc480381f4474075d3a1b73842f8b07320277f67dd2c4610387dbb0609f3f5b,,UNVERIFIED
EP-26,Return to Space,00:11:09,669,855774,https://animehistory.org/uploads/screencaps/outlaw-star-E026-Return-to-Space/cap_00-11-09_5b15.jpg,Outlaw Star Ep 26: Return to Space @ 00:11:09,https://animehistory.org/gallery/screencaps/outlaw-star/episode-26/,https://animehistory.org/gallery/screencaps/outlaw-star/episode-26/?page=2,2,2026-10-07T01:50:45.650071+00:00,1dc480381f4474075d3a1b73842f8b07320277f67dd2c4610387dbb0609f3f5b,,UNVERIFIED
EP-26,Return to Space,00:11:13,673,855775,https://animehistory.org/uploads/screencaps/outlaw-star-E026-Return-to-Space/cap_00-11-13_4103.jpg,Outlaw Star Ep 26: Return to Space @ 00:11:13,https://animehistory.org/gallery/screencaps/outlaw-star/episode-26/,https://animehistory.org/gallery/screencaps/outlaw-star/episode-26/?page=2,2,2026-10-07T01:50:45.650071+00:00,1dc480381f4474075d3a1b73842f8b07320277f67dd2c4610387dbb0609f3f5b,,UNVERIFIED
EP-26,Return to Space,00:11:16,676,855776,https://animehistory.org/uploads/screencaps/outlaw-star-E026-Return-to-Space/cap_00-11-16_3670.jpg,Outlaw Star Ep 26: Return to Space @ 00:11:16,https://animehistory.org/gallery/screencaps/outlaw-star/episode-26/,https://animehistory.org/gallery/screencaps/outlaw-star/episode-26/?page=2,2,2026-10-07T01:50:45.650071+00:00,1dc480381f4474075d3a1b73842f8b07320277f67dd2c4610387dbb0609f3f5b,,UNVERIFIED
EP-26,Return to Space,00:11:20,680,855777,https://animehistory.org/uploads/screencaps/outlaw-star-E026-Return-to-Space/cap_00-11-20_33bc.jpg,Outlaw Star Ep 26: Return to Space @ 00:11:20,https://animehistory.org/gallery/screencaps/outlaw-star/episode-26/,https://animehistory.org/gallery/screencaps/outlaw-star/episode-26/?page=2,2,2026-10-07T01:50:45.650071+00:00,1dc480381f4474075d3a1b73842f8b07320277f67dd2c4610387dbb0609f3f5b,,UNVERIFIED
EP-26,Return to Space,00:11:24,684,855778,https://animehistory.org/uploads/screencaps/outlaw-star-E026-Return-to-Space/cap_00-11-24_0fbb.jpg,Outlaw Star Ep 26: Return to Space @ 00:11:24,https://animehistory.org/gallery/screencaps/outlaw-star/episode-26/,https://animehistory.org/gallery/screencaps/outlaw-star/episode-26/?page=2,2,2026-10-07T01:50:45.650071+00:00,1dc480381f4474075d3a1b73842f8b07320277f67dd2c4610387dbb0609f3f5b,,UNVERIFIED
EP-26,Return to Space,00:11:28,688,855779,https://animehistory.org/uploads/screencaps/outlaw-star-E026-Return-to-Space/cap_00-11-28_4655.jpg,Outlaw Star Ep 26: Return to Space @ 00:11:28,https://animehistory.org/gallery/screencaps/outlaw-star/episode-26/,https://animehistory.org/gallery/screencaps/outlaw-star/episode-26/?page=2,2,2026-10-07T01:50:45.650071+00:00,1dc480381f4474075d3a1b73842f8b07320277f67dd2c4610387dbb0609f3f5b,,UNVERIFIED
EP-26,Return to Space,00:11:31,691,855780,https://animehistory.org/uploads/screencaps/outlaw-star-E026-Return-to-Space/cap_00-11-31_1ea3.jpg,Outlaw Star Ep 26: Return to Space @ 00:11:31,https://animehistory.org/gallery/screencaps/outlaw-star/episode-26/,https://animehistory.org/gallery/screencaps/outlaw-star/episode-26/?page=2,2,2026-10-07T01:50:45.650071+00:00,1dc480381f4474075d3a1b73842f8b07320277f67dd2c4610387dbb0609f3f5b,,UNVERIFIED
EP-26,Return to Space,00:11:35,695,855781,https://animehistory.org/uploads/screencaps/outlaw-star-E026-Return-to-Space/cap_00-11-35_193f.jpg,Outlaw Star Ep 26: Return to Space @ 00:11:35,https://animehistory.org/gallery/screencaps/outlaw-star/episode-26/,https://animehistory.org/gallery/screencaps/outlaw-star/episode-26/?page=2,2,2026-10-07T01:50:45.650071+00:00,1dc480381f4474075d3a1b73842f8b07320277f67dd2c4610387dbb0609f3f5b,,UNVERIFIED
EP-26,Return to Space,00:11:39,699,855782,https://animehistory.org/uploads/screencaps/outlaw-star-E026-Return-to-Space/cap_00-11-39_3011.jpg,Outlaw Star Ep 26: Return to Space @ 00:11:39,https://animehistory.org/gallery/screencaps/outlaw-star/episode-26/,https://animehistory.org/gallery/screencaps/outlaw-star/episode-26/?page=2,2,2026-10-07T01:50:45.650071+00:00,1dc480381f4474075d3a1b73842f8b07320277f67dd2c4610387dbb0609f3f5b,,UNVERIFIED
EP-26,Return to Space,00:11:43,703,855783,https://animehistory.org/uploads/screencaps/outlaw-star-E026-Return-to-Space/cap_00-11-43_6e55.jpg,Outlaw Star Ep 26: Return to Space @ 00:11:43,https://animehistory.org/gallery/screencaps/outlaw-star/episode-26/,https://animehistory.org/gallery/screencaps/outlaw-star/episode-26/?page=2,2,2026-10-07T01:50:45.650071+00:00,1dc480381f4474075d3a1b73842f8b07320277f67dd2c4610387dbb0609f3f5b,,UNVERIFIED
EP-26,Return to Space,00:11:46,706,855784,https://animehistory.org/uploads/screencaps/outlaw-star-E026-Return-to-Space/cap_00-11-46_0ffc.jpg,Outlaw Star Ep 26: Return to Space @ 00:11:46,https://animehistory.org/gallery/screencaps/outlaw-star/episode-26/,https://animehistory.org/gallery/screencaps/outlaw-star/episode-26/?page=2,2,2026-10-07T01:50:45.650071+00:00,1dc480381f4474075d3a1b73842f8b07320277f67dd2c4610387dbb0609f3f5b,,UNVERIFIED
EP-26,Return to Space,00:11:50,710,855785,https://animehistory.org/uploads/screencaps/outlaw-star-E026-Return-to-Space/cap_00-11-50_5960.jpg,Outlaw Star Ep 26: Return to Space @ 00:11:50,https://animehistory.org/gallery/screencaps/outlaw-star/episode-26/,https://animehistory.org/gallery/screencaps/outlaw-star/episode-26/?page=2,2,2026-10-07T01:50:45.650071+00:00,1dc480381f4474075d3a1b73842f8b07320277f67dd2c4610387dbb0609f3f5b,,UNVERIFIED
EP-26,Return to Space,00:11:54,714,855786,https://animehistory.org/uploads/screencaps/outlaw-star-E026-Return-to-Space/cap_00-11-54_30e7.jpg,Outlaw Star Ep 26: Return to Space @ 00:11:54,https://animehistory.org/gallery/screencaps/outlaw-star/episode-26/,https://animehistory.org/gallery/screencaps/outlaw-star/episode-26/?page=2,2,2026-10-07T01:50:45.650071+00:00,1dc480381f4474075d3a1b73842f8b07320277f67dd2c4610387dbb0609f3f5b,,UNVERIFIED
EP-26,Return to Space,00:11:58,718,855787,https://animehistory.org/uploads/screencaps/outlaw-star-E026-Return-to-Space/cap_00-11-58_4e74.jpg,Outlaw Star Ep 26: Return to Space @ 00:11:58,https://animehistory.org/gallery/screencaps/outlaw-star/episode-26/,https://animehistory.org/gallery/screencaps/outlaw-star/episode-26/?page=2,2,2026-10-07T01:50:45.650071+00:00,1dc480381f4474075d3a1b73842f8b07320277f67dd2c4610387dbb0609f3f5b,,UNVERIFIED
EP-26,Return to Space,00:12:01,721,855788,https://animehistory.org/uploads/screencaps/outlaw-star-E026-Return-to-Space/cap_00-12-01_0ca5.jpg,Outlaw Star Ep 26: Return to Space @ 00:12:01,https://animehistory.org/gallery/screencaps/outlaw-star/episode-26/,https://animehistory.org/gallery/screencaps/outlaw-star/episode-26/?page=2,2,2026-10-07T01:50:45.650071+00:00,1dc480381f4474075d3a1b73842f8b07320277f67dd2c4610387dbb0609f3f5b,,UNVERIFIED
EP-26,Return to Space,00:12:05,725,855789,https://animehistory.org/uploads/screencaps/outlaw-star-E026-Return-to-Space/cap_00-12-05_1517.jpg,Outlaw Star Ep 26: Return to Space @ 00:12:05,https://animehistory.org/gallery/screencaps/outlaw-star/episode-26/,https://animehistory.org/gallery/screencaps/outlaw-star/episode-26/?page=2,2,2026-10-07T01:50:45.650071+00:00,1dc480381f4474075d3a1b73842f8b07320277f67dd2c4610387dbb0609f3f5b,,UNVERIFIED
EP-26,Return to Space,00:12:09,729,855790,https://animehistory.org/uploads/screencaps/outlaw-star-E026-Return-to-Space/cap_00-12-09_79fa.jpg,Outlaw Star Ep 26: Return to Space @ 00:12:09,https://animehistory.org/gallery/screencaps/outlaw-star/episode-26/,https://animehistory.org/gallery/screencaps/outlaw-star/episode-26/?page=2,2,2026-10-07T01:50:45.650071+00:00,1dc480381f4474075d3a1b73842f8b07320277f67dd2c4610387dbb0609f3f5b,,UNVERIFIED
EP-26,Return to Space,00:12:13,733,855791,https://animehistory.org/uploads/screencaps/outlaw-star-E026-Return-to-Space/cap_00-12-13_3f23.jpg,Outlaw Star Ep 26: Return to Space @ 00:12:13,https://animehistory.org/gallery/screencaps/outlaw-star/episode-26/,https://animehistory.org/gallery/screencaps/outlaw-star/episode-26/?page=2,2,2026-10-07T01:50:45.650071+00:00,1dc480381f4474075d3a1b73842f8b07320277f67dd2c4610387dbb0609f3f5b,,UNVERIFIED
EP-26,Return to Space,00:12:16,736,855792,https://animehistory.org/uploads/screencaps/outlaw-star-E026-Return-to-Space/cap_00-12-16_45f2.jpg,Outlaw Star Ep 26: Return to Space @ 00:12:16,https://animehistory.org/gallery/screencaps/outlaw-star/episode-26/,https://animehistory.org/gallery/screencaps/outlaw-star/episode-26/?page=2,2,2026-10-07T01:50:45.650071+00:00,1dc480381f4474075d3a1b73842f8b07320277f67dd2c4610387dbb0609f3f5b,,UNVERIFIED
EP-26,Return to Space,00:12:20,740,855793,https://animehistory.org/uploads/screencaps/outlaw-star-E026-Return-to-Space/cap_00-12-20_19d8.jpg,Outlaw Star Ep 26: Return to Space @ 00:12:20,https://animehistory.org/gallery/screencaps/outlaw-star/episode-26/,https://animehistory.org/gallery/screencaps/outlaw-star/episode-26/?page=2,2,2026-10-07T01:50:45.650071+00:00,1dc480381f4474075d3a1b73842f8b07320277f67dd2c4610387dbb0609f3f5b,,UNVERIFIED
EP-26,Return to Space,00:12:24,744,855794,https://animehistory.org/uploads/screencaps/outlaw-star-E026-Return-to-Space/cap_00-12-24_6cc5.jpg,Outlaw Star Ep 26: Return to Space @ 00:12:24,https://animehistory.org/gallery/screencaps/outlaw-star/episode-26/,https://animehistory.org/gallery/screencaps/outlaw-star/episode-26/?page=2,2,2026-10-07T01:50:45.650071+00:00,1dc480381f4474075d3a1b73842f8b07320277f67dd2c4610387dbb0609f3f5b,,UNVERIFIED
EP-26,Return to Space,00:12:28,748,855795,https://animehistory.org/uploads/screencaps/outlaw-star-E026-Return-to-Space/cap_00-12-28_790d.jpg,Outlaw Star Ep 26: Return to Space @ 00:12:28,https://animehistory.org/gallery/screencaps/outlaw-star/episode-26/,https://animehistory.org/gallery/screencaps/outlaw-star/episode-26/?page=2,2,2026-10-07T01:50:45.650071+00:00,1dc480381f4474075d3a1b73842f8b07320277f67dd2c4610387dbb0609f3f5b,,UNVERIFIED
EP-26,Return to Space,00:12:31,751,855796,https://animehistory.org/uploads/screencaps/outlaw-star-E026-Return-to-Space/cap_00-12-31_40ff.jpg,Outlaw Star Ep 26: Return to Space @ 00:12:31,https://animehistory.org/gallery/screencaps/outlaw-star/episode-26/,https://animehistory.org/gallery/screencaps/outlaw-star/episode-26/?page=2,2,2026-10-07T01:50:45.650071+00:00,1dc480381f4474075d3a1b73842f8b07320277f67dd2c4610387dbb0609f3f5b,,UNVERIFIED
EP-26,Return to Space,00:12:35,755,855797,https://animehistory.org/uploads/screencaps/outlaw-star-E026-Return-to-Space/cap_00-12-35_45d7.jpg,Outlaw Star Ep 26: Return to Space @ 00:12:35,https://animehistory.org/gallery/screencaps/outlaw-star/episode-26/,https://animehistory.org/gallery/screencaps/outlaw-star/episode-26/?page=2,2,2026-10-07T01:50:45.650071+00:00,1dc480381f4474075d3a1b73842f8b07320277f67dd2c4610387dbb0609f3f5b,,UNVERIFIED
EP-26,Return to Space,00:12:39,759,855798,https://animehistory.org/uploads/screencaps/outlaw-star-E026-Return-to-Space/cap_00-12-39_4be6.jpg,Outlaw Star Ep 26: Return to Space @ 00:12:39,https://animehistory.org/gallery/screencaps/outlaw-star/episode-26/,https://animehistory.org/gallery/screencaps/outlaw-star/episode-26/?page=2,2,2026-10-07T01:50:45.650071+00:00,1dc480381f4474075d3a1b73842f8b07320277f67dd2c4610387dbb0609f3f5b,,UNVERIFIED
EP-26,Return to Space,00:12:43,763,855799,https://animehistory.org/uploads/screencaps/outlaw-star-E026-Return-to-Space/cap_00-12-43_704f.jpg,Outlaw Star Ep 26: Return to Space @ 00:12:43,https://animehistory.org/gallery/screencaps/outlaw-star/episode-26/,https://animehistory.org/gallery/screencaps/outlaw-star/episode-26/?page=2,2,2026-10-07T01:50:45.650071+00:00,1dc480381f4474075d3a1b73842f8b07320277f67dd2c4610387dbb0609f3f5b,,UNVERIFIED
EP-26,Return to Space,00:12:46,766,855800,https://animehistory.org/uploads/screencaps/outlaw-star-E026-Return-to-Space/cap_00-12-46_7b74.jpg,Outlaw Star Ep 26: Return to Space @ 00:12:46,https://animehistory.org/gallery/screencaps/outlaw-star/episode-26/,https://animehistory.org/gallery/screencaps/outlaw-star/episode-26/?page=2,2,2026-10-07T01:50:45.650071+00:00,1dc480381f4474075d3a1b73842f8b07320277f67dd2c4610387dbb0609f3f5b,,UNVERIFIED
EP-26,Return to Space,00:12:50,770,855801,https://animehistory.org/uploads/screencaps/outlaw-star-E026-Return-to-Space/cap_00-12-50_7caf.jpg,Outlaw Star Ep 26: Return to Space @ 00:12:50,https://animehistory.org/gallery/screencaps/outlaw-star/episode-26/,https://animehistory.org/gallery/screencaps/outlaw-star/episode-26/?page=2,2,2026-10-07T01:50:45.650071+00:00,1dc480381f4474075d3a1b73842f8b07320277f67dd2c4610387dbb0609f3f5b,,UNVERIFIED
EP-26,Return to Space,00:12:54,774,855802,https://animehistory.org/uploads/screencaps/outlaw-star-E026-Return-to-Space/cap_00-12-54_333a.jpg,Outlaw Star Ep 26: Return to Space @ 00:12:54,https://animehistory.org/gallery/screencaps/outlaw-star/episode-26/,https://animehistory.org/gallery/screencaps/outlaw-star/episode-26/?page=2,2,2026-10-07T01:50:45.650071+00:00,1dc480381f4474075d3a1b73842f8b07320277f67dd2c4610387dbb0609f3f5b,,UNVERIFIED
EP-26,Return to Space,00:12:58,778,855803,https://animehistory.org/uploads/screencaps/outlaw-star-E026-Return-to-Space/cap_00-12-58_2648.jpg,Outlaw Star Ep 26: Return to Space @ 00:12:58,https://animehistory.org/gallery/screencaps/outlaw-star/episode-26/,https://animehistory.org/gallery/screencaps/outlaw-star/episode-26/?page=2,2,2026-10-07T01:50:45.650071+00:00,1dc480381f4474075d3a1b73842f8b07320277f67dd2c4610387dbb0609f3f5b,,UNVERIFIED
EP-26,Return to Space,00:13:01,781,855804,https://animehistory.org/uploads/screencaps/outlaw-star-E026-Return-to-Space/cap_00-13-01_34fc.jpg,Outlaw Star Ep 26: Return to Space @ 00:13:01,https://animehistory.org/gallery/screencaps/outlaw-star/episode-26/,https://animehistory.org/gallery/screencaps/outlaw-star/episode-26/?page=2,2,2026-10-07T01:50:45.650071+00:00,1dc480381f4474075d3a1b73842f8b07320277f67dd2c4610387dbb0609f3f5b,,UNVERIFIED
EP-26,Return to Space,00:13:05,785,855805,https://animehistory.org/uploads/screencaps/outlaw-star-E026-Return-to-Space/cap_00-13-05_5258.jpg,Outlaw Star Ep 26: Return to Space @ 00:13:05,https://animehistory.org/gallery/screencaps/outlaw-star/episode-26/,https://animehistory.org/gallery/screencaps/outlaw-star/episode-26/?page=2,2,2026-10-07T01:50:45.650071+00:00,1dc480381f4474075d3a1b73842f8b07320277f67dd2c4610387dbb0609f3f5b,,UNVERIFIED
EP-26,Return to Space,00:13:09,789,855806,https://animehistory.org/uploads/screencaps/outlaw-star-E026-Return-to-Space/cap_00-13-09_3a2d.jpg,Outlaw Star Ep 26: Return to Space @ 00:13:09,https://animehistory.org/gallery/screencaps/outlaw-star/episode-26/,https://animehistory.org/gallery/screencaps/outlaw-star/episode-26/?page=2,2,2026-10-07T01:50:45.650071+00:00,1dc480381f4474075d3a1b73842f8b07320277f67dd2c4610387dbb0609f3f5b,,UNVERIFIED
EP-26,Return to Space,00:13:13,793,855807,https://animehistory.org/uploads/screencaps/outlaw-star-E026-Return-to-Space/cap_00-13-13_586c.jpg,Outlaw Star Ep 26: Return to Space @ 00:13:13,https://animehistory.org/gallery/screencaps/outlaw-star/episode-26/,https://animehistory.org/gallery/screencaps/outlaw-star/episode-26/?page=2,2,2026-10-07T01:50:45.650071+00:00,1dc480381f4474075d3a1b73842f8b07320277f67dd2c4610387dbb0609f3f5b,,UNVERIFIED
EP-26,Return to Space,00:13:16,796,855808,https://animehistory.org/uploads/screencaps/outlaw-star-E026-Return-to-Space/cap_00-13-16_04a1.jpg,Outlaw Star Ep 26: Return to Space @ 00:13:16,https://animehistory.org/gallery/screencaps/outlaw-star/episode-26/,https://animehistory.org/gallery/screencaps/outlaw-star/episode-26/?page=2,2,2026-10-07T01:50:45.650071+00:00,1dc480381f4474075d3a1b73842f8b07320277f67dd2c4610387dbb0609f3f5b,,UNVERIFIED
EP-26,Return to Space,00:13:20,800,855809,https://animehistory.org/uploads/screencaps/outlaw-star-E026-Return-to-Space/cap_00-13-20_0d14.jpg,Outlaw Star Ep 26: Return to Space @ 00:13:20,https://animehistory.org/gallery/screencaps/outlaw-star/episode-26/,https://animehistory.org/gallery/screencaps/outlaw-star/episode-26/?page=2,2,2026-10-07T01:50:45.650071+00:00,1dc480381f4474075d3a1b73842f8b07320277f67dd2c4610387dbb0609f3f5b,,UNVERIFIED
EP-26,Return to Space,00:13:24,804,855810,https://animehistory.org/uploads/screencaps/outlaw-star-E026-Return-to-Space/cap_00-13-24_757f.jpg,Outlaw Star Ep 26: Return to Space @ 00:13:24,https://animehistory.org/gallery/screencaps/outlaw-star/episode-26/,https://animehistory.org/gallery/screencaps/outlaw-star/episode-26/?page=2,2,2026-10-07T01:50:45.650071+00:00,1dc480381f4474075d3a1b73842f8b07320277f67dd2c4610387dbb0609f3f5b,,UNVERIFIED
EP-26,Return to Space,00:13:28,808,855811,https://animehistory.org/uploads/screencaps/outlaw-star-E026-Return-to-Space/cap_00-13-28_172a.jpg,Outlaw Star Ep 26: Return to Space @ 00:13:28,https://animehistory.org/gallery/screencaps/outlaw-star/episode-26/,https://animehistory.org/gallery/screencaps/outlaw-star/episode-26/?page=2,2,2026-10-07T01:50:45.650071+00:00,1dc480381f4474075d3a1b73842f8b07320277f67dd2c4610387dbb0609f3f5b,,UNVERIFIED
EP-26,Return to Space,00:13:31,811,855812,https://animehistory.org/uploads/screencaps/outlaw-star-E026-Return-to-Space/cap_00-13-31_75d7.jpg,Outlaw Star Ep 26: Return to Space @ 00:13:31,https://animehistory.org/gallery/screencaps/outlaw-star/episode-26/,https://animehistory.org/gallery/screencaps/outlaw-star/episode-26/?page=2,2,2026-10-07T01:50:45.650071+00:00,1dc480381f4474075d3a1b73842f8b07320277f67dd2c4610387dbb0609f3f5b,,UNVERIFIED
EP-26,Return to Space,00:13:35,815,855813,https://animehistory.org/uploads/screencaps/outlaw-star-E026-Return-to-Space/cap_00-13-35_2f8e.jpg,Outlaw Star Ep 26: Return to Space @ 00:13:35,https://animehistory.org/gallery/screencaps/outlaw-star/episode-26/,https://animehistory.org/gallery/screencaps/outlaw-star/episode-26/?page=2,2,2026-10-07T01:50:45.650071+00:00,1dc480381f4474075d3a1b73842f8b07320277f67dd2c4610387dbb0609f3f5b,,UNVERIFIED
EP-26,Return to Space,00:13:39,819,855814,https://animehistory.org/uploads/screencaps/outlaw-star-E026-Return-to-Space/cap_00-13-39_513d.jpg,Outlaw Star Ep 26: Return to Space @ 00:13:39,https://animehistory.org/gallery/screencaps/outlaw-star/episode-26/,https://animehistory.org/gallery/screencaps/outlaw-star/episode-26/?page=2,2,2026-10-07T01:50:45.650071+00:00,1dc480381f4474075d3a1b73842f8b07320277f67dd2c4610387dbb0609f3f5b,,UNVERIFIED
EP-26,Return to Space,00:13:43,823,855815,https://animehistory.org/uploads/screencaps/outlaw-star-E026-Return-to-Space/cap_00-13-43_1ddb.jpg,Outlaw Star Ep 26: Return to Space @ 00:13:43,https://animehistory.org/gallery/screencaps/outlaw-star/episode-26/,https://animehistory.org/gallery/screencaps/outlaw-star/episode-26/?page=2,2,2026-10-07T01:50:45.650071+00:00,1dc480381f4474075d3a1b73842f8b07320277f67dd2c4610387dbb0609f3f5b,,UNVERIFIED
EP-26,Return to Space,00:13:46,826,855816,https://animehistory.org/uploads/screencaps/outlaw-star-E026-Return-to-Space/cap_00-13-46_23a1.jpg,Outlaw Star Ep 26: Return to Space @ 00:13:46,https://animehistory.org/gallery/screencaps/outlaw-star/episode-26/,https://animehistory.org/gallery/screencaps/outlaw-star/episode-26/?page=2,2,2026-10-07T01:50:45.650071+00:00,1dc480381f4474075d3a1b73842f8b07320277f67dd2c4610387dbb0609f3f5b,,UNVERIFIED
EP-26,Return to Space,00:13:50,830,855817,https://animehistory.org/uploads/screencaps/outlaw-star-E026-Return-to-Space/cap_00-13-50_4fb0.jpg,Outlaw Star Ep 26: Return to Space @ 00:13:50,https://animehistory.org/gallery/screencaps/outlaw-star/episode-26/,https://animehistory.org/gallery/screencaps/outlaw-star/episode-26/?page=2,2,2026-10-07T01:50:45.650071+00:00,1dc480381f4474075d3a1b73842f8b07320277f67dd2c4610387dbb0609f3f5b,,UNVERIFIED
EP-26,Return to Space,00:13:54,834,855818,https://animehistory.org/uploads/screencaps/outlaw-star-E026-Return-to-Space/cap_00-13-54_0a0a.jpg,Outlaw Star Ep 26: Return to Space @ 00:13:54,https://animehistory.org/gallery/screencaps/outlaw-star/episode-26/,https://animehistory.org/gallery/screencaps/outlaw-star/episode-26/?page=2,2,2026-10-07T01:50:45.650071+00:00,1dc480381f4474075d3a1b73842f8b07320277f67dd2c4610387dbb0609f3f5b,,UNVERIFIED
EP-26,Return to Space,00:13:58,838,855819,https://animehistory.org/uploads/screencaps/outlaw-star-E026-Return-to-Space/cap_00-13-58_5113.jpg,Outlaw Star Ep 26: Return to Space @ 00:13:58,https://animehistory.org/gallery/screencaps/outlaw-star/episode-26/,https://animehistory.org/gallery/screencaps/outlaw-star/episode-26/?page=2,2,2026-10-07T01:50:45.650071+00:00,1dc480381f4474075d3a1b73842f8b07320277f67dd2c4610387dbb0609f3f5b,,UNVERIFIED
EP-26,Return to Space,00:14:01,841,855820,https://animehistory.org/uploads/screencaps/outlaw-star-E026-Return-to-Space/cap_00-14-01_5162.jpg,Outlaw Star Ep 26: Return to Space @ 00:14:01,https://animehistory.org/gallery/screencaps/outlaw-star/episode-26/,https://animehistory.org/gallery/screencaps/outlaw-star/episode-26/?page=2,2,2026-10-07T01:50:45.650071+00:00,1dc480381f4474075d3a1b73842f8b07320277f67dd2c4610387dbb0609f3f5b,,UNVERIFIED
EP-26,Return to Space,00:14:05,845,855821,https://animehistory.org/uploads/screencaps/outlaw-star-E026-Return-to-Space/cap_00-14-05_3c76.jpg,Outlaw Star Ep 26: Return to Space @ 00:14:05,https://animehistory.org/gallery/screencaps/outlaw-star/episode-26/,https://animehistory.org/gallery/screencaps/outlaw-star/episode-26/?page=2,2,2026-10-07T01:50:45.650071+00:00,1dc480381f4474075d3a1b73842f8b07320277f67dd2c4610387dbb0609f3f5b,,UNVERIFIED
EP-26,Return to Space,00:14:09,849,855822,https://animehistory.org/uploads/screencaps/outlaw-star-E026-Return-to-Space/cap_00-14-09_3d95.jpg,Outlaw Star Ep 26: Return to Space @ 00:14:09,https://animehistory.org/gallery/screencaps/outlaw-star/episode-26/,https://animehistory.org/gallery/screencaps/outlaw-star/episode-26/?page=2,2,2026-10-07T01:50:45.650071+00:00,1dc480381f4474075d3a1b73842f8b07320277f67dd2c4610387dbb0609f3f5b,,UNVERIFIED
EP-26,Return to Space,00:14:13,853,855823,https://animehistory.org/uploads/screencaps/outlaw-star-E026-Return-to-Space/cap_00-14-13_56bc.jpg,Outlaw Star Ep 26: Return to Space @ 00:14:13,https://animehistory.org/gallery/screencaps/outlaw-star/episode-26/,https://animehistory.org/gallery/screencaps/outlaw-star/episode-26/?page=3,3,2026-10-07T01:50:46.994429+00:00,19112d0534a8e9802039066129ac448807896e1efdb9e191a7f991c8b2015ea0,,UNVERIFIED
EP-26,Return to Space,00:14:16,856,855824,https://animehistory.org/uploads/screencaps/outlaw-star-E026-Return-to-Space/cap_00-14-16_442f.jpg,Outlaw Star Ep 26: Return to Space @ 00:14:16,https://animehistory.org/gallery/screencaps/outlaw-star/episode-26/,https://animehistory.org/gallery/screencaps/outlaw-star/episode-26/?page=3,3,2026-10-07T01:50:46.994429+00:00,19112d0534a8e9802039066129ac448807896e1efdb9e191a7f991c8b2015ea0,,UNVERIFIED
EP-26,Return to Space,00:14:20,860,855825,https://animehistory.org/uploads/screencaps/outlaw-star-E026-Return-to-Space/cap_00-14-20_29ae.jpg,Outlaw Star Ep 26: Return to Space @ 00:14:20,https://animehistory.org/gallery/screencaps/outlaw-star/episode-26/,https://animehistory.org/gallery/screencaps/outlaw-star/episode-26/?page=3,3,2026-10-07T01:50:46.994429+00:00,19112d0534a8e9802039066129ac448807896e1efdb9e191a7f991c8b2015ea0,,UNVERIFIED
EP-26,Return to Space,00:14:24,864,855826,https://animehistory.org/uploads/screencaps/outlaw-star-E026-Return-to-Space/cap_00-14-24_0e45.jpg,Outlaw Star Ep 26: Return to Space @ 00:14:24,https://animehistory.org/gallery/screencaps/outlaw-star/episode-26/,https://animehistory.org/gallery/screencaps/outlaw-star/episode-26/?page=3,3,2026-10-07T01:50:46.994429+00:00,19112d0534a8e9802039066129ac448807896e1efdb9e191a7f991c8b2015ea0,,UNVERIFIED
EP-26,Return to Space,00:14:28,868,855827,https://animehistory.org/uploads/screencaps/outlaw-star-E026-Return-to-Space/cap_00-14-28_7184.jpg,Outlaw Star Ep 26: Return to Space @ 00:14:28,https://animehistory.org/gallery/screencaps/outlaw-star/episode-26/,https://animehistory.org/gallery/screencaps/outlaw-star/episode-26/?page=3,3,2026-10-07T01:50:46.994429+00:00,19112d0534a8e9802039066129ac448807896e1efdb9e191a7f991c8b2015ea0,,UNVERIFIED
EP-26,Return to Space,00:14:31,871,855828,https://animehistory.org/uploads/screencaps/outlaw-star-E026-Return-to-Space/cap_00-14-31_0fb6.jpg,Outlaw Star Ep 26: Return to Space @ 00:14:31,https://animehistory.org/gallery/screencaps/outlaw-star/episode-26/,https://animehistory.org/gallery/screencaps/outlaw-star/episode-26/?page=3,3,2026-10-07T01:50:46.994429+00:00,19112d0534a8e9802039066129ac448807896e1efdb9e191a7f991c8b2015ea0,,UNVERIFIED
EP-26,Return to Space,00:14:35,875,855829,https://animehistory.org/uploads/screencaps/outlaw-star-E026-Return-to-Space/cap_00-14-35_6980.jpg,Outlaw Star Ep 26: Return to Space @ 00:14:35,https://animehistory.org/gallery/screencaps/outlaw-star/episode-26/,https://animehistory.org/gallery/screencaps/outlaw-star/episode-26/?page=3,3,2026-10-07T01:50:46.994429+00:00,19112d0534a8e9802039066129ac448807896e1efdb9e191a7f991c8b2015ea0,,UNVERIFIED
EP-26,Return to Space,00:14:39,879,855830,https://animehistory.org/uploads/screencaps/outlaw-star-E026-Return-to-Space/cap_00-14-39_5025.jpg,Outlaw Star Ep 26: Return to Space @ 00:14:39,https://animehistory.org/gallery/screencaps/outlaw-star/episode-26/,https://animehistory.org/gallery/screencaps/outlaw-star/episode-26/?page=3,3,2026-10-07T01:50:46.994429+00:00,19112d0534a8e9802039066129ac448807896e1efdb9e191a7f991c8b2015ea0,,UNVERIFIED
EP-26,Return to Space,00:14:43,883,855831,https://animehistory.org/uploads/screencaps/outlaw-star-E026-Return-to-Space/cap_00-14-43_05f2.jpg,Outlaw Star Ep 26: Return to Space @ 00:14:43,https://animehistory.org/gallery/screencaps/outlaw-star/episode-26/,https://animehistory.org/gallery/screencaps/outlaw-star/episode-26/?page=3,3,2026-10-07T01:50:46.994429+00:00,19112d0534a8e9802039066129ac448807896e1efdb9e191a7f991c8b2015ea0,,UNVERIFIED
EP-26,Return to Space,00:14:46,886,855832,https://animehistory.org/uploads/screencaps/outlaw-star-E026-Return-to-Space/cap_00-14-46_718c.jpg,Outlaw Star Ep 26: Return to Space @ 00:14:46,https://animehistory.org/gallery/screencaps/outlaw-star/episode-26/,https://animehistory.org/gallery/screencaps/outlaw-star/episode-26/?page=3,3,2026-10-07T01:50:46.994429+00:00,19112d0534a8e9802039066129ac448807896e1efdb9e191a7f991c8b2015ea0,,UNVERIFIED
EP-26,Return to Space,00:14:50,890,855833,https://animehistory.org/uploads/screencaps/outlaw-star-E026-Return-to-Space/cap_00-14-50_18f0.jpg,Outlaw Star Ep 26: Return to Space @ 00:14:50,https://animehistory.org/gallery/screencaps/outlaw-star/episode-26/,https://animehistory.org/gallery/screencaps/outlaw-star/episode-26/?page=3,3,2026-10-07T01:50:46.994429+00:00,19112d0534a8e9802039066129ac448807896e1efdb9e191a7f991c8b2015ea0,,UNVERIFIED
EP-26,Return to Space,00:14:54,894,855834,https://animehistory.org/uploads/screencaps/outlaw-star-E026-Return-to-Space/cap_00-14-54_1b4e.jpg,Outlaw Star Ep 26: Return to Space @ 00:14:54,https://animehistory.org/gallery/screencaps/outlaw-star/episode-26/,https://animehistory.org/gallery/screencaps/outlaw-star/episode-26/?page=3,3,2026-10-07T01:50:46.994429+00:00,19112d0534a8e9802039066129ac448807896e1efdb9e191a7f991c8b2015ea0,,UNVERIFIED
EP-26,Return to Space,00:14:58,898,855835,https://animehistory.org/uploads/screencaps/outlaw-star-E026-Return-to-Space/cap_00-14-58_13c3.jpg,Outlaw Star Ep 26: Return to Space @ 00:14:58,https://animehistory.org/gallery/screencaps/outlaw-star/episode-26/,https://animehistory.org/gallery/screencaps/outlaw-star/episode-26/?page=3,3,2026-10-07T01:50:46.994429+00:00,19112d0534a8e9802039066129ac448807896e1efdb9e191a7f991c8b2015ea0,,UNVERIFIED
EP-26,Return to Space,00:15:01,901,855836,https://animehistory.org/uploads/screencaps/outlaw-star-E026-Return-to-Space/cap_00-15-01_4c06.jpg,Outlaw Star Ep 26: Return to Space @ 00:15:01,https://animehistory.org/gallery/screencaps/outlaw-star/episode-26/,https://animehistory.org/gallery/screencaps/outlaw-star/episode-26/?page=3,3,2026-10-07T01:50:46.994429+00:00,19112d0534a8e9802039066129ac448807896e1efdb9e191a7f991c8b2015ea0,,UNVERIFIED
EP-26,Return to Space,00:15:05,905,855837,https://animehistory.org/uploads/screencaps/outlaw-star-E026-Return-to-Space/cap_00-15-05_5d85.jpg,Outlaw Star Ep 26: Return to Space @ 00:15:05,https://animehistory.org/gallery/screencaps/outlaw-star/episode-26/,https://animehistory.org/gallery/screencaps/outlaw-star/episode-26/?page=3,3,2026-10-07T01:50:46.994429+00:00,19112d0534a8e9802039066129ac448807896e1efdb9e191a7f991c8b2015ea0,,UNVERIFIED
EP-26,Return to Space,00:15:09,909,855838,https://animehistory.org/uploads/screencaps/outlaw-star-E026-Return-to-Space/cap_00-15-09_56b9.jpg,Outlaw Star Ep 26: Return to Space @ 00:15:09,https://animehistory.org/gallery/screencaps/outlaw-star/episode-26/,https://animehistory.org/gallery/screencaps/outlaw-star/episode-26/?page=3,3,2026-10-07T01:50:46.994429+00:00,19112d0534a8e9802039066129ac448807896e1efdb9e191a7f991c8b2015ea0,,UNVERIFIED
EP-26,Return to Space,00:15:12,912,855839,https://animehistory.org/uploads/screencaps/outlaw-star-E026-Return-to-Space/cap_00-15-12_3bd6.jpg,Outlaw Star Ep 26: Return to Space @ 00:15:12,https://animehistory.org/gallery/screencaps/outlaw-star/episode-26/,https://animehistory.org/gallery/screencaps/outlaw-star/episode-26/?page=3,3,2026-10-07T01:50:46.994429+00:00,19112d0534a8e9802039066129ac448807896e1efdb9e191a7f991c8b2015ea0,,UNVERIFIED
EP-26,Return to Space,00:15:16,916,855840,https://animehistory.org/uploads/screencaps/outlaw-star-E026-Return-to-Space/cap_00-15-16_0ad6.jpg,Outlaw Star Ep 26: Return to Space @ 00:15:16,https://animehistory.org/gallery/screencaps/outlaw-star/episode-26/,https://animehistory.org/gallery/screencaps/outlaw-star/episode-26/?page=3,3,2026-10-07T01:50:46.994429+00:00,19112d0534a8e9802039066129ac448807896e1efdb9e191a7f991c8b2015ea0,,UNVERIFIED
EP-26,Return to Space,00:15:20,920,855841,https://animehistory.org/uploads/screencaps/outlaw-star-E026-Return-to-Space/cap_00-15-20_740a.jpg,Outlaw Star Ep 26: Return to Space @ 00:15:20,https://animehistory.org/gallery/screencaps/outlaw-star/episode-26/,https://animehistory.org/gallery/screencaps/outlaw-star/episode-26/?page=3,3,2026-10-07T01:50:46.994429+00:00,19112d0534a8e9802039066129ac448807896e1efdb9e191a7f991c8b2015ea0,,UNVERIFIED
EP-26,Return to Space,00:15:24,924,855842,https://animehistory.org/uploads/screencaps/outlaw-star-E026-Return-to-Space/cap_00-15-24_4d4f.jpg,Outlaw Star Ep 26: Return to Space @ 00:15:24,https://animehistory.org/gallery/screencaps/outlaw-star/episode-26/,https://animehistory.org/gallery/screencaps/outlaw-star/episode-26/?page=3,3,2026-10-07T01:50:46.994429+00:00,19112d0534a8e9802039066129ac448807896e1efdb9e191a7f991c8b2015ea0,,UNVERIFIED
EP-26,Return to Space,00:15:27,927,855843,https://animehistory.org/uploads/screencaps/outlaw-star-E026-Return-to-Space/cap_00-15-27_321d.jpg,Outlaw Star Ep 26: Return to Space @ 00:15:27,https://animehistory.org/gallery/screencaps/outlaw-star/episode-26/,https://animehistory.org/gallery/screencaps/outlaw-star/episode-26/?page=3,3,2026-10-07T01:50:46.994429+00:00,19112d0534a8e9802039066129ac448807896e1efdb9e191a7f991c8b2015ea0,,UNVERIFIED
EP-26,Return to Space,00:15:31,931,855844,https://animehistory.org/uploads/screencaps/outlaw-star-E026-Return-to-Space/cap_00-15-31_1c34.jpg,Outlaw Star Ep 26: Return to Space @ 00:15:31,https://animehistory.org/gallery/screencaps/outlaw-star/episode-26/,https://animehistory.org/gallery/screencaps/outlaw-star/episode-26/?page=3,3,2026-10-07T01:50:46.994429+00:00,19112d0534a8e9802039066129ac448807896e1efdb9e191a7f991c8b2015ea0,,UNVERIFIED
EP-26,Return to Space,00:15:35,935,855845,https://animehistory.org/uploads/screencaps/outlaw-star-E026-Return-to-Space/cap_00-15-35_54ad.jpg,Outlaw Star Ep 26: Return to Space @ 00:15:35,https://animehistory.org/gallery/screencaps/outlaw-star/episode-26/,https://animehistory.org/gallery/screencaps/outlaw-star/episode-26/?page=3,3,2026-10-07T01:50:46.994429+00:00,19112d0534a8e9802039066129ac448807896e1efdb9e191a7f991c8b2015ea0,,UNVERIFIED
EP-26,Return to Space,00:15:39,939,855846,https://animehistory.org/uploads/screencaps/outlaw-star-E026-Return-to-Space/cap_00-15-39_62b4.jpg,Outlaw Star Ep 26: Return to Space @ 00:15:39,https://animehistory.org/gallery/screencaps/outlaw-star/episode-26/,https://animehistory.org/gallery/screencaps/outlaw-star/episode-26/?page=3,3,2026-10-07T01:50:46.994429+00:00,19112d0534a8e9802039066129ac448807896e1efdb9e191a7f991c8b2015ea0,,UNVERIFIED
EP-26,Return to Space,00:15:42,942,855847,https://animehistory.org/uploads/screencaps/outlaw-star-E026-Return-to-Space/cap_00-15-42_1b6d.jpg,Outlaw Star Ep 26: Return to Space @ 00:15:42,https://animehistory.org/gallery/screencaps/outlaw-star/episode-26/,https://animehistory.org/gallery/screencaps/outlaw-star/episode-26/?page=3,3,2026-10-07T01:50:46.994429+00:00,19112d0534a8e9802039066129ac448807896e1efdb9e191a7f991c8b2015ea0,,UNVERIFIED
EP-26,Return to Space,00:15:46,946,855848,https://animehistory.org/uploads/screencaps/outlaw-star-E026-Return-to-Space/cap_00-15-46_2ad4.jpg,Outlaw Star Ep 26: Return to Space @ 00:15:46,https://animehistory.org/gallery/screencaps/outlaw-star/episode-26/,https://animehistory.org/gallery/screencaps/outlaw-star/episode-26/?page=3,3,2026-10-07T01:50:46.994429+00:00,19112d0534a8e9802039066129ac448807896e1efdb9e191a7f991c8b2015ea0,,UNVERIFIED
EP-26,Return to Space,00:15:50,950,855849,https://animehistory.org/uploads/screencaps/outlaw-star-E026-Return-to-Space/cap_00-15-50_4c44.jpg,Outlaw Star Ep 26: Return to Space @ 00:15:50,https://animehistory.org/gallery/screencaps/outlaw-star/episode-26/,https://animehistory.org/gallery/screencaps/outlaw-star/episode-26/?page=3,3,2026-10-07T01:50:46.994429+00:00,19112d0534a8e9802039066129ac448807896e1efdb9e191a7f991c8b2015ea0,,UNVERIFIED
EP-26,Return to Space,00:15:54,954,855850,https://animehistory.org/uploads/screencaps/outlaw-star-E026-Return-to-Space/cap_00-15-54_5091.jpg,Outlaw Star Ep 26: Return to Space @ 00:15:54,https://animehistory.org/gallery/screencaps/outlaw-star/episode-26/,https://animehistory.org/gallery/screencaps/outlaw-star/episode-26/?page=3,3,2026-10-07T01:50:46.994429+00:00,19112d0534a8e9802039066129ac448807896e1efdb9e191a7f991c8b2015ea0,,UNVERIFIED
EP-26,Return to Space,00:15:57,957,855851,https://animehistory.org/uploads/screencaps/outlaw-star-E026-Return-to-Space/cap_00-15-57_1892.jpg,Outlaw Star Ep 26: Return to Space @ 00:15:57,https://animehistory.org/gallery/screencaps/outlaw-star/episode-26/,https://animehistory.org/gallery/screencaps/outlaw-star/episode-26/?page=3,3,2026-10-07T01:50:46.994429+00:00,19112d0534a8e9802039066129ac448807896e1efdb9e191a7f991c8b2015ea0,,UNVERIFIED
EP-26,Return to Space,00:16:01,961,855852,https://animehistory.org/uploads/screencaps/outlaw-star-E026-Return-to-Space/cap_00-16-01_59b1.jpg,Outlaw Star Ep 26: Return to Space @ 00:16:01,https://animehistory.org/gallery/screencaps/outlaw-star/episode-26/,https://animehistory.org/gallery/screencaps/outlaw-star/episode-26/?page=3,3,2026-10-07T01:50:46.994429+00:00,19112d0534a8e9802039066129ac448807896e1efdb9e191a7f991c8b2015ea0,,UNVERIFIED
EP-26,Return to Space,00:16:05,965,855853,https://animehistory.org/uploads/screencaps/outlaw-star-E026-Return-to-Space/cap_00-16-05_2e4c.jpg,Outlaw Star Ep 26: Return to Space @ 00:16:05,https://animehistory.org/gallery/screencaps/outlaw-star/episode-26/,https://animehistory.org/gallery/screencaps/outlaw-star/episode-26/?page=3,3,2026-10-07T01:50:46.994429+00:00,19112d0534a8e9802039066129ac448807896e1efdb9e191a7f991c8b2015ea0,,UNVERIFIED
EP-26,Return to Space,00:16:09,969,855854,https://animehistory.org/uploads/screencaps/outlaw-star-E026-Return-to-Space/cap_00-16-09_2a36.jpg,Outlaw Star Ep 26: Return to Space @ 00:16:09,https://animehistory.org/gallery/screencaps/outlaw-star/episode-26/,https://animehistory.org/gallery/screencaps/outlaw-star/episode-26/?page=3,3,2026-10-07T01:50:46.994429+00:00,19112d0534a8e9802039066129ac448807896e1efdb9e191a7f991c8b2015ea0,,UNVERIFIED
EP-26,Return to Space,00:16:12,972,855855,https://animehistory.org/uploads/screencaps/outlaw-star-E026-Return-to-Space/cap_00-16-12_36e7.jpg,Outlaw Star Ep 26: Return to Space @ 00:16:12,https://animehistory.org/gallery/screencaps/outlaw-star/episode-26/,https://animehistory.org/gallery/screencaps/outlaw-star/episode-26/?page=3,3,2026-10-07T01:50:46.994429+00:00,19112d0534a8e9802039066129ac448807896e1efdb9e191a7f991c8b2015ea0,,UNVERIFIED
EP-26,Return to Space,00:16:16,976,855856,https://animehistory.org/uploads/screencaps/outlaw-star-E026-Return-to-Space/cap_00-16-16_3dc1.jpg,Outlaw Star Ep 26: Return to Space @ 00:16:16,https://animehistory.org/gallery/screencaps/outlaw-star/episode-26/,https://animehistory.org/gallery/screencaps/outlaw-star/episode-26/?page=3,3,2026-10-07T01:50:46.994429+00:00,19112d0534a8e9802039066129ac448807896e1efdb9e191a7f991c8b2015ea0,,UNVERIFIED
EP-26,Return to Space,00:16:20,980,855857,https://animehistory.org/uploads/screencaps/outlaw-star-E026-Return-to-Space/cap_00-16-20_27e3.jpg,Outlaw Star Ep 26: Return to Space @ 00:16:20,https://animehistory.org/gallery/screencaps/outlaw-star/episode-26/,https://animehistory.org/gallery/screencaps/outlaw-star/episode-26/?page=3,3,2026-10-07T01:50:46.994429+00:00,19112d0534a8e9802039066129ac448807896e1efdb9e191a7f991c8b2015ea0,,UNVERIFIED
EP-26,Return to Space,00:16:24,984,855858,https://animehistory.org/uploads/screencaps/outlaw-star-E026-Return-to-Space/cap_00-16-24_27f9.jpg,Outlaw Star Ep 26: Return to Space @ 00:16:24,https://animehistory.org/gallery/screencaps/outlaw-star/episode-26/,https://animehistory.org/gallery/screencaps/outlaw-star/episode-26/?page=3,3,2026-10-07T01:50:46.994429+00:00,19112d0534a8e9802039066129ac448807896e1efdb9e191a7f991c8b2015ea0,,UNVERIFIED
EP-26,Return to Space,00:16:27,987,855859,https://animehistory.org/uploads/screencaps/outlaw-star-E026-Return-to-Space/cap_00-16-27_2bec.jpg,Outlaw Star Ep 26: Return to Space @ 00:16:27,https://animehistory.org/gallery/screencaps/outlaw-star/episode-26/,https://animehistory.org/gallery/screencaps/outlaw-star/episode-26/?page=3,3,2026-10-07T01:50:46.994429+00:00,19112d0534a8e9802039066129ac448807896e1efdb9e191a7f991c8b2015ea0,,UNVERIFIED
EP-26,Return to Space,00:16:31,991,855860,https://animehistory.org/uploads/screencaps/outlaw-star-E026-Return-to-Space/cap_00-16-31_2c10.jpg,Outlaw Star Ep 26: Return to Space @ 00:16:31,https://animehistory.org/gallery/screencaps/outlaw-star/episode-26/,https://animehistory.org/gallery/screencaps/outlaw-star/episode-26/?page=3,3,2026-10-07T01:50:46.994429+00:00,19112d0534a8e9802039066129ac448807896e1efdb9e191a7f991c8b2015ea0,,UNVERIFIED
EP-26,Return to Space,00:16:35,995,855861,https://animehistory.org/uploads/screencaps/outlaw-star-E026-Return-to-Space/cap_00-16-35_5a8d.jpg,Outlaw Star Ep 26: Return to Space @ 00:16:35,https://animehistory.org/gallery/screencaps/outlaw-star/episode-26/,https://animehistory.org/gallery/screencaps/outlaw-star/episode-26/?page=3,3,2026-10-07T01:50:46.994429+00:00,19112d0534a8e9802039066129ac448807896e1efdb9e191a7f991c8b2015ea0,,UNVERIFIED
EP-26,Return to Space,00:16:39,999,855862,https://animehistory.org/uploads/screencaps/outlaw-star-E026-Return-to-Space/cap_00-16-39_3645.jpg,Outlaw Star Ep 26: Return to Space @ 00:16:39,https://animehistory.org/gallery/screencaps/outlaw-star/episode-26/,https://animehistory.org/gallery/screencaps/outlaw-star/episode-26/?page=3,3,2026-10-07T01:50:46.994429+00:00,19112d0534a8e9802039066129ac448807896e1efdb9e191a7f991c8b2015ea0,,UNVERIFIED
EP-26,Return to Space,00:16:42,1002,855863,https://animehistory.org/uploads/screencaps/outlaw-star-E026-Return-to-Space/cap_00-16-42_4b43.jpg,Outlaw Star Ep 26: Return to Space @ 00:16:42,https://animehistory.org/gallery/screencaps/outlaw-star/episode-26/,https://animehistory.org/gallery/screencaps/outlaw-star/episode-26/?page=3,3,2026-10-07T01:50:46.994429+00:00,19112d0534a8e9802039066129ac448807896e1efdb9e191a7f991c8b2015ea0,,UNVERIFIED
EP-26,Return to Space,00:16:46,1006,855864,https://animehistory.org/uploads/screencaps/outlaw-star-E026-Return-to-Space/cap_00-16-46_4e8b.jpg,Outlaw Star Ep 26: Return to Space @ 00:16:46,https://animehistory.org/gallery/screencaps/outlaw-star/episode-26/,https://animehistory.org/gallery/screencaps/outlaw-star/episode-26/?page=3,3,2026-10-07T01:50:46.994429+00:00,19112d0534a8e9802039066129ac448807896e1efdb9e191a7f991c8b2015ea0,,UNVERIFIED
EP-26,Return to Space,00:16:50,1010,855865,https://animehistory.org/uploads/screencaps/outlaw-star-E026-Return-to-Space/cap_00-16-50_3d39.jpg,Outlaw Star Ep 26: Return to Space @ 00:16:50,https://animehistory.org/gallery/screencaps/outlaw-star/episode-26/,https://animehistory.org/gallery/screencaps/outlaw-star/episode-26/?page=3,3,2026-10-07T01:50:46.994429+00:00,19112d0534a8e9802039066129ac448807896e1efdb9e191a7f991c8b2015ea0,,UNVERIFIED
EP-26,Return to Space,00:16:54,1014,855866,https://animehistory.org/uploads/screencaps/outlaw-star-E026-Return-to-Space/cap_00-16-54_137d.jpg,Outlaw Star Ep 26: Return to Space @ 00:16:54,https://animehistory.org/gallery/screencaps/outlaw-star/episode-26/,https://animehistory.org/gallery/screencaps/outlaw-star/episode-26/?page=3,3,2026-10-07T01:50:46.994429+00:00,19112d0534a8e9802039066129ac448807896e1efdb9e191a7f991c8b2015ea0,,UNVERIFIED
EP-26,Return to Space,00:16:57,1017,855867,https://animehistory.org/uploads/screencaps/outlaw-star-E026-Return-to-Space/cap_00-16-57_1734.jpg,Outlaw Star Ep 26: Return to Space @ 00:16:57,https://animehistory.org/gallery/screencaps/outlaw-star/episode-26/,https://animehistory.org/gallery/screencaps/outlaw-star/episode-26/?page=3,3,2026-10-07T01:50:46.994429+00:00,19112d0534a8e9802039066129ac448807896e1efdb9e191a7f991c8b2015ea0,,UNVERIFIED
EP-26,Return to Space,00:17:01,1021,855868,https://animehistory.org/uploads/screencaps/outlaw-star-E026-Return-to-Space/cap_00-17-01_7b93.jpg,Outlaw Star Ep 26: Return to Space @ 00:17:01,https://animehistory.org/gallery/screencaps/outlaw-star/episode-26/,https://animehistory.org/gallery/screencaps/outlaw-star/episode-26/?page=3,3,2026-10-07T01:50:46.994429+00:00,19112d0534a8e9802039066129ac448807896e1efdb9e191a7f991c8b2015ea0,,UNVERIFIED
EP-26,Return to Space,00:17:05,1025,855869,https://animehistory.org/uploads/screencaps/outlaw-star-E026-Return-to-Space/cap_00-17-05_0ea8.jpg,Outlaw Star Ep 26: Return to Space @ 00:17:05,https://animehistory.org/gallery/screencaps/outlaw-star/episode-26/,https://animehistory.org/gallery/screencaps/outlaw-star/episode-26/?page=3,3,2026-10-07T01:50:46.994429+00:00,19112d0534a8e9802039066129ac448807896e1efdb9e191a7f991c8b2015ea0,,UNVERIFIED
EP-26,Return to Space,00:17:09,1029,855870,https://animehistory.org/uploads/screencaps/outlaw-star-E026-Return-to-Space/cap_00-17-09_5b1b.jpg,Outlaw Star Ep 26: Return to Space @ 00:17:09,https://animehistory.org/gallery/screencaps/outlaw-star/episode-26/,https://animehistory.org/gallery/screencaps/outlaw-star/episode-26/?page=3,3,2026-10-07T01:50:46.994429+00:00,19112d0534a8e9802039066129ac448807896e1efdb9e191a7f991c8b2015ea0,,UNVERIFIED
EP-26,Return to Space,00:17:12,1032,855871,https://animehistory.org/uploads/screencaps/outlaw-star-E026-Return-to-Space/cap_00-17-12_4204.jpg,Outlaw Star Ep 26: Return to Space @ 00:17:12,https://animehistory.org/gallery/screencaps/outlaw-star/episode-26/,https://animehistory.org/gallery/screencaps/outlaw-star/episode-26/?page=3,3,2026-10-07T01:50:46.994429+00:00,19112d0534a8e9802039066129ac448807896e1efdb9e191a7f991c8b2015ea0,,UNVERIFIED
EP-26,Return to Space,00:17:16,1036,855872,https://animehistory.org/uploads/screencaps/outlaw-star-E026-Return-to-Space/cap_00-17-16_514f.jpg,Outlaw Star Ep 26: Return to Space @ 00:17:16,https://animehistory.org/gallery/screencaps/outlaw-star/episode-26/,https://animehistory.org/gallery/screencaps/outlaw-star/episode-26/?page=3,3,2026-10-07T01:50:46.994429+00:00,19112d0534a8e9802039066129ac448807896e1efdb9e191a7f991c8b2015ea0,,UNVERIFIED
EP-26,Return to Space,00:17:20,1040,855873,https://animehistory.org/uploads/screencaps/outlaw-star-E026-Return-to-Space/cap_00-17-20_46d4.jpg,Outlaw Star Ep 26: Return to Space @ 00:17:20,https://animehistory.org/gallery/screencaps/outlaw-star/episode-26/,https://animehistory.org/gallery/screencaps/outlaw-star/episode-26/?page=3,3,2026-10-07T01:50:46.994429+00:00,19112d0534a8e9802039066129ac448807896e1efdb9e191a7f991c8b2015ea0,,UNVERIFIED
EP-26,Return to Space,00:17:24,1044,855874,https://animehistory.org/uploads/screencaps/outlaw-star-E026-Return-to-Space/cap_00-17-24_6ec3.jpg,Outlaw Star Ep 26: Return to Space @ 00:17:24,https://animehistory.org/gallery/screencaps/outlaw-star/episode-26/,https://animehistory.org/gallery/screencaps/outlaw-star/episode-26/?page=3,3,2026-10-07T01:50:46.994429+00:00,19112d0534a8e9802039066129ac448807896e1efdb9e191a7f991c8b2015ea0,,UNVERIFIED
EP-26,Return to Space,00:17:27,1047,855875,https://animehistory.org/uploads/screencaps/outlaw-star-E026-Return-to-Space/cap_00-17-27_6d08.jpg,Outlaw Star Ep 26: Return to Space @ 00:17:27,https://animehistory.org/gallery/screencaps/outlaw-star/episode-26/,https://animehistory.org/gallery/screencaps/outlaw-star/episode-26/?page=3,3,2026-10-07T01:50:46.994429+00:00,19112d0534a8e9802039066129ac448807896e1efdb9e191a7f991c8b2015ea0,,UNVERIFIED
EP-26,Return to Space,00:17:31,1051,855876,https://animehistory.org/uploads/screencaps/outlaw-star-E026-Return-to-Space/cap_00-17-31_750f.jpg,Outlaw Star Ep 26: Return to Space @ 00:17:31,https://animehistory.org/gallery/screencaps/outlaw-star/episode-26/,https://animehistory.org/gallery/screencaps/outlaw-star/episode-26/?page=3,3,2026-10-07T01:50:46.994429+00:00,19112d0534a8e9802039066129ac448807896e1efdb9e191a7f991c8b2015ea0,,UNVERIFIED
EP-26,Return to Space,00:17:35,1055,855877,https://animehistory.org/uploads/screencaps/outlaw-star-E026-Return-to-Space/cap_00-17-35_1136.jpg,Outlaw Star Ep 26: Return to Space @ 00:17:35,https://animehistory.org/gallery/screencaps/outlaw-star/episode-26/,https://animehistory.org/gallery/screencaps/outlaw-star/episode-26/?page=3,3,2026-10-07T01:50:46.994429+00:00,19112d0534a8e9802039066129ac448807896e1efdb9e191a7f991c8b2015ea0,,UNVERIFIED
EP-26,Return to Space,00:17:39,1059,855878,https://animehistory.org/uploads/screencaps/outlaw-star-E026-Return-to-Space/cap_00-17-39_514d.jpg,Outlaw Star Ep 26: Return to Space @ 00:17:39,https://animehistory.org/gallery/screencaps/outlaw-star/episode-26/,https://animehistory.org/gallery/screencaps/outlaw-star/episode-26/?page=3,3,2026-10-07T01:50:46.994429+00:00,19112d0534a8e9802039066129ac448807896e1efdb9e191a7f991c8b2015ea0,,UNVERIFIED
EP-26,Return to Space,00:17:42,1062,855879,https://animehistory.org/uploads/screencaps/outlaw-star-E026-Return-to-Space/cap_00-17-42_62cd.jpg,Outlaw Star Ep 26: Return to Space @ 00:17:42,https://animehistory.org/gallery/screencaps/outlaw-star/episode-26/,https://animehistory.org/gallery/screencaps/outlaw-star/episode-26/?page=3,3,2026-10-07T01:50:46.994429+00:00,19112d0534a8e9802039066129ac448807896e1efdb9e191a7f991c8b2015ea0,,UNVERIFIED
EP-26,Return to Space,00:17:46,1066,855880,https://animehistory.org/uploads/screencaps/outlaw-star-E026-Return-to-Space/cap_00-17-46_52b9.jpg,Outlaw Star Ep 26: Return to Space @ 00:17:46,https://animehistory.org/gallery/screencaps/outlaw-star/episode-26/,https://animehistory.org/gallery/screencaps/outlaw-star/episode-26/?page=3,3,2026-10-07T01:50:46.994429+00:00,19112d0534a8e9802039066129ac448807896e1efdb9e191a7f991c8b2015ea0,,UNVERIFIED
EP-26,Return to Space,00:17:50,1070,855881,https://animehistory.org/uploads/screencaps/outlaw-star-E026-Return-to-Space/cap_00-17-50_50cf.jpg,Outlaw Star Ep 26: Return to Space @ 00:17:50,https://animehistory.org/gallery/screencaps/outlaw-star/episode-26/,https://animehistory.org/gallery/screencaps/outlaw-star/episode-26/?page=3,3,2026-10-07T01:50:46.994429+00:00,19112d0534a8e9802039066129ac448807896e1efdb9e191a7f991c8b2015ea0,,UNVERIFIED
EP-26,Return to Space,00:17:54,1074,855882,https://animehistory.org/uploads/screencaps/outlaw-star-E026-Return-to-Space/cap_00-17-54_68fe.jpg,Outlaw Star Ep 26: Return to Space @ 00:17:54,https://animehistory.org/gallery/screencaps/outlaw-star/episode-26/,https://animehistory.org/gallery/screencaps/outlaw-star/episode-26/?page=3,3,2026-10-07T01:50:46.994429+00:00,19112d0534a8e9802039066129ac448807896e1efdb9e191a7f991c8b2015ea0,,UNVERIFIED
EP-26,Return to Space,00:17:57,1077,855883,https://animehistory.org/uploads/screencaps/outlaw-star-E026-Return-to-Space/cap_00-17-57_1b1d.jpg,Outlaw Star Ep 26: Return to Space @ 00:17:57,https://animehistory.org/gallery/screencaps/outlaw-star/episode-26/,https://animehistory.org/gallery/screencaps/outlaw-star/episode-26/?page=3,3,2026-10-07T01:50:46.994429+00:00,19112d0534a8e9802039066129ac448807896e1efdb9e191a7f991c8b2015ea0,,UNVERIFIED
EP-26,Return to Space,00:18:01,1081,855884,https://animehistory.org/uploads/screencaps/outlaw-star-E026-Return-to-Space/cap_00-18-01_2286.jpg,Outlaw Star Ep 26: Return to Space @ 00:18:01,https://animehistory.org/gallery/screencaps/outlaw-star/episode-26/,https://animehistory.org/gallery/screencaps/outlaw-star/episode-26/?page=3,3,2026-10-07T01:50:46.994429+00:00,19112d0534a8e9802039066129ac448807896e1efdb9e191a7f991c8b2015ea0,,UNVERIFIED
EP-26,Return to Space,00:18:05,1085,855885,https://animehistory.org/uploads/screencaps/outlaw-star-E026-Return-to-Space/cap_00-18-05_2b65.jpg,Outlaw Star Ep 26: Return to Space @ 00:18:05,https://animehistory.org/gallery/screencaps/outlaw-star/episode-26/,https://animehistory.org/gallery/screencaps/outlaw-star/episode-26/?page=3,3,2026-10-07T01:50:46.994429+00:00,19112d0534a8e9802039066129ac448807896e1efdb9e191a7f991c8b2015ea0,,UNVERIFIED
EP-26,Return to Space,00:18:09,1089,855886,https://animehistory.org/uploads/screencaps/outlaw-star-E026-Return-to-Space/cap_00-18-09_67a5.jpg,Outlaw Star Ep 26: Return to Space @ 00:18:09,https://animehistory.org/gallery/screencaps/outlaw-star/episode-26/,https://animehistory.org/gallery/screencaps/outlaw-star/episode-26/?page=3,3,2026-10-07T01:50:46.994429+00:00,19112d0534a8e9802039066129ac448807896e1efdb9e191a7f991c8b2015ea0,,UNVERIFIED
EP-26,Return to Space,00:18:12,1092,855887,https://animehistory.org/uploads/screencaps/outlaw-star-E026-Return-to-Space/cap_00-18-12_2059.jpg,Outlaw Star Ep 26: Return to Space @ 00:18:12,https://animehistory.org/gallery/screencaps/outlaw-star/episode-26/,https://animehistory.org/gallery/screencaps/outlaw-star/episode-26/?page=3,3,2026-10-07T01:50:46.994429+00:00,19112d0534a8e9802039066129ac448807896e1efdb9e191a7f991c8b2015ea0,,UNVERIFIED
EP-26,Return to Space,00:18:16,1096,855888,https://animehistory.org/uploads/screencaps/outlaw-star-E026-Return-to-Space/cap_00-18-16_7b6f.jpg,Outlaw Star Ep 26: Return to Space @ 00:18:16,https://animehistory.org/gallery/screencaps/outlaw-star/episode-26/,https://animehistory.org/gallery/screencaps/outlaw-star/episode-26/?page=3,3,2026-10-07T01:50:46.994429+00:00,19112d0534a8e9802039066129ac448807896e1efdb9e191a7f991c8b2015ea0,,UNVERIFIED
EP-26,Return to Space,00:18:20,1100,855889,https://animehistory.org/uploads/screencaps/outlaw-star-E026-Return-to-Space/cap_00-18-20_3206.jpg,Outlaw Star Ep 26: Return to Space @ 00:18:20,https://animehistory.org/gallery/screencaps/outlaw-star/episode-26/,https://animehistory.org/gallery/screencaps/outlaw-star/episode-26/?page=3,3,2026-10-07T01:50:46.994429+00:00,19112d0534a8e9802039066129ac448807896e1efdb9e191a7f991c8b2015ea0,,UNVERIFIED
EP-26,Return to Space,00:18:24,1104,855890,https://animehistory.org/uploads/screencaps/outlaw-star-E026-Return-to-Space/cap_00-18-24_13f6.jpg,Outlaw Star Ep 26: Return to Space @ 00:18:24,https://animehistory.org/gallery/screencaps/outlaw-star/episode-26/,https://animehistory.org/gallery/screencaps/outlaw-star/episode-26/?page=3,3,2026-10-07T01:50:46.994429+00:00,19112d0534a8e9802039066129ac448807896e1efdb9e191a7f991c8b2015ea0,,UNVERIFIED
EP-26,Return to Space,00:18:27,1107,855891,https://animehistory.org/uploads/screencaps/outlaw-star-E026-Return-to-Space/cap_00-18-27_379e.jpg,Outlaw Star Ep 26: Return to Space @ 00:18:27,https://animehistory.org/gallery/screencaps/outlaw-star/episode-26/,https://animehistory.org/gallery/screencaps/outlaw-star/episode-26/?page=3,3,2026-10-07T01:50:46.994429+00:00,19112d0534a8e9802039066129ac448807896e1efdb9e191a7f991c8b2015ea0,,UNVERIFIED
EP-26,Return to Space,00:18:31,1111,855892,https://animehistory.org/uploads/screencaps/outlaw-star-E026-Return-to-Space/cap_00-18-31_0348.jpg,Outlaw Star Ep 26: Return to Space @ 00:18:31,https://animehistory.org/gallery/screencaps/outlaw-star/episode-26/,https://animehistory.org/gallery/screencaps/outlaw-star/episode-26/?page=3,3,2026-10-07T01:50:46.994429+00:00,19112d0534a8e9802039066129ac448807896e1efdb9e191a7f991c8b2015ea0,,UNVERIFIED
EP-26,Return to Space,00:18:35,1115,855893,https://animehistory.org/uploads/screencaps/outlaw-star-E026-Return-to-Space/cap_00-18-35_65f7.jpg,Outlaw Star Ep 26: Return to Space @ 00:18:35,https://animehistory.org/gallery/screencaps/outlaw-star/episode-26/,https://animehistory.org/gallery/screencaps/outlaw-star/episode-26/?page=3,3,2026-10-07T01:50:46.994429+00:00,19112d0534a8e9802039066129ac448807896e1efdb9e191a7f991c8b2015ea0,,UNVERIFIED
EP-26,Return to Space,00:18:39,1119,855894,https://animehistory.org/uploads/screencaps/outlaw-star-E026-Return-to-Space/cap_00-18-39_402c.jpg,Outlaw Star Ep 26: Return to Space @ 00:18:39,https://animehistory.org/gallery/screencaps/outlaw-star/episode-26/,https://animehistory.org/gallery/screencaps/outlaw-star/episode-26/?page=3,3,2026-10-07T01:50:46.994429+00:00,19112d0534a8e9802039066129ac448807896e1efdb9e191a7f991c8b2015ea0,,UNVERIFIED
EP-26,Return to Space,00:18:42,1122,855895,https://animehistory.org/uploads/screencaps/outlaw-star-E026-Return-to-Space/cap_00-18-42_5183.jpg,Outlaw Star Ep 26: Return to Space @ 00:18:42,https://animehistory.org/gallery/screencaps/outlaw-star/episode-26/,https://animehistory.org/gallery/screencaps/outlaw-star/episode-26/?page=3,3,2026-10-07T01:50:46.994429+00:00,19112d0534a8e9802039066129ac448807896e1efdb9e191a7f991c8b2015ea0,,UNVERIFIED
EP-26,Return to Space,00:18:46,1126,855896,https://animehistory.org/uploads/screencaps/outlaw-star-E026-Return-to-Space/cap_00-18-46_5813.jpg,Outlaw Star Ep 26: Return to Space @ 00:18:46,https://animehistory.org/gallery/screencaps/outlaw-star/episode-26/,https://animehistory.org/gallery/screencaps/outlaw-star/episode-26/?page=3,3,2026-10-07T01:50:46.994429+00:00,19112d0534a8e9802039066129ac448807896e1efdb9e191a7f991c8b2015ea0,,UNVERIFIED
EP-26,Return to Space,00:18:50,1130,855897,https://animehistory.org/uploads/screencaps/outlaw-star-E026-Return-to-Space/cap_00-18-50_496d.jpg,Outlaw Star Ep 26: Return to Space @ 00:18:50,https://animehistory.org/gallery/screencaps/outlaw-star/episode-26/,https://animehistory.org/gallery/screencaps/outlaw-star/episode-26/?page=3,3,2026-10-07T01:50:46.994429+00:00,19112d0534a8e9802039066129ac448807896e1efdb9e191a7f991c8b2015ea0,,UNVERIFIED
EP-26,Return to Space,00:18:54,1134,855898,https://animehistory.org/uploads/screencaps/outlaw-star-E026-Return-to-Space/cap_00-18-54_36a4.jpg,Outlaw Star Ep 26: Return to Space @ 00:18:54,https://animehistory.org/gallery/screencaps/outlaw-star/episode-26/,https://animehistory.org/gallery/screencaps/outlaw-star/episode-26/?page=3,3,2026-10-07T01:50:46.994429+00:00,19112d0534a8e9802039066129ac448807896e1efdb9e191a7f991c8b2015ea0,,UNVERIFIED
EP-26,Return to Space,00:18:57,1137,855899,https://animehistory.org/uploads/screencaps/outlaw-star-E026-Return-to-Space/cap_00-18-57_6533.jpg,Outlaw Star Ep 26: Return to Space @ 00:18:57,https://animehistory.org/gallery/screencaps/outlaw-star/episode-26/,https://animehistory.org/gallery/screencaps/outlaw-star/episode-26/?page=3,3,2026-10-07T01:50:46.994429+00:00,19112d0534a8e9802039066129ac448807896e1efdb9e191a7f991c8b2015ea0,,UNVERIFIED
EP-26,Return to Space,00:19:01,1141,855900,https://animehistory.org/uploads/screencaps/outlaw-star-E026-Return-to-Space/cap_00-19-01_3348.jpg,Outlaw Star Ep 26: Return to Space @ 00:19:01,https://animehistory.org/gallery/screencaps/outlaw-star/episode-26/,https://animehistory.org/gallery/screencaps/outlaw-star/episode-26/?page=3,3,2026-10-07T01:50:46.994429+00:00,19112d0534a8e9802039066129ac448807896e1efdb9e191a7f991c8b2015ea0,,UNVERIFIED
EP-26,Return to Space,00:19:05,1145,855901,https://animehistory.org/uploads/screencaps/outlaw-star-E026-Return-to-Space/cap_00-19-05_277a.jpg,Outlaw Star Ep 26: Return to Space @ 00:19:05,https://animehistory.org/gallery/screencaps/outlaw-star/episode-26/,https://animehistory.org/gallery/screencaps/outlaw-star/episode-26/?page=3,3,2026-10-07T01:50:46.994429+00:00,19112d0534a8e9802039066129ac448807896e1efdb9e191a7f991c8b2015ea0,,UNVERIFIED
EP-26,Return to Space,00:19:09,1149,855902,https://animehistory.org/uploads/screencaps/outlaw-star-E026-Return-to-Space/cap_00-19-09_047d.jpg,Outlaw Star Ep 26: Return to Space @ 00:19:09,https://animehistory.org/gallery/screencaps/outlaw-star/episode-26/,https://animehistory.org/gallery/screencaps/outlaw-star/episode-26/?page=3,3,2026-10-07T01:50:46.994429+00:00,19112d0534a8e9802039066129ac448807896e1efdb9e191a7f991c8b2015ea0,,UNVERIFIED
EP-26,Return to Space,00:19:12,1152,855903,https://animehistory.org/uploads/screencaps/outlaw-star-E026-Return-to-Space/cap_00-19-12_2ec8.jpg,Outlaw Star Ep 26: Return to Space @ 00:19:12,https://animehistory.org/gallery/screencaps/outlaw-star/episode-26/,https://animehistory.org/gallery/screencaps/outlaw-star/episode-26/?page=3,3,2026-10-07T01:50:46.994429+00:00,19112d0534a8e9802039066129ac448807896e1efdb9e191a7f991c8b2015ea0,,UNVERIFIED
EP-26,Return to Space,00:19:16,1156,855904,https://animehistory.org/uploads/screencaps/outlaw-star-E026-Return-to-Space/cap_00-19-16_2072.jpg,Outlaw Star Ep 26: Return to Space @ 00:19:16,https://animehistory.org/gallery/screencaps/outlaw-star/episode-26/,https://animehistory.org/gallery/screencaps/outlaw-star/episode-26/?page=3,3,2026-10-07T01:50:46.994429+00:00,19112d0534a8e9802039066129ac448807896e1efdb9e191a7f991c8b2015ea0,,UNVERIFIED
EP-26,Return to Space,00:19:20,1160,855905,https://animehistory.org/uploads/screencaps/outlaw-star-E026-Return-to-Space/cap_00-19-20_1cab.jpg,Outlaw Star Ep 26: Return to Space @ 00:19:20,https://animehistory.org/gallery/screencaps/outlaw-star/episode-26/,https://animehistory.org/gallery/screencaps/outlaw-star/episode-26/?page=3,3,2026-10-07T01:50:46.994429+00:00,19112d0534a8e9802039066129ac448807896e1efdb9e191a7f991c8b2015ea0,,UNVERIFIED
EP-26,Return to Space,00:19:24,1164,855906,https://animehistory.org/uploads/screencaps/outlaw-star-E026-Return-to-Space/cap_00-19-24_702e.jpg,Outlaw Star Ep 26: Return to Space @ 00:19:24,https://animehistory.org/gallery/screencaps/outlaw-star/episode-26/,https://animehistory.org/gallery/screencaps/outlaw-star/episode-26/?page=3,3,2026-10-07T01:50:46.994429+00:00,19112d0534a8e9802039066129ac448807896e1efdb9e191a7f991c8b2015ea0,,UNVERIFIED
EP-26,Return to Space,00:19:27,1167,855907,https://animehistory.org/uploads/screencaps/outlaw-star-E026-Return-to-Space/cap_00-19-27_4160.jpg,Outlaw Star Ep 26: Return to Space @ 00:19:27,https://animehistory.org/gallery/screencaps/outlaw-star/episode-26/,https://animehistory.org/gallery/screencaps/outlaw-star/episode-26/?page=3,3,2026-10-07T01:50:46.994429+00:00,19112d0534a8e9802039066129ac448807896e1efdb9e191a7f991c8b2015ea0,,UNVERIFIED
EP-26,Return to Space,00:19:31,1171,855908,https://animehistory.org/uploads/screencaps/outlaw-star-E026-Return-to-Space/cap_00-19-31_1f0f.jpg,Outlaw Star Ep 26: Return to Space @ 00:19:31,https://animehistory.org/gallery/screencaps/outlaw-star/episode-26/,https://animehistory.org/gallery/screencaps/outlaw-star/episode-26/?page=3,3,2026-10-07T01:50:46.994429+00:00,19112d0534a8e9802039066129ac448807896e1efdb9e191a7f991c8b2015ea0,,UNVERIFIED
EP-26,Return to Space,00:19:35,1175,855909,https://animehistory.org/uploads/screencaps/outlaw-star-E026-Return-to-Space/cap_00-19-35_1557.jpg,Outlaw Star Ep 26: Return to Space @ 00:19:35,https://animehistory.org/gallery/screencaps/outlaw-star/episode-26/,https://animehistory.org/gallery/screencaps/outlaw-star/episode-26/?page=3,3,2026-10-07T01:50:46.994429+00:00,19112d0534a8e9802039066129ac448807896e1efdb9e191a7f991c8b2015ea0,,UNVERIFIED
EP-26,Return to Space,00:19:38,1178,855910,https://animehistory.org/uploads/screencaps/outlaw-star-E026-Return-to-Space/cap_00-19-38_6d44.jpg,Outlaw Star Ep 26: Return to Space @ 00:19:38,https://animehistory.org/gallery/screencaps/outlaw-star/episode-26/,https://animehistory.org/gallery/screencaps/outlaw-star/episode-26/?page=3,3,2026-10-07T01:50:46.994429+00:00,19112d0534a8e9802039066129ac448807896e1efdb9e191a7f991c8b2015ea0,,UNVERIFIED
EP-26,Return to Space,00:19:42,1182,855911,https://animehistory.org/uploads/screencaps/outlaw-star-E026-Return-to-Space/cap_00-19-42_4bfb.jpg,Outlaw Star Ep 26: Return to Space @ 00:19:42,https://animehistory.org/gallery/screencaps/outlaw-star/episode-26/,https://animehistory.org/gallery/screencaps/outlaw-star/episode-26/?page=3,3,2026-10-07T01:50:46.994429+00:00,19112d0534a8e9802039066129ac448807896e1efdb9e191a7f991c8b2015ea0,,UNVERIFIED
EP-26,Return to Space,00:19:46,1186,855912,https://animehistory.org/uploads/screencaps/outlaw-star-E026-Return-to-Space/cap_00-19-46_2ab2.jpg,Outlaw Star Ep 26: Return to Space @ 00:19:46,https://animehistory.org/gallery/screencaps/outlaw-star/episode-26/,https://animehistory.org/gallery/screencaps/outlaw-star/episode-26/?page=3,3,2026-10-07T01:50:46.994429+00:00,19112d0534a8e9802039066129ac448807896e1efdb9e191a7f991c8b2015ea0,,UNVERIFIED
EP-26,Return to Space,00:19:50,1190,855913,https://animehistory.org/uploads/screencaps/outlaw-star-E026-Return-to-Space/cap_00-19-50_217e.jpg,Outlaw Star Ep 26: Return to Space @ 00:19:50,https://animehistory.org/gallery/screencaps/outlaw-star/episode-26/,https://animehistory.org/gallery/screencaps/outlaw-star/episode-26/?page=3,3,2026-10-07T01:50:46.994429+00:00,19112d0534a8e9802039066129ac448807896e1efdb9e191a7f991c8b2015ea0,,UNVERIFIED
EP-26,Return to Space,00:19:53,1193,855914,https://animehistory.org/uploads/screencaps/outlaw-star-E026-Return-to-Space/cap_00-19-53_6cb5.jpg,Outlaw Star Ep 26: Return to Space @ 00:19:53,https://animehistory.org/gallery/screencaps/outlaw-star/episode-26/,https://animehistory.org/gallery/screencaps/outlaw-star/episode-26/?page=3,3,2026-10-07T01:50:46.994429+00:00,19112d0534a8e9802039066129ac448807896e1efdb9e191a7f991c8b2015ea0,,UNVERIFIED
EP-26,Return to Space,00:19:57,1197,855915,https://animehistory.org/uploads/screencaps/outlaw-star-E026-Return-to-Space/cap_00-19-57_450a.jpg,Outlaw Star Ep 26: Return to Space @ 00:19:57,https://animehistory.org/gallery/screencaps/outlaw-star/episode-26/,https://animehistory.org/gallery/screencaps/outlaw-star/episode-26/?page=3,3,2026-10-07T01:50:46.994429+00:00,19112d0534a8e9802039066129ac448807896e1efdb9e191a7f991c8b2015ea0,,UNVERIFIED
EP-26,Return to Space,00:20:01,1201,855916,https://animehistory.org/uploads/screencaps/outlaw-star-E026-Return-to-Space/cap_00-20-01_100f.jpg,Outlaw Star Ep 26: Return to Space @ 00:20:01,https://animehistory.org/gallery/screencaps/outlaw-star/episode-26/,https://animehistory.org/gallery/screencaps/outlaw-star/episode-26/?page=3,3,2026-10-07T01:50:46.994429+00:00,19112d0534a8e9802039066129ac448807896e1efdb9e191a7f991c8b2015ea0,,UNVERIFIED
EP-26,Return to Space,00:20:05,1205,855917,https://animehistory.org/uploads/screencaps/outlaw-star-E026-Return-to-Space/cap_00-20-05_1c95.jpg,Outlaw Star Ep 26: Return to Space @ 00:20:05,https://animehistory.org/gallery/screencaps/outlaw-star/episode-26/,https://animehistory.org/gallery/screencaps/outlaw-star/episode-26/?page=3,3,2026-10-07T01:50:46.994429+00:00,19112d0534a8e9802039066129ac448807896e1efdb9e191a7f991c8b2015ea0,,UNVERIFIED
EP-26,Return to Space,00:20:08,1208,855918,https://animehistory.org/uploads/screencaps/outlaw-star-E026-Return-to-Space/cap_00-20-08_395e.jpg,Outlaw Star Ep 26: Return to Space @ 00:20:08,https://animehistory.org/gallery/screencaps/outlaw-star/episode-26/,https://animehistory.org/gallery/screencaps/outlaw-star/episode-26/?page=3,3,2026-10-07T01:50:46.994429+00:00,19112d0534a8e9802039066129ac448807896e1efdb9e191a7f991c8b2015ea0,,UNVERIFIED
EP-26,Return to Space,00:20:12,1212,855919,https://animehistory.org/uploads/screencaps/outlaw-star-E026-Return-to-Space/cap_00-20-12_75ea.jpg,Outlaw Star Ep 26: Return to Space @ 00:20:12,https://animehistory.org/gallery/screencaps/outlaw-star/episode-26/,https://animehistory.org/gallery/screencaps/outlaw-star/episode-26/?page=3,3,2026-10-07T01:50:46.994429+00:00,19112d0534a8e9802039066129ac448807896e1efdb9e191a7f991c8b2015ea0,,UNVERIFIED
EP-26,Return to Space,00:20:16,1216,855920,https://animehistory.org/uploads/screencaps/outlaw-star-E026-Return-to-Space/cap_00-20-16_5663.jpg,Outlaw Star Ep 26: Return to Space @ 00:20:16,https://animehistory.org/gallery/screencaps/outlaw-star/episode-26/,https://animehistory.org/gallery/screencaps/outlaw-star/episode-26/?page=3,3,2026-10-07T01:50:46.994429+00:00,19112d0534a8e9802039066129ac448807896e1efdb9e191a7f991c8b2015ea0,,UNVERIFIED
EP-26,Return to Space,00:20:20,1220,855921,https://animehistory.org/uploads/screencaps/outlaw-star-E026-Return-to-Space/cap_00-20-20_6ef6.jpg,Outlaw Star Ep 26: Return to Space @ 00:20:20,https://animehistory.org/gallery/screencaps/outlaw-star/episode-26/,https://animehistory.org/gallery/screencaps/outlaw-star/episode-26/?page=3,3,2026-10-07T01:50:46.994429+00:00,19112d0534a8e9802039066129ac448807896e1efdb9e191a7f991c8b2015ea0,,UNVERIFIED
EP-26,Return to Space,00:20:23,1223,855922,https://animehistory.org/uploads/screencaps/outlaw-star-E026-Return-to-Space/cap_00-20-23_28d2.jpg,Outlaw Star Ep 26: Return to Space @ 00:20:23,https://animehistory.org/gallery/screencaps/outlaw-star/episode-26/,https://animehistory.org/gallery/screencaps/outlaw-star/episode-26/?page=3,3,2026-10-07T01:50:46.994429+00:00,19112d0534a8e9802039066129ac448807896e1efdb9e191a7f991c8b2015ea0,,UNVERIFIED
EP-26,Return to Space,00:20:27,1227,855923,https://animehistory.org/uploads/screencaps/outlaw-star-E026-Return-to-Space/cap_00-20-27_2a68.jpg,Outlaw Star Ep 26: Return to Space @ 00:20:27,https://animehistory.org/gallery/screencaps/outlaw-star/episode-26/,https://animehistory.org/gallery/screencaps/outlaw-star/episode-26/?page=4,4,2026-10-07T01:50:48.189366+00:00,9d527c6fbf419006d2c6a25389305aa299a54b6e25d294d697ddaf20ea60ca5f,,UNVERIFIED
EP-26,Return to Space,00:20:31,1231,855924,https://animehistory.org/uploads/screencaps/outlaw-star-E026-Return-to-Space/cap_00-20-31_5299.jpg,Outlaw Star Ep 26: Return to Space @ 00:20:31,https://animehistory.org/gallery/screencaps/outlaw-star/episode-26/,https://animehistory.org/gallery/screencaps/outlaw-star/episode-26/?page=4,4,2026-10-07T01:50:48.189366+00:00,9d527c6fbf419006d2c6a25389305aa299a54b6e25d294d697ddaf20ea60ca5f,,UNVERIFIED
EP-26,Return to Space,00:20:35,1235,855925,https://animehistory.org/uploads/screencaps/outlaw-star-E026-Return-to-Space/cap_00-20-35_52ee.jpg,Outlaw Star Ep 26: Return to Space @ 00:20:35,https://animehistory.org/gallery/screencaps/outlaw-star/episode-26/,https://animehistory.org/gallery/screencaps/outlaw-star/episode-26/?page=4,4,2026-10-07T01:50:48.189366+00:00,9d527c6fbf419006d2c6a25389305aa299a54b6e25d294d697ddaf20ea60ca5f,,UNVERIFIED
EP-26,Return to Space,00:20:38,1238,855926,https://animehistory.org/uploads/screencaps/outlaw-star-E026-Return-to-Space/cap_00-20-38_3bb4.jpg,Outlaw Star Ep 26: Return to Space @ 00:20:38,https://animehistory.org/gallery/screencaps/outlaw-star/episode-26/,https://animehistory.org/gallery/screencaps/outlaw-star/episode-26/?page=4,4,2026-10-07T01:50:48.189366+00:00,9d527c6fbf419006d2c6a25389305aa299a54b6e25d294d697ddaf20ea60ca5f,,UNVERIFIED
EP-26,Return to Space,00:20:42,1242,855927,https://animehistory.org/uploads/screencaps/outlaw-star-E026-Return-to-Space/cap_00-20-42_61bd.jpg,Outlaw Star Ep 26: Return to Space @ 00:20:42,https://animehistory.org/gallery/screencaps/outlaw-star/episode-26/,https://animehistory.org/gallery/screencaps/outlaw-star/episode-26/?page=4,4,2026-10-07T01:50:48.189366+00:00,9d527c6fbf419006d2c6a25389305aa299a54b6e25d294d697ddaf20ea60ca5f,,UNVERIFIED
EP-26,Return to Space,00:20:46,1246,855928,https://animehistory.org/uploads/screencaps/outlaw-star-E026-Return-to-Space/cap_00-20-46_5923.jpg,Outlaw Star Ep 26: Return to Space @ 00:20:46,https://animehistory.org/gallery/screencaps/outlaw-star/episode-26/,https://animehistory.org/gallery/screencaps/outlaw-star/episode-26/?page=4,4,2026-10-07T01:50:48.189366+00:00,9d527c6fbf419006d2c6a25389305aa299a54b6e25d294d697ddaf20ea60ca5f,,UNVERIFIED
EP-26,Return to Space,00:20:50,1250,855929,https://animehistory.org/uploads/screencaps/outlaw-star-E026-Return-to-Space/cap_00-20-50_34bd.jpg,Outlaw Star Ep 26: Return to Space @ 00:20:50,https://animehistory.org/gallery/screencaps/outlaw-star/episode-26/,https://animehistory.org/gallery/screencaps/outlaw-star/episode-26/?page=4,4,2026-10-07T01:50:48.189366+00:00,9d527c6fbf419006d2c6a25389305aa299a54b6e25d294d697ddaf20ea60ca5f,,UNVERIFIED
EP-26,Return to Space,00:20:53,1253,855930,https://animehistory.org/uploads/screencaps/outlaw-star-E026-Return-to-Space/cap_00-20-53_2887.jpg,Outlaw Star Ep 26: Return to Space @ 00:20:53,https://animehistory.org/gallery/screencaps/outlaw-star/episode-26/,https://animehistory.org/gallery/screencaps/outlaw-star/episode-26/?page=4,4,2026-10-07T01:50:48.189366+00:00,9d527c6fbf419006d2c6a25389305aa299a54b6e25d294d697ddaf20ea60ca5f,,UNVERIFIED
EP-26,Return to Space,00:20:57,1257,855931,https://animehistory.org/uploads/screencaps/outlaw-star-E026-Return-to-Space/cap_00-20-57_5ff0.jpg,Outlaw Star Ep 26: Return to Space @ 00:20:57,https://animehistory.org/gallery/screencaps/outlaw-star/episode-26/,https://animehistory.org/gallery/screencaps/outlaw-star/episode-26/?page=4,4,2026-10-07T01:50:48.189366+00:00,9d527c6fbf419006d2c6a25389305aa299a54b6e25d294d697ddaf20ea60ca5f,,UNVERIFIED
EP-26,Return to Space,00:21:01,1261,855932,https://animehistory.org/uploads/screencaps/outlaw-star-E026-Return-to-Space/cap_00-21-01_5be9.jpg,Outlaw Star Ep 26: Return to Space @ 00:21:01,https://animehistory.org/gallery/screencaps/outlaw-star/episode-26/,https://animehistory.org/gallery/screencaps/outlaw-star/episode-26/?page=4,4,2026-10-07T01:50:48.189366+00:00,9d527c6fbf419006d2c6a25389305aa299a54b6e25d294d697ddaf20ea60ca5f,,UNVERIFIED
EP-26,Return to Space,00:21:05,1265,855933,https://animehistory.org/uploads/screencaps/outlaw-star-E026-Return-to-Space/cap_00-21-05_3a57.jpg,Outlaw Star Ep 26: Return to Space @ 00:21:05,https://animehistory.org/gallery/screencaps/outlaw-star/episode-26/,https://animehistory.org/gallery/screencaps/outlaw-star/episode-26/?page=4,4,2026-10-07T01:50:48.189366+00:00,9d527c6fbf419006d2c6a25389305aa299a54b6e25d294d697ddaf20ea60ca5f,,UNVERIFIED
EP-26,Return to Space,00:21:08,1268,855934,https://animehistory.org/uploads/screencaps/outlaw-star-E026-Return-to-Space/cap_00-21-08_53d5.jpg,Outlaw Star Ep 26: Return to Space @ 00:21:08,https://animehistory.org/gallery/screencaps/outlaw-star/episode-26/,https://animehistory.org/gallery/screencaps/outlaw-star/episode-26/?page=4,4,2026-10-07T01:50:48.189366+00:00,9d527c6fbf419006d2c6a25389305aa299a54b6e25d294d697ddaf20ea60ca5f,,UNVERIFIED
EP-26,Return to Space,00:21:12,1272,855935,https://animehistory.org/uploads/screencaps/outlaw-star-E026-Return-to-Space/cap_00-21-12_49f7.jpg,Outlaw Star Ep 26: Return to Space @ 00:21:12,https://animehistory.org/gallery/screencaps/outlaw-star/episode-26/,https://animehistory.org/gallery/screencaps/outlaw-star/episode-26/?page=4,4,2026-10-07T01:50:48.189366+00:00,9d527c6fbf419006d2c6a25389305aa299a54b6e25d294d697ddaf20ea60ca5f,,UNVERIFIED
EP-26,Return to Space,00:21:16,1276,855936,https://animehistory.org/uploads/screencaps/outlaw-star-E026-Return-to-Space/cap_00-21-16_557d.jpg,Outlaw Star Ep 26: Return to Space @ 00:21:16,https://animehistory.org/gallery/screencaps/outlaw-star/episode-26/,https://animehistory.org/gallery/screencaps/outlaw-star/episode-26/?page=4,4,2026-10-07T01:50:48.189366+00:00,9d527c6fbf419006d2c6a25389305aa299a54b6e25d294d697ddaf20ea60ca5f,,UNVERIFIED
EP-26,Return to Space,00:21:20,1280,855937,https://animehistory.org/uploads/screencaps/outlaw-star-E026-Return-to-Space/cap_00-21-20_3ada.jpg,Outlaw Star Ep 26: Return to Space @ 00:21:20,https://animehistory.org/gallery/screencaps/outlaw-star/episode-26/,https://animehistory.org/gallery/screencaps/outlaw-star/episode-26/?page=4,4,2026-10-07T01:50:48.189366+00:00,9d527c6fbf419006d2c6a25389305aa299a54b6e25d294d697ddaf20ea60ca5f,,UNVERIFIED
EP-26,Return to Space,00:21:23,1283,855938,https://animehistory.org/uploads/screencaps/outlaw-star-E026-Return-to-Space/cap_00-21-23_1c17.jpg,Outlaw Star Ep 26: Return to Space @ 00:21:23,https://animehistory.org/gallery/screencaps/outlaw-star/episode-26/,https://animehistory.org/gallery/screencaps/outlaw-star/episode-26/?page=4,4,2026-10-07T01:50:48.189366+00:00,9d527c6fbf419006d2c6a25389305aa299a54b6e25d294d697ddaf20ea60ca5f,,UNVERIFIED
EP-26,Return to Space,00:21:27,1287,855939,https://animehistory.org/uploads/screencaps/outlaw-star-E026-Return-to-Space/cap_00-21-27_3c0a.jpg,Outlaw Star Ep 26: Return to Space @ 00:21:27,https://animehistory.org/gallery/screencaps/outlaw-star/episode-26/,https://animehistory.org/gallery/screencaps/outlaw-star/episode-26/?page=4,4,2026-10-07T01:50:48.189366+00:00,9d527c6fbf419006d2c6a25389305aa299a54b6e25d294d697ddaf20ea60ca5f,,UNVERIFIED
EP-26,Return to Space,00:21:31,1291,855940,https://animehistory.org/uploads/screencaps/outlaw-star-E026-Return-to-Space/cap_00-21-31_664c.jpg,Outlaw Star Ep 26: Return to Space @ 00:21:31,https://animehistory.org/gallery/screencaps/outlaw-star/episode-26/,https://animehistory.org/gallery/screencaps/outlaw-star/episode-26/?page=4,4,2026-10-07T01:50:48.189366+00:00,9d527c6fbf419006d2c6a25389305aa299a54b6e25d294d697ddaf20ea60ca5f,,UNVERIFIED
EP-26,Return to Space,00:21:35,1295,855941,https://animehistory.org/uploads/screencaps/outlaw-star-E026-Return-to-Space/cap_00-21-35_2677.jpg,Outlaw Star Ep 26: Return to Space @ 00:21:35,https://animehistory.org/gallery/screencaps/outlaw-star/episode-26/,https://animehistory.org/gallery/screencaps/outlaw-star/episode-26/?page=4,4,2026-10-07T01:50:48.189366+00:00,9d527c6fbf419006d2c6a25389305aa299a54b6e25d294d697ddaf20ea60ca5f,,UNVERIFIED
EP-26,Return to Space,00:21:38,1298,855942,https://animehistory.org/uploads/screencaps/outlaw-star-E026-Return-to-Space/cap_00-21-38_465d.jpg,Outlaw Star Ep 26: Return to Space @ 00:21:38,https://animehistory.org/gallery/screencaps/outlaw-star/episode-26/,https://animehistory.org/gallery/screencaps/outlaw-star/episode-26/?page=4,4,2026-10-07T01:50:48.189366+00:00,9d527c6fbf419006d2c6a25389305aa299a54b6e25d294d697ddaf20ea60ca5f,,UNVERIFIED
EP-26,Return to Space,00:21:42,1302,855943,https://animehistory.org/uploads/screencaps/outlaw-star-E026-Return-to-Space/cap_00-21-42_37cb.jpg,Outlaw Star Ep 26: Return to Space @ 00:21:42,https://animehistory.org/gallery/screencaps/outlaw-star/episode-26/,https://animehistory.org/gallery/screencaps/outlaw-star/episode-26/?page=4,4,2026-10-07T01:50:48.189366+00:00,9d527c6fbf419006d2c6a25389305aa299a54b6e25d294d697ddaf20ea60ca5f,,UNVERIFIED
EP-26,Return to Space,00:21:46,1306,855944,https://animehistory.org/uploads/screencaps/outlaw-star-E026-Return-to-Space/cap_00-21-46_6e98.jpg,Outlaw Star Ep 26: Return to Space @ 00:21:46,https://animehistory.org/gallery/screencaps/outlaw-star/episode-26/,https://animehistory.org/gallery/screencaps/outlaw-star/episode-26/?page=4,4,2026-10-07T01:50:48.189366+00:00,9d527c6fbf419006d2c6a25389305aa299a54b6e25d294d697ddaf20ea60ca5f,,UNVERIFIED
EP-26,Return to Space,00:21:50,1310,855945,https://animehistory.org/uploads/screencaps/outlaw-star-E026-Return-to-Space/cap_00-21-50_551b.jpg,Outlaw Star Ep 26: Return to Space @ 00:21:50,https://animehistory.org/gallery/screencaps/outlaw-star/episode-26/,https://animehistory.org/gallery/screencaps/outlaw-star/episode-26/?page=4,4,2026-10-07T01:50:48.189366+00:00,9d527c6fbf419006d2c6a25389305aa299a54b6e25d294d697ddaf20ea60ca5f,,UNVERIFIED
EP-26,Return to Space,00:21:53,1313,855946,https://animehistory.org/uploads/screencaps/outlaw-star-E026-Return-to-Space/cap_00-21-53_7db7.jpg,Outlaw Star Ep 26: Return to Space @ 00:21:53,https://animehistory.org/gallery/screencaps/outlaw-star/episode-26/,https://animehistory.org/gallery/screencaps/outlaw-star/episode-26/?page=4,4,2026-10-07T01:50:48.189366+00:00,9d527c6fbf419006d2c6a25389305aa299a54b6e25d294d697ddaf20ea60ca5f,,UNVERIFIED
EP-26,Return to Space,00:21:57,1317,855947,https://animehistory.org/uploads/screencaps/outlaw-star-E026-Return-to-Space/cap_00-21-57_09a1.jpg,Outlaw Star Ep 26: Return to Space @ 00:21:57,https://animehistory.org/gallery/screencaps/outlaw-star/episode-26/,https://animehistory.org/gallery/screencaps/outlaw-star/episode-26/?page=4,4,2026-10-07T01:50:48.189366+00:00,9d527c6fbf419006d2c6a25389305aa299a54b6e25d294d697ddaf20ea60ca5f,,UNVERIFIED
EP-26,Return to Space,00:22:01,1321,855948,https://animehistory.org/uploads/screencaps/outlaw-star-E026-Return-to-Space/cap_00-22-01_6826.jpg,Outlaw Star Ep 26: Return to Space @ 00:22:01,https://animehistory.org/gallery/screencaps/outlaw-star/episode-26/,https://animehistory.org/gallery/screencaps/outlaw-star/episode-26/?page=4,4,2026-10-07T01:50:48.189366+00:00,9d527c6fbf419006d2c6a25389305aa299a54b6e25d294d697ddaf20ea60ca5f,,UNVERIFIED
EP-26,Return to Space,00:22:05,1325,855949,https://animehistory.org/uploads/screencaps/outlaw-star-E026-Return-to-Space/cap_00-22-05_3df2.jpg,Outlaw Star Ep 26: Return to Space @ 00:22:05,https://animehistory.org/gallery/screencaps/outlaw-star/episode-26/,https://animehistory.org/gallery/screencaps/outlaw-star/episode-26/?page=4,4,2026-10-07T01:50:48.189366+00:00,9d527c6fbf419006d2c6a25389305aa299a54b6e25d294d697ddaf20ea60ca5f,,UNVERIFIED
EP-26,Return to Space,00:22:08,1328,855950,https://animehistory.org/uploads/screencaps/outlaw-star-E026-Return-to-Space/cap_00-22-08_5a84.jpg,Outlaw Star Ep 26: Return to Space @ 00:22:08,https://animehistory.org/gallery/screencaps/outlaw-star/episode-26/,https://animehistory.org/gallery/screencaps/outlaw-star/episode-26/?page=4,4,2026-10-07T01:50:48.189366+00:00,9d527c6fbf419006d2c6a25389305aa299a54b6e25d294d697ddaf20ea60ca5f,,UNVERIFIED
EP-26,Return to Space,00:22:12,1332,855951,https://animehistory.org/uploads/screencaps/outlaw-star-E026-Return-to-Space/cap_00-22-12_5ba4.jpg,Outlaw Star Ep 26: Return to Space @ 00:22:12,https://animehistory.org/gallery/screencaps/outlaw-star/episode-26/,https://animehistory.org/gallery/screencaps/outlaw-star/episode-26/?page=4,4,2026-10-07T01:50:48.189366+00:00,9d527c6fbf419006d2c6a25389305aa299a54b6e25d294d697ddaf20ea60ca5f,,UNVERIFIED
EP-26,Return to Space,00:22:16,1336,855952,https://animehistory.org/uploads/screencaps/outlaw-star-E026-Return-to-Space/cap_00-22-16_526e.jpg,Outlaw Star Ep 26: Return to Space @ 00:22:16,https://animehistory.org/gallery/screencaps/outlaw-star/episode-26/,https://animehistory.org/gallery/screencaps/outlaw-star/episode-26/?page=4,4,2026-10-07T01:50:48.189366+00:00,9d527c6fbf419006d2c6a25389305aa299a54b6e25d294d697ddaf20ea60ca5f,,UNVERIFIED
EP-26,Return to Space,00:22:20,1340,855953,https://animehistory.org/uploads/screencaps/outlaw-star-E026-Return-to-Space/cap_00-22-20_1e1a.jpg,Outlaw Star Ep 26: Return to Space @ 00:22:20,https://animehistory.org/gallery/screencaps/outlaw-star/episode-26/,https://animehistory.org/gallery/screencaps/outlaw-star/episode-26/?page=4,4,2026-10-07T01:50:48.189366+00:00,9d527c6fbf419006d2c6a25389305aa299a54b6e25d294d697ddaf20ea60ca5f,,UNVERIFIED
EP-26,Return to Space,00:22:23,1343,855954,https://animehistory.org/uploads/screencaps/outlaw-star-E026-Return-to-Space/cap_00-22-23_0f14.jpg,Outlaw Star Ep 26: Return to Space @ 00:22:23,https://animehistory.org/gallery/screencaps/outlaw-star/episode-26/,https://animehistory.org/gallery/screencaps/outlaw-star/episode-26/?page=4,4,2026-10-07T01:50:48.189366+00:00,9d527c6fbf419006d2c6a25389305aa299a54b6e25d294d697ddaf20ea60ca5f,,UNVERIFIED
EP-26,Return to Space,00:22:27,1347,855955,https://animehistory.org/uploads/screencaps/outlaw-star-E026-Return-to-Space/cap_00-22-27_7f94.jpg,Outlaw Star Ep 26: Return to Space @ 00:22:27,https://animehistory.org/gallery/screencaps/outlaw-star/episode-26/,https://animehistory.org/gallery/screencaps/outlaw-star/episode-26/?page=4,4,2026-10-07T01:50:48.189366+00:00,9d527c6fbf419006d2c6a25389305aa299a54b6e25d294d697ddaf20ea60ca5f,,UNVERIFIED
EP-26,Return to Space,00:22:31,1351,855956,https://animehistory.org/uploads/screencaps/outlaw-star-E026-Return-to-Space/cap_00-22-31_268f.jpg,Outlaw Star Ep 26: Return to Space @ 00:22:31,https://animehistory.org/gallery/screencaps/outlaw-star/episode-26/,https://animehistory.org/gallery/screencaps/outlaw-star/episode-26/?page=4,4,2026-10-07T01:50:48.189366+00:00,9d527c6fbf419006d2c6a25389305aa299a54b6e25d294d697ddaf20ea60ca5f,,UNVERIFIED
EP-26,Return to Space,00:22:35,1355,855957,https://animehistory.org/uploads/screencaps/outlaw-star-E026-Return-to-Space/cap_00-22-35_4402.jpg,Outlaw Star Ep 26: Return to Space @ 00:22:35,https://animehistory.org/gallery/screencaps/outlaw-star/episode-26/,https://animehistory.org/gallery/screencaps/outlaw-star/episode-26/?page=4,4,2026-10-07T01:50:48.189366+00:00,9d527c6fbf419006d2c6a25389305aa299a54b6e25d294d697ddaf20ea60ca5f,,UNVERIFIED
EP-26,Return to Space,00:22:38,1358,855958,https://animehistory.org/uploads/screencaps/outlaw-star-E026-Return-to-Space/cap_00-22-38_37aa.jpg,Outlaw Star Ep 26: Return to Space @ 00:22:38,https://animehistory.org/gallery/screencaps/outlaw-star/episode-26/,https://animehistory.org/gallery/screencaps/outlaw-star/episode-26/?page=4,4,2026-10-07T01:50:48.189366+00:00,9d527c6fbf419006d2c6a25389305aa299a54b6e25d294d697ddaf20ea60ca5f,,UNVERIFIED
EP-26,Return to Space,00:22:42,1362,855959,https://animehistory.org/uploads/screencaps/outlaw-star-E026-Return-to-Space/cap_00-22-42_4cb7.jpg,Outlaw Star Ep 26: Return to Space @ 00:22:42,https://animehistory.org/gallery/screencaps/outlaw-star/episode-26/,https://animehistory.org/gallery/screencaps/outlaw-star/episode-26/?page=4,4,2026-10-07T01:50:48.189366+00:00,9d527c6fbf419006d2c6a25389305aa299a54b6e25d294d697ddaf20ea60ca5f,,UNVERIFIED
EP-26,Return to Space,00:22:46,1366,855960,https://animehistory.org/uploads/screencaps/outlaw-star-E026-Return-to-Space/cap_00-22-46_7d59.jpg,Outlaw Star Ep 26: Return to Space @ 00:22:46,https://animehistory.org/gallery/screencaps/outlaw-star/episode-26/,https://animehistory.org/gallery/screencaps/outlaw-star/episode-26/?page=4,4,2026-10-07T01:50:48.189366+00:00,9d527c6fbf419006d2c6a25389305aa299a54b6e25d294d697ddaf20ea60ca5f,,UNVERIFIED
EP-26,Return to Space,00:22:50,1370,855961,https://animehistory.org/uploads/screencaps/outlaw-star-E026-Return-to-Space/cap_00-22-50_3a13.jpg,Outlaw Star Ep 26: Return to Space @ 00:22:50,https://animehistory.org/gallery/screencaps/outlaw-star/episode-26/,https://animehistory.org/gallery/screencaps/outlaw-star/episode-26/?page=4,4,2026-10-07T01:50:48.189366+00:00,9d527c6fbf419006d2c6a25389305aa299a54b6e25d294d697ddaf20ea60ca5f,,UNVERIFIED
EP-26,Return to Space,00:22:53,1373,855962,https://animehistory.org/uploads/screencaps/outlaw-star-E026-Return-to-Space/cap_00-22-53_24ca.jpg,Outlaw Star Ep 26: Return to Space @ 00:22:53,https://animehistory.org/gallery/screencaps/outlaw-star/episode-26/,https://animehistory.org/gallery/screencaps/outlaw-star/episode-26/?page=4,4,2026-10-07T01:50:48.189366+00:00,9d527c6fbf419006d2c6a25389305aa299a54b6e25d294d697ddaf20ea60ca5f,,UNVERIFIED
EP-26,Return to Space,00:22:57,1377,855963,https://animehistory.org/uploads/screencaps/outlaw-star-E026-Return-to-Space/cap_00-22-57_678f.jpg,Outlaw Star Ep 26: Return to Space @ 00:22:57,https://animehistory.org/gallery/screencaps/outlaw-star/episode-26/,https://animehistory.org/gallery/screencaps/outlaw-star/episode-26/?page=4,4,2026-10-07T01:50:48.189366+00:00,9d527c6fbf419006d2c6a25389305aa299a54b6e25d294d697ddaf20ea60ca5f,,UNVERIFIED
EP-26,Return to Space,00:23:01,1381,855964,https://animehistory.org/uploads/screencaps/outlaw-star-E026-Return-to-Space/cap_00-23-01_150d.jpg,Outlaw Star Ep 26: Return to Space @ 00:23:01,https://animehistory.org/gallery/screencaps/outlaw-star/episode-26/,https://animehistory.org/gallery/screencaps/outlaw-star/episode-26/?page=4,4,2026-10-07T01:50:48.189366+00:00,9d527c6fbf419006d2c6a25389305aa299a54b6e25d294d697ddaf20ea60ca5f,,UNVERIFIED
EP-26,Return to Space,00:23:05,1385,855965,https://animehistory.org/uploads/screencaps/outlaw-star-E026-Return-to-Space/cap_00-23-05_65fb.jpg,Outlaw Star Ep 26: Return to Space @ 00:23:05,https://animehistory.org/gallery/screencaps/outlaw-star/episode-26/,https://animehistory.org/gallery/screencaps/outlaw-star/episode-26/?page=4,4,2026-10-07T01:50:48.189366+00:00,9d527c6fbf419006d2c6a25389305aa299a54b6e25d294d697ddaf20ea60ca5f,,UNVERIFIED
EP-26,Return to Space,00:23:08,1388,855966,https://animehistory.org/uploads/screencaps/outlaw-star-E026-Return-to-Space/cap_00-23-08_28b9.jpg,Outlaw Star Ep 26: Return to Space @ 00:23:08,https://animehistory.org/gallery/screencaps/outlaw-star/episode-26/,https://animehistory.org/gallery/screencaps/outlaw-star/episode-26/?page=4,4,2026-10-07T01:50:48.189366+00:00,9d527c6fbf419006d2c6a25389305aa299a54b6e25d294d697ddaf20ea60ca5f,,UNVERIFIED
EP-26,Return to Space,00:23:12,1392,855967,https://animehistory.org/uploads/screencaps/outlaw-star-E026-Return-to-Space/cap_00-23-12_2c16.jpg,Outlaw Star Ep 26: Return to Space @ 00:23:12,https://animehistory.org/gallery/screencaps/outlaw-star/episode-26/,https://animehistory.org/gallery/screencaps/outlaw-star/episode-26/?page=4,4,2026-10-07T01:50:48.189366+00:00,9d527c6fbf419006d2c6a25389305aa299a54b6e25d294d697ddaf20ea60ca5f,,UNVERIFIED
EP-26,Return to Space,00:23:16,1396,855968,https://animehistory.org/uploads/screencaps/outlaw-star-E026-Return-to-Space/cap_00-23-16_33ab.jpg,Outlaw Star Ep 26: Return to Space @ 00:23:16,https://animehistory.org/gallery/screencaps/outlaw-star/episode-26/,https://animehistory.org/gallery/screencaps/outlaw-star/episode-26/?page=4,4,2026-10-07T01:50:48.189366+00:00,9d527c6fbf419006d2c6a25389305aa299a54b6e25d294d697ddaf20ea60ca5f,,UNVERIFIED
EP-26,Return to Space,00:23:20,1400,855969,https://animehistory.org/uploads/screencaps/outlaw-star-E026-Return-to-Space/cap_00-23-20_4d63.jpg,Outlaw Star Ep 26: Return to Space @ 00:23:20,https://animehistory.org/gallery/screencaps/outlaw-star/episode-26/,https://animehistory.org/gallery/screencaps/outlaw-star/episode-26/?page=4,4,2026-10-07T01:50:48.189366+00:00,9d527c6fbf419006d2c6a25389305aa299a54b6e25d294d697ddaf20ea60ca5f,,UNVERIFIED
EP-26,Return to Space,00:23:23,1403,855970,https://animehistory.org/uploads/screencaps/outlaw-star-E026-Return-to-Space/cap_00-23-23_6a2c.jpg,Outlaw Star Ep 26: Return to Space @ 00:23:23,https://animehistory.org/gallery/screencaps/outlaw-star/episode-26/,https://animehistory.org/gallery/screencaps/outlaw-star/episode-26/?page=4,4,2026-10-07T01:50:48.189366+00:00,9d527c6fbf419006d2c6a25389305aa299a54b6e25d294d697ddaf20ea60ca5f,,UNVERIFIED
EP-26,Return to Space,00:23:27,1407,855971,https://animehistory.org/uploads/screencaps/outlaw-star-E026-Return-to-Space/cap_00-23-27_6c0d.jpg,Outlaw Star Ep 26: Return to Space @ 00:23:27,https://animehistory.org/gallery/screencaps/outlaw-star/episode-26/,https://animehistory.org/gallery/screencaps/outlaw-star/episode-26/?page=4,4,2026-10-07T01:50:48.189366+00:00,9d527c6fbf419006d2c6a25389305aa299a54b6e25d294d697ddaf20ea60ca5f,,UNVERIFIED
EP-26,Return to Space,00:23:31,1411,855972,https://animehistory.org/uploads/screencaps/outlaw-star-E026-Return-to-Space/cap_00-23-31_5af3.jpg,Outlaw Star Ep 26: Return to Space @ 00:23:31,https://animehistory.org/gallery/screencaps/outlaw-star/episode-26/,https://animehistory.org/gallery/screencaps/outlaw-star/episode-26/?page=4,4,2026-10-07T01:50:48.189366+00:00,9d527c6fbf419006d2c6a25389305aa299a54b6e25d294d697ddaf20ea60ca5f,,UNVERIFIED
EP-26,Return to Space,00:23:35,1415,855973,https://animehistory.org/uploads/screencaps/outlaw-star-E026-Return-to-Space/cap_00-23-35_6613.jpg,Outlaw Star Ep 26: Return to Space @ 00:23:35,https://animehistory.org/gallery/screencaps/outlaw-star/episode-26/,https://animehistory.org/gallery/screencaps/outlaw-star/episode-26/?page=4,4,2026-10-07T01:50:48.189366+00:00,9d527c6fbf419006d2c6a25389305aa299a54b6e25d294d697ddaf20ea60ca5f,,UNVERIFIED
EP-26,Return to Space,00:23:38,1418,855974,https://animehistory.org/uploads/screencaps/outlaw-star-E026-Return-to-Space/cap_00-23-38_6a11.jpg,Outlaw Star Ep 26: Return to Space @ 00:23:38,https://animehistory.org/gallery/screencaps/outlaw-star/episode-26/,https://animehistory.org/gallery/screencaps/outlaw-star/episode-26/?page=4,4,2026-10-07T01:50:48.189366+00:00,9d527c6fbf419006d2c6a25389305aa299a54b6e25d294d697ddaf20ea60ca5f,,UNVERIFIED
EP-26,Return to Space,00:23:42,1422,855975,https://animehistory.org/uploads/screencaps/outlaw-star-E026-Return-to-Space/cap_00-23-42_73af.jpg,Outlaw Star Ep 26: Return to Space @ 00:23:42,https://animehistory.org/gallery/screencaps/outlaw-star/episode-26/,https://animehistory.org/gallery/screencaps/outlaw-star/episode-26/?page=4,4,2026-10-07T01:50:48.189366+00:00,9d527c6fbf419006d2c6a25389305aa299a54b6e25d294d697ddaf20ea60ca5f,,UNVERIFIED
EP-26,Return to Space,00:23:46,1426,855976,https://animehistory.org/uploads/screencaps/outlaw-star-E026-Return-to-Space/cap_00-23-46_7d70.jpg,Outlaw Star Ep 26: Return to Space @ 00:23:46,https://animehistory.org/gallery/screencaps/outlaw-star/episode-26/,https://animehistory.org/gallery/screencaps/outlaw-star/episode-26/?page=4,4,2026-10-07T01:50:48.189366+00:00,9d527c6fbf419006d2c6a25389305aa299a54b6e25d294d697ddaf20ea60ca5f,,UNVERIFIED
